link_id_v3,link_id_v2,link_candidate_id,event_id,school_year,level,program_scope,theme_id,theme,subsection,curriculum_status,curriculum_status_raw,date_status_raw,official_wording,event_title_candidate,date_text_candidate,notes,section_path,source_line,link_id_v7,link_id_v13,link_id_v14
LNK3-0001,LNK2-0001,LINK-0001,EVT-0327,2026-2027,CM1,Tronc commun,,,2.2 Premiers événements/repères audités,PROGRAMME_BO,PROGRAMME_BO,CONVENTIONAL,476-1492,Moyen Âge,,,2. CM1 — année scolaire 2026-2027 > 2.2 Premiers événements/repères audités,142,LNK7-0001,,LNK14-0001
LNK3-0002,LNK2-0002,LINK-0002,EVT-0328,2026-2027,CM1,Tronc commun,,,2.2 Premiers événements/repères audités,CONNAISSANCE_EXPLICITE,CONNAISSANCE_EXPLICITE,RANGE,1515-1547,Règne de François Ier,,,2. CM1 — année scolaire 2026-2027 > 2.2 Premiers événements/repères audités,143,LNK7-0002,,LNK14-0002
LNK3-0003,LNK2-0003,LINK-0003,EVT-0329,2026-2027,CM1,Tronc commun,,,2.2 Premiers événements/repères audités,PROGRAMME_BO,PROGRAMME_BO,CURRICULUM_CONFLICT,"BO : début en 1515, mort en 1519",Séjour de Léonard de Vinci en France,,,2. CM1 — année scolaire 2026-2027 > 2.2 Premiers événements/repères audités,144,LNK7-0003,,LNK14-0003
LNK3-0004,LNK2-0004,LINK-0004,EVT-0065,2026-2027,CM1,Tronc commun,,,2.2 Premiers événements/repères audités,PROGRAMME_BO,PROGRAMME_BO,EXACT,1598,Édit de Nantes,,,2. CM1 — année scolaire 2026-2027 > 2.2 Premiers événements/repères audités,145,LNK7-0004,,LNK14-0004
LNK3-0005,LNK2-0005,LINK-0005,EVT-0330,2026-2027,CM1,Tronc commun,,,2.2 Premiers événements/repères audités,CONNAISSANCE_EXPLICITE,CONNAISSANCE_EXPLICITE,RANGE,1589-1610,Règne d’Henri IV,,,2. CM1 — année scolaire 2026-2027 > 2.2 Premiers événements/repères audités,146,LNK7-0005,,LNK14-0005
LNK3-0006,LNK2-0006,LINK-0006,EVT-0067,2026-2027,CM1,Tronc commun,,,2.2 Premiers événements/repères audités,PROGRAMME_BO,PROGRAMME_BO / connaissance explicite,RANGE,1643-1715,Règne de Louis XIV,,,2. CM1 — année scolaire 2026-2027 > 2.2 Premiers événements/repères audités,147,LNK7-0006,,LNK14-0006
LNK3-0007,LNK2-0007,LINK-0007,EVT-0063,2026-2027,CM1,Tronc commun,,,2.2 Premiers événements/repères audités,PROGRAMME_BO,PROGRAMME_BO,EXACT,1492,Débarquement de Colomb aux Bahamas,,,2. CM1 — année scolaire 2026-2027 > 2.2 Premiers événements/repères audités,148,LNK7-0007,,LNK14-0007
LNK3-0008,LNK2-0008,LINK-0008,EVT-0143,2026-2027,CM1,Tronc commun,,,2.2 Premiers événements/repères audités,PROGRAMME_BO,PROGRAMME_BO,RANGE,1519-1522,Première circumnavigation,,,2. CM1 — année scolaire 2026-2027 > 2.2 Premiers événements/repères audités,149,LNK7-0008,,LNK14-0008
LNK3-0009,LNK2-0009,LINK-0009,EVT-0333,2026-2027,CM1,Tronc commun,,,2.2 Premiers événements/repères audités,PROGRAMME_BO,PROGRAMME_BO,MONTH / EXACT_MONTH,1685,Code noir,,,2. CM1 — année scolaire 2026-2027 > 2.2 Premiers événements/repères audités,150,LNK7-0009,,LNK14-0009
LNK3-0010,LNK2-0010,LINK-0010,EVT-0334,2026-2027,CM1,Tronc commun,,,2.2 Premiers événements/repères audités,PROGRAMME_BO,PROGRAMME_BO via repère composite,EXACT,printemps 1789,Ouverture des États généraux,,,2. CM1 — année scolaire 2026-2027 > 2.2 Premiers événements/repères audités,151,LNK7-0010,,LNK14-0010
LNK3-0011,LNK2-0011,LINK-0011,EVT-0173,2026-2027,CM1,Tronc commun,,,2.2 Premiers événements/repères audités,PROGRAMME_BO,PROGRAMME_BO,EXACT,14 juillet 1789,Prise de la Bastille,,,2. CM1 — année scolaire 2026-2027 > 2.2 Premiers événements/repères audités,152,LNK7-0011,,LNK14-0011
LNK3-0012,LNK2-0012,LINK-0012,EVT-0174,2026-2027,CM1,Tronc commun,,,2.2 Premiers événements/repères audités,PROGRAMME_BO,PROGRAMME_BO,EXACT_WITH_NUANCE,nuit du 4 août,Abolition des privilèges,,,2. CM1 — année scolaire 2026-2027 > 2.2 Premiers événements/repères audités,153,LNK7-0012,,LNK14-0012
LNK3-0013,LNK2-0013,LINK-0013,EVT-0175,2026-2027,CM1,Tronc commun,,,2.2 Premiers événements/repères audités,PROGRAMME_BO,PROGRAMME_BO,EXACT_WITH_NUANCE,26 août 1789,DDHC,,,2. CM1 — année scolaire 2026-2027 > 2.2 Premiers événements/repères audités,154,LNK7-0013,,LNK14-0013
LNK3-0014,LNK2-0014,LINK-0014,EVT-0337,2026-2027,CM1,Tronc commun,,,2.2 Premiers événements/repères audités,PROGRAMME_BO,PROGRAMME_BO,RANGE,5-6 octobre 1789,Marche des femmes sur Versailles,,,2. CM1 — année scolaire 2026-2027 > 2.2 Premiers événements/repères audités,155,LNK7-0014,,LNK14-0014
LNK3-0015,LNK2-0015,LINK-0015,EVT-0001,2026-2027,CM2,Tronc commun,THM-001,Thème 1 — Le temps de la République,3.2 Thème 1 — Le temps de la République,PROGRAMME_BO,PROGRAMME_BO,,1892,Centenaire de la proclamation de la République,22 septembre 1892 pour les célébrations du centenaire,,3. CM2 — année scolaire 2026-2027 > 3.2 Thème 1 — Le temps de la République,204,LNK7-0015,,LNK14-0015
LNK3-0016,LNK2-0016,LINK-0016,EVT-0002,2026-2027,CM2,Tronc commun,THM-001,Thème 1 — Le temps de la République,3.2 Thème 1 — Le temps de la République,REPERE_EDUSCOL,REPERE_EDUSCOL,,1880,14 juillet fête nationale,"6 juillet 1880, loi établissant la fête nationale annuelle",,3. CM2 — année scolaire 2026-2027 > 3.2 Thème 1 — Le temps de la République,205,LNK7-0016,,LNK14-0016
LNK3-0017,LNK2-0017,LINK-0017,EVT-0003,2026-2027,CM2,Tronc commun,THM-001,Thème 1 — Le temps de la République,3.2 Thème 1 — Le temps de la République,REPERE_EDUSCOL,REPERE_EDUSCOL,,1881,Gratuité de l’enseignement primaire public,16 juin 1881,,3. CM2 — année scolaire 2026-2027 > 3.2 Thème 1 — Le temps de la République,206,LNK7-0017,,LNK14-0017
LNK3-0018,LNK2-0018,LINK-0018,EVT-0004,2026-2027,CM2,Tronc commun,THM-001,Thème 1 — Le temps de la République,3.2 Thème 1 — Le temps de la République,REPERE_EDUSCOL,REPERE_EDUSCOL,,1882,Instruction primaire obligatoire / laïcisation de l’enseignement public,28 mars 1882,,3. CM2 — année scolaire 2026-2027 > 3.2 Thème 1 — Le temps de la République,207,LNK7-0018,,LNK14-0018
LNK3-0019,LNK2-0019,LINK-0019,EVT-0005,2026-2027,CM2,Tronc commun,THM-001,Thème 1 — Le temps de la République,3.2 Thème 1 — Le temps de la République,REPERE_EDUSCOL,REPERE_EDUSCOL,,1905,Séparation des Églises et de l’État,9 décembre 1905,,3. CM2 — année scolaire 2026-2027 > 3.2 Thème 1 — Le temps de la République,208,LNK7-0019,,LNK14-0019
LNK3-0020,LNK2-0020,LINK-0020,EVT-0006,2026-2027,CM2,Tronc commun,THM-001,Thème 1 — Le temps de la République,3.2 Thème 1 — Le temps de la République,REPERE_EDUSCOL,REPERE_EDUSCOL,,1944,Droit de vote et d’éligibilité des femmes,21 avril 1944,,3. CM2 — année scolaire 2026-2027 > 3.2 Thème 1 — Le temps de la République,209,LNK7-0020,,LNK14-0020
LNK3-0021,LNK2-0021,LINK-0021,EVT-0007,2026-2027,CM2,Tronc commun,THM-001,Thème 1 — Le temps de la République,3.2 Thème 1 — Le temps de la République,EXTENSION_PROGRAMME,EXTENSION_DIRECTE,,—,Premier vote effectif des Françaises,29 avril 1945 aux municipales,,3. CM2 — année scolaire 2026-2027 > 3.2 Thème 1 — Le temps de la République,210,LNK7-0021,,LNK14-0021
LNK3-0022,LNK2-0022,LINK-0022,EVT-0008,2026-2027,CM2,Tronc commun,THM-001,Thème 1 — Le temps de la République,3.2 Thème 1 — Le temps de la République,EXTENSION_PROGRAMME,EXTENSION_DIRECTE,,—,Premier vote des Françaises à un scrutin national,21 octobre 1945,,3. CM2 — année scolaire 2026-2027 > 3.2 Thème 1 — Le temps de la République,211,LNK7-0022,,LNK14-0022
LNK3-0023,LNK2-0023,LINK-0023,EVT-0009,2026-2027,CM2,Tronc commun,THM-002,Thème 2 — L’âge industriel en France,3.3 Thème 2 — L’âge industriel en France,,,,Début de l’industrialisation en Angleterre,Début de l’industrialisation en Angleterre,dernier tiers XVIIIe,,3. CM2 — année scolaire 2026-2027 > 3.3 Thème 2 — L’âge industriel en France,227,LNK7-0023,,LNK14-0023
LNK3-0024,LNK2-0024,LINK-0024,EVT-0010,2026-2027,CM2,Tronc commun,THM-002,Thème 2 — L’âge industriel en France,3.3 Thème 2 — L’âge industriel en France,,,,Essor industriel en France,Essor industriel en France,après 1830,,3. CM2 — année scolaire 2026-2027 > 3.3 Thème 2 — L’âge industriel en France,228,LNK7-0024,,LNK14-0024
LNK3-0025,LNK2-0025,LINK-0025,EVT-0011,2026-2027,CM2,Tronc commun,THM-002,Thème 2 — L’âge industriel en France,3.3 Thème 2 — L’âge industriel en France,,,,Population urbaine majoritaire en France,Population urbaine majoritaire en France,1931,,3. CM2 — année scolaire 2026-2027 > 3.3 Thème 2 — L’âge industriel en France,229,LNK7-0025,,LNK14-0025
LNK3-0026,LNK2-0026,LINK-0026,EVT-0012,2026-2027,CM2,Tronc commun,THM-003,Thème 3 — Guerres mondiales et construction européenne,3.4 Thème 3 — Guerres mondiales et construction européenne,REPERE_EDUSCOL,REPERE_EDUSCOL + événements liés,,1914-1918,Première Guerre mondiale,début conventionnel 28 juillet 1914 ; armistice 11 novembre 1918 ; traité de Versailles 28 juin 1919,,3. CM2 — année scolaire 2026-2027 > 3.4 Thème 3 — Guerres mondiales et construction européenne,235,LNK7-0026,,LNK14-0026
LNK3-0027,LNK2-0027,LINK-0027,EVT-0013,2026-2027,CM2,Tronc commun,THM-003,Thème 3 — Guerres mondiales et construction européenne,3.4 Thème 3 — Guerres mondiales et construction européenne,REPERE_EDUSCOL,REPERE_EDUSCOL + événements liés,,1939-1945,Seconde Guerre mondiale,invasion de la Pologne 1er septembre 1939 ; France/R.-U. déclarent la guerre 3 septembre ; fin en Europe 8 mai 1945 ; capitulation japonaise signée 2 septembre 1945,,3. CM2 — année scolaire 2026-2027 > 3.4 Thème 3 — Guerres mondiales et construction européenne,236,LNK7-0027,,LNK14-0027
LNK3-0028,LNK2-0028,LINK-0028,EVT-0014,2026-2027,CM2,Tronc commun,THM-003,Thème 3 — Guerres mondiales et construction européenne,3.4 Thème 3 — Guerres mondiales et construction européenne,EXTENSION_PROGRAMME,EXTENSION_DIRECTE,,—,Appel du général de Gaulle,18 juin 1940,,3. CM2 — année scolaire 2026-2027 > 3.4 Thème 3 — Guerres mondiales et construction européenne,237,LNK7-0028,,LNK14-0028
LNK3-0029,LNK2-0029,LINK-0029,EVT-0015,2026-2027,CM2,Tronc commun,THM-003,Thème 3 — Guerres mondiales et construction européenne,3.4 Thème 3 — Guerres mondiales et construction européenne,EXTENSION_PROGRAMME,EXTENSION_DIRECTE,,—,Rafle du Vel d’Hiv,16-17 juillet 1942,,3. CM2 — année scolaire 2026-2027 > 3.4 Thème 3 — Guerres mondiales et construction européenne,238,LNK7-0029,,LNK14-0029
LNK3-0030,LNK2-0030,LINK-0030,EVT-0016,2026-2027,CM2,Tronc commun,THM-003,Thème 3 — Guerres mondiales et construction européenne,3.4 Thème 3 — Guerres mondiales et construction européenne,EXTENSION_PROGRAMME,EXTENSION_DIRECTE,,—,Première réunion du CNR,27 mai 1943,,3. CM2 — année scolaire 2026-2027 > 3.4 Thème 3 — Guerres mondiales et construction européenne,239,LNK7-0030,,LNK14-0030
LNK3-0031,LNK2-0031,LINK-0031,EVT-0017,2026-2027,CM2,Tronc commun,THM-003,Thème 3 — Guerres mondiales et construction européenne,3.4 Thème 3 — Guerres mondiales et construction européenne,EXTENSION_PROGRAMME,EXTENSION_DIRECTE,,—,Débarquement en Normandie,6 juin 1944,,3. CM2 — année scolaire 2026-2027 > 3.4 Thème 3 — Guerres mondiales et construction européenne,240,LNK7-0031,,LNK14-0031
LNK3-0032,LNK2-0032,LINK-0032,EVT-0018,2026-2027,CM2,Tronc commun,THM-003,Thème 3 — Guerres mondiales et construction européenne,3.4 Thème 3 — Guerres mondiales et construction européenne,EXTENSION_PROGRAMME,EXTENSION_DIRECTE / origine politique de la construction européenne,,—,Déclaration Schuman,9 mai 1950,,3. CM2 — année scolaire 2026-2027 > 3.4 Thème 3 — Guerres mondiales et construction européenne,241,LNK7-0032,,LNK14-0032
LNK3-0033,LNK2-0033,LINK-0033,EVT-0116,2026-2027,CM2,Tronc commun,THM-003,Thème 3 — Guerres mondiales et construction européenne,3.4 Thème 3 — Guerres mondiales et construction européenne,REPERE_EDUSCOL,REPERE_EDUSCOL,,1951,Traité de Paris / CECA,18 avril 1951 ; entrée en vigueur 23 juillet 1952,,3. CM2 — année scolaire 2026-2027 > 3.4 Thème 3 — Guerres mondiales et construction européenne,242,LNK7-0033,,LNK14-0033
LNK3-0034,LNK2-0034,LINK-0034,EVT-0118,2026-2027,CM2,Tronc commun,THM-003,Thème 3 — Guerres mondiales et construction européenne,3.4 Thème 3 — Guerres mondiales et construction européenne,REPERE_EDUSCOL,REPERE_EDUSCOL,,1957,Traités de Rome,25 mars 1957 ; entrée en vigueur 1er janvier 1958,,3. CM2 — année scolaire 2026-2027 > 3.4 Thème 3 — Guerres mondiales et construction européenne,243,LNK7-0034,,LNK14-0034
LNK3-0035,LNK2-0035,LINK-0035,EVT-0271,2026-2027,CM2,Tronc commun,THM-003,Thème 3 — Guerres mondiales et construction européenne,3.4 Thème 3 — Guerres mondiales et construction européenne,REPERE_EDUSCOL,REPERE_EDUSCOL,,1992,Traité de Maastricht,7 février 1992 ; entrée en vigueur 1er novembre 1993,,3. CM2 — année scolaire 2026-2027 > 3.4 Thème 3 — Guerres mondiales et construction européenne,244,LNK7-0035,,LNK14-0035
LNK3-0036,LNK2-0036,LINK-0036,EVT-0338,2026-2027,6e,Tronc commun,THM-004,Thème 1 — La longue histoire de l’humanité et des migrations,Audit historique,REPERE_EDUSCOL,,APPROXIMATE,« plus de 3 millions d’années »,Premiers outils de pierre connus,,bon support scientifique ; ne pas l’assimiler automatiquement au « premier Homo »,4. 6e — année scolaire 2026-2027 > 4.2 Thème 1 — La longue histoire de l’humanité et des migrations > Audit historique,304,LNK7-0036,,LNK14-0036
LNK3-0037,LNK2-0037,LINK-0037,EVT-0339,2026-2027,6e,Tronc commun,THM-004,Thème 1 — La longue histoire de l’humanité et des migrations,Audit historique,REPERE_EDUSCOL,,CONVENTIONAL,« premiers hommes + outils »,Début de la préhistoire,,ne jamais proposer une fausse date exacte,4. 6e — année scolaire 2026-2027 > 4.2 Thème 1 — La longue histoire de l’humanité et des migrations > Audit historique,305,LNK7-0037,,LNK14-0037
LNK3-0038,LNK2-0038,LINK-0038,EVT-0340,2026-2027,6e,Tronc commun,THM-004,Thème 1 — La longue histoire de l’humanité et des migrations,Audit historique,REPERE_EDUSCOL,,PROCESS,à partir de -10 000,Sédentarisation / débuts de l’agriculture,,"conserver ~10000 av. J.-C. comme repère scolaire, pas comme événement mondial unique",4. 6e — année scolaire 2026-2027 > 4.2 Thème 1 — La longue histoire de l’humanité et des migrations > Audit historique,306,LNK7-0038,,LNK14-0038
LNK3-0039,LNK2-0039,LINK-0039,EVT-0341,2026-2027,6e,Tronc commun,THM-004,Thème 1 — La longue histoire de l’humanité et des migrations,Audit historique,REPERE_EDUSCOL,,CURRICULUM_CONVENTION / APPROXIMATE,vers -3500,Premières écritures mésopotamiennes,,"réponse scolaire ≈ -3500 ; donnée historique ≈ fin IVe millénaire, à préciser par source/site",4. 6e — année scolaire 2026-2027 > 4.2 Thème 1 — La longue histoire de l’humanité et des migrations > Audit historique,307,LNK7-0039,,LNK14-0039
LNK3-0040,LNK2-0040,LINK-0040,EVT-0342,2026-2027,6e,Tronc commun,THM-004,Thème 1 — La longue histoire de l’humanité et des migrations,Audit historique,REPERE_EDUSCOL,,PROCESS,Orient ancien,Premiers États,,"créer des événements par cité/royaume, pas une date mondiale unique",4. 6e — année scolaire 2026-2027 > 4.2 Thème 1 — La longue histoire de l’humanité et des migrations > Audit historique,308,LNK7-0040,,LNK14-0040
LNK3-0041,LNK2-0041,LINK-0041,EVT-0022,2026-2027,6e,Tronc commun,THM-005,"Thème 2 — Récits fondateurs, croyances et citoyenneté dans la Méditerranée antique",Dataset proposé,REPERE_EDUSCOL,REPERE_EDUSCOL,APPROXIMATE_PERIOD,Homère / composition de l’Iliade et de l’Odyssée,Homère / composition de l’Iliade et de l’Odyssée,"VIIIe siècle av. J.-C. (datation approximative, débats savants)",,"4. 6e — année scolaire 2026-2027 > 4.3 Thème 2 — Récits fondateurs, croyances et citoyenneté dans la Méditerranée antique > Dataset proposé",351,LNK7-0041,,LNK14-0041
LNK3-0042,LNK2-0042,LINK-0042,EVT-0023,2026-2027,6e,Tronc commun,THM-005,"Thème 2 — Récits fondateurs, croyances et citoyenneté dans la Méditerranée antique",Dataset proposé,EXTENSION_PROGRAMME,EXTENSION_DIRECTE Éduscol,TRADITIONAL_YEAR / première olympiade traditionnellement enregistrée,Première date traditionnelle des Jeux olympiques antiques,Première date traditionnelle des Jeux olympiques antiques,776 av. J.-C.,,"4. 6e — année scolaire 2026-2027 > 4.3 Thème 2 — Récits fondateurs, croyances et citoyenneté dans la Méditerranée antique > Dataset proposé",352,LNK7-0042,,LNK14-0042
LNK3-0043,LNK2-0043,LINK-0043,EVT-0024,2026-2027,6e,Tronc commun,THM-005,"Thème 2 — Récits fondateurs, croyances et citoyenneté dans la Méditerranée antique",Dataset proposé,REPERE_EDUSCOL,REPERE_EDUSCOL (VIIIe siècle),"TRADITIONAL, pas EXACT_ARCHAEOLOGICAL ; calendrier/tradition romaine",Fondation traditionnelle de Rome,Fondation traditionnelle de Rome,21 avril 753 av. J.-C.,,"4. 6e — année scolaire 2026-2027 > 4.3 Thème 2 — Récits fondateurs, croyances et citoyenneté dans la Méditerranée antique > Dataset proposé",353,LNK7-0043,,LNK14-0043
LNK3-0044,LNK2-0044,LINK-0044,EVT-0025,2026-2027,6e,Tronc commun,THM-005,"Thème 2 — Récits fondateurs, croyances et citoyenneté dans la Méditerranée antique",Dataset proposé,CONNAISSANCE_EXPLICITE,CONNAISSANCE_EXPLICITE,PROCESS / archéologie,Développement de Rome archaïque,Développement de Rome archaïque,VIIIe siècle av. J.-C. et siècles suivants,,"4. 6e — année scolaire 2026-2027 > 4.3 Thème 2 — Récits fondateurs, croyances et citoyenneté dans la Méditerranée antique > Dataset proposé",354,LNK7-0044,,LNK14-0044
LNK3-0045,LNK2-0045,LINK-0045,EVT-0026,2026-2027,6e,Tronc commun,THM-005,"Thème 2 — Récits fondateurs, croyances et citoyenneté dans la Méditerranée antique",Dataset proposé,REPERE_EDUSCOL,REPERE_EDUSCOL,RANGE_APPROXIMATE,Rédaction de la Bible hébraïque,Rédaction de la Bible hébraïque,du VIIe siècle av. J.-C. au début de notre ère,,"4. 6e — année scolaire 2026-2027 > 4.3 Thème 2 — Récits fondateurs, croyances et citoyenneté dans la Méditerranée antique > Dataset proposé",355,LNK7-0045,,LNK14-0045
LNK3-0046,LNK2-0046,LINK-0046,EVT-0027,2026-2027,6e,Tronc commun,THM-005,"Thème 2 — Récits fondateurs, croyances et citoyenneté dans la Méditerranée antique",Dataset proposé,EXTENSION_PROGRAMME,EXTENSION_DIRECTE ; à marquer DISPUTED/CONVENTIONAL tant que l’audit spécialisé n’est pas clos,"YEAR, mais la littérature emploie aussi 587/586 selon chronologies",Prise de Jérusalem par les Babyloniens,Prise de Jérusalem par les Babyloniens,ressource Éduscol : 587 av. J.-C.,,"4. 6e — année scolaire 2026-2027 > 4.3 Thème 2 — Récits fondateurs, croyances et citoyenneté dans la Méditerranée antique > Dataset proposé",356,LNK7-0046,,LNK14-0046
LNK3-0047,LNK2-0047,LINK-0047,EVT-0028,2026-2027,6e,Tronc commun,THM-005,"Thème 2 — Récits fondateurs, croyances et citoyenneté dans la Méditerranée antique",Dataset proposé,EXTENSION_PROGRAMME,EXTENSION_DIRECTE,YEAR,Retour après l’exil à Babylone,Retour après l’exil à Babylone,538 av. J.-C. dans Éduscol,,"4. 6e — année scolaire 2026-2027 > 4.3 Thème 2 — Récits fondateurs, croyances et citoyenneté dans la Méditerranée antique > Dataset proposé",357,LNK7-0047,,LNK14-0047
LNK3-0048,LNK2-0048,LINK-0048,EVT-0029,2026-2027,6e,Tronc commun,THM-005,"Thème 2 — Récits fondateurs, croyances et citoyenneté dans la Méditerranée antique",Dataset proposé,REPERE_EDUSCOL,REPERE_EDUSCOL,PERIOD,Athènes au temps de Périclès,Athènes au temps de Périclès,Ve siècle av. J.-C.,,"4. 6e — année scolaire 2026-2027 > 4.3 Thème 2 — Récits fondateurs, croyances et citoyenneté dans la Méditerranée antique > Dataset proposé",358,LNK7-0048,,LNK14-0048
LNK3-0049,LNK2-0049,LINK-0049,EVT-0030,2026-2027,6e,Tronc commun,THM-005,"Thème 2 — Récits fondateurs, croyances et citoyenneté dans la Méditerranée antique",Dataset proposé,CONNAISSANCE_EXPLICITE,CONNAISSANCE_EXPLICITE,APPROX_BIRTH + décès 429 av. J.-C.,Périclès,Périclès,env. 495-429 av. J.-C.,,"4. 6e — année scolaire 2026-2027 > 4.3 Thème 2 — Récits fondateurs, croyances et citoyenneté dans la Méditerranée antique > Dataset proposé",359,LNK7-0049,,LNK14-0049
LNK3-0050,LNK2-0050,LINK-0050,EVT-0031,2026-2027,6e,Tronc commun,THM-006,Thème 3 — L’Empire romain dans le monde antique,Dataset proposé,EXTENSION_PROGRAMME,EXTENSION_DIRECTE / figure centrale,EXACT pour l’attribution du titre ; début de l’Empire = convention historiographique associée,Octavien reçoit le titre d’Auguste / début conventionnel du Principat,Octavien reçoit le titre d’Auguste / début conventionnel du Principat,16 janvier 27 av. J.-C.,,4. 6e — année scolaire 2026-2027 > 4.4 Thème 3 — L’Empire romain dans le monde antique > Dataset proposé,408,LNK7-0050,,LNK14-0050
LNK3-0051,LNK2-0051,LINK-0051,EVT-0032,2026-2027,6e,Tronc commun,THM-006,Thème 3 — L’Empire romain dans le monde antique,Dataset proposé,CONNAISSANCE_EXPLICITE,CONNAISSANCE_EXPLICITE,RANGE,Règne d’Auguste,Règne d’Auguste,27 av. J.-C. - 14 apr. J.-C.,,4. 6e — année scolaire 2026-2027 > 4.4 Thème 3 — L’Empire romain dans le monde antique > Dataset proposé,409,LNK7-0051,,LNK14-0051
LNK3-0052,LNK2-0052,LINK-0052,EVT-0033,2026-2027,6e,Tronc commun,THM-006,Thème 3 — L’Empire romain dans le monde antique,Dataset proposé,REPERE_EDUSCOL,REPERE_EDUSCOL,CONVENTIONAL_RANGE,Pax Romana,Pax Romana,"conventionnellement de l’époque d’Auguste jusqu’au IIe siècle, souvent env. 27 av. J.-C.-180 apr. J.-C.",,4. 6e — année scolaire 2026-2027 > 4.4 Thème 3 — L’Empire romain dans le monde antique > Dataset proposé,410,LNK7-0052,,LNK14-0052
LNK3-0053,LNK2-0053,LINK-0053,EVT-0034,2026-2027,6e,Tronc commun,THM-006,Thème 3 — L’Empire romain dans le monde antique,Dataset proposé,EXTENSION_PROGRAMME,EXTENSION_DIRECTE Éduscol,YEAR_EXACT à ce stade ; audit jour/mois à faire avant production,Édit de Caracalla / Constitutio Antoniniana,Édit de Caracalla / Constitutio Antoniniana,212 apr. J.-C.,,4. 6e — année scolaire 2026-2027 > 4.4 Thème 3 — L’Empire romain dans le monde antique > Dataset proposé,411,LNK7-0053,,LNK14-0053
LNK3-0054,LNK2-0054,LINK-0054,EVT-0035,2026-2027,6e,Tronc commun,THM-006,Thème 3 — L’Empire romain dans le monde antique,Dataset proposé,EXTENSION_PROGRAMME,EXTENSION_DIRECTE,YEAR,Révolte juive,Révolte juive,66 apr. J.-C.,,4. 6e — année scolaire 2026-2027 > 4.4 Thème 3 — L’Empire romain dans le monde antique > Dataset proposé,412,LNK7-0054,,LNK14-0054
LNK3-0055,LNK2-0055,LINK-0055,EVT-0036,2026-2027,6e,Tronc commun,THM-006,Thème 3 — L’Empire romain dans le monde antique,Dataset proposé,EXTENSION_PROGRAMME,EXTENSION_DIRECTE,YEAR ; jour exact non retenu sans audit spécialisé,Prise de Jérusalem et destruction du Second Temple,Prise de Jérusalem et destruction du Second Temple,70 apr. J.-C.,,4. 6e — année scolaire 2026-2027 > 4.4 Thème 3 — L’Empire romain dans le monde antique > Dataset proposé,413,LNK7-0055,,LNK14-0055
LNK3-0056,LNK2-0056,LINK-0056,EVT-0037,2026-2027,6e,Tronc commun,THM-006,Thème 3 — L’Empire romain dans le monde antique,Dataset proposé,EXTENSION_PROGRAMME,EXTENSION_DIRECTE,YEAR ; la date de début exacte doit être auditée avant d’être utilisée en difficulté « jour »,Concile de Nicée,Concile de Nicée,325 apr. J.-C.,,4. 6e — année scolaire 2026-2027 > 4.4 Thème 3 — L’Empire romain dans le monde antique > Dataset proposé,414,LNK7-0056,,LNK14-0056
LNK3-0057,LNK2-0057,LINK-0057,EVT-0038,2026-2027,6e,Tronc commun,THM-006,Thème 3 — L’Empire romain dans le monde antique,Dataset proposé,,correction d’une anomalie de la fiche Éduscol,YEAR,Constantin devient seul empereur,Constantin devient seul empereur,324 apr. J.-C.,,4. 6e — année scolaire 2026-2027 > 4.4 Thème 3 — L’Empire romain dans le monde antique > Dataset proposé,415,LNK7-0057,,LNK14-0057
LNK3-0058,LNK2-0058,LINK-0058,EVT-0039,2026-2027,6e,Tronc commun,THM-006,Thème 3 — L’Empire romain dans le monde antique,Dataset proposé,EXTENSION_PROGRAMME,EXTENSION_DIRECTE,EXACT,Édit de Thessalonique,Édit de Thessalonique,27 février 380,,4. 6e — année scolaire 2026-2027 > 4.4 Thème 3 — L’Empire romain dans le monde antique > Dataset proposé,416,LNK7-0058,,LNK14-0058
LNK3-0059,LNK2-0059,LINK-0059,EVT-0040,2026-2027,6e,Tronc commun,THM-006,Thème 3 — L’Empire romain dans le monde antique,Dataset proposé,REPERE_EDUSCOL,REPERE_EDUSCOL,RANGE,Dynastie Han,Dynastie Han,"206 av. J.-C.-220 apr. J.-C., interrompue par le régime de Wang Mang/Xin (9-25 apr. J.-C.)",,4. 6e — année scolaire 2026-2027 > 4.4 Thème 3 — L’Empire romain dans le monde antique > Dataset proposé,417,LNK7-0059,,LNK14-0059
LNK3-0060,LNK2-0060,LINK-0060,EVT-0041,2026-2027,6e,Tronc commun,THM-006,Thème 3 — L’Empire romain dans le monde antique,Dataset proposé,EXTENSION_PROGRAMME,EXTENSION_DIRECTE,RANGE,Règne de l’empereur Wu/Wudi,Règne de l’empereur Wu/Wudi,141-87 av. J.-C.,,4. 6e — année scolaire 2026-2027 > 4.4 Thème 3 — L’Empire romain dans le monde antique > Dataset proposé,418,LNK7-0060,,LNK14-0060
LNK3-0061,LNK2-0061,LINK-0061,EVT-0042,2026-2027,5e,Tronc commun,THM-007,"Thème 1 — Chrétientés et islam (VIe-XIIIe siècles), des mondes en contact",Audit historique des quatre repères,REPERE_EDUSCOL,REPERE_EDUSCOL,YEAR / TO_REVIEW,622,"Hégire, migration de Muhammad et de ses compagnons de La Mecque vers Médine","622, date exacte du déplacement à traiter séparément de l'époque calendaire",ne pas utiliser arbitrairement le 16 juillet comme « jour de l'Hégire »,"5. 5e — année scolaire 2026-2027 > 5.2 Thème 1 — Chrétientés et islam (VIe-XIIIe siècles), des mondes en contact > Audit historique des quatre repères",577,LNK7-0061,,LNK14-0061
LNK3-0062,LNK2-0062,LINK-0062,EVT-0043,2026-2027,5e,Tronc commun,THM-007,"Thème 1 — Chrétientés et islam (VIe-XIIIe siècles), des mondes en contact",Audit historique des quatre repères,EXTENSION_PROGRAMME,EXTENSION_DIRECTE,CONVENTIONAL,622,Début conventionnel de l'ère du calendrier hégirien,"16 juillet 622 (calendrier julien) pour 1 Muharram 1 AH, convention calendaire",événement calendaire distinct de la migration réelle,"5. 5e — année scolaire 2026-2027 > 5.2 Thème 1 — Chrétientés et islam (VIe-XIIIe siècles), des mondes en contact > Audit historique des quatre repères",578,LNK7-0062,,LNK14-0062
LNK3-0063,LNK2-0063,LINK-0063,EVT-0044,2026-2027,5e,Tronc commun,THM-007,"Thème 1 — Chrétientés et islam (VIe-XIIIe siècles), des mondes en contact",Audit historique des quatre repères,REPERE_EDUSCOL,REPERE_EDUSCOL,EXACT,800,Couronnement impérial de Charlemagne à Rome,25 décembre 800,question jour/mois possible dans le jeu général ; année suffisante en 5e,"5. 5e — année scolaire 2026-2027 > 5.2 Thème 1 — Chrétientés et islam (VIe-XIIIe siècles), des mondes en contact > Audit historique des quatre repères",579,LNK7-0063,,LNK14-0063
LNK3-0064,LNK2-0064,LINK-0064,EVT-0045,2026-2027,5e,Tronc commun,THM-007,"Thème 1 — Chrétientés et islam (VIe-XIIIe siècles), des mondes en contact",Audit historique des quatre repères,REPERE_EDUSCOL,REPERE_EDUSCOL,RANGE / VERIFIED_WITH_NUANCE,1054,Échange de sentences d'excommunication entre les légats romains et le patriarcat de Constantinople,"juillet 1054, séquence de plusieurs actes",éviter « le schisme a eu lieu tel jour »,"5. 5e — année scolaire 2026-2027 > 5.2 Thème 1 — Chrétientés et islam (VIe-XIIIe siècles), des mondes en contact > Audit historique des quatre repères",580,LNK7-0064,,LNK14-0064
LNK3-0065,LNK2-0065,LINK-0065,EVT-0046,2026-2027,5e,Tronc commun,THM-007,"Thème 1 — Chrétientés et islam (VIe-XIIIe siècles), des mondes en contact",Audit historique des quatre repères,REPERE_EDUSCOL,REPERE_EDUSCOL,RANGE / VERIFIED_WITH_NUANCE,1204,Prise et sac de Constantinople par la quatrième croisade,"avril 1204, prise à partir du 12 avril",conserver 1204 pour le cursus ; l'événement s'étale sur plusieurs jours,"5. 5e — année scolaire 2026-2027 > 5.2 Thème 1 — Chrétientés et islam (VIe-XIIIe siècles), des mondes en contact > Audit historique des quatre repères",581,LNK7-0065,,LNK14-0065
LNK3-0066,LNK2-0066,LINK-0066,EVT-0047,2026-2027,5e,Tronc commun,THM-008,Événements complémentaires directement utiles au thème 1,Événements complémentaires directement utiles au thème 1,EXTENSION_PROGRAMME,EXTENSION_DIRECTE,,Règne de Justinien Ier,Règne de Justinien Ier,527-565,borne structurante de l'étude de Byzance,"5. 5e — année scolaire 2026-2027 > 5.2 Thème 1 — Chrétientés et islam (VIe-XIIIe siècles), des mondes en contact > Événements complémentaires directement utiles au thème 1",655,LNK7-0066,,LNK14-0066
LNK3-0067,LNK2-0067,LINK-0067,EVT-0044,2026-2027,5e,Tronc commun,THM-008,Événements complémentaires directement utiles au thème 1,Événements complémentaires directement utiles au thème 1,REPERE_EDUSCOL,REPERE_EDUSCOL,,Couronnement impérial de Charlemagne,Couronnement impérial de Charlemagne,25 décembre 800,repère central,"5. 5e — année scolaire 2026-2027 > 5.2 Thème 1 — Chrétientés et islam (VIe-XIIIe siècles), des mondes en contact > Événements complémentaires directement utiles au thème 1",656,LNK7-0067,,LNK14-0067
LNK3-0068,LNK2-0068,LINK-0068,EVT-0048,2026-2027,5e,Tronc commun,THM-008,Événements complémentaires directement utiles au thème 1,Événements complémentaires directement utiles au thème 1,EXTENSION_PROGRAMME,EXTENSION_DIRECTE,,Traité de Verdun,Traité de Verdun,843,partage de l'Empire carolingien ; précision infra-annuelle à auditer avant question jour/mois,"5. 5e — année scolaire 2026-2027 > 5.2 Thème 1 — Chrétientés et islam (VIe-XIIIe siècles), des mondes en contact > Événements complémentaires directement utiles au thème 1",657,LNK7-0068,,LNK14-0068
LNK3-0069,LNK2-0069,LINK-0069,EVT-0049,2026-2027,5e,Tronc commun,THM-008,Événements complémentaires directement utiles au thème 1,Événements complémentaires directement utiles au thème 1,EXTENSION_PROGRAMME,EXTENSION_DIRECTE,,Prise de Jérusalem par les croisés,Prise de Jérusalem par les croisés,15 juillet 1099 ; siège 7 juin-15 juillet,bon événement pour aborder croisades et contacts,"5. 5e — année scolaire 2026-2027 > 5.2 Thème 1 — Chrétientés et islam (VIe-XIIIe siècles), des mondes en contact > Événements complémentaires directement utiles au thème 1",658,LNK7-0069,,LNK14-0069
LNK3-0070,LNK2-0070,LINK-0070,EVT-0046,2026-2027,5e,Tronc commun,THM-008,Événements complémentaires directement utiles au thème 1,Événements complémentaires directement utiles au thème 1,REPERE_EDUSCOL,REPERE_EDUSCOL,,Prise et sac de Constantinople,Prise et sac de Constantinople,avril 1204,quatrième croisade,"5. 5e — année scolaire 2026-2027 > 5.2 Thème 1 — Chrétientés et islam (VIe-XIIIe siècles), des mondes en contact > Événements complémentaires directement utiles au thème 1",659,LNK7-0070,,LNK14-0070
LNK3-0071,LNK2-0071,LINK-0071,EVT-0051,2026-2027,5e,Tronc commun,THM-008,Événements complémentaires directement utiles au thème 1,Événements complémentaires directement utiles au thème 1,CONNAISSANCE_EXPLICITE,CONNAISSANCE_EXPLICITE,,Prise de Bagdad par les Mongols,Prise de Bagdad par les Mongols,1258,borne terminale indiquée par le programme ; date exacte à auditer avant scoring au jour,"5. 5e — année scolaire 2026-2027 > 5.2 Thème 1 — Chrétientés et islam (VIe-XIIIe siècles), des mondes en contact > Événements complémentaires directement utiles au thème 1",660,LNK7-0071,,LNK14-0071
LNK3-0072,LNK2-0072,LINK-0072,EVT-0052,2026-2027,5e,Tronc commun,THM-009,"Thème 2 — Société, Église et pouvoir politique dans l'Occident féodal (XIe-XVe siècles)",Audit historique,,,DISPUTED si précision au jour,987,Sacre d'Hugues Capet,"987, jour exact historiographiquement discuté",Éduscol n'exige que l'année,"5. 5e — année scolaire 2026-2027 > 5.3 Thème 2 — Société, Église et pouvoir politique dans l'Occident féodal (XIe-XVe siècles) > Audit historique",681,LNK7-0072,,LNK14-0072
LNK3-0073,LNK2-0073,LINK-0073,EVT-0053,2026-2027,5e,Tronc commun,THM-009,"Thème 2 — Société, Église et pouvoir politique dans l'Occident féodal (XIe-XVe siècles)",Audit historique,,,PROCESS,XIe-XIVe s.,Forte croissance démographique de l'Europe médiévale,processus XIe-XIVe siècles,surtout ne pas créer une date artificielle,"5. 5e — année scolaire 2026-2027 > 5.3 Thème 2 — Société, Église et pouvoir politique dans l'Occident féodal (XIe-XVe siècles) > Audit historique",682,LNK7-0073,,LNK14-0073
LNK3-0074,LNK2-0074,LINK-0074,EVT-0054,2026-2027,5e,Tronc commun,THM-009,"Thème 2 — Société, Église et pouvoir politique dans l'Occident féodal (XIe-XVe siècles)",Audit historique,,,EXACT,1214,Bataille de Bouvines,27 juillet 1214,excellente question jour/mois en culture générale,"5. 5e — année scolaire 2026-2027 > 5.3 Thème 2 — Société, Église et pouvoir politique dans l'Occident féodal (XIe-XVe siècles) > Audit historique",683,LNK7-0074,,LNK14-0074
LNK3-0075,LNK2-0075,LINK-0075,EVT-0055,2026-2027,5e,Tronc commun,THM-009,"Thème 2 — Société, Église et pouvoir politique dans l'Occident féodal (XIe-XVe siècles)",Audit historique,,,CONVENTIONAL_PERIOD,1337-1453,Guerre de Cent Ans,1337-1453,"guerre discontinue, avec trêves","5. 5e — année scolaire 2026-2027 > 5.3 Thème 2 — Société, Église et pouvoir politique dans l'Occident féodal (XIe-XVe siècles) > Audit historique",684,LNK7-0075,,LNK14-0075
LNK3-0076,LNK2-0076,LINK-0076,EVT-0056,2026-2027,5e,Tronc commun,THM-009,"Thème 2 — Société, Église et pouvoir politique dans l'Occident féodal (XIe-XVe siècles)",Audit historique,,,EXACT,1453,Bataille de Castillon,17 juillet 1453,événement militaire généralement associé à la fin de la guerre,"5. 5e — année scolaire 2026-2027 > 5.3 Thème 2 — Société, Église et pouvoir politique dans l'Occident féodal (XIe-XVe siècles) > Audit historique",685,LNK7-0076,,LNK14-0076
LNK3-0077,LNK2-0077,LINK-0077,EVT-0057,2026-2027,5e,Tronc commun,THM-010,Autres événements directement exploitables pour le thème 2,Autres événements directement exploitables pour le thème 2,EXTENSION_PROGRAMME,EXTENSION_DIRECTE,,Début du règne de Philippe Auguste,Début du règne de Philippe Auguste,1180,figure importante de l'affirmation capétienne,"5. 5e — année scolaire 2026-2027 > 5.3 Thème 2 — Société, Église et pouvoir politique dans l'Occident féodal (XIe-XVe siècles) > Autres événements directement exploitables pour le thème 2",742,LNK7-0077,,LNK14-0077
LNK3-0078,LNK2-0078,LINK-0078,EVT-0054,2026-2027,5e,Tronc commun,THM-010,Autres événements directement exploitables pour le thème 2,Autres événements directement exploitables pour le thème 2,REPERE_EDUSCOL,REPERE_EDUSCOL,,Bataille de Bouvines,Bataille de Bouvines,27 juillet 1214,repère prioritaire,"5. 5e — année scolaire 2026-2027 > 5.3 Thème 2 — Société, Église et pouvoir politique dans l'Occident féodal (XIe-XVe siècles) > Autres événements directement exploitables pour le thème 2",743,LNK7-0078,,LNK14-0078
LNK3-0079,LNK2-0079,LINK-0079,EVT-0058,2026-2027,5e,Tronc commun,THM-010,Autres événements directement exploitables pour le thème 2,Autres événements directement exploitables pour le thème 2,EXTENSION_PROGRAMME,EXTENSION_DIRECTE,,Règne de Louis IX,Règne de Louis IX,1226-1270,figure de la monarchie capétienne,"5. 5e — année scolaire 2026-2027 > 5.3 Thème 2 — Société, Église et pouvoir politique dans l'Occident féodal (XIe-XVe siècles) > Autres événements directement exploitables pour le thème 2",744,LNK7-0079,,LNK14-0079
LNK3-0080,LNK2-0080,LINK-0080,EVT-0059,2026-2027,5e,Tronc commun,THM-010,Autres événements directement exploitables pour le thème 2,Autres événements directement exploitables pour le thème 2,EXTENSION_PROGRAMME,EXTENSION_PEDAGOGIQUE,,Canonisation de Louis IX,Canonisation de Louis IX,1297,à auditer au jour avant scoring précis,"5. 5e — année scolaire 2026-2027 > 5.3 Thème 2 — Société, Église et pouvoir politique dans l'Occident féodal (XIe-XVe siècles) > Autres événements directement exploitables pour le thème 2",745,LNK7-0080,,LNK14-0080
LNK3-0081,LNK2-0081,LINK-0081,EVT-0060,2026-2027,5e,Tronc commun,THM-010,Autres événements directement exploitables pour le thème 2,Autres événements directement exploitables pour le thème 2,EXTENSION_PROGRAMME,EXTENSION_DIRECTE,,Premiers États généraux du royaume,Premiers États généraux du royaume,1302,Éduscol les mentionne dans l'affirmation monarchique,"5. 5e — année scolaire 2026-2027 > 5.3 Thème 2 — Société, Église et pouvoir politique dans l'Occident féodal (XIe-XVe siècles) > Autres événements directement exploitables pour le thème 2",746,LNK7-0081,,LNK14-0081
LNK3-0082,LNK2-0082,LINK-0082,EVT-0055,2026-2027,5e,Tronc commun,THM-010,Autres événements directement exploitables pour le thème 2,Autres événements directement exploitables pour le thème 2,REPERE_EDUSCOL,REPERE_EDUSCOL,,Guerre de Cent Ans,Guerre de Cent Ans,1337-1453,période conventionnelle,"5. 5e — année scolaire 2026-2027 > 5.3 Thème 2 — Société, Église et pouvoir politique dans l'Occident féodal (XIe-XVe siècles) > Autres événements directement exploitables pour le thème 2",747,LNK7-0082,,LNK14-0082
LNK3-0083,LNK2-0083,LINK-0083,EVT-0061,2026-2027,5e,Tronc commun,THM-010,Autres événements directement exploitables pour le thème 2,Autres événements directement exploitables pour le thème 2,EXTENSION_PROGRAMME,EXTENSION_DIRECTE,,Grande peste / peste noire en Europe,Grande peste / peste noire en Europe,1347/1348-1352 selon le périmètre,date de début dépend du périmètre géographique ; ne pas imposer un faux jour unique,"5. 5e — année scolaire 2026-2027 > 5.3 Thème 2 — Société, Église et pouvoir politique dans l'Occident féodal (XIe-XVe siècles) > Autres événements directement exploitables pour le thème 2",748,LNK7-0083,,LNK14-0083
LNK3-0084,LNK2-0084,LINK-0084,EVT-0056,2026-2027,5e,Tronc commun,THM-010,Autres événements directement exploitables pour le thème 2,Autres événements directement exploitables pour le thème 2,EXTENSION_PROGRAMME,EXTENSION_DIRECTE,,Bataille de Castillon,Bataille de Castillon,17 juillet 1453,borne militaire finale conventionnelle de la guerre,"5. 5e — année scolaire 2026-2027 > 5.3 Thème 2 — Société, Église et pouvoir politique dans l'Occident féodal (XIe-XVe siècles) > Autres événements directement exploitables pour le thème 2",749,LNK7-0084,,LNK14-0084
LNK3-0085,LNK2-0085,LINK-0085,EVT-0062,2026-2027,5e,Tronc commun,THM-011,Thème 3 — Transformations de l'Europe et ouverture sur le monde aux XVIe et XVIIe siècles,Audit historique des repères,,,EXACT,1453,Prise de Constantinople par les Ottomans,29 mai 1453,,5. 5e — année scolaire 2026-2027 > 5.4 Thème 3 — Transformations de l'Europe et ouverture sur le monde aux XVIe et XVIIe siècles > Audit historique des repères,773,LNK7-0085,,LNK14-0085
LNK3-0086,LNK2-0086,LINK-0086,EVT-0063,2026-2027,5e,Tronc commun,THM-011,Thème 3 — Transformations de l'Europe et ouverture sur le monde aux XVIe et XVIIe siècles,Audit historique des repères,,,CONVENTIONAL / HIGH,1492,Débarquement de l'expédition de Colomb à Guanahaní,12 octobre 1492,,5. 5e — année scolaire 2026-2027 > 5.4 Thème 3 — Transformations de l'Europe et ouverture sur le monde aux XVIe et XVIIe siècles > Audit historique des repères,774,LNK7-0086,,LNK14-0086
LNK3-0087,LNK2-0087,LINK-0087,EVT-0064,2026-2027,5e,Tronc commun,THM-011,Thème 3 — Transformations de l'Europe et ouverture sur le monde aux XVIe et XVIIe siècles,Audit historique des repères,,,CONVENTIONAL / VERIFIED_WITH_NUANCE,1517,Diffusion / mise en circulation des 95 thèses de Martin Luther,31 octobre 1517,,5. 5e — année scolaire 2026-2027 > 5.4 Thème 3 — Transformations de l'Europe et ouverture sur le monde aux XVIe et XVIIe siècles > Audit historique des repères,775,LNK7-0087,,LNK14-0087
LNK3-0088,LNK2-0088,LINK-0088,EVT-0065,2026-2027,5e,Tronc commun,THM-011,Thème 3 — Transformations de l'Europe et ouverture sur le monde aux XVIe et XVIIe siècles,Audit historique des repères,,,EXACT,1598,Édit de Nantes,13 avril 1598,,5. 5e — année scolaire 2026-2027 > 5.4 Thème 3 — Transformations de l'Europe et ouverture sur le monde aux XVIe et XVIIe siècles > Audit historique des repères,776,LNK7-0088,,LNK14-0088
LNK3-0089,LNK2-0089,LINK-0089,EVT-0066,2026-2027,5e,Tronc commun,THM-011,Thème 3 — Transformations de l'Europe et ouverture sur le monde aux XVIe et XVIIe siècles,Audit historique des repères,,,RANGE,1661-1715,Gouvernement personnel de Louis XIV,10 mars 1661-1er septembre 1715,,5. 5e — année scolaire 2026-2027 > 5.4 Thème 3 — Transformations de l'Europe et ouverture sur le monde aux XVIe et XVIIe siècles > Audit historique des repères,777,LNK7-0089,,LNK14-0089
LNK3-0090,LNK2-0090,LINK-0090,EVT-0067,2026-2027,5e,Tronc commun,THM-011,Thème 3 — Transformations de l'Europe et ouverture sur le monde aux XVIe et XVIIe siècles,Audit historique des repères,,,RANGE,1643-1715,Règne de Louis XIV comme roi de France,1643-1715,,5. 5e — année scolaire 2026-2027 > 5.4 Thème 3 — Transformations de l'Europe et ouverture sur le monde aux XVIe et XVIIe siècles > Audit historique des repères,778,LNK7-0090,,LNK14-0090
LNK3-0091,LNK2-0091,LINK-0091,EVT-0062,2026-2027,5e,Tronc commun,THM-012,Événements complémentaires directement utiles au thème 3,Événements complémentaires directement utiles au thème 3,REPERE_EDUSCOL,REPERE_EDUSCOL,,Prise de Constantinople,Prise de Constantinople,29 mai 1453,repère prioritaire,5. 5e — année scolaire 2026-2027 > 5.4 Thème 3 — Transformations de l'Europe et ouverture sur le monde aux XVIe et XVIIe siècles > Événements complémentaires directement utiles au thème 3,860,LNK7-0091,,LNK14-0091
LNK3-0092,LNK2-0092,LINK-0092,EVT-0063,2026-2027,5e,Tronc commun,THM-012,Événements complémentaires directement utiles au thème 3,Événements complémentaires directement utiles au thème 3,REPERE_EDUSCOL,REPERE_EDUSCOL,,Débarquement de Colomb à Guanahaní,Débarquement de Colomb à Guanahaní,12 octobre 1492,repère prioritaire,5. 5e — année scolaire 2026-2027 > 5.4 Thème 3 — Transformations de l'Europe et ouverture sur le monde aux XVIe et XVIIe siècles > Événements complémentaires directement utiles au thème 3,861,LNK7-0092,,LNK14-0092
LNK3-0093,LNK2-0093,LINK-0093,EVT-0069,2026-2027,5e,Tronc commun,THM-012,Événements complémentaires directement utiles au thème 3,Événements complémentaires directement utiles au thème 3,EXTENSION_PROGRAMME,EXTENSION_DIRECTE,,Début de la première circumnavigation,Début de la première circumnavigation,1519,date précise déjà auditée dans le lot CM1,5. 5e — année scolaire 2026-2027 > 5.4 Thème 3 — Transformations de l'Europe et ouverture sur le monde aux XVIe et XVIIe siècles > Événements complémentaires directement utiles au thème 3,862,LNK7-0093,,LNK14-0093
LNK3-0094,LNK2-0094,LINK-0094,EVT-0070,2026-2027,5e,Tronc commun,THM-012,Événements complémentaires directement utiles au thème 3,Événements complémentaires directement utiles au thème 3,EXTENSION_PROGRAMME,EXTENSION_DIRECTE,,Achèvement de la première circumnavigation par Elcano et la Victoria,Achèvement de la première circumnavigation par Elcano et la Victoria,6 septembre 1522,très bon événement jeu,5. 5e — année scolaire 2026-2027 > 5.4 Thème 3 — Transformations de l'Europe et ouverture sur le monde aux XVIe et XVIIe siècles > Événements complémentaires directement utiles au thème 3,863,LNK7-0094,,LNK14-0094
LNK3-0095,LNK2-0095,LINK-0095,EVT-0064,2026-2027,5e,Tronc commun,THM-012,Événements complémentaires directement utiles au thème 3,Événements complémentaires directement utiles au thème 3,REPERE_EDUSCOL,REPERE_EDUSCOL,,95 thèses de Luther,95 thèses de Luther,31 octobre 1517,formulation prudente,5. 5e — année scolaire 2026-2027 > 5.4 Thème 3 — Transformations de l'Europe et ouverture sur le monde aux XVIe et XVIIe siècles > Événements complémentaires directement utiles au thème 3,864,LNK7-0095,,LNK14-0095
LNK3-0096,LNK2-0096,LINK-0096,EVT-0072,2026-2027,5e,Tronc commun,THM-012,Événements complémentaires directement utiles au thème 3,Événements complémentaires directement utiles au thème 3,EXTENSION_PROGRAMME,EXTENSION_DIRECTE,,Concile de Trente,Concile de Trente,1545-1563,réponse catholique / Réforme,5. 5e — année scolaire 2026-2027 > 5.4 Thème 3 — Transformations de l'Europe et ouverture sur le monde aux XVIe et XVIIe siècles > Événements complémentaires directement utiles au thème 3,865,LNK7-0096,,LNK14-0096
LNK3-0097,LNK2-0097,LINK-0097,EVT-0073,2026-2027,5e,Tronc commun,THM-012,Événements complémentaires directement utiles au thème 3,Événements complémentaires directement utiles au thème 3,EXTENSION_PROGRAMME,EXTENSION_DIRECTE,,Guerres de Religion en France,Guerres de Religion en France,1562-1598,"période, pas un point unique",5. 5e — année scolaire 2026-2027 > 5.4 Thème 3 — Transformations de l'Europe et ouverture sur le monde aux XVIe et XVIIe siècles > Événements complémentaires directement utiles au thème 3,866,LNK7-0097,,LNK14-0097
LNK3-0098,LNK2-0098,LINK-0098,EVT-0065,2026-2027,5e,Tronc commun,THM-012,Événements complémentaires directement utiles au thème 3,Événements complémentaires directement utiles au thème 3,REPERE_EDUSCOL,REPERE_EDUSCOL,,Édit de Nantes,Édit de Nantes,13 avril 1598,date précise solide,5. 5e — année scolaire 2026-2027 > 5.4 Thème 3 — Transformations de l'Europe et ouverture sur le monde aux XVIe et XVIIe siècles > Événements complémentaires directement utiles au thème 3,867,LNK7-0098,,LNK14-0098
LNK3-0099,LNK2-0099,LINK-0099,EVT-0074,2026-2027,5e,Tronc commun,THM-012,Événements complémentaires directement utiles au thème 3,Événements complémentaires directement utiles au thème 3,EXTENSION_PROGRAMME,EXTENSION_DIRECTE,,Fronde,Fronde,1648-1653,utile pour comprendre la monarchie de Louis XIV,5. 5e — année scolaire 2026-2027 > 5.4 Thème 3 — Transformations de l'Europe et ouverture sur le monde aux XVIe et XVIIe siècles > Événements complémentaires directement utiles au thème 3,868,LNK7-0099,,LNK14-0099
LNK3-0100,LNK2-0100,LINK-0100,EVT-0075,2026-2027,5e,Tronc commun,THM-012,Événements complémentaires directement utiles au thème 3,Événements complémentaires directement utiles au thème 3,REPERE_EDUSCOL,REPERE_EDUSCOL_WITH_NUANCE,,Début du gouvernement personnel de Louis XIV,Début du gouvernement personnel de Louis XIV,10 mars 1661,Éduscol le présente improprement comme début du règne,5. 5e — année scolaire 2026-2027 > 5.4 Thème 3 — Transformations de l'Europe et ouverture sur le monde aux XVIe et XVIIe siècles > Événements complémentaires directement utiles au thème 3,869,LNK7-0100,,LNK14-0100
LNK3-0101,LNK2-0101,LINK-0101,EVT-0076,2026-2027,5e,Tronc commun,THM-012,Événements complémentaires directement utiles au thème 3,Événements complémentaires directement utiles au thème 3,EXTENSION_PROGRAMME,EXTENSION_DIRECTE,,Édit de Fontainebleau / révocation de l'édit de Nantes,Édit de Fontainebleau / révocation de l'édit de Nantes,octobre 1685,jour précis à ne pas fixer sans audit diplomatique complémentaire,5. 5e — année scolaire 2026-2027 > 5.4 Thème 3 — Transformations de l'Europe et ouverture sur le monde aux XVIe et XVIIe siècles > Événements complémentaires directement utiles au thème 3,870,LNK7-0101,,LNK14-0101
LNK3-0102,LNK2-0102,LINK-0102,EVT-0077,2026-2027,5e,Tronc commun,THM-012,Événements complémentaires directement utiles au thème 3,Événements complémentaires directement utiles au thème 3,EXTENSION_PROGRAMME,EXTENSION_DIRECTE,,Mort de Louis XIV,Mort de Louis XIV,1er septembre 1715,borne finale du règne et du gouvernement personnel,5. 5e — année scolaire 2026-2027 > 5.4 Thème 3 — Transformations de l'Europe et ouverture sur le monde aux XVIe et XVIIe siècles > Événements complémentaires directement utiles au thème 3,871,LNK7-0102,,LNK14-0102
LNK3-0103,LNK2-0103,LINK-0103,,2026-2027,4e,Tronc commun,THM-013,"Thème 1 — Le XVIIIe siècle. Expansions, Lumières et révolutions",6.2.2 Repères Éduscol officiels,REPERE_EDUSCOL,REPERE_EDUSCOL,,années 1670-années 1750,essor de la traite atlantique occidentale,,,"6. 4e — année scolaire 2026-2027 > 6.2 Thème 1 — Le XVIIIe siècle. Expansions, Lumières et révolutions > 6.2.2 Repères Éduscol officiels",988,LNK7-0103,,LNK14-0103
LNK3-0104,LNK2-0104,LINK-0104,,2026-2027,4e,Tronc commun,THM-013,"Thème 1 — Le XVIIIe siècle. Expansions, Lumières et révolutions",6.2.2 Repères Éduscol officiels,REPERE_EDUSCOL,REPERE_EDUSCOL,,1751-1772,parution de l'Encyclopédie,,,"6. 4e — année scolaire 2026-2027 > 6.2 Thème 1 — Le XVIIIe siècle. Expansions, Lumières et révolutions > 6.2.2 Repères Éduscol officiels",989,LNK7-0104,,LNK14-0104
LNK3-0105,LNK2-0105,LINK-0105,,2026-2027,4e,Tronc commun,THM-013,"Thème 1 — Le XVIIIe siècle. Expansions, Lumières et révolutions",6.2.2 Repères Éduscol officiels,REPERE_EDUSCOL,REPERE_EDUSCOL,,fin XVIIIe siècle,apogée de la traite atlantique,,,"6. 4e — année scolaire 2026-2027 > 6.2 Thème 1 — Le XVIIIe siècle. Expansions, Lumières et révolutions > 6.2.2 Repères Éduscol officiels",990,LNK7-0105,,LNK14-0105
LNK3-0106,LNK2-0106,LINK-0106,,2026-2027,4e,Tronc commun,THM-013,"Thème 1 — Le XVIIIe siècle. Expansions, Lumières et révolutions",6.2.2 Repères Éduscol officiels,REPERE_EDUSCOL,REPERE_EDUSCOL,,1789,début de la Révolution française,,,"6. 4e — année scolaire 2026-2027 > 6.2 Thème 1 — Le XVIIIe siècle. Expansions, Lumières et révolutions > 6.2.2 Repères Éduscol officiels",991,LNK7-0106,,LNK14-0106
LNK3-0107,LNK2-0107,LINK-0107,,2026-2027,4e,Tronc commun,THM-013,"Thème 1 — Le XVIIIe siècle. Expansions, Lumières et révolutions",6.2.2 Repères Éduscol officiels,REPERE_EDUSCOL,REPERE_EDUSCOL + QA,,1799-1814/1815,Napoléon Bonaparte au pouvoir,,,"6. 4e — année scolaire 2026-2027 > 6.2 Thème 1 — Le XVIIIe siècle. Expansions, Lumières et révolutions > 6.2.2 Repères Éduscol officiels",992,LNK7-0107,,LNK14-0107
LNK3-0108,LNK2-0108,LINK-0108,EVT-0078,2026-2027,4e,Tronc commun,THM-013,"Thème 1 — Le XVIIIe siècle. Expansions, Lumières et révolutions",6.2.5 Esclavage pendant Révolution et Empire : événements à séparer,EXTENSION_PROGRAMME,EXTENSION_DIRECTE,EXACT,Première abolition de l'esclavage par la Convention nationale,Première abolition de l'esclavage par la Convention nationale,4 février 1794,,"6. 4e — année scolaire 2026-2027 > 6.2 Thème 1 — Le XVIIIe siècle. Expansions, Lumières et révolutions > 6.2.5 Esclavage pendant Révolution et Empire : événements à séparer",1042,LNK7-0108,,LNK14-0108
LNK3-0109,LNK2-0109,LINK-0109,EVT-0079,2026-2027,4e,Tronc commun,THM-013,"Thème 1 — Le XVIIIe siècle. Expansions, Lumières et révolutions",6.2.5 Esclavage pendant Révolution et Empire : événements à séparer,EXTENSION_PROGRAMME,EXTENSION_DIRECTE,"EXACT, avec nuance",Loi du 30 floréal an X relative à l'esclavage dans les colonies,Loi du 30 floréal an X relative à l'esclavage dans les colonies,20 mai 1802,,"6. 4e — année scolaire 2026-2027 > 6.2 Thème 1 — Le XVIIIe siècle. Expansions, Lumières et révolutions > 6.2.5 Esclavage pendant Révolution et Empire : événements à séparer",1043,LNK7-0109,,LNK14-0109
LNK3-0110,LNK2-0110,LINK-0110,,2026-2027,4e,Tronc commun,THM-014,Thème 2 — L'Europe et le monde au XIXe siècle,6.3.2 Repères Éduscol officiels,REPERE_EDUSCOL,,APPROXIMATE,dernier tiers du XVIIIe siècle : débuts de la révolution industrielle en Angleterre,PROCESS,,,6. 4e — année scolaire 2026-2027 > 6.3 Thème 2 — L'Europe et le monde au XIXe siècle > 6.3.2 Repères Éduscol officiels,1122,LNK7-0110,,LNK14-0110
LNK3-0111,LNK2-0111,LINK-0111,,2026-2027,4e,Tronc commun,THM-014,Thème 2 — L'Europe et le monde au XIXe siècle,6.3.2 Repères Éduscol officiels,REPERE_EDUSCOL,,"YEAR_EXACT comme repère, pas un jour unique",1848 : « Printemps des peuples »,ensemble de révolutions européennes,,,6. 4e — année scolaire 2026-2027 > 6.3 Thème 2 — L'Europe et le monde au XIXe siècle > 6.3.2 Repères Éduscol officiels,1123,LNK7-0111,,LNK14-0111
LNK3-0112,LNK2-0112,LINK-0112,,2026-2027,4e,Tronc commun,THM-014,Thème 2 — L'Europe et le monde au XIXe siècle,6.3.2 Repères Éduscol officiels,REPERE_EDUSCOL,,EXACT : 27 avril 1848,1848 : seconde abolition de l'esclavage en France,événement ponctuel précis,,,6. 4e — année scolaire 2026-2027 > 6.3 Thème 2 — L'Europe et le monde au XIXe siècle > 6.3.2 Repères Éduscol officiels,1124,LNK7-0112,,LNK14-0112
LNK3-0113,LNK2-0113,LINK-0113,,2026-2027,4e,Tronc commun,THM-014,Thème 2 — L'Europe et le monde au XIXe siècle,6.3.2 Repères Éduscol officiels,REPERE_EDUSCOL,,APPROXIMATE,années 1870 : début de la « seconde révolution industrielle »,PROCESS,,,6. 4e — année scolaire 2026-2027 > 6.3 Thème 2 — L'Europe et le monde au XIXe siècle > 6.3.2 Repères Éduscol officiels,1125,LNK7-0113,,LNK14-0113
LNK3-0114,LNK2-0114,LINK-0114,,2026-2027,4e,Tronc commun,THM-014,Thème 2 — L'Europe et le monde au XIXe siècle,6.3.2 Repères Éduscol officiels,REPERE_EDUSCOL,,RANGE,1870-1914 : « seconde mondialisation » et relance de la colonisation,PROCESS / grande période,,,6. 4e — année scolaire 2026-2027 > 6.3 Thème 2 — L'Europe et le monde au XIXe siècle > 6.3.2 Repères Éduscol officiels,1126,LNK7-0114,,LNK14-0114
LNK3-0115,LNK2-0115,LINK-0115,,2026-2027,4e,Tronc commun,THM-014,Thème 2 — L'Europe et le monde au XIXe siècle,6.3.2 Repères Éduscol officiels,REPERE_EDUSCOL,,ouverture exacte connue,1900 : Exposition universelle de Paris,événement avec dates d'ouverture/fermeture,,,6. 4e — année scolaire 2026-2027 > 6.3 Thème 2 — L'Europe et le monde au XIXe siècle > 6.3.2 Repères Éduscol officiels,1127,LNK7-0115,,LNK14-0115
LNK3-0116,LNK2-0116,LINK-0116,,2026-2027,4e,Tronc commun,THM-015,"Thème 3 — Société, culture et politique dans la France du XIXe siècle",6.4.2 Repères Éduscol officiels,REPERE_EDUSCOL,,REPERE_EDUSCOL + QA,1848 : adoption du suffrage universel,,,,"6. 4e — année scolaire 2026-2027 > 6.4 Thème 3 — Société, culture et politique dans la France du XIXe siècle > 6.4.2 Repères Éduscol officiels",1260,LNK7-0116,,LNK14-0116
LNK3-0117,LNK2-0117,LINK-0117,,2026-2027,4e,Tronc commun,THM-015,"Thème 3 — Société, culture et politique dans la France du XIXe siècle",6.4.2 Repères Éduscol officiels,REPERE_EDUSCOL,,REPERE_EDUSCOL,1870 : proclamation de la Troisième République,,,,"6. 4e — année scolaire 2026-2027 > 6.4 Thème 3 — Société, culture et politique dans la France du XIXe siècle > 6.4.2 Repères Éduscol officiels",1261,LNK7-0117,,LNK14-0117
LNK3-0118,LNK2-0118,LINK-0118,,2026-2027,4e,Tronc commun,THM-015,"Thème 3 — Société, culture et politique dans la France du XIXe siècle",6.4.2 Repères Éduscol officiels,REPERE_EDUSCOL,,REPERE_EDUSCOL + QA,"1882 : Jules Ferry et l'école gratuite, laïque et obligatoire",,,,"6. 4e — année scolaire 2026-2027 > 6.4 Thème 3 — Société, culture et politique dans la France du XIXe siècle > 6.4.2 Repères Éduscol officiels",1262,LNK7-0118,,LNK14-0118
LNK3-0119,LNK2-0119,LINK-0119,,2026-2027,4e,Tronc commun,THM-015,"Thème 3 — Société, culture et politique dans la France du XIXe siècle",6.4.2 Repères Éduscol officiels,REPERE_EDUSCOL,,REPERE_EDUSCOL,1894-1906 : Affaire Dreyfus,,,,"6. 4e — année scolaire 2026-2027 > 6.4 Thème 3 — Société, culture et politique dans la France du XIXe siècle > 6.4.2 Repères Éduscol officiels",1263,LNK7-0119,,LNK14-0119
LNK3-0120,LNK2-0120,LINK-0120,,2026-2027,4e,Tronc commun,THM-015,"Thème 3 — Société, culture et politique dans la France du XIXe siècle",6.4.2 Repères Éduscol officiels,REPERE_EDUSCOL,,REPERE_EDUSCOL,1905 : séparation des Églises et de l'État,,,,"6. 4e — année scolaire 2026-2027 > 6.4 Thème 3 — Société, culture et politique dans la France du XIXe siècle > 6.4.2 Repères Éduscol officiels",1264,LNK7-0120,,LNK14-0120
LNK3-0121,LNK2-0121,LINK-0121,EVT-0003,2026-2027,4e,Tronc commun,THM-015,"Thème 3 — Société, culture et politique dans la France du XIXe siècle",6.4.5 Jules Ferry : le repère 1882 fusionne deux lois,,,,Loi établissant la gratuité absolue de l'enseignement primaire public,Loi établissant la gratuité absolue de l'enseignement primaire public,16 juin 1881,gratuité,"6. 4e — année scolaire 2026-2027 > 6.4 Thème 3 — Société, culture et politique dans la France du XIXe siècle > 6.4.5 Jules Ferry : le repère 1882 fusionne deux lois",1322,LNK7-0121,,LNK14-0121
LNK3-0122,LNK2-0122,LINK-0122,EVT-0004,2026-2027,4e,Tronc commun,THM-015,"Thème 3 — Société, culture et politique dans la France du XIXe siècle",6.4.5 Jules Ferry : le repère 1882 fusionne deux lois,,,,Loi sur l'enseignement primaire,Loi sur l'enseignement primaire,28 mars 1882,instruction obligatoire ; laïcisation des contenus de l'école publique,"6. 4e — année scolaire 2026-2027 > 6.4 Thème 3 — Société, culture et politique dans la France du XIXe siècle > 6.4.5 Jules Ferry : le repère 1882 fusionne deux lois",1323,LNK7-0122,,LNK14-0122
LNK3-0123,LNK2-0123,LINK-0123,EVT-0082,2026-2027,4e,Tronc commun,THM-015,"Thème 3 — Société, culture et politique dans la France du XIXe siècle",6.4.6 Affaire Dreyfus : stocker la séquence et ses jalons,,,à vérifier/figer avec source primaire ou institutionnelle dédiée avant import final,arrestation d'Alfred Dreyfus,arrestation d'Alfred Dreyfus,15 octobre 1894,,"6. 4e — année scolaire 2026-2027 > 6.4 Thème 3 — Société, culture et politique dans la France du XIXe siècle > 6.4.6 Affaire Dreyfus : stocker la séquence et ses jalons",1339,LNK7-0123,,LNK14-0123
LNK3-0124,LNK2-0124,LINK-0124,EVT-0083,2026-2027,4e,Tronc commun,THM-015,"Thème 3 — Société, culture et politique dans la France du XIXe siècle",6.4.6 Affaire Dreyfus : stocker la séquence et ses jalons,,,EXTENSION_DIRECTE,publication de « J'accuse…! » d'Émile Zola,publication de « J'accuse…! » d'Émile Zola,13 janvier 1898,,"6. 4e — année scolaire 2026-2027 > 6.4 Thème 3 — Société, culture et politique dans la France du XIXe siècle > 6.4.6 Affaire Dreyfus : stocker la séquence et ses jalons",1340,LNK7-0124,,LNK14-0124
LNK3-0125,LNK2-0125,LINK-0125,EVT-0084,2026-2027,4e,Tronc commun,THM-015,"Thème 3 — Société, culture et politique dans la France du XIXe siècle",6.4.6 Affaire Dreyfus : stocker la séquence et ses jalons,,,EXACT,arrêt de la Cour de cassation réhabilitant Dreyfus,arrêt de la Cour de cassation réhabilitant Dreyfus,12 juillet 1906,,"6. 4e — année scolaire 2026-2027 > 6.4 Thème 3 — Société, culture et politique dans la France du XIXe siècle > 6.4.6 Affaire Dreyfus : stocker la séquence et ses jalons",1341,LNK7-0125,,LNK14-0125
LNK3-0126,LNK2-0126,LINK-0126,EVT-0085,2026-2027,4e,Tronc commun,THM-015,"Thème 3 — Société, culture et politique dans la France du XIXe siècle",6.4.6 Affaire Dreyfus : stocker la séquence et ses jalons,,,EXTENSION_DIRECTE,réintégration militaire,réintégration militaire,13 juillet 1906,,"6. 4e — année scolaire 2026-2027 > 6.4 Thème 3 — Société, culture et politique dans la France du XIXe siècle > 6.4.6 Affaire Dreyfus : stocker la séquence et ses jalons",1342,LNK7-0126,,LNK14-0126
LNK3-0127,LNK2-0127,LINK-0127,EVT-0086,2026-2027,4e,Tronc commun,THM-015,"Thème 3 — Société, culture et politique dans la France du XIXe siècle",6.4.8 Conditions féminines : événements précis à intégrer comme extensions directes,EXTENSION_PROGRAMME,EXTENSION_DIRECTE,,"Julie-Victoire Daubié obtient le baccalauréat ès lettres, première bachelière française","Julie-Victoire Daubié obtient le baccalauréat ès lettres, première bachelière française",17 août 1861,document conservé au fonds Daubié / CCFr-BnF,"6. 4e — année scolaire 2026-2027 > 6.4 Thème 3 — Société, culture et politique dans la France du XIXe siècle > 6.4.8 Conditions féminines : événements précis à intégrer comme extensions directes",1380,LNK7-0127,,LNK14-0127
LNK3-0128,LNK2-0128,LINK-0128,EVT-0087,2026-2027,4e,Tronc commun,THM-015,"Thème 3 — Société, culture et politique dans la France du XIXe siècle",6.4.8 Conditions féminines : événements précis à intégrer comme extensions directes,EXTENSION_PROGRAMME,EXTENSION_DIRECTE,,loi permettant aux femmes diplômées en droit de devenir avocates,loi permettant aux femmes diplômées en droit de devenir avocates,1er décembre 1900,Légifrance,"6. 4e — année scolaire 2026-2027 > 6.4 Thème 3 — Société, culture et politique dans la France du XIXe siècle > 6.4.8 Conditions féminines : événements précis à intégrer comme extensions directes",1381,LNK7-0128,,LNK14-0128
LNK3-0129,LNK2-0129,LINK-0129,EVT-0088,2026-2027,4e,Tronc commun,THM-015,"Thème 3 — Société, culture et politique dans la France du XIXe siècle",6.4.8 Conditions féminines : événements précis à intégrer comme extensions directes,EXTENSION_PROGRAMME,EXTENSION_DIRECTE,,loi sur le libre salaire de la femme mariée,loi sur le libre salaire de la femme mariée,13 juillet 1907,Légifrance,"6. 4e — année scolaire 2026-2027 > 6.4 Thème 3 — Société, culture et politique dans la France du XIXe siècle > 6.4.8 Conditions féminines : événements précis à intégrer comme extensions directes",1382,LNK7-0129,,LNK14-0129
LNK3-0130,LNK2-0130,LINK-0130,,2026-2027,3e,Tronc commun,THM-016,"Thème 1 — L'Europe, un théâtre majeur des guerres totales (1914-1945)",7.2.2 Principaux repères Éduscol,REPERE_EDUSCOL,,RANGE / CONVENTIONAL,1914-1918 : Grande Guerre,période scolaire conventionnelle + événements précis reliés,,,"7. 3e — année scolaire 2026-2027 > 7.2 Thème 1 — L'Europe, un théâtre majeur des guerres totales (1914-1945) > 7.2.2 Principaux repères Éduscol",1549,LNK7-0130,,LNK14-0130
LNK3-0131,LNK2-0131,LINK-0131,,2026-2027,3e,Tronc commun,THM-016,"Thème 1 — L'Europe, un théâtre majeur des guerres totales (1914-1945)",7.2.2 Principaux repères Éduscol,REPERE_EDUSCOL,,YEAR_EXACT comme repère scolaire,1917 : Révolution russe,plusieurs événements révolutionnaires à séparer,,,"7. 3e — année scolaire 2026-2027 > 7.2 Thème 1 — L'Europe, un théâtre majeur des guerres totales (1914-1945) > 7.2.2 Principaux repères Éduscol",1550,LNK7-0131,,LNK14-0131
LNK3-0132,LNK2-0132,LINK-0132,,2026-2027,3e,Tronc commun,THM-016,"Thème 1 — L'Europe, un théâtre majeur des guerres totales (1914-1945)",7.2.2 Principaux repères Éduscol,REPERE_EDUSCOL,,RANGE / CONVENTIONAL,1933-1945 : Allemagne d'Hitler,période politique scolaire ; plusieurs bornes historiques possibles selon le wording,,,"7. 3e — année scolaire 2026-2027 > 7.2 Thème 1 — L'Europe, un théâtre majeur des guerres totales (1914-1945) > 7.2.2 Principaux repères Éduscol",1551,LNK7-0132,,LNK14-0132
LNK3-0133,LNK2-0133,LINK-0133,,2026-2027,3e,Tronc commun,THM-016,"Thème 1 — L'Europe, un théâtre majeur des guerres totales (1914-1945)",7.2.2 Principaux repères Éduscol,REPERE_EDUSCOL,,YEAR_EXACT comme repère scolaire,1936 : Front populaire,séquence politique et sociale comportant plusieurs dates précises,,,"7. 3e — année scolaire 2026-2027 > 7.2 Thème 1 — L'Europe, un théâtre majeur des guerres totales (1914-1945) > 7.2.2 Principaux repères Éduscol",1552,LNK7-0133,,LNK14-0133
LNK3-0134,LNK2-0134,LINK-0134,,2026-2027,3e,Tronc commun,THM-016,"Thème 1 — L'Europe, un théâtre majeur des guerres totales (1914-1945)",7.2.2 Principaux repères Éduscol,REPERE_EDUSCOL,,RANGE / CONVENTIONAL,1939-1945 : Seconde Guerre mondiale,période conventionnelle européenne/mondiale + événements précis reliés,,,"7. 3e — année scolaire 2026-2027 > 7.2 Thème 1 — L'Europe, un théâtre majeur des guerres totales (1914-1945) > 7.2.2 Principaux repères Éduscol",1553,LNK7-0134,,LNK14-0134
LNK3-0135,LNK2-0135,LINK-0135,EVT-0089,2026-2027,3e,Tronc commun,THM-016,"Thème 1 — L'Europe, un théâtre majeur des guerres totales (1914-1945)","7.2.3 Première Guerre mondiale : garder la période, mais aussi les événements précis",EXTENSION_PROGRAMME,EXTENSION_DIRECTE,EXACT,Déclaration de guerre de l'Autriche-Hongrie à la Serbie,Déclaration de guerre de l'Autriche-Hongrie à la Serbie,28 juillet 1914,,"7. 3e — année scolaire 2026-2027 > 7.2 Thème 1 — L'Europe, un théâtre majeur des guerres totales (1914-1945) > 7.2.3 Première Guerre mondiale : garder la période, mais aussi les événements précis",1563,LNK7-0135,,LNK14-0135
LNK3-0136,LNK2-0136,LINK-0136,EVT-0090,2026-2027,3e,Tronc commun,THM-016,"Thème 1 — L'Europe, un théâtre majeur des guerres totales (1914-1945)","7.2.3 Première Guerre mondiale : garder la période, mais aussi les événements précis",CONNAISSANCE_EXPLICITE,CONNAISSANCE_EXPLICITE,CONVENTIONAL,Début conventionnel du génocide des Arméniens commémoré par les arrestations à Constantinople,Début conventionnel du génocide des Arméniens commémoré par les arrestations à Constantinople,24 avril 1915,,"7. 3e — année scolaire 2026-2027 > 7.2 Thème 1 — L'Europe, un théâtre majeur des guerres totales (1914-1945) > 7.2.3 Première Guerre mondiale : garder la période, mais aussi les événements précis",1564,LNK7-0136,,LNK14-0136
LNK3-0137,LNK2-0137,LINK-0137,EVT-0091,2026-2027,3e,Tronc commun,THM-016,"Thème 1 — L'Europe, un théâtre majeur des guerres totales (1914-1945)","7.2.3 Première Guerre mondiale : garder la période, mais aussi les événements précis",EXTENSION_PROGRAMME,EXTENSION_DIRECTE,EXACT,Armistice de Rethondes,Armistice de Rethondes,11 novembre 1918,,"7. 3e — année scolaire 2026-2027 > 7.2 Thème 1 — L'Europe, un théâtre majeur des guerres totales (1914-1945) > 7.2.3 Première Guerre mondiale : garder la période, mais aussi les événements précis",1565,LNK7-0137,,LNK14-0137
LNK3-0138,LNK2-0138,LINK-0138,EVT-0092,2026-2027,3e,Tronc commun,THM-016,"Thème 1 — L'Europe, un théâtre majeur des guerres totales (1914-1945)","7.2.3 Première Guerre mondiale : garder la période, mais aussi les événements précis",EXTENSION_PROGRAMME,EXTENSION_DIRECTE,EXACT,Signature du traité de Versailles avec l'Allemagne,Signature du traité de Versailles avec l'Allemagne,28 juin 1919,,"7. 3e — année scolaire 2026-2027 > 7.2 Thème 1 — L'Europe, un théâtre majeur des guerres totales (1914-1945) > 7.2.3 Première Guerre mondiale : garder la période, mais aussi les événements précis",1566,LNK7-0138,,LNK14-0138
LNK3-0139,LNK2-0139,LINK-0139,EVT-0093,2026-2027,3e,Tronc commun,THM-016,"Thème 1 — L'Europe, un théâtre majeur des guerres totales (1914-1945)",7.2.6 Front populaire : 1936 doit se décomposer en plusieurs événements,,,EXACT,Léon Blum devient président du Conseil,Léon Blum devient président du Conseil,4 juin 1936,,"7. 3e — année scolaire 2026-2027 > 7.2 Thème 1 — L'Europe, un théâtre majeur des guerres totales (1914-1945) > 7.2.6 Front populaire : 1936 doit se décomposer en plusieurs événements",1626,LNK7-0139,,LNK14-0139
LNK3-0140,LNK2-0140,LINK-0140,EVT-0094,2026-2027,3e,Tronc commun,THM-016,"Thème 1 — L'Europe, un théâtre majeur des guerres totales (1914-1945)",7.2.6 Front populaire : 1936 doit se décomposer en plusieurs événements,,,EXACT (intervalle),Accords de Matignon,Accords de Matignon,nuit du 7 au 8 juin 1936,,"7. 3e — année scolaire 2026-2027 > 7.2 Thème 1 — L'Europe, un théâtre majeur des guerres totales (1914-1945) > 7.2.6 Front populaire : 1936 doit se décomposer en plusieurs événements",1627,LNK7-0140,,LNK14-0140
LNK3-0141,LNK2-0141,LINK-0141,EVT-0095,2026-2027,3e,Tronc commun,THM-016,"Thème 1 — L'Europe, un théâtre majeur des guerres totales (1914-1945)",7.2.6 Front populaire : 1936 doit se décomposer en plusieurs événements,,,EXACT,Loi instituant les congés payés,Loi instituant les congés payés,20 juin 1936,,"7. 3e — année scolaire 2026-2027 > 7.2 Thème 1 — L'Europe, un théâtre majeur des guerres totales (1914-1945) > 7.2.6 Front populaire : 1936 doit se décomposer en plusieurs événements",1628,LNK7-0141,,LNK14-0141
LNK3-0142,LNK2-0142,LINK-0142,EVT-0096,2026-2027,3e,Tronc commun,THM-016,"Thème 1 — L'Europe, un théâtre majeur des guerres totales (1914-1945)",7.2.6 Front populaire : 1936 doit se décomposer en plusieurs événements,,,EXACT,Loi sur la semaine de quarante heures,Loi sur la semaine de quarante heures,21 juin 1936,,"7. 3e — année scolaire 2026-2027 > 7.2 Thème 1 — L'Europe, un théâtre majeur des guerres totales (1914-1945) > 7.2.6 Front populaire : 1936 doit se décomposer en plusieurs événements",1629,LNK7-0142,,LNK14-0142
LNK3-0143,LNK2-0143,LINK-0143,EVT-0097,2026-2027,3e,Tronc commun,THM-016,"Thème 1 — L'Europe, un théâtre majeur des guerres totales (1914-1945)","7.2.7 Seconde Guerre mondiale : une période scolaire, plusieurs débuts et fins selon le périmètre",,,,Invasion de la Pologne par l'Allemagne,Invasion de la Pologne par l'Allemagne,1er septembre 1939,,"7. 3e — année scolaire 2026-2027 > 7.2 Thème 1 — L'Europe, un théâtre majeur des guerres totales (1914-1945) > 7.2.7 Seconde Guerre mondiale : une période scolaire, plusieurs débuts et fins selon le périmètre",1651,LNK7-0143,,LNK14-0143
LNK3-0144,LNK2-0144,LINK-0144,EVT-0098,2026-2027,3e,Tronc commun,THM-016,"Thème 1 — L'Europe, un théâtre majeur des guerres totales (1914-1945)","7.2.7 Seconde Guerre mondiale : une période scolaire, plusieurs débuts et fins selon le périmètre",,,,Déclaration de guerre française et britannique à l'Allemagne,Déclaration de guerre française et britannique à l'Allemagne,3 septembre 1939,,"7. 3e — année scolaire 2026-2027 > 7.2 Thème 1 — L'Europe, un théâtre majeur des guerres totales (1914-1945) > 7.2.7 Seconde Guerre mondiale : une période scolaire, plusieurs débuts et fins selon le périmètre",1652,LNK7-0144,,LNK14-0144
LNK3-0145,LNK2-0145,LINK-0145,EVT-0099,2026-2027,3e,Tronc commun,THM-016,"Thème 1 — L'Europe, un théâtre majeur des guerres totales (1914-1945)","7.2.7 Seconde Guerre mondiale : une période scolaire, plusieurs débuts et fins selon le périmètre",,,,Attaque allemande contre l'URSS (opération Barbarossa),Attaque allemande contre l'URSS (opération Barbarossa),22 juin 1941,,"7. 3e — année scolaire 2026-2027 > 7.2 Thème 1 — L'Europe, un théâtre majeur des guerres totales (1914-1945) > 7.2.7 Seconde Guerre mondiale : une période scolaire, plusieurs débuts et fins selon le périmètre",1653,LNK7-0145,,LNK14-0145
LNK3-0146,LNK2-0146,LINK-0146,EVT-0017,2026-2027,3e,Tronc commun,THM-016,"Thème 1 — L'Europe, un théâtre majeur des guerres totales (1914-1945)","7.2.7 Seconde Guerre mondiale : une période scolaire, plusieurs débuts et fins selon le périmètre",,,,Débarquement allié en Normandie,Débarquement allié en Normandie,6 juin 1944,,"7. 3e — année scolaire 2026-2027 > 7.2 Thème 1 — L'Europe, un théâtre majeur des guerres totales (1914-1945) > 7.2.7 Seconde Guerre mondiale : une période scolaire, plusieurs débuts et fins selon le périmètre",1654,LNK7-0146,,LNK14-0146
LNK3-0147,LNK2-0147,LINK-0147,EVT-0100,2026-2027,3e,Tronc commun,THM-016,"Thème 1 — L'Europe, un théâtre majeur des guerres totales (1914-1945)","7.2.7 Seconde Guerre mondiale : une période scolaire, plusieurs débuts et fins selon le périmètre",,,,Libération de Paris,Libération de Paris,25 août 1944,,"7. 3e — année scolaire 2026-2027 > 7.2 Thème 1 — L'Europe, un théâtre majeur des guerres totales (1914-1945) > 7.2.7 Seconde Guerre mondiale : une période scolaire, plusieurs débuts et fins selon le périmètre",1655,LNK7-0147,,LNK14-0147
LNK3-0148,LNK2-0148,LINK-0148,EVT-0101,2026-2027,3e,Tronc commun,THM-016,"Thème 1 — L'Europe, un théâtre majeur des guerres totales (1914-1945)","7.2.7 Seconde Guerre mondiale : une période scolaire, plusieurs débuts et fins selon le périmètre",,,,Fin de la guerre en Europe / capitulation allemande effective,Fin de la guerre en Europe / capitulation allemande effective,8 mai 1945,,"7. 3e — année scolaire 2026-2027 > 7.2 Thème 1 — L'Europe, un théâtre majeur des guerres totales (1914-1945) > 7.2.7 Seconde Guerre mondiale : une période scolaire, plusieurs débuts et fins selon le périmètre",1656,LNK7-0148,,LNK14-0148
LNK3-0149,LNK2-0149,LINK-0149,EVT-0102,2026-2027,3e,Tronc commun,THM-016,"Thème 1 — L'Europe, un théâtre majeur des guerres totales (1914-1945)","7.2.7 Seconde Guerre mondiale : une période scolaire, plusieurs débuts et fins selon le périmètre",,,,Capitulation japonaise signée ; fin conventionnelle mondiale du conflit,Capitulation japonaise signée ; fin conventionnelle mondiale du conflit,2 septembre 1945,,"7. 3e — année scolaire 2026-2027 > 7.2 Thème 1 — L'Europe, un théâtre majeur des guerres totales (1914-1945) > 7.2.7 Seconde Guerre mondiale : une période scolaire, plusieurs débuts et fins selon le périmètre",1657,LNK7-0149,,LNK14-0149
LNK3-0150,LNK2-0150,LINK-0150,EVT-0103,2026-2027,3e,Tronc commun,THM-016,"Thème 1 — L'Europe, un théâtre majeur des guerres totales (1914-1945)","7.2.8 Vichy, France libre, Résistance : séparer toute la séquence de juin-juillet 1940",,,,Philippe Pétain devient président du Conseil,Philippe Pétain devient président du Conseil,16 juin 1940,changement de gouvernement,"7. 3e — année scolaire 2026-2027 > 7.2 Thème 1 — L'Europe, un théâtre majeur des guerres totales (1914-1945) > 7.2.8 Vichy, France libre, Résistance : séparer toute la séquence de juin-juillet 1940",1669,LNK7-0150,,LNK14-0150
LNK3-0151,LNK2-0151,LINK-0151,EVT-0014,2026-2027,3e,Tronc commun,THM-016,"Thème 1 — L'Europe, un théâtre majeur des guerres totales (1914-1945)","7.2.8 Vichy, France libre, Résistance : séparer toute la séquence de juin-juillet 1940",,,,Appel radiodiffusé de Charles de Gaulle,Appel radiodiffusé de Charles de Gaulle,18 juin 1940,jalon fondateur de la France libre,"7. 3e — année scolaire 2026-2027 > 7.2 Thème 1 — L'Europe, un théâtre majeur des guerres totales (1914-1945) > 7.2.8 Vichy, France libre, Résistance : séparer toute la séquence de juin-juillet 1940",1670,LNK7-0151,,LNK14-0151
LNK3-0152,LNK2-0152,LINK-0152,EVT-0105,2026-2027,3e,Tronc commun,THM-016,"Thème 1 — L'Europe, un théâtre majeur des guerres totales (1914-1945)","7.2.8 Vichy, France libre, Résistance : séparer toute la séquence de juin-juillet 1940",,,,Signature de l'armistice franco-allemand,Signature de l'armistice franco-allemand,22 juin 1940,entrée en vigueur ultérieure à distinguer si nécessaire,"7. 3e — année scolaire 2026-2027 > 7.2 Thème 1 — L'Europe, un théâtre majeur des guerres totales (1914-1945) > 7.2.8 Vichy, France libre, Résistance : séparer toute la séquence de juin-juillet 1940",1671,LNK7-0152,,LNK14-0152
LNK3-0153,LNK2-0153,LINK-0153,EVT-0106,2026-2027,3e,Tronc commun,THM-016,"Thème 1 — L'Europe, un théâtre majeur des guerres totales (1914-1945)","7.2.8 Vichy, France libre, Résistance : séparer toute la séquence de juin-juillet 1940",,,,Vote des pleins pouvoirs constituants à Pétain,Vote des pleins pouvoirs constituants à Pétain,10 juillet 1940,acte parlementaire,"7. 3e — année scolaire 2026-2027 > 7.2 Thème 1 — L'Europe, un théâtre majeur des guerres totales (1914-1945) > 7.2.8 Vichy, France libre, Résistance : séparer toute la séquence de juin-juillet 1940",1672,LNK7-0153,,LNK14-0153
LNK3-0154,LNK2-0154,LINK-0154,EVT-0107,2026-2027,3e,Tronc commun,THM-016,"Thème 1 — L'Europe, un théâtre majeur des guerres totales (1914-1945)","7.2.8 Vichy, France libre, Résistance : séparer toute la séquence de juin-juillet 1940",,,,Actes constitutionnels instituant l'État français,Actes constitutionnels instituant l'État français,11 juillet 1940,événement juridique séparé,"7. 3e — année scolaire 2026-2027 > 7.2 Thème 1 — L'Europe, un théâtre majeur des guerres totales (1914-1945) > 7.2.8 Vichy, France libre, Résistance : séparer toute la séquence de juin-juillet 1940",1673,LNK7-0154,,LNK14-0154
LNK3-0155,LNK2-0155,LINK-0155,EVT-0016,2026-2027,3e,Tronc commun,THM-016,"Thème 1 — L'Europe, un théâtre majeur des guerres totales (1914-1945)","7.2.8 Vichy, France libre, Résistance : séparer toute la séquence de juin-juillet 1940",,,,Première réunion du Conseil national de la Résistance,Première réunion du Conseil national de la Résistance,27 mai 1943,CNR,"7. 3e — année scolaire 2026-2027 > 7.2 Thème 1 — L'Europe, un théâtre majeur des guerres totales (1914-1945) > 7.2.8 Vichy, France libre, Résistance : séparer toute la séquence de juin-juillet 1940",1674,LNK7-0155,,LNK14-0155
LNK3-0156,LNK2-0156,LINK-0156,EVT-0109,2026-2027,3e,Tronc commun,THM-016,"Thème 1 — L'Europe, un théâtre majeur des guerres totales (1914-1945)","7.2.8 Vichy, France libre, Résistance : séparer toute la séquence de juin-juillet 1940",,,,Adoption du programme du CNR,Adoption du programme du CNR,15 mars 1944,programme distinct de la création du CNR,"7. 3e — année scolaire 2026-2027 > 7.2 Thème 1 — L'Europe, un théâtre majeur des guerres totales (1914-1945) > 7.2.8 Vichy, France libre, Résistance : séparer toute la séquence de juin-juillet 1940",1675,LNK7-0156,,LNK14-0156
LNK3-0157,LNK2-0157,LINK-0157,,2026-2027,3e,Tronc commun,THM-017,Thème 2 — Le monde depuis 1945,7.3.2 Principaux repères Éduscol,REPERE_EDUSCOL,,YEAR_EXACT + événements EXACT,1945 : création de l'ONU,signature de la Charte + entrée en vigueur / naissance juridique,,,7. 3e — année scolaire 2026-2027 > 7.3 Thème 2 — Le monde depuis 1945 > 7.3.2 Principaux repères Éduscol,1714,LNK7-0157,,LNK14-0157
LNK3-0158,LNK2-0158,LINK-0158,,2026-2027,3e,Tronc commun,THM-017,Thème 2 — Le monde depuis 1945,7.3.2 Principaux repères Éduscol,REPERE_EDUSCOL,,CONVENTIONAL / RANGE,1947-1991 : guerre froide,grande périodisation conventionnelle,,,7. 3e — année scolaire 2026-2027 > 7.3 Thème 2 — Le monde depuis 1945 > 7.3.2 Principaux repères Éduscol,1715,LNK7-0158,,LNK14-0158
LNK3-0159,LNK2-0159,LINK-0159,,2026-2027,3e,Tronc commun,THM-017,Thème 2 — Le monde depuis 1945,7.3.2 Principaux repères Éduscol,REPERE_EDUSCOL,,EXACT,1957 : traité de Rome,signature précise le 25 mars 1957,,,7. 3e — année scolaire 2026-2027 > 7.3 Thème 2 — Le monde depuis 1945 > 7.3.2 Principaux repères Éduscol,1716,LNK7-0159,,LNK14-0159
LNK3-0160,LNK2-0160,LINK-0160,,2026-2027,3e,Tronc commun,THM-017,Thème 2 — Le monde depuis 1945,7.3.2 Principaux repères Éduscol,REPERE_EDUSCOL,,YEAR_EXACT comme repère scolaire,1962 : indépendance de l'Algérie,séquence de plusieurs jalons,,,7. 3e — année scolaire 2026-2027 > 7.3 Thème 2 — Le monde depuis 1945 > 7.3.2 Principaux repères Éduscol,1717,LNK7-0160,,LNK14-0160
LNK3-0161,LNK2-0161,LINK-0161,,2026-2027,3e,Tronc commun,THM-017,Thème 2 — Le monde depuis 1945,7.3.2 Principaux repères Éduscol,REPERE_EDUSCOL,,EXACT,1989 : chute du mur de Berlin,9 novembre 1989,,,7. 3e — année scolaire 2026-2027 > 7.3 Thème 2 — Le monde depuis 1945 > 7.3.2 Principaux repères Éduscol,1718,LNK7-0161,,LNK14-0161
LNK3-0162,LNK2-0162,LINK-0162,EVT-0110,2026-2027,3e,Tronc commun,THM-017,Thème 2 — Le monde depuis 1945,7.3.4 Guerre froide : 1947-1991 reste une convention historiographique,,,,Discours de Truman devant le Congrès présentant la doctrine Truman,Discours de Truman devant le Congrès présentant la doctrine Truman,12 mars 1947,,7. 3e — année scolaire 2026-2027 > 7.3 Thème 2 — Le monde depuis 1945 > 7.3.4 Guerre froide : 1947-1991 reste une convention historiographique,1752,LNK7-0162,,LNK14-0162
LNK3-0163,LNK2-0163,LINK-0163,EVT-0111,2026-2027,3e,Tronc commun,THM-017,Thème 2 — Le monde depuis 1945,7.3.4 Guerre froide : 1947-1991 reste une convention historiographique,,,,Début du blocus de Berlin,Début du blocus de Berlin,24 juin 1948,,7. 3e — année scolaire 2026-2027 > 7.3 Thème 2 — Le monde depuis 1945 > 7.3.4 Guerre froide : 1947-1991 reste une convention historiographique,1753,LNK7-0163,,LNK14-0163
LNK3-0164,LNK2-0164,LINK-0164,EVT-0112,2026-2027,3e,Tronc commun,THM-017,Thème 2 — Le monde depuis 1945,7.3.4 Guerre froide : 1947-1991 reste une convention historiographique,,,,Fin du blocus de Berlin,Fin du blocus de Berlin,12 mai 1949,,7. 3e — année scolaire 2026-2027 > 7.3 Thème 2 — Le monde depuis 1945 > 7.3.4 Guerre froide : 1947-1991 reste une convention historiographique,1754,LNK7-0164,,LNK14-0164
LNK3-0165,LNK2-0165,LINK-0165,EVT-0113,2026-2027,3e,Tronc commun,THM-017,Thème 2 — Le monde depuis 1945,7.3.4 Guerre froide : 1947-1991 reste une convention historiographique,,,,Construction / fermeture de la frontière par le mur de Berlin,Construction / fermeture de la frontière par le mur de Berlin,13 août 1961,,7. 3e — année scolaire 2026-2027 > 7.3 Thème 2 — Le monde depuis 1945 > 7.3.4 Guerre froide : 1947-1991 reste une convention historiographique,1755,LNK7-0165,,LNK14-0165
LNK3-0166,LNK2-0166,LINK-0166,EVT-0114,2026-2027,3e,Tronc commun,THM-017,Thème 2 — Le monde depuis 1945,7.3.4 Guerre froide : 1947-1991 reste une convention historiographique,,,,Ouverture du mur de Berlin,Ouverture du mur de Berlin,9 novembre 1989,,7. 3e — année scolaire 2026-2027 > 7.3 Thème 2 — Le monde depuis 1945 > 7.3.4 Guerre froide : 1947-1991 reste une convention historiographique,1756,LNK7-0166,,LNK14-0166
LNK3-0167,LNK2-0167,LINK-0167,EVT-0115,2026-2027,3e,Tronc commun,THM-017,Thème 2 — Le monde depuis 1945,7.3.4 Guerre froide : 1947-1991 reste une convention historiographique,,,,Disparition de l'URSS,Disparition de l'URSS,"décembre 1991, séquence institutionnelle à détailler",,7. 3e — année scolaire 2026-2027 > 7.3 Thème 2 — Le monde depuis 1945 > 7.3.4 Guerre froide : 1947-1991 reste une convention historiographique,1757,LNK7-0167,,LNK14-0167
LNK3-0168,LNK2-0168,LINK-0168,EVT-0018,2026-2027,3e,Tronc commun,THM-017,Thème 2 — Le monde depuis 1945,7.3.5 Construction européenne : réutiliser les événements déjà audités,,,,Déclaration Schuman,Déclaration Schuman,9 mai 1950,,7. 3e — année scolaire 2026-2027 > 7.3 Thème 2 — Le monde depuis 1945 > 7.3.5 Construction européenne : réutiliser les événements déjà audités,1775,LNK7-0168,,LNK14-0168
LNK3-0169,LNK2-0169,LINK-0169,EVT-0116,2026-2027,3e,Tronc commun,THM-017,Thème 2 — Le monde depuis 1945,7.3.5 Construction européenne : réutiliser les événements déjà audités,,,,Signature du traité de Paris instituant la CECA,Signature du traité de Paris instituant la CECA,18 avril 1951,,7. 3e — année scolaire 2026-2027 > 7.3 Thème 2 — Le monde depuis 1945 > 7.3.5 Construction européenne : réutiliser les événements déjà audités,1776,LNK7-0169,,LNK14-0169
LNK3-0170,LNK2-0170,LINK-0170,EVT-0117,2026-2027,3e,Tronc commun,THM-017,Thème 2 — Le monde depuis 1945,7.3.5 Construction européenne : réutiliser les événements déjà audités,,,,Entrée en vigueur du traité CECA,Entrée en vigueur du traité CECA,23 juillet 1952,,7. 3e — année scolaire 2026-2027 > 7.3 Thème 2 — Le monde depuis 1945 > 7.3.5 Construction européenne : réutiliser les événements déjà audités,1777,LNK7-0170,,LNK14-0170
LNK3-0171,LNK2-0171,LINK-0171,EVT-0118,2026-2027,3e,Tronc commun,THM-017,Thème 2 — Le monde depuis 1945,7.3.5 Construction européenne : réutiliser les événements déjà audités,,,,Signature des traités de Rome,Signature des traités de Rome,25 mars 1957,,7. 3e — année scolaire 2026-2027 > 7.3 Thème 2 — Le monde depuis 1945 > 7.3.5 Construction européenne : réutiliser les événements déjà audités,1778,LNK7-0171,,LNK14-0171
LNK3-0172,LNK2-0172,LINK-0172,EVT-0119,2026-2027,3e,Tronc commun,THM-017,Thème 2 — Le monde depuis 1945,7.3.5 Construction européenne : réutiliser les événements déjà audités,,,,Entrée en vigueur des traités de Rome,Entrée en vigueur des traités de Rome,1er janvier 1958,,7. 3e — année scolaire 2026-2027 > 7.3 Thème 2 — Le monde depuis 1945 > 7.3.5 Construction européenne : réutiliser les événements déjà audités,1779,LNK7-0172,,LNK14-0172
LNK3-0173,LNK2-0173,LINK-0173,EVT-0120,2026-2027,3e,Tronc commun,THM-017,Thème 2 — Le monde depuis 1945,7.3.6 1962 : indépendance de l'Algérie — surtout ne pas réduire à un seul jour générique,,,,Signature des accords d'Évian,Signature des accords d'Évian,18 mars 1962,SIGNATURE,7. 3e — année scolaire 2026-2027 > 7.3 Thème 2 — Le monde depuis 1945 > 7.3.6 1962 : indépendance de l'Algérie — surtout ne pas réduire à un seul jour générique,1793,LNK7-0173,,LNK14-0173
LNK3-0174,LNK2-0174,LINK-0174,EVT-0121,2026-2027,3e,Tronc commun,THM-017,Thème 2 — Le monde depuis 1945,7.3.6 1962 : indépendance de l'Algérie — surtout ne pas réduire à un seul jour générique,,,,Entrée en vigueur du cessez-le-feu,Entrée en vigueur du cessez-le-feu,19 mars 1962,CEASEFIRE,7. 3e — année scolaire 2026-2027 > 7.3 Thème 2 — Le monde depuis 1945 > 7.3.6 1962 : indépendance de l'Algérie — surtout ne pas réduire à un seul jour générique,1794,LNK7-0174,,LNK14-0174
LNK3-0175,LNK2-0175,LINK-0175,EVT-0122,2026-2027,3e,Tronc commun,THM-017,Thème 2 — Le monde depuis 1945,7.3.6 1962 : indépendance de l'Algérie — surtout ne pas réduire à un seul jour générique,,,,Référendum d'autodétermination en Algérie,Référendum d'autodétermination en Algérie,1er juillet 1962,REFERENDUM,7. 3e — année scolaire 2026-2027 > 7.3 Thème 2 — Le monde depuis 1945 > 7.3.6 1962 : indépendance de l'Algérie — surtout ne pas réduire à un seul jour générique,1795,LNK7-0175,,LNK14-0175
LNK3-0176,LNK2-0176,LINK-0176,EVT-0123,2026-2027,3e,Tronc commun,THM-017,Thème 2 — Le monde depuis 1945,7.3.6 1962 : indépendance de l'Algérie — surtout ne pas réduire à un seul jour générique,,,,Reconnaissance de l'indépendance par la France / transfert de souveraineté,Reconnaissance de l'indépendance par la France / transfert de souveraineté,3 juillet 1962,RECOGNITION,7. 3e — année scolaire 2026-2027 > 7.3 Thème 2 — Le monde depuis 1945 > 7.3.6 1962 : indépendance de l'Algérie — surtout ne pas réduire à un seul jour générique,1796,LNK7-0176,,LNK14-0176
LNK3-0177,LNK2-0177,LINK-0177,EVT-0124,2026-2027,3e,Tronc commun,THM-017,Thème 2 — Le monde depuis 1945,7.3.6 1962 : indépendance de l'Algérie — surtout ne pas réduire à un seul jour générique,,,,Proclamation officielle / fête de l'indépendance algérienne,Proclamation officielle / fête de l'indépendance algérienne,5 juillet 1962,PROCLAMATION,7. 3e — année scolaire 2026-2027 > 7.3 Thème 2 — Le monde depuis 1945 > 7.3.6 1962 : indépendance de l'Algérie — surtout ne pas réduire à un seul jour générique,1797,LNK7-0177,,LNK14-0177
LNK3-0178,LNK2-0178,LINK-0178,,2026-2027,3e,Tronc commun,THM-018,Thème 3 — Françaises et Français dans une République repensée,7.4.2 Principaux repères Éduscol,REPERE_EDUSCOL,,,"1944-1945 : Libération, de Gaulle à la tête du GPRF, programme du CNR, droit de vote des femmes",cluster d'événements distincts,,,7. 3e — année scolaire 2026-2027 > 7.4 Thème 3 — Françaises et Français dans une République repensée > 7.4.2 Principaux repères Éduscol,1849,LNK7-0178,,LNK14-0178
LNK3-0179,LNK2-0179,LINK-0179,,2026-2027,3e,Tronc commun,THM-018,Thème 3 — Françaises et Français dans une République repensée,7.4.2 Principaux repères Éduscol,REPERE_EDUSCOL,,,1958 : naissance de la Ve République,référendum + promulgation constitutionnelle,,,7. 3e — année scolaire 2026-2027 > 7.4 Thème 3 — Françaises et Français dans une République repensée > 7.4.2 Principaux repères Éduscol,1850,LNK7-0179,,LNK14-0179
LNK3-0180,LNK2-0180,LINK-0180,,2026-2027,3e,Tronc commun,THM-018,Thème 3 — Françaises et Français dans une République repensée,7.4.2 Principaux repères Éduscol,REPERE_EDUSCOL,,,1962 : élection du président au suffrage universel direct,réforme constitutionnelle en 1962 ; première élection réelle en 1965,,,7. 3e — année scolaire 2026-2027 > 7.4 Thème 3 — Françaises et Français dans une République repensée > 7.4.2 Principaux repères Éduscol,1851,LNK7-0180,,LNK14-0180
LNK3-0181,LNK2-0181,LINK-0181,,2026-2027,3e,Tronc commun,THM-018,Thème 3 — Françaises et Français dans une République repensée,7.4.2 Principaux repères Éduscol,REPERE_EDUSCOL,,,1975 : loi Veil sur l'IVG,loi du 17 janvier 1975,,,7. 3e — année scolaire 2026-2027 > 7.4 Thème 3 — Françaises et Français dans une République repensée > 7.4.2 Principaux repères Éduscol,1852,LNK7-0181,,LNK14-0181
LNK3-0182,LNK2-0182,LINK-0182,,2026-2027,3e,Tronc commun,THM-018,Thème 3 — Françaises et Français dans une République repensée,7.4.2 Principaux repères Éduscol,REPERE_EDUSCOL,,,"1981 : première alternance, élection de François Mitterrand",10 mai 1981,,,7. 3e — année scolaire 2026-2027 > 7.4 Thème 3 — Françaises et Français dans une République repensée > 7.4.2 Principaux repères Éduscol,1853,LNK7-0182,,LNK14-0182
LNK3-0183,LNK2-0183,LINK-0183,EVT-0109,2026-2027,3e,Tronc commun,THM-018,Thème 3 — Françaises et Français dans une République repensée,7.4.3 1944-1945 : un repère scolaire qui regroupe beaucoup d'événements,,,EXACT,Adoption du programme du CNR,Adoption du programme du CNR,15 mars 1944,,7. 3e — année scolaire 2026-2027 > 7.4 Thème 3 — Françaises et Français dans une République repensée > 7.4.3 1944-1945 : un repère scolaire qui regroupe beaucoup d'événements,1861,LNK7-0183,,LNK14-0183
LNK3-0184,LNK2-0184,LINK-0184,EVT-0006,2026-2027,3e,Tronc commun,THM-018,Thème 3 — Françaises et Français dans une République repensée,7.4.3 1944-1945 : un repère scolaire qui regroupe beaucoup d'événements,,,EXACT,Ordonnance accordant aux femmes le droit de vote et d'éligibilité,Ordonnance accordant aux femmes le droit de vote et d'éligibilité,21 avril 1944,,7. 3e — année scolaire 2026-2027 > 7.4 Thème 3 — Françaises et Français dans une République repensée > 7.4.3 1944-1945 : un repère scolaire qui regroupe beaucoup d'événements,1862,LNK7-0184,,LNK14-0184
LNK3-0185,LNK2-0185,LINK-0185,EVT-0007,2026-2027,3e,Tronc commun,THM-018,Thème 3 — Françaises et Français dans une République repensée,7.4.3 1944-1945 : un repère scolaire qui regroupe beaucoup d'événements,,,EXACT,"Première participation des femmes françaises à un scrutin, élections municipales","Première participation des femmes françaises à un scrutin, élections municipales",29 avril 1945,,7. 3e — année scolaire 2026-2027 > 7.4 Thème 3 — Françaises et Français dans une République repensée > 7.4.3 1944-1945 : un repère scolaire qui regroupe beaucoup d'événements,1863,LNK7-0185,,LNK14-0185
LNK3-0186,LNK2-0186,LINK-0186,EVT-0008,2026-2027,3e,Tronc commun,THM-018,Thème 3 — Françaises et Français dans une République repensée,7.4.3 1944-1945 : un repère scolaire qui regroupe beaucoup d'événements,,,EXACT,Première participation des femmes à un scrutin national,Première participation des femmes à un scrutin national,21 octobre 1945,,7. 3e — année scolaire 2026-2027 > 7.4 Thème 3 — Françaises et Français dans une République repensée > 7.4.3 1944-1945 : un repère scolaire qui regroupe beaucoup d'événements,1864,LNK7-0186,,LNK14-0186
LNK3-0187,LNK2-0187,LINK-0187,EVT-0128,2026-2027,3e,Tronc commun,THM-018,Thème 3 — Françaises et Français dans une République repensée,7.4.3 1944-1945 : un repère scolaire qui regroupe beaucoup d'événements,,,EXACT,Ordonnance fondatrice de l'organisation de la Sécurité sociale,Ordonnance fondatrice de l'organisation de la Sécurité sociale,4 octobre 1945 (entrée en vigueur 7 octobre 1945),,7. 3e — année scolaire 2026-2027 > 7.4 Thème 3 — Françaises et Français dans une République repensée > 7.4.3 1944-1945 : un repère scolaire qui regroupe beaucoup d'événements,1865,LNK7-0187,,LNK14-0187
LNK3-0188,LNK2-0188,LINK-0188,EVT-0129,2026-2027,3e,Tronc commun,THM-018,Thème 3 — Françaises et Français dans une République repensée,7.4.8 Transformations sociales : sous-corpus directement justifié par le programme,EXTENSION_PROGRAMME,EXTENSION_DIRECTE,,Loi réformant les régimes matrimoniaux et renforçant l'autonomie professionnelle de la femme mariée,Loi réformant les régimes matrimoniaux et renforçant l'autonomie professionnelle de la femme mariée,13 juillet 1965,,7. 3e — année scolaire 2026-2027 > 7.4 Thème 3 — Françaises et Français dans une République repensée > 7.4.8 Transformations sociales : sous-corpus directement justifié par le programme,1948,LNK7-0188,,LNK14-0188
LNK3-0189,LNK2-0189,LINK-0189,EVT-0130,2026-2027,3e,Tronc commun,THM-018,Thème 3 — Françaises et Français dans une République repensée,7.4.8 Transformations sociales : sous-corpus directement justifié par le programme,EXTENSION_PROGRAMME,EXTENSION_DIRECTE,,Loi remplaçant la puissance paternelle par l'autorité parentale,Loi remplaçant la puissance paternelle par l'autorité parentale,4 juin 1970,,7. 3e — année scolaire 2026-2027 > 7.4 Thème 3 — Françaises et Français dans une République repensée > 7.4.8 Transformations sociales : sous-corpus directement justifié par le programme,1949,LNK7-0189,,LNK14-0189
LNK3-0190,LNK2-0190,LINK-0190,EVT-0131,2026-2027,3e,Tronc commun,THM-018,Thème 3 — Françaises et Français dans une République repensée,7.4.8 Transformations sociales : sous-corpus directement justifié par le programme,EXTENSION_PROGRAMME,EXTENSION_DIRECTE,,Loi abaissant la majorité civile à 18 ans,Loi abaissant la majorité civile à 18 ans,5 juillet 1974,,7. 3e — année scolaire 2026-2027 > 7.4 Thème 3 — Françaises et Français dans une République repensée > 7.4.8 Transformations sociales : sous-corpus directement justifié par le programme,1950,LNK7-0190,,LNK14-0190
LNK3-0191,LNK2-0191,LINK-0191,EVT-0132,2026-2027,3e,Tronc commun,THM-018,Thème 3 — Françaises et Français dans une République repensée,7.4.8 Transformations sociales : sous-corpus directement justifié par le programme,REPERE_EDUSCOL,REPERE_EDUSCOL,,Loi Veil sur l'IVG,Loi Veil sur l'IVG,17 janvier 1975,,7. 3e — année scolaire 2026-2027 > 7.4 Thème 3 — Françaises et Français dans une République repensée > 7.4.8 Transformations sociales : sous-corpus directement justifié par le programme,1951,LNK7-0191,,LNK14-0191
LNK3-0192,LNK2-0192,LINK-0192,EVT-0133,2026-2027,3e,Tronc commun,THM-018,Thème 3 — Françaises et Français dans une République repensée,7.4.8 Transformations sociales : sous-corpus directement justifié par le programme,EXTENSION_PROGRAMME,EXTENSION_DIRECTE,,Abolition de la peine de mort,Abolition de la peine de mort,9 octobre 1981,,7. 3e — année scolaire 2026-2027 > 7.4 Thème 3 — Françaises et Français dans une République repensée > 7.4.8 Transformations sociales : sous-corpus directement justifié par le programme,1952,LNK7-0192,,LNK14-0192
LNK3-0193,LNK2-0193,LINK-0193,EVT-0134,2026-2027,3e,Tronc commun,THM-018,Thème 3 — Françaises et Français dans une République repensée,7.4.8 Transformations sociales : sous-corpus directement justifié par le programme,EXTENSION_PROGRAMME,EXTENSION_DIRECTE,,"Loi de décentralisation relative aux droits et libertés des communes, départements et régions","Loi de décentralisation relative aux droits et libertés des communes, départements et régions",2 mars 1982,,7. 3e — année scolaire 2026-2027 > 7.4 Thème 3 — Françaises et Français dans une République repensée > 7.4.8 Transformations sociales : sous-corpus directement justifié par le programme,1953,LNK7-0193,,LNK14-0193
LNK3-0194,LNK2-0194,LINK-0194,EVT-0135,2026-2027,3e,Tronc commun,THM-018,Thème 3 — Françaises et Français dans une République repensée,7.4.8 Transformations sociales : sous-corpus directement justifié par le programme,EXTENSION_PROGRAMME,EXTENSION_DIRECTE,,Loi instituant le revenu minimum d'insertion,Loi instituant le revenu minimum d'insertion,1er décembre 1988,,7. 3e — année scolaire 2026-2027 > 7.4 Thème 3 — Françaises et Français dans une République repensée > 7.4.8 Transformations sociales : sous-corpus directement justifié par le programme,1954,LNK7-0194,,LNK14-0194
LNK3-0195,LNK2-0195,LINK-0195,,2026-2027,Seconde générale et technologique,Tronc commun,,,8.2 Introduction — la périodisation,,,CONVENTIONAL,476,fin de l’Empire romain d’Occident / déposition de Romulus Augustule,,,8. Seconde générale et technologique — année scolaire 2026-2027 > 8.2 Introduction — la périodisation,2149,LNK7-0195,,LNK14-0195
LNK3-0196,LNK2-0196,LINK-0196,,2026-2027,Seconde générale et technologique,Tronc commun,,,8.2 Introduction — la périodisation,,,EXACT + CONVENTIONAL_BOUND,1453,prise de Constantinople par les Ottomans,,,8. Seconde générale et technologique — année scolaire 2026-2027 > 8.2 Introduction — la périodisation,2150,LNK7-0196,,LNK14-0196
LNK3-0197,LNK2-0197,LINK-0197,,2026-2027,Seconde générale et technologique,Tronc commun,,,8.2 Introduction — la périodisation,,,EXACT + CONVENTIONAL_BOUND,1492,arrivée de l’expédition de Colomb à Guanahaní,,,8. Seconde générale et technologique — année scolaire 2026-2027 > 8.2 Introduction — la périodisation,2151,LNK7-0197,,LNK14-0197
LNK3-0198,LNK2-0198,LINK-0198,,2026-2027,Seconde générale et technologique,Tronc commun,,,8.2 Introduction — la périodisation,,,CONVENTIONAL_BOUND,1789,Révolution française / début conventionnel de l’époque contemporaine en France,,,8. Seconde générale et technologique — année scolaire 2026-2027 > 8.2 Introduction — la périodisation,2152,LNK7-0198,,LNK14-0198
LNK3-0199,LNK2-0199,LINK-0199,EVT-0136,2026-2027,Seconde générale et technologique,Tronc commun,THM-019,Thème 1 — Le monde méditerranéen : empreintes de l’Antiquité et du Moyen Âge,8.3.2 Premier lot canonique,,,APPROXIMATE_RANGE,Périclès,« moment Périclès » / Athènes du Ve siècle av. J.-C.,env. 461-429 av. J.-C. pour sa prééminence politique ; décès en 429,"PPO de personnage, pas une date unique",8. Seconde générale et technologique — année scolaire 2026-2027 > 8.3 Thème 1 — Le monde méditerranéen : empreintes de l’Antiquité et du Moyen Âge > 8.3.2 Premier lot canonique,2179,LNK7-0199,,LNK14-0199
LNK3-0200,LNK2-0200,LINK-0200,EVT-0031,2026-2027,Seconde générale et technologique,Tronc commun,THM-019,Thème 1 — Le monde méditerranéen : empreintes de l’Antiquité et du Moyen Âge,8.3.2 Premier lot canonique,,,EXACT pour l’attribution du titre,Auguste,Octavien reçoit le titre d’Auguste,16 janvier 27 av. J.-C.,début de l’Empire romain = convention historiographique liée au règlement de 27,8. Seconde générale et technologique — année scolaire 2026-2027 > 8.3 Thème 1 — Le monde méditerranéen : empreintes de l’Antiquité et du Moyen Âge > 8.3.2 Premier lot canonique,2180,LNK7-0200,,LNK14-0200
LNK3-0201,LNK2-0201,LINK-0201,EVT-0032,2026-2027,Seconde générale et technologique,Tronc commun,THM-019,Thème 1 — Le monde méditerranéen : empreintes de l’Antiquité et du Moyen Âge,8.3.2 Premier lot canonique,,,RANGE,Auguste,Principat / règne d’Auguste,27 av. J.-C. – 14 apr. J.-C.,réutilisation de l’audit 6e,8. Seconde générale et technologique — année scolaire 2026-2027 > 8.3 Thème 1 — Le monde méditerranéen : empreintes de l’Antiquité et du Moyen Âge > 8.3.2 Premier lot canonique,2181,LNK7-0201,,LNK14-0201
LNK3-0202,LNK2-0202,LINK-0202,EVT-0038,2026-2027,Seconde générale et technologique,Tronc commun,THM-019,Thème 1 — Le monde méditerranéen : empreintes de l’Antiquité et du Moyen Âge,8.3.2 Premier lot canonique,,,YEAR_EXACT,Constantin,Constantin devient seul maître de l’Empire,324 apr. J.-C.,ne pas reprendre l’erreur Éduscol 6e « 305 » déjà documentée,8. Seconde générale et technologique — année scolaire 2026-2027 > 8.3 Thème 1 — Le monde méditerranéen : empreintes de l’Antiquité et du Moyen Âge > 8.3.2 Premier lot canonique,2182,LNK7-0202,,LNK14-0202
LNK3-0203,LNK2-0203,LINK-0203,EVT-0037,2026-2027,Seconde générale et technologique,Tronc commun,THM-019,Thème 1 — Le monde méditerranéen : empreintes de l’Antiquité et du Moyen Âge,8.3.2 Premier lot canonique,,,YEAR_EXACT,Constantin,Concile de Nicée,325 apr. J.-C.,événement lié à la christianisation impériale,8. Seconde générale et technologique — année scolaire 2026-2027 > 8.3 Thème 1 — Le monde méditerranéen : empreintes de l’Antiquité et du Moyen Âge > 8.3.2 Premier lot canonique,2183,LNK7-0203,,LNK14-0203
LNK3-0204,LNK2-0204,LINK-0204,EVT-0139,2026-2027,Seconde générale et technologique,Tronc commun,THM-019,Thème 1 — Le monde méditerranéen : empreintes de l’Antiquité et du Moyen Âge,8.3.2 Premier lot canonique,,,EXACT_WITH_NUANCE,Constantin,inauguration/dédicace de Constantinople comme capitale impériale,11 mai 330,utile comme événement relié ; ne résume pas seul la « réorganisation territoriale »,8. Seconde générale et technologique — année scolaire 2026-2027 > 8.3 Thème 1 — Le monde méditerranéen : empreintes de l’Antiquité et du Moyen Âge > 8.3.2 Premier lot canonique,2184,LNK7-0204,,LNK14-0204
LNK3-0205,LNK2-0205,LINK-0205,EVT-0140,2026-2027,Seconde générale et technologique,Tronc commun,THM-019,Thème 1 — Le monde méditerranéen : empreintes de l’Antiquité et du Moyen Âge,8.3.2 Premier lot canonique,,,EXACT_WITH_NUANCE,Bernard de Clairvaux,prédication de la deuxième croisade à Vézelay,31 mars 1146,événement préparatoire à distinguer de la croisade elle-même,8. Seconde générale et technologique — année scolaire 2026-2027 > 8.3 Thème 1 — Le monde méditerranéen : empreintes de l’Antiquité et du Moyen Âge > 8.3.2 Premier lot canonique,2185,LNK7-0205,,LNK14-0205
LNK3-0206,LNK2-0206,LINK-0206,EVT-0141,2026-2027,Seconde générale et technologique,Tronc commun,THM-019,Thème 1 — Le monde méditerranéen : empreintes de l’Antiquité et du Moyen Âge,8.3.2 Premier lot canonique,,,RANGE,Deuxième croisade,campagne principale,1147-1149,"PPO lié à Bernard, pas un événement d’un jour",8. Seconde générale et technologique — année scolaire 2026-2027 > 8.3 Thème 1 — Le monde méditerranéen : empreintes de l’Antiquité et du Moyen Âge > 8.3.2 Premier lot canonique,2186,LNK7-0206,,LNK14-0206
LNK3-0207,LNK2-0207,LINK-0207,EVT-0142,2026-2027,Seconde générale et technologique,Tronc commun,THM-019,Thème 1 — Le monde méditerranéen : empreintes de l’Antiquité et du Moyen Âge,8.3.2 Premier lot canonique,,,PROCESS,Venise,puissance maritime et commerciale médiévale,pas de date unique,surtout XIe-XVe siècles selon l’objet étudié,8. Seconde générale et technologique — année scolaire 2026-2027 > 8.3 Thème 1 — Le monde méditerranéen : empreintes de l’Antiquité et du Moyen Âge > 8.3.2 Premier lot canonique,2187,LNK7-0207,,LNK14-0207
LNK3-0208,LNK2-0208,LINK-0208,EVT-0062,2026-2027,Seconde générale et technologique,Tronc commun,THM-020,"Thème 2 — XVe-XVIe siècles : un nouveau rapport au monde, un temps de mutation intellectuelle",8.4.2 Premier lot canonique,,,EXTENSION_DIRECTE / EXACT,basculement atlantique,prise de Constantinople,29 mai 1453,,"8. Seconde générale et technologique — année scolaire 2026-2027 > 8.4 Thème 2 — XVe-XVIe siècles : un nouveau rapport au monde, un temps de mutation intellectuelle > 8.4.2 Premier lot canonique",2228,LNK7-0208,,LNK14-0208
LNK3-0209,LNK2-0209,LINK-0209,EVT-0063,2026-2027,Seconde générale et technologique,Tronc commun,THM-020,"Thème 2 — XVe-XVIe siècles : un nouveau rapport au monde, un temps de mutation intellectuelle",8.4.2 Premier lot canonique,,,EXTENSION_DIRECTE / EXACT,basculement atlantique,débarquement de Colomb à Guanahaní,12 octobre 1492,,"8. Seconde générale et technologique — année scolaire 2026-2027 > 8.4 Thème 2 — XVe-XVIe siècles : un nouveau rapport au monde, un temps de mutation intellectuelle > 8.4.2 Premier lot canonique",2229,LNK7-0209,,LNK14-0209
LNK3-0210,LNK2-0210,LINK-0210,EVT-0143,2026-2027,Seconde générale et technologique,Tronc commun,THM-020,"Thème 2 — XVe-XVIe siècles : un nouveau rapport au monde, un temps de mutation intellectuelle",8.4.2 Premier lot canonique,,,EXTENSION_DIRECTE / RANGE,connaissance du monde,première circumnavigation achevée par l’expédition Magellan-Elcano,20 septembre 1519 – 6 septembre 1522,,"8. Seconde générale et technologique — année scolaire 2026-2027 > 8.4 Thème 2 — XVe-XVIe siècles : un nouveau rapport au monde, un temps de mutation intellectuelle > 8.4.2 Premier lot canonique",2230,LNK7-0210,,LNK14-0210
LNK3-0211,LNK2-0211,LINK-0211,EVT-0144,2026-2027,Seconde générale et technologique,Tronc commun,THM-020,"Thème 2 — XVe-XVIe siècles : un nouveau rapport au monde, un temps de mutation intellectuelle",8.4.2 Premier lot canonique,,,PPO_BO / RANGE,Las Casas / Valladolid,controverse de Valladolid,1550-1551,,"8. Seconde générale et technologique — année scolaire 2026-2027 > 8.4 Thème 2 — XVe-XVIe siècles : un nouveau rapport au monde, un temps de mutation intellectuelle > 8.4.2 Premier lot canonique",2231,LNK7-0211,,LNK14-0211
LNK3-0212,LNK2-0212,LINK-0212,EVT-0145,2026-2027,Seconde générale et technologique,Tronc commun,THM-020,"Thème 2 — XVe-XVIe siècles : un nouveau rapport au monde, un temps de mutation intellectuelle",8.4.2 Premier lot canonique,,,PPO_BO / PROCESS,économie sucrière / esclavage,développement atlantique de plantation et de traite,processus pluriséculaire,,"8. Seconde générale et technologique — année scolaire 2026-2027 > 8.4 Thème 2 — XVe-XVIe siècles : un nouveau rapport au monde, un temps de mutation intellectuelle > 8.4.2 Premier lot canonique",2232,LNK7-0212,,LNK14-0212
LNK3-0213,LNK2-0213,LINK-0213,EVT-0146,2026-2027,Seconde générale et technologique,Tronc commun,THM-020,"Thème 2 — XVe-XVIe siècles : un nouveau rapport au monde, un temps de mutation intellectuelle",8.4.2 Premier lot canonique,,,EXTENSION_DIRECTE / EXACT,Michel-Ange,signature du contrat pour la voûte de la Chapelle Sixtine,8 mai 1508,,"8. Seconde générale et technologique — année scolaire 2026-2027 > 8.4 Thème 2 — XVe-XVIe siècles : un nouveau rapport au monde, un temps de mutation intellectuelle > 8.4.2 Premier lot canonique",2233,LNK7-0213,,LNK14-0213
LNK3-0214,LNK2-0214,LINK-0214,EVT-0147,2026-2027,Seconde générale et technologique,Tronc commun,THM-020,"Thème 2 — XVe-XVIe siècles : un nouveau rapport au monde, un temps de mutation intellectuelle",8.4.2 Premier lot canonique,,,PPO_BO / RANGE,Michel-Ange,réalisation de la voûte,1508-1512,,"8. Seconde générale et technologique — année scolaire 2026-2027 > 8.4 Thème 2 — XVe-XVIe siècles : un nouveau rapport au monde, un temps de mutation intellectuelle > 8.4.2 Premier lot canonique",2234,LNK7-0214,,LNK14-0214
LNK3-0215,LNK2-0215,LINK-0215,EVT-0148,2026-2027,Seconde générale et technologique,Tronc commun,THM-020,"Thème 2 — XVe-XVIe siècles : un nouveau rapport au monde, un temps de mutation intellectuelle",8.4.2 Premier lot canonique,,,EXTENSION_DIRECTE / EXACT,Michel-Ange,inauguration de la voûte achevée,1er novembre 1512,,"8. Seconde générale et technologique — année scolaire 2026-2027 > 8.4 Thème 2 — XVe-XVIe siècles : un nouveau rapport au monde, un temps de mutation intellectuelle > 8.4.2 Premier lot canonique",2235,LNK7-0215,,LNK14-0215
LNK3-0216,LNK2-0216,LINK-0216,EVT-0149,2026-2027,Seconde générale et technologique,Tronc commun,THM-020,"Thème 2 — XVe-XVIe siècles : un nouveau rapport au monde, un temps de mutation intellectuelle",8.4.2 Premier lot canonique,,,PPO_BO / APPROXIMATE_RANGE,Érasme,vie d’Érasme,v. 1466/1469-1536,,"8. Seconde générale et technologique — année scolaire 2026-2027 > 8.4 Thème 2 — XVe-XVIe siècles : un nouveau rapport au monde, un temps de mutation intellectuelle > 8.4.2 Premier lot canonique",2236,LNK7-0216,,LNK14-0216
LNK3-0217,LNK2-0217,LINK-0217,EVT-0064,2026-2027,Seconde générale et technologique,Tronc commun,THM-020,"Thème 2 — XVe-XVIe siècles : un nouveau rapport au monde, un temps de mutation intellectuelle",8.4.2 Premier lot canonique,,,PPO_BO / VERIFIED_WITH_NUANCE,Luther,diffusion conventionnelle des 95 thèses,31 octobre 1517,,"8. Seconde générale et technologique — année scolaire 2026-2027 > 8.4 Thème 2 — XVe-XVIe siècles : un nouveau rapport au monde, un temps de mutation intellectuelle > 8.4.2 Premier lot canonique",2237,LNK7-0217,,LNK14-0217
LNK3-0218,LNK2-0218,LINK-0218,EVT-0151,2026-2027,Seconde générale et technologique,Tronc commun,THM-021,Thème 3 — L’État à l’époque moderne : France et Angleterre,8.5.2 Dates canoniques prioritaires,,,PPO_BO / EXACT,Villers-Cotterêts,ordonnance de Villers-Cotterêts,25 août 1539,,8. Seconde générale et technologique — année scolaire 2026-2027 > 8.5 Thème 3 — L’État à l’époque moderne : France et Angleterre > 8.5.2 Dates canoniques prioritaires,2299,LNK7-0218,,LNK14-0218
LNK3-0219,LNK2-0219,LINK-0219,EVT-0152,2026-2027,Seconde générale et technologique,Tronc commun,THM-021,Thème 3 — L’État à l’époque moderne : France et Angleterre,8.5.2 Dates canoniques prioritaires,,,PPO_BO / MONTH,Colbert,création de la Compagnie française des Indes orientales,août 1664,,8. Seconde générale et technologique — année scolaire 2026-2027 > 8.5 Thème 3 — L’État à l’époque moderne : France et Angleterre > 8.5.2 Dates canoniques prioritaires,2300,LNK7-0219,,LNK14-0219
LNK3-0220,LNK2-0220,LINK-0220,EVT-0153,2026-2027,Seconde générale et technologique,Tronc commun,THM-021,Thème 3 — L’État à l’époque moderne : France et Angleterre,8.5.2 Dates canoniques prioritaires,,,EXTENSION_DIRECTE / EXACT_WITH_NUANCE,Colbert,déclaration royale liée aux compagnies des Indes orientales et occidentales,27 août 1664,,8. Seconde générale et technologique — année scolaire 2026-2027 > 8.5 Thème 3 — L’État à l’époque moderne : France et Angleterre > 8.5.2 Dates canoniques prioritaires,2301,LNK7-0220,,LNK14-0220
LNK3-0221,LNK2-0221,LINK-0221,EVT-0154,2026-2027,Seconde générale et technologique,Tronc commun,THM-021,Thème 3 — L’État à l’époque moderne : France et Angleterre,8.5.2 Dates canoniques prioritaires,,,PPO_BO / EXACT,Versailles,installation de la Cour et du siège du gouvernement à Versailles,6 mai 1682,,8. Seconde générale et technologique — année scolaire 2026-2027 > 8.5 Thème 3 — L’État à l’époque moderne : France et Angleterre > 8.5.2 Dates canoniques prioritaires,2302,LNK7-0221,,LNK14-0221
LNK3-0222,LNK2-0222,LINK-0222,EVT-0065,2026-2027,Seconde générale et technologique,Tronc commun,THM-021,Thème 3 — L’État à l’époque moderne : France et Angleterre,8.5.2 Dates canoniques prioritaires,,,PPO_BO / EXACT,Édit de Nantes,édit de Nantes,13 avril 1598,,8. Seconde générale et technologique — année scolaire 2026-2027 > 8.5 Thème 3 — L’État à l’époque moderne : France et Angleterre > 8.5.2 Dates canoniques prioritaires,2303,LNK7-0222,,LNK14-0222
LNK3-0223,LNK2-0223,LINK-0223,EVT-0076,2026-2027,Seconde générale et technologique,Tronc commun,THM-021,Thème 3 — L’État à l’époque moderne : France et Angleterre,8.5.2 Dates canoniques prioritaires,,,PPO_BO / EXACT,révocation,édit de Fontainebleau / révocation de l’édit de Nantes,18 octobre 1685,,8. Seconde générale et technologique — année scolaire 2026-2027 > 8.5 Thème 3 — L’État à l’époque moderne : France et Angleterre > 8.5.2 Dates canoniques prioritaires,2304,LNK7-0223,,LNK14-0223
LNK3-0224,LNK2-0224,LINK-0224,EVT-0156,2026-2027,Seconde générale et technologique,Tronc commun,THM-021,Thème 3 — L’État à l’époque moderne : France et Angleterre,8.5.2 Dates canoniques prioritaires,,,PPO_BO / EXACT,Habeas Corpus,assentiment royal au Habeas Corpus Act,27 mai 1679,,8. Seconde générale et technologique — année scolaire 2026-2027 > 8.5 Thème 3 — L’État à l’époque moderne : France et Angleterre > 8.5.2 Dates canoniques prioritaires,2305,LNK7-0224,,LNK14-0224
LNK3-0225,LNK2-0225,LINK-0225,EVT-0157,2026-2027,Seconde générale et technologique,Tronc commun,THM-021,Thème 3 — L’État à l’époque moderne : France et Angleterre,8.5.2 Dates canoniques prioritaires,,,PPO_BO / EXACT,Bill of Rights,assentiment royal au Bill of Rights,16 décembre 1689,,8. Seconde générale et technologique — année scolaire 2026-2027 > 8.5 Thème 3 — L’État à l’époque moderne : France et Angleterre > 8.5.2 Dates canoniques prioritaires,2306,LNK7-0225,,LNK14-0225
LNK3-0226,LNK2-0226,LINK-0226,EVT-0158,2026-2027,Seconde générale et technologique,Tronc commun,THM-021,Thème 3 — L’État à l’époque moderne : France et Angleterre,8.5.2 Dates canoniques prioritaires,,,PPO_BO / RANGE_WITH_NUANCE,Voltaire,séjour/exil de Voltaire en Angleterre,1726-1728/1729 selon la borne biographique retenue,,8. Seconde générale et technologique — année scolaire 2026-2027 > 8.5 Thème 3 — L’État à l’époque moderne : France et Angleterre > 8.5.2 Dates canoniques prioritaires,2307,LNK7-0226,,LNK14-0226
LNK3-0227,LNK2-0227,LINK-0227,EVT-0159,2026-2027,Seconde générale et technologique,Tronc commun,THM-021,Thème 3 — L’État à l’époque moderne : France et Angleterre,8.5.2 Dates canoniques prioritaires,,,PPO_BO / YEAR_EXACT,Voltaire,édition anglaise *Letters concerning the English Nation*,1733,,8. Seconde générale et technologique — année scolaire 2026-2027 > 8.5 Thème 3 — L’État à l’époque moderne : France et Angleterre > 8.5.2 Dates canoniques prioritaires,2308,LNK7-0227,,LNK14-0227
LNK3-0228,LNK2-0228,LINK-0228,EVT-0160,2026-2027,Seconde générale et technologique,Tronc commun,THM-021,Thème 3 — L’État à l’époque moderne : France et Angleterre,8.5.2 Dates canoniques prioritaires,,,EXTENSION_DIRECTE / YEAR_EXACT,Voltaire,première édition française des *Lettres philosophiques*,1734,,8. Seconde générale et technologique — année scolaire 2026-2027 > 8.5 Thème 3 — L’État à l’époque moderne : France et Angleterre > 8.5.2 Dates canoniques prioritaires,2309,LNK7-0228,,LNK14-0228
LNK3-0229,LNK2-0229,LINK-0229,EVT-0161,2026-2027,Seconde générale et technologique,Tronc commun,THM-021,Thème 3 — L’État à l’époque moderne : France et Angleterre,8.5.2 Dates canoniques prioritaires,,,PPO_BO / EXACT,Washington,première investiture/inauguration présidentielle,30 avril 1789,,8. Seconde générale et technologique — année scolaire 2026-2027 > 8.5 Thème 3 — L’État à l’époque moderne : France et Angleterre > 8.5.2 Dates canoniques prioritaires,2310,LNK7-0229,,LNK14-0229
LNK3-0230,LNK2-0230,LINK-0230,EVT-0162,2026-2027,Seconde générale et technologique,Tronc commun,THM-022,Thème 4 — Dynamiques et ruptures dans les sociétés des XVIIe et XVIIIe siècles,8.6.2 Premier lot canonique,,,PPO_BO / MONTH,Galilée,observations télescopiques et publication du *Sidereus Nuncius*,mars 1610 pour la publication,,8. Seconde générale et technologique — année scolaire 2026-2027 > 8.6 Thème 4 — Dynamiques et ruptures dans les sociétés des XVIIe et XVIIIe siècles > 8.6.2 Premier lot canonique,2441,LNK7-0230,,LNK14-0230
LNK3-0231,LNK2-0231,LINK-0231,EVT-0163,2026-2027,Seconde générale et technologique,Tronc commun,THM-022,Thème 4 — Dynamiques et ruptures dans les sociétés des XVIIe et XVIIIe siècles,8.6.2 Premier lot canonique,,,EXTENSION_DIRECTE / EXACT,Galilée,condamnation par le Saint-Office,22 juin 1633,,8. Seconde générale et technologique — année scolaire 2026-2027 > 8.6 Thème 4 — Dynamiques et ruptures dans les sociétés des XVIIe et XVIIIe siècles > 8.6.2 Premier lot canonique,2442,LNK7-0231,,LNK14-0231
LNK3-0232,LNK2-0232,LINK-0232,EVT-0164,2026-2027,Seconde générale et technologique,Tronc commun,THM-022,Thème 4 — Dynamiques et ruptures dans les sociétés des XVIIe et XVIIIe siècles,8.6.2 Premier lot canonique,,,PPO_BO / YEAR_EXACT,Newcomen,première machine atmosphérique pratique de Newcomen utilisée pour pomper une mine,1712,,8. Seconde générale et technologique — année scolaire 2026-2027 > 8.6 Thème 4 — Dynamiques et ruptures dans les sociétés des XVIIe et XVIIIe siècles > 8.6.2 Premier lot canonique,2443,LNK7-0232,,LNK14-0232
LNK3-0233,LNK2-0233,LINK-0233,EVT-0165,2026-2027,Seconde générale et technologique,Tronc commun,THM-022,Thème 4 — Dynamiques et ruptures dans les sociétés des XVIIe et XVIIIe siècles,8.6.2 Premier lot canonique,,,EXTENSION_DIRECTE / YEAR_EXACT,Émilie du Châtelet,publication posthume de sa traduction commentée des *Principia* de Newton,1759,,8. Seconde générale et technologique — année scolaire 2026-2027 > 8.6 Thème 4 — Dynamiques et ruptures dans les sociétés des XVIIe et XVIIIe siècles > 8.6.2 Premier lot canonique,2444,LNK7-0233,,LNK14-0233
LNK3-0234,LNK2-0234,LINK-0234,EVT-0166,2026-2027,Seconde générale et technologique,Tronc commun,THM-022,Thème 4 — Dynamiques et ruptures dans les sociétés des XVIIe et XVIIIe siècles,8.6.2 Premier lot canonique,,,CONNAISSANCE_EXPLICITE / RANGE,Encyclopédie,publication de l’*Encyclopédie* de Diderot et d’Alembert,1751-1772,,8. Seconde générale et technologique — année scolaire 2026-2027 > 8.6 Thème 4 — Dynamiques et ruptures dans les sociétés des XVIIe et XVIIIe siècles > 8.6.2 Premier lot canonique,2445,LNK7-0234,,LNK14-0234
LNK3-0235,LNK2-0235,LINK-0235,EVT-0167,2026-2027,Seconde générale et technologique,Tronc commun,THM-022,Thème 4 — Dynamiques et ruptures dans les sociétés des XVIIe et XVIIIe siècles,8.6.2 Premier lot canonique,,,PPO_BO / YEAR_EXACT à ce stade,Va Nu-pieds,révolte normande des Va Nu-pieds,1639,,8. Seconde générale et technologique — année scolaire 2026-2027 > 8.6 Thème 4 — Dynamiques et ruptures dans les sociétés des XVIIe et XVIIIe siècles > 8.6.2 Premier lot canonique,2446,LNK7-0235,,LNK14-0235
LNK3-0236,LNK2-0236,LINK-0236,EVT-0168,2026-2027,Seconde générale et technologique,Tronc commun,THM-022,Thème 4 — Dynamiques et ruptures dans les sociétés des XVIIe et XVIIIe siècles,8.6.2 Premier lot canonique,,,PPO_BO / PROCESS,riches/pauvres à Paris,structures sociales et pauvreté urbaine,XVIIIe siècle,,8. Seconde générale et technologique — année scolaire 2026-2027 > 8.6 Thème 4 — Dynamiques et ruptures dans les sociétés des XVIIe et XVIIIe siècles > 8.6.2 Premier lot canonique,2447,LNK7-0236,,LNK14-0236
LNK3-0237,LNK2-0237,LINK-0237,EVT-0169,2026-2027,Seconde générale et technologique,Tronc commun,THM-022,Thème 4 — Dynamiques et ruptures dans les sociétés des XVIIe et XVIIIe siècles,8.6.2 Premier lot canonique,,,PPO_BO / PROCESS,salon de Mme de Tencin,sociabilité des salons,première moitié du XVIIIe siècle,,8. Seconde générale et technologique — année scolaire 2026-2027 > 8.6 Thème 4 — Dynamiques et ruptures dans les sociétés des XVIIe et XVIIIe siècles > 8.6.2 Premier lot canonique,2448,LNK7-0237,,LNK14-0237
LNK3-0238,LNK2-0238,LINK-0238,EVT-0170,2026-2027,Seconde générale et technologique,Tronc commun,THM-022,Thème 4 — Dynamiques et ruptures dans les sociétés des XVIIe et XVIIIe siècles,8.6.2 Premier lot canonique,,,PPO_BO / PROCESS,ports / plantation / traite,essor portuaire français lié au commerce colonial et à la traite,XVIIe-XVIIIe siècles,,8. Seconde générale et technologique — année scolaire 2026-2027 > 8.6 Thème 4 — Dynamiques et ruptures dans les sociétés des XVIIe et XVIIIe siècles > 8.6.2 Premier lot canonique,2449,LNK7-0238,,LNK14-0238
LNK3-0239,LNK2-0239,LINK-0239,EVT-0171,2026-2027,Première générale,Tronc commun,THM-024,Thème 1 — L’Europe face aux révolutions,9.2.2 Premier lot canonique — Révolution et Empire,,,EXACT,Madame Roland,arrestation de Madame Roland,31 mai 1793,événement biographique relié au PPO ; le PPO lui-même est un personnage,9. Première générale — année scolaire 2026-2027 > 9.2 Thème 1 — L’Europe face aux révolutions > 9.2.2 Premier lot canonique — Révolution et Empire,2699,LNK7-0239,,LNK14-0239
LNK3-0240,LNK2-0240,LINK-0240,EVT-0172,2026-2027,Première générale,Tronc commun,THM-024,Thème 1 — L’Europe face aux révolutions,9.2.2 Premier lot canonique — Révolution et Empire,,,EXACT,Madame Roland,exécution de Madame Roland,8 novembre 1793,BnF,9. Première générale — année scolaire 2026-2027 > 9.2 Thème 1 — L’Europe face aux révolutions > 9.2.2 Premier lot canonique — Révolution et Empire,2700,LNK7-0240,,LNK14-0240
LNK3-0241,LNK2-0241,LINK-0241,EVT-0173,2026-2027,Première générale,Tronc commun,THM-024,Thème 1 — L’Europe face aux révolutions,9.2.2 Premier lot canonique — Révolution et Empire,,,EXTENSION_DIRECTE / EXACT,Révolution,prise de la Bastille,14 juillet 1789,déjà canonisé en CM1,9. Première générale — année scolaire 2026-2027 > 9.2 Thème 1 — L’Europe face aux révolutions > 9.2.2 Premier lot canonique — Révolution et Empire,2701,LNK7-0241,,LNK14-0241
LNK3-0242,LNK2-0242,LINK-0242,EVT-0174,2026-2027,Première générale,Tronc commun,THM-024,Thème 1 — L’Europe face aux révolutions,9.2.2 Premier lot canonique — Révolution et Empire,,,EXTENSION_DIRECTE / EXACT_WITH_NUANCE,Révolution,nuit du 4 août / abolition des privilèges,nuit du 4 au 5 août 1789,processus législatif poursuivi ensuite,9. Première générale — année scolaire 2026-2027 > 9.2 Thème 1 — L’Europe face aux révolutions > 9.2.2 Premier lot canonique — Révolution et Empire,2702,LNK7-0242,,LNK14-0242
LNK3-0243,LNK2-0243,LINK-0243,EVT-0175,2026-2027,Première générale,Tronc commun,THM-024,Thème 1 — L’Europe face aux révolutions,9.2.2 Premier lot canonique — Révolution et Empire,,,EXTENSION_DIRECTE / EXACT_WITH_NUANCE,Révolution,achèvement du vote de la DDHC,26 août 1789,articles discutés du 20 au 26 août,9. Première générale — année scolaire 2026-2027 > 9.2 Thème 1 — L’Europe face aux révolutions > 9.2.2 Premier lot canonique — Révolution et Empire,2703,LNK7-0243,,LNK14-0243
LNK3-0244,LNK2-0244,LINK-0244,EVT-0176,2026-2027,Première générale,Tronc commun,THM-024,Thème 1 — L’Europe face aux révolutions,9.2.2 Premier lot canonique — Révolution et Empire,,,EXTENSION_DIRECTE / EXACT,Louis XVI,décision de la Convention de juger Louis XVI,3 décembre 1792,début institutionnel de la séquence judiciaire,9. Première générale — année scolaire 2026-2027 > 9.2 Thème 1 — L’Europe face aux révolutions > 9.2.2 Premier lot canonique — Révolution et Empire,2704,LNK7-0244,,LNK14-0244
LNK3-0245,LNK2-0245,LINK-0245,EVT-0177,2026-2027,Première générale,Tronc commun,THM-024,Thème 1 — L’Europe face aux révolutions,9.2.2 Premier lot canonique — Révolution et Empire,,,EXTENSION_DIRECTE / EXACT,Louis XVI,présentation du rapport d’accusation,10 décembre 1792,33 chefs d’accusation,9. Première générale — année scolaire 2026-2027 > 9.2 Thème 1 — L’Europe face aux révolutions > 9.2.2 Premier lot canonique — Révolution et Empire,2705,LNK7-0245,,LNK14-0245
LNK3-0246,LNK2-0246,LINK-0246,EVT-0178,2026-2027,Première générale,Tronc commun,THM-024,Thème 1 — L’Europe face aux révolutions,9.2.2 Premier lot canonique — Révolution et Empire,,,RANGE,Louis XVI,condamnation / votes de janvier,15-20 janvier 1793,séquence de votes et notification,9. Première générale — année scolaire 2026-2027 > 9.2 Thème 1 — L’Europe face aux révolutions > 9.2.2 Premier lot canonique — Révolution et Empire,2706,LNK7-0246,,LNK14-0246
LNK3-0247,LNK2-0247,LINK-0247,EVT-0179,2026-2027,Première générale,Tronc commun,THM-024,Thème 1 — L’Europe face aux révolutions,9.2.2 Premier lot canonique — Révolution et Empire,,,PPO_BO / EXACT,Louis XVI,exécution de Louis XVI,21 janvier 1793,exécution à Paris ; l’Assemblée donne même 10 h 22,9. Première générale — année scolaire 2026-2027 > 9.2 Thème 1 — L’Europe face aux révolutions > 9.2.2 Premier lot canonique — Révolution et Empire,2707,LNK7-0247,,LNK14-0247
LNK3-0248,LNK2-0248,LINK-0248,EVT-0180,2026-2027,Première générale,Tronc commun,THM-024,Thème 1 — L’Europe face aux révolutions,9.2.2 Premier lot canonique — Révolution et Empire,,,PPO_BO / EXACT_WITH_NUANCE,Code civil,mise en vigueur/codification du Code civil,21 mars 1804,les lois constitutives ont été promulguées progressivement en 1803-1804,9. Première générale — année scolaire 2026-2027 > 9.2 Thème 1 — L’Europe face aux révolutions > 9.2.2 Premier lot canonique — Révolution et Empire,2708,LNK7-0248,,LNK14-0248
LNK3-0249,LNK2-0249,LINK-0249,EVT-0181,2026-2027,Première générale,Tronc commun,THM-024,Thème 1 — L’Europe face aux révolutions,9.2.5 Restauration et mouvements nationaux,PPO_BO,,RANGE,Metternich / Vienne,congrès de Vienne,septembre 1814 - juin 1815,conférence diplomatique longue,9. Première générale — année scolaire 2026-2027 > 9.2 Thème 1 — L’Europe face aux révolutions > 9.2.5 Restauration et mouvements nationaux,2750,LNK7-0249,,LNK14-0249
LNK3-0250,LNK2-0250,LINK-0250,EVT-0182,2026-2027,Première générale,Tronc commun,THM-024,Thème 1 — L’Europe face aux révolutions,9.2.5 Restauration et mouvements nationaux,PPO_BO,,EXACT,Metternich / Vienne,Acte final du congrès de Vienne,9 juin 1815,date précise à utiliser si le wording demande l’Acte final,9. Première générale — année scolaire 2026-2027 > 9.2 Thème 1 — L’Europe face aux révolutions > 9.2.5 Restauration et mouvements nationaux,2751,LNK7-0250,,LNK14-0250
LNK3-0251,LNK2-0251,LINK-0251,EVT-0183,2026-2027,Première générale,Tronc commun,THM-024,Thème 1 — L’Europe face aux révolutions,9.2.5 Restauration et mouvements nationaux,PPO_BO,,MONTH / TO_REVIEW_DAY,Chios,massacre de Chios,avril 1822,le PPO n’exige que 1822 ; ne pas inventer un jour tant que l’événement exact visé n’est pas défini,9. Première générale — année scolaire 2026-2027 > 9.2 Thème 1 — L’Europe face aux révolutions > 9.2.5 Restauration et mouvements nationaux,2752,LNK7-0251,,LNK14-0251
LNK3-0252,LNK2-0252,LINK-0252,EVT-0184,2026-2027,Première générale,Tronc commun,THM-024,Thème 1 — L’Europe face aux révolutions,9.2.5 Restauration et mouvements nationaux,PPO_BO,,RANGE,Trois Glorieuses,révolution parisienne des Trois Glorieuses,27-29 juillet 1830,"trois journées, pas un événement d’un seul jour",9. Première générale — année scolaire 2026-2027 > 9.2 Thème 1 — L’Europe face aux révolutions > 9.2.5 Restauration et mouvements nationaux,2753,LNK7-0252,,LNK14-0252
LNK3-0253,LNK2-0253,LINK-0253,EVT-0185,2026-2027,Première générale,Tronc commun,THM-025,Thème 2 — La France dans l’Europe des nationalités : politique et société (1848-1871),"9.3.2 1848 : créer un cluster, pas un seul événement « Révolution de 1848 »",,,,chute de la monarchie de Juillet / révolution de Février,chute de la monarchie de Juillet / révolution de Février,22-24 février 1848,RANGE_EVENT,"9. Première générale — année scolaire 2026-2027 > 9.3 Thème 2 — La France dans l’Europe des nationalités : politique et société (1848-1871) > 9.3.2 1848 : créer un cluster, pas un seul événement « Révolution de 1848 »",2784,LNK7-0253,,LNK14-0253
LNK3-0254,LNK2-0254,LINK-0254,EVT-0186,2026-2027,Première générale,Tronc commun,THM-025,Thème 2 — La France dans l’Europe des nationalités : politique et société (1848-1871),"9.3.2 1848 : créer un cluster, pas un seul événement « Révolution de 1848 »",,,,proclamation de la Deuxième République,proclamation de la Deuxième République,24 février 1848,PROCLAMATION,"9. Première générale — année scolaire 2026-2027 > 9.3 Thème 2 — La France dans l’Europe des nationalités : politique et société (1848-1871) > 9.3.2 1848 : créer un cluster, pas un seul événement « Révolution de 1848 »",2785,LNK7-0254,,LNK14-0254
LNK3-0255,LNK2-0255,LINK-0255,EVT-0187,2026-2027,Première générale,Tronc commun,THM-025,Thème 2 — La France dans l’Europe des nationalités : politique et société (1848-1871),"9.3.2 1848 : créer un cluster, pas un seul événement « Révolution de 1848 »",,,,décret instaurant le suffrage universel masculin,décret instaurant le suffrage universel masculin,5 mars 1848,LEGAL_ACT,"9. Première générale — année scolaire 2026-2027 > 9.3 Thème 2 — La France dans l’Europe des nationalités : politique et société (1848-1871) > 9.3.2 1848 : créer un cluster, pas un seul événement « Révolution de 1848 »",2786,LNK7-0255,,LNK14-0255
LNK3-0256,LNK2-0256,LINK-0256,EVT-0188,2026-2027,Première générale,Tronc commun,THM-025,Thème 2 — La France dans l’Europe des nationalités : politique et société (1848-1871),"9.3.2 1848 : créer un cluster, pas un seul événement « Révolution de 1848 »",,,,abolition de l’esclavage dans les colonies françaises,abolition de l’esclavage dans les colonies françaises,27 avril 1848,LEGAL_ACT,"9. Première générale — année scolaire 2026-2027 > 9.3 Thème 2 — La France dans l’Europe des nationalités : politique et société (1848-1871) > 9.3.2 1848 : créer un cluster, pas un seul événement « Révolution de 1848 »",2787,LNK7-0256,,LNK14-0256
LNK3-0257,LNK2-0257,LINK-0257,EVT-0189,2026-2027,Première générale,Tronc commun,THM-025,Thème 2 — La France dans l’Europe des nationalités : politique et société (1848-1871),"9.3.2 1848 : créer un cluster, pas un seul événement « Révolution de 1848 »",,,,Constitution de la Deuxième République,Constitution de la Deuxième République,4 novembre 1848,LEGAL_ACT,"9. Première générale — année scolaire 2026-2027 > 9.3 Thème 2 — La France dans l’Europe des nationalités : politique et société (1848-1871) > 9.3.2 1848 : créer un cluster, pas un seul événement « Révolution de 1848 »",2788,LNK7-0257,,LNK14-0257
LNK3-0258,LNK2-0258,LINK-0258,EVT-0190,2026-2027,Première générale,Tronc commun,THM-025,Thème 2 — La France dans l’Europe des nationalités : politique et société (1848-1871),"9.3.2 1848 : créer un cluster, pas un seul événement « Révolution de 1848 »",,,,élection de Louis-Napoléon Bonaparte à la présidence,élection de Louis-Napoléon Bonaparte à la présidence,10 décembre 1848,ELECTION,"9. Première générale — année scolaire 2026-2027 > 9.3 Thème 2 — La France dans l’Europe des nationalités : politique et société (1848-1871) > 9.3.2 1848 : créer un cluster, pas un seul événement « Révolution de 1848 »",2789,LNK7-0258,,LNK14-0258
LNK3-0259,LNK2-0259,LINK-0259,EVT-0191,2026-2027,Première générale,Tronc commun,THM-025,Thème 2 — La France dans l’Europe des nationalités : politique et société (1848-1871),"9.3.2 1848 : créer un cluster, pas un seul événement « Révolution de 1848 »",,,,prestation de serment / entrée en fonction de Louis-Napoléon,prestation de serment / entrée en fonction de Louis-Napoléon,20 décembre 1848,OCCURRENCE,"9. Première générale — année scolaire 2026-2027 > 9.3 Thème 2 — La France dans l’Europe des nationalités : politique et société (1848-1871) > 9.3.2 1848 : créer un cluster, pas un seul événement « Révolution de 1848 »",2790,LNK7-0259,,LNK14-0259
LNK3-0260,LNK2-0260,LINK-0260,EVT-0192,2026-2027,Première générale,Tronc commun,THM-025,Thème 2 — La France dans l’Europe des nationalités : politique et société (1848-1871),"9.3.4 Industrialisation, Haussmann, Pereire et droit de grève",,,PROCESS,Paris haussmannien,Paris haussmannien,1853-1870 environ,,"9. Première générale — année scolaire 2026-2027 > 9.3 Thème 2 — La France dans l’Europe des nationalités : politique et société (1848-1871) > 9.3.4 Industrialisation, Haussmann, Pereire et droit de grève",2813,LNK7-0260,,LNK14-0260
LNK3-0261,LNK2-0261,LINK-0261,EVT-0193,2026-2027,Première générale,Tronc commun,THM-025,Thème 2 — La France dans l’Europe des nationalités : politique et société (1848-1871),"9.3.4 Industrialisation, Haussmann, Pereire et droit de grève",,,EXACT,Haussmann,Haussmann,22 juin 1853,,"9. Première générale — année scolaire 2026-2027 > 9.3 Thème 2 — La France dans l’Europe des nationalités : politique et société (1848-1871) > 9.3.4 Industrialisation, Haussmann, Pereire et droit de grève",2814,LNK7-0261,,LNK14-0261
LNK3-0262,LNK2-0262,LINK-0262,EVT-0194,2026-2027,Première générale,Tronc commun,THM-025,Thème 2 — La France dans l’Europe des nationalités : politique et société (1848-1871),"9.3.4 Industrialisation, Haussmann, Pereire et droit de grève",,,PROCESS,frères Pereire,frères Pereire,années 1850-1860,,"9. Première générale — année scolaire 2026-2027 > 9.3 Thème 2 — La France dans l’Europe des nationalités : politique et société (1848-1871) > 9.3.4 Industrialisation, Haussmann, Pereire et droit de grève",2815,LNK7-0262,,LNK14-0262
LNK3-0263,LNK2-0263,LINK-0263,EVT-0195,2026-2027,Première générale,Tronc commun,THM-025,Thème 2 — La France dans l’Europe des nationalités : politique et société (1848-1871),"9.3.4 Industrialisation, Haussmann, Pereire et droit de grève",,,YEAR_EXACT à documenter plus finement si acte exact isolé,Crédit mobilier,Crédit mobilier,1852,,"9. Première générale — année scolaire 2026-2027 > 9.3 Thème 2 — La France dans l’Europe des nationalités : politique et société (1848-1871) > 9.3.4 Industrialisation, Haussmann, Pereire et droit de grève",2816,LNK7-0263,,LNK14-0263
LNK3-0264,LNK2-0264,LINK-0264,EVT-0196,2026-2027,Première générale,Tronc commun,THM-025,Thème 2 — La France dans l’Europe des nationalités : politique et société (1848-1871),"9.3.4 Industrialisation, Haussmann, Pereire et droit de grève",,,PPO_BO / EXACT,loi Ollivier / coalition,loi Ollivier / coalition,25 mai 1864,,"9. Première générale — année scolaire 2026-2027 > 9.3 Thème 2 — La France dans l’Europe des nationalités : politique et société (1848-1871) > 9.3.4 Industrialisation, Haussmann, Pereire et droit de grève",2817,LNK7-0264,,LNK14-0264
LNK3-0265,LNK2-0265,LINK-0265,EVT-0197,2026-2027,Première générale,Tronc commun,THM-025,Thème 2 — La France dans l’Europe des nationalités : politique et société (1848-1871),"9.3.5 Nice, Savoie et unité allemande",,,EXACT,traité de Turin cédant Savoie et comté de Nice à la France,traité de Turin cédant Savoie et comté de Nice à la France,24 mars 1860,acte diplomatique canonique,"9. Première générale — année scolaire 2026-2027 > 9.3 Thème 2 — La France dans l’Europe des nationalités : politique et société (1848-1871) > 9.3.5 Nice, Savoie et unité allemande",2827,LNK7-0265,,LNK14-0265
LNK3-0266,LNK2-0266,LINK-0266,EVT-0198,2026-2027,Première générale,Tronc commun,THM-025,Thème 2 — La France dans l’Europe des nationalités : politique et société (1848-1871),"9.3.5 Nice, Savoie et unité allemande",,,PROCESS_CLUSTER,rattachement effectif / processus de réunion,rattachement effectif / processus de réunion,1860,plébiscites et mise en œuvre à conserver séparément si ajoutés,"9. Première générale — année scolaire 2026-2027 > 9.3 Thème 2 — La France dans l’Europe des nationalités : politique et société (1848-1871) > 9.3.5 Nice, Savoie et unité allemande",2828,LNK7-0266,,LNK14-0266
LNK3-0267,LNK2-0267,LINK-0267,EVT-0199,2026-2027,Première générale,Tronc commun,THM-025,Thème 2 — La France dans l’Europe des nationalités : politique et société (1848-1871),"9.3.5 Nice, Savoie et unité allemande",,,EXACT_WITH_NUANCE,existence constitutionnelle du nouvel Empire allemand,existence constitutionnelle du nouvel Empire allemand,1er janvier 1871,selon le Deutsches Historisches Museum,"9. Première générale — année scolaire 2026-2027 > 9.3 Thème 2 — La France dans l’Europe des nationalités : politique et société (1848-1871) > 9.3.5 Nice, Savoie et unité allemande",2829,LNK7-0267,,LNK14-0267
LNK3-0268,LNK2-0268,LINK-0268,EVT-0200,2026-2027,Première générale,Tronc commun,THM-025,Thème 2 — La France dans l’Europe des nationalités : politique et société (1848-1871),"9.3.5 Nice, Savoie et unité allemande",,,PPO_BO / EXACT,proclamation de Guillaume Ier comme empereur allemand à Versailles,proclamation de Guillaume Ier comme empereur allemand à Versailles,18 janvier 1871,événement cérémoniel explicitement visé par le PPO,"9. Première générale — année scolaire 2026-2027 > 9.3 Thème 2 — La France dans l’Europe des nationalités : politique et société (1848-1871) > 9.3.5 Nice, Savoie et unité allemande",2830,LNK7-0268,,LNK14-0268
LNK3-0269,LNK2-0269,LINK-0269,EVT-0201,2026-2027,Première générale,Tronc commun,THM-026,"Thème 3 — La Troisième République avant 1914 : un régime politique, un empire colonial",9.4.2 Commune de Paris et Louise Michel,,,EXACT,début de l’insurrection / début conventionnel de la Commune,début de l’insurrection / début conventionnel de la Commune,18 mars 1871,,"9. Première générale — année scolaire 2026-2027 > 9.4 Thème 3 — La Troisième République avant 1914 : un régime politique, un empire colonial > 9.4.2 Commune de Paris et Louise Michel",2866,LNK7-0269,,LNK14-0269
LNK3-0270,LNK2-0270,LINK-0270,EVT-0202,2026-2027,Première générale,Tronc commun,THM-026,"Thème 3 — La Troisième République avant 1914 : un régime politique, un empire colonial",9.4.2 Commune de Paris et Louise Michel,,,EXACT,élections communales,élections communales,26 mars 1871,,"9. Première générale — année scolaire 2026-2027 > 9.4 Thème 3 — La Troisième République avant 1914 : un régime politique, un empire colonial > 9.4.2 Commune de Paris et Louise Michel",2867,LNK7-0270,,LNK14-0270
LNK3-0271,LNK2-0271,LINK-0271,EVT-0203,2026-2027,Première générale,Tronc commun,THM-026,"Thème 3 — La Troisième République avant 1914 : un régime politique, un empire colonial",9.4.2 Commune de Paris et Louise Michel,,,EXACT,proclamation de la Commune,proclamation de la Commune,28 mars 1871,,"9. Première générale — année scolaire 2026-2027 > 9.4 Thème 3 — La Troisième République avant 1914 : un régime politique, un empire colonial > 9.4.2 Commune de Paris et Louise Michel",2868,LNK7-0271,,LNK14-0271
LNK3-0272,LNK2-0272,LINK-0272,EVT-0204,2026-2027,Première générale,Tronc commun,THM-026,"Thème 3 — La Troisième République avant 1914 : un régime politique, un empire colonial",9.4.2 Commune de Paris et Louise Michel,,,RANGE,Semaine sanglante,Semaine sanglante,21-28 mai 1871,,"9. Première générale — année scolaire 2026-2027 > 9.4 Thème 3 — La Troisième République avant 1914 : un régime politique, un empire colonial > 9.4.2 Commune de Paris et Louise Michel",2869,LNK7-0272,,LNK14-0272
LNK3-0273,LNK2-0273,LINK-0273,EVT-0205,2026-2027,Première générale,Tronc commun,THM-026,"Thème 3 — La Troisième République avant 1914 : un régime politique, un empire colonial",9.4.2 Commune de Paris et Louise Michel,,,EXACT,fin de la Commune,fin de la Commune,28 mai 1871,,"9. Première générale — année scolaire 2026-2027 > 9.4 Thème 3 — La Troisième République avant 1914 : un régime politique, un empire colonial > 9.4.2 Commune de Paris et Louise Michel",2870,LNK7-0273,,LNK14-0273
LNK3-0274,LNK2-0274,LINK-0274,EVT-0225,2026-2027,Première générale,Tronc commun,THM-026,"Thème 3 — La Troisième République avant 1914 : un régime politique, un empire colonial","9.4.5 Société française : Fourmies, expositions, Le Creusot",,,PPO_BO / EXACT,fusillade de Fourmies,fusillade de Fourmies,,,"9. Première générale — année scolaire 2026-2027 > 9.4 Thème 3 — La Troisième République avant 1914 : un régime politique, un empire colonial > 9.4.5 Société française : Fourmies, expositions, Le Creusot",2919,LNK7-0274,,LNK14-0274
LNK3-0275,LNK2-0275,LINK-0275,EVT-0226,2026-2027,Première générale,Tronc commun,THM-026,"Thème 3 — La Troisième République avant 1914 : un régime politique, un empire colonial","9.4.5 Société française : Fourmies, expositions, Le Creusot",,,EXACT,ouverture de l’Exposition universelle de Paris 1889,ouverture de l’Exposition universelle de Paris 1889,,,"9. Première générale — année scolaire 2026-2027 > 9.4 Thème 3 — La Troisième République avant 1914 : un régime politique, un empire colonial > 9.4.5 Société française : Fourmies, expositions, Le Creusot",2920,LNK7-0275,,LNK14-0275
LNK3-0277,LNK2-0277,LINK-0277,EVT-0227,2026-2027,Première générale,Tronc commun,THM-026,"Thème 3 — La Troisième République avant 1914 : un régime politique, un empire colonial","9.4.5 Société française : Fourmies, expositions, Le Creusot",,,EXACT,ouverture de l’Exposition universelle de Paris 1900,ouverture de l’Exposition universelle de Paris 1900,,,"9. Première générale — année scolaire 2026-2027 > 9.4 Thème 3 — La Troisième République avant 1914 : un régime politique, un empire colonial > 9.4.5 Société française : Fourmies, expositions, Le Creusot",2922,LNK7-0276,,LNK14-0276
LNK3-0279,LNK2-0279,LINK-0279,EVT-0345,2026-2027,Première générale,Tronc commun,THM-026,"Thème 3 — La Troisième République avant 1914 : un régime politique, un empire colonial","9.4.5 Société française : Fourmies, expositions, Le Creusot",,,"XIXe siècle, surtout période Schneider",Le Creusot / Schneider,Le Creusot / Schneider,,,"9. Première générale — année scolaire 2026-2027 > 9.4 Thème 3 — La Troisième République avant 1914 : un régime politique, un empire colonial > 9.4.5 Société française : Fourmies, expositions, Le Creusot",2924,LNK7-0277,,LNK14-0277
LNK3-0280,LNK2-0280,LINK-0280,EVT-0206,2026-2027,Première générale,Tronc commun,THM-027,Thème 4 — La Première Guerre mondiale : le « suicide de l’Europe » et la fin des empires européens,9.5.2 Grandes batailles : précision maximale,PPO_BO,,RANGE,Tannenberg,bataille de Tannenberg,26-30 août 1914,,9. Première générale — année scolaire 2026-2027 > 9.5 Thème 4 — La Première Guerre mondiale : le « suicide de l’Europe » et la fin des empires européens > 9.5.2 Grandes batailles : précision maximale,2990,LNK7-0278,,LNK14-0278
LNK3-0281,LNK2-0281,LINK-0281,EVT-0207,2026-2027,Première générale,Tronc commun,THM-027,Thème 4 — La Première Guerre mondiale : le « suicide de l’Europe » et la fin des empires européens,9.5.2 Grandes batailles : précision maximale,PPO_BO,,RANGE_WITH_NUANCE,Marne,première bataille de la Marne,6-12 septembre 1914,,9. Première générale — année scolaire 2026-2027 > 9.5 Thème 4 — La Première Guerre mondiale : le « suicide de l’Europe » et la fin des empires européens > 9.5.2 Grandes batailles : précision maximale,2991,LNK7-0279,,LNK14-0279
LNK3-0282,LNK2-0282,LINK-0282,EVT-0208,2026-2027,Première générale,Tronc commun,THM-027,Thème 4 — La Première Guerre mondiale : le « suicide de l’Europe » et la fin des empires européens,9.5.2 Grandes batailles : précision maximale,PPO_BO,,PROCESS_CLUSTER,Dardanelles,campagne des Dardanelles / Gallipoli,1915 - janvier 1916 selon la phase,,9. Première générale — année scolaire 2026-2027 > 9.5 Thème 4 — La Première Guerre mondiale : le « suicide de l’Europe » et la fin des empires européens > 9.5.2 Grandes batailles : précision maximale,2992,LNK7-0280,,LNK14-0280
LNK3-0283,LNK2-0283,LINK-0283,EVT-0209,2026-2027,Première générale,Tronc commun,THM-027,Thème 4 — La Première Guerre mondiale : le « suicide de l’Europe » et la fin des empires européens,9.5.2 Grandes batailles : précision maximale,PPO_BO,,"EXACT, à rattacher à la phase terrestre",Dardanelles,débarquements alliés à Gallipoli,25 avril 1915,,9. Première générale — année scolaire 2026-2027 > 9.5 Thème 4 — La Première Guerre mondiale : le « suicide de l’Europe » et la fin des empires européens > 9.5.2 Grandes batailles : précision maximale,2993,LNK7-0281,,LNK14-0281
LNK3-0284,LNK2-0284,LINK-0284,EVT-0210,2026-2027,Première générale,Tronc commun,THM-027,Thème 4 — La Première Guerre mondiale : le « suicide de l’Europe » et la fin des empires européens,9.5.2 Grandes batailles : précision maximale,PPO_BO,,RANGE,Somme,bataille de la Somme,1er juillet - 18 novembre 1916,,9. Première générale — année scolaire 2026-2027 > 9.5 Thème 4 — La Première Guerre mondiale : le « suicide de l’Europe » et la fin des empires européens > 9.5.2 Grandes batailles : précision maximale,2994,LNK7-0282,,LNK14-0282
LNK3-0285,LNK2-0285,LINK-0285,EVT-0211,2026-2027,Première générale,Tronc commun,THM-027,Thème 4 — La Première Guerre mondiale : le « suicide de l’Europe » et la fin des empires européens,9.5.2 Grandes batailles : précision maximale,PPO_BO,,EXACT,offensive allemande,début de l’opération Michael,21 mars 1918,,9. Première générale — année scolaire 2026-2027 > 9.5 Thème 4 — La Première Guerre mondiale : le « suicide de l’Europe » et la fin des empires européens > 9.5.2 Grandes batailles : précision maximale,2995,LNK7-0283,,LNK14-0283
LNK3-0286,LNK2-0286,LINK-0286,EVT-0212,2026-2027,Première générale,Tronc commun,THM-027,Thème 4 — La Première Guerre mondiale : le « suicide de l’Europe » et la fin des empires européens,9.5.2 Grandes batailles : précision maximale,PPO_BO,,RANGE,opération Michael,première grande offensive de printemps,21 mars - 5 avril 1918,,9. Première générale — année scolaire 2026-2027 > 9.5 Thème 4 — La Première Guerre mondiale : le « suicide de l’Europe » et la fin des empires européens > 9.5.2 Grandes batailles : précision maximale,2996,LNK7-0284,,LNK14-0284
LNK3-0287,LNK2-0287,LINK-0287,EVT-0173,2026-2027,Première générale,Tronc commun,,,9.6 Premier inventaire des dates de Première à rendre jouables,,extension directe thème 1,,prise de la Bastille,prise de la Bastille,14 juillet 1789,,9. Première générale — année scolaire 2026-2027 > 9.6 Premier inventaire des dates de Première à rendre jouables,3116,LNK7-0285,,LNK14-0285
LNK3-0288,LNK2-0288,LINK-0288,EVT-0175,2026-2027,Première générale,Tronc commun,,,9.6 Premier inventaire des dates de Première à rendre jouables,,connaissance explicite thème 1,,achèvement de la DDHC,achèvement de la DDHC,26 août 1789,,9. Première générale — année scolaire 2026-2027 > 9.6 Premier inventaire des dates de Première à rendre jouables,3117,LNK7-0286,,LNK14-0286
LNK3-0289,LNK2-0289,LINK-0289,EVT-0176,2026-2027,Première générale,Tronc commun,,,9.6 Premier inventaire des dates de Première à rendre jouables,,"PPO Louis XVI, étape précise",,la Convention décide de juger Louis XVI,la Convention décide de juger Louis XVI,3 décembre 1792,,9. Première générale — année scolaire 2026-2027 > 9.6 Premier inventaire des dates de Première à rendre jouables,3118,LNK7-0287,,LNK14-0287
LNK3-0290,LNK2-0290,LINK-0290,EVT-0179,2026-2027,Première générale,Tronc commun,,,9.6 Premier inventaire des dates de Première à rendre jouables,,PPO,,exécution de Louis XVI,exécution de Louis XVI,21 janvier 1793,,9. Première générale — année scolaire 2026-2027 > 9.6 Premier inventaire des dates de Première à rendre jouables,3119,LNK7-0288,,LNK14-0288
LNK3-0291,LNK2-0291,LINK-0291,EVT-0171,2026-2027,Première générale,Tronc commun,,,9.6 Premier inventaire des dates de Première à rendre jouables,,"PPO personne, événement relié",,arrestation de Madame Roland,arrestation de Madame Roland,31 mai 1793,,9. Première générale — année scolaire 2026-2027 > 9.6 Premier inventaire des dates de Première à rendre jouables,3120,LNK7-0289,,LNK14-0289
LNK3-0292,LNK2-0292,LINK-0292,EVT-0172,2026-2027,Première générale,Tronc commun,,,9.6 Premier inventaire des dates de Première à rendre jouables,,"PPO personne, événement relié",,exécution de Madame Roland,exécution de Madame Roland,8 novembre 1793,,9. Première générale — année scolaire 2026-2027 > 9.6 Premier inventaire des dates de Première à rendre jouables,3121,LNK7-0290,,LNK14-0290
LNK3-0293,LNK2-0293,LINK-0293,EVT-0180,2026-2027,Première générale,Tronc commun,,,9.6 Premier inventaire des dates de Première à rendre jouables,,PPO,,Code civil,Code civil,21 mars 1804,,9. Première générale — année scolaire 2026-2027 > 9.6 Premier inventaire des dates de Première à rendre jouables,3122,LNK7-0291,,LNK14-0291
LNK3-0294,LNK2-0294,LINK-0294,EVT-0182,2026-2027,Première générale,Tronc commun,,,9.6 Premier inventaire des dates de Première à rendre jouables,,PPO,,Acte final du congrès de Vienne,Acte final du congrès de Vienne,9 juin 1815,,9. Première générale — année scolaire 2026-2027 > 9.6 Premier inventaire des dates de Première à rendre jouables,3123,LNK7-0292,,LNK14-0292
LNK3-0295,LNK2-0295,LINK-0295,EVT-0183,2026-2027,Première générale,Tronc commun,,,9.6 Premier inventaire des dates de Première à rendre jouables,,"PPO, précision au mois provisoire",,massacre de Chios,massacre de Chios,avril 1822,,9. Première générale — année scolaire 2026-2027 > 9.6 Premier inventaire des dates de Première à rendre jouables,3124,LNK7-0293,,LNK14-0293
LNK3-0296,LNK2-0296,LINK-0296,EVT-0184,2026-2027,Première générale,Tronc commun,,,9.6 Premier inventaire des dates de Première à rendre jouables,,PPO,,Trois Glorieuses,Trois Glorieuses,27-29 juillet 1830,,9. Première générale — année scolaire 2026-2027 > 9.6 Premier inventaire des dates de Première à rendre jouables,3125,LNK7-0294,,LNK14-0294
LNK3-0297,LNK2-0297,LINK-0297,EVT-0186,2026-2027,Première générale,Tronc commun,,,9.6 Premier inventaire des dates de Première à rendre jouables,,thème 2,,proclamation de la Deuxième République,proclamation de la Deuxième République,24 février 1848,,9. Première générale — année scolaire 2026-2027 > 9.6 Premier inventaire des dates de Première à rendre jouables,3126,LNK7-0295,,LNK14-0295
LNK3-0298,LNK2-0298,LINK-0298,EVT-0187,2026-2027,Première générale,Tronc commun,,,9.6 Premier inventaire des dates de Première à rendre jouables,,thème 2,,suffrage universel masculin,suffrage universel masculin,5 mars 1848,,9. Première générale — année scolaire 2026-2027 > 9.6 Premier inventaire des dates de Première à rendre jouables,3127,LNK7-0296,,LNK14-0296
LNK3-0299,LNK2-0299,LINK-0299,EVT-0188,2026-2027,Première générale,Tronc commun,,,9.6 Premier inventaire des dates de Première à rendre jouables,,thème 2,,abolition de l’esclavage dans les colonies françaises,abolition de l’esclavage dans les colonies françaises,27 avril 1848,,9. Première générale — année scolaire 2026-2027 > 9.6 Premier inventaire des dates de Première à rendre jouables,3128,LNK7-0297,,LNK14-0297
LNK3-0300,LNK2-0300,LINK-0300,EVT-0189,2026-2027,Première générale,Tronc commun,,,9.6 Premier inventaire des dates de Première à rendre jouables,,thème 2,,Constitution de la Deuxième République,Constitution de la Deuxième République,4 novembre 1848,,9. Première générale — année scolaire 2026-2027 > 9.6 Premier inventaire des dates de Première à rendre jouables,3129,LNK7-0298,,LNK14-0298
LNK3-0301,LNK2-0301,LINK-0301,EVT-0190,2026-2027,Première générale,Tronc commun,,,9.6 Premier inventaire des dates de Première à rendre jouables,,PPO,,élection de Louis-Napoléon Bonaparte,élection de Louis-Napoléon Bonaparte,10 décembre 1848,,9. Première générale — année scolaire 2026-2027 > 9.6 Premier inventaire des dates de Première à rendre jouables,3130,LNK7-0299,,LNK14-0299
LNK3-0302,LNK2-0302,LINK-0302,EVT-0191,2026-2027,Première générale,Tronc commun,,,9.6 Premier inventaire des dates de Première à rendre jouables,,PPO relié,,prestation de serment du premier président,prestation de serment du premier président,20 décembre 1848,,9. Première générale — année scolaire 2026-2027 > 9.6 Premier inventaire des dates de Première à rendre jouables,3131,LNK7-0300,,LNK14-0300
LNK3-0303,LNK2-0303,LINK-0303,EVT-0193,2026-2027,Première générale,Tronc commun,,,9.6 Premier inventaire des dates de Première à rendre jouables,,PPO Paris haussmannien,,Haussmann nommé préfet de la Seine,Haussmann nommé préfet de la Seine,22 juin 1853,,9. Première générale — année scolaire 2026-2027 > 9.6 Premier inventaire des dates de Première à rendre jouables,3132,LNK7-0301,,LNK14-0301
LNK3-0304,LNK2-0304,LINK-0304,EVT-0197,2026-2027,Première générale,Tronc commun,,,9.6 Premier inventaire des dates de Première à rendre jouables,,PPO,,"traité de Turin, Savoie et Nice","traité de Turin, Savoie et Nice",24 mars 1860,,9. Première générale — année scolaire 2026-2027 > 9.6 Premier inventaire des dates de Première à rendre jouables,3133,LNK7-0302,,LNK14-0302
LNK3-0305,LNK2-0305,LINK-0305,EVT-0196,2026-2027,Première générale,Tronc commun,,,9.6 Premier inventaire des dates de Première à rendre jouables,,PPO « droit de grève »,,loi supprimant le délit de coalition,loi supprimant le délit de coalition,25 mai 1864,,9. Première générale — année scolaire 2026-2027 > 9.6 Premier inventaire des dates de Première à rendre jouables,3134,LNK7-0303,,LNK14-0303
LNK3-0306,LNK2-0306,LINK-0306,EVT-0199,2026-2027,Première générale,Tronc commun,,,9.6 Premier inventaire des dates de Première à rendre jouables,,extension de précision,,existence constitutionnelle du Reich,existence constitutionnelle du Reich,1er janvier 1871,,9. Première générale — année scolaire 2026-2027 > 9.6 Premier inventaire des dates de Première à rendre jouables,3135,LNK7-0304,,LNK14-0304
LNK3-0307,LNK2-0307,LINK-0307,EVT-0200,2026-2027,Première générale,Tronc commun,,,9.6 Premier inventaire des dates de Première à rendre jouables,,PPO,,proclamation impériale à Versailles,proclamation impériale à Versailles,18 janvier 1871,,9. Première générale — année scolaire 2026-2027 > 9.6 Premier inventaire des dates de Première à rendre jouables,3136,LNK7-0305,,LNK14-0305
LNK3-0308,LNK2-0308,LINK-0308,EVT-0201,2026-2027,Première générale,Tronc commun,,,9.6 Premier inventaire des dates de Première à rendre jouables,,PPO Louise Michel,,début de la Commune,début de la Commune,18 mars 1871,,9. Première générale — année scolaire 2026-2027 > 9.6 Premier inventaire des dates de Première à rendre jouables,3137,LNK7-0306,,LNK14-0306
LNK3-0309,LNK2-0309,LINK-0309,EVT-0205,2026-2027,Première générale,Tronc commun,,,9.6 Premier inventaire des dates de Première à rendre jouables,,PPO Louise Michel,,fin de la Commune,fin de la Commune,28 mai 1871,,9. Première générale — année scolaire 2026-2027 > 9.6 Premier inventaire des dates de Première à rendre jouables,3138,LNK7-0307,,LNK14-0307
LNK3-0310,LNK2-0310,LINK-0310,EVT-0224,2026-2027,Première générale,Tronc commun,,,9.6 Premier inventaire des dates de Première à rendre jouables,,PPO,,funérailles nationales de Victor Hugo,funérailles nationales de Victor Hugo,1er juin 1885,,9. Première générale — année scolaire 2026-2027 > 9.6 Premier inventaire des dates de Première à rendre jouables,3139,LNK7-0308,,LNK14-0308
LNK3-0311,LNK2-0311,LINK-0311,EVT-0225,2026-2027,Première générale,Tronc commun,,,9.6 Premier inventaire des dates de Première à rendre jouables,,PPO,,fusillade de Fourmies,fusillade de Fourmies,1er mai 1891,,9. Première générale — année scolaire 2026-2027 > 9.6 Premier inventaire des dates de Première à rendre jouables,3140,LNK7-0309,,LNK14-0309
LNK3-0312,LNK2-0312,LINK-0312,EVT-0226,2026-2027,Première générale,Tronc commun,,,9.6 Premier inventaire des dates de Première à rendre jouables,,PPO relié,,ouverture de l’Exposition universelle de 1889,ouverture de l’Exposition universelle de 1889,6 mai 1889,,9. Première générale — année scolaire 2026-2027 > 9.6 Premier inventaire des dates de Première à rendre jouables,3141,LNK7-0310,,LNK14-0310
LNK3-0313,LNK2-0313,LINK-0313,EVT-0227,2026-2027,Première générale,Tronc commun,,,9.6 Premier inventaire des dates de Première à rendre jouables,,PPO relié,,ouverture de l’Exposition universelle de 1900,ouverture de l’Exposition universelle de 1900,14 avril 1900,,9. Première générale — année scolaire 2026-2027 > 9.6 Premier inventaire des dates de Première à rendre jouables,3142,LNK7-0311,,LNK14-0311
LNK3-0314,LNK2-0314,LINK-0314,EVT-0005,2026-2027,Première générale,Tronc commun,,,9.6 Premier inventaire des dates de Première à rendre jouables,,PPO,,loi de séparation des Églises et de l’État,loi de séparation des Églises et de l’État,9 décembre 1905,,9. Première générale — année scolaire 2026-2027 > 9.6 Premier inventaire des dates de Première à rendre jouables,3143,LNK7-0312,,LNK14-0312
LNK3-0315,LNK2-0315,LINK-0315,EVT-0206,2026-2027,Première générale,Tronc commun,,,9.6 Premier inventaire des dates de Première à rendre jouables,,PPO,,Tannenberg,Tannenberg,26-30 août 1914,,9. Première générale — année scolaire 2026-2027 > 9.6 Premier inventaire des dates de Première à rendre jouables,3144,LNK7-0313,,LNK14-0313
LNK3-0316,LNK2-0316,LINK-0316,EVT-0207,2026-2027,Première générale,Tronc commun,,,9.6 Premier inventaire des dates de Première à rendre jouables,,PPO,,première Marne,première Marne,6-12 septembre 1914,,9. Première générale — année scolaire 2026-2027 > 9.6 Premier inventaire des dates de Première à rendre jouables,3145,LNK7-0314,,LNK14-0314
LNK3-0317,LNK2-0317,LINK-0317,EVT-0230,2026-2027,Première générale,Tronc commun,,,9.6 Premier inventaire des dates de Première à rendre jouables,,PPO,,déclaration alliée sur les crimes contre les Arméniens,déclaration alliée sur les crimes contre les Arméniens,24 mai 1915,,9. Première générale — année scolaire 2026-2027 > 9.6 Premier inventaire des dates de Première à rendre jouables,3146,LNK7-0315,,LNK14-0315
LNK3-0318,LNK2-0318,LINK-0318,EVT-0209,2026-2027,Première générale,Tronc commun,,,9.6 Premier inventaire des dates de Première à rendre jouables,,"PPO Dardanelles, événement précis",,débarquements alliés à Gallipoli,débarquements alliés à Gallipoli,25 avril 1915,,9. Première générale — année scolaire 2026-2027 > 9.6 Premier inventaire des dates de Première à rendre jouables,3147,LNK7-0316,,LNK14-0316
LNK3-0319,LNK2-0319,LINK-0319,EVT-0210,2026-2027,Première générale,Tronc commun,,,9.6 Premier inventaire des dates de Première à rendre jouables,,PPO,,bataille de la Somme,bataille de la Somme,1er juillet-18 novembre 1916,,9. Première générale — année scolaire 2026-2027 > 9.6 Premier inventaire des dates de Première à rendre jouables,3148,LNK7-0317,,LNK14-0317
LNK3-0320,LNK2-0320,LINK-0320,EVT-0211,2026-2027,Première générale,Tronc commun,,,9.6 Premier inventaire des dates de Première à rendre jouables,,"PPO mars 1918, wording à préciser",,début de l’opération Michael,début de l’opération Michael,21 mars 1918,,9. Première générale — année scolaire 2026-2027 > 9.6 Premier inventaire des dates de Première à rendre jouables,3149,LNK7-0318,,LNK14-0318
LNK3-0321,LNK2-0321,LINK-0321,EVT-0092,2026-2027,Première générale,Tronc commun,,,9.6 Premier inventaire des dates de Première à rendre jouables,,PPO traités,,traité de Versailles,traité de Versailles,28 juin 1919,,9. Première générale — année scolaire 2026-2027 > 9.6 Premier inventaire des dates de Première à rendre jouables,3150,LNK7-0319,,LNK14-0319
LNK3-0322,LNK2-0322,LINK-0322,EVT-0232,2026-2027,Première générale,Tronc commun,,,9.6 Premier inventaire des dates de Première à rendre jouables,,PPO traités,,traité de Saint-Germain,traité de Saint-Germain,10 septembre 1919,,9. Première générale — année scolaire 2026-2027 > 9.6 Premier inventaire des dates de Première à rendre jouables,3151,LNK7-0320,,LNK14-0320
LNK3-0323,LNK2-0323,LINK-0323,EVT-0233,2026-2027,Première générale,Tronc commun,,,9.6 Premier inventaire des dates de Première à rendre jouables,,PPO traités,,traité de Neuilly,traité de Neuilly,27 novembre 1919,,9. Première générale — année scolaire 2026-2027 > 9.6 Premier inventaire des dates de Première à rendre jouables,3152,LNK7-0321,,LNK14-0321
LNK3-0324,LNK2-0324,LINK-0324,EVT-0234,2026-2027,Première générale,Tronc commun,,,9.6 Premier inventaire des dates de Première à rendre jouables,,PPO traités,,traité de Trianon,traité de Trianon,4 juin 1920,,9. Première générale — année scolaire 2026-2027 > 9.6 Premier inventaire des dates de Première à rendre jouables,3153,LNK7-0322,,LNK14-0322
LNK3-0325,LNK2-0325,LINK-0325,EVT-0235,2026-2027,Première générale,Tronc commun,,,9.6 Premier inventaire des dates de Première à rendre jouables,,PPO traités,,traité de Sèvres,traité de Sèvres,10 août 1920,,9. Première générale — année scolaire 2026-2027 > 9.6 Premier inventaire des dates de Première à rendre jouables,3154,LNK7-0323,,LNK14-0323
LNK3-0326,LNK2-0326,LINK-0326,EVT-0236,2026-2027,Première générale,Tronc commun,,,9.6 Premier inventaire des dates de Première à rendre jouables,,PPO mémoires,,choix du cercueil du Soldat inconnu,choix du cercueil du Soldat inconnu,10 novembre 1920,,9. Première générale — année scolaire 2026-2027 > 9.6 Premier inventaire des dates de Première à rendre jouables,3155,LNK7-0324,,LNK14-0324
LNK3-0327,LNK2-0327,LINK-0327,EVT-0237,2026-2027,Première générale,Tronc commun,,,9.6 Premier inventaire des dates de Première à rendre jouables,,PPO mémoires,,cérémonie du Soldat inconnu sous l’Arc,cérémonie du Soldat inconnu sous l’Arc,11 novembre 1920,,9. Première générale — année scolaire 2026-2027 > 9.6 Premier inventaire des dates de Première à rendre jouables,3156,LNK7-0325,,LNK14-0325
LNK3-0328,LNK2-0328,LINK-0328,EVT-0238,2026-2027,Première générale,Tronc commun,,,9.6 Premier inventaire des dates de Première à rendre jouables,,"PPO mémoires, extension précise",,inhumation définitive du Soldat inconnu,inhumation définitive du Soldat inconnu,28 janvier 1921,,9. Première générale — année scolaire 2026-2027 > 9.6 Premier inventaire des dates de Première à rendre jouables,3157,LNK7-0326,,LNK14-0326
LNK3-0329,LNK2-0329,LINK-0329,EVT-0239,2026-2027,Première générale,Tronc commun,,,9.6 Premier inventaire des dates de Première à rendre jouables,,PPO,,arrangement à l’origine du passeport Nansen,arrangement à l’origine du passeport Nansen,5 juillet 1922,,9. Première générale — année scolaire 2026-2027 > 9.6 Premier inventaire des dates de Première à rendre jouables,3158,LNK7-0327,,LNK14-0327
LNK3-0330,LNK2-0330,LINK-0330,EVT-0240,2026-2027,Première générale,Tronc commun,,,9.6 Premier inventaire des dates de Première à rendre jouables,,PPO traités,,traité de Lausanne,traité de Lausanne,24 juillet 1923,,9. Première générale — année scolaire 2026-2027 > 9.6 Premier inventaire des dates de Première à rendre jouables,3159,LNK7-0328,,LNK14-0328
LNK3-0331,LNK2-0331,LINK-0331,EVT-0241,2026-2027,Terminale générale,Tronc commun,THM-028,"Thème 1 — Fragilités des démocraties, totalitarismes et Seconde Guerre mondiale (1929-1945)",10.2.3 Roosevelt et le New Deal : 1933 cache deux objets différents,,,EXACT,première investiture de Franklin D. Roosevelt,première investiture de Franklin D. Roosevelt,4 mars 1933,V3: level corrected from Seconde générale et technologique to Terminale générale.,"10. Terminale générale — année scolaire 2026-2027 > 10.2 Thème 1 — Fragilités des démocraties, totalitarismes et Seconde Guerre mondiale (1929-1945) > 10.2.3 Roosevelt et le New Deal : 1933 cache deux objets différents",3275,LNK7-0329,,LNK14-0329
LNK3-0333,LNK2-0333,LINK-0333,EVT-0243,2026-2027,Terminale générale,Tronc commun,THM-028,"Thème 1 — Fragilités des démocraties, totalitarismes et Seconde Guerre mondiale (1929-1945)",10.2.3 Roosevelt et le New Deal : 1933 cache deux objets différents,,,CONVENTIONAL,New Deal,New Deal,à partir de mars 1933,V3: level corrected from Seconde générale et technologique to Terminale générale.,"10. Terminale générale — année scolaire 2026-2027 > 10.2 Thème 1 — Fragilités des démocraties, totalitarismes et Seconde Guerre mondiale (1929-1945) > 10.2.3 Roosevelt et le New Deal : 1933 cache deux objets différents",3277,LNK7-0330,,LNK14-0330
LNK3-0334,LNK2-0334,LINK-0334,EVT-0244,2026-2027,Terminale générale,Tronc commun,THM-028,"Thème 1 — Fragilités des démocraties, totalitarismes et Seconde Guerre mondiale (1929-1945)",10.2.6 Nuit de cristal,,,PPO_BO / EXACT_RANGE,pogrom de novembre / Nuit de cristal,pogrom de novembre / Nuit de cristal,9-10 novembre 1938,V3: level corrected from Seconde générale et technologique to Terminale générale.,"10. Terminale générale — année scolaire 2026-2027 > 10.2 Thème 1 — Fragilités des démocraties, totalitarismes et Seconde Guerre mondiale (1929-1945) > 10.2.6 Nuit de cristal",3328,LNK7-0331,,LNK14-0331
LNK3-0335,LNK2-0335,LINK-0335,EVT-0103,2026-2027,Terminale générale,Tronc commun,THM-028,"Thème 1 — Fragilités des démocraties, totalitarismes et Seconde Guerre mondiale (1929-1945)",10.2.8 Juin 1940 : un cluster obligatoire,,,,formation du gouvernement Pétain,formation du gouvernement Pétain,16 juin 1940,GOVERNMENT_CHANGE; V3: level corrected from Seconde générale et technologique to Terminale générale.,"10. Terminale générale — année scolaire 2026-2027 > 10.2 Thème 1 — Fragilités des démocraties, totalitarismes et Seconde Guerre mondiale (1929-1945) > 10.2.8 Juin 1940 : un cluster obligatoire",3358,LNK7-0332,,LNK14-0332
LNK3-0336,LNK2-0336,LINK-0336,EVT-0246,2026-2027,Terminale générale,Tronc commun,THM-028,"Thème 1 — Fragilités des démocraties, totalitarismes et Seconde Guerre mondiale (1929-1945)",10.2.8 Juin 1940 : un cluster obligatoire,,,,demande française d’armistice,demande française d’armistice,17 juin 1940,OCCURRENCE; V3: level corrected from Seconde générale et technologique to Terminale générale.,"10. Terminale générale — année scolaire 2026-2027 > 10.2 Thème 1 — Fragilités des démocraties, totalitarismes et Seconde Guerre mondiale (1929-1945) > 10.2.8 Juin 1940 : un cluster obligatoire",3359,LNK7-0333,,LNK14-0333
LNK3-0337,LNK2-0337,LINK-0337,EVT-0014,2026-2027,Terminale générale,Tronc commun,THM-028,"Thème 1 — Fragilités des démocraties, totalitarismes et Seconde Guerre mondiale (1929-1945)",10.2.8 Juin 1940 : un cluster obligatoire,,,,appel du général de Gaulle à poursuivre la lutte,appel du général de Gaulle à poursuivre la lutte,18 juin 1940,OCCURRENCE; V3: level corrected from Seconde générale et technologique to Terminale générale.,"10. Terminale générale — année scolaire 2026-2027 > 10.2 Thème 1 — Fragilités des démocraties, totalitarismes et Seconde Guerre mondiale (1929-1945) > 10.2.8 Juin 1940 : un cluster obligatoire",3360,LNK7-0334,,LNK14-0334
LNK3-0338,LNK2-0338,LINK-0338,EVT-0105,2026-2027,Terminale générale,Tronc commun,THM-028,"Thème 1 — Fragilités des démocraties, totalitarismes et Seconde Guerre mondiale (1929-1945)",10.2.8 Juin 1940 : un cluster obligatoire,,,,signature de l’armistice franco-allemand à Rethondes,signature de l’armistice franco-allemand à Rethondes,22 juin 1940,SIGNATURE; V3: level corrected from Seconde générale et technologique to Terminale générale.,"10. Terminale générale — année scolaire 2026-2027 > 10.2 Thème 1 — Fragilités des démocraties, totalitarismes et Seconde Guerre mondiale (1929-1945) > 10.2.8 Juin 1940 : un cluster obligatoire",3361,LNK7-0335,,LNK14-0335
LNK3-0339,LNK2-0339,LINK-0339,EVT-0248,2026-2027,Terminale générale,Tronc commun,THM-028,"Thème 1 — Fragilités des démocraties, totalitarismes et Seconde Guerre mondiale (1929-1945)",10.2.8 Juin 1940 : un cluster obligatoire,,,,entrée en vigueur du cessez-le-feu,entrée en vigueur du cessez-le-feu,25 juin 1940,ENTRY_INTO_FORCE; V3: level corrected from Seconde générale et technologique to Terminale générale.,"10. Terminale générale — année scolaire 2026-2027 > 10.2 Thème 1 — Fragilités des démocraties, totalitarismes et Seconde Guerre mondiale (1929-1945) > 10.2.8 Juin 1940 : un cluster obligatoire",3362,LNK7-0336,,LNK14-0336
LNK3-0340,LNK2-0340,LINK-0340,EVT-0249,2026-2027,Terminale générale,Tronc commun,THM-028,"Thème 1 — Fragilités des démocraties, totalitarismes et Seconde Guerre mondiale (1929-1945)",10.2.8 Juin 1940 : un cluster obligatoire,,,,reconnaissance de De Gaulle comme chef des Français libres par le Royaume-Uni,reconnaissance de De Gaulle comme chef des Français libres par le Royaume-Uni,28 juin 1940,RECOGNITION; V3: level corrected from Seconde générale et technologique to Terminale générale.,"10. Terminale générale — année scolaire 2026-2027 > 10.2 Thème 1 — Fragilités des démocraties, totalitarismes et Seconde Guerre mondiale (1929-1945) > 10.2.8 Juin 1940 : un cluster obligatoire",3363,LNK7-0337,,LNK14-0337
LNK3-0341,LNK2-0341,LINK-0341,EVT-0250,2026-2027,Terminale générale,Tronc commun,THM-029,Thème 2 — La multiplication des acteurs internationaux dans un monde bipolaire (1945-début des années 1970),"10.3.6 Guerre d’Indochine : utiliser la convention 19 décembre 1946 - 21 juillet 1954, garder les jalons",,,,début conventionnel de la guerre d’Indochine,début conventionnel de la guerre d’Indochine,19 décembre 1946,,"10. Terminale générale — année scolaire 2026-2027 > 10.3 Thème 2 — La multiplication des acteurs internationaux dans un monde bipolaire (1945-début des années 1970) > 10.3.6 Guerre d’Indochine : utiliser la convention 19 décembre 1946 - 21 juillet 1954, garder les jalons",3529,LNK7-0338,,LNK14-0338
LNK3-0342,LNK2-0342,LINK-0342,EVT-0251,2026-2027,Terminale générale,Tronc commun,THM-029,Thème 2 — La multiplication des acteurs internationaux dans un monde bipolaire (1945-début des années 1970),"10.3.6 Guerre d’Indochine : utiliser la convention 19 décembre 1946 - 21 juillet 1954, garder les jalons",,,,bataille de Diên Biên Phu,bataille de Diên Biên Phu,13 mars - 7 mai 1954,,"10. Terminale générale — année scolaire 2026-2027 > 10.3 Thème 2 — La multiplication des acteurs internationaux dans un monde bipolaire (1945-début des années 1970) > 10.3.6 Guerre d’Indochine : utiliser la convention 19 décembre 1946 - 21 juillet 1954, garder les jalons",3530,LNK7-0339,,LNK14-0339
LNK3-0343,LNK2-0343,LINK-0343,EVT-0252,2026-2027,Terminale générale,Tronc commun,THM-029,Thème 2 — La multiplication des acteurs internationaux dans un monde bipolaire (1945-début des années 1970),"10.3.6 Guerre d’Indochine : utiliser la convention 19 décembre 1946 - 21 juillet 1954, garder les jalons",,,,chute du camp de Diên Biên Phu,chute du camp de Diên Biên Phu,7 mai 1954,,"10. Terminale générale — année scolaire 2026-2027 > 10.3 Thème 2 — La multiplication des acteurs internationaux dans un monde bipolaire (1945-début des années 1970) > 10.3.6 Guerre d’Indochine : utiliser la convention 19 décembre 1946 - 21 juillet 1954, garder les jalons",3531,LNK7-0340,,LNK14-0340
LNK3-0344,LNK2-0344,LINK-0344,EVT-0253,2026-2027,Terminale générale,Tronc commun,THM-029,Thème 2 — La multiplication des acteurs internationaux dans un monde bipolaire (1945-début des années 1970),"10.3.6 Guerre d’Indochine : utiliser la convention 19 décembre 1946 - 21 juillet 1954, garder les jalons",,,,accord de cessation des hostilités au Vietnam signé à Genève,accord de cessation des hostilités au Vietnam signé à Genève,20 juillet 1954,,"10. Terminale générale — année scolaire 2026-2027 > 10.3 Thème 2 — La multiplication des acteurs internationaux dans un monde bipolaire (1945-début des années 1970) > 10.3.6 Guerre d’Indochine : utiliser la convention 19 décembre 1946 - 21 juillet 1954, garder les jalons",3532,LNK7-0341,,LNK14-0341
LNK3-0345,LNK2-0345,LINK-0345,EVT-0254,2026-2027,Terminale générale,Tronc commun,THM-029,Thème 2 — La multiplication des acteurs internationaux dans un monde bipolaire (1945-début des années 1970),"10.3.6 Guerre d’Indochine : utiliser la convention 19 décembre 1946 - 21 juillet 1954, garder les jalons",,,,accords de Genève / clôture conventionnelle,accords de Genève / clôture conventionnelle,21 juillet 1954,,"10. Terminale générale — année scolaire 2026-2027 > 10.3 Thème 2 — La multiplication des acteurs internationaux dans un monde bipolaire (1945-début des années 1970) > 10.3.6 Guerre d’Indochine : utiliser la convention 19 décembre 1946 - 21 juillet 1954, garder les jalons",3533,LNK7-0342,,LNK14-0342
LNK3-0346,LNK2-0346,LINK-0346,EVT-0255,2026-2027,Terminale générale,Tronc commun,THM-029,Thème 2 — La multiplication des acteurs internationaux dans un monde bipolaire (1945-début des années 1970),"10.3.6 Guerre d’Indochine : utiliser la convention 19 décembre 1946 - 21 juillet 1954, garder les jalons",,,,entrée en vigueur de l’accord de cessez-le-feu au Vietnam,entrée en vigueur de l’accord de cessez-le-feu au Vietnam,22 juillet 1954 à 24 h (heure de Genève),,"10. Terminale générale — année scolaire 2026-2027 > 10.3 Thème 2 — La multiplication des acteurs internationaux dans un monde bipolaire (1945-début des années 1970) > 10.3.6 Guerre d’Indochine : utiliser la convention 19 décembre 1946 - 21 juillet 1954, garder les jalons",3534,LNK7-0343,,LNK14-0343
LNK3-0347,LNK2-0347,LINK-0347,EVT-0256,2026-2027,Terminale générale,Tronc commun,THM-031,"Thème 4 — Le monde, l’Europe et la France depuis les années 1990, entre coopérations et conflits",10.5.4 Tunnel sous la Manche,,,,jonction historique du tunnel de service,jonction historique du tunnel de service,1er décembre 1990,,"10. Terminale générale — année scolaire 2026-2027 > 10.5 Thème 4 — Le monde, l’Europe et la France depuis les années 1990, entre coopérations et conflits > 10.5.4 Tunnel sous la Manche",3732,LNK7-0344,,LNK14-0344
LNK3-0348,LNK2-0348,LINK-0348,EVT-0257,2026-2027,Terminale générale,Tronc commun,THM-031,"Thème 4 — Le monde, l’Europe et la France depuis les années 1990, entre coopérations et conflits",10.5.4 Tunnel sous la Manche,,,,jonction du tunnel ferroviaire nord,jonction du tunnel ferroviaire nord,22 mai 1991,,"10. Terminale générale — année scolaire 2026-2027 > 10.5 Thème 4 — Le monde, l’Europe et la France depuis les années 1990, entre coopérations et conflits > 10.5.4 Tunnel sous la Manche",3733,LNK7-0345,,LNK14-0345
LNK3-0349,LNK2-0349,LINK-0349,EVT-0258,2026-2027,Terminale générale,Tronc commun,THM-031,"Thème 4 — Le monde, l’Europe et la France depuis les années 1990, entre coopérations et conflits",10.5.4 Tunnel sous la Manche,,,,jonction du tunnel ferroviaire sud,jonction du tunnel ferroviaire sud,28 juin 1991,,"10. Terminale générale — année scolaire 2026-2027 > 10.5 Thème 4 — Le monde, l’Europe et la France depuis les années 1990, entre coopérations et conflits > 10.5.4 Tunnel sous la Manche",3734,LNK7-0346,,LNK14-0346
LNK3-0350,LNK2-0350,LINK-0350,EVT-0259,2026-2027,Terminale générale,Tronc commun,THM-031,"Thème 4 — Le monde, l’Europe et la France depuis les années 1990, entre coopérations et conflits",10.5.4 Tunnel sous la Manche,,,,inauguration officielle du tunnel,inauguration officielle du tunnel,6 mai 1994,,"10. Terminale générale — année scolaire 2026-2027 > 10.5 Thème 4 — Le monde, l’Europe et la France depuis les années 1990, entre coopérations et conflits > 10.5.4 Tunnel sous la Manche",3735,LNK7-0347,,LNK14-0347
LNK3-0351,LNK2-0351,LINK-0351,EVT-0260,2026-2027,Terminale générale,Tronc commun,THM-031,"Thème 4 — Le monde, l’Europe et la France depuis les années 1990, entre coopérations et conflits",10.5.4 Tunnel sous la Manche,,,,premier train de marchandises en exploitation commerciale,premier train de marchandises en exploitation commerciale,1er juin 1994,,"10. Terminale générale — année scolaire 2026-2027 > 10.5 Thème 4 — Le monde, l’Europe et la France depuis les années 1990, entre coopérations et conflits > 10.5.4 Tunnel sous la Manche",3736,LNK7-0348,,LNK14-0348
LNK3-0352,LNK2-0352,LINK-0352,EVT-0261,2026-2027,Terminale générale,Tronc commun,THM-031,"Thème 4 — Le monde, l’Europe et la France depuis les années 1990, entre coopérations et conflits",10.5.4 Tunnel sous la Manche,,,,début du service commercial Eurostar,début du service commercial Eurostar,14 novembre 1994,,"10. Terminale générale — année scolaire 2026-2027 > 10.5 Thème 4 — Le monde, l’Europe et la France depuis les années 1990, entre coopérations et conflits > 10.5.4 Tunnel sous la Manche",3737,LNK7-0349,,LNK14-0349
LNK3-0353,LNK2-0353,LINK-0353,,2026-2027,Première HGGSP,HGGSP,THM-036,Thème 1 — Comprendre un régime politique : la démocratie,Jalons officiels du BO,PPO_BO,,,Être citoyen à Athènes au Ve siècle : démocratie directe mais limitée,,,,11. HGGSP — Première et Terminale générales — année scolaire 2026-2027 > 11.2 HGGSP Première — « Acquérir des clefs de compréhension du monde contemporain » > 11.2.1 Thème 1 — Comprendre un régime politique : la démocratie > Jalons officiels du BO,3989,LNK7-0350,,LNK14-0350
LNK3-0354,LNK2-0354,LINK-0354,,2026-2027,Première HGGSP,HGGSP,THM-036,Thème 1 — Comprendre un régime politique : la démocratie,Jalons officiels du BO,PPO_BO,,,"Benjamin Constant, « liberté des Anciens, liberté des Modernes »",,,,11. HGGSP — Première et Terminale générales — année scolaire 2026-2027 > 11.2 HGGSP Première — « Acquérir des clefs de compréhension du monde contemporain » > 11.2.1 Thème 1 — Comprendre un régime politique : la démocratie > Jalons officiels du BO,3990,LNK7-0351,,LNK14-0351
LNK3-0355,LNK2-0355,LINK-0355,,2026-2027,Première HGGSP,HGGSP,THM-036,Thème 1 — Comprendre un régime politique : la démocratie,Jalons officiels du BO,PPO_BO,,,Tocqueville : de la démocratie à la tyrannie ?,,,,11. HGGSP — Première et Terminale générales — année scolaire 2026-2027 > 11.2 HGGSP Première — « Acquérir des clefs de compréhension du monde contemporain » > 11.2.1 Thème 1 — Comprendre un régime politique : la démocratie > Jalons officiels du BO,3991,LNK7-0352,,LNK14-0352
LNK3-0356,LNK2-0356,LINK-0356,,2026-2027,Première HGGSP,HGGSP,THM-036,Thème 1 — Comprendre un régime politique : la démocratie,Jalons officiels du BO,PPO_BO,,,"Chili, 1970-1973",,,,11. HGGSP — Première et Terminale générales — année scolaire 2026-2027 > 11.2 HGGSP Première — « Acquérir des clefs de compréhension du monde contemporain » > 11.2.1 Thème 1 — Comprendre un régime politique : la démocratie > Jalons officiels du BO,3992,LNK7-0353,,LNK14-0353
LNK3-0357,LNK2-0357,LINK-0357,,2026-2027,Première HGGSP,HGGSP,THM-036,Thème 1 — Comprendre un régime politique : la démocratie,Jalons officiels du BO,PPO_BO,,,"Portugal et Espagne, 1974-1982",,,,11. HGGSP — Première et Terminale générales — année scolaire 2026-2027 > 11.2 HGGSP Première — « Acquérir des clefs de compréhension du monde contemporain » > 11.2.1 Thème 1 — Comprendre un régime politique : la démocratie > Jalons officiels du BO,3993,LNK7-0354,,LNK14-0354
LNK3-0358,LNK2-0358,LINK-0358,,2026-2027,Première HGGSP,HGGSP,THM-036,Thème 1 — Comprendre un régime politique : la démocratie,Jalons officiels du BO,PPO_BO,,,Fonctionnement de l’Union européenne : démocratie représentative et déléguée,,,,11. HGGSP — Première et Terminale générales — année scolaire 2026-2027 > 11.2 HGGSP Première — « Acquérir des clefs de compréhension du monde contemporain » > 11.2.1 Thème 1 — Comprendre un régime politique : la démocratie > Jalons officiels du BO,3994,LNK7-0355,,LNK14-0355
LNK3-0359,LNK2-0359,LINK-0359,,2026-2027,Première HGGSP,HGGSP,THM-036,Thème 1 — Comprendre un régime politique : la démocratie,Jalons officiels du BO,PPO_BO,,,UE face aux citoyens et aux États : remises en question depuis 1992,,,,11. HGGSP — Première et Terminale générales — année scolaire 2026-2027 > 11.2 HGGSP Première — « Acquérir des clefs de compréhension du monde contemporain » > 11.2.1 Thème 1 — Comprendre un régime politique : la démocratie > Jalons officiels du BO,3995,LNK7-0356,,LNK14-0356
LNK3-0360,LNK2-0360,LINK-0360,EVT-0262,2026-2027,Première HGGSP,HGGSP,THM-036,Thème 1 — Comprendre un régime politique : la démocratie,Événements datables à rattacher,,direct,YEAR_EXACT ; pas de jour vérifié,"Discours de Benjamin Constant, *De la liberté des Anciens comparée à celle des Modernes*","Discours de Benjamin Constant, *De la liberté des Anciens comparée à celle des Modernes*",1819,,11. HGGSP — Première et Terminale générales — année scolaire 2026-2027 > 11.2 HGGSP Première — « Acquérir des clefs de compréhension du monde contemporain » > 11.2.1 Thème 1 — Comprendre un régime politique : la démocratie > Événements datables à rattacher,4001,LNK7-0357,,LNK14-0357
LNK3-0361,LNK2-0361,LINK-0361,EVT-0263,2026-2027,Première HGGSP,HGGSP,THM-036,Thème 1 — Comprendre un régime politique : la démocratie,Événements datables à rattacher,,direct Tocqueville,YEAR_EXACT,Publication du premier ensemble de *De la démocratie en Amérique*,Publication du premier ensemble de *De la démocratie en Amérique*,1835,,11. HGGSP — Première et Terminale générales — année scolaire 2026-2027 > 11.2 HGGSP Première — « Acquérir des clefs de compréhension du monde contemporain » > 11.2.1 Thème 1 — Comprendre un régime politique : la démocratie > Événements datables à rattacher,4002,LNK7-0358,,LNK14-0358
LNK3-0362,LNK2-0362,LINK-0362,EVT-0264,2026-2027,Première HGGSP,HGGSP,THM-036,Thème 1 — Comprendre un régime politique : la démocratie,Événements datables à rattacher,,direct Tocqueville,YEAR_EXACT,Publication du second ensemble de *De la démocratie en Amérique*,Publication du second ensemble de *De la démocratie en Amérique*,1840,,11. HGGSP — Première et Terminale générales — année scolaire 2026-2027 > 11.2 HGGSP Première — « Acquérir des clefs de compréhension du monde contemporain » > 11.2.1 Thème 1 — Comprendre un régime politique : la démocratie > Événements datables à rattacher,4003,LNK7-0359,,LNK14-0359
LNK3-0363,LNK2-0363,LINK-0363,EVT-0265,2026-2027,Première HGGSP,HGGSP,THM-036,Thème 1 — Comprendre un régime politique : la démocratie,Événements datables à rattacher,,fin de la séquence chilienne,DAY / EXACT,Coup d’État militaire au Chili renversant Salvador Allende,Coup d’État militaire au Chili renversant Salvador Allende,11 septembre 1973,,11. HGGSP — Première et Terminale générales — année scolaire 2026-2027 > 11.2 HGGSP Première — « Acquérir des clefs de compréhension du monde contemporain » > 11.2.1 Thème 1 — Comprendre un régime politique : la démocratie > Événements datables à rattacher,4004,LNK7-0360,,LNK14-0360
LNK3-0364,LNK2-0364,LINK-0364,EVT-0266,2026-2027,Première HGGSP,HGGSP,THM-036,Thème 1 — Comprendre un régime politique : la démocratie,Événements datables à rattacher,,transition portugaise,DAY / EXACT,Révolution des Œillets au Portugal,Révolution des Œillets au Portugal,25 avril 1974,,11. HGGSP — Première et Terminale générales — année scolaire 2026-2027 > 11.2 HGGSP Première — « Acquérir des clefs de compréhension du monde contemporain » > 11.2.1 Thème 1 — Comprendre un régime politique : la démocratie > Événements datables à rattacher,4005,LNK7-0361,,LNK14-0361
LNK3-0365,LNK2-0365,LINK-0365,EVT-0267,2026-2027,Première HGGSP,HGGSP,THM-036,Thème 1 — Comprendre un régime politique : la démocratie,Événements datables à rattacher,,transition portugaise,DAY / EXACT,Entrée en vigueur de la Constitution démocratique portugaise de 1976,Entrée en vigueur de la Constitution démocratique portugaise de 1976,25 avril 1976,,11. HGGSP — Première et Terminale générales — année scolaire 2026-2027 > 11.2 HGGSP Première — « Acquérir des clefs de compréhension du monde contemporain » > 11.2.1 Thème 1 — Comprendre un régime politique : la démocratie > Événements datables à rattacher,4006,LNK7-0362,,LNK14-0362
LNK3-0366,LNK2-0366,LINK-0366,EVT-0268,2026-2027,Première HGGSP,HGGSP,THM-036,Thème 1 — Comprendre un régime politique : la démocratie,Événements datables à rattacher,,transition espagnole,DAY / EXACT,Référendum constitutionnel espagnol,Référendum constitutionnel espagnol,6 décembre 1978,,11. HGGSP — Première et Terminale générales — année scolaire 2026-2027 > 11.2 HGGSP Première — « Acquérir des clefs de compréhension du monde contemporain » > 11.2.1 Thème 1 — Comprendre un régime politique : la démocratie > Événements datables à rattacher,4007,LNK7-0363,,LNK14-0363
LNK3-0367,LNK2-0367,LINK-0367,EVT-0269,2026-2027,Première HGGSP,HGGSP,THM-036,Thème 1 — Comprendre un régime politique : la démocratie,Événements datables à rattacher,,transition espagnole,DAY / EXACT,Sanction de la Constitution espagnole par le roi,Sanction de la Constitution espagnole par le roi,27 décembre 1978,,11. HGGSP — Première et Terminale générales — année scolaire 2026-2027 > 11.2 HGGSP Première — « Acquérir des clefs de compréhension du monde contemporain » > 11.2.1 Thème 1 — Comprendre un régime politique : la démocratie > Événements datables à rattacher,4008,LNK7-0364,,LNK14-0364
LNK3-0368,LNK2-0368,LINK-0368,EVT-0270,2026-2027,Première HGGSP,HGGSP,THM-036,Thème 1 — Comprendre un régime politique : la démocratie,Événements datables à rattacher,,transition espagnole,DAY / EXACT,Publication et entrée en vigueur de la Constitution espagnole,Publication et entrée en vigueur de la Constitution espagnole,29 décembre 1978,,11. HGGSP — Première et Terminale générales — année scolaire 2026-2027 > 11.2 HGGSP Première — « Acquérir des clefs de compréhension du monde contemporain » > 11.2.1 Thème 1 — Comprendre un régime politique : la démocratie > Événements datables à rattacher,4009,LNK7-0365,,LNK14-0365
LNK3-0369,LNK2-0369,LINK-0369,EVT-0271,2026-2027,Première HGGSP,HGGSP,THM-036,Thème 1 — Comprendre un régime politique : la démocratie,Événements datables à rattacher,,UE depuis 1992,DAY / EXACT,Signature du traité de Maastricht,Signature du traité de Maastricht,7 février 1992,,11. HGGSP — Première et Terminale générales — année scolaire 2026-2027 > 11.2 HGGSP Première — « Acquérir des clefs de compréhension du monde contemporain » > 11.2.1 Thème 1 — Comprendre un régime politique : la démocratie > Événements datables à rattacher,4010,LNK7-0366,,LNK14-0366
LNK3-0370,LNK2-0370,LINK-0370,EVT-0272,2026-2027,Première HGGSP,HGGSP,THM-036,Thème 1 — Comprendre un régime politique : la démocratie,Événements datables à rattacher,,UE depuis 1992,DAY / EXACT,Entrée en vigueur du traité de Maastricht,Entrée en vigueur du traité de Maastricht,1er novembre 1993,,11. HGGSP — Première et Terminale générales — année scolaire 2026-2027 > 11.2 HGGSP Première — « Acquérir des clefs de compréhension du monde contemporain » > 11.2.1 Thème 1 — Comprendre un régime politique : la démocratie > Événements datables à rattacher,4011,LNK7-0367,,LNK14-0367
LNK3-0371,LNK2-0371,LINK-0371,,2026-2027,Première HGGSP,HGGSP,THM-037,Thème 2 — Analyser les dynamiques des puissances internationales,Jalons officiels du BO,PPO_BO,,,"Empire ottoman, de l’essor au déclin",,,,11. HGGSP — Première et Terminale générales — année scolaire 2026-2027 > 11.2 HGGSP Première — « Acquérir des clefs de compréhension du monde contemporain » > 11.2.2 Thème 2 — Analyser les dynamiques des puissances internationales > Jalons officiels du BO,4025,LNK7-0368,,LNK14-0368
LNK3-0372,LNK2-0372,LINK-0372,,2026-2027,Première HGGSP,HGGSP,THM-037,Thème 2 — Analyser les dynamiques des puissances internationales,Jalons officiels du BO,PPO_BO,,,Russie depuis 1991 après l’éclatement d’un empire,,,,11. HGGSP — Première et Terminale générales — année scolaire 2026-2027 > 11.2 HGGSP Première — « Acquérir des clefs de compréhension du monde contemporain » > 11.2.2 Thème 2 — Analyser les dynamiques des puissances internationales > Jalons officiels du BO,4026,LNK7-0369,,LNK14-0369
LNK3-0373,LNK2-0373,LINK-0373,,2026-2027,Première HGGSP,HGGSP,THM-037,Thème 2 — Analyser les dynamiques des puissances internationales,Jalons officiels du BO,PPO_BO,,,"Enjeu de la langue : anglais, français, francophonie, Instituts Confucius",,,,11. HGGSP — Première et Terminale générales — année scolaire 2026-2027 > 11.2 HGGSP Première — « Acquérir des clefs de compréhension du monde contemporain » > 11.2.2 Thème 2 — Analyser les dynamiques des puissances internationales > Jalons officiels du BO,4027,LNK7-0370,,LNK14-0370
LNK3-0374,LNK2-0374,LINK-0374,,2026-2027,Première HGGSP,HGGSP,THM-037,Thème 2 — Analyser les dynamiques des puissances internationales,Jalons officiels du BO,PPO_BO,,,"Géants du numérique (GAFAM, BATX)",,,,11. HGGSP — Première et Terminale générales — année scolaire 2026-2027 > 11.2 HGGSP Première — « Acquérir des clefs de compréhension du monde contemporain » > 11.2.2 Thème 2 — Analyser les dynamiques des puissances internationales > Jalons officiels du BO,4028,LNK7-0371,,LNK14-0371
LNK3-0375,LNK2-0375,LINK-0375,,2026-2027,Première HGGSP,HGGSP,THM-037,Thème 2 — Analyser les dynamiques des puissances internationales,Jalons officiels du BO,PPO_BO,,,Nouvelles routes de la Soie,,,,11. HGGSP — Première et Terminale générales — année scolaire 2026-2027 > 11.2 HGGSP Première — « Acquérir des clefs de compréhension du monde contemporain » > 11.2.2 Thème 2 — Analyser les dynamiques des puissances internationales > Jalons officiels du BO,4029,LNK7-0372,,LNK14-0372
LNK3-0376,LNK2-0376,LINK-0376,,2026-2027,Première HGGSP,HGGSP,THM-037,Thème 2 — Analyser les dynamiques des puissances internationales,Jalons officiels du BO,PPO_BO,,,"Lieux et formes de la puissance des États-Unis (ONU, Hollywood, MIT…)",,,,11. HGGSP — Première et Terminale générales — année scolaire 2026-2027 > 11.2 HGGSP Première — « Acquérir des clefs de compréhension du monde contemporain » > 11.2.2 Thème 2 — Analyser les dynamiques des puissances internationales > Jalons officiels du BO,4030,LNK7-0373,,LNK14-0373
LNK3-0377,LNK2-0377,LINK-0377,,2026-2027,Première HGGSP,HGGSP,THM-037,Thème 2 — Analyser les dynamiques des puissances internationales,Jalons officiels du BO,PPO_BO,,,Unilatéralisme et multilatéralisme,,,,11. HGGSP — Première et Terminale générales — année scolaire 2026-2027 > 11.2 HGGSP Première — « Acquérir des clefs de compréhension du monde contemporain » > 11.2.2 Thème 2 — Analyser les dynamiques des puissances internationales > Jalons officiels du BO,4031,LNK7-0374,,LNK14-0374
LNK3-0378,LNK2-0378,LINK-0378,,2026-2027,Première HGGSP,HGGSP,THM-037,Thème 2 — Analyser les dynamiques des puissances internationales,Jalons officiels du BO,PPO_BO,,,Points d’appui et zones d’influence des États-Unis,,,,11. HGGSP — Première et Terminale générales — année scolaire 2026-2027 > 11.2 HGGSP Première — « Acquérir des clefs de compréhension du monde contemporain » > 11.2.2 Thème 2 — Analyser les dynamiques des puissances internationales > Jalons officiels du BO,4032,LNK7-0375,,LNK14-0375
LNK3-0379,LNK2-0379,LINK-0379,,2026-2027,Première HGGSP,HGGSP,THM-038,Thème 3 — Étudier les divisions politiques du monde : les frontières,Jalons officiels du BO,PPO_BO,,,Limes rhénan,,,,11. HGGSP — Première et Terminale générales — année scolaire 2026-2027 > 11.2 HGGSP Première — « Acquérir des clefs de compréhension du monde contemporain » > 11.2.3 Thème 3 — Étudier les divisions politiques du monde : les frontières > Jalons officiels du BO,4050,LNK7-0376,,LNK14-0376
LNK3-0380,LNK2-0380,LINK-0380,,2026-2027,Première HGGSP,HGGSP,THM-038,Thème 3 — Étudier les divisions politiques du monde : les frontières,Jalons officiels du BO,PPO_BO,,,Conférence de Berlin et partage de l’Afrique,,,,11. HGGSP — Première et Terminale générales — année scolaire 2026-2027 > 11.2 HGGSP Première — « Acquérir des clefs de compréhension du monde contemporain » > 11.2.3 Thème 3 — Étudier les divisions politiques du monde : les frontières > Jalons officiels du BO,4051,LNK7-0377,,LNK14-0377
LNK3-0381,LNK2-0381,LINK-0381,,2026-2027,Première HGGSP,HGGSP,THM-038,Thème 3 — Étudier les divisions politiques du monde : les frontières,Jalons officiels du BO,PPO_BO,,,Frontière entre les deux Corée,,,,11. HGGSP — Première et Terminale générales — année scolaire 2026-2027 > 11.2 HGGSP Première — « Acquérir des clefs de compréhension du monde contemporain » > 11.2.3 Thème 3 — Étudier les divisions politiques du monde : les frontières > Jalons officiels du BO,4052,LNK7-0378,,LNK14-0378
LNK3-0382,LNK2-0382,LINK-0382,,2026-2027,Première HGGSP,HGGSP,THM-038,Thème 3 — Étudier les divisions politiques du monde : les frontières,Jalons officiels du BO,PPO_BO,,,"Frontière germano-polonaise, 1939-1990",,,,11. HGGSP — Première et Terminale générales — année scolaire 2026-2027 > 11.2 HGGSP Première — « Acquérir des clefs de compréhension du monde contemporain » > 11.2.3 Thème 3 — Étudier les divisions politiques du monde : les frontières > Jalons officiels du BO,4053,LNK7-0379,,LNK14-0379
LNK3-0383,LNK2-0383,LINK-0383,,2026-2027,Première HGGSP,HGGSP,THM-038,Thème 3 — Étudier les divisions politiques du monde : les frontières,Jalons officiels du BO,PPO_BO,,,Droit de la mer,,,,11. HGGSP — Première et Terminale générales — année scolaire 2026-2027 > 11.2 HGGSP Première — « Acquérir des clefs de compréhension du monde contemporain » > 11.2.3 Thème 3 — Étudier les divisions politiques du monde : les frontières > Jalons officiels du BO,4054,LNK7-0380,,LNK14-0380
LNK3-0384,LNK2-0384,LINK-0384,,2026-2027,Première HGGSP,HGGSP,THM-038,Thème 3 — Étudier les divisions politiques du monde : les frontières,Jalons officiels du BO,PPO_BO,,,Enjeux de Schengen et du contrôle des frontières,,,,11. HGGSP — Première et Terminale générales — année scolaire 2026-2027 > 11.2 HGGSP Première — « Acquérir des clefs de compréhension du monde contemporain » > 11.2.3 Thème 3 — Étudier les divisions politiques du monde : les frontières > Jalons officiels du BO,4055,LNK7-0381,,LNK14-0381
LNK3-0385,LNK2-0385,LINK-0385,,2026-2027,Première HGGSP,HGGSP,THM-038,Thème 3 — Étudier les divisions politiques du monde : les frontières,Jalons officiels du BO,PPO_BO,,,Frontières d’un État adhérent à l’UE,,,,11. HGGSP — Première et Terminale générales — année scolaire 2026-2027 > 11.2 HGGSP Première — « Acquérir des clefs de compréhension du monde contemporain » > 11.2.3 Thème 3 — Étudier les divisions politiques du monde : les frontières > Jalons officiels du BO,4056,LNK7-0382,,LNK14-0382
LNK3-0386,LNK2-0386,LINK-0386,,2026-2027,Première HGGSP,HGGSP,THM-038,Thème 3 — Étudier les divisions politiques du monde : les frontières,Jalons officiels du BO,PPO_BO,,,Espaces transfrontaliers intra-européens,,,,11. HGGSP — Première et Terminale générales — année scolaire 2026-2027 > 11.2 HGGSP Première — « Acquérir des clefs de compréhension du monde contemporain » > 11.2.3 Thème 3 — Étudier les divisions politiques du monde : les frontières > Jalons officiels du BO,4057,LNK7-0383,,LNK14-0383
LNK3-0387,LNK2-0387,LINK-0387,EVT-0273,2026-2027,Première HGGSP,HGGSP,THM-038,Thème 3 — Étudier les divisions politiques du monde : les frontières,Dates canoniques particulièrement utiles,,,RANGE / EXACT_BOUNDS,Conférence de Berlin / conférence d’Afrique occidentale,Conférence de Berlin / conférence d’Afrique occidentale,15 novembre 1884 → 26 février 1885,,11. HGGSP — Première et Terminale générales — année scolaire 2026-2027 > 11.2 HGGSP Première — « Acquérir des clefs de compréhension du monde contemporain » > 11.2.3 Thème 3 — Étudier les divisions politiques du monde : les frontières > Dates canoniques particulièrement utiles,4063,LNK7-0384,,LNK14-0384
LNK3-0388,LNK2-0388,LINK-0388,EVT-0274,2026-2027,Première HGGSP,HGGSP,THM-038,Thème 3 — Étudier les divisions politiques du monde : les frontières,Dates canoniques particulièrement utiles,,,DAY / SIGNATURE,Acte général de la conférence de Berlin,Acte général de la conférence de Berlin,26 février 1885,,11. HGGSP — Première et Terminale générales — année scolaire 2026-2027 > 11.2 HGGSP Première — « Acquérir des clefs de compréhension du monde contemporain » > 11.2.3 Thème 3 — Étudier les divisions politiques du monde : les frontières > Dates canoniques particulièrement utiles,4064,LNK7-0385,,LNK14-0385
LNK3-0389,LNK2-0389,LINK-0389,EVT-0275,2026-2027,Première HGGSP,HGGSP,THM-038,Thème 3 — Étudier les divisions politiques du monde : les frontières,Dates canoniques particulièrement utiles,,,DAY / EXACT,Début de la guerre de Corée,Début de la guerre de Corée,25 juin 1950,,11. HGGSP — Première et Terminale générales — année scolaire 2026-2027 > 11.2 HGGSP Première — « Acquérir des clefs de compréhension du monde contemporain » > 11.2.3 Thème 3 — Étudier les divisions politiques du monde : les frontières > Dates canoniques particulièrement utiles,4065,LNK7-0386,,LNK14-0386
LNK3-0390,LNK2-0390,LINK-0390,EVT-0276,2026-2027,Première HGGSP,HGGSP,THM-038,Thème 3 — Étudier les divisions politiques du monde : les frontières,Dates canoniques particulièrement utiles,,,DAY / CEASEFIRE,Armistice de Corée,Armistice de Corée,27 juillet 1953,,11. HGGSP — Première et Terminale générales — année scolaire 2026-2027 > 11.2 HGGSP Première — « Acquérir des clefs de compréhension du monde contemporain » > 11.2.3 Thème 3 — Étudier les divisions politiques du monde : les frontières > Dates canoniques particulièrement utiles,4066,LNK7-0387,,LNK14-0387
LNK3-0391,LNK2-0391,LINK-0391,EVT-0277,2026-2027,Première HGGSP,HGGSP,THM-038,Thème 3 — Étudier les divisions politiques du monde : les frontières,Dates canoniques particulièrement utiles,,,DAY / SIGNATURE,Traité germano-polonais confirmant la frontière existante,Traité germano-polonais confirmant la frontière existante,14 novembre 1990,,11. HGGSP — Première et Terminale générales — année scolaire 2026-2027 > 11.2 HGGSP Première — « Acquérir des clefs de compréhension du monde contemporain » > 11.2.3 Thème 3 — Étudier les divisions politiques du monde : les frontières > Dates canoniques particulièrement utiles,4067,LNK7-0388,,LNK14-0388
LNK3-0392,LNK2-0392,LINK-0392,EVT-0278,2026-2027,Première HGGSP,HGGSP,THM-038,Thème 3 — Étudier les divisions politiques du monde : les frontières,Dates canoniques particulièrement utiles,,,DAY / SIGNATURE,Convention des Nations Unies sur le droit de la mer (Montego Bay),Convention des Nations Unies sur le droit de la mer (Montego Bay),10 décembre 1982,,11. HGGSP — Première et Terminale générales — année scolaire 2026-2027 > 11.2 HGGSP Première — « Acquérir des clefs de compréhension du monde contemporain » > 11.2.3 Thème 3 — Étudier les divisions politiques du monde : les frontières > Dates canoniques particulièrement utiles,4068,LNK7-0389,,LNK14-0389
LNK3-0393,LNK2-0393,LINK-0393,EVT-0279,2026-2027,Première HGGSP,HGGSP,THM-038,Thème 3 — Étudier les divisions politiques du monde : les frontières,Dates canoniques particulièrement utiles,,,DAY / ENTRY_INTO_FORCE,Entrée en vigueur de la Convention de Montego Bay,Entrée en vigueur de la Convention de Montego Bay,16 novembre 1994,,11. HGGSP — Première et Terminale générales — année scolaire 2026-2027 > 11.2 HGGSP Première — « Acquérir des clefs de compréhension du monde contemporain » > 11.2.3 Thème 3 — Étudier les divisions politiques du monde : les frontières > Dates canoniques particulièrement utiles,4069,LNK7-0390,,LNK14-0390
LNK3-0394,LNK2-0394,LINK-0394,EVT-0280,2026-2027,Première HGGSP,HGGSP,THM-038,Thème 3 — Étudier les divisions politiques du monde : les frontières,Dates canoniques particulièrement utiles,,,DAY / SIGNATURE,Accord de Schengen,Accord de Schengen,14 juin 1985,,11. HGGSP — Première et Terminale générales — année scolaire 2026-2027 > 11.2 HGGSP Première — « Acquérir des clefs de compréhension du monde contemporain » > 11.2.3 Thème 3 — Étudier les divisions politiques du monde : les frontières > Dates canoniques particulièrement utiles,4070,LNK7-0391,,LNK14-0391
LNK3-0395,LNK2-0395,LINK-0395,EVT-0281,2026-2027,Première HGGSP,HGGSP,THM-038,Thème 3 — Étudier les divisions politiques du monde : les frontières,Dates canoniques particulièrement utiles,,,DAY / SIGNATURE,Convention d’application de Schengen,Convention d’application de Schengen,19 juin 1990,,11. HGGSP — Première et Terminale générales — année scolaire 2026-2027 > 11.2 HGGSP Première — « Acquérir des clefs de compréhension du monde contemporain » > 11.2.3 Thème 3 — Étudier les divisions politiques du monde : les frontières > Dates canoniques particulièrement utiles,4071,LNK7-0392,,LNK14-0392
LNK3-0396,LNK2-0396,LINK-0396,EVT-0282,2026-2027,Première HGGSP,HGGSP,THM-038,Thème 3 — Étudier les divisions politiques du monde : les frontières,Dates canoniques particulièrement utiles,,,DAY / IMPLEMENTATION,Mise en application effective de Schengen pour les premiers États,Mise en application effective de Schengen pour les premiers États,26 mars 1995,,11. HGGSP — Première et Terminale générales — année scolaire 2026-2027 > 11.2 HGGSP Première — « Acquérir des clefs de compréhension du monde contemporain » > 11.2.3 Thème 3 — Étudier les divisions politiques du monde : les frontières > Dates canoniques particulièrement utiles,4072,LNK7-0393,,LNK14-0393
LNK3-0397,LNK2-0397,LINK-0397,,2026-2027,Première HGGSP,HGGSP,THM-039,Thème 4 — S’informer : un regard critique sur les sources et modes de communication,Jalons officiels du BO,PPO_BO,,,De l’imprimerie à la presse à grand tirage,,,,11. HGGSP — Première et Terminale générales — année scolaire 2026-2027 > 11.2 HGGSP Première — « Acquérir des clefs de compréhension du monde contemporain » > 11.2.4 Thème 4 — S’informer : un regard critique sur les sources et modes de communication > Jalons officiels du BO,4088,LNK7-0394,,LNK14-0394
LNK3-0398,LNK2-0398,LINK-0398,,2026-2027,Première HGGSP,HGGSP,THM-039,Thème 4 — S’informer : un regard critique sur les sources et modes de communication,Jalons officiels du BO,PPO_BO,,,Radio et télévision au XXe siècle,,,,11. HGGSP — Première et Terminale générales — année scolaire 2026-2027 > 11.2 HGGSP Première — « Acquérir des clefs de compréhension du monde contemporain » > 11.2.4 Thème 4 — S’informer : un regard critique sur les sources et modes de communication > Jalons officiels du BO,4089,LNK7-0395,,LNK14-0395
LNK3-0399,LNK2-0399,LINK-0399,,2026-2027,Première HGGSP,HGGSP,THM-039,Thème 4 — S’informer : un regard critique sur les sources et modes de communication,Jalons officiels du BO,PPO_BO,,,Naissance et extension d’Internet,,,,11. HGGSP — Première et Terminale générales — année scolaire 2026-2027 > 11.2 HGGSP Première — « Acquérir des clefs de compréhension du monde contemporain » > 11.2.4 Thème 4 — S’informer : un regard critique sur les sources et modes de communication > Jalons officiels du BO,4090,LNK7-0396,,LNK14-0396
LNK3-0400,LNK2-0400,LINK-0400,,2026-2027,Première HGGSP,HGGSP,THM-039,Thème 4 — S’informer : un regard critique sur les sources et modes de communication,Jalons officiels du BO,PPO_BO,,,Affaire Dreyfus et presse,,,,11. HGGSP — Première et Terminale générales — année scolaire 2026-2027 > 11.2 HGGSP Première — « Acquérir des clefs de compréhension du monde contemporain » > 11.2.4 Thème 4 — S’informer : un regard critique sur les sources et modes de communication > Jalons officiels du BO,4091,LNK7-0397,,LNK14-0397
LNK3-0401,LNK2-0401,LINK-0401,,2026-2027,Première HGGSP,HGGSP,THM-039,Thème 4 — S’informer : un regard critique sur les sources et modes de communication,Jalons officiels du BO,PPO_BO,,,Agence Havas et AFP,,,,11. HGGSP — Première et Terminale générales — année scolaire 2026-2027 > 11.2 HGGSP Première — « Acquérir des clefs de compréhension du monde contemporain » > 11.2.4 Thème 4 — S’informer : un regard critique sur les sources et modes de communication > Jalons officiels du BO,4092,LNK7-0398,,LNK14-0398
LNK3-0402,LNK2-0402,LINK-0402,,2026-2027,Première HGGSP,HGGSP,THM-039,Thème 4 — S’informer : un regard critique sur les sources et modes de communication,Jalons officiels du BO,PPO_BO,,,Médias et guerre du Vietnam,,,,11. HGGSP — Première et Terminale générales — année scolaire 2026-2027 > 11.2 HGGSP Première — « Acquérir des clefs de compréhension du monde contemporain » > 11.2.4 Thème 4 — S’informer : un regard critique sur les sources et modes de communication > Jalons officiels du BO,4093,LNK7-0399,,LNK14-0399
LNK3-0403,LNK2-0403,LINK-0403,,2026-2027,Première HGGSP,HGGSP,THM-039,Thème 4 — S’informer : un regard critique sur les sources et modes de communication,Jalons officiels du BO,PPO_BO,,,Information fragmentée et horizontale,,,,11. HGGSP — Première et Terminale générales — année scolaire 2026-2027 > 11.2 HGGSP Première — « Acquérir des clefs de compréhension du monde contemporain » > 11.2.4 Thème 4 — S’informer : un regard critique sur les sources et modes de communication > Jalons officiels du BO,4094,LNK7-0400,,LNK14-0400
LNK3-0404,LNK2-0404,LINK-0404,,2026-2027,Première HGGSP,HGGSP,THM-039,Thème 4 — S’informer : un regard critique sur les sources et modes de communication,Jalons officiels du BO,PPO_BO,,,Témoignages et lanceurs d’alerte,,,,11. HGGSP — Première et Terminale générales — année scolaire 2026-2027 > 11.2 HGGSP Première — « Acquérir des clefs de compréhension du monde contemporain » > 11.2.4 Thème 4 — S’informer : un regard critique sur les sources et modes de communication > Jalons officiels du BO,4095,LNK7-0401,,LNK14-0401
LNK3-0405,LNK2-0405,LINK-0405,,2026-2027,Première HGGSP,HGGSP,THM-039,Thème 4 — S’informer : un regard critique sur les sources et modes de communication,Jalons officiels du BO,PPO_BO,,,Théories du complot sur Internet,,,,11. HGGSP — Première et Terminale générales — année scolaire 2026-2027 > 11.2 HGGSP Première — « Acquérir des clefs de compréhension du monde contemporain » > 11.2.4 Thème 4 — S’informer : un regard critique sur les sources et modes de communication > Jalons officiels du BO,4096,LNK7-0402,,LNK14-0402
LNK3-0406,LNK2-0406,LINK-0406,EVT-0283,2026-2027,Première HGGSP,HGGSP,THM-039,Thème 4 — S’informer : un regard critique sur les sources et modes de communication,Événements canoniques,,,YEAR_EXACT,Fondation de l’Agence Havas,Fondation de l’Agence Havas,1835,,11. HGGSP — Première et Terminale générales — année scolaire 2026-2027 > 11.2 HGGSP Première — « Acquérir des clefs de compréhension du monde contemporain » > 11.2.4 Thème 4 — S’informer : un regard critique sur les sources et modes de communication > Événements canoniques,4102,LNK7-0403,,LNK14-0403
LNK3-0407,LNK2-0407,LINK-0407,EVT-0284,2026-2027,Première HGGSP,HGGSP,THM-039,Thème 4 — S’informer : un regard critique sur les sources et modes de communication,Événements canoniques,,,DAY / EXACT,Naissance de l’Agence France-Presse,Naissance de l’Agence France-Presse,20 août 1944,,11. HGGSP — Première et Terminale générales — année scolaire 2026-2027 > 11.2 HGGSP Première — « Acquérir des clefs de compréhension du monde contemporain » > 11.2.4 Thème 4 — S’informer : un regard critique sur les sources et modes de communication > Événements canoniques,4103,LNK7-0404,,LNK14-0404
LNK3-0408,LNK2-0408,LINK-0408,EVT-0285,2026-2027,Première HGGSP,HGGSP,THM-039,Thème 4 — S’informer : un regard critique sur les sources et modes de communication,Événements canoniques,,,DAY / LEGAL_ACT,Adoption du statut de l’AFP,Adoption du statut de l’AFP,10 janvier 1957,,11. HGGSP — Première et Terminale générales — année scolaire 2026-2027 > 11.2 HGGSP Première — « Acquérir des clefs de compréhension du monde contemporain » > 11.2.4 Thème 4 — S’informer : un regard critique sur les sources et modes de communication > Événements canoniques,4104,LNK7-0405,,LNK14-0405
LNK3-0409,LNK2-0409,LINK-0409,,2026-2027,Première HGGSP,HGGSP,THM-040,Thème 5 — Analyser les relations entre États et religions,Jalons officiels du BO,PPO_BO,,,Couronnement de Charlemagne : pape et empereur,,,,11. HGGSP — Première et Terminale générales — année scolaire 2026-2027 > 11.2 HGGSP Première — « Acquérir des clefs de compréhension du monde contemporain » > 11.2.5 Thème 5 — Analyser les relations entre États et religions > Jalons officiels du BO,4116,LNK7-0406,,LNK14-0406
LNK3-0410,LNK2-0410,LINK-0410,,2026-2027,Première HGGSP,HGGSP,THM-040,Thème 5 — Analyser les relations entre États et religions,Jalons officiels du BO,PPO_BO,,,Calife et empereur byzantin aux IXe-Xe siècles,,,,11. HGGSP — Première et Terminale générales — année scolaire 2026-2027 > 11.2 HGGSP Première — « Acquérir des clefs de compréhension du monde contemporain » > 11.2.5 Thème 5 — Analyser les relations entre États et religions > Jalons officiels du BO,4117,LNK7-0407,,LNK14-0407
LNK3-0411,LNK2-0411,LINK-0411,,2026-2027,Première HGGSP,HGGSP,THM-040,Thème 5 — Analyser les relations entre États et religions,Jalons officiels du BO,PPO_BO,,,Turquie : abolition du califat en 1924 par Mustafa Kemal,,,,11. HGGSP — Première et Terminale générales — année scolaire 2026-2027 > 11.2 HGGSP Première — « Acquérir des clefs de compréhension du monde contemporain » > 11.2.5 Thème 5 — Analyser les relations entre États et religions > Jalons officiels du BO,4118,LNK7-0408,,LNK14-0408
LNK3-0412,LNK2-0412,LINK-0412,,2026-2027,Première HGGSP,HGGSP,THM-040,Thème 5 — Analyser les relations entre États et religions,Jalons officiels du BO,PPO_BO,,,États et religions aux États-Unis depuis la Seconde Guerre mondiale,,,,11. HGGSP — Première et Terminale générales — année scolaire 2026-2027 > 11.2 HGGSP Première — « Acquérir des clefs de compréhension du monde contemporain » > 11.2.5 Thème 5 — Analyser les relations entre États et religions > Jalons officiels du BO,4119,LNK7-0409,,LNK14-0409
LNK3-0413,LNK2-0413,LINK-0413,,2026-2027,Première HGGSP,HGGSP,THM-040,Thème 5 — Analyser les relations entre États et religions,Jalons officiels du BO,PPO_BO,,,Inde : « sécularisme » et dimension politique de la religion,,,,11. HGGSP — Première et Terminale générales — année scolaire 2026-2027 > 11.2 HGGSP Première — « Acquérir des clefs de compréhension du monde contemporain » > 11.2.5 Thème 5 — Analyser les relations entre États et religions > Jalons officiels du BO,4120,LNK7-0410,,LNK14-0410
LNK3-0414,LNK2-0414,LINK-0414,,2026-2027,Première HGGSP,HGGSP,THM-040,Thème 5 — Analyser les relations entre États et religions,Jalons officiels du BO,PPO_BO,,,Minorités religieuses en Inde,,,,11. HGGSP — Première et Terminale générales — année scolaire 2026-2027 > 11.2 HGGSP Première — « Acquérir des clefs de compréhension du monde contemporain » > 11.2.5 Thème 5 — Analyser les relations entre États et religions > Jalons officiels du BO,4121,LNK7-0411,,LNK14-0411
LNK3-0415,LNK2-0415,LINK-0415,,2026-2027,Première HGGSP,HGGSP,THM-040,Thème 5 — Analyser les relations entre États et religions,Jalons officiels du BO,PPO_BO,,,Enjeux géopolitiques Inde-Pakistan,,,,11. HGGSP — Première et Terminale générales — année scolaire 2026-2027 > 11.2 HGGSP Première — « Acquérir des clefs de compréhension du monde contemporain » > 11.2.5 Thème 5 — Analyser les relations entre États et religions > Jalons officiels du BO,4122,LNK7-0412,,LNK14-0412
LNK3-0416,LNK2-0416,LINK-0416,,2026-2027,Terminale HGGSP,HGGSP,THM-041,Thème 1 — De nouveaux espaces de conquête,Jalons officiels du BO,PPO_BO,,,Course à l’espace depuis les années 1950 jusqu’aux nouveaux acteurs,,,,11. HGGSP — Première et Terminale générales — année scolaire 2026-2027 > 11.3 HGGSP Terminale > 11.3.1 Thème 1 — De nouveaux espaces de conquête > Jalons officiels du BO,4143,LNK7-0413,,LNK14-0413
LNK3-0417,LNK2-0417,LINK-0417,,2026-2027,Terminale HGGSP,HGGSP,THM-041,Thème 1 — De nouveaux espaces de conquête,Jalons officiels du BO,PPO_BO,,,Dissuasion nucléaire et forces de projection maritime,,,,11. HGGSP — Première et Terminale générales — année scolaire 2026-2027 > 11.3 HGGSP Terminale > 11.3.1 Thème 1 — De nouveaux espaces de conquête > Jalons officiels du BO,4144,LNK7-0414,,LNK14-0414
LNK3-0418,LNK2-0418,LINK-0418,,2026-2027,Terminale HGGSP,HGGSP,THM-041,Thème 1 — De nouveaux espaces de conquête,Jalons officiels du BO,PPO_BO,,,Station spatiale internationale,,,,11. HGGSP — Première et Terminale générales — année scolaire 2026-2027 > 11.3 HGGSP Terminale > 11.3.1 Thème 1 — De nouveaux espaces de conquête > Jalons officiels du BO,4145,LNK7-0415,,LNK14-0415
LNK3-0419,LNK2-0419,LINK-0419,,2026-2027,Terminale HGGSP,HGGSP,THM-041,Thème 1 — De nouveaux espaces de conquête,Jalons officiels du BO,PPO_BO,,,ZEE / Montego Bay → gestion commune de la biodiversité BBNJ,,,,11. HGGSP — Première et Terminale générales — année scolaire 2026-2027 > 11.3 HGGSP Terminale > 11.3.1 Thème 1 — De nouveaux espaces de conquête > Jalons officiels du BO,4146,LNK7-0416,,LNK14-0416
LNK3-0420,LNK2-0420,LINK-0420,,2026-2027,Terminale HGGSP,HGGSP,THM-041,Thème 1 — De nouveaux espaces de conquête,Jalons officiels du BO,PPO_BO,,,Chine : affirmation politique par l’espace et les mers,,,,11. HGGSP — Première et Terminale générales — année scolaire 2026-2027 > 11.3 HGGSP Terminale > 11.3.1 Thème 1 — De nouveaux espaces de conquête > Jalons officiels du BO,4147,LNK7-0417,,LNK14-0417
LNK3-0421,LNK2-0421,LINK-0421,,2026-2027,Terminale HGGSP,HGGSP,THM-041,Thème 1 — De nouveaux espaces de conquête,Jalons officiels du BO,PPO_BO,,,Enjeux économiques et géopolitiques pour la Chine et le monde,,,,11. HGGSP — Première et Terminale générales — année scolaire 2026-2027 > 11.3 HGGSP Terminale > 11.3.1 Thème 1 — De nouveaux espaces de conquête > Jalons officiels du BO,4148,LNK7-0418,,LNK14-0418
LNK3-0422,LNK2-0422,LINK-0422,EVT-0286,2026-2027,Terminale HGGSP,HGGSP,THM-041,Thème 1 — De nouveaux espaces de conquête,Événements datés prioritaires,,,DAY / EXACT,Lancement de Spoutnik 1,Lancement de Spoutnik 1,4 octobre 1957,,11. HGGSP — Première et Terminale générales — année scolaire 2026-2027 > 11.3 HGGSP Terminale > 11.3.1 Thème 1 — De nouveaux espaces de conquête > Événements datés prioritaires,4154,LNK7-0419,,LNK14-0419
LNK3-0423,LNK2-0423,LINK-0423,EVT-0287,2026-2027,Terminale HGGSP,HGGSP,THM-041,Thème 1 — De nouveaux espaces de conquête,Événements datés prioritaires,,,DAY / EXACT,"Premier vol spatial humain, Youri Gagarine / Vostok 1","Premier vol spatial humain, Youri Gagarine / Vostok 1",12 avril 1961,,11. HGGSP — Première et Terminale générales — année scolaire 2026-2027 > 11.3 HGGSP Terminale > 11.3.1 Thème 1 — De nouveaux espaces de conquête > Événements datés prioritaires,4155,LNK7-0420,,LNK14-0420
LNK3-0424,LNK2-0424,LINK-0424,EVT-0288,2026-2027,Terminale HGGSP,HGGSP,THM-041,Thème 1 — De nouveaux espaces de conquête,Événements datés prioritaires,,,DAY / EXACT,Lancement d’Apollo 11,Lancement d’Apollo 11,16 juillet 1969,,11. HGGSP — Première et Terminale générales — année scolaire 2026-2027 > 11.3 HGGSP Terminale > 11.3.1 Thème 1 — De nouveaux espaces de conquête > Événements datés prioritaires,4156,LNK7-0421,,LNK14-0421
LNK3-0425,LNK2-0425,LINK-0425,EVT-0289,2026-2027,Terminale HGGSP,HGGSP,THM-041,Thème 1 — De nouveaux espaces de conquête,Événements datés prioritaires,,,DAY / EXACT,Alunissage d’Apollo 11,Alunissage d’Apollo 11,20 juillet 1969,,11. HGGSP — Première et Terminale générales — année scolaire 2026-2027 > 11.3 HGGSP Terminale > 11.3.1 Thème 1 — De nouveaux espaces de conquête > Événements datés prioritaires,4157,LNK7-0422,,LNK14-0422
LNK3-0426,LNK2-0426,LINK-0426,EVT-0290,2026-2027,Terminale HGGSP,HGGSP,THM-041,Thème 1 — De nouveaux espaces de conquête,Événements datés prioritaires,,,DAY / EXACT,"Premier module de l’ISS, Zarya, mis en orbite","Premier module de l’ISS, Zarya, mis en orbite",20 novembre 1998,,11. HGGSP — Première et Terminale générales — année scolaire 2026-2027 > 11.3 HGGSP Terminale > 11.3.1 Thème 1 — De nouveaux espaces de conquête > Événements datés prioritaires,4158,LNK7-0423,,LNK14-0423
LNK3-0427,LNK2-0427,LINK-0427,EVT-0291,2026-2027,Terminale HGGSP,HGGSP,THM-041,Thème 1 — De nouveaux espaces de conquête,Événements datés prioritaires,,,DAY / EXACT,Début de l’occupation humaine continue de l’ISS,Début de l’occupation humaine continue de l’ISS,2 novembre 2000,,11. HGGSP — Première et Terminale générales — année scolaire 2026-2027 > 11.3 HGGSP Terminale > 11.3.1 Thème 1 — De nouveaux espaces de conquête > Événements datés prioritaires,4159,LNK7-0424,,LNK14-0424
LNK3-0428,LNK2-0428,LINK-0428,EVT-0278,2026-2027,Terminale HGGSP,HGGSP,THM-041,Thème 1 — De nouveaux espaces de conquête,Événements datés prioritaires,,,DAY / SIGNATURE,Convention de Montego Bay,Convention de Montego Bay,10 décembre 1982,,11. HGGSP — Première et Terminale générales — année scolaire 2026-2027 > 11.3 HGGSP Terminale > 11.3.1 Thème 1 — De nouveaux espaces de conquête > Événements datés prioritaires,4160,LNK7-0425,,LNK14-0425
LNK3-0429,LNK2-0429,LINK-0429,EVT-0279,2026-2027,Terminale HGGSP,HGGSP,THM-041,Thème 1 — De nouveaux espaces de conquête,Événements datés prioritaires,,,DAY / ENTRY_INTO_FORCE,Entrée en vigueur de la Convention de Montego Bay,Entrée en vigueur de la Convention de Montego Bay,16 novembre 1994,,11. HGGSP — Première et Terminale générales — année scolaire 2026-2027 > 11.3 HGGSP Terminale > 11.3.1 Thème 1 — De nouveaux espaces de conquête > Événements datés prioritaires,4161,LNK7-0426,,LNK14-0426
LNK3-0430,LNK2-0430,LINK-0430,EVT-0293,2026-2027,Terminale HGGSP,HGGSP,THM-041,Thème 1 — De nouveaux espaces de conquête,Événements datés prioritaires,,,DAY / ADOPTION,Adoption de l’accord BBNJ,Adoption de l’accord BBNJ,19 juin 2023,,11. HGGSP — Première et Terminale générales — année scolaire 2026-2027 > 11.3 HGGSP Terminale > 11.3.1 Thème 1 — De nouveaux espaces de conquête > Événements datés prioritaires,4162,LNK7-0427,,LNK14-0427
LNK3-0431,LNK2-0431,LINK-0431,EVT-0294,2026-2027,Terminale HGGSP,HGGSP,THM-041,Thème 1 — De nouveaux espaces de conquête,Événements datés prioritaires,,,DAY / ENTRY_INTO_FORCE,Entrée en vigueur de l’accord BBNJ,Entrée en vigueur de l’accord BBNJ,17 janvier 2026,,11. HGGSP — Première et Terminale générales — année scolaire 2026-2027 > 11.3 HGGSP Terminale > 11.3.1 Thème 1 — De nouveaux espaces de conquête > Événements datés prioritaires,4163,LNK7-0428,,LNK14-0428
LNK3-0432,LNK2-0432,LINK-0432,,2026-2027,Terminale HGGSP,HGGSP,THM-042,"Thème 2 — Faire la guerre, faire la paix : formes de conflits et modes de résolution",Jalons officiels du BO,PPO_BO,,,Clausewitz : de la guerre de Sept Ans aux guerres napoléoniennes,,,,"11. HGGSP — Première et Terminale générales — année scolaire 2026-2027 > 11.3 HGGSP Terminale > 11.3.2 Thème 2 — Faire la guerre, faire la paix : formes de conflits et modes de résolution > Jalons officiels du BO",4175,LNK7-0429,,LNK14-0429
LNK3-0433,LNK2-0433,LINK-0433,,2026-2027,Terminale HGGSP,HGGSP,THM-042,"Thème 2 — Faire la guerre, faire la paix : formes de conflits et modes de résolution",Jalons officiels du BO,PPO_BO,,,Guerres irrégulières : d’Al-Qaïda à Daech,,,,"11. HGGSP — Première et Terminale générales — année scolaire 2026-2027 > 11.3 HGGSP Terminale > 11.3.2 Thème 2 — Faire la guerre, faire la paix : formes de conflits et modes de résolution > Jalons officiels du BO",4176,LNK7-0430,,LNK14-0430
LNK3-0434,LNK2-0434,LINK-0434,,2026-2027,Terminale HGGSP,HGGSP,THM-042,"Thème 2 — Faire la guerre, faire la paix : formes de conflits et modes de résolution",Jalons officiels du BO,PPO_BO,,,Traités de Westphalie (1648),,,,"11. HGGSP — Première et Terminale générales — année scolaire 2026-2027 > 11.3 HGGSP Terminale > 11.3.2 Thème 2 — Faire la guerre, faire la paix : formes de conflits et modes de résolution > Jalons officiels du BO",4177,LNK7-0431,,LNK14-0431
LNK3-0435,LNK2-0435,LINK-0435,,2026-2027,Terminale HGGSP,HGGSP,THM-042,"Thème 2 — Faire la guerre, faire la paix : formes de conflits et modes de résolution",Jalons officiels du BO,PPO_BO,,,Actions de l’ONU sous Kofi Annan (1997-2006),,,,"11. HGGSP — Première et Terminale générales — année scolaire 2026-2027 > 11.3 HGGSP Terminale > 11.3.2 Thème 2 — Faire la guerre, faire la paix : formes de conflits et modes de résolution > Jalons officiels du BO",4178,LNK7-0432,,LNK14-0432
LNK3-0436,LNK2-0436,LINK-0436,,2026-2027,Terminale HGGSP,HGGSP,THM-042,"Thème 2 — Faire la guerre, faire la paix : formes de conflits et modes de résolution",Jalons officiels du BO,PPO_BO,,,Conflit israélo-arabe → israélo-palestinien et tentatives de résolution,,,,"11. HGGSP — Première et Terminale générales — année scolaire 2026-2027 > 11.3 HGGSP Terminale > 11.3.2 Thème 2 — Faire la guerre, faire la paix : formes de conflits et modes de résolution > Jalons officiels du BO",4179,LNK7-0433,,LNK14-0433
LNK3-0437,LNK2-0437,LINK-0437,,2026-2027,Terminale HGGSP,HGGSP,THM-042,"Thème 2 — Faire la guerre, faire la paix : formes de conflits et modes de résolution",Jalons officiels du BO,PPO_BO,,,Guerres du Golfe 1991 et 2003 et prolongements,,,,"11. HGGSP — Première et Terminale générales — année scolaire 2026-2027 > 11.3 HGGSP Terminale > 11.3.2 Thème 2 — Faire la guerre, faire la paix : formes de conflits et modes de résolution > Jalons officiels du BO",4180,LNK7-0434,,LNK14-0434
LNK3-0438,LNK2-0438,LINK-0438,EVT-0295,2026-2027,Terminale HGGSP,HGGSP,THM-042,"Thème 2 — Faire la guerre, faire la paix : formes de conflits et modes de résolution",Dates canoniques prioritaires,,,DAY / SIGNATURE,Signature des traités de Westphalie,Signature des traités de Westphalie,24 octobre 1648,,"11. HGGSP — Première et Terminale générales — année scolaire 2026-2027 > 11.3 HGGSP Terminale > 11.3.2 Thème 2 — Faire la guerre, faire la paix : formes de conflits et modes de résolution > Dates canoniques prioritaires",4186,LNK7-0435,,LNK14-0435
LNK3-0439,LNK2-0439,LINK-0439,EVT-0296,2026-2027,Terminale HGGSP,HGGSP,THM-042,"Thème 2 — Faire la guerre, faire la paix : formes de conflits et modes de résolution",Dates canoniques prioritaires,,,DAY / TERM_START,Début du premier mandat de Kofi Annan comme secrétaire général de l’ONU,Début du premier mandat de Kofi Annan comme secrétaire général de l’ONU,1er janvier 1997,,"11. HGGSP — Première et Terminale générales — année scolaire 2026-2027 > 11.3 HGGSP Terminale > 11.3.2 Thème 2 — Faire la guerre, faire la paix : formes de conflits et modes de résolution > Dates canoniques prioritaires",4187,LNK7-0436,,LNK14-0436
LNK3-0440,LNK2-0440,LINK-0440,EVT-0297,2026-2027,Terminale HGGSP,HGGSP,THM-042,"Thème 2 — Faire la guerre, faire la paix : formes de conflits et modes de résolution",Dates canoniques prioritaires,,,DAY / TERM_END,Fin du second mandat de Kofi Annan,Fin du second mandat de Kofi Annan,31 décembre 2006,,"11. HGGSP — Première et Terminale générales — année scolaire 2026-2027 > 11.3 HGGSP Terminale > 11.3.2 Thème 2 — Faire la guerre, faire la paix : formes de conflits et modes de résolution > Dates canoniques prioritaires",4188,LNK7-0437,,LNK14-0437
LNK3-0441,LNK2-0441,LINK-0441,EVT-0298,2026-2027,Terminale HGGSP,HGGSP,THM-042,"Thème 2 — Faire la guerre, faire la paix : formes de conflits et modes de résolution",Dates canoniques prioritaires,,,DAY / PROCLAMATION,Proclamation de l’État d’Israël,Proclamation de l’État d’Israël,14 mai 1948,,"11. HGGSP — Première et Terminale générales — année scolaire 2026-2027 > 11.3 HGGSP Terminale > 11.3.2 Thème 2 — Faire la guerre, faire la paix : formes de conflits et modes de résolution > Dates canoniques prioritaires",4189,LNK7-0438,,LNK14-0438
LNK3-0442,LNK2-0442,LINK-0442,EVT-0299,2026-2027,Terminale HGGSP,HGGSP,THM-042,"Thème 2 — Faire la guerre, faire la paix : formes de conflits et modes de résolution",Dates canoniques prioritaires,,,DAY / EXACT,Invasion du Koweït par l’Irak,Invasion du Koweït par l’Irak,2 août 1990,,"11. HGGSP — Première et Terminale générales — année scolaire 2026-2027 > 11.3 HGGSP Terminale > 11.3.2 Thème 2 — Faire la guerre, faire la paix : formes de conflits et modes de résolution > Dates canoniques prioritaires",4190,LNK7-0439,,LNK14-0439
LNK3-0443,LNK2-0443,LINK-0443,EVT-0300,2026-2027,Terminale HGGSP,HGGSP,THM-042,"Thème 2 — Faire la guerre, faire la paix : formes de conflits et modes de résolution",Dates canoniques prioritaires,,,DAY / EXACT_WITH_TIMEZONE_NOTE,Début des opérations militaires de la coalition contre l’Irak,Début des opérations militaires de la coalition contre l’Irak,16 janvier 1991 selon la chronologie de l’Office of the Historian,,"11. HGGSP — Première et Terminale générales — année scolaire 2026-2027 > 11.3 HGGSP Terminale > 11.3.2 Thème 2 — Faire la guerre, faire la paix : formes de conflits et modes de résolution > Dates canoniques prioritaires",4191,LNK7-0440,,LNK14-0440
LNK3-0444,LNK2-0444,LINK-0444,EVT-0301,2026-2027,Terminale HGGSP,HGGSP,THM-042,"Thème 2 — Faire la guerre, faire la paix : formes de conflits et modes de résolution",Dates canoniques prioritaires,,,DAY / CONVENTIONAL_END,Fin de la campagne militaire principale de la coalition,Fin de la campagne militaire principale de la coalition,28 février 1991,,"11. HGGSP — Première et Terminale générales — année scolaire 2026-2027 > 11.3 HGGSP Terminale > 11.3.2 Thème 2 — Faire la guerre, faire la paix : formes de conflits et modes de résolution > Dates canoniques prioritaires",4192,LNK7-0441,,LNK14-0441
LNK3-0445,LNK2-0445,LINK-0445,EVT-0302,2026-2027,Terminale HGGSP,HGGSP,THM-042,"Thème 2 — Faire la guerre, faire la paix : formes de conflits et modes de résolution",Dates canoniques prioritaires,,,DAY / EXACT,Début de l’invasion de l’Irak par la coalition de 2003,Début de l’invasion de l’Irak par la coalition de 2003,20 mars 2003,,"11. HGGSP — Première et Terminale générales — année scolaire 2026-2027 > 11.3 HGGSP Terminale > 11.3.2 Thème 2 — Faire la guerre, faire la paix : formes de conflits et modes de résolution > Dates canoniques prioritaires",4193,LNK7-0442,,LNK14-0442
LNK3-0446,LNK2-0446,LINK-0446,,2026-2027,Terminale HGGSP,HGGSP,THM-043,Thème 3 — Histoire et mémoires,Jalons officiels du BO,PPO_BO,,,Débat historique sur les causes de la Première Guerre mondiale,,,,11. HGGSP — Première et Terminale générales — année scolaire 2026-2027 > 11.3 HGGSP Terminale > 11.3.3 Thème 3 — Histoire et mémoires > Jalons officiels du BO,4205,LNK7-0443,,LNK14-0443
LNK3-0447,LNK2-0447,LINK-0447,,2026-2027,Terminale HGGSP,HGGSP,THM-043,Thème 3 — Histoire et mémoires,Jalons officiels du BO,PPO_BO,,,Mémoires et histoire de la guerre d’Algérie,,,,11. HGGSP — Première et Terminale générales — année scolaire 2026-2027 > 11.3 HGGSP Terminale > 11.3.3 Thème 3 — Histoire et mémoires > Jalons officiels du BO,4206,LNK7-0444,,LNK14-0444
LNK3-0448,LNK2-0448,LINK-0448,,2026-2027,Terminale HGGSP,HGGSP,THM-043,Thème 3 — Histoire et mémoires,Jalons officiels du BO,PPO_BO,,,Tribunaux gacaca face au génocide des Tutsis,,,,11. HGGSP — Première et Terminale générales — année scolaire 2026-2027 > 11.3 HGGSP Terminale > 11.3.3 Thème 3 — Histoire et mémoires > Jalons officiels du BO,4207,LNK7-0445,,LNK14-0445
LNK3-0449,LNK2-0449,LINK-0449,,2026-2027,Terminale HGGSP,HGGSP,THM-043,Thème 3 — Histoire et mémoires,Jalons officiels du BO,PPO_BO,,,Tribunal pénal international pour l’ex-Yougoslavie,,,,11. HGGSP — Première et Terminale générales — année scolaire 2026-2027 > 11.3 HGGSP Terminale > 11.3.3 Thème 3 — Histoire et mémoires > Jalons officiels du BO,4208,LNK7-0446,,LNK14-0446
LNK3-0450,LNK2-0450,LINK-0450,,2026-2027,Terminale HGGSP,HGGSP,THM-043,Thème 3 — Histoire et mémoires,Jalons officiels du BO,PPO_BO,,,Lieux de mémoire du génocide des Juifs et des Tsiganes,,,,11. HGGSP — Première et Terminale générales — année scolaire 2026-2027 > 11.3 HGGSP Terminale > 11.3.3 Thème 3 — Histoire et mémoires > Jalons officiels du BO,4209,LNK7-0447,,LNK14-0447
LNK3-0451,LNK2-0451,LINK-0451,,2026-2027,Terminale HGGSP,HGGSP,THM-043,Thème 3 — Histoire et mémoires,Jalons officiels du BO,PPO_BO,,,Juger les crimes nazis après Nuremberg,,,,11. HGGSP — Première et Terminale générales — année scolaire 2026-2027 > 11.3 HGGSP Terminale > 11.3.3 Thème 3 — Histoire et mémoires > Jalons officiels du BO,4210,LNK7-0448,,LNK14-0448
LNK3-0452,LNK2-0452,LINK-0452,,2026-2027,Terminale HGGSP,HGGSP,THM-043,Thème 3 — Histoire et mémoires,Jalons officiels du BO,PPO_BO,,,Génocide dans la littérature et le cinéma,,,,11. HGGSP — Première et Terminale générales — année scolaire 2026-2027 > 11.3 HGGSP Terminale > 11.3.3 Thème 3 — Histoire et mémoires > Jalons officiels du BO,4211,LNK7-0449,,LNK14-0449
LNK3-0453,LNK2-0453,LINK-0453,EVT-0303,2026-2027,Terminale HGGSP,HGGSP,THM-043,Thème 3 — Histoire et mémoires,Événements datés,,,RANGE / TRIGGER_AND_ONSET,Déclenchement immédiat de la séquence génocidaire au Rwanda après l’attentat contre l’avion présidentiel,Déclenchement immédiat de la séquence génocidaire au Rwanda après l’attentat contre l’avion présidentiel,6-7 avril 1994,,11. HGGSP — Première et Terminale générales — année scolaire 2026-2027 > 11.3 HGGSP Terminale > 11.3.3 Thème 3 — Histoire et mémoires > Événements datés,4217,LNK7-0450,,LNK14-0450
LNK3-0454,LNK2-0454,LINK-0454,EVT-0304,2026-2027,Terminale HGGSP,HGGSP,THM-043,Thème 3 — Histoire et mémoires,Événements datés,,,DAY / COMMEMORATIVE_CONVENTION,Journée retenue par l’ONU pour commémorer le début du génocide des Tutsis,Journée retenue par l’ONU pour commémorer le début du génocide des Tutsis,7 avril 1994,,11. HGGSP — Première et Terminale générales — année scolaire 2026-2027 > 11.3 HGGSP Terminale > 11.3.3 Thème 3 — Histoire et mémoires > Événements datés,4218,LNK7-0451,,LNK14-0451
LNK3-0455,LNK2-0455,LINK-0455,EVT-0305,2026-2027,Terminale HGGSP,HGGSP,THM-043,Thème 3 — Histoire et mémoires,Événements datés,,,DAY / LEGAL_ACT,Création du TPIY par la résolution 827 du Conseil de sécurité,Création du TPIY par la résolution 827 du Conseil de sécurité,25 mai 1993,,11. HGGSP — Première et Terminale générales — année scolaire 2026-2027 > 11.3 HGGSP Terminale > 11.3.3 Thème 3 — Histoire et mémoires > Événements datés,4219,LNK7-0452,,LNK14-0452
LNK3-0456,LNK2-0456,LINK-0456,EVT-0306,2026-2027,Terminale HGGSP,HGGSP,THM-043,Thème 3 — Histoire et mémoires,Événements datés,,,DAY / INSTITUTION_END,Fermeture du TPIY,Fermeture du TPIY,31 décembre 2017,,11. HGGSP — Première et Terminale générales — année scolaire 2026-2027 > 11.3 HGGSP Terminale > 11.3.3 Thème 3 — Histoire et mémoires > Événements datés,4220,LNK7-0453,,LNK14-0453
LNK3-0457,LNK2-0457,LINK-0457,EVT-0307,2026-2027,Terminale HGGSP,HGGSP,THM-043,Thème 3 — Histoire et mémoires,Événements datés,,,DAY / TRIAL_START,Ouverture du procès principal de Nuremberg,Ouverture du procès principal de Nuremberg,20 novembre 1945,,11. HGGSP — Première et Terminale générales — année scolaire 2026-2027 > 11.3 HGGSP Terminale > 11.3.3 Thème 3 — Histoire et mémoires > Événements datés,4221,LNK7-0454,,LNK14-0454
LNK3-0458,LNK2-0458,LINK-0458,EVT-0308,2026-2027,Terminale HGGSP,HGGSP,THM-043,Thème 3 — Histoire et mémoires,Événements datés,,,DAY / TRIAL_END/JUDGMENT,Jugement final du Tribunal militaire international de Nuremberg,Jugement final du Tribunal militaire international de Nuremberg,1er octobre 1946,,11. HGGSP — Première et Terminale générales — année scolaire 2026-2027 > 11.3 HGGSP Terminale > 11.3.3 Thème 3 — Histoire et mémoires > Événements datés,4222,LNK7-0455,,LNK14-0455
LNK3-0459,LNK2-0459,LINK-0459,,2026-2027,Terminale HGGSP,HGGSP,THM-044,"Thème 4 — Identifier, protéger et valoriser le patrimoine : enjeux géopolitiques",Jalons officiels du BO,PPO_BO,,,Usages de Versailles de l’Empire à nos jours,,,,"11. HGGSP — Première et Terminale générales — année scolaire 2026-2027 > 11.3 HGGSP Terminale > 11.3.4 Thème 4 — Identifier, protéger et valoriser le patrimoine : enjeux géopolitiques > Jalons officiels du BO",4234,LNK7-0456,,LNK14-0456
LNK3-0460,LNK2-0460,LINK-0460,,2026-2027,Terminale HGGSP,HGGSP,THM-044,"Thème 4 — Identifier, protéger et valoriser le patrimoine : enjeux géopolitiques",Jalons officiels du BO,PPO_BO,,,Frises du Parthénon depuis le XIXe siècle,,,,"11. HGGSP — Première et Terminale générales — année scolaire 2026-2027 > 11.3 HGGSP Terminale > 11.3.4 Thème 4 — Identifier, protéger et valoriser le patrimoine : enjeux géopolitiques > Jalons officiels du BO",4235,LNK7-0457,,LNK14-0457
LNK3-0461,LNK2-0461,LINK-0461,,2026-2027,Terminale HGGSP,HGGSP,THM-044,"Thème 4 — Identifier, protéger et valoriser le patrimoine : enjeux géopolitiques",Jalons officiels du BO,PPO_BO,,,"Paris : urbanisation, développement et préservation",,,,"11. HGGSP — Première et Terminale générales — année scolaire 2026-2027 > 11.3 HGGSP Terminale > 11.3.4 Thème 4 — Identifier, protéger et valoriser le patrimoine : enjeux géopolitiques > Jalons officiels du BO",4236,LNK7-0458,,LNK14-0458
LNK3-0462,LNK2-0462,LINK-0462,,2026-2027,Terminale HGGSP,HGGSP,THM-044,"Thème 4 — Identifier, protéger et valoriser le patrimoine : enjeux géopolitiques",Jalons officiels du BO,PPO_BO,,,"Destruction, protection et restauration du patrimoine au Mali",,,,"11. HGGSP — Première et Terminale générales — année scolaire 2026-2027 > 11.3 HGGSP Terminale > 11.3.4 Thème 4 — Identifier, protéger et valoriser le patrimoine : enjeux géopolitiques > Jalons officiels du BO",4237,LNK7-0459,,LNK14-0459
LNK3-0463,LNK2-0463,LINK-0463,,2026-2027,Terminale HGGSP,HGGSP,THM-044,"Thème 4 — Identifier, protéger et valoriser le patrimoine : enjeux géopolitiques",Jalons officiels du BO,PPO_BO,,,Venise : tourisme culturel et protection,,,,"11. HGGSP — Première et Terminale générales — année scolaire 2026-2027 > 11.3 HGGSP Terminale > 11.3.4 Thème 4 — Identifier, protéger et valoriser le patrimoine : enjeux géopolitiques > Jalons officiels du BO",4238,LNK7-0460,,LNK14-0460
LNK3-0464,LNK2-0464,LINK-0464,,2026-2027,Terminale HGGSP,HGGSP,THM-044,"Thème 4 — Identifier, protéger et valoriser le patrimoine : enjeux géopolitiques",Jalons officiels du BO,PPO_BO,,,Politique publique française du patrimoine,,,,"11. HGGSP — Première et Terminale générales — année scolaire 2026-2027 > 11.3 HGGSP Terminale > 11.3.4 Thème 4 — Identifier, protéger et valoriser le patrimoine : enjeux géopolitiques > Jalons officiels du BO",4239,LNK7-0461,,LNK14-0461
LNK3-0465,LNK2-0465,LINK-0465,,2026-2027,Terminale HGGSP,HGGSP,THM-044,"Thème 4 — Identifier, protéger et valoriser le patrimoine : enjeux géopolitiques",Jalons officiels du BO,PPO_BO,,,Bassin minier du Nord-Pas-de-Calais,,,,"11. HGGSP — Première et Terminale générales — année scolaire 2026-2027 > 11.3 HGGSP Terminale > 11.3.4 Thème 4 — Identifier, protéger et valoriser le patrimoine : enjeux géopolitiques > Jalons officiels du BO",4240,LNK7-0462,,LNK14-0462
LNK3-0466,LNK2-0466,LINK-0466,,2026-2027,Terminale HGGSP,HGGSP,THM-044,"Thème 4 — Identifier, protéger et valoriser le patrimoine : enjeux géopolitiques",Jalons officiels du BO,PPO_BO,,,Patrimoine comme rayonnement culturel / repas gastronomique des Français,,,,"11. HGGSP — Première et Terminale générales — année scolaire 2026-2027 > 11.3 HGGSP Terminale > 11.3.4 Thème 4 — Identifier, protéger et valoriser le patrimoine : enjeux géopolitiques > Jalons officiels du BO",4241,LNK7-0463,,LNK14-0463
LNK3-0467,LNK2-0467,LINK-0467,EVT-0309,2026-2027,Terminale HGGSP,HGGSP,THM-044,"Thème 4 — Identifier, protéger et valoriser le patrimoine : enjeux géopolitiques",Événements datés utiles,,,RANGE / APPROXIMATE_BOUNDS,Destructions de monuments historiques et religieux à Tombouctou visées dans l’affaire Al Mahdi,Destructions de monuments historiques et religieux à Tombouctou visées dans l’affaire Al Mahdi,≈ 30 juin → 11 juillet 2012,,"11. HGGSP — Première et Terminale générales — année scolaire 2026-2027 > 11.3 HGGSP Terminale > 11.3.4 Thème 4 — Identifier, protéger et valoriser le patrimoine : enjeux géopolitiques > Événements datés utiles",4247,LNK7-0464,,LNK14-0464
LNK3-0468,LNK2-0468,LINK-0468,EVT-0310,2026-2027,Terminale HGGSP,HGGSP,THM-044,"Thème 4 — Identifier, protéger et valoriser le patrimoine : enjeux géopolitiques",Événements datés utiles,,,DAY / JUDGMENT,Jugement Al Mahdi par la CPI,Jugement Al Mahdi par la CPI,27 septembre 2016,,"11. HGGSP — Première et Terminale générales — année scolaire 2026-2027 > 11.3 HGGSP Terminale > 11.3.4 Thème 4 — Identifier, protéger et valoriser le patrimoine : enjeux géopolitiques > Événements datés utiles",4248,LNK7-0465,,LNK14-0465
LNK3-0469,LNK2-0469,LINK-0469,EVT-0311,2026-2027,Terminale HGGSP,HGGSP,THM-044,"Thème 4 — Identifier, protéger et valoriser le patrimoine : enjeux géopolitiques",Événements datés utiles,,,YEAR_EXACT tant que le jour de décision n’est pas verrouillé dans notre source primaire,Inscription du Bassin minier du Nord-Pas-de-Calais au patrimoine mondial,Inscription du Bassin minier du Nord-Pas-de-Calais au patrimoine mondial,2012,,"11. HGGSP — Première et Terminale générales — année scolaire 2026-2027 > 11.3 HGGSP Terminale > 11.3.4 Thème 4 — Identifier, protéger et valoriser le patrimoine : enjeux géopolitiques > Événements datés utiles",4249,LNK7-0466,,LNK14-0466
LNK3-0470,LNK2-0470,LINK-0470,EVT-0312,2026-2027,Terminale HGGSP,HGGSP,THM-044,"Thème 4 — Identifier, protéger et valoriser le patrimoine : enjeux géopolitiques",Événements datés utiles,,,YEAR_EXACT tant que le jour de décision n’est pas verrouillé dans notre source primaire,Inscription du repas gastronomique des Français sur la Liste représentative du patrimoine culturel immatériel,Inscription du repas gastronomique des Français sur la Liste représentative du patrimoine culturel immatériel,2010,,"11. HGGSP — Première et Terminale générales — année scolaire 2026-2027 > 11.3 HGGSP Terminale > 11.3.4 Thème 4 — Identifier, protéger et valoriser le patrimoine : enjeux géopolitiques > Événements datés utiles",4250,LNK7-0467,,LNK14-0467
LNK3-0471,LNK2-0471,LINK-0471,,2026-2027,Terminale HGGSP,HGGSP,THM-045,"Thème 5 — L’environnement, entre exploitation et protection : un enjeu planétaire",Jalons officiels du BO,PPO_BO,,,Forêt française depuis Colbert,,,,"11. HGGSP — Première et Terminale générales — année scolaire 2026-2027 > 11.3 HGGSP Terminale > 11.3.5 Thème 5 — L’environnement, entre exploitation et protection : un enjeu planétaire > Jalons officiels du BO",4262,LNK7-0468,,LNK14-0468
LNK3-0472,LNK2-0472,LINK-0472,,2026-2027,Terminale HGGSP,HGGSP,THM-045,"Thème 5 — L’environnement, entre exploitation et protection : un enjeu planétaire",Jalons officiels du BO,PPO_BO,,,« Révolution néolithique » et « révolution industrielle »,,,,"11. HGGSP — Première et Terminale générales — année scolaire 2026-2027 > 11.3 HGGSP Terminale > 11.3.5 Thème 5 — L’environnement, entre exploitation et protection : un enjeu planétaire > Jalons officiels du BO",4263,LNK7-0469,,LNK14-0469
LNK3-0473,LNK2-0473,LINK-0473,,2026-2027,Terminale HGGSP,HGGSP,THM-045,"Thème 5 — L’environnement, entre exploitation et protection : un enjeu planétaire",Jalons officiels du BO,PPO_BO,,,"Fluctuations climatiques en Europe, Moyen Âge-XIXe",,,,"11. HGGSP — Première et Terminale générales — année scolaire 2026-2027 > 11.3 HGGSP Terminale > 11.3.5 Thème 5 — L’environnement, entre exploitation et protection : un enjeu planétaire > Jalons officiels du BO",4264,LNK7-0470,,LNK14-0470
LNK3-0474,LNK2-0474,LINK-0474,,2026-2027,Terminale HGGSP,HGGSP,THM-045,"Thème 5 — L’environnement, entre exploitation et protection : un enjeu planétaire",Jalons officiels du BO,PPO_BO,,,"Accords internationaux sur le climat : Sommets de la Terre, COP…",,,,"11. HGGSP — Première et Terminale générales — année scolaire 2026-2027 > 11.3 HGGSP Terminale > 11.3.5 Thème 5 — L’environnement, entre exploitation et protection : un enjeu planétaire > Jalons officiels du BO",4265,LNK7-0471,,LNK14-0471
LNK3-0475,LNK2-0475,LINK-0475,,2026-2027,Terminale HGGSP,HGGSP,THM-045,"Thème 5 — L’environnement, entre exploitation et protection : un enjeu planétaire",Jalons officiels du BO,PPO_BO,,,Environnement aux États-Unis depuis le XIXe siècle,,,,"11. HGGSP — Première et Terminale générales — année scolaire 2026-2027 > 11.3 HGGSP Terminale > 11.3.5 Thème 5 — L’environnement, entre exploitation et protection : un enjeu planétaire > Jalons officiels du BO",4266,LNK7-0472,,LNK14-0472
LNK3-0476,LNK2-0476,LINK-0476,,2026-2027,Terminale HGGSP,HGGSP,THM-045,"Thème 5 — L’environnement, entre exploitation et protection : un enjeu planétaire",Jalons officiels du BO,PPO_BO,,,États-Unis et environnement à l’échelle internationale,,,,"11. HGGSP — Première et Terminale générales — année scolaire 2026-2027 > 11.3 HGGSP Terminale > 11.3.5 Thème 5 — L’environnement, entre exploitation et protection : un enjeu planétaire > Jalons officiels du BO",4267,LNK7-0473,,LNK14-0473
LNK3-0477,LNK2-0477,LINK-0477,EVT-0313,2026-2027,Terminale HGGSP,HGGSP,THM-045,"Thème 5 — L’environnement, entre exploitation et protection : un enjeu planétaire",Événements datés à forte valeur de jeu,,,DAY / LEGAL_ACT,Création du parc national de Yellowstone,Création du parc national de Yellowstone,1er mars 1872,,"11. HGGSP — Première et Terminale générales — année scolaire 2026-2027 > 11.3 HGGSP Terminale > 11.3.5 Thème 5 — L’environnement, entre exploitation et protection : un enjeu planétaire > Événements datés à forte valeur de jeu",4273,LNK7-0474,,LNK14-0474
LNK3-0478,LNK2-0478,LINK-0478,EVT-0314,2026-2027,Terminale HGGSP,HGGSP,THM-045,"Thème 5 — L’environnement, entre exploitation et protection : un enjeu planétaire",Événements datés à forte valeur de jeu,,,DAY / LEGAL_ACT,Création du National Park Service,Création du National Park Service,25 août 1916,,"11. HGGSP — Première et Terminale générales — année scolaire 2026-2027 > 11.3 HGGSP Terminale > 11.3.5 Thème 5 — L’environnement, entre exploitation et protection : un enjeu planétaire > Événements datés à forte valeur de jeu",4274,LNK7-0475,,LNK14-0475
LNK3-0479,LNK2-0479,LINK-0479,EVT-0315,2026-2027,Terminale HGGSP,HGGSP,THM-045,"Thème 5 — L’environnement, entre exploitation et protection : un enjeu planétaire",Événements datés à forte valeur de jeu,,,DAY / CONVENTIONAL_INSTITUTION_BIRTH,Naissance conventionnelle de l’Environmental Protection Agency (EPA),Naissance conventionnelle de l’Environmental Protection Agency (EPA),2 décembre 1970,,"11. HGGSP — Première et Terminale générales — année scolaire 2026-2027 > 11.3 HGGSP Terminale > 11.3.5 Thème 5 — L’environnement, entre exploitation et protection : un enjeu planétaire > Événements datés à forte valeur de jeu",4275,LNK7-0476,,LNK14-0476
LNK3-0480,LNK2-0480,LINK-0480,EVT-0316,2026-2027,Terminale HGGSP,HGGSP,THM-045,"Thème 5 — L’environnement, entre exploitation et protection : un enjeu planétaire",Événements datés à forte valeur de jeu,,,RANGE / EXACT_BOUNDS,Conférence de Stockholm sur l’environnement humain,Conférence de Stockholm sur l’environnement humain,5 → 16 juin 1972,,"11. HGGSP — Première et Terminale générales — année scolaire 2026-2027 > 11.3 HGGSP Terminale > 11.3.5 Thème 5 — L’environnement, entre exploitation et protection : un enjeu planétaire > Événements datés à forte valeur de jeu",4276,LNK7-0477,,LNK14-0477
LNK3-0481,LNK2-0481,LINK-0481,EVT-0317,2026-2027,Terminale HGGSP,HGGSP,THM-045,"Thème 5 — L’environnement, entre exploitation et protection : un enjeu planétaire",Événements datés à forte valeur de jeu,,,RANGE / EXACT_BOUNDS,Sommet de la Terre de Rio,Sommet de la Terre de Rio,3 → 14 juin 1992,,"11. HGGSP — Première et Terminale générales — année scolaire 2026-2027 > 11.3 HGGSP Terminale > 11.3.5 Thème 5 — L’environnement, entre exploitation et protection : un enjeu planétaire > Événements datés à forte valeur de jeu",4277,LNK7-0478,,LNK14-0478
LNK3-0482,LNK2-0482,LINK-0482,EVT-0318,2026-2027,Terminale HGGSP,HGGSP,THM-045,"Thème 5 — L’environnement, entre exploitation et protection : un enjeu planétaire",Événements datés à forte valeur de jeu,,,DAY / ADOPTION,Adoption du protocole de Kyoto,Adoption du protocole de Kyoto,11 décembre 1997,,"11. HGGSP — Première et Terminale générales — année scolaire 2026-2027 > 11.3 HGGSP Terminale > 11.3.5 Thème 5 — L’environnement, entre exploitation et protection : un enjeu planétaire > Événements datés à forte valeur de jeu",4278,LNK7-0479,,LNK14-0479
LNK3-0483,LNK2-0483,LINK-0483,EVT-0319,2026-2027,Terminale HGGSP,HGGSP,THM-045,"Thème 5 — L’environnement, entre exploitation et protection : un enjeu planétaire",Événements datés à forte valeur de jeu,,,DAY / ENTRY_INTO_FORCE,Entrée en vigueur du protocole de Kyoto,Entrée en vigueur du protocole de Kyoto,16 février 2005,,"11. HGGSP — Première et Terminale générales — année scolaire 2026-2027 > 11.3 HGGSP Terminale > 11.3.5 Thème 5 — L’environnement, entre exploitation et protection : un enjeu planétaire > Événements datés à forte valeur de jeu",4279,LNK7-0480,,LNK14-0480
LNK3-0484,LNK2-0484,LINK-0484,EVT-0320,2026-2027,Terminale HGGSP,HGGSP,THM-045,"Thème 5 — L’environnement, entre exploitation et protection : un enjeu planétaire",Événements datés à forte valeur de jeu,,,DAY / ADOPTION,Adoption de l’accord de Paris,Adoption de l’accord de Paris,12 décembre 2015,,"11. HGGSP — Première et Terminale générales — année scolaire 2026-2027 > 11.3 HGGSP Terminale > 11.3.5 Thème 5 — L’environnement, entre exploitation et protection : un enjeu planétaire > Événements datés à forte valeur de jeu",4280,LNK7-0481,,LNK14-0481
LNK3-0485,LNK2-0485,LINK-0485,EVT-0321,2026-2027,Terminale HGGSP,HGGSP,THM-045,"Thème 5 — L’environnement, entre exploitation et protection : un enjeu planétaire",Événements datés à forte valeur de jeu,,,DAY / ENTRY_INTO_FORCE,Entrée en vigueur de l’accord de Paris,Entrée en vigueur de l’accord de Paris,4 novembre 2016,,"11. HGGSP — Première et Terminale générales — année scolaire 2026-2027 > 11.3 HGGSP Terminale > 11.3.5 Thème 5 — L’environnement, entre exploitation et protection : un enjeu planétaire > Événements datés à forte valeur de jeu",4281,LNK7-0482,,LNK14-0482
LNK3-0486,LNK2-0486,LINK-0486,,2026-2027,Terminale HGGSP,HGGSP,THM-046,Thème 6 — L’enjeu de la connaissance,Jalons officiels du BO,PPO_BO,,,Grandes étapes de l’alphabétisation des femmes du XVIe siècle à aujourd’hui,,,,11. HGGSP — Première et Terminale générales — année scolaire 2026-2027 > 11.3 HGGSP Terminale > 11.3.6 Thème 6 — L’enjeu de la connaissance > Jalons officiels du BO,4293,LNK7-0483,,LNK14-0483
LNK3-0487,LNK2-0487,LINK-0487,,2026-2027,Terminale HGGSP,HGGSP,THM-046,Thème 6 — L’enjeu de la connaissance,Jalons officiels du BO,PPO_BO,,,Recherches sur la radioactivité de 1896 aux années 1950,,,,11. HGGSP — Première et Terminale générales — année scolaire 2026-2027 > 11.3 HGGSP Terminale > 11.3.6 Thème 6 — L’enjeu de la connaissance > Jalons officiels du BO,4294,LNK7-0484,,LNK14-0484
LNK3-0488,LNK2-0488,LINK-0488,,2026-2027,Terminale HGGSP,HGGSP,THM-046,Thème 6 — L’enjeu de la connaissance,Jalons officiels du BO,PPO_BO,,,Services secrets soviétiques et américains pendant la guerre froide,,,,11. HGGSP — Première et Terminale générales — année scolaire 2026-2027 > 11.3 HGGSP Terminale > 11.3.6 Thème 6 — L’enjeu de la connaissance > Jalons officiels du BO,4295,LNK7-0485,,LNK14-0485
LNK3-0489,LNK2-0489,LINK-0489,,2026-2027,Terminale HGGSP,HGGSP,THM-046,Thème 6 — L’enjeu de la connaissance,Jalons officiels du BO,PPO_BO,,,"Circulation des étudiants, transferts technologiques et puissance : Inde",,,,11. HGGSP — Première et Terminale générales — année scolaire 2026-2027 > 11.3 HGGSP Terminale > 11.3.6 Thème 6 — L’enjeu de la connaissance > Jalons officiels du BO,4296,LNK7-0486,,LNK14-0486
LNK3-0490,LNK2-0490,LINK-0490,,2026-2027,Terminale HGGSP,HGGSP,THM-046,Thème 6 — L’enjeu de la connaissance,Jalons officiels du BO,PPO_BO,,,"Cyberspace : réseaux, territoires, infrastructures, acteurs, données",,,,11. HGGSP — Première et Terminale générales — année scolaire 2026-2027 > 11.3 HGGSP Terminale > 11.3.6 Thème 6 — L’enjeu de la connaissance > Jalons officiels du BO,4297,LNK7-0487,,LNK14-0487
LNK3-0491,LNK2-0491,LINK-0491,,2026-2027,Terminale HGGSP,HGGSP,THM-046,Thème 6 — L’enjeu de la connaissance,Jalons officiels du BO,PPO_BO,,,"Cyberdéfense : coopération européenne et souveraineté nationale, cas français",,,,11. HGGSP — Première et Terminale générales — année scolaire 2026-2027 > 11.3 HGGSP Terminale > 11.3.6 Thème 6 — L’enjeu de la connaissance > Jalons officiels du BO,4298,LNK7-0488,,LNK14-0488
LNK3-0492,LNK2-0492,LINK-0492,EVT-0322,2026-2027,Terminale HGGSP,HGGSP,THM-046,Thème 6 — L’enjeu de la connaissance,Événements datés prioritaires,,,YEAR_EXACT ; plusieurs communications dans l’année,Premières communications de Becquerel sur les radiations liées à l’uranium,Premières communications de Becquerel sur les radiations liées à l’uranium,1896,,11. HGGSP — Première et Terminale générales — année scolaire 2026-2027 > 11.3 HGGSP Terminale > 11.3.6 Thème 6 — L’enjeu de la connaissance > Événements datés prioritaires,4304,LNK7-0489,,LNK14-0489
LNK3-0493,LNK2-0493,LINK-0493,EVT-0323,2026-2027,Terminale HGGSP,HGGSP,THM-046,Thème 6 — L’enjeu de la connaissance,Événements datés prioritaires,,,DAY / PUBLICATION,Communication de Becquerel sur les radiations invisibles des sels d’uranium,Communication de Becquerel sur les radiations invisibles des sels d’uranium,23 mars 1896,,11. HGGSP — Première et Terminale générales — année scolaire 2026-2027 > 11.3 HGGSP Terminale > 11.3.6 Thème 6 — L’enjeu de la connaissance > Événements datés prioritaires,4305,LNK7-0490,,LNK14-0490
LNK3-0494,LNK2-0494,LINK-0494,EVT-0324,2026-2027,Terminale HGGSP,HGGSP,THM-046,Thème 6 — L’enjeu de la connaissance,Événements datés prioritaires,,,MONTH / VERIFIED,Découverte/annonce du polonium par Marie et Pierre Curie,Découverte/annonce du polonium par Marie et Pierre Curie,juillet 1898,,11. HGGSP — Première et Terminale générales — année scolaire 2026-2027 > 11.3 HGGSP Terminale > 11.3.6 Thème 6 — L’enjeu de la connaissance > Événements datés prioritaires,4306,LNK7-0491,,LNK14-0491
LNK3-0495,LNK2-0495,LINK-0495,EVT-0325,2026-2027,Terminale HGGSP,HGGSP,THM-046,Thème 6 — L’enjeu de la connaissance,Événements datés prioritaires,,,MONTH / VERIFIED,Découverte/annonce du radium par Marie et Pierre Curie,Découverte/annonce du radium par Marie et Pierre Curie,décembre 1898,,11. HGGSP — Première et Terminale générales — année scolaire 2026-2027 > 11.3 HGGSP Terminale > 11.3.6 Thème 6 — L’enjeu de la connaissance > Événements datés prioritaires,4307,LNK7-0492,,LNK14-0492
LNK3-0496,LNK2-0496,LINK-0496,EVT-0326,2026-2027,Terminale HGGSP,HGGSP,THM-046,Thème 6 — L’enjeu de la connaissance,Événements datés prioritaires,,,DAY / LEGAL_ACT,Création de l’ANSSI,Création de l’ANSSI,7 juillet 2009,,11. HGGSP — Première et Terminale générales — année scolaire 2026-2027 > 11.3 HGGSP Terminale > 11.3.6 Thème 6 — L’enjeu de la connaissance > Événements datés prioritaires,4308,LNK7-0493,,LNK14-0493
LNK13-0001,,,EVT-0368,2026-2027,6e,Tronc commun,THM-004,Thème 1 — La longue histoire de l’humanité et des migrations,Enrichissement complémentaire V13,COMPLEMENT_SCHOOL_CORPUS,COMPLEMENT_SCHOOL_CORPUS,APPROXIMATE,Repère complémentaire utile au chapitre ; non présenté comme repère officiel obligatoire du BO.,Construction de la grande pyramide de Gizeh,vers 2560 av. J.-C.,Ajout V13 pour densifier le corpus scolaire tout en conservant la distinction programme officiel / culture historique utile.,V13 school enrichment > 6e > Thème 1 — La longue histoire de l’humanité et des migrations,,,LNK13-0001,LNK14-0494
LNK13-0002,,,EVT-0369,2026-2027,6e,Tronc commun,THM-004,Thème 1 — La longue histoire de l’humanité et des migrations,Enrichissement complémentaire V13,COMPLEMENT_SCHOOL_CORPUS,COMPLEMENT_SCHOOL_CORPUS,APPROXIMATE,Repère complémentaire utile au chapitre ; non présenté comme repère officiel obligatoire du BO.,Promulgation approximative du Code de Hammurabi,vers 1755-1750 av. J.-C.,Ajout V13 pour densifier le corpus scolaire tout en conservant la distinction programme officiel / culture historique utile.,V13 school enrichment > 6e > Thème 1 — La longue histoire de l’humanité et des migrations,,,LNK13-0002,LNK14-0495
LNK13-0003,,,EVT-0370,2026-2027,6e,Tronc commun,THM-006,Thème 3 — L’Empire romain dans le monde antique,Enrichissement complémentaire V13,COMPLEMENT_SCHOOL_CORPUS,COMPLEMENT_SCHOOL_CORPUS,EXACT,Repère complémentaire utile au chapitre ; non présenté comme repère officiel obligatoire du BO.,Unification de la Chine par Qin Shi Huang,221 av. J.-C.,Ajout V13 pour densifier le corpus scolaire tout en conservant la distinction programme officiel / culture historique utile.,V13 school enrichment > 6e > Thème 3 — L’Empire romain dans le monde antique,,,LNK13-0003,LNK14-0496
LNK13-0004,,,EVT-0371,2026-2027,6e,Tronc commun,THM-006,Thème 3 — L’Empire romain dans le monde antique,Enrichissement complémentaire V13,COMPLEMENT_SCHOOL_CORPUS,COMPLEMENT_SCHOOL_CORPUS,EXACT,Repère complémentaire utile au chapitre ; non présenté comme repère officiel obligatoire du BO.,Départ de Zhang Qian vers l’Asie centrale,138 av. J.-C.,Ajout V13 pour densifier le corpus scolaire tout en conservant la distinction programme officiel / culture historique utile.,V13 school enrichment > 6e > Thème 3 — L’Empire romain dans le monde antique,,,LNK13-0004,LNK14-0497
LNK13-0005,,,EVT-0372,2026-2027,6e,Tronc commun,THM-005,"Thème 2 — Récits fondateurs, croyances et citoyenneté dans la Méditerranée antique",Enrichissement complémentaire V13,COMPLEMENT_SCHOOL_CORPUS,COMPLEMENT_SCHOOL_CORPUS,CONVENTIONAL,Repère complémentaire utile au chapitre ; non présenté comme repère officiel obligatoire du BO.,Réformes de Clisthène à Athènes,508/507 av. J.-C.,Ajout V13 pour densifier le corpus scolaire tout en conservant la distinction programme officiel / culture historique utile.,"V13 school enrichment > 6e > Thème 2 — Récits fondateurs, croyances et citoyenneté dans la Méditerranée antique",,,LNK13-0005,LNK14-0498
LNK13-0006,,,EVT-0373,2026-2027,6e,Tronc commun,THM-005,"Thème 2 — Récits fondateurs, croyances et citoyenneté dans la Méditerranée antique",Enrichissement complémentaire V13,COMPLEMENT_SCHOOL_CORPUS,COMPLEMENT_SCHOOL_CORPUS,EXACT,Repère complémentaire utile au chapitre ; non présenté comme repère officiel obligatoire du BO.,Bataille de Marathon,490 av. J.-C.,Ajout V13 pour densifier le corpus scolaire tout en conservant la distinction programme officiel / culture historique utile.,"V13 school enrichment > 6e > Thème 2 — Récits fondateurs, croyances et citoyenneté dans la Méditerranée antique",,,LNK13-0006,LNK14-0499
LNK13-0007,,,EVT-0374,2026-2027,6e,Tronc commun,THM-005,"Thème 2 — Récits fondateurs, croyances et citoyenneté dans la Méditerranée antique",Enrichissement complémentaire V13,COMPLEMENT_SCHOOL_CORPUS,COMPLEMENT_SCHOOL_CORPUS,EXACT,Repère complémentaire utile au chapitre ; non présenté comme repère officiel obligatoire du BO.,Bataille de Salamine,480 av. J.-C.,Ajout V13 pour densifier le corpus scolaire tout en conservant la distinction programme officiel / culture historique utile.,"V13 school enrichment > 6e > Thème 2 — Récits fondateurs, croyances et citoyenneté dans la Méditerranée antique",,,LNK13-0007,LNK14-0500
LNK13-0008,,,EVT-0375,2026-2027,6e,Tronc commun,THM-005,"Thème 2 — Récits fondateurs, croyances et citoyenneté dans la Méditerranée antique",Enrichissement complémentaire V13,COMPLEMENT_SCHOOL_CORPUS,COMPLEMENT_SCHOOL_CORPUS,EXACT,Repère complémentaire utile au chapitre ; non présenté comme repère officiel obligatoire du BO.,Création de la ligue de Délos,478 av. J.-C.,Ajout V13 pour densifier le corpus scolaire tout en conservant la distinction programme officiel / culture historique utile.,"V13 school enrichment > 6e > Thème 2 — Récits fondateurs, croyances et citoyenneté dans la Méditerranée antique",,,LNK13-0008,LNK14-0501
LNK13-0009,,,EVT-0376,2026-2027,6e,Tronc commun,THM-005,"Thème 2 — Récits fondateurs, croyances et citoyenneté dans la Méditerranée antique",Enrichissement complémentaire V13,COMPLEMENT_SCHOOL_CORPUS,COMPLEMENT_SCHOOL_CORPUS,EXACT,Repère complémentaire utile au chapitre ; non présenté comme repère officiel obligatoire du BO.,Guerre du Péloponnèse,431-404 av. J.-C.,Ajout V13 pour densifier le corpus scolaire tout en conservant la distinction programme officiel / culture historique utile.,"V13 school enrichment > 6e > Thème 2 — Récits fondateurs, croyances et citoyenneté dans la Méditerranée antique",,,LNK13-0009,LNK14-0502
LNK13-0010,,,EVT-0377,2026-2027,6e,Tronc commun,THM-005,"Thème 2 — Récits fondateurs, croyances et citoyenneté dans la Méditerranée antique",Enrichissement complémentaire V13,COMPLEMENT_SCHOOL_CORPUS,COMPLEMENT_SCHOOL_CORPUS,EXACT,Repère complémentaire utile au chapitre ; non présenté comme repère officiel obligatoire du BO.,Mort de Socrate,399 av. J.-C.,Ajout V13 pour densifier le corpus scolaire tout en conservant la distinction programme officiel / culture historique utile.,"V13 school enrichment > 6e > Thème 2 — Récits fondateurs, croyances et citoyenneté dans la Méditerranée antique",,,LNK13-0010,LNK14-0503
LNK13-0011,,,EVT-0378,2026-2027,6e,Tronc commun,THM-005,"Thème 2 — Récits fondateurs, croyances et citoyenneté dans la Méditerranée antique",Enrichissement complémentaire V13,COMPLEMENT_SCHOOL_CORPUS,COMPLEMENT_SCHOOL_CORPUS,EXACT,Repère complémentaire utile au chapitre ; non présenté comme repère officiel obligatoire du BO.,Alexandre devient roi de Macédoine,336 av. J.-C.,Ajout V13 pour densifier le corpus scolaire tout en conservant la distinction programme officiel / culture historique utile.,"V13 school enrichment > 6e > Thème 2 — Récits fondateurs, croyances et citoyenneté dans la Méditerranée antique",,,LNK13-0011,LNK14-0504
LNK13-0012,,,EVT-0379,2026-2027,6e,Tronc commun,THM-005,"Thème 2 — Récits fondateurs, croyances et citoyenneté dans la Méditerranée antique",Enrichissement complémentaire V13,COMPLEMENT_SCHOOL_CORPUS,COMPLEMENT_SCHOOL_CORPUS,EXACT,Repère complémentaire utile au chapitre ; non présenté comme repère officiel obligatoire du BO.,Bataille d’Issos,333 av. J.-C.,Ajout V13 pour densifier le corpus scolaire tout en conservant la distinction programme officiel / culture historique utile.,"V13 school enrichment > 6e > Thème 2 — Récits fondateurs, croyances et citoyenneté dans la Méditerranée antique",,,LNK13-0012,LNK14-0505
LNK13-0013,,,EVT-0380,2026-2027,6e,Tronc commun,THM-005,"Thème 2 — Récits fondateurs, croyances et citoyenneté dans la Méditerranée antique",Enrichissement complémentaire V13,COMPLEMENT_SCHOOL_CORPUS,COMPLEMENT_SCHOOL_CORPUS,EXACT,Repère complémentaire utile au chapitre ; non présenté comme repère officiel obligatoire du BO.,Bataille de Gaugamèles,331 av. J.-C.,Ajout V13 pour densifier le corpus scolaire tout en conservant la distinction programme officiel / culture historique utile.,"V13 school enrichment > 6e > Thème 2 — Récits fondateurs, croyances et citoyenneté dans la Méditerranée antique",,,LNK13-0013,LNK14-0506
LNK13-0014,,,EVT-0381,2026-2027,6e,Tronc commun,THM-005,"Thème 2 — Récits fondateurs, croyances et citoyenneté dans la Méditerranée antique",Enrichissement complémentaire V13,COMPLEMENT_SCHOOL_CORPUS,COMPLEMENT_SCHOOL_CORPUS,EXACT,Repère complémentaire utile au chapitre ; non présenté comme repère officiel obligatoire du BO.,Mort d’Alexandre le Grand,323 av. J.-C.,Ajout V13 pour densifier le corpus scolaire tout en conservant la distinction programme officiel / culture historique utile.,"V13 school enrichment > 6e > Thème 2 — Récits fondateurs, croyances et citoyenneté dans la Méditerranée antique",,,LNK13-0014,LNK14-0507
LNK13-0015,,,EVT-0382,2026-2027,6e,Tronc commun,THM-006,Thème 3 — L’Empire romain dans le monde antique,Enrichissement complémentaire V13,COMPLEMENT_SCHOOL_CORPUS,COMPLEMENT_SCHOOL_CORPUS,TRADITIONAL,Repère complémentaire utile au chapitre ; non présenté comme repère officiel obligatoire du BO.,Fondation traditionnelle de la République romaine,509 av. J.-C.,Ajout V13 pour densifier le corpus scolaire tout en conservant la distinction programme officiel / culture historique utile.,V13 school enrichment > 6e > Thème 3 — L’Empire romain dans le monde antique,,,LNK13-0015,LNK14-0508
LNK13-0016,,,EVT-0383,2026-2027,6e,Tronc commun,THM-006,Thème 3 — L’Empire romain dans le monde antique,Enrichissement complémentaire V13,COMPLEMENT_SCHOOL_CORPUS,COMPLEMENT_SCHOOL_CORPUS,EXACT,Repère complémentaire utile au chapitre ; non présenté comme repère officiel obligatoire du BO.,Première guerre punique,264-241 av. J.-C.,Ajout V13 pour densifier le corpus scolaire tout en conservant la distinction programme officiel / culture historique utile.,V13 school enrichment > 6e > Thème 3 — L’Empire romain dans le monde antique,,,LNK13-0016,LNK14-0509
LNK13-0017,,,EVT-0384,2026-2027,6e,Tronc commun,THM-006,Thème 3 — L’Empire romain dans le monde antique,Enrichissement complémentaire V13,COMPLEMENT_SCHOOL_CORPUS,COMPLEMENT_SCHOOL_CORPUS,EXACT,Repère complémentaire utile au chapitre ; non présenté comme repère officiel obligatoire du BO.,Destruction de Carthage par Rome,146 av. J.-C.,Ajout V13 pour densifier le corpus scolaire tout en conservant la distinction programme officiel / culture historique utile.,V13 school enrichment > 6e > Thème 3 — L’Empire romain dans le monde antique,,,LNK13-0017,LNK14-0510
LNK13-0018,,,EVT-0385,2026-2027,6e,Tronc commun,THM-006,Thème 3 — L’Empire romain dans le monde antique,Enrichissement complémentaire V13,COMPLEMENT_SCHOOL_CORPUS,COMPLEMENT_SCHOOL_CORPUS,EXACT,Repère complémentaire utile au chapitre ; non présenté comme repère officiel obligatoire du BO.,Jules César franchit le Rubicon,10 janvier 49 av. J.-C.,Ajout V13 pour densifier le corpus scolaire tout en conservant la distinction programme officiel / culture historique utile.,V13 school enrichment > 6e > Thème 3 — L’Empire romain dans le monde antique,,,LNK13-0018,LNK14-0511
LNK13-0019,,,EVT-0386,2026-2027,6e,Tronc commun,THM-006,Thème 3 — L’Empire romain dans le monde antique,Enrichissement complémentaire V13,COMPLEMENT_SCHOOL_CORPUS,COMPLEMENT_SCHOOL_CORPUS,EXACT,Repère complémentaire utile au chapitre ; non présenté comme repère officiel obligatoire du BO.,Assassinat de Jules César,15 mars 44 av. J.-C.,Ajout V13 pour densifier le corpus scolaire tout en conservant la distinction programme officiel / culture historique utile.,V13 school enrichment > 6e > Thème 3 — L’Empire romain dans le monde antique,,,LNK13-0019,LNK14-0512
LNK13-0020,,,EVT-0387,2026-2027,6e,Tronc commun,THM-006,Thème 3 — L’Empire romain dans le monde antique,Enrichissement complémentaire V13,COMPLEMENT_SCHOOL_CORPUS,COMPLEMENT_SCHOOL_CORPUS,EXACT,Repère complémentaire utile au chapitre ; non présenté comme repère officiel obligatoire du BO.,Bataille d’Actium,2 septembre 31 av. J.-C.,Ajout V13 pour densifier le corpus scolaire tout en conservant la distinction programme officiel / culture historique utile.,V13 school enrichment > 6e > Thème 3 — L’Empire romain dans le monde antique,,,LNK13-0020,LNK14-0513
LNK13-0021,,,EVT-0388,2026-2027,6e,Tronc commun,THM-006,Thème 3 — L’Empire romain dans le monde antique,Enrichissement complémentaire V13,COMPLEMENT_SCHOOL_CORPUS,COMPLEMENT_SCHOOL_CORPUS,CONVENTIONAL,Repère complémentaire utile au chapitre ; non présenté comme repère officiel obligatoire du BO.,Édit de Milan,février 313 ; mise en œuvre par rescrit en juin 313,Ajout V13 pour densifier le corpus scolaire tout en conservant la distinction programme officiel / culture historique utile.,V13 school enrichment > 6e > Thème 3 — L’Empire romain dans le monde antique,,,LNK13-0021,LNK14-0514
LNK13-0022,,,EVT-0389,2026-2027,6e,Tronc commun,THM-006,Thème 3 — L’Empire romain dans le monde antique,Enrichissement complémentaire V13,COMPLEMENT_SCHOOL_CORPUS,COMPLEMENT_SCHOOL_CORPUS,EXACT,Repère complémentaire utile au chapitre ; non présenté comme repère officiel obligatoire du BO.,Concile d’Éphèse,22 juin-31 juillet 431,Ajout V13 pour densifier le corpus scolaire tout en conservant la distinction programme officiel / culture historique utile.,V13 school enrichment > 6e > Thème 3 — L’Empire romain dans le monde antique,,,LNK13-0022,LNK14-0515
LNK13-0023,,,EVT-0390,2026-2027,6e,Tronc commun,THM-006,Thème 3 — L’Empire romain dans le monde antique,Enrichissement complémentaire V13,COMPLEMENT_SCHOOL_CORPUS,COMPLEMENT_SCHOOL_CORPUS,EXACT,Repère complémentaire utile au chapitre ; non présenté comme repère officiel obligatoire du BO.,Sac de Rome par Alaric,24 août 410,Ajout V13 pour densifier le corpus scolaire tout en conservant la distinction programme officiel / culture historique utile.,V13 school enrichment > 6e > Thème 3 — L’Empire romain dans le monde antique,,,LNK13-0023,LNK14-0516
LNK13-0024,,,EVT-0391,2026-2027,6e,Tronc commun,THM-006,Thème 3 — L’Empire romain dans le monde antique,Enrichissement complémentaire V13,COMPLEMENT_SCHOOL_CORPUS,COMPLEMENT_SCHOOL_CORPUS,EXACT,Repère complémentaire utile au chapitre ; non présenté comme repère officiel obligatoire du BO.,Concile de Chalcédoine,8 octobre-1er novembre 451,Ajout V13 pour densifier le corpus scolaire tout en conservant la distinction programme officiel / culture historique utile.,V13 school enrichment > 6e > Thème 3 — L’Empire romain dans le monde antique,,,LNK13-0024,LNK14-0517
LNK13-0025,,,EVT-0392,2026-2027,6e,Tronc commun,THM-006,Thème 3 — L’Empire romain dans le monde antique,Enrichissement complémentaire V13,COMPLEMENT_SCHOOL_CORPUS,COMPLEMENT_SCHOOL_CORPUS,EXACT,Repère complémentaire utile au chapitre ; non présenté comme repère officiel obligatoire du BO.,Fin de la dynastie Han,220,Ajout V13 pour densifier le corpus scolaire tout en conservant la distinction programme officiel / culture historique utile.,V13 school enrichment > 6e > Thème 3 — L’Empire romain dans le monde antique,,,LNK13-0025,LNK14-0518
LNK13-0026,,,EVT-0393,2026-2027,5e,Tronc commun,THM-007,"Thème 1 — Chrétientés et islam (VIe-XIIIe siècles), des mondes en contact",Enrichissement complémentaire V13,COMPLEMENT_SCHOOL_CORPUS,COMPLEMENT_SCHOOL_CORPUS,EXACT,Repère complémentaire utile au chapitre ; non présenté comme repère officiel obligatoire du BO.,Bataille de Vouillé,printemps 507,Ajout V13 pour densifier le corpus scolaire tout en conservant la distinction programme officiel / culture historique utile.,"V13 school enrichment > 5e > Thème 1 — Chrétientés et islam (VIe-XIIIe siècles), des mondes en contact",,,LNK13-0026,LNK14-0519
LNK13-0027,,,EVT-0394,2026-2027,5e,Tronc commun,THM-007,"Thème 1 — Chrétientés et islam (VIe-XIIIe siècles), des mondes en contact",Enrichissement complémentaire V13,COMPLEMENT_SCHOOL_CORPUS,COMPLEMENT_SCHOOL_CORPUS,EXACT,Repère complémentaire utile au chapitre ; non présenté comme repère officiel obligatoire du BO.,Prise de Pavie par Charlemagne et fin du royaume lombard,774,Ajout V13 pour densifier le corpus scolaire tout en conservant la distinction programme officiel / culture historique utile.,"V13 school enrichment > 5e > Thème 1 — Chrétientés et islam (VIe-XIIIe siècles), des mondes en contact",,,LNK13-0027,LNK14-0520
LNK13-0028,,,EVT-0395,2026-2027,5e,Tronc commun,THM-007,"Thème 1 — Chrétientés et islam (VIe-XIIIe siècles), des mondes en contact",Enrichissement complémentaire V13,COMPLEMENT_SCHOOL_CORPUS,COMPLEMENT_SCHOOL_CORPUS,CONVENTIONAL,Repère complémentaire utile au chapitre ; non présenté comme repère officiel obligatoire du BO.,Bataille de Poitiers,"732 ; date conventionnelle, parfois 733",Ajout V13 pour densifier le corpus scolaire tout en conservant la distinction programme officiel / culture historique utile.,"V13 school enrichment > 5e > Thème 1 — Chrétientés et islam (VIe-XIIIe siècles), des mondes en contact",,,LNK13-0028,LNK14-0521
LNK13-0029,,,EVT-0396,2026-2027,5e,Tronc commun,THM-009,"Thème 2 — Société, Église et pouvoir politique dans l'Occident féodal (XIe-XVe siècles)",Enrichissement complémentaire V13,COMPLEMENT_SCHOOL_CORPUS,COMPLEMENT_SCHOOL_CORPUS,EXACT,Repère complémentaire utile au chapitre ; non présenté comme repère officiel obligatoire du BO.,Traité de Saint-Clair-sur-Epte,911,Ajout V13 pour densifier le corpus scolaire tout en conservant la distinction programme officiel / culture historique utile.,"V13 school enrichment > 5e > Thème 2 — Société, Église et pouvoir politique dans l'Occident féodal (XIe-XVe siècles)",,,LNK13-0029,LNK14-0522
LNK13-0030,,,EVT-0397,2026-2027,5e,Tronc commun,THM-009,"Thème 2 — Société, Église et pouvoir politique dans l'Occident féodal (XIe-XVe siècles)",Enrichissement complémentaire V13,COMPLEMENT_SCHOOL_CORPUS,COMPLEMENT_SCHOOL_CORPUS,EXACT,Repère complémentaire utile au chapitre ; non présenté comme repère officiel obligatoire du BO.,Couronnement impérial d’Otton Ier,2 février 962,Ajout V13 pour densifier le corpus scolaire tout en conservant la distinction programme officiel / culture historique utile.,"V13 school enrichment > 5e > Thème 2 — Société, Église et pouvoir politique dans l'Occident féodal (XIe-XVe siècles)",,,LNK13-0030,LNK14-0523
LNK13-0031,,,EVT-0398,2026-2027,5e,Tronc commun,THM-009,"Thème 2 — Société, Église et pouvoir politique dans l'Occident féodal (XIe-XVe siècles)",Enrichissement complémentaire V13,COMPLEMENT_SCHOOL_CORPUS,COMPLEMENT_SCHOOL_CORPUS,EXACT,Repère complémentaire utile au chapitre ; non présenté comme repère officiel obligatoire du BO.,Bataille d’Hastings,14 octobre 1066,Ajout V13 pour densifier le corpus scolaire tout en conservant la distinction programme officiel / culture historique utile.,"V13 school enrichment > 5e > Thème 2 — Société, Église et pouvoir politique dans l'Occident féodal (XIe-XVe siècles)",,,LNK13-0031,LNK14-0524
LNK13-0032,,,EVT-0399,2026-2027,5e,Tronc commun,THM-007,"Thème 1 — Chrétientés et islam (VIe-XIIIe siècles), des mondes en contact",Enrichissement complémentaire V13,COMPLEMENT_SCHOOL_CORPUS,COMPLEMENT_SCHOOL_CORPUS,EXACT,Repère complémentaire utile au chapitre ; non présenté comme repère officiel obligatoire du BO.,Appel à la première croisade au concile de Clermont,27 novembre 1095,Ajout V13 pour densifier le corpus scolaire tout en conservant la distinction programme officiel / culture historique utile.,"V13 school enrichment > 5e > Thème 1 — Chrétientés et islam (VIe-XIIIe siècles), des mondes en contact",,,LNK13-0032,LNK14-0525
LNK13-0033,,,EVT-0400,2026-2027,5e,Tronc commun,THM-007,"Thème 1 — Chrétientés et islam (VIe-XIIIe siècles), des mondes en contact",Enrichissement complémentaire V13,COMPLEMENT_SCHOOL_CORPUS,COMPLEMENT_SCHOOL_CORPUS,EXACT,Repère complémentaire utile au chapitre ; non présenté comme repère officiel obligatoire du BO.,Bataille de Manzikert,26 août 1071,Ajout V13 pour densifier le corpus scolaire tout en conservant la distinction programme officiel / culture historique utile.,"V13 school enrichment > 5e > Thème 1 — Chrétientés et islam (VIe-XIIIe siècles), des mondes en contact",,,LNK13-0033,LNK14-0526
LNK13-0034,,,EVT-0401,2026-2027,5e,Tronc commun,THM-009,"Thème 2 — Société, Église et pouvoir politique dans l'Occident féodal (XIe-XVe siècles)",Enrichissement complémentaire V13,COMPLEMENT_SCHOOL_CORPUS,COMPLEMENT_SCHOOL_CORPUS,EXACT,Repère complémentaire utile au chapitre ; non présenté comme repère officiel obligatoire du BO.,Magna Carta,15 juin 1215,Ajout V13 pour densifier le corpus scolaire tout en conservant la distinction programme officiel / culture historique utile.,"V13 school enrichment > 5e > Thème 2 — Société, Église et pouvoir politique dans l'Occident féodal (XIe-XVe siècles)",,,LNK13-0034,LNK14-0527
LNK13-0035,,,EVT-0402,2026-2027,5e,Tronc commun,THM-009,"Thème 2 — Société, Église et pouvoir politique dans l'Occident féodal (XIe-XVe siècles)",Enrichissement complémentaire V13,COMPLEMENT_SCHOOL_CORPUS,COMPLEMENT_SCHOOL_CORPUS,EXACT,Repère complémentaire utile au chapitre ; non présenté comme repère officiel obligatoire du BO.,Quatrième concile du Latran,11-30 novembre 1215,Ajout V13 pour densifier le corpus scolaire tout en conservant la distinction programme officiel / culture historique utile.,"V13 school enrichment > 5e > Thème 2 — Société, Église et pouvoir politique dans l'Occident féodal (XIe-XVe siècles)",,,LNK13-0035,LNK14-0528
LNK13-0036,,,EVT-0403,2026-2027,5e,Tronc commun,THM-007,"Thème 1 — Chrétientés et islam (VIe-XIIIe siècles), des mondes en contact",Enrichissement complémentaire V13,COMPLEMENT_SCHOOL_CORPUS,COMPLEMENT_SCHOOL_CORPUS,EXACT,Repère complémentaire utile au chapitre ; non présenté comme repère officiel obligatoire du BO.,Proclamation de Temüjin comme Gengis Khan,1206,Ajout V13 pour densifier le corpus scolaire tout en conservant la distinction programme officiel / culture historique utile.,"V13 school enrichment > 5e > Thème 1 — Chrétientés et islam (VIe-XIIIe siècles), des mondes en contact",,,LNK13-0036,LNK14-0529
LNK13-0037,,,EVT-0404,2026-2027,5e,Tronc commun,THM-012,Événements complémentaires directement utiles au thème 3,Enrichissement complémentaire V13,COMPLEMENT_SCHOOL_CORPUS,COMPLEMENT_SCHOOL_CORPUS,EXACT,Repère complémentaire utile au chapitre ; non présenté comme repère officiel obligatoire du BO.,Départ de Marco Polo vers l’Asie,1271,Ajout V13 pour densifier le corpus scolaire tout en conservant la distinction programme officiel / culture historique utile.,V13 school enrichment > 5e > Événements complémentaires directement utiles au thème 3,,,LNK13-0037,LNK14-0530
LNK13-0038,,,EVT-0405,2026-2027,5e,Tronc commun,THM-012,Événements complémentaires directement utiles au thème 3,Enrichissement complémentaire V13,COMPLEMENT_SCHOOL_CORPUS,COMPLEMENT_SCHOOL_CORPUS,EXACT,Repère complémentaire utile au chapitre ; non présenté comme repère officiel obligatoire du BO.,Retour de Marco Polo à Venise,1295,Ajout V13 pour densifier le corpus scolaire tout en conservant la distinction programme officiel / culture historique utile.,V13 school enrichment > 5e > Événements complémentaires directement utiles au thème 3,,,LNK13-0038,LNK14-0531
LNK13-0039,,,EVT-0406,2026-2027,5e,Tronc commun,THM-009,"Thème 2 — Société, Église et pouvoir politique dans l'Occident féodal (XIe-XVe siècles)",Enrichissement complémentaire V13,COMPLEMENT_SCHOOL_CORPUS,COMPLEMENT_SCHOOL_CORPUS,EXACT,Repère complémentaire utile au chapitre ; non présenté comme repère officiel obligatoire du BO.,Bataille de Crécy,26 août 1346,Ajout V13 pour densifier le corpus scolaire tout en conservant la distinction programme officiel / culture historique utile.,"V13 school enrichment > 5e > Thème 2 — Société, Église et pouvoir politique dans l'Occident féodal (XIe-XVe siècles)",,,LNK13-0039,LNK14-0532
LNK13-0040,,,EVT-0407,2026-2027,5e,Tronc commun,THM-009,"Thème 2 — Société, Église et pouvoir politique dans l'Occident féodal (XIe-XVe siècles)",Enrichissement complémentaire V13,COMPLEMENT_SCHOOL_CORPUS,COMPLEMENT_SCHOOL_CORPUS,EXACT,Repère complémentaire utile au chapitre ; non présenté comme repère officiel obligatoire du BO.,Bataille de Poitiers de 1356,19 septembre 1356,Ajout V13 pour densifier le corpus scolaire tout en conservant la distinction programme officiel / culture historique utile.,"V13 school enrichment > 5e > Thème 2 — Société, Église et pouvoir politique dans l'Occident féodal (XIe-XVe siècles)",,,LNK13-0040,LNK14-0533
LNK13-0041,,,EVT-0408,2026-2027,5e,Tronc commun,THM-009,"Thème 2 — Société, Église et pouvoir politique dans l'Occident féodal (XIe-XVe siècles)",Enrichissement complémentaire V13,COMPLEMENT_SCHOOL_CORPUS,COMPLEMENT_SCHOOL_CORPUS,EXACT,Repère complémentaire utile au chapitre ; non présenté comme repère officiel obligatoire du BO.,Grande Jacquerie,28 mai-10 juin 1358,Ajout V13 pour densifier le corpus scolaire tout en conservant la distinction programme officiel / culture historique utile.,"V13 school enrichment > 5e > Thème 2 — Société, Église et pouvoir politique dans l'Occident féodal (XIe-XVe siècles)",,,LNK13-0041,LNK14-0534
LNK13-0042,,,EVT-0409,2026-2027,5e,Tronc commun,THM-009,"Thème 2 — Société, Église et pouvoir politique dans l'Occident féodal (XIe-XVe siècles)",Enrichissement complémentaire V13,COMPLEMENT_SCHOOL_CORPUS,COMPLEMENT_SCHOOL_CORPUS,EXACT,Repère complémentaire utile au chapitre ; non présenté comme repère officiel obligatoire du BO.,Début du Grand Schisme d’Occident,20 septembre 1378,Ajout V13 pour densifier le corpus scolaire tout en conservant la distinction programme officiel / culture historique utile.,"V13 school enrichment > 5e > Thème 2 — Société, Église et pouvoir politique dans l'Occident féodal (XIe-XVe siècles)",,,LNK13-0042,LNK14-0535
LNK13-0043,,,EVT-0410,2026-2027,5e,Tronc commun,THM-009,"Thème 2 — Société, Église et pouvoir politique dans l'Occident féodal (XIe-XVe siècles)",Enrichissement complémentaire V13,COMPLEMENT_SCHOOL_CORPUS,COMPLEMENT_SCHOOL_CORPUS,EXACT,Repère complémentaire utile au chapitre ; non présenté comme repère officiel obligatoire du BO.,Bataille d’Azincourt,25 octobre 1415,Ajout V13 pour densifier le corpus scolaire tout en conservant la distinction programme officiel / culture historique utile.,"V13 school enrichment > 5e > Thème 2 — Société, Église et pouvoir politique dans l'Occident féodal (XIe-XVe siècles)",,,LNK13-0043,LNK14-0536
LNK13-0044,,,EVT-0411,2026-2027,5e,Tronc commun,THM-012,Événements complémentaires directement utiles au thème 3,Enrichissement complémentaire V13,COMPLEMENT_SCHOOL_CORPUS,COMPLEMENT_SCHOOL_CORPUS,EXACT,Repère complémentaire utile au chapitre ; non présenté comme repère officiel obligatoire du BO.,Levée du siège d’Orléans par Jeanne d’Arc,8 mai 1429,Ajout V13 pour densifier le corpus scolaire tout en conservant la distinction programme officiel / culture historique utile.,V13 school enrichment > 5e > Événements complémentaires directement utiles au thème 3,,,LNK13-0044,LNK14-0537
LNK13-0045,,,EVT-0412,2026-2027,5e,Tronc commun,THM-012,Événements complémentaires directement utiles au thème 3,Enrichissement complémentaire V13,COMPLEMENT_SCHOOL_CORPUS,COMPLEMENT_SCHOOL_CORPUS,EXACT,Repère complémentaire utile au chapitre ; non présenté comme repère officiel obligatoire du BO.,Sacre de Charles VII à Reims,17 juillet 1429,Ajout V13 pour densifier le corpus scolaire tout en conservant la distinction programme officiel / culture historique utile.,V13 school enrichment > 5e > Événements complémentaires directement utiles au thème 3,,,LNK13-0045,LNK14-0538
LNK13-0046,,,EVT-0413,2026-2027,5e,Tronc commun,THM-012,Événements complémentaires directement utiles au thème 3,Enrichissement complémentaire V13,COMPLEMENT_SCHOOL_CORPUS,COMPLEMENT_SCHOOL_CORPUS,EXACT,Repère complémentaire utile au chapitre ; non présenté comme repère officiel obligatoire du BO.,Exécution de Jeanne d’Arc,30 mai 1431,Ajout V13 pour densifier le corpus scolaire tout en conservant la distinction programme officiel / culture historique utile.,V13 school enrichment > 5e > Événements complémentaires directement utiles au thème 3,,,LNK13-0046,LNK14-0539
LNK13-0047,,,EVT-0414,2026-2027,5e,Tronc commun,THM-012,Événements complémentaires directement utiles au thème 3,Enrichissement complémentaire V13,COMPLEMENT_SCHOOL_CORPUS,COMPLEMENT_SCHOOL_CORPUS,APPROXIMATE,Repère complémentaire utile au chapitre ; non présenté comme repère officiel obligatoire du BO.,Impression de la Bible de Gutenberg,vers 1455,Ajout V13 pour densifier le corpus scolaire tout en conservant la distinction programme officiel / culture historique utile.,V13 school enrichment > 5e > Événements complémentaires directement utiles au thème 3,,,LNK13-0047,LNK14-0540
LNK13-0048,,,EVT-0415,2026-2027,5e,Tronc commun,THM-012,Événements complémentaires directement utiles au thème 3,Enrichissement complémentaire V13,COMPLEMENT_SCHOOL_CORPUS,COMPLEMENT_SCHOOL_CORPUS,EXACT,Repère complémentaire utile au chapitre ; non présenté comme repère officiel obligatoire du BO.,Mariage d’Isabelle de Castille et Ferdinand d’Aragon,19 octobre 1469,Ajout V13 pour densifier le corpus scolaire tout en conservant la distinction programme officiel / culture historique utile.,V13 school enrichment > 5e > Événements complémentaires directement utiles au thème 3,,,LNK13-0048,LNK14-0541
LNK13-0049,,,EVT-0416,2026-2027,5e,Tronc commun,THM-012,Événements complémentaires directement utiles au thème 3,Enrichissement complémentaire V13,COMPLEMENT_SCHOOL_CORPUS,COMPLEMENT_SCHOOL_CORPUS,EXACT,Repère complémentaire utile au chapitre ; non présenté comme repère officiel obligatoire du BO.,Création de l’Inquisition espagnole,1er novembre 1478,Ajout V13 pour densifier le corpus scolaire tout en conservant la distinction programme officiel / culture historique utile.,V13 school enrichment > 5e > Événements complémentaires directement utiles au thème 3,,,LNK13-0049,LNK14-0542
LNK13-0050,,,EVT-0417,2026-2027,5e,Tronc commun,THM-012,Événements complémentaires directement utiles au thème 3,Enrichissement complémentaire V13,COMPLEMENT_SCHOOL_CORPUS,COMPLEMENT_SCHOOL_CORPUS,EXACT,Repère complémentaire utile au chapitre ; non présenté comme repère officiel obligatoire du BO.,Prise de Grenade par les Rois Catholiques,2 janvier 1492,Ajout V13 pour densifier le corpus scolaire tout en conservant la distinction programme officiel / culture historique utile.,V13 school enrichment > 5e > Événements complémentaires directement utiles au thème 3,,,LNK13-0050,LNK14-0543
LNK13-0051,,,EVT-0418,2026-2027,5e,Tronc commun,THM-011,Thème 3 — Transformations de l'Europe et ouverture sur le monde aux XVIe et XVIIe siècles,Enrichissement complémentaire V13,COMPLEMENT_SCHOOL_CORPUS,COMPLEMENT_SCHOOL_CORPUS,EXACT,Repère complémentaire utile au chapitre ; non présenté comme repère officiel obligatoire du BO.,Traité de Tordesillas,7 juin 1494,Ajout V13 pour densifier le corpus scolaire tout en conservant la distinction programme officiel / culture historique utile.,V13 school enrichment > 5e > Thème 3 — Transformations de l'Europe et ouverture sur le monde aux XVIe et XVIIe siècles,,,LNK13-0051,LNK14-0544
LNK13-0052,,,EVT-0419,2026-2027,5e,Tronc commun,THM-011,Thème 3 — Transformations de l'Europe et ouverture sur le monde aux XVIe et XVIIe siècles,Enrichissement complémentaire V13,COMPLEMENT_SCHOOL_CORPUS,COMPLEMENT_SCHOOL_CORPUS,EXACT,Repère complémentaire utile au chapitre ; non présenté comme repère officiel obligatoire du BO.,Vasco de Gama atteint Calicut,20 mai 1498,Ajout V13 pour densifier le corpus scolaire tout en conservant la distinction programme officiel / culture historique utile.,V13 school enrichment > 5e > Thème 3 — Transformations de l'Europe et ouverture sur le monde aux XVIe et XVIIe siècles,,,LNK13-0052,LNK14-0545
LNK13-0053,,,EVT-0420,2026-2027,5e,Tronc commun,THM-011,Thème 3 — Transformations de l'Europe et ouverture sur le monde aux XVIe et XVIIe siècles,Enrichissement complémentaire V13,COMPLEMENT_SCHOOL_CORPUS,COMPLEMENT_SCHOOL_CORPUS,EXACT,Repère complémentaire utile au chapitre ; non présenté comme repère officiel obligatoire du BO.,Publication de De revolutionibus de Copernic,1543,Ajout V13 pour densifier le corpus scolaire tout en conservant la distinction programme officiel / culture historique utile.,V13 school enrichment > 5e > Thème 3 — Transformations de l'Europe et ouverture sur le monde aux XVIe et XVIIe siècles,,,LNK13-0053,LNK14-0546
LNK13-0054,,,EVT-0421,2026-2027,5e,Tronc commun,THM-011,Thème 3 — Transformations de l'Europe et ouverture sur le monde aux XVIe et XVIIe siècles,Enrichissement complémentaire V13,COMPLEMENT_SCHOOL_CORPUS,COMPLEMENT_SCHOOL_CORPUS,EXACT,Repère complémentaire utile au chapitre ; non présenté comme repère officiel obligatoire du BO.,Paix d’Augsbourg,25 septembre 1555,Ajout V13 pour densifier le corpus scolaire tout en conservant la distinction programme officiel / culture historique utile.,V13 school enrichment > 5e > Thème 3 — Transformations de l'Europe et ouverture sur le monde aux XVIe et XVIIe siècles,,,LNK13-0054,LNK14-0547
LNK13-0055,,,EVT-0422,2026-2027,5e,Tronc commun,THM-011,Thème 3 — Transformations de l'Europe et ouverture sur le monde aux XVIe et XVIIe siècles,Enrichissement complémentaire V13,COMPLEMENT_SCHOOL_CORPUS,COMPLEMENT_SCHOOL_CORPUS,EXACT,Repère complémentaire utile au chapitre ; non présenté comme repère officiel obligatoire du BO.,Massacre de la Saint-Barthélemy,24 août 1572,Ajout V13 pour densifier le corpus scolaire tout en conservant la distinction programme officiel / culture historique utile.,V13 school enrichment > 5e > Thème 3 — Transformations de l'Europe et ouverture sur le monde aux XVIe et XVIIe siècles,,,LNK13-0055,LNK14-0548
LNK13-0056,,,EVT-0423,2026-2027,Seconde générale et technologique,Tronc commun,THM-021,Thème 3 — L’État à l’époque moderne : France et Angleterre,Enrichissement complémentaire V13,COMPLEMENT_SCHOOL_CORPUS,COMPLEMENT_SCHOOL_CORPUS,EXACT,Repère complémentaire utile au chapitre ; non présenté comme repère officiel obligatoire du BO.,Union des Couronnes d’Angleterre et d’Écosse,24 mars 1603,Ajout V13 pour densifier le corpus scolaire tout en conservant la distinction programme officiel / culture historique utile.,V13 school enrichment > Seconde générale et technologique > Thème 3 — L’État à l’époque moderne : France et Angleterre,,,LNK13-0056,LNK14-0549
LNK13-0057,,,EVT-0424,2026-2027,5e,Tronc commun,THM-011,Thème 3 — Transformations de l'Europe et ouverture sur le monde aux XVIe et XVIIe siècles,Enrichissement complémentaire V13,COMPLEMENT_SCHOOL_CORPUS,COMPLEMENT_SCHOOL_CORPUS,EXACT,Repère complémentaire utile au chapitre ; non présenté comme repère officiel obligatoire du BO.,Fondation de Jamestown,14 mai 1607,Ajout V13 pour densifier le corpus scolaire tout en conservant la distinction programme officiel / culture historique utile.,V13 school enrichment > 5e > Thème 3 — Transformations de l'Europe et ouverture sur le monde aux XVIe et XVIIe siècles,,,LNK13-0057,LNK14-0550
LNK13-0058,,,EVT-0425,2026-2027,5e,Tronc commun,THM-011,Thème 3 — Transformations de l'Europe et ouverture sur le monde aux XVIe et XVIIe siècles,Enrichissement complémentaire V13,COMPLEMENT_SCHOOL_CORPUS,COMPLEMENT_SCHOOL_CORPUS,EXACT,Repère complémentaire utile au chapitre ; non présenté comme repère officiel obligatoire du BO.,Mayflower Compact,11 novembre 1620 julien ; 21 novembre 1620 grégorien,Ajout V13 pour densifier le corpus scolaire tout en conservant la distinction programme officiel / culture historique utile.,V13 school enrichment > 5e > Thème 3 — Transformations de l'Europe et ouverture sur le monde aux XVIe et XVIIe siècles,,,LNK13-0058,LNK14-0551
LNK13-0059,,,EVT-0426,2026-2027,5e,Tronc commun,THM-011,Thème 3 — Transformations de l'Europe et ouverture sur le monde aux XVIe et XVIIe siècles,Enrichissement complémentaire V13,COMPLEMENT_SCHOOL_CORPUS,COMPLEMENT_SCHOOL_CORPUS,EXACT,Repère complémentaire utile au chapitre ; non présenté comme repère officiel obligatoire du BO.,Guerre de Trente Ans,23 mai 1618-24 octobre 1648,Ajout V13 pour densifier le corpus scolaire tout en conservant la distinction programme officiel / culture historique utile.,V13 school enrichment > 5e > Thème 3 — Transformations de l'Europe et ouverture sur le monde aux XVIe et XVIIe siècles,,,LNK13-0059,LNK14-0552
LNK13-0060,,,EVT-0427,2026-2027,Seconde générale et technologique,Tronc commun,THM-021,Thème 3 — L’État à l’époque moderne : France et Angleterre,Enrichissement complémentaire V13,COMPLEMENT_SCHOOL_CORPUS,COMPLEMENT_SCHOOL_CORPUS,EXACT,Repère complémentaire utile au chapitre ; non présenté comme repère officiel obligatoire du BO.,Début de la guerre civile anglaise,22 août 1642,Ajout V13 pour densifier le corpus scolaire tout en conservant la distinction programme officiel / culture historique utile.,V13 school enrichment > Seconde générale et technologique > Thème 3 — L’État à l’époque moderne : France et Angleterre,,,LNK13-0060,LNK14-0553
LNK13-0061,,,EVT-0428,2026-2027,Seconde générale et technologique,Tronc commun,THM-021,Thème 3 — L’État à l’époque moderne : France et Angleterre,Enrichissement complémentaire V13,COMPLEMENT_SCHOOL_CORPUS,COMPLEMENT_SCHOOL_CORPUS,EXACT,Repère complémentaire utile au chapitre ; non présenté comme repère officiel obligatoire du BO.,Exécution de Charles Ier d’Angleterre,30 janvier 1649,Ajout V13 pour densifier le corpus scolaire tout en conservant la distinction programme officiel / culture historique utile.,V13 school enrichment > Seconde générale et technologique > Thème 3 — L’État à l’époque moderne : France et Angleterre,,,LNK13-0061,LNK14-0554
LNK13-0062,,,EVT-0429,2026-2027,Seconde générale et technologique,Tronc commun,THM-021,Thème 3 — L’État à l’époque moderne : France et Angleterre,Enrichissement complémentaire V13,COMPLEMENT_SCHOOL_CORPUS,COMPLEMENT_SCHOOL_CORPUS,CONVENTIONAL,Repère complémentaire utile au chapitre ; non présenté comme repère officiel obligatoire du BO.,Glorieuse Révolution,5 novembre-23 décembre 1688,Ajout V13 pour densifier le corpus scolaire tout en conservant la distinction programme officiel / culture historique utile.,V13 school enrichment > Seconde générale et technologique > Thème 3 — L’État à l’époque moderne : France et Angleterre,,,LNK13-0062,LNK14-0555
LNK13-0063,,,EVT-0430,2026-2027,Seconde générale et technologique,Tronc commun,THM-022,Thème 4 — Dynamiques et ruptures dans les sociétés des XVIIe et XVIIIe siècles,Enrichissement complémentaire V13,COMPLEMENT_SCHOOL_CORPUS,COMPLEMENT_SCHOOL_CORPUS,EXACT,Repère complémentaire utile au chapitre ; non présenté comme repère officiel obligatoire du BO.,Fondation de Saint-Pétersbourg,27 mai 1703,Ajout V13 pour densifier le corpus scolaire tout en conservant la distinction programme officiel / culture historique utile.,V13 school enrichment > Seconde générale et technologique > Thème 4 — Dynamiques et ruptures dans les sociétés des XVIIe et XVIIIe siècles,,,LNK13-0063,LNK14-0556
LNK13-0064,,,EVT-0431,2026-2027,4e,Tronc commun,THM-013,"Thème 1 — Le XVIIIe siècle. Expansions, Lumières et révolutions",Enrichissement complémentaire V13,COMPLEMENT_SCHOOL_CORPUS,COMPLEMENT_SCHOOL_CORPUS,EXACT,Repère complémentaire utile au chapitre ; non présenté comme repère officiel obligatoire du BO.,Guerre de Sept Ans,1756-1763,Ajout V13 pour densifier le corpus scolaire tout en conservant la distinction programme officiel / culture historique utile.,"V13 school enrichment > 4e > Thème 1 — Le XVIIIe siècle. Expansions, Lumières et révolutions",,,LNK13-0064,LNK14-0557
LNK13-0065,,,EVT-0432,2026-2027,4e,Tronc commun,THM-013,"Thème 1 — Le XVIIIe siècle. Expansions, Lumières et révolutions",Enrichissement complémentaire V13,COMPLEMENT_SCHOOL_CORPUS,COMPLEMENT_SCHOOL_CORPUS,EXACT,Repère complémentaire utile au chapitre ; non présenté comme repère officiel obligatoire du BO.,Publication du Contrat social de Rousseau,1762,Ajout V13 pour densifier le corpus scolaire tout en conservant la distinction programme officiel / culture historique utile.,"V13 school enrichment > 4e > Thème 1 — Le XVIIIe siècle. Expansions, Lumières et révolutions",,,LNK13-0065,LNK14-0558
LNK13-0066,,,EVT-0433,2026-2027,4e,Tronc commun,THM-013,"Thème 1 — Le XVIIIe siècle. Expansions, Lumières et révolutions",Enrichissement complémentaire V13,COMPLEMENT_SCHOOL_CORPUS,COMPLEMENT_SCHOOL_CORPUS,EXACT,Repère complémentaire utile au chapitre ; non présenté comme repère officiel obligatoire du BO.,Boston Tea Party,16 décembre 1773,Ajout V13 pour densifier le corpus scolaire tout en conservant la distinction programme officiel / culture historique utile.,"V13 school enrichment > 4e > Thème 1 — Le XVIIIe siècle. Expansions, Lumières et révolutions",,,LNK13-0066,LNK14-0559
LNK13-0067,,,EVT-0434,2026-2027,4e,Tronc commun,THM-013,"Thème 1 — Le XVIIIe siècle. Expansions, Lumières et révolutions",Enrichissement complémentaire V13,COMPLEMENT_SCHOOL_CORPUS,COMPLEMENT_SCHOOL_CORPUS,EXACT,Repère complémentaire utile au chapitre ; non présenté comme repère officiel obligatoire du BO.,Déclaration d’indépendance des États-Unis,4 juillet 1776,Ajout V13 pour densifier le corpus scolaire tout en conservant la distinction programme officiel / culture historique utile.,"V13 school enrichment > 4e > Thème 1 — Le XVIIIe siècle. Expansions, Lumières et révolutions",,,LNK13-0067,LNK14-0560
LNK13-0068,,,EVT-0435,2026-2027,4e,Tronc commun,THM-013,"Thème 1 — Le XVIIIe siècle. Expansions, Lumières et révolutions",Enrichissement complémentaire V13,COMPLEMENT_SCHOOL_CORPUS,COMPLEMENT_SCHOOL_CORPUS,EXACT,Repère complémentaire utile au chapitre ; non présenté comme repère officiel obligatoire du BO.,Capitulation britannique à Saratoga,17 octobre 1777,Ajout V13 pour densifier le corpus scolaire tout en conservant la distinction programme officiel / culture historique utile.,"V13 school enrichment > 4e > Thème 1 — Le XVIIIe siècle. Expansions, Lumières et révolutions",,,LNK13-0068,LNK14-0561
LNK13-0069,,,EVT-0436,2026-2027,4e,Tronc commun,THM-013,"Thème 1 — Le XVIIIe siècle. Expansions, Lumières et révolutions",Enrichissement complémentaire V13,COMPLEMENT_SCHOOL_CORPUS,COMPLEMENT_SCHOOL_CORPUS,EXACT,Repère complémentaire utile au chapitre ; non présenté comme repère officiel obligatoire du BO.,Capitulation britannique à Yorktown,19 octobre 1781,Ajout V13 pour densifier le corpus scolaire tout en conservant la distinction programme officiel / culture historique utile.,"V13 school enrichment > 4e > Thème 1 — Le XVIIIe siècle. Expansions, Lumières et révolutions",,,LNK13-0069,LNK14-0562
LNK13-0070,,,EVT-0437,2026-2027,4e,Tronc commun,THM-013,"Thème 1 — Le XVIIIe siècle. Expansions, Lumières et révolutions",Enrichissement complémentaire V13,COMPLEMENT_SCHOOL_CORPUS,COMPLEMENT_SCHOOL_CORPUS,EXACT,Repère complémentaire utile au chapitre ; non présenté comme repère officiel obligatoire du BO.,Traité de Paris mettant fin à la guerre d’indépendance américaine,3 septembre 1783,Ajout V13 pour densifier le corpus scolaire tout en conservant la distinction programme officiel / culture historique utile.,"V13 school enrichment > 4e > Thème 1 — Le XVIIIe siècle. Expansions, Lumières et révolutions",,,LNK13-0070,LNK14-0563
LNK13-0071,,,EVT-0438,2026-2027,4e,Tronc commun,THM-013,"Thème 1 — Le XVIIIe siècle. Expansions, Lumières et révolutions",Enrichissement complémentaire V13,COMPLEMENT_SCHOOL_CORPUS,COMPLEMENT_SCHOOL_CORPUS,EXACT,Repère complémentaire utile au chapitre ; non présenté comme repère officiel obligatoire du BO.,Signature de la Constitution des États-Unis,17 septembre 1787,Ajout V13 pour densifier le corpus scolaire tout en conservant la distinction programme officiel / culture historique utile.,"V13 school enrichment > 4e > Thème 1 — Le XVIIIe siècle. Expansions, Lumières et révolutions",,,LNK13-0071,LNK14-0564
LNK13-0072,,,EVT-0439,2026-2027,4e,Tronc commun,THM-013,"Thème 1 — Le XVIIIe siècle. Expansions, Lumières et révolutions",Enrichissement complémentaire V13,COMPLEMENT_SCHOOL_CORPUS,COMPLEMENT_SCHOOL_CORPUS,EXACT,Repère complémentaire utile au chapitre ; non présenté comme repère officiel obligatoire du BO.,Début de l’insurrection des esclaves de Saint-Domingue,22 août 1791,Ajout V13 pour densifier le corpus scolaire tout en conservant la distinction programme officiel / culture historique utile.,"V13 school enrichment > 4e > Thème 1 — Le XVIIIe siècle. Expansions, Lumières et révolutions",,,LNK13-0072,LNK14-0565
LNK13-0073,,,EVT-0440,2026-2027,Première générale,Tronc commun,THM-024,Thème 1 — L’Europe face aux révolutions,Enrichissement complémentaire V13,COMPLEMENT_SCHOOL_CORPUS,COMPLEMENT_SCHOOL_CORPUS,EXACT,Repère complémentaire utile au chapitre ; non présenté comme repère officiel obligatoire du BO.,Abolition de la monarchie en France,21 septembre 1792,Ajout V13 pour densifier le corpus scolaire tout en conservant la distinction programme officiel / culture historique utile.,V13 school enrichment > Première générale > Thème 1 — L’Europe face aux révolutions,,,LNK13-0073,LNK14-0566
LNK13-0074,,,EVT-0441,2026-2027,Première générale,Tronc commun,THM-024,Thème 1 — L’Europe face aux révolutions,Enrichissement complémentaire V13,COMPLEMENT_SCHOOL_CORPUS,COMPLEMENT_SCHOOL_CORPUS,EXACT,Repère complémentaire utile au chapitre ; non présenté comme repère officiel obligatoire du BO.,Bataille de Valmy,20 septembre 1792,Ajout V13 pour densifier le corpus scolaire tout en conservant la distinction programme officiel / culture historique utile.,V13 school enrichment > Première générale > Thème 1 — L’Europe face aux révolutions,,,LNK13-0074,LNK14-0567
LNK13-0075,,,EVT-0442,2026-2027,Première générale,Tronc commun,THM-024,Thème 1 — L’Europe face aux révolutions,Enrichissement complémentaire V13,COMPLEMENT_SCHOOL_CORPUS,COMPLEMENT_SCHOOL_CORPUS,EXACT,Repère complémentaire utile au chapitre ; non présenté comme repère officiel obligatoire du BO.,Proclamation de la Première République française,22 septembre 1792,Ajout V13 pour densifier le corpus scolaire tout en conservant la distinction programme officiel / culture historique utile.,V13 school enrichment > Première générale > Thème 1 — L’Europe face aux révolutions,,,LNK13-0075,LNK14-0568
LNK13-0076,,,EVT-0443,2026-2027,Première générale,Tronc commun,THM-024,Thème 1 — L’Europe face aux révolutions,Enrichissement complémentaire V13,COMPLEMENT_SCHOOL_CORPUS,COMPLEMENT_SCHOOL_CORPUS,EXACT,Repère complémentaire utile au chapitre ; non présenté comme repère officiel obligatoire du BO.,Exécution de Marie-Antoinette,16 octobre 1793,Ajout V13 pour densifier le corpus scolaire tout en conservant la distinction programme officiel / culture historique utile.,V13 school enrichment > Première générale > Thème 1 — L’Europe face aux révolutions,,,LNK13-0076,LNK14-0569
LNK13-0077,,,EVT-0444,2026-2027,Première générale,Tronc commun,THM-024,Thème 1 — L’Europe face aux révolutions,Enrichissement complémentaire V13,COMPLEMENT_SCHOOL_CORPUS,COMPLEMENT_SCHOOL_CORPUS,EXACT,Repère complémentaire utile au chapitre ; non présenté comme repère officiel obligatoire du BO.,Chute de Robespierre,27 juillet 1794,Ajout V13 pour densifier le corpus scolaire tout en conservant la distinction programme officiel / culture historique utile.,V13 school enrichment > Première générale > Thème 1 — L’Europe face aux révolutions,,,LNK13-0077,LNK14-0570
LNK13-0078,,,EVT-0445,2026-2027,Première générale,Tronc commun,THM-024,Thème 1 — L’Europe face aux révolutions,Enrichissement complémentaire V13,COMPLEMENT_SCHOOL_CORPUS,COMPLEMENT_SCHOOL_CORPUS,EXACT,Repère complémentaire utile au chapitre ; non présenté comme repère officiel obligatoire du BO.,Mise en place du Directoire,2 novembre 1795,Ajout V13 pour densifier le corpus scolaire tout en conservant la distinction programme officiel / culture historique utile.,V13 school enrichment > Première générale > Thème 1 — L’Europe face aux révolutions,,,LNK13-0078,LNK14-0571
LNK13-0079,,,EVT-0446,2026-2027,Première générale,Tronc commun,THM-024,Thème 1 — L’Europe face aux révolutions,Enrichissement complémentaire V13,COMPLEMENT_SCHOOL_CORPUS,COMPLEMENT_SCHOOL_CORPUS,EXACT,Repère complémentaire utile au chapitre ; non présenté comme repère officiel obligatoire du BO.,Coup d’État du 18 Brumaire,9 novembre 1799,Ajout V13 pour densifier le corpus scolaire tout en conservant la distinction programme officiel / culture historique utile.,V13 school enrichment > Première générale > Thème 1 — L’Europe face aux révolutions,,,LNK13-0079,LNK14-0572
LNK13-0080,,,EVT-0447,2026-2027,4e,Tronc commun,THM-013,"Thème 1 — Le XVIIIe siècle. Expansions, Lumières et révolutions",Enrichissement complémentaire V13,COMPLEMENT_SCHOOL_CORPUS,COMPLEMENT_SCHOOL_CORPUS,EXACT,Repère complémentaire utile au chapitre ; non présenté comme repère officiel obligatoire du BO.,Indépendance d’Haïti,1er janvier 1804,Ajout V13 pour densifier le corpus scolaire tout en conservant la distinction programme officiel / culture historique utile.,"V13 school enrichment > 4e > Thème 1 — Le XVIIIe siècle. Expansions, Lumières et révolutions",,,LNK13-0080,LNK14-0573
LNK13-0081,,,EVT-0448,2026-2027,Première générale,Tronc commun,THM-024,Thème 1 — L’Europe face aux révolutions,Enrichissement complémentaire V13,COMPLEMENT_SCHOOL_CORPUS,COMPLEMENT_SCHOOL_CORPUS,EXACT,Repère complémentaire utile au chapitre ; non présenté comme repère officiel obligatoire du BO.,Bataille de Waterloo,18 juin 1815,Ajout V13 pour densifier le corpus scolaire tout en conservant la distinction programme officiel / culture historique utile.,V13 school enrichment > Première générale > Thème 1 — L’Europe face aux révolutions,,,LNK13-0081,LNK14-0574
LNK13-0082,,,EVT-0449,2026-2027,Première générale,Tronc commun,THM-024,Thème 1 — L’Europe face aux révolutions,Enrichissement complémentaire V13,COMPLEMENT_SCHOOL_CORPUS,COMPLEMENT_SCHOOL_CORPUS,CONVENTIONAL,Repère complémentaire utile au chapitre ; non présenté comme repère officiel obligatoire du BO.,Début conventionnel de la guerre d’indépendance grecque,25 mars 1821,Ajout V13 pour densifier le corpus scolaire tout en conservant la distinction programme officiel / culture historique utile.,V13 school enrichment > Première générale > Thème 1 — L’Europe face aux révolutions,,,LNK13-0082,LNK14-0575
LNK13-0083,,,EVT-0450,2026-2027,Première générale,Tronc commun,THM-024,Thème 1 — L’Europe face aux révolutions,Enrichissement complémentaire V13,COMPLEMENT_SCHOOL_CORPUS,COMPLEMENT_SCHOOL_CORPUS,EXACT,Repère complémentaire utile au chapitre ; non présenté comme repère officiel obligatoire du BO.,Reconnaissance internationale du royaume de Grèce,21 juillet 1832,Ajout V13 pour densifier le corpus scolaire tout en conservant la distinction programme officiel / culture historique utile.,V13 school enrichment > Première générale > Thème 1 — L’Europe face aux révolutions,,,LNK13-0083,LNK14-0576
LNK13-0084,,,EVT-0451,2026-2027,Première générale,Tronc commun,THM-024,Thème 1 — L’Europe face aux révolutions,Enrichissement complémentaire V13,COMPLEMENT_SCHOOL_CORPUS,COMPLEMENT_SCHOOL_CORPUS,EXACT,Repère complémentaire utile au chapitre ; non présenté comme repère officiel obligatoire du BO.,Début de la révolution belge,25 août 1830,Ajout V13 pour densifier le corpus scolaire tout en conservant la distinction programme officiel / culture historique utile.,V13 school enrichment > Première générale > Thème 1 — L’Europe face aux révolutions,,,LNK13-0084,LNK14-0577
LNK13-0085,,,EVT-0452,2026-2027,Première générale,Tronc commun,THM-024,Thème 1 — L’Europe face aux révolutions,Enrichissement complémentaire V13,COMPLEMENT_SCHOOL_CORPUS,COMPLEMENT_SCHOOL_CORPUS,EXACT,Repère complémentaire utile au chapitre ; non présenté comme repère officiel obligatoire du BO.,Proclamation de l’indépendance belge,4 octobre 1830,Ajout V13 pour densifier le corpus scolaire tout en conservant la distinction programme officiel / culture historique utile.,V13 school enrichment > Première générale > Thème 1 — L’Europe face aux révolutions,,,LNK13-0085,LNK14-0578
LNK13-0086,,,EVT-0453,2026-2027,4e,Tronc commun,THM-014,Thème 2 — L'Europe et le monde au XIXe siècle,Enrichissement complémentaire V13,COMPLEMENT_SCHOOL_CORPUS,COMPLEMENT_SCHOOL_CORPUS,EXACT,Repère complémentaire utile au chapitre ; non présenté comme repère officiel obligatoire du BO.,Première révolte des canuts,21-24 novembre 1831,Ajout V13 pour densifier le corpus scolaire tout en conservant la distinction programme officiel / culture historique utile.,V13 school enrichment > 4e > Thème 2 — L'Europe et le monde au XIXe siècle,,,LNK13-0086,LNK14-0579
LNK13-0087,,,EVT-0454,2026-2027,4e,Tronc commun,THM-014,Thème 2 — L'Europe et le monde au XIXe siècle,Enrichissement complémentaire V13,COMPLEMENT_SCHOOL_CORPUS,COMPLEMENT_SCHOOL_CORPUS,EXACT,Repère complémentaire utile au chapitre ; non présenté comme repère officiel obligatoire du BO.,Reform Act britannique de 1832,7 juin 1832,Ajout V13 pour densifier le corpus scolaire tout en conservant la distinction programme officiel / culture historique utile.,V13 school enrichment > 4e > Thème 2 — L'Europe et le monde au XIXe siècle,,,LNK13-0087,LNK14-0580
LNK13-0088,,,EVT-0455,2026-2027,4e,Tronc commun,THM-014,Thème 2 — L'Europe et le monde au XIXe siècle,Enrichissement complémentaire V13,COMPLEMENT_SCHOOL_CORPUS,COMPLEMENT_SCHOOL_CORPUS,EXACT,Repère complémentaire utile au chapitre ; non présenté comme repère officiel obligatoire du BO.,Abolition de l’esclavage dans l’Empire britannique,28 août 1833 ; mise en œuvre principale le 1er août 1834,Ajout V13 pour densifier le corpus scolaire tout en conservant la distinction programme officiel / culture historique utile.,V13 school enrichment > 4e > Thème 2 — L'Europe et le monde au XIXe siècle,,,LNK13-0088,LNK14-0581
LNK13-0089,,,EVT-0456,2026-2027,4e,Tronc commun,THM-014,Thème 2 — L'Europe et le monde au XIXe siècle,Enrichissement complémentaire V13,COMPLEMENT_SCHOOL_CORPUS,COMPLEMENT_SCHOOL_CORPUS,EXACT,Repère complémentaire utile au chapitre ; non présenté comme repère officiel obligatoire du BO.,Premier message télégraphique de Morse,24 mai 1844,Ajout V13 pour densifier le corpus scolaire tout en conservant la distinction programme officiel / culture historique utile.,V13 school enrichment > 4e > Thème 2 — L'Europe et le monde au XIXe siècle,,,LNK13-0089,LNK14-0582
LNK13-0090,,,EVT-0457,2026-2027,4e,Tronc commun,THM-014,Thème 2 — L'Europe et le monde au XIXe siècle,Enrichissement complémentaire V13,COMPLEMENT_SCHOOL_CORPUS,COMPLEMENT_SCHOOL_CORPUS,CONVENTIONAL,Repère complémentaire utile au chapitre ; non présenté comme repère officiel obligatoire du BO.,Grande famine irlandaise,1845-1852,Ajout V13 pour densifier le corpus scolaire tout en conservant la distinction programme officiel / culture historique utile.,V13 school enrichment > 4e > Thème 2 — L'Europe et le monde au XIXe siècle,,,LNK13-0090,LNK14-0583
LNK13-0091,,,EVT-0458,2026-2027,Première générale,Tronc commun,THM-025,Thème 2 — La France dans l’Europe des nationalités : politique et société (1848-1871),Enrichissement complémentaire V13,COMPLEMENT_SCHOOL_CORPUS,COMPLEMENT_SCHOOL_CORPUS,EXACT,Repère complémentaire utile au chapitre ; non présenté comme repère officiel obligatoire du BO.,Journées de Juin 1848,23-26 juin 1848,Ajout V13 pour densifier le corpus scolaire tout en conservant la distinction programme officiel / culture historique utile.,V13 school enrichment > Première générale > Thème 2 — La France dans l’Europe des nationalités : politique et société (1848-1871),,,LNK13-0091,LNK14-0584
LNK13-0092,,,EVT-0459,2026-2027,Première générale,Tronc commun,THM-025,Thème 2 — La France dans l’Europe des nationalités : politique et société (1848-1871),Enrichissement complémentaire V13,COMPLEMENT_SCHOOL_CORPUS,COMPLEMENT_SCHOOL_CORPUS,EXACT,Repère complémentaire utile au chapitre ; non présenté comme repère officiel obligatoire du BO.,Coup d’État de Louis-Napoléon Bonaparte,2 décembre 1851,Ajout V13 pour densifier le corpus scolaire tout en conservant la distinction programme officiel / culture historique utile.,V13 school enrichment > Première générale > Thème 2 — La France dans l’Europe des nationalités : politique et société (1848-1871),,,LNK13-0092,LNK14-0585
LNK13-0093,,,EVT-0460,2026-2027,Première générale,Tronc commun,THM-025,Thème 2 — La France dans l’Europe des nationalités : politique et société (1848-1871),Enrichissement complémentaire V13,COMPLEMENT_SCHOOL_CORPUS,COMPLEMENT_SCHOOL_CORPUS,EXACT,Repère complémentaire utile au chapitre ; non présenté comme repère officiel obligatoire du BO.,Proclamation du Second Empire,2 décembre 1852,Ajout V13 pour densifier le corpus scolaire tout en conservant la distinction programme officiel / culture historique utile.,V13 school enrichment > Première générale > Thème 2 — La France dans l’Europe des nationalités : politique et société (1848-1871),,,LNK13-0093,LNK14-0586
LNK13-0094,,,EVT-0461,2026-2027,4e,Tronc commun,THM-014,Thème 2 — L'Europe et le monde au XIXe siècle,Enrichissement complémentaire V13,COMPLEMENT_SCHOOL_CORPUS,COMPLEMENT_SCHOOL_CORPUS,CONVENTIONAL,Repère complémentaire utile au chapitre ; non présenté comme repère officiel obligatoire du BO.,Guerre de Crimée,16 octobre 1853-30 mars 1856,Ajout V13 pour densifier le corpus scolaire tout en conservant la distinction programme officiel / culture historique utile.,V13 school enrichment > 4e > Thème 2 — L'Europe et le monde au XIXe siècle,,,LNK13-0094,LNK14-0587
LNK13-0095,,,EVT-0462,2026-2027,4e,Tronc commun,THM-014,Thème 2 — L'Europe et le monde au XIXe siècle,Enrichissement complémentaire V13,COMPLEMENT_SCHOOL_CORPUS,COMPLEMENT_SCHOOL_CORPUS,EXACT,Repère complémentaire utile au chapitre ; non présenté comme repère officiel obligatoire du BO.,Traité de Paris mettant fin à la guerre de Crimée,30 mars 1856,Ajout V13 pour densifier le corpus scolaire tout en conservant la distinction programme officiel / culture historique utile.,V13 school enrichment > 4e > Thème 2 — L'Europe et le monde au XIXe siècle,,,LNK13-0095,LNK14-0588
LNK13-0096,,,EVT-0463,2026-2027,4e,Tronc commun,THM-014,Thème 2 — L'Europe et le monde au XIXe siècle,Enrichissement complémentaire V13,COMPLEMENT_SCHOOL_CORPUS,COMPLEMENT_SCHOOL_CORPUS,EXACT,Repère complémentaire utile au chapitre ; non présenté comme repère officiel obligatoire du BO.,Début de la révolte des Cipayes,10 mai 1857,Ajout V13 pour densifier le corpus scolaire tout en conservant la distinction programme officiel / culture historique utile.,V13 school enrichment > 4e > Thème 2 — L'Europe et le monde au XIXe siècle,,,LNK13-0096,LNK14-0589
LNK13-0097,,,EVT-0464,2026-2027,4e,Tronc commun,THM-014,Thème 2 — L'Europe et le monde au XIXe siècle,Enrichissement complémentaire V13,COMPLEMENT_SCHOOL_CORPUS,COMPLEMENT_SCHOOL_CORPUS,EXACT,Repère complémentaire utile au chapitre ; non présenté comme repère officiel obligatoire du BO.,Premier câble télégraphique transatlantique opérationnel,16 août 1858,Ajout V13 pour densifier le corpus scolaire tout en conservant la distinction programme officiel / culture historique utile.,V13 school enrichment > 4e > Thème 2 — L'Europe et le monde au XIXe siècle,,,LNK13-0097,LNK14-0590
LNK13-0098,,,EVT-0465,2026-2027,Première générale,Tronc commun,THM-025,Thème 2 — La France dans l’Europe des nationalités : politique et société (1848-1871),Enrichissement complémentaire V13,COMPLEMENT_SCHOOL_CORPUS,COMPLEMENT_SCHOOL_CORPUS,EXACT,Repère complémentaire utile au chapitre ; non présenté comme repère officiel obligatoire du BO.,Proclamation du royaume d’Italie,17 mars 1861,Ajout V13 pour densifier le corpus scolaire tout en conservant la distinction programme officiel / culture historique utile.,V13 school enrichment > Première générale > Thème 2 — La France dans l’Europe des nationalités : politique et société (1848-1871),,,LNK13-0098,LNK14-0591
LNK13-0099,,,EVT-0466,2026-2027,4e,Tronc commun,THM-014,Thème 2 — L'Europe et le monde au XIXe siècle,Enrichissement complémentaire V13,COMPLEMENT_SCHOOL_CORPUS,COMPLEMENT_SCHOOL_CORPUS,CONVENTIONAL,Repère complémentaire utile au chapitre ; non présenté comme repère officiel obligatoire du BO.,Guerre de Sécession,12 avril 1861-9 avril 1865,Ajout V13 pour densifier le corpus scolaire tout en conservant la distinction programme officiel / culture historique utile.,V13 school enrichment > 4e > Thème 2 — L'Europe et le monde au XIXe siècle,,,LNK13-0099,LNK14-0592
LNK13-0100,,,EVT-0467,2026-2027,4e,Tronc commun,THM-014,Thème 2 — L'Europe et le monde au XIXe siècle,Enrichissement complémentaire V13,COMPLEMENT_SCHOOL_CORPUS,COMPLEMENT_SCHOOL_CORPUS,EXACT,Repère complémentaire utile au chapitre ; non présenté comme repère officiel obligatoire du BO.,Entrée en vigueur de la Proclamation d’émancipation,1er janvier 1863,Ajout V13 pour densifier le corpus scolaire tout en conservant la distinction programme officiel / culture historique utile.,V13 school enrichment > 4e > Thème 2 — L'Europe et le monde au XIXe siècle,,,LNK13-0100,LNK14-0593
LNK13-0101,,,EVT-0468,2026-2027,4e,Tronc commun,THM-014,Thème 2 — L'Europe et le monde au XIXe siècle,Enrichissement complémentaire V13,COMPLEMENT_SCHOOL_CORPUS,COMPLEMENT_SCHOOL_CORPUS,EXACT,Repère complémentaire utile au chapitre ; non présenté comme repère officiel obligatoire du BO.,Bataille de Gettysburg,1er-3 juillet 1863,Ajout V13 pour densifier le corpus scolaire tout en conservant la distinction programme officiel / culture historique utile.,V13 school enrichment > 4e > Thème 2 — L'Europe et le monde au XIXe siècle,,,LNK13-0101,LNK14-0594
LNK13-0102,,,EVT-0469,2026-2027,4e,Tronc commun,THM-014,Thème 2 — L'Europe et le monde au XIXe siècle,Enrichissement complémentaire V13,COMPLEMENT_SCHOOL_CORPUS,COMPLEMENT_SCHOOL_CORPUS,EXACT,Repère complémentaire utile au chapitre ; non présenté comme repère officiel obligatoire du BO.,Fondation de la Première Internationale,28 septembre 1864,Ajout V13 pour densifier le corpus scolaire tout en conservant la distinction programme officiel / culture historique utile.,V13 school enrichment > 4e > Thème 2 — L'Europe et le monde au XIXe siècle,,,LNK13-0102,LNK14-0595
LNK13-0103,,,EVT-0470,2026-2027,4e,Tronc commun,THM-014,Thème 2 — L'Europe et le monde au XIXe siècle,Enrichissement complémentaire V13,COMPLEMENT_SCHOOL_CORPUS,COMPLEMENT_SCHOOL_CORPUS,EXACT,Repère complémentaire utile au chapitre ; non présenté comme repère officiel obligatoire du BO.,Première Convention de Genève,22 août 1864,Ajout V13 pour densifier le corpus scolaire tout en conservant la distinction programme officiel / culture historique utile.,V13 school enrichment > 4e > Thème 2 — L'Europe et le monde au XIXe siècle,,,LNK13-0103,LNK14-0596
LNK13-0104,,,EVT-0471,2026-2027,4e,Tronc commun,THM-014,Thème 2 — L'Europe et le monde au XIXe siècle,Enrichissement complémentaire V13,COMPLEMENT_SCHOOL_CORPUS,COMPLEMENT_SCHOOL_CORPUS,EXACT,Repère complémentaire utile au chapitre ; non présenté comme repère officiel obligatoire du BO.,Ouverture du canal de Suez,17 novembre 1869,Ajout V13 pour densifier le corpus scolaire tout en conservant la distinction programme officiel / culture historique utile.,V13 school enrichment > 4e > Thème 2 — L'Europe et le monde au XIXe siècle,,,LNK13-0104,LNK14-0597
LNK13-0105,,,EVT-0472,2026-2027,Première générale,Tronc commun,THM-025,Thème 2 — La France dans l’Europe des nationalités : politique et société (1848-1871),Enrichissement complémentaire V13,COMPLEMENT_SCHOOL_CORPUS,COMPLEMENT_SCHOOL_CORPUS,EXACT,Repère complémentaire utile au chapitre ; non présenté comme repère officiel obligatoire du BO.,Guerre franco-prussienne,19 juillet 1870-10 mai 1871,Ajout V13 pour densifier le corpus scolaire tout en conservant la distinction programme officiel / culture historique utile.,V13 school enrichment > Première générale > Thème 2 — La France dans l’Europe des nationalités : politique et société (1848-1871),,,LNK13-0105,LNK14-0598
LNK13-0106,,,EVT-0473,2026-2027,Première générale,Tronc commun,THM-025,Thème 2 — La France dans l’Europe des nationalités : politique et société (1848-1871),Enrichissement complémentaire V13,COMPLEMENT_SCHOOL_CORPUS,COMPLEMENT_SCHOOL_CORPUS,EXACT,Repère complémentaire utile au chapitre ; non présenté comme repère officiel obligatoire du BO.,Défaite française à Sedan,2 septembre 1870,Ajout V13 pour densifier le corpus scolaire tout en conservant la distinction programme officiel / culture historique utile.,V13 school enrichment > Première générale > Thème 2 — La France dans l’Europe des nationalités : politique et société (1848-1871),,,LNK13-0106,LNK14-0599
LNK13-0107,,,EVT-0474,2026-2027,Première générale,Tronc commun,THM-025,Thème 2 — La France dans l’Europe des nationalités : politique et société (1848-1871),Enrichissement complémentaire V13,COMPLEMENT_SCHOOL_CORPUS,COMPLEMENT_SCHOOL_CORPUS,EXACT,Repère complémentaire utile au chapitre ; non présenté comme repère officiel obligatoire du BO.,Traité de Francfort,10 mai 1871,Ajout V13 pour densifier le corpus scolaire tout en conservant la distinction programme officiel / culture historique utile.,V13 school enrichment > Première générale > Thème 2 — La France dans l’Europe des nationalités : politique et société (1848-1871),,,LNK13-0107,LNK14-0600
LNK13-0108,,,EVT-0475,2026-2027,Première générale,Tronc commun,THM-026,"Thème 3 — La Troisième République avant 1914 : un régime politique, un empire colonial",Enrichissement complémentaire V13,COMPLEMENT_SCHOOL_CORPUS,COMPLEMENT_SCHOOL_CORPUS,EXACT,Repère complémentaire utile au chapitre ; non présenté comme repère officiel obligatoire du BO.,Crise de Fachoda,18 septembre-4 novembre 1898,Ajout V13 pour densifier le corpus scolaire tout en conservant la distinction programme officiel / culture historique utile.,"V13 school enrichment > Première générale > Thème 3 — La Troisième République avant 1914 : un régime politique, un empire colonial",,,LNK13-0108,LNK14-0601
LNK13-0109,,,EVT-0476,2026-2027,Première générale,Tronc commun,THM-026,"Thème 3 — La Troisième République avant 1914 : un régime politique, un empire colonial",Enrichissement complémentaire V13,COMPLEMENT_SCHOOL_CORPUS,COMPLEMENT_SCHOOL_CORPUS,EXACT,Repère complémentaire utile au chapitre ; non présenté comme repère officiel obligatoire du BO.,Loi Waldeck-Rousseau autorisant les syndicats professionnels,21 mars 1884,Ajout V13 pour densifier le corpus scolaire tout en conservant la distinction programme officiel / culture historique utile.,"V13 school enrichment > Première générale > Thème 3 — La Troisième République avant 1914 : un régime politique, un empire colonial",,,LNK13-0109,LNK14-0602
LNK13-0110,,,EVT-0477,2026-2027,Première générale,Tronc commun,THM-026,"Thème 3 — La Troisième République avant 1914 : un régime politique, un empire colonial",Enrichissement complémentaire V13,COMPLEMENT_SCHOOL_CORPUS,COMPLEMENT_SCHOOL_CORPUS,EXACT,Repère complémentaire utile au chapitre ; non présenté comme repère officiel obligatoire du BO.,Inauguration de la tour Eiffel,31 mars 1889,Ajout V13 pour densifier le corpus scolaire tout en conservant la distinction programme officiel / culture historique utile.,"V13 school enrichment > Première générale > Thème 3 — La Troisième République avant 1914 : un régime politique, un empire colonial",,,LNK13-0110,LNK14-0603
LNK13-0111,,,EVT-0478,2026-2027,3e,Tronc commun,THM-016,"Thème 1 — L'Europe, un théâtre majeur des guerres totales (1914-1945)",Enrichissement complémentaire V13,COMPLEMENT_SCHOOL_CORPUS,COMPLEMENT_SCHOOL_CORPUS,EXACT,Repère complémentaire utile au chapitre ; non présenté comme repère officiel obligatoire du BO.,Assassinat de François-Ferdinand à Sarajevo,28 juin 1914,Ajout V13 pour densifier le corpus scolaire tout en conservant la distinction programme officiel / culture historique utile.,"V13 school enrichment > 3e > Thème 1 — L'Europe, un théâtre majeur des guerres totales (1914-1945)",,,LNK13-0111,LNK14-0604
LNK13-0112,,,EVT-0479,2026-2027,3e,Tronc commun,THM-016,"Thème 1 — L'Europe, un théâtre majeur des guerres totales (1914-1945)",Enrichissement complémentaire V13,COMPLEMENT_SCHOOL_CORPUS,COMPLEMENT_SCHOOL_CORPUS,EXACT,Repère complémentaire utile au chapitre ; non présenté comme repère officiel obligatoire du BO.,Déclaration de guerre de l’Allemagne à la Russie,1er août 1914,Ajout V13 pour densifier le corpus scolaire tout en conservant la distinction programme officiel / culture historique utile.,"V13 school enrichment > 3e > Thème 1 — L'Europe, un théâtre majeur des guerres totales (1914-1945)",,,LNK13-0112,LNK14-0605
LNK13-0113,,,EVT-0480,2026-2027,3e,Tronc commun,THM-016,"Thème 1 — L'Europe, un théâtre majeur des guerres totales (1914-1945)",Enrichissement complémentaire V13,COMPLEMENT_SCHOOL_CORPUS,COMPLEMENT_SCHOOL_CORPUS,EXACT,Repère complémentaire utile au chapitre ; non présenté comme repère officiel obligatoire du BO.,Déclaration de guerre de l’Allemagne à la France,3 août 1914,Ajout V13 pour densifier le corpus scolaire tout en conservant la distinction programme officiel / culture historique utile.,"V13 school enrichment > 3e > Thème 1 — L'Europe, un théâtre majeur des guerres totales (1914-1945)",,,LNK13-0113,LNK14-0606
LNK13-0114,,,EVT-0481,2026-2027,3e,Tronc commun,THM-016,"Thème 1 — L'Europe, un théâtre majeur des guerres totales (1914-1945)",Enrichissement complémentaire V13,COMPLEMENT_SCHOOL_CORPUS,COMPLEMENT_SCHOOL_CORPUS,EXACT,Repère complémentaire utile au chapitre ; non présenté comme repère officiel obligatoire du BO.,Entrée en guerre du Royaume-Uni contre l’Allemagne,4 août 1914,Ajout V13 pour densifier le corpus scolaire tout en conservant la distinction programme officiel / culture historique utile.,"V13 school enrichment > 3e > Thème 1 — L'Europe, un théâtre majeur des guerres totales (1914-1945)",,,LNK13-0114,LNK14-0607
LNK13-0115,,,EVT-0482,2026-2027,3e,Tronc commun,THM-016,"Thème 1 — L'Europe, un théâtre majeur des guerres totales (1914-1945)",Enrichissement complémentaire V13,COMPLEMENT_SCHOOL_CORPUS,COMPLEMENT_SCHOOL_CORPUS,EXACT,Repère complémentaire utile au chapitre ; non présenté comme repère officiel obligatoire du BO.,Bataille de Verdun,21 février-18 décembre 1916,Ajout V13 pour densifier le corpus scolaire tout en conservant la distinction programme officiel / culture historique utile.,"V13 school enrichment > 3e > Thème 1 — L'Europe, un théâtre majeur des guerres totales (1914-1945)",,,LNK13-0115,LNK14-0608
LNK13-0116,,,EVT-0483,2026-2027,3e,Tronc commun,THM-016,"Thème 1 — L'Europe, un théâtre majeur des guerres totales (1914-1945)",Enrichissement complémentaire V13,COMPLEMENT_SCHOOL_CORPUS,COMPLEMENT_SCHOOL_CORPUS,EXACT,Repère complémentaire utile au chapitre ; non présenté comme repère officiel obligatoire du BO.,Entrée en guerre des États-Unis dans la Première Guerre mondiale,6 avril 1917,Ajout V13 pour densifier le corpus scolaire tout en conservant la distinction programme officiel / culture historique utile.,"V13 school enrichment > 3e > Thème 1 — L'Europe, un théâtre majeur des guerres totales (1914-1945)",,,LNK13-0116,LNK14-0609
LNK13-0117,,,EVT-0484,2026-2027,3e,Tronc commun,THM-016,"Thème 1 — L'Europe, un théâtre majeur des guerres totales (1914-1945)",Enrichissement complémentaire V13,COMPLEMENT_SCHOOL_CORPUS,COMPLEMENT_SCHOOL_CORPUS,EXACT,Repère complémentaire utile au chapitre ; non présenté comme repère officiel obligatoire du BO.,Prise du pouvoir par les bolcheviks lors de la révolution d’Octobre,7 novembre 1917,Ajout V13 pour densifier le corpus scolaire tout en conservant la distinction programme officiel / culture historique utile.,"V13 school enrichment > 3e > Thème 1 — L'Europe, un théâtre majeur des guerres totales (1914-1945)",,,LNK13-0117,LNK14-0610
LNK13-0118,,,EVT-0485,2026-2027,3e,Tronc commun,THM-016,"Thème 1 — L'Europe, un théâtre majeur des guerres totales (1914-1945)",Enrichissement complémentaire V13,COMPLEMENT_SCHOOL_CORPUS,COMPLEMENT_SCHOOL_CORPUS,EXACT,Repère complémentaire utile au chapitre ; non présenté comme repère officiel obligatoire du BO.,Traité de Brest-Litovsk,3 mars 1918,Ajout V13 pour densifier le corpus scolaire tout en conservant la distinction programme officiel / culture historique utile.,"V13 school enrichment > 3e > Thème 1 — L'Europe, un théâtre majeur des guerres totales (1914-1945)",,,LNK13-0118,LNK14-0611
LNK13-0119,,,EVT-0486,2026-2027,3e,Tronc commun,THM-016,"Thème 1 — L'Europe, un théâtre majeur des guerres totales (1914-1945)",Enrichissement complémentaire V13,COMPLEMENT_SCHOOL_CORPUS,COMPLEMENT_SCHOOL_CORPUS,EXACT,Repère complémentaire utile au chapitre ; non présenté comme repère officiel obligatoire du BO.,Ouverture de la conférence de la paix de Paris,18 janvier 1919,Ajout V13 pour densifier le corpus scolaire tout en conservant la distinction programme officiel / culture historique utile.,"V13 school enrichment > 3e > Thème 1 — L'Europe, un théâtre majeur des guerres totales (1914-1945)",,,LNK13-0119,LNK14-0612
LNK13-0120,,,EVT-0487,2026-2027,3e,Tronc commun,THM-016,"Thème 1 — L'Europe, un théâtre majeur des guerres totales (1914-1945)",Enrichissement complémentaire V13,COMPLEMENT_SCHOOL_CORPUS,COMPLEMENT_SCHOOL_CORPUS,EXACT,Repère complémentaire utile au chapitre ; non présenté comme repère officiel obligatoire du BO.,Entrée en vigueur du pacte de la Société des Nations,10 janvier 1920,Ajout V13 pour densifier le corpus scolaire tout en conservant la distinction programme officiel / culture historique utile.,"V13 school enrichment > 3e > Thème 1 — L'Europe, un théâtre majeur des guerres totales (1914-1945)",,,LNK13-0120,LNK14-0613
LNK13-0121,,,EVT-0488,2026-2027,3e,Tronc commun,THM-016,"Thème 1 — L'Europe, un théâtre majeur des guerres totales (1914-1945)",Enrichissement complémentaire V13,COMPLEMENT_SCHOOL_CORPUS,COMPLEMENT_SCHOOL_CORPUS,EXACT,Repère complémentaire utile au chapitre ; non présenté comme repère officiel obligatoire du BO.,Marche sur Rome,28 octobre 1922,Ajout V13 pour densifier le corpus scolaire tout en conservant la distinction programme officiel / culture historique utile.,"V13 school enrichment > 3e > Thème 1 — L'Europe, un théâtre majeur des guerres totales (1914-1945)",,,LNK13-0121,LNK14-0614
LNK13-0122,,,EVT-0489,2026-2027,3e,Tronc commun,THM-016,"Thème 1 — L'Europe, un théâtre majeur des guerres totales (1914-1945)",Enrichissement complémentaire V13,COMPLEMENT_SCHOOL_CORPUS,COMPLEMENT_SCHOOL_CORPUS,EXACT,Repère complémentaire utile au chapitre ; non présenté comme repère officiel obligatoire du BO.,Nomination de Mussolini comme président du Conseil,31 octobre 1922,Ajout V13 pour densifier le corpus scolaire tout en conservant la distinction programme officiel / culture historique utile.,"V13 school enrichment > 3e > Thème 1 — L'Europe, un théâtre majeur des guerres totales (1914-1945)",,,LNK13-0122,LNK14-0615
LNK13-0123,,,EVT-0490,2026-2027,3e,Tronc commun,THM-016,"Thème 1 — L'Europe, un théâtre majeur des guerres totales (1914-1945)",Enrichissement complémentaire V13,COMPLEMENT_SCHOOL_CORPUS,COMPLEMENT_SCHOOL_CORPUS,EXACT,Repère complémentaire utile au chapitre ; non présenté comme repère officiel obligatoire du BO.,Putsch de la Brasserie,8-9 novembre 1923,Ajout V13 pour densifier le corpus scolaire tout en conservant la distinction programme officiel / culture historique utile.,"V13 school enrichment > 3e > Thème 1 — L'Europe, un théâtre majeur des guerres totales (1914-1945)",,,LNK13-0123,LNK14-0616
LNK13-0124,,,EVT-0491,2026-2027,3e,Tronc commun,THM-016,"Thème 1 — L'Europe, un théâtre majeur des guerres totales (1914-1945)",Enrichissement complémentaire V13,COMPLEMENT_SCHOOL_CORPUS,COMPLEMENT_SCHOOL_CORPUS,EXACT,Repère complémentaire utile au chapitre ; non présenté comme repère officiel obligatoire du BO.,Accords de Londres mettant en œuvre le plan Dawes,16 août 1924,Ajout V13 pour densifier le corpus scolaire tout en conservant la distinction programme officiel / culture historique utile.,"V13 school enrichment > 3e > Thème 1 — L'Europe, un théâtre majeur des guerres totales (1914-1945)",,,LNK13-0124,LNK14-0617
LNK13-0125,,,EVT-0492,2026-2027,3e,Tronc commun,THM-016,"Thème 1 — L'Europe, un théâtre majeur des guerres totales (1914-1945)",Enrichissement complémentaire V13,COMPLEMENT_SCHOOL_CORPUS,COMPLEMENT_SCHOOL_CORPUS,EXACT,Repère complémentaire utile au chapitre ; non présenté comme repère officiel obligatoire du BO.,Signature des traités de Locarno,1er décembre 1925,Ajout V13 pour densifier le corpus scolaire tout en conservant la distinction programme officiel / culture historique utile.,"V13 school enrichment > 3e > Thème 1 — L'Europe, un théâtre majeur des guerres totales (1914-1945)",,,LNK13-0125,LNK14-0618
LNK13-0126,,,EVT-0493,2026-2027,3e,Tronc commun,THM-016,"Thème 1 — L'Europe, un théâtre majeur des guerres totales (1914-1945)",Enrichissement complémentaire V13,COMPLEMENT_SCHOOL_CORPUS,COMPLEMENT_SCHOOL_CORPUS,EXACT,Repère complémentaire utile au chapitre ; non présenté comme repère officiel obligatoire du BO.,Pacte Briand-Kellogg,27 août 1928,Ajout V13 pour densifier le corpus scolaire tout en conservant la distinction programme officiel / culture historique utile.,"V13 school enrichment > 3e > Thème 1 — L'Europe, un théâtre majeur des guerres totales (1914-1945)",,,LNK13-0126,LNK14-0619
LNK13-0127,,,EVT-0494,2026-2027,Seconde générale et technologique,Tronc commun,THM-028,"Thème 1 — Fragilités des démocraties, totalitarismes et Seconde Guerre mondiale (1929-1945)",Enrichissement complémentaire V13,COMPLEMENT_SCHOOL_CORPUS,COMPLEMENT_SCHOOL_CORPUS,EXACT,Repère complémentaire utile au chapitre ; non présenté comme repère officiel obligatoire du BO.,Jeudi noir à Wall Street,24 octobre 1929,Ajout V13 pour densifier le corpus scolaire tout en conservant la distinction programme officiel / culture historique utile.,"V13 school enrichment > Seconde générale et technologique > Thème 1 — Fragilités des démocraties, totalitarismes et Seconde Guerre mondiale (1929-1945)",,,LNK13-0127,LNK14-0620
LNK13-0128,,,EVT-0495,2026-2027,Seconde générale et technologique,Tronc commun,THM-028,"Thème 1 — Fragilités des démocraties, totalitarismes et Seconde Guerre mondiale (1929-1945)",Enrichissement complémentaire V13,COMPLEMENT_SCHOOL_CORPUS,COMPLEMENT_SCHOOL_CORPUS,EXACT,Repère complémentaire utile au chapitre ; non présenté comme repère officiel obligatoire du BO.,Mardi noir à Wall Street,29 octobre 1929,Ajout V13 pour densifier le corpus scolaire tout en conservant la distinction programme officiel / culture historique utile.,"V13 school enrichment > Seconde générale et technologique > Thème 1 — Fragilités des démocraties, totalitarismes et Seconde Guerre mondiale (1929-1945)",,,LNK13-0128,LNK14-0621
LNK13-0129,,,EVT-0496,2026-2027,Seconde générale et technologique,Tronc commun,THM-028,"Thème 1 — Fragilités des démocraties, totalitarismes et Seconde Guerre mondiale (1929-1945)",Enrichissement complémentaire V13,COMPLEMENT_SCHOOL_CORPUS,COMPLEMENT_SCHOOL_CORPUS,EXACT,Repère complémentaire utile au chapitre ; non présenté comme repère officiel obligatoire du BO.,Marche du sel de Gandhi,12 mars-6 avril 1930,Ajout V13 pour densifier le corpus scolaire tout en conservant la distinction programme officiel / culture historique utile.,"V13 school enrichment > Seconde générale et technologique > Thème 1 — Fragilités des démocraties, totalitarismes et Seconde Guerre mondiale (1929-1945)",,,LNK13-0129,LNK14-0622
LNK13-0130,,,EVT-0497,2026-2027,Seconde générale et technologique,Tronc commun,THM-028,"Thème 1 — Fragilités des démocraties, totalitarismes et Seconde Guerre mondiale (1929-1945)",Enrichissement complémentaire V13,COMPLEMENT_SCHOOL_CORPUS,COMPLEMENT_SCHOOL_CORPUS,EXACT,Repère complémentaire utile au chapitre ; non présenté comme repère officiel obligatoire du BO.,Hitler devient chancelier,30 janvier 1933,Ajout V13 pour densifier le corpus scolaire tout en conservant la distinction programme officiel / culture historique utile.,"V13 school enrichment > Seconde générale et technologique > Thème 1 — Fragilités des démocraties, totalitarismes et Seconde Guerre mondiale (1929-1945)",,,LNK13-0130,LNK14-0623
LNK13-0131,,,EVT-0498,2026-2027,Seconde générale et technologique,Tronc commun,THM-028,"Thème 1 — Fragilités des démocraties, totalitarismes et Seconde Guerre mondiale (1929-1945)",Enrichissement complémentaire V13,COMPLEMENT_SCHOOL_CORPUS,COMPLEMENT_SCHOOL_CORPUS,EXACT,Repère complémentaire utile au chapitre ; non présenté comme repère officiel obligatoire du BO.,Incendie du Reichstag,27 février 1933,Ajout V13 pour densifier le corpus scolaire tout en conservant la distinction programme officiel / culture historique utile.,"V13 school enrichment > Seconde générale et technologique > Thème 1 — Fragilités des démocraties, totalitarismes et Seconde Guerre mondiale (1929-1945)",,,LNK13-0131,LNK14-0624
LNK13-0132,,,EVT-0499,2026-2027,Seconde générale et technologique,Tronc commun,THM-028,"Thème 1 — Fragilités des démocraties, totalitarismes et Seconde Guerre mondiale (1929-1945)",Enrichissement complémentaire V13,COMPLEMENT_SCHOOL_CORPUS,COMPLEMENT_SCHOOL_CORPUS,EXACT,Repère complémentaire utile au chapitre ; non présenté comme repère officiel obligatoire du BO.,Vote de la loi des pleins pouvoirs en Allemagne,23 mars 1933,Ajout V13 pour densifier le corpus scolaire tout en conservant la distinction programme officiel / culture historique utile.,"V13 school enrichment > Seconde générale et technologique > Thème 1 — Fragilités des démocraties, totalitarismes et Seconde Guerre mondiale (1929-1945)",,,LNK13-0132,LNK14-0625
LNK13-0133,,,EVT-0500,2026-2027,Seconde générale et technologique,Tronc commun,THM-028,"Thème 1 — Fragilités des démocraties, totalitarismes et Seconde Guerre mondiale (1929-1945)",Enrichissement complémentaire V13,COMPLEMENT_SCHOOL_CORPUS,COMPLEMENT_SCHOOL_CORPUS,EXACT,Repère complémentaire utile au chapitre ; non présenté comme repère officiel obligatoire du BO.,Nuit des Longs Couteaux,30 juin-2 juillet 1934,Ajout V13 pour densifier le corpus scolaire tout en conservant la distinction programme officiel / culture historique utile.,"V13 school enrichment > Seconde générale et technologique > Thème 1 — Fragilités des démocraties, totalitarismes et Seconde Guerre mondiale (1929-1945)",,,LNK13-0133,LNK14-0626
LNK13-0134,,,EVT-0501,2026-2027,Seconde générale et technologique,Tronc commun,THM-028,"Thème 1 — Fragilités des démocraties, totalitarismes et Seconde Guerre mondiale (1929-1945)",Enrichissement complémentaire V13,COMPLEMENT_SCHOOL_CORPUS,COMPLEMENT_SCHOOL_CORPUS,EXACT,Repère complémentaire utile au chapitre ; non présenté comme repère officiel obligatoire du BO.,Lois de Nuremberg,15 septembre 1935,Ajout V13 pour densifier le corpus scolaire tout en conservant la distinction programme officiel / culture historique utile.,"V13 school enrichment > Seconde générale et technologique > Thème 1 — Fragilités des démocraties, totalitarismes et Seconde Guerre mondiale (1929-1945)",,,LNK13-0134,LNK14-0627
LNK13-0135,,,EVT-0502,2026-2027,Seconde générale et technologique,Tronc commun,THM-028,"Thème 1 — Fragilités des démocraties, totalitarismes et Seconde Guerre mondiale (1929-1945)",Enrichissement complémentaire V13,COMPLEMENT_SCHOOL_CORPUS,COMPLEMENT_SCHOOL_CORPUS,EXACT,Repère complémentaire utile au chapitre ; non présenté comme repère officiel obligatoire du BO.,Guerre civile espagnole,17 juillet 1936-1er avril 1939,Ajout V13 pour densifier le corpus scolaire tout en conservant la distinction programme officiel / culture historique utile.,"V13 school enrichment > Seconde générale et technologique > Thème 1 — Fragilités des démocraties, totalitarismes et Seconde Guerre mondiale (1929-1945)",,,LNK13-0135,LNK14-0628
LNK13-0136,,,EVT-0503,2026-2027,Seconde générale et technologique,Tronc commun,THM-028,"Thème 1 — Fragilités des démocraties, totalitarismes et Seconde Guerre mondiale (1929-1945)",Enrichissement complémentaire V13,COMPLEMENT_SCHOOL_CORPUS,COMPLEMENT_SCHOOL_CORPUS,EXACT,Repère complémentaire utile au chapitre ; non présenté comme repère officiel obligatoire du BO.,Bombardement de Guernica,26 avril 1937,Ajout V13 pour densifier le corpus scolaire tout en conservant la distinction programme officiel / culture historique utile.,"V13 school enrichment > Seconde générale et technologique > Thème 1 — Fragilités des démocraties, totalitarismes et Seconde Guerre mondiale (1929-1945)",,,LNK13-0136,LNK14-0629
LNK13-0137,,,EVT-0504,2026-2027,Seconde générale et technologique,Tronc commun,THM-028,"Thème 1 — Fragilités des démocraties, totalitarismes et Seconde Guerre mondiale (1929-1945)",Enrichissement complémentaire V13,COMPLEMENT_SCHOOL_CORPUS,COMPLEMENT_SCHOOL_CORPUS,EXACT,Repère complémentaire utile au chapitre ; non présenté comme repère officiel obligatoire du BO.,Accords de Munich,30 septembre 1938,Ajout V13 pour densifier le corpus scolaire tout en conservant la distinction programme officiel / culture historique utile.,"V13 school enrichment > Seconde générale et technologique > Thème 1 — Fragilités des démocraties, totalitarismes et Seconde Guerre mondiale (1929-1945)",,,LNK13-0137,LNK14-0630
LNK13-0138,,,EVT-0505,2026-2027,3e,Tronc commun,THM-016,"Thème 1 — L'Europe, un théâtre majeur des guerres totales (1914-1945)",Enrichissement complémentaire V13,COMPLEMENT_SCHOOL_CORPUS,COMPLEMENT_SCHOOL_CORPUS,EXACT,Repère complémentaire utile au chapitre ; non présenté comme repère officiel obligatoire du BO.,Pacte germano-soviétique,23 août 1939,Ajout V13 pour densifier le corpus scolaire tout en conservant la distinction programme officiel / culture historique utile.,"V13 school enrichment > 3e > Thème 1 — L'Europe, un théâtre majeur des guerres totales (1914-1945)",,,LNK13-0138,LNK14-0631
LNK13-0139,,,EVT-0506,2026-2027,3e,Tronc commun,THM-016,"Thème 1 — L'Europe, un théâtre majeur des guerres totales (1914-1945)",Enrichissement complémentaire V13,COMPLEMENT_SCHOOL_CORPUS,COMPLEMENT_SCHOOL_CORPUS,EXACT,Repère complémentaire utile au chapitre ; non présenté comme repère officiel obligatoire du BO.,Offensive allemande à l’Ouest,10 mai 1940,Ajout V13 pour densifier le corpus scolaire tout en conservant la distinction programme officiel / culture historique utile.,"V13 school enrichment > 3e > Thème 1 — L'Europe, un théâtre majeur des guerres totales (1914-1945)",,,LNK13-0139,LNK14-0632
LNK13-0140,,,EVT-0507,2026-2027,3e,Tronc commun,THM-016,"Thème 1 — L'Europe, un théâtre majeur des guerres totales (1914-1945)",Enrichissement complémentaire V13,COMPLEMENT_SCHOOL_CORPUS,COMPLEMENT_SCHOOL_CORPUS,EXACT,Repère complémentaire utile au chapitre ; non présenté comme repère officiel obligatoire du BO.,Évacuation de Dunkerque,26 mai-4 juin 1940,Ajout V13 pour densifier le corpus scolaire tout en conservant la distinction programme officiel / culture historique utile.,"V13 school enrichment > 3e > Thème 1 — L'Europe, un théâtre majeur des guerres totales (1914-1945)",,,LNK13-0140,LNK14-0633
LNK13-0141,,,EVT-0508,2026-2027,3e,Tronc commun,THM-016,"Thème 1 — L'Europe, un théâtre majeur des guerres totales (1914-1945)",Enrichissement complémentaire V13,COMPLEMENT_SCHOOL_CORPUS,COMPLEMENT_SCHOOL_CORPUS,EXACT,Repère complémentaire utile au chapitre ; non présenté comme repère officiel obligatoire du BO.,Entrée des troupes allemandes dans Paris,14 juin 1940,Ajout V13 pour densifier le corpus scolaire tout en conservant la distinction programme officiel / culture historique utile.,"V13 school enrichment > 3e > Thème 1 — L'Europe, un théâtre majeur des guerres totales (1914-1945)",,,LNK13-0141,LNK14-0634
LNK13-0142,,,EVT-0509,2026-2027,3e,Tronc commun,THM-016,"Thème 1 — L'Europe, un théâtre majeur des guerres totales (1914-1945)",Enrichissement complémentaire V13,COMPLEMENT_SCHOOL_CORPUS,COMPLEMENT_SCHOOL_CORPUS,EXACT,Repère complémentaire utile au chapitre ; non présenté comme repère officiel obligatoire du BO.,Bataille d’Angleterre,10 juillet-31 octobre 1940,Ajout V13 pour densifier le corpus scolaire tout en conservant la distinction programme officiel / culture historique utile.,"V13 school enrichment > 3e > Thème 1 — L'Europe, un théâtre majeur des guerres totales (1914-1945)",,,LNK13-0142,LNK14-0635
LNK13-0143,,,EVT-0510,2026-2027,3e,Tronc commun,THM-016,"Thème 1 — L'Europe, un théâtre majeur des guerres totales (1914-1945)",Enrichissement complémentaire V13,COMPLEMENT_SCHOOL_CORPUS,COMPLEMENT_SCHOOL_CORPUS,EXACT,Repère complémentaire utile au chapitre ; non présenté comme repère officiel obligatoire du BO.,Attaque de Pearl Harbor,7 décembre 1941,Ajout V13 pour densifier le corpus scolaire tout en conservant la distinction programme officiel / culture historique utile.,"V13 school enrichment > 3e > Thème 1 — L'Europe, un théâtre majeur des guerres totales (1914-1945)",,,LNK13-0143,LNK14-0636
LNK13-0144,,,EVT-0511,2026-2027,3e,Tronc commun,THM-016,"Thème 1 — L'Europe, un théâtre majeur des guerres totales (1914-1945)",Enrichissement complémentaire V13,COMPLEMENT_SCHOOL_CORPUS,COMPLEMENT_SCHOOL_CORPUS,EXACT,Repère complémentaire utile au chapitre ; non présenté comme repère officiel obligatoire du BO.,Conférence de Wannsee,20 janvier 1942,Ajout V13 pour densifier le corpus scolaire tout en conservant la distinction programme officiel / culture historique utile.,"V13 school enrichment > 3e > Thème 1 — L'Europe, un théâtre majeur des guerres totales (1914-1945)",,,LNK13-0144,LNK14-0637
LNK13-0145,,,EVT-0512,2026-2027,3e,Tronc commun,THM-016,"Thème 1 — L'Europe, un théâtre majeur des guerres totales (1914-1945)",Enrichissement complémentaire V13,COMPLEMENT_SCHOOL_CORPUS,COMPLEMENT_SCHOOL_CORPUS,EXACT,Repère complémentaire utile au chapitre ; non présenté comme repère officiel obligatoire du BO.,Bataille de Midway,4-7 juin 1942,Ajout V13 pour densifier le corpus scolaire tout en conservant la distinction programme officiel / culture historique utile.,"V13 school enrichment > 3e > Thème 1 — L'Europe, un théâtre majeur des guerres totales (1914-1945)",,,LNK13-0145,LNK14-0638
LNK13-0146,,,EVT-0513,2026-2027,3e,Tronc commun,THM-016,"Thème 1 — L'Europe, un théâtre majeur des guerres totales (1914-1945)",Enrichissement complémentaire V13,COMPLEMENT_SCHOOL_CORPUS,COMPLEMENT_SCHOOL_CORPUS,EXACT,Repère complémentaire utile au chapitre ; non présenté comme repère officiel obligatoire du BO.,Bataille de Stalingrad,23 août 1942-2 février 1943,Ajout V13 pour densifier le corpus scolaire tout en conservant la distinction programme officiel / culture historique utile.,"V13 school enrichment > 3e > Thème 1 — L'Europe, un théâtre majeur des guerres totales (1914-1945)",,,LNK13-0146,LNK14-0639
LNK13-0147,,,EVT-0514,2026-2027,3e,Tronc commun,THM-016,"Thème 1 — L'Europe, un théâtre majeur des guerres totales (1914-1945)",Enrichissement complémentaire V13,COMPLEMENT_SCHOOL_CORPUS,COMPLEMENT_SCHOOL_CORPUS,EXACT,Repère complémentaire utile au chapitre ; non présenté comme repère officiel obligatoire du BO.,Seconde bataille d’El-Alamein,23 octobre-11 novembre 1942,Ajout V13 pour densifier le corpus scolaire tout en conservant la distinction programme officiel / culture historique utile.,"V13 school enrichment > 3e > Thème 1 — L'Europe, un théâtre majeur des guerres totales (1914-1945)",,,LNK13-0147,LNK14-0640
LNK13-0148,,,EVT-0515,2026-2027,3e,Tronc commun,THM-016,"Thème 1 — L'Europe, un théâtre majeur des guerres totales (1914-1945)",Enrichissement complémentaire V13,COMPLEMENT_SCHOOL_CORPUS,COMPLEMENT_SCHOOL_CORPUS,EXACT,Repère complémentaire utile au chapitre ; non présenté comme repère officiel obligatoire du BO.,Débarquement allié en Sicile,10 juillet 1943,Ajout V13 pour densifier le corpus scolaire tout en conservant la distinction programme officiel / culture historique utile.,"V13 school enrichment > 3e > Thème 1 — L'Europe, un théâtre majeur des guerres totales (1914-1945)",,,LNK13-0148,LNK14-0641
LNK13-0149,,,EVT-0516,2026-2027,3e,Tronc commun,THM-016,"Thème 1 — L'Europe, un théâtre majeur des guerres totales (1914-1945)",Enrichissement complémentaire V13,COMPLEMENT_SCHOOL_CORPUS,COMPLEMENT_SCHOOL_CORPUS,EXACT,Repère complémentaire utile au chapitre ; non présenté comme repère officiel obligatoire du BO.,Annonce de l’armistice italien,8 septembre 1943,Ajout V13 pour densifier le corpus scolaire tout en conservant la distinction programme officiel / culture historique utile.,"V13 school enrichment > 3e > Thème 1 — L'Europe, un théâtre majeur des guerres totales (1914-1945)",,,LNK13-0149,LNK14-0642
LNK13-0150,,,EVT-0517,2026-2027,3e,Tronc commun,THM-016,"Thème 1 — L'Europe, un théâtre majeur des guerres totales (1914-1945)",Enrichissement complémentaire V13,COMPLEMENT_SCHOOL_CORPUS,COMPLEMENT_SCHOOL_CORPUS,EXACT,Repère complémentaire utile au chapitre ; non présenté comme repère officiel obligatoire du BO.,Conférence de Téhéran,28 novembre-1er décembre 1943,Ajout V13 pour densifier le corpus scolaire tout en conservant la distinction programme officiel / culture historique utile.,"V13 school enrichment > 3e > Thème 1 — L'Europe, un théâtre majeur des guerres totales (1914-1945)",,,LNK13-0150,LNK14-0643
LNK13-0151,,,EVT-0518,2026-2027,3e,Tronc commun,THM-016,"Thème 1 — L'Europe, un théâtre majeur des guerres totales (1914-1945)",Enrichissement complémentaire V13,COMPLEMENT_SCHOOL_CORPUS,COMPLEMENT_SCHOOL_CORPUS,EXACT,Repère complémentaire utile au chapitre ; non présenté comme repère officiel obligatoire du BO.,Libération du camp d’Auschwitz-Birkenau,27 janvier 1945,Ajout V13 pour densifier le corpus scolaire tout en conservant la distinction programme officiel / culture historique utile.,"V13 school enrichment > 3e > Thème 1 — L'Europe, un théâtre majeur des guerres totales (1914-1945)",,,LNK13-0151,LNK14-0644
LNK13-0152,,,EVT-0519,2026-2027,3e,Tronc commun,THM-016,"Thème 1 — L'Europe, un théâtre majeur des guerres totales (1914-1945)",Enrichissement complémentaire V13,COMPLEMENT_SCHOOL_CORPUS,COMPLEMENT_SCHOOL_CORPUS,EXACT,Repère complémentaire utile au chapitre ; non présenté comme repère officiel obligatoire du BO.,Conférence de Yalta,4-11 février 1945,Ajout V13 pour densifier le corpus scolaire tout en conservant la distinction programme officiel / culture historique utile.,"V13 school enrichment > 3e > Thème 1 — L'Europe, un théâtre majeur des guerres totales (1914-1945)",,,LNK13-0152,LNK14-0645
LNK13-0153,,,EVT-0520,2026-2027,3e,Tronc commun,THM-016,"Thème 1 — L'Europe, un théâtre majeur des guerres totales (1914-1945)",Enrichissement complémentaire V13,COMPLEMENT_SCHOOL_CORPUS,COMPLEMENT_SCHOOL_CORPUS,EXACT,Repère complémentaire utile au chapitre ; non présenté comme repère officiel obligatoire du BO.,Bombardement atomique d’Hiroshima,6 août 1945,Ajout V13 pour densifier le corpus scolaire tout en conservant la distinction programme officiel / culture historique utile.,"V13 school enrichment > 3e > Thème 1 — L'Europe, un théâtre majeur des guerres totales (1914-1945)",,,LNK13-0153,LNK14-0646
LNK13-0154,,,EVT-0521,2026-2027,3e,Tronc commun,THM-016,"Thème 1 — L'Europe, un théâtre majeur des guerres totales (1914-1945)",Enrichissement complémentaire V13,COMPLEMENT_SCHOOL_CORPUS,COMPLEMENT_SCHOOL_CORPUS,EXACT,Repère complémentaire utile au chapitre ; non présenté comme repère officiel obligatoire du BO.,Bombardement atomique de Nagasaki,9 août 1945,Ajout V13 pour densifier le corpus scolaire tout en conservant la distinction programme officiel / culture historique utile.,"V13 school enrichment > 3e > Thème 1 — L'Europe, un théâtre majeur des guerres totales (1914-1945)",,,LNK13-0154,LNK14-0647
LNK13-0155,,,EVT-0522,2026-2027,3e,Tronc commun,THM-017,Thème 2 — Le monde depuis 1945,Enrichissement complémentaire V13,COMPLEMENT_SCHOOL_CORPUS,COMPLEMENT_SCHOOL_CORPUS,EXACT,Repère complémentaire utile au chapitre ; non présenté comme repère officiel obligatoire du BO.,Indépendance de l’Inde,15 août 1947,Ajout V13 pour densifier le corpus scolaire tout en conservant la distinction programme officiel / culture historique utile.,V13 school enrichment > 3e > Thème 2 — Le monde depuis 1945,,,LNK13-0155,LNK14-0648
LNK13-0156,,,EVT-0523,2026-2027,3e,Tronc commun,THM-017,Thème 2 — Le monde depuis 1945,Enrichissement complémentaire V13,COMPLEMENT_SCHOOL_CORPUS,COMPLEMENT_SCHOOL_CORPUS,EXACT,Repère complémentaire utile au chapitre ; non présenté comme repère officiel obligatoire du BO.,Discours de Harvard lançant le plan Marshall,5 juin 1947,Ajout V13 pour densifier le corpus scolaire tout en conservant la distinction programme officiel / culture historique utile.,V13 school enrichment > 3e > Thème 2 — Le monde depuis 1945,,,LNK13-0156,LNK14-0649
LNK13-0157,,,EVT-0524,2026-2027,3e,Tronc commun,THM-017,Thème 2 — Le monde depuis 1945,Enrichissement complémentaire V13,COMPLEMENT_SCHOOL_CORPUS,COMPLEMENT_SCHOOL_CORPUS,EXACT,Repère complémentaire utile au chapitre ; non présenté comme repère officiel obligatoire du BO.,Signature du traité de l’Atlantique Nord,4 avril 1949,Ajout V13 pour densifier le corpus scolaire tout en conservant la distinction programme officiel / culture historique utile.,V13 school enrichment > 3e > Thème 2 — Le monde depuis 1945,,,LNK13-0157,LNK14-0650
LNK13-0158,,,EVT-0525,2026-2027,3e,Tronc commun,THM-017,Thème 2 — Le monde depuis 1945,Enrichissement complémentaire V13,COMPLEMENT_SCHOOL_CORPUS,COMPLEMENT_SCHOOL_CORPUS,EXACT,Repère complémentaire utile au chapitre ; non présenté comme repère officiel obligatoire du BO.,Proclamation de la République populaire de Chine,1er octobre 1949,Ajout V13 pour densifier le corpus scolaire tout en conservant la distinction programme officiel / culture historique utile.,V13 school enrichment > 3e > Thème 2 — Le monde depuis 1945,,,LNK13-0158,LNK14-0651
LNK13-0159,,,EVT-0526,2026-2027,3e,Tronc commun,THM-017,Thème 2 — Le monde depuis 1945,Enrichissement complémentaire V13,COMPLEMENT_SCHOOL_CORPUS,COMPLEMENT_SCHOOL_CORPUS,EXACT,Repère complémentaire utile au chapitre ; non présenté comme repère officiel obligatoire du BO.,Conférence de Bandung,18-24 avril 1955,Ajout V13 pour densifier le corpus scolaire tout en conservant la distinction programme officiel / culture historique utile.,V13 school enrichment > 3e > Thème 2 — Le monde depuis 1945,,,LNK13-0159,LNK14-0652
LNK13-0160,,,EVT-0527,2026-2027,3e,Tronc commun,THM-017,Thème 2 — Le monde depuis 1945,Enrichissement complémentaire V13,COMPLEMENT_SCHOOL_CORPUS,COMPLEMENT_SCHOOL_CORPUS,EXACT,Repère complémentaire utile au chapitre ; non présenté comme repère officiel obligatoire du BO.,Création du pacte de Varsovie,14 mai 1955,Ajout V13 pour densifier le corpus scolaire tout en conservant la distinction programme officiel / culture historique utile.,V13 school enrichment > 3e > Thème 2 — Le monde depuis 1945,,,LNK13-0160,LNK14-0653
LNK13-0161,,,EVT-0528,2026-2027,3e,Tronc commun,THM-017,Thème 2 — Le monde depuis 1945,Enrichissement complémentaire V13,COMPLEMENT_SCHOOL_CORPUS,COMPLEMENT_SCHOOL_CORPUS,EXACT,Repère complémentaire utile au chapitre ; non présenté comme repère officiel obligatoire du BO.,Crise du canal de Suez,29 octobre-7 novembre 1956,Ajout V13 pour densifier le corpus scolaire tout en conservant la distinction programme officiel / culture historique utile.,V13 school enrichment > 3e > Thème 2 — Le monde depuis 1945,,,LNK13-0161,LNK14-0654
LNK13-0162,,,EVT-0529,2026-2027,3e,Tronc commun,THM-017,Thème 2 — Le monde depuis 1945,Enrichissement complémentaire V13,COMPLEMENT_SCHOOL_CORPUS,COMPLEMENT_SCHOOL_CORPUS,EXACT,Repère complémentaire utile au chapitre ; non présenté comme repère officiel obligatoire du BO.,Victoire de la révolution cubaine,1er janvier 1959,Ajout V13 pour densifier le corpus scolaire tout en conservant la distinction programme officiel / culture historique utile.,V13 school enrichment > 3e > Thème 2 — Le monde depuis 1945,,,LNK13-0162,LNK14-0655
LNK13-0163,,,EVT-0530,2026-2027,3e,Tronc commun,THM-017,Thème 2 — Le monde depuis 1945,Enrichissement complémentaire V13,COMPLEMENT_SCHOOL_CORPUS,COMPLEMENT_SCHOOL_CORPUS,EXACT,Repère complémentaire utile au chapitre ; non présenté comme repère officiel obligatoire du BO.,Début de la guerre d’Algérie,1er novembre 1954,Ajout V13 pour densifier le corpus scolaire tout en conservant la distinction programme officiel / culture historique utile.,V13 school enrichment > 3e > Thème 2 — Le monde depuis 1945,,,LNK13-0163,LNK14-0656
LNK13-0164,,,EVT-0531,2026-2027,3e,Tronc commun,THM-018,Thème 3 — Françaises et Français dans une République repensée,Enrichissement complémentaire V13,COMPLEMENT_SCHOOL_CORPUS,COMPLEMENT_SCHOOL_CORPUS,EXACT,Repère complémentaire utile au chapitre ; non présenté comme repère officiel obligatoire du BO.,Élection de Charles de Gaulle à la présidence de la République,21 décembre 1958,Ajout V13 pour densifier le corpus scolaire tout en conservant la distinction programme officiel / culture historique utile.,V13 school enrichment > 3e > Thème 3 — Françaises et Français dans une République repensée,,,LNK13-0164,LNK14-0657
LNK13-0165,,,EVT-0532,2026-2027,3e,Tronc commun,THM-017,Thème 2 — Le monde depuis 1945,Enrichissement complémentaire V13,COMPLEMENT_SCHOOL_CORPUS,COMPLEMENT_SCHOOL_CORPUS,EXACT,Repère complémentaire utile au chapitre ; non présenté comme repère officiel obligatoire du BO.,Débarquement de la baie des Cochons,17-20 avril 1961,Ajout V13 pour densifier le corpus scolaire tout en conservant la distinction programme officiel / culture historique utile.,V13 school enrichment > 3e > Thème 2 — Le monde depuis 1945,,,LNK13-0165,LNK14-0658
LNK13-0166,,,EVT-0533,2026-2027,3e,Tronc commun,THM-017,Thème 2 — Le monde depuis 1945,Enrichissement complémentaire V13,COMPLEMENT_SCHOOL_CORPUS,COMPLEMENT_SCHOOL_CORPUS,EXACT,Repère complémentaire utile au chapitre ; non présenté comme repère officiel obligatoire du BO.,Crise des missiles de Cuba,16-28 octobre 1962,Ajout V13 pour densifier le corpus scolaire tout en conservant la distinction programme officiel / culture historique utile.,V13 school enrichment > 3e > Thème 2 — Le monde depuis 1945,,,LNK13-0166,LNK14-0659
LNK13-0167,,,EVT-0534,2026-2027,3e,Tronc commun,THM-017,Thème 2 — Le monde depuis 1945,Enrichissement complémentaire V13,COMPLEMENT_SCHOOL_CORPUS,COMPLEMENT_SCHOOL_CORPUS,EXACT,Repère complémentaire utile au chapitre ; non présenté comme repère officiel obligatoire du BO.,Assassinat de John F. Kennedy,22 novembre 1963,Ajout V13 pour densifier le corpus scolaire tout en conservant la distinction programme officiel / culture historique utile.,V13 school enrichment > 3e > Thème 2 — Le monde depuis 1945,,,LNK13-0167,LNK14-0660
LNK13-0168,,,EVT-0535,2026-2027,3e,Tronc commun,THM-017,Thème 2 — Le monde depuis 1945,Enrichissement complémentaire V13,COMPLEMENT_SCHOOL_CORPUS,COMPLEMENT_SCHOOL_CORPUS,EXACT,Repère complémentaire utile au chapitre ; non présenté comme repère officiel obligatoire du BO.,Incident du golfe du Tonkin,2 août 1964 ; second incident allégué le 4 août,Ajout V13 pour densifier le corpus scolaire tout en conservant la distinction programme officiel / culture historique utile.,V13 school enrichment > 3e > Thème 2 — Le monde depuis 1945,,,LNK13-0168,LNK14-0661
LNK13-0169,,,EVT-0536,2026-2027,3e,Tronc commun,THM-017,Thème 2 — Le monde depuis 1945,Enrichissement complémentaire V13,COMPLEMENT_SCHOOL_CORPUS,COMPLEMENT_SCHOOL_CORPUS,CONVENTIONAL,Repère complémentaire utile au chapitre ; non présenté comme repère officiel obligatoire du BO.,Printemps de Prague,5 janvier-21 août 1968,Ajout V13 pour densifier le corpus scolaire tout en conservant la distinction programme officiel / culture historique utile.,V13 school enrichment > 3e > Thème 2 — Le monde depuis 1945,,,LNK13-0169,LNK14-0662
LNK13-0170,,,EVT-0537,2026-2027,3e,Tronc commun,THM-018,Thème 3 — Françaises et Français dans une République repensée,Enrichissement complémentaire V13,COMPLEMENT_SCHOOL_CORPUS,COMPLEMENT_SCHOOL_CORPUS,CONVENTIONAL,Repère complémentaire utile au chapitre ; non présenté comme repère officiel obligatoire du BO.,Mai 68 en France,2 mai-23 juin 1968,Ajout V13 pour densifier le corpus scolaire tout en conservant la distinction programme officiel / culture historique utile.,V13 school enrichment > 3e > Thème 3 — Françaises et Français dans une République repensée,,,LNK13-0170,LNK14-0663
LNK13-0171,,,EVT-0538,2026-2027,3e,Tronc commun,THM-017,Thème 2 — Le monde depuis 1945,Enrichissement complémentaire V13,COMPLEMENT_SCHOOL_CORPUS,COMPLEMENT_SCHOOL_CORPUS,EXACT,Repère complémentaire utile au chapitre ; non présenté comme repère officiel obligatoire du BO.,Ouverture à la signature du Traité sur la non-prolifération des armes nucléaires,1er juillet 1968,Ajout V13 pour densifier le corpus scolaire tout en conservant la distinction programme officiel / culture historique utile.,V13 school enrichment > 3e > Thème 2 — Le monde depuis 1945,,,LNK13-0171,LNK14-0664
LNK13-0172,,,EVT-0539,2026-2027,3e,Tronc commun,THM-018,Thème 3 — Françaises et Français dans une République repensée,Enrichissement complémentaire V13,COMPLEMENT_SCHOOL_CORPUS,COMPLEMENT_SCHOOL_CORPUS,EXACT,Repère complémentaire utile au chapitre ; non présenté comme repère officiel obligatoire du BO.,Démission de Charles de Gaulle,28 avril 1969,Ajout V13 pour densifier le corpus scolaire tout en conservant la distinction programme officiel / culture historique utile.,V13 school enrichment > 3e > Thème 3 — Françaises et Français dans une République repensée,,,LNK13-0172,LNK14-0665
LNK13-0173,,,EVT-0540,2026-2027,3e,Tronc commun,THM-017,Thème 2 — Le monde depuis 1945,Enrichissement complémentaire V13,COMPLEMENT_SCHOOL_CORPUS,COMPLEMENT_SCHOOL_CORPUS,EXACT,Repère complémentaire utile au chapitre ; non présenté comme repère officiel obligatoire du BO.,Signature de l’Acte final d’Helsinki,1er août 1975,Ajout V13 pour densifier le corpus scolaire tout en conservant la distinction programme officiel / culture historique utile.,V13 school enrichment > 3e > Thème 2 — Le monde depuis 1945,,,LNK13-0173,LNK14-0666
LNK13-0174,,,EVT-0541,2026-2027,3e,Tronc commun,THM-017,Thème 2 — Le monde depuis 1945,Enrichissement complémentaire V13,COMPLEMENT_SCHOOL_CORPUS,COMPLEMENT_SCHOOL_CORPUS,EXACT,Repère complémentaire utile au chapitre ; non présenté comme repère officiel obligatoire du BO.,Troisième plénum du XIe Comité central chinois et lancement des réformes de Deng Xiaoping,18-22 décembre 1978,Ajout V13 pour densifier le corpus scolaire tout en conservant la distinction programme officiel / culture historique utile.,V13 school enrichment > 3e > Thème 2 — Le monde depuis 1945,,,LNK13-0174,LNK14-0667
LNK13-0175,,,EVT-0542,2026-2027,3e,Tronc commun,THM-017,Thème 2 — Le monde depuis 1945,Enrichissement complémentaire V13,COMPLEMENT_SCHOOL_CORPUS,COMPLEMENT_SCHOOL_CORPUS,EXACT,Repère complémentaire utile au chapitre ; non présenté comme repère officiel obligatoire du BO.,Victoire de la révolution iranienne,11 février 1979,Ajout V13 pour densifier le corpus scolaire tout en conservant la distinction programme officiel / culture historique utile.,V13 school enrichment > 3e > Thème 2 — Le monde depuis 1945,,,LNK13-0175,LNK14-0668
LNK13-0176,,,EVT-0543,2026-2027,3e,Tronc commun,THM-017,Thème 2 — Le monde depuis 1945,Enrichissement complémentaire V13,COMPLEMENT_SCHOOL_CORPUS,COMPLEMENT_SCHOOL_CORPUS,EXACT,Repère complémentaire utile au chapitre ; non présenté comme repère officiel obligatoire du BO.,Invasion soviétique de l’Afghanistan,24 décembre 1979,Ajout V13 pour densifier le corpus scolaire tout en conservant la distinction programme officiel / culture historique utile.,V13 school enrichment > 3e > Thème 2 — Le monde depuis 1945,,,LNK13-0176,LNK14-0669
LNK13-0177,,,EVT-0544,2026-2027,3e,Tronc commun,THM-017,Thème 2 — Le monde depuis 1945,Enrichissement complémentaire V13,COMPLEMENT_SCHOOL_CORPUS,COMPLEMENT_SCHOOL_CORPUS,EXACT,Repère complémentaire utile au chapitre ; non présenté comme repère officiel obligatoire du BO.,Accords de Gdańsk et naissance de Solidarność,31 août 1980,Ajout V13 pour densifier le corpus scolaire tout en conservant la distinction programme officiel / culture historique utile.,V13 school enrichment > 3e > Thème 2 — Le monde depuis 1945,,,LNK13-0177,LNK14-0670
LNK13-0178,,,EVT-0545,2026-2027,3e,Tronc commun,THM-017,Thème 2 — Le monde depuis 1945,Enrichissement complémentaire V13,COMPLEMENT_SCHOOL_CORPUS,COMPLEMENT_SCHOOL_CORPUS,EXACT,Repère complémentaire utile au chapitre ; non présenté comme repère officiel obligatoire du BO.,Catastrophe nucléaire de Tchernobyl,26 avril 1986,Ajout V13 pour densifier le corpus scolaire tout en conservant la distinction programme officiel / culture historique utile.,V13 school enrichment > 3e > Thème 2 — Le monde depuis 1945,,,LNK13-0178,LNK14-0671
LNK13-0179,,,EVT-0546,2026-2027,3e,Tronc commun,THM-017,Thème 2 — Le monde depuis 1945,Enrichissement complémentaire V13,COMPLEMENT_SCHOOL_CORPUS,COMPLEMENT_SCHOOL_CORPUS,EXACT,Repère complémentaire utile au chapitre ; non présenté comme repère officiel obligatoire du BO.,Répression de la place Tian’anmen,4 juin 1989,Ajout V13 pour densifier le corpus scolaire tout en conservant la distinction programme officiel / culture historique utile.,V13 school enrichment > 3e > Thème 2 — Le monde depuis 1945,,,LNK13-0179,LNK14-0672
LNK13-0180,,,EVT-0547,2026-2027,3e,Tronc commun,THM-017,Thème 2 — Le monde depuis 1945,Enrichissement complémentaire V13,COMPLEMENT_SCHOOL_CORPUS,COMPLEMENT_SCHOOL_CORPUS,EXACT,Repère complémentaire utile au chapitre ; non présenté comme repère officiel obligatoire du BO.,Réunification allemande,3 octobre 1990,Ajout V13 pour densifier le corpus scolaire tout en conservant la distinction programme officiel / culture historique utile.,V13 school enrichment > 3e > Thème 2 — Le monde depuis 1945,,,LNK13-0180,LNK14-0673
,,V14-SPLIT-SLAVERY-ACT,EVT-0548,2026-2027,4e,Programme 4e,THM-014,L’Europe et le monde au XIXe siècle,Industrialisation / sociétés / abolition,COMPLEMENT_SCHOOL_CORPUS,COMPLEMENT_SCHOOL_CORPUS,EXACT,Complément pédagogique : distinguer adoption/sanction et entrée en vigueur d’un acte juridique.,Entrée en vigueur principale du Slavery Abolition Act 1833,1er août 1834,Added V14 during legal-milestone quality split.,V14 quality audit,,,,LNK14-0674
