collection_id,collection_slug,collection_title,position,event_id,title_canonical,date_text,importance,difficulty,playable_mode,selection_score,membership_confidence,corpus
COL-0059,50-incontournables,50 dates incontournables,1,EVT-0386,Assassinat de Jules César,15 mars 44 av. J.-C.,3,3,DAY,,CURATED_NIVEAU,SCHOOL
COL-0059,50-incontournables,50 dates incontournables,2,EVT-0044,Couronnement impérial de Charlemagne à Rome,25 décembre 800,5,2,DAY,,CURATED_NIVEAU,SCHOOL
COL-0059,50-incontournables,50 dates incontournables,3,EVT-0398,Bataille d’Hastings,14 octobre 1066,4,3,DAY,,CURATED_NIVEAU,SCHOOL
COL-0059,50-incontournables,50 dates incontournables,4,EVT-0413,Exécution de Jeanne d’Arc,30 mai 1431,3,3,DAY,,CURATED_NIVEAU,SCHOOL
COL-0059,50-incontournables,50 dates incontournables,5,EVT-0062,Prise de Constantinople par les Ottomans,29 mai 1453,5,2,DAY,,CURATED_NIVEAU,SCHOOL
COL-0059,50-incontournables,50 dates incontournables,6,EVT-0063,Débarquement de l'expédition de Colomb à Guanahaní,12 octobre 1492,5,1,DAY,,CURATED_NIVEAU,SCHOOL
COL-0059,50-incontournables,50 dates incontournables,7,EVT-0065,Édit de Nantes,13 avril 1598,5,1,DAY,,CURATED_NIVEAU,SCHOOL
COL-0059,50-incontournables,50 dates incontournables,8,EVT-0434,Déclaration d’indépendance des États-Unis,4 juillet 1776,5,2,DAY,,CURATED_NIVEAU,SCHOOL
COL-0059,50-incontournables,50 dates incontournables,9,EVT-0173,prise de la Bastille,14 juillet 1789,5,1,DAY,,CURATED_NIVEAU,SCHOOL
COL-0059,50-incontournables,50 dates incontournables,10,EVT-0175,Adoption de la Déclaration des droits de l’homme et du citoyen,26 août 1789,5,1,DAY,,CURATED_NIVEAU,SCHOOL
COL-0059,50-incontournables,50 dates incontournables,11,EVT-0179,exécution de Louis XVI,21 janvier 1793,4,3,DAY,,CURATED_NIVEAU,SCHOOL
COL-0059,50-incontournables,50 dates incontournables,12,EVT-0180,Promulgation du Code civil,21 mars 1804,5,2,DAY,,CURATED_NIVEAU,SCHOOL
COL-0059,50-incontournables,50 dates incontournables,13,EVT-0682,Proclamation de Napoléon Bonaparte comme empereur des Français,18 mai 1804,5,1,DAY,,CURATED_NIVEAU,GENERAL_CULTURE
COL-0059,50-incontournables,50 dates incontournables,14,EVT-0448,Bataille de Waterloo,18 juin 1815,5,1,DAY,,CURATED_NIVEAU,SCHOOL
COL-0059,50-incontournables,50 dates incontournables,15,EVT-0719,Inauguration de la statue de la Liberté,28 octobre 1886,5,1,DAY,,CURATED_NIVEAU,GENERAL_CULTURE
COL-0059,50-incontournables,50 dates incontournables,16,EVT-0477,Inauguration de la tour Eiffel,31 mars 1889,3,3,DAY,,CURATED_NIVEAU,SCHOOL
COL-0059,50-incontournables,50 dates incontournables,17,EVT-0723,Première projection publique payante des frères Lumière,28 décembre 1895,5,1,DAY,,CURATED_NIVEAU,GENERAL_CULTURE
COL-0059,50-incontournables,50 dates incontournables,18,EVT-0724,Ouverture des premiers Jeux olympiques modernes à Athènes,6 avril 1896,5,1,DAY,,CURATED_NIVEAU,GENERAL_CULTURE
COL-0059,50-incontournables,50 dates incontournables,19,EVT-0777,Premier vol motorisé contrôlé des frères Wright,17 décembre 1903,5,1,DAY,,CURATED_NIVEAU,GENERAL_CULTURE
COL-0059,50-incontournables,50 dates incontournables,20,EVT-0005,loi de séparation des Églises et de l’État,9 décembre 1905,4,2,DAY,,CURATED_NIVEAU,SCHOOL
COL-0059,50-incontournables,50 dates incontournables,21,EVT-0787,Naufrage du Titanic,15 avril 1912,5,1,DAY,,CURATED_NIVEAU,GENERAL_CULTURE
COL-0059,50-incontournables,50 dates incontournables,22,EVT-0478,Assassinat de François-Ferdinand à Sarajevo,28 juin 1914,5,2,DAY,,CURATED_NIVEAU,SCHOOL
COL-0059,50-incontournables,50 dates incontournables,23,EVT-0484,Prise du pouvoir par les bolcheviks lors de la révolution d’Octobre,7 novembre 1917,5,2,DAY,,CURATED_NIVEAU,SCHOOL
COL-0059,50-incontournables,50 dates incontournables,24,EVT-0091,Armistice de Rethondes,11 novembre 1918,5,1,DAY,,CURATED_NIVEAU,SCHOOL
COL-0059,50-incontournables,50 dates incontournables,25,EVT-0494,Jeudi noir à Wall Street,24 octobre 1929,3,3,DAY,,CURATED_NIVEAU,SCHOOL
COL-0059,50-incontournables,50 dates incontournables,26,EVT-0497,Hitler devient chancelier,30 janvier 1933,5,1,DAY,,CURATED_NIVEAU,SCHOOL
COL-0059,50-incontournables,50 dates incontournables,27,EVT-0097,Invasion de la Pologne par l'Allemagne,1er septembre 1939,5,2,DAY,,CURATED_NIVEAU,SCHOOL
COL-0059,50-incontournables,50 dates incontournables,28,EVT-0014,Appel du 18 juin du général de Gaulle,18 juin 1940,5,2,DAY,,CURATED_NIVEAU,SCHOOL
COL-0059,50-incontournables,50 dates incontournables,29,EVT-0510,Attaque de Pearl Harbor,7 décembre 1941,5,1,DAY,,CURATED_NIVEAU,SCHOOL
COL-0059,50-incontournables,50 dates incontournables,30,EVT-0017,Débarquement allié en Normandie,6 juin 1944,5,2,DAY,,CURATED_NIVEAU,SCHOOL
COL-0059,50-incontournables,50 dates incontournables,31,EVT-0100,Libération de Paris,25 août 1944,4,3,DAY,,CURATED_NIVEAU,SCHOOL
COL-0059,50-incontournables,50 dates incontournables,32,EVT-0101,Fin de la guerre en Europe / capitulation allemande effective,8 mai 1945,4,3,DAY,,CURATED_NIVEAU,SCHOOL
COL-0059,50-incontournables,50 dates incontournables,33,EVT-0520,Bombardement atomique d’Hiroshima,6 août 1945,5,1,DAY,,CURATED_NIVEAU,SCHOOL
COL-0059,50-incontournables,50 dates incontournables,34,EVT-0113,Construction / fermeture de la frontière par le mur de Berlin,13 août 1961,5,2,DAY,,CURATED_NIVEAU,SCHOOL
COL-0059,50-incontournables,50 dates incontournables,35,EVT-0534,Assassinat de John F. Kennedy,22 novembre 1963,3,3,DAY,,CURATED_NIVEAU,SCHOOL
COL-0059,50-incontournables,50 dates incontournables,36,EVT-0893,Premiers pas humains sur la Lune lors d’Apollo 11,20 juillet 1969,5,1,DAY,,CURATED_NIVEAU,GENERAL_CULTURE
COL-0059,50-incontournables,50 dates incontournables,37,EVT-0132,Loi Veil sur l'IVG,17 janvier 1975,4,3,DAY,,CURATED_NIVEAU,SCHOOL
COL-0059,50-incontournables,50 dates incontournables,38,EVT-0133,Abolition de la peine de mort,9 octobre 1981,4,3,DAY,,CURATED_NIVEAU,SCHOOL
COL-0059,50-incontournables,50 dates incontournables,39,EVT-0545,Catastrophe nucléaire de Tchernobyl,26 avril 1986,4,3,DAY,,CURATED_NIVEAU,SCHOOL
COL-0059,50-incontournables,50 dates incontournables,40,EVT-0114,Ouverture du mur de Berlin,9 novembre 1989,5,2,DAY,,CURATED_NIVEAU,SCHOOL
COL-0059,50-incontournables,50 dates incontournables,41,EVT-0115,Disparition de l'URSS,26 décembre 1991 — dissolution formelle de l’URSS,5,2,DAY,,CURATED_NIVEAU,SCHOOL
COL-0059,50-incontournables,50 dates incontournables,42,EVT-0941,Victoire de la France à la Coupe du monde de football,12 juillet 1998,5,1,DAY,,CURATED_NIVEAU,GENERAL_CULTURE
COL-0059,50-incontournables,50 dates incontournables,43,EVT-0980,Attentats du 11 septembre aux États-Unis,11 septembre 2001,5,1,DAY,,CURATED_NIVEAU,GENERAL_CULTURE
COL-0059,50-incontournables,50 dates incontournables,44,EVT-0982,Mise en circulation des billets et pièces en euro,1 janvier 2002,5,1,DAY,,CURATED_NIVEAU,GENERAL_CULTURE
COL-0059,50-incontournables,50 dates incontournables,45,EVT-0990,Présentation du premier iPhone par Steve Jobs,9 janvier 2007,5,1,DAY,,CURATED_NIVEAU,GENERAL_CULTURE
COL-0059,50-incontournables,50 dates incontournables,46,EVT-1008,Attentats de Paris du 13 novembre,13 novembre 2015,5,1,DAY,,CURATED_NIVEAU,GENERAL_CULTURE
COL-0059,50-incontournables,50 dates incontournables,47,EVT-1012,Victoire de la France à la Coupe du monde de football,15 juillet 2018,5,1,DAY,,CURATED_NIVEAU,GENERAL_CULTURE
COL-0059,50-incontournables,50 dates incontournables,48,EVT-1014,Incendie de la cathédrale Notre-Dame de Paris,15 avril 2019,5,1,DAY,,CURATED_NIVEAU,GENERAL_CULTURE
COL-0059,50-incontournables,50 dates incontournables,49,EVT-1017,L’OMS qualifie la Covid-19 de pandémie,11 mars 2020,5,1,DAY,,CURATED_NIVEAU,GENERAL_CULTURE
COL-0059,50-incontournables,50 dates incontournables,50,EVT-1023,Début de l’invasion à grande échelle de l’Ukraine par la Russie,24 février 2022,5,1,DAY,,CURATED_NIVEAU,GENERAL_CULTURE
COL-0060,100-incontournables,100 dates incontournables,1,EVT-0024,Fondation traditionnelle de Rome,21 avril 753 av. J.-C.,4,3,DAY,,CURATED_NIVEAU,SCHOOL
COL-0060,100-incontournables,100 dates incontournables,2,EVT-0386,Assassinat de Jules César,15 mars 44 av. J.-C.,3,3,DAY,,CURATED_NIVEAU,SCHOOL
COL-0060,100-incontournables,100 dates incontournables,3,EVT-0044,Couronnement impérial de Charlemagne à Rome,25 décembre 800,5,2,DAY,,CURATED_NIVEAU,SCHOOL
COL-0060,100-incontournables,100 dates incontournables,4,EVT-0398,Bataille d’Hastings,14 octobre 1066,4,3,DAY,,CURATED_NIVEAU,SCHOOL
COL-0060,100-incontournables,100 dates incontournables,5,EVT-0401,Magna Carta,15 juin 1215,5,2,DAY,,CURATED_NIVEAU,SCHOOL
COL-0060,100-incontournables,100 dates incontournables,6,EVT-0411,Levée du siège d’Orléans par Jeanne d’Arc,8 mai 1429,3,3,DAY,,CURATED_NIVEAU,SCHOOL
COL-0060,100-incontournables,100 dates incontournables,7,EVT-0413,Exécution de Jeanne d’Arc,30 mai 1431,3,3,DAY,,CURATED_NIVEAU,SCHOOL
COL-0060,100-incontournables,100 dates incontournables,8,EVT-0062,Prise de Constantinople par les Ottomans,29 mai 1453,5,2,DAY,,CURATED_NIVEAU,SCHOOL
COL-0060,100-incontournables,100 dates incontournables,9,EVT-0414,Impression de la Bible de Gutenberg,vers 1455,5,2,YEAR,,CURATED_NIVEAU,SCHOOL
COL-0060,100-incontournables,100 dates incontournables,10,EVT-0063,Débarquement de l'expédition de Colomb à Guanahaní,12 octobre 1492,5,1,DAY,,CURATED_NIVEAU,SCHOOL
COL-0060,100-incontournables,100 dates incontournables,11,EVT-0064,Diffusion conventionnelle des 95 thèses de Martin Luther,31 octobre 1517,5,2,DAY,,CURATED_NIVEAU,SCHOOL
COL-0060,100-incontournables,100 dates incontournables,12,EVT-0422,Massacre de la Saint-Barthélemy,24 août 1572,4,3,DAY,,CURATED_NIVEAU,SCHOOL
COL-0060,100-incontournables,100 dates incontournables,13,EVT-0065,Édit de Nantes,13 avril 1598,5,1,DAY,,CURATED_NIVEAU,SCHOOL
COL-0060,100-incontournables,100 dates incontournables,14,EVT-0076,Édit de Fontainebleau / révocation de l’édit de Nantes,18 octobre 1685,5,2,DAY,,CURATED_NIVEAU,SCHOOL
COL-0060,100-incontournables,100 dates incontournables,15,EVT-0077,Mort de Louis XIV,1er septembre 1715,4,3,DAY,,CURATED_NIVEAU,SCHOOL
COL-0060,100-incontournables,100 dates incontournables,16,EVT-0433,Boston Tea Party,16 décembre 1773,4,3,DAY,,CURATED_NIVEAU,SCHOOL
COL-0060,100-incontournables,100 dates incontournables,17,EVT-0434,Déclaration d’indépendance des États-Unis,4 juillet 1776,5,2,DAY,,CURATED_NIVEAU,SCHOOL
COL-0060,100-incontournables,100 dates incontournables,18,EVT-0173,prise de la Bastille,14 juillet 1789,5,1,DAY,,CURATED_NIVEAU,SCHOOL
COL-0060,100-incontournables,100 dates incontournables,19,EVT-0175,Adoption de la Déclaration des droits de l’homme et du citoyen,26 août 1789,5,1,DAY,,CURATED_NIVEAU,SCHOOL
COL-0060,100-incontournables,100 dates incontournables,20,EVT-0179,exécution de Louis XVI,21 janvier 1793,4,3,DAY,,CURATED_NIVEAU,SCHOOL
COL-0060,100-incontournables,100 dates incontournables,21,EVT-0446,Coup d’État du 18 Brumaire,9 novembre 1799,5,2,DAY,,CURATED_NIVEAU,SCHOOL
COL-0060,100-incontournables,100 dates incontournables,22,EVT-0180,Promulgation du Code civil,21 mars 1804,5,2,DAY,,CURATED_NIVEAU,SCHOOL
COL-0060,100-incontournables,100 dates incontournables,23,EVT-0682,Proclamation de Napoléon Bonaparte comme empereur des Français,18 mai 1804,5,1,DAY,,CURATED_NIVEAU,GENERAL_CULTURE
COL-0060,100-incontournables,100 dates incontournables,24,EVT-0686,Début de l’invasion de la Russie par Napoléon,24 juin 1812,5,1,DAY,,CURATED_NIVEAU,GENERAL_CULTURE
COL-0060,100-incontournables,100 dates incontournables,25,EVT-0448,Bataille de Waterloo,18 juin 1815,5,1,DAY,,CURATED_NIVEAU,SCHOOL
COL-0060,100-incontournables,100 dates incontournables,26,EVT-0188,abolition de l’esclavage dans les colonies françaises,27 avril 1848,4,2,DAY,,CURATED_NIVEAU,SCHOOL
COL-0060,100-incontournables,100 dates incontournables,27,EVT-0706,Assassinat d’Abraham Lincoln,14 avril 1865,5,1,DAY,,CURATED_NIVEAU,GENERAL_CULTURE
COL-0060,100-incontournables,100 dates incontournables,28,EVT-0471,Ouverture du canal de Suez,17 novembre 1869,4,3,DAY,,CURATED_NIVEAU,SCHOOL
COL-0060,100-incontournables,100 dates incontournables,29,EVT-0473,Défaite française à Sedan,2 septembre 1870,4,3,DAY,,CURATED_NIVEAU,SCHOOL
COL-0060,100-incontournables,100 dates incontournables,30,EVT-0201,Début de la Commune de Paris / insurrection du 18 mars 1871,18 mars 1871,4,3,DAY,,CURATED_NIVEAU,SCHOOL
COL-0060,100-incontournables,100 dates incontournables,31,EVT-0713,Brevet du téléphone accordé à Alexander Graham Bell,7 mars 1876,5,1,DAY,,CURATED_NIVEAU,GENERAL_CULTURE
COL-0060,100-incontournables,100 dates incontournables,32,EVT-0717,Première vaccination humaine contre la rage par Pasteur,6 juillet 1885,5,1,DAY,,CURATED_NIVEAU,GENERAL_CULTURE
COL-0060,100-incontournables,100 dates incontournables,33,EVT-0719,Inauguration de la statue de la Liberté,28 octobre 1886,5,1,DAY,,CURATED_NIVEAU,GENERAL_CULTURE
COL-0060,100-incontournables,100 dates incontournables,34,EVT-0477,Inauguration de la tour Eiffel,31 mars 1889,3,3,DAY,,CURATED_NIVEAU,SCHOOL
COL-0060,100-incontournables,100 dates incontournables,35,EVT-0723,Première projection publique payante des frères Lumière,28 décembre 1895,5,1,DAY,,CURATED_NIVEAU,GENERAL_CULTURE
COL-0060,100-incontournables,100 dates incontournables,36,EVT-0724,Ouverture des premiers Jeux olympiques modernes à Athènes,6 avril 1896,5,1,DAY,,CURATED_NIVEAU,GENERAL_CULTURE
COL-0060,100-incontournables,100 dates incontournables,37,EVT-0083,publication de « J'accuse…! » d'Émile Zola,13 janvier 1898,4,2,DAY,,CURATED_NIVEAU,SCHOOL
COL-0060,100-incontournables,100 dates incontournables,38,EVT-0777,Premier vol motorisé contrôlé des frères Wright,17 décembre 1903,5,1,DAY,,CURATED_NIVEAU,GENERAL_CULTURE
COL-0060,100-incontournables,100 dates incontournables,39,EVT-0005,loi de séparation des Églises et de l’État,9 décembre 1905,4,2,DAY,,CURATED_NIVEAU,SCHOOL
COL-0060,100-incontournables,100 dates incontournables,40,EVT-0787,Naufrage du Titanic,15 avril 1912,5,1,DAY,,CURATED_NIVEAU,GENERAL_CULTURE
COL-0060,100-incontournables,100 dates incontournables,41,EVT-0478,Assassinat de François-Ferdinand à Sarajevo,28 juin 1914,5,2,DAY,,CURATED_NIVEAU,SCHOOL
COL-0060,100-incontournables,100 dates incontournables,42,EVT-0484,Prise du pouvoir par les bolcheviks lors de la révolution d’Octobre,7 novembre 1917,5,2,DAY,,CURATED_NIVEAU,SCHOOL
COL-0060,100-incontournables,100 dates incontournables,43,EVT-0091,Armistice de Rethondes,11 novembre 1918,5,1,DAY,,CURATED_NIVEAU,SCHOOL
COL-0060,100-incontournables,100 dates incontournables,44,EVT-0092,Signature du traité de Versailles,28 juin 1919,4,3,DAY,,CURATED_NIVEAU,SCHOOL
COL-0060,100-incontournables,100 dates incontournables,45,EVT-0804,Découverte de la pénicilline par Alexander Fleming,28 septembre 1928,5,1,DAY,,CURATED_NIVEAU,GENERAL_CULTURE
COL-0060,100-incontournables,100 dates incontournables,46,EVT-0494,Jeudi noir à Wall Street,24 octobre 1929,3,3,DAY,,CURATED_NIVEAU,SCHOOL
COL-0060,100-incontournables,100 dates incontournables,47,EVT-0497,Hitler devient chancelier,30 janvier 1933,5,1,DAY,,CURATED_NIVEAU,SCHOOL
COL-0060,100-incontournables,100 dates incontournables,48,EVT-0504,Accords de Munich,30 septembre 1938,4,3,DAY,,CURATED_NIVEAU,SCHOOL
COL-0060,100-incontournables,100 dates incontournables,49,EVT-0505,Pacte germano-soviétique,23 août 1939,4,3,DAY,,CURATED_NIVEAU,SCHOOL
COL-0060,100-incontournables,100 dates incontournables,50,EVT-0097,Invasion de la Pologne par l'Allemagne,1er septembre 1939,5,2,DAY,,CURATED_NIVEAU,SCHOOL
COL-0060,100-incontournables,100 dates incontournables,51,EVT-0014,Appel du 18 juin du général de Gaulle,18 juin 1940,5,2,DAY,,CURATED_NIVEAU,SCHOOL
COL-0060,100-incontournables,100 dates incontournables,52,EVT-0099,Attaque allemande contre l'URSS (opération Barbarossa),22 juin 1941,4,3,DAY,,CURATED_NIVEAU,SCHOOL
COL-0060,100-incontournables,100 dates incontournables,53,EVT-0510,Attaque de Pearl Harbor,7 décembre 1941,5,1,DAY,,CURATED_NIVEAU,SCHOOL
COL-0060,100-incontournables,100 dates incontournables,54,EVT-0017,Débarquement allié en Normandie,6 juin 1944,5,2,DAY,,CURATED_NIVEAU,SCHOOL
COL-0060,100-incontournables,100 dates incontournables,55,EVT-0100,Libération de Paris,25 août 1944,4,3,DAY,,CURATED_NIVEAU,SCHOOL
COL-0060,100-incontournables,100 dates incontournables,56,EVT-0518,Libération du camp d’Auschwitz-Birkenau,27 janvier 1945,5,2,DAY,,CURATED_NIVEAU,SCHOOL
COL-0060,100-incontournables,100 dates incontournables,57,EVT-0101,Fin de la guerre en Europe / capitulation allemande effective,8 mai 1945,4,3,DAY,,CURATED_NIVEAU,SCHOOL
COL-0060,100-incontournables,100 dates incontournables,58,EVT-0357,Signature de la Charte des Nations Unies,26 juin 1945,5,2,DAY,,CURATED_NIVEAU,SCHOOL
COL-0060,100-incontournables,100 dates incontournables,59,EVT-0520,Bombardement atomique d’Hiroshima,6 août 1945,5,1,DAY,,CURATED_NIVEAU,SCHOOL
COL-0060,100-incontournables,100 dates incontournables,60,EVT-0521,Bombardement atomique de Nagasaki,9 août 1945,5,1,DAY,,CURATED_NIVEAU,SCHOOL
COL-0060,100-incontournables,100 dates incontournables,61,EVT-0522,Indépendance de l’Inde,15 août 1947,5,2,DAY,,CURATED_NIVEAU,SCHOOL
COL-0060,100-incontournables,100 dates incontournables,62,EVT-0298,Proclamation de l’État d’Israël,14 mai 1948,5,2,DAY,,CURATED_NIVEAU,SCHOOL
COL-0060,100-incontournables,100 dates incontournables,63,EVT-0865,Adoption de la Déclaration universelle des droits de l’homme,10 décembre 1948,5,1,DAY,,CURATED_NIVEAU,GENERAL_CULTURE
COL-0060,100-incontournables,100 dates incontournables,64,EVT-0524,Signature du traité de l’Atlantique Nord,4 avril 1949,5,2,DAY,,CURATED_NIVEAU,SCHOOL
COL-0060,100-incontournables,100 dates incontournables,65,EVT-0525,Proclamation de la République populaire de Chine,1er octobre 1949,5,2,DAY,,CURATED_NIVEAU,SCHOOL
COL-0060,100-incontournables,100 dates incontournables,66,EVT-0530,Début de la guerre d’Algérie,1er novembre 1954,5,2,DAY,,CURATED_NIVEAU,SCHOOL
COL-0060,100-incontournables,100 dates incontournables,67,EVT-0118,Signature des traités de Rome,25 mars 1957,5,2,DAY,,CURATED_NIVEAU,SCHOOL
COL-0060,100-incontournables,100 dates incontournables,68,EVT-0286,Lancement de Spoutnik 1,4 octobre 1957,5,2,DAY,,CURATED_NIVEAU,SCHOOL
COL-0060,100-incontournables,100 dates incontournables,69,EVT-0362,Promulgation de la Constitution de la Ve République,4 octobre 1958,4,3,DAY,,CURATED_NIVEAU,SCHOOL
COL-0060,100-incontournables,100 dates incontournables,70,EVT-0287,"Premier vol spatial humain, Youri Gagarine / Vostok 1",12 avril 1961,5,2,DAY,,CURATED_NIVEAU,SCHOOL
COL-0060,100-incontournables,100 dates incontournables,71,EVT-0113,Construction / fermeture de la frontière par le mur de Berlin,13 août 1961,5,2,DAY,,CURATED_NIVEAU,SCHOOL
COL-0060,100-incontournables,100 dates incontournables,72,EVT-0120,Signature des accords d'Évian,18 mars 1962,4,2,DAY,,CURATED_NIVEAU,SCHOOL
COL-0060,100-incontournables,100 dates incontournables,73,EVT-0534,Assassinat de John F. Kennedy,22 novembre 1963,3,3,DAY,,CURATED_NIVEAU,SCHOOL
COL-0060,100-incontournables,100 dates incontournables,74,EVT-0539,Démission de Charles de Gaulle,28 avril 1969,3,3,DAY,,CURATED_NIVEAU,SCHOOL
COL-0060,100-incontournables,100 dates incontournables,75,EVT-0893,Premiers pas humains sur la Lune lors d’Apollo 11,20 juillet 1969,5,1,DAY,,CURATED_NIVEAU,GENERAL_CULTURE
COL-0060,100-incontournables,100 dates incontournables,76,EVT-0132,Loi Veil sur l'IVG,17 janvier 1975,4,3,DAY,,CURATED_NIVEAU,SCHOOL
COL-0060,100-incontournables,100 dates incontournables,77,EVT-0911,Sortie américaine du premier Star Wars,25 mai 1977,5,1,DAY,,CURATED_NIVEAU,GENERAL_CULTURE
COL-0060,100-incontournables,100 dates incontournables,78,EVT-0364,Élection de François Mitterrand à la présidence de la République,10 mai 1981,4,3,DAY,,CURATED_NIVEAU,SCHOOL
COL-0060,100-incontournables,100 dates incontournables,79,EVT-0133,Abolition de la peine de mort,9 octobre 1981,4,3,DAY,,CURATED_NIVEAU,SCHOOL
COL-0060,100-incontournables,100 dates incontournables,80,EVT-0545,Catastrophe nucléaire de Tchernobyl,26 avril 1986,4,3,DAY,,CURATED_NIVEAU,SCHOOL
COL-0060,100-incontournables,100 dates incontournables,81,EVT-0546,Répression de la place Tian’anmen,4 juin 1989,4,3,DAY,,CURATED_NIVEAU,SCHOOL
COL-0060,100-incontournables,100 dates incontournables,82,EVT-0114,Ouverture du mur de Berlin,9 novembre 1989,5,2,DAY,,CURATED_NIVEAU,SCHOOL
COL-0060,100-incontournables,100 dates incontournables,83,EVT-0547,Réunification allemande,3 octobre 1990,5,1,DAY,,CURATED_NIVEAU,SCHOOL
COL-0060,100-incontournables,100 dates incontournables,84,EVT-0115,Disparition de l'URSS,26 décembre 1991 — dissolution formelle de l’URSS,5,2,DAY,,CURATED_NIVEAU,SCHOOL
COL-0060,100-incontournables,100 dates incontournables,85,EVT-0271,Signature du traité de Maastricht,7 février 1992,5,2,DAY,,CURATED_NIVEAU,SCHOOL
COL-0060,100-incontournables,100 dates incontournables,86,EVT-0933,Nelson Mandela devient président de l’Afrique du Sud,10 mai 1994,5,1,DAY,,CURATED_NIVEAU,GENERAL_CULTURE
COL-0060,100-incontournables,100 dates incontournables,87,EVT-1735,"Mort de Diana, princesse de Galles",31 août 1997,4,3,DAY,,CURATED_NIVEAU,GENERAL_CULTURE
COL-0060,100-incontournables,100 dates incontournables,88,EVT-0941,Victoire de la France à la Coupe du monde de football,12 juillet 1998,5,1,DAY,,CURATED_NIVEAU,GENERAL_CULTURE
COL-0060,100-incontournables,100 dates incontournables,89,EVT-0980,Attentats du 11 septembre aux États-Unis,11 septembre 2001,5,1,DAY,,CURATED_NIVEAU,GENERAL_CULTURE
COL-0060,100-incontournables,100 dates incontournables,90,EVT-0982,Mise en circulation des billets et pièces en euro,1 janvier 2002,5,1,DAY,,CURATED_NIVEAU,GENERAL_CULTURE
COL-0060,100-incontournables,100 dates incontournables,91,EVT-0990,Présentation du premier iPhone par Steve Jobs,9 janvier 2007,5,1,DAY,,CURATED_NIVEAU,GENERAL_CULTURE
COL-0060,100-incontournables,100 dates incontournables,92,EVT-0994,Élection de Barack Obama à la présidence des États-Unis,4 novembre 2008,5,1,DAY,,CURATED_NIVEAU,GENERAL_CULTURE
COL-0060,100-incontournables,100 dates incontournables,93,EVT-1008,Attentats de Paris du 13 novembre,13 novembre 2015,5,1,DAY,,CURATED_NIVEAU,GENERAL_CULTURE
COL-0060,100-incontournables,100 dates incontournables,94,EVT-0320,Adoption de l’accord de Paris,12 décembre 2015,5,2,DAY,,CURATED_NIVEAU,SCHOOL
COL-0060,100-incontournables,100 dates incontournables,95,EVT-1012,Victoire de la France à la Coupe du monde de football,15 juillet 2018,5,1,DAY,,CURATED_NIVEAU,GENERAL_CULTURE
COL-0060,100-incontournables,100 dates incontournables,96,EVT-1014,Incendie de la cathédrale Notre-Dame de Paris,15 avril 2019,5,1,DAY,,CURATED_NIVEAU,GENERAL_CULTURE
COL-0060,100-incontournables,100 dates incontournables,97,EVT-1017,L’OMS qualifie la Covid-19 de pandémie,11 mars 2020,5,1,DAY,,CURATED_NIVEAU,GENERAL_CULTURE
COL-0060,100-incontournables,100 dates incontournables,98,EVT-1023,Début de l’invasion à grande échelle de l’Ukraine par la Russie,24 février 2022,5,1,DAY,,CURATED_NIVEAU,GENERAL_CULTURE
COL-0060,100-incontournables,100 dates incontournables,99,EVT-2008,Mort de la reine Élisabeth II,8 septembre 2022,4,3,DAY,,CURATED_NIVEAU,GENERAL_CULTURE
COL-0060,100-incontournables,100 dates incontournables,100,EVT-2030,Ouverture des Jeux olympiques de Paris 2024,26 juillet 2024,4,3,DAY,,CURATED_NIVEAU,GENERAL_CULTURE
COL-0061,france,France,1,EVT-0567,Bataille des Champs Catalauniques,20 juin 451,4,3,DAY,,HIGH,GENERAL_CULTURE_V1
COL-0061,france,France,2,EVT-1072,Bataille de Poitiers entre Francs et Omeyyades,732,4,3,YEAR,,HIGH,GENERAL_CULTURE_V2
COL-0061,france,France,3,EVT-1073,Pépin le Bref devient roi des Francs,751,4,3,YEAR,,HIGH,GENERAL_CULTURE_V2
COL-0061,france,France,4,EVT-0044,Couronnement impérial de Charlemagne à Rome,25 décembre 800,5,2,DAY,,HIGH,SCHOOL
COL-0061,france,France,5,EVT-0052,Sacre d'Hugues Capet,"987, jour exact historiographiquement discuté",4,3,YEAR,,HIGH,SCHOOL
COL-0061,france,France,6,EVT-1076,Hugues Capet devient roi des Francs,987,5,2,YEAR,,HIGH,GENERAL_CULTURE_V2
COL-0061,france,France,7,EVT-0057,Début du règne de Philippe Auguste,1180,4,3,YEAR,,HIGH,SCHOOL
COL-0061,france,France,8,EVT-1080,Début de la croisade des Albigeois,1209,3,4,YEAR,,HIGH,GENERAL_CULTURE_V2
COL-0061,france,France,9,EVT-0054,Bataille de Bouvines,27 juillet 1214,4,3,DAY,,HIGH,SCHOOL
COL-0061,france,France,10,EVT-0058,Règne de Louis IX,1226-1270,2,3,RANGE,,HIGH,SCHOOL
COL-0061,france,France,11,EVT-0059,Canonisation de Louis IX,1297,2,3,YEAR,,HIGH,SCHOOL
COL-0061,france,France,12,EVT-0060,Premiers États généraux du royaume,1302,4,3,YEAR,,HIGH,SCHOOL
COL-0061,france,France,13,EVT-0597,Arrestation des Templiers en France,13 octobre 1307,4,3,DAY,,HIGH,GENERAL_CULTURE_V1
COL-0061,france,France,14,EVT-0598,Début de la papauté d’Avignon,1309,4,3,YEAR,,HIGH,GENERAL_CULTURE_V1
COL-0061,france,France,15,EVT-0055,Guerre de Cent Ans,1337-1453,4,2,RANGE,,HIGH,SCHOOL
COL-0061,france,France,16,EVT-1082,Début conventionnel de la guerre de Cent Ans,1337,5,2,YEAR,,HIGH,GENERAL_CULTURE_V2
COL-0061,france,France,17,EVT-1083,Bataille de Poitiers pendant la guerre de Cent Ans,1356,4,3,YEAR,,HIGH,GENERAL_CULTURE_V2
COL-0061,france,France,18,EVT-0411,Levée du siège d’Orléans par Jeanne d’Arc,8 mai 1429,3,3,DAY,,HIGH,SCHOOL
COL-0061,france,France,19,EVT-0412,Sacre de Charles VII à Reims,17 juillet 1429,3,3,DAY,,HIGH,SCHOOL
COL-0061,france,France,20,EVT-0413,Exécution de Jeanne d’Arc,30 mai 1431,3,3,DAY,,HIGH,SCHOOL
COL-0061,france,France,21,EVT-0056,Bataille de Castillon,17 juillet 1453,2,3,DAY,,HIGH,SCHOOL
COL-0061,france,France,22,EVT-1086,Début des guerres d’Italie,1494,4,3,YEAR,,HIGH,GENERAL_CULTURE_V2
COL-0061,france,France,23,EVT-0328,Règne de François Ier,1515-1547,4,3,RANGE,,HIGH,SCHOOL
COL-0061,france,France,24,EVT-0646,Publication de l’Institution de la religion chrétienne de Calvin,1536,4,2,YEAR,,HIGH,GENERAL_CULTURE_V1
COL-0061,france,France,25,EVT-0151,ordonnance de Villers-Cotterêts,25 août 1539,4,4,DAY,,HIGH,SCHOOL
COL-0061,france,France,26,EVT-0073,Guerres de Religion en France,1562-1598,4,3,RANGE,,HIGH,SCHOOL
COL-0061,france,France,27,EVT-0617,Massacre de Wassy et début des guerres de Religion en France,1 mars 1562,5,1,DAY,,HIGH,GENERAL_CULTURE_V1
COL-0061,france,France,28,EVT-0330,Règne d’Henri IV,1589-1610,4,3,RANGE,,HIGH,SCHOOL
COL-0061,france,France,29,EVT-0065,Édit de Nantes,13 avril 1598,5,1,DAY,,HIGH,SCHOOL
COL-0061,france,France,30,EVT-0625,Publication du Discours de la méthode de Descartes,8 juin 1637,5,1,DAY,,HIGH,GENERAL_CULTURE_V1
COL-0061,france,France,31,EVT-0167,révolte normande des Va Nu-pieds,1639,2,3,YEAR,,HIGH,SCHOOL
COL-0061,france,France,32,EVT-0067,Règne de Louis XIV,1643-1715,4,2,RANGE,,HIGH,SCHOOL
COL-0061,france,France,33,EVT-0074,Fronde,1648-1653,2,3,RANGE,,HIGH,SCHOOL
COL-0061,france,France,34,EVT-0066,Gouvernement personnel de Louis XIV,10 mars 1661-1er septembre 1715,4,3,RANGE,,HIGH,SCHOOL
COL-0061,france,France,35,EVT-0075,Début du gouvernement personnel de Louis XIV,10 mars 1661,4,3,DAY,,HIGH,SCHOOL
COL-0061,france,France,36,EVT-0152,création de la Compagnie française des Indes orientales,août 1664,2,3,MONTH,,HIGH,SCHOOL
COL-0061,france,France,37,EVT-0153,déclaration royale liée aux compagnies des Indes orientales et occidentales,27 août 1664,2,4,DAY,,HIGH,SCHOOL
COL-0061,france,France,38,EVT-0367,Ordonnance de 1669 sur les Eaux et Forêts,août 1669,3,3,MONTH,,HIGH,SCHOOL
COL-0061,france,France,39,EVT-1096,Début de la guerre de Hollande,6 avril 1672,3,3,DAY,,HIGH,GENERAL_CULTURE_V2
COL-0061,france,France,40,EVT-0156,assentiment royal au Habeas Corpus Act,27 mai 1679,3,4,DAY,,HIGH,SCHOOL
COL-0061,france,France,41,EVT-0154,installation de la Cour et du siège du gouvernement à Versailles,6 mai 1682,4,3,DAY,,HIGH,SCHOOL
COL-0061,france,France,42,EVT-0333,Code noir,mars 1685 pour l’édit concernant les îles françaises d’Amérique,4,3,MONTH,,HIGH,SCHOOL
COL-0061,france,France,43,EVT-0076,Édit de Fontainebleau / révocation de l’édit de Nantes,18 octobre 1685,5,2,DAY,,HIGH,SCHOOL
COL-0061,france,France,44,EVT-0157,assentiment royal au Bill of Rights,16 décembre 1689,3,4,DAY,,HIGH,SCHOOL
COL-0061,france,France,45,EVT-1098,Traité de Ryswick mettant fin à la guerre de la Ligue d’Augsbourg,20 septembre 1697,3,3,DAY,,HIGH,GENERAL_CULTURE_V2
COL-0061,france,France,46,EVT-0077,Mort de Louis XIV,1er septembre 1715,4,3,DAY,,HIGH,SCHOOL
COL-0061,france,France,47,EVT-0158,séjour/exil de Voltaire en Angleterre,1726-1728/1729 selon la borne biographique retenue,2,3,RANGE,,HIGH,SCHOOL
COL-0061,france,France,48,EVT-0159,édition anglaise *Letters concerning the English Nation*,1733,2,3,YEAR,,HIGH,SCHOOL
COL-0061,france,France,49,EVT-0160,première édition française des *Lettres philosophiques*,1734,2,3,YEAR,,HIGH,SCHOOL
COL-0061,france,France,50,EVT-0670,Publication de De l’esprit des lois de Montesquieu,1748,4,2,YEAR,,HIGH,GENERAL_CULTURE_V1
COL-0061,france,France,51,EVT-0166,publication de l’*Encyclopédie* de Diderot et d’Alembert,1751-1772,4,2,RANGE,,HIGH,SCHOOL
COL-0061,france,France,52,EVT-0165,publication posthume de sa traduction commentée des *Principia* de Newton,1759,2,3,YEAR,,HIGH,SCHOOL
COL-0061,france,France,53,EVT-1104,Victoire franco-américaine à Yorktown,1781,5,2,YEAR,,HIGH,GENERAL_CULTURE_V2
COL-0061,france,France,54,EVT-0437,Traité de Paris mettant fin à la guerre d’indépendance américaine,3 septembre 1783,3,4,DAY,,HIGH,SCHOOL
COL-0061,france,France,55,EVT-0633,Premier vol habité libre en montgolfière,21 novembre 1783,5,1,DAY,,HIGH,GENERAL_CULTURE_V1
COL-0061,france,France,56,EVT-0161,première investiture/inauguration présidentielle,30 avril 1789,2,4,DAY,,HIGH,SCHOOL
COL-0061,france,France,57,EVT-0334,Ouverture des États généraux,5 mai 1789 pour l’ouverture ; ne pas fusionner avec la rédaction des cahiers de doléances,4,2,DAY,,HIGH,SCHOOL
COL-0061,france,France,58,EVT-0348,Révolution française,5 mai 1789 - 9 novembre 1799,5,1,RANGE,,HIGH,SCHOOL
COL-0061,france,France,59,EVT-0173,prise de la Bastille,14 juillet 1789,5,1,DAY,,HIGH,SCHOOL
COL-0061,france,France,60,EVT-0174,Nuit du 4 août / abolition des privilèges,nuit du 4 au 5 août 1789,4,2,RANGE,,HIGH,SCHOOL
COL-0061,france,France,61,EVT-0175,Adoption de la Déclaration des droits de l’homme et du citoyen,26 août 1789,5,1,DAY,,HIGH,SCHOOL
COL-0061,france,France,62,EVT-0337,Marche des femmes sur Versailles,5-6 octobre 1789,4,3,RANGE,,HIGH,SCHOOL
COL-0061,france,France,63,EVT-0441,Bataille de Valmy,20 septembre 1792,3,3,DAY,,HIGH,SCHOOL
COL-0061,france,France,64,EVT-0440,Abolition de la monarchie en France,21 septembre 1792,3,3,DAY,,HIGH,SCHOOL
COL-0061,france,France,65,EVT-0442,Proclamation de la Première République française,22 septembre 1792,3,4,DAY,,HIGH,SCHOOL
COL-0061,france,France,66,EVT-0176,La Convention décide de juger Louis XVI,3 décembre 1792,4,3,DAY,,HIGH,SCHOOL
COL-0061,france,France,67,EVT-0177,présentation du rapport d’accusation,10 décembre 1792,2,3,DAY,,HIGH,SCHOOL
COL-0061,france,France,68,EVT-0178,condamnation / votes de janvier,15-20 janvier 1793,2,3,RANGE,,HIGH,SCHOOL
COL-0061,france,France,69,EVT-0179,exécution de Louis XVI,21 janvier 1793,4,3,DAY,,HIGH,SCHOOL
COL-0061,france,France,70,EVT-0171,arrestation de Madame Roland,31 mai 1793,2,3,DAY,,HIGH,SCHOOL
COL-0061,france,France,71,EVT-0679,Ouverture du Muséum central des arts au Louvre,10 août 1793,4,2,DAY,,HIGH,GENERAL_CULTURE_V1
COL-0061,france,France,72,EVT-0443,Exécution de Marie-Antoinette,16 octobre 1793,3,3,DAY,,HIGH,SCHOOL
COL-0061,france,France,73,EVT-0172,exécution de Madame Roland,8 novembre 1793,2,3,DAY,,HIGH,SCHOOL
COL-0061,france,France,74,EVT-1110,Première abolition de l’esclavage dans les colonies françaises,1794,4,3,YEAR,,HIGH,GENERAL_CULTURE_V2
COL-0061,france,France,75,EVT-0078,Première abolition de l'esclavage par la Convention nationale,4 février 1794,4,3,DAY,,HIGH,SCHOOL
COL-0061,france,France,76,EVT-0444,Chute de Robespierre,27 juillet 1794,3,3,DAY,,HIGH,SCHOOL
COL-0061,france,France,77,EVT-0445,Mise en place du Directoire,2 novembre 1795,3,3,DAY,,HIGH,SCHOOL
COL-0061,france,France,78,EVT-1113,Début de l’expédition d’Égypte de Bonaparte,1798,4,3,YEAR,,HIGH,GENERAL_CULTURE_V2
COL-0061,france,France,79,EVT-0446,Coup d’État du 18 Brumaire,9 novembre 1799,5,2,DAY,,HIGH,SCHOOL
COL-0061,france,France,80,EVT-0079,Loi du 30 floréal an X relative à l'esclavage dans les colonies,20 mai 1802,2,4,DAY,,HIGH,SCHOOL
COL-0061,france,France,81,EVT-0180,Promulgation du Code civil,21 mars 1804,5,2,DAY,,HIGH,SCHOOL
COL-0061,france,France,82,EVT-0682,Proclamation de Napoléon Bonaparte comme empereur des Français,18 mai 1804,5,1,DAY,,HIGH,GENERAL_CULTURE_V1
COL-0061,france,France,83,EVT-1121,Campagne de Russie de Napoléon,1812,5,2,YEAR,,HIGH,GENERAL_CULTURE_V2
COL-0061,france,France,84,EVT-0448,Bataille de Waterloo,18 juin 1815,5,1,DAY,,HIGH,SCHOOL
COL-0061,france,France,85,EVT-0262,"Discours de Benjamin Constant, *De la liberté des Anciens comparée à celle des Modernes*",1819,3,3,YEAR,,HIGH,SCHOOL
COL-0061,france,France,86,EVT-0010,Essor industriel en France,1820-1830 environ pour l’entrée de la France dans l’industrialisation ; l’accélération se poursuit après 1830,3,3,RANGE,,HIGH,SCHOOL
COL-0061,france,France,87,EVT-0689,Champollion annonce le déchiffrement des hiéroglyphes égyptiens,27 septembre 1822,5,1,DAY,,HIGH,GENERAL_CULTURE_V1
COL-0061,france,France,88,EVT-0184,Trois Glorieuses,27-29 juillet 1830,4,3,RANGE,,HIGH,SCHOOL
COL-0061,france,France,89,EVT-0453,Première révolte des canuts,21-24 novembre 1831,3,3,RANGE,,HIGH,SCHOOL
COL-0061,france,France,90,EVT-0283,Fondation de l’Agence Havas,1835,3,3,YEAR,,HIGH,SCHOOL
COL-0061,france,France,91,EVT-0693,Annonce publique du procédé photographique de Daguerre,7 janvier 1839,5,1,DAY,,HIGH,GENERAL_CULTURE_V1
COL-0061,france,France,92,EVT-0185,chute de la monarchie de Juillet / révolution de Février,22-24 février 1848,2,3,RANGE,,HIGH,SCHOOL
COL-0061,france,France,93,EVT-0186,proclamation de la Deuxième République,24 février 1848,4,3,DAY,,HIGH,SCHOOL
COL-0061,france,France,94,EVT-0187,Décret instaurant le suffrage universel masculin,5 mars 1848,4,2,DAY,,HIGH,SCHOOL
COL-0061,france,France,95,EVT-0188,abolition de l’esclavage dans les colonies françaises,27 avril 1848,4,2,DAY,,HIGH,SCHOOL
COL-0061,france,France,96,EVT-0189,Constitution de la Deuxième République,4 novembre 1848,4,4,DAY,,HIGH,SCHOOL
COL-0061,france,France,97,EVT-0190,élection de Louis-Napoléon Bonaparte à la présidence,10 décembre 1848,2,3,DAY,,HIGH,SCHOOL
COL-0061,france,France,98,EVT-0191,Prestation de serment et entrée en fonction de Louis-Napoléon Bonaparte comme président,20 décembre 1848,2,3,DAY,,HIGH,SCHOOL
COL-0061,france,France,99,EVT-0194,frères Pereire,années 1850-1860,2,3,RANGE,,HIGH,SCHOOL
COL-0061,france,France,100,EVT-0459,Coup d’État de Louis-Napoléon Bonaparte,2 décembre 1851,3,3,DAY,,HIGH,SCHOOL
COL-0061,france,France,101,EVT-0195,Crédit mobilier,1852,2,3,YEAR,,HIGH,SCHOOL
COL-0061,france,France,102,EVT-0192,Paris haussmannien,1853-1870 environ,4,3,RANGE,,HIGH,SCHOOL
COL-0061,france,France,103,EVT-0193,Nomination de Georges-Eugène Haussmann comme préfet de la Seine,22 juin 1853 — nomination ; 23 juin 1853 — début de fonction dans l’infobox Wikipédia FR,4,3,DAY,,HIGH,SCHOOL
COL-0061,france,France,104,EVT-0462,Traité de Paris mettant fin à la guerre de Crimée,30 mars 1856,4,3,DAY,,HIGH,SCHOOL
COL-0061,france,France,105,EVT-0198,rattachement effectif / processus de réunion,1860,2,3,YEAR,,HIGH,SCHOOL
COL-0061,france,France,106,EVT-0197,Traité de Turin — cession de la Savoie et du comté de Nice à la France,24 mars 1860,2,4,DAY,,HIGH,SCHOOL
COL-0061,france,France,107,EVT-0086,"Julie-Victoire Daubié obtient le baccalauréat ès lettres, première bachelière française",17 août 1861,3,3,DAY,,HIGH,SCHOOL
COL-0061,france,France,108,EVT-0702,Début de la publication des Misérables de Victor Hugo,30 mars 1862 à Bruxelles ; 3 avril 1862 à Paris,5,1,MONTH,,HIGH,GENERAL_CULTURE_V1
COL-0061,france,France,109,EVT-0196,Loi Ollivier supprimant le délit de coalition,25 mai 1864,2,4,DAY,,HIGH,SCHOOL
COL-0061,france,France,110,EVT-0473,Défaite française à Sedan,2 septembre 1870,4,3,DAY,,HIGH,SCHOOL
COL-0061,france,France,111,EVT-0353,Proclamation de la Troisième République,4 septembre 1870,4,3,DAY,,HIGH,SCHOOL
COL-0061,france,France,112,EVT-0199,Existence constitutionnelle du nouvel Empire allemand,1er janvier 1871,4,3,DAY,,HIGH,SCHOOL
COL-0061,france,France,113,EVT-0200,Proclamation de Guillaume Ier comme empereur allemand à Versailles,18 janvier 1871,4,3,DAY,,HIGH,SCHOOL
COL-0061,france,France,114,EVT-0201,Début de la Commune de Paris / insurrection du 18 mars 1871,18 mars 1871,4,3,DAY,,HIGH,SCHOOL
COL-0061,france,France,115,EVT-0202,élections communales,26 mars 1871,2,3,DAY,,HIGH,SCHOOL
COL-0061,france,France,116,EVT-0203,proclamation de la Commune,28 mars 1871,2,3,DAY,,HIGH,SCHOOL
COL-0061,france,France,117,EVT-0474,Traité de Francfort,10 mai 1871,3,4,DAY,,HIGH,SCHOOL
COL-0061,france,France,118,EVT-0204,Semaine sanglante,21-28 mai 1871,2,3,RANGE,,HIGH,SCHOOL
COL-0061,france,France,119,EVT-0205,fin de la Commune,28 mai 1871,2,3,DAY,,HIGH,SCHOOL
COL-0061,france,France,120,EVT-0712,Ouverture de la première exposition impressionniste,15 avril 1874,5,1,DAY,,HIGH,GENERAL_CULTURE_V1
COL-0061,france,France,121,EVT-0002,14 juillet fête nationale,"6 juillet 1880, loi établissant la fête nationale annuelle",3,3,DAY,,HIGH,SCHOOL
COL-0061,france,France,122,EVT-0003,Loi établissant la gratuité de l’enseignement primaire public,16 juin 1881,4,2,DAY,,HIGH,SCHOOL
COL-0061,france,France,123,EVT-0004,Loi du 28 mars 1882 : instruction primaire obligatoire et laïcisation de l’enseignement public,28 mars 1882,4,2,DAY,,HIGH,SCHOOL
COL-0061,france,France,124,EVT-0476,Loi Waldeck-Rousseau autorisant les syndicats professionnels,21 mars 1884,3,4,DAY,,HIGH,SCHOOL
COL-0061,france,France,125,EVT-0224,funérailles nationales de Victor Hugo,1er juin 1885,2,3,DAY,,HIGH,SCHOOL
COL-0061,france,France,126,EVT-0717,Première vaccination humaine contre la rage par Pasteur,6 juillet 1885,5,1,DAY,,HIGH,GENERAL_CULTURE_V1
COL-0061,france,France,127,EVT-0720,Peinture de La Nuit étoilée par Vincent van Gogh,1889,5,1,YEAR,,HIGH,GENERAL_CULTURE_V1
COL-0061,france,France,128,EVT-0477,Inauguration de la tour Eiffel,31 mars 1889,3,3,DAY,,HIGH,SCHOOL
COL-0061,france,France,129,EVT-0226,Ouverture de l’Exposition universelle de Paris de 1889,6 mai 1889,2,3,DAY,,HIGH,SCHOOL
COL-0061,france,France,130,EVT-0768,Fondation de la Deuxième Internationale,14 juillet 1889,4,2,DAY,,HIGH,GENERAL_CULTURE_V1
COL-0061,france,France,131,EVT-0225,fusillade de Fourmies,1er mai 1891,2,3,DAY,,HIGH,SCHOOL
COL-0061,france,France,132,EVT-0001,Centenaire de la proclamation de la République,22 septembre 1892 pour les célébrations du centenaire,2,3,DAY,,HIGH,SCHOOL
COL-0061,france,France,133,EVT-0082,arrestation d'Alfred Dreyfus,15 octobre 1894,4,2,DAY,,HIGH,SCHOOL
COL-0061,france,France,134,EVT-1030,Condamnation d’Alfred Dreyfus par un conseil de guerre,22 décembre 1894,4,2,DAY,,HIGH,GENERAL_CULTURE_V1
COL-0061,france,France,135,EVT-0723,Première projection publique payante des frères Lumière,28 décembre 1895,5,1,DAY,,HIGH,GENERAL_CULTURE_V1
COL-0061,france,France,136,EVT-0322,Premières communications de Becquerel sur les rayonnements de l’uranium,24 février - 23 mars 1896,4,3,RANGE,,HIGH,SCHOOL
COL-0061,france,France,137,EVT-0323,Communication de Becquerel sur les radiations invisibles des sels d’uranium,23 mars 1896,3,4,DAY,,HIGH,SCHOOL
COL-0061,france,France,138,EVT-0083,publication de « J'accuse…! » d'Émile Zola,13 janvier 1898,4,2,DAY,,HIGH,SCHOOL
COL-0061,france,France,139,EVT-0324,Découverte/annonce du polonium par Marie et Pierre Curie,juillet 1898,4,3,MONTH,,HIGH,SCHOOL
COL-0061,france,France,140,EVT-0475,Crise de Fachoda,10 juillet-3 novembre 1898,4,3,RANGE,,HIGH,SCHOOL
COL-0061,france,France,141,EVT-0325,Découverte/annonce du radium par Marie et Pierre Curie,décembre 1898,4,3,MONTH,,HIGH,SCHOOL
COL-0061,france,France,142,EVT-1193,Jeux olympiques d’été de la IIe Olympiade à Paris,1900,3,3,YEAR,,HIGH,GENERAL_CULTURE_V2
COL-0061,france,France,143,EVT-0227,Inauguration de l’Exposition universelle de Paris de 1900,14 avril 1900 ; ouverture au public le 15 avril,4,2,DAY,,HIGH,SCHOOL
COL-0061,france,France,144,EVT-0087,loi permettant aux femmes diplômées en droit de devenir avocates,1er décembre 1900,3,3,DAY,,HIGH,SCHOOL
COL-0061,france,France,145,EVT-0826,Éruption de la montagne Pelée détruisant Saint-Pierre,8 mai 1902,4,2,DAY,,HIGH,GENERAL_CULTURE_V1
COL-0061,france,France,146,EVT-0829,Départ du premier Tour de France cycliste,1 juillet 1903,4,2,DAY,,HIGH,GENERAL_CULTURE_V1
COL-0061,france,France,147,EVT-1198,2e édition du Tour de France,1904,1,4,YEAR,,HIGH,GENERAL_CULTURE_V2
COL-0061,france,France,148,EVT-0831,Signature de l’Entente cordiale,8 avril 1904,4,2,DAY,,HIGH,GENERAL_CULTURE_V1
COL-0061,france,France,149,EVT-1201,3e édition du Tour de France,1905,1,4,YEAR,,HIGH,GENERAL_CULTURE_V2
COL-0061,france,France,150,EVT-0005,loi de séparation des Églises et de l’État,9 décembre 1905,4,2,DAY,,HIGH,SCHOOL
COL-0061,france,France,151,EVT-1202,4e édition du Tour de France,1906,1,4,YEAR,,HIGH,GENERAL_CULTURE_V2
COL-0061,france,France,152,EVT-0084,arrêt de la Cour de cassation réhabilitant Dreyfus,12 juillet 1906,4,2,DAY,,HIGH,SCHOOL
COL-0061,france,France,153,EVT-0085,réintégration militaire,13 juillet 1906,3,4,DAY,,HIGH,SCHOOL
COL-0061,france,France,154,EVT-0088,loi sur le libre salaire de la femme mariée,13 juillet 1907,3,3,DAY,,HIGH,SCHOOL
COL-0061,france,France,155,EVT-1206,6e édition du Tour de France,1908,1,4,YEAR,,HIGH,GENERAL_CULTURE_V2
COL-0061,france,France,156,EVT-1208,7e édition du Tour de France,1909,1,4,YEAR,,HIGH,GENERAL_CULTURE_V2
COL-0061,france,France,157,EVT-1211,8e édition du Tour de France,1910,1,4,YEAR,,HIGH,GENERAL_CULTURE_V2
COL-0061,france,France,158,EVT-1213,9e édition du Tour de France,1911,1,4,YEAR,,HIGH,GENERAL_CULTURE_V2
COL-0061,france,France,159,EVT-1217,11e édition du Tour de France,1913,1,4,YEAR,,HIGH,GENERAL_CULTURE_V2
COL-0061,france,France,160,EVT-0788,Première du Sacre du printemps de Stravinsky,29 mai 1913,5,1,DAY,,HIGH,GENERAL_CULTURE_V1
COL-0061,france,France,161,EVT-1218,12e édition du Tour de France,1914,1,4,YEAR,,HIGH,GENERAL_CULTURE_V2
COL-0061,france,France,162,EVT-0480,Déclaration de guerre de l’Allemagne à la France,3 août 1914,3,4,DAY,,HIGH,SCHOOL
COL-0061,france,France,163,EVT-0207,Première bataille de la Marne,6-12 septembre 1914,4,3,RANGE,,HIGH,SCHOOL
COL-0061,france,France,164,EVT-0482,Bataille de Verdun,21 février-18 décembre 1916,5,2,RANGE,,HIGH,SCHOOL
COL-0061,france,France,165,EVT-0210,bataille de la Somme,1er juillet - 18 novembre 1916,4,3,RANGE,,HIGH,SCHOOL
COL-0061,france,France,166,EVT-0212,première grande offensive de printemps,21 mars - 5 avril 1918,3,3,RANGE,,HIGH,SCHOOL
COL-0061,france,France,167,EVT-0091,Armistice de Rethondes,11 novembre 1918,5,1,DAY,,HIGH,SCHOOL
COL-0061,france,France,168,EVT-1221,13e édition du Tour de France,1919,1,4,YEAR,,HIGH,GENERAL_CULTURE_V2
COL-0061,france,France,169,EVT-0486,Ouverture de la conférence de la paix de Paris,18 janvier 1919,3,4,DAY,,HIGH,SCHOOL
COL-0061,france,France,170,EVT-0092,Signature du traité de Versailles,28 juin 1919,4,3,DAY,,HIGH,SCHOOL
COL-0061,france,France,171,EVT-1225,14e édition du Tour de France,1920,1,4,YEAR,,HIGH,GENERAL_CULTURE_V2
COL-0061,france,France,172,EVT-0845,Première réunion du Conseil de la Société des Nations,16 janvier 1920,4,2,DAY,,HIGH,GENERAL_CULTURE_V1
COL-0061,france,France,173,EVT-0236,choix du cercueil du Soldat inconnu,10 novembre 1920,2,4,DAY,,HIGH,SCHOOL
COL-0061,france,France,174,EVT-0237,cérémonie du Soldat inconnu sous l’Arc,11 novembre 1920,2,3,DAY,,HIGH,SCHOOL
COL-0061,france,France,175,EVT-0238,inhumation définitive du Soldat inconnu,28 janvier 1921,2,4,DAY,,HIGH,SCHOOL
COL-0061,france,France,176,EVT-1228,16e édition du Tour de France,1922,1,4,YEAR,,HIGH,GENERAL_CULTURE_V2
COL-0061,france,France,177,EVT-0848,Publication d’Ulysse de James Joyce,2 février 1922,4,2,DAY,,HIGH,GENERAL_CULTURE_V1
COL-0061,france,France,178,EVT-1230,17e édition du Tour de France,1923,1,4,YEAR,,HIGH,GENERAL_CULTURE_V2
COL-0061,france,France,179,EVT-1231,Jeux olympiques d’été de la VIIIe Olympiade à Paris,1924,3,3,YEAR,,HIGH,GENERAL_CULTURE_V2
COL-0061,france,France,180,EVT-1232,18e édition du Tour de France,1924,1,4,YEAR,,HIGH,GENERAL_CULTURE_V2
COL-0061,france,France,181,EVT-0850,Ouverture des premiers Jeux olympiques d’hiver à Chamonix,25 janvier 1924,4,2,DAY,,HIGH,GENERAL_CULTURE_V1
COL-0061,france,France,182,EVT-1235,19e édition du Tour de France,1925,1,4,YEAR,,HIGH,GENERAL_CULTURE_V2
COL-0061,france,France,183,EVT-1239,21e édition du Tour de France,1927,1,4,YEAR,,HIGH,GENERAL_CULTURE_V2
COL-0061,france,France,184,EVT-0802,Charles Lindbergh achève le premier vol solo sans escale New York-Paris,21 mai 1927,5,1,DAY,,HIGH,GENERAL_CULTURE_V1
COL-0061,france,France,185,EVT-1242,22e édition du Tour de France,1928,1,4,YEAR,,HIGH,GENERAL_CULTURE_V2
COL-0061,france,France,186,EVT-1246,23e édition du Tour de France,1929,1,4,YEAR,,HIGH,GENERAL_CULTURE_V2
COL-0061,france,France,187,EVT-1249,24e édition du Tour de France,1930,1,4,YEAR,,HIGH,GENERAL_CULTURE_V2
COL-0061,france,France,188,EVT-0011,Population urbaine majoritaire en France,1931,2,3,YEAR,,HIGH,SCHOOL
COL-0061,france,France,189,EVT-1251,25e édition du Tour de France,1931,1,4,YEAR,,HIGH,GENERAL_CULTURE_V2
COL-0061,france,France,190,EVT-1258,27e édition du Tour de France,1933,1,4,YEAR,,HIGH,GENERAL_CULTURE_V2
COL-0061,france,France,191,EVT-1261,28e édition du Tour de France,1934,1,4,YEAR,,HIGH,GENERAL_CULTURE_V2
COL-0061,france,France,192,EVT-1264,29e édition du Tour de France,1935,1,4,YEAR,,HIGH,GENERAL_CULTURE_V2
COL-0061,france,France,193,EVT-0356,Front populaire en France,1936-1938,4,2,RANGE,,HIGH,SCHOOL
COL-0061,france,France,194,EVT-1267,30e édition du Tour de France,1936,1,4,YEAR,,HIGH,GENERAL_CULTURE_V2
COL-0061,france,France,195,EVT-0093,Léon Blum devient président du Conseil,4 juin 1936,3,3,DAY,,HIGH,SCHOOL
COL-0061,france,France,196,EVT-0094,Accords de Matignon,nuit du 7 au 8 juin 1936,3,3,RANGE,,HIGH,SCHOOL
COL-0061,france,France,197,EVT-0095,Loi instituant les congés payés,20 juin 1936,3,3,DAY,,HIGH,SCHOOL
COL-0061,france,France,198,EVT-0096,Loi sur la semaine de quarante heures,21 juin 1936,3,3,DAY,,HIGH,SCHOOL
COL-0061,france,France,199,EVT-1273,IIIe Coupe du monde de football organisée en France,1938,3,3,YEAR,,HIGH,GENERAL_CULTURE_V2
COL-0061,france,France,200,EVT-1275,32e édition du Tour de France,1938,1,4,YEAR,,HIGH,GENERAL_CULTURE_V2
COL-0061,france,France,201,EVT-1277,33e édition du Tour de France,1939,1,4,YEAR,,HIGH,GENERAL_CULTURE_V2
COL-0061,france,France,202,EVT-0098,Déclaration de guerre française et britannique à l'Allemagne,3 septembre 1939,2,3,DAY,,HIGH,SCHOOL
COL-0061,france,France,203,EVT-0508,Entrée des troupes allemandes dans Paris,14 juin 1940,3,3,DAY,,HIGH,SCHOOL
COL-0061,france,France,204,EVT-0103,Formation du gouvernement Pétain : Philippe Pétain devient président du Conseil,16 juin 1940,4,3,DAY,,HIGH,SCHOOL
COL-0061,france,France,205,EVT-0246,demande française d’armistice,17 juin 1940,2,3,DAY,,HIGH,SCHOOL
COL-0061,france,France,206,EVT-0014,Appel du 18 juin du général de Gaulle,18 juin 1940,5,2,DAY,,HIGH,SCHOOL
COL-0061,france,France,207,EVT-0105,signature de l’armistice franco-allemand à Rethondes,22 juin 1940,3,3,DAY,,HIGH,SCHOOL
COL-0061,france,France,208,EVT-0248,Entrée en vigueur du cessez-le-feu franco-allemand de juin 1940,25 juin 1940,2,4,DAY,,HIGH,SCHOOL
COL-0061,france,France,209,EVT-0249,reconnaissance de De Gaulle comme chef des Français libres par le Royaume-Uni,28 juin 1940,4,3,DAY,,HIGH,SCHOOL
COL-0061,france,France,210,EVT-0106,Vote des pleins pouvoirs constituants à Pétain,10 juillet 1940,4,3,DAY,,HIGH,SCHOOL
COL-0061,france,France,211,EVT-0107,Actes constitutionnels instituant l'État français,11 juillet 1940,4,3,DAY,,HIGH,SCHOOL
COL-0061,france,France,212,EVT-0015,Rafle du Vel d’Hiv,16-17 juillet 1942,4,3,RANGE,,HIGH,SCHOOL
COL-0061,france,France,213,EVT-0016,Première réunion du Conseil national de la Résistance,27 mai 1943,4,3,DAY,,HIGH,SCHOOL
COL-0061,france,France,214,EVT-0109,Adoption du programme du CNR,15 mars 1944,4,3,DAY,,HIGH,SCHOOL
COL-0061,france,France,215,EVT-0006,Ordonnance du 21 avril 1944 accordant aux femmes le droit de vote et d’éligibilité,21 avril 1944,4,2,DAY,,HIGH,SCHOOL
COL-0061,france,France,216,EVT-0360,Création officielle du Gouvernement provisoire de la République française,3 juin 1944,3,3,DAY,,HIGH,SCHOOL
COL-0061,france,France,217,EVT-0017,Débarquement allié en Normandie,6 juin 1944,5,2,DAY,,HIGH,SCHOOL
COL-0061,france,France,218,EVT-0284,Naissance de l’Agence France-Presse,20 août 1944,4,3,DAY,,HIGH,SCHOOL
COL-0061,france,France,219,EVT-0100,Libération de Paris,25 août 1944,4,3,DAY,,HIGH,SCHOOL
COL-0061,france,France,220,EVT-0007,Première participation des Françaises à un scrutin (élections municipales),29 avril 1945 aux municipales,4,2,DAY,,HIGH,SCHOOL
COL-0061,france,France,221,EVT-0128,Ordonnance fondatrice de l'organisation de la Sécurité sociale,4 octobre 1945 (entrée en vigueur 7 octobre 1945),4,3,RANGE,,HIGH,SCHOOL
COL-0061,france,France,222,EVT-0008,Premier vote des Françaises à un scrutin national,21 octobre 1945,4,3,DAY,,HIGH,SCHOOL
COL-0061,france,France,223,EVT-1292,34e édition du Tour de France,1947,1,4,YEAR,,HIGH,GENERAL_CULTURE_V2
COL-0061,france,France,224,EVT-1296,35e édition du Tour de France,1948,1,4,YEAR,,HIGH,GENERAL_CULTURE_V2
COL-0061,france,France,225,EVT-0865,Adoption de la Déclaration universelle des droits de l’homme,10 décembre 1948,5,1,DAY,,HIGH,GENERAL_CULTURE_V1
COL-0061,france,France,226,EVT-1306,37e édition du Tour de France,1950,1,4,YEAR,,HIGH,GENERAL_CULTURE_V2
COL-0061,france,France,227,EVT-0018,Déclaration Schuman,9 mai 1950,5,2,DAY,,HIGH,SCHOOL
COL-0061,france,France,228,EVT-1311,38e édition du Tour de France,1951,1,4,YEAR,,HIGH,GENERAL_CULTURE_V2
COL-0061,france,France,229,EVT-0116,Signature du traité de Paris instituant la CECA,18 avril 1951,4,2,DAY,,HIGH,SCHOOL
COL-0061,france,France,230,EVT-1318,39e édition du Tour de France,1952,1,4,YEAR,,HIGH,GENERAL_CULTURE_V2
COL-0061,france,France,231,EVT-1325,40e édition du Tour de France,1953,1,4,YEAR,,HIGH,GENERAL_CULTURE_V2
COL-0061,france,France,232,EVT-0530,Début de la guerre d’Algérie,1er novembre 1954,5,2,DAY,,HIGH,SCHOOL
COL-0061,france,France,233,EVT-1337,42e édition du Tour de France,1955,1,4,YEAR,,HIGH,GENERAL_CULTURE_V2
COL-0061,france,France,234,EVT-1346,43e édition du Tour de France,1956,1,4,YEAR,,HIGH,GENERAL_CULTURE_V2
COL-0061,france,France,235,EVT-1352,44e édition du Tour de France,1957,1,4,YEAR,,HIGH,GENERAL_CULTURE_V2
COL-0061,france,France,236,EVT-0285,Adoption du statut de l’AFP,10 janvier 1957,3,4,DAY,,HIGH,SCHOOL
COL-0061,france,France,237,EVT-1358,45e édition du Tour de France,1958,1,4,YEAR,,HIGH,GENERAL_CULTURE_V2
COL-0061,france,France,238,EVT-0361,Référendum constitutionnel fondant la Ve République,28 septembre 1958,4,3,DAY,,HIGH,SCHOOL
COL-0061,france,France,239,EVT-0362,Promulgation de la Constitution de la Ve République,4 octobre 1958,4,3,DAY,,HIGH,SCHOOL
COL-0061,france,France,240,EVT-0531,Élection de Charles de Gaulle à la présidence de la République,21 décembre 1958,3,4,DAY,,HIGH,SCHOOL
COL-0061,france,France,241,EVT-1367,46e édition du Tour de France,1959,1,4,YEAR,,HIGH,GENERAL_CULTURE_V2
COL-0061,france,France,242,EVT-1376,Ie Championnat d’Europe de football organisé en France,1960,2,4,YEAR,,HIGH,GENERAL_CULTURE_V2
COL-0061,france,France,243,EVT-1384,48e édition du Tour de France,1961,1,4,YEAR,,HIGH,GENERAL_CULTURE_V2
COL-0061,france,France,244,EVT-1392,49e édition du Tour de France,1962,1,4,YEAR,,HIGH,GENERAL_CULTURE_V2
COL-0061,france,France,245,EVT-0120,Signature des accords d'Évian,18 mars 1962,4,2,DAY,,HIGH,SCHOOL
COL-0061,france,France,246,EVT-0123,Reconnaissance de l'indépendance par la France / transfert de souveraineté,3 juillet 1962,3,4,DAY,,HIGH,SCHOOL
COL-0061,france,France,247,EVT-0363,Référendum sur l’élection présidentielle au suffrage universel direct,28 octobre 1962,3,3,DAY,,HIGH,SCHOOL
COL-0061,france,France,248,EVT-1399,50e édition du Tour de France,1963,2,4,YEAR,,HIGH,GENERAL_CULTURE_V2
COL-0061,france,France,249,EVT-1406,51e édition du Tour de France,1964,1,4,YEAR,,HIGH,GENERAL_CULTURE_V2
COL-0061,france,France,250,EVT-1415,Élection présidentielle française remportée par Charles de Gaulle,1965,3,3,YEAR,,HIGH,GENERAL_CULTURE_V2
COL-0061,france,France,251,EVT-0129,Loi réformant les régimes matrimoniaux et renforçant l'autonomie professionnelle de la femme mariée,13 juillet 1965,2,4,DAY,,HIGH,SCHOOL
COL-0061,france,France,252,EVT-1425,53e édition du Tour de France,1966,1,4,YEAR,,HIGH,GENERAL_CULTURE_V2
COL-0061,france,France,253,EVT-1433,54e édition du Tour de France,1967,1,4,YEAR,,HIGH,GENERAL_CULTURE_V2
COL-0061,france,France,254,EVT-1441,55e édition du Tour de France,1968,1,4,YEAR,,HIGH,GENERAL_CULTURE_V2
COL-0061,france,France,255,EVT-1445,Xe Jeux olympiques d’hiver à Grenoble,1968,2,4,YEAR,,HIGH,GENERAL_CULTURE_V2
COL-0061,france,France,256,EVT-0537,Mai 68 en France,2 mai-23 juin 1968,5,1,RANGE,,HIGH,SCHOOL
COL-0061,france,France,257,EVT-1450,Élection présidentielle française remportée par Georges Pompidou,1969,3,3,YEAR,,HIGH,GENERAL_CULTURE_V2
COL-0061,france,France,258,EVT-1453,56e édition du Tour de France,1969,1,4,YEAR,,HIGH,GENERAL_CULTURE_V2
COL-0061,france,France,259,EVT-0539,Démission de Charles de Gaulle,28 avril 1969,3,3,DAY,,HIGH,SCHOOL
COL-0061,france,France,260,EVT-0130,Loi remplaçant la puissance paternelle par l'autorité parentale,4 juin 1970,4,4,DAY,,HIGH,SCHOOL
COL-0061,france,France,261,EVT-1469,58e édition du Tour de France,1971,1,4,YEAR,,HIGH,GENERAL_CULTURE_V2
COL-0061,france,France,262,EVT-1479,59e édition du Tour de France,1972,1,4,YEAR,,HIGH,GENERAL_CULTURE_V2
COL-0061,france,France,263,EVT-1488,60e édition du Tour de France,1973,1,4,YEAR,,HIGH,GENERAL_CULTURE_V2
COL-0061,france,France,264,EVT-1494,Élection présidentielle française remportée par Valéry Giscard d’Estaing,1974,3,3,YEAR,,HIGH,GENERAL_CULTURE_V2
COL-0061,france,France,265,EVT-1499,61e édition du Tour de France,1974,1,4,YEAR,,HIGH,GENERAL_CULTURE_V2
COL-0061,france,France,266,EVT-0131,Loi abaissant la majorité civile à 18 ans,5 juillet 1974,4,4,DAY,,HIGH,SCHOOL
COL-0061,france,France,267,EVT-0132,Loi Veil sur l'IVG,17 janvier 1975,4,3,DAY,,HIGH,SCHOOL
COL-0061,france,France,268,EVT-1508,1re cérémonie des César,1976,2,4,YEAR,,HIGH,GENERAL_CULTURE_V2
COL-0061,france,France,269,EVT-1515,63e édition du Tour de France,1976,1,4,YEAR,,HIGH,GENERAL_CULTURE_V2
COL-0061,france,France,270,EVT-1521,2e cérémonie des César,1977,1,4,YEAR,,HIGH,GENERAL_CULTURE_V2
COL-0061,france,France,271,EVT-1528,64e édition du Tour de France,1977,1,4,YEAR,,HIGH,GENERAL_CULTURE_V2
COL-0061,france,France,272,EVT-1535,65e édition du Tour de France,1978,1,4,YEAR,,HIGH,GENERAL_CULTURE_V2
COL-0061,france,France,273,EVT-1537,4e cérémonie des César,1979,1,4,YEAR,,HIGH,GENERAL_CULTURE_V2
COL-0061,france,France,274,EVT-1543,66e édition du Tour de France,1979,1,4,YEAR,,HIGH,GENERAL_CULTURE_V2
COL-0061,france,France,275,EVT-1547,5e cérémonie des César,1980,1,4,YEAR,,HIGH,GENERAL_CULTURE_V2
COL-0061,france,France,276,EVT-1560,6e cérémonie des César,1981,1,4,YEAR,,HIGH,GENERAL_CULTURE_V2
COL-0061,france,France,277,EVT-1564,68e édition du Tour de France,1981,1,4,YEAR,,HIGH,GENERAL_CULTURE_V2
COL-0061,france,France,278,EVT-0364,Élection de François Mitterrand à la présidence de la République,10 mai 1981,4,3,DAY,,HIGH,SCHOOL
COL-0061,france,France,279,EVT-0133,Abolition de la peine de mort,9 octobre 1981,4,3,DAY,,HIGH,SCHOOL
COL-0061,france,France,280,EVT-1565,7e cérémonie des César,1982,1,4,YEAR,,HIGH,GENERAL_CULTURE_V2
COL-0061,france,France,281,EVT-1573,69e édition du Tour de France,1982,1,4,YEAR,,HIGH,GENERAL_CULTURE_V2
COL-0061,france,France,282,EVT-0134,"Loi de décentralisation relative aux droits et libertés des communes, départements et régions",2 mars 1982,2,4,DAY,,HIGH,SCHOOL
COL-0061,france,France,283,EVT-1582,70e édition du Tour de France,1983,1,4,YEAR,,HIGH,GENERAL_CULTURE_V2
COL-0061,france,France,284,EVT-1585,9e cérémonie des César,1984,1,4,YEAR,,HIGH,GENERAL_CULTURE_V2
COL-0061,france,France,285,EVT-1591,71e édition du Tour de France,1984,1,4,YEAR,,HIGH,GENERAL_CULTURE_V2
COL-0061,france,France,286,EVT-1592,VIIe Championnat d’Europe de football organisé en France,1984,2,4,YEAR,,HIGH,GENERAL_CULTURE_V2
COL-0061,france,France,287,EVT-1597,10e cérémonie des César,1985,1,4,YEAR,,HIGH,GENERAL_CULTURE_V2
COL-0061,france,France,288,EVT-1602,72e édition du Tour de France,1985,1,4,YEAR,,HIGH,GENERAL_CULTURE_V2
COL-0061,france,France,289,EVT-1605,11e cérémonie des César,1986,1,4,YEAR,,HIGH,GENERAL_CULTURE_V2
COL-0061,france,France,290,EVT-1622,74e édition du Tour de France,1987,1,4,YEAR,,HIGH,GENERAL_CULTURE_V2
COL-0061,france,France,291,EVT-1627,13e cérémonie des César,1988,1,4,YEAR,,HIGH,GENERAL_CULTURE_V2
COL-0061,france,France,292,EVT-1629,Élection présidentielle française remportée par François Mitterrand,1988,3,3,YEAR,,HIGH,GENERAL_CULTURE_V2
COL-0061,france,France,293,EVT-1635,75e édition du Tour de France,1988,1,4,YEAR,,HIGH,GENERAL_CULTURE_V2
COL-0061,france,France,294,EVT-0135,Loi instituant le revenu minimum d'insertion,1er décembre 1988,2,4,DAY,,HIGH,SCHOOL
COL-0061,france,France,295,EVT-1643,14e cérémonie des César,1989,1,4,YEAR,,HIGH,GENERAL_CULTURE_V2
COL-0061,france,France,296,EVT-1648,76e édition du Tour de France,1989,1,4,YEAR,,HIGH,GENERAL_CULTURE_V2
COL-0061,france,France,297,EVT-1650,15e cérémonie des César,1990,1,4,YEAR,,HIGH,GENERAL_CULTURE_V2
COL-0061,france,France,298,EVT-1656,77e édition du Tour de France,1990,1,4,YEAR,,HIGH,GENERAL_CULTURE_V2
COL-0061,france,France,299,EVT-0256,jonction historique du tunnel de service,1er décembre 1990,1,4,DAY,,HIGH,SCHOOL
COL-0061,france,France,300,EVT-1661,16e cérémonie des César,1991,1,4,YEAR,,HIGH,GENERAL_CULTURE_V2
COL-0061,france,France,301,EVT-0257,jonction du tunnel ferroviaire nord,22 mai 1991,1,4,DAY,,HIGH,SCHOOL
COL-0061,france,France,302,EVT-0258,jonction du tunnel ferroviaire sud,28 juin 1991,1,4,DAY,,HIGH,SCHOOL
COL-0061,france,France,303,EVT-1677,79e édition du Tour de France,1992,1,4,YEAR,,HIGH,GENERAL_CULTURE_V2
COL-0061,france,France,304,EVT-1682,XVIe Jeux olympiques d’hiver à Albertville,1992,2,4,YEAR,,HIGH,GENERAL_CULTURE_V2
COL-0061,france,France,305,EVT-1685,18e cérémonie des César,1993,1,4,YEAR,,HIGH,GENERAL_CULTURE_V2
COL-0061,france,France,306,EVT-1690,80e édition du Tour de France,1993,1,4,YEAR,,HIGH,GENERAL_CULTURE_V2
COL-0061,france,France,307,EVT-1695,19e cérémonie des César,1994,1,4,YEAR,,HIGH,GENERAL_CULTURE_V2
COL-0061,france,France,308,EVT-1703,81e édition du Tour de France,1994,1,4,YEAR,,HIGH,GENERAL_CULTURE_V2
COL-0061,france,France,309,EVT-0259,inauguration officielle du tunnel,6 mai 1994,2,3,DAY,,HIGH,SCHOOL
COL-0061,france,France,310,EVT-1704,Inauguration du tunnel sous la Manche,6 mai 1994,4,3,DAY,,HIGH,GENERAL_CULTURE_V2
COL-0061,france,France,311,EVT-0260,premier train de marchandises en exploitation commerciale,1er juin 1994,1,4,DAY,,HIGH,SCHOOL
COL-0061,france,France,312,EVT-0261,début du service commercial Eurostar,14 novembre 1994,2,3,DAY,,HIGH,SCHOOL
COL-0061,france,France,313,EVT-1709,20e cérémonie des César,1995,1,4,YEAR,,HIGH,GENERAL_CULTURE_V2
COL-0061,france,France,314,EVT-1711,Élection présidentielle française remportée par Jacques Chirac,1995,3,3,YEAR,,HIGH,GENERAL_CULTURE_V2
COL-0061,france,France,315,EVT-1716,82e édition du Tour de France,1995,1,4,YEAR,,HIGH,GENERAL_CULTURE_V2
COL-0061,france,France,316,EVT-0936,Signature des accords de Dayton à Paris,14 décembre 1995,5,1,DAY,,HIGH,GENERAL_CULTURE_V1
COL-0061,france,France,317,EVT-1730,22e cérémonie des César,1997,1,4,YEAR,,HIGH,GENERAL_CULTURE_V2
COL-0061,france,France,318,EVT-1734,84e édition du Tour de France,1997,1,4,YEAR,,HIGH,GENERAL_CULTURE_V2
COL-0061,france,France,319,EVT-1735,"Mort de Diana, princesse de Galles",31 août 1997,4,3,DAY,,HIGH,GENERAL_CULTURE_V2
COL-0061,france,France,320,EVT-1739,23e cérémonie des César,1998,1,4,YEAR,,HIGH,GENERAL_CULTURE_V2
COL-0061,france,France,321,EVT-1741,XVIe Coupe du monde de football organisée en France,1998,3,3,YEAR,,HIGH,GENERAL_CULTURE_V2
COL-0061,france,France,322,EVT-1747,85e édition du Tour de France,1998,1,4,YEAR,,HIGH,GENERAL_CULTURE_V2
COL-0061,france,France,323,EVT-0941,Victoire de la France à la Coupe du monde de football,12 juillet 1998,5,1,DAY,,HIGH,GENERAL_CULTURE_V1
COL-0061,france,France,324,EVT-1751,24e cérémonie des César,1999,1,4,YEAR,,HIGH,GENERAL_CULTURE_V2
COL-0061,france,France,325,EVT-1756,86e édition du Tour de France,1999,1,4,YEAR,,HIGH,GENERAL_CULTURE_V2
COL-0061,france,France,326,EVT-1759,25e cérémonie des César,2000,1,4,YEAR,,HIGH,GENERAL_CULTURE_V2
COL-0061,france,France,327,EVT-1765,87e édition du Tour de France,2000,1,4,YEAR,,HIGH,GENERAL_CULTURE_V2
COL-0061,france,France,328,EVT-1780,27e cérémonie des César,2002,1,4,YEAR,,HIGH,GENERAL_CULTURE_V2
COL-0061,france,France,329,EVT-1783,Élection présidentielle française remportée par Jacques Chirac,2002,3,3,YEAR,,HIGH,GENERAL_CULTURE_V2
COL-0061,france,France,330,EVT-1787,89e édition du Tour de France,2002,1,4,YEAR,,HIGH,GENERAL_CULTURE_V2
COL-0061,france,France,331,EVT-1790,28e cérémonie des César,2003,1,4,YEAR,,HIGH,GENERAL_CULTURE_V2
COL-0061,france,France,332,EVT-1797,90e édition du Tour de France,2003,1,4,YEAR,,HIGH,GENERAL_CULTURE_V2
COL-0061,france,France,333,EVT-1802,29e cérémonie des César,2004,1,4,YEAR,,HIGH,GENERAL_CULTURE_V2
COL-0061,france,France,334,EVT-1809,91e édition du Tour de France,2004,1,4,YEAR,,HIGH,GENERAL_CULTURE_V2
COL-0061,france,France,335,EVT-1816,92e édition du Tour de France,2005,1,4,YEAR,,HIGH,GENERAL_CULTURE_V2
COL-0061,france,France,336,EVT-1821,31e cérémonie des César,2006,1,4,YEAR,,HIGH,GENERAL_CULTURE_V2
COL-0061,france,France,337,EVT-1828,93e édition du Tour de France,2006,1,4,YEAR,,HIGH,GENERAL_CULTURE_V2
COL-0061,france,France,338,EVT-1836,32e cérémonie des César,2007,1,4,YEAR,,HIGH,GENERAL_CULTURE_V2
COL-0061,france,France,339,EVT-1838,Élection présidentielle française remportée par Nicolas Sarkozy,2007,3,3,YEAR,,HIGH,GENERAL_CULTURE_V2
COL-0061,france,France,340,EVT-1842,VIe Coupe du monde de rugby organisée en France,2007,2,4,YEAR,,HIGH,GENERAL_CULTURE_V2
COL-0061,france,France,341,EVT-1845,33e cérémonie des César,2008,1,4,YEAR,,HIGH,GENERAL_CULTURE_V2
COL-0061,france,France,342,EVT-1851,95e édition du Tour de France,2008,1,4,YEAR,,HIGH,GENERAL_CULTURE_V2
COL-0061,france,France,343,EVT-1861,96e édition du Tour de France,2009,1,4,YEAR,,HIGH,GENERAL_CULTURE_V2
COL-0061,france,France,344,EVT-0326,Création de l’ANSSI,7 juillet 2009,3,3,DAY,,HIGH,SCHOOL
COL-0061,france,France,345,EVT-0312,Inscription du repas gastronomique des Français sur la Liste représentative du patrimoine culturel immatériel,2010,3,3,YEAR,,HIGH,SCHOOL
COL-0061,france,France,346,EVT-1869,35e cérémonie des César,2010,1,4,YEAR,,HIGH,GENERAL_CULTURE_V2
COL-0061,france,France,347,EVT-1877,97e édition du Tour de France,2010,1,4,YEAR,,HIGH,GENERAL_CULTURE_V2
COL-0061,france,France,348,EVT-1882,36e cérémonie des César,2011,1,4,YEAR,,HIGH,GENERAL_CULTURE_V2
COL-0061,france,France,349,EVT-1887,98e édition du Tour de France,2011,1,4,YEAR,,HIGH,GENERAL_CULTURE_V2
COL-0061,france,France,350,EVT-0311,Inscription du Bassin minier du Nord-Pas-de-Calais au patrimoine mondial,2012,3,3,YEAR,,HIGH,SCHOOL
COL-0061,france,France,351,EVT-1891,37e cérémonie des César,2012,1,4,YEAR,,HIGH,GENERAL_CULTURE_V2
COL-0061,france,France,352,EVT-1893,Élection présidentielle française remportée par François Hollande,2012,3,3,YEAR,,HIGH,GENERAL_CULTURE_V2
COL-0061,france,France,353,EVT-1904,38e cérémonie des César,2013,1,4,YEAR,,HIGH,GENERAL_CULTURE_V2
COL-0061,france,France,354,EVT-1909,100e édition du Tour de France,2013,2,4,YEAR,,HIGH,GENERAL_CULTURE_V2
COL-0061,france,France,355,EVT-1920,101e édition du Tour de France,2014,1,4,YEAR,,HIGH,GENERAL_CULTURE_V2
COL-0061,france,France,356,EVT-1927,40e cérémonie des César,2015,1,4,YEAR,,HIGH,GENERAL_CULTURE_V2
COL-0061,france,France,357,EVT-1934,102e édition du Tour de France,2015,1,4,YEAR,,HIGH,GENERAL_CULTURE_V2
COL-0061,france,France,358,EVT-1008,Attentats de Paris du 13 novembre,13 novembre 2015,5,1,DAY,,HIGH,GENERAL_CULTURE_V1
COL-0061,france,France,359,EVT-0320,Adoption de l’accord de Paris,12 décembre 2015,5,2,DAY,,HIGH,SCHOOL
COL-0061,france,France,360,EVT-1935,41e cérémonie des César,2016,1,4,YEAR,,HIGH,GENERAL_CULTURE_V2
COL-0061,france,France,361,EVT-1943,103e édition du Tour de France,2016,1,4,YEAR,,HIGH,GENERAL_CULTURE_V2
COL-0061,france,France,362,EVT-1944,XVe Championnat d’Europe de football organisé en France,2016,2,4,YEAR,,HIGH,GENERAL_CULTURE_V2
COL-0061,france,France,363,EVT-0321,Entrée en vigueur de l’accord de Paris,4 novembre 2016,4,4,DAY,,HIGH,SCHOOL
COL-0061,france,France,364,EVT-1950,42e cérémonie des César,2017,1,4,YEAR,,HIGH,GENERAL_CULTURE_V2
COL-0061,france,France,365,EVT-1952,Élection présidentielle française remportée par Emmanuel Macron,2017,3,3,YEAR,,HIGH,GENERAL_CULTURE_V2
COL-0061,france,France,366,EVT-1964,105e édition du Tour de France,2018,1,4,YEAR,,HIGH,GENERAL_CULTURE_V2
COL-0061,france,France,367,EVT-1969,44e cérémonie des César,2019,1,4,YEAR,,HIGH,GENERAL_CULTURE_V2
COL-0061,france,France,368,EVT-1977,106e édition du Tour de France,2019,1,4,YEAR,,HIGH,GENERAL_CULTURE_V2
COL-0061,france,France,369,EVT-1014,Incendie de la cathédrale Notre-Dame de Paris,15 avril 2019,5,1,DAY,,HIGH,GENERAL_CULTURE_V1
COL-0061,france,France,370,EVT-1981,45e cérémonie des César,2020,1,4,YEAR,,HIGH,GENERAL_CULTURE_V2
COL-0061,france,France,371,EVT-1986,107e édition du Tour de France,2020,1,4,YEAR,,HIGH,GENERAL_CULTURE_V2
COL-0061,france,France,372,EVT-1990,46e cérémonie des César,2021,1,4,YEAR,,HIGH,GENERAL_CULTURE_V2
COL-0061,france,France,373,EVT-1995,108e édition du Tour de France,2021,1,4,YEAR,,HIGH,GENERAL_CULTURE_V2
COL-0061,france,France,374,EVT-2000,47e cérémonie des César,2022,1,4,YEAR,,HIGH,GENERAL_CULTURE_V2
COL-0061,france,France,375,EVT-2004,Élection présidentielle française remportée par Emmanuel Macron,2022,3,3,YEAR,,HIGH,GENERAL_CULTURE_V2
COL-0061,france,France,376,EVT-2014,Xe Coupe du monde de rugby organisée en France,2023,2,4,YEAR,,HIGH,GENERAL_CULTURE_V2
COL-0061,france,France,377,EVT-2015,110e édition du Tour de France,2023,1,4,YEAR,,HIGH,GENERAL_CULTURE_V2
COL-0061,france,France,378,EVT-2020,49e cérémonie des César,2024,1,4,YEAR,,HIGH,GENERAL_CULTURE_V2
COL-0061,france,France,379,EVT-2027,111e édition du Tour de France,2024,1,4,YEAR,,HIGH,GENERAL_CULTURE_V2
COL-0061,france,France,380,EVT-2030,Ouverture des Jeux olympiques de Paris 2024,26 juillet 2024,4,3,DAY,,HIGH,GENERAL_CULTURE_V2
COL-0061,france,France,381,EVT-2033,50e cérémonie des César,2025,1,4,YEAR,,HIGH,GENERAL_CULTURE_V2
COL-0061,france,France,382,EVT-2040,112e édition du Tour de France,2025,1,4,YEAR,,HIGH,GENERAL_CULTURE_V2
COL-0062,europe,Europe,1,EVT-0023,Première date traditionnelle des Jeux olympiques antiques,776 av. J.-C.,4,3,YEAR,,HIGH,SCHOOL
COL-0062,europe,Europe,2,EVT-0024,Fondation traditionnelle de Rome,21 avril 753 av. J.-C.,4,3,DAY,,HIGH,SCHOOL
COL-0062,europe,Europe,3,EVT-0571,Lois de Dracon à Athènes,621 av. J.-C.,3,4,YEAR,,HIGH,GENERAL_CULTURE_V1
COL-0062,europe,Europe,4,EVT-0556,Réformes de Solon à Athènes,594 av. J.-C.,4,3,YEAR,,HIGH,GENERAL_CULTURE_V1
COL-0062,europe,Europe,5,EVT-0382,Fondation traditionnelle de la République romaine,509 av. J.-C.,3,4,YEAR,,HIGH,SCHOOL
COL-0062,europe,Europe,6,EVT-0372,Réformes de Clisthène à Athènes,508/507 av. J.-C.,3,4,RANGE,,HIGH,SCHOOL
COL-0062,europe,Europe,7,EVT-0030,Périclès,vers 495-429 av. J.-C.,4,3,RANGE,,HIGH,SCHOOL
COL-0062,europe,Europe,8,EVT-0373,Bataille de Marathon,490 av. J.-C.,4,3,YEAR,,HIGH,SCHOOL
COL-0062,europe,Europe,9,EVT-0374,Bataille de Salamine,480 av. J.-C.,4,3,YEAR,,HIGH,SCHOOL
COL-0062,europe,Europe,10,EVT-0550,Bataille des Thermopyles,août 480 av. J.-C.,5,2,MONTH,,HIGH,GENERAL_CULTURE_V1
COL-0062,europe,Europe,11,EVT-0375,Création de la ligue de Délos,478 av. J.-C.,3,4,YEAR,,HIGH,SCHOOL
COL-0062,europe,Europe,12,EVT-0136,« moment Périclès » / Athènes du Ve siècle av. J.-C.,env. 461-429 av. J.-C. pour sa prééminence politique ; décès en 429,4,3,RANGE,,HIGH,SCHOOL
COL-0062,europe,Europe,13,EVT-0376,Guerre du Péloponnèse,431-404 av. J.-C.,4,3,RANGE,,HIGH,SCHOOL
COL-0062,europe,Europe,14,EVT-0572,Capitulation d’Athènes et fin de la guerre du Péloponnèse,404 av. J.-C.,3,4,YEAR,,HIGH,GENERAL_CULTURE_V1
COL-0062,europe,Europe,15,EVT-0377,Mort de Socrate,399 av. J.-C.,3,4,YEAR,,HIGH,SCHOOL
COL-0062,europe,Europe,16,EVT-1053,Procès et mort de Socrate,399 av. J.-C.,4,3,YEAR,,HIGH,GENERAL_CULTURE_V2
COL-0062,europe,Europe,17,EVT-0557,Bataille de Chéronée et domination macédonienne sur la Grèce,338 av. J.-C.,4,3,YEAR,,HIGH,GENERAL_CULTURE_V1
COL-0062,europe,Europe,18,EVT-0378,Alexandre devient roi de Macédoine,336 av. J.-C.,4,3,YEAR,,HIGH,SCHOOL
COL-0062,europe,Europe,19,EVT-0379,Bataille d’Issos,333 av. J.-C.,3,4,YEAR,,HIGH,SCHOOL
COL-0062,europe,Europe,20,EVT-0380,Bataille de Gaugamèles,331 av. J.-C.,3,4,YEAR,,HIGH,SCHOOL
COL-0062,europe,Europe,21,EVT-0381,Mort d’Alexandre le Grand,323 av. J.-C.,4,3,YEAR,,HIGH,SCHOOL
COL-0062,europe,Europe,22,EVT-0551,Bataille de Cannes,2 août 216 av. J.-C.,5,2,DAY,,HIGH,GENERAL_CULTURE_V1
COL-0062,europe,Europe,23,EVT-0384,Destruction de Carthage par Rome,146 av. J.-C.,3,4,YEAR,,HIGH,SCHOOL
COL-0062,europe,Europe,24,EVT-0041,Règne de l’empereur Wu/Wudi,141-87 av. J.-C.,2,3,RANGE,,HIGH,SCHOOL
COL-0062,europe,Europe,25,EVT-1058,Mort de Tiberius Gracchus et crise politique romaine,133 av. J.-C.,3,4,YEAR,,HIGH,GENERAL_CULTURE_V2
COL-0062,europe,Europe,26,EVT-1059,Début de la guerre sociale en Italie,91 av. J.-C.,3,4,YEAR,,HIGH,GENERAL_CULTURE_V2
COL-0062,europe,Europe,27,EVT-0560,Début de la révolte de Spartacus,73 av. J.-C.,4,3,YEAR,,HIGH,GENERAL_CULTURE_V1
COL-0062,europe,Europe,28,EVT-0385,Jules César franchit le Rubicon,10 janvier 49 av. J.-C.,3,3,DAY,,HIGH,SCHOOL
COL-0062,europe,Europe,29,EVT-0386,Assassinat de Jules César,15 mars 44 av. J.-C.,3,3,DAY,,HIGH,SCHOOL
COL-0062,europe,Europe,30,EVT-0387,Bataille d’Actium,2 septembre 31 av. J.-C.,4,3,DAY,,HIGH,SCHOOL
COL-0062,europe,Europe,31,EVT-0032,Règne d’Auguste,27 av. J.-C. - 14 apr. J.-C.,4,2,RANGE,,HIGH,SCHOOL
COL-0062,europe,Europe,32,EVT-0033,Pax Romana,"conventionnellement de l’époque d’Auguste jusqu’au IIe siècle, souvent env. 27 av. J.-C.-180 apr. J.-C.",4,2,RANGE,,HIGH,SCHOOL
COL-0062,europe,Europe,33,EVT-0031,Octavien reçoit le titre d’Auguste,16 janvier 27 av. J.-C.,4,3,DAY,,HIGH,SCHOOL
COL-0062,europe,Europe,34,EVT-0040,Dynastie Han,"206 av. J.-C.-220 apr. J.-C., interrompue par le régime de Wang Mang/Xin (9-25 apr. J.-C.)",3,3,RANGE,,HIGH,SCHOOL
COL-0062,europe,Europe,35,EVT-0561,Défaite romaine dans la forêt de Teutoburg,septembre 9,4,3,MONTH,,HIGH,GENERAL_CULTURE_V1
COL-0062,europe,Europe,36,EVT-1060,Conquête romaine de la Bretagne sous Claude,43,3,4,YEAR,,HIGH,GENERAL_CULTURE_V2
COL-0062,europe,Europe,37,EVT-1061,Révolte de Boadicée contre Rome,60,3,4,YEAR,,HIGH,GENERAL_CULTURE_V2
COL-0062,europe,Europe,38,EVT-0562,Début du grand incendie de Rome,18 juillet 64,4,3,DAY,,HIGH,GENERAL_CULTURE_V1
COL-0062,europe,Europe,39,EVT-0035,Révolte juive,66 apr. J.-C.,2,3,YEAR,,HIGH,SCHOOL
COL-0062,europe,Europe,40,EVT-0036,Prise de Jérusalem et destruction du Second Temple,70 apr. J.-C.,4,3,YEAR,,HIGH,SCHOOL
COL-0062,europe,Europe,41,EVT-0563,Extension maximale de l’Empire romain sous Trajan,117,4,3,YEAR,,HIGH,GENERAL_CULTURE_V1
COL-0062,europe,Europe,42,EVT-1062,Début de la construction du mur d’Hadrien,122,3,4,YEAR,,HIGH,GENERAL_CULTURE_V2
COL-0062,europe,Europe,43,EVT-1063,Début de la peste antonine,165,3,4,YEAR,,HIGH,GENERAL_CULTURE_V2
COL-0062,europe,Europe,44,EVT-0034,Édit de Caracalla / Constitutio Antoniniana,212 apr. J.-C.,2,3,YEAR,,HIGH,SCHOOL
COL-0062,europe,Europe,45,EVT-0564,Constitution antonine accordant la citoyenneté romaine aux hommes libres de l’Empire,212,4,3,YEAR,,HIGH,GENERAL_CULTURE_V1
COL-0062,europe,Europe,46,EVT-1064,Édit de Caracalla accordant largement la citoyenneté romaine,212,4,3,YEAR,,HIGH,GENERAL_CULTURE_V2
COL-0062,europe,Europe,47,EVT-0574,Début conventionnel de la crise du IIIe siècle dans l’Empire romain,235,3,4,YEAR,,HIGH,GENERAL_CULTURE_V1
COL-0062,europe,Europe,48,EVT-1065,Début de la persécution de Dèce contre les chrétiens,250,3,4,YEAR,,HIGH,GENERAL_CULTURE_V2
COL-0062,europe,Europe,49,EVT-0575,Dioclétien devient empereur romain,20 novembre 284,3,4,DAY,,HIGH,GENERAL_CULTURE_V1
COL-0062,europe,Europe,50,EVT-0576,Mise en place de la Tétrarchie romaine,1 mars 293,3,4,DAY,,HIGH,GENERAL_CULTURE_V1
COL-0062,europe,Europe,51,EVT-0565,Bataille du pont Milvius,28 octobre 312,4,3,DAY,,HIGH,GENERAL_CULTURE_V1
COL-0062,europe,Europe,52,EVT-1066,Accord de Milan sur la liberté de culte dans l’Empire romain,313,4,3,YEAR,,HIGH,GENERAL_CULTURE_V2
COL-0062,europe,Europe,53,EVT-0038,Constantin devient seul maître de l’Empire,324 apr. J.-C.,3,3,YEAR,,HIGH,SCHOOL
COL-0062,europe,Europe,54,EVT-0037,Concile de Nicée,325 apr. J.-C.,4,2,YEAR,,HIGH,SCHOOL
COL-0062,europe,Europe,55,EVT-1067,Constantinople devient capitale impériale de Constantin,330,5,2,YEAR,,HIGH,GENERAL_CULTURE_V2
COL-0062,europe,Europe,56,EVT-0139,inauguration/dédicace de Constantinople comme capitale impériale,11 mai 330,2,3,DAY,,HIGH,SCHOOL
COL-0062,europe,Europe,57,EVT-1068,Bataille d’Andrinople et mort de Valens,378,4,3,YEAR,,HIGH,GENERAL_CULTURE_V2
COL-0062,europe,Europe,58,EVT-0039,Édit de Thessalonique,27 février 380,2,3,DAY,,HIGH,SCHOOL
COL-0062,europe,Europe,59,EVT-0566,Mort de Théodose Ier et partage durable de l’Empire romain,17 janvier 395,4,3,DAY,,HIGH,GENERAL_CULTURE_V1
COL-0062,europe,Europe,60,EVT-0390,Sac de Rome par Alaric,24 août 410,3,3,DAY,,HIGH,SCHOOL
COL-0062,europe,Europe,61,EVT-0567,Bataille des Champs Catalauniques,20 juin 451,4,3,DAY,,HIGH,GENERAL_CULTURE_V1
COL-0062,europe,Europe,62,EVT-0568,Début du sac de Rome par les Vandales,2 juin 455,4,3,DAY,,HIGH,GENERAL_CULTURE_V1
COL-0062,europe,Europe,63,EVT-0327,Moyen Âge,bornes scolaires conventionnelles ; ne pas présenter comme limites universelles absolues [repère scolaire: 476-1492],4,3,RANGE,,HIGH,SCHOOL
COL-0062,europe,Europe,64,EVT-0365,Déposition de Romulus Augustule,4 septembre 476,4,3,DAY,,HIGH,SCHOOL
COL-0062,europe,Europe,65,EVT-0393,Bataille de Vouillé,printemps 507,3,4,YEAR,,HIGH,SCHOOL
COL-0062,europe,Europe,66,EVT-0047,Règne de Justinien Ier,1er avril 527 - 15 novembre 565,4,3,RANGE,,HIGH,SCHOOL
COL-0062,europe,Europe,67,EVT-1069,Publication du Code de Justinien,529,4,3,YEAR,,HIGH,GENERAL_CULTURE_V2
COL-0062,europe,Europe,68,EVT-0604,Début de la sédition Nika à Constantinople,13 janvier 532,3,4,DAY,,HIGH,GENERAL_CULTURE_V1
COL-0062,europe,Europe,69,EVT-0581,Dédicace de la basilique Sainte-Sophie de Constantinople,27 décembre 537,4,3,DAY,,HIGH,GENERAL_CULTURE_V1
COL-0062,europe,Europe,70,EVT-0582,Début de la peste de Justinien dans l’Empire byzantin,541,4,3,YEAR,,HIGH,GENERAL_CULTURE_V1
COL-0062,europe,Europe,71,EVT-1070,Invasion lombarde de l’Italie,568,3,4,YEAR,,HIGH,GENERAL_CULTURE_V2
COL-0062,europe,Europe,72,EVT-1071,Héraclius devient empereur byzantin,610,3,4,YEAR,,HIGH,GENERAL_CULTURE_V2
COL-0062,europe,Europe,73,EVT-0578,Début de la conquête musulmane de la péninsule Ibérique,711,5,2,YEAR,,HIGH,GENERAL_CULTURE_V1
COL-0062,europe,Europe,74,EVT-0395,Bataille de Poitiers,"732 ; date conventionnelle, parfois 733",3,4,YEAR,,HIGH,SCHOOL
COL-0062,europe,Europe,75,EVT-1072,Bataille de Poitiers entre Francs et Omeyyades,732,4,3,YEAR,,HIGH,GENERAL_CULTURE_V2
COL-0062,europe,Europe,76,EVT-1073,Pépin le Bref devient roi des Francs,751,4,3,YEAR,,HIGH,GENERAL_CULTURE_V2
COL-0062,europe,Europe,77,EVT-0394,Prise de Pavie par Charlemagne et fin du royaume lombard,774,3,4,YEAR,,HIGH,SCHOOL
COL-0062,europe,Europe,78,EVT-0588,Raid viking contre le monastère de Lindisfarne,8 juin 793,4,3,DAY,,HIGH,GENERAL_CULTURE_V1
COL-0062,europe,Europe,79,EVT-0044,Couronnement impérial de Charlemagne à Rome,25 décembre 800,5,2,DAY,,HIGH,SCHOOL
COL-0062,europe,Europe,80,EVT-0048,Traité de Verdun,août 843 ; jour exact incertain,4,3,MONTH,,HIGH,SCHOOL
COL-0062,europe,Europe,81,EVT-1074,Début traditionnel de la dynastie rurikide à Novgorod,862,3,4,YEAR,,HIGH,GENERAL_CULTURE_V2
COL-0062,europe,Europe,82,EVT-0605,Bataille d’Edington entre Alfred le Grand et les Vikings,mai 878,3,4,MONTH,,HIGH,GENERAL_CULTURE_V1
COL-0062,europe,Europe,83,EVT-0396,Traité de Saint-Clair-sur-Epte,automne 911,4,3,YEAR,,HIGH,SCHOOL
COL-0062,europe,Europe,84,EVT-1075,Bataille du Lechfeld contre les Magyars,955,3,4,YEAR,,HIGH,GENERAL_CULTURE_V2
COL-0062,europe,Europe,85,EVT-0397,Couronnement impérial d’Otton Ier,2 février 962,3,3,DAY,,HIGH,SCHOOL
COL-0062,europe,Europe,86,EVT-0052,Sacre d'Hugues Capet,"987, jour exact historiographiquement discuté",4,3,YEAR,,HIGH,SCHOOL
COL-0062,europe,Europe,87,EVT-1076,Hugues Capet devient roi des Francs,987,5,2,YEAR,,HIGH,GENERAL_CULTURE_V2
COL-0062,europe,Europe,88,EVT-1077,Knut le Grand devient roi d’Angleterre,1016,3,4,YEAR,,HIGH,GENERAL_CULTURE_V2
COL-0062,europe,Europe,89,EVT-1078,Grand schisme entre les Églises d’Orient et d’Occident,1054,5,2,YEAR,,HIGH,GENERAL_CULTURE_V2
COL-0062,europe,Europe,90,EVT-0045,Échange de sentences d'excommunication entre les légats romains et le patriarcat de Constantinople,"juillet 1054, séquence de plusieurs actes",3,3,MONTH,,HIGH,SCHOOL
COL-0062,europe,Europe,91,EVT-0606,Bataille de Stamford Bridge,25 septembre 1066,3,4,DAY,,HIGH,GENERAL_CULTURE_V1
COL-0062,europe,Europe,92,EVT-0398,Bataille d’Hastings,14 octobre 1066,4,3,DAY,,HIGH,SCHOOL
COL-0062,europe,Europe,93,EVT-0400,Bataille de Manzikert,26 août 1071,4,3,DAY,,HIGH,SCHOOL
COL-0062,europe,Europe,94,EVT-0399,Appel à la première croisade au concile de Clermont,27 novembre 1095,4,3,DAY,,HIGH,SCHOOL
COL-0062,europe,Europe,95,EVT-0590,Concordat de Worms,23 septembre 1122,4,3,DAY,,HIGH,GENERAL_CULTURE_V1
COL-0062,europe,Europe,96,EVT-1079,Début de la deuxième croisade,1147,3,4,YEAR,,HIGH,GENERAL_CULTURE_V2
COL-0062,europe,Europe,97,EVT-0607,Couronnement d’Henri II Plantagenêt comme roi d’Angleterre,19 décembre 1154,3,4,DAY,,HIGH,GENERAL_CULTURE_V1
COL-0062,europe,Europe,98,EVT-0591,Assassinat de Thomas Becket dans la cathédrale de Cantorbéry,29 décembre 1170,4,3,DAY,,HIGH,GENERAL_CULTURE_V1
COL-0062,europe,Europe,99,EVT-0057,Début du règne de Philippe Auguste,1180,4,3,YEAR,,HIGH,SCHOOL
COL-0062,europe,Europe,100,EVT-0046,Prise et sac de Constantinople par la quatrième croisade,12 avril 1204 : prise de Constantinople ; sac dans les jours suivants,3,3,DAY,,HIGH,SCHOOL
COL-0062,europe,Europe,101,EVT-1080,Début de la croisade des Albigeois,1209,3,4,YEAR,,HIGH,GENERAL_CULTURE_V2
COL-0062,europe,Europe,102,EVT-0054,Bataille de Bouvines,27 juillet 1214,4,3,DAY,,HIGH,SCHOOL
COL-0062,europe,Europe,103,EVT-0401,Magna Carta,15 juin 1215,5,2,DAY,,HIGH,SCHOOL
COL-0062,europe,Europe,104,EVT-0402,Quatrième concile du Latran,11-30 novembre 1215,3,3,RANGE,,HIGH,SCHOOL
COL-0062,europe,Europe,105,EVT-0058,Règne de Louis IX,1226-1270,2,3,RANGE,,HIGH,SCHOOL
COL-0062,europe,Europe,106,EVT-1081,Début des conquêtes mongoles en Europe orientale,1236,3,4,YEAR,,HIGH,GENERAL_CULTURE_V2
COL-0062,europe,Europe,107,EVT-0609,Bataille de Legnica face aux Mongols,9 avril 1241,3,4,DAY,,HIGH,GENERAL_CULTURE_V1
COL-0062,europe,Europe,108,EVT-0594,Premier parlement de Simon de Montfort,20 janvier 1265,4,3,DAY,,HIGH,GENERAL_CULTURE_V1
COL-0062,europe,Europe,109,EVT-0404,Départ de Marco Polo vers l’Asie,1271,3,4,YEAR,,HIGH,SCHOOL
COL-0062,europe,Europe,110,EVT-0405,Retour de Marco Polo à Venise,1295,3,4,YEAR,,HIGH,SCHOOL
COL-0062,europe,Europe,111,EVT-0059,Canonisation de Louis IX,1297,2,3,YEAR,,HIGH,SCHOOL
COL-0062,europe,Europe,112,EVT-0060,Premiers États généraux du royaume,1302,4,3,YEAR,,HIGH,SCHOOL
COL-0062,europe,Europe,113,EVT-0611,Bataille des Éperons d’or,11 juillet 1302,3,4,DAY,,HIGH,GENERAL_CULTURE_V1
COL-0062,europe,Europe,114,EVT-0596,Exécution de William Wallace,23 août 1305,4,3,DAY,,HIGH,GENERAL_CULTURE_V1
COL-0062,europe,Europe,115,EVT-0597,Arrestation des Templiers en France,13 octobre 1307,4,3,DAY,,HIGH,GENERAL_CULTURE_V1
COL-0062,europe,Europe,116,EVT-0598,Début de la papauté d’Avignon,1309,4,3,YEAR,,HIGH,GENERAL_CULTURE_V1
COL-0062,europe,Europe,117,EVT-0599,Bataille de Bannockburn,24 juin 1314,4,3,DAY,,HIGH,GENERAL_CULTURE_V1
COL-0062,europe,Europe,118,EVT-0612,Déclaration d’Arbroath,6 avril 1320,3,4,DAY,,HIGH,GENERAL_CULTURE_V1
COL-0062,europe,Europe,119,EVT-0055,Guerre de Cent Ans,1337-1453,4,2,RANGE,,HIGH,SCHOOL
COL-0062,europe,Europe,120,EVT-0406,Bataille de Crécy,26 août 1346,3,3,DAY,,HIGH,SCHOOL
COL-0062,europe,Europe,121,EVT-0580,Arrivée de la peste noire en Sicile,octobre 1347,5,2,MONTH,,HIGH,GENERAL_CULTURE_V1
COL-0062,europe,Europe,122,EVT-0061,Grande peste / peste noire en Europe,1347/1348-1352 selon le périmètre,4,3,RANGE,,HIGH,SCHOOL
COL-0062,europe,Europe,123,EVT-0407,Bataille de Poitiers de 1356,19 septembre 1356,3,3,DAY,,HIGH,SCHOOL
COL-0062,europe,Europe,124,EVT-0408,Grande Jacquerie,28 mai-10 juin 1358,3,3,RANGE,,HIGH,SCHOOL
COL-0062,europe,Europe,125,EVT-0409,Début du Grand Schisme d’Occident,20 septembre 1378,3,3,DAY,,HIGH,SCHOOL
COL-0062,europe,Europe,126,EVT-0600,Grande révolte des paysans en Angleterre,juin 1381,4,3,MONTH,,HIGH,GENERAL_CULTURE_V1
COL-0062,europe,Europe,127,EVT-0601,Bataille de Kosovo Polje,28 juin 1389,4,3,DAY,,HIGH,GENERAL_CULTURE_V1
COL-0062,europe,Europe,128,EVT-0602,Exécution de Jan Hus à Constance,6 juillet 1415,4,3,DAY,,HIGH,GENERAL_CULTURE_V1
COL-0062,europe,Europe,129,EVT-0410,Bataille d’Azincourt,25 octobre 1415,3,3,DAY,,HIGH,SCHOOL
COL-0062,europe,Europe,130,EVT-0411,Levée du siège d’Orléans par Jeanne d’Arc,8 mai 1429,3,3,DAY,,HIGH,SCHOOL
COL-0062,europe,Europe,131,EVT-0412,Sacre de Charles VII à Reims,17 juillet 1429,3,3,DAY,,HIGH,SCHOOL
COL-0062,europe,Europe,132,EVT-0413,Exécution de Jeanne d’Arc,30 mai 1431,3,3,DAY,,HIGH,SCHOOL
COL-0062,europe,Europe,133,EVT-0062,Prise de Constantinople par les Ottomans,29 mai 1453,5,2,DAY,,HIGH,SCHOOL
COL-0062,europe,Europe,134,EVT-0056,Bataille de Castillon,17 juillet 1453,2,3,DAY,,HIGH,SCHOOL
COL-0062,europe,Europe,135,EVT-0414,Impression de la Bible de Gutenberg,vers 1455,5,2,YEAR,,HIGH,SCHOOL
COL-0062,europe,Europe,136,EVT-1085,Début de la guerre des Deux-Roses,1455,4,3,YEAR,,HIGH,GENERAL_CULTURE_V2
COL-0062,europe,Europe,137,EVT-0149,vie d’Érasme,v. 1466/1469-1536,2,3,RANGE,,HIGH,SCHOOL
COL-0062,europe,Europe,138,EVT-0415,Mariage d’Isabelle de Castille et Ferdinand d’Aragon,19 octobre 1469,3,4,DAY,,HIGH,SCHOOL
COL-0062,europe,Europe,139,EVT-0416,Création de l’Inquisition espagnole,1er novembre 1478,3,3,DAY,,HIGH,SCHOOL
COL-0062,europe,Europe,140,EVT-0603,Bataille de Bosworth et fin de la guerre des Deux-Roses,22 août 1485,4,3,DAY,,HIGH,GENERAL_CULTURE_V1
COL-0062,europe,Europe,141,EVT-0417,Prise de Grenade par les Rois Catholiques,2 janvier 1492,3,3,DAY,,HIGH,SCHOOL
COL-0062,europe,Europe,142,EVT-0063,Débarquement de l'expédition de Colomb à Guanahaní,12 octobre 1492,5,1,DAY,,HIGH,SCHOOL
COL-0062,europe,Europe,143,EVT-0418,Traité de Tordesillas,7 juin 1494,5,2,DAY,,HIGH,SCHOOL
COL-0062,europe,Europe,144,EVT-0419,Vasco de Gama atteint Calicut,20 mai 1498,5,2,DAY,,HIGH,SCHOOL
COL-0062,europe,Europe,145,EVT-0146,signature du contrat pour la voûte de la Chapelle Sixtine,8 mai 1508,2,3,DAY,,HIGH,SCHOOL
COL-0062,europe,Europe,146,EVT-0640,Henri VIII devient roi d’Angleterre,22 avril 1509,4,2,DAY,,HIGH,GENERAL_CULTURE_V1
COL-0062,europe,Europe,147,EVT-1088,Bataille de Flodden entre Angleterre et Écosse,1513,3,3,YEAR,,HIGH,GENERAL_CULTURE_V2
COL-0062,europe,Europe,148,EVT-0328,Règne de François Ier,1515-1547,4,3,RANGE,,HIGH,SCHOOL
COL-0062,europe,Europe,149,EVT-0064,Diffusion conventionnelle des 95 thèses de Martin Luther,31 octobre 1517,5,2,DAY,,HIGH,SCHOOL
COL-0062,europe,Europe,150,EVT-0069,Début de la première circumnavigation,1519,4,3,YEAR,,HIGH,SCHOOL
COL-0062,europe,Europe,151,EVT-0143,Première circumnavigation (expédition Magellan-Elcano),20 septembre 1519 – 6 septembre 1522,4,2,RANGE,,HIGH,SCHOOL
COL-0062,europe,Europe,152,EVT-0070,Achèvement de la première circumnavigation par Elcano et la Victoria,6 septembre 1522,4,3,DAY,,HIGH,SCHOOL
COL-0062,europe,Europe,153,EVT-0642,Début de la guerre des Paysans allemands,1524,4,2,YEAR,,HIGH,GENERAL_CULTURE_V1
COL-0062,europe,Europe,154,EVT-1089,Bataille de Mohács et effondrement du royaume médiéval de Hongrie,1526,4,3,YEAR,,HIGH,GENERAL_CULTURE_V2
COL-0062,europe,Europe,155,EVT-0644,Début du sac de Rome par les troupes impériales,6 mai 1527,4,2,DAY,,HIGH,GENERAL_CULTURE_V1
COL-0062,europe,Europe,156,EVT-0615,Acte de suprématie établissant Henri VIII à la tête de l’Église d’Angleterre,3 novembre 1534,5,1,DAY,,HIGH,GENERAL_CULTURE_V1
COL-0062,europe,Europe,157,EVT-0646,Publication de l’Institution de la religion chrétienne de Calvin,1536,4,2,YEAR,,HIGH,GENERAL_CULTURE_V1
COL-0062,europe,Europe,158,EVT-0151,ordonnance de Villers-Cotterêts,25 août 1539,4,4,DAY,,HIGH,SCHOOL
COL-0062,europe,Europe,159,EVT-0420,Publication de De revolutionibus de Copernic,1543,3,4,YEAR,,HIGH,SCHOOL
COL-0062,europe,Europe,160,EVT-0072,Concile de Trente,1545-1563,4,3,RANGE,,HIGH,SCHOOL
COL-0062,europe,Europe,161,EVT-0144,controverse de Valladolid,1550-1551,2,3,RANGE,,HIGH,SCHOOL
COL-0062,europe,Europe,162,EVT-0421,Paix d’Augsbourg,25 septembre 1555,3,3,DAY,,HIGH,SCHOOL
COL-0062,europe,Europe,163,EVT-0616,Élisabeth Ire devient reine d’Angleterre,17 novembre 1558,5,1,DAY,,HIGH,GENERAL_CULTURE_V1
COL-0062,europe,Europe,164,EVT-0073,Guerres de Religion en France,1562-1598,4,3,RANGE,,HIGH,SCHOOL
COL-0062,europe,Europe,165,EVT-0617,Massacre de Wassy et début des guerres de Religion en France,1 mars 1562,5,1,DAY,,HIGH,GENERAL_CULTURE_V1
COL-0062,europe,Europe,166,EVT-0618,Bataille navale de Lépante,7 octobre 1571,5,1,DAY,,HIGH,GENERAL_CULTURE_V1
COL-0062,europe,Europe,167,EVT-0422,Massacre de la Saint-Barthélemy,24 août 1572,4,3,DAY,,HIGH,SCHOOL
COL-0062,europe,Europe,168,EVT-0648,Entrée en vigueur initiale du calendrier grégorien,15 octobre 1582,4,2,DAY,,HIGH,GENERAL_CULTURE_V1
COL-0062,europe,Europe,169,EVT-0649,Exécution de Marie Stuart,8 février 1587,4,2,DAY,,HIGH,GENERAL_CULTURE_V1
COL-0062,europe,Europe,170,EVT-0619,Défaite décisive de l’Armada espagnole au large de Gravelines,8 août 1588,5,1,DAY,,HIGH,GENERAL_CULTURE_V1
COL-0062,europe,Europe,171,EVT-0330,Règne d’Henri IV,1589-1610,4,3,RANGE,,HIGH,SCHOOL
COL-0062,europe,Europe,172,EVT-0065,Édit de Nantes,13 avril 1598,5,1,DAY,,HIGH,SCHOOL
COL-0062,europe,Europe,173,EVT-0423,Union des Couronnes d’Angleterre et d’Écosse,24 mars 1603,3,3,DAY,,HIGH,SCHOOL
COL-0062,europe,Europe,174,EVT-0652,Publication de la première partie de Don Quichotte,1605,4,2,YEAR,,HIGH,GENERAL_CULTURE_V1
COL-0062,europe,Europe,175,EVT-1092,Conspiration des Poudres à Londres,1605,4,3,YEAR,,HIGH,GENERAL_CULTURE_V2
COL-0062,europe,Europe,176,EVT-0653,Échec de la conspiration des Poudres,5 novembre 1605,4,2,DAY,,HIGH,GENERAL_CULTURE_V1
COL-0062,europe,Europe,177,EVT-0654,Publication de l’Astronomia nova de Kepler,1609,4,2,YEAR,,HIGH,GENERAL_CULTURE_V1
COL-0062,europe,Europe,178,EVT-0622,Galilée observe les principaux satellites de Jupiter,7 janvier 1610,5,1,DAY,,HIGH,GENERAL_CULTURE_V1
COL-0062,europe,Europe,179,EVT-0162,observations télescopiques et publication du *Sidereus Nuncius*,mars 1610 pour la publication,2,3,MONTH,,HIGH,SCHOOL
COL-0062,europe,Europe,180,EVT-0426,Guerre de Trente Ans,23 mai 1618-24 octobre 1648,4,3,RANGE,,HIGH,SCHOOL
COL-0062,europe,Europe,181,EVT-0623,Défenestration de Prague et début de la guerre de Trente Ans,23 mai 1618,5,1,DAY,,HIGH,GENERAL_CULTURE_V1
COL-0062,europe,Europe,182,EVT-0425,Mayflower Compact,11 novembre 1620 julien ; 21 novembre 1620 grégorien,3,3,DAY,,HIGH,SCHOOL
COL-0062,europe,Europe,183,EVT-0624,Publication du traité de William Harvey sur la circulation du sang,1628,5,1,YEAR,,HIGH,GENERAL_CULTURE_V1
COL-0062,europe,Europe,184,EVT-0655,Acceptation de la Petition of Right par Charles Ier,7 juin 1628,4,2,DAY,,HIGH,GENERAL_CULTURE_V1
COL-0062,europe,Europe,185,EVT-0656,Publication du Dialogue sur les deux grands systèmes du monde de Galilée,1632,4,2,YEAR,,HIGH,GENERAL_CULTURE_V1
COL-0062,europe,Europe,186,EVT-1095,Procès de Galilée par l’Inquisition,1633,5,2,YEAR,,HIGH,GENERAL_CULTURE_V2
COL-0062,europe,Europe,187,EVT-0163,condamnation par le Saint-Office,22 juin 1633,2,3,DAY,,HIGH,SCHOOL
COL-0062,europe,Europe,188,EVT-0625,Publication du Discours de la méthode de Descartes,8 juin 1637,5,1,DAY,,HIGH,GENERAL_CULTURE_V1
COL-0062,europe,Europe,189,EVT-0167,révolte normande des Va Nu-pieds,1639,2,3,YEAR,,HIGH,SCHOOL
COL-0062,europe,Europe,190,EVT-0427,Début de la guerre civile anglaise,22 août 1642,3,3,DAY,,HIGH,SCHOOL
COL-0062,europe,Europe,191,EVT-0067,Règne de Louis XIV,1643-1715,4,2,RANGE,,HIGH,SCHOOL
COL-0062,europe,Europe,192,EVT-0074,Fronde,1648-1653,2,3,RANGE,,HIGH,SCHOOL
COL-0062,europe,Europe,193,EVT-0295,Signature des traités de Westphalie,24 octobre 1648,4,3,DAY,,HIGH,SCHOOL
COL-0062,europe,Europe,194,EVT-0428,Exécution de Charles Ier d’Angleterre,30 janvier 1649,3,3,DAY,,HIGH,SCHOOL
COL-0062,europe,Europe,195,EVT-0657,Publication du Léviathan de Thomas Hobbes,1651,4,2,YEAR,,HIGH,GENERAL_CULTURE_V1
COL-0062,europe,Europe,196,EVT-0658,Oliver Cromwell devient Lord Protecteur,16 décembre 1653,4,2,DAY,,HIGH,GENERAL_CULTURE_V1
COL-0062,europe,Europe,197,EVT-0659,Restauration de la monarchie anglaise avec Charles II,29 mai 1660,4,2,DAY,,HIGH,GENERAL_CULTURE_V1
COL-0062,europe,Europe,198,EVT-0066,Gouvernement personnel de Louis XIV,10 mars 1661-1er septembre 1715,4,3,RANGE,,HIGH,SCHOOL
COL-0062,europe,Europe,199,EVT-0075,Début du gouvernement personnel de Louis XIV,10 mars 1661,4,3,DAY,,HIGH,SCHOOL
COL-0062,europe,Europe,200,EVT-0152,création de la Compagnie française des Indes orientales,août 1664,2,3,MONTH,,HIGH,SCHOOL
COL-0062,europe,Europe,201,EVT-0153,déclaration royale liée aux compagnies des Indes orientales et occidentales,27 août 1664,2,4,DAY,,HIGH,SCHOOL
COL-0062,europe,Europe,202,EVT-0660,Grande peste de Londres,1665,4,2,YEAR,,HIGH,GENERAL_CULTURE_V1
COL-0062,europe,Europe,203,EVT-0661,Publication de Micrographia de Robert Hooke,1665,4,2,YEAR,,HIGH,GENERAL_CULTURE_V1
COL-0062,europe,Europe,204,EVT-0626,Début du grand incendie de Londres,2 septembre 1666,5,1,DAY,,HIGH,GENERAL_CULTURE_V1
COL-0062,europe,Europe,205,EVT-0367,Ordonnance de 1669 sur les Eaux et Forêts,août 1669,3,3,MONTH,,HIGH,SCHOOL
COL-0062,europe,Europe,206,EVT-1096,Début de la guerre de Hollande,6 avril 1672,3,3,DAY,,HIGH,GENERAL_CULTURE_V2
COL-0062,europe,Europe,207,EVT-0662,Antonie van Leeuwenhoek observe des micro-organismes,1676,4,2,YEAR,,HIGH,GENERAL_CULTURE_V1
COL-0062,europe,Europe,208,EVT-0156,assentiment royal au Habeas Corpus Act,27 mai 1679,3,4,DAY,,HIGH,SCHOOL
COL-0062,europe,Europe,209,EVT-0154,installation de la Cour et du siège du gouvernement à Versailles,6 mai 1682,4,3,DAY,,HIGH,SCHOOL
COL-0062,europe,Europe,210,EVT-0333,Code noir,mars 1685 pour l’édit concernant les îles françaises d’Amérique,4,3,MONTH,,HIGH,SCHOOL
COL-0062,europe,Europe,211,EVT-0076,Édit de Fontainebleau / révocation de l’édit de Nantes,18 octobre 1685,5,2,DAY,,HIGH,SCHOOL
COL-0062,europe,Europe,212,EVT-0429,Glorieuse Révolution,1688-1689,5,2,RANGE,,HIGH,SCHOOL
COL-0062,europe,Europe,213,EVT-0157,assentiment royal au Bill of Rights,16 décembre 1689,3,4,DAY,,HIGH,SCHOOL
COL-0062,europe,Europe,214,EVT-0663,Bataille de la Boyne,1er juillet 1690 (calendrier julien alors en usage ; 11 juillet grégorien),4,2,DAY,,HIGH,GENERAL_CULTURE_V1
COL-0062,europe,Europe,215,EVT-0664,Fondation de la Banque d’Angleterre,27 juillet 1694,4,2,DAY,,HIGH,GENERAL_CULTURE_V1
COL-0062,europe,Europe,216,EVT-1098,Traité de Ryswick mettant fin à la guerre de la Ligue d’Augsbourg,20 septembre 1697,3,3,DAY,,HIGH,GENERAL_CULTURE_V2
COL-0062,europe,Europe,217,EVT-0665,Début de la guerre de Succession d’Espagne,9 juillet 1701,4,2,DAY,,HIGH,GENERAL_CULTURE_V1
COL-0062,europe,Europe,218,EVT-0430,Fondation de Saint-Pétersbourg,27 mai 1703,3,3,DAY,,HIGH,SCHOOL
COL-0062,europe,Europe,219,EVT-0627,Entrée en vigueur des Actes d’Union créant le royaume de Grande-Bretagne,1 mai 1707,5,1,DAY,,HIGH,GENERAL_CULTURE_V1
COL-0062,europe,Europe,220,EVT-0164,première machine atmosphérique pratique de Newcomen utilisée pour pomper une mine,1712,2,3,YEAR,,HIGH,SCHOOL
COL-0062,europe,Europe,221,EVT-0666,Traité d’Utrecht,11 avril 1713,4,2,DAY,,HIGH,GENERAL_CULTURE_V1
COL-0062,europe,Europe,222,EVT-0077,Mort de Louis XIV,1er septembre 1715,4,3,DAY,,HIGH,SCHOOL
COL-0062,europe,Europe,223,EVT-1099,Éclatement de la bulle des mers du Sud,1720,3,3,YEAR,,HIGH,GENERAL_CULTURE_V2
COL-0062,europe,Europe,224,EVT-1100,Proclamation de l’Empire russe sous Pierre le Grand,1721,4,3,YEAR,,HIGH,GENERAL_CULTURE_V2
COL-0062,europe,Europe,225,EVT-0667,Proclamation de l’Empire russe,2 novembre 1721,4,2,DAY,,HIGH,GENERAL_CULTURE_V1
COL-0062,europe,Europe,226,EVT-0158,séjour/exil de Voltaire en Angleterre,1726-1728/1729 selon la borne biographique retenue,2,3,RANGE,,HIGH,SCHOOL
COL-0062,europe,Europe,227,EVT-0159,édition anglaise *Letters concerning the English Nation*,1733,2,3,YEAR,,HIGH,SCHOOL
COL-0062,europe,Europe,228,EVT-1101,Invention de la navette volante par John Kay,1733,3,3,YEAR,,HIGH,GENERAL_CULTURE_V2
COL-0062,europe,Europe,229,EVT-0160,première édition française des *Lettres philosophiques*,1734,2,3,YEAR,,HIGH,SCHOOL
COL-0062,europe,Europe,230,EVT-0668,Publication de la première édition de Systema Naturae de Linné,1735,4,2,YEAR,,HIGH,GENERAL_CULTURE_V1
COL-0062,europe,Europe,231,EVT-1102,Début de la guerre de Succession d’Autriche,1740,4,3,YEAR,,HIGH,GENERAL_CULTURE_V2
COL-0062,europe,Europe,232,EVT-0669,Marie-Thérèse hérite des possessions des Habsbourg,20 octobre 1740,4,2,DAY,,HIGH,GENERAL_CULTURE_V1
COL-0062,europe,Europe,233,EVT-0670,Publication de De l’esprit des lois de Montesquieu,1748,4,2,YEAR,,HIGH,GENERAL_CULTURE_V1
COL-0062,europe,Europe,234,EVT-0166,publication de l’*Encyclopédie* de Diderot et d’Alembert,1751-1772,4,2,RANGE,,HIGH,SCHOOL
COL-0062,europe,Europe,235,EVT-0628,Séisme de Lisbonne,1 novembre 1755,5,1,DAY,,HIGH,GENERAL_CULTURE_V1
COL-0062,europe,Europe,236,EVT-0165,publication posthume de sa traduction commentée des *Principia* de Newton,1759,2,3,YEAR,,HIGH,SCHOOL
COL-0062,europe,Europe,237,EVT-0673,Invention de la Spinning Jenny,1764,4,2,YEAR,,HIGH,GENERAL_CULTURE_V1
COL-0062,europe,Europe,238,EVT-0630,Brevet de James Watt pour une machine à vapeur améliorée,5 janvier 1769,5,1,DAY,,HIGH,GENERAL_CULTURE_V1
COL-0062,europe,Europe,239,EVT-0632,Publication de La Richesse des nations d’Adam Smith,1776,5,1,YEAR,,HIGH,GENERAL_CULTURE_V1
COL-0062,europe,Europe,240,EVT-0435,Capitulation britannique à Saratoga,17 octobre 1777,4,3,DAY,,HIGH,SCHOOL
COL-0062,europe,Europe,241,EVT-0677,Découverte d’Uranus par William Herschel,13 mars 1781,4,2,DAY,,HIGH,GENERAL_CULTURE_V1
COL-0062,europe,Europe,242,EVT-0436,Capitulation britannique à Yorktown,19 octobre 1781,4,3,DAY,,HIGH,SCHOOL
COL-0062,europe,Europe,243,EVT-0437,Traité de Paris mettant fin à la guerre d’indépendance américaine,3 septembre 1783,3,4,DAY,,HIGH,SCHOOL
COL-0062,europe,Europe,244,EVT-0633,Premier vol habité libre en montgolfière,21 novembre 1783,5,1,DAY,,HIGH,GENERAL_CULTURE_V1
COL-0062,europe,Europe,245,EVT-0161,première investiture/inauguration présidentielle,30 avril 1789,2,4,DAY,,HIGH,SCHOOL
COL-0062,europe,Europe,246,EVT-0348,Révolution française,5 mai 1789 - 9 novembre 1799,5,1,RANGE,,HIGH,SCHOOL
COL-0062,europe,Europe,247,EVT-0173,prise de la Bastille,14 juillet 1789,5,1,DAY,,HIGH,SCHOOL
COL-0062,europe,Europe,248,EVT-0337,Marche des femmes sur Versailles,5-6 octobre 1789,4,3,RANGE,,HIGH,SCHOOL
COL-0062,europe,Europe,249,EVT-0441,Bataille de Valmy,20 septembre 1792,3,3,DAY,,HIGH,SCHOOL
COL-0062,europe,Europe,250,EVT-0440,Abolition de la monarchie en France,21 septembre 1792,3,3,DAY,,HIGH,SCHOOL
COL-0062,europe,Europe,251,EVT-0442,Proclamation de la Première République française,22 septembre 1792,3,4,DAY,,HIGH,SCHOOL
COL-0062,europe,Europe,252,EVT-0176,La Convention décide de juger Louis XVI,3 décembre 1792,4,3,DAY,,HIGH,SCHOOL
COL-0062,europe,Europe,253,EVT-0177,présentation du rapport d’accusation,10 décembre 1792,2,3,DAY,,HIGH,SCHOOL
COL-0062,europe,Europe,254,EVT-0178,condamnation / votes de janvier,15-20 janvier 1793,2,3,RANGE,,HIGH,SCHOOL
COL-0062,europe,Europe,255,EVT-0179,exécution de Louis XVI,21 janvier 1793,4,3,DAY,,HIGH,SCHOOL
COL-0062,europe,Europe,256,EVT-0171,arrestation de Madame Roland,31 mai 1793,2,3,DAY,,HIGH,SCHOOL
COL-0062,europe,Europe,257,EVT-0679,Ouverture du Muséum central des arts au Louvre,10 août 1793,4,2,DAY,,HIGH,GENERAL_CULTURE_V1
COL-0062,europe,Europe,258,EVT-0443,Exécution de Marie-Antoinette,16 octobre 1793,3,3,DAY,,HIGH,SCHOOL
COL-0062,europe,Europe,259,EVT-0172,exécution de Madame Roland,8 novembre 1793,2,3,DAY,,HIGH,SCHOOL
COL-0062,europe,Europe,260,EVT-0078,Première abolition de l'esclavage par la Convention nationale,4 février 1794,4,3,DAY,,HIGH,SCHOOL
COL-0062,europe,Europe,261,EVT-0444,Chute de Robespierre,27 juillet 1794,3,3,DAY,,HIGH,SCHOOL
COL-0062,europe,Europe,262,EVT-0445,Mise en place du Directoire,2 novembre 1795,3,3,DAY,,HIGH,SCHOOL
COL-0062,europe,Europe,263,EVT-1111,Première vaccination antivariolique de Jenner,1796,5,2,YEAR,,HIGH,GENERAL_CULTURE_V2
COL-0062,europe,Europe,264,EVT-0636,Première vaccination contre la variole par Edward Jenner,14 mai 1796,5,1,DAY,,HIGH,GENERAL_CULTURE_V1
COL-0062,europe,Europe,265,EVT-0446,Coup d’État du 18 Brumaire,9 novembre 1799,5,2,DAY,,HIGH,SCHOOL
COL-0062,europe,Europe,266,EVT-0728,Création du Royaume-Uni de Grande-Bretagne et d’Irlande,1 janvier 1801,4,2,DAY,,HIGH,GENERAL_CULTURE_V1
COL-0062,europe,Europe,267,EVT-0729,Découverte de Cérès par Giuseppe Piazzi,1 janvier 1801,4,2,DAY,,HIGH,GENERAL_CULTURE_V1
COL-0062,europe,Europe,268,EVT-0079,Loi du 30 floréal an X relative à l'esclavage dans les colonies,20 mai 1802,2,4,DAY,,HIGH,SCHOOL
COL-0062,europe,Europe,269,EVT-0682,Proclamation de Napoléon Bonaparte comme empereur des Français,18 mai 1804,5,1,DAY,,HIGH,GENERAL_CULTURE_V1
COL-0062,europe,Europe,270,EVT-0683,Bataille de Trafalgar,21 octobre 1805,5,1,DAY,,HIGH,GENERAL_CULTURE_V1
COL-0062,europe,Europe,271,EVT-0730,Dissolution du Saint-Empire romain germanique,6 août 1806,4,2,DAY,,HIGH,GENERAL_CULTURE_V1
COL-0062,europe,Europe,272,EVT-1118,Début de la guerre d’indépendance espagnole,1808,4,3,YEAR,,HIGH,GENERAL_CULTURE_V2
COL-0062,europe,Europe,273,EVT-0731,Soulèvement du Dos de Mayo à Madrid,2 mai 1808,4,2,DAY,,HIGH,GENERAL_CULTURE_V1
COL-0062,europe,Europe,274,EVT-0686,Début de l’invasion de la Russie par Napoléon,24 juin 1812,5,1,DAY,,HIGH,GENERAL_CULTURE_V1
COL-0062,europe,Europe,275,EVT-0687,Début de la bataille de Leipzig,16 octobre 1813,5,1,DAY,,HIGH,GENERAL_CULTURE_V1
COL-0062,europe,Europe,276,EVT-0181,congrès de Vienne,18 septembre 1814 - 9 juin 1815,4,3,RANGE,,HIGH,SCHOOL
COL-0062,europe,Europe,277,EVT-0182,Acte final du congrès de Vienne,9 juin 1815,3,4,DAY,,HIGH,SCHOOL
COL-0062,europe,Europe,278,EVT-0448,Bataille de Waterloo,18 juin 1815,5,1,DAY,,HIGH,SCHOOL
COL-0062,europe,Europe,279,EVT-0735,Massacre de Peterloo à Manchester,16 août 1819,4,2,DAY,,HIGH,GENERAL_CULTURE_V1
COL-0062,europe,Europe,280,EVT-0010,Essor industriel en France,1820-1830 environ pour l’entrée de la France dans l’industrialisation ; l’accélération se poursuit après 1830,3,3,RANGE,,HIGH,SCHOOL
COL-0062,europe,Europe,281,EVT-0449,Début conventionnel de la guerre d’indépendance grecque,25 mars 1821,4,3,DAY,,HIGH,SCHOOL
COL-0062,europe,Europe,282,EVT-0689,Champollion annonce le déchiffrement des hiéroglyphes égyptiens,27 septembre 1822,5,1,DAY,,HIGH,GENERAL_CULTURE_V1
COL-0062,europe,Europe,283,EVT-0691,Ouverture du chemin de fer Stockton-Darlington,27 septembre 1825,5,1,DAY,,HIGH,GENERAL_CULTURE_V1
COL-0062,europe,Europe,284,EVT-0739,Catholic Relief Act au Royaume-Uni,13 avril 1829,4,2,DAY,,HIGH,GENERAL_CULTURE_V1
COL-0062,europe,Europe,285,EVT-1128,Indépendance de la Belgique,1830,5,2,YEAR,,HIGH,GENERAL_CULTURE_V2
COL-0062,europe,Europe,286,EVT-0451,Début de la révolution belge,25 août 1830,4,3,DAY,,HIGH,SCHOOL
COL-0062,europe,Europe,287,EVT-0452,Proclamation de l’indépendance belge,4 octobre 1830,3,3,DAY,,HIGH,SCHOOL
COL-0062,europe,Europe,288,EVT-0453,Première révolte des canuts,21-24 novembre 1831,3,3,RANGE,,HIGH,SCHOOL
COL-0062,europe,Europe,289,EVT-1130,Great Reform Act au Royaume-Uni,1832,5,2,YEAR,,HIGH,GENERAL_CULTURE_V2
COL-0062,europe,Europe,290,EVT-0454,Reform Act britannique de 1832,7 juin 1832,3,4,DAY,,HIGH,SCHOOL
COL-0062,europe,Europe,291,EVT-0450,Reconnaissance internationale du royaume de Grèce,21 juillet 1832,3,4,DAY,,HIGH,SCHOOL
COL-0062,europe,Europe,292,EVT-0455,Sanction royale du Slavery Abolition Act 1833,28 août 1833,3,4,DAY,,HIGH,SCHOOL
COL-0062,europe,Europe,293,EVT-0548,Entrée en vigueur principale du Slavery Abolition Act 1833,1er août 1834,4,4,DAY,,HIGH,SCHOOL
COL-0062,europe,Europe,294,EVT-1134,Début du règne de la reine Victoria,1837,5,2,YEAR,,HIGH,GENERAL_CULTURE_V2
COL-0062,europe,Europe,295,EVT-0741,Victoria devient reine du Royaume-Uni,20 juin 1837,4,2,DAY,,HIGH,GENERAL_CULTURE_V1
COL-0062,europe,Europe,296,EVT-0693,Annonce publique du procédé photographique de Daguerre,7 janvier 1839,5,1,DAY,,HIGH,GENERAL_CULTURE_V1
COL-0062,europe,Europe,297,EVT-0743,"Mise en vente du Penny Black, premier timbre-poste adhésif",1 mai 1840,4,2,DAY,,HIGH,GENERAL_CULTURE_V1
COL-0062,europe,Europe,298,EVT-1138,Publication de A Christmas Carol de Charles Dickens,19 décembre 1843,3,3,DAY,,HIGH,GENERAL_CULTURE_V2
COL-0062,europe,Europe,299,EVT-0456,Premier message télégraphique de Morse,24 mai 1844,3,3,DAY,,HIGH,SCHOOL
COL-0062,europe,Europe,300,EVT-0457,Grande famine irlandaise,1845-1852,3,4,RANGE,,HIGH,SCHOOL
COL-0062,europe,Europe,301,EVT-1140,Début de la Grande Famine en Irlande,1845,5,2,YEAR,,HIGH,GENERAL_CULTURE_V2
COL-0062,europe,Europe,302,EVT-0744,Abrogation des Corn Laws britanniques,25 juin 1846,4,2,DAY,,HIGH,GENERAL_CULTURE_V1
COL-0062,europe,Europe,303,EVT-0696,Observation de Neptune confirmant sa découverte,23 septembre 1846,5,1,DAY,,HIGH,GENERAL_CULTURE_V1
COL-0062,europe,Europe,304,EVT-0350,Printemps des peuples,"1848, principalement de février à l’été",3,3,YEAR,,HIGH,SCHOOL
COL-0062,europe,Europe,305,EVT-0697,Publication du Manifeste du Parti communiste,21 février 1848,5,1,DAY,,HIGH,GENERAL_CULTURE_V1
COL-0062,europe,Europe,306,EVT-0185,chute de la monarchie de Juillet / révolution de Février,22-24 février 1848,2,3,RANGE,,HIGH,SCHOOL
COL-0062,europe,Europe,307,EVT-0186,proclamation de la Deuxième République,24 février 1848,4,3,DAY,,HIGH,SCHOOL
COL-0062,europe,Europe,308,EVT-0187,Décret instaurant le suffrage universel masculin,5 mars 1848,4,2,DAY,,HIGH,SCHOOL
COL-0062,europe,Europe,309,EVT-0188,abolition de l’esclavage dans les colonies françaises,27 avril 1848,4,2,DAY,,HIGH,SCHOOL
COL-0062,europe,Europe,310,EVT-0458,Journées de Juin 1848,23-26 juin 1848,3,3,RANGE,,HIGH,SCHOOL
COL-0062,europe,Europe,311,EVT-0189,Constitution de la Deuxième République,4 novembre 1848,4,4,DAY,,HIGH,SCHOOL
COL-0062,europe,Europe,312,EVT-0190,élection de Louis-Napoléon Bonaparte à la présidence,10 décembre 1848,2,3,DAY,,HIGH,SCHOOL
COL-0062,europe,Europe,313,EVT-0191,Prestation de serment et entrée en fonction de Louis-Napoléon Bonaparte comme président,20 décembre 1848,2,3,DAY,,HIGH,SCHOOL
COL-0062,europe,Europe,314,EVT-0194,frères Pereire,années 1850-1860,2,3,RANGE,,HIGH,SCHOOL
COL-0062,europe,Europe,315,EVT-0747,Ouverture de la Grande Exposition de Londres,1 mai 1851,4,2,DAY,,HIGH,GENERAL_CULTURE_V1
COL-0062,europe,Europe,316,EVT-0459,Coup d’État de Louis-Napoléon Bonaparte,2 décembre 1851,3,3,DAY,,HIGH,SCHOOL
COL-0062,europe,Europe,317,EVT-0195,Crédit mobilier,1852,2,3,YEAR,,HIGH,SCHOOL
COL-0062,europe,Europe,318,EVT-0460,Proclamation du Second Empire,2 décembre 1852,3,3,DAY,,HIGH,SCHOOL
COL-0062,europe,Europe,319,EVT-0192,Paris haussmannien,1853-1870 environ,4,3,RANGE,,HIGH,SCHOOL
COL-0062,europe,Europe,320,EVT-1147,Début de la guerre de Crimée,1853,5,2,YEAR,,HIGH,GENERAL_CULTURE_V2
COL-0062,europe,Europe,321,EVT-0193,Nomination de Georges-Eugène Haussmann comme préfet de la Seine,22 juin 1853 — nomination ; 23 juin 1853 — début de fonction dans l’infobox Wikipédia FR,4,3,DAY,,HIGH,SCHOOL
COL-0062,europe,Europe,322,EVT-0461,Guerre de Crimée,16 octobre 1853-30 mars 1856,4,3,RANGE,,HIGH,SCHOOL
COL-0062,europe,Europe,323,EVT-1148,Charge de la brigade légère à Balaklava,25 octobre 1854,3,3,DAY,,HIGH,GENERAL_CULTURE_V2
COL-0062,europe,Europe,324,EVT-0462,Traité de Paris mettant fin à la guerre de Crimée,30 mars 1856,4,3,DAY,,HIGH,SCHOOL
COL-0062,europe,Europe,325,EVT-0464,Premier message télégraphique transatlantique officiel par câble,16 août 1858,3,4,DAY,,HIGH,SCHOOL
COL-0062,europe,Europe,326,EVT-0749,Bataille de Solférino,24 juin 1859,4,2,DAY,,HIGH,GENERAL_CULTURE_V1
COL-0062,europe,Europe,327,EVT-0700,Publication de L’Origine des espèces de Charles Darwin,24 novembre 1859,5,1,DAY,,HIGH,GENERAL_CULTURE_V1
COL-0062,europe,Europe,328,EVT-0198,rattachement effectif / processus de réunion,1860,2,3,YEAR,,HIGH,SCHOOL
COL-0062,europe,Europe,329,EVT-0197,Traité de Turin — cession de la Savoie et du comté de Nice à la France,24 mars 1860,2,4,DAY,,HIGH,SCHOOL
COL-0062,europe,Europe,330,EVT-0751,Départ de l’expédition des Mille de Garibaldi,5 mai 1860,4,2,DAY,,HIGH,GENERAL_CULTURE_V1
COL-0062,europe,Europe,331,EVT-0701,Entrée en vigueur de l’abolition du servage dans l’Empire russe,3 mars 1861 (19 février selon le calendrier julien alors en usage en Russie),5,1,DAY,,HIGH,GENERAL_CULTURE_V1
COL-0062,europe,Europe,332,EVT-0465,Proclamation du royaume d’Italie,17 mars 1861,4,3,DAY,,HIGH,SCHOOL
COL-0062,europe,Europe,333,EVT-0466,Guerre de Sécession,12 avril 1861-9 avril 1865,5,2,RANGE,,HIGH,SCHOOL
COL-0062,europe,Europe,334,EVT-0086,"Julie-Victoire Daubié obtient le baccalauréat ès lettres, première bachelière française",17 août 1861,3,3,DAY,,HIGH,SCHOOL
COL-0062,europe,Europe,335,EVT-0702,Début de la publication des Misérables de Victor Hugo,30 mars 1862 à Bruxelles ; 3 avril 1862 à Paris,5,1,MONTH,,HIGH,GENERAL_CULTURE_V1
COL-0062,europe,Europe,336,EVT-0467,Entrée en vigueur de la Proclamation d’émancipation,1er janvier 1863,5,2,DAY,,HIGH,SCHOOL
COL-0062,europe,Europe,337,EVT-0703,Fondation du Comité international de la Croix-Rouge,17 février 1863,5,1,DAY,,HIGH,GENERAL_CULTURE_V1
COL-0062,europe,Europe,338,EVT-0196,Loi Ollivier supprimant le délit de coalition,25 mai 1864,2,4,DAY,,HIGH,SCHOOL
COL-0062,europe,Europe,339,EVT-0470,Première Convention de Genève,22 août 1864,4,4,DAY,,HIGH,SCHOOL
COL-0062,europe,Europe,340,EVT-0469,Fondation de la Première Internationale,28 septembre 1864,3,3,DAY,,HIGH,SCHOOL
COL-0062,europe,Europe,341,EVT-0704,Publication des travaux de Gregor Mendel sur l’hérédité,1866,5,1,YEAR,,HIGH,GENERAL_CULTURE_V1
COL-0062,europe,Europe,342,EVT-0753,Début de la guerre austro-prussienne,14 juin 1866,4,2,DAY,,HIGH,GENERAL_CULTURE_V1
COL-0062,europe,Europe,343,EVT-1155,Compromis austro-hongrois créant la Double Monarchie,1867,4,3,YEAR,,HIGH,GENERAL_CULTURE_V2
COL-0062,europe,Europe,344,EVT-0710,Présentation du tableau périodique de Mendeleïev,6 mars 1869,5,1,DAY,,HIGH,GENERAL_CULTURE_V1
COL-0062,europe,Europe,345,EVT-0351,Deuxième révolution industrielle,vers 1870-1914,3,3,RANGE,,HIGH,SCHOOL
COL-0062,europe,Europe,346,EVT-0472,Guerre franco-prussienne,19 juillet 1870-10 mai 1871,4,3,RANGE,,HIGH,SCHOOL
COL-0062,europe,Europe,347,EVT-0473,Défaite française à Sedan,2 septembre 1870,4,3,DAY,,HIGH,SCHOOL
COL-0062,europe,Europe,348,EVT-0353,Proclamation de la Troisième République,4 septembre 1870,4,3,DAY,,HIGH,SCHOOL
COL-0062,europe,Europe,349,EVT-0199,Existence constitutionnelle du nouvel Empire allemand,1er janvier 1871,4,3,DAY,,HIGH,SCHOOL
COL-0062,europe,Europe,350,EVT-0200,Proclamation de Guillaume Ier comme empereur allemand à Versailles,18 janvier 1871,4,3,DAY,,HIGH,SCHOOL
COL-0062,europe,Europe,351,EVT-0201,Début de la Commune de Paris / insurrection du 18 mars 1871,18 mars 1871,4,3,DAY,,HIGH,SCHOOL
COL-0062,europe,Europe,352,EVT-0202,élections communales,26 mars 1871,2,3,DAY,,HIGH,SCHOOL
COL-0062,europe,Europe,353,EVT-0203,proclamation de la Commune,28 mars 1871,2,3,DAY,,HIGH,SCHOOL
COL-0062,europe,Europe,354,EVT-0474,Traité de Francfort,10 mai 1871,3,4,DAY,,HIGH,SCHOOL
COL-0062,europe,Europe,355,EVT-0204,Semaine sanglante,21-28 mai 1871,2,3,RANGE,,HIGH,SCHOOL
COL-0062,europe,Europe,356,EVT-0205,fin de la Commune,28 mai 1871,2,3,DAY,,HIGH,SCHOOL
COL-0062,europe,Europe,357,EVT-0755,Rome devient officiellement capitale du royaume d’Italie,1 juillet 1871,4,2,DAY,,HIGH,GENERAL_CULTURE_V1
COL-0062,europe,Europe,358,EVT-1159,Début de la Grande Dépression du XIXe siècle après le krach de Vienne,1873,4,3,YEAR,,HIGH,GENERAL_CULTURE_V2
COL-0062,europe,Europe,359,EVT-0756,Krach boursier de Vienne et début de la crise de 1873,9 mai 1873,4,2,DAY,,HIGH,GENERAL_CULTURE_V1
COL-0062,europe,Europe,360,EVT-0712,Ouverture de la première exposition impressionniste,15 avril 1874,5,1,DAY,,HIGH,GENERAL_CULTURE_V1
COL-0062,europe,Europe,361,EVT-0759,Début du premier tournoi de Wimbledon,9 juillet 1877,4,2,DAY,,HIGH,GENERAL_CULTURE_V1
COL-0062,europe,Europe,362,EVT-1162,Congrès de Berlin redessinant les Balkans,1878,5,2,YEAR,,HIGH,GENERAL_CULTURE_V2
COL-0062,europe,Europe,363,EVT-1163,2e édition des Championnats de Wimbledon,1878,1,4,YEAR,,HIGH,GENERAL_CULTURE_V2
COL-0062,europe,Europe,364,EVT-0714,Ouverture du congrès de Berlin,13 juin 1878,5,1,DAY,,HIGH,GENERAL_CULTURE_V1
COL-0062,europe,Europe,365,EVT-1166,4e édition des Championnats de Wimbledon,1880,1,4,YEAR,,HIGH,GENERAL_CULTURE_V2
COL-0062,europe,Europe,366,EVT-1167,5e édition des Championnats de Wimbledon,1881,1,4,YEAR,,HIGH,GENERAL_CULTURE_V2
COL-0062,europe,Europe,367,EVT-0761,Assassinat du tsar Alexandre II,13 mars 1881,4,2,DAY,,HIGH,GENERAL_CULTURE_V1
COL-0062,europe,Europe,368,EVT-0003,Loi établissant la gratuité de l’enseignement primaire public,16 juin 1881,4,2,DAY,,HIGH,SCHOOL
COL-0062,europe,Europe,369,EVT-0004,Loi du 28 mars 1882 : instruction primaire obligatoire et laïcisation de l’enseignement public,28 mars 1882,4,2,DAY,,HIGH,SCHOOL
COL-0062,europe,Europe,370,EVT-0763,"Formation de la Triple Alliance entre Allemagne, Autriche-Hongrie et Italie",20 mai 1882,4,2,DAY,,HIGH,GENERAL_CULTURE_V1
COL-0062,europe,Europe,371,EVT-1168,7e édition des Championnats de Wimbledon,1883,1,4,YEAR,,HIGH,GENERAL_CULTURE_V2
COL-0062,europe,Europe,372,EVT-1170,8e édition des Championnats de Wimbledon,1884,1,4,YEAR,,HIGH,GENERAL_CULTURE_V2
COL-0062,europe,Europe,373,EVT-0476,Loi Waldeck-Rousseau autorisant les syndicats professionnels,21 mars 1884,3,4,DAY,,HIGH,SCHOOL
COL-0062,europe,Europe,374,EVT-0273,Conférence de Berlin / conférence d’Afrique occidentale,15 novembre 1884 → 26 février 1885,4,3,RANGE,,HIGH,SCHOOL
COL-0062,europe,Europe,375,EVT-1171,Fin de la conférence de Berlin et partage colonial accéléré de l’Afrique,1885,5,2,YEAR,,HIGH,GENERAL_CULTURE_V2
COL-0062,europe,Europe,376,EVT-0274,Acte général de la conférence de Berlin,26 février 1885,4,3,DAY,,HIGH,SCHOOL
COL-0062,europe,Europe,377,EVT-0224,funérailles nationales de Victor Hugo,1er juin 1885,2,3,DAY,,HIGH,SCHOOL
COL-0062,europe,Europe,378,EVT-0717,Première vaccination humaine contre la rage par Pasteur,6 juillet 1885,5,1,DAY,,HIGH,GENERAL_CULTURE_V1
COL-0062,europe,Europe,379,EVT-1173,10e édition des Championnats de Wimbledon,1886,1,4,YEAR,,HIGH,GENERAL_CULTURE_V2
COL-0062,europe,Europe,380,EVT-0718,Brevet du véhicule automobile de Karl Benz,29 janvier 1886,5,1,DAY,,HIGH,GENERAL_CULTURE_V1
COL-0062,europe,Europe,381,EVT-1174,Publication de la langue internationale espéranto,1887,3,3,YEAR,,HIGH,GENERAL_CULTURE_V2
COL-0062,europe,Europe,382,EVT-1178,12e édition des Championnats de Wimbledon,1888,1,4,YEAR,,HIGH,GENERAL_CULTURE_V2
COL-0062,europe,Europe,383,EVT-0720,Peinture de La Nuit étoilée par Vincent van Gogh,1889,5,1,YEAR,,HIGH,GENERAL_CULTURE_V1
COL-0062,europe,Europe,384,EVT-1179,13e édition des Championnats de Wimbledon,1889,1,4,YEAR,,HIGH,GENERAL_CULTURE_V2
COL-0062,europe,Europe,385,EVT-0477,Inauguration de la tour Eiffel,31 mars 1889,3,3,DAY,,HIGH,SCHOOL
COL-0062,europe,Europe,386,EVT-0226,Ouverture de l’Exposition universelle de Paris de 1889,6 mai 1889,2,3,DAY,,HIGH,SCHOOL
COL-0062,europe,Europe,387,EVT-0768,Fondation de la Deuxième Internationale,14 juillet 1889,4,2,DAY,,HIGH,GENERAL_CULTURE_V1
COL-0062,europe,Europe,388,EVT-1181,15e édition des Championnats de Wimbledon,1891,1,4,YEAR,,HIGH,GENERAL_CULTURE_V2
COL-0062,europe,Europe,389,EVT-0225,fusillade de Fourmies,1er mai 1891,2,3,DAY,,HIGH,SCHOOL
COL-0062,europe,Europe,390,EVT-0771,Publication de l’encyclique Rerum novarum,15 mai 1891,4,2,DAY,,HIGH,GENERAL_CULTURE_V1
COL-0062,europe,Europe,391,EVT-0774,Version célèbre du Cri d’Edvard Munch,1893,4,2,YEAR,,HIGH,GENERAL_CULTURE_V1
COL-0062,europe,Europe,392,EVT-1183,17e édition des Championnats de Wimbledon,1893,1,4,YEAR,,HIGH,GENERAL_CULTURE_V2
COL-0062,europe,Europe,393,EVT-1185,18e édition des Championnats de Wimbledon,1894,1,4,YEAR,,HIGH,GENERAL_CULTURE_V2
COL-0062,europe,Europe,394,EVT-0082,arrestation d'Alfred Dreyfus,15 octobre 1894,4,2,DAY,,HIGH,SCHOOL
COL-0062,europe,Europe,395,EVT-1030,Condamnation d’Alfred Dreyfus par un conseil de guerre,22 décembre 1894,4,2,DAY,,HIGH,GENERAL_CULTURE_V1
COL-0062,europe,Europe,396,EVT-0722,Découverte des rayons X par Wilhelm Röntgen,8 novembre 1895,5,1,DAY,,HIGH,GENERAL_CULTURE_V1
COL-0062,europe,Europe,397,EVT-0723,Première projection publique payante des frères Lumière,28 décembre 1895,5,1,DAY,,HIGH,GENERAL_CULTURE_V1
COL-0062,europe,Europe,398,EVT-1187,Couronnement de Nicolas II comme tsar de Russie,1896,3,3,YEAR,,HIGH,GENERAL_CULTURE_V2
COL-0062,europe,Europe,399,EVT-1189,20e édition des Championnats de Wimbledon,1896,1,4,YEAR,,HIGH,GENERAL_CULTURE_V2
COL-0062,europe,Europe,400,EVT-0724,Ouverture des premiers Jeux olympiques modernes à Athènes,6 avril 1896,5,1,DAY,,HIGH,GENERAL_CULTURE_V1
COL-0062,europe,Europe,401,EVT-0725,Découverte de l’électron par J. J. Thomson,1897,5,1,YEAR,,HIGH,GENERAL_CULTURE_V1
COL-0062,europe,Europe,402,EVT-1191,21e édition des Championnats de Wimbledon,1897,1,4,YEAR,,HIGH,GENERAL_CULTURE_V2
COL-0062,europe,Europe,403,EVT-1190,Jubilé de diamant de la reine Victoria,20 juin 1897,3,3,DAY,,HIGH,GENERAL_CULTURE_V2
COL-0062,europe,Europe,404,EVT-1031,Octroi du brevet britannique n° 12039 à Guglielmo Marconi pour la télégraphie sans fil,2 juillet 1897,4,2,DAY,,HIGH,GENERAL_CULTURE_V1
COL-0062,europe,Europe,405,EVT-1032,Ouverture du premier congrès sioniste à Bâle,29 août 1897,4,2,DAY,,HIGH,GENERAL_CULTURE_V1
COL-0062,europe,Europe,406,EVT-0083,publication de « J'accuse…! » d'Émile Zola,13 janvier 1898,4,2,DAY,,HIGH,SCHOOL
COL-0062,europe,Europe,407,EVT-0475,Crise de Fachoda,10 juillet-3 novembre 1898,4,3,RANGE,,HIGH,SCHOOL
COL-0062,europe,Europe,408,EVT-1192,23e édition des Championnats de Wimbledon,1899,1,4,YEAR,,HIGH,GENERAL_CULTURE_V2
COL-0062,europe,Europe,409,EVT-1033,Ouverture de la première conférence de La Haye,18 mai 1899,4,2,DAY,,HIGH,GENERAL_CULTURE_V1
COL-0062,europe,Europe,410,EVT-1035,Publication de L’Interprétation du rêve de Sigmund Freud,4 novembre 1899 (ouvrage daté 1900),4,2,MONTH,,HIGH,GENERAL_CULTURE_V1
COL-0062,europe,Europe,411,EVT-0227,Inauguration de l’Exposition universelle de Paris de 1900,14 avril 1900 ; ouverture au public le 15 avril,4,2,DAY,,HIGH,SCHOOL
COL-0062,europe,Europe,412,EVT-0087,loi permettant aux femmes diplômées en droit de devenir avocates,1er décembre 1900,3,3,DAY,,HIGH,SCHOOL
COL-0062,europe,Europe,413,EVT-0727,Présentation de l’hypothèse des quanta par Max Planck,14 décembre 1900,5,1,DAY,,HIGH,GENERAL_CULTURE_V1
COL-0062,europe,Europe,414,EVT-1195,25e édition des Championnats de Wimbledon,1901,1,4,YEAR,,HIGH,GENERAL_CULTURE_V2
COL-0062,europe,Europe,415,EVT-0825,Mort de la reine Victoria,22 janvier 1901,4,2,DAY,,HIGH,GENERAL_CULTURE_V1
COL-0062,europe,Europe,416,EVT-0776,Première cérémonie des prix Nobel,10 décembre 1901,5,1,DAY,,HIGH,GENERAL_CULTURE_V1
COL-0062,europe,Europe,417,EVT-1196,26e édition des Championnats de Wimbledon,1902,1,4,YEAR,,HIGH,GENERAL_CULTURE_V2
COL-0062,europe,Europe,418,EVT-0829,Départ du premier Tour de France cycliste,1 juillet 1903,4,2,DAY,,HIGH,GENERAL_CULTURE_V1
COL-0062,europe,Europe,419,EVT-1198,2e édition du Tour de France,1904,1,4,YEAR,,HIGH,GENERAL_CULTURE_V2
COL-0062,europe,Europe,420,EVT-1200,28e édition des Championnats de Wimbledon,1904,1,4,YEAR,,HIGH,GENERAL_CULTURE_V2
COL-0062,europe,Europe,421,EVT-0831,Signature de l’Entente cordiale,8 avril 1904,4,2,DAY,,HIGH,GENERAL_CULTURE_V1
COL-0062,europe,Europe,422,EVT-0779,Année miraculeuse d’Albert Einstein,1905,5,1,YEAR,,HIGH,GENERAL_CULTURE_V1
COL-0062,europe,Europe,423,EVT-1201,3e édition du Tour de France,1905,1,4,YEAR,,HIGH,GENERAL_CULTURE_V2
COL-0062,europe,Europe,424,EVT-0780,Dimanche rouge à Saint-Pétersbourg,22 janvier 1905,5,1,DAY,,HIGH,GENERAL_CULTURE_V1
COL-0062,europe,Europe,425,EVT-0832,Séparation pacifique de la Norvège et de la Suède décidée par le Storting,7 juin 1905,4,2,DAY,,HIGH,GENERAL_CULTURE_V1
COL-0062,europe,Europe,426,EVT-0005,loi de séparation des Églises et de l’État,9 décembre 1905,4,2,DAY,,HIGH,SCHOOL
COL-0062,europe,Europe,427,EVT-1202,4e édition du Tour de France,1906,1,4,YEAR,,HIGH,GENERAL_CULTURE_V2
COL-0062,europe,Europe,428,EVT-1203,30e édition des Championnats de Wimbledon,1906,1,4,YEAR,,HIGH,GENERAL_CULTURE_V2
COL-0062,europe,Europe,429,EVT-0834,Lancement du HMS Dreadnought,10 février 1906,4,2,DAY,,HIGH,GENERAL_CULTURE_V1
COL-0062,europe,Europe,430,EVT-0084,arrêt de la Cour de cassation réhabilitant Dreyfus,12 juillet 1906,4,2,DAY,,HIGH,SCHOOL
COL-0062,europe,Europe,431,EVT-0085,réintégration militaire,13 juillet 1906,3,4,DAY,,HIGH,SCHOOL
COL-0062,europe,Europe,432,EVT-1204,31e édition des Championnats de Wimbledon,1907,1,4,YEAR,,HIGH,GENERAL_CULTURE_V2
COL-0062,europe,Europe,433,EVT-0088,loi sur le libre salaire de la femme mariée,13 juillet 1907,3,3,DAY,,HIGH,SCHOOL
COL-0062,europe,Europe,434,EVT-0835,Convention anglo-russe complétant la Triple Entente,31 août 1907,4,2,DAY,,HIGH,GENERAL_CULTURE_V1
COL-0062,europe,Europe,435,EVT-1206,6e édition du Tour de France,1908,1,4,YEAR,,HIGH,GENERAL_CULTURE_V2
COL-0062,europe,Europe,436,EVT-1208,7e édition du Tour de France,1909,1,4,YEAR,,HIGH,GENERAL_CULTURE_V2
COL-0062,europe,Europe,437,EVT-1210,33e édition des Championnats de Wimbledon,1909,1,4,YEAR,,HIGH,GENERAL_CULTURE_V2
COL-0062,europe,Europe,438,EVT-1211,8e édition du Tour de France,1910,1,4,YEAR,,HIGH,GENERAL_CULTURE_V2
COL-0062,europe,Europe,439,EVT-1212,34e édition des Championnats de Wimbledon,1910,1,4,YEAR,,HIGH,GENERAL_CULTURE_V2
COL-0062,europe,Europe,440,EVT-1213,9e édition du Tour de France,1911,1,4,YEAR,,HIGH,GENERAL_CULTURE_V2
COL-0062,europe,Europe,441,EVT-1216,36e édition des Championnats de Wimbledon,1912,1,4,YEAR,,HIGH,GENERAL_CULTURE_V2
COL-0062,europe,Europe,442,EVT-0839,Début de la première guerre balkanique,8 octobre 1912,4,2,DAY,,HIGH,GENERAL_CULTURE_V1
COL-0062,europe,Europe,443,EVT-1217,11e édition du Tour de France,1913,1,4,YEAR,,HIGH,GENERAL_CULTURE_V2
COL-0062,europe,Europe,444,EVT-0788,Première du Sacre du printemps de Stravinsky,29 mai 1913,5,1,DAY,,HIGH,GENERAL_CULTURE_V1
COL-0062,europe,Europe,445,EVT-1218,12e édition du Tour de France,1914,1,4,YEAR,,HIGH,GENERAL_CULTURE_V2
COL-0062,europe,Europe,446,EVT-1219,38e édition des Championnats de Wimbledon,1914,1,4,YEAR,,HIGH,GENERAL_CULTURE_V2
COL-0062,europe,Europe,447,EVT-0478,Assassinat de François-Ferdinand à Sarajevo,28 juin 1914,5,2,DAY,,HIGH,SCHOOL
COL-0062,europe,Europe,448,EVT-0012,Première Guerre mondiale,28 juillet 1914 – 11 novembre 1918,5,1,RANGE,,HIGH,SCHOOL
COL-0062,europe,Europe,449,EVT-0089,Déclaration de guerre de l'Autriche-Hongrie à la Serbie,28 juillet 1914,3,3,DAY,,HIGH,SCHOOL
COL-0062,europe,Europe,450,EVT-0479,Déclaration de guerre de l’Allemagne à la Russie,1er août 1914,3,4,DAY,,HIGH,SCHOOL
COL-0062,europe,Europe,451,EVT-0480,Déclaration de guerre de l’Allemagne à la France,3 août 1914,3,4,DAY,,HIGH,SCHOOL
COL-0062,europe,Europe,452,EVT-0481,Entrée en guerre du Royaume-Uni contre l’Allemagne,4 août 1914,3,4,DAY,,HIGH,SCHOOL
COL-0062,europe,Europe,453,EVT-0206,Bataille de Tannenberg,26-30 août 1914,3,3,RANGE,,HIGH,SCHOOL
COL-0062,europe,Europe,454,EVT-0090,Début conventionnel du génocide des Arméniens commémoré par les arrestations à Constantinople,24 avril 1915,4,3,DAY,,HIGH,SCHOOL
COL-0062,europe,Europe,455,EVT-0230,déclaration alliée sur les crimes contre les Arméniens,24 mai 1915,2,3,DAY,,HIGH,SCHOOL
COL-0062,europe,Europe,456,EVT-0482,Bataille de Verdun,21 février-18 décembre 1916,5,2,RANGE,,HIGH,SCHOOL
COL-0062,europe,Europe,457,EVT-0790,Début de l’insurrection de Pâques à Dublin,24 avril 1916,5,1,DAY,,HIGH,GENERAL_CULTURE_V1
COL-0062,europe,Europe,458,EVT-0354,Révolution russe de 1917,"1917 ; révolution de Février en mars grégorien, révolution d’Octobre le 7 novembre grégorien",5,2,YEAR,,HIGH,SCHOOL
COL-0062,europe,Europe,459,EVT-0484,Prise du pouvoir par les bolcheviks lors de la révolution d’Octobre,7 novembre 1917,5,2,DAY,,HIGH,SCHOOL
COL-0062,europe,Europe,460,EVT-0793,Présentation des Quatorze Points de Woodrow Wilson,8 janvier 1918,5,1,DAY,,HIGH,GENERAL_CULTURE_V1
COL-0062,europe,Europe,461,EVT-0485,Traité de Brest-Litovsk,3 mars 1918,3,3,DAY,,HIGH,SCHOOL
COL-0062,europe,Europe,462,EVT-0211,début de l’opération Michael,21 mars 1918,3,3,DAY,,HIGH,SCHOOL
COL-0062,europe,Europe,463,EVT-0842,Proclamation de la Tchécoslovaquie,28 octobre 1918,4,2,DAY,,HIGH,GENERAL_CULTURE_V1
COL-0062,europe,Europe,464,EVT-0794,Abdication de Guillaume II et révolution allemande,9 novembre 1918,5,1,DAY,,HIGH,GENERAL_CULTURE_V1
COL-0062,europe,Europe,465,EVT-0795,Rétablissement de l’indépendance de la Pologne,11 novembre 1918,5,1,DAY,,HIGH,GENERAL_CULTURE_V1
COL-0062,europe,Europe,466,EVT-1221,13e édition du Tour de France,1919,1,4,YEAR,,HIGH,GENERAL_CULTURE_V2
COL-0062,europe,Europe,467,EVT-1223,39e édition des Championnats de Wimbledon,1919,1,4,YEAR,,HIGH,GENERAL_CULTURE_V2
COL-0062,europe,Europe,468,EVT-0486,Ouverture de la conférence de la paix de Paris,18 janvier 1919,3,4,DAY,,HIGH,SCHOOL
COL-0062,europe,Europe,469,EVT-0092,Signature du traité de Versailles,28 juin 1919,4,3,DAY,,HIGH,SCHOOL
COL-0062,europe,Europe,470,EVT-0232,traité de Saint-Germain,10 septembre 1919,2,4,DAY,,HIGH,SCHOOL
COL-0062,europe,Europe,471,EVT-0233,traité de Neuilly,27 novembre 1919,2,4,DAY,,HIGH,SCHOOL
COL-0062,europe,Europe,472,EVT-1225,14e édition du Tour de France,1920,1,4,YEAR,,HIGH,GENERAL_CULTURE_V2
COL-0062,europe,Europe,473,EVT-0487,Entrée en vigueur du pacte de la Société des Nations,10 janvier 1920,3,4,DAY,,HIGH,SCHOOL
COL-0062,europe,Europe,474,EVT-0845,Première réunion du Conseil de la Société des Nations,16 janvier 1920,4,2,DAY,,HIGH,GENERAL_CULTURE_V1
COL-0062,europe,Europe,475,EVT-0234,traité de Trianon,4 juin 1920,2,4,DAY,,HIGH,SCHOOL
COL-0062,europe,Europe,476,EVT-0235,traité de Sèvres,10 août 1920,2,4,DAY,,HIGH,SCHOOL
COL-0062,europe,Europe,477,EVT-0236,choix du cercueil du Soldat inconnu,10 novembre 1920,2,4,DAY,,HIGH,SCHOOL
COL-0062,europe,Europe,478,EVT-0237,cérémonie du Soldat inconnu sous l’Arc,11 novembre 1920,2,3,DAY,,HIGH,SCHOOL
COL-0062,europe,Europe,479,EVT-1227,41e édition des Championnats de Wimbledon,1921,1,4,YEAR,,HIGH,GENERAL_CULTURE_V2
COL-0062,europe,Europe,480,EVT-0238,inhumation définitive du Soldat inconnu,28 janvier 1921,2,4,DAY,,HIGH,SCHOOL
COL-0062,europe,Europe,481,EVT-0847,Signature du traité anglo-irlandais,6 décembre 1921,4,2,DAY,,HIGH,GENERAL_CULTURE_V1
COL-0062,europe,Europe,482,EVT-1228,16e édition du Tour de France,1922,1,4,YEAR,,HIGH,GENERAL_CULTURE_V2
COL-0062,europe,Europe,483,EVT-1229,42e édition des Championnats de Wimbledon,1922,1,4,YEAR,,HIGH,GENERAL_CULTURE_V2
COL-0062,europe,Europe,484,EVT-0848,Publication d’Ulysse de James Joyce,2 février 1922,4,2,DAY,,HIGH,GENERAL_CULTURE_V1
COL-0062,europe,Europe,485,EVT-0239,arrangement à l’origine du passeport Nansen,5 juillet 1922,2,4,DAY,,HIGH,SCHOOL
COL-0062,europe,Europe,486,EVT-0488,Marche sur Rome,28 octobre 1922,3,3,DAY,,HIGH,SCHOOL
COL-0062,europe,Europe,487,EVT-0489,Début du mandat de Mussolini comme président du Conseil italien,31 octobre 1922,4,3,DAY,,HIGH,SCHOOL
COL-0062,europe,Europe,488,EVT-0799,Création de l’Union soviétique,30 décembre 1922,5,1,DAY,,HIGH,GENERAL_CULTURE_V1
COL-0062,europe,Europe,489,EVT-1230,17e édition du Tour de France,1923,1,4,YEAR,,HIGH,GENERAL_CULTURE_V2
COL-0062,europe,Europe,490,EVT-0240,traité de Lausanne,24 juillet 1923,2,4,DAY,,HIGH,SCHOOL
COL-0062,europe,Europe,491,EVT-0490,Putsch de la Brasserie,8-9 novembre 1923,3,3,RANGE,,HIGH,SCHOOL
COL-0062,europe,Europe,492,EVT-0849,Pic de l’hyperinflation allemande et introduction du Rentenmark,15 novembre 1923,4,2,DAY,,HIGH,GENERAL_CULTURE_V1
COL-0062,europe,Europe,493,EVT-1232,18e édition du Tour de France,1924,1,4,YEAR,,HIGH,GENERAL_CULTURE_V2
COL-0062,europe,Europe,494,EVT-1234,44e édition des Championnats de Wimbledon,1924,1,4,YEAR,,HIGH,GENERAL_CULTURE_V2
COL-0062,europe,Europe,495,EVT-0801,Mort de Lénine,21 janvier 1924,5,1,DAY,,HIGH,GENERAL_CULTURE_V1
COL-0062,europe,Europe,496,EVT-0850,Ouverture des premiers Jeux olympiques d’hiver à Chamonix,25 janvier 1924,4,2,DAY,,HIGH,GENERAL_CULTURE_V1
COL-0062,europe,Europe,497,EVT-0366,Abolition du califat en Turquie,3 mars 1924,4,3,DAY,,HIGH,SCHOOL
COL-0062,europe,Europe,498,EVT-0491,Accords de Londres mettant en œuvre le plan Dawes,16 août 1924,3,4,DAY,,HIGH,SCHOOL
COL-0062,europe,Europe,499,EVT-1235,19e édition du Tour de France,1925,1,4,YEAR,,HIGH,GENERAL_CULTURE_V2
COL-0062,europe,Europe,500,EVT-0851,Publication du premier volume de Mein Kampf,18 juillet 1925,4,2,DAY,,HIGH,GENERAL_CULTURE_V1
COL-0062,europe,Europe,501,EVT-0492,Signature des traités de Locarno,1er décembre 1925,3,4,DAY,,HIGH,SCHOOL
COL-0062,europe,Europe,502,EVT-1238,46e édition des Championnats de Wimbledon,1926,1,4,YEAR,,HIGH,GENERAL_CULTURE_V2
COL-0062,europe,Europe,503,EVT-0852,Début de la grève générale au Royaume-Uni,3 mai 1926,4,2,DAY,,HIGH,GENERAL_CULTURE_V1
COL-0062,europe,Europe,504,EVT-1239,21e édition du Tour de France,1927,1,4,YEAR,,HIGH,GENERAL_CULTURE_V2
COL-0062,europe,Europe,505,EVT-1240,47e édition des Championnats de Wimbledon,1927,1,4,YEAR,,HIGH,GENERAL_CULTURE_V2
COL-0062,europe,Europe,506,EVT-1242,22e édition du Tour de France,1928,1,4,YEAR,,HIGH,GENERAL_CULTURE_V2
COL-0062,europe,Europe,507,EVT-0493,Pacte Briand-Kellogg,27 août 1928,3,4,DAY,,HIGH,SCHOOL
COL-0062,europe,Europe,508,EVT-0804,Découverte de la pénicilline par Alexander Fleming,28 septembre 1928,5,1,DAY,,HIGH,GENERAL_CULTURE_V1
COL-0062,europe,Europe,509,EVT-1246,23e édition du Tour de France,1929,1,4,YEAR,,HIGH,GENERAL_CULTURE_V2
COL-0062,europe,Europe,510,EVT-1247,49e édition des Championnats de Wimbledon,1929,1,4,YEAR,,HIGH,GENERAL_CULTURE_V2
COL-0062,europe,Europe,511,EVT-0854,Signature des accords du Latran créant l’État de la Cité du Vatican,11 février 1929,4,2,DAY,,HIGH,GENERAL_CULTURE_V1
COL-0062,europe,Europe,512,EVT-1249,24e édition du Tour de France,1930,1,4,YEAR,,HIGH,GENERAL_CULTURE_V2
COL-0062,europe,Europe,513,EVT-0011,Population urbaine majoritaire en France,1931,2,3,YEAR,,HIGH,SCHOOL
COL-0062,europe,Europe,514,EVT-1251,25e édition du Tour de France,1931,1,4,YEAR,,HIGH,GENERAL_CULTURE_V2
COL-0062,europe,Europe,515,EVT-1252,51e édition des Championnats de Wimbledon,1931,1,4,YEAR,,HIGH,GENERAL_CULTURE_V2
COL-0062,europe,Europe,516,EVT-1256,52e édition des Championnats de Wimbledon,1932,1,4,YEAR,,HIGH,GENERAL_CULTURE_V2
COL-0062,europe,Europe,517,EVT-0355,Allemagne nazie / régime hitlérien,1933-1945,5,2,RANGE,,HIGH,SCHOOL
COL-0062,europe,Europe,518,EVT-1258,27e édition du Tour de France,1933,1,4,YEAR,,HIGH,GENERAL_CULTURE_V2
COL-0062,europe,Europe,519,EVT-0497,Hitler devient chancelier,30 janvier 1933,5,1,DAY,,HIGH,SCHOOL
COL-0062,europe,Europe,520,EVT-0498,Incendie du Reichstag,27 février 1933,3,3,DAY,,HIGH,SCHOOL
COL-0062,europe,Europe,521,EVT-0499,Vote de la loi des pleins pouvoirs en Allemagne,23 mars 1933,3,4,DAY,,HIGH,SCHOOL
COL-0062,europe,Europe,522,EVT-1261,28e édition du Tour de France,1934,1,4,YEAR,,HIGH,GENERAL_CULTURE_V2
COL-0062,europe,Europe,523,EVT-1262,54e édition des Championnats de Wimbledon,1934,1,4,YEAR,,HIGH,GENERAL_CULTURE_V2
COL-0062,europe,Europe,524,EVT-0500,Nuit des Longs Couteaux,30 juin-2 juillet 1934,3,3,RANGE,,HIGH,SCHOOL
COL-0062,europe,Europe,525,EVT-1264,29e édition du Tour de France,1935,1,4,YEAR,,HIGH,GENERAL_CULTURE_V2
COL-0062,europe,Europe,526,EVT-1265,55e édition des Championnats de Wimbledon,1935,1,4,YEAR,,HIGH,GENERAL_CULTURE_V2
COL-0062,europe,Europe,527,EVT-0501,Lois de Nuremberg,15 septembre 1935,3,3,DAY,,HIGH,SCHOOL
COL-0062,europe,Europe,528,EVT-0356,Front populaire en France,1936-1938,4,2,RANGE,,HIGH,SCHOOL
COL-0062,europe,Europe,529,EVT-1267,30e édition du Tour de France,1936,1,4,YEAR,,HIGH,GENERAL_CULTURE_V2
COL-0062,europe,Europe,530,EVT-0093,Léon Blum devient président du Conseil,4 juin 1936,3,3,DAY,,HIGH,SCHOOL
COL-0062,europe,Europe,531,EVT-0502,Guerre civile espagnole,17 juillet 1936-1er avril 1939,4,3,RANGE,,HIGH,SCHOOL
COL-0062,europe,Europe,532,EVT-1036,Ouverture des Jeux olympiques de Berlin,1 août 1936,4,2,DAY,,HIGH,GENERAL_CULTURE_V1
COL-0062,europe,Europe,533,EVT-1037,Abdication d’Édouard VIII,11 décembre 1936,4,2,DAY,,HIGH,GENERAL_CULTURE_V1
COL-0062,europe,Europe,534,EVT-1272,57e édition des Championnats de Wimbledon,1937,1,4,YEAR,,HIGH,GENERAL_CULTURE_V2
COL-0062,europe,Europe,535,EVT-0503,Bombardement de Guernica,26 avril 1937,4,3,DAY,,HIGH,SCHOOL
COL-0062,europe,Europe,536,EVT-1275,32e édition du Tour de France,1938,1,4,YEAR,,HIGH,GENERAL_CULTURE_V2
COL-0062,europe,Europe,537,EVT-0810,Anschluss de l’Autriche par l’Allemagne nazie,12 mars 1938,5,1,DAY,,HIGH,GENERAL_CULTURE_V1
COL-0062,europe,Europe,538,EVT-0504,Accords de Munich,30 septembre 1938,4,3,DAY,,HIGH,SCHOOL
COL-0062,europe,Europe,539,EVT-1277,33e édition du Tour de France,1939,1,4,YEAR,,HIGH,GENERAL_CULTURE_V2
COL-0062,europe,Europe,540,EVT-1278,59e édition des Championnats de Wimbledon,1939,1,4,YEAR,,HIGH,GENERAL_CULTURE_V2
COL-0062,europe,Europe,541,EVT-0811,Fin de la guerre civile espagnole,1 avril 1939,5,1,DAY,,HIGH,GENERAL_CULTURE_V1
COL-0062,europe,Europe,542,EVT-0505,Pacte germano-soviétique,23 août 1939,4,3,DAY,,HIGH,SCHOOL
COL-0062,europe,Europe,543,EVT-0097,Invasion de la Pologne par l'Allemagne,1er septembre 1939,5,2,DAY,,HIGH,SCHOOL
COL-0062,europe,Europe,544,EVT-0098,Déclaration de guerre française et britannique à l'Allemagne,3 septembre 1939,2,3,DAY,,HIGH,SCHOOL
COL-0062,europe,Europe,545,EVT-1039,Découverte des charniers de Katyn par les Allemands annoncée publiquement,13 avril 1940,4,2,DAY,,HIGH,GENERAL_CULTURE_V1
COL-0062,europe,Europe,546,EVT-0506,Offensive allemande à l’Ouest,10 mai 1940,3,3,DAY,,HIGH,SCHOOL
COL-0062,europe,Europe,547,EVT-0812,Winston Churchill devient Premier ministre du Royaume-Uni,10 mai 1940,5,1,DAY,,HIGH,GENERAL_CULTURE_V1
COL-0062,europe,Europe,548,EVT-0507,Évacuation de Dunkerque,26 mai-4 juin 1940,3,3,RANGE,,HIGH,SCHOOL
COL-0062,europe,Europe,549,EVT-0508,Entrée des troupes allemandes dans Paris,14 juin 1940,3,3,DAY,,HIGH,SCHOOL
COL-0062,europe,Europe,550,EVT-0103,Formation du gouvernement Pétain : Philippe Pétain devient président du Conseil,16 juin 1940,4,3,DAY,,HIGH,SCHOOL
COL-0062,europe,Europe,551,EVT-0246,demande française d’armistice,17 juin 1940,2,3,DAY,,HIGH,SCHOOL
COL-0062,europe,Europe,552,EVT-0014,Appel du 18 juin du général de Gaulle,18 juin 1940,5,2,DAY,,HIGH,SCHOOL
COL-0062,europe,Europe,553,EVT-0105,signature de l’armistice franco-allemand à Rethondes,22 juin 1940,3,3,DAY,,HIGH,SCHOOL
COL-0062,europe,Europe,554,EVT-0249,reconnaissance de De Gaulle comme chef des Français libres par le Royaume-Uni,28 juin 1940,4,3,DAY,,HIGH,SCHOOL
COL-0062,europe,Europe,555,EVT-0106,Vote des pleins pouvoirs constituants à Pétain,10 juillet 1940,4,3,DAY,,HIGH,SCHOOL
COL-0062,europe,Europe,556,EVT-0509,Bataille d’Angleterre,10 juillet-31 octobre 1940,4,3,RANGE,,HIGH,SCHOOL
COL-0062,europe,Europe,557,EVT-0107,Actes constitutionnels instituant l'État français,11 juillet 1940,4,3,DAY,,HIGH,SCHOOL
COL-0062,europe,Europe,558,EVT-0099,Attaque allemande contre l'URSS (opération Barbarossa),22 juin 1941,4,3,DAY,,HIGH,SCHOOL
COL-0062,europe,Europe,559,EVT-0511,Conférence de Wannsee,20 janvier 1942,3,3,DAY,,HIGH,SCHOOL
COL-0062,europe,Europe,560,EVT-0512,Bataille de Midway,4-7 juin 1942,4,3,RANGE,,HIGH,SCHOOL
COL-0062,europe,Europe,561,EVT-0513,Bataille de Stalingrad,23 août 1942-2 février 1943,5,2,RANGE,,HIGH,SCHOOL
COL-0062,europe,Europe,562,EVT-0514,Seconde bataille d’El-Alamein,23 octobre-11 novembre 1942,4,3,RANGE,,HIGH,SCHOOL
COL-0062,europe,Europe,563,EVT-0816,Début du soulèvement du ghetto de Varsovie,19 avril 1943,5,1,DAY,,HIGH,GENERAL_CULTURE_V1
COL-0062,europe,Europe,564,EVT-0016,Première réunion du Conseil national de la Résistance,27 mai 1943,4,3,DAY,,HIGH,SCHOOL
COL-0062,europe,Europe,565,EVT-0515,Débarquement allié en Sicile,10 juillet 1943,3,3,DAY,,HIGH,SCHOOL
COL-0062,europe,Europe,566,EVT-0817,Chute de Mussolini après son arrestation,25 juillet 1943,5,1,DAY,,HIGH,GENERAL_CULTURE_V1
COL-0062,europe,Europe,567,EVT-0516,Annonce de l’armistice italien,8 septembre 1943,3,3,DAY,,HIGH,SCHOOL
COL-0062,europe,Europe,568,EVT-0517,Conférence de Téhéran,28 novembre-1er décembre 1943,3,3,RANGE,,HIGH,SCHOOL
COL-0062,europe,Europe,569,EVT-0109,Adoption du programme du CNR,15 mars 1944,4,3,DAY,,HIGH,SCHOOL
COL-0062,europe,Europe,570,EVT-0006,Ordonnance du 21 avril 1944 accordant aux femmes le droit de vote et d’éligibilité,21 avril 1944,4,2,DAY,,HIGH,SCHOOL
COL-0062,europe,Europe,571,EVT-0360,Création officielle du Gouvernement provisoire de la République française,3 juin 1944,3,3,DAY,,HIGH,SCHOOL
COL-0062,europe,Europe,572,EVT-0017,Débarquement allié en Normandie,6 juin 1944,5,2,DAY,,HIGH,SCHOOL
COL-0062,europe,Europe,573,EVT-0819,Début de l’insurrection de Varsovie,1 août 1944,5,1,DAY,,HIGH,GENERAL_CULTURE_V1
COL-0062,europe,Europe,574,EVT-0284,Naissance de l’Agence France-Presse,20 août 1944,4,3,DAY,,HIGH,SCHOOL
COL-0062,europe,Europe,575,EVT-0100,Libération de Paris,25 août 1944,4,3,DAY,,HIGH,SCHOOL
COL-0062,europe,Europe,576,EVT-0518,Libération du camp d’Auschwitz-Birkenau,27 janvier 1945,5,2,DAY,,HIGH,SCHOOL
COL-0062,europe,Europe,577,EVT-0519,Conférence de Yalta,4-11 février 1945,4,3,RANGE,,HIGH,SCHOOL
COL-0062,europe,Europe,578,EVT-0007,Première participation des Françaises à un scrutin (élections municipales),29 avril 1945 aux municipales,4,2,DAY,,HIGH,SCHOOL
COL-0062,europe,Europe,579,EVT-0101,Fin de la guerre en Europe / capitulation allemande effective,8 mai 1945,4,3,DAY,,HIGH,SCHOOL
COL-0062,europe,Europe,580,EVT-0821,Ouverture de la conférence de Potsdam,17 juillet 1945,5,1,DAY,,HIGH,GENERAL_CULTURE_V1
COL-0062,europe,Europe,581,EVT-0128,Ordonnance fondatrice de l'organisation de la Sécurité sociale,4 octobre 1945 (entrée en vigueur 7 octobre 1945),4,3,RANGE,,HIGH,SCHOOL
COL-0062,europe,Europe,582,EVT-0008,Premier vote des Françaises à un scrutin national,21 octobre 1945,4,3,DAY,,HIGH,SCHOOL
COL-0062,europe,Europe,583,EVT-1289,60e édition des Championnats de Wimbledon,1946,1,4,YEAR,,HIGH,GENERAL_CULTURE_V2
COL-0062,europe,Europe,584,EVT-1292,34e édition du Tour de France,1947,1,4,YEAR,,HIGH,GENERAL_CULTURE_V2
COL-0062,europe,Europe,585,EVT-0359,Guerre froide,"12 mars 1947 - 26 décembre 1991, périodisation conventionnelle",5,2,RANGE,,HIGH,SCHOOL
COL-0062,europe,Europe,586,EVT-1296,35e édition du Tour de France,1948,1,4,YEAR,,HIGH,GENERAL_CULTURE_V2
COL-0062,europe,Europe,587,EVT-1298,62e édition des Championnats de Wimbledon,1948,1,4,YEAR,,HIGH,GENERAL_CULTURE_V2
COL-0062,europe,Europe,588,EVT-0111,Début du blocus de Berlin,24 juin 1948,4,3,DAY,,HIGH,SCHOOL
COL-0062,europe,Europe,589,EVT-1300,1re cérémonie des British Academy Film Awards,1949,2,4,YEAR,,HIGH,GENERAL_CULTURE_V2
COL-0062,europe,Europe,590,EVT-0949,Fondation du Conseil de l’Europe,5 mai 1949,4,2,DAY,,HIGH,GENERAL_CULTURE_V1
COL-0062,europe,Europe,591,EVT-0112,Fin du blocus de Berlin,12 mai 1949,3,4,DAY,,HIGH,SCHOOL
COL-0062,europe,Europe,592,EVT-1301,2e cérémonie des British Academy Film Awards,1950,1,4,YEAR,,HIGH,GENERAL_CULTURE_V2
COL-0062,europe,Europe,593,EVT-1306,37e édition du Tour de France,1950,1,4,YEAR,,HIGH,GENERAL_CULTURE_V2
COL-0062,europe,Europe,594,EVT-1307,64e édition des Championnats de Wimbledon,1950,1,4,YEAR,,HIGH,GENERAL_CULTURE_V2
COL-0062,europe,Europe,595,EVT-0867,Signature de la Convention européenne des droits de l’homme,4 novembre 1950,5,1,DAY,,HIGH,GENERAL_CULTURE_V1
COL-0062,europe,Europe,596,EVT-1308,1re édition de la Berlinale,1951,2,4,YEAR,,HIGH,GENERAL_CULTURE_V2
COL-0062,europe,Europe,597,EVT-1311,38e édition du Tour de France,1951,1,4,YEAR,,HIGH,GENERAL_CULTURE_V2
COL-0062,europe,Europe,598,EVT-1312,65e édition des Championnats de Wimbledon,1951,1,4,YEAR,,HIGH,GENERAL_CULTURE_V2
COL-0062,europe,Europe,599,EVT-0116,Signature du traité de Paris instituant la CECA,18 avril 1951,4,2,DAY,,HIGH,SCHOOL
COL-0062,europe,Europe,600,EVT-1313,4e cérémonie des British Academy Film Awards,1952,1,4,YEAR,,HIGH,GENERAL_CULTURE_V2
COL-0062,europe,Europe,601,EVT-1314,2e édition de la Berlinale,1952,1,4,YEAR,,HIGH,GENERAL_CULTURE_V2
COL-0062,europe,Europe,602,EVT-1318,39e édition du Tour de France,1952,1,4,YEAR,,HIGH,GENERAL_CULTURE_V2
COL-0062,europe,Europe,603,EVT-0951,Élisabeth II devient reine du Royaume-Uni,6 février 1952,4,2,DAY,,HIGH,GENERAL_CULTURE_V1
COL-0062,europe,Europe,604,EVT-0117,Entrée en vigueur du traité CECA,23 juillet 1952,3,5,DAY,,HIGH,SCHOOL
COL-0062,europe,Europe,605,EVT-1321,5e cérémonie des British Academy Film Awards,1953,1,4,YEAR,,HIGH,GENERAL_CULTURE_V2
COL-0062,europe,Europe,606,EVT-1325,40e édition du Tour de France,1953,1,4,YEAR,,HIGH,GENERAL_CULTURE_V2
COL-0062,europe,Europe,607,EVT-1326,67e édition des Championnats de Wimbledon,1953,1,4,YEAR,,HIGH,GENERAL_CULTURE_V2
COL-0062,europe,Europe,608,EVT-0870,Mort de Joseph Staline,5 mars 1953,5,1,DAY,,HIGH,GENERAL_CULTURE_V1
COL-0062,europe,Europe,609,EVT-0871,Publication de la structure en double hélice de l’ADN par Watson et Crick,25 avril 1953,5,1,DAY,,HIGH,GENERAL_CULTURE_V1
COL-0062,europe,Europe,610,EVT-1327,4e édition de la Berlinale,1954,1,4,YEAR,,HIGH,GENERAL_CULTURE_V2
COL-0062,europe,Europe,611,EVT-1332,68e édition des Championnats de Wimbledon,1954,1,4,YEAR,,HIGH,GENERAL_CULTURE_V2
COL-0062,europe,Europe,612,EVT-0952,Roger Bannister court le premier mile en moins de quatre minutes,6 mai 1954,4,2,DAY,,HIGH,GENERAL_CULTURE_V1
COL-0062,europe,Europe,613,EVT-0530,Début de la guerre d’Algérie,1er novembre 1954,5,2,DAY,,HIGH,SCHOOL
COL-0062,europe,Europe,614,EVT-1333,7e cérémonie des British Academy Film Awards,1955,1,4,YEAR,,HIGH,GENERAL_CULTURE_V2
COL-0062,europe,Europe,615,EVT-1334,5e édition de la Berlinale,1955,1,4,YEAR,,HIGH,GENERAL_CULTURE_V2
COL-0062,europe,Europe,616,EVT-1337,42e édition du Tour de France,1955,1,4,YEAR,,HIGH,GENERAL_CULTURE_V2
COL-0062,europe,Europe,617,EVT-1339,8e cérémonie des British Academy Film Awards,1956,1,4,YEAR,,HIGH,GENERAL_CULTURE_V2
COL-0062,europe,Europe,618,EVT-1340,6e édition de la Berlinale,1956,1,4,YEAR,,HIGH,GENERAL_CULTURE_V2
COL-0062,europe,Europe,619,EVT-1341,1er Concours Eurovision de la chanson,1956,2,4,YEAR,,HIGH,GENERAL_CULTURE_V2
COL-0062,europe,Europe,620,EVT-1346,43e édition du Tour de France,1956,1,4,YEAR,,HIGH,GENERAL_CULTURE_V2
COL-0062,europe,Europe,621,EVT-1348,70e édition des Championnats de Wimbledon,1956,1,4,YEAR,,HIGH,GENERAL_CULTURE_V2
COL-0062,europe,Europe,622,EVT-0876,Discours secret de Nikita Khrouchtchev au XXe congrès du PCUS,25 février 1956,5,1,DAY,,HIGH,GENERAL_CULTURE_V1
COL-0062,europe,Europe,623,EVT-0877,Début de l’insurrection de Budapest,23 octobre 1956,5,1,DAY,,HIGH,GENERAL_CULTURE_V1
COL-0062,europe,Europe,624,EVT-1350,9e cérémonie des British Academy Film Awards,1957,1,4,YEAR,,HIGH,GENERAL_CULTURE_V2
COL-0062,europe,Europe,625,EVT-1351,2e Concours Eurovision de la chanson,1957,1,4,YEAR,,HIGH,GENERAL_CULTURE_V2
COL-0062,europe,Europe,626,EVT-1352,44e édition du Tour de France,1957,1,4,YEAR,,HIGH,GENERAL_CULTURE_V2
COL-0062,europe,Europe,627,EVT-0118,Signature des traités de Rome,25 mars 1957,5,2,DAY,,HIGH,SCHOOL
COL-0062,europe,Europe,628,EVT-0286,Lancement de Spoutnik 1,4 octobre 1957,5,2,DAY,,HIGH,SCHOOL
COL-0062,europe,Europe,629,EVT-1353,8e édition de la Berlinale,1958,1,4,YEAR,,HIGH,GENERAL_CULTURE_V2
COL-0062,europe,Europe,630,EVT-1358,45e édition du Tour de France,1958,1,4,YEAR,,HIGH,GENERAL_CULTURE_V2
COL-0062,europe,Europe,631,EVT-1359,72e édition des Championnats de Wimbledon,1958,1,4,YEAR,,HIGH,GENERAL_CULTURE_V2
COL-0062,europe,Europe,632,EVT-0119,Entrée en vigueur des traités de Rome,1er janvier 1958,4,4,DAY,,HIGH,SCHOOL
COL-0062,europe,Europe,633,EVT-0361,Référendum constitutionnel fondant la Ve République,28 septembre 1958,4,3,DAY,,HIGH,SCHOOL
COL-0062,europe,Europe,634,EVT-0362,Promulgation de la Constitution de la Ve République,4 octobre 1958,4,3,DAY,,HIGH,SCHOOL
COL-0062,europe,Europe,635,EVT-0531,Élection de Charles de Gaulle à la présidence de la République,21 décembre 1958,3,4,DAY,,HIGH,SCHOOL
COL-0062,europe,Europe,636,EVT-1360,11e cérémonie des British Academy Film Awards,1959,1,4,YEAR,,HIGH,GENERAL_CULTURE_V2
COL-0062,europe,Europe,637,EVT-1361,9e édition de la Berlinale,1959,1,4,YEAR,,HIGH,GENERAL_CULTURE_V2
COL-0062,europe,Europe,638,EVT-1362,4e Concours Eurovision de la chanson,1959,1,4,YEAR,,HIGH,GENERAL_CULTURE_V2
COL-0062,europe,Europe,639,EVT-1367,46e édition du Tour de France,1959,1,4,YEAR,,HIGH,GENERAL_CULTURE_V2
COL-0062,europe,Europe,640,EVT-1368,73e édition des Championnats de Wimbledon,1959,1,4,YEAR,,HIGH,GENERAL_CULTURE_V2
COL-0062,europe,Europe,641,EVT-1369,12e cérémonie des British Academy Film Awards,1960,1,4,YEAR,,HIGH,GENERAL_CULTURE_V2
COL-0062,europe,Europe,642,EVT-1370,5e Concours Eurovision de la chanson,1960,1,4,YEAR,,HIGH,GENERAL_CULTURE_V2
COL-0062,europe,Europe,643,EVT-1376,Ie Championnat d’Europe de football organisé en France,1960,2,4,YEAR,,HIGH,GENERAL_CULTURE_V2
COL-0062,europe,Europe,644,EVT-1379,11e édition de la Berlinale,1961,1,4,YEAR,,HIGH,GENERAL_CULTURE_V2
COL-0062,europe,Europe,645,EVT-1380,6e Concours Eurovision de la chanson,1961,1,4,YEAR,,HIGH,GENERAL_CULTURE_V2
COL-0062,europe,Europe,646,EVT-1384,48e édition du Tour de France,1961,1,4,YEAR,,HIGH,GENERAL_CULTURE_V2
COL-0062,europe,Europe,647,EVT-1385,75e édition des Championnats de Wimbledon,1961,1,4,YEAR,,HIGH,GENERAL_CULTURE_V2
COL-0062,europe,Europe,648,EVT-0287,"Premier vol spatial humain, Youri Gagarine / Vostok 1",12 avril 1961,5,2,DAY,,HIGH,SCHOOL
COL-0062,europe,Europe,649,EVT-0113,Construction / fermeture de la frontière par le mur de Berlin,13 août 1961,5,2,DAY,,HIGH,SCHOOL
COL-0062,europe,Europe,650,EVT-1386,14e cérémonie des British Academy Film Awards,1962,1,4,YEAR,,HIGH,GENERAL_CULTURE_V2
COL-0062,europe,Europe,651,EVT-1387,12e édition de la Berlinale,1962,1,4,YEAR,,HIGH,GENERAL_CULTURE_V2
COL-0062,europe,Europe,652,EVT-1388,7e Concours Eurovision de la chanson,1962,1,4,YEAR,,HIGH,GENERAL_CULTURE_V2
COL-0062,europe,Europe,653,EVT-1392,49e édition du Tour de France,1962,1,4,YEAR,,HIGH,GENERAL_CULTURE_V2
COL-0062,europe,Europe,654,EVT-1393,76e édition des Championnats de Wimbledon,1962,1,4,YEAR,,HIGH,GENERAL_CULTURE_V2
COL-0062,europe,Europe,655,EVT-0120,Signature des accords d'Évian,18 mars 1962,4,2,DAY,,HIGH,SCHOOL
COL-0062,europe,Europe,656,EVT-0123,Reconnaissance de l'indépendance par la France / transfert de souveraineté,3 juillet 1962,3,4,DAY,,HIGH,SCHOOL
COL-0062,europe,Europe,657,EVT-0882,Ouverture du concile Vatican II,11 octobre 1962,5,1,DAY,,HIGH,GENERAL_CULTURE_V1
COL-0062,europe,Europe,658,EVT-0363,Référendum sur l’élection présidentielle au suffrage universel direct,28 octobre 1962,3,3,DAY,,HIGH,SCHOOL
COL-0062,europe,Europe,659,EVT-1394,15e cérémonie des British Academy Film Awards,1963,1,4,YEAR,,HIGH,GENERAL_CULTURE_V2
COL-0062,europe,Europe,660,EVT-1395,13e édition de la Berlinale,1963,1,4,YEAR,,HIGH,GENERAL_CULTURE_V2
COL-0062,europe,Europe,661,EVT-1399,50e édition du Tour de France,1963,2,4,YEAR,,HIGH,GENERAL_CULTURE_V2
COL-0062,europe,Europe,662,EVT-1400,16e cérémonie des British Academy Film Awards,1964,1,4,YEAR,,HIGH,GENERAL_CULTURE_V2
COL-0062,europe,Europe,663,EVT-1401,9e Concours Eurovision de la chanson,1964,1,4,YEAR,,HIGH,GENERAL_CULTURE_V2
COL-0062,europe,Europe,664,EVT-1406,51e édition du Tour de France,1964,1,4,YEAR,,HIGH,GENERAL_CULTURE_V2
COL-0062,europe,Europe,665,EVT-1407,IIe Championnat d’Europe de football organisé en Espagne,1964,2,4,YEAR,,HIGH,GENERAL_CULTURE_V2
COL-0062,europe,Europe,666,EVT-1410,78e édition des Championnats de Wimbledon,1964,1,4,YEAR,,HIGH,GENERAL_CULTURE_V2
COL-0062,europe,Europe,667,EVT-1412,15e édition de la Berlinale,1965,1,4,YEAR,,HIGH,GENERAL_CULTURE_V2
COL-0062,europe,Europe,668,EVT-1413,10e Concours Eurovision de la chanson,1965,1,4,YEAR,,HIGH,GENERAL_CULTURE_V2
COL-0062,europe,Europe,669,EVT-0129,Loi réformant les régimes matrimoniaux et renforçant l'autonomie professionnelle de la femme mariée,13 juillet 1965,2,4,DAY,,HIGH,SCHOOL
COL-0062,europe,Europe,670,EVT-1418,18e cérémonie des British Academy Film Awards,1966,1,4,YEAR,,HIGH,GENERAL_CULTURE_V2
COL-0062,europe,Europe,671,EVT-1419,16e édition de la Berlinale,1966,1,4,YEAR,,HIGH,GENERAL_CULTURE_V2
COL-0062,europe,Europe,672,EVT-1420,11e Concours Eurovision de la chanson,1966,1,4,YEAR,,HIGH,GENERAL_CULTURE_V2
COL-0062,europe,Europe,673,EVT-1425,53e édition du Tour de France,1966,1,4,YEAR,,HIGH,GENERAL_CULTURE_V2
COL-0062,europe,Europe,674,EVT-1426,80e édition des Championnats de Wimbledon,1966,1,4,YEAR,,HIGH,GENERAL_CULTURE_V2
COL-0062,europe,Europe,675,EVT-1427,19e cérémonie des British Academy Film Awards,1967,1,4,YEAR,,HIGH,GENERAL_CULTURE_V2
COL-0062,europe,Europe,676,EVT-1428,17e édition de la Berlinale,1967,1,4,YEAR,,HIGH,GENERAL_CULTURE_V2
COL-0062,europe,Europe,677,EVT-1429,12e Concours Eurovision de la chanson,1967,1,4,YEAR,,HIGH,GENERAL_CULTURE_V2
COL-0062,europe,Europe,678,EVT-1433,54e édition du Tour de France,1967,1,4,YEAR,,HIGH,GENERAL_CULTURE_V2
COL-0062,europe,Europe,679,EVT-1434,81e édition des Championnats de Wimbledon,1967,1,4,YEAR,,HIGH,GENERAL_CULTURE_V2
COL-0062,europe,Europe,680,EVT-1441,55e édition du Tour de France,1968,1,4,YEAR,,HIGH,GENERAL_CULTURE_V2
COL-0062,europe,Europe,681,EVT-1442,IIIe Championnat d’Europe de football organisé en Italie,1968,2,4,YEAR,,HIGH,GENERAL_CULTURE_V2
COL-0062,europe,Europe,682,EVT-0537,Mai 68 en France,2 mai-23 juin 1968,5,1,RANGE,,HIGH,SCHOOL
COL-0062,europe,Europe,683,EVT-1446,21e cérémonie des British Academy Film Awards,1969,1,4,YEAR,,HIGH,GENERAL_CULTURE_V2
COL-0062,europe,Europe,684,EVT-1447,19e édition de la Berlinale,1969,1,4,YEAR,,HIGH,GENERAL_CULTURE_V2
COL-0062,europe,Europe,685,EVT-1448,14e Concours Eurovision de la chanson,1969,1,4,YEAR,,HIGH,GENERAL_CULTURE_V2
COL-0062,europe,Europe,686,EVT-1453,56e édition du Tour de France,1969,1,4,YEAR,,HIGH,GENERAL_CULTURE_V2
COL-0062,europe,Europe,687,EVT-1454,83e édition des Championnats de Wimbledon,1969,1,4,YEAR,,HIGH,GENERAL_CULTURE_V2
COL-0062,europe,Europe,688,EVT-0539,Démission de Charles de Gaulle,28 avril 1969,3,3,DAY,,HIGH,SCHOOL
COL-0062,europe,Europe,689,EVT-1455,22e cérémonie des British Academy Film Awards,1970,1,4,YEAR,,HIGH,GENERAL_CULTURE_V2
COL-0062,europe,Europe,690,EVT-1456,20e édition de la Berlinale,1970,1,4,YEAR,,HIGH,GENERAL_CULTURE_V2
COL-0062,europe,Europe,691,EVT-1457,15e Concours Eurovision de la chanson,1970,1,4,YEAR,,HIGH,GENERAL_CULTURE_V2
COL-0062,europe,Europe,692,EVT-0130,Loi remplaçant la puissance paternelle par l'autorité parentale,4 juin 1970,4,4,DAY,,HIGH,SCHOOL
COL-0062,europe,Europe,693,EVT-1464,16e Concours Eurovision de la chanson,1971,1,4,YEAR,,HIGH,GENERAL_CULTURE_V2
COL-0062,europe,Europe,694,EVT-1469,58e édition du Tour de France,1971,1,4,YEAR,,HIGH,GENERAL_CULTURE_V2
COL-0062,europe,Europe,695,EVT-1470,85e édition des Championnats de Wimbledon,1971,1,4,YEAR,,HIGH,GENERAL_CULTURE_V2
COL-0062,europe,Europe,696,EVT-1471,24e cérémonie des British Academy Film Awards,1972,1,4,YEAR,,HIGH,GENERAL_CULTURE_V2
COL-0062,europe,Europe,697,EVT-1472,22e édition de la Berlinale,1972,1,4,YEAR,,HIGH,GENERAL_CULTURE_V2
COL-0062,europe,Europe,698,EVT-1473,17e Concours Eurovision de la chanson,1972,1,4,YEAR,,HIGH,GENERAL_CULTURE_V2
COL-0062,europe,Europe,699,EVT-1479,59e édition du Tour de France,1972,1,4,YEAR,,HIGH,GENERAL_CULTURE_V2
COL-0062,europe,Europe,700,EVT-1480,IVe Championnat d’Europe de football organisé en Belgique,1972,2,4,YEAR,,HIGH,GENERAL_CULTURE_V2
COL-0062,europe,Europe,701,EVT-1482,86e édition des Championnats de Wimbledon,1972,1,4,YEAR,,HIGH,GENERAL_CULTURE_V2
COL-0062,europe,Europe,702,EVT-0966,Bobby Fischer devient champion du monde d’échecs,1er septembre 1972,4,2,DAY,,HIGH,GENERAL_CULTURE_V1
COL-0062,europe,Europe,703,EVT-0902,Prise d’otages et massacre des Jeux olympiques de Munich,5 septembre 1972,5,1,DAY,,HIGH,GENERAL_CULTURE_V1
COL-0062,europe,Europe,704,EVT-1484,25e cérémonie des British Academy Film Awards,1973,1,4,YEAR,,HIGH,GENERAL_CULTURE_V2
COL-0062,europe,Europe,705,EVT-1485,23e édition de la Berlinale,1973,1,4,YEAR,,HIGH,GENERAL_CULTURE_V2
COL-0062,europe,Europe,706,EVT-1488,60e édition du Tour de France,1973,1,4,YEAR,,HIGH,GENERAL_CULTURE_V2
COL-0062,europe,Europe,707,EVT-1489,26e cérémonie des British Academy Film Awards,1974,1,4,YEAR,,HIGH,GENERAL_CULTURE_V2
COL-0062,europe,Europe,708,EVT-1490,24e édition de la Berlinale,1974,1,4,YEAR,,HIGH,GENERAL_CULTURE_V2
COL-0062,europe,Europe,709,EVT-1491,19e Concours Eurovision de la chanson,1974,1,4,YEAR,,HIGH,GENERAL_CULTURE_V2
COL-0062,europe,Europe,710,EVT-1499,61e édition du Tour de France,1974,1,4,YEAR,,HIGH,GENERAL_CULTURE_V2
COL-0062,europe,Europe,711,EVT-1500,88e édition des Championnats de Wimbledon,1974,1,4,YEAR,,HIGH,GENERAL_CULTURE_V2
COL-0062,europe,Europe,712,EVT-0266,Révolution des Œillets au Portugal,25 avril 1974,4,3,DAY,,HIGH,SCHOOL
COL-0062,europe,Europe,713,EVT-0131,Loi abaissant la majorité civile à 18 ans,5 juillet 1974,4,4,DAY,,HIGH,SCHOOL
COL-0062,europe,Europe,714,EVT-1501,20e Concours Eurovision de la chanson,1975,1,4,YEAR,,HIGH,GENERAL_CULTURE_V2
COL-0062,europe,Europe,715,EVT-1505,89e édition des Championnats de Wimbledon,1975,1,4,YEAR,,HIGH,GENERAL_CULTURE_V2
COL-0062,europe,Europe,716,EVT-0132,Loi Veil sur l'IVG,17 janvier 1975,4,3,DAY,,HIGH,SCHOOL
COL-0062,europe,Europe,717,EVT-1506,28e cérémonie des British Academy Film Awards,1976,1,4,YEAR,,HIGH,GENERAL_CULTURE_V2
COL-0062,europe,Europe,718,EVT-1507,26e édition de la Berlinale,1976,1,4,YEAR,,HIGH,GENERAL_CULTURE_V2
COL-0062,europe,Europe,719,EVT-1509,21e Concours Eurovision de la chanson,1976,1,4,YEAR,,HIGH,GENERAL_CULTURE_V2
COL-0062,europe,Europe,720,EVT-1515,63e édition du Tour de France,1976,1,4,YEAR,,HIGH,GENERAL_CULTURE_V2
COL-0062,europe,Europe,721,EVT-1516,Ve Championnat d’Europe de football organisé en Yougoslavie,1976,2,4,YEAR,,HIGH,GENERAL_CULTURE_V2
COL-0062,europe,Europe,722,EVT-0267,Entrée en vigueur de la Constitution démocratique portugaise de 1976,25 avril 1976,2,5,DAY,,HIGH,SCHOOL
COL-0062,europe,Europe,723,EVT-1519,29e cérémonie des British Academy Film Awards,1977,1,4,YEAR,,HIGH,GENERAL_CULTURE_V2
COL-0062,europe,Europe,724,EVT-1520,27e édition de la Berlinale,1977,1,4,YEAR,,HIGH,GENERAL_CULTURE_V2
COL-0062,europe,Europe,725,EVT-1522,22e Concours Eurovision de la chanson,1977,1,4,YEAR,,HIGH,GENERAL_CULTURE_V2
COL-0062,europe,Europe,726,EVT-1528,64e édition du Tour de France,1977,1,4,YEAR,,HIGH,GENERAL_CULTURE_V2
COL-0062,europe,Europe,727,EVT-1529,91e édition des Championnats de Wimbledon,1977,1,4,YEAR,,HIGH,GENERAL_CULTURE_V2
COL-0062,europe,Europe,728,EVT-1530,28e édition de la Berlinale,1978,1,4,YEAR,,HIGH,GENERAL_CULTURE_V2
COL-0062,europe,Europe,729,EVT-1535,65e édition du Tour de France,1978,1,4,YEAR,,HIGH,GENERAL_CULTURE_V2
COL-0062,europe,Europe,730,EVT-0913,"Naissance de Louise Brown, premier bébé conçu par fécondation in vitro",25 juillet 1978,5,1,DAY,,HIGH,GENERAL_CULTURE_V1
COL-0062,europe,Europe,731,EVT-0268,Référendum constitutionnel espagnol,6 décembre 1978,3,4,DAY,,HIGH,SCHOOL
COL-0062,europe,Europe,732,EVT-0269,Sanction de la Constitution espagnole par le roi,27 décembre 1978,2,5,DAY,,HIGH,SCHOOL
COL-0062,europe,Europe,733,EVT-0270,Publication et entrée en vigueur de la Constitution espagnole,29 décembre 1978,2,5,DAY,,HIGH,SCHOOL
COL-0062,europe,Europe,734,EVT-1536,31e cérémonie des British Academy Film Awards,1979,1,4,YEAR,,HIGH,GENERAL_CULTURE_V2
COL-0062,europe,Europe,735,EVT-1538,24e Concours Eurovision de la chanson,1979,1,4,YEAR,,HIGH,GENERAL_CULTURE_V2
COL-0062,europe,Europe,736,EVT-1543,66e édition du Tour de France,1979,1,4,YEAR,,HIGH,GENERAL_CULTURE_V2
COL-0062,europe,Europe,737,EVT-1544,93e édition des Championnats de Wimbledon,1979,1,4,YEAR,,HIGH,GENERAL_CULTURE_V2
COL-0062,europe,Europe,738,EVT-0972,Margaret Thatcher devient Première ministre du Royaume-Uni,4 mai 1979,4,2,DAY,,HIGH,GENERAL_CULTURE_V1
COL-0062,europe,Europe,739,EVT-0543,Début formel de l’invasion soviétique de l’Afghanistan,25 décembre 1979,3,3,DAY,,HIGH,SCHOOL
COL-0062,europe,Europe,740,EVT-1545,32e cérémonie des British Academy Film Awards,1980,1,4,YEAR,,HIGH,GENERAL_CULTURE_V2
COL-0062,europe,Europe,741,EVT-1546,30e édition de la Berlinale,1980,1,4,YEAR,,HIGH,GENERAL_CULTURE_V2
COL-0062,europe,Europe,742,EVT-1548,25e Concours Eurovision de la chanson,1980,1,4,YEAR,,HIGH,GENERAL_CULTURE_V2
COL-0062,europe,Europe,743,EVT-1554,VIe Championnat d’Europe de football organisé en Italie,1980,2,4,YEAR,,HIGH,GENERAL_CULTURE_V2
COL-0062,europe,Europe,744,EVT-1556,94e édition des Championnats de Wimbledon,1980,1,4,YEAR,,HIGH,GENERAL_CULTURE_V2
COL-0062,europe,Europe,745,EVT-0544,Accords de Gdańsk et naissance de Solidarność,31 août 1980,3,3,DAY,,HIGH,SCHOOL
COL-0062,europe,Europe,746,EVT-1558,33e cérémonie des British Academy Film Awards,1981,1,4,YEAR,,HIGH,GENERAL_CULTURE_V2
COL-0062,europe,Europe,747,EVT-1559,31e édition de la Berlinale,1981,1,4,YEAR,,HIGH,GENERAL_CULTURE_V2
COL-0062,europe,Europe,748,EVT-1561,26e Concours Eurovision de la chanson,1981,1,4,YEAR,,HIGH,GENERAL_CULTURE_V2
COL-0062,europe,Europe,749,EVT-1564,68e édition du Tour de France,1981,1,4,YEAR,,HIGH,GENERAL_CULTURE_V2
COL-0062,europe,Europe,750,EVT-0364,Élection de François Mitterrand à la présidence de la République,10 mai 1981,4,3,DAY,,HIGH,SCHOOL
COL-0062,europe,Europe,751,EVT-0133,Abolition de la peine de mort,9 octobre 1981,4,3,DAY,,HIGH,SCHOOL
COL-0062,europe,Europe,752,EVT-1566,27e Concours Eurovision de la chanson,1982,1,4,YEAR,,HIGH,GENERAL_CULTURE_V2
COL-0062,europe,Europe,753,EVT-1573,69e édition du Tour de France,1982,1,4,YEAR,,HIGH,GENERAL_CULTURE_V2
COL-0062,europe,Europe,754,EVT-1574,96e édition des Championnats de Wimbledon,1982,1,4,YEAR,,HIGH,GENERAL_CULTURE_V2
COL-0062,europe,Europe,755,EVT-0134,"Loi de décentralisation relative aux droits et libertés des communes, départements et régions",2 mars 1982,2,4,DAY,,HIGH,SCHOOL
COL-0062,europe,Europe,756,EVT-1575,35e cérémonie des British Academy Film Awards,1983,1,4,YEAR,,HIGH,GENERAL_CULTURE_V2
COL-0062,europe,Europe,757,EVT-1576,33e édition de la Berlinale,1983,1,4,YEAR,,HIGH,GENERAL_CULTURE_V2
COL-0062,europe,Europe,758,EVT-1582,70e édition du Tour de France,1983,1,4,YEAR,,HIGH,GENERAL_CULTURE_V2
COL-0062,europe,Europe,759,EVT-1583,36e cérémonie des British Academy Film Awards,1984,1,4,YEAR,,HIGH,GENERAL_CULTURE_V2
COL-0062,europe,Europe,760,EVT-1584,34e édition de la Berlinale,1984,1,4,YEAR,,HIGH,GENERAL_CULTURE_V2
COL-0062,europe,Europe,761,EVT-1586,29e Concours Eurovision de la chanson,1984,1,4,YEAR,,HIGH,GENERAL_CULTURE_V2
COL-0062,europe,Europe,762,EVT-1591,71e édition du Tour de France,1984,1,4,YEAR,,HIGH,GENERAL_CULTURE_V2
COL-0062,europe,Europe,763,EVT-1592,VIIe Championnat d’Europe de football organisé en France,1984,2,4,YEAR,,HIGH,GENERAL_CULTURE_V2
COL-0062,europe,Europe,764,EVT-1594,98e édition des Championnats de Wimbledon,1984,1,4,YEAR,,HIGH,GENERAL_CULTURE_V2
COL-0062,europe,Europe,765,EVT-1596,35e édition de la Berlinale,1985,1,4,YEAR,,HIGH,GENERAL_CULTURE_V2
COL-0062,europe,Europe,766,EVT-1598,30e Concours Eurovision de la chanson,1985,1,4,YEAR,,HIGH,GENERAL_CULTURE_V2
COL-0062,europe,Europe,767,EVT-1602,72e édition du Tour de France,1985,1,4,YEAR,,HIGH,GENERAL_CULTURE_V2
COL-0062,europe,Europe,768,EVT-1603,99e édition des Championnats de Wimbledon,1985,1,4,YEAR,,HIGH,GENERAL_CULTURE_V2
COL-0062,europe,Europe,769,EVT-0923,Mikhaïl Gorbatchev devient secrétaire général du PCUS,11 mars 1985,5,1,DAY,,HIGH,GENERAL_CULTURE_V1
COL-0062,europe,Europe,770,EVT-0280,Accord de Schengen,14 juin 1985,4,3,DAY,,HIGH,SCHOOL
COL-0062,europe,Europe,771,EVT-1604,38e cérémonie des British Academy Film Awards,1986,1,4,YEAR,,HIGH,GENERAL_CULTURE_V2
COL-0062,europe,Europe,772,EVT-1606,31e Concours Eurovision de la chanson,1986,1,4,YEAR,,HIGH,GENERAL_CULTURE_V2
COL-0062,europe,Europe,773,EVT-1614,Signature de l’Acte unique européen,17 février 1986,4,3,DAY,,HIGH,GENERAL_CULTURE_V2
COL-0062,europe,Europe,774,EVT-0545,Catastrophe nucléaire de Tchernobyl,26 avril 1986,4,3,DAY,,HIGH,SCHOOL
COL-0062,europe,Europe,775,EVT-1613,Big Bang de la place financière de Londres,27 octobre 1986,3,3,DAY,,HIGH,GENERAL_CULTURE_V2
COL-0062,europe,Europe,776,EVT-1615,39e cérémonie des British Academy Film Awards,1987,1,4,YEAR,,HIGH,GENERAL_CULTURE_V2
COL-0062,europe,Europe,777,EVT-1616,37e édition de la Berlinale,1987,1,4,YEAR,,HIGH,GENERAL_CULTURE_V2
COL-0062,europe,Europe,778,EVT-1617,32e Concours Eurovision de la chanson,1987,1,4,YEAR,,HIGH,GENERAL_CULTURE_V2
COL-0062,europe,Europe,779,EVT-1622,74e édition du Tour de France,1987,1,4,YEAR,,HIGH,GENERAL_CULTURE_V2
COL-0062,europe,Europe,780,EVT-1624,101e édition des Championnats de Wimbledon,1987,1,4,YEAR,,HIGH,GENERAL_CULTURE_V2
COL-0062,europe,Europe,781,EVT-1625,40e cérémonie des British Academy Film Awards,1988,1,4,YEAR,,HIGH,GENERAL_CULTURE_V2
COL-0062,europe,Europe,782,EVT-1626,38e édition de la Berlinale,1988,1,4,YEAR,,HIGH,GENERAL_CULTURE_V2
COL-0062,europe,Europe,783,EVT-1635,75e édition du Tour de France,1988,1,4,YEAR,,HIGH,GENERAL_CULTURE_V2
COL-0062,europe,Europe,784,EVT-1636,VIIIe Championnat d’Europe de football organisé en Allemagne de l’Ouest,1988,2,4,YEAR,,HIGH,GENERAL_CULTURE_V2
COL-0062,europe,Europe,785,EVT-1640,102e édition des Championnats de Wimbledon,1988,1,4,YEAR,,HIGH,GENERAL_CULTURE_V2
COL-0062,europe,Europe,786,EVT-0135,Loi instituant le revenu minimum d'insertion,1er décembre 1988,2,4,DAY,,HIGH,SCHOOL
COL-0062,europe,Europe,787,EVT-1638,Attentat contre le vol Pan Am 103 à Lockerbie,21 décembre 1988,4,3,DAY,,HIGH,GENERAL_CULTURE_V2
COL-0062,europe,Europe,788,EVT-1642,39e édition de la Berlinale,1989,1,4,YEAR,,HIGH,GENERAL_CULTURE_V2
COL-0062,europe,Europe,789,EVT-1644,34e Concours Eurovision de la chanson,1989,1,4,YEAR,,HIGH,GENERAL_CULTURE_V2
COL-0062,europe,Europe,790,EVT-1648,76e édition du Tour de France,1989,1,4,YEAR,,HIGH,GENERAL_CULTURE_V2
COL-0062,europe,Europe,791,EVT-0114,Ouverture du mur de Berlin,9 novembre 1989,5,2,DAY,,HIGH,SCHOOL
COL-0062,europe,Europe,792,EVT-0926,Début de la Révolution de velours en Tchécoslovaquie,17 novembre 1989,5,1,DAY,,HIGH,GENERAL_CULTURE_V1
COL-0062,europe,Europe,793,EVT-0927,Début de la révolution roumaine,16 décembre 1989,5,1,DAY,,HIGH,GENERAL_CULTURE_V1
COL-0062,europe,Europe,794,EVT-1649,42e cérémonie des British Academy Film Awards,1990,1,4,YEAR,,HIGH,GENERAL_CULTURE_V2
COL-0062,europe,Europe,795,EVT-1651,35e Concours Eurovision de la chanson,1990,1,4,YEAR,,HIGH,GENERAL_CULTURE_V2
COL-0062,europe,Europe,796,EVT-1656,77e édition du Tour de France,1990,1,4,YEAR,,HIGH,GENERAL_CULTURE_V2
COL-0062,europe,Europe,797,EVT-1658,104e édition des Championnats de Wimbledon,1990,1,4,YEAR,,HIGH,GENERAL_CULTURE_V2
COL-0062,europe,Europe,798,EVT-0281,Convention d’application de Schengen,19 juin 1990,4,3,DAY,,HIGH,SCHOOL
COL-0062,europe,Europe,799,EVT-0547,Réunification allemande,3 octobre 1990,5,1,DAY,,HIGH,SCHOOL
COL-0062,europe,Europe,800,EVT-0256,jonction historique du tunnel de service,1er décembre 1990,1,4,DAY,,HIGH,SCHOOL
COL-0062,europe,Europe,801,EVT-1659,43e cérémonie des British Academy Film Awards,1991,1,4,YEAR,,HIGH,GENERAL_CULTURE_V2
COL-0062,europe,Europe,802,EVT-1660,41e édition de la Berlinale,1991,1,4,YEAR,,HIGH,GENERAL_CULTURE_V2
COL-0062,europe,Europe,803,EVT-1662,36e Concours Eurovision de la chanson,1991,1,4,YEAR,,HIGH,GENERAL_CULTURE_V2
COL-0062,europe,Europe,804,EVT-0257,jonction du tunnel ferroviaire nord,22 mai 1991,1,4,DAY,,HIGH,SCHOOL
COL-0062,europe,Europe,805,EVT-1669,Déclarations d’indépendance de la Slovénie et de la Croatie,25 juin 1991,4,3,DAY,,HIGH,GENERAL_CULTURE_V2
COL-0062,europe,Europe,806,EVT-0258,jonction du tunnel ferroviaire sud,28 juin 1991,1,4,DAY,,HIGH,SCHOOL
COL-0062,europe,Europe,807,EVT-0930,Déclaration d’indépendance de l’Ukraine,24 août 1991,5,1,DAY,,HIGH,GENERAL_CULTURE_V1
COL-0062,europe,Europe,808,EVT-1668,Admission des États baltes à l’ONU après le rétablissement de leur indépendance,17 septembre 1991,4,3,DAY,,HIGH,GENERAL_CULTURE_V2
COL-0062,europe,Europe,809,EVT-0115,Disparition de l'URSS,26 décembre 1991 — dissolution formelle de l’URSS,5,2,DAY,,HIGH,SCHOOL
COL-0062,europe,Europe,810,EVT-1671,42e édition de la Berlinale,1992,1,4,YEAR,,HIGH,GENERAL_CULTURE_V2
COL-0062,europe,Europe,811,EVT-1677,79e édition du Tour de France,1992,1,4,YEAR,,HIGH,GENERAL_CULTURE_V2
COL-0062,europe,Europe,812,EVT-1678,IXe Championnat d’Europe de football organisé en Suède,1992,2,4,YEAR,,HIGH,GENERAL_CULTURE_V2
COL-0062,europe,Europe,813,EVT-1681,106e édition des Championnats de Wimbledon,1992,1,4,YEAR,,HIGH,GENERAL_CULTURE_V2
COL-0062,europe,Europe,814,EVT-0271,Signature du traité de Maastricht,7 février 1992,5,2,DAY,,HIGH,SCHOOL
COL-0062,europe,Europe,815,EVT-0931,Reconnaissance internationale de la Bosnie-Herzégovine et début de la guerre de Bosnie,6 avril 1992,5,1,DAY,,HIGH,GENERAL_CULTURE_V1
COL-0062,europe,Europe,816,EVT-1680,Ouverture des Jeux olympiques de Barcelone,25 juillet 1992,4,3,DAY,,HIGH,GENERAL_CULTURE_V2
COL-0062,europe,Europe,817,EVT-1683,45e cérémonie des British Academy Film Awards,1993,1,4,YEAR,,HIGH,GENERAL_CULTURE_V2
COL-0062,europe,Europe,818,EVT-1684,43e édition de la Berlinale,1993,1,4,YEAR,,HIGH,GENERAL_CULTURE_V2
COL-0062,europe,Europe,819,EVT-1686,38e Concours Eurovision de la chanson,1993,1,4,YEAR,,HIGH,GENERAL_CULTURE_V2
COL-0062,europe,Europe,820,EVT-1690,80e édition du Tour de France,1993,1,4,YEAR,,HIGH,GENERAL_CULTURE_V2
COL-0062,europe,Europe,821,EVT-1693,107e édition des Championnats de Wimbledon,1993,1,4,YEAR,,HIGH,GENERAL_CULTURE_V2
COL-0062,europe,Europe,822,EVT-1691,Dissolution de la Tchécoslovaquie et naissance de la Tchéquie et de la Slovaquie,1 janvier 1993,4,3,DAY,,HIGH,GENERAL_CULTURE_V2
COL-0062,europe,Europe,823,EVT-0305,Création du TPIY par la résolution 827 du Conseil de sécurité,25 mai 1993,3,3,DAY,,HIGH,SCHOOL
COL-0062,europe,Europe,824,EVT-0272,Entrée en vigueur du traité de Maastricht,1er novembre 1993,4,4,DAY,,HIGH,SCHOOL
COL-0062,europe,Europe,825,EVT-1694,46e cérémonie des British Academy Film Awards,1994,1,4,YEAR,,HIGH,GENERAL_CULTURE_V2
COL-0062,europe,Europe,826,EVT-1696,39e Concours Eurovision de la chanson,1994,1,4,YEAR,,HIGH,GENERAL_CULTURE_V2
COL-0062,europe,Europe,827,EVT-1703,81e édition du Tour de France,1994,1,4,YEAR,,HIGH,GENERAL_CULTURE_V2
COL-0062,europe,Europe,828,EVT-0259,inauguration officielle du tunnel,6 mai 1994,2,3,DAY,,HIGH,SCHOOL
COL-0062,europe,Europe,829,EVT-1704,Inauguration du tunnel sous la Manche,6 mai 1994,4,3,DAY,,HIGH,GENERAL_CULTURE_V2
COL-0062,europe,Europe,830,EVT-0260,premier train de marchandises en exploitation commerciale,1er juin 1994,1,4,DAY,,HIGH,SCHOOL
COL-0062,europe,Europe,831,EVT-0261,début du service commercial Eurostar,14 novembre 1994,2,3,DAY,,HIGH,SCHOOL
COL-0062,europe,Europe,832,EVT-1707,47e cérémonie des British Academy Film Awards,1995,1,4,YEAR,,HIGH,GENERAL_CULTURE_V2
COL-0062,europe,Europe,833,EVT-1708,45e édition de la Berlinale,1995,1,4,YEAR,,HIGH,GENERAL_CULTURE_V2
COL-0062,europe,Europe,834,EVT-1710,40e Concours Eurovision de la chanson,1995,1,4,YEAR,,HIGH,GENERAL_CULTURE_V2
COL-0062,europe,Europe,835,EVT-1716,82e édition du Tour de France,1995,1,4,YEAR,,HIGH,GENERAL_CULTURE_V2
COL-0062,europe,Europe,836,EVT-1718,109e édition des Championnats de Wimbledon,1995,1,4,YEAR,,HIGH,GENERAL_CULTURE_V2
COL-0062,europe,Europe,837,EVT-0282,Mise en application effective de Schengen pour les premiers États,26 mars 1995,3,4,DAY,,HIGH,SCHOOL
COL-0062,europe,Europe,838,EVT-0935,Début du massacre de Srebrenica,11 juillet 1995,5,1,DAY,,HIGH,GENERAL_CULTURE_V1
COL-0062,europe,Europe,839,EVT-0936,Signature des accords de Dayton à Paris,14 décembre 1995,5,1,DAY,,HIGH,GENERAL_CULTURE_V1
COL-0062,europe,Europe,840,EVT-1719,46e édition de la Berlinale,1996,1,4,YEAR,,HIGH,GENERAL_CULTURE_V2
COL-0062,europe,Europe,841,EVT-1720,41e Concours Eurovision de la chanson,1996,1,4,YEAR,,HIGH,GENERAL_CULTURE_V2
COL-0062,europe,Europe,842,EVT-1726,Xe Championnat d’Europe de football organisé en Angleterre,1996,2,4,YEAR,,HIGH,GENERAL_CULTURE_V2
COL-0062,europe,Europe,843,EVT-1728,110e édition des Championnats de Wimbledon,1996,1,4,YEAR,,HIGH,GENERAL_CULTURE_V2
COL-0062,europe,Europe,844,EVT-0937,"Naissance de Dolly, première brebis clonée à partir d’une cellule somatique adulte",5 juillet 1996,5,1,DAY,,HIGH,GENERAL_CULTURE_V1
COL-0062,europe,Europe,845,EVT-1729,49e cérémonie des British Academy Film Awards,1997,1,4,YEAR,,HIGH,GENERAL_CULTURE_V2
COL-0062,europe,Europe,846,EVT-1734,84e édition du Tour de France,1997,1,4,YEAR,,HIGH,GENERAL_CULTURE_V2
COL-0062,europe,Europe,847,EVT-1735,"Mort de Diana, princesse de Galles",31 août 1997,4,3,DAY,,HIGH,GENERAL_CULTURE_V2
COL-0062,europe,Europe,848,EVT-1737,50e cérémonie des British Academy Film Awards,1998,1,4,YEAR,,HIGH,GENERAL_CULTURE_V2
COL-0062,europe,Europe,849,EVT-1738,48e édition de la Berlinale,1998,1,4,YEAR,,HIGH,GENERAL_CULTURE_V2
COL-0062,europe,Europe,850,EVT-1740,43e Concours Eurovision de la chanson,1998,1,4,YEAR,,HIGH,GENERAL_CULTURE_V2
COL-0062,europe,Europe,851,EVT-1747,85e édition du Tour de France,1998,1,4,YEAR,,HIGH,GENERAL_CULTURE_V2
COL-0062,europe,Europe,852,EVT-1748,112e édition des Championnats de Wimbledon,1998,1,4,YEAR,,HIGH,GENERAL_CULTURE_V2
COL-0062,europe,Europe,853,EVT-0940,Accord du Vendredi saint en Irlande du Nord,10 avril 1998,5,1,DAY,,HIGH,GENERAL_CULTURE_V1
COL-0062,europe,Europe,854,EVT-1750,49e édition de la Berlinale,1999,1,4,YEAR,,HIGH,GENERAL_CULTURE_V2
COL-0062,europe,Europe,855,EVT-1752,44e Concours Eurovision de la chanson,1999,1,4,YEAR,,HIGH,GENERAL_CULTURE_V2
COL-0062,europe,Europe,856,EVT-1756,86e édition du Tour de France,1999,1,4,YEAR,,HIGH,GENERAL_CULTURE_V2
COL-0062,europe,Europe,857,EVT-0944,Introduction de l’euro comme monnaie scripturale,1 janvier 1999,5,1,DAY,,HIGH,GENERAL_CULTURE_V1
COL-0062,europe,Europe,858,EVT-0945,Début de l’intervention de l’OTAN au Kosovo,24 mars 1999,5,1,DAY,,HIGH,GENERAL_CULTURE_V1
COL-0062,europe,Europe,859,EVT-1757,52e cérémonie des British Academy Film Awards,2000,1,4,YEAR,,HIGH,GENERAL_CULTURE_V2
COL-0062,europe,Europe,860,EVT-1758,50e édition de la Berlinale,2000,1,4,YEAR,,HIGH,GENERAL_CULTURE_V2
COL-0062,europe,Europe,861,EVT-1760,45e Concours Eurovision de la chanson,2000,1,4,YEAR,,HIGH,GENERAL_CULTURE_V2
COL-0062,europe,Europe,862,EVT-1765,87e édition du Tour de France,2000,1,4,YEAR,,HIGH,GENERAL_CULTURE_V2
COL-0062,europe,Europe,863,EVT-1766,XIe Championnat d’Europe de football organisé en Belgique et Pays-Bas,2000,2,4,YEAR,,HIGH,GENERAL_CULTURE_V2
COL-0062,europe,Europe,864,EVT-1769,114e édition des Championnats de Wimbledon,2000,1,4,YEAR,,HIGH,GENERAL_CULTURE_V2
COL-0062,europe,Europe,865,EVT-1028,Vladimir Poutine prend ses fonctions de président de la Russie,7 mai 2000,4,2,DAY,,HIGH,GENERAL_CULTURE_V1
COL-0062,europe,Europe,866,EVT-1770,53e cérémonie des British Academy Film Awards,2001,1,4,YEAR,,HIGH,GENERAL_CULTURE_V2
COL-0062,europe,Europe,867,EVT-1771,46e Concours Eurovision de la chanson,2001,1,4,YEAR,,HIGH,GENERAL_CULTURE_V2
COL-0062,europe,Europe,868,EVT-1777,115e édition des Championnats de Wimbledon,2001,1,4,YEAR,,HIGH,GENERAL_CULTURE_V2
COL-0062,europe,Europe,869,EVT-1778,54e cérémonie des British Academy Film Awards,2002,1,4,YEAR,,HIGH,GENERAL_CULTURE_V2
COL-0062,europe,Europe,870,EVT-1779,52e édition de la Berlinale,2002,1,4,YEAR,,HIGH,GENERAL_CULTURE_V2
COL-0062,europe,Europe,871,EVT-1787,89e édition du Tour de France,2002,1,4,YEAR,,HIGH,GENERAL_CULTURE_V2
COL-0062,europe,Europe,872,EVT-0982,Mise en circulation des billets et pièces en euro,1 janvier 2002,5,1,DAY,,HIGH,GENERAL_CULTURE_V1
COL-0062,europe,Europe,873,EVT-1789,53e édition de la Berlinale,2003,1,4,YEAR,,HIGH,GENERAL_CULTURE_V2
COL-0062,europe,Europe,874,EVT-1791,48e Concours Eurovision de la chanson,2003,1,4,YEAR,,HIGH,GENERAL_CULTURE_V2
COL-0062,europe,Europe,875,EVT-1797,90e édition du Tour de France,2003,1,4,YEAR,,HIGH,GENERAL_CULTURE_V2
COL-0062,europe,Europe,876,EVT-1799,117e édition des Championnats de Wimbledon,2003,1,4,YEAR,,HIGH,GENERAL_CULTURE_V2
COL-0062,europe,Europe,877,EVT-1800,56e cérémonie des British Academy Film Awards,2004,1,4,YEAR,,HIGH,GENERAL_CULTURE_V2
COL-0062,europe,Europe,878,EVT-1801,54e édition de la Berlinale,2004,1,4,YEAR,,HIGH,GENERAL_CULTURE_V2
COL-0062,europe,Europe,879,EVT-1803,49e Concours Eurovision de la chanson,2004,1,4,YEAR,,HIGH,GENERAL_CULTURE_V2
COL-0062,europe,Europe,880,EVT-1809,91e édition du Tour de France,2004,1,4,YEAR,,HIGH,GENERAL_CULTURE_V2
COL-0062,europe,Europe,881,EVT-1810,XIIe Championnat d’Europe de football organisé en Portugal,2004,2,4,YEAR,,HIGH,GENERAL_CULTURE_V2
COL-0062,europe,Europe,882,EVT-0987,Grand élargissement de l’Union européenne à dix nouveaux États,1 mai 2004,5,1,DAY,,HIGH,GENERAL_CULTURE_V1
COL-0062,europe,Europe,883,EVT-1812,57e cérémonie des British Academy Film Awards,2005,1,4,YEAR,,HIGH,GENERAL_CULTURE_V2
COL-0062,europe,Europe,884,EVT-1813,50e Concours Eurovision de la chanson,2005,1,4,YEAR,,HIGH,GENERAL_CULTURE_V2
COL-0062,europe,Europe,885,EVT-1816,92e édition du Tour de France,2005,1,4,YEAR,,HIGH,GENERAL_CULTURE_V2
COL-0062,europe,Europe,886,EVT-1819,119e édition des Championnats de Wimbledon,2005,1,4,YEAR,,HIGH,GENERAL_CULTURE_V2
COL-0062,europe,Europe,887,EVT-1817,Attentats de Londres,7 juillet 2005,4,3,DAY,,HIGH,GENERAL_CULTURE_V2
COL-0062,europe,Europe,888,EVT-1820,56e édition de la Berlinale,2006,1,4,YEAR,,HIGH,GENERAL_CULTURE_V2
COL-0062,europe,Europe,889,EVT-1822,51e Concours Eurovision de la chanson,2006,1,4,YEAR,,HIGH,GENERAL_CULTURE_V2
COL-0062,europe,Europe,890,EVT-1828,93e édition du Tour de France,2006,1,4,YEAR,,HIGH,GENERAL_CULTURE_V2
COL-0062,europe,Europe,891,EVT-1832,120e édition des Championnats de Wimbledon,2006,1,4,YEAR,,HIGH,GENERAL_CULTURE_V2
COL-0062,europe,Europe,892,EVT-1834,59e cérémonie des British Academy Film Awards,2007,1,4,YEAR,,HIGH,GENERAL_CULTURE_V2
COL-0062,europe,Europe,893,EVT-1835,57e édition de la Berlinale,2007,1,4,YEAR,,HIGH,GENERAL_CULTURE_V2
COL-0062,europe,Europe,894,EVT-0991,Signature du traité de Lisbonne,13 décembre 2007,5,1,DAY,,HIGH,GENERAL_CULTURE_V1
COL-0062,europe,Europe,895,EVT-1844,60e cérémonie des British Academy Film Awards,2008,1,4,YEAR,,HIGH,GENERAL_CULTURE_V2
COL-0062,europe,Europe,896,EVT-1846,53e Concours Eurovision de la chanson,2008,1,4,YEAR,,HIGH,GENERAL_CULTURE_V2
COL-0062,europe,Europe,897,EVT-1851,95e édition du Tour de France,2008,1,4,YEAR,,HIGH,GENERAL_CULTURE_V2
COL-0062,europe,Europe,898,EVT-1852,XIIIe Championnat d’Europe de football organisé en Autriche et Suisse,2008,2,4,YEAR,,HIGH,GENERAL_CULTURE_V2
COL-0062,europe,Europe,899,EVT-1855,122e édition des Championnats de Wimbledon,2008,1,4,YEAR,,HIGH,GENERAL_CULTURE_V2
COL-0062,europe,Europe,900,EVT-1856,59e édition de la Berlinale,2009,1,4,YEAR,,HIGH,GENERAL_CULTURE_V2
COL-0062,europe,Europe,901,EVT-1857,54e Concours Eurovision de la chanson,2009,1,4,YEAR,,HIGH,GENERAL_CULTURE_V2
COL-0062,europe,Europe,902,EVT-1861,96e édition du Tour de France,2009,1,4,YEAR,,HIGH,GENERAL_CULTURE_V2
COL-0062,europe,Europe,903,EVT-1866,123e édition des Championnats de Wimbledon,2009,1,4,YEAR,,HIGH,GENERAL_CULTURE_V2
COL-0062,europe,Europe,904,EVT-0326,Création de l’ANSSI,7 juillet 2009,3,3,DAY,,HIGH,SCHOOL
COL-0062,europe,Europe,905,EVT-0312,Inscription du repas gastronomique des Français sur la Liste représentative du patrimoine culturel immatériel,2010,3,3,YEAR,,HIGH,SCHOOL
COL-0062,europe,Europe,906,EVT-1867,62e cérémonie des British Academy Film Awards,2010,1,4,YEAR,,HIGH,GENERAL_CULTURE_V2
COL-0062,europe,Europe,907,EVT-1868,60e édition de la Berlinale,2010,1,4,YEAR,,HIGH,GENERAL_CULTURE_V2
COL-0062,europe,Europe,908,EVT-1870,55e Concours Eurovision de la chanson,2010,1,4,YEAR,,HIGH,GENERAL_CULTURE_V2
COL-0062,europe,Europe,909,EVT-1877,97e édition du Tour de France,2010,1,4,YEAR,,HIGH,GENERAL_CULTURE_V2
COL-0062,europe,Europe,910,EVT-1880,63e cérémonie des British Academy Film Awards,2011,1,4,YEAR,,HIGH,GENERAL_CULTURE_V2
COL-0062,europe,Europe,911,EVT-1881,61e édition de la Berlinale,2011,1,4,YEAR,,HIGH,GENERAL_CULTURE_V2
COL-0062,europe,Europe,912,EVT-1883,56e Concours Eurovision de la chanson,2011,1,4,YEAR,,HIGH,GENERAL_CULTURE_V2
COL-0062,europe,Europe,913,EVT-1887,98e édition du Tour de France,2011,1,4,YEAR,,HIGH,GENERAL_CULTURE_V2
COL-0062,europe,Europe,914,EVT-1889,125e édition des Championnats de Wimbledon,2011,1,4,YEAR,,HIGH,GENERAL_CULTURE_V2
COL-0062,europe,Europe,915,EVT-1890,64e cérémonie des British Academy Film Awards,2012,1,4,YEAR,,HIGH,GENERAL_CULTURE_V2
COL-0062,europe,Europe,916,EVT-1898,XIVe Championnat d’Europe de football organisé en Pologne et Ukraine,2012,2,4,YEAR,,HIGH,GENERAL_CULTURE_V2
COL-0062,europe,Europe,917,EVT-1001,Annonce de la découverte d’une particule compatible avec le boson de Higgs,4 juillet 2012,5,1,DAY,,HIGH,GENERAL_CULTURE_V1
COL-0062,europe,Europe,918,EVT-1902,Ouverture des Jeux olympiques de Londres,27 juillet 2012,3,3,DAY,,HIGH,GENERAL_CULTURE_V2
COL-0062,europe,Europe,919,EVT-1903,63e édition de la Berlinale,2013,1,4,YEAR,,HIGH,GENERAL_CULTURE_V2
COL-0062,europe,Europe,920,EVT-1905,58e Concours Eurovision de la chanson,2013,1,4,YEAR,,HIGH,GENERAL_CULTURE_V2
COL-0062,europe,Europe,921,EVT-1909,100e édition du Tour de France,2013,2,4,YEAR,,HIGH,GENERAL_CULTURE_V2
COL-0062,europe,Europe,922,EVT-1911,127e édition des Championnats de Wimbledon,2013,1,4,YEAR,,HIGH,GENERAL_CULTURE_V2
COL-0062,europe,Europe,923,EVT-1002,Élection du pape François,13 mars 2013,5,1,DAY,,HIGH,GENERAL_CULTURE_V1
COL-0062,europe,Europe,924,EVT-1912,66e cérémonie des British Academy Film Awards,2014,1,4,YEAR,,HIGH,GENERAL_CULTURE_V2
COL-0062,europe,Europe,925,EVT-1913,64e édition de la Berlinale,2014,1,4,YEAR,,HIGH,GENERAL_CULTURE_V2
COL-0062,europe,Europe,926,EVT-1914,59e Concours Eurovision de la chanson,2014,1,4,YEAR,,HIGH,GENERAL_CULTURE_V2
COL-0062,europe,Europe,927,EVT-1920,101e édition du Tour de France,2014,1,4,YEAR,,HIGH,GENERAL_CULTURE_V2
COL-0062,europe,Europe,928,EVT-1923,128e édition des Championnats de Wimbledon,2014,1,4,YEAR,,HIGH,GENERAL_CULTURE_V2
COL-0062,europe,Europe,929,EVT-1004,Annexion de la Crimée par la Russie,18 mars 2014,5,1,DAY,,HIGH,GENERAL_CULTURE_V1
COL-0062,europe,Europe,930,EVT-1925,67e cérémonie des British Academy Film Awards,2015,1,4,YEAR,,HIGH,GENERAL_CULTURE_V2
COL-0062,europe,Europe,931,EVT-1926,65e édition de la Berlinale,2015,1,4,YEAR,,HIGH,GENERAL_CULTURE_V2
COL-0062,europe,Europe,932,EVT-1928,60e Concours Eurovision de la chanson,2015,1,4,YEAR,,HIGH,GENERAL_CULTURE_V2
COL-0062,europe,Europe,933,EVT-1934,102e édition du Tour de France,2015,1,4,YEAR,,HIGH,GENERAL_CULTURE_V2
COL-0062,europe,Europe,934,EVT-1008,Attentats de Paris du 13 novembre,13 novembre 2015,5,1,DAY,,HIGH,GENERAL_CULTURE_V1
COL-0062,europe,Europe,935,EVT-0320,Adoption de l’accord de Paris,12 décembre 2015,5,2,DAY,,HIGH,SCHOOL
COL-0062,europe,Europe,936,EVT-1936,61e Concours Eurovision de la chanson,2016,1,4,YEAR,,HIGH,GENERAL_CULTURE_V2
COL-0062,europe,Europe,937,EVT-1943,103e édition du Tour de France,2016,1,4,YEAR,,HIGH,GENERAL_CULTURE_V2
COL-0062,europe,Europe,938,EVT-1944,XVe Championnat d’Europe de football organisé en France,2016,2,4,YEAR,,HIGH,GENERAL_CULTURE_V2
COL-0062,europe,Europe,939,EVT-1947,130e édition des Championnats de Wimbledon,2016,1,4,YEAR,,HIGH,GENERAL_CULTURE_V2
COL-0062,europe,Europe,940,EVT-1946,Leicester City devient champion d’Angleterre de football,2 mai 2016,3,3,DAY,,HIGH,GENERAL_CULTURE_V2
COL-0062,europe,Europe,941,EVT-1009,Référendum britannique sur le Brexit,23 juin 2016,5,1,DAY,,HIGH,GENERAL_CULTURE_V1
COL-0062,europe,Europe,942,EVT-0321,Entrée en vigueur de l’accord de Paris,4 novembre 2016,4,4,DAY,,HIGH,SCHOOL
COL-0062,europe,Europe,943,EVT-1948,69e cérémonie des British Academy Film Awards,2017,1,4,YEAR,,HIGH,GENERAL_CULTURE_V2
COL-0062,europe,Europe,944,EVT-1949,67e édition de la Berlinale,2017,1,4,YEAR,,HIGH,GENERAL_CULTURE_V2
COL-0062,europe,Europe,945,EVT-1955,Référendum d’indépendance de la Catalogne,1 octobre 2017,4,3,DAY,,HIGH,GENERAL_CULTURE_V2
COL-0062,europe,Europe,946,EVT-0306,Fermeture du TPIY,31 décembre 2017,3,3,DAY,,HIGH,SCHOOL
COL-0062,europe,Europe,947,EVT-1956,70e cérémonie des British Academy Film Awards,2018,1,4,YEAR,,HIGH,GENERAL_CULTURE_V2
COL-0062,europe,Europe,948,EVT-1957,68e édition de la Berlinale,2018,1,4,YEAR,,HIGH,GENERAL_CULTURE_V2
COL-0062,europe,Europe,949,EVT-1958,63e Concours Eurovision de la chanson,2018,1,4,YEAR,,HIGH,GENERAL_CULTURE_V2
COL-0062,europe,Europe,950,EVT-1964,105e édition du Tour de France,2018,1,4,YEAR,,HIGH,GENERAL_CULTURE_V2
COL-0062,europe,Europe,951,EVT-1966,132e édition des Championnats de Wimbledon,2018,1,4,YEAR,,HIGH,GENERAL_CULTURE_V2
COL-0062,europe,Europe,952,EVT-1011,Entrée en application du RGPD dans l’Union européenne,25 mai 2018,5,1,DAY,,HIGH,GENERAL_CULTURE_V1
COL-0062,europe,Europe,953,EVT-1968,71e cérémonie des British Academy Film Awards,2019,1,4,YEAR,,HIGH,GENERAL_CULTURE_V2
COL-0062,europe,Europe,954,EVT-1970,64e Concours Eurovision de la chanson,2019,1,4,YEAR,,HIGH,GENERAL_CULTURE_V2
COL-0062,europe,Europe,955,EVT-1977,106e édition du Tour de France,2019,1,4,YEAR,,HIGH,GENERAL_CULTURE_V2
COL-0062,europe,Europe,956,EVT-1979,133e édition des Championnats de Wimbledon,2019,1,4,YEAR,,HIGH,GENERAL_CULTURE_V2
COL-0062,europe,Europe,957,EVT-1014,Incendie de la cathédrale Notre-Dame de Paris,15 avril 2019,5,1,DAY,,HIGH,GENERAL_CULTURE_V1
COL-0062,europe,Europe,958,EVT-1980,70e édition de la Berlinale,2020,1,4,YEAR,,HIGH,GENERAL_CULTURE_V2
COL-0062,europe,Europe,959,EVT-1986,107e édition du Tour de France,2020,1,4,YEAR,,HIGH,GENERAL_CULTURE_V2
COL-0062,europe,Europe,960,EVT-1016,Retrait du Royaume-Uni de l’Union européenne,31 janvier 2020,5,1,DAY,,HIGH,GENERAL_CULTURE_V1
COL-0062,europe,Europe,961,EVT-1019,Première autorisation d’un vaccin à ARNm contre la Covid-19 au Royaume-Uni,2 décembre 2020,5,1,DAY,,HIGH,GENERAL_CULTURE_V1
COL-0062,europe,Europe,962,EVT-1988,73e cérémonie des British Academy Film Awards,2021,1,4,YEAR,,HIGH,GENERAL_CULTURE_V2
COL-0062,europe,Europe,963,EVT-1989,71e édition de la Berlinale,2021,1,4,YEAR,,HIGH,GENERAL_CULTURE_V2
COL-0062,europe,Europe,964,EVT-1991,65e Concours Eurovision de la chanson,2021,1,4,YEAR,,HIGH,GENERAL_CULTURE_V2
COL-0062,europe,Europe,965,EVT-1995,108e édition du Tour de France,2021,1,4,YEAR,,HIGH,GENERAL_CULTURE_V2
COL-0062,europe,Europe,966,EVT-1996,XVIe Championnat d’Europe de football organisé en plusieurs pays européens,2021,2,4,YEAR,,HIGH,GENERAL_CULTURE_V2
COL-0062,europe,Europe,967,EVT-1998,74e cérémonie des British Academy Film Awards,2022,1,4,YEAR,,HIGH,GENERAL_CULTURE_V2
COL-0062,europe,Europe,968,EVT-1999,72e édition de la Berlinale,2022,1,4,YEAR,,HIGH,GENERAL_CULTURE_V2
COL-0062,europe,Europe,969,EVT-2001,66e Concours Eurovision de la chanson,2022,1,4,YEAR,,HIGH,GENERAL_CULTURE_V2
COL-0062,europe,Europe,970,EVT-2010,135e édition des Championnats de Wimbledon,2022,1,4,YEAR,,HIGH,GENERAL_CULTURE_V2
COL-0062,europe,Europe,971,EVT-1023,Début de l’invasion à grande échelle de l’Ukraine par la Russie,24 février 2022,5,1,DAY,,HIGH,GENERAL_CULTURE_V1
COL-0062,europe,Europe,972,EVT-2008,Mort de la reine Élisabeth II,8 septembre 2022,4,3,DAY,,HIGH,GENERAL_CULTURE_V2
COL-0062,europe,Europe,973,EVT-2015,110e édition du Tour de France,2023,1,4,YEAR,,HIGH,GENERAL_CULTURE_V2
COL-0062,europe,Europe,974,EVT-2017,136e édition des Championnats de Wimbledon,2023,1,4,YEAR,,HIGH,GENERAL_CULTURE_V2
COL-0062,europe,Europe,975,EVT-2016,Couronnement de Charles III,6 mai 2023,4,3,DAY,,HIGH,GENERAL_CULTURE_V2
COL-0062,europe,Europe,976,EVT-2018,76e cérémonie des British Academy Film Awards,2024,1,4,YEAR,,HIGH,GENERAL_CULTURE_V2
COL-0062,europe,Europe,977,EVT-2019,74e édition de la Berlinale,2024,1,4,YEAR,,HIGH,GENERAL_CULTURE_V2
COL-0062,europe,Europe,978,EVT-2021,68e Concours Eurovision de la chanson,2024,1,4,YEAR,,HIGH,GENERAL_CULTURE_V2
COL-0062,europe,Europe,979,EVT-2027,111e édition du Tour de France,2024,1,4,YEAR,,HIGH,GENERAL_CULTURE_V2
COL-0062,europe,Europe,980,EVT-2028,XVIIe Championnat d’Europe de football organisé en Allemagne,2024,2,4,YEAR,,HIGH,GENERAL_CULTURE_V2
COL-0062,europe,Europe,981,EVT-1027,Adoption du règlement européen sur l’intelligence artificielle par le Parlement européen,13 mars 2024,5,1,DAY,,HIGH,GENERAL_CULTURE_V1
COL-0062,europe,Europe,982,EVT-2030,Ouverture des Jeux olympiques de Paris 2024,26 juillet 2024,4,3,DAY,,HIGH,GENERAL_CULTURE_V2
COL-0062,europe,Europe,983,EVT-2031,77e cérémonie des British Academy Film Awards,2025,1,4,YEAR,,HIGH,GENERAL_CULTURE_V2
COL-0062,europe,Europe,984,EVT-2032,75e édition de la Berlinale,2025,1,4,YEAR,,HIGH,GENERAL_CULTURE_V2
COL-0062,europe,Europe,985,EVT-2034,69e Concours Eurovision de la chanson,2025,1,4,YEAR,,HIGH,GENERAL_CULTURE_V2
COL-0062,europe,Europe,986,EVT-2040,112e édition du Tour de France,2025,1,4,YEAR,,HIGH,GENERAL_CULTURE_V2
COL-0062,europe,Europe,987,EVT-2041,138e édition des Championnats de Wimbledon,2025,1,4,YEAR,,HIGH,GENERAL_CULTURE_V2
COL-0063,premiere-guerre-mondiale,Première Guerre mondiale,1,EVT-0478,Assassinat de François-Ferdinand à Sarajevo,28 juin 1914,5,2,DAY,,HIGH,SCHOOL
COL-0063,premiere-guerre-mondiale,Première Guerre mondiale,2,EVT-0012,Première Guerre mondiale,28 juillet 1914 – 11 novembre 1918,5,1,RANGE,,HIGH,SCHOOL
COL-0063,premiere-guerre-mondiale,Première Guerre mondiale,3,EVT-0089,Déclaration de guerre de l'Autriche-Hongrie à la Serbie,28 juillet 1914,3,3,DAY,,HIGH,SCHOOL
COL-0063,premiere-guerre-mondiale,Première Guerre mondiale,4,EVT-0479,Déclaration de guerre de l’Allemagne à la Russie,1er août 1914,3,4,DAY,,HIGH,SCHOOL
COL-0063,premiere-guerre-mondiale,Première Guerre mondiale,5,EVT-0480,Déclaration de guerre de l’Allemagne à la France,3 août 1914,3,4,DAY,,HIGH,SCHOOL
COL-0063,premiere-guerre-mondiale,Première Guerre mondiale,6,EVT-0481,Entrée en guerre du Royaume-Uni contre l’Allemagne,4 août 1914,3,4,DAY,,HIGH,SCHOOL
COL-0063,premiere-guerre-mondiale,Première Guerre mondiale,7,EVT-0206,Bataille de Tannenberg,26-30 août 1914,3,3,RANGE,,HIGH,SCHOOL
COL-0063,premiere-guerre-mondiale,Première Guerre mondiale,8,EVT-0207,Première bataille de la Marne,6-12 septembre 1914,4,3,RANGE,,HIGH,SCHOOL
COL-0063,premiere-guerre-mondiale,Première Guerre mondiale,9,EVT-0208,campagne des Dardanelles / Gallipoli,18 mars 1915 - 9 janvier 1916,3,3,RANGE,,HIGH,SCHOOL
COL-0063,premiere-guerre-mondiale,Première Guerre mondiale,10,EVT-0090,Début conventionnel du génocide des Arméniens commémoré par les arrestations à Constantinople,24 avril 1915,4,3,DAY,,HIGH,SCHOOL
COL-0063,premiere-guerre-mondiale,Première Guerre mondiale,11,EVT-0209,débarquements alliés à Gallipoli,25 avril 1915,3,3,DAY,,HIGH,SCHOOL
COL-0063,premiere-guerre-mondiale,Première Guerre mondiale,12,EVT-0230,déclaration alliée sur les crimes contre les Arméniens,24 mai 1915,2,3,DAY,,HIGH,SCHOOL
COL-0063,premiere-guerre-mondiale,Première Guerre mondiale,13,EVT-0482,Bataille de Verdun,21 février-18 décembre 1916,5,2,RANGE,,HIGH,SCHOOL
COL-0063,premiere-guerre-mondiale,Première Guerre mondiale,14,EVT-0210,bataille de la Somme,1er juillet - 18 novembre 1916,4,3,RANGE,,HIGH,SCHOOL
COL-0063,premiere-guerre-mondiale,Première Guerre mondiale,15,EVT-0483,Entrée en guerre des États-Unis dans la Première Guerre mondiale,6 avril 1917,3,4,DAY,,HIGH,SCHOOL
COL-0063,premiere-guerre-mondiale,Première Guerre mondiale,16,EVT-0484,Prise du pouvoir par les bolcheviks lors de la révolution d’Octobre,7 novembre 1917,5,2,DAY,,HIGH,SCHOOL
COL-0063,premiere-guerre-mondiale,Première Guerre mondiale,17,EVT-0485,Traité de Brest-Litovsk,3 mars 1918,3,3,DAY,,HIGH,SCHOOL
COL-0063,premiere-guerre-mondiale,Première Guerre mondiale,18,EVT-0211,début de l’opération Michael,21 mars 1918,3,3,DAY,,HIGH,SCHOOL
COL-0063,premiere-guerre-mondiale,Première Guerre mondiale,19,EVT-0212,première grande offensive de printemps,21 mars - 5 avril 1918,3,3,RANGE,,HIGH,SCHOOL
COL-0063,premiere-guerre-mondiale,Première Guerre mondiale,20,EVT-0091,Armistice de Rethondes,11 novembre 1918,5,1,DAY,,HIGH,SCHOOL
COL-0063,premiere-guerre-mondiale,Première Guerre mondiale,21,EVT-0486,Ouverture de la conférence de la paix de Paris,18 janvier 1919,3,4,DAY,,HIGH,SCHOOL
COL-0063,premiere-guerre-mondiale,Première Guerre mondiale,22,EVT-0092,Signature du traité de Versailles,28 juin 1919,4,3,DAY,,HIGH,SCHOOL
COL-0063,premiere-guerre-mondiale,Première Guerre mondiale,23,EVT-0232,traité de Saint-Germain,10 septembre 1919,2,4,DAY,,HIGH,SCHOOL
COL-0063,premiere-guerre-mondiale,Première Guerre mondiale,24,EVT-0233,traité de Neuilly,27 novembre 1919,2,4,DAY,,HIGH,SCHOOL
COL-0063,premiere-guerre-mondiale,Première Guerre mondiale,25,EVT-0487,Entrée en vigueur du pacte de la Société des Nations,10 janvier 1920,3,4,DAY,,HIGH,SCHOOL
COL-0063,premiere-guerre-mondiale,Première Guerre mondiale,26,EVT-0234,traité de Trianon,4 juin 1920,2,4,DAY,,HIGH,SCHOOL
COL-0063,premiere-guerre-mondiale,Première Guerre mondiale,27,EVT-0235,traité de Sèvres,10 août 1920,2,4,DAY,,HIGH,SCHOOL
COL-0063,premiere-guerre-mondiale,Première Guerre mondiale,28,EVT-0236,choix du cercueil du Soldat inconnu,10 novembre 1920,2,4,DAY,,HIGH,SCHOOL
COL-0063,premiere-guerre-mondiale,Première Guerre mondiale,29,EVT-0237,cérémonie du Soldat inconnu sous l’Arc,11 novembre 1920,2,3,DAY,,HIGH,SCHOOL
COL-0063,premiere-guerre-mondiale,Première Guerre mondiale,30,EVT-0238,inhumation définitive du Soldat inconnu,28 janvier 1921,2,4,DAY,,HIGH,SCHOOL
COL-0063,premiere-guerre-mondiale,Première Guerre mondiale,31,EVT-0239,arrangement à l’origine du passeport Nansen,5 juillet 1922,2,4,DAY,,HIGH,SCHOOL
COL-0063,premiere-guerre-mondiale,Première Guerre mondiale,32,EVT-0240,traité de Lausanne,24 juillet 1923,2,4,DAY,,HIGH,SCHOOL
COL-0064,seconde-guerre-mondiale,Seconde Guerre mondiale,1,EVT-0355,Allemagne nazie / régime hitlérien,1933-1945,5,2,RANGE,,HIGH,SCHOOL
COL-0064,seconde-guerre-mondiale,Seconde Guerre mondiale,2,EVT-0244,pogrom de novembre / Nuit de cristal,9-10 novembre 1938,4,3,RANGE,,HIGH,SCHOOL
COL-0064,seconde-guerre-mondiale,Seconde Guerre mondiale,3,EVT-0505,Pacte germano-soviétique,23 août 1939,4,3,DAY,,HIGH,SCHOOL
COL-0064,seconde-guerre-mondiale,Seconde Guerre mondiale,4,EVT-0013,Seconde Guerre mondiale,1er septembre 1939 – 2 septembre 1945,5,1,RANGE,,HIGH,SCHOOL
COL-0064,seconde-guerre-mondiale,Seconde Guerre mondiale,5,EVT-0097,Invasion de la Pologne par l'Allemagne,1er septembre 1939,5,2,DAY,,HIGH,SCHOOL
COL-0064,seconde-guerre-mondiale,Seconde Guerre mondiale,6,EVT-0098,Déclaration de guerre française et britannique à l'Allemagne,3 septembre 1939,2,3,DAY,,HIGH,SCHOOL
COL-0064,seconde-guerre-mondiale,Seconde Guerre mondiale,7,EVT-0506,Offensive allemande à l’Ouest,10 mai 1940,3,3,DAY,,HIGH,SCHOOL
COL-0064,seconde-guerre-mondiale,Seconde Guerre mondiale,8,EVT-0507,Évacuation de Dunkerque,26 mai-4 juin 1940,3,3,RANGE,,HIGH,SCHOOL
COL-0064,seconde-guerre-mondiale,Seconde Guerre mondiale,9,EVT-0508,Entrée des troupes allemandes dans Paris,14 juin 1940,3,3,DAY,,HIGH,SCHOOL
COL-0064,seconde-guerre-mondiale,Seconde Guerre mondiale,10,EVT-0103,Formation du gouvernement Pétain : Philippe Pétain devient président du Conseil,16 juin 1940,4,3,DAY,,HIGH,SCHOOL
COL-0064,seconde-guerre-mondiale,Seconde Guerre mondiale,11,EVT-0246,demande française d’armistice,17 juin 1940,2,3,DAY,,HIGH,SCHOOL
COL-0064,seconde-guerre-mondiale,Seconde Guerre mondiale,12,EVT-0014,Appel du 18 juin du général de Gaulle,18 juin 1940,5,2,DAY,,HIGH,SCHOOL
COL-0064,seconde-guerre-mondiale,Seconde Guerre mondiale,13,EVT-0105,signature de l’armistice franco-allemand à Rethondes,22 juin 1940,3,3,DAY,,HIGH,SCHOOL
COL-0064,seconde-guerre-mondiale,Seconde Guerre mondiale,14,EVT-0248,Entrée en vigueur du cessez-le-feu franco-allemand de juin 1940,25 juin 1940,2,4,DAY,,HIGH,SCHOOL
COL-0064,seconde-guerre-mondiale,Seconde Guerre mondiale,15,EVT-0249,reconnaissance de De Gaulle comme chef des Français libres par le Royaume-Uni,28 juin 1940,4,3,DAY,,HIGH,SCHOOL
COL-0064,seconde-guerre-mondiale,Seconde Guerre mondiale,16,EVT-0106,Vote des pleins pouvoirs constituants à Pétain,10 juillet 1940,4,3,DAY,,HIGH,SCHOOL
COL-0064,seconde-guerre-mondiale,Seconde Guerre mondiale,17,EVT-0509,Bataille d’Angleterre,10 juillet-31 octobre 1940,4,3,RANGE,,HIGH,SCHOOL
COL-0064,seconde-guerre-mondiale,Seconde Guerre mondiale,18,EVT-0107,Actes constitutionnels instituant l'État français,11 juillet 1940,4,3,DAY,,HIGH,SCHOOL
COL-0064,seconde-guerre-mondiale,Seconde Guerre mondiale,19,EVT-0099,Attaque allemande contre l'URSS (opération Barbarossa),22 juin 1941,4,3,DAY,,HIGH,SCHOOL
COL-0064,seconde-guerre-mondiale,Seconde Guerre mondiale,20,EVT-0510,Attaque de Pearl Harbor,7 décembre 1941,5,1,DAY,,HIGH,SCHOOL
COL-0064,seconde-guerre-mondiale,Seconde Guerre mondiale,21,EVT-0511,Conférence de Wannsee,20 janvier 1942,3,3,DAY,,HIGH,SCHOOL
COL-0064,seconde-guerre-mondiale,Seconde Guerre mondiale,22,EVT-0512,Bataille de Midway,4-7 juin 1942,4,3,RANGE,,HIGH,SCHOOL
COL-0064,seconde-guerre-mondiale,Seconde Guerre mondiale,23,EVT-0015,Rafle du Vel d’Hiv,16-17 juillet 1942,4,3,RANGE,,HIGH,SCHOOL
COL-0064,seconde-guerre-mondiale,Seconde Guerre mondiale,24,EVT-0513,Bataille de Stalingrad,23 août 1942-2 février 1943,5,2,RANGE,,HIGH,SCHOOL
COL-0064,seconde-guerre-mondiale,Seconde Guerre mondiale,25,EVT-0514,Seconde bataille d’El-Alamein,23 octobre-11 novembre 1942,4,3,RANGE,,HIGH,SCHOOL
COL-0064,seconde-guerre-mondiale,Seconde Guerre mondiale,26,EVT-0016,Première réunion du Conseil national de la Résistance,27 mai 1943,4,3,DAY,,HIGH,SCHOOL
COL-0064,seconde-guerre-mondiale,Seconde Guerre mondiale,27,EVT-0515,Débarquement allié en Sicile,10 juillet 1943,3,3,DAY,,HIGH,SCHOOL
COL-0064,seconde-guerre-mondiale,Seconde Guerre mondiale,28,EVT-0516,Annonce de l’armistice italien,8 septembre 1943,3,3,DAY,,HIGH,SCHOOL
COL-0064,seconde-guerre-mondiale,Seconde Guerre mondiale,29,EVT-0517,Conférence de Téhéran,28 novembre-1er décembre 1943,3,3,RANGE,,HIGH,SCHOOL
COL-0064,seconde-guerre-mondiale,Seconde Guerre mondiale,30,EVT-0109,Adoption du programme du CNR,15 mars 1944,4,3,DAY,,HIGH,SCHOOL
COL-0064,seconde-guerre-mondiale,Seconde Guerre mondiale,31,EVT-0360,Création officielle du Gouvernement provisoire de la République française,3 juin 1944,3,3,DAY,,HIGH,SCHOOL
COL-0064,seconde-guerre-mondiale,Seconde Guerre mondiale,32,EVT-0017,Débarquement allié en Normandie,6 juin 1944,5,2,DAY,,HIGH,SCHOOL
COL-0064,seconde-guerre-mondiale,Seconde Guerre mondiale,33,EVT-0100,Libération de Paris,25 août 1944,4,3,DAY,,HIGH,SCHOOL
COL-0064,seconde-guerre-mondiale,Seconde Guerre mondiale,34,EVT-0518,Libération du camp d’Auschwitz-Birkenau,27 janvier 1945,5,2,DAY,,HIGH,SCHOOL
COL-0064,seconde-guerre-mondiale,Seconde Guerre mondiale,35,EVT-0519,Conférence de Yalta,4-11 février 1945,4,3,RANGE,,HIGH,SCHOOL
COL-0064,seconde-guerre-mondiale,Seconde Guerre mondiale,36,EVT-0101,Fin de la guerre en Europe / capitulation allemande effective,8 mai 1945,4,3,DAY,,HIGH,SCHOOL
COL-0064,seconde-guerre-mondiale,Seconde Guerre mondiale,37,EVT-0520,Bombardement atomique d’Hiroshima,6 août 1945,5,1,DAY,,HIGH,SCHOOL
COL-0064,seconde-guerre-mondiale,Seconde Guerre mondiale,38,EVT-0521,Bombardement atomique de Nagasaki,9 août 1945,5,1,DAY,,HIGH,SCHOOL
COL-0064,seconde-guerre-mondiale,Seconde Guerre mondiale,39,EVT-0102,Capitulation japonaise signée ; fin conventionnelle mondiale du conflit,2 septembre 1945,4,3,DAY,,HIGH,SCHOOL
COL-0064,seconde-guerre-mondiale,Seconde Guerre mondiale,40,EVT-0522,Indépendance de l’Inde,15 août 1947,5,2,DAY,,HIGH,SCHOOL
COL-0065,guerre-froide,Guerre froide,1,EVT-0861,Discours du « rideau de fer » de Winston Churchill à Fulton,5 mars 1946,5,1,DAY,,HIGH,GENERAL_CULTURE_V1
COL-0065,guerre-froide,Guerre froide,2,EVT-0110,Discours de Truman devant le Congrès présentant la doctrine Truman,12 mars 1947,4,3,DAY,,HIGH,SCHOOL
COL-0065,guerre-froide,Guerre froide,3,EVT-0359,Guerre froide,"12 mars 1947 - 26 décembre 1991, périodisation conventionnelle",5,2,RANGE,,HIGH,SCHOOL
COL-0065,guerre-froide,Guerre froide,4,EVT-0523,Discours de Harvard lançant le plan Marshall,5 juin 1947,5,2,DAY,,HIGH,SCHOOL
COL-0065,guerre-froide,Guerre froide,5,EVT-0111,Début du blocus de Berlin,24 juin 1948,4,3,DAY,,HIGH,SCHOOL
COL-0065,guerre-froide,Guerre froide,6,EVT-0524,Signature du traité de l’Atlantique Nord,4 avril 1949,5,2,DAY,,HIGH,SCHOOL
COL-0065,guerre-froide,Guerre froide,7,EVT-0112,Fin du blocus de Berlin,12 mai 1949,3,4,DAY,,HIGH,SCHOOL
COL-0065,guerre-froide,Guerre froide,8,EVT-0525,Proclamation de la République populaire de Chine,1er octobre 1949,5,2,DAY,,HIGH,SCHOOL
COL-0065,guerre-froide,Guerre froide,9,EVT-0275,Début de la guerre de Corée,25 juin 1950,4,3,DAY,,HIGH,SCHOOL
COL-0065,guerre-froide,Guerre froide,10,EVT-0870,Mort de Joseph Staline,5 mars 1953,5,1,DAY,,HIGH,GENERAL_CULTURE_V1
COL-0065,guerre-froide,Guerre froide,11,EVT-0276,Armistice de Corée,27 juillet 1953,3,3,DAY,,HIGH,SCHOOL
COL-0065,guerre-froide,Guerre froide,12,EVT-0873,Armistice de Panmunjom mettant fin aux combats de la guerre de Corée,27 juillet 1953,5,1,DAY,,HIGH,GENERAL_CULTURE_V1
COL-0065,guerre-froide,Guerre froide,13,EVT-0530,Début de la guerre d’Algérie,1er novembre 1954,5,2,DAY,,HIGH,SCHOOL
COL-0065,guerre-froide,Guerre froide,14,EVT-0526,Conférence de Bandung,18-24 avril 1955,4,3,RANGE,,HIGH,SCHOOL
COL-0065,guerre-froide,Guerre froide,15,EVT-0527,Création du pacte de Varsovie,14 mai 1955,4,3,DAY,,HIGH,SCHOOL
COL-0065,guerre-froide,Guerre froide,16,EVT-0876,Discours secret de Nikita Khrouchtchev au XXe congrès du PCUS,25 février 1956,5,1,DAY,,HIGH,GENERAL_CULTURE_V1
COL-0065,guerre-froide,Guerre froide,17,EVT-0877,Début de l’insurrection de Budapest,23 octobre 1956,5,1,DAY,,HIGH,GENERAL_CULTURE_V1
COL-0065,guerre-froide,Guerre froide,18,EVT-0528,Crise du canal de Suez,29 octobre-7 novembre 1956,4,3,RANGE,,HIGH,SCHOOL
COL-0065,guerre-froide,Guerre froide,19,EVT-0286,Lancement de Spoutnik 1,4 octobre 1957,5,2,DAY,,HIGH,SCHOOL
COL-0065,guerre-froide,Guerre froide,20,EVT-0531,Élection de Charles de Gaulle à la présidence de la République,21 décembre 1958,3,4,DAY,,HIGH,SCHOOL
COL-0065,guerre-froide,Guerre froide,21,EVT-0529,Victoire de la révolution cubaine,1er janvier 1959,3,3,DAY,,HIGH,SCHOOL
COL-0065,guerre-froide,Guerre froide,22,EVT-0287,"Premier vol spatial humain, Youri Gagarine / Vostok 1",12 avril 1961,5,2,DAY,,HIGH,SCHOOL
COL-0065,guerre-froide,Guerre froide,23,EVT-0532,Débarquement de la baie des Cochons,17-20 avril 1961,3,3,RANGE,,HIGH,SCHOOL
COL-0065,guerre-froide,Guerre froide,24,EVT-0113,Construction / fermeture de la frontière par le mur de Berlin,13 août 1961,5,2,DAY,,HIGH,SCHOOL
COL-0065,guerre-froide,Guerre froide,25,EVT-0533,Crise des missiles de Cuba,16-28 octobre 1962,5,2,RANGE,,HIGH,SCHOOL
COL-0065,guerre-froide,Guerre froide,26,EVT-0883,Signature du traité d’interdiction partielle des essais nucléaires,5 août 1963,5,1,DAY,,HIGH,GENERAL_CULTURE_V1
COL-0065,guerre-froide,Guerre froide,27,EVT-0534,Assassinat de John F. Kennedy,22 novembre 1963,3,3,DAY,,HIGH,SCHOOL
COL-0065,guerre-froide,Guerre froide,28,EVT-0535,Incident du golfe du Tonkin,2 août 1964 ; second incident allégué le 4 août,3,3,DAY,,HIGH,SCHOOL
COL-0065,guerre-froide,Guerre froide,29,EVT-0536,Printemps de Prague,5 janvier-21 août 1968,4,3,RANGE,,HIGH,SCHOOL
COL-0065,guerre-froide,Guerre froide,30,EVT-0891,Début de l’offensive du Têt,30 janvier 1968,5,1,DAY,,HIGH,GENERAL_CULTURE_V1
COL-0065,guerre-froide,Guerre froide,31,EVT-0537,Mai 68 en France,2 mai-23 juin 1968,5,1,RANGE,,HIGH,SCHOOL
COL-0065,guerre-froide,Guerre froide,32,EVT-0538,Ouverture à la signature du Traité sur la non-prolifération des armes nucléaires,1er juillet 1968,3,4,DAY,,HIGH,SCHOOL
COL-0065,guerre-froide,Guerre froide,33,EVT-0539,Démission de Charles de Gaulle,28 avril 1969,3,3,DAY,,HIGH,SCHOOL
COL-0065,guerre-froide,Guerre froide,34,EVT-0288,Lancement d’Apollo 11,16 juillet 1969,5,2,DAY,,HIGH,SCHOOL
COL-0065,guerre-froide,Guerre froide,35,EVT-0289,Alunissage d’Apollo 11,20 juillet 1969,5,2,DAY,,HIGH,SCHOOL
COL-0065,guerre-froide,Guerre froide,36,EVT-0900,Visite de Richard Nixon en Chine,21 février 1972,5,1,DAY,,HIGH,GENERAL_CULTURE_V1
COL-0065,guerre-froide,Guerre froide,37,EVT-0908,Chute de Saïgon,30 avril 1975,5,1,DAY,,HIGH,GENERAL_CULTURE_V1
COL-0065,guerre-froide,Guerre froide,38,EVT-0540,Signature de l’Acte final d’Helsinki,1er août 1975,3,4,DAY,,HIGH,SCHOOL
COL-0065,guerre-froide,Guerre froide,39,EVT-0541,Troisième plénum du XIe Comité central chinois et lancement des réformes de Deng Xiaoping,18-22 décembre 1978,3,4,RANGE,,HIGH,SCHOOL
COL-0065,guerre-froide,Guerre froide,40,EVT-0542,Victoire de la révolution iranienne,11 février 1979,3,3,DAY,,HIGH,SCHOOL
COL-0065,guerre-froide,Guerre froide,41,EVT-0543,Début formel de l’invasion soviétique de l’Afghanistan,25 décembre 1979,3,3,DAY,,HIGH,SCHOOL
COL-0065,guerre-froide,Guerre froide,42,EVT-0544,Accords de Gdańsk et naissance de Solidarność,31 août 1980,3,3,DAY,,HIGH,SCHOOL
COL-0065,guerre-froide,Guerre froide,43,EVT-0977,Annonce de l’Initiative de défense stratégique par Ronald Reagan,23 mars 1983,4,2,DAY,,HIGH,GENERAL_CULTURE_V1
COL-0065,guerre-froide,Guerre froide,44,EVT-0923,Mikhaïl Gorbatchev devient secrétaire général du PCUS,11 mars 1985,5,1,DAY,,HIGH,GENERAL_CULTURE_V1
COL-0065,guerre-froide,Guerre froide,45,EVT-0545,Catastrophe nucléaire de Tchernobyl,26 avril 1986,4,3,DAY,,HIGH,SCHOOL
COL-0065,guerre-froide,Guerre froide,46,EVT-0925,Signature du traité INF entre les États-Unis et l’URSS,8 décembre 1987,5,1,DAY,,HIGH,GENERAL_CULTURE_V1
COL-0065,guerre-froide,Guerre froide,47,EVT-0546,Répression de la place Tian’anmen,4 juin 1989,4,3,DAY,,HIGH,SCHOOL
COL-0065,guerre-froide,Guerre froide,48,EVT-0114,Ouverture du mur de Berlin,9 novembre 1989,5,2,DAY,,HIGH,SCHOOL
COL-0065,guerre-froide,Guerre froide,49,EVT-0926,Début de la Révolution de velours en Tchécoslovaquie,17 novembre 1989,5,1,DAY,,HIGH,GENERAL_CULTURE_V1
COL-0065,guerre-froide,Guerre froide,50,EVT-0927,Début de la révolution roumaine,16 décembre 1989,5,1,DAY,,HIGH,GENERAL_CULTURE_V1
COL-0065,guerre-froide,Guerre froide,51,EVT-0547,Réunification allemande,3 octobre 1990,5,1,DAY,,HIGH,SCHOOL
COL-0065,guerre-froide,Guerre froide,52,EVT-0277,Traité germano-polonais confirmant la frontière existante,14 novembre 1990,3,4,DAY,,HIGH,SCHOOL
COL-0065,guerre-froide,Guerre froide,53,EVT-0115,Disparition de l'URSS,26 décembre 1991 — dissolution formelle de l’URSS,5,2,DAY,,HIGH,SCHOOL
COL-0065,guerre-froide,Guerre froide,54,EVT-0290,"Premier module de l’ISS, Zarya, mis en orbite",20 novembre 1998,4,3,DAY,,HIGH,SCHOOL
COL-0065,guerre-froide,Guerre froide,55,EVT-0291,Début de l’occupation humaine continue de l’ISS,2 novembre 2000,4,3,DAY,,HIGH,SCHOOL
COL-0066,revolution-francaise,Révolution française,1,EVT-0334,Ouverture des États généraux,5 mai 1789 pour l’ouverture ; ne pas fusionner avec la rédaction des cahiers de doléances,4,2,DAY,,HIGH,SCHOOL
COL-0066,revolution-francaise,Révolution française,2,EVT-0348,Révolution française,5 mai 1789 - 9 novembre 1799,5,1,RANGE,,HIGH,SCHOOL
COL-0066,revolution-francaise,Révolution française,3,EVT-0173,prise de la Bastille,14 juillet 1789,5,1,DAY,,HIGH,SCHOOL
COL-0066,revolution-francaise,Révolution française,4,EVT-0174,Nuit du 4 août / abolition des privilèges,nuit du 4 au 5 août 1789,4,2,RANGE,,HIGH,SCHOOL
COL-0066,revolution-francaise,Révolution française,5,EVT-0175,Adoption de la Déclaration des droits de l’homme et du citoyen,26 août 1789,5,1,DAY,,HIGH,SCHOOL
COL-0066,revolution-francaise,Révolution française,6,EVT-0337,Marche des femmes sur Versailles,5-6 octobre 1789,4,3,RANGE,,HIGH,SCHOOL
COL-0066,revolution-francaise,Révolution française,7,EVT-0441,Bataille de Valmy,20 septembre 1792,3,3,DAY,,HIGH,SCHOOL
COL-0066,revolution-francaise,Révolution française,8,EVT-0440,Abolition de la monarchie en France,21 septembre 1792,3,3,DAY,,HIGH,SCHOOL
COL-0066,revolution-francaise,Révolution française,9,EVT-0442,Proclamation de la Première République française,22 septembre 1792,3,4,DAY,,HIGH,SCHOOL
COL-0066,revolution-francaise,Révolution française,10,EVT-0176,La Convention décide de juger Louis XVI,3 décembre 1792,4,3,DAY,,HIGH,SCHOOL
COL-0066,revolution-francaise,Révolution française,11,EVT-0177,présentation du rapport d’accusation,10 décembre 1792,2,3,DAY,,HIGH,SCHOOL
COL-0066,revolution-francaise,Révolution française,12,EVT-0178,condamnation / votes de janvier,15-20 janvier 1793,2,3,RANGE,,HIGH,SCHOOL
COL-0066,revolution-francaise,Révolution française,13,EVT-0179,exécution de Louis XVI,21 janvier 1793,4,3,DAY,,HIGH,SCHOOL
COL-0066,revolution-francaise,Révolution française,14,EVT-0171,arrestation de Madame Roland,31 mai 1793,2,3,DAY,,HIGH,SCHOOL
COL-0066,revolution-francaise,Révolution française,15,EVT-0443,Exécution de Marie-Antoinette,16 octobre 1793,3,3,DAY,,HIGH,SCHOOL
COL-0066,revolution-francaise,Révolution française,16,EVT-0172,exécution de Madame Roland,8 novembre 1793,2,3,DAY,,HIGH,SCHOOL
COL-0066,revolution-francaise,Révolution française,17,EVT-0444,Chute de Robespierre,27 juillet 1794,3,3,DAY,,HIGH,SCHOOL
COL-0066,revolution-francaise,Révolution française,18,EVT-0445,Mise en place du Directoire,2 novembre 1795,3,3,DAY,,HIGH,SCHOOL
COL-0066,revolution-francaise,Révolution française,19,EVT-0446,Coup d’État du 18 Brumaire,9 novembre 1799,5,2,DAY,,HIGH,SCHOOL
COL-0067,epoque-napoleonienne,Époque napoléonienne,1,EVT-0180,Promulgation du Code civil,21 mars 1804,5,2,DAY,,HIGH,SCHOOL
COL-0067,epoque-napoleonienne,Époque napoléonienne,2,EVT-0181,congrès de Vienne,18 septembre 1814 - 9 juin 1815,4,3,RANGE,,HIGH,SCHOOL
COL-0067,epoque-napoleonienne,Époque napoléonienne,3,EVT-0182,Acte final du congrès de Vienne,9 juin 1815,3,4,DAY,,HIGH,SCHOOL
COL-0067,epoque-napoleonienne,Époque napoléonienne,4,EVT-0448,Bataille de Waterloo,18 juin 1815,5,1,DAY,,HIGH,SCHOOL
COL-0068,revolutions,Révolutions et insurrections,1,EVT-0340,Sédentarisation / débuts de l’agriculture,processus apparu à des dates différentes selon les régions ; Proche-Orient parmi les foyers précoces [repère scolaire: à partir de -10 000],4,2,YEAR,,HIGH,SCHOOL
COL-0068,revolutions,Révolutions et insurrections,2,EVT-1051,Début de la révolte ionienne contre l’Empire perse,499 av. J.-C.,3,4,YEAR,,HIGH,GENERAL_CULTURE_V2
COL-0068,revolutions,Révolutions et insurrections,3,EVT-0560,Début de la révolte de Spartacus,73 av. J.-C.,4,3,YEAR,,HIGH,GENERAL_CULTURE_V1
COL-0068,revolutions,Révolutions et insurrections,4,EVT-1061,Révolte de Boadicée contre Rome,60,3,4,YEAR,,HIGH,GENERAL_CULTURE_V2
COL-0068,revolutions,Révolutions et insurrections,5,EVT-0604,Début de la sédition Nika à Constantinople,13 janvier 532,3,4,DAY,,HIGH,GENERAL_CULTURE_V1
COL-0068,revolutions,Révolutions et insurrections,6,EVT-0586,Révolution abbasside et chute des Omeyyades,750,4,3,YEAR,,HIGH,GENERAL_CULTURE_V1
COL-0068,revolutions,Révolutions et insurrections,7,EVT-0408,Grande Jacquerie,28 mai-10 juin 1358,3,3,RANGE,,HIGH,SCHOOL
COL-0068,revolutions,Révolutions et insurrections,8,EVT-0600,Grande révolte des paysans en Angleterre,juin 1381,4,3,MONTH,,HIGH,GENERAL_CULTURE_V1
COL-0068,revolutions,Révolutions et insurrections,9,EVT-0642,Début de la guerre des Paysans allemands,1524,4,2,YEAR,,HIGH,GENERAL_CULTURE_V1
COL-0068,revolutions,Révolutions et insurrections,10,EVT-0420,Publication de De revolutionibus de Copernic,1543,3,4,YEAR,,HIGH,SCHOOL
COL-0068,revolutions,Révolutions et insurrections,11,EVT-0074,Fronde,1648-1653,2,3,RANGE,,HIGH,SCHOOL
COL-0068,revolutions,Révolutions et insurrections,12,EVT-0429,Glorieuse Révolution,1688-1689,5,2,RANGE,,HIGH,SCHOOL
COL-0068,revolutions,Révolutions et insurrections,13,EVT-0166,publication de l’*Encyclopédie* de Diderot et d’Alembert,1751-1772,4,2,RANGE,,HIGH,SCHOOL
COL-0068,revolutions,Révolutions et insurrections,14,EVT-0432,Publication du Contrat social de Rousseau,1762,3,4,YEAR,,HIGH,SCHOOL
COL-0068,revolutions,Révolutions et insurrections,15,EVT-0674,Adoption du Stamp Act britannique,22 mars 1765,4,2,DAY,,HIGH,GENERAL_CULTURE_V1
COL-0068,revolutions,Révolutions et insurrections,16,EVT-0675,Massacre de Boston,5 mars 1770,4,2,DAY,,HIGH,GENERAL_CULTURE_V1
COL-0068,revolutions,Révolutions et insurrections,17,EVT-0433,Boston Tea Party,16 décembre 1773,4,3,DAY,,HIGH,SCHOOL
COL-0068,revolutions,Révolutions et insurrections,18,EVT-0676,Ouverture du Premier Congrès continental,5 septembre 1774,4,2,DAY,,HIGH,GENERAL_CULTURE_V1
COL-0068,revolutions,Révolutions et insurrections,19,EVT-0631,Batailles de Lexington et Concord,19 avril 1775,5,1,DAY,,HIGH,GENERAL_CULTURE_V1
COL-0068,revolutions,Révolutions et insurrections,20,EVT-0435,Capitulation britannique à Saratoga,17 octobre 1777,4,3,DAY,,HIGH,SCHOOL
COL-0068,revolutions,Révolutions et insurrections,21,EVT-0436,Capitulation britannique à Yorktown,19 octobre 1781,4,3,DAY,,HIGH,SCHOOL
COL-0068,revolutions,Révolutions et insurrections,22,EVT-0334,Ouverture des États généraux,5 mai 1789 pour l’ouverture ; ne pas fusionner avec la rédaction des cahiers de doléances,4,2,DAY,,HIGH,SCHOOL
COL-0068,revolutions,Révolutions et insurrections,23,EVT-0348,Révolution française,5 mai 1789 - 9 novembre 1799,5,1,RANGE,,HIGH,SCHOOL
COL-0068,revolutions,Révolutions et insurrections,24,EVT-0173,prise de la Bastille,14 juillet 1789,5,1,DAY,,HIGH,SCHOOL
COL-0068,revolutions,Révolutions et insurrections,25,EVT-0174,Nuit du 4 août / abolition des privilèges,nuit du 4 au 5 août 1789,4,2,RANGE,,HIGH,SCHOOL
COL-0068,revolutions,Révolutions et insurrections,26,EVT-0175,Adoption de la Déclaration des droits de l’homme et du citoyen,26 août 1789,5,1,DAY,,HIGH,SCHOOL
COL-0068,revolutions,Révolutions et insurrections,27,EVT-1107,Début de la révolution haïtienne,1791,5,2,YEAR,,HIGH,GENERAL_CULTURE_V2
COL-0068,revolutions,Révolutions et insurrections,28,EVT-0439,Début de l’insurrection des esclaves de Saint-Domingue,22 août 1791,3,4,DAY,,HIGH,SCHOOL
COL-0068,revolutions,Révolutions et insurrections,29,EVT-0176,La Convention décide de juger Louis XVI,3 décembre 1792,4,3,DAY,,HIGH,SCHOOL
COL-0068,revolutions,Révolutions et insurrections,30,EVT-0177,présentation du rapport d’accusation,10 décembre 1792,2,3,DAY,,HIGH,SCHOOL
COL-0068,revolutions,Révolutions et insurrections,31,EVT-0178,condamnation / votes de janvier,15-20 janvier 1793,2,3,RANGE,,HIGH,SCHOOL
COL-0068,revolutions,Révolutions et insurrections,32,EVT-0179,exécution de Louis XVI,21 janvier 1793,4,3,DAY,,HIGH,SCHOOL
COL-0068,revolutions,Révolutions et insurrections,33,EVT-0171,arrestation de Madame Roland,31 mai 1793,2,3,DAY,,HIGH,SCHOOL
COL-0068,revolutions,Révolutions et insurrections,34,EVT-0443,Exécution de Marie-Antoinette,16 octobre 1793,3,3,DAY,,HIGH,SCHOOL
COL-0068,revolutions,Révolutions et insurrections,35,EVT-0172,exécution de Madame Roland,8 novembre 1793,2,3,DAY,,HIGH,SCHOOL
COL-0068,revolutions,Révolutions et insurrections,36,EVT-0078,Première abolition de l'esclavage par la Convention nationale,4 février 1794,4,3,DAY,,HIGH,SCHOOL
COL-0068,revolutions,Révolutions et insurrections,37,EVT-0446,Coup d’État du 18 Brumaire,9 novembre 1799,5,2,DAY,,HIGH,SCHOOL
COL-0068,revolutions,Révolutions et insurrections,38,EVT-0079,Loi du 30 floréal an X relative à l'esclavage dans les colonies,20 mai 1802,2,4,DAY,,HIGH,SCHOOL
COL-0068,revolutions,Révolutions et insurrections,39,EVT-0180,Promulgation du Code civil,21 mars 1804,5,2,DAY,,HIGH,SCHOOL
COL-0068,revolutions,Révolutions et insurrections,40,EVT-1118,Début de la guerre d’indépendance espagnole,1808,4,3,YEAR,,HIGH,GENERAL_CULTURE_V2
COL-0068,revolutions,Révolutions et insurrections,41,EVT-0731,Soulèvement du Dos de Mayo à Madrid,2 mai 1808,4,2,DAY,,HIGH,GENERAL_CULTURE_V1
COL-0068,revolutions,Révolutions et insurrections,42,EVT-1120,Début des guerres d’indépendance hispano-américaines,1810,5,2,YEAR,,HIGH,GENERAL_CULTURE_V2
COL-0068,revolutions,Révolutions et insurrections,43,EVT-0685,Grito de Dolores et début de la guerre d’indépendance du Mexique,16 septembre 1810,5,1,DAY,,HIGH,GENERAL_CULTURE_V1
COL-0068,revolutions,Révolutions et insurrections,44,EVT-0181,congrès de Vienne,18 septembre 1814 - 9 juin 1815,4,3,RANGE,,HIGH,SCHOOL
COL-0068,revolutions,Révolutions et insurrections,45,EVT-0182,Acte final du congrès de Vienne,9 juin 1815,3,4,DAY,,HIGH,SCHOOL
COL-0068,revolutions,Révolutions et insurrections,46,EVT-0733,Déclaration d’indépendance de l’Argentine,9 juillet 1816,4,2,DAY,,HIGH,GENERAL_CULTURE_V1
COL-0068,revolutions,Révolutions et insurrections,47,EVT-0734,Proclamation de l’indépendance du Chili,12 février 1818,4,2,DAY,,HIGH,GENERAL_CULTURE_V1
COL-0068,revolutions,Révolutions et insurrections,48,EVT-0010,Essor industriel en France,1820-1830 environ pour l’entrée de la France dans l’industrialisation ; l’accélération se poursuit après 1830,3,3,RANGE,,HIGH,SCHOOL
COL-0068,revolutions,Révolutions et insurrections,49,EVT-0737,Entrée de l’armée des Trois Garanties à Mexico et indépendance effective du Mexique,27 septembre 1821,4,2,DAY,,HIGH,GENERAL_CULTURE_V1
COL-0068,revolutions,Révolutions et insurrections,50,EVT-0183,massacre de Chios,avril 1822,3,3,MONTH,,HIGH,SCHOOL
COL-0068,revolutions,Révolutions et insurrections,51,EVT-0688,Déclaration d’indépendance du Brésil,7 septembre 1822,5,1,DAY,,HIGH,GENERAL_CULTURE_V1
COL-0068,revolutions,Révolutions et insurrections,52,EVT-1128,Indépendance de la Belgique,1830,5,2,YEAR,,HIGH,GENERAL_CULTURE_V2
COL-0068,revolutions,Révolutions et insurrections,53,EVT-0184,Trois Glorieuses,27-29 juillet 1830,4,3,RANGE,,HIGH,SCHOOL
COL-0068,revolutions,Révolutions et insurrections,54,EVT-0451,Début de la révolution belge,25 août 1830,4,3,DAY,,HIGH,SCHOOL
COL-0068,revolutions,Révolutions et insurrections,55,EVT-1129,Insurrection polonaise de Novembre écrasée par la Russie,1831,4,3,YEAR,,HIGH,GENERAL_CULTURE_V2
COL-0068,revolutions,Révolutions et insurrections,56,EVT-0453,Première révolte des canuts,21-24 novembre 1831,3,3,RANGE,,HIGH,SCHOOL
COL-0068,revolutions,Révolutions et insurrections,57,EVT-0350,Printemps des peuples,"1848, principalement de février à l’été",3,3,YEAR,,HIGH,SCHOOL
COL-0068,revolutions,Révolutions et insurrections,58,EVT-0185,chute de la monarchie de Juillet / révolution de Février,22-24 février 1848,2,3,RANGE,,HIGH,SCHOOL
COL-0068,revolutions,Révolutions et insurrections,59,EVT-0186,proclamation de la Deuxième République,24 février 1848,4,3,DAY,,HIGH,SCHOOL
COL-0068,revolutions,Révolutions et insurrections,60,EVT-0187,Décret instaurant le suffrage universel masculin,5 mars 1848,4,2,DAY,,HIGH,SCHOOL
COL-0068,revolutions,Révolutions et insurrections,61,EVT-0188,abolition de l’esclavage dans les colonies françaises,27 avril 1848,4,2,DAY,,HIGH,SCHOOL
COL-0068,revolutions,Révolutions et insurrections,62,EVT-0189,Constitution de la Deuxième République,4 novembre 1848,4,4,DAY,,HIGH,SCHOOL
COL-0068,revolutions,Révolutions et insurrections,63,EVT-0190,élection de Louis-Napoléon Bonaparte à la présidence,10 décembre 1848,2,3,DAY,,HIGH,SCHOOL
COL-0068,revolutions,Révolutions et insurrections,64,EVT-0191,Prestation de serment et entrée en fonction de Louis-Napoléon Bonaparte comme président,20 décembre 1848,2,3,DAY,,HIGH,SCHOOL
COL-0068,revolutions,Révolutions et insurrections,65,EVT-0459,Coup d’État de Louis-Napoléon Bonaparte,2 décembre 1851,3,3,DAY,,HIGH,SCHOOL
COL-0068,revolutions,Révolutions et insurrections,66,EVT-1150,Révolte des Cipayes en Inde,1857,5,2,YEAR,,HIGH,GENERAL_CULTURE_V2
COL-0068,revolutions,Révolutions et insurrections,67,EVT-0463,Début de la révolte des Cipayes,10 mai 1857,3,3,DAY,,HIGH,SCHOOL
COL-0068,revolutions,Révolutions et insurrections,68,EVT-0751,Départ de l’expédition des Mille de Garibaldi,5 mai 1860,4,2,DAY,,HIGH,GENERAL_CULTURE_V1
COL-0068,revolutions,Révolutions et insurrections,69,EVT-0709,Restauration de Meiji au Japon,3 janvier 1868,5,1,DAY,,HIGH,GENERAL_CULTURE_V1
COL-0068,revolutions,Révolutions et insurrections,70,EVT-0351,Deuxième révolution industrielle,vers 1870-1914,3,3,RANGE,,HIGH,SCHOOL
COL-0068,revolutions,Révolutions et insurrections,71,EVT-0201,Début de la Commune de Paris / insurrection du 18 mars 1871,18 mars 1871,4,3,DAY,,HIGH,SCHOOL
COL-0068,revolutions,Révolutions et insurrections,72,EVT-0202,élections communales,26 mars 1871,2,3,DAY,,HIGH,SCHOOL
COL-0068,revolutions,Révolutions et insurrections,73,EVT-0203,proclamation de la Commune,28 mars 1871,2,3,DAY,,HIGH,SCHOOL
COL-0068,revolutions,Révolutions et insurrections,74,EVT-0204,Semaine sanglante,21-28 mai 1871,2,3,RANGE,,HIGH,SCHOOL
COL-0068,revolutions,Révolutions et insurrections,75,EVT-0205,fin de la Commune,28 mai 1871,2,3,DAY,,HIGH,SCHOOL
COL-0068,revolutions,Révolutions et insurrections,76,EVT-0761,Assassinat du tsar Alexandre II,13 mars 1881,4,2,DAY,,HIGH,GENERAL_CULTURE_V1
COL-0068,revolutions,Révolutions et insurrections,77,EVT-0780,Dimanche rouge à Saint-Pétersbourg,22 janvier 1905,5,1,DAY,,HIGH,GENERAL_CULTURE_V1
COL-0068,revolutions,Révolutions et insurrections,78,EVT-0783,Début de la Révolution mexicaine,20 novembre 1910,5,1,DAY,,HIGH,GENERAL_CULTURE_V1
COL-0068,revolutions,Révolutions et insurrections,79,EVT-0784,Soulèvement de Wuchang et début de la révolution chinoise de 1911,10 octobre 1911,5,1,DAY,,HIGH,GENERAL_CULTURE_V1
COL-0068,revolutions,Révolutions et insurrections,80,EVT-0790,Début de l’insurrection de Pâques à Dublin,24 avril 1916,5,1,DAY,,HIGH,GENERAL_CULTURE_V1
COL-0068,revolutions,Révolutions et insurrections,81,EVT-0354,Révolution russe de 1917,"1917 ; révolution de Février en mars grégorien, révolution d’Octobre le 7 novembre grégorien",5,2,YEAR,,HIGH,SCHOOL
COL-0068,revolutions,Révolutions et insurrections,82,EVT-0484,Prise du pouvoir par les bolcheviks lors de la révolution d’Octobre,7 novembre 1917,5,2,DAY,,HIGH,SCHOOL
COL-0068,revolutions,Révolutions et insurrections,83,EVT-0794,Abdication de Guillaume II et révolution allemande,9 novembre 1918,5,1,DAY,,HIGH,GENERAL_CULTURE_V1
COL-0068,revolutions,Révolutions et insurrections,84,EVT-0844,Mouvement du 4-Mai en Chine,4 mai 1919,4,2,DAY,,HIGH,GENERAL_CULTURE_V1
COL-0068,revolutions,Révolutions et insurrections,85,EVT-0797,Ouverture du Ier congrès fondateur du Parti communiste chinois,23 juillet 1921,5,1,DAY,,HIGH,GENERAL_CULTURE_V1
COL-0068,revolutions,Révolutions et insurrections,86,EVT-0490,Putsch de la Brasserie,8-9 novembre 1923,3,3,RANGE,,HIGH,SCHOOL
COL-0068,revolutions,Révolutions et insurrections,87,EVT-0859,Début de la Longue Marche des communistes chinois,10 octobre 1934,4,2,DAY,,HIGH,GENERAL_CULTURE_V1
COL-0068,revolutions,Révolutions et insurrections,88,EVT-0816,Début du soulèvement du ghetto de Varsovie,19 avril 1943,5,1,DAY,,HIGH,GENERAL_CULTURE_V1
COL-0068,revolutions,Révolutions et insurrections,89,EVT-0819,Début de l’insurrection de Varsovie,1 août 1944,5,1,DAY,,HIGH,GENERAL_CULTURE_V1
COL-0068,revolutions,Révolutions et insurrections,90,EVT-0877,Début de l’insurrection de Budapest,23 octobre 1956,5,1,DAY,,HIGH,GENERAL_CULTURE_V1
COL-0068,revolutions,Révolutions et insurrections,91,EVT-0529,Victoire de la révolution cubaine,1er janvier 1959,3,3,DAY,,HIGH,SCHOOL
COL-0068,revolutions,Révolutions et insurrections,92,EVT-0888,Début officiel de la Révolution culturelle en Chine,16 mai 1966,5,1,DAY,,HIGH,GENERAL_CULTURE_V1
COL-0068,revolutions,Révolutions et insurrections,93,EVT-0266,Révolution des Œillets au Portugal,25 avril 1974,4,3,DAY,,HIGH,SCHOOL
COL-0068,revolutions,Révolutions et insurrections,94,EVT-0910,Soulèvement de Soweto,16 juin 1976,5,1,DAY,,HIGH,GENERAL_CULTURE_V1
COL-0068,revolutions,Révolutions et insurrections,95,EVT-0542,Victoire de la révolution iranienne,11 février 1979,3,3,DAY,,HIGH,SCHOOL
COL-0068,revolutions,Révolutions et insurrections,96,EVT-0926,Début de la Révolution de velours en Tchécoslovaquie,17 novembre 1989,5,1,DAY,,HIGH,GENERAL_CULTURE_V1
COL-0068,revolutions,Révolutions et insurrections,97,EVT-0927,Début de la révolution roumaine,16 décembre 1989,5,1,DAY,,HIGH,GENERAL_CULTURE_V1
COL-0068,revolutions,Révolutions et insurrections,98,EVT-0997,"Immolation de Mohamed Bouazizi, déclencheur des révoltes tunisiennes",17 décembre 2010,5,1,DAY,,HIGH,GENERAL_CULTURE_V1
COL-0069,guerres-batailles,Guerres et batailles,1,EVT-1042,Bataille de Megiddo sous Thoutmôsis III,1457 av. J.-C.,3,4,YEAR,,HIGH,GENERAL_CULTURE_V2
COL-0069,guerres-batailles,Guerres et batailles,2,EVT-0554,Bataille de Qadesh entre Ramsès II et les Hittites,1274 av. J.-C.,4,3,YEAR,,HIGH,GENERAL_CULTURE_V1
COL-0069,guerres-batailles,Guerres et batailles,3,EVT-1045,Crise des Peuples de la mer à la fin de l’âge du bronze,1177 av. J.-C.,3,4,YEAR,,HIGH,GENERAL_CULTURE_V2
COL-0069,guerres-batailles,Guerres et batailles,4,EVT-1047,Prise de Samarie par l’Empire assyrien,722 av. J.-C.,3,4,YEAR,,HIGH,GENERAL_CULTURE_V2
COL-0069,guerres-batailles,Guerres et batailles,5,EVT-1048,Chute de Ninive et effondrement de l’Empire néo-assyrien,612 av. J.-C.,4,3,YEAR,,HIGH,GENERAL_CULTURE_V2
COL-0069,guerres-batailles,Guerres et batailles,6,EVT-1049,Prise de Babylone par Cyrus le Grand,539 av. J.-C.,5,2,YEAR,,HIGH,GENERAL_CULTURE_V2
COL-0069,guerres-batailles,Guerres et batailles,7,EVT-1050,Conquête de l’Égypte par Cambyse II,525 av. J.-C.,3,4,YEAR,,HIGH,GENERAL_CULTURE_V2
COL-0069,guerres-batailles,Guerres et batailles,8,EVT-1051,Début de la révolte ionienne contre l’Empire perse,499 av. J.-C.,3,4,YEAR,,HIGH,GENERAL_CULTURE_V2
COL-0069,guerres-batailles,Guerres et batailles,9,EVT-0373,Bataille de Marathon,490 av. J.-C.,4,3,YEAR,,HIGH,SCHOOL
COL-0069,guerres-batailles,Guerres et batailles,10,EVT-0374,Bataille de Salamine,480 av. J.-C.,4,3,YEAR,,HIGH,SCHOOL
COL-0069,guerres-batailles,Guerres et batailles,11,EVT-0550,Bataille des Thermopyles,août 480 av. J.-C.,5,2,MONTH,,HIGH,GENERAL_CULTURE_V1
COL-0069,guerres-batailles,Guerres et batailles,12,EVT-0376,Guerre du Péloponnèse,431-404 av. J.-C.,4,3,RANGE,,HIGH,SCHOOL
COL-0069,guerres-batailles,Guerres et batailles,13,EVT-1052,Début de l’expédition de Sicile d’Athènes,415 av. J.-C.,3,4,YEAR,,HIGH,GENERAL_CULTURE_V2
COL-0069,guerres-batailles,Guerres et batailles,14,EVT-0572,Capitulation d’Athènes et fin de la guerre du Péloponnèse,404 av. J.-C.,3,4,YEAR,,HIGH,GENERAL_CULTURE_V1
COL-0069,guerres-batailles,Guerres et batailles,15,EVT-0557,Bataille de Chéronée et domination macédonienne sur la Grèce,338 av. J.-C.,4,3,YEAR,,HIGH,GENERAL_CULTURE_V1
COL-0069,guerres-batailles,Guerres et batailles,16,EVT-0573,Bataille du Granique,334 av. J.-C.,3,4,YEAR,,HIGH,GENERAL_CULTURE_V1
COL-0069,guerres-batailles,Guerres et batailles,17,EVT-0379,Bataille d’Issos,333 av. J.-C.,3,4,YEAR,,HIGH,SCHOOL
COL-0069,guerres-batailles,Guerres et batailles,18,EVT-0380,Bataille de Gaugamèles,331 av. J.-C.,3,4,YEAR,,HIGH,SCHOOL
COL-0069,guerres-batailles,Guerres et batailles,19,EVT-1055,Début de la guerre de Pyrrhus contre Rome,280 av. J.-C.,3,4,YEAR,,HIGH,GENERAL_CULTURE_V2
COL-0069,guerres-batailles,Guerres et batailles,20,EVT-0383,Première guerre punique,264-241 av. J.-C.,3,4,RANGE,,HIGH,SCHOOL
COL-0069,guerres-batailles,Guerres et batailles,21,EVT-1056,Fin de la première guerre punique,241 av. J.-C.,3,4,YEAR,,HIGH,GENERAL_CULTURE_V2
COL-0069,guerres-batailles,Guerres et batailles,22,EVT-0558,Début de la deuxième guerre punique,218 av. J.-C.,4,3,YEAR,,HIGH,GENERAL_CULTURE_V1
COL-0069,guerres-batailles,Guerres et batailles,23,EVT-0551,Bataille de Cannes,2 août 216 av. J.-C.,5,2,DAY,,HIGH,GENERAL_CULTURE_V1
COL-0069,guerres-batailles,Guerres et batailles,24,EVT-0559,Bataille de Zama,19 octobre 202 av. J.-C.,4,3,DAY,,HIGH,GENERAL_CULTURE_V1
COL-0069,guerres-batailles,Guerres et batailles,25,EVT-1057,Début de la troisième guerre punique,149 av. J.-C.,3,4,YEAR,,HIGH,GENERAL_CULTURE_V2
COL-0069,guerres-batailles,Guerres et batailles,26,EVT-1059,Début de la guerre sociale en Italie,91 av. J.-C.,3,4,YEAR,,HIGH,GENERAL_CULTURE_V2
COL-0069,guerres-batailles,Guerres et batailles,27,EVT-0387,Bataille d’Actium,2 septembre 31 av. J.-C.,4,3,DAY,,HIGH,SCHOOL
COL-0069,guerres-batailles,Guerres et batailles,28,EVT-0561,Défaite romaine dans la forêt de Teutoburg,septembre 9,4,3,MONTH,,HIGH,GENERAL_CULTURE_V1
COL-0069,guerres-batailles,Guerres et batailles,29,EVT-1060,Conquête romaine de la Bretagne sous Claude,43,3,4,YEAR,,HIGH,GENERAL_CULTURE_V2
COL-0069,guerres-batailles,Guerres et batailles,30,EVT-1061,Révolte de Boadicée contre Rome,60,3,4,YEAR,,HIGH,GENERAL_CULTURE_V2
COL-0069,guerres-batailles,Guerres et batailles,31,EVT-0565,Bataille du pont Milvius,28 octobre 312,4,3,DAY,,HIGH,GENERAL_CULTURE_V1
COL-0069,guerres-batailles,Guerres et batailles,32,EVT-1068,Bataille d’Andrinople et mort de Valens,378,4,3,YEAR,,HIGH,GENERAL_CULTURE_V2
COL-0069,guerres-batailles,Guerres et batailles,33,EVT-0567,Bataille des Champs Catalauniques,20 juin 451,4,3,DAY,,HIGH,GENERAL_CULTURE_V1
COL-0069,guerres-batailles,Guerres et batailles,34,EVT-0568,Début du sac de Rome par les Vandales,2 juin 455,4,3,DAY,,HIGH,GENERAL_CULTURE_V1
COL-0069,guerres-batailles,Guerres et batailles,35,EVT-0393,Bataille de Vouillé,printemps 507,3,4,YEAR,,HIGH,SCHOOL
COL-0069,guerres-batailles,Guerres et batailles,36,EVT-1070,Invasion lombarde de l’Italie,568,3,4,YEAR,,HIGH,GENERAL_CULTURE_V2
COL-0069,guerres-batailles,Guerres et batailles,37,EVT-0584,Bataille du Yarmouk,20 août 636,4,3,DAY,,HIGH,GENERAL_CULTURE_V1
COL-0069,guerres-batailles,Guerres et batailles,38,EVT-0578,Début de la conquête musulmane de la péninsule Ibérique,711,5,2,YEAR,,HIGH,GENERAL_CULTURE_V1
COL-0069,guerres-batailles,Guerres et batailles,39,EVT-0395,Bataille de Poitiers,"732 ; date conventionnelle, parfois 733",3,4,YEAR,,HIGH,SCHOOL
COL-0069,guerres-batailles,Guerres et batailles,40,EVT-1072,Bataille de Poitiers entre Francs et Omeyyades,732,4,3,YEAR,,HIGH,GENERAL_CULTURE_V2
COL-0069,guerres-batailles,Guerres et batailles,41,EVT-0588,Raid viking contre le monastère de Lindisfarne,8 juin 793,4,3,DAY,,HIGH,GENERAL_CULTURE_V1
COL-0069,guerres-batailles,Guerres et batailles,42,EVT-0605,Bataille d’Edington entre Alfred le Grand et les Vikings,mai 878,3,4,MONTH,,HIGH,GENERAL_CULTURE_V1
COL-0069,guerres-batailles,Guerres et batailles,43,EVT-1075,Bataille du Lechfeld contre les Magyars,955,3,4,YEAR,,HIGH,GENERAL_CULTURE_V2
COL-0069,guerres-batailles,Guerres et batailles,44,EVT-0606,Bataille de Stamford Bridge,25 septembre 1066,3,4,DAY,,HIGH,GENERAL_CULTURE_V1
COL-0069,guerres-batailles,Guerres et batailles,45,EVT-0398,Bataille d’Hastings,14 octobre 1066,4,3,DAY,,HIGH,SCHOOL
COL-0069,guerres-batailles,Guerres et batailles,46,EVT-0400,Bataille de Manzikert,26 août 1071,4,3,DAY,,HIGH,SCHOOL
COL-0069,guerres-batailles,Guerres et batailles,47,EVT-1079,Début de la deuxième croisade,1147,3,4,YEAR,,HIGH,GENERAL_CULTURE_V2
COL-0069,guerres-batailles,Guerres et batailles,48,EVT-0592,Bataille de Hattin,4 juillet 1187,4,3,DAY,,HIGH,GENERAL_CULTURE_V1
COL-0069,guerres-batailles,Guerres et batailles,49,EVT-0579,Saladin reprend Jérusalem,2 octobre 1187,5,2,DAY,,HIGH,GENERAL_CULTURE_V1
COL-0069,guerres-batailles,Guerres et batailles,50,EVT-0608,Traité de Jaffa mettant fin à la troisième croisade,2 septembre 1192,3,4,DAY,,HIGH,GENERAL_CULTURE_V1
COL-0069,guerres-batailles,Guerres et batailles,51,EVT-1080,Début de la croisade des Albigeois,1209,3,4,YEAR,,HIGH,GENERAL_CULTURE_V2
COL-0069,guerres-batailles,Guerres et batailles,52,EVT-0054,Bataille de Bouvines,27 juillet 1214,4,3,DAY,,HIGH,SCHOOL
COL-0069,guerres-batailles,Guerres et batailles,53,EVT-1081,Début des conquêtes mongoles en Europe orientale,1236,3,4,YEAR,,HIGH,GENERAL_CULTURE_V2
COL-0069,guerres-batailles,Guerres et batailles,54,EVT-0609,Bataille de Legnica face aux Mongols,9 avril 1241,3,4,DAY,,HIGH,GENERAL_CULTURE_V1
COL-0069,guerres-batailles,Guerres et batailles,55,EVT-0610,Bataille de Fariskur et capture de Louis IX,6 avril 1250,3,4,DAY,,HIGH,GENERAL_CULTURE_V1
COL-0069,guerres-batailles,Guerres et batailles,56,EVT-0595,"Chute d’Acre, dernier grand bastion croisé en Terre sainte",18 mai 1291,4,3,DAY,,HIGH,GENERAL_CULTURE_V1
COL-0069,guerres-batailles,Guerres et batailles,57,EVT-0611,Bataille des Éperons d’or,11 juillet 1302,3,4,DAY,,HIGH,GENERAL_CULTURE_V1
COL-0069,guerres-batailles,Guerres et batailles,58,EVT-0596,Exécution de William Wallace,23 août 1305,4,3,DAY,,HIGH,GENERAL_CULTURE_V1
COL-0069,guerres-batailles,Guerres et batailles,59,EVT-0599,Bataille de Bannockburn,24 juin 1314,4,3,DAY,,HIGH,GENERAL_CULTURE_V1
COL-0069,guerres-batailles,Guerres et batailles,60,EVT-0055,Guerre de Cent Ans,1337-1453,4,2,RANGE,,HIGH,SCHOOL
COL-0069,guerres-batailles,Guerres et batailles,61,EVT-1082,Début conventionnel de la guerre de Cent Ans,1337,5,2,YEAR,,HIGH,GENERAL_CULTURE_V2
COL-0069,guerres-batailles,Guerres et batailles,62,EVT-0406,Bataille de Crécy,26 août 1346,3,3,DAY,,HIGH,SCHOOL
COL-0069,guerres-batailles,Guerres et batailles,63,EVT-1083,Bataille de Poitiers pendant la guerre de Cent Ans,1356,4,3,YEAR,,HIGH,GENERAL_CULTURE_V2
COL-0069,guerres-batailles,Guerres et batailles,64,EVT-0407,Bataille de Poitiers de 1356,19 septembre 1356,3,3,DAY,,HIGH,SCHOOL
COL-0069,guerres-batailles,Guerres et batailles,65,EVT-0601,Bataille de Kosovo Polje,28 juin 1389,4,3,DAY,,HIGH,GENERAL_CULTURE_V1
COL-0069,guerres-batailles,Guerres et batailles,66,EVT-0410,Bataille d’Azincourt,25 octobre 1415,3,3,DAY,,HIGH,SCHOOL
COL-0069,guerres-batailles,Guerres et batailles,67,EVT-0411,Levée du siège d’Orléans par Jeanne d’Arc,8 mai 1429,3,3,DAY,,HIGH,SCHOOL
COL-0069,guerres-batailles,Guerres et batailles,68,EVT-0056,Bataille de Castillon,17 juillet 1453,2,3,DAY,,HIGH,SCHOOL
COL-0069,guerres-batailles,Guerres et batailles,69,EVT-1085,Début de la guerre des Deux-Roses,1455,4,3,YEAR,,HIGH,GENERAL_CULTURE_V2
COL-0069,guerres-batailles,Guerres et batailles,70,EVT-0603,Bataille de Bosworth et fin de la guerre des Deux-Roses,22 août 1485,4,3,DAY,,HIGH,GENERAL_CULTURE_V1
COL-0069,guerres-batailles,Guerres et batailles,71,EVT-0063,Débarquement de l'expédition de Colomb à Guanahaní,12 octobre 1492,5,1,DAY,,HIGH,SCHOOL
COL-0069,guerres-batailles,Guerres et batailles,72,EVT-1086,Début des guerres d’Italie,1494,4,3,YEAR,,HIGH,GENERAL_CULTURE_V2
COL-0069,guerres-batailles,Guerres et batailles,73,EVT-1088,Bataille de Flodden entre Angleterre et Écosse,1513,3,3,YEAR,,HIGH,GENERAL_CULTURE_V2
COL-0069,guerres-batailles,Guerres et batailles,74,EVT-0613,Hernán Cortés entre à Tenochtitlan,8 novembre 1519,5,1,DAY,,HIGH,GENERAL_CULTURE_V1
COL-0069,guerres-batailles,Guerres et batailles,75,EVT-0614,Chute de Tenochtitlan face aux forces de Cortés,13 août 1521,5,1,DAY,,HIGH,GENERAL_CULTURE_V1
COL-0069,guerres-batailles,Guerres et batailles,76,EVT-1089,Bataille de Mohács et effondrement du royaume médiéval de Hongrie,1526,4,3,YEAR,,HIGH,GENERAL_CULTURE_V2
COL-0069,guerres-batailles,Guerres et batailles,77,EVT-0643,Première bataille de Panipat et fondation de l’Empire moghol,21 avril 1526,4,2,DAY,,HIGH,GENERAL_CULTURE_V1
COL-0069,guerres-batailles,Guerres et batailles,78,EVT-0644,Début du sac de Rome par les troupes impériales,6 mai 1527,4,2,DAY,,HIGH,GENERAL_CULTURE_V1
COL-0069,guerres-batailles,Guerres et batailles,79,EVT-1090,Conquête de l’Empire inca par les Espagnols autour de Cajamarca,1532,5,2,YEAR,,HIGH,GENERAL_CULTURE_V2
COL-0069,guerres-batailles,Guerres et batailles,80,EVT-0617,Massacre de Wassy et début des guerres de Religion en France,1 mars 1562,5,1,DAY,,HIGH,GENERAL_CULTURE_V1
COL-0069,guerres-batailles,Guerres et batailles,81,EVT-0647,Début du Grand Siège de Malte,18 mai 1565,4,2,DAY,,HIGH,GENERAL_CULTURE_V1
COL-0069,guerres-batailles,Guerres et batailles,82,EVT-0618,Bataille navale de Lépante,7 octobre 1571,5,1,DAY,,HIGH,GENERAL_CULTURE_V1
COL-0069,guerres-batailles,Guerres et batailles,83,EVT-0619,Défaite décisive de l’Armada espagnole au large de Gravelines,8 août 1588,5,1,DAY,,HIGH,GENERAL_CULTURE_V1
COL-0069,guerres-batailles,Guerres et batailles,84,EVT-0426,Guerre de Trente Ans,23 mai 1618-24 octobre 1648,4,3,RANGE,,HIGH,SCHOOL
COL-0069,guerres-batailles,Guerres et batailles,85,EVT-0623,Défenestration de Prague et début de la guerre de Trente Ans,23 mai 1618,5,1,DAY,,HIGH,GENERAL_CULTURE_V1
COL-0069,guerres-batailles,Guerres et batailles,86,EVT-0427,Début de la guerre civile anglaise,22 août 1642,3,3,DAY,,HIGH,SCHOOL
COL-0069,guerres-batailles,Guerres et batailles,87,EVT-0295,Signature des traités de Westphalie,24 octobre 1648,4,3,DAY,,HIGH,SCHOOL
COL-0069,guerres-batailles,Guerres et batailles,88,EVT-1096,Début de la guerre de Hollande,6 avril 1672,3,3,DAY,,HIGH,GENERAL_CULTURE_V2
COL-0069,guerres-batailles,Guerres et batailles,89,EVT-0154,installation de la Cour et du siège du gouvernement à Versailles,6 mai 1682,4,3,DAY,,HIGH,SCHOOL
COL-0069,guerres-batailles,Guerres et batailles,90,EVT-1097,Échec du second siège ottoman de Vienne,1683,5,2,YEAR,,HIGH,GENERAL_CULTURE_V2
COL-0069,guerres-batailles,Guerres et batailles,91,EVT-0663,Bataille de la Boyne,1er juillet 1690 (calendrier julien alors en usage ; 11 juillet grégorien),4,2,DAY,,HIGH,GENERAL_CULTURE_V1
COL-0069,guerres-batailles,Guerres et batailles,92,EVT-1098,Traité de Ryswick mettant fin à la guerre de la Ligue d’Augsbourg,20 septembre 1697,3,3,DAY,,HIGH,GENERAL_CULTURE_V2
COL-0069,guerres-batailles,Guerres et batailles,93,EVT-0665,Début de la guerre de Succession d’Espagne,9 juillet 1701,4,2,DAY,,HIGH,GENERAL_CULTURE_V1
COL-0069,guerres-batailles,Guerres et batailles,94,EVT-0666,Traité d’Utrecht,11 avril 1713,4,2,DAY,,HIGH,GENERAL_CULTURE_V1
COL-0069,guerres-batailles,Guerres et batailles,95,EVT-1102,Début de la guerre de Succession d’Autriche,1740,4,3,YEAR,,HIGH,GENERAL_CULTURE_V2
COL-0069,guerres-batailles,Guerres et batailles,96,EVT-0431,Guerre de Sept Ans,1756-1763,4,3,RANGE,,HIGH,SCHOOL
COL-0069,guerres-batailles,Guerres et batailles,97,EVT-0672,Bataille des Plaines d’Abraham,13 septembre 1759,4,2,DAY,,HIGH,GENERAL_CULTURE_V1
COL-0069,guerres-batailles,Guerres et batailles,98,EVT-0629,Traité de Paris mettant fin à la guerre de Sept Ans,10 février 1763,5,1,DAY,,HIGH,GENERAL_CULTURE_V1
COL-0069,guerres-batailles,Guerres et batailles,99,EVT-0631,Batailles de Lexington et Concord,19 avril 1775,5,1,DAY,,HIGH,GENERAL_CULTURE_V1
COL-0069,guerres-batailles,Guerres et batailles,100,EVT-1104,Victoire franco-américaine à Yorktown,1781,5,2,YEAR,,HIGH,GENERAL_CULTURE_V2
COL-0069,guerres-batailles,Guerres et batailles,101,EVT-0437,Traité de Paris mettant fin à la guerre d’indépendance américaine,3 septembre 1783,3,4,DAY,,HIGH,SCHOOL
COL-0069,guerres-batailles,Guerres et batailles,102,EVT-0441,Bataille de Valmy,20 septembre 1792,3,3,DAY,,HIGH,SCHOOL
COL-0069,guerres-batailles,Guerres et batailles,103,EVT-1113,Début de l’expédition d’Égypte de Bonaparte,1798,4,3,YEAR,,HIGH,GENERAL_CULTURE_V2
COL-0069,guerres-batailles,Guerres et batailles,104,EVT-0680,Bataille navale d’Aboukir,1 août 1798,4,2,DAY,,HIGH,GENERAL_CULTURE_V1
COL-0069,guerres-batailles,Guerres et batailles,105,EVT-0683,Bataille de Trafalgar,21 octobre 1805,5,1,DAY,,HIGH,GENERAL_CULTURE_V1
COL-0069,guerres-batailles,Guerres et batailles,106,EVT-1118,Début de la guerre d’indépendance espagnole,1808,4,3,YEAR,,HIGH,GENERAL_CULTURE_V2
COL-0069,guerres-batailles,Guerres et batailles,107,EVT-0731,Soulèvement du Dos de Mayo à Madrid,2 mai 1808,4,2,DAY,,HIGH,GENERAL_CULTURE_V1
COL-0069,guerres-batailles,Guerres et batailles,108,EVT-1121,Campagne de Russie de Napoléon,1812,5,2,YEAR,,HIGH,GENERAL_CULTURE_V2
COL-0069,guerres-batailles,Guerres et batailles,109,EVT-0732,Début de la guerre anglo-américaine de 1812,18 juin 1812,4,2,DAY,,HIGH,GENERAL_CULTURE_V1
COL-0069,guerres-batailles,Guerres et batailles,110,EVT-0686,Début de l’invasion de la Russie par Napoléon,24 juin 1812,5,1,DAY,,HIGH,GENERAL_CULTURE_V1
COL-0069,guerres-batailles,Guerres et batailles,111,EVT-0687,Début de la bataille de Leipzig,16 octobre 1813,5,1,DAY,,HIGH,GENERAL_CULTURE_V1
COL-0069,guerres-batailles,Guerres et batailles,112,EVT-0448,Bataille de Waterloo,18 juin 1815,5,1,DAY,,HIGH,SCHOOL
COL-0069,guerres-batailles,Guerres et batailles,113,EVT-0449,Début conventionnel de la guerre d’indépendance grecque,25 mars 1821,4,3,DAY,,HIGH,SCHOOL
COL-0069,guerres-batailles,Guerres et batailles,114,EVT-0738,Bataille navale de Navarin,20 octobre 1827,4,2,DAY,,HIGH,GENERAL_CULTURE_V1
COL-0069,guerres-batailles,Guerres et batailles,115,EVT-1129,Insurrection polonaise de Novembre écrasée par la Russie,1831,4,3,YEAR,,HIGH,GENERAL_CULTURE_V2
COL-0069,guerres-batailles,Guerres et batailles,116,EVT-0694,Début de la première guerre de l’Opium,4 septembre 1839,5,1,DAY,,HIGH,GENERAL_CULTURE_V1
COL-0069,guerres-batailles,Guerres et batailles,117,EVT-1141,Début de la guerre américano-mexicaine,1846,4,3,YEAR,,HIGH,GENERAL_CULTURE_V2
COL-0069,guerres-batailles,Guerres et batailles,118,EVT-1147,Début de la guerre de Crimée,1853,5,2,YEAR,,HIGH,GENERAL_CULTURE_V2
COL-0069,guerres-batailles,Guerres et batailles,119,EVT-0461,Guerre de Crimée,16 octobre 1853-30 mars 1856,4,3,RANGE,,HIGH,SCHOOL
COL-0069,guerres-batailles,Guerres et batailles,120,EVT-1148,Charge de la brigade légère à Balaklava,25 octobre 1854,3,3,DAY,,HIGH,GENERAL_CULTURE_V2
COL-0069,guerres-batailles,Guerres et batailles,121,EVT-0462,Traité de Paris mettant fin à la guerre de Crimée,30 mars 1856,4,3,DAY,,HIGH,SCHOOL
COL-0069,guerres-batailles,Guerres et batailles,122,EVT-0749,Bataille de Solférino,24 juin 1859,4,2,DAY,,HIGH,GENERAL_CULTURE_V1
COL-0069,guerres-batailles,Guerres et batailles,123,EVT-1152,Début de la guerre de Sécession américaine,1861,5,2,YEAR,,HIGH,GENERAL_CULTURE_V2
COL-0069,guerres-batailles,Guerres et batailles,124,EVT-0466,Guerre de Sécession,12 avril 1861-9 avril 1865,5,2,RANGE,,HIGH,SCHOOL
COL-0069,guerres-batailles,Guerres et batailles,125,EVT-0468,Bataille de Gettysburg,1er-3 juillet 1863,3,3,RANGE,,HIGH,SCHOOL
COL-0069,guerres-batailles,Guerres et batailles,126,EVT-0705,Capitulation de Robert E. Lee à Appomattox,9 avril 1865,5,1,DAY,,HIGH,GENERAL_CULTURE_V1
COL-0069,guerres-batailles,Guerres et batailles,127,EVT-0753,Début de la guerre austro-prussienne,14 juin 1866,4,2,DAY,,HIGH,GENERAL_CULTURE_V1
COL-0069,guerres-batailles,Guerres et batailles,128,EVT-0352,Nouvel impérialisme et relance de la colonisation,1870-1914,3,3,RANGE,,HIGH,SCHOOL
COL-0069,guerres-batailles,Guerres et batailles,129,EVT-0472,Guerre franco-prussienne,19 juillet 1870-10 mai 1871,4,3,RANGE,,HIGH,SCHOOL
COL-0069,guerres-batailles,Guerres et batailles,130,EVT-0757,Bataille de Little Bighorn,25 juin 1876,4,2,DAY,,HIGH,GENERAL_CULTURE_V1
COL-0069,guerres-batailles,Guerres et batailles,131,EVT-1164,Guerre anglo-zouloue,1879,4,3,YEAR,,HIGH,GENERAL_CULTURE_V2
COL-0069,guerres-batailles,Guerres et batailles,132,EVT-0764,Occupation britannique de l’Égypte après la bataille de Tel el-Kebir,13 septembre 1882,4,2,DAY,,HIGH,GENERAL_CULTURE_V1
COL-0069,guerres-batailles,Guerres et batailles,133,EVT-1184,Début de la première guerre sino-japonaise,1894,4,3,YEAR,,HIGH,GENERAL_CULTURE_V2
COL-0069,guerres-batailles,Guerres et batailles,134,EVT-1186,Bataille d’Adoua et victoire éthiopienne sur l’Italie,1896,5,2,YEAR,,HIGH,GENERAL_CULTURE_V2
COL-0069,guerres-batailles,Guerres et batailles,135,EVT-0726,Début de la guerre hispano-américaine,21 avril 1898,5,1,DAY,,HIGH,GENERAL_CULTURE_V1
COL-0069,guerres-batailles,Guerres et batailles,136,EVT-1034,Début de la seconde guerre des Boers,11 octobre 1899,4,2,DAY,,HIGH,GENERAL_CULTURE_V1
COL-0069,guerres-batailles,Guerres et batailles,137,EVT-0828,Traité de Vereeniging mettant fin à la seconde guerre des Boers,31 mai 1902,4,2,DAY,,HIGH,GENERAL_CULTURE_V1
COL-0069,guerres-batailles,Guerres et batailles,138,EVT-0778,Début de la guerre russo-japonaise,8 février 1904,5,1,DAY,,HIGH,GENERAL_CULTURE_V1
COL-0069,guerres-batailles,Guerres et batailles,139,EVT-0833,Traité de Portsmouth mettant fin à la guerre russo-japonaise,5 septembre 1905,4,2,DAY,,HIGH,GENERAL_CULTURE_V1
COL-0069,guerres-batailles,Guerres et batailles,140,EVT-0834,Lancement du HMS Dreadnought,10 février 1906,4,2,DAY,,HIGH,GENERAL_CULTURE_V1
COL-0069,guerres-batailles,Guerres et batailles,141,EVT-0839,Début de la première guerre balkanique,8 octobre 1912,4,2,DAY,,HIGH,GENERAL_CULTURE_V1
COL-0069,guerres-batailles,Guerres et batailles,142,EVT-0478,Assassinat de François-Ferdinand à Sarajevo,28 juin 1914,5,2,DAY,,HIGH,SCHOOL
COL-0069,guerres-batailles,Guerres et batailles,143,EVT-0012,Première Guerre mondiale,28 juillet 1914 – 11 novembre 1918,5,1,RANGE,,HIGH,SCHOOL
COL-0069,guerres-batailles,Guerres et batailles,144,EVT-0089,Déclaration de guerre de l'Autriche-Hongrie à la Serbie,28 juillet 1914,3,3,DAY,,HIGH,SCHOOL
COL-0069,guerres-batailles,Guerres et batailles,145,EVT-0479,Déclaration de guerre de l’Allemagne à la Russie,1er août 1914,3,4,DAY,,HIGH,SCHOOL
COL-0069,guerres-batailles,Guerres et batailles,146,EVT-0480,Déclaration de guerre de l’Allemagne à la France,3 août 1914,3,4,DAY,,HIGH,SCHOOL
COL-0069,guerres-batailles,Guerres et batailles,147,EVT-0481,Entrée en guerre du Royaume-Uni contre l’Allemagne,4 août 1914,3,4,DAY,,HIGH,SCHOOL
COL-0069,guerres-batailles,Guerres et batailles,148,EVT-0206,Bataille de Tannenberg,26-30 août 1914,3,3,RANGE,,HIGH,SCHOOL
COL-0069,guerres-batailles,Guerres et batailles,149,EVT-0207,Première bataille de la Marne,6-12 septembre 1914,4,3,RANGE,,HIGH,SCHOOL
COL-0069,guerres-batailles,Guerres et batailles,150,EVT-0208,campagne des Dardanelles / Gallipoli,18 mars 1915 - 9 janvier 1916,3,3,RANGE,,HIGH,SCHOOL
COL-0069,guerres-batailles,Guerres et batailles,151,EVT-0090,Début conventionnel du génocide des Arméniens commémoré par les arrestations à Constantinople,24 avril 1915,4,3,DAY,,HIGH,SCHOOL
COL-0069,guerres-batailles,Guerres et batailles,152,EVT-0209,débarquements alliés à Gallipoli,25 avril 1915,3,3,DAY,,HIGH,SCHOOL
COL-0069,guerres-batailles,Guerres et batailles,153,EVT-0789,Naufrage du Lusitania,7 mai 1915,5,1,DAY,,HIGH,GENERAL_CULTURE_V1
COL-0069,guerres-batailles,Guerres et batailles,154,EVT-0482,Bataille de Verdun,21 février-18 décembre 1916,5,2,RANGE,,HIGH,SCHOOL
COL-0069,guerres-batailles,Guerres et batailles,155,EVT-0210,bataille de la Somme,1er juillet - 18 novembre 1916,4,3,RANGE,,HIGH,SCHOOL
COL-0069,guerres-batailles,Guerres et batailles,156,EVT-0483,Entrée en guerre des États-Unis dans la Première Guerre mondiale,6 avril 1917,3,4,DAY,,HIGH,SCHOOL
COL-0069,guerres-batailles,Guerres et batailles,157,EVT-0211,début de l’opération Michael,21 mars 1918,3,3,DAY,,HIGH,SCHOOL
COL-0069,guerres-batailles,Guerres et batailles,158,EVT-0212,première grande offensive de printemps,21 mars - 5 avril 1918,3,3,RANGE,,HIGH,SCHOOL
COL-0069,guerres-batailles,Guerres et batailles,159,EVT-0091,Armistice de Rethondes,11 novembre 1918,5,1,DAY,,HIGH,SCHOOL
COL-0069,guerres-batailles,Guerres et batailles,160,EVT-0092,Signature du traité de Versailles,28 juin 1919,4,3,DAY,,HIGH,SCHOOL
COL-0069,guerres-batailles,Guerres et batailles,161,EVT-0488,Marche sur Rome,28 octobre 1922,3,3,DAY,,HIGH,SCHOOL
COL-0069,guerres-batailles,Guerres et batailles,162,EVT-0807,Incident de Mukden et invasion japonaise de la Mandchourie,18 septembre 1931,5,1,DAY,,HIGH,GENERAL_CULTURE_V1
COL-0069,guerres-batailles,Guerres et batailles,163,EVT-0243,New Deal,à partir de mars 1933,4,3,MONTH,,HIGH,SCHOOL
COL-0069,guerres-batailles,Guerres et batailles,164,EVT-0241,Première investiture de Franklin D. Roosevelt / début de sa présidence,4 mars 1933,2,3,DAY,,HIGH,SCHOOL
COL-0069,guerres-batailles,Guerres et batailles,165,EVT-0859,Début de la Longue Marche des communistes chinois,10 octobre 1934,4,2,DAY,,HIGH,GENERAL_CULTURE_V1
COL-0069,guerres-batailles,Guerres et batailles,166,EVT-0808,Début de l’invasion italienne de l’Éthiopie,3 octobre 1935,5,1,DAY,,HIGH,GENERAL_CULTURE_V1
COL-0069,guerres-batailles,Guerres et batailles,167,EVT-0502,Guerre civile espagnole,17 juillet 1936-1er avril 1939,4,3,RANGE,,HIGH,SCHOOL
COL-0069,guerres-batailles,Guerres et batailles,168,EVT-0503,Bombardement de Guernica,26 avril 1937,4,3,DAY,,HIGH,SCHOOL
COL-0069,guerres-batailles,Guerres et batailles,169,EVT-0809,Début du massacre de Nankin,13 décembre 1937,5,1,DAY,,HIGH,GENERAL_CULTURE_V1
COL-0069,guerres-batailles,Guerres et batailles,170,EVT-0244,pogrom de novembre / Nuit de cristal,9-10 novembre 1938,4,3,RANGE,,HIGH,SCHOOL
COL-0069,guerres-batailles,Guerres et batailles,171,EVT-0811,Fin de la guerre civile espagnole,1 avril 1939,5,1,DAY,,HIGH,GENERAL_CULTURE_V1
COL-0069,guerres-batailles,Guerres et batailles,172,EVT-0013,Seconde Guerre mondiale,1er septembre 1939 – 2 septembre 1945,5,1,RANGE,,HIGH,SCHOOL
COL-0069,guerres-batailles,Guerres et batailles,173,EVT-0097,Invasion de la Pologne par l'Allemagne,1er septembre 1939,5,2,DAY,,HIGH,SCHOOL
COL-0069,guerres-batailles,Guerres et batailles,174,EVT-0098,Déclaration de guerre française et britannique à l'Allemagne,3 septembre 1939,2,3,DAY,,HIGH,SCHOOL
COL-0069,guerres-batailles,Guerres et batailles,175,EVT-1039,Découverte des charniers de Katyn par les Allemands annoncée publiquement,13 avril 1940,4,2,DAY,,HIGH,GENERAL_CULTURE_V1
COL-0069,guerres-batailles,Guerres et batailles,176,EVT-0506,Offensive allemande à l’Ouest,10 mai 1940,3,3,DAY,,HIGH,SCHOOL
COL-0069,guerres-batailles,Guerres et batailles,177,EVT-0812,Winston Churchill devient Premier ministre du Royaume-Uni,10 mai 1940,5,1,DAY,,HIGH,GENERAL_CULTURE_V1
COL-0069,guerres-batailles,Guerres et batailles,178,EVT-0507,Évacuation de Dunkerque,26 mai-4 juin 1940,3,3,RANGE,,HIGH,SCHOOL
COL-0069,guerres-batailles,Guerres et batailles,179,EVT-0508,Entrée des troupes allemandes dans Paris,14 juin 1940,3,3,DAY,,HIGH,SCHOOL
COL-0069,guerres-batailles,Guerres et batailles,180,EVT-0103,Formation du gouvernement Pétain : Philippe Pétain devient président du Conseil,16 juin 1940,4,3,DAY,,HIGH,SCHOOL
COL-0069,guerres-batailles,Guerres et batailles,181,EVT-0246,demande française d’armistice,17 juin 1940,2,3,DAY,,HIGH,SCHOOL
COL-0069,guerres-batailles,Guerres et batailles,182,EVT-0014,Appel du 18 juin du général de Gaulle,18 juin 1940,5,2,DAY,,HIGH,SCHOOL
COL-0069,guerres-batailles,Guerres et batailles,183,EVT-0105,signature de l’armistice franco-allemand à Rethondes,22 juin 1940,3,3,DAY,,HIGH,SCHOOL
COL-0069,guerres-batailles,Guerres et batailles,184,EVT-0248,Entrée en vigueur du cessez-le-feu franco-allemand de juin 1940,25 juin 1940,2,4,DAY,,HIGH,SCHOOL
COL-0069,guerres-batailles,Guerres et batailles,185,EVT-0249,reconnaissance de De Gaulle comme chef des Français libres par le Royaume-Uni,28 juin 1940,4,3,DAY,,HIGH,SCHOOL
COL-0069,guerres-batailles,Guerres et batailles,186,EVT-0509,Bataille d’Angleterre,10 juillet-31 octobre 1940,4,3,RANGE,,HIGH,SCHOOL
COL-0069,guerres-batailles,Guerres et batailles,187,EVT-0813,Promulgation de la loi Prêt-Bail aux États-Unis,11 mars 1941,5,1,DAY,,HIGH,GENERAL_CULTURE_V1
COL-0069,guerres-batailles,Guerres et batailles,188,EVT-0099,Attaque allemande contre l'URSS (opération Barbarossa),22 juin 1941,4,3,DAY,,HIGH,SCHOOL
COL-0069,guerres-batailles,Guerres et batailles,189,EVT-0510,Attaque de Pearl Harbor,7 décembre 1941,5,1,DAY,,HIGH,SCHOOL
COL-0069,guerres-batailles,Guerres et batailles,190,EVT-0512,Bataille de Midway,4-7 juin 1942,4,3,RANGE,,HIGH,SCHOOL
COL-0069,guerres-batailles,Guerres et batailles,191,EVT-0814,Lancement officiel du projet Manhattan,13 août 1942,5,1,DAY,,HIGH,GENERAL_CULTURE_V1
COL-0069,guerres-batailles,Guerres et batailles,192,EVT-0513,Bataille de Stalingrad,23 août 1942-2 février 1943,5,2,RANGE,,HIGH,SCHOOL
COL-0069,guerres-batailles,Guerres et batailles,193,EVT-0514,Seconde bataille d’El-Alamein,23 octobre-11 novembre 1942,4,3,RANGE,,HIGH,SCHOOL
COL-0069,guerres-batailles,Guerres et batailles,194,EVT-0515,Débarquement allié en Sicile,10 juillet 1943,3,3,DAY,,HIGH,SCHOOL
COL-0069,guerres-batailles,Guerres et batailles,195,EVT-0817,Chute de Mussolini après son arrestation,25 juillet 1943,5,1,DAY,,HIGH,GENERAL_CULTURE_V1
COL-0069,guerres-batailles,Guerres et batailles,196,EVT-0516,Annonce de l’armistice italien,8 septembre 1943,3,3,DAY,,HIGH,SCHOOL
COL-0069,guerres-batailles,Guerres et batailles,197,EVT-0017,Débarquement allié en Normandie,6 juin 1944,5,2,DAY,,HIGH,SCHOOL
COL-0069,guerres-batailles,Guerres et batailles,198,EVT-0819,Début de l’insurrection de Varsovie,1 août 1944,5,1,DAY,,HIGH,GENERAL_CULTURE_V1
COL-0069,guerres-batailles,Guerres et batailles,199,EVT-0100,Libération de Paris,25 août 1944,4,3,DAY,,HIGH,SCHOOL
COL-0069,guerres-batailles,Guerres et batailles,200,EVT-0101,Fin de la guerre en Europe / capitulation allemande effective,8 mai 1945,4,3,DAY,,HIGH,SCHOOL
COL-0069,guerres-batailles,Guerres et batailles,201,EVT-0821,Ouverture de la conférence de Potsdam,17 juillet 1945,5,1,DAY,,HIGH,GENERAL_CULTURE_V1
COL-0069,guerres-batailles,Guerres et batailles,202,EVT-0520,Bombardement atomique d’Hiroshima,6 août 1945,5,1,DAY,,HIGH,SCHOOL
COL-0069,guerres-batailles,Guerres et batailles,203,EVT-0521,Bombardement atomique de Nagasaki,9 août 1945,5,1,DAY,,HIGH,SCHOOL
COL-0069,guerres-batailles,Guerres et batailles,204,EVT-0102,Capitulation japonaise signée ; fin conventionnelle mondiale du conflit,2 septembre 1945,4,3,DAY,,HIGH,SCHOOL
COL-0069,guerres-batailles,Guerres et batailles,205,EVT-0250,début conventionnel de la guerre d’Indochine,19 décembre 1946,4,3,DAY,,HIGH,SCHOOL
COL-0069,guerres-batailles,Guerres et batailles,206,EVT-0110,Discours de Truman devant le Congrès présentant la doctrine Truman,12 mars 1947,4,3,DAY,,HIGH,SCHOOL
COL-0069,guerres-batailles,Guerres et batailles,207,EVT-0359,Guerre froide,"12 mars 1947 - 26 décembre 1991, périodisation conventionnelle",5,2,RANGE,,HIGH,SCHOOL
COL-0069,guerres-batailles,Guerres et batailles,208,EVT-0298,Proclamation de l’État d’Israël,14 mai 1948,5,2,DAY,,HIGH,SCHOOL
COL-0069,guerres-batailles,Guerres et batailles,209,EVT-0111,Début du blocus de Berlin,24 juin 1948,4,3,DAY,,HIGH,SCHOOL
COL-0069,guerres-batailles,Guerres et batailles,210,EVT-0112,Fin du blocus de Berlin,12 mai 1949,3,4,DAY,,HIGH,SCHOOL
COL-0069,guerres-batailles,Guerres et batailles,211,EVT-0866,Signature des Conventions de Genève de 1949,12 août 1949,5,1,DAY,,HIGH,GENERAL_CULTURE_V1
COL-0069,guerres-batailles,Guerres et batailles,212,EVT-0275,Début de la guerre de Corée,25 juin 1950,4,3,DAY,,HIGH,SCHOOL
COL-0069,guerres-batailles,Guerres et batailles,213,EVT-0950,Signature du traité de paix de San Francisco avec le Japon,8 septembre 1951,4,2,DAY,,HIGH,GENERAL_CULTURE_V1
COL-0069,guerres-batailles,Guerres et batailles,214,EVT-0869,Premier essai réussi d’une bombe thermonucléaire américaine,1 novembre 1952,5,1,DAY,,HIGH,GENERAL_CULTURE_V1
COL-0069,guerres-batailles,Guerres et batailles,215,EVT-0276,Armistice de Corée,27 juillet 1953,3,3,DAY,,HIGH,SCHOOL
COL-0069,guerres-batailles,Guerres et batailles,216,EVT-0873,Armistice de Panmunjom mettant fin aux combats de la guerre de Corée,27 juillet 1953,5,1,DAY,,HIGH,GENERAL_CULTURE_V1
COL-0069,guerres-batailles,Guerres et batailles,217,EVT-0251,Bataille de Diên Biên Phu,13 mars - 7 mai 1954,4,3,RANGE,,HIGH,SCHOOL
COL-0069,guerres-batailles,Guerres et batailles,218,EVT-0252,chute du camp de Diên Biên Phu,7 mai 1954,4,3,DAY,,HIGH,SCHOOL
COL-0069,guerres-batailles,Guerres et batailles,219,EVT-0253,accord de cessation des hostilités au Vietnam signé à Genève,20 juillet 1954,2,3,DAY,,HIGH,SCHOOL
COL-0069,guerres-batailles,Guerres et batailles,220,EVT-0254,accords de Genève / clôture conventionnelle,21 juillet 1954,2,3,DAY,,HIGH,SCHOOL
COL-0069,guerres-batailles,Guerres et batailles,221,EVT-0255,entrée en vigueur de l’accord de cessez-le-feu au Vietnam,22 juillet 1954 à 24 h (heure de Genève),2,4,DAY,,HIGH,SCHOOL
COL-0069,guerres-batailles,Guerres et batailles,222,EVT-0530,Début de la guerre d’Algérie,1er novembre 1954,5,2,DAY,,HIGH,SCHOOL
COL-0069,guerres-batailles,Guerres et batailles,223,EVT-0532,Débarquement de la baie des Cochons,17-20 avril 1961,3,3,RANGE,,HIGH,SCHOOL
COL-0069,guerres-batailles,Guerres et batailles,224,EVT-0113,Construction / fermeture de la frontière par le mur de Berlin,13 août 1961,5,2,DAY,,HIGH,SCHOOL
COL-0069,guerres-batailles,Guerres et batailles,225,EVT-0120,Signature des accords d'Évian,18 mars 1962,4,2,DAY,,HIGH,SCHOOL
COL-0069,guerres-batailles,Guerres et batailles,226,EVT-0121,Entrée en vigueur du cessez-le-feu prévu par les accords d’Évian,19 mars 1962,3,4,DAY,,HIGH,SCHOOL
COL-0069,guerres-batailles,Guerres et batailles,227,EVT-0122,Référendum d'autodétermination en Algérie,1er juillet 1962,4,2,DAY,,HIGH,SCHOOL
COL-0069,guerres-batailles,Guerres et batailles,228,EVT-0123,Reconnaissance de l'indépendance par la France / transfert de souveraineté,3 juillet 1962,3,4,DAY,,HIGH,SCHOOL
COL-0069,guerres-batailles,Guerres et batailles,229,EVT-0124,Proclamation officielle / fête de l'indépendance algérienne,5 juillet 1962,4,2,DAY,,HIGH,SCHOOL
COL-0069,guerres-batailles,Guerres et batailles,230,EVT-0883,Signature du traité d’interdiction partielle des essais nucléaires,5 août 1963,5,1,DAY,,HIGH,GENERAL_CULTURE_V1
COL-0069,guerres-batailles,Guerres et batailles,231,EVT-0889,Début de la guerre des Six Jours,5 juin 1967,5,1,DAY,,HIGH,GENERAL_CULTURE_V1
COL-0069,guerres-batailles,Guerres et batailles,232,EVT-0891,Début de l’offensive du Têt,30 janvier 1968,5,1,DAY,,HIGH,GENERAL_CULTURE_V1
COL-0069,guerres-batailles,Guerres et batailles,233,EVT-0904,Début de la guerre du Kippour,6 octobre 1973,5,1,DAY,,HIGH,GENERAL_CULTURE_V1
COL-0069,guerres-batailles,Guerres et batailles,234,EVT-0908,Chute de Saïgon,30 avril 1975,5,1,DAY,,HIGH,GENERAL_CULTURE_V1
COL-0069,guerres-batailles,Guerres et batailles,235,EVT-0543,Début formel de l’invasion soviétique de l’Afghanistan,25 décembre 1979,3,3,DAY,,HIGH,SCHOOL
COL-0069,guerres-batailles,Guerres et batailles,236,EVT-0915,Début de la guerre Iran-Irak,22 septembre 1980,5,1,DAY,,HIGH,GENERAL_CULTURE_V1
COL-0069,guerres-batailles,Guerres et batailles,237,EVT-0918,Début de la guerre des Malouines,2 avril 1982,5,1,DAY,,HIGH,GENERAL_CULTURE_V1
COL-0069,guerres-batailles,Guerres et batailles,238,EVT-0975,Début de l’invasion israélienne du Liban,6 juin 1982,4,2,DAY,,HIGH,GENERAL_CULTURE_V1
COL-0069,guerres-batailles,Guerres et batailles,239,EVT-0977,Annonce de l’Initiative de défense stratégique par Ronald Reagan,23 mars 1983,4,2,DAY,,HIGH,GENERAL_CULTURE_V1
COL-0069,guerres-batailles,Guerres et batailles,240,EVT-1639,Entrée en vigueur du cessez-le-feu mettant fin à la guerre Iran-Irak,20 août 1988,4,3,DAY,,HIGH,GENERAL_CULTURE_V2
COL-0069,guerres-batailles,Guerres et batailles,241,EVT-0114,Ouverture du mur de Berlin,9 novembre 1989,5,2,DAY,,HIGH,SCHOOL
COL-0069,guerres-batailles,Guerres et batailles,242,EVT-0299,Invasion du Koweït par l’Irak,2 août 1990,3,3,DAY,,HIGH,SCHOOL
COL-0069,guerres-batailles,Guerres et batailles,243,EVT-0300,Début des opérations militaires de la coalition contre l’Irak,16 janvier 1991 selon la chronologie de l’Office of the Historian,3,3,DAY,,HIGH,SCHOOL
COL-0069,guerres-batailles,Guerres et batailles,244,EVT-0929,Début de l’opération Tempête du désert,17 janvier 1991,5,1,DAY,,HIGH,GENERAL_CULTURE_V1
COL-0069,guerres-batailles,Guerres et batailles,245,EVT-0301,Fin de la campagne militaire principale de la coalition,28 février 1991,3,3,DAY,,HIGH,SCHOOL
COL-0069,guerres-batailles,Guerres et batailles,246,EVT-0115,Disparition de l'URSS,26 décembre 1991 — dissolution formelle de l’URSS,5,2,DAY,,HIGH,SCHOOL
COL-0069,guerres-batailles,Guerres et batailles,247,EVT-0931,Reconnaissance internationale de la Bosnie-Herzégovine et début de la guerre de Bosnie,6 avril 1992,5,1,DAY,,HIGH,GENERAL_CULTURE_V1
COL-0069,guerres-batailles,Guerres et batailles,248,EVT-0935,Début du massacre de Srebrenica,11 juillet 1995,5,1,DAY,,HIGH,GENERAL_CULTURE_V1
COL-0069,guerres-batailles,Guerres et batailles,249,EVT-0936,Signature des accords de Dayton à Paris,14 décembre 1995,5,1,DAY,,HIGH,GENERAL_CULTURE_V1
COL-0069,guerres-batailles,Guerres et batailles,250,EVT-0938,Prise de Kaboul par les talibans,27 septembre 1996,5,1,DAY,,HIGH,GENERAL_CULTURE_V1
COL-0069,guerres-batailles,Guerres et batailles,251,EVT-0296,Début du premier mandat de Kofi Annan comme secrétaire général de l’ONU,1er janvier 1997,4,3,DAY,,HIGH,SCHOOL
COL-0069,guerres-batailles,Guerres et batailles,252,EVT-0945,Début de l’intervention de l’OTAN au Kosovo,24 mars 1999,5,1,DAY,,HIGH,GENERAL_CULTURE_V1
COL-0069,guerres-batailles,Guerres et batailles,253,EVT-0981,Début de l’intervention militaire américaine en Afghanistan,7 octobre 2001,5,1,DAY,,HIGH,GENERAL_CULTURE_V1
COL-0069,guerres-batailles,Guerres et batailles,254,EVT-0302,Début de l’invasion de l’Irak par la coalition de 2003,20 mars 2003,3,3,DAY,,HIGH,SCHOOL
COL-0069,guerres-batailles,Guerres et batailles,255,EVT-0984,Début de la guerre d’Irak,20 mars 2003,5,1,DAY,,HIGH,GENERAL_CULTURE_V1
COL-0069,guerres-batailles,Guerres et batailles,256,EVT-0297,Fin du second mandat de Kofi Annan,31 décembre 2006,3,4,DAY,,HIGH,SCHOOL
COL-0069,guerres-batailles,Guerres et batailles,257,EVT-1021,Prise de Kaboul par les talibans,15 août 2021,5,1,DAY,,HIGH,GENERAL_CULTURE_V1
COL-0069,guerres-batailles,Guerres et batailles,258,EVT-1023,Début de l’invasion à grande échelle de l’Ukraine par la Russie,24 février 2022,5,1,DAY,,HIGH,GENERAL_CULTURE_V1
COL-0069,guerres-batailles,Guerres et batailles,259,EVT-1026,Attaque du Hamas contre Israël et début de la guerre Israël-Hamas,7 octobre 2023,5,1,DAY,,HIGH,GENERAL_CULTURE_V1
COL-0070,espace,Espace,1,EVT-0622,Galilée observe les principaux satellites de Jupiter,7 janvier 1610,5,1,DAY,,HIGH,GENERAL_CULTURE_V1
COL-0070,espace,Espace,2,EVT-0677,Découverte d’Uranus par William Herschel,13 mars 1781,4,2,DAY,,HIGH,GENERAL_CULTURE_V1
COL-0070,espace,Espace,3,EVT-0729,Découverte de Cérès par Giuseppe Piazzi,1 janvier 1801,4,2,DAY,,HIGH,GENERAL_CULTURE_V1
COL-0070,espace,Espace,4,EVT-0696,Observation de Neptune confirmant sa découverte,23 septembre 1846,5,1,DAY,,HIGH,GENERAL_CULTURE_V1
COL-0070,espace,Espace,5,EVT-0805,Découverte de Pluton par Clyde Tombaugh,18 février 1930,5,1,DAY,,HIGH,GENERAL_CULTURE_V1
COL-0070,espace,Espace,6,EVT-0286,Lancement de Spoutnik 1,4 octobre 1957,5,2,DAY,,HIGH,SCHOOL
COL-0070,espace,Espace,7,EVT-0879,Signature du National Aeronautics and Space Act créant la NASA,29 juillet 1958,5,1,DAY,,HIGH,GENERAL_CULTURE_V1
COL-0070,espace,Espace,8,EVT-0287,"Premier vol spatial humain, Youri Gagarine / Vostok 1",12 avril 1961,5,2,DAY,,HIGH,SCHOOL
COL-0070,espace,Espace,9,EVT-0288,Lancement d’Apollo 11,16 juillet 1969,5,2,DAY,,HIGH,SCHOOL
COL-0070,espace,Espace,10,EVT-0289,Alunissage d’Apollo 11,20 juillet 1969,5,2,DAY,,HIGH,SCHOOL
COL-0070,espace,Espace,11,EVT-0893,Premiers pas humains sur la Lune lors d’Apollo 11,20 juillet 1969,5,1,DAY,,HIGH,GENERAL_CULTURE_V1
COL-0070,espace,Espace,12,EVT-0969,Atterrissage de Viking 1 sur Mars,20 juillet 1976,4,2,DAY,,HIGH,GENERAL_CULTURE_V1
COL-0070,espace,Espace,13,EVT-0912,Lancement de Voyager 1,5 septembre 1977,5,1,DAY,,HIGH,GENERAL_CULTURE_V1
COL-0070,espace,Espace,14,EVT-0916,Premier vol de la navette spatiale américaine Columbia,12 avril 1981,5,1,DAY,,HIGH,GENERAL_CULTURE_V1
COL-0070,espace,Espace,15,EVT-0924,Explosion de la navette Challenger,28 janvier 1986,5,1,DAY,,HIGH,GENERAL_CULTURE_V1
COL-0070,espace,Espace,16,EVT-0290,"Premier module de l’ISS, Zarya, mis en orbite",20 novembre 1998,4,3,DAY,,HIGH,SCHOOL
COL-0070,espace,Espace,17,EVT-0291,Début de l’occupation humaine continue de l’ISS,2 novembre 2000,4,3,DAY,,HIGH,SCHOOL
COL-0070,espace,Espace,18,EVT-1798,Désintégration de la navette Columbia,1 février 2003,4,3,DAY,,HIGH,GENERAL_CULTURE_V2
COL-0070,espace,Espace,19,EVT-1829,Pluton reclassée comme planète naine par l’Union astronomique internationale,24 août 2006,4,3,DAY,,HIGH,GENERAL_CULTURE_V2
COL-0070,espace,Espace,20,EVT-1900,Atterrissage du rover Curiosity sur Mars,6 août 2012,4,3,DAY,,HIGH,GENERAL_CULTURE_V2
COL-0070,espace,Espace,21,EVT-1910,Lancement de la mission indienne Mars Orbiter Mission,5 novembre 2013,3,3,DAY,,HIGH,GENERAL_CULTURE_V2
COL-0070,espace,Espace,22,EVT-1013,Publication de la première image d’un trou noir,10 avril 2019,5,1,DAY,,HIGH,GENERAL_CULTURE_V1
COL-0070,espace,Espace,23,EVT-1022,Lancement du télescope spatial James-Webb,25 décembre 2021,5,1,DAY,,HIGH,GENERAL_CULTURE_V1
COL-0070,espace,Espace,24,EVT-1025,Alunissage de Chandrayaan-3 près du pôle Sud lunaire,23 août 2023,5,1,DAY,,HIGH,GENERAL_CULTURE_V1
COL-0071,sciences,Sciences,1,EVT-0420,Publication de De revolutionibus de Copernic,1543,3,4,YEAR,,HIGH,SCHOOL
COL-0071,sciences,Sciences,2,EVT-0648,Entrée en vigueur initiale du calendrier grégorien,15 octobre 1582,4,2,DAY,,HIGH,GENERAL_CULTURE_V1
COL-0071,sciences,Sciences,3,EVT-0654,Publication de l’Astronomia nova de Kepler,1609,4,2,YEAR,,HIGH,GENERAL_CULTURE_V1
COL-0071,sciences,Sciences,4,EVT-0622,Galilée observe les principaux satellites de Jupiter,7 janvier 1610,5,1,DAY,,HIGH,GENERAL_CULTURE_V1
COL-0071,sciences,Sciences,5,EVT-0162,observations télescopiques et publication du *Sidereus Nuncius*,mars 1610 pour la publication,2,3,MONTH,,HIGH,SCHOOL
COL-0071,sciences,Sciences,6,EVT-0624,Publication du traité de William Harvey sur la circulation du sang,1628,5,1,YEAR,,HIGH,GENERAL_CULTURE_V1
COL-0071,sciences,Sciences,7,EVT-0656,Publication du Dialogue sur les deux grands systèmes du monde de Galilée,1632,4,2,YEAR,,HIGH,GENERAL_CULTURE_V1
COL-0071,sciences,Sciences,8,EVT-1095,Procès de Galilée par l’Inquisition,1633,5,2,YEAR,,HIGH,GENERAL_CULTURE_V2
COL-0071,sciences,Sciences,9,EVT-0163,condamnation par le Saint-Office,22 juin 1633,2,3,DAY,,HIGH,SCHOOL
COL-0071,sciences,Sciences,10,EVT-0625,Publication du Discours de la méthode de Descartes,8 juin 1637,5,1,DAY,,HIGH,GENERAL_CULTURE_V1
COL-0071,sciences,Sciences,11,EVT-0661,Publication de Micrographia de Robert Hooke,1665,4,2,YEAR,,HIGH,GENERAL_CULTURE_V1
COL-0071,sciences,Sciences,12,EVT-0662,Antonie van Leeuwenhoek observe des micro-organismes,1676,4,2,YEAR,,HIGH,GENERAL_CULTURE_V1
COL-0071,sciences,Sciences,13,EVT-0668,Publication de la première édition de Systema Naturae de Linné,1735,4,2,YEAR,,HIGH,GENERAL_CULTURE_V1
COL-0071,sciences,Sciences,14,EVT-0671,Expérience du cerf-volant attribuée à Benjamin Franklin,juin 1752,4,2,MONTH,,HIGH,GENERAL_CULTURE_V1
COL-0071,sciences,Sciences,15,EVT-0165,publication posthume de sa traduction commentée des *Principia* de Newton,1759,2,3,YEAR,,HIGH,SCHOOL
COL-0071,sciences,Sciences,16,EVT-0677,Découverte d’Uranus par William Herschel,13 mars 1781,4,2,DAY,,HIGH,GENERAL_CULTURE_V1
COL-0071,sciences,Sciences,17,EVT-0633,Premier vol habité libre en montgolfière,21 novembre 1783,5,1,DAY,,HIGH,GENERAL_CULTURE_V1
COL-0071,sciences,Sciences,18,EVT-1111,Première vaccination antivariolique de Jenner,1796,5,2,YEAR,,HIGH,GENERAL_CULTURE_V2
COL-0071,sciences,Sciences,19,EVT-0636,Première vaccination contre la variole par Edward Jenner,14 mai 1796,5,1,DAY,,HIGH,GENERAL_CULTURE_V1
COL-0071,sciences,Sciences,20,EVT-0729,Découverte de Cérès par Giuseppe Piazzi,1 janvier 1801,4,2,DAY,,HIGH,GENERAL_CULTURE_V1
COL-0071,sciences,Sciences,21,EVT-0740,Départ du HMS Beagle avec Charles Darwin,27 décembre 1831,4,2,DAY,,HIGH,GENERAL_CULTURE_V1
COL-0071,sciences,Sciences,22,EVT-0696,Observation de Neptune confirmant sa découverte,23 septembre 1846,5,1,DAY,,HIGH,GENERAL_CULTURE_V1
COL-0071,sciences,Sciences,23,EVT-0700,Publication de L’Origine des espèces de Charles Darwin,24 novembre 1859,5,1,DAY,,HIGH,GENERAL_CULTURE_V1
COL-0071,sciences,Sciences,24,EVT-0704,Publication des travaux de Gregor Mendel sur l’hérédité,1866,5,1,YEAR,,HIGH,GENERAL_CULTURE_V1
COL-0071,sciences,Sciences,25,EVT-0710,Présentation du tableau périodique de Mendeleïev,6 mars 1869,5,1,DAY,,HIGH,GENERAL_CULTURE_V1
COL-0071,sciences,Sciences,26,EVT-1160,Invention pratique du téléphone par Alexander Graham Bell,1876,5,2,YEAR,,HIGH,GENERAL_CULTURE_V2
COL-0071,sciences,Sciences,27,EVT-0717,Première vaccination humaine contre la rage par Pasteur,6 juillet 1885,5,1,DAY,,HIGH,GENERAL_CULTURE_V1
COL-0071,sciences,Sciences,28,EVT-0767,Expérience de Michelson-Morley,1887,4,2,YEAR,,HIGH,GENERAL_CULTURE_V1
COL-0071,sciences,Sciences,29,EVT-0722,Découverte des rayons X par Wilhelm Röntgen,8 novembre 1895,5,1,DAY,,HIGH,GENERAL_CULTURE_V1
COL-0071,sciences,Sciences,30,EVT-0322,Premières communications de Becquerel sur les rayonnements de l’uranium,24 février - 23 mars 1896,4,3,RANGE,,HIGH,SCHOOL
COL-0071,sciences,Sciences,31,EVT-0323,Communication de Becquerel sur les radiations invisibles des sels d’uranium,23 mars 1896,3,4,DAY,,HIGH,SCHOOL
COL-0071,sciences,Sciences,32,EVT-0725,Découverte de l’électron par J. J. Thomson,1897,5,1,YEAR,,HIGH,GENERAL_CULTURE_V1
COL-0071,sciences,Sciences,33,EVT-0324,Découverte/annonce du polonium par Marie et Pierre Curie,juillet 1898,4,3,MONTH,,HIGH,SCHOOL
COL-0071,sciences,Sciences,34,EVT-0325,Découverte/annonce du radium par Marie et Pierre Curie,décembre 1898,4,3,MONTH,,HIGH,SCHOOL
COL-0071,sciences,Sciences,35,EVT-1035,Publication de L’Interprétation du rêve de Sigmund Freud,4 novembre 1899 (ouvrage daté 1900),4,2,MONTH,,HIGH,GENERAL_CULTURE_V1
COL-0071,sciences,Sciences,36,EVT-0727,Présentation de l’hypothèse des quanta par Max Planck,14 décembre 1900,5,1,DAY,,HIGH,GENERAL_CULTURE_V1
COL-0071,sciences,Sciences,37,EVT-0776,Première cérémonie des prix Nobel,10 décembre 1901,5,1,DAY,,HIGH,GENERAL_CULTURE_V1
COL-0071,sciences,Sciences,38,EVT-0779,Année miraculeuse d’Albert Einstein,1905,5,1,YEAR,,HIGH,GENERAL_CULTURE_V1
COL-0071,sciences,Sciences,39,EVT-0836,Événement de la Toungouska,30 juin 1908,4,2,DAY,,HIGH,GENERAL_CULTURE_V1
COL-0071,sciences,Sciences,40,EVT-1236,Ouverture du procès Scopes sur l’enseignement de l’évolution,21 juillet 1925,3,3,DAY,,HIGH,GENERAL_CULTURE_V2
COL-0071,sciences,Sciences,41,EVT-0804,Découverte de la pénicilline par Alexander Fleming,28 septembre 1928,5,1,DAY,,HIGH,GENERAL_CULTURE_V1
COL-0071,sciences,Sciences,42,EVT-0805,Découverte de Pluton par Clyde Tombaugh,18 février 1930,5,1,DAY,,HIGH,GENERAL_CULTURE_V1
COL-0071,sciences,Sciences,43,EVT-0814,Lancement officiel du projet Manhattan,13 août 1942,5,1,DAY,,HIGH,GENERAL_CULTURE_V1
COL-0071,sciences,Sciences,44,EVT-0815,Première réaction nucléaire en chaîne auto-entretenue à Chicago,2 décembre 1942,5,1,DAY,,HIGH,GENERAL_CULTURE_V1
COL-0071,sciences,Sciences,45,EVT-1040,Publication de travaux établissant le rôle de l’ADN comme support de l’hérédité,1 février 1944,4,2,DAY,,HIGH,GENERAL_CULTURE_V1
COL-0071,sciences,Sciences,46,EVT-0869,Premier essai réussi d’une bombe thermonucléaire américaine,1 novembre 1952,5,1,DAY,,HIGH,GENERAL_CULTURE_V1
COL-0071,sciences,Sciences,47,EVT-0871,Publication de la structure en double hélice de l’ADN par Watson et Crick,25 avril 1953,5,1,DAY,,HIGH,GENERAL_CULTURE_V1
COL-0071,sciences,Sciences,48,EVT-0879,Signature du National Aeronautics and Space Act créant la NASA,29 juillet 1958,5,1,DAY,,HIGH,GENERAL_CULTURE_V1
COL-0071,sciences,Sciences,49,EVT-0890,Première transplantation cardiaque humaine réussie,3 décembre 1967,5,1,DAY,,HIGH,GENERAL_CULTURE_V1
COL-0071,sciences,Sciences,50,EVT-0893,Premiers pas humains sur la Lune lors d’Apollo 11,20 juillet 1969,5,1,DAY,,HIGH,GENERAL_CULTURE_V1
COL-0071,sciences,Sciences,51,EVT-0899,Annonce commerciale du microprocesseur Intel 4004,15 novembre 1971,5,1,DAY,,HIGH,GENERAL_CULTURE_V1
COL-0071,sciences,Sciences,52,EVT-0969,Atterrissage de Viking 1 sur Mars,20 juillet 1976,4,2,DAY,,HIGH,GENERAL_CULTURE_V1
COL-0071,sciences,Sciences,53,EVT-0912,Lancement de Voyager 1,5 septembre 1977,5,1,DAY,,HIGH,GENERAL_CULTURE_V1
COL-0071,sciences,Sciences,54,EVT-0913,"Naissance de Louise Brown, premier bébé conçu par fécondation in vitro",25 juillet 1978,5,1,DAY,,HIGH,GENERAL_CULTURE_V1
COL-0071,sciences,Sciences,55,EVT-0971,Accident nucléaire de Three Mile Island,28 mars 1979,4,2,DAY,,HIGH,GENERAL_CULTURE_V1
COL-0071,sciences,Sciences,56,EVT-0916,Premier vol de la navette spatiale américaine Columbia,12 avril 1981,5,1,DAY,,HIGH,GENERAL_CULTURE_V1
COL-0071,sciences,Sciences,57,EVT-0924,Explosion de la navette Challenger,28 janvier 1986,5,1,DAY,,HIGH,GENERAL_CULTURE_V1
COL-0071,sciences,Sciences,58,EVT-0937,"Naissance de Dolly, première brebis clonée à partir d’une cellule somatique adulte",5 juillet 1996,5,1,DAY,,HIGH,GENERAL_CULTURE_V1
COL-0071,sciences,Sciences,59,EVT-0978,Annonce de la première ébauche du génome humain,26 juin 2000,5,1,DAY,,HIGH,GENERAL_CULTURE_V1
COL-0071,sciences,Sciences,60,EVT-1798,Désintégration de la navette Columbia,1 février 2003,4,3,DAY,,HIGH,GENERAL_CULTURE_V2
COL-0071,sciences,Sciences,61,EVT-0985,Annonce de l’achèvement du Projet génome humain,14 avril 2003,5,1,DAY,,HIGH,GENERAL_CULTURE_V1
COL-0071,sciences,Sciences,62,EVT-1829,Pluton reclassée comme planète naine par l’Union astronomique internationale,24 août 2006,4,3,DAY,,HIGH,GENERAL_CULTURE_V2
COL-0071,sciences,Sciences,63,EVT-0998,Séisme et accident nucléaire de Fukushima,11 mars 2011,5,1,DAY,,HIGH,GENERAL_CULTURE_V1
COL-0071,sciences,Sciences,64,EVT-1001,Annonce de la découverte d’une particule compatible avec le boson de Higgs,4 juillet 2012,5,1,DAY,,HIGH,GENERAL_CULTURE_V1
COL-0071,sciences,Sciences,65,EVT-1900,Atterrissage du rover Curiosity sur Mars,6 août 2012,4,3,DAY,,HIGH,GENERAL_CULTURE_V2
COL-0071,sciences,Sciences,66,EVT-1910,Lancement de la mission indienne Mars Orbiter Mission,5 novembre 2013,3,3,DAY,,HIGH,GENERAL_CULTURE_V2
COL-0071,sciences,Sciences,67,EVT-1007,Première détection directe d’ondes gravitationnelles par LIGO,14 septembre 2015,5,1,DAY,,HIGH,GENERAL_CULTURE_V1
COL-0071,sciences,Sciences,68,EVT-1013,Publication de la première image d’un trou noir,10 avril 2019,5,1,DAY,,HIGH,GENERAL_CULTURE_V1
COL-0071,sciences,Sciences,69,EVT-1019,Première autorisation d’un vaccin à ARNm contre la Covid-19 au Royaume-Uni,2 décembre 2020,5,1,DAY,,HIGH,GENERAL_CULTURE_V1
COL-0071,sciences,Sciences,70,EVT-1022,Lancement du télescope spatial James-Webb,25 décembre 2021,5,1,DAY,,HIGH,GENERAL_CULTURE_V1
COL-0071,sciences,Sciences,71,EVT-1025,Alunissage de Chandrayaan-3 près du pôle Sud lunaire,23 août 2023,5,1,DAY,,HIGH,GENERAL_CULTURE_V1
COL-0072,religions,Religions,1,EVT-1043,Début du règne d’Akhenaton et révolution religieuse d’Amarna,1353 av. J.-C.,3,4,YEAR,,HIGH,GENERAL_CULTURE_V2
COL-0072,religions,Religions,2,EVT-1065,Début de la persécution de Dèce contre les chrétiens,250,3,4,YEAR,,HIGH,GENERAL_CULTURE_V2
COL-0072,religions,Religions,3,EVT-0565,Bataille du pont Milvius,28 octobre 312,4,3,DAY,,HIGH,GENERAL_CULTURE_V1
COL-0072,religions,Religions,4,EVT-1066,Accord de Milan sur la liberté de culte dans l’Empire romain,313,4,3,YEAR,,HIGH,GENERAL_CULTURE_V2
COL-0072,religions,Religions,5,EVT-0388,Accord traditionnellement appelé « édit de Milan »,février 313 — accord de Milan ; 13 juin 313 — circulaire de Licinius affichée à Nicomédie,5,2,MONTH,,HIGH,SCHOOL
COL-0072,religions,Religions,6,EVT-0037,Concile de Nicée,325 apr. J.-C.,4,2,YEAR,,HIGH,SCHOOL
COL-0072,religions,Religions,7,EVT-0039,Édit de Thessalonique,27 février 380,2,3,DAY,,HIGH,SCHOOL
COL-0072,religions,Religions,8,EVT-0389,Concile d’Éphèse,22 juin-31 juillet 431,3,3,RANGE,,HIGH,SCHOOL
COL-0072,religions,Religions,9,EVT-0391,Concile de Chalcédoine,8 octobre-1er novembre 451,3,3,RANGE,,HIGH,SCHOOL
COL-0072,religions,Religions,10,EVT-0327,Moyen Âge,bornes scolaires conventionnelles ; ne pas présenter comme limites universelles absolues [repère scolaire: 476-1492],4,3,RANGE,,HIGH,SCHOOL
COL-0072,religions,Religions,11,EVT-0047,Règne de Justinien Ier,1er avril 527 - 15 novembre 565,4,3,RANGE,,HIGH,SCHOOL
COL-0072,religions,Religions,12,EVT-0581,Dédicace de la basilique Sainte-Sophie de Constantinople,27 décembre 537,4,3,DAY,,HIGH,GENERAL_CULTURE_V1
COL-0072,religions,Religions,13,EVT-0583,Naissance traditionnelle de Mahomet à La Mecque,570,4,3,YEAR,,HIGH,GENERAL_CULTURE_V1
COL-0072,religions,Religions,14,EVT-0042,"Hégire, migration de Muhammad et de ses compagnons de La Mecque vers Médine","622, date exacte du déplacement à traiter séparément de l'époque calendaire",4,2,YEAR,,HIGH,SCHOOL
COL-0072,religions,Religions,15,EVT-0043,Début conventionnel de l'ère du calendrier hégirien,"16 juillet 622 (calendrier julien) pour 1 Muharram 1 AH, convention calendaire",2,3,DAY,,HIGH,SCHOOL
COL-0072,religions,Religions,16,EVT-0577,Mort de Mahomet à Médine,8 juin 632,5,2,DAY,,HIGH,GENERAL_CULTURE_V1
COL-0072,religions,Religions,17,EVT-0585,Établissement du califat omeyyade,661,4,3,YEAR,,HIGH,GENERAL_CULTURE_V1
COL-0072,religions,Religions,18,EVT-0578,Début de la conquête musulmane de la péninsule Ibérique,711,5,2,YEAR,,HIGH,GENERAL_CULTURE_V1
COL-0072,religions,Religions,19,EVT-0586,Révolution abbasside et chute des Omeyyades,750,4,3,YEAR,,HIGH,GENERAL_CULTURE_V1
COL-0072,religions,Religions,20,EVT-0588,Raid viking contre le monastère de Lindisfarne,8 juin 793,4,3,DAY,,HIGH,GENERAL_CULTURE_V1
COL-0072,religions,Religions,21,EVT-0044,Couronnement impérial de Charlemagne à Rome,25 décembre 800,5,2,DAY,,HIGH,SCHOOL
COL-0072,religions,Religions,22,EVT-0048,Traité de Verdun,août 843 ; jour exact incertain,4,3,MONTH,,HIGH,SCHOOL
COL-0072,religions,Religions,23,EVT-0052,Sacre d'Hugues Capet,"987, jour exact historiographiquement discuté",4,3,YEAR,,HIGH,SCHOOL
COL-0072,religions,Religions,24,EVT-1078,Grand schisme entre les Églises d’Orient et d’Occident,1054,5,2,YEAR,,HIGH,GENERAL_CULTURE_V2
COL-0072,religions,Religions,25,EVT-0045,Échange de sentences d'excommunication entre les légats romains et le patriarcat de Constantinople,"juillet 1054, séquence de plusieurs actes",3,3,MONTH,,HIGH,SCHOOL
COL-0072,religions,Religions,26,EVT-0399,Appel à la première croisade au concile de Clermont,27 novembre 1095,4,3,DAY,,HIGH,SCHOOL
COL-0072,religions,Religions,27,EVT-0049,Prise de Jérusalem par les croisés,15 juillet 1099 ; siège 7 juin-15 juillet,4,3,DAY,,HIGH,SCHOOL
COL-0072,religions,Religions,28,EVT-0590,Concordat de Worms,23 septembre 1122,4,3,DAY,,HIGH,GENERAL_CULTURE_V1
COL-0072,religions,Religions,29,EVT-0140,prédication de la deuxième croisade à Vézelay,31 mars 1146,2,3,DAY,,HIGH,SCHOOL
COL-0072,religions,Religions,30,EVT-0141,campagne principale,1147-1149,2,3,RANGE,,HIGH,SCHOOL
COL-0072,religions,Religions,31,EVT-1079,Début de la deuxième croisade,1147,3,4,YEAR,,HIGH,GENERAL_CULTURE_V2
COL-0072,religions,Religions,32,EVT-0591,Assassinat de Thomas Becket dans la cathédrale de Cantorbéry,29 décembre 1170,4,3,DAY,,HIGH,GENERAL_CULTURE_V1
COL-0072,religions,Religions,33,EVT-0057,Début du règne de Philippe Auguste,1180,4,3,YEAR,,HIGH,SCHOOL
COL-0072,religions,Religions,34,EVT-0592,Bataille de Hattin,4 juillet 1187,4,3,DAY,,HIGH,GENERAL_CULTURE_V1
COL-0072,religions,Religions,35,EVT-0579,Saladin reprend Jérusalem,2 octobre 1187,5,2,DAY,,HIGH,GENERAL_CULTURE_V1
COL-0072,religions,Religions,36,EVT-0608,Traité de Jaffa mettant fin à la troisième croisade,2 septembre 1192,3,4,DAY,,HIGH,GENERAL_CULTURE_V1
COL-0072,religions,Religions,37,EVT-0046,Prise et sac de Constantinople par la quatrième croisade,12 avril 1204 : prise de Constantinople ; sac dans les jours suivants,3,3,DAY,,HIGH,SCHOOL
COL-0072,religions,Religions,38,EVT-1080,Début de la croisade des Albigeois,1209,3,4,YEAR,,HIGH,GENERAL_CULTURE_V2
COL-0072,religions,Religions,39,EVT-0054,Bataille de Bouvines,27 juillet 1214,4,3,DAY,,HIGH,SCHOOL
COL-0072,religions,Religions,40,EVT-0402,Quatrième concile du Latran,11-30 novembre 1215,3,3,RANGE,,HIGH,SCHOOL
COL-0072,religions,Religions,41,EVT-0058,Règne de Louis IX,1226-1270,2,3,RANGE,,HIGH,SCHOOL
COL-0072,religions,Religions,42,EVT-0610,Bataille de Fariskur et capture de Louis IX,6 avril 1250,3,4,DAY,,HIGH,GENERAL_CULTURE_V1
COL-0072,religions,Religions,43,EVT-0051,Prise de Bagdad par les Mongols,10 février 1258 ; siège/bataille du 29 janvier au 10 février 1258,4,3,DAY,,HIGH,SCHOOL
COL-0072,religions,Religions,44,EVT-0595,"Chute d’Acre, dernier grand bastion croisé en Terre sainte",18 mai 1291,4,3,DAY,,HIGH,GENERAL_CULTURE_V1
COL-0072,religions,Religions,45,EVT-0059,Canonisation de Louis IX,1297,2,3,YEAR,,HIGH,SCHOOL
COL-0072,religions,Religions,46,EVT-0060,Premiers États généraux du royaume,1302,4,3,YEAR,,HIGH,SCHOOL
COL-0072,religions,Religions,47,EVT-0597,Arrestation des Templiers en France,13 octobre 1307,4,3,DAY,,HIGH,GENERAL_CULTURE_V1
COL-0072,religions,Religions,48,EVT-0598,Début de la papauté d’Avignon,1309,4,3,YEAR,,HIGH,GENERAL_CULTURE_V1
COL-0072,religions,Religions,49,EVT-0055,Guerre de Cent Ans,1337-1453,4,2,RANGE,,HIGH,SCHOOL
COL-0072,religions,Religions,50,EVT-0061,Grande peste / peste noire en Europe,1347/1348-1352 selon le périmètre,4,3,RANGE,,HIGH,SCHOOL
COL-0072,religions,Religions,51,EVT-0409,Début du Grand Schisme d’Occident,20 septembre 1378,3,3,DAY,,HIGH,SCHOOL
COL-0072,religions,Religions,52,EVT-0602,Exécution de Jan Hus à Constance,6 juillet 1415,4,3,DAY,,HIGH,GENERAL_CULTURE_V1
COL-0072,religions,Religions,53,EVT-0056,Bataille de Castillon,17 juillet 1453,2,3,DAY,,HIGH,SCHOOL
COL-0072,religions,Religions,54,EVT-0414,Impression de la Bible de Gutenberg,vers 1455,5,2,YEAR,,HIGH,SCHOOL
COL-0072,religions,Religions,55,EVT-0416,Création de l’Inquisition espagnole,1er novembre 1478,3,3,DAY,,HIGH,SCHOOL
COL-0072,religions,Religions,56,EVT-0639,Fondation de l’État safavide en Perse,1501,4,2,YEAR,,HIGH,GENERAL_CULTURE_V1
COL-0072,religions,Religions,57,EVT-1087,Ismaïl Ier fonde l’Empire safavide en Perse,1501,4,3,YEAR,,HIGH,GENERAL_CULTURE_V2
COL-0072,religions,Religions,58,EVT-0064,Diffusion conventionnelle des 95 thèses de Martin Luther,31 octobre 1517,5,2,DAY,,HIGH,SCHOOL
COL-0072,religions,Religions,59,EVT-0642,Début de la guerre des Paysans allemands,1524,4,2,YEAR,,HIGH,GENERAL_CULTURE_V1
COL-0072,religions,Religions,60,EVT-0644,Début du sac de Rome par les troupes impériales,6 mai 1527,4,2,DAY,,HIGH,GENERAL_CULTURE_V1
COL-0072,religions,Religions,61,EVT-0615,Acte de suprématie établissant Henri VIII à la tête de l’Église d’Angleterre,3 novembre 1534,5,1,DAY,,HIGH,GENERAL_CULTURE_V1
COL-0072,religions,Religions,62,EVT-0646,Publication de l’Institution de la religion chrétienne de Calvin,1536,4,2,YEAR,,HIGH,GENERAL_CULTURE_V1
COL-0072,religions,Religions,63,EVT-0072,Concile de Trente,1545-1563,4,3,RANGE,,HIGH,SCHOOL
COL-0072,religions,Religions,64,EVT-0144,controverse de Valladolid,1550-1551,2,3,RANGE,,HIGH,SCHOOL
COL-0072,religions,Religions,65,EVT-0421,Paix d’Augsbourg,25 septembre 1555,3,3,DAY,,HIGH,SCHOOL
COL-0072,religions,Religions,66,EVT-0073,Guerres de Religion en France,1562-1598,4,3,RANGE,,HIGH,SCHOOL
COL-0072,religions,Religions,67,EVT-0617,Massacre de Wassy et début des guerres de Religion en France,1 mars 1562,5,1,DAY,,HIGH,GENERAL_CULTURE_V1
COL-0072,religions,Religions,68,EVT-0647,Début du Grand Siège de Malte,18 mai 1565,4,2,DAY,,HIGH,GENERAL_CULTURE_V1
COL-0072,religions,Religions,69,EVT-0618,Bataille navale de Lépante,7 octobre 1571,5,1,DAY,,HIGH,GENERAL_CULTURE_V1
COL-0072,religions,Religions,70,EVT-0648,Entrée en vigueur initiale du calendrier grégorien,15 octobre 1582,4,2,DAY,,HIGH,GENERAL_CULTURE_V1
COL-0072,religions,Religions,71,EVT-0649,Exécution de Marie Stuart,8 février 1587,4,2,DAY,,HIGH,GENERAL_CULTURE_V1
COL-0072,religions,Religions,72,EVT-0065,Édit de Nantes,13 avril 1598,5,1,DAY,,HIGH,SCHOOL
COL-0072,religions,Religions,73,EVT-1092,Conspiration des Poudres à Londres,1605,4,3,YEAR,,HIGH,GENERAL_CULTURE_V2
COL-0072,religions,Religions,74,EVT-0653,Échec de la conspiration des Poudres,5 novembre 1605,4,2,DAY,,HIGH,GENERAL_CULTURE_V1
COL-0072,religions,Religions,75,EVT-0623,Défenestration de Prague et début de la guerre de Trente Ans,23 mai 1618,5,1,DAY,,HIGH,GENERAL_CULTURE_V1
COL-0072,religions,Religions,76,EVT-1095,Procès de Galilée par l’Inquisition,1633,5,2,YEAR,,HIGH,GENERAL_CULTURE_V2
COL-0072,religions,Religions,77,EVT-0163,condamnation par le Saint-Office,22 juin 1633,2,3,DAY,,HIGH,SCHOOL
COL-0072,religions,Religions,78,EVT-0076,Édit de Fontainebleau / révocation de l’édit de Nantes,18 octobre 1685,5,2,DAY,,HIGH,SCHOOL
COL-0072,religions,Religions,79,EVT-0663,Bataille de la Boyne,1er juillet 1690 (calendrier julien alors en usage ; 11 juillet grégorien),4,2,DAY,,HIGH,GENERAL_CULTURE_V1
COL-0072,religions,Religions,80,EVT-0739,Catholic Relief Act au Royaume-Uni,13 avril 1829,4,2,DAY,,HIGH,GENERAL_CULTURE_V1
COL-0072,religions,Religions,81,EVT-0771,Publication de l’encyclique Rerum novarum,15 mai 1891,4,2,DAY,,HIGH,GENERAL_CULTURE_V1
COL-0072,religions,Religions,82,EVT-0005,loi de séparation des Églises et de l’État,9 décembre 1905,4,2,DAY,,HIGH,SCHOOL
COL-0072,religions,Religions,83,EVT-0366,Abolition du califat en Turquie,3 mars 1924,4,3,DAY,,HIGH,SCHOOL
COL-0072,religions,Religions,84,EVT-1236,Ouverture du procès Scopes sur l’enseignement de l’évolution,21 juillet 1925,3,3,DAY,,HIGH,GENERAL_CULTURE_V2
COL-0072,religions,Religions,85,EVT-0854,Signature des accords du Latran créant l’État de la Cité du Vatican,11 février 1929,4,2,DAY,,HIGH,GENERAL_CULTURE_V1
COL-0072,religions,Religions,86,EVT-0882,Ouverture du concile Vatican II,11 octobre 1962,5,1,DAY,,HIGH,GENERAL_CULTURE_V1
COL-0072,religions,Religions,87,EVT-0309,Destructions de monuments historiques et religieux à Tombouctou visées dans l’affaire Al Mahdi,environ 30 juin - 11 juillet 2012,3,3,RANGE,,HIGH,SCHOOL
COL-0072,religions,Religions,88,EVT-1002,Élection du pape François,13 mars 2013,5,1,DAY,,HIGH,GENERAL_CULTURE_V1
COL-0072,religions,Religions,89,EVT-1005,Proclamation d’un « califat » par l’organisation État islamique,29 juin 2014,5,1,DAY,,HIGH,GENERAL_CULTURE_V1
COL-0072,religions,Religions,90,EVT-2016,Couronnement de Charles III,6 mai 2023,4,3,DAY,,HIGH,GENERAL_CULTURE_V2
COL-0073,droits-libertes,Droits et libertés,1,EVT-0023,Première date traditionnelle des Jeux olympiques antiques,776 av. J.-C.,4,3,YEAR,,HIGH,SCHOOL
COL-0073,droits-libertes,Droits et libertés,2,EVT-0024,Fondation traditionnelle de Rome,21 avril 753 av. J.-C.,4,3,DAY,,HIGH,SCHOOL
COL-0073,droits-libertes,Droits et libertés,3,EVT-0028,Retour après l’exil à Babylone,538 av. J.-C. dans Éduscol,2,3,YEAR,,HIGH,SCHOOL
COL-0073,droits-libertes,Droits et libertés,4,EVT-0030,Périclès,vers 495-429 av. J.-C.,4,3,RANGE,,HIGH,SCHOOL
COL-0073,droits-libertes,Droits et libertés,5,EVT-0136,« moment Périclès » / Athènes du Ve siècle av. J.-C.,env. 461-429 av. J.-C. pour sa prééminence politique ; décès en 429,4,3,RANGE,,HIGH,SCHOOL
COL-0073,droits-libertes,Droits et libertés,6,EVT-1059,Début de la guerre sociale en Italie,91 av. J.-C.,3,4,YEAR,,HIGH,GENERAL_CULTURE_V2
COL-0073,droits-libertes,Droits et libertés,7,EVT-0564,Constitution antonine accordant la citoyenneté romaine aux hommes libres de l’Empire,212,4,3,YEAR,,HIGH,GENERAL_CULTURE_V1
COL-0073,droits-libertes,Droits et libertés,8,EVT-1064,Édit de Caracalla accordant largement la citoyenneté romaine,212,4,3,YEAR,,HIGH,GENERAL_CULTURE_V2
COL-0073,droits-libertes,Droits et libertés,9,EVT-1066,Accord de Milan sur la liberté de culte dans l’Empire romain,313,4,3,YEAR,,HIGH,GENERAL_CULTURE_V2
COL-0073,droits-libertes,Droits et libertés,10,EVT-0401,Magna Carta,15 juin 1215,5,2,DAY,,HIGH,SCHOOL
COL-0073,droits-libertes,Droits et libertés,11,EVT-0655,Acceptation de la Petition of Right par Charles Ier,7 juin 1628,4,2,DAY,,HIGH,GENERAL_CULTURE_V1
COL-0073,droits-libertes,Droits et libertés,12,EVT-0434,Déclaration d’indépendance des États-Unis,4 juillet 1776,5,2,DAY,,HIGH,SCHOOL
COL-0073,droits-libertes,Droits et libertés,13,EVT-0437,Traité de Paris mettant fin à la guerre d’indépendance américaine,3 septembre 1783,3,4,DAY,,HIGH,SCHOOL
COL-0073,droits-libertes,Droits et libertés,14,EVT-0174,Nuit du 4 août / abolition des privilèges,nuit du 4 au 5 août 1789,4,2,RANGE,,HIGH,SCHOOL
COL-0073,droits-libertes,Droits et libertés,15,EVT-0175,Adoption de la Déclaration des droits de l’homme et du citoyen,26 août 1789,5,1,DAY,,HIGH,SCHOOL
COL-0073,droits-libertes,Droits et libertés,16,EVT-0337,Marche des femmes sur Versailles,5-6 octobre 1789,4,3,RANGE,,HIGH,SCHOOL
COL-0073,droits-libertes,Droits et libertés,17,EVT-0635,Ratification du Bill of Rights des États-Unis,15 décembre 1791,5,1,DAY,,HIGH,GENERAL_CULTURE_V1
COL-0073,droits-libertes,Droits et libertés,18,EVT-0440,Abolition de la monarchie en France,21 septembre 1792,3,3,DAY,,HIGH,SCHOOL
COL-0073,droits-libertes,Droits et libertés,19,EVT-0078,Première abolition de l'esclavage par la Convention nationale,4 février 1794,4,3,DAY,,HIGH,SCHOOL
COL-0073,droits-libertes,Droits et libertés,20,EVT-0079,Loi du 30 floréal an X relative à l'esclavage dans les colonies,20 mai 1802,2,4,DAY,,HIGH,SCHOOL
COL-0073,droits-libertes,Droits et libertés,21,EVT-0447,Indépendance d’Haïti,1er janvier 1804,4,3,DAY,,HIGH,SCHOOL
COL-0073,droits-libertes,Droits et libertés,22,EVT-0684,Abolition britannique de la traite négrière,25 mars 1807,5,1,DAY,,HIGH,GENERAL_CULTURE_V1
COL-0073,droits-libertes,Droits et libertés,23,EVT-0262,"Discours de Benjamin Constant, *De la liberté des Anciens comparée à celle des Modernes*",1819,3,3,YEAR,,HIGH,SCHOOL
COL-0073,droits-libertes,Droits et libertés,24,EVT-0735,Massacre de Peterloo à Manchester,16 août 1819,4,2,DAY,,HIGH,GENERAL_CULTURE_V1
COL-0073,droits-libertes,Droits et libertés,25,EVT-0449,Début conventionnel de la guerre d’indépendance grecque,25 mars 1821,4,3,DAY,,HIGH,SCHOOL
COL-0073,droits-libertes,Droits et libertés,26,EVT-1127,Émancipation des catholiques au Royaume-Uni,1829,4,3,YEAR,,HIGH,GENERAL_CULTURE_V2
COL-0073,droits-libertes,Droits et libertés,27,EVT-0739,Catholic Relief Act au Royaume-Uni,13 avril 1829,4,2,DAY,,HIGH,GENERAL_CULTURE_V1
COL-0073,droits-libertes,Droits et libertés,28,EVT-0452,Proclamation de l’indépendance belge,4 octobre 1830,3,3,DAY,,HIGH,SCHOOL
COL-0073,droits-libertes,Droits et libertés,29,EVT-0454,Reform Act britannique de 1832,7 juin 1832,3,4,DAY,,HIGH,SCHOOL
COL-0073,droits-libertes,Droits et libertés,30,EVT-0455,Sanction royale du Slavery Abolition Act 1833,28 août 1833,3,4,DAY,,HIGH,SCHOOL
COL-0073,droits-libertes,Droits et libertés,31,EVT-0548,Entrée en vigueur principale du Slavery Abolition Act 1833,1er août 1834,4,4,DAY,,HIGH,SCHOOL
COL-0073,droits-libertes,Droits et libertés,32,EVT-0187,Décret instaurant le suffrage universel masculin,5 mars 1848,4,2,DAY,,HIGH,SCHOOL
COL-0073,droits-libertes,Droits et libertés,33,EVT-0188,abolition de l’esclavage dans les colonies françaises,27 avril 1848,4,2,DAY,,HIGH,SCHOOL
COL-0073,droits-libertes,Droits et libertés,34,EVT-0698,Ouverture de la convention de Seneca Falls,19 juillet 1848,5,1,DAY,,HIGH,GENERAL_CULTURE_V1
COL-0073,droits-libertes,Droits et libertés,35,EVT-0194,frères Pereire,années 1850-1860,2,3,RANGE,,HIGH,SCHOOL
COL-0073,droits-libertes,Droits et libertés,36,EVT-0195,Crédit mobilier,1852,2,3,YEAR,,HIGH,SCHOOL
COL-0073,droits-libertes,Droits et libertés,37,EVT-0192,Paris haussmannien,1853-1870 environ,4,3,RANGE,,HIGH,SCHOOL
COL-0073,droits-libertes,Droits et libertés,38,EVT-0193,Nomination de Georges-Eugène Haussmann comme préfet de la Seine,22 juin 1853 — nomination ; 23 juin 1853 — début de fonction dans l’infobox Wikipédia FR,4,3,DAY,,HIGH,SCHOOL
COL-0073,droits-libertes,Droits et libertés,39,EVT-0701,Entrée en vigueur de l’abolition du servage dans l’Empire russe,3 mars 1861 (19 février selon le calendrier julien alors en usage en Russie),5,1,DAY,,HIGH,GENERAL_CULTURE_V1
COL-0073,droits-libertes,Droits et libertés,40,EVT-0086,"Julie-Victoire Daubié obtient le baccalauréat ès lettres, première bachelière française",17 août 1861,3,3,DAY,,HIGH,SCHOOL
COL-0073,droits-libertes,Droits et libertés,41,EVT-0467,Entrée en vigueur de la Proclamation d’émancipation,1er janvier 1863,5,2,DAY,,HIGH,SCHOOL
COL-0073,droits-libertes,Droits et libertés,42,EVT-0196,Loi Ollivier supprimant le délit de coalition,25 mai 1864,2,4,DAY,,HIGH,SCHOOL
COL-0073,droits-libertes,Droits et libertés,43,EVT-0476,Loi Waldeck-Rousseau autorisant les syndicats professionnels,21 mars 1884,3,4,DAY,,HIGH,SCHOOL
COL-0073,droits-libertes,Droits et libertés,44,EVT-0721,Droit de vote accordé aux femmes en Nouvelle-Zélande,19 septembre 1893,5,1,DAY,,HIGH,GENERAL_CULTURE_V1
COL-0073,droits-libertes,Droits et libertés,45,EVT-1030,Condamnation d’Alfred Dreyfus par un conseil de guerre,22 décembre 1894,4,2,DAY,,HIGH,GENERAL_CULTURE_V1
COL-0073,droits-libertes,Droits et libertés,46,EVT-0087,loi permettant aux femmes diplômées en droit de devenir avocates,1er décembre 1900,3,3,DAY,,HIGH,SCHOOL
COL-0073,droits-libertes,Droits et libertés,47,EVT-0088,loi sur le libre salaire de la femme mariée,13 juillet 1907,3,3,DAY,,HIGH,SCHOOL
COL-0073,droits-libertes,Droits et libertés,48,EVT-0837,Fondation de la NAACP aux États-Unis,12 février 1909,4,2,DAY,,HIGH,GENERAL_CULTURE_V1
COL-0073,droits-libertes,Droits et libertés,49,EVT-0796,Ratification du XIXe amendement accordant le vote aux femmes aux États-Unis,18 août 1920,5,1,DAY,,HIGH,GENERAL_CULTURE_V1
COL-0073,droits-libertes,Droits et libertés,50,EVT-0366,Abolition du califat en Turquie,3 mars 1924,4,3,DAY,,HIGH,SCHOOL
COL-0073,droits-libertes,Droits et libertés,51,EVT-0109,Adoption du programme du CNR,15 mars 1944,4,3,DAY,,HIGH,SCHOOL
COL-0073,droits-libertes,Droits et libertés,52,EVT-0006,Ordonnance du 21 avril 1944 accordant aux femmes le droit de vote et d’éligibilité,21 avril 1944,4,2,DAY,,HIGH,SCHOOL
COL-0073,droits-libertes,Droits et libertés,53,EVT-0360,Création officielle du Gouvernement provisoire de la République française,3 juin 1944,3,3,DAY,,HIGH,SCHOOL
COL-0073,droits-libertes,Droits et libertés,54,EVT-0100,Libération de Paris,25 août 1944,4,3,DAY,,HIGH,SCHOOL
COL-0073,droits-libertes,Droits et libertés,55,EVT-0007,Première participation des Françaises à un scrutin (élections municipales),29 avril 1945 aux municipales,4,2,DAY,,HIGH,SCHOOL
COL-0073,droits-libertes,Droits et libertés,56,EVT-0008,Premier vote des Françaises à un scrutin national,21 octobre 1945,4,3,DAY,,HIGH,SCHOOL
COL-0073,droits-libertes,Droits et libertés,57,EVT-0522,Indépendance de l’Inde,15 août 1947,5,2,DAY,,HIGH,SCHOOL
COL-0073,droits-libertes,Droits et libertés,58,EVT-0864,Victoire électorale du Parti national en Afrique du Sud,26 mai 1948,5,1,DAY,,HIGH,GENERAL_CULTURE_V1
COL-0073,droits-libertes,Droits et libertés,59,EVT-0865,Adoption de la Déclaration universelle des droits de l’homme,10 décembre 1948,5,1,DAY,,HIGH,GENERAL_CULTURE_V1
COL-0073,droits-libertes,Droits et libertés,60,EVT-0949,Fondation du Conseil de l’Europe,5 mai 1949,4,2,DAY,,HIGH,GENERAL_CULTURE_V1
COL-0073,droits-libertes,Droits et libertés,61,EVT-0866,Signature des Conventions de Genève de 1949,12 août 1949,5,1,DAY,,HIGH,GENERAL_CULTURE_V1
COL-0073,droits-libertes,Droits et libertés,62,EVT-0867,Signature de la Convention européenne des droits de l’homme,4 novembre 1950,5,1,DAY,,HIGH,GENERAL_CULTURE_V1
COL-0073,droits-libertes,Droits et libertés,63,EVT-0868,Adoption de la Convention de Genève relative au statut des réfugiés,28 juillet 1951,5,1,DAY,,HIGH,GENERAL_CULTURE_V1
COL-0073,droits-libertes,Droits et libertés,64,EVT-0874,Arrêt Brown v. Board of Education aux États-Unis,17 mai 1954,5,1,DAY,,HIGH,GENERAL_CULTURE_V1
COL-0073,droits-libertes,Droits et libertés,65,EVT-0875,Arrestation de Rosa Parks à Montgomery,1 décembre 1955,5,1,DAY,,HIGH,GENERAL_CULTURE_V1
COL-0073,droits-libertes,Droits et libertés,66,EVT-0880,Massacre de Sharpeville,21 mars 1960,5,1,DAY,,HIGH,GENERAL_CULTURE_V1
COL-0073,droits-libertes,Droits et libertés,67,EVT-0363,Référendum sur l’élection présidentielle au suffrage universel direct,28 octobre 1962,3,3,DAY,,HIGH,SCHOOL
COL-0073,droits-libertes,Droits et libertés,68,EVT-0884,Marche sur Washington et discours « I Have a Dream »,28 août 1963,5,1,DAY,,HIGH,GENERAL_CULTURE_V1
COL-0073,droits-libertes,Droits et libertés,69,EVT-0885,Promulgation du Civil Rights Act aux États-Unis,2 juillet 1964,5,1,DAY,,HIGH,GENERAL_CULTURE_V1
COL-0073,droits-libertes,Droits et libertés,70,EVT-0129,Loi réformant les régimes matrimoniaux et renforçant l'autonomie professionnelle de la femme mariée,13 juillet 1965,2,4,DAY,,HIGH,SCHOOL
COL-0073,droits-libertes,Droits et libertés,71,EVT-0886,Promulgation du Voting Rights Act aux États-Unis,6 août 1965,5,1,DAY,,HIGH,GENERAL_CULTURE_V1
COL-0073,droits-libertes,Droits et libertés,72,EVT-0892,Assassinat de Martin Luther King Jr.,4 avril 1968,5,1,DAY,,HIGH,GENERAL_CULTURE_V1
COL-0073,droits-libertes,Droits et libertés,73,EVT-0903,Arrêt Roe v. Wade de la Cour suprême des États-Unis,22 janvier 1973,5,1,DAY,,HIGH,GENERAL_CULTURE_V1
COL-0073,droits-libertes,Droits et libertés,74,EVT-0131,Loi abaissant la majorité civile à 18 ans,5 juillet 1974,4,4,DAY,,HIGH,SCHOOL
COL-0073,droits-libertes,Droits et libertés,75,EVT-0132,Loi Veil sur l'IVG,17 janvier 1975,4,3,DAY,,HIGH,SCHOOL
COL-0073,droits-libertes,Droits et libertés,76,EVT-0910,Soulèvement de Soweto,16 juin 1976,5,1,DAY,,HIGH,GENERAL_CULTURE_V1
COL-0073,droits-libertes,Droits et libertés,77,EVT-0133,Abolition de la peine de mort,9 octobre 1981,4,3,DAY,,HIGH,SCHOOL
COL-0073,droits-libertes,Droits et libertés,78,EVT-0134,"Loi de décentralisation relative aux droits et libertés des communes, départements et régions",2 mars 1982,2,4,DAY,,HIGH,SCHOOL
COL-0073,droits-libertes,Droits et libertés,79,EVT-0278,Signature de la Convention de Montego Bay,10 décembre 1982,3,3,DAY,,HIGH,SCHOOL
COL-0073,droits-libertes,Droits et libertés,80,EVT-0271,Signature du traité de Maastricht,7 février 1992,5,2,DAY,,HIGH,SCHOOL
COL-0073,droits-libertes,Droits et libertés,81,EVT-0272,Entrée en vigueur du traité de Maastricht,1er novembre 1993,4,4,DAY,,HIGH,SCHOOL
COL-0073,droits-libertes,Droits et libertés,82,EVT-0933,Nelson Mandela devient président de l’Afrique du Sud,10 mai 1994,5,1,DAY,,HIGH,GENERAL_CULTURE_V1
COL-0073,droits-libertes,Droits et libertés,83,EVT-0279,Entrée en vigueur de la Convention de Montego Bay,16 novembre 1994,2,4,DAY,,HIGH,SCHOOL
COL-0073,droits-libertes,Droits et libertés,84,EVT-0940,Accord du Vendredi saint en Irlande du Nord,10 avril 1998,5,1,DAY,,HIGH,GENERAL_CULTURE_V1
COL-0073,droits-libertes,Droits et libertés,85,EVT-1954,Le mouvement #MeToo devient viral sur les réseaux sociaux,15 octobre 2017,4,3,DAY,,HIGH,GENERAL_CULTURE_V2
COL-0073,droits-libertes,Droits et libertés,86,EVT-1011,Entrée en application du RGPD dans l’Union européenne,25 mai 2018,5,1,DAY,,HIGH,GENERAL_CULTURE_V1
COL-0073,droits-libertes,Droits et libertés,87,EVT-1018,Mort de George Floyd à Minneapolis,25 mai 2020,5,1,DAY,,HIGH,GENERAL_CULTURE_V1
COL-0074,construction-europeenne,Construction européenne,1,EVT-0116,Signature du traité de Paris instituant la CECA,18 avril 1951,4,2,DAY,,HIGH,SCHOOL
COL-0074,construction-europeenne,Construction européenne,2,EVT-0117,Entrée en vigueur du traité CECA,23 juillet 1952,3,5,DAY,,HIGH,SCHOOL
COL-0074,construction-europeenne,Construction européenne,3,EVT-0118,Signature des traités de Rome,25 mars 1957,5,2,DAY,,HIGH,SCHOOL
COL-0074,construction-europeenne,Construction européenne,4,EVT-0119,Entrée en vigueur des traités de Rome,1er janvier 1958,4,4,DAY,,HIGH,SCHOOL
COL-0074,construction-europeenne,Construction européenne,5,EVT-0280,Accord de Schengen,14 juin 1985,4,3,DAY,,HIGH,SCHOOL
COL-0074,construction-europeenne,Construction européenne,6,EVT-1614,Signature de l’Acte unique européen,17 février 1986,4,3,DAY,,HIGH,GENERAL_CULTURE_V2
COL-0074,construction-europeenne,Construction européenne,7,EVT-0281,Convention d’application de Schengen,19 juin 1990,4,3,DAY,,HIGH,SCHOOL
COL-0074,construction-europeenne,Construction européenne,8,EVT-0271,Signature du traité de Maastricht,7 février 1992,5,2,DAY,,HIGH,SCHOOL
COL-0074,construction-europeenne,Construction européenne,9,EVT-0272,Entrée en vigueur du traité de Maastricht,1er novembre 1993,4,4,DAY,,HIGH,SCHOOL
COL-0074,construction-europeenne,Construction européenne,10,EVT-1704,Inauguration du tunnel sous la Manche,6 mai 1994,4,3,DAY,,HIGH,GENERAL_CULTURE_V2
COL-0074,construction-europeenne,Construction européenne,11,EVT-0261,début du service commercial Eurostar,14 novembre 1994,2,3,DAY,,HIGH,SCHOOL
COL-0074,construction-europeenne,Construction européenne,12,EVT-0282,Mise en application effective de Schengen pour les premiers États,26 mars 1995,3,4,DAY,,HIGH,SCHOOL
COL-0074,construction-europeenne,Construction européenne,13,EVT-0944,Introduction de l’euro comme monnaie scripturale,1 janvier 1999,5,1,DAY,,HIGH,GENERAL_CULTURE_V1
COL-0074,construction-europeenne,Construction européenne,14,EVT-0982,Mise en circulation des billets et pièces en euro,1 janvier 2002,5,1,DAY,,HIGH,GENERAL_CULTURE_V1
COL-0074,construction-europeenne,Construction européenne,15,EVT-0987,Grand élargissement de l’Union européenne à dix nouveaux États,1 mai 2004,5,1,DAY,,HIGH,GENERAL_CULTURE_V1
COL-0074,construction-europeenne,Construction européenne,16,EVT-0991,Signature du traité de Lisbonne,13 décembre 2007,5,1,DAY,,HIGH,GENERAL_CULTURE_V1
COL-0074,construction-europeenne,Construction européenne,17,EVT-1009,Référendum britannique sur le Brexit,23 juin 2016,5,1,DAY,,HIGH,GENERAL_CULTURE_V1
COL-0074,construction-europeenne,Construction européenne,18,EVT-1016,Retrait du Royaume-Uni de l’Union européenne,31 janvier 2020,5,1,DAY,,HIGH,GENERAL_CULTURE_V1
COL-0074,construction-europeenne,Construction européenne,19,EVT-1027,Adoption du règlement européen sur l’intelligence artificielle par le Parlement européen,13 mars 2024,5,1,DAY,,HIGH,GENERAL_CULTURE_V1
COL-0075,decolonisation,Décolonisation,1,EVT-0822,Proclamation de l’indépendance de l’Indonésie,17 août 1945,5,1,DAY,,HIGH,GENERAL_CULTURE_V1
COL-0075,decolonisation,Décolonisation,2,EVT-0823,Proclamation de l’indépendance du Viêt Nam par Hô Chi Minh,2 septembre 1945,5,1,DAY,,HIGH,GENERAL_CULTURE_V1
COL-0075,decolonisation,Décolonisation,3,EVT-0947,Indépendance des Philippines vis-à-vis des États-Unis,4 juillet 1946,4,2,DAY,,HIGH,GENERAL_CULTURE_V1
COL-0075,decolonisation,Décolonisation,4,EVT-0250,début conventionnel de la guerre d’Indochine,19 décembre 1946,4,3,DAY,,HIGH,SCHOOL
COL-0075,decolonisation,Décolonisation,5,EVT-0862,Indépendance du Pakistan,14 août 1947,5,1,DAY,,HIGH,GENERAL_CULTURE_V1
COL-0075,decolonisation,Décolonisation,6,EVT-0522,Indépendance de l’Inde,15 août 1947,5,2,DAY,,HIGH,SCHOOL
COL-0075,decolonisation,Décolonisation,7,EVT-0298,Proclamation de l’État d’Israël,14 mai 1948,5,2,DAY,,HIGH,SCHOOL
COL-0075,decolonisation,Décolonisation,8,EVT-0251,Bataille de Diên Biên Phu,13 mars - 7 mai 1954,4,3,RANGE,,HIGH,SCHOOL
COL-0075,decolonisation,Décolonisation,9,EVT-0252,chute du camp de Diên Biên Phu,7 mai 1954,4,3,DAY,,HIGH,SCHOOL
COL-0075,decolonisation,Décolonisation,10,EVT-0253,accord de cessation des hostilités au Vietnam signé à Genève,20 juillet 1954,2,3,DAY,,HIGH,SCHOOL
COL-0075,decolonisation,Décolonisation,11,EVT-0254,accords de Genève / clôture conventionnelle,21 juillet 1954,2,3,DAY,,HIGH,SCHOOL
COL-0075,decolonisation,Décolonisation,12,EVT-0255,entrée en vigueur de l’accord de cessez-le-feu au Vietnam,22 juillet 1954 à 24 h (heure de Genève),2,4,DAY,,HIGH,SCHOOL
COL-0075,decolonisation,Décolonisation,13,EVT-0530,Début de la guerre d’Algérie,1er novembre 1954,5,2,DAY,,HIGH,SCHOOL
COL-0075,decolonisation,Décolonisation,14,EVT-0526,Conférence de Bandung,18-24 avril 1955,4,3,RANGE,,HIGH,SCHOOL
COL-0075,decolonisation,Décolonisation,15,EVT-0878,Indépendance du Ghana,6 mars 1957,5,1,DAY,,HIGH,GENERAL_CULTURE_V1
COL-0075,decolonisation,Décolonisation,16,EVT-0956,Indépendance de Madagascar,26 juin 1960,4,2,DAY,,HIGH,GENERAL_CULTURE_V1
COL-0075,decolonisation,Décolonisation,17,EVT-0881,Indépendance du Congo belge,30 juin 1960,5,1,DAY,,HIGH,GENERAL_CULTURE_V1
COL-0075,decolonisation,Décolonisation,18,EVT-0958,Indépendance du Nigeria,1 octobre 1960,4,2,DAY,,HIGH,GENERAL_CULTURE_V1
COL-0075,decolonisation,Décolonisation,19,EVT-0120,Signature des accords d'Évian,18 mars 1962,4,2,DAY,,HIGH,SCHOOL
COL-0075,decolonisation,Décolonisation,20,EVT-0121,Entrée en vigueur du cessez-le-feu prévu par les accords d’Évian,19 mars 1962,3,4,DAY,,HIGH,SCHOOL
COL-0075,decolonisation,Décolonisation,21,EVT-0122,Référendum d'autodétermination en Algérie,1er juillet 1962,4,2,DAY,,HIGH,SCHOOL
COL-0075,decolonisation,Décolonisation,22,EVT-0123,Reconnaissance de l'indépendance par la France / transfert de souveraineté,3 juillet 1962,3,4,DAY,,HIGH,SCHOOL
COL-0075,decolonisation,Décolonisation,23,EVT-0124,Proclamation officielle / fête de l'indépendance algérienne,5 juillet 1962,4,2,DAY,,HIGH,SCHOOL
COL-0075,decolonisation,Décolonisation,24,EVT-0887,Indépendance de Singapour,9 août 1965,5,1,DAY,,HIGH,GENERAL_CULTURE_V1
COL-0075,decolonisation,Décolonisation,25,EVT-0896,Proclamation de l’indépendance du Bangladesh,26 mars 1971,5,1,DAY,,HIGH,GENERAL_CULTURE_V1
COL-0075,decolonisation,Décolonisation,26,EVT-0908,Chute de Saïgon,30 avril 1975,5,1,DAY,,HIGH,GENERAL_CULTURE_V1
COL-0075,decolonisation,Décolonisation,27,EVT-0967,Indépendance du Mozambique,25 juin 1975,4,2,DAY,,HIGH,GENERAL_CULTURE_V1
COL-0075,decolonisation,Décolonisation,28,EVT-0968,Indépendance de l’Angola,11 novembre 1975,4,2,DAY,,HIGH,GENERAL_CULTURE_V1
COL-0075,decolonisation,Décolonisation,29,EVT-0973,Indépendance du Zimbabwe,18 avril 1980,4,2,DAY,,HIGH,GENERAL_CULTURE_V1
COL-0075,decolonisation,Décolonisation,30,EVT-1657,Indépendance de la Namibie,21 mars 1990,4,3,DAY,,HIGH,GENERAL_CULTURE_V2
COL-0075,decolonisation,Décolonisation,31,EVT-1029,Indépendance du Timor oriental,20 mai 2002,4,2,DAY,,HIGH,GENERAL_CULTURE_V1
COL-0076,environnement,Environnement,1,EVT-0340,Sédentarisation / débuts de l’agriculture,processus apparu à des dates différentes selon les régions ; Proche-Orient parmi les foyers précoces [repère scolaire: à partir de -10 000],4,2,YEAR,,HIGH,SCHOOL
COL-0076,environnement,Environnement,2,EVT-0562,Début du grand incendie de Rome,18 juillet 64,4,3,DAY,,HIGH,GENERAL_CULTURE_V1
COL-0076,environnement,Environnement,3,EVT-0626,Début du grand incendie de Londres,2 septembre 1666,5,1,DAY,,HIGH,GENERAL_CULTURE_V1
COL-0076,environnement,Environnement,4,EVT-0367,Ordonnance de 1669 sur les Eaux et Forêts,août 1669,3,3,MONTH,,HIGH,SCHOOL
COL-0076,environnement,Environnement,5,EVT-0628,Séisme de Lisbonne,1 novembre 1755,5,1,DAY,,HIGH,GENERAL_CULTURE_V1
COL-0076,environnement,Environnement,6,EVT-0010,Essor industriel en France,1820-1830 environ pour l’entrée de la France dans l’industrialisation ; l’accélération se poursuit après 1830,3,3,RANGE,,HIGH,SCHOOL
COL-0076,environnement,Environnement,7,EVT-1157,Grand incendie de Chicago,1871,4,3,YEAR,,HIGH,GENERAL_CULTURE_V2
COL-0076,environnement,Environnement,8,EVT-0313,Création du parc national de Yellowstone,1er mars 1872,3,3,DAY,,HIGH,SCHOOL
COL-0076,environnement,Environnement,9,EVT-0716,Éruption cataclysmique du Krakatoa,27 août 1883,5,1,DAY,,HIGH,GENERAL_CULTURE_V1
COL-0076,environnement,Environnement,10,EVT-0826,Éruption de la montagne Pelée détruisant Saint-Pierre,8 mai 1902,4,2,DAY,,HIGH,GENERAL_CULTURE_V1
COL-0076,environnement,Environnement,11,EVT-0781,Séisme de San Francisco,18 avril 1906,5,1,DAY,,HIGH,GENERAL_CULTURE_V1
COL-0076,environnement,Environnement,12,EVT-0836,Événement de la Toungouska,30 juin 1908,4,2,DAY,,HIGH,GENERAL_CULTURE_V1
COL-0076,environnement,Environnement,13,EVT-0314,Création du National Park Service,25 août 1916,3,3,DAY,,HIGH,SCHOOL
COL-0076,environnement,Environnement,14,EVT-0955,Signature du traité sur l’Antarctique,1 décembre 1959,4,2,DAY,,HIGH,GENERAL_CULTURE_V1
COL-0076,environnement,Environnement,15,EVT-0964,Premier Jour de la Terre,22 avril 1970,4,2,DAY,,HIGH,GENERAL_CULTURE_V1
COL-0076,environnement,Environnement,16,EVT-0315,Naissance conventionnelle de l’Environmental Protection Agency (EPA),2 décembre 1970,4,3,DAY,,HIGH,SCHOOL
COL-0076,environnement,Environnement,17,EVT-0316,Conférence de Stockholm sur l’environnement humain,5 → 16 juin 1972,3,3,DAY,,HIGH,SCHOOL
COL-0076,environnement,Environnement,18,EVT-0971,Accident nucléaire de Three Mile Island,28 mars 1979,4,2,DAY,,HIGH,GENERAL_CULTURE_V1
COL-0076,environnement,Environnement,19,EVT-0922,Catastrophe industrielle de Bhopal,3 décembre 1984,5,1,DAY,,HIGH,GENERAL_CULTURE_V1
COL-0076,environnement,Environnement,20,EVT-0317,Sommet de la Terre de Rio,3 → 14 juin 1992,4,3,DAY,,HIGH,SCHOOL
COL-0076,environnement,Environnement,21,EVT-0318,Adoption du protocole de Kyoto,11 décembre 1997,4,3,DAY,,HIGH,SCHOOL
COL-0076,environnement,Environnement,22,EVT-0988,Séisme et tsunami de l’océan Indien,26 décembre 2004,5,1,DAY,,HIGH,GENERAL_CULTURE_V1
COL-0076,environnement,Environnement,23,EVT-0319,Entrée en vigueur du protocole de Kyoto,16 février 2005,3,4,DAY,,HIGH,SCHOOL
COL-0076,environnement,Environnement,24,EVT-0989,Ouragan Katrina frappe la côte du golfe des États-Unis,29 août 2005,5,1,DAY,,HIGH,GENERAL_CULTURE_V1
COL-0076,environnement,Environnement,25,EVT-0995,Séisme dévastateur en Haïti,12 janvier 2010,5,1,DAY,,HIGH,GENERAL_CULTURE_V1
COL-0076,environnement,Environnement,26,EVT-0996,Explosion de Deepwater Horizon,20 avril 2010,5,1,DAY,,HIGH,GENERAL_CULTURE_V1
COL-0076,environnement,Environnement,27,EVT-0998,Séisme et accident nucléaire de Fukushima,11 mars 2011,5,1,DAY,,HIGH,GENERAL_CULTURE_V1
COL-0076,environnement,Environnement,28,EVT-0320,Adoption de l’accord de Paris,12 décembre 2015,5,2,DAY,,HIGH,SCHOOL
COL-0076,environnement,Environnement,29,EVT-0321,Entrée en vigueur de l’accord de Paris,4 novembre 2016,4,4,DAY,,HIGH,SCHOOL
COL-0076,environnement,Environnement,30,EVT-1014,Incendie de la cathédrale Notre-Dame de Paris,15 avril 2019,5,1,DAY,,HIGH,GENERAL_CULTURE_V1
COL-0077,mode-expert-50,Mode expert — 50 dates,1,EVT-0117,Entrée en vigueur du traité CECA,23 juillet 1952,3,5,DAY,554,CURATED_SCORE,SCHOOL
COL-0077,mode-expert-50,Mode expert — 50 dates,2,EVT-0267,Entrée en vigueur de la Constitution démocratique portugaise de 1976,25 avril 1976,2,5,DAY,539,CURATED_SCORE,SCHOOL
COL-0077,mode-expert-50,Mode expert — 50 dates,3,EVT-0269,Sanction de la Constitution espagnole par le roi,27 décembre 1978,2,5,DAY,539,CURATED_SCORE,SCHOOL
COL-0077,mode-expert-50,Mode expert — 50 dates,4,EVT-0270,Publication et entrée en vigueur de la Constitution espagnole,29 décembre 1978,2,5,DAY,539,CURATED_SCORE,SCHOOL
COL-0077,mode-expert-50,Mode expert — 50 dates,5,EVT-0151,ordonnance de Villers-Cotterêts,25 août 1539,4,4,DAY,469,CURATED_SCORE,SCHOOL
COL-0077,mode-expert-50,Mode expert — 50 dates,6,EVT-0548,Entrée en vigueur principale du Slavery Abolition Act 1833,1er août 1834,4,4,DAY,469,CURATED_SCORE,SCHOOL
COL-0077,mode-expert-50,Mode expert — 50 dates,7,EVT-0189,Constitution de la Deuxième République,4 novembre 1848,4,4,DAY,469,CURATED_SCORE,SCHOOL
COL-0077,mode-expert-50,Mode expert — 50 dates,8,EVT-0119,Entrée en vigueur des traités de Rome,1er janvier 1958,4,4,DAY,469,CURATED_SCORE,SCHOOL
COL-0077,mode-expert-50,Mode expert — 50 dates,9,EVT-0130,Loi remplaçant la puissance paternelle par l'autorité parentale,4 juin 1970,4,4,DAY,469,CURATED_SCORE,SCHOOL
COL-0077,mode-expert-50,Mode expert — 50 dates,10,EVT-0131,Loi abaissant la majorité civile à 18 ans,5 juillet 1974,4,4,DAY,469,CURATED_SCORE,SCHOOL
COL-0077,mode-expert-50,Mode expert — 50 dates,11,EVT-0272,Entrée en vigueur du traité de Maastricht,1er novembre 1993,4,4,DAY,469,CURATED_SCORE,SCHOOL
COL-0077,mode-expert-50,Mode expert — 50 dates,12,EVT-0321,Entrée en vigueur de l’accord de Paris,4 novembre 2016,4,4,DAY,469,CURATED_SCORE,SCHOOL
COL-0077,mode-expert-50,Mode expert — 50 dates,13,EVT-0470,Première Convention de Genève,22 août 1864,4,4,DAY,466,CURATED_SCORE,SCHOOL
COL-0077,mode-expert-50,Mode expert — 50 dates,14,EVT-0085,réintégration militaire,13 juillet 1906,3,4,DAY,457,CURATED_SCORE,SCHOOL
COL-0077,mode-expert-50,Mode expert — 50 dates,15,EVT-0121,Entrée en vigueur du cessez-le-feu prévu par les accords d’Évian,19 mars 1962,3,4,DAY,457,CURATED_SCORE,SCHOOL
COL-0077,mode-expert-50,Mode expert — 50 dates,16,EVT-0123,Reconnaissance de l'indépendance par la France / transfert de souveraineté,3 juillet 1962,3,4,DAY,457,CURATED_SCORE,SCHOOL
COL-0077,mode-expert-50,Mode expert — 50 dates,17,EVT-0455,Sanction royale du Slavery Abolition Act 1833,28 août 1833,3,4,DAY,454,CURATED_SCORE,SCHOOL
COL-0077,mode-expert-50,Mode expert — 50 dates,18,EVT-0464,Premier message télégraphique transatlantique officiel par câble,16 août 1858,3,4,DAY,454,CURATED_SCORE,SCHOOL
COL-0077,mode-expert-50,Mode expert — 50 dates,19,EVT-0491,Accords de Londres mettant en œuvre le plan Dawes,16 août 1924,3,4,DAY,454,CURATED_SCORE,SCHOOL
COL-0077,mode-expert-50,Mode expert — 50 dates,20,EVT-0112,Fin du blocus de Berlin,12 mai 1949,3,4,DAY,454,CURATED_SCORE,SCHOOL
COL-0077,mode-expert-50,Mode expert — 50 dates,21,EVT-0285,Adoption du statut de l’AFP,10 janvier 1957,3,4,DAY,454,CURATED_SCORE,SCHOOL
COL-0077,mode-expert-50,Mode expert — 50 dates,22,EVT-0268,Référendum constitutionnel espagnol,6 décembre 1978,3,4,DAY,454,CURATED_SCORE,SCHOOL
COL-0077,mode-expert-50,Mode expert — 50 dates,23,EVT-0277,Traité germano-polonais confirmant la frontière existante,14 novembre 1990,3,4,DAY,454,CURATED_SCORE,SCHOOL
COL-0077,mode-expert-50,Mode expert — 50 dates,24,EVT-0282,Mise en application effective de Schengen pour les premiers États,26 mars 1995,3,4,DAY,454,CURATED_SCORE,SCHOOL
COL-0077,mode-expert-50,Mode expert — 50 dates,25,EVT-0319,Entrée en vigueur du protocole de Kyoto,16 février 2005,3,4,DAY,454,CURATED_SCORE,SCHOOL
COL-0077,mode-expert-50,Mode expert — 50 dates,26,EVT-0297,Fin du second mandat de Kofi Annan,31 décembre 2006,3,4,DAY,454,CURATED_SCORE,SCHOOL
COL-0077,mode-expert-50,Mode expert — 50 dates,27,EVT-2042,Occupation du village agricole de Çatalhöyük (tertre oriental),environ 7100 à 5950 av. J.-C. (années calendaires calibrées),3,4,RANGE,451,CURATED_SCORE,SCHOOL
COL-0077,mode-expert-50,Mode expert — 50 dates,28,EVT-0369,Code de Hammurabi,vers 1750 av. J.-C.,3,4,RANGE,451,CURATED_SCORE,SCHOOL
COL-0077,mode-expert-50,Mode expert — 50 dates,29,EVT-0382,Fondation traditionnelle de la République romaine,509 av. J.-C.,3,4,YEAR,451,CURATED_SCORE,SCHOOL
COL-0077,mode-expert-50,Mode expert — 50 dates,30,EVT-0372,Réformes de Clisthène à Athènes,508/507 av. J.-C.,3,4,RANGE,451,CURATED_SCORE,SCHOOL
COL-0077,mode-expert-50,Mode expert — 50 dates,31,EVT-0375,Création de la ligue de Délos,478 av. J.-C.,3,4,YEAR,451,CURATED_SCORE,SCHOOL
COL-0077,mode-expert-50,Mode expert — 50 dates,32,EVT-0377,Mort de Socrate,399 av. J.-C.,3,4,YEAR,451,CURATED_SCORE,SCHOOL
COL-0077,mode-expert-50,Mode expert — 50 dates,33,EVT-0379,Bataille d’Issos,333 av. J.-C.,3,4,YEAR,451,CURATED_SCORE,SCHOOL
COL-0077,mode-expert-50,Mode expert — 50 dates,34,EVT-0380,Bataille de Gaugamèles,331 av. J.-C.,3,4,YEAR,451,CURATED_SCORE,SCHOOL
COL-0077,mode-expert-50,Mode expert — 50 dates,35,EVT-0383,Première guerre punique,264-241 av. J.-C.,3,4,RANGE,451,CURATED_SCORE,SCHOOL
COL-0077,mode-expert-50,Mode expert — 50 dates,36,EVT-0370,Unification de la Chine par Qin Shi Huang,221 av. J.-C.,3,4,YEAR,451,CURATED_SCORE,SCHOOL
COL-0077,mode-expert-50,Mode expert — 50 dates,37,EVT-0384,Destruction de Carthage par Rome,146 av. J.-C.,3,4,YEAR,451,CURATED_SCORE,SCHOOL
COL-0077,mode-expert-50,Mode expert — 50 dates,38,EVT-0371,Départ de Zhang Qian vers l’Asie centrale,138 av. J.-C.,3,4,YEAR,451,CURATED_SCORE,SCHOOL
COL-0077,mode-expert-50,Mode expert — 50 dates,39,EVT-0392,Fin de la dynastie Han,220,3,4,YEAR,451,CURATED_SCORE,SCHOOL
COL-0077,mode-expert-50,Mode expert — 50 dates,40,EVT-0393,Bataille de Vouillé,printemps 507,3,4,YEAR,451,CURATED_SCORE,SCHOOL
COL-0077,mode-expert-50,Mode expert — 50 dates,41,EVT-0395,Bataille de Poitiers,"732 ; date conventionnelle, parfois 733",3,4,YEAR,451,CURATED_SCORE,SCHOOL
COL-0077,mode-expert-50,Mode expert — 50 dates,42,EVT-0394,Prise de Pavie par Charlemagne et fin du royaume lombard,774,3,4,YEAR,451,CURATED_SCORE,SCHOOL
COL-0077,mode-expert-50,Mode expert — 50 dates,43,EVT-0403,Proclamation de Temüjin comme Gengis Khan,1206,3,4,YEAR,451,CURATED_SCORE,SCHOOL
COL-0077,mode-expert-50,Mode expert — 50 dates,44,EVT-0404,Départ de Marco Polo vers l’Asie,1271,3,4,YEAR,451,CURATED_SCORE,SCHOOL
COL-0077,mode-expert-50,Mode expert — 50 dates,45,EVT-0405,Retour de Marco Polo à Venise,1295,3,4,YEAR,451,CURATED_SCORE,SCHOOL
COL-0077,mode-expert-50,Mode expert — 50 dates,46,EVT-0415,Mariage d’Isabelle de Castille et Ferdinand d’Aragon,19 octobre 1469,3,4,DAY,451,CURATED_SCORE,SCHOOL
COL-0077,mode-expert-50,Mode expert — 50 dates,47,EVT-0420,Publication de De revolutionibus de Copernic,1543,3,4,YEAR,451,CURATED_SCORE,SCHOOL
COL-0077,mode-expert-50,Mode expert — 50 dates,48,EVT-0156,assentiment royal au Habeas Corpus Act,27 mai 1679,3,4,DAY,451,CURATED_SCORE,SCHOOL
COL-0077,mode-expert-50,Mode expert — 50 dates,49,EVT-0157,assentiment royal au Bill of Rights,16 décembre 1689,3,4,DAY,451,CURATED_SCORE,SCHOOL
COL-0077,mode-expert-50,Mode expert — 50 dates,50,EVT-0432,Publication du Contrat social de Rousseau,1762,3,4,YEAR,451,CURATED_SCORE,SCHOOL
COL-0078,antiquite,Antiquité,1,EVT-0341,Premières écritures mésopotamiennes,vers 3200 av. J.-C. pour les premières écritures cunéiformes pleinement constituées ; proto-écriture antérieure,4,3,YEAR,,DATE_RULE,SCHOOL
COL-0078,antiquite,Antiquité,2,EVT-0553,Sargon d’Akkad fonde l’Empire d’Akkad,2334 av. J.-C.,4,3,YEAR,,DATE_RULE,GENERAL_CULTURE_V1
COL-0078,antiquite,Antiquité,3,EVT-0369,Code de Hammurabi,vers 1750 av. J.-C.,3,4,RANGE,,DATE_RULE,SCHOOL
COL-0078,antiquite,Antiquité,4,EVT-1042,Bataille de Megiddo sous Thoutmôsis III,1457 av. J.-C.,3,4,YEAR,,DATE_RULE,GENERAL_CULTURE_V2
COL-0078,antiquite,Antiquité,5,EVT-1043,Début du règne d’Akhenaton et révolution religieuse d’Amarna,1353 av. J.-C.,3,4,YEAR,,DATE_RULE,GENERAL_CULTURE_V2
COL-0078,antiquite,Antiquité,6,EVT-1044,Mort de Toutânkhamon,1323 av. J.-C.,3,4,YEAR,,DATE_RULE,GENERAL_CULTURE_V2
COL-0078,antiquite,Antiquité,7,EVT-0554,Bataille de Qadesh entre Ramsès II et les Hittites,1274 av. J.-C.,4,3,YEAR,,DATE_RULE,GENERAL_CULTURE_V1
COL-0078,antiquite,Antiquité,8,EVT-1045,Crise des Peuples de la mer à la fin de l’âge du bronze,1177 av. J.-C.,3,4,YEAR,,DATE_RULE,GENERAL_CULTURE_V2
COL-0078,antiquite,Antiquité,9,EVT-1046,Fondation traditionnelle de Carthage,814 av. J.-C.,3,4,YEAR,,DATE_RULE,GENERAL_CULTURE_V2
COL-0078,antiquite,Antiquité,10,EVT-0023,Première date traditionnelle des Jeux olympiques antiques,776 av. J.-C.,4,3,YEAR,,DATE_RULE,SCHOOL
COL-0078,antiquite,Antiquité,11,EVT-0024,Fondation traditionnelle de Rome,21 avril 753 av. J.-C.,4,3,DAY,,DATE_RULE,SCHOOL
COL-0078,antiquite,Antiquité,12,EVT-1047,Prise de Samarie par l’Empire assyrien,722 av. J.-C.,3,4,YEAR,,DATE_RULE,GENERAL_CULTURE_V2
COL-0078,antiquite,Antiquité,13,EVT-0571,Lois de Dracon à Athènes,621 av. J.-C.,3,4,YEAR,,DATE_RULE,GENERAL_CULTURE_V1
COL-0078,antiquite,Antiquité,14,EVT-1048,Chute de Ninive et effondrement de l’Empire néo-assyrien,612 av. J.-C.,4,3,YEAR,,DATE_RULE,GENERAL_CULTURE_V2
COL-0078,antiquite,Antiquité,15,EVT-0556,Réformes de Solon à Athènes,594 av. J.-C.,4,3,YEAR,,DATE_RULE,GENERAL_CULTURE_V1
COL-0078,antiquite,Antiquité,16,EVT-1049,Prise de Babylone par Cyrus le Grand,539 av. J.-C.,5,2,YEAR,,DATE_RULE,GENERAL_CULTURE_V2
COL-0078,antiquite,Antiquité,17,EVT-0028,Retour après l’exil à Babylone,538 av. J.-C. dans Éduscol,2,3,YEAR,,DATE_RULE,SCHOOL
COL-0078,antiquite,Antiquité,18,EVT-1050,Conquête de l’Égypte par Cambyse II,525 av. J.-C.,3,4,YEAR,,DATE_RULE,GENERAL_CULTURE_V2
COL-0078,antiquite,Antiquité,19,EVT-0382,Fondation traditionnelle de la République romaine,509 av. J.-C.,3,4,YEAR,,DATE_RULE,SCHOOL
COL-0078,antiquite,Antiquité,20,EVT-0372,Réformes de Clisthène à Athènes,508/507 av. J.-C.,3,4,RANGE,,DATE_RULE,SCHOOL
COL-0078,antiquite,Antiquité,21,EVT-1051,Début de la révolte ionienne contre l’Empire perse,499 av. J.-C.,3,4,YEAR,,DATE_RULE,GENERAL_CULTURE_V2
COL-0078,antiquite,Antiquité,22,EVT-0030,Périclès,vers 495-429 av. J.-C.,4,3,RANGE,,DATE_RULE,SCHOOL
COL-0078,antiquite,Antiquité,23,EVT-0373,Bataille de Marathon,490 av. J.-C.,4,3,YEAR,,DATE_RULE,SCHOOL
COL-0078,antiquite,Antiquité,24,EVT-0374,Bataille de Salamine,480 av. J.-C.,4,3,YEAR,,DATE_RULE,SCHOOL
COL-0078,antiquite,Antiquité,25,EVT-0550,Bataille des Thermopyles,août 480 av. J.-C.,5,2,MONTH,,DATE_RULE,GENERAL_CULTURE_V1
COL-0078,antiquite,Antiquité,26,EVT-0375,Création de la ligue de Délos,478 av. J.-C.,3,4,YEAR,,DATE_RULE,SCHOOL
COL-0078,antiquite,Antiquité,27,EVT-0136,« moment Périclès » / Athènes du Ve siècle av. J.-C.,env. 461-429 av. J.-C. pour sa prééminence politique ; décès en 429,4,3,RANGE,,DATE_RULE,SCHOOL
COL-0078,antiquite,Antiquité,28,EVT-0376,Guerre du Péloponnèse,431-404 av. J.-C.,4,3,RANGE,,DATE_RULE,SCHOOL
COL-0078,antiquite,Antiquité,29,EVT-1052,Début de l’expédition de Sicile d’Athènes,415 av. J.-C.,3,4,YEAR,,DATE_RULE,GENERAL_CULTURE_V2
COL-0078,antiquite,Antiquité,30,EVT-0572,Capitulation d’Athènes et fin de la guerre du Péloponnèse,404 av. J.-C.,3,4,YEAR,,DATE_RULE,GENERAL_CULTURE_V1
COL-0078,antiquite,Antiquité,31,EVT-0377,Mort de Socrate,399 av. J.-C.,3,4,YEAR,,DATE_RULE,SCHOOL
COL-0078,antiquite,Antiquité,32,EVT-1053,Procès et mort de Socrate,399 av. J.-C.,4,3,YEAR,,DATE_RULE,GENERAL_CULTURE_V2
COL-0078,antiquite,Antiquité,33,EVT-0557,Bataille de Chéronée et domination macédonienne sur la Grèce,338 av. J.-C.,4,3,YEAR,,DATE_RULE,GENERAL_CULTURE_V1
COL-0078,antiquite,Antiquité,34,EVT-0378,Alexandre devient roi de Macédoine,336 av. J.-C.,4,3,YEAR,,DATE_RULE,SCHOOL
COL-0078,antiquite,Antiquité,35,EVT-0573,Bataille du Granique,334 av. J.-C.,3,4,YEAR,,DATE_RULE,GENERAL_CULTURE_V1
COL-0078,antiquite,Antiquité,36,EVT-0379,Bataille d’Issos,333 av. J.-C.,3,4,YEAR,,DATE_RULE,SCHOOL
COL-0078,antiquite,Antiquité,37,EVT-0380,Bataille de Gaugamèles,331 av. J.-C.,3,4,YEAR,,DATE_RULE,SCHOOL
COL-0078,antiquite,Antiquité,38,EVT-0381,Mort d’Alexandre le Grand,323 av. J.-C.,4,3,YEAR,,DATE_RULE,SCHOOL
COL-0078,antiquite,Antiquité,39,EVT-1054,Ptolémée Ier prend le titre de pharaon en Égypte,305 av. J.-C.,3,4,YEAR,,DATE_RULE,GENERAL_CULTURE_V2
COL-0078,antiquite,Antiquité,40,EVT-1055,Début de la guerre de Pyrrhus contre Rome,280 av. J.-C.,3,4,YEAR,,DATE_RULE,GENERAL_CULTURE_V2
COL-0078,antiquite,Antiquité,41,EVT-0383,Première guerre punique,264-241 av. J.-C.,3,4,RANGE,,DATE_RULE,SCHOOL
COL-0078,antiquite,Antiquité,42,EVT-1056,Fin de la première guerre punique,241 av. J.-C.,3,4,YEAR,,DATE_RULE,GENERAL_CULTURE_V2
COL-0078,antiquite,Antiquité,43,EVT-0370,Unification de la Chine par Qin Shi Huang,221 av. J.-C.,3,4,YEAR,,DATE_RULE,SCHOOL
COL-0078,antiquite,Antiquité,44,EVT-0558,Début de la deuxième guerre punique,218 av. J.-C.,4,3,YEAR,,DATE_RULE,GENERAL_CULTURE_V1
COL-0078,antiquite,Antiquité,45,EVT-0551,Bataille de Cannes,2 août 216 av. J.-C.,5,2,DAY,,DATE_RULE,GENERAL_CULTURE_V1
COL-0078,antiquite,Antiquité,46,EVT-0559,Bataille de Zama,19 octobre 202 av. J.-C.,4,3,DAY,,DATE_RULE,GENERAL_CULTURE_V1
COL-0078,antiquite,Antiquité,47,EVT-1057,Début de la troisième guerre punique,149 av. J.-C.,3,4,YEAR,,DATE_RULE,GENERAL_CULTURE_V2
COL-0078,antiquite,Antiquité,48,EVT-0384,Destruction de Carthage par Rome,146 av. J.-C.,3,4,YEAR,,DATE_RULE,SCHOOL
COL-0078,antiquite,Antiquité,49,EVT-0041,Règne de l’empereur Wu/Wudi,141-87 av. J.-C.,2,3,RANGE,,DATE_RULE,SCHOOL
COL-0078,antiquite,Antiquité,50,EVT-0371,Départ de Zhang Qian vers l’Asie centrale,138 av. J.-C.,3,4,YEAR,,DATE_RULE,SCHOOL
COL-0078,antiquite,Antiquité,51,EVT-1058,Mort de Tiberius Gracchus et crise politique romaine,133 av. J.-C.,3,4,YEAR,,DATE_RULE,GENERAL_CULTURE_V2
COL-0078,antiquite,Antiquité,52,EVT-1059,Début de la guerre sociale en Italie,91 av. J.-C.,3,4,YEAR,,DATE_RULE,GENERAL_CULTURE_V2
COL-0078,antiquite,Antiquité,53,EVT-0560,Début de la révolte de Spartacus,73 av. J.-C.,4,3,YEAR,,DATE_RULE,GENERAL_CULTURE_V1
COL-0078,antiquite,Antiquité,54,EVT-0385,Jules César franchit le Rubicon,10 janvier 49 av. J.-C.,3,3,DAY,,DATE_RULE,SCHOOL
COL-0078,antiquite,Antiquité,55,EVT-0386,Assassinat de Jules César,15 mars 44 av. J.-C.,3,3,DAY,,DATE_RULE,SCHOOL
COL-0078,antiquite,Antiquité,56,EVT-0387,Bataille d’Actium,2 septembre 31 av. J.-C.,4,3,DAY,,DATE_RULE,SCHOOL
COL-0078,antiquite,Antiquité,57,EVT-0032,Règne d’Auguste,27 av. J.-C. - 14 apr. J.-C.,4,2,RANGE,,DATE_RULE,SCHOOL
COL-0078,antiquite,Antiquité,58,EVT-0033,Pax Romana,"conventionnellement de l’époque d’Auguste jusqu’au IIe siècle, souvent env. 27 av. J.-C.-180 apr. J.-C.",4,2,RANGE,,DATE_RULE,SCHOOL
COL-0078,antiquite,Antiquité,59,EVT-0031,Octavien reçoit le titre d’Auguste,16 janvier 27 av. J.-C.,4,3,DAY,,DATE_RULE,SCHOOL
COL-0078,antiquite,Antiquité,60,EVT-0040,Dynastie Han,"206 av. J.-C.-220 apr. J.-C., interrompue par le régime de Wang Mang/Xin (9-25 apr. J.-C.)",3,3,RANGE,,DATE_RULE,SCHOOL
COL-0078,antiquite,Antiquité,61,EVT-0561,Défaite romaine dans la forêt de Teutoburg,septembre 9,4,3,MONTH,,DATE_RULE,GENERAL_CULTURE_V1
COL-0078,antiquite,Antiquité,62,EVT-1060,Conquête romaine de la Bretagne sous Claude,43,3,4,YEAR,,DATE_RULE,GENERAL_CULTURE_V2
COL-0078,antiquite,Antiquité,63,EVT-1061,Révolte de Boadicée contre Rome,60,3,4,YEAR,,DATE_RULE,GENERAL_CULTURE_V2
COL-0078,antiquite,Antiquité,64,EVT-0562,Début du grand incendie de Rome,18 juillet 64,4,3,DAY,,DATE_RULE,GENERAL_CULTURE_V1
COL-0078,antiquite,Antiquité,65,EVT-0035,Révolte juive,66 apr. J.-C.,2,3,YEAR,,DATE_RULE,SCHOOL
COL-0078,antiquite,Antiquité,66,EVT-0036,Prise de Jérusalem et destruction du Second Temple,70 apr. J.-C.,4,3,YEAR,,DATE_RULE,SCHOOL
COL-0078,antiquite,Antiquité,67,EVT-0563,Extension maximale de l’Empire romain sous Trajan,117,4,3,YEAR,,DATE_RULE,GENERAL_CULTURE_V1
COL-0078,antiquite,Antiquité,68,EVT-1062,Début de la construction du mur d’Hadrien,122,3,4,YEAR,,DATE_RULE,GENERAL_CULTURE_V2
COL-0078,antiquite,Antiquité,69,EVT-1063,Début de la peste antonine,165,3,4,YEAR,,DATE_RULE,GENERAL_CULTURE_V2
COL-0078,antiquite,Antiquité,70,EVT-0034,Édit de Caracalla / Constitutio Antoniniana,212 apr. J.-C.,2,3,YEAR,,DATE_RULE,SCHOOL
COL-0078,antiquite,Antiquité,71,EVT-0564,Constitution antonine accordant la citoyenneté romaine aux hommes libres de l’Empire,212,4,3,YEAR,,DATE_RULE,GENERAL_CULTURE_V1
COL-0078,antiquite,Antiquité,72,EVT-1064,Édit de Caracalla accordant largement la citoyenneté romaine,212,4,3,YEAR,,DATE_RULE,GENERAL_CULTURE_V2
COL-0078,antiquite,Antiquité,73,EVT-0392,Fin de la dynastie Han,220,3,4,YEAR,,DATE_RULE,SCHOOL
COL-0078,antiquite,Antiquité,74,EVT-0574,Début conventionnel de la crise du IIIe siècle dans l’Empire romain,235,3,4,YEAR,,DATE_RULE,GENERAL_CULTURE_V1
COL-0078,antiquite,Antiquité,75,EVT-1065,Début de la persécution de Dèce contre les chrétiens,250,3,4,YEAR,,DATE_RULE,GENERAL_CULTURE_V2
COL-0078,antiquite,Antiquité,76,EVT-0575,Dioclétien devient empereur romain,20 novembre 284,3,4,DAY,,DATE_RULE,GENERAL_CULTURE_V1
COL-0078,antiquite,Antiquité,77,EVT-0576,Mise en place de la Tétrarchie romaine,1 mars 293,3,4,DAY,,DATE_RULE,GENERAL_CULTURE_V1
COL-0078,antiquite,Antiquité,78,EVT-0565,Bataille du pont Milvius,28 octobre 312,4,3,DAY,,DATE_RULE,GENERAL_CULTURE_V1
COL-0078,antiquite,Antiquité,79,EVT-1066,Accord de Milan sur la liberté de culte dans l’Empire romain,313,4,3,YEAR,,DATE_RULE,GENERAL_CULTURE_V2
COL-0078,antiquite,Antiquité,80,EVT-0388,Accord traditionnellement appelé « édit de Milan »,février 313 — accord de Milan ; 13 juin 313 — circulaire de Licinius affichée à Nicomédie,5,2,MONTH,,DATE_RULE,SCHOOL
COL-0078,antiquite,Antiquité,81,EVT-0038,Constantin devient seul maître de l’Empire,324 apr. J.-C.,3,3,YEAR,,DATE_RULE,SCHOOL
COL-0078,antiquite,Antiquité,82,EVT-0037,Concile de Nicée,325 apr. J.-C.,4,2,YEAR,,DATE_RULE,SCHOOL
COL-0078,antiquite,Antiquité,83,EVT-1067,Constantinople devient capitale impériale de Constantin,330,5,2,YEAR,,DATE_RULE,GENERAL_CULTURE_V2
COL-0078,antiquite,Antiquité,84,EVT-0139,inauguration/dédicace de Constantinople comme capitale impériale,11 mai 330,2,3,DAY,,DATE_RULE,SCHOOL
COL-0078,antiquite,Antiquité,85,EVT-1068,Bataille d’Andrinople et mort de Valens,378,4,3,YEAR,,DATE_RULE,GENERAL_CULTURE_V2
COL-0078,antiquite,Antiquité,86,EVT-0039,Édit de Thessalonique,27 février 380,2,3,DAY,,DATE_RULE,SCHOOL
COL-0078,antiquite,Antiquité,87,EVT-0566,Mort de Théodose Ier et partage durable de l’Empire romain,17 janvier 395,4,3,DAY,,DATE_RULE,GENERAL_CULTURE_V1
COL-0078,antiquite,Antiquité,88,EVT-0390,Sac de Rome par Alaric,24 août 410,3,3,DAY,,DATE_RULE,SCHOOL
COL-0078,antiquite,Antiquité,89,EVT-0389,Concile d’Éphèse,22 juin-31 juillet 431,3,3,RANGE,,DATE_RULE,SCHOOL
COL-0078,antiquite,Antiquité,90,EVT-0567,Bataille des Champs Catalauniques,20 juin 451,4,3,DAY,,DATE_RULE,GENERAL_CULTURE_V1
COL-0078,antiquite,Antiquité,91,EVT-0391,Concile de Chalcédoine,8 octobre-1er novembre 451,3,3,RANGE,,DATE_RULE,SCHOOL
COL-0078,antiquite,Antiquité,92,EVT-0568,Début du sac de Rome par les Vandales,2 juin 455,4,3,DAY,,DATE_RULE,GENERAL_CULTURE_V1
COL-0078,antiquite,Antiquité,93,EVT-0327,Moyen Âge,bornes scolaires conventionnelles ; ne pas présenter comme limites universelles absolues [repère scolaire: 476-1492],4,3,RANGE,,DATE_RULE,SCHOOL
COL-0078,antiquite,Antiquité,94,EVT-0365,Déposition de Romulus Augustule,4 septembre 476,4,3,DAY,,DATE_RULE,SCHOOL
COL-0079,moyen-age,Moyen Âge,1,EVT-0327,Moyen Âge,bornes scolaires conventionnelles ; ne pas présenter comme limites universelles absolues [repère scolaire: 476-1492],4,3,RANGE,,DATE_RULE,SCHOOL
COL-0079,moyen-age,Moyen Âge,2,EVT-0365,Déposition de Romulus Augustule,4 septembre 476,4,3,DAY,,DATE_RULE,SCHOOL
COL-0079,moyen-age,Moyen Âge,3,EVT-0393,Bataille de Vouillé,printemps 507,3,4,YEAR,,DATE_RULE,SCHOOL
COL-0079,moyen-age,Moyen Âge,4,EVT-0047,Règne de Justinien Ier,1er avril 527 - 15 novembre 565,4,3,RANGE,,DATE_RULE,SCHOOL
COL-0079,moyen-age,Moyen Âge,5,EVT-1069,Publication du Code de Justinien,529,4,3,YEAR,,DATE_RULE,GENERAL_CULTURE_V2
COL-0079,moyen-age,Moyen Âge,6,EVT-0604,Début de la sédition Nika à Constantinople,13 janvier 532,3,4,DAY,,DATE_RULE,GENERAL_CULTURE_V1
COL-0079,moyen-age,Moyen Âge,7,EVT-0581,Dédicace de la basilique Sainte-Sophie de Constantinople,27 décembre 537,4,3,DAY,,DATE_RULE,GENERAL_CULTURE_V1
COL-0079,moyen-age,Moyen Âge,8,EVT-0582,Début de la peste de Justinien dans l’Empire byzantin,541,4,3,YEAR,,DATE_RULE,GENERAL_CULTURE_V1
COL-0079,moyen-age,Moyen Âge,9,EVT-1070,Invasion lombarde de l’Italie,568,3,4,YEAR,,DATE_RULE,GENERAL_CULTURE_V2
COL-0079,moyen-age,Moyen Âge,10,EVT-0583,Naissance traditionnelle de Mahomet à La Mecque,570,4,3,YEAR,,DATE_RULE,GENERAL_CULTURE_V1
COL-0079,moyen-age,Moyen Âge,11,EVT-1071,Héraclius devient empereur byzantin,610,3,4,YEAR,,DATE_RULE,GENERAL_CULTURE_V2
COL-0079,moyen-age,Moyen Âge,12,EVT-0042,"Hégire, migration de Muhammad et de ses compagnons de La Mecque vers Médine","622, date exacte du déplacement à traiter séparément de l'époque calendaire",4,2,YEAR,,DATE_RULE,SCHOOL
COL-0079,moyen-age,Moyen Âge,13,EVT-0043,Début conventionnel de l'ère du calendrier hégirien,"16 juillet 622 (calendrier julien) pour 1 Muharram 1 AH, convention calendaire",2,3,DAY,,DATE_RULE,SCHOOL
COL-0079,moyen-age,Moyen Âge,14,EVT-0577,Mort de Mahomet à Médine,8 juin 632,5,2,DAY,,DATE_RULE,GENERAL_CULTURE_V1
COL-0079,moyen-age,Moyen Âge,15,EVT-0584,Bataille du Yarmouk,20 août 636,4,3,DAY,,DATE_RULE,GENERAL_CULTURE_V1
COL-0079,moyen-age,Moyen Âge,16,EVT-0585,Établissement du califat omeyyade,661,4,3,YEAR,,DATE_RULE,GENERAL_CULTURE_V1
COL-0079,moyen-age,Moyen Âge,17,EVT-0578,Début de la conquête musulmane de la péninsule Ibérique,711,5,2,YEAR,,DATE_RULE,GENERAL_CULTURE_V1
COL-0079,moyen-age,Moyen Âge,18,EVT-0395,Bataille de Poitiers,"732 ; date conventionnelle, parfois 733",3,4,YEAR,,DATE_RULE,SCHOOL
COL-0079,moyen-age,Moyen Âge,19,EVT-1072,Bataille de Poitiers entre Francs et Omeyyades,732,4,3,YEAR,,DATE_RULE,GENERAL_CULTURE_V2
COL-0079,moyen-age,Moyen Âge,20,EVT-0586,Révolution abbasside et chute des Omeyyades,750,4,3,YEAR,,DATE_RULE,GENERAL_CULTURE_V1
COL-0079,moyen-age,Moyen Âge,21,EVT-1073,Pépin le Bref devient roi des Francs,751,4,3,YEAR,,DATE_RULE,GENERAL_CULTURE_V2
COL-0079,moyen-age,Moyen Âge,22,EVT-0587,Fondation de Bagdad par le calife al-Mansur,30 juillet 762,4,3,DAY,,DATE_RULE,GENERAL_CULTURE_V1
COL-0079,moyen-age,Moyen Âge,23,EVT-0394,Prise de Pavie par Charlemagne et fin du royaume lombard,774,3,4,YEAR,,DATE_RULE,SCHOOL
COL-0079,moyen-age,Moyen Âge,24,EVT-0588,Raid viking contre le monastère de Lindisfarne,8 juin 793,4,3,DAY,,DATE_RULE,GENERAL_CULTURE_V1
COL-0079,moyen-age,Moyen Âge,25,EVT-0044,Couronnement impérial de Charlemagne à Rome,25 décembre 800,5,2,DAY,,DATE_RULE,SCHOOL
COL-0079,moyen-age,Moyen Âge,26,EVT-0048,Traité de Verdun,août 843 ; jour exact incertain,4,3,MONTH,,DATE_RULE,SCHOOL
COL-0079,moyen-age,Moyen Âge,27,EVT-1074,Début traditionnel de la dynastie rurikide à Novgorod,862,3,4,YEAR,,DATE_RULE,GENERAL_CULTURE_V2
COL-0079,moyen-age,Moyen Âge,28,EVT-0605,Bataille d’Edington entre Alfred le Grand et les Vikings,mai 878,3,4,MONTH,,DATE_RULE,GENERAL_CULTURE_V1
COL-0079,moyen-age,Moyen Âge,29,EVT-0396,Traité de Saint-Clair-sur-Epte,automne 911,4,3,YEAR,,DATE_RULE,SCHOOL
COL-0079,moyen-age,Moyen Âge,30,EVT-1075,Bataille du Lechfeld contre les Magyars,955,3,4,YEAR,,DATE_RULE,GENERAL_CULTURE_V2
COL-0079,moyen-age,Moyen Âge,31,EVT-0397,Couronnement impérial d’Otton Ier,2 février 962,3,3,DAY,,DATE_RULE,SCHOOL
COL-0079,moyen-age,Moyen Âge,32,EVT-0052,Sacre d'Hugues Capet,"987, jour exact historiographiquement discuté",4,3,YEAR,,DATE_RULE,SCHOOL
COL-0079,moyen-age,Moyen Âge,33,EVT-1076,Hugues Capet devient roi des Francs,987,5,2,YEAR,,DATE_RULE,GENERAL_CULTURE_V2
COL-0079,moyen-age,Moyen Âge,34,EVT-1077,Knut le Grand devient roi d’Angleterre,1016,3,4,YEAR,,DATE_RULE,GENERAL_CULTURE_V2
COL-0079,moyen-age,Moyen Âge,35,EVT-1078,Grand schisme entre les Églises d’Orient et d’Occident,1054,5,2,YEAR,,DATE_RULE,GENERAL_CULTURE_V2
COL-0079,moyen-age,Moyen Âge,36,EVT-0045,Échange de sentences d'excommunication entre les légats romains et le patriarcat de Constantinople,"juillet 1054, séquence de plusieurs actes",3,3,MONTH,,DATE_RULE,SCHOOL
COL-0079,moyen-age,Moyen Âge,37,EVT-0606,Bataille de Stamford Bridge,25 septembre 1066,3,4,DAY,,DATE_RULE,GENERAL_CULTURE_V1
COL-0079,moyen-age,Moyen Âge,38,EVT-0398,Bataille d’Hastings,14 octobre 1066,4,3,DAY,,DATE_RULE,SCHOOL
COL-0079,moyen-age,Moyen Âge,39,EVT-0400,Bataille de Manzikert,26 août 1071,4,3,DAY,,DATE_RULE,SCHOOL
COL-0079,moyen-age,Moyen Âge,40,EVT-0399,Appel à la première croisade au concile de Clermont,27 novembre 1095,4,3,DAY,,DATE_RULE,SCHOOL
COL-0079,moyen-age,Moyen Âge,41,EVT-0049,Prise de Jérusalem par les croisés,15 juillet 1099 ; siège 7 juin-15 juillet,4,3,DAY,,DATE_RULE,SCHOOL
COL-0079,moyen-age,Moyen Âge,42,EVT-0590,Concordat de Worms,23 septembre 1122,4,3,DAY,,DATE_RULE,GENERAL_CULTURE_V1
COL-0079,moyen-age,Moyen Âge,43,EVT-0140,prédication de la deuxième croisade à Vézelay,31 mars 1146,2,3,DAY,,DATE_RULE,SCHOOL
COL-0079,moyen-age,Moyen Âge,44,EVT-0141,campagne principale,1147-1149,2,3,RANGE,,DATE_RULE,SCHOOL
COL-0079,moyen-age,Moyen Âge,45,EVT-1079,Début de la deuxième croisade,1147,3,4,YEAR,,DATE_RULE,GENERAL_CULTURE_V2
COL-0079,moyen-age,Moyen Âge,46,EVT-0607,Couronnement d’Henri II Plantagenêt comme roi d’Angleterre,19 décembre 1154,3,4,DAY,,DATE_RULE,GENERAL_CULTURE_V1
COL-0079,moyen-age,Moyen Âge,47,EVT-0591,Assassinat de Thomas Becket dans la cathédrale de Cantorbéry,29 décembre 1170,4,3,DAY,,DATE_RULE,GENERAL_CULTURE_V1
COL-0079,moyen-age,Moyen Âge,48,EVT-0057,Début du règne de Philippe Auguste,1180,4,3,YEAR,,DATE_RULE,SCHOOL
COL-0079,moyen-age,Moyen Âge,49,EVT-0592,Bataille de Hattin,4 juillet 1187,4,3,DAY,,DATE_RULE,GENERAL_CULTURE_V1
COL-0079,moyen-age,Moyen Âge,50,EVT-0579,Saladin reprend Jérusalem,2 octobre 1187,5,2,DAY,,DATE_RULE,GENERAL_CULTURE_V1
COL-0079,moyen-age,Moyen Âge,51,EVT-0608,Traité de Jaffa mettant fin à la troisième croisade,2 septembre 1192,3,4,DAY,,DATE_RULE,GENERAL_CULTURE_V1
COL-0079,moyen-age,Moyen Âge,52,EVT-0046,Prise et sac de Constantinople par la quatrième croisade,12 avril 1204 : prise de Constantinople ; sac dans les jours suivants,3,3,DAY,,DATE_RULE,SCHOOL
COL-0079,moyen-age,Moyen Âge,53,EVT-0403,Proclamation de Temüjin comme Gengis Khan,1206,3,4,YEAR,,DATE_RULE,SCHOOL
COL-0079,moyen-age,Moyen Âge,54,EVT-1080,Début de la croisade des Albigeois,1209,3,4,YEAR,,DATE_RULE,GENERAL_CULTURE_V2
COL-0079,moyen-age,Moyen Âge,55,EVT-0054,Bataille de Bouvines,27 juillet 1214,4,3,DAY,,DATE_RULE,SCHOOL
COL-0079,moyen-age,Moyen Âge,56,EVT-0401,Magna Carta,15 juin 1215,5,2,DAY,,DATE_RULE,SCHOOL
COL-0079,moyen-age,Moyen Âge,57,EVT-0402,Quatrième concile du Latran,11-30 novembre 1215,3,3,RANGE,,DATE_RULE,SCHOOL
COL-0079,moyen-age,Moyen Âge,58,EVT-0058,Règne de Louis IX,1226-1270,2,3,RANGE,,DATE_RULE,SCHOOL
COL-0079,moyen-age,Moyen Âge,59,EVT-0593,Mort de Gengis Khan,18 août 1227,4,3,DAY,,DATE_RULE,GENERAL_CULTURE_V1
COL-0079,moyen-age,Moyen Âge,60,EVT-1081,Début des conquêtes mongoles en Europe orientale,1236,3,4,YEAR,,DATE_RULE,GENERAL_CULTURE_V2
COL-0079,moyen-age,Moyen Âge,61,EVT-0609,Bataille de Legnica face aux Mongols,9 avril 1241,3,4,DAY,,DATE_RULE,GENERAL_CULTURE_V1
COL-0079,moyen-age,Moyen Âge,62,EVT-0610,Bataille de Fariskur et capture de Louis IX,6 avril 1250,3,4,DAY,,DATE_RULE,GENERAL_CULTURE_V1
COL-0079,moyen-age,Moyen Âge,63,EVT-0051,Prise de Bagdad par les Mongols,10 février 1258 ; siège/bataille du 29 janvier au 10 février 1258,4,3,DAY,,DATE_RULE,SCHOOL
COL-0079,moyen-age,Moyen Âge,64,EVT-0594,Premier parlement de Simon de Montfort,20 janvier 1265,4,3,DAY,,DATE_RULE,GENERAL_CULTURE_V1
COL-0079,moyen-age,Moyen Âge,65,EVT-0404,Départ de Marco Polo vers l’Asie,1271,3,4,YEAR,,DATE_RULE,SCHOOL
COL-0079,moyen-age,Moyen Âge,66,EVT-0595,"Chute d’Acre, dernier grand bastion croisé en Terre sainte",18 mai 1291,4,3,DAY,,DATE_RULE,GENERAL_CULTURE_V1
COL-0079,moyen-age,Moyen Âge,67,EVT-0405,Retour de Marco Polo à Venise,1295,3,4,YEAR,,DATE_RULE,SCHOOL
COL-0079,moyen-age,Moyen Âge,68,EVT-0059,Canonisation de Louis IX,1297,2,3,YEAR,,DATE_RULE,SCHOOL
COL-0079,moyen-age,Moyen Âge,69,EVT-0060,Premiers États généraux du royaume,1302,4,3,YEAR,,DATE_RULE,SCHOOL
COL-0079,moyen-age,Moyen Âge,70,EVT-0611,Bataille des Éperons d’or,11 juillet 1302,3,4,DAY,,DATE_RULE,GENERAL_CULTURE_V1
COL-0079,moyen-age,Moyen Âge,71,EVT-0596,Exécution de William Wallace,23 août 1305,4,3,DAY,,DATE_RULE,GENERAL_CULTURE_V1
COL-0079,moyen-age,Moyen Âge,72,EVT-0597,Arrestation des Templiers en France,13 octobre 1307,4,3,DAY,,DATE_RULE,GENERAL_CULTURE_V1
COL-0079,moyen-age,Moyen Âge,73,EVT-0598,Début de la papauté d’Avignon,1309,4,3,YEAR,,DATE_RULE,GENERAL_CULTURE_V1
COL-0079,moyen-age,Moyen Âge,74,EVT-0599,Bataille de Bannockburn,24 juin 1314,4,3,DAY,,DATE_RULE,GENERAL_CULTURE_V1
COL-0079,moyen-age,Moyen Âge,75,EVT-0612,Déclaration d’Arbroath,6 avril 1320,3,4,DAY,,DATE_RULE,GENERAL_CULTURE_V1
COL-0079,moyen-age,Moyen Âge,76,EVT-0055,Guerre de Cent Ans,1337-1453,4,2,RANGE,,DATE_RULE,SCHOOL
COL-0079,moyen-age,Moyen Âge,77,EVT-1082,Début conventionnel de la guerre de Cent Ans,1337,5,2,YEAR,,DATE_RULE,GENERAL_CULTURE_V2
COL-0079,moyen-age,Moyen Âge,78,EVT-0406,Bataille de Crécy,26 août 1346,3,3,DAY,,DATE_RULE,SCHOOL
COL-0079,moyen-age,Moyen Âge,79,EVT-0580,Arrivée de la peste noire en Sicile,octobre 1347,5,2,MONTH,,DATE_RULE,GENERAL_CULTURE_V1
COL-0079,moyen-age,Moyen Âge,80,EVT-0061,Grande peste / peste noire en Europe,1347/1348-1352 selon le périmètre,4,3,RANGE,,DATE_RULE,SCHOOL
COL-0079,moyen-age,Moyen Âge,81,EVT-1083,Bataille de Poitiers pendant la guerre de Cent Ans,1356,4,3,YEAR,,DATE_RULE,GENERAL_CULTURE_V2
COL-0079,moyen-age,Moyen Âge,82,EVT-0407,Bataille de Poitiers de 1356,19 septembre 1356,3,3,DAY,,DATE_RULE,SCHOOL
COL-0079,moyen-age,Moyen Âge,83,EVT-0408,Grande Jacquerie,28 mai-10 juin 1358,3,3,RANGE,,DATE_RULE,SCHOOL
COL-0079,moyen-age,Moyen Âge,84,EVT-0409,Début du Grand Schisme d’Occident,20 septembre 1378,3,3,DAY,,DATE_RULE,SCHOOL
COL-0079,moyen-age,Moyen Âge,85,EVT-0600,Grande révolte des paysans en Angleterre,juin 1381,4,3,MONTH,,DATE_RULE,GENERAL_CULTURE_V1
COL-0079,moyen-age,Moyen Âge,86,EVT-0601,Bataille de Kosovo Polje,28 juin 1389,4,3,DAY,,DATE_RULE,GENERAL_CULTURE_V1
COL-0079,moyen-age,Moyen Âge,87,EVT-1084,Début des grandes expéditions maritimes de Zheng He,1405,4,3,YEAR,,DATE_RULE,GENERAL_CULTURE_V2
COL-0079,moyen-age,Moyen Âge,88,EVT-0602,Exécution de Jan Hus à Constance,6 juillet 1415,4,3,DAY,,DATE_RULE,GENERAL_CULTURE_V1
COL-0079,moyen-age,Moyen Âge,89,EVT-0410,Bataille d’Azincourt,25 octobre 1415,3,3,DAY,,DATE_RULE,SCHOOL
COL-0079,moyen-age,Moyen Âge,90,EVT-0411,Levée du siège d’Orléans par Jeanne d’Arc,8 mai 1429,3,3,DAY,,DATE_RULE,SCHOOL
COL-0079,moyen-age,Moyen Âge,91,EVT-0412,Sacre de Charles VII à Reims,17 juillet 1429,3,3,DAY,,DATE_RULE,SCHOOL
COL-0079,moyen-age,Moyen Âge,92,EVT-0413,Exécution de Jeanne d’Arc,30 mai 1431,3,3,DAY,,DATE_RULE,SCHOOL
COL-0079,moyen-age,Moyen Âge,93,EVT-0062,Prise de Constantinople par les Ottomans,29 mai 1453,5,2,DAY,,DATE_RULE,SCHOOL
COL-0079,moyen-age,Moyen Âge,94,EVT-0056,Bataille de Castillon,17 juillet 1453,2,3,DAY,,DATE_RULE,SCHOOL
COL-0079,moyen-age,Moyen Âge,95,EVT-0414,Impression de la Bible de Gutenberg,vers 1455,5,2,YEAR,,DATE_RULE,SCHOOL
COL-0079,moyen-age,Moyen Âge,96,EVT-1085,Début de la guerre des Deux-Roses,1455,4,3,YEAR,,DATE_RULE,GENERAL_CULTURE_V2
COL-0079,moyen-age,Moyen Âge,97,EVT-0149,vie d’Érasme,v. 1466/1469-1536,2,3,RANGE,,DATE_RULE,SCHOOL
COL-0079,moyen-age,Moyen Âge,98,EVT-0415,Mariage d’Isabelle de Castille et Ferdinand d’Aragon,19 octobre 1469,3,4,DAY,,DATE_RULE,SCHOOL
COL-0079,moyen-age,Moyen Âge,99,EVT-0416,Création de l’Inquisition espagnole,1er novembre 1478,3,3,DAY,,DATE_RULE,SCHOOL
COL-0079,moyen-age,Moyen Âge,100,EVT-0603,Bataille de Bosworth et fin de la guerre des Deux-Roses,22 août 1485,4,3,DAY,,DATE_RULE,GENERAL_CULTURE_V1
COL-0079,moyen-age,Moyen Âge,101,EVT-0417,Prise de Grenade par les Rois Catholiques,2 janvier 1492,3,3,DAY,,DATE_RULE,SCHOOL
COL-0079,moyen-age,Moyen Âge,102,EVT-0063,Débarquement de l'expédition de Colomb à Guanahaní,12 octobre 1492,5,1,DAY,,DATE_RULE,SCHOOL
COL-0080,epoque-moderne,Époque moderne,1,EVT-0417,Prise de Grenade par les Rois Catholiques,2 janvier 1492,3,3,DAY,,DATE_RULE,SCHOOL
COL-0080,epoque-moderne,Époque moderne,2,EVT-0063,Débarquement de l'expédition de Colomb à Guanahaní,12 octobre 1492,5,1,DAY,,DATE_RULE,SCHOOL
COL-0080,epoque-moderne,Époque moderne,3,EVT-1086,Début des guerres d’Italie,1494,4,3,YEAR,,DATE_RULE,GENERAL_CULTURE_V2
COL-0080,epoque-moderne,Époque moderne,4,EVT-0418,Traité de Tordesillas,7 juin 1494,5,2,DAY,,DATE_RULE,SCHOOL
COL-0080,epoque-moderne,Époque moderne,5,EVT-0419,Vasco de Gama atteint Calicut,20 mai 1498,5,2,DAY,,DATE_RULE,SCHOOL
COL-0080,epoque-moderne,Époque moderne,6,EVT-0638,Pedro Álvares Cabral atteint le littoral du Brésil,22 avril 1500,4,2,DAY,,DATE_RULE,GENERAL_CULTURE_V1
COL-0080,epoque-moderne,Époque moderne,7,EVT-0639,Fondation de l’État safavide en Perse,1501,4,2,YEAR,,DATE_RULE,GENERAL_CULTURE_V1
COL-0080,epoque-moderne,Époque moderne,8,EVT-1087,Ismaïl Ier fonde l’Empire safavide en Perse,1501,4,3,YEAR,,DATE_RULE,GENERAL_CULTURE_V2
COL-0080,epoque-moderne,Époque moderne,9,EVT-0147,réalisation de la voûte,1508-1512,2,3,RANGE,,DATE_RULE,SCHOOL
COL-0080,epoque-moderne,Époque moderne,10,EVT-0146,signature du contrat pour la voûte de la Chapelle Sixtine,8 mai 1508,2,3,DAY,,DATE_RULE,SCHOOL
COL-0080,epoque-moderne,Époque moderne,11,EVT-0640,Henri VIII devient roi d’Angleterre,22 avril 1509,4,2,DAY,,DATE_RULE,GENERAL_CULTURE_V1
COL-0080,epoque-moderne,Époque moderne,12,EVT-0148,inauguration de la voûte achevée,1er novembre 1512,2,3,DAY,,DATE_RULE,SCHOOL
COL-0080,epoque-moderne,Époque moderne,13,EVT-1088,Bataille de Flodden entre Angleterre et Écosse,1513,3,3,YEAR,,DATE_RULE,GENERAL_CULTURE_V2
COL-0080,epoque-moderne,Époque moderne,14,EVT-0641,Vasco Núñez de Balboa atteint l’océan Pacifique,25 septembre 1513,4,2,DAY,,DATE_RULE,GENERAL_CULTURE_V1
COL-0080,epoque-moderne,Époque moderne,15,EVT-0328,Règne de François Ier,1515-1547,4,3,RANGE,,DATE_RULE,SCHOOL
COL-0080,epoque-moderne,Époque moderne,16,EVT-0064,Diffusion conventionnelle des 95 thèses de Martin Luther,31 octobre 1517,5,2,DAY,,DATE_RULE,SCHOOL
COL-0080,epoque-moderne,Époque moderne,17,EVT-0069,Début de la première circumnavigation,1519,4,3,YEAR,,DATE_RULE,SCHOOL
COL-0080,epoque-moderne,Époque moderne,18,EVT-0143,Première circumnavigation (expédition Magellan-Elcano),20 septembre 1519 – 6 septembre 1522,4,2,RANGE,,DATE_RULE,SCHOOL
COL-0080,epoque-moderne,Époque moderne,19,EVT-0613,Hernán Cortés entre à Tenochtitlan,8 novembre 1519,5,1,DAY,,DATE_RULE,GENERAL_CULTURE_V1
COL-0080,epoque-moderne,Époque moderne,20,EVT-0614,Chute de Tenochtitlan face aux forces de Cortés,13 août 1521,5,1,DAY,,DATE_RULE,GENERAL_CULTURE_V1
COL-0080,epoque-moderne,Époque moderne,21,EVT-0070,Achèvement de la première circumnavigation par Elcano et la Victoria,6 septembre 1522,4,3,DAY,,DATE_RULE,SCHOOL
COL-0080,epoque-moderne,Époque moderne,22,EVT-0642,Début de la guerre des Paysans allemands,1524,4,2,YEAR,,DATE_RULE,GENERAL_CULTURE_V1
COL-0080,epoque-moderne,Époque moderne,23,EVT-1089,Bataille de Mohács et effondrement du royaume médiéval de Hongrie,1526,4,3,YEAR,,DATE_RULE,GENERAL_CULTURE_V2
COL-0080,epoque-moderne,Époque moderne,24,EVT-0643,Première bataille de Panipat et fondation de l’Empire moghol,21 avril 1526,4,2,DAY,,DATE_RULE,GENERAL_CULTURE_V1
COL-0080,epoque-moderne,Époque moderne,25,EVT-0644,Début du sac de Rome par les troupes impériales,6 mai 1527,4,2,DAY,,DATE_RULE,GENERAL_CULTURE_V1
COL-0080,epoque-moderne,Époque moderne,26,EVT-1090,Conquête de l’Empire inca par les Espagnols autour de Cajamarca,1532,5,2,YEAR,,DATE_RULE,GENERAL_CULTURE_V2
COL-0080,epoque-moderne,Époque moderne,27,EVT-0645,Jacques Cartier prend possession du Canada au nom de François Ier,24 juillet 1534,4,2,DAY,,DATE_RULE,GENERAL_CULTURE_V1
COL-0080,epoque-moderne,Époque moderne,28,EVT-0615,Acte de suprématie établissant Henri VIII à la tête de l’Église d’Angleterre,3 novembre 1534,5,1,DAY,,DATE_RULE,GENERAL_CULTURE_V1
COL-0080,epoque-moderne,Époque moderne,29,EVT-0646,Publication de l’Institution de la religion chrétienne de Calvin,1536,4,2,YEAR,,DATE_RULE,GENERAL_CULTURE_V1
COL-0080,epoque-moderne,Époque moderne,30,EVT-0151,ordonnance de Villers-Cotterêts,25 août 1539,4,4,DAY,,DATE_RULE,SCHOOL
COL-0080,epoque-moderne,Époque moderne,31,EVT-0420,Publication de De revolutionibus de Copernic,1543,3,4,YEAR,,DATE_RULE,SCHOOL
COL-0080,epoque-moderne,Époque moderne,32,EVT-0072,Concile de Trente,1545-1563,4,3,RANGE,,DATE_RULE,SCHOOL
COL-0080,epoque-moderne,Époque moderne,33,EVT-0144,controverse de Valladolid,1550-1551,2,3,RANGE,,DATE_RULE,SCHOOL
COL-0080,epoque-moderne,Époque moderne,34,EVT-0421,Paix d’Augsbourg,25 septembre 1555,3,3,DAY,,DATE_RULE,SCHOOL
COL-0080,epoque-moderne,Époque moderne,35,EVT-0616,Élisabeth Ire devient reine d’Angleterre,17 novembre 1558,5,1,DAY,,DATE_RULE,GENERAL_CULTURE_V1
COL-0080,epoque-moderne,Époque moderne,36,EVT-0073,Guerres de Religion en France,1562-1598,4,3,RANGE,,DATE_RULE,SCHOOL
COL-0080,epoque-moderne,Époque moderne,37,EVT-0617,Massacre de Wassy et début des guerres de Religion en France,1 mars 1562,5,1,DAY,,DATE_RULE,GENERAL_CULTURE_V1
COL-0080,epoque-moderne,Époque moderne,38,EVT-0647,Début du Grand Siège de Malte,18 mai 1565,4,2,DAY,,DATE_RULE,GENERAL_CULTURE_V1
COL-0080,epoque-moderne,Époque moderne,39,EVT-0618,Bataille navale de Lépante,7 octobre 1571,5,1,DAY,,DATE_RULE,GENERAL_CULTURE_V1
COL-0080,epoque-moderne,Époque moderne,40,EVT-0422,Massacre de la Saint-Barthélemy,24 août 1572,4,3,DAY,,DATE_RULE,SCHOOL
COL-0080,epoque-moderne,Époque moderne,41,EVT-1091,Union ibérique sous Philippe II,1580,3,3,YEAR,,DATE_RULE,GENERAL_CULTURE_V2
COL-0080,epoque-moderne,Époque moderne,42,EVT-0648,Entrée en vigueur initiale du calendrier grégorien,15 octobre 1582,4,2,DAY,,DATE_RULE,GENERAL_CULTURE_V1
COL-0080,epoque-moderne,Époque moderne,43,EVT-0649,Exécution de Marie Stuart,8 février 1587,4,2,DAY,,DATE_RULE,GENERAL_CULTURE_V1
COL-0080,epoque-moderne,Époque moderne,44,EVT-0619,Défaite décisive de l’Armada espagnole au large de Gravelines,8 août 1588,5,1,DAY,,DATE_RULE,GENERAL_CULTURE_V1
COL-0080,epoque-moderne,Époque moderne,45,EVT-0330,Règne d’Henri IV,1589-1610,4,3,RANGE,,DATE_RULE,SCHOOL
COL-0080,epoque-moderne,Époque moderne,46,EVT-0065,Édit de Nantes,13 avril 1598,5,1,DAY,,DATE_RULE,SCHOOL
COL-0080,epoque-moderne,Époque moderne,47,EVT-0650,Charte royale fondant la Compagnie anglaise des Indes orientales,31 décembre 1600,4,2,DAY,,DATE_RULE,GENERAL_CULTURE_V1
COL-0080,epoque-moderne,Époque moderne,48,EVT-0651,Fondation de la Compagnie néerlandaise des Indes orientales,20 mars 1602,4,2,DAY,,DATE_RULE,GENERAL_CULTURE_V1
COL-0080,epoque-moderne,Époque moderne,49,EVT-0423,Union des Couronnes d’Angleterre et d’Écosse,24 mars 1603,3,3,DAY,,DATE_RULE,SCHOOL
COL-0080,epoque-moderne,Époque moderne,50,EVT-0620,Tokugawa Ieyasu devient shogun,24 mars 1603,5,1,DAY,,DATE_RULE,GENERAL_CULTURE_V1
COL-0080,epoque-moderne,Époque moderne,51,EVT-0652,Publication de la première partie de Don Quichotte,1605,4,2,YEAR,,DATE_RULE,GENERAL_CULTURE_V1
COL-0080,epoque-moderne,Époque moderne,52,EVT-1092,Conspiration des Poudres à Londres,1605,4,3,YEAR,,DATE_RULE,GENERAL_CULTURE_V2
COL-0080,epoque-moderne,Époque moderne,53,EVT-0653,Échec de la conspiration des Poudres,5 novembre 1605,4,2,DAY,,DATE_RULE,GENERAL_CULTURE_V1
COL-0080,epoque-moderne,Époque moderne,54,EVT-0424,Fondation de Jamestown,14 mai 1607,3,3,DAY,,DATE_RULE,SCHOOL
COL-0080,epoque-moderne,Époque moderne,55,EVT-0621,Fondation de Québec par Samuel de Champlain,3 juillet 1608,5,1,DAY,,DATE_RULE,GENERAL_CULTURE_V1
COL-0080,epoque-moderne,Époque moderne,56,EVT-0654,Publication de l’Astronomia nova de Kepler,1609,4,2,YEAR,,DATE_RULE,GENERAL_CULTURE_V1
COL-0080,epoque-moderne,Époque moderne,57,EVT-0622,Galilée observe les principaux satellites de Jupiter,7 janvier 1610,5,1,DAY,,DATE_RULE,GENERAL_CULTURE_V1
COL-0080,epoque-moderne,Époque moderne,58,EVT-0162,observations télescopiques et publication du *Sidereus Nuncius*,mars 1610 pour la publication,2,3,MONTH,,DATE_RULE,SCHOOL
COL-0080,epoque-moderne,Époque moderne,59,EVT-0426,Guerre de Trente Ans,23 mai 1618-24 octobre 1648,4,3,RANGE,,DATE_RULE,SCHOOL
COL-0080,epoque-moderne,Époque moderne,60,EVT-0623,Défenestration de Prague et début de la guerre de Trente Ans,23 mai 1618,5,1,DAY,,DATE_RULE,GENERAL_CULTURE_V1
COL-0080,epoque-moderne,Époque moderne,61,EVT-1093,Arrivée du Mayflower à Plymouth,1620,5,2,YEAR,,DATE_RULE,GENERAL_CULTURE_V2
COL-0080,epoque-moderne,Époque moderne,62,EVT-0425,Mayflower Compact,11 novembre 1620 julien ; 21 novembre 1620 grégorien,3,3,DAY,,DATE_RULE,SCHOOL
COL-0080,epoque-moderne,Époque moderne,63,EVT-1094,Fondation de la colonie de Nouvelle-Néerlande,1624,3,3,YEAR,,DATE_RULE,GENERAL_CULTURE_V2
COL-0080,epoque-moderne,Époque moderne,64,EVT-0624,Publication du traité de William Harvey sur la circulation du sang,1628,5,1,YEAR,,DATE_RULE,GENERAL_CULTURE_V1
COL-0080,epoque-moderne,Époque moderne,65,EVT-0655,Acceptation de la Petition of Right par Charles Ier,7 juin 1628,4,2,DAY,,DATE_RULE,GENERAL_CULTURE_V1
COL-0080,epoque-moderne,Époque moderne,66,EVT-0656,Publication du Dialogue sur les deux grands systèmes du monde de Galilée,1632,4,2,YEAR,,DATE_RULE,GENERAL_CULTURE_V1
COL-0080,epoque-moderne,Époque moderne,67,EVT-1095,Procès de Galilée par l’Inquisition,1633,5,2,YEAR,,DATE_RULE,GENERAL_CULTURE_V2
COL-0080,epoque-moderne,Époque moderne,68,EVT-0163,condamnation par le Saint-Office,22 juin 1633,2,3,DAY,,DATE_RULE,SCHOOL
COL-0080,epoque-moderne,Époque moderne,69,EVT-0625,Publication du Discours de la méthode de Descartes,8 juin 1637,5,1,DAY,,DATE_RULE,GENERAL_CULTURE_V1
COL-0080,epoque-moderne,Époque moderne,70,EVT-0167,révolte normande des Va Nu-pieds,1639,2,3,YEAR,,DATE_RULE,SCHOOL
COL-0080,epoque-moderne,Époque moderne,71,EVT-0427,Début de la guerre civile anglaise,22 août 1642,3,3,DAY,,DATE_RULE,SCHOOL
COL-0080,epoque-moderne,Époque moderne,72,EVT-0067,Règne de Louis XIV,1643-1715,4,2,RANGE,,DATE_RULE,SCHOOL
COL-0080,epoque-moderne,Époque moderne,73,EVT-0074,Fronde,1648-1653,2,3,RANGE,,DATE_RULE,SCHOOL
COL-0080,epoque-moderne,Époque moderne,74,EVT-0295,Signature des traités de Westphalie,24 octobre 1648,4,3,DAY,,DATE_RULE,SCHOOL
COL-0080,epoque-moderne,Époque moderne,75,EVT-0428,Exécution de Charles Ier d’Angleterre,30 janvier 1649,3,3,DAY,,DATE_RULE,SCHOOL
COL-0080,epoque-moderne,Époque moderne,76,EVT-0657,Publication du Léviathan de Thomas Hobbes,1651,4,2,YEAR,,DATE_RULE,GENERAL_CULTURE_V1
COL-0080,epoque-moderne,Époque moderne,77,EVT-0658,Oliver Cromwell devient Lord Protecteur,16 décembre 1653,4,2,DAY,,DATE_RULE,GENERAL_CULTURE_V1
COL-0080,epoque-moderne,Époque moderne,78,EVT-0659,Restauration de la monarchie anglaise avec Charles II,29 mai 1660,4,2,DAY,,DATE_RULE,GENERAL_CULTURE_V1
COL-0080,epoque-moderne,Époque moderne,79,EVT-0066,Gouvernement personnel de Louis XIV,10 mars 1661-1er septembre 1715,4,3,RANGE,,DATE_RULE,SCHOOL
COL-0080,epoque-moderne,Époque moderne,80,EVT-0075,Début du gouvernement personnel de Louis XIV,10 mars 1661,4,3,DAY,,DATE_RULE,SCHOOL
COL-0080,epoque-moderne,Époque moderne,81,EVT-0152,création de la Compagnie française des Indes orientales,août 1664,2,3,MONTH,,DATE_RULE,SCHOOL
COL-0080,epoque-moderne,Époque moderne,82,EVT-0153,déclaration royale liée aux compagnies des Indes orientales et occidentales,27 août 1664,2,4,DAY,,DATE_RULE,SCHOOL
COL-0080,epoque-moderne,Époque moderne,83,EVT-0660,Grande peste de Londres,1665,4,2,YEAR,,DATE_RULE,GENERAL_CULTURE_V1
COL-0080,epoque-moderne,Époque moderne,84,EVT-0661,Publication de Micrographia de Robert Hooke,1665,4,2,YEAR,,DATE_RULE,GENERAL_CULTURE_V1
COL-0080,epoque-moderne,Époque moderne,85,EVT-0626,Début du grand incendie de Londres,2 septembre 1666,5,1,DAY,,DATE_RULE,GENERAL_CULTURE_V1
COL-0080,epoque-moderne,Époque moderne,86,EVT-0367,Ordonnance de 1669 sur les Eaux et Forêts,août 1669,3,3,MONTH,,DATE_RULE,SCHOOL
COL-0080,epoque-moderne,Époque moderne,87,EVT-1096,Début de la guerre de Hollande,6 avril 1672,3,3,DAY,,DATE_RULE,GENERAL_CULTURE_V2
COL-0080,epoque-moderne,Époque moderne,88,EVT-0662,Antonie van Leeuwenhoek observe des micro-organismes,1676,4,2,YEAR,,DATE_RULE,GENERAL_CULTURE_V1
COL-0080,epoque-moderne,Époque moderne,89,EVT-0156,assentiment royal au Habeas Corpus Act,27 mai 1679,3,4,DAY,,DATE_RULE,SCHOOL
COL-0080,epoque-moderne,Époque moderne,90,EVT-0154,installation de la Cour et du siège du gouvernement à Versailles,6 mai 1682,4,3,DAY,,DATE_RULE,SCHOOL
COL-0080,epoque-moderne,Époque moderne,91,EVT-1097,Échec du second siège ottoman de Vienne,1683,5,2,YEAR,,DATE_RULE,GENERAL_CULTURE_V2
COL-0080,epoque-moderne,Époque moderne,92,EVT-0333,Code noir,mars 1685 pour l’édit concernant les îles françaises d’Amérique,4,3,MONTH,,DATE_RULE,SCHOOL
COL-0080,epoque-moderne,Époque moderne,93,EVT-0076,Édit de Fontainebleau / révocation de l’édit de Nantes,18 octobre 1685,5,2,DAY,,DATE_RULE,SCHOOL
COL-0080,epoque-moderne,Époque moderne,94,EVT-0429,Glorieuse Révolution,1688-1689,5,2,RANGE,,DATE_RULE,SCHOOL
COL-0080,epoque-moderne,Époque moderne,95,EVT-0157,assentiment royal au Bill of Rights,16 décembre 1689,3,4,DAY,,DATE_RULE,SCHOOL
COL-0080,epoque-moderne,Époque moderne,96,EVT-0663,Bataille de la Boyne,1er juillet 1690 (calendrier julien alors en usage ; 11 juillet grégorien),4,2,DAY,,DATE_RULE,GENERAL_CULTURE_V1
COL-0080,epoque-moderne,Époque moderne,97,EVT-0664,Fondation de la Banque d’Angleterre,27 juillet 1694,4,2,DAY,,DATE_RULE,GENERAL_CULTURE_V1
COL-0080,epoque-moderne,Époque moderne,98,EVT-1098,Traité de Ryswick mettant fin à la guerre de la Ligue d’Augsbourg,20 septembre 1697,3,3,DAY,,DATE_RULE,GENERAL_CULTURE_V2
COL-0080,epoque-moderne,Époque moderne,99,EVT-0665,Début de la guerre de Succession d’Espagne,9 juillet 1701,4,2,DAY,,DATE_RULE,GENERAL_CULTURE_V1
COL-0080,epoque-moderne,Époque moderne,100,EVT-0430,Fondation de Saint-Pétersbourg,27 mai 1703,3,3,DAY,,DATE_RULE,SCHOOL
COL-0080,epoque-moderne,Époque moderne,101,EVT-0627,Entrée en vigueur des Actes d’Union créant le royaume de Grande-Bretagne,1 mai 1707,5,1,DAY,,DATE_RULE,GENERAL_CULTURE_V1
COL-0080,epoque-moderne,Époque moderne,102,EVT-0164,première machine atmosphérique pratique de Newcomen utilisée pour pomper une mine,1712,2,3,YEAR,,DATE_RULE,SCHOOL
COL-0080,epoque-moderne,Époque moderne,103,EVT-0666,Traité d’Utrecht,11 avril 1713,4,2,DAY,,DATE_RULE,GENERAL_CULTURE_V1
COL-0080,epoque-moderne,Époque moderne,104,EVT-0077,Mort de Louis XIV,1er septembre 1715,4,3,DAY,,DATE_RULE,SCHOOL
COL-0080,epoque-moderne,Époque moderne,105,EVT-1099,Éclatement de la bulle des mers du Sud,1720,3,3,YEAR,,DATE_RULE,GENERAL_CULTURE_V2
COL-0080,epoque-moderne,Époque moderne,106,EVT-1100,Proclamation de l’Empire russe sous Pierre le Grand,1721,4,3,YEAR,,DATE_RULE,GENERAL_CULTURE_V2
COL-0080,epoque-moderne,Époque moderne,107,EVT-0667,Proclamation de l’Empire russe,2 novembre 1721,4,2,DAY,,DATE_RULE,GENERAL_CULTURE_V1
COL-0080,epoque-moderne,Époque moderne,108,EVT-0158,séjour/exil de Voltaire en Angleterre,1726-1728/1729 selon la borne biographique retenue,2,3,RANGE,,DATE_RULE,SCHOOL
COL-0080,epoque-moderne,Époque moderne,109,EVT-0159,édition anglaise *Letters concerning the English Nation*,1733,2,3,YEAR,,DATE_RULE,SCHOOL
COL-0080,epoque-moderne,Époque moderne,110,EVT-1101,Invention de la navette volante par John Kay,1733,3,3,YEAR,,DATE_RULE,GENERAL_CULTURE_V2
COL-0080,epoque-moderne,Époque moderne,111,EVT-0160,première édition française des *Lettres philosophiques*,1734,2,3,YEAR,,DATE_RULE,SCHOOL
COL-0080,epoque-moderne,Époque moderne,112,EVT-0668,Publication de la première édition de Systema Naturae de Linné,1735,4,2,YEAR,,DATE_RULE,GENERAL_CULTURE_V1
COL-0080,epoque-moderne,Époque moderne,113,EVT-1102,Début de la guerre de Succession d’Autriche,1740,4,3,YEAR,,DATE_RULE,GENERAL_CULTURE_V2
COL-0080,epoque-moderne,Époque moderne,114,EVT-0669,Marie-Thérèse hérite des possessions des Habsbourg,20 octobre 1740,4,2,DAY,,DATE_RULE,GENERAL_CULTURE_V1
COL-0080,epoque-moderne,Époque moderne,115,EVT-0670,Publication de De l’esprit des lois de Montesquieu,1748,4,2,YEAR,,DATE_RULE,GENERAL_CULTURE_V1
COL-0080,epoque-moderne,Époque moderne,116,EVT-0166,publication de l’*Encyclopédie* de Diderot et d’Alembert,1751-1772,4,2,RANGE,,DATE_RULE,SCHOOL
COL-0080,epoque-moderne,Époque moderne,117,EVT-0671,Expérience du cerf-volant attribuée à Benjamin Franklin,juin 1752,4,2,MONTH,,DATE_RULE,GENERAL_CULTURE_V1
COL-0080,epoque-moderne,Époque moderne,118,EVT-0628,Séisme de Lisbonne,1 novembre 1755,5,1,DAY,,DATE_RULE,GENERAL_CULTURE_V1
COL-0080,epoque-moderne,Époque moderne,119,EVT-0431,Guerre de Sept Ans,1756-1763,4,3,RANGE,,DATE_RULE,SCHOOL
COL-0080,epoque-moderne,Époque moderne,120,EVT-0165,publication posthume de sa traduction commentée des *Principia* de Newton,1759,2,3,YEAR,,DATE_RULE,SCHOOL
COL-0080,epoque-moderne,Époque moderne,121,EVT-0672,Bataille des Plaines d’Abraham,13 septembre 1759,4,2,DAY,,DATE_RULE,GENERAL_CULTURE_V1
COL-0080,epoque-moderne,Époque moderne,122,EVT-0432,Publication du Contrat social de Rousseau,1762,3,4,YEAR,,DATE_RULE,SCHOOL
COL-0080,epoque-moderne,Époque moderne,123,EVT-0629,Traité de Paris mettant fin à la guerre de Sept Ans,10 février 1763,5,1,DAY,,DATE_RULE,GENERAL_CULTURE_V1
COL-0080,epoque-moderne,Époque moderne,124,EVT-0673,Invention de la Spinning Jenny,1764,4,2,YEAR,,DATE_RULE,GENERAL_CULTURE_V1
COL-0080,epoque-moderne,Époque moderne,125,EVT-1103,Adoption du Stamp Act dans les colonies britanniques d’Amérique,1765,4,3,YEAR,,DATE_RULE,GENERAL_CULTURE_V2
COL-0080,epoque-moderne,Époque moderne,126,EVT-0674,Adoption du Stamp Act britannique,22 mars 1765,4,2,DAY,,DATE_RULE,GENERAL_CULTURE_V1
COL-0080,epoque-moderne,Époque moderne,127,EVT-0630,Brevet de James Watt pour une machine à vapeur améliorée,5 janvier 1769,5,1,DAY,,DATE_RULE,GENERAL_CULTURE_V1
COL-0080,epoque-moderne,Époque moderne,128,EVT-0675,Massacre de Boston,5 mars 1770,4,2,DAY,,DATE_RULE,GENERAL_CULTURE_V1
COL-0080,epoque-moderne,Époque moderne,129,EVT-0433,Boston Tea Party,16 décembre 1773,4,3,DAY,,DATE_RULE,SCHOOL
COL-0080,epoque-moderne,Époque moderne,130,EVT-0676,Ouverture du Premier Congrès continental,5 septembre 1774,4,2,DAY,,DATE_RULE,GENERAL_CULTURE_V1
COL-0080,epoque-moderne,Époque moderne,131,EVT-0631,Batailles de Lexington et Concord,19 avril 1775,5,1,DAY,,DATE_RULE,GENERAL_CULTURE_V1
COL-0080,epoque-moderne,Époque moderne,132,EVT-0632,Publication de La Richesse des nations d’Adam Smith,1776,5,1,YEAR,,DATE_RULE,GENERAL_CULTURE_V1
COL-0080,epoque-moderne,Époque moderne,133,EVT-0434,Déclaration d’indépendance des États-Unis,4 juillet 1776,5,2,DAY,,DATE_RULE,SCHOOL
COL-0080,epoque-moderne,Époque moderne,134,EVT-0435,Capitulation britannique à Saratoga,17 octobre 1777,4,3,DAY,,DATE_RULE,SCHOOL
COL-0080,epoque-moderne,Époque moderne,135,EVT-1104,Victoire franco-américaine à Yorktown,1781,5,2,YEAR,,DATE_RULE,GENERAL_CULTURE_V2
COL-0080,epoque-moderne,Époque moderne,136,EVT-0677,Découverte d’Uranus par William Herschel,13 mars 1781,4,2,DAY,,DATE_RULE,GENERAL_CULTURE_V1
COL-0080,epoque-moderne,Époque moderne,137,EVT-0436,Capitulation britannique à Yorktown,19 octobre 1781,4,3,DAY,,DATE_RULE,SCHOOL
COL-0080,epoque-moderne,Époque moderne,138,EVT-1105,Traité de Paris reconnaissant l’indépendance des États-Unis,1783,5,2,YEAR,,DATE_RULE,GENERAL_CULTURE_V2
COL-0080,epoque-moderne,Époque moderne,139,EVT-0437,Traité de Paris mettant fin à la guerre d’indépendance américaine,3 septembre 1783,3,4,DAY,,DATE_RULE,SCHOOL
COL-0080,epoque-moderne,Époque moderne,140,EVT-0633,Premier vol habité libre en montgolfière,21 novembre 1783,5,1,DAY,,DATE_RULE,GENERAL_CULTURE_V1
COL-0080,epoque-moderne,Époque moderne,141,EVT-0438,Signature de la Constitution des États-Unis,17 septembre 1787,5,2,DAY,,DATE_RULE,SCHOOL
COL-0080,epoque-moderne,Époque moderne,142,EVT-1106,Première élection présidentielle des États-Unis,1788,3,3,YEAR,,DATE_RULE,GENERAL_CULTURE_V2
COL-0080,epoque-moderne,Époque moderne,143,EVT-0678,Arrivée de la First Fleet à Sydney Cove,26 janvier 1788,4,2,DAY,,DATE_RULE,GENERAL_CULTURE_V1
COL-0080,epoque-moderne,Époque moderne,144,EVT-0161,première investiture/inauguration présidentielle,30 avril 1789,2,4,DAY,,DATE_RULE,SCHOOL
COL-0080,epoque-moderne,Époque moderne,145,EVT-0634,Investiture de George Washington comme premier président des États-Unis,30 avril 1789,5,1,DAY,,DATE_RULE,GENERAL_CULTURE_V1
COL-0080,epoque-moderne,Époque moderne,146,EVT-0334,Ouverture des États généraux,5 mai 1789 pour l’ouverture ; ne pas fusionner avec la rédaction des cahiers de doléances,4,2,DAY,,DATE_RULE,SCHOOL
COL-0080,epoque-moderne,Époque moderne,147,EVT-0348,Révolution française,5 mai 1789 - 9 novembre 1799,5,1,RANGE,,DATE_RULE,SCHOOL
COL-0080,epoque-moderne,Époque moderne,148,EVT-0173,prise de la Bastille,14 juillet 1789,5,1,DAY,,DATE_RULE,SCHOOL
COL-0080,epoque-moderne,Époque moderne,149,EVT-0174,Nuit du 4 août / abolition des privilèges,nuit du 4 au 5 août 1789,4,2,RANGE,,DATE_RULE,SCHOOL
COL-0080,epoque-moderne,Époque moderne,150,EVT-0175,Adoption de la Déclaration des droits de l’homme et du citoyen,26 août 1789,5,1,DAY,,DATE_RULE,SCHOOL
COL-0080,epoque-moderne,Époque moderne,151,EVT-0337,Marche des femmes sur Versailles,5-6 octobre 1789,4,3,RANGE,,DATE_RULE,SCHOOL
COL-0081,xixe-siecle,XIXe siècle,1,EVT-1116,Acte d’Union entre la Grande-Bretagne et l’Irlande,1801,4,3,YEAR,,DATE_RULE,GENERAL_CULTURE_V2
COL-0081,xixe-siecle,XIXe siècle,2,EVT-0728,Création du Royaume-Uni de Grande-Bretagne et d’Irlande,1 janvier 1801,4,2,DAY,,DATE_RULE,GENERAL_CULTURE_V1
COL-0081,xixe-siecle,XIXe siècle,3,EVT-0729,Découverte de Cérès par Giuseppe Piazzi,1 janvier 1801,4,2,DAY,,DATE_RULE,GENERAL_CULTURE_V1
COL-0081,xixe-siecle,XIXe siècle,4,EVT-0079,Loi du 30 floréal an X relative à l'esclavage dans les colonies,20 mai 1802,2,4,DAY,,DATE_RULE,SCHOOL
COL-0081,xixe-siecle,XIXe siècle,5,EVT-0681,Signature de la vente de la Louisiane aux États-Unis,30 avril 1803,5,1,DAY,,DATE_RULE,GENERAL_CULTURE_V1
COL-0081,xixe-siecle,XIXe siècle,6,EVT-1117,5e élection présidentielle des États-Unis,1804,3,3,YEAR,,DATE_RULE,GENERAL_CULTURE_V2
COL-0081,xixe-siecle,XIXe siècle,7,EVT-0447,Indépendance d’Haïti,1er janvier 1804,4,3,DAY,,DATE_RULE,SCHOOL
COL-0081,xixe-siecle,XIXe siècle,8,EVT-0180,Promulgation du Code civil,21 mars 1804,5,2,DAY,,DATE_RULE,SCHOOL
COL-0081,xixe-siecle,XIXe siècle,9,EVT-0682,Proclamation de Napoléon Bonaparte comme empereur des Français,18 mai 1804,5,1,DAY,,DATE_RULE,GENERAL_CULTURE_V1
COL-0081,xixe-siecle,XIXe siècle,10,EVT-0683,Bataille de Trafalgar,21 octobre 1805,5,1,DAY,,DATE_RULE,GENERAL_CULTURE_V1
COL-0081,xixe-siecle,XIXe siècle,11,EVT-0730,Dissolution du Saint-Empire romain germanique,6 août 1806,4,2,DAY,,DATE_RULE,GENERAL_CULTURE_V1
COL-0081,xixe-siecle,XIXe siècle,12,EVT-0684,Abolition britannique de la traite négrière,25 mars 1807,5,1,DAY,,DATE_RULE,GENERAL_CULTURE_V1
COL-0081,xixe-siecle,XIXe siècle,13,EVT-1118,Début de la guerre d’indépendance espagnole,1808,4,3,YEAR,,DATE_RULE,GENERAL_CULTURE_V2
COL-0081,xixe-siecle,XIXe siècle,14,EVT-1119,6e élection présidentielle des États-Unis,1808,2,4,YEAR,,DATE_RULE,GENERAL_CULTURE_V2
COL-0081,xixe-siecle,XIXe siècle,15,EVT-0731,Soulèvement du Dos de Mayo à Madrid,2 mai 1808,4,2,DAY,,DATE_RULE,GENERAL_CULTURE_V1
COL-0081,xixe-siecle,XIXe siècle,16,EVT-1120,Début des guerres d’indépendance hispano-américaines,1810,5,2,YEAR,,DATE_RULE,GENERAL_CULTURE_V2
COL-0081,xixe-siecle,XIXe siècle,17,EVT-0685,Grito de Dolores et début de la guerre d’indépendance du Mexique,16 septembre 1810,5,1,DAY,,DATE_RULE,GENERAL_CULTURE_V1
COL-0081,xixe-siecle,XIXe siècle,18,EVT-1121,Campagne de Russie de Napoléon,1812,5,2,YEAR,,DATE_RULE,GENERAL_CULTURE_V2
COL-0081,xixe-siecle,XIXe siècle,19,EVT-1122,7e élection présidentielle des États-Unis,1812,2,4,YEAR,,DATE_RULE,GENERAL_CULTURE_V2
COL-0081,xixe-siecle,XIXe siècle,20,EVT-0732,Début de la guerre anglo-américaine de 1812,18 juin 1812,4,2,DAY,,DATE_RULE,GENERAL_CULTURE_V1
COL-0081,xixe-siecle,XIXe siècle,21,EVT-0686,Début de l’invasion de la Russie par Napoléon,24 juin 1812,5,1,DAY,,DATE_RULE,GENERAL_CULTURE_V1
COL-0081,xixe-siecle,XIXe siècle,22,EVT-0687,Début de la bataille de Leipzig,16 octobre 1813,5,1,DAY,,DATE_RULE,GENERAL_CULTURE_V1
COL-0081,xixe-siecle,XIXe siècle,23,EVT-0181,congrès de Vienne,18 septembre 1814 - 9 juin 1815,4,3,RANGE,,DATE_RULE,SCHOOL
COL-0081,xixe-siecle,XIXe siècle,24,EVT-0182,Acte final du congrès de Vienne,9 juin 1815,3,4,DAY,,DATE_RULE,SCHOOL
COL-0081,xixe-siecle,XIXe siècle,25,EVT-0448,Bataille de Waterloo,18 juin 1815,5,1,DAY,,DATE_RULE,SCHOOL
COL-0081,xixe-siecle,XIXe siècle,26,EVT-1123,8e élection présidentielle des États-Unis,1816,2,4,YEAR,,DATE_RULE,GENERAL_CULTURE_V2
COL-0081,xixe-siecle,XIXe siècle,27,EVT-0733,Déclaration d’indépendance de l’Argentine,9 juillet 1816,4,2,DAY,,DATE_RULE,GENERAL_CULTURE_V1
COL-0081,xixe-siecle,XIXe siècle,28,EVT-0734,Proclamation de l’indépendance du Chili,12 février 1818,4,2,DAY,,DATE_RULE,GENERAL_CULTURE_V1
COL-0081,xixe-siecle,XIXe siècle,29,EVT-0262,"Discours de Benjamin Constant, *De la liberté des Anciens comparée à celle des Modernes*",1819,3,3,YEAR,,DATE_RULE,SCHOOL
COL-0081,xixe-siecle,XIXe siècle,30,EVT-0735,Massacre de Peterloo à Manchester,16 août 1819,4,2,DAY,,DATE_RULE,GENERAL_CULTURE_V1
COL-0081,xixe-siecle,XIXe siècle,31,EVT-0010,Essor industriel en France,1820-1830 environ pour l’entrée de la France dans l’industrialisation ; l’accélération se poursuit après 1830,3,3,RANGE,,DATE_RULE,SCHOOL
COL-0081,xixe-siecle,XIXe siècle,32,EVT-1124,9e élection présidentielle des États-Unis,1820,2,4,YEAR,,DATE_RULE,GENERAL_CULTURE_V2
COL-0081,xixe-siecle,XIXe siècle,33,EVT-0736,Compromis du Missouri,6 mars 1820,4,2,DAY,,DATE_RULE,GENERAL_CULTURE_V1
COL-0081,xixe-siecle,XIXe siècle,34,EVT-0449,Début conventionnel de la guerre d’indépendance grecque,25 mars 1821,4,3,DAY,,DATE_RULE,SCHOOL
COL-0081,xixe-siecle,XIXe siècle,35,EVT-0737,Entrée de l’armée des Trois Garanties à Mexico et indépendance effective du Mexique,27 septembre 1821,4,2,DAY,,DATE_RULE,GENERAL_CULTURE_V1
COL-0081,xixe-siecle,XIXe siècle,36,EVT-0183,massacre de Chios,avril 1822,3,3,MONTH,,DATE_RULE,SCHOOL
COL-0081,xixe-siecle,XIXe siècle,37,EVT-0688,Déclaration d’indépendance du Brésil,7 septembre 1822,5,1,DAY,,DATE_RULE,GENERAL_CULTURE_V1
COL-0081,xixe-siecle,XIXe siècle,38,EVT-0689,Champollion annonce le déchiffrement des hiéroglyphes égyptiens,27 septembre 1822,5,1,DAY,,DATE_RULE,GENERAL_CULTURE_V1
COL-0081,xixe-siecle,XIXe siècle,39,EVT-0690,Proclamation de la doctrine Monroe,2 décembre 1823,5,1,DAY,,DATE_RULE,GENERAL_CULTURE_V1
COL-0081,xixe-siecle,XIXe siècle,40,EVT-1125,10e élection présidentielle des États-Unis,1824,2,4,YEAR,,DATE_RULE,GENERAL_CULTURE_V2
COL-0081,xixe-siecle,XIXe siècle,41,EVT-0691,Ouverture du chemin de fer Stockton-Darlington,27 septembre 1825,5,1,DAY,,DATE_RULE,GENERAL_CULTURE_V1
COL-0081,xixe-siecle,XIXe siècle,42,EVT-0738,Bataille navale de Navarin,20 octobre 1827,4,2,DAY,,DATE_RULE,GENERAL_CULTURE_V1
COL-0081,xixe-siecle,XIXe siècle,43,EVT-1126,11e élection présidentielle des États-Unis,1828,2,4,YEAR,,DATE_RULE,GENERAL_CULTURE_V2
COL-0081,xixe-siecle,XIXe siècle,44,EVT-1127,Émancipation des catholiques au Royaume-Uni,1829,4,3,YEAR,,DATE_RULE,GENERAL_CULTURE_V2
COL-0081,xixe-siecle,XIXe siècle,45,EVT-0739,Catholic Relief Act au Royaume-Uni,13 avril 1829,4,2,DAY,,DATE_RULE,GENERAL_CULTURE_V1
COL-0081,xixe-siecle,XIXe siècle,46,EVT-1128,Indépendance de la Belgique,1830,5,2,YEAR,,DATE_RULE,GENERAL_CULTURE_V2
COL-0081,xixe-siecle,XIXe siècle,47,EVT-0184,Trois Glorieuses,27-29 juillet 1830,4,3,RANGE,,DATE_RULE,SCHOOL
COL-0081,xixe-siecle,XIXe siècle,48,EVT-0451,Début de la révolution belge,25 août 1830,4,3,DAY,,DATE_RULE,SCHOOL
COL-0081,xixe-siecle,XIXe siècle,49,EVT-0452,Proclamation de l’indépendance belge,4 octobre 1830,3,3,DAY,,DATE_RULE,SCHOOL
COL-0081,xixe-siecle,XIXe siècle,50,EVT-1129,Insurrection polonaise de Novembre écrasée par la Russie,1831,4,3,YEAR,,DATE_RULE,GENERAL_CULTURE_V2
COL-0081,xixe-siecle,XIXe siècle,51,EVT-0453,Première révolte des canuts,21-24 novembre 1831,3,3,RANGE,,DATE_RULE,SCHOOL
COL-0081,xixe-siecle,XIXe siècle,52,EVT-0740,Départ du HMS Beagle avec Charles Darwin,27 décembre 1831,4,2,DAY,,DATE_RULE,GENERAL_CULTURE_V1
COL-0081,xixe-siecle,XIXe siècle,53,EVT-1130,Great Reform Act au Royaume-Uni,1832,5,2,YEAR,,DATE_RULE,GENERAL_CULTURE_V2
COL-0081,xixe-siecle,XIXe siècle,54,EVT-1131,12e élection présidentielle des États-Unis,1832,2,4,YEAR,,DATE_RULE,GENERAL_CULTURE_V2
COL-0081,xixe-siecle,XIXe siècle,55,EVT-0454,Reform Act britannique de 1832,7 juin 1832,3,4,DAY,,DATE_RULE,SCHOOL
COL-0081,xixe-siecle,XIXe siècle,56,EVT-0450,Reconnaissance internationale du royaume de Grèce,21 juillet 1832,3,4,DAY,,DATE_RULE,SCHOOL
COL-0081,xixe-siecle,XIXe siècle,57,EVT-1132,Slavery Abolition Act dans l’Empire britannique,1833,5,2,YEAR,,DATE_RULE,GENERAL_CULTURE_V2
COL-0081,xixe-siecle,XIXe siècle,58,EVT-0455,Sanction royale du Slavery Abolition Act 1833,28 août 1833,3,4,DAY,,DATE_RULE,SCHOOL
COL-0081,xixe-siecle,XIXe siècle,59,EVT-0548,Entrée en vigueur principale du Slavery Abolition Act 1833,1er août 1834,4,4,DAY,,DATE_RULE,SCHOOL
COL-0081,xixe-siecle,XIXe siècle,60,EVT-0263,Publication du premier ensemble de *De la démocratie en Amérique*,1835,3,3,YEAR,,DATE_RULE,SCHOOL
COL-0081,xixe-siecle,XIXe siècle,61,EVT-0283,Fondation de l’Agence Havas,1835,3,3,YEAR,,DATE_RULE,SCHOOL
COL-0081,xixe-siecle,XIXe siècle,62,EVT-1133,13e élection présidentielle des États-Unis,1836,2,4,YEAR,,DATE_RULE,GENERAL_CULTURE_V2
COL-0081,xixe-siecle,XIXe siècle,63,EVT-1134,Début du règne de la reine Victoria,1837,5,2,YEAR,,DATE_RULE,GENERAL_CULTURE_V2
COL-0081,xixe-siecle,XIXe siècle,64,EVT-0741,Victoria devient reine du Royaume-Uni,20 juin 1837,4,2,DAY,,DATE_RULE,GENERAL_CULTURE_V1
COL-0081,xixe-siecle,XIXe siècle,65,EVT-1135,Arrivée du Great Western à New York après une traversée transatlantique à vapeur,23 avril 1838,3,3,DAY,,DATE_RULE,GENERAL_CULTURE_V2
COL-0081,xixe-siecle,XIXe siècle,66,EVT-0693,Annonce publique du procédé photographique de Daguerre,7 janvier 1839,5,1,DAY,,DATE_RULE,GENERAL_CULTURE_V1
COL-0081,xixe-siecle,XIXe siècle,67,EVT-0694,Début de la première guerre de l’Opium,4 septembre 1839,5,1,DAY,,DATE_RULE,GENERAL_CULTURE_V1
COL-0081,xixe-siecle,XIXe siècle,68,EVT-0264,Publication du second ensemble de *De la démocratie en Amérique*,1840,3,3,YEAR,,DATE_RULE,SCHOOL
COL-0081,xixe-siecle,XIXe siècle,69,EVT-1136,Traité de Waitangi en Nouvelle-Zélande,1840,4,3,YEAR,,DATE_RULE,GENERAL_CULTURE_V2
COL-0081,xixe-siecle,XIXe siècle,70,EVT-1137,14e élection présidentielle des États-Unis,1840,2,4,YEAR,,DATE_RULE,GENERAL_CULTURE_V2
COL-0081,xixe-siecle,XIXe siècle,71,EVT-0742,Signature du traité de Waitangi,6 février 1840,4,2,DAY,,DATE_RULE,GENERAL_CULTURE_V1
COL-0081,xixe-siecle,XIXe siècle,72,EVT-0743,"Mise en vente du Penny Black, premier timbre-poste adhésif",1 mai 1840,4,2,DAY,,DATE_RULE,GENERAL_CULTURE_V1
COL-0081,xixe-siecle,XIXe siècle,73,EVT-0695,Traité de Nankin mettant fin à la première guerre de l’Opium,29 août 1842,5,1,DAY,,DATE_RULE,GENERAL_CULTURE_V1
COL-0081,xixe-siecle,XIXe siècle,74,EVT-1138,Publication de A Christmas Carol de Charles Dickens,19 décembre 1843,3,3,DAY,,DATE_RULE,GENERAL_CULTURE_V2
COL-0081,xixe-siecle,XIXe siècle,75,EVT-1139,15e élection présidentielle des États-Unis,1844,2,4,YEAR,,DATE_RULE,GENERAL_CULTURE_V2
COL-0081,xixe-siecle,XIXe siècle,76,EVT-0456,Premier message télégraphique de Morse,24 mai 1844,3,3,DAY,,DATE_RULE,SCHOOL
COL-0081,xixe-siecle,XIXe siècle,77,EVT-0457,Grande famine irlandaise,1845-1852,3,4,RANGE,,DATE_RULE,SCHOOL
COL-0081,xixe-siecle,XIXe siècle,78,EVT-1140,Début de la Grande Famine en Irlande,1845,5,2,YEAR,,DATE_RULE,GENERAL_CULTURE_V2
COL-0081,xixe-siecle,XIXe siècle,79,EVT-1141,Début de la guerre américano-mexicaine,1846,4,3,YEAR,,DATE_RULE,GENERAL_CULTURE_V2
COL-0081,xixe-siecle,XIXe siècle,80,EVT-0744,Abrogation des Corn Laws britanniques,25 juin 1846,4,2,DAY,,DATE_RULE,GENERAL_CULTURE_V1
COL-0081,xixe-siecle,XIXe siècle,81,EVT-0696,Observation de Neptune confirmant sa découverte,23 septembre 1846,5,1,DAY,,DATE_RULE,GENERAL_CULTURE_V1
COL-0081,xixe-siecle,XIXe siècle,82,EVT-0745,Proclamation d’indépendance du Liberia,26 juillet 1847,4,2,DAY,,DATE_RULE,GENERAL_CULTURE_V1
COL-0081,xixe-siecle,XIXe siècle,83,EVT-0350,Printemps des peuples,"1848, principalement de février à l’été",3,3,YEAR,,DATE_RULE,SCHOOL
COL-0081,xixe-siecle,XIXe siècle,84,EVT-1142,16e élection présidentielle des États-Unis,1848,2,4,YEAR,,DATE_RULE,GENERAL_CULTURE_V2
COL-0081,xixe-siecle,XIXe siècle,85,EVT-0697,Publication du Manifeste du Parti communiste,21 février 1848,5,1,DAY,,DATE_RULE,GENERAL_CULTURE_V1
COL-0081,xixe-siecle,XIXe siècle,86,EVT-0185,chute de la monarchie de Juillet / révolution de Février,22-24 février 1848,2,3,RANGE,,DATE_RULE,SCHOOL
COL-0081,xixe-siecle,XIXe siècle,87,EVT-0186,proclamation de la Deuxième République,24 février 1848,4,3,DAY,,DATE_RULE,SCHOOL
COL-0081,xixe-siecle,XIXe siècle,88,EVT-0187,Décret instaurant le suffrage universel masculin,5 mars 1848,4,2,DAY,,DATE_RULE,SCHOOL
COL-0081,xixe-siecle,XIXe siècle,89,EVT-0188,abolition de l’esclavage dans les colonies françaises,27 avril 1848,4,2,DAY,,DATE_RULE,SCHOOL
COL-0081,xixe-siecle,XIXe siècle,90,EVT-0458,Journées de Juin 1848,23-26 juin 1848,3,3,RANGE,,DATE_RULE,SCHOOL
COL-0081,xixe-siecle,XIXe siècle,91,EVT-0698,Ouverture de la convention de Seneca Falls,19 juillet 1848,5,1,DAY,,DATE_RULE,GENERAL_CULTURE_V1
COL-0081,xixe-siecle,XIXe siècle,92,EVT-0189,Constitution de la Deuxième République,4 novembre 1848,4,4,DAY,,DATE_RULE,SCHOOL
COL-0081,xixe-siecle,XIXe siècle,93,EVT-0190,élection de Louis-Napoléon Bonaparte à la présidence,10 décembre 1848,2,3,DAY,,DATE_RULE,SCHOOL
COL-0081,xixe-siecle,XIXe siècle,94,EVT-0191,Prestation de serment et entrée en fonction de Louis-Napoléon Bonaparte comme président,20 décembre 1848,2,3,DAY,,DATE_RULE,SCHOOL
COL-0081,xixe-siecle,XIXe siècle,95,EVT-1143,Fin de la ruée vers l’or de Californie comme phénomène déclencheur,1849,3,3,YEAR,,DATE_RULE,GENERAL_CULTURE_V2
COL-0081,xixe-siecle,XIXe siècle,96,EVT-0746,Découverte d’or à Sutter’s Mill et ruée vers l’or de Californie,24 janvier 1849,4,2,DAY,,DATE_RULE,GENERAL_CULTURE_V1
COL-0081,xixe-siecle,XIXe siècle,97,EVT-0194,frères Pereire,années 1850-1860,2,3,RANGE,,DATE_RULE,SCHOOL
COL-0081,xixe-siecle,XIXe siècle,98,EVT-1144,Compromis de 1850 aux États-Unis,1850,4,3,YEAR,,DATE_RULE,GENERAL_CULTURE_V2
COL-0081,xixe-siecle,XIXe siècle,99,EVT-0747,Ouverture de la Grande Exposition de Londres,1 mai 1851,4,2,DAY,,DATE_RULE,GENERAL_CULTURE_V1
COL-0081,xixe-siecle,XIXe siècle,100,EVT-1145,Publication de Moby-Dick aux États-Unis,14 novembre 1851,3,3,DAY,,DATE_RULE,GENERAL_CULTURE_V2
COL-0081,xixe-siecle,XIXe siècle,101,EVT-0459,Coup d’État de Louis-Napoléon Bonaparte,2 décembre 1851,3,3,DAY,,DATE_RULE,SCHOOL
COL-0081,xixe-siecle,XIXe siècle,102,EVT-0195,Crédit mobilier,1852,2,3,YEAR,,DATE_RULE,SCHOOL
COL-0081,xixe-siecle,XIXe siècle,103,EVT-1146,17e élection présidentielle des États-Unis,1852,2,4,YEAR,,DATE_RULE,GENERAL_CULTURE_V2
COL-0081,xixe-siecle,XIXe siècle,104,EVT-0460,Proclamation du Second Empire,2 décembre 1852,3,3,DAY,,DATE_RULE,SCHOOL
COL-0081,xixe-siecle,XIXe siècle,105,EVT-0192,Paris haussmannien,1853-1870 environ,4,3,RANGE,,DATE_RULE,SCHOOL
COL-0081,xixe-siecle,XIXe siècle,106,EVT-1147,Début de la guerre de Crimée,1853,5,2,YEAR,,DATE_RULE,GENERAL_CULTURE_V2
COL-0081,xixe-siecle,XIXe siècle,107,EVT-0193,Nomination de Georges-Eugène Haussmann comme préfet de la Seine,22 juin 1853 — nomination ; 23 juin 1853 — début de fonction dans l’infobox Wikipédia FR,4,3,DAY,,DATE_RULE,SCHOOL
COL-0081,xixe-siecle,XIXe siècle,108,EVT-0699,Arrivée de l’escadre du commodore Perry dans la baie d’Edo,8 juillet 1853,5,1,DAY,,DATE_RULE,GENERAL_CULTURE_V1
COL-0081,xixe-siecle,XIXe siècle,109,EVT-0461,Guerre de Crimée,16 octobre 1853-30 mars 1856,4,3,RANGE,,DATE_RULE,SCHOOL
COL-0081,xixe-siecle,XIXe siècle,110,EVT-0748,Convention de Kanagawa entre le Japon et les États-Unis,31 mars 1854,4,2,DAY,,DATE_RULE,GENERAL_CULTURE_V1
COL-0081,xixe-siecle,XIXe siècle,111,EVT-1148,Charge de la brigade légère à Balaklava,25 octobre 1854,3,3,DAY,,DATE_RULE,GENERAL_CULTURE_V2
COL-0081,xixe-siecle,XIXe siècle,112,EVT-1149,18e élection présidentielle des États-Unis,1856,2,4,YEAR,,DATE_RULE,GENERAL_CULTURE_V2
COL-0081,xixe-siecle,XIXe siècle,113,EVT-0462,Traité de Paris mettant fin à la guerre de Crimée,30 mars 1856,4,3,DAY,,DATE_RULE,SCHOOL
COL-0081,xixe-siecle,XIXe siècle,114,EVT-1150,Révolte des Cipayes en Inde,1857,5,2,YEAR,,DATE_RULE,GENERAL_CULTURE_V2
COL-0081,xixe-siecle,XIXe siècle,115,EVT-0463,Début de la révolte des Cipayes,10 mai 1857,3,3,DAY,,DATE_RULE,SCHOOL
COL-0081,xixe-siecle,XIXe siècle,116,EVT-0464,Premier message télégraphique transatlantique officiel par câble,16 août 1858,3,4,DAY,,DATE_RULE,SCHOOL
COL-0081,xixe-siecle,XIXe siècle,117,EVT-0749,Bataille de Solférino,24 juin 1859,4,2,DAY,,DATE_RULE,GENERAL_CULTURE_V1
COL-0081,xixe-siecle,XIXe siècle,118,EVT-0750,Forage du puits de Drake en Pennsylvanie,27 août 1859,4,2,DAY,,DATE_RULE,GENERAL_CULTURE_V1
COL-0081,xixe-siecle,XIXe siècle,119,EVT-0700,Publication de L’Origine des espèces de Charles Darwin,24 novembre 1859,5,1,DAY,,DATE_RULE,GENERAL_CULTURE_V1
COL-0081,xixe-siecle,XIXe siècle,120,EVT-0198,rattachement effectif / processus de réunion,1860,2,3,YEAR,,DATE_RULE,SCHOOL
COL-0081,xixe-siecle,XIXe siècle,121,EVT-1151,19e élection présidentielle des États-Unis,1860,2,4,YEAR,,DATE_RULE,GENERAL_CULTURE_V2
COL-0081,xixe-siecle,XIXe siècle,122,EVT-0197,Traité de Turin — cession de la Savoie et du comté de Nice à la France,24 mars 1860,2,4,DAY,,DATE_RULE,SCHOOL
COL-0081,xixe-siecle,XIXe siècle,123,EVT-0751,Départ de l’expédition des Mille de Garibaldi,5 mai 1860,4,2,DAY,,DATE_RULE,GENERAL_CULTURE_V1
COL-0081,xixe-siecle,XIXe siècle,124,EVT-1152,Début de la guerre de Sécession américaine,1861,5,2,YEAR,,DATE_RULE,GENERAL_CULTURE_V2
COL-0081,xixe-siecle,XIXe siècle,125,EVT-0701,Entrée en vigueur de l’abolition du servage dans l’Empire russe,3 mars 1861 (19 février selon le calendrier julien alors en usage en Russie),5,1,DAY,,DATE_RULE,GENERAL_CULTURE_V1
COL-0081,xixe-siecle,XIXe siècle,126,EVT-0465,Proclamation du royaume d’Italie,17 mars 1861,4,3,DAY,,DATE_RULE,SCHOOL
COL-0081,xixe-siecle,XIXe siècle,127,EVT-0466,Guerre de Sécession,12 avril 1861-9 avril 1865,5,2,RANGE,,DATE_RULE,SCHOOL
COL-0081,xixe-siecle,XIXe siècle,128,EVT-0086,"Julie-Victoire Daubié obtient le baccalauréat ès lettres, première bachelière française",17 août 1861,3,3,DAY,,DATE_RULE,SCHOOL
COL-0081,xixe-siecle,XIXe siècle,129,EVT-1153,Proclamation préliminaire d’émancipation par Abraham Lincoln,1862,5,2,YEAR,,DATE_RULE,GENERAL_CULTURE_V2
COL-0081,xixe-siecle,XIXe siècle,130,EVT-0702,Début de la publication des Misérables de Victor Hugo,30 mars 1862 à Bruxelles ; 3 avril 1862 à Paris,5,1,MONTH,,DATE_RULE,GENERAL_CULTURE_V1
COL-0081,xixe-siecle,XIXe siècle,131,EVT-0752,Homestead Act aux États-Unis,20 mai 1862,4,2,DAY,,DATE_RULE,GENERAL_CULTURE_V1
COL-0081,xixe-siecle,XIXe siècle,132,EVT-0467,Entrée en vigueur de la Proclamation d’émancipation,1er janvier 1863,5,2,DAY,,DATE_RULE,SCHOOL
COL-0081,xixe-siecle,XIXe siècle,133,EVT-0703,Fondation du Comité international de la Croix-Rouge,17 février 1863,5,1,DAY,,DATE_RULE,GENERAL_CULTURE_V1
COL-0081,xixe-siecle,XIXe siècle,134,EVT-0468,Bataille de Gettysburg,1er-3 juillet 1863,3,3,RANGE,,DATE_RULE,SCHOOL
COL-0081,xixe-siecle,XIXe siècle,135,EVT-1154,20e élection présidentielle des États-Unis,1864,2,4,YEAR,,DATE_RULE,GENERAL_CULTURE_V2
COL-0081,xixe-siecle,XIXe siècle,136,EVT-0196,Loi Ollivier supprimant le délit de coalition,25 mai 1864,2,4,DAY,,DATE_RULE,SCHOOL
COL-0081,xixe-siecle,XIXe siècle,137,EVT-0470,Première Convention de Genève,22 août 1864,4,4,DAY,,DATE_RULE,SCHOOL
COL-0081,xixe-siecle,XIXe siècle,138,EVT-0469,Fondation de la Première Internationale,28 septembre 1864,3,3,DAY,,DATE_RULE,SCHOOL
COL-0081,xixe-siecle,XIXe siècle,139,EVT-0705,Capitulation de Robert E. Lee à Appomattox,9 avril 1865,5,1,DAY,,DATE_RULE,GENERAL_CULTURE_V1
COL-0081,xixe-siecle,XIXe siècle,140,EVT-0706,Assassinat d’Abraham Lincoln,14 avril 1865,5,1,DAY,,DATE_RULE,GENERAL_CULTURE_V1
COL-0081,xixe-siecle,XIXe siècle,141,EVT-0704,Publication des travaux de Gregor Mendel sur l’hérédité,1866,5,1,YEAR,,DATE_RULE,GENERAL_CULTURE_V1
COL-0081,xixe-siecle,XIXe siècle,142,EVT-0753,Début de la guerre austro-prussienne,14 juin 1866,4,2,DAY,,DATE_RULE,GENERAL_CULTURE_V1
COL-0081,xixe-siecle,XIXe siècle,143,EVT-0707,Achèvement du câble télégraphique transatlantique durable,27 juillet 1866,5,1,DAY,,DATE_RULE,GENERAL_CULTURE_V1
COL-0081,xixe-siecle,XIXe siècle,144,EVT-1155,Compromis austro-hongrois créant la Double Monarchie,1867,4,3,YEAR,,DATE_RULE,GENERAL_CULTURE_V2
COL-0081,xixe-siecle,XIXe siècle,145,EVT-0754,Achat de l’Alaska par les États-Unis,30 mars 1867,4,2,DAY,,DATE_RULE,GENERAL_CULTURE_V1
COL-0081,xixe-siecle,XIXe siècle,146,EVT-0708,Confédération canadienne,1 juillet 1867,5,1,DAY,,DATE_RULE,GENERAL_CULTURE_V1
COL-0081,xixe-siecle,XIXe siècle,147,EVT-1156,21e élection présidentielle des États-Unis,1868,2,4,YEAR,,DATE_RULE,GENERAL_CULTURE_V2
COL-0081,xixe-siecle,XIXe siècle,148,EVT-0709,Restauration de Meiji au Japon,3 janvier 1868,5,1,DAY,,DATE_RULE,GENERAL_CULTURE_V1
COL-0081,xixe-siecle,XIXe siècle,149,EVT-0710,Présentation du tableau périodique de Mendeleïev,6 mars 1869,5,1,DAY,,DATE_RULE,GENERAL_CULTURE_V1
COL-0081,xixe-siecle,XIXe siècle,150,EVT-0711,Achèvement du premier chemin de fer transcontinental américain,10 mai 1869,5,1,DAY,,DATE_RULE,GENERAL_CULTURE_V1
COL-0081,xixe-siecle,XIXe siècle,151,EVT-0471,Ouverture du canal de Suez,17 novembre 1869,4,3,DAY,,DATE_RULE,SCHOOL
COL-0081,xixe-siecle,XIXe siècle,152,EVT-0351,Deuxième révolution industrielle,vers 1870-1914,3,3,RANGE,,DATE_RULE,SCHOOL
COL-0081,xixe-siecle,XIXe siècle,153,EVT-0352,Nouvel impérialisme et relance de la colonisation,1870-1914,3,3,RANGE,,DATE_RULE,SCHOOL
COL-0081,xixe-siecle,XIXe siècle,154,EVT-0472,Guerre franco-prussienne,19 juillet 1870-10 mai 1871,4,3,RANGE,,DATE_RULE,SCHOOL
COL-0081,xixe-siecle,XIXe siècle,155,EVT-0473,Défaite française à Sedan,2 septembre 1870,4,3,DAY,,DATE_RULE,SCHOOL
COL-0081,xixe-siecle,XIXe siècle,156,EVT-0353,Proclamation de la Troisième République,4 septembre 1870,4,3,DAY,,DATE_RULE,SCHOOL
COL-0081,xixe-siecle,XIXe siècle,157,EVT-1157,Grand incendie de Chicago,1871,4,3,YEAR,,DATE_RULE,GENERAL_CULTURE_V2
COL-0081,xixe-siecle,XIXe siècle,158,EVT-0199,Existence constitutionnelle du nouvel Empire allemand,1er janvier 1871,4,3,DAY,,DATE_RULE,SCHOOL
COL-0081,xixe-siecle,XIXe siècle,159,EVT-0200,Proclamation de Guillaume Ier comme empereur allemand à Versailles,18 janvier 1871,4,3,DAY,,DATE_RULE,SCHOOL
COL-0081,xixe-siecle,XIXe siècle,160,EVT-0201,Début de la Commune de Paris / insurrection du 18 mars 1871,18 mars 1871,4,3,DAY,,DATE_RULE,SCHOOL
COL-0081,xixe-siecle,XIXe siècle,161,EVT-0202,élections communales,26 mars 1871,2,3,DAY,,DATE_RULE,SCHOOL
COL-0081,xixe-siecle,XIXe siècle,162,EVT-0203,proclamation de la Commune,28 mars 1871,2,3,DAY,,DATE_RULE,SCHOOL
COL-0081,xixe-siecle,XIXe siècle,163,EVT-0474,Traité de Francfort,10 mai 1871,3,4,DAY,,DATE_RULE,SCHOOL
COL-0081,xixe-siecle,XIXe siècle,164,EVT-0204,Semaine sanglante,21-28 mai 1871,2,3,RANGE,,DATE_RULE,SCHOOL
COL-0081,xixe-siecle,XIXe siècle,165,EVT-0205,fin de la Commune,28 mai 1871,2,3,DAY,,DATE_RULE,SCHOOL
COL-0081,xixe-siecle,XIXe siècle,166,EVT-0755,Rome devient officiellement capitale du royaume d’Italie,1 juillet 1871,4,2,DAY,,DATE_RULE,GENERAL_CULTURE_V1
COL-0081,xixe-siecle,XIXe siècle,167,EVT-1158,22e élection présidentielle des États-Unis,1872,2,4,YEAR,,DATE_RULE,GENERAL_CULTURE_V2
COL-0081,xixe-siecle,XIXe siècle,168,EVT-0313,Création du parc national de Yellowstone,1er mars 1872,3,3,DAY,,DATE_RULE,SCHOOL
COL-0081,xixe-siecle,XIXe siècle,169,EVT-1159,Début de la Grande Dépression du XIXe siècle après le krach de Vienne,1873,4,3,YEAR,,DATE_RULE,GENERAL_CULTURE_V2
COL-0081,xixe-siecle,XIXe siècle,170,EVT-0756,Krach boursier de Vienne et début de la crise de 1873,9 mai 1873,4,2,DAY,,DATE_RULE,GENERAL_CULTURE_V1
COL-0081,xixe-siecle,XIXe siècle,171,EVT-0712,Ouverture de la première exposition impressionniste,15 avril 1874,5,1,DAY,,DATE_RULE,GENERAL_CULTURE_V1
COL-0081,xixe-siecle,XIXe siècle,172,EVT-1160,Invention pratique du téléphone par Alexander Graham Bell,1876,5,2,YEAR,,DATE_RULE,GENERAL_CULTURE_V2
COL-0081,xixe-siecle,XIXe siècle,173,EVT-1161,23e élection présidentielle des États-Unis,1876,2,4,YEAR,,DATE_RULE,GENERAL_CULTURE_V2
COL-0081,xixe-siecle,XIXe siècle,174,EVT-0713,Brevet du téléphone accordé à Alexander Graham Bell,7 mars 1876,5,1,DAY,,DATE_RULE,GENERAL_CULTURE_V1
COL-0081,xixe-siecle,XIXe siècle,175,EVT-0757,Bataille de Little Bighorn,25 juin 1876,4,2,DAY,,DATE_RULE,GENERAL_CULTURE_V1
COL-0081,xixe-siecle,XIXe siècle,176,EVT-0758,Victoria proclamée impératrice des Indes,1 janvier 1877,4,2,DAY,,DATE_RULE,GENERAL_CULTURE_V1
COL-0081,xixe-siecle,XIXe siècle,177,EVT-0759,Début du premier tournoi de Wimbledon,9 juillet 1877,4,2,DAY,,DATE_RULE,GENERAL_CULTURE_V1
COL-0081,xixe-siecle,XIXe siècle,178,EVT-0760,Démonstration du phonographe d’Edison au Scientific American,7 décembre 1877,4,2,DAY,,DATE_RULE,GENERAL_CULTURE_V1
COL-0081,xixe-siecle,XIXe siècle,179,EVT-1162,Congrès de Berlin redessinant les Balkans,1878,5,2,YEAR,,DATE_RULE,GENERAL_CULTURE_V2
COL-0081,xixe-siecle,XIXe siècle,180,EVT-1163,2e édition des Championnats de Wimbledon,1878,1,4,YEAR,,DATE_RULE,GENERAL_CULTURE_V2
COL-0081,xixe-siecle,XIXe siècle,181,EVT-0714,Ouverture du congrès de Berlin,13 juin 1878,5,1,DAY,,DATE_RULE,GENERAL_CULTURE_V1
COL-0081,xixe-siecle,XIXe siècle,182,EVT-1164,Guerre anglo-zouloue,1879,4,3,YEAR,,DATE_RULE,GENERAL_CULTURE_V2
COL-0081,xixe-siecle,XIXe siècle,183,EVT-1165,24e élection présidentielle des États-Unis,1880,2,4,YEAR,,DATE_RULE,GENERAL_CULTURE_V2
COL-0081,xixe-siecle,XIXe siècle,184,EVT-1166,4e édition des Championnats de Wimbledon,1880,1,4,YEAR,,DATE_RULE,GENERAL_CULTURE_V2
COL-0081,xixe-siecle,XIXe siècle,185,EVT-0002,14 juillet fête nationale,"6 juillet 1880, loi établissant la fête nationale annuelle",3,3,DAY,,DATE_RULE,SCHOOL
COL-0081,xixe-siecle,XIXe siècle,186,EVT-1167,5e édition des Championnats de Wimbledon,1881,1,4,YEAR,,DATE_RULE,GENERAL_CULTURE_V2
COL-0081,xixe-siecle,XIXe siècle,187,EVT-0761,Assassinat du tsar Alexandre II,13 mars 1881,4,2,DAY,,DATE_RULE,GENERAL_CULTURE_V1
COL-0081,xixe-siecle,XIXe siècle,188,EVT-0762,Traité du Bardo établissant le protectorat français en Tunisie,12 mai 1881,4,2,DAY,,DATE_RULE,GENERAL_CULTURE_V1
COL-0081,xixe-siecle,XIXe siècle,189,EVT-0003,Loi établissant la gratuité de l’enseignement primaire public,16 juin 1881,4,2,DAY,,DATE_RULE,SCHOOL
COL-0081,xixe-siecle,XIXe siècle,190,EVT-0004,Loi du 28 mars 1882 : instruction primaire obligatoire et laïcisation de l’enseignement public,28 mars 1882,4,2,DAY,,DATE_RULE,SCHOOL
COL-0081,xixe-siecle,XIXe siècle,191,EVT-0763,"Formation de la Triple Alliance entre Allemagne, Autriche-Hongrie et Italie",20 mai 1882,4,2,DAY,,DATE_RULE,GENERAL_CULTURE_V1
COL-0081,xixe-siecle,XIXe siècle,192,EVT-0764,Occupation britannique de l’Égypte après la bataille de Tel el-Kebir,13 septembre 1882,4,2,DAY,,DATE_RULE,GENERAL_CULTURE_V1
COL-0081,xixe-siecle,XIXe siècle,193,EVT-1168,7e édition des Championnats de Wimbledon,1883,1,4,YEAR,,DATE_RULE,GENERAL_CULTURE_V2
COL-0081,xixe-siecle,XIXe siècle,194,EVT-0716,Éruption cataclysmique du Krakatoa,27 août 1883,5,1,DAY,,DATE_RULE,GENERAL_CULTURE_V1
COL-0081,xixe-siecle,XIXe siècle,195,EVT-1169,25e élection présidentielle des États-Unis,1884,2,4,YEAR,,DATE_RULE,GENERAL_CULTURE_V2
COL-0081,xixe-siecle,XIXe siècle,196,EVT-1170,8e édition des Championnats de Wimbledon,1884,1,4,YEAR,,DATE_RULE,GENERAL_CULTURE_V2
COL-0081,xixe-siecle,XIXe siècle,197,EVT-0476,Loi Waldeck-Rousseau autorisant les syndicats professionnels,21 mars 1884,3,4,DAY,,DATE_RULE,SCHOOL
COL-0081,xixe-siecle,XIXe siècle,198,EVT-0273,Conférence de Berlin / conférence d’Afrique occidentale,15 novembre 1884 → 26 février 1885,4,3,RANGE,,DATE_RULE,SCHOOL
COL-0081,xixe-siecle,XIXe siècle,199,EVT-1171,Fin de la conférence de Berlin et partage colonial accéléré de l’Afrique,1885,5,2,YEAR,,DATE_RULE,GENERAL_CULTURE_V2
COL-0081,xixe-siecle,XIXe siècle,200,EVT-0274,Acte général de la conférence de Berlin,26 février 1885,4,3,DAY,,DATE_RULE,SCHOOL
COL-0081,xixe-siecle,XIXe siècle,201,EVT-0224,funérailles nationales de Victor Hugo,1er juin 1885,2,3,DAY,,DATE_RULE,SCHOOL
COL-0081,xixe-siecle,XIXe siècle,202,EVT-0765,Proclamation officielle de l’État indépendant du Congo à Vivi,1er juillet 1885,4,2,DAY,,DATE_RULE,GENERAL_CULTURE_V1
COL-0081,xixe-siecle,XIXe siècle,203,EVT-0717,Première vaccination humaine contre la rage par Pasteur,6 juillet 1885,5,1,DAY,,DATE_RULE,GENERAL_CULTURE_V1
COL-0081,xixe-siecle,XIXe siècle,204,EVT-1173,10e édition des Championnats de Wimbledon,1886,1,4,YEAR,,DATE_RULE,GENERAL_CULTURE_V2
COL-0081,xixe-siecle,XIXe siècle,205,EVT-0718,Brevet du véhicule automobile de Karl Benz,29 janvier 1886,5,1,DAY,,DATE_RULE,GENERAL_CULTURE_V1
COL-0081,xixe-siecle,XIXe siècle,206,EVT-0766,Affaire de Haymarket à Chicago,4 mai 1886,4,2,DAY,,DATE_RULE,GENERAL_CULTURE_V1
COL-0081,xixe-siecle,XIXe siècle,207,EVT-1172,Première vente de Coca-Cola à Atlanta,8 mai 1886,3,3,DAY,,DATE_RULE,GENERAL_CULTURE_V2
COL-0081,xixe-siecle,XIXe siècle,208,EVT-0719,Inauguration de la statue de la Liberté,28 octobre 1886,5,1,DAY,,DATE_RULE,GENERAL_CULTURE_V1
COL-0081,xixe-siecle,XIXe siècle,209,EVT-0767,Expérience de Michelson-Morley,1887,4,2,YEAR,,DATE_RULE,GENERAL_CULTURE_V1
COL-0081,xixe-siecle,XIXe siècle,210,EVT-1174,Publication de la langue internationale espéranto,1887,3,3,YEAR,,DATE_RULE,GENERAL_CULTURE_V2
COL-0081,xixe-siecle,XIXe siècle,211,EVT-1175,Abolition de l’esclavage au Brésil par la Loi d’or,1888,5,2,YEAR,,DATE_RULE,GENERAL_CULTURE_V2
COL-0081,xixe-siecle,XIXe siècle,212,EVT-1176,26e élection présidentielle des États-Unis,1888,2,4,YEAR,,DATE_RULE,GENERAL_CULTURE_V2
COL-0081,xixe-siecle,XIXe siècle,213,EVT-1178,12e édition des Championnats de Wimbledon,1888,1,4,YEAR,,DATE_RULE,GENERAL_CULTURE_V2
COL-0081,xixe-siecle,XIXe siècle,214,EVT-1177,Brevet de l’appareil photographique Kodak,4 septembre 1888,3,3,DAY,,DATE_RULE,GENERAL_CULTURE_V2
COL-0081,xixe-siecle,XIXe siècle,215,EVT-0720,Peinture de La Nuit étoilée par Vincent van Gogh,1889,5,1,YEAR,,DATE_RULE,GENERAL_CULTURE_V1
COL-0081,xixe-siecle,XIXe siècle,216,EVT-1179,13e édition des Championnats de Wimbledon,1889,1,4,YEAR,,DATE_RULE,GENERAL_CULTURE_V2
COL-0081,xixe-siecle,XIXe siècle,217,EVT-0477,Inauguration de la tour Eiffel,31 mars 1889,3,3,DAY,,DATE_RULE,SCHOOL
COL-0081,xixe-siecle,XIXe siècle,218,EVT-0226,Ouverture de l’Exposition universelle de Paris de 1889,6 mai 1889,2,3,DAY,,DATE_RULE,SCHOOL
COL-0081,xixe-siecle,XIXe siècle,219,EVT-0768,Fondation de la Deuxième Internationale,14 juillet 1889,4,2,DAY,,DATE_RULE,GENERAL_CULTURE_V1
COL-0081,xixe-siecle,XIXe siècle,220,EVT-0769,Adoption du Sherman Antitrust Act,2 juillet 1890,4,2,DAY,,DATE_RULE,GENERAL_CULTURE_V1
COL-0081,xixe-siecle,XIXe siècle,221,EVT-0770,Massacre de Wounded Knee,29 décembre 1890,4,2,DAY,,DATE_RULE,GENERAL_CULTURE_V1
COL-0081,xixe-siecle,XIXe siècle,222,EVT-1180,Début de la construction du Transsibérien,1891,4,3,YEAR,,DATE_RULE,GENERAL_CULTURE_V2
COL-0081,xixe-siecle,XIXe siècle,223,EVT-1181,15e édition des Championnats de Wimbledon,1891,1,4,YEAR,,DATE_RULE,GENERAL_CULTURE_V2
COL-0081,xixe-siecle,XIXe siècle,224,EVT-0225,fusillade de Fourmies,1er mai 1891,2,3,DAY,,DATE_RULE,SCHOOL
COL-0081,xixe-siecle,XIXe siècle,225,EVT-0771,Publication de l’encyclique Rerum novarum,15 mai 1891,4,2,DAY,,DATE_RULE,GENERAL_CULTURE_V1
COL-0081,xixe-siecle,XIXe siècle,226,EVT-0772,Premier match de basket-ball organisé par James Naismith,21 décembre 1891,4,2,DAY,,DATE_RULE,GENERAL_CULTURE_V1
COL-0081,xixe-siecle,XIXe siècle,227,EVT-1182,27e élection présidentielle des États-Unis,1892,2,4,YEAR,,DATE_RULE,GENERAL_CULTURE_V2
COL-0081,xixe-siecle,XIXe siècle,228,EVT-0773,Ouverture du centre d’immigration d’Ellis Island,1 janvier 1892,4,2,DAY,,DATE_RULE,GENERAL_CULTURE_V1
COL-0081,xixe-siecle,XIXe siècle,229,EVT-0001,Centenaire de la proclamation de la République,22 septembre 1892 pour les célébrations du centenaire,2,3,DAY,,DATE_RULE,SCHOOL
COL-0081,xixe-siecle,XIXe siècle,230,EVT-0774,Version célèbre du Cri d’Edvard Munch,1893,4,2,YEAR,,DATE_RULE,GENERAL_CULTURE_V1
COL-0081,xixe-siecle,XIXe siècle,231,EVT-1183,17e édition des Championnats de Wimbledon,1893,1,4,YEAR,,DATE_RULE,GENERAL_CULTURE_V2
COL-0081,xixe-siecle,XIXe siècle,232,EVT-0775,Ouverture de l’Exposition universelle de Chicago,1 mai 1893,4,2,DAY,,DATE_RULE,GENERAL_CULTURE_V1
COL-0081,xixe-siecle,XIXe siècle,233,EVT-0721,Droit de vote accordé aux femmes en Nouvelle-Zélande,19 septembre 1893,5,1,DAY,,DATE_RULE,GENERAL_CULTURE_V1
COL-0081,xixe-siecle,XIXe siècle,234,EVT-1184,Début de la première guerre sino-japonaise,1894,4,3,YEAR,,DATE_RULE,GENERAL_CULTURE_V2
COL-0081,xixe-siecle,XIXe siècle,235,EVT-1185,18e édition des Championnats de Wimbledon,1894,1,4,YEAR,,DATE_RULE,GENERAL_CULTURE_V2
COL-0081,xixe-siecle,XIXe siècle,236,EVT-0082,arrestation d'Alfred Dreyfus,15 octobre 1894,4,2,DAY,,DATE_RULE,SCHOOL
COL-0081,xixe-siecle,XIXe siècle,237,EVT-1030,Condamnation d’Alfred Dreyfus par un conseil de guerre,22 décembre 1894,4,2,DAY,,DATE_RULE,GENERAL_CULTURE_V1
COL-0081,xixe-siecle,XIXe siècle,238,EVT-0722,Découverte des rayons X par Wilhelm Röntgen,8 novembre 1895,5,1,DAY,,DATE_RULE,GENERAL_CULTURE_V1
COL-0081,xixe-siecle,XIXe siècle,239,EVT-0723,Première projection publique payante des frères Lumière,28 décembre 1895,5,1,DAY,,DATE_RULE,GENERAL_CULTURE_V1
COL-0081,xixe-siecle,XIXe siècle,240,EVT-1186,Bataille d’Adoua et victoire éthiopienne sur l’Italie,1896,5,2,YEAR,,DATE_RULE,GENERAL_CULTURE_V2
COL-0081,xixe-siecle,XIXe siècle,241,EVT-1187,Couronnement de Nicolas II comme tsar de Russie,1896,3,3,YEAR,,DATE_RULE,GENERAL_CULTURE_V2
COL-0081,xixe-siecle,XIXe siècle,242,EVT-1188,28e élection présidentielle des États-Unis,1896,2,4,YEAR,,DATE_RULE,GENERAL_CULTURE_V2
COL-0081,xixe-siecle,XIXe siècle,243,EVT-1189,20e édition des Championnats de Wimbledon,1896,1,4,YEAR,,DATE_RULE,GENERAL_CULTURE_V2
COL-0081,xixe-siecle,XIXe siècle,244,EVT-0322,Premières communications de Becquerel sur les rayonnements de l’uranium,24 février - 23 mars 1896,4,3,RANGE,,DATE_RULE,SCHOOL
COL-0081,xixe-siecle,XIXe siècle,245,EVT-0323,Communication de Becquerel sur les radiations invisibles des sels d’uranium,23 mars 1896,3,4,DAY,,DATE_RULE,SCHOOL
COL-0081,xixe-siecle,XIXe siècle,246,EVT-0724,Ouverture des premiers Jeux olympiques modernes à Athènes,6 avril 1896,5,1,DAY,,DATE_RULE,GENERAL_CULTURE_V1
COL-0081,xixe-siecle,XIXe siècle,247,EVT-0725,Découverte de l’électron par J. J. Thomson,1897,5,1,YEAR,,DATE_RULE,GENERAL_CULTURE_V1
COL-0081,xixe-siecle,XIXe siècle,248,EVT-1191,21e édition des Championnats de Wimbledon,1897,1,4,YEAR,,DATE_RULE,GENERAL_CULTURE_V2
COL-0081,xixe-siecle,XIXe siècle,249,EVT-1190,Jubilé de diamant de la reine Victoria,20 juin 1897,3,3,DAY,,DATE_RULE,GENERAL_CULTURE_V2
COL-0081,xixe-siecle,XIXe siècle,250,EVT-1031,Octroi du brevet britannique n° 12039 à Guglielmo Marconi pour la télégraphie sans fil,2 juillet 1897,4,2,DAY,,DATE_RULE,GENERAL_CULTURE_V1
COL-0081,xixe-siecle,XIXe siècle,251,EVT-1032,Ouverture du premier congrès sioniste à Bâle,29 août 1897,4,2,DAY,,DATE_RULE,GENERAL_CULTURE_V1
COL-0081,xixe-siecle,XIXe siècle,252,EVT-0083,publication de « J'accuse…! » d'Émile Zola,13 janvier 1898,4,2,DAY,,DATE_RULE,SCHOOL
COL-0081,xixe-siecle,XIXe siècle,253,EVT-0726,Début de la guerre hispano-américaine,21 avril 1898,5,1,DAY,,DATE_RULE,GENERAL_CULTURE_V1
COL-0081,xixe-siecle,XIXe siècle,254,EVT-0324,Découverte/annonce du polonium par Marie et Pierre Curie,juillet 1898,4,3,MONTH,,DATE_RULE,SCHOOL
COL-0081,xixe-siecle,XIXe siècle,255,EVT-0475,Crise de Fachoda,10 juillet-3 novembre 1898,4,3,RANGE,,DATE_RULE,SCHOOL
COL-0081,xixe-siecle,XIXe siècle,256,EVT-0325,Découverte/annonce du radium par Marie et Pierre Curie,décembre 1898,4,3,MONTH,,DATE_RULE,SCHOOL
COL-0081,xixe-siecle,XIXe siècle,257,EVT-1192,23e édition des Championnats de Wimbledon,1899,1,4,YEAR,,DATE_RULE,GENERAL_CULTURE_V2
COL-0081,xixe-siecle,XIXe siècle,258,EVT-1033,Ouverture de la première conférence de La Haye,18 mai 1899,4,2,DAY,,DATE_RULE,GENERAL_CULTURE_V1
COL-0081,xixe-siecle,XIXe siècle,259,EVT-1034,Début de la seconde guerre des Boers,11 octobre 1899,4,2,DAY,,DATE_RULE,GENERAL_CULTURE_V1
COL-0081,xixe-siecle,XIXe siècle,260,EVT-1035,Publication de L’Interprétation du rêve de Sigmund Freud,4 novembre 1899 (ouvrage daté 1900),4,2,MONTH,,DATE_RULE,GENERAL_CULTURE_V1
COL-0081,xixe-siecle,XIXe siècle,261,EVT-1193,Jeux olympiques d’été de la IIe Olympiade à Paris,1900,3,3,YEAR,,DATE_RULE,GENERAL_CULTURE_V2
COL-0081,xixe-siecle,XIXe siècle,262,EVT-1194,29e élection présidentielle des États-Unis,1900,2,4,YEAR,,DATE_RULE,GENERAL_CULTURE_V2
COL-0081,xixe-siecle,XIXe siècle,263,EVT-0227,Inauguration de l’Exposition universelle de Paris de 1900,14 avril 1900 ; ouverture au public le 15 avril,4,2,DAY,,DATE_RULE,SCHOOL
COL-0081,xixe-siecle,XIXe siècle,264,EVT-0087,loi permettant aux femmes diplômées en droit de devenir avocates,1er décembre 1900,3,3,DAY,,DATE_RULE,SCHOOL
COL-0081,xixe-siecle,XIXe siècle,265,EVT-0727,Présentation de l’hypothèse des quanta par Max Planck,14 décembre 1900,5,1,DAY,,DATE_RULE,GENERAL_CULTURE_V1
COL-0082,xxe-siecle,XXe siècle,1,EVT-1195,25e édition des Championnats de Wimbledon,1901,1,4,YEAR,,DATE_RULE,GENERAL_CULTURE_V2
COL-0082,xxe-siecle,XXe siècle,2,EVT-0824,Fédération de l’Australie,1 janvier 1901,4,2,DAY,,DATE_RULE,GENERAL_CULTURE_V1
COL-0082,xxe-siecle,XXe siècle,3,EVT-0825,Mort de la reine Victoria,22 janvier 1901,4,2,DAY,,DATE_RULE,GENERAL_CULTURE_V1
COL-0082,xxe-siecle,XXe siècle,4,EVT-0776,Première cérémonie des prix Nobel,10 décembre 1901,5,1,DAY,,DATE_RULE,GENERAL_CULTURE_V1
COL-0082,xxe-siecle,XXe siècle,5,EVT-1196,26e édition des Championnats de Wimbledon,1902,1,4,YEAR,,DATE_RULE,GENERAL_CULTURE_V2
COL-0082,xxe-siecle,XXe siècle,6,EVT-0826,Éruption de la montagne Pelée détruisant Saint-Pierre,8 mai 1902,4,2,DAY,,DATE_RULE,GENERAL_CULTURE_V1
COL-0082,xxe-siecle,XXe siècle,7,EVT-0827,Indépendance formelle de Cuba vis-à-vis des États-Unis,20 mai 1902,4,2,DAY,,DATE_RULE,GENERAL_CULTURE_V1
COL-0082,xxe-siecle,XXe siècle,8,EVT-0828,Traité de Vereeniging mettant fin à la seconde guerre des Boers,31 mai 1902,4,2,DAY,,DATE_RULE,GENERAL_CULTURE_V1
COL-0082,xxe-siecle,XXe siècle,9,EVT-0829,Départ du premier Tour de France cycliste,1 juillet 1903,4,2,DAY,,DATE_RULE,GENERAL_CULTURE_V1
COL-0082,xxe-siecle,XXe siècle,10,EVT-0830,Séparation du Panama de la Colombie,3 novembre 1903,4,2,DAY,,DATE_RULE,GENERAL_CULTURE_V1
COL-0082,xxe-siecle,XXe siècle,11,EVT-0777,Premier vol motorisé contrôlé des frères Wright,17 décembre 1903,5,1,DAY,,DATE_RULE,GENERAL_CULTURE_V1
COL-0082,xxe-siecle,XXe siècle,12,EVT-1197,Jeux olympiques d’été de la IIIe Olympiade à Saint-Louis,1904,3,3,YEAR,,DATE_RULE,GENERAL_CULTURE_V2
COL-0082,xxe-siecle,XXe siècle,13,EVT-1198,2e édition du Tour de France,1904,1,4,YEAR,,DATE_RULE,GENERAL_CULTURE_V2
COL-0082,xxe-siecle,XXe siècle,14,EVT-1199,30e élection présidentielle des États-Unis,1904,2,4,YEAR,,DATE_RULE,GENERAL_CULTURE_V2
COL-0082,xxe-siecle,XXe siècle,15,EVT-1200,28e édition des Championnats de Wimbledon,1904,1,4,YEAR,,DATE_RULE,GENERAL_CULTURE_V2
COL-0082,xxe-siecle,XXe siècle,16,EVT-0778,Début de la guerre russo-japonaise,8 février 1904,5,1,DAY,,DATE_RULE,GENERAL_CULTURE_V1
COL-0082,xxe-siecle,XXe siècle,17,EVT-0831,Signature de l’Entente cordiale,8 avril 1904,4,2,DAY,,DATE_RULE,GENERAL_CULTURE_V1
COL-0082,xxe-siecle,XXe siècle,18,EVT-0779,Année miraculeuse d’Albert Einstein,1905,5,1,YEAR,,DATE_RULE,GENERAL_CULTURE_V1
COL-0082,xxe-siecle,XXe siècle,19,EVT-1201,3e édition du Tour de France,1905,1,4,YEAR,,DATE_RULE,GENERAL_CULTURE_V2
COL-0082,xxe-siecle,XXe siècle,20,EVT-0780,Dimanche rouge à Saint-Pétersbourg,22 janvier 1905,5,1,DAY,,DATE_RULE,GENERAL_CULTURE_V1
COL-0082,xxe-siecle,XXe siècle,21,EVT-0832,Séparation pacifique de la Norvège et de la Suède décidée par le Storting,7 juin 1905,4,2,DAY,,DATE_RULE,GENERAL_CULTURE_V1
COL-0082,xxe-siecle,XXe siècle,22,EVT-0833,Traité de Portsmouth mettant fin à la guerre russo-japonaise,5 septembre 1905,4,2,DAY,,DATE_RULE,GENERAL_CULTURE_V1
COL-0082,xxe-siecle,XXe siècle,23,EVT-0005,loi de séparation des Églises et de l’État,9 décembre 1905,4,2,DAY,,DATE_RULE,SCHOOL
COL-0082,xxe-siecle,XXe siècle,24,EVT-1202,4e édition du Tour de France,1906,1,4,YEAR,,DATE_RULE,GENERAL_CULTURE_V2
COL-0082,xxe-siecle,XXe siècle,25,EVT-1203,30e édition des Championnats de Wimbledon,1906,1,4,YEAR,,DATE_RULE,GENERAL_CULTURE_V2
COL-0082,xxe-siecle,XXe siècle,26,EVT-0834,Lancement du HMS Dreadnought,10 février 1906,4,2,DAY,,DATE_RULE,GENERAL_CULTURE_V1
COL-0082,xxe-siecle,XXe siècle,27,EVT-0781,Séisme de San Francisco,18 avril 1906,5,1,DAY,,DATE_RULE,GENERAL_CULTURE_V1
COL-0082,xxe-siecle,XXe siècle,28,EVT-0084,arrêt de la Cour de cassation réhabilitant Dreyfus,12 juillet 1906,4,2,DAY,,DATE_RULE,SCHOOL
COL-0082,xxe-siecle,XXe siècle,29,EVT-0085,réintégration militaire,13 juillet 1906,3,4,DAY,,DATE_RULE,SCHOOL
COL-0082,xxe-siecle,XXe siècle,30,EVT-1204,31e édition des Championnats de Wimbledon,1907,1,4,YEAR,,DATE_RULE,GENERAL_CULTURE_V2
COL-0082,xxe-siecle,XXe siècle,31,EVT-0088,loi sur le libre salaire de la femme mariée,13 juillet 1907,3,3,DAY,,DATE_RULE,SCHOOL
COL-0082,xxe-siecle,XXe siècle,32,EVT-0835,Convention anglo-russe complétant la Triple Entente,31 août 1907,4,2,DAY,,DATE_RULE,GENERAL_CULTURE_V1
COL-0082,xxe-siecle,XXe siècle,33,EVT-1205,Jeux olympiques d’été de la IVe Olympiade à Londres,1908,3,3,YEAR,,DATE_RULE,GENERAL_CULTURE_V2
COL-0082,xxe-siecle,XXe siècle,34,EVT-1206,6e édition du Tour de France,1908,1,4,YEAR,,DATE_RULE,GENERAL_CULTURE_V2
COL-0082,xxe-siecle,XXe siècle,35,EVT-1207,31e élection présidentielle des États-Unis,1908,2,4,YEAR,,DATE_RULE,GENERAL_CULTURE_V2
COL-0082,xxe-siecle,XXe siècle,36,EVT-0836,Événement de la Toungouska,30 juin 1908,4,2,DAY,,DATE_RULE,GENERAL_CULTURE_V1
COL-0082,xxe-siecle,XXe siècle,37,EVT-0782,Début de la production de la Ford Model T,27 septembre 1908,5,1,DAY,,DATE_RULE,GENERAL_CULTURE_V1
COL-0082,xxe-siecle,XXe siècle,38,EVT-1208,7e édition du Tour de France,1909,1,4,YEAR,,DATE_RULE,GENERAL_CULTURE_V2
COL-0082,xxe-siecle,XXe siècle,39,EVT-1210,33e édition des Championnats de Wimbledon,1909,1,4,YEAR,,DATE_RULE,GENERAL_CULTURE_V2
COL-0082,xxe-siecle,XXe siècle,40,EVT-0837,Fondation de la NAACP aux États-Unis,12 février 1909,4,2,DAY,,DATE_RULE,GENERAL_CULTURE_V1
COL-0082,xxe-siecle,XXe siècle,41,EVT-1211,8e édition du Tour de France,1910,1,4,YEAR,,DATE_RULE,GENERAL_CULTURE_V2
COL-0082,xxe-siecle,XXe siècle,42,EVT-1212,34e édition des Championnats de Wimbledon,1910,1,4,YEAR,,DATE_RULE,GENERAL_CULTURE_V2
COL-0082,xxe-siecle,XXe siècle,43,EVT-0838,Création de l’Union d’Afrique du Sud,31 mai 1910,4,2,DAY,,DATE_RULE,GENERAL_CULTURE_V1
COL-0082,xxe-siecle,XXe siècle,44,EVT-0783,Début de la Révolution mexicaine,20 novembre 1910,5,1,DAY,,DATE_RULE,GENERAL_CULTURE_V1
COL-0082,xxe-siecle,XXe siècle,45,EVT-1213,9e édition du Tour de France,1911,1,4,YEAR,,DATE_RULE,GENERAL_CULTURE_V2
COL-0082,xxe-siecle,XXe siècle,46,EVT-0784,Soulèvement de Wuchang et début de la révolution chinoise de 1911,10 octobre 1911,5,1,DAY,,DATE_RULE,GENERAL_CULTURE_V1
COL-0082,xxe-siecle,XXe siècle,47,EVT-0785,Roald Amundsen atteint le pôle Sud,14 décembre 1911,5,1,DAY,,DATE_RULE,GENERAL_CULTURE_V1
COL-0082,xxe-siecle,XXe siècle,48,EVT-1214,Jeux olympiques d’été de la Ve Olympiade à Stockholm,1912,3,3,YEAR,,DATE_RULE,GENERAL_CULTURE_V2
COL-0082,xxe-siecle,XXe siècle,49,EVT-1215,32e élection présidentielle des États-Unis,1912,2,4,YEAR,,DATE_RULE,GENERAL_CULTURE_V2
COL-0082,xxe-siecle,XXe siècle,50,EVT-1216,36e édition des Championnats de Wimbledon,1912,1,4,YEAR,,DATE_RULE,GENERAL_CULTURE_V2
COL-0082,xxe-siecle,XXe siècle,51,EVT-0786,Proclamation de la République de Chine,1 janvier 1912,5,1,DAY,,DATE_RULE,GENERAL_CULTURE_V1
COL-0082,xxe-siecle,XXe siècle,52,EVT-0787,Naufrage du Titanic,15 avril 1912,5,1,DAY,,DATE_RULE,GENERAL_CULTURE_V1
COL-0082,xxe-siecle,XXe siècle,53,EVT-0839,Début de la première guerre balkanique,8 octobre 1912,4,2,DAY,,DATE_RULE,GENERAL_CULTURE_V1
COL-0082,xxe-siecle,XXe siècle,54,EVT-1217,11e édition du Tour de France,1913,1,4,YEAR,,DATE_RULE,GENERAL_CULTURE_V2
COL-0082,xxe-siecle,XXe siècle,55,EVT-0788,Première du Sacre du printemps de Stravinsky,29 mai 1913,5,1,DAY,,DATE_RULE,GENERAL_CULTURE_V1
COL-0082,xxe-siecle,XXe siècle,56,EVT-0840,Première chaîne d’assemblage automobile mobile de Ford,7 octobre 1913,4,2,DAY,,DATE_RULE,GENERAL_CULTURE_V1
COL-0082,xxe-siecle,XXe siècle,57,EVT-0841,Création de la Réserve fédérale américaine,23 décembre 1913,4,2,DAY,,DATE_RULE,GENERAL_CULTURE_V1
COL-0082,xxe-siecle,XXe siècle,58,EVT-1218,12e édition du Tour de France,1914,1,4,YEAR,,DATE_RULE,GENERAL_CULTURE_V2
COL-0082,xxe-siecle,XXe siècle,59,EVT-1219,38e édition des Championnats de Wimbledon,1914,1,4,YEAR,,DATE_RULE,GENERAL_CULTURE_V2
COL-0082,xxe-siecle,XXe siècle,60,EVT-0478,Assassinat de François-Ferdinand à Sarajevo,28 juin 1914,5,2,DAY,,DATE_RULE,SCHOOL
COL-0082,xxe-siecle,XXe siècle,61,EVT-0012,Première Guerre mondiale,28 juillet 1914 – 11 novembre 1918,5,1,RANGE,,DATE_RULE,SCHOOL
COL-0082,xxe-siecle,XXe siècle,62,EVT-0089,Déclaration de guerre de l'Autriche-Hongrie à la Serbie,28 juillet 1914,3,3,DAY,,DATE_RULE,SCHOOL
COL-0082,xxe-siecle,XXe siècle,63,EVT-0479,Déclaration de guerre de l’Allemagne à la Russie,1er août 1914,3,4,DAY,,DATE_RULE,SCHOOL
COL-0082,xxe-siecle,XXe siècle,64,EVT-0480,Déclaration de guerre de l’Allemagne à la France,3 août 1914,3,4,DAY,,DATE_RULE,SCHOOL
COL-0082,xxe-siecle,XXe siècle,65,EVT-0481,Entrée en guerre du Royaume-Uni contre l’Allemagne,4 août 1914,3,4,DAY,,DATE_RULE,SCHOOL
COL-0082,xxe-siecle,XXe siècle,66,EVT-0206,Bataille de Tannenberg,26-30 août 1914,3,3,RANGE,,DATE_RULE,SCHOOL
COL-0082,xxe-siecle,XXe siècle,67,EVT-0207,Première bataille de la Marne,6-12 septembre 1914,4,3,RANGE,,DATE_RULE,SCHOOL
COL-0082,xxe-siecle,XXe siècle,68,EVT-0208,campagne des Dardanelles / Gallipoli,18 mars 1915 - 9 janvier 1916,3,3,RANGE,,DATE_RULE,SCHOOL
COL-0082,xxe-siecle,XXe siècle,69,EVT-0090,Début conventionnel du génocide des Arméniens commémoré par les arrestations à Constantinople,24 avril 1915,4,3,DAY,,DATE_RULE,SCHOOL
COL-0082,xxe-siecle,XXe siècle,70,EVT-0209,débarquements alliés à Gallipoli,25 avril 1915,3,3,DAY,,DATE_RULE,SCHOOL
COL-0082,xxe-siecle,XXe siècle,71,EVT-0789,Naufrage du Lusitania,7 mai 1915,5,1,DAY,,DATE_RULE,GENERAL_CULTURE_V1
COL-0082,xxe-siecle,XXe siècle,72,EVT-0230,déclaration alliée sur les crimes contre les Arméniens,24 mai 1915,2,3,DAY,,DATE_RULE,SCHOOL
COL-0082,xxe-siecle,XXe siècle,73,EVT-1220,33e élection présidentielle des États-Unis,1916,2,4,YEAR,,DATE_RULE,GENERAL_CULTURE_V2
COL-0082,xxe-siecle,XXe siècle,74,EVT-0482,Bataille de Verdun,21 février-18 décembre 1916,5,2,RANGE,,DATE_RULE,SCHOOL
COL-0082,xxe-siecle,XXe siècle,75,EVT-0790,Début de l’insurrection de Pâques à Dublin,24 avril 1916,5,1,DAY,,DATE_RULE,GENERAL_CULTURE_V1
COL-0082,xxe-siecle,XXe siècle,76,EVT-0314,Création du National Park Service,25 août 1916,3,3,DAY,,DATE_RULE,SCHOOL
COL-0082,xxe-siecle,XXe siècle,77,EVT-0210,bataille de la Somme,1er juillet - 18 novembre 1916,4,3,RANGE,,DATE_RULE,SCHOOL
COL-0082,xxe-siecle,XXe siècle,78,EVT-0354,Révolution russe de 1917,"1917 ; révolution de Février en mars grégorien, révolution d’Octobre le 7 novembre grégorien",5,2,YEAR,,DATE_RULE,SCHOOL
COL-0082,xxe-siecle,XXe siècle,79,EVT-0483,Entrée en guerre des États-Unis dans la Première Guerre mondiale,6 avril 1917,3,4,DAY,,DATE_RULE,SCHOOL
COL-0082,xxe-siecle,XXe siècle,80,EVT-0791,Déclaration Balfour,2 novembre 1917,5,1,DAY,,DATE_RULE,GENERAL_CULTURE_V1
COL-0082,xxe-siecle,XXe siècle,81,EVT-0484,Prise du pouvoir par les bolcheviks lors de la révolution d’Octobre,7 novembre 1917,5,2,DAY,,DATE_RULE,SCHOOL
COL-0082,xxe-siecle,XXe siècle,82,EVT-0792,Pandémie de grippe dite espagnole,1918,5,1,YEAR,,DATE_RULE,GENERAL_CULTURE_V1
COL-0082,xxe-siecle,XXe siècle,83,EVT-0793,Présentation des Quatorze Points de Woodrow Wilson,8 janvier 1918,5,1,DAY,,DATE_RULE,GENERAL_CULTURE_V1
COL-0082,xxe-siecle,XXe siècle,84,EVT-0485,Traité de Brest-Litovsk,3 mars 1918,3,3,DAY,,DATE_RULE,SCHOOL
COL-0082,xxe-siecle,XXe siècle,85,EVT-0211,début de l’opération Michael,21 mars 1918,3,3,DAY,,DATE_RULE,SCHOOL
COL-0082,xxe-siecle,XXe siècle,86,EVT-0212,première grande offensive de printemps,21 mars - 5 avril 1918,3,3,RANGE,,DATE_RULE,SCHOOL
COL-0082,xxe-siecle,XXe siècle,87,EVT-0842,Proclamation de la Tchécoslovaquie,28 octobre 1918,4,2,DAY,,DATE_RULE,GENERAL_CULTURE_V1
COL-0082,xxe-siecle,XXe siècle,88,EVT-0794,Abdication de Guillaume II et révolution allemande,9 novembre 1918,5,1,DAY,,DATE_RULE,GENERAL_CULTURE_V1
COL-0082,xxe-siecle,XXe siècle,89,EVT-0091,Armistice de Rethondes,11 novembre 1918,5,1,DAY,,DATE_RULE,SCHOOL
COL-0082,xxe-siecle,XXe siècle,90,EVT-0795,Rétablissement de l’indépendance de la Pologne,11 novembre 1918,5,1,DAY,,DATE_RULE,GENERAL_CULTURE_V1
COL-0082,xxe-siecle,XXe siècle,91,EVT-1221,13e édition du Tour de France,1919,1,4,YEAR,,DATE_RULE,GENERAL_CULTURE_V2
COL-0082,xxe-siecle,XXe siècle,92,EVT-1223,39e édition des Championnats de Wimbledon,1919,1,4,YEAR,,DATE_RULE,GENERAL_CULTURE_V2
COL-0082,xxe-siecle,XXe siècle,93,EVT-0486,Ouverture de la conférence de la paix de Paris,18 janvier 1919,3,4,DAY,,DATE_RULE,SCHOOL
COL-0082,xxe-siecle,XXe siècle,94,EVT-0843,Massacre d’Amritsar,13 avril 1919,4,2,DAY,,DATE_RULE,GENERAL_CULTURE_V1
COL-0082,xxe-siecle,XXe siècle,95,EVT-0844,Mouvement du 4-Mai en Chine,4 mai 1919,4,2,DAY,,DATE_RULE,GENERAL_CULTURE_V1
COL-0082,xxe-siecle,XXe siècle,96,EVT-0092,Signature du traité de Versailles,28 juin 1919,4,3,DAY,,DATE_RULE,SCHOOL
COL-0082,xxe-siecle,XXe siècle,97,EVT-1222,Premier vol transatlantique aller-retour du dirigeable R34 achevé,19 juillet 1919,3,3,DAY,,DATE_RULE,GENERAL_CULTURE_V2
COL-0082,xxe-siecle,XXe siècle,98,EVT-0232,traité de Saint-Germain,10 septembre 1919,2,4,DAY,,DATE_RULE,SCHOOL
COL-0082,xxe-siecle,XXe siècle,99,EVT-0233,traité de Neuilly,27 novembre 1919,2,4,DAY,,DATE_RULE,SCHOOL
COL-0082,xxe-siecle,XXe siècle,100,EVT-1224,Jeux olympiques d’été de la VIIe Olympiade à Anvers,1920,3,3,YEAR,,DATE_RULE,GENERAL_CULTURE_V2
COL-0082,xxe-siecle,XXe siècle,101,EVT-1225,14e édition du Tour de France,1920,1,4,YEAR,,DATE_RULE,GENERAL_CULTURE_V2
COL-0082,xxe-siecle,XXe siècle,102,EVT-1226,34e élection présidentielle des États-Unis,1920,2,4,YEAR,,DATE_RULE,GENERAL_CULTURE_V2
COL-0082,xxe-siecle,XXe siècle,103,EVT-0487,Entrée en vigueur du pacte de la Société des Nations,10 janvier 1920,3,4,DAY,,DATE_RULE,SCHOOL
COL-0082,xxe-siecle,XXe siècle,104,EVT-0845,Première réunion du Conseil de la Société des Nations,16 janvier 1920,4,2,DAY,,DATE_RULE,GENERAL_CULTURE_V1
COL-0082,xxe-siecle,XXe siècle,105,EVT-0846,Début de la prohibition aux États-Unis,17 janvier 1920,4,2,DAY,,DATE_RULE,GENERAL_CULTURE_V1
COL-0082,xxe-siecle,XXe siècle,106,EVT-0234,traité de Trianon,4 juin 1920,2,4,DAY,,DATE_RULE,SCHOOL
COL-0082,xxe-siecle,XXe siècle,107,EVT-0235,traité de Sèvres,10 août 1920,2,4,DAY,,DATE_RULE,SCHOOL
COL-0082,xxe-siecle,XXe siècle,108,EVT-0796,Ratification du XIXe amendement accordant le vote aux femmes aux États-Unis,18 août 1920,5,1,DAY,,DATE_RULE,GENERAL_CULTURE_V1
COL-0082,xxe-siecle,XXe siècle,109,EVT-0236,choix du cercueil du Soldat inconnu,10 novembre 1920,2,4,DAY,,DATE_RULE,SCHOOL
COL-0082,xxe-siecle,XXe siècle,110,EVT-0237,cérémonie du Soldat inconnu sous l’Arc,11 novembre 1920,2,3,DAY,,DATE_RULE,SCHOOL
COL-0082,xxe-siecle,XXe siècle,111,EVT-1227,41e édition des Championnats de Wimbledon,1921,1,4,YEAR,,DATE_RULE,GENERAL_CULTURE_V2
COL-0082,xxe-siecle,XXe siècle,112,EVT-0238,inhumation définitive du Soldat inconnu,28 janvier 1921,2,4,DAY,,DATE_RULE,SCHOOL
COL-0082,xxe-siecle,XXe siècle,113,EVT-0797,Ouverture du Ier congrès fondateur du Parti communiste chinois,23 juillet 1921,5,1,DAY,,DATE_RULE,GENERAL_CULTURE_V1
COL-0082,xxe-siecle,XXe siècle,114,EVT-0847,Signature du traité anglo-irlandais,6 décembre 1921,4,2,DAY,,DATE_RULE,GENERAL_CULTURE_V1
COL-0082,xxe-siecle,XXe siècle,115,EVT-1228,16e édition du Tour de France,1922,1,4,YEAR,,DATE_RULE,GENERAL_CULTURE_V2
COL-0082,xxe-siecle,XXe siècle,116,EVT-1229,42e édition des Championnats de Wimbledon,1922,1,4,YEAR,,DATE_RULE,GENERAL_CULTURE_V2
COL-0082,xxe-siecle,XXe siècle,117,EVT-0848,Publication d’Ulysse de James Joyce,2 février 1922,4,2,DAY,,DATE_RULE,GENERAL_CULTURE_V1
COL-0082,xxe-siecle,XXe siècle,118,EVT-0239,arrangement à l’origine du passeport Nansen,5 juillet 1922,2,4,DAY,,DATE_RULE,SCHOOL
COL-0082,xxe-siecle,XXe siècle,119,EVT-0488,Marche sur Rome,28 octobre 1922,3,3,DAY,,DATE_RULE,SCHOOL
COL-0082,xxe-siecle,XXe siècle,120,EVT-0489,Début du mandat de Mussolini comme président du Conseil italien,31 octobre 1922,4,3,DAY,,DATE_RULE,SCHOOL
COL-0082,xxe-siecle,XXe siècle,121,EVT-0798,Découverte de la tombe de Toutânkhamon,4 novembre 1922,5,1,DAY,,DATE_RULE,GENERAL_CULTURE_V1
COL-0082,xxe-siecle,XXe siècle,122,EVT-0799,Création de l’Union soviétique,30 décembre 1922,5,1,DAY,,DATE_RULE,GENERAL_CULTURE_V1
COL-0082,xxe-siecle,XXe siècle,123,EVT-1230,17e édition du Tour de France,1923,1,4,YEAR,,DATE_RULE,GENERAL_CULTURE_V2
COL-0082,xxe-siecle,XXe siècle,124,EVT-0240,traité de Lausanne,24 juillet 1923,2,4,DAY,,DATE_RULE,SCHOOL
COL-0082,xxe-siecle,XXe siècle,125,EVT-0800,Proclamation de la République de Turquie,29 octobre 1923,5,1,DAY,,DATE_RULE,GENERAL_CULTURE_V1
COL-0082,xxe-siecle,XXe siècle,126,EVT-0490,Putsch de la Brasserie,8-9 novembre 1923,3,3,RANGE,,DATE_RULE,SCHOOL
COL-0082,xxe-siecle,XXe siècle,127,EVT-0849,Pic de l’hyperinflation allemande et introduction du Rentenmark,15 novembre 1923,4,2,DAY,,DATE_RULE,GENERAL_CULTURE_V1
COL-0082,xxe-siecle,XXe siècle,128,EVT-1231,Jeux olympiques d’été de la VIIIe Olympiade à Paris,1924,3,3,YEAR,,DATE_RULE,GENERAL_CULTURE_V2
COL-0082,xxe-siecle,XXe siècle,129,EVT-1232,18e édition du Tour de France,1924,1,4,YEAR,,DATE_RULE,GENERAL_CULTURE_V2
COL-0082,xxe-siecle,XXe siècle,130,EVT-1233,35e élection présidentielle des États-Unis,1924,2,4,YEAR,,DATE_RULE,GENERAL_CULTURE_V2
COL-0082,xxe-siecle,XXe siècle,131,EVT-1234,44e édition des Championnats de Wimbledon,1924,1,4,YEAR,,DATE_RULE,GENERAL_CULTURE_V2
COL-0082,xxe-siecle,XXe siècle,132,EVT-0801,Mort de Lénine,21 janvier 1924,5,1,DAY,,DATE_RULE,GENERAL_CULTURE_V1
COL-0082,xxe-siecle,XXe siècle,133,EVT-0850,Ouverture des premiers Jeux olympiques d’hiver à Chamonix,25 janvier 1924,4,2,DAY,,DATE_RULE,GENERAL_CULTURE_V1
COL-0082,xxe-siecle,XXe siècle,134,EVT-0366,Abolition du califat en Turquie,3 mars 1924,4,3,DAY,,DATE_RULE,SCHOOL
COL-0082,xxe-siecle,XXe siècle,135,EVT-0491,Accords de Londres mettant en œuvre le plan Dawes,16 août 1924,3,4,DAY,,DATE_RULE,SCHOOL
COL-0082,xxe-siecle,XXe siècle,136,EVT-1235,19e édition du Tour de France,1925,1,4,YEAR,,DATE_RULE,GENERAL_CULTURE_V2
COL-0082,xxe-siecle,XXe siècle,137,EVT-0851,Publication du premier volume de Mein Kampf,18 juillet 1925,4,2,DAY,,DATE_RULE,GENERAL_CULTURE_V1
COL-0082,xxe-siecle,XXe siècle,138,EVT-1236,Ouverture du procès Scopes sur l’enseignement de l’évolution,21 juillet 1925,3,3,DAY,,DATE_RULE,GENERAL_CULTURE_V2
COL-0082,xxe-siecle,XXe siècle,139,EVT-0492,Signature des traités de Locarno,1er décembre 1925,3,4,DAY,,DATE_RULE,SCHOOL
COL-0082,xxe-siecle,XXe siècle,140,EVT-1238,46e édition des Championnats de Wimbledon,1926,1,4,YEAR,,DATE_RULE,GENERAL_CULTURE_V2
COL-0082,xxe-siecle,XXe siècle,141,EVT-0852,Début de la grève générale au Royaume-Uni,3 mai 1926,4,2,DAY,,DATE_RULE,GENERAL_CULTURE_V1
COL-0082,xxe-siecle,XXe siècle,142,EVT-1237,Mise en service officielle de l’U.S. Route 66,11 novembre 1926,3,3,DAY,,DATE_RULE,GENERAL_CULTURE_V2
COL-0082,xxe-siecle,XXe siècle,143,EVT-1239,21e édition du Tour de France,1927,1,4,YEAR,,DATE_RULE,GENERAL_CULTURE_V2
COL-0082,xxe-siecle,XXe siècle,144,EVT-1240,47e édition des Championnats de Wimbledon,1927,1,4,YEAR,,DATE_RULE,GENERAL_CULTURE_V2
COL-0082,xxe-siecle,XXe siècle,145,EVT-0802,Charles Lindbergh achève le premier vol solo sans escale New York-Paris,21 mai 1927,5,1,DAY,,DATE_RULE,GENERAL_CULTURE_V1
COL-0082,xxe-siecle,XXe siècle,146,EVT-0803,"Sortie de The Jazz Singer, jalon du cinéma parlant",6 octobre 1927,5,1,DAY,,DATE_RULE,GENERAL_CULTURE_V1
COL-0082,xxe-siecle,XXe siècle,147,EVT-1241,Jeux olympiques d’été de la IXe Olympiade à Amsterdam,1928,3,3,YEAR,,DATE_RULE,GENERAL_CULTURE_V2
COL-0082,xxe-siecle,XXe siècle,148,EVT-1242,22e édition du Tour de France,1928,1,4,YEAR,,DATE_RULE,GENERAL_CULTURE_V2
COL-0082,xxe-siecle,XXe siècle,149,EVT-1243,36e élection présidentielle des États-Unis,1928,2,4,YEAR,,DATE_RULE,GENERAL_CULTURE_V2
COL-0082,xxe-siecle,XXe siècle,150,EVT-1244,IIe Jeux olympiques d’hiver à Saint-Moritz,1928,2,4,YEAR,,DATE_RULE,GENERAL_CULTURE_V2
COL-0082,xxe-siecle,XXe siècle,151,EVT-0493,Pacte Briand-Kellogg,27 août 1928,3,4,DAY,,DATE_RULE,SCHOOL
COL-0082,xxe-siecle,XXe siècle,152,EVT-0804,Découverte de la pénicilline par Alexander Fleming,28 septembre 1928,5,1,DAY,,DATE_RULE,GENERAL_CULTURE_V1
COL-0082,xxe-siecle,XXe siècle,153,EVT-0853,Première de Steamboat Willie avec Mickey Mouse,18 novembre 1928,4,2,DAY,,DATE_RULE,GENERAL_CULTURE_V1
COL-0082,xxe-siecle,XXe siècle,154,EVT-1245,1re cérémonie des Oscars,1929,2,4,YEAR,,DATE_RULE,GENERAL_CULTURE_V2
COL-0082,xxe-siecle,XXe siècle,155,EVT-1246,23e édition du Tour de France,1929,1,4,YEAR,,DATE_RULE,GENERAL_CULTURE_V2
COL-0082,xxe-siecle,XXe siècle,156,EVT-1247,49e édition des Championnats de Wimbledon,1929,1,4,YEAR,,DATE_RULE,GENERAL_CULTURE_V2
COL-0082,xxe-siecle,XXe siècle,157,EVT-0854,Signature des accords du Latran créant l’État de la Cité du Vatican,11 février 1929,4,2,DAY,,DATE_RULE,GENERAL_CULTURE_V1
COL-0082,xxe-siecle,XXe siècle,158,EVT-0494,Jeudi noir à Wall Street,24 octobre 1929,3,3,DAY,,DATE_RULE,SCHOOL
COL-0082,xxe-siecle,XXe siècle,159,EVT-0495,Mardi noir à Wall Street,29 octobre 1929,3,3,DAY,,DATE_RULE,SCHOOL
COL-0082,xxe-siecle,XXe siècle,160,EVT-1248,2e cérémonie des Oscars,1930,1,4,YEAR,,DATE_RULE,GENERAL_CULTURE_V2
COL-0082,xxe-siecle,XXe siècle,161,EVT-1249,24e édition du Tour de France,1930,1,4,YEAR,,DATE_RULE,GENERAL_CULTURE_V2
COL-0082,xxe-siecle,XXe siècle,162,EVT-0805,Découverte de Pluton par Clyde Tombaugh,18 février 1930,5,1,DAY,,DATE_RULE,GENERAL_CULTURE_V1
COL-0082,xxe-siecle,XXe siècle,163,EVT-0496,Marche du sel de Gandhi,12 mars-6 avril 1930,3,3,RANGE,,DATE_RULE,SCHOOL
COL-0082,xxe-siecle,XXe siècle,164,EVT-0806,Début de la première Coupe du monde de football,13 juillet 1930,5,1,DAY,,DATE_RULE,GENERAL_CULTURE_V1
COL-0082,xxe-siecle,XXe siècle,165,EVT-0011,Population urbaine majoritaire en France,1931,2,3,YEAR,,DATE_RULE,SCHOOL
COL-0082,xxe-siecle,XXe siècle,166,EVT-1250,3e cérémonie des Oscars,1931,1,4,YEAR,,DATE_RULE,GENERAL_CULTURE_V2
COL-0082,xxe-siecle,XXe siècle,167,EVT-1251,25e édition du Tour de France,1931,1,4,YEAR,,DATE_RULE,GENERAL_CULTURE_V2
COL-0082,xxe-siecle,XXe siècle,168,EVT-1252,51e édition des Championnats de Wimbledon,1931,1,4,YEAR,,DATE_RULE,GENERAL_CULTURE_V2
COL-0082,xxe-siecle,XXe siècle,169,EVT-0855,Inauguration de l’Empire State Building,1 mai 1931,4,2,DAY,,DATE_RULE,GENERAL_CULTURE_V1
COL-0082,xxe-siecle,XXe siècle,170,EVT-0807,Incident de Mukden et invasion japonaise de la Mandchourie,18 septembre 1931,5,1,DAY,,DATE_RULE,GENERAL_CULTURE_V1
COL-0082,xxe-siecle,XXe siècle,171,EVT-1253,4e cérémonie des Oscars,1932,1,4,YEAR,,DATE_RULE,GENERAL_CULTURE_V2
COL-0082,xxe-siecle,XXe siècle,172,EVT-1254,Jeux olympiques d’été de la Xe Olympiade à Los Angeles,1932,3,3,YEAR,,DATE_RULE,GENERAL_CULTURE_V2
COL-0082,xxe-siecle,XXe siècle,173,EVT-1255,37e élection présidentielle des États-Unis,1932,2,4,YEAR,,DATE_RULE,GENERAL_CULTURE_V2
COL-0082,xxe-siecle,XXe siècle,174,EVT-1256,52e édition des Championnats de Wimbledon,1932,1,4,YEAR,,DATE_RULE,GENERAL_CULTURE_V2
COL-0082,xxe-siecle,XXe siècle,175,EVT-1257,IIIe Jeux olympiques d’hiver à Lake Placid,1932,2,4,YEAR,,DATE_RULE,GENERAL_CULTURE_V2
COL-0082,xxe-siecle,XXe siècle,176,EVT-0856,Amelia Earhart achève un vol transatlantique solo,21 mai 1932,4,2,DAY,,DATE_RULE,GENERAL_CULTURE_V1
COL-0082,xxe-siecle,XXe siècle,177,EVT-0857,Proclamation du royaume d’Arabie saoudite,23 septembre 1932,4,2,DAY,,DATE_RULE,GENERAL_CULTURE_V1
COL-0082,xxe-siecle,XXe siècle,178,EVT-0355,Allemagne nazie / régime hitlérien,1933-1945,5,2,RANGE,,DATE_RULE,SCHOOL
COL-0082,xxe-siecle,XXe siècle,179,EVT-1258,27e édition du Tour de France,1933,1,4,YEAR,,DATE_RULE,GENERAL_CULTURE_V2
COL-0082,xxe-siecle,XXe siècle,180,EVT-0497,Hitler devient chancelier,30 janvier 1933,5,1,DAY,,DATE_RULE,SCHOOL
COL-0082,xxe-siecle,XXe siècle,181,EVT-0498,Incendie du Reichstag,27 février 1933,3,3,DAY,,DATE_RULE,SCHOOL
COL-0082,xxe-siecle,XXe siècle,182,EVT-0243,New Deal,à partir de mars 1933,4,3,MONTH,,DATE_RULE,SCHOOL
COL-0082,xxe-siecle,XXe siècle,183,EVT-0241,Première investiture de Franklin D. Roosevelt / début de sa présidence,4 mars 1933,2,3,DAY,,DATE_RULE,SCHOOL
COL-0082,xxe-siecle,XXe siècle,184,EVT-0499,Vote de la loi des pleins pouvoirs en Allemagne,23 mars 1933,3,4,DAY,,DATE_RULE,SCHOOL
COL-0082,xxe-siecle,XXe siècle,185,EVT-0858,Fin de la prohibition aux États-Unis,5 décembre 1933,4,2,DAY,,DATE_RULE,GENERAL_CULTURE_V1
COL-0082,xxe-siecle,XXe siècle,186,EVT-1259,IIe Coupe du monde de football organisée en Italie,1934,3,3,YEAR,,DATE_RULE,GENERAL_CULTURE_V2
COL-0082,xxe-siecle,XXe siècle,187,EVT-1260,6e cérémonie des Oscars,1934,1,4,YEAR,,DATE_RULE,GENERAL_CULTURE_V2
COL-0082,xxe-siecle,XXe siècle,188,EVT-1261,28e édition du Tour de France,1934,1,4,YEAR,,DATE_RULE,GENERAL_CULTURE_V2
COL-0082,xxe-siecle,XXe siècle,189,EVT-1262,54e édition des Championnats de Wimbledon,1934,1,4,YEAR,,DATE_RULE,GENERAL_CULTURE_V2
COL-0082,xxe-siecle,XXe siècle,190,EVT-0500,Nuit des Longs Couteaux,30 juin-2 juillet 1934,3,3,RANGE,,DATE_RULE,SCHOOL
COL-0082,xxe-siecle,XXe siècle,191,EVT-0859,Début de la Longue Marche des communistes chinois,10 octobre 1934,4,2,DAY,,DATE_RULE,GENERAL_CULTURE_V1
COL-0082,xxe-siecle,XXe siècle,192,EVT-1263,7e cérémonie des Oscars,1935,1,4,YEAR,,DATE_RULE,GENERAL_CULTURE_V2
COL-0082,xxe-siecle,XXe siècle,193,EVT-1264,29e édition du Tour de France,1935,1,4,YEAR,,DATE_RULE,GENERAL_CULTURE_V2
COL-0082,xxe-siecle,XXe siècle,194,EVT-1265,55e édition des Championnats de Wimbledon,1935,1,4,YEAR,,DATE_RULE,GENERAL_CULTURE_V2
COL-0082,xxe-siecle,XXe siècle,195,EVT-0860,Promulgation du Social Security Act aux États-Unis,14 août 1935,4,2,DAY,,DATE_RULE,GENERAL_CULTURE_V1
COL-0082,xxe-siecle,XXe siècle,196,EVT-0501,Lois de Nuremberg,15 septembre 1935,3,3,DAY,,DATE_RULE,SCHOOL
COL-0082,xxe-siecle,XXe siècle,197,EVT-0808,Début de l’invasion italienne de l’Éthiopie,3 octobre 1935,5,1,DAY,,DATE_RULE,GENERAL_CULTURE_V1
COL-0082,xxe-siecle,XXe siècle,198,EVT-0356,Front populaire en France,1936-1938,4,2,RANGE,,DATE_RULE,SCHOOL
COL-0082,xxe-siecle,XXe siècle,199,EVT-1266,8e cérémonie des Oscars,1936,1,4,YEAR,,DATE_RULE,GENERAL_CULTURE_V2
COL-0082,xxe-siecle,XXe siècle,200,EVT-1267,30e édition du Tour de France,1936,1,4,YEAR,,DATE_RULE,GENERAL_CULTURE_V2
COL-0082,xxe-siecle,XXe siècle,201,EVT-1268,38e élection présidentielle des États-Unis,1936,2,4,YEAR,,DATE_RULE,GENERAL_CULTURE_V2
COL-0082,xxe-siecle,XXe siècle,202,EVT-1269,IVe Jeux olympiques d’hiver à Garmisch-Partenkirchen,1936,2,4,YEAR,,DATE_RULE,GENERAL_CULTURE_V2
COL-0082,xxe-siecle,XXe siècle,203,EVT-0093,Léon Blum devient président du Conseil,4 juin 1936,3,3,DAY,,DATE_RULE,SCHOOL
COL-0082,xxe-siecle,XXe siècle,204,EVT-0094,Accords de Matignon,nuit du 7 au 8 juin 1936,3,3,RANGE,,DATE_RULE,SCHOOL
COL-0082,xxe-siecle,XXe siècle,205,EVT-0095,Loi instituant les congés payés,20 juin 1936,3,3,DAY,,DATE_RULE,SCHOOL
COL-0082,xxe-siecle,XXe siècle,206,EVT-0096,Loi sur la semaine de quarante heures,21 juin 1936,3,3,DAY,,DATE_RULE,SCHOOL
COL-0082,xxe-siecle,XXe siècle,207,EVT-0502,Guerre civile espagnole,17 juillet 1936-1er avril 1939,4,3,RANGE,,DATE_RULE,SCHOOL
COL-0082,xxe-siecle,XXe siècle,208,EVT-1036,Ouverture des Jeux olympiques de Berlin,1 août 1936,4,2,DAY,,DATE_RULE,GENERAL_CULTURE_V1
COL-0082,xxe-siecle,XXe siècle,209,EVT-1037,Abdication d’Édouard VIII,11 décembre 1936,4,2,DAY,,DATE_RULE,GENERAL_CULTURE_V1
COL-0082,xxe-siecle,XXe siècle,210,EVT-1270,9e cérémonie des Oscars,1937,1,4,YEAR,,DATE_RULE,GENERAL_CULTURE_V2
COL-0082,xxe-siecle,XXe siècle,211,EVT-1272,57e édition des Championnats de Wimbledon,1937,1,4,YEAR,,DATE_RULE,GENERAL_CULTURE_V2
COL-0082,xxe-siecle,XXe siècle,212,EVT-0503,Bombardement de Guernica,26 avril 1937,4,3,DAY,,DATE_RULE,SCHOOL
COL-0082,xxe-siecle,XXe siècle,213,EVT-1038,Catastrophe du dirigeable Hindenburg,6 mai 1937,4,2,DAY,,DATE_RULE,GENERAL_CULTURE_V1
COL-0082,xxe-siecle,XXe siècle,214,EVT-1271,Disparition d’Amelia Earhart,2 juillet 1937,3,3,DAY,,DATE_RULE,GENERAL_CULTURE_V2
COL-0082,xxe-siecle,XXe siècle,215,EVT-0809,Début du massacre de Nankin,13 décembre 1937,5,1,DAY,,DATE_RULE,GENERAL_CULTURE_V1
COL-0082,xxe-siecle,XXe siècle,216,EVT-1273,IIIe Coupe du monde de football organisée en France,1938,3,3,YEAR,,DATE_RULE,GENERAL_CULTURE_V2
COL-0082,xxe-siecle,XXe siècle,217,EVT-1274,10e cérémonie des Oscars,1938,1,4,YEAR,,DATE_RULE,GENERAL_CULTURE_V2
COL-0082,xxe-siecle,XXe siècle,218,EVT-1275,32e édition du Tour de France,1938,1,4,YEAR,,DATE_RULE,GENERAL_CULTURE_V2
COL-0082,xxe-siecle,XXe siècle,219,EVT-0810,Anschluss de l’Autriche par l’Allemagne nazie,12 mars 1938,5,1,DAY,,DATE_RULE,GENERAL_CULTURE_V1
COL-0082,xxe-siecle,XXe siècle,220,EVT-0504,Accords de Munich,30 septembre 1938,4,3,DAY,,DATE_RULE,SCHOOL
COL-0082,xxe-siecle,XXe siècle,221,EVT-0244,pogrom de novembre / Nuit de cristal,9-10 novembre 1938,4,3,RANGE,,DATE_RULE,SCHOOL
COL-0082,xxe-siecle,XXe siècle,222,EVT-1276,11e cérémonie des Oscars,1939,1,4,YEAR,,DATE_RULE,GENERAL_CULTURE_V2
COL-0082,xxe-siecle,XXe siècle,223,EVT-1277,33e édition du Tour de France,1939,1,4,YEAR,,DATE_RULE,GENERAL_CULTURE_V2
COL-0082,xxe-siecle,XXe siècle,224,EVT-1278,59e édition des Championnats de Wimbledon,1939,1,4,YEAR,,DATE_RULE,GENERAL_CULTURE_V2
COL-0082,xxe-siecle,XXe siècle,225,EVT-0811,Fin de la guerre civile espagnole,1 avril 1939,5,1,DAY,,DATE_RULE,GENERAL_CULTURE_V1
COL-0082,xxe-siecle,XXe siècle,226,EVT-0505,Pacte germano-soviétique,23 août 1939,4,3,DAY,,DATE_RULE,SCHOOL
COL-0082,xxe-siecle,XXe siècle,227,EVT-0013,Seconde Guerre mondiale,1er septembre 1939 – 2 septembre 1945,5,1,RANGE,,DATE_RULE,SCHOOL
COL-0082,xxe-siecle,XXe siècle,228,EVT-0097,Invasion de la Pologne par l'Allemagne,1er septembre 1939,5,2,DAY,,DATE_RULE,SCHOOL
COL-0082,xxe-siecle,XXe siècle,229,EVT-0098,Déclaration de guerre française et britannique à l'Allemagne,3 septembre 1939,2,3,DAY,,DATE_RULE,SCHOOL
COL-0082,xxe-siecle,XXe siècle,230,EVT-1279,12e cérémonie des Oscars,1940,1,4,YEAR,,DATE_RULE,GENERAL_CULTURE_V2
COL-0082,xxe-siecle,XXe siècle,231,EVT-1280,39e élection présidentielle des États-Unis,1940,2,4,YEAR,,DATE_RULE,GENERAL_CULTURE_V2
COL-0082,xxe-siecle,XXe siècle,232,EVT-1039,Découverte des charniers de Katyn par les Allemands annoncée publiquement,13 avril 1940,4,2,DAY,,DATE_RULE,GENERAL_CULTURE_V1
COL-0082,xxe-siecle,XXe siècle,233,EVT-0506,Offensive allemande à l’Ouest,10 mai 1940,3,3,DAY,,DATE_RULE,SCHOOL
COL-0082,xxe-siecle,XXe siècle,234,EVT-0812,Winston Churchill devient Premier ministre du Royaume-Uni,10 mai 1940,5,1,DAY,,DATE_RULE,GENERAL_CULTURE_V1
COL-0082,xxe-siecle,XXe siècle,235,EVT-0507,Évacuation de Dunkerque,26 mai-4 juin 1940,3,3,RANGE,,DATE_RULE,SCHOOL
COL-0082,xxe-siecle,XXe siècle,236,EVT-0508,Entrée des troupes allemandes dans Paris,14 juin 1940,3,3,DAY,,DATE_RULE,SCHOOL
COL-0082,xxe-siecle,XXe siècle,237,EVT-0103,Formation du gouvernement Pétain : Philippe Pétain devient président du Conseil,16 juin 1940,4,3,DAY,,DATE_RULE,SCHOOL
COL-0082,xxe-siecle,XXe siècle,238,EVT-0246,demande française d’armistice,17 juin 1940,2,3,DAY,,DATE_RULE,SCHOOL
COL-0082,xxe-siecle,XXe siècle,239,EVT-0014,Appel du 18 juin du général de Gaulle,18 juin 1940,5,2,DAY,,DATE_RULE,SCHOOL
COL-0082,xxe-siecle,XXe siècle,240,EVT-0105,signature de l’armistice franco-allemand à Rethondes,22 juin 1940,3,3,DAY,,DATE_RULE,SCHOOL
COL-0082,xxe-siecle,XXe siècle,241,EVT-0248,Entrée en vigueur du cessez-le-feu franco-allemand de juin 1940,25 juin 1940,2,4,DAY,,DATE_RULE,SCHOOL
COL-0082,xxe-siecle,XXe siècle,242,EVT-0249,reconnaissance de De Gaulle comme chef des Français libres par le Royaume-Uni,28 juin 1940,4,3,DAY,,DATE_RULE,SCHOOL
COL-0082,xxe-siecle,XXe siècle,243,EVT-0106,Vote des pleins pouvoirs constituants à Pétain,10 juillet 1940,4,3,DAY,,DATE_RULE,SCHOOL
COL-0082,xxe-siecle,XXe siècle,244,EVT-0509,Bataille d’Angleterre,10 juillet-31 octobre 1940,4,3,RANGE,,DATE_RULE,SCHOOL
COL-0082,xxe-siecle,XXe siècle,245,EVT-0107,Actes constitutionnels instituant l'État français,11 juillet 1940,4,3,DAY,,DATE_RULE,SCHOOL
COL-0082,xxe-siecle,XXe siècle,246,EVT-0813,Promulgation de la loi Prêt-Bail aux États-Unis,11 mars 1941,5,1,DAY,,DATE_RULE,GENERAL_CULTURE_V1
COL-0082,xxe-siecle,XXe siècle,247,EVT-0099,Attaque allemande contre l'URSS (opération Barbarossa),22 juin 1941,4,3,DAY,,DATE_RULE,SCHOOL
COL-0082,xxe-siecle,XXe siècle,248,EVT-0510,Attaque de Pearl Harbor,7 décembre 1941,5,1,DAY,,DATE_RULE,SCHOOL
COL-0082,xxe-siecle,XXe siècle,249,EVT-1281,14e cérémonie des Oscars,1942,1,4,YEAR,,DATE_RULE,GENERAL_CULTURE_V2
COL-0082,xxe-siecle,XXe siècle,250,EVT-0511,Conférence de Wannsee,20 janvier 1942,3,3,DAY,,DATE_RULE,SCHOOL
COL-0082,xxe-siecle,XXe siècle,251,EVT-0512,Bataille de Midway,4-7 juin 1942,4,3,RANGE,,DATE_RULE,SCHOOL
COL-0082,xxe-siecle,XXe siècle,252,EVT-0015,Rafle du Vel d’Hiv,16-17 juillet 1942,4,3,RANGE,,DATE_RULE,SCHOOL
COL-0082,xxe-siecle,XXe siècle,253,EVT-0814,Lancement officiel du projet Manhattan,13 août 1942,5,1,DAY,,DATE_RULE,GENERAL_CULTURE_V1
COL-0082,xxe-siecle,XXe siècle,254,EVT-0513,Bataille de Stalingrad,23 août 1942-2 février 1943,5,2,RANGE,,DATE_RULE,SCHOOL
COL-0082,xxe-siecle,XXe siècle,255,EVT-0514,Seconde bataille d’El-Alamein,23 octobre-11 novembre 1942,4,3,RANGE,,DATE_RULE,SCHOOL
COL-0082,xxe-siecle,XXe siècle,256,EVT-0815,Première réaction nucléaire en chaîne auto-entretenue à Chicago,2 décembre 1942,5,1,DAY,,DATE_RULE,GENERAL_CULTURE_V1
COL-0082,xxe-siecle,XXe siècle,257,EVT-1282,15e cérémonie des Oscars,1943,1,4,YEAR,,DATE_RULE,GENERAL_CULTURE_V2
COL-0082,xxe-siecle,XXe siècle,258,EVT-0816,Début du soulèvement du ghetto de Varsovie,19 avril 1943,5,1,DAY,,DATE_RULE,GENERAL_CULTURE_V1
COL-0082,xxe-siecle,XXe siècle,259,EVT-0016,Première réunion du Conseil national de la Résistance,27 mai 1943,4,3,DAY,,DATE_RULE,SCHOOL
COL-0082,xxe-siecle,XXe siècle,260,EVT-0515,Débarquement allié en Sicile,10 juillet 1943,3,3,DAY,,DATE_RULE,SCHOOL
COL-0082,xxe-siecle,XXe siècle,261,EVT-0817,Chute de Mussolini après son arrestation,25 juillet 1943,5,1,DAY,,DATE_RULE,GENERAL_CULTURE_V1
COL-0082,xxe-siecle,XXe siècle,262,EVT-0516,Annonce de l’armistice italien,8 septembre 1943,3,3,DAY,,DATE_RULE,SCHOOL
COL-0082,xxe-siecle,XXe siècle,263,EVT-0517,Conférence de Téhéran,28 novembre-1er décembre 1943,3,3,RANGE,,DATE_RULE,SCHOOL
COL-0082,xxe-siecle,XXe siècle,264,EVT-1283,1re cérémonie des Golden Globes,1944,2,4,YEAR,,DATE_RULE,GENERAL_CULTURE_V2
COL-0082,xxe-siecle,XXe siècle,265,EVT-1284,16e cérémonie des Oscars,1944,1,4,YEAR,,DATE_RULE,GENERAL_CULTURE_V2
COL-0082,xxe-siecle,XXe siècle,266,EVT-1285,40e élection présidentielle des États-Unis,1944,2,4,YEAR,,DATE_RULE,GENERAL_CULTURE_V2
COL-0082,xxe-siecle,XXe siècle,267,EVT-1040,Publication de travaux établissant le rôle de l’ADN comme support de l’hérédité,1 février 1944,4,2,DAY,,DATE_RULE,GENERAL_CULTURE_V1
COL-0082,xxe-siecle,XXe siècle,268,EVT-0109,Adoption du programme du CNR,15 mars 1944,4,3,DAY,,DATE_RULE,SCHOOL
COL-0082,xxe-siecle,XXe siècle,269,EVT-0006,Ordonnance du 21 avril 1944 accordant aux femmes le droit de vote et d’éligibilité,21 avril 1944,4,2,DAY,,DATE_RULE,SCHOOL
COL-0082,xxe-siecle,XXe siècle,270,EVT-0360,Création officielle du Gouvernement provisoire de la République française,3 juin 1944,3,3,DAY,,DATE_RULE,SCHOOL
COL-0082,xxe-siecle,XXe siècle,271,EVT-0017,Débarquement allié en Normandie,6 juin 1944,5,2,DAY,,DATE_RULE,SCHOOL
COL-0082,xxe-siecle,XXe siècle,272,EVT-0818,Ouverture de la conférence de Bretton Woods,1 juillet 1944,5,1,DAY,,DATE_RULE,GENERAL_CULTURE_V1
COL-0082,xxe-siecle,XXe siècle,273,EVT-0819,Début de l’insurrection de Varsovie,1 août 1944,5,1,DAY,,DATE_RULE,GENERAL_CULTURE_V1
COL-0082,xxe-siecle,XXe siècle,274,EVT-0284,Naissance de l’Agence France-Presse,20 août 1944,4,3,DAY,,DATE_RULE,SCHOOL
COL-0082,xxe-siecle,XXe siècle,275,EVT-0100,Libération de Paris,25 août 1944,4,3,DAY,,DATE_RULE,SCHOOL
COL-0082,xxe-siecle,XXe siècle,276,EVT-1286,17e cérémonie des Oscars,1945,1,4,YEAR,,DATE_RULE,GENERAL_CULTURE_V2
COL-0082,xxe-siecle,XXe siècle,277,EVT-0518,Libération du camp d’Auschwitz-Birkenau,27 janvier 1945,5,2,DAY,,DATE_RULE,SCHOOL
COL-0082,xxe-siecle,XXe siècle,278,EVT-0519,Conférence de Yalta,4-11 février 1945,4,3,RANGE,,DATE_RULE,SCHOOL
COL-0082,xxe-siecle,XXe siècle,279,EVT-0820,Ouverture de la conférence de San Francisco fondant l’ONU,25 avril 1945,5,1,DAY,,DATE_RULE,GENERAL_CULTURE_V1
COL-0082,xxe-siecle,XXe siècle,280,EVT-0007,Première participation des Françaises à un scrutin (élections municipales),29 avril 1945 aux municipales,4,2,DAY,,DATE_RULE,SCHOOL
COL-0082,xxe-siecle,XXe siècle,281,EVT-0101,Fin de la guerre en Europe / capitulation allemande effective,8 mai 1945,4,3,DAY,,DATE_RULE,SCHOOL
COL-0082,xxe-siecle,XXe siècle,282,EVT-0357,Signature de la Charte des Nations Unies,26 juin 1945,5,2,DAY,,DATE_RULE,SCHOOL
COL-0082,xxe-siecle,XXe siècle,283,EVT-0821,Ouverture de la conférence de Potsdam,17 juillet 1945,5,1,DAY,,DATE_RULE,GENERAL_CULTURE_V1
COL-0082,xxe-siecle,XXe siècle,284,EVT-0520,Bombardement atomique d’Hiroshima,6 août 1945,5,1,DAY,,DATE_RULE,SCHOOL
COL-0082,xxe-siecle,XXe siècle,285,EVT-0521,Bombardement atomique de Nagasaki,9 août 1945,5,1,DAY,,DATE_RULE,SCHOOL
COL-0082,xxe-siecle,XXe siècle,286,EVT-0822,Proclamation de l’indépendance de l’Indonésie,17 août 1945,5,1,DAY,,DATE_RULE,GENERAL_CULTURE_V1
COL-0082,xxe-siecle,XXe siècle,287,EVT-0102,Capitulation japonaise signée ; fin conventionnelle mondiale du conflit,2 septembre 1945,4,3,DAY,,DATE_RULE,SCHOOL
COL-0082,xxe-siecle,XXe siècle,288,EVT-0823,Proclamation de l’indépendance du Viêt Nam par Hô Chi Minh,2 septembre 1945,5,1,DAY,,DATE_RULE,GENERAL_CULTURE_V1
COL-0082,xxe-siecle,XXe siècle,289,EVT-0128,Ordonnance fondatrice de l'organisation de la Sécurité sociale,4 octobre 1945 (entrée en vigueur 7 octobre 1945),4,3,RANGE,,DATE_RULE,SCHOOL
COL-0082,xxe-siecle,XXe siècle,290,EVT-0008,Premier vote des Françaises à un scrutin national,21 octobre 1945,4,3,DAY,,DATE_RULE,SCHOOL
COL-0082,xxe-siecle,XXe siècle,291,EVT-0358,Entrée en vigueur de la Charte et naissance juridique de l’ONU,24 octobre 1945,4,3,DAY,,DATE_RULE,SCHOOL
COL-0082,xxe-siecle,XXe siècle,292,EVT-0307,Ouverture du procès principal de Nuremberg,20 novembre 1945,4,3,DAY,,DATE_RULE,SCHOOL
COL-0082,xxe-siecle,XXe siècle,293,EVT-1287,3e cérémonie des Golden Globes,1946,1,4,YEAR,,DATE_RULE,GENERAL_CULTURE_V2
COL-0082,xxe-siecle,XXe siècle,294,EVT-1288,18e cérémonie des Oscars,1946,1,4,YEAR,,DATE_RULE,GENERAL_CULTURE_V2
COL-0082,xxe-siecle,XXe siècle,295,EVT-1289,60e édition des Championnats de Wimbledon,1946,1,4,YEAR,,DATE_RULE,GENERAL_CULTURE_V2
COL-0082,xxe-siecle,XXe siècle,296,EVT-0946,Première session de l’Assemblée générale des Nations Unies,10 janvier 1946,4,2,DAY,,DATE_RULE,GENERAL_CULTURE_V1
COL-0082,xxe-siecle,XXe siècle,297,EVT-0861,Discours du « rideau de fer » de Winston Churchill à Fulton,5 mars 1946,5,1,DAY,,DATE_RULE,GENERAL_CULTURE_V1
COL-0082,xxe-siecle,XXe siècle,298,EVT-0947,Indépendance des Philippines vis-à-vis des États-Unis,4 juillet 1946,4,2,DAY,,DATE_RULE,GENERAL_CULTURE_V1
COL-0082,xxe-siecle,XXe siècle,299,EVT-0308,Jugement final du Tribunal militaire international de Nuremberg,1er octobre 1946,4,3,DAY,,DATE_RULE,SCHOOL
COL-0082,xxe-siecle,XXe siècle,300,EVT-0250,début conventionnel de la guerre d’Indochine,19 décembre 1946,4,3,DAY,,DATE_RULE,SCHOOL
COL-0082,xxe-siecle,XXe siècle,301,EVT-1290,4e cérémonie des Golden Globes,1947,1,4,YEAR,,DATE_RULE,GENERAL_CULTURE_V2
COL-0082,xxe-siecle,XXe siècle,302,EVT-1291,19e cérémonie des Oscars,1947,1,4,YEAR,,DATE_RULE,GENERAL_CULTURE_V2
COL-0082,xxe-siecle,XXe siècle,303,EVT-1292,34e édition du Tour de France,1947,1,4,YEAR,,DATE_RULE,GENERAL_CULTURE_V2
COL-0082,xxe-siecle,XXe siècle,304,EVT-0110,Discours de Truman devant le Congrès présentant la doctrine Truman,12 mars 1947,4,3,DAY,,DATE_RULE,SCHOOL
COL-0082,xxe-siecle,XXe siècle,305,EVT-0359,Guerre froide,"12 mars 1947 - 26 décembre 1991, périodisation conventionnelle",5,2,RANGE,,DATE_RULE,SCHOOL
COL-0082,xxe-siecle,XXe siècle,306,EVT-0523,Discours de Harvard lançant le plan Marshall,5 juin 1947,5,2,DAY,,DATE_RULE,SCHOOL
COL-0082,xxe-siecle,XXe siècle,307,EVT-0862,Indépendance du Pakistan,14 août 1947,5,1,DAY,,DATE_RULE,GENERAL_CULTURE_V1
COL-0082,xxe-siecle,XXe siècle,308,EVT-0522,Indépendance de l’Inde,15 août 1947,5,2,DAY,,DATE_RULE,SCHOOL
COL-0082,xxe-siecle,XXe siècle,309,EVT-0948,Signature du GATT,30 octobre 1947,4,2,DAY,,DATE_RULE,GENERAL_CULTURE_V1
COL-0082,xxe-siecle,XXe siècle,310,EVT-1293,5e cérémonie des Golden Globes,1948,1,4,YEAR,,DATE_RULE,GENERAL_CULTURE_V2
COL-0082,xxe-siecle,XXe siècle,311,EVT-1294,20e cérémonie des Oscars,1948,1,4,YEAR,,DATE_RULE,GENERAL_CULTURE_V2
COL-0082,xxe-siecle,XXe siècle,312,EVT-1295,Jeux olympiques d’été de la XIVe Olympiade à Londres,1948,2,4,YEAR,,DATE_RULE,GENERAL_CULTURE_V2
COL-0082,xxe-siecle,XXe siècle,313,EVT-1296,35e édition du Tour de France,1948,1,4,YEAR,,DATE_RULE,GENERAL_CULTURE_V2
COL-0082,xxe-siecle,XXe siècle,314,EVT-1297,41e élection présidentielle des États-Unis,1948,2,4,YEAR,,DATE_RULE,GENERAL_CULTURE_V2
COL-0082,xxe-siecle,XXe siècle,315,EVT-1298,62e édition des Championnats de Wimbledon,1948,1,4,YEAR,,DATE_RULE,GENERAL_CULTURE_V2
COL-0082,xxe-siecle,XXe siècle,316,EVT-1299,Ve Jeux olympiques d’hiver à Saint-Moritz,1948,2,4,YEAR,,DATE_RULE,GENERAL_CULTURE_V2
COL-0082,xxe-siecle,XXe siècle,317,EVT-0863,Création de l’Organisation mondiale de la santé,7 avril 1948,5,1,DAY,,DATE_RULE,GENERAL_CULTURE_V1
COL-0082,xxe-siecle,XXe siècle,318,EVT-0298,Proclamation de l’État d’Israël,14 mai 1948,5,2,DAY,,DATE_RULE,SCHOOL
COL-0082,xxe-siecle,XXe siècle,319,EVT-0864,Victoire électorale du Parti national en Afrique du Sud,26 mai 1948,5,1,DAY,,DATE_RULE,GENERAL_CULTURE_V1
COL-0082,xxe-siecle,XXe siècle,320,EVT-0111,Début du blocus de Berlin,24 juin 1948,4,3,DAY,,DATE_RULE,SCHOOL
COL-0082,xxe-siecle,XXe siècle,321,EVT-0865,Adoption de la Déclaration universelle des droits de l’homme,10 décembre 1948,5,1,DAY,,DATE_RULE,GENERAL_CULTURE_V1
COL-0082,xxe-siecle,XXe siècle,322,EVT-1300,1re cérémonie des British Academy Film Awards,1949,2,4,YEAR,,DATE_RULE,GENERAL_CULTURE_V2
COL-0082,xxe-siecle,XXe siècle,323,EVT-0524,Signature du traité de l’Atlantique Nord,4 avril 1949,5,2,DAY,,DATE_RULE,SCHOOL
COL-0082,xxe-siecle,XXe siècle,324,EVT-0949,Fondation du Conseil de l’Europe,5 mai 1949,4,2,DAY,,DATE_RULE,GENERAL_CULTURE_V1
COL-0082,xxe-siecle,XXe siècle,325,EVT-0112,Fin du blocus de Berlin,12 mai 1949,3,4,DAY,,DATE_RULE,SCHOOL
COL-0082,xxe-siecle,XXe siècle,326,EVT-0866,Signature des Conventions de Genève de 1949,12 août 1949,5,1,DAY,,DATE_RULE,GENERAL_CULTURE_V1
COL-0082,xxe-siecle,XXe siècle,327,EVT-0525,Proclamation de la République populaire de Chine,1er octobre 1949,5,2,DAY,,DATE_RULE,SCHOOL
COL-0082,xxe-siecle,XXe siècle,328,EVT-1301,2e cérémonie des British Academy Film Awards,1950,1,4,YEAR,,DATE_RULE,GENERAL_CULTURE_V2
COL-0082,xxe-siecle,XXe siècle,329,EVT-1302,IVe Coupe du monde de football organisée en Brésil,1950,3,3,YEAR,,DATE_RULE,GENERAL_CULTURE_V2
COL-0082,xxe-siecle,XXe siècle,330,EVT-1303,Saison inaugurale du championnat du monde de Formule 1,1950,2,4,YEAR,,DATE_RULE,GENERAL_CULTURE_V2
COL-0082,xxe-siecle,XXe siècle,331,EVT-1304,7e cérémonie des Golden Globes,1950,1,4,YEAR,,DATE_RULE,GENERAL_CULTURE_V2
COL-0082,xxe-siecle,XXe siècle,332,EVT-1305,22e cérémonie des Oscars,1950,1,4,YEAR,,DATE_RULE,GENERAL_CULTURE_V2
COL-0082,xxe-siecle,XXe siècle,333,EVT-1306,37e édition du Tour de France,1950,1,4,YEAR,,DATE_RULE,GENERAL_CULTURE_V2
COL-0082,xxe-siecle,XXe siècle,334,EVT-1307,64e édition des Championnats de Wimbledon,1950,1,4,YEAR,,DATE_RULE,GENERAL_CULTURE_V2
COL-0082,xxe-siecle,XXe siècle,335,EVT-0018,Déclaration Schuman,9 mai 1950,5,2,DAY,,DATE_RULE,SCHOOL
COL-0082,xxe-siecle,XXe siècle,336,EVT-0275,Début de la guerre de Corée,25 juin 1950,4,3,DAY,,DATE_RULE,SCHOOL
COL-0082,xxe-siecle,XXe siècle,337,EVT-0867,Signature de la Convention européenne des droits de l’homme,4 novembre 1950,5,1,DAY,,DATE_RULE,GENERAL_CULTURE_V1
COL-0082,xxe-siecle,XXe siècle,338,EVT-1308,1re édition de la Berlinale,1951,2,4,YEAR,,DATE_RULE,GENERAL_CULTURE_V2
COL-0082,xxe-siecle,XXe siècle,339,EVT-1309,2e saison du championnat du monde de Formule 1,1951,1,4,YEAR,,DATE_RULE,GENERAL_CULTURE_V2
COL-0082,xxe-siecle,XXe siècle,340,EVT-1310,23e cérémonie des Oscars,1951,1,4,YEAR,,DATE_RULE,GENERAL_CULTURE_V2
COL-0082,xxe-siecle,XXe siècle,341,EVT-1311,38e édition du Tour de France,1951,1,4,YEAR,,DATE_RULE,GENERAL_CULTURE_V2
COL-0082,xxe-siecle,XXe siècle,342,EVT-1312,65e édition des Championnats de Wimbledon,1951,1,4,YEAR,,DATE_RULE,GENERAL_CULTURE_V2
COL-0082,xxe-siecle,XXe siècle,343,EVT-0116,Signature du traité de Paris instituant la CECA,18 avril 1951,4,2,DAY,,DATE_RULE,SCHOOL
COL-0082,xxe-siecle,XXe siècle,344,EVT-0868,Adoption de la Convention de Genève relative au statut des réfugiés,28 juillet 1951,5,1,DAY,,DATE_RULE,GENERAL_CULTURE_V1
COL-0082,xxe-siecle,XXe siècle,345,EVT-0950,Signature du traité de paix de San Francisco avec le Japon,8 septembre 1951,4,2,DAY,,DATE_RULE,GENERAL_CULTURE_V1
COL-0082,xxe-siecle,XXe siècle,346,EVT-1313,4e cérémonie des British Academy Film Awards,1952,1,4,YEAR,,DATE_RULE,GENERAL_CULTURE_V2
COL-0082,xxe-siecle,XXe siècle,347,EVT-1314,2e édition de la Berlinale,1952,1,4,YEAR,,DATE_RULE,GENERAL_CULTURE_V2
COL-0082,xxe-siecle,XXe siècle,348,EVT-1315,9e cérémonie des Golden Globes,1952,1,4,YEAR,,DATE_RULE,GENERAL_CULTURE_V2
COL-0082,xxe-siecle,XXe siècle,349,EVT-1316,24e cérémonie des Oscars,1952,1,4,YEAR,,DATE_RULE,GENERAL_CULTURE_V2
COL-0082,xxe-siecle,XXe siècle,350,EVT-1317,Jeux olympiques d’été de la XVe Olympiade à Helsinki,1952,2,4,YEAR,,DATE_RULE,GENERAL_CULTURE_V2
COL-0082,xxe-siecle,XXe siècle,351,EVT-1318,39e édition du Tour de France,1952,1,4,YEAR,,DATE_RULE,GENERAL_CULTURE_V2
COL-0082,xxe-siecle,XXe siècle,352,EVT-1319,42e élection présidentielle des États-Unis,1952,2,4,YEAR,,DATE_RULE,GENERAL_CULTURE_V2
COL-0082,xxe-siecle,XXe siècle,353,EVT-1320,VIe Jeux olympiques d’hiver à Oslo,1952,2,4,YEAR,,DATE_RULE,GENERAL_CULTURE_V2
COL-0082,xxe-siecle,XXe siècle,354,EVT-0951,Élisabeth II devient reine du Royaume-Uni,6 février 1952,4,2,DAY,,DATE_RULE,GENERAL_CULTURE_V1
COL-0082,xxe-siecle,XXe siècle,355,EVT-0117,Entrée en vigueur du traité CECA,23 juillet 1952,3,5,DAY,,DATE_RULE,SCHOOL
COL-0082,xxe-siecle,XXe siècle,356,EVT-0869,Premier essai réussi d’une bombe thermonucléaire américaine,1 novembre 1952,5,1,DAY,,DATE_RULE,GENERAL_CULTURE_V1
COL-0082,xxe-siecle,XXe siècle,357,EVT-1321,5e cérémonie des British Academy Film Awards,1953,1,4,YEAR,,DATE_RULE,GENERAL_CULTURE_V2
COL-0082,xxe-siecle,XXe siècle,358,EVT-1322,4e saison du championnat du monde de Formule 1,1953,1,4,YEAR,,DATE_RULE,GENERAL_CULTURE_V2
COL-0082,xxe-siecle,XXe siècle,359,EVT-1323,10e cérémonie des Golden Globes,1953,1,4,YEAR,,DATE_RULE,GENERAL_CULTURE_V2
COL-0082,xxe-siecle,XXe siècle,360,EVT-1324,25e cérémonie des Oscars,1953,1,4,YEAR,,DATE_RULE,GENERAL_CULTURE_V2
COL-0082,xxe-siecle,XXe siècle,361,EVT-1325,40e édition du Tour de France,1953,1,4,YEAR,,DATE_RULE,GENERAL_CULTURE_V2
COL-0082,xxe-siecle,XXe siècle,362,EVT-1326,67e édition des Championnats de Wimbledon,1953,1,4,YEAR,,DATE_RULE,GENERAL_CULTURE_V2
COL-0082,xxe-siecle,XXe siècle,363,EVT-0870,Mort de Joseph Staline,5 mars 1953,5,1,DAY,,DATE_RULE,GENERAL_CULTURE_V1
COL-0082,xxe-siecle,XXe siècle,364,EVT-0871,Publication de la structure en double hélice de l’ADN par Watson et Crick,25 avril 1953,5,1,DAY,,DATE_RULE,GENERAL_CULTURE_V1
COL-0082,xxe-siecle,XXe siècle,365,EVT-0872,Première ascension confirmée de l’Everest par Hillary et Norgay,29 mai 1953,5,1,DAY,,DATE_RULE,GENERAL_CULTURE_V1
COL-0082,xxe-siecle,XXe siècle,366,EVT-0276,Armistice de Corée,27 juillet 1953,3,3,DAY,,DATE_RULE,SCHOOL
COL-0082,xxe-siecle,XXe siècle,367,EVT-0873,Armistice de Panmunjom mettant fin aux combats de la guerre de Corée,27 juillet 1953,5,1,DAY,,DATE_RULE,GENERAL_CULTURE_V1
COL-0082,xxe-siecle,XXe siècle,368,EVT-1327,4e édition de la Berlinale,1954,1,4,YEAR,,DATE_RULE,GENERAL_CULTURE_V2
COL-0082,xxe-siecle,XXe siècle,369,EVT-1328,Ve Coupe du monde de football organisée en Suisse,1954,3,3,YEAR,,DATE_RULE,GENERAL_CULTURE_V2
COL-0082,xxe-siecle,XXe siècle,370,EVT-1329,5e saison du championnat du monde de Formule 1,1954,1,4,YEAR,,DATE_RULE,GENERAL_CULTURE_V2
COL-0082,xxe-siecle,XXe siècle,371,EVT-1330,11e cérémonie des Golden Globes,1954,1,4,YEAR,,DATE_RULE,GENERAL_CULTURE_V2
COL-0082,xxe-siecle,XXe siècle,372,EVT-1331,26e cérémonie des Oscars,1954,1,4,YEAR,,DATE_RULE,GENERAL_CULTURE_V2
COL-0082,xxe-siecle,XXe siècle,373,EVT-1332,68e édition des Championnats de Wimbledon,1954,1,4,YEAR,,DATE_RULE,GENERAL_CULTURE_V2
COL-0082,xxe-siecle,XXe siècle,374,EVT-0251,Bataille de Diên Biên Phu,13 mars - 7 mai 1954,4,3,RANGE,,DATE_RULE,SCHOOL
COL-0082,xxe-siecle,XXe siècle,375,EVT-0952,Roger Bannister court le premier mile en moins de quatre minutes,6 mai 1954,4,2,DAY,,DATE_RULE,GENERAL_CULTURE_V1
COL-0082,xxe-siecle,XXe siècle,376,EVT-0252,chute du camp de Diên Biên Phu,7 mai 1954,4,3,DAY,,DATE_RULE,SCHOOL
COL-0082,xxe-siecle,XXe siècle,377,EVT-0874,Arrêt Brown v. Board of Education aux États-Unis,17 mai 1954,5,1,DAY,,DATE_RULE,GENERAL_CULTURE_V1
COL-0082,xxe-siecle,XXe siècle,378,EVT-0253,accord de cessation des hostilités au Vietnam signé à Genève,20 juillet 1954,2,3,DAY,,DATE_RULE,SCHOOL
COL-0082,xxe-siecle,XXe siècle,379,EVT-0254,accords de Genève / clôture conventionnelle,21 juillet 1954,2,3,DAY,,DATE_RULE,SCHOOL
COL-0082,xxe-siecle,XXe siècle,380,EVT-0255,entrée en vigueur de l’accord de cessez-le-feu au Vietnam,22 juillet 1954 à 24 h (heure de Genève),2,4,DAY,,DATE_RULE,SCHOOL
COL-0082,xxe-siecle,XXe siècle,381,EVT-0530,Début de la guerre d’Algérie,1er novembre 1954,5,2,DAY,,DATE_RULE,SCHOOL
COL-0082,xxe-siecle,XXe siècle,382,EVT-1333,7e cérémonie des British Academy Film Awards,1955,1,4,YEAR,,DATE_RULE,GENERAL_CULTURE_V2
COL-0082,xxe-siecle,XXe siècle,383,EVT-1334,5e édition de la Berlinale,1955,1,4,YEAR,,DATE_RULE,GENERAL_CULTURE_V2
COL-0082,xxe-siecle,XXe siècle,384,EVT-1335,6e saison du championnat du monde de Formule 1,1955,1,4,YEAR,,DATE_RULE,GENERAL_CULTURE_V2
COL-0082,xxe-siecle,XXe siècle,385,EVT-1336,27e cérémonie des Oscars,1955,1,4,YEAR,,DATE_RULE,GENERAL_CULTURE_V2
COL-0082,xxe-siecle,XXe siècle,386,EVT-1337,42e édition du Tour de France,1955,1,4,YEAR,,DATE_RULE,GENERAL_CULTURE_V2
COL-0082,xxe-siecle,XXe siècle,387,EVT-0526,Conférence de Bandung,18-24 avril 1955,4,3,RANGE,,DATE_RULE,SCHOOL
COL-0082,xxe-siecle,XXe siècle,388,EVT-0527,Création du pacte de Varsovie,14 mai 1955,4,3,DAY,,DATE_RULE,SCHOOL
COL-0082,xxe-siecle,XXe siècle,389,EVT-1338,Ouverture du parc Disneyland en Californie,17 juillet 1955,3,3,DAY,,DATE_RULE,GENERAL_CULTURE_V2
COL-0082,xxe-siecle,XXe siècle,390,EVT-0875,Arrestation de Rosa Parks à Montgomery,1 décembre 1955,5,1,DAY,,DATE_RULE,GENERAL_CULTURE_V1
COL-0082,xxe-siecle,XXe siècle,391,EVT-1339,8e cérémonie des British Academy Film Awards,1956,1,4,YEAR,,DATE_RULE,GENERAL_CULTURE_V2
COL-0082,xxe-siecle,XXe siècle,392,EVT-1340,6e édition de la Berlinale,1956,1,4,YEAR,,DATE_RULE,GENERAL_CULTURE_V2
COL-0082,xxe-siecle,XXe siècle,393,EVT-1341,1er Concours Eurovision de la chanson,1956,2,4,YEAR,,DATE_RULE,GENERAL_CULTURE_V2
COL-0082,xxe-siecle,XXe siècle,394,EVT-1342,7e saison du championnat du monde de Formule 1,1956,1,4,YEAR,,DATE_RULE,GENERAL_CULTURE_V2
COL-0082,xxe-siecle,XXe siècle,395,EVT-1343,13e cérémonie des Golden Globes,1956,1,4,YEAR,,DATE_RULE,GENERAL_CULTURE_V2
COL-0082,xxe-siecle,XXe siècle,396,EVT-1344,28e cérémonie des Oscars,1956,1,4,YEAR,,DATE_RULE,GENERAL_CULTURE_V2
COL-0082,xxe-siecle,XXe siècle,397,EVT-1345,Jeux olympiques d’été de la XVIe Olympiade à Melbourne,1956,2,4,YEAR,,DATE_RULE,GENERAL_CULTURE_V2
COL-0082,xxe-siecle,XXe siècle,398,EVT-1346,43e édition du Tour de France,1956,1,4,YEAR,,DATE_RULE,GENERAL_CULTURE_V2
COL-0082,xxe-siecle,XXe siècle,399,EVT-1347,43e élection présidentielle des États-Unis,1956,2,4,YEAR,,DATE_RULE,GENERAL_CULTURE_V2
COL-0082,xxe-siecle,XXe siècle,400,EVT-1348,70e édition des Championnats de Wimbledon,1956,1,4,YEAR,,DATE_RULE,GENERAL_CULTURE_V2
COL-0082,xxe-siecle,XXe siècle,401,EVT-1349,VIIe Jeux olympiques d’hiver à Cortina d’Ampezzo,1956,2,4,YEAR,,DATE_RULE,GENERAL_CULTURE_V2
COL-0082,xxe-siecle,XXe siècle,402,EVT-0876,Discours secret de Nikita Khrouchtchev au XXe congrès du PCUS,25 février 1956,5,1,DAY,,DATE_RULE,GENERAL_CULTURE_V1
COL-0082,xxe-siecle,XXe siècle,403,EVT-0877,Début de l’insurrection de Budapest,23 octobre 1956,5,1,DAY,,DATE_RULE,GENERAL_CULTURE_V1
COL-0082,xxe-siecle,XXe siècle,404,EVT-0528,Crise du canal de Suez,29 octobre-7 novembre 1956,4,3,RANGE,,DATE_RULE,SCHOOL
COL-0082,xxe-siecle,XXe siècle,405,EVT-1350,9e cérémonie des British Academy Film Awards,1957,1,4,YEAR,,DATE_RULE,GENERAL_CULTURE_V2
COL-0082,xxe-siecle,XXe siècle,406,EVT-1351,2e Concours Eurovision de la chanson,1957,1,4,YEAR,,DATE_RULE,GENERAL_CULTURE_V2
COL-0082,xxe-siecle,XXe siècle,407,EVT-1352,44e édition du Tour de France,1957,1,4,YEAR,,DATE_RULE,GENERAL_CULTURE_V2
COL-0082,xxe-siecle,XXe siècle,408,EVT-0285,Adoption du statut de l’AFP,10 janvier 1957,3,4,DAY,,DATE_RULE,SCHOOL
COL-0082,xxe-siecle,XXe siècle,409,EVT-0878,Indépendance du Ghana,6 mars 1957,5,1,DAY,,DATE_RULE,GENERAL_CULTURE_V1
COL-0082,xxe-siecle,XXe siècle,410,EVT-0118,Signature des traités de Rome,25 mars 1957,5,2,DAY,,DATE_RULE,SCHOOL
COL-0082,xxe-siecle,XXe siècle,411,EVT-0286,Lancement de Spoutnik 1,4 octobre 1957,5,2,DAY,,DATE_RULE,SCHOOL
COL-0082,xxe-siecle,XXe siècle,412,EVT-1353,8e édition de la Berlinale,1958,1,4,YEAR,,DATE_RULE,GENERAL_CULTURE_V2
COL-0082,xxe-siecle,XXe siècle,413,EVT-1354,VIe Coupe du monde de football organisée en Suède,1958,3,3,YEAR,,DATE_RULE,GENERAL_CULTURE_V2
COL-0082,xxe-siecle,XXe siècle,414,EVT-1355,9e saison du championnat du monde de Formule 1,1958,1,4,YEAR,,DATE_RULE,GENERAL_CULTURE_V2
COL-0082,xxe-siecle,XXe siècle,415,EVT-1356,15e cérémonie des Golden Globes,1958,1,4,YEAR,,DATE_RULE,GENERAL_CULTURE_V2
COL-0082,xxe-siecle,XXe siècle,416,EVT-1357,30e cérémonie des Oscars,1958,1,4,YEAR,,DATE_RULE,GENERAL_CULTURE_V2
COL-0082,xxe-siecle,XXe siècle,417,EVT-1358,45e édition du Tour de France,1958,1,4,YEAR,,DATE_RULE,GENERAL_CULTURE_V2
COL-0082,xxe-siecle,XXe siècle,418,EVT-1359,72e édition des Championnats de Wimbledon,1958,1,4,YEAR,,DATE_RULE,GENERAL_CULTURE_V2
COL-0082,xxe-siecle,XXe siècle,419,EVT-0119,Entrée en vigueur des traités de Rome,1er janvier 1958,4,4,DAY,,DATE_RULE,SCHOOL
COL-0082,xxe-siecle,XXe siècle,420,EVT-0953,Lancement du Grand Bond en avant en Chine,mai 1958,4,2,MONTH,,DATE_RULE,GENERAL_CULTURE_V1
COL-0082,xxe-siecle,XXe siècle,421,EVT-0954,Victoire du Brésil de Pelé à la Coupe du monde de football,29 juin 1958,4,2,DAY,,DATE_RULE,GENERAL_CULTURE_V1
COL-0082,xxe-siecle,XXe siècle,422,EVT-0879,Signature du National Aeronautics and Space Act créant la NASA,29 juillet 1958,5,1,DAY,,DATE_RULE,GENERAL_CULTURE_V1
COL-0082,xxe-siecle,XXe siècle,423,EVT-0361,Référendum constitutionnel fondant la Ve République,28 septembre 1958,4,3,DAY,,DATE_RULE,SCHOOL
COL-0082,xxe-siecle,XXe siècle,424,EVT-0362,Promulgation de la Constitution de la Ve République,4 octobre 1958,4,3,DAY,,DATE_RULE,SCHOOL
COL-0082,xxe-siecle,XXe siècle,425,EVT-0531,Élection de Charles de Gaulle à la présidence de la République,21 décembre 1958,3,4,DAY,,DATE_RULE,SCHOOL
COL-0082,xxe-siecle,XXe siècle,426,EVT-1360,11e cérémonie des British Academy Film Awards,1959,1,4,YEAR,,DATE_RULE,GENERAL_CULTURE_V2
COL-0082,xxe-siecle,XXe siècle,427,EVT-1361,9e édition de la Berlinale,1959,1,4,YEAR,,DATE_RULE,GENERAL_CULTURE_V2
COL-0082,xxe-siecle,XXe siècle,428,EVT-1362,4e Concours Eurovision de la chanson,1959,1,4,YEAR,,DATE_RULE,GENERAL_CULTURE_V2
COL-0082,xxe-siecle,XXe siècle,429,EVT-1363,10e saison du championnat du monde de Formule 1,1959,1,4,YEAR,,DATE_RULE,GENERAL_CULTURE_V2
COL-0082,xxe-siecle,XXe siècle,430,EVT-1364,16e cérémonie des Golden Globes,1959,1,4,YEAR,,DATE_RULE,GENERAL_CULTURE_V2
COL-0082,xxe-siecle,XXe siècle,431,EVT-1365,1re cérémonie des Grammy Awards,1959,2,4,YEAR,,DATE_RULE,GENERAL_CULTURE_V2
COL-0082,xxe-siecle,XXe siècle,432,EVT-1366,31e cérémonie des Oscars,1959,1,4,YEAR,,DATE_RULE,GENERAL_CULTURE_V2
COL-0082,xxe-siecle,XXe siècle,433,EVT-1367,46e édition du Tour de France,1959,1,4,YEAR,,DATE_RULE,GENERAL_CULTURE_V2
COL-0082,xxe-siecle,XXe siècle,434,EVT-1368,73e édition des Championnats de Wimbledon,1959,1,4,YEAR,,DATE_RULE,GENERAL_CULTURE_V2
COL-0082,xxe-siecle,XXe siècle,435,EVT-0529,Victoire de la révolution cubaine,1er janvier 1959,3,3,DAY,,DATE_RULE,SCHOOL
COL-0082,xxe-siecle,XXe siècle,436,EVT-0955,Signature du traité sur l’Antarctique,1 décembre 1959,4,2,DAY,,DATE_RULE,GENERAL_CULTURE_V1
COL-0082,xxe-siecle,XXe siècle,437,EVT-1369,12e cérémonie des British Academy Film Awards,1960,1,4,YEAR,,DATE_RULE,GENERAL_CULTURE_V2
COL-0082,xxe-siecle,XXe siècle,438,EVT-1370,5e Concours Eurovision de la chanson,1960,1,4,YEAR,,DATE_RULE,GENERAL_CULTURE_V2
COL-0082,xxe-siecle,XXe siècle,439,EVT-1371,11e saison du championnat du monde de Formule 1,1960,1,4,YEAR,,DATE_RULE,GENERAL_CULTURE_V2
COL-0082,xxe-siecle,XXe siècle,440,EVT-1372,17e cérémonie des Golden Globes,1960,1,4,YEAR,,DATE_RULE,GENERAL_CULTURE_V2
COL-0082,xxe-siecle,XXe siècle,441,EVT-1373,2e cérémonie des Grammy Awards,1960,1,4,YEAR,,DATE_RULE,GENERAL_CULTURE_V2
COL-0082,xxe-siecle,XXe siècle,442,EVT-1374,32e cérémonie des Oscars,1960,1,4,YEAR,,DATE_RULE,GENERAL_CULTURE_V2
COL-0082,xxe-siecle,XXe siècle,443,EVT-1375,Jeux olympiques d’été de la XVIIe Olympiade à Rome,1960,2,4,YEAR,,DATE_RULE,GENERAL_CULTURE_V2
COL-0082,xxe-siecle,XXe siècle,444,EVT-1376,Ie Championnat d’Europe de football organisé en France,1960,2,4,YEAR,,DATE_RULE,GENERAL_CULTURE_V2
COL-0082,xxe-siecle,XXe siècle,445,EVT-1377,44e élection présidentielle des États-Unis,1960,2,4,YEAR,,DATE_RULE,GENERAL_CULTURE_V2
COL-0082,xxe-siecle,XXe siècle,446,EVT-1378,VIIIe Jeux olympiques d’hiver à Squaw Valley,1960,2,4,YEAR,,DATE_RULE,GENERAL_CULTURE_V2
COL-0082,xxe-siecle,XXe siècle,447,EVT-0880,Massacre de Sharpeville,21 mars 1960,5,1,DAY,,DATE_RULE,GENERAL_CULTURE_V1
COL-0082,xxe-siecle,XXe siècle,448,EVT-0956,Indépendance de Madagascar,26 juin 1960,4,2,DAY,,DATE_RULE,GENERAL_CULTURE_V1
COL-0082,xxe-siecle,XXe siècle,449,EVT-0881,Indépendance du Congo belge,30 juin 1960,5,1,DAY,,DATE_RULE,GENERAL_CULTURE_V1
COL-0082,xxe-siecle,XXe siècle,450,EVT-0957,Fondation de l’OPEP à Bagdad,14 septembre 1960,4,2,DAY,,DATE_RULE,GENERAL_CULTURE_V1
COL-0082,xxe-siecle,XXe siècle,451,EVT-0958,Indépendance du Nigeria,1 octobre 1960,4,2,DAY,,DATE_RULE,GENERAL_CULTURE_V1
COL-0082,xxe-siecle,XXe siècle,452,EVT-1379,11e édition de la Berlinale,1961,1,4,YEAR,,DATE_RULE,GENERAL_CULTURE_V2
COL-0082,xxe-siecle,XXe siècle,453,EVT-1380,6e Concours Eurovision de la chanson,1961,1,4,YEAR,,DATE_RULE,GENERAL_CULTURE_V2
COL-0082,xxe-siecle,XXe siècle,454,EVT-1381,12e saison du championnat du monde de Formule 1,1961,1,4,YEAR,,DATE_RULE,GENERAL_CULTURE_V2
COL-0082,xxe-siecle,XXe siècle,455,EVT-1382,3e cérémonie des Grammy Awards,1961,1,4,YEAR,,DATE_RULE,GENERAL_CULTURE_V2
COL-0082,xxe-siecle,XXe siècle,456,EVT-1383,33e cérémonie des Oscars,1961,1,4,YEAR,,DATE_RULE,GENERAL_CULTURE_V2
COL-0082,xxe-siecle,XXe siècle,457,EVT-1384,48e édition du Tour de France,1961,1,4,YEAR,,DATE_RULE,GENERAL_CULTURE_V2
COL-0082,xxe-siecle,XXe siècle,458,EVT-1385,75e édition des Championnats de Wimbledon,1961,1,4,YEAR,,DATE_RULE,GENERAL_CULTURE_V2
COL-0082,xxe-siecle,XXe siècle,459,EVT-0959,Investiture de John F. Kennedy,20 janvier 1961,4,2,DAY,,DATE_RULE,GENERAL_CULTURE_V1
COL-0082,xxe-siecle,XXe siècle,460,EVT-0287,"Premier vol spatial humain, Youri Gagarine / Vostok 1",12 avril 1961,5,2,DAY,,DATE_RULE,SCHOOL
COL-0082,xxe-siecle,XXe siècle,461,EVT-0532,Débarquement de la baie des Cochons,17-20 avril 1961,3,3,RANGE,,DATE_RULE,SCHOOL
COL-0082,xxe-siecle,XXe siècle,462,EVT-0113,Construction / fermeture de la frontière par le mur de Berlin,13 août 1961,5,2,DAY,,DATE_RULE,SCHOOL
COL-0082,xxe-siecle,XXe siècle,463,EVT-1386,14e cérémonie des British Academy Film Awards,1962,1,4,YEAR,,DATE_RULE,GENERAL_CULTURE_V2
COL-0082,xxe-siecle,XXe siècle,464,EVT-1387,12e édition de la Berlinale,1962,1,4,YEAR,,DATE_RULE,GENERAL_CULTURE_V2
COL-0082,xxe-siecle,XXe siècle,465,EVT-1388,7e Concours Eurovision de la chanson,1962,1,4,YEAR,,DATE_RULE,GENERAL_CULTURE_V2
COL-0082,xxe-siecle,XXe siècle,466,EVT-1389,VIIe Coupe du monde de football organisée en Chili,1962,3,3,YEAR,,DATE_RULE,GENERAL_CULTURE_V2
COL-0082,xxe-siecle,XXe siècle,467,EVT-1390,19e cérémonie des Golden Globes,1962,1,4,YEAR,,DATE_RULE,GENERAL_CULTURE_V2
COL-0082,xxe-siecle,XXe siècle,468,EVT-1391,34e cérémonie des Oscars,1962,1,4,YEAR,,DATE_RULE,GENERAL_CULTURE_V2
COL-0082,xxe-siecle,XXe siècle,469,EVT-1392,49e édition du Tour de France,1962,1,4,YEAR,,DATE_RULE,GENERAL_CULTURE_V2
COL-0082,xxe-siecle,XXe siècle,470,EVT-1393,76e édition des Championnats de Wimbledon,1962,1,4,YEAR,,DATE_RULE,GENERAL_CULTURE_V2
COL-0082,xxe-siecle,XXe siècle,471,EVT-0120,Signature des accords d'Évian,18 mars 1962,4,2,DAY,,DATE_RULE,SCHOOL
COL-0082,xxe-siecle,XXe siècle,472,EVT-0121,Entrée en vigueur du cessez-le-feu prévu par les accords d’Évian,19 mars 1962,3,4,DAY,,DATE_RULE,SCHOOL
COL-0082,xxe-siecle,XXe siècle,473,EVT-0122,Référendum d'autodétermination en Algérie,1er juillet 1962,4,2,DAY,,DATE_RULE,SCHOOL
COL-0082,xxe-siecle,XXe siècle,474,EVT-0123,Reconnaissance de l'indépendance par la France / transfert de souveraineté,3 juillet 1962,3,4,DAY,,DATE_RULE,SCHOOL
COL-0082,xxe-siecle,XXe siècle,475,EVT-0124,Proclamation officielle / fête de l'indépendance algérienne,5 juillet 1962,4,2,DAY,,DATE_RULE,SCHOOL
COL-0082,xxe-siecle,XXe siècle,476,EVT-0882,Ouverture du concile Vatican II,11 octobre 1962,5,1,DAY,,DATE_RULE,GENERAL_CULTURE_V1
COL-0082,xxe-siecle,XXe siècle,477,EVT-0533,Crise des missiles de Cuba,16-28 octobre 1962,5,2,RANGE,,DATE_RULE,SCHOOL
COL-0082,xxe-siecle,XXe siècle,478,EVT-0363,Référendum sur l’élection présidentielle au suffrage universel direct,28 octobre 1962,3,3,DAY,,DATE_RULE,SCHOOL
COL-0082,xxe-siecle,XXe siècle,479,EVT-1394,15e cérémonie des British Academy Film Awards,1963,1,4,YEAR,,DATE_RULE,GENERAL_CULTURE_V2
COL-0082,xxe-siecle,XXe siècle,480,EVT-1395,13e édition de la Berlinale,1963,1,4,YEAR,,DATE_RULE,GENERAL_CULTURE_V2
COL-0082,xxe-siecle,XXe siècle,481,EVT-1396,14e saison du championnat du monde de Formule 1,1963,1,4,YEAR,,DATE_RULE,GENERAL_CULTURE_V2
COL-0082,xxe-siecle,XXe siècle,482,EVT-1397,5e cérémonie des Grammy Awards,1963,1,4,YEAR,,DATE_RULE,GENERAL_CULTURE_V2
COL-0082,xxe-siecle,XXe siècle,483,EVT-1398,35e cérémonie des Oscars,1963,1,4,YEAR,,DATE_RULE,GENERAL_CULTURE_V2
COL-0082,xxe-siecle,XXe siècle,484,EVT-1399,50e édition du Tour de France,1963,2,4,YEAR,,DATE_RULE,GENERAL_CULTURE_V2
COL-0082,xxe-siecle,XXe siècle,485,EVT-0883,Signature du traité d’interdiction partielle des essais nucléaires,5 août 1963,5,1,DAY,,DATE_RULE,GENERAL_CULTURE_V1
COL-0082,xxe-siecle,XXe siècle,486,EVT-0884,Marche sur Washington et discours « I Have a Dream »,28 août 1963,5,1,DAY,,DATE_RULE,GENERAL_CULTURE_V1
COL-0082,xxe-siecle,XXe siècle,487,EVT-0534,Assassinat de John F. Kennedy,22 novembre 1963,3,3,DAY,,DATE_RULE,SCHOOL
COL-0082,xxe-siecle,XXe siècle,488,EVT-1400,16e cérémonie des British Academy Film Awards,1964,1,4,YEAR,,DATE_RULE,GENERAL_CULTURE_V2
COL-0082,xxe-siecle,XXe siècle,489,EVT-1401,9e Concours Eurovision de la chanson,1964,1,4,YEAR,,DATE_RULE,GENERAL_CULTURE_V2
COL-0082,xxe-siecle,XXe siècle,490,EVT-1402,15e saison du championnat du monde de Formule 1,1964,1,4,YEAR,,DATE_RULE,GENERAL_CULTURE_V2
COL-0082,xxe-siecle,XXe siècle,491,EVT-1403,21e cérémonie des Golden Globes,1964,1,4,YEAR,,DATE_RULE,GENERAL_CULTURE_V2
COL-0082,xxe-siecle,XXe siècle,492,EVT-1404,6e cérémonie des Grammy Awards,1964,1,4,YEAR,,DATE_RULE,GENERAL_CULTURE_V2
COL-0082,xxe-siecle,XXe siècle,493,EVT-1405,36e cérémonie des Oscars,1964,1,4,YEAR,,DATE_RULE,GENERAL_CULTURE_V2
COL-0082,xxe-siecle,XXe siècle,494,EVT-1406,51e édition du Tour de France,1964,1,4,YEAR,,DATE_RULE,GENERAL_CULTURE_V2
COL-0082,xxe-siecle,XXe siècle,495,EVT-1407,IIe Championnat d’Europe de football organisé en Espagne,1964,2,4,YEAR,,DATE_RULE,GENERAL_CULTURE_V2
COL-0082,xxe-siecle,XXe siècle,496,EVT-1408,45e élection présidentielle des États-Unis,1964,2,4,YEAR,,DATE_RULE,GENERAL_CULTURE_V2
COL-0082,xxe-siecle,XXe siècle,497,EVT-1410,78e édition des Championnats de Wimbledon,1964,1,4,YEAR,,DATE_RULE,GENERAL_CULTURE_V2
COL-0082,xxe-siecle,XXe siècle,498,EVT-1411,IXe Jeux olympiques d’hiver à Innsbruck,1964,2,4,YEAR,,DATE_RULE,GENERAL_CULTURE_V2
COL-0082,xxe-siecle,XXe siècle,499,EVT-0885,Promulgation du Civil Rights Act aux États-Unis,2 juillet 1964,5,1,DAY,,DATE_RULE,GENERAL_CULTURE_V1
COL-0082,xxe-siecle,XXe siècle,500,EVT-0535,Incident du golfe du Tonkin,2 août 1964 ; second incident allégué le 4 août,3,3,DAY,,DATE_RULE,SCHOOL
COL-0082,xxe-siecle,XXe siècle,501,EVT-1409,Ouverture des Jeux olympiques de Tokyo,10 octobre 1964,3,3,DAY,,DATE_RULE,GENERAL_CULTURE_V2
COL-0082,xxe-siecle,XXe siècle,502,EVT-1412,15e édition de la Berlinale,1965,1,4,YEAR,,DATE_RULE,GENERAL_CULTURE_V2
COL-0082,xxe-siecle,XXe siècle,503,EVT-1413,10e Concours Eurovision de la chanson,1965,1,4,YEAR,,DATE_RULE,GENERAL_CULTURE_V2
COL-0082,xxe-siecle,XXe siècle,504,EVT-1414,16e saison du championnat du monde de Formule 1,1965,1,4,YEAR,,DATE_RULE,GENERAL_CULTURE_V2
COL-0082,xxe-siecle,XXe siècle,505,EVT-1415,Élection présidentielle française remportée par Charles de Gaulle,1965,3,3,YEAR,,DATE_RULE,GENERAL_CULTURE_V2
COL-0082,xxe-siecle,XXe siècle,506,EVT-1416,22e cérémonie des Golden Globes,1965,1,4,YEAR,,DATE_RULE,GENERAL_CULTURE_V2
COL-0082,xxe-siecle,XXe siècle,507,EVT-1417,7e cérémonie des Grammy Awards,1965,1,4,YEAR,,DATE_RULE,GENERAL_CULTURE_V2
COL-0082,xxe-siecle,XXe siècle,508,EVT-0129,Loi réformant les régimes matrimoniaux et renforçant l'autonomie professionnelle de la femme mariée,13 juillet 1965,2,4,DAY,,DATE_RULE,SCHOOL
COL-0082,xxe-siecle,XXe siècle,509,EVT-0960,Création de Medicare et Medicaid aux États-Unis,30 juillet 1965,4,2,DAY,,DATE_RULE,GENERAL_CULTURE_V1
COL-0082,xxe-siecle,XXe siècle,510,EVT-0886,Promulgation du Voting Rights Act aux États-Unis,6 août 1965,5,1,DAY,,DATE_RULE,GENERAL_CULTURE_V1
COL-0082,xxe-siecle,XXe siècle,511,EVT-0887,Indépendance de Singapour,9 août 1965,5,1,DAY,,DATE_RULE,GENERAL_CULTURE_V1
COL-0082,xxe-siecle,XXe siècle,512,EVT-1418,18e cérémonie des British Academy Film Awards,1966,1,4,YEAR,,DATE_RULE,GENERAL_CULTURE_V2
COL-0082,xxe-siecle,XXe siècle,513,EVT-1419,16e édition de la Berlinale,1966,1,4,YEAR,,DATE_RULE,GENERAL_CULTURE_V2
COL-0082,xxe-siecle,XXe siècle,514,EVT-1420,11e Concours Eurovision de la chanson,1966,1,4,YEAR,,DATE_RULE,GENERAL_CULTURE_V2
COL-0082,xxe-siecle,XXe siècle,515,EVT-1421,VIIIe Coupe du monde de football organisée en Angleterre,1966,3,3,YEAR,,DATE_RULE,GENERAL_CULTURE_V2
COL-0082,xxe-siecle,XXe siècle,516,EVT-1422,23e cérémonie des Golden Globes,1966,1,4,YEAR,,DATE_RULE,GENERAL_CULTURE_V2
COL-0082,xxe-siecle,XXe siècle,517,EVT-1423,8e cérémonie des Grammy Awards,1966,1,4,YEAR,,DATE_RULE,GENERAL_CULTURE_V2
COL-0082,xxe-siecle,XXe siècle,518,EVT-1424,38e cérémonie des Oscars,1966,1,4,YEAR,,DATE_RULE,GENERAL_CULTURE_V2
COL-0082,xxe-siecle,XXe siècle,519,EVT-1425,53e édition du Tour de France,1966,1,4,YEAR,,DATE_RULE,GENERAL_CULTURE_V2
COL-0082,xxe-siecle,XXe siècle,520,EVT-1426,80e édition des Championnats de Wimbledon,1966,1,4,YEAR,,DATE_RULE,GENERAL_CULTURE_V2
COL-0082,xxe-siecle,XXe siècle,521,EVT-0888,Début officiel de la Révolution culturelle en Chine,16 mai 1966,5,1,DAY,,DATE_RULE,GENERAL_CULTURE_V1
COL-0082,xxe-siecle,XXe siècle,522,EVT-0961,Victoire de l’Angleterre à la Coupe du monde de football,30 juillet 1966,4,2,DAY,,DATE_RULE,GENERAL_CULTURE_V1
COL-0082,xxe-siecle,XXe siècle,523,EVT-1427,19e cérémonie des British Academy Film Awards,1967,1,4,YEAR,,DATE_RULE,GENERAL_CULTURE_V2
COL-0082,xxe-siecle,XXe siècle,524,EVT-1428,17e édition de la Berlinale,1967,1,4,YEAR,,DATE_RULE,GENERAL_CULTURE_V2
COL-0082,xxe-siecle,XXe siècle,525,EVT-1429,12e Concours Eurovision de la chanson,1967,1,4,YEAR,,DATE_RULE,GENERAL_CULTURE_V2
COL-0082,xxe-siecle,XXe siècle,526,EVT-1430,18e saison du championnat du monde de Formule 1,1967,1,4,YEAR,,DATE_RULE,GENERAL_CULTURE_V2
COL-0082,xxe-siecle,XXe siècle,527,EVT-1431,39e cérémonie des Oscars,1967,1,4,YEAR,,DATE_RULE,GENERAL_CULTURE_V2
COL-0082,xxe-siecle,XXe siècle,528,EVT-1432,Super Bowl I,1967,1,4,YEAR,,DATE_RULE,GENERAL_CULTURE_V2
COL-0082,xxe-siecle,XXe siècle,529,EVT-1433,54e édition du Tour de France,1967,1,4,YEAR,,DATE_RULE,GENERAL_CULTURE_V2
COL-0082,xxe-siecle,XXe siècle,530,EVT-1434,81e édition des Championnats de Wimbledon,1967,1,4,YEAR,,DATE_RULE,GENERAL_CULTURE_V2
COL-0082,xxe-siecle,XXe siècle,531,EVT-0889,Début de la guerre des Six Jours,5 juin 1967,5,1,DAY,,DATE_RULE,GENERAL_CULTURE_V1
COL-0082,xxe-siecle,XXe siècle,532,EVT-0962,Fondation de l’ASEAN,8 août 1967,4,2,DAY,,DATE_RULE,GENERAL_CULTURE_V1
COL-0082,xxe-siecle,XXe siècle,533,EVT-0890,Première transplantation cardiaque humaine réussie,3 décembre 1967,5,1,DAY,,DATE_RULE,GENERAL_CULTURE_V1
COL-0082,xxe-siecle,XXe siècle,534,EVT-1435,19e saison du championnat du monde de Formule 1,1968,1,4,YEAR,,DATE_RULE,GENERAL_CULTURE_V2
COL-0082,xxe-siecle,XXe siècle,535,EVT-1436,25e cérémonie des Golden Globes,1968,1,4,YEAR,,DATE_RULE,GENERAL_CULTURE_V2
COL-0082,xxe-siecle,XXe siècle,536,EVT-1437,10e cérémonie des Grammy Awards,1968,1,4,YEAR,,DATE_RULE,GENERAL_CULTURE_V2
COL-0082,xxe-siecle,XXe siècle,537,EVT-1438,40e cérémonie des Oscars,1968,1,4,YEAR,,DATE_RULE,GENERAL_CULTURE_V2
COL-0082,xxe-siecle,XXe siècle,538,EVT-1439,Jeux olympiques d’été de la XIXe Olympiade à Mexico,1968,2,4,YEAR,,DATE_RULE,GENERAL_CULTURE_V2
COL-0082,xxe-siecle,XXe siècle,539,EVT-1440,Super Bowl II,1968,1,4,YEAR,,DATE_RULE,GENERAL_CULTURE_V2
COL-0082,xxe-siecle,XXe siècle,540,EVT-1441,55e édition du Tour de France,1968,1,4,YEAR,,DATE_RULE,GENERAL_CULTURE_V2
COL-0082,xxe-siecle,XXe siècle,541,EVT-1442,IIIe Championnat d’Europe de football organisé en Italie,1968,2,4,YEAR,,DATE_RULE,GENERAL_CULTURE_V2
COL-0082,xxe-siecle,XXe siècle,542,EVT-1443,46e élection présidentielle des États-Unis,1968,2,4,YEAR,,DATE_RULE,GENERAL_CULTURE_V2
COL-0082,xxe-siecle,XXe siècle,543,EVT-1445,Xe Jeux olympiques d’hiver à Grenoble,1968,2,4,YEAR,,DATE_RULE,GENERAL_CULTURE_V2
COL-0082,xxe-siecle,XXe siècle,544,EVT-0536,Printemps de Prague,5 janvier-21 août 1968,4,3,RANGE,,DATE_RULE,SCHOOL
COL-0082,xxe-siecle,XXe siècle,545,EVT-0891,Début de l’offensive du Têt,30 janvier 1968,5,1,DAY,,DATE_RULE,GENERAL_CULTURE_V1
COL-0082,xxe-siecle,XXe siècle,546,EVT-0892,Assassinat de Martin Luther King Jr.,4 avril 1968,5,1,DAY,,DATE_RULE,GENERAL_CULTURE_V1
COL-0082,xxe-siecle,XXe siècle,547,EVT-0537,Mai 68 en France,2 mai-23 juin 1968,5,1,RANGE,,DATE_RULE,SCHOOL
COL-0082,xxe-siecle,XXe siècle,548,EVT-0538,Ouverture à la signature du Traité sur la non-prolifération des armes nucléaires,1er juillet 1968,3,4,DAY,,DATE_RULE,SCHOOL
COL-0082,xxe-siecle,XXe siècle,549,EVT-1444,Dick Fosbury remporte l’or olympique au saut en hauteur avec sa technique révolutionnaire,20 octobre 1968,3,3,DAY,,DATE_RULE,GENERAL_CULTURE_V2
COL-0082,xxe-siecle,XXe siècle,550,EVT-1446,21e cérémonie des British Academy Film Awards,1969,1,4,YEAR,,DATE_RULE,GENERAL_CULTURE_V2
COL-0082,xxe-siecle,XXe siècle,551,EVT-1447,19e édition de la Berlinale,1969,1,4,YEAR,,DATE_RULE,GENERAL_CULTURE_V2
COL-0082,xxe-siecle,XXe siècle,552,EVT-1448,14e Concours Eurovision de la chanson,1969,1,4,YEAR,,DATE_RULE,GENERAL_CULTURE_V2
COL-0082,xxe-siecle,XXe siècle,553,EVT-1449,20e saison du championnat du monde de Formule 1,1969,1,4,YEAR,,DATE_RULE,GENERAL_CULTURE_V2
COL-0082,xxe-siecle,XXe siècle,554,EVT-1450,Élection présidentielle française remportée par Georges Pompidou,1969,3,3,YEAR,,DATE_RULE,GENERAL_CULTURE_V2
COL-0082,xxe-siecle,XXe siècle,555,EVT-1451,11e cérémonie des Grammy Awards,1969,1,4,YEAR,,DATE_RULE,GENERAL_CULTURE_V2
COL-0082,xxe-siecle,XXe siècle,556,EVT-1452,41e cérémonie des Oscars,1969,1,4,YEAR,,DATE_RULE,GENERAL_CULTURE_V2
COL-0082,xxe-siecle,XXe siècle,557,EVT-1453,56e édition du Tour de France,1969,1,4,YEAR,,DATE_RULE,GENERAL_CULTURE_V2
COL-0082,xxe-siecle,XXe siècle,558,EVT-1454,83e édition des Championnats de Wimbledon,1969,1,4,YEAR,,DATE_RULE,GENERAL_CULTURE_V2
COL-0082,xxe-siecle,XXe siècle,559,EVT-0539,Démission de Charles de Gaulle,28 avril 1969,3,3,DAY,,DATE_RULE,SCHOOL
COL-0082,xxe-siecle,XXe siècle,560,EVT-0288,Lancement d’Apollo 11,16 juillet 1969,5,2,DAY,,DATE_RULE,SCHOOL
COL-0082,xxe-siecle,XXe siècle,561,EVT-0289,Alunissage d’Apollo 11,20 juillet 1969,5,2,DAY,,DATE_RULE,SCHOOL
COL-0082,xxe-siecle,XXe siècle,562,EVT-0893,Premiers pas humains sur la Lune lors d’Apollo 11,20 juillet 1969,5,1,DAY,,DATE_RULE,GENERAL_CULTURE_V1
COL-0082,xxe-siecle,XXe siècle,563,EVT-0894,Ouverture du festival de Woodstock,15 août 1969,5,1,DAY,,DATE_RULE,GENERAL_CULTURE_V1
COL-0082,xxe-siecle,XXe siècle,564,EVT-0895,Premier message transmis sur ARPANET,29 octobre 1969,5,1,DAY,,DATE_RULE,GENERAL_CULTURE_V1
COL-0082,xxe-siecle,XXe siècle,565,EVT-1455,22e cérémonie des British Academy Film Awards,1970,1,4,YEAR,,DATE_RULE,GENERAL_CULTURE_V2
COL-0082,xxe-siecle,XXe siècle,566,EVT-1456,20e édition de la Berlinale,1970,1,4,YEAR,,DATE_RULE,GENERAL_CULTURE_V2
COL-0082,xxe-siecle,XXe siècle,567,EVT-1457,15e Concours Eurovision de la chanson,1970,1,4,YEAR,,DATE_RULE,GENERAL_CULTURE_V2
COL-0082,xxe-siecle,XXe siècle,568,EVT-1458,IXe Coupe du monde de football organisée en Mexique,1970,3,3,YEAR,,DATE_RULE,GENERAL_CULTURE_V2
COL-0082,xxe-siecle,XXe siècle,569,EVT-1459,21e saison du championnat du monde de Formule 1,1970,1,4,YEAR,,DATE_RULE,GENERAL_CULTURE_V2
COL-0082,xxe-siecle,XXe siècle,570,EVT-1460,27e cérémonie des Golden Globes,1970,1,4,YEAR,,DATE_RULE,GENERAL_CULTURE_V2
COL-0082,xxe-siecle,XXe siècle,571,EVT-1461,12e cérémonie des Grammy Awards,1970,1,4,YEAR,,DATE_RULE,GENERAL_CULTURE_V2
COL-0082,xxe-siecle,XXe siècle,572,EVT-1462,42e cérémonie des Oscars,1970,1,4,YEAR,,DATE_RULE,GENERAL_CULTURE_V2
COL-0082,xxe-siecle,XXe siècle,573,EVT-1463,Super Bowl IV,1970,1,4,YEAR,,DATE_RULE,GENERAL_CULTURE_V2
COL-0082,xxe-siecle,XXe siècle,574,EVT-0963,Séparation officielle des Beatles annoncée par Paul McCartney,10 avril 1970,4,2,DAY,,DATE_RULE,GENERAL_CULTURE_V1
COL-0082,xxe-siecle,XXe siècle,575,EVT-0964,Premier Jour de la Terre,22 avril 1970,4,2,DAY,,DATE_RULE,GENERAL_CULTURE_V1
COL-0082,xxe-siecle,XXe siècle,576,EVT-0130,Loi remplaçant la puissance paternelle par l'autorité parentale,4 juin 1970,4,4,DAY,,DATE_RULE,SCHOOL
COL-0082,xxe-siecle,XXe siècle,577,EVT-0965,Le Brésil remporte sa troisième Coupe du monde de football,21 juin 1970,4,2,DAY,,DATE_RULE,GENERAL_CULTURE_V1
COL-0082,xxe-siecle,XXe siècle,578,EVT-0315,Naissance conventionnelle de l’Environmental Protection Agency (EPA),2 décembre 1970,4,3,DAY,,DATE_RULE,SCHOOL
COL-0082,xxe-siecle,XXe siècle,579,EVT-1464,16e Concours Eurovision de la chanson,1971,1,4,YEAR,,DATE_RULE,GENERAL_CULTURE_V2
COL-0082,xxe-siecle,XXe siècle,580,EVT-1465,28e cérémonie des Golden Globes,1971,1,4,YEAR,,DATE_RULE,GENERAL_CULTURE_V2
COL-0082,xxe-siecle,XXe siècle,581,EVT-1466,13e cérémonie des Grammy Awards,1971,1,4,YEAR,,DATE_RULE,GENERAL_CULTURE_V2
COL-0082,xxe-siecle,XXe siècle,582,EVT-1467,43e cérémonie des Oscars,1971,1,4,YEAR,,DATE_RULE,GENERAL_CULTURE_V2
COL-0082,xxe-siecle,XXe siècle,583,EVT-1468,Super Bowl V,1971,1,4,YEAR,,DATE_RULE,GENERAL_CULTURE_V2
COL-0082,xxe-siecle,XXe siècle,584,EVT-1469,58e édition du Tour de France,1971,1,4,YEAR,,DATE_RULE,GENERAL_CULTURE_V2
COL-0082,xxe-siecle,XXe siècle,585,EVT-1470,85e édition des Championnats de Wimbledon,1971,1,4,YEAR,,DATE_RULE,GENERAL_CULTURE_V2
COL-0082,xxe-siecle,XXe siècle,586,EVT-0896,Proclamation de l’indépendance du Bangladesh,26 mars 1971,5,1,DAY,,DATE_RULE,GENERAL_CULTURE_V1
COL-0082,xxe-siecle,XXe siècle,587,EVT-0897,Suspension de la convertibilité du dollar en or par Richard Nixon,15 août 1971,5,1,DAY,,DATE_RULE,GENERAL_CULTURE_V1
COL-0082,xxe-siecle,XXe siècle,588,EVT-0898,La République populaire de Chine obtient le siège chinois à l’ONU,25 octobre 1971,5,1,DAY,,DATE_RULE,GENERAL_CULTURE_V1
COL-0082,xxe-siecle,XXe siècle,589,EVT-0899,Annonce commerciale du microprocesseur Intel 4004,15 novembre 1971,5,1,DAY,,DATE_RULE,GENERAL_CULTURE_V1
COL-0082,xxe-siecle,XXe siècle,590,EVT-1471,24e cérémonie des British Academy Film Awards,1972,1,4,YEAR,,DATE_RULE,GENERAL_CULTURE_V2
COL-0082,xxe-siecle,XXe siècle,591,EVT-1472,22e édition de la Berlinale,1972,1,4,YEAR,,DATE_RULE,GENERAL_CULTURE_V2
COL-0082,xxe-siecle,XXe siècle,592,EVT-1473,17e Concours Eurovision de la chanson,1972,1,4,YEAR,,DATE_RULE,GENERAL_CULTURE_V2
COL-0082,xxe-siecle,XXe siècle,593,EVT-1474,23e saison du championnat du monde de Formule 1,1972,1,4,YEAR,,DATE_RULE,GENERAL_CULTURE_V2
COL-0082,xxe-siecle,XXe siècle,594,EVT-1475,29e cérémonie des Golden Globes,1972,1,4,YEAR,,DATE_RULE,GENERAL_CULTURE_V2
COL-0082,xxe-siecle,XXe siècle,595,EVT-1476,14e cérémonie des Grammy Awards,1972,1,4,YEAR,,DATE_RULE,GENERAL_CULTURE_V2
COL-0082,xxe-siecle,XXe siècle,596,EVT-1477,44e cérémonie des Oscars,1972,1,4,YEAR,,DATE_RULE,GENERAL_CULTURE_V2
COL-0082,xxe-siecle,XXe siècle,597,EVT-1478,Jeux olympiques d’été de la XXe Olympiade à Munich,1972,2,4,YEAR,,DATE_RULE,GENERAL_CULTURE_V2
COL-0082,xxe-siecle,XXe siècle,598,EVT-1479,59e édition du Tour de France,1972,1,4,YEAR,,DATE_RULE,GENERAL_CULTURE_V2
COL-0082,xxe-siecle,XXe siècle,599,EVT-1480,IVe Championnat d’Europe de football organisé en Belgique,1972,2,4,YEAR,,DATE_RULE,GENERAL_CULTURE_V2
COL-0082,xxe-siecle,XXe siècle,600,EVT-1481,47e élection présidentielle des États-Unis,1972,2,4,YEAR,,DATE_RULE,GENERAL_CULTURE_V2
COL-0082,xxe-siecle,XXe siècle,601,EVT-1482,86e édition des Championnats de Wimbledon,1972,1,4,YEAR,,DATE_RULE,GENERAL_CULTURE_V2
COL-0082,xxe-siecle,XXe siècle,602,EVT-1483,XIe Jeux olympiques d’hiver à Sapporo,1972,2,4,YEAR,,DATE_RULE,GENERAL_CULTURE_V2
COL-0082,xxe-siecle,XXe siècle,603,EVT-0900,Visite de Richard Nixon en Chine,21 février 1972,5,1,DAY,,DATE_RULE,GENERAL_CULTURE_V1
COL-0082,xxe-siecle,XXe siècle,604,EVT-0316,Conférence de Stockholm sur l’environnement humain,5 → 16 juin 1972,3,3,DAY,,DATE_RULE,SCHOOL
COL-0082,xxe-siecle,XXe siècle,605,EVT-0901,Cambriolage du siège démocrate au Watergate,17 juin 1972,5,1,DAY,,DATE_RULE,GENERAL_CULTURE_V1
COL-0082,xxe-siecle,XXe siècle,606,EVT-0966,Bobby Fischer devient champion du monde d’échecs,1er septembre 1972,4,2,DAY,,DATE_RULE,GENERAL_CULTURE_V1
COL-0082,xxe-siecle,XXe siècle,607,EVT-0902,Prise d’otages et massacre des Jeux olympiques de Munich,5 septembre 1972,5,1,DAY,,DATE_RULE,GENERAL_CULTURE_V1
COL-0082,xxe-siecle,XXe siècle,608,EVT-1484,25e cérémonie des British Academy Film Awards,1973,1,4,YEAR,,DATE_RULE,GENERAL_CULTURE_V2
COL-0082,xxe-siecle,XXe siècle,609,EVT-1485,23e édition de la Berlinale,1973,1,4,YEAR,,DATE_RULE,GENERAL_CULTURE_V2
COL-0082,xxe-siecle,XXe siècle,610,EVT-1486,24e saison du championnat du monde de Formule 1,1973,1,4,YEAR,,DATE_RULE,GENERAL_CULTURE_V2
COL-0082,xxe-siecle,XXe siècle,611,EVT-1487,Super Bowl VII,1973,1,4,YEAR,,DATE_RULE,GENERAL_CULTURE_V2
COL-0082,xxe-siecle,XXe siècle,612,EVT-1488,60e édition du Tour de France,1973,1,4,YEAR,,DATE_RULE,GENERAL_CULTURE_V2
COL-0082,xxe-siecle,XXe siècle,613,EVT-0903,Arrêt Roe v. Wade de la Cour suprême des États-Unis,22 janvier 1973,5,1,DAY,,DATE_RULE,GENERAL_CULTURE_V1
COL-0082,xxe-siecle,XXe siècle,614,EVT-0265,Coup d’État militaire au Chili renversant Salvador Allende,11 septembre 1973,4,3,DAY,,DATE_RULE,SCHOOL
COL-0082,xxe-siecle,XXe siècle,615,EVT-0904,Début de la guerre du Kippour,6 octobre 1973,5,1,DAY,,DATE_RULE,GENERAL_CULTURE_V1
COL-0082,xxe-siecle,XXe siècle,616,EVT-0905,Début de l’embargo pétrolier arabe contre plusieurs pays occidentaux,17 octobre 1973,5,1,DAY,,DATE_RULE,GENERAL_CULTURE_V1
COL-0082,xxe-siecle,XXe siècle,617,EVT-1489,26e cérémonie des British Academy Film Awards,1974,1,4,YEAR,,DATE_RULE,GENERAL_CULTURE_V2
COL-0082,xxe-siecle,XXe siècle,618,EVT-1490,24e édition de la Berlinale,1974,1,4,YEAR,,DATE_RULE,GENERAL_CULTURE_V2
COL-0082,xxe-siecle,XXe siècle,619,EVT-1491,19e Concours Eurovision de la chanson,1974,1,4,YEAR,,DATE_RULE,GENERAL_CULTURE_V2
COL-0082,xxe-siecle,XXe siècle,620,EVT-1492,Xe Coupe du monde de football organisée en Allemagne de l’Ouest,1974,3,3,YEAR,,DATE_RULE,GENERAL_CULTURE_V2
COL-0082,xxe-siecle,XXe siècle,621,EVT-1493,25e saison du championnat du monde de Formule 1,1974,1,4,YEAR,,DATE_RULE,GENERAL_CULTURE_V2
COL-0082,xxe-siecle,XXe siècle,622,EVT-1494,Élection présidentielle française remportée par Valéry Giscard d’Estaing,1974,3,3,YEAR,,DATE_RULE,GENERAL_CULTURE_V2
COL-0082,xxe-siecle,XXe siècle,623,EVT-1495,31e cérémonie des Golden Globes,1974,1,4,YEAR,,DATE_RULE,GENERAL_CULTURE_V2
COL-0082,xxe-siecle,XXe siècle,624,EVT-1496,16e cérémonie des Grammy Awards,1974,1,4,YEAR,,DATE_RULE,GENERAL_CULTURE_V2
COL-0082,xxe-siecle,XXe siècle,625,EVT-1497,46e cérémonie des Oscars,1974,1,4,YEAR,,DATE_RULE,GENERAL_CULTURE_V2
COL-0082,xxe-siecle,XXe siècle,626,EVT-1498,Super Bowl VIII,1974,1,4,YEAR,,DATE_RULE,GENERAL_CULTURE_V2
COL-0082,xxe-siecle,XXe siècle,627,EVT-1499,61e édition du Tour de France,1974,1,4,YEAR,,DATE_RULE,GENERAL_CULTURE_V2
COL-0082,xxe-siecle,XXe siècle,628,EVT-1500,88e édition des Championnats de Wimbledon,1974,1,4,YEAR,,DATE_RULE,GENERAL_CULTURE_V2
COL-0082,xxe-siecle,XXe siècle,629,EVT-0266,Révolution des Œillets au Portugal,25 avril 1974,4,3,DAY,,DATE_RULE,SCHOOL
COL-0082,xxe-siecle,XXe siècle,630,EVT-0131,Loi abaissant la majorité civile à 18 ans,5 juillet 1974,4,4,DAY,,DATE_RULE,SCHOOL
COL-0082,xxe-siecle,XXe siècle,631,EVT-0906,Démission de Richard Nixon,9 août 1974,5,1,DAY,,DATE_RULE,GENERAL_CULTURE_V1
COL-0082,xxe-siecle,XXe siècle,632,EVT-1501,20e Concours Eurovision de la chanson,1975,1,4,YEAR,,DATE_RULE,GENERAL_CULTURE_V2
COL-0082,xxe-siecle,XXe siècle,633,EVT-1502,26e saison du championnat du monde de Formule 1,1975,1,4,YEAR,,DATE_RULE,GENERAL_CULTURE_V2
COL-0082,xxe-siecle,XXe siècle,634,EVT-1503,17e cérémonie des Grammy Awards,1975,1,4,YEAR,,DATE_RULE,GENERAL_CULTURE_V2
COL-0082,xxe-siecle,XXe siècle,635,EVT-1504,47e cérémonie des Oscars,1975,1,4,YEAR,,DATE_RULE,GENERAL_CULTURE_V2
COL-0082,xxe-siecle,XXe siècle,636,EVT-1505,89e édition des Championnats de Wimbledon,1975,1,4,YEAR,,DATE_RULE,GENERAL_CULTURE_V2
COL-0082,xxe-siecle,XXe siècle,637,EVT-0132,Loi Veil sur l'IVG,17 janvier 1975,4,3,DAY,,DATE_RULE,SCHOOL
COL-0082,xxe-siecle,XXe siècle,638,EVT-0907,Fondation de Microsoft,4 avril 1975,5,1,DAY,,DATE_RULE,GENERAL_CULTURE_V1
COL-0082,xxe-siecle,XXe siècle,639,EVT-0908,Chute de Saïgon,30 avril 1975,5,1,DAY,,DATE_RULE,GENERAL_CULTURE_V1
COL-0082,xxe-siecle,XXe siècle,640,EVT-0967,Indépendance du Mozambique,25 juin 1975,4,2,DAY,,DATE_RULE,GENERAL_CULTURE_V1
COL-0082,xxe-siecle,XXe siècle,641,EVT-0540,Signature de l’Acte final d’Helsinki,1er août 1975,3,4,DAY,,DATE_RULE,SCHOOL
COL-0082,xxe-siecle,XXe siècle,642,EVT-0968,Indépendance de l’Angola,11 novembre 1975,4,2,DAY,,DATE_RULE,GENERAL_CULTURE_V1
COL-0082,xxe-siecle,XXe siècle,643,EVT-1506,28e cérémonie des British Academy Film Awards,1976,1,4,YEAR,,DATE_RULE,GENERAL_CULTURE_V2
COL-0082,xxe-siecle,XXe siècle,644,EVT-1507,26e édition de la Berlinale,1976,1,4,YEAR,,DATE_RULE,GENERAL_CULTURE_V2
COL-0082,xxe-siecle,XXe siècle,645,EVT-1508,1re cérémonie des César,1976,2,4,YEAR,,DATE_RULE,GENERAL_CULTURE_V2
COL-0082,xxe-siecle,XXe siècle,646,EVT-1509,21e Concours Eurovision de la chanson,1976,1,4,YEAR,,DATE_RULE,GENERAL_CULTURE_V2
COL-0082,xxe-siecle,XXe siècle,647,EVT-1510,33e cérémonie des Golden Globes,1976,1,4,YEAR,,DATE_RULE,GENERAL_CULTURE_V2
COL-0082,xxe-siecle,XXe siècle,648,EVT-1511,18e cérémonie des Grammy Awards,1976,1,4,YEAR,,DATE_RULE,GENERAL_CULTURE_V2
COL-0082,xxe-siecle,XXe siècle,649,EVT-1512,48e cérémonie des Oscars,1976,1,4,YEAR,,DATE_RULE,GENERAL_CULTURE_V2
COL-0082,xxe-siecle,XXe siècle,650,EVT-1513,Jeux olympiques d’été de la XXIe Olympiade à Montréal,1976,2,4,YEAR,,DATE_RULE,GENERAL_CULTURE_V2
COL-0082,xxe-siecle,XXe siècle,651,EVT-1514,Super Bowl X,1976,1,4,YEAR,,DATE_RULE,GENERAL_CULTURE_V2
COL-0082,xxe-siecle,XXe siècle,652,EVT-1515,63e édition du Tour de France,1976,1,4,YEAR,,DATE_RULE,GENERAL_CULTURE_V2
COL-0082,xxe-siecle,XXe siècle,653,EVT-1516,Ve Championnat d’Europe de football organisé en Yougoslavie,1976,2,4,YEAR,,DATE_RULE,GENERAL_CULTURE_V2
COL-0082,xxe-siecle,XXe siècle,654,EVT-1517,48e élection présidentielle des États-Unis,1976,2,4,YEAR,,DATE_RULE,GENERAL_CULTURE_V2
COL-0082,xxe-siecle,XXe siècle,655,EVT-1518,XIIe Jeux olympiques d’hiver à Innsbruck,1976,2,4,YEAR,,DATE_RULE,GENERAL_CULTURE_V2
COL-0082,xxe-siecle,XXe siècle,656,EVT-0909,Fondation d’Apple Computer,1 avril 1976,5,1,DAY,,DATE_RULE,GENERAL_CULTURE_V1
COL-0082,xxe-siecle,XXe siècle,657,EVT-0267,Entrée en vigueur de la Constitution démocratique portugaise de 1976,25 avril 1976,2,5,DAY,,DATE_RULE,SCHOOL
COL-0082,xxe-siecle,XXe siècle,658,EVT-0910,Soulèvement de Soweto,16 juin 1976,5,1,DAY,,DATE_RULE,GENERAL_CULTURE_V1
COL-0082,xxe-siecle,XXe siècle,659,EVT-0969,Atterrissage de Viking 1 sur Mars,20 juillet 1976,4,2,DAY,,DATE_RULE,GENERAL_CULTURE_V1
COL-0082,xxe-siecle,XXe siècle,660,EVT-1519,29e cérémonie des British Academy Film Awards,1977,1,4,YEAR,,DATE_RULE,GENERAL_CULTURE_V2
COL-0082,xxe-siecle,XXe siècle,661,EVT-1520,27e édition de la Berlinale,1977,1,4,YEAR,,DATE_RULE,GENERAL_CULTURE_V2
COL-0082,xxe-siecle,XXe siècle,662,EVT-1521,2e cérémonie des César,1977,1,4,YEAR,,DATE_RULE,GENERAL_CULTURE_V2
COL-0082,xxe-siecle,XXe siècle,663,EVT-1522,22e Concours Eurovision de la chanson,1977,1,4,YEAR,,DATE_RULE,GENERAL_CULTURE_V2
COL-0082,xxe-siecle,XXe siècle,664,EVT-1523,28e saison du championnat du monde de Formule 1,1977,1,4,YEAR,,DATE_RULE,GENERAL_CULTURE_V2
COL-0082,xxe-siecle,XXe siècle,665,EVT-1524,34e cérémonie des Golden Globes,1977,1,4,YEAR,,DATE_RULE,GENERAL_CULTURE_V2
COL-0082,xxe-siecle,XXe siècle,666,EVT-1525,19e cérémonie des Grammy Awards,1977,1,4,YEAR,,DATE_RULE,GENERAL_CULTURE_V2
COL-0082,xxe-siecle,XXe siècle,667,EVT-1526,49e cérémonie des Oscars,1977,1,4,YEAR,,DATE_RULE,GENERAL_CULTURE_V2
COL-0082,xxe-siecle,XXe siècle,668,EVT-1527,Super Bowl XI,1977,1,4,YEAR,,DATE_RULE,GENERAL_CULTURE_V2
COL-0082,xxe-siecle,XXe siècle,669,EVT-1528,64e édition du Tour de France,1977,1,4,YEAR,,DATE_RULE,GENERAL_CULTURE_V2
COL-0082,xxe-siecle,XXe siècle,670,EVT-1529,91e édition des Championnats de Wimbledon,1977,1,4,YEAR,,DATE_RULE,GENERAL_CULTURE_V2
COL-0082,xxe-siecle,XXe siècle,671,EVT-0911,Sortie américaine du premier Star Wars,25 mai 1977,5,1,DAY,,DATE_RULE,GENERAL_CULTURE_V1
COL-0082,xxe-siecle,XXe siècle,672,EVT-0970,Mise en vente de l’Apple II,10 juin 1977,4,2,DAY,,DATE_RULE,GENERAL_CULTURE_V1
COL-0082,xxe-siecle,XXe siècle,673,EVT-0912,Lancement de Voyager 1,5 septembre 1977,5,1,DAY,,DATE_RULE,GENERAL_CULTURE_V1
COL-0082,xxe-siecle,XXe siècle,674,EVT-1530,28e édition de la Berlinale,1978,1,4,YEAR,,DATE_RULE,GENERAL_CULTURE_V2
COL-0082,xxe-siecle,XXe siècle,675,EVT-1531,XIe Coupe du monde de football organisée en Argentine,1978,3,3,YEAR,,DATE_RULE,GENERAL_CULTURE_V2
COL-0082,xxe-siecle,XXe siècle,676,EVT-1532,29e saison du championnat du monde de Formule 1,1978,1,4,YEAR,,DATE_RULE,GENERAL_CULTURE_V2
COL-0082,xxe-siecle,XXe siècle,677,EVT-1533,35e cérémonie des Golden Globes,1978,1,4,YEAR,,DATE_RULE,GENERAL_CULTURE_V2
COL-0082,xxe-siecle,XXe siècle,678,EVT-1534,50e cérémonie des Oscars,1978,2,4,YEAR,,DATE_RULE,GENERAL_CULTURE_V2
COL-0082,xxe-siecle,XXe siècle,679,EVT-1535,65e édition du Tour de France,1978,1,4,YEAR,,DATE_RULE,GENERAL_CULTURE_V2
COL-0082,xxe-siecle,XXe siècle,680,EVT-0913,"Naissance de Louise Brown, premier bébé conçu par fécondation in vitro",25 juillet 1978,5,1,DAY,,DATE_RULE,GENERAL_CULTURE_V1
COL-0082,xxe-siecle,XXe siècle,681,EVT-0914,Signature des accords de Camp David,17 septembre 1978,5,1,DAY,,DATE_RULE,GENERAL_CULTURE_V1
COL-0082,xxe-siecle,XXe siècle,682,EVT-0268,Référendum constitutionnel espagnol,6 décembre 1978,3,4,DAY,,DATE_RULE,SCHOOL
COL-0082,xxe-siecle,XXe siècle,683,EVT-0541,Troisième plénum du XIe Comité central chinois et lancement des réformes de Deng Xiaoping,18-22 décembre 1978,3,4,RANGE,,DATE_RULE,SCHOOL
COL-0082,xxe-siecle,XXe siècle,684,EVT-0269,Sanction de la Constitution espagnole par le roi,27 décembre 1978,2,5,DAY,,DATE_RULE,SCHOOL
COL-0082,xxe-siecle,XXe siècle,685,EVT-0270,Publication et entrée en vigueur de la Constitution espagnole,29 décembre 1978,2,5,DAY,,DATE_RULE,SCHOOL
COL-0082,xxe-siecle,XXe siècle,686,EVT-1536,31e cérémonie des British Academy Film Awards,1979,1,4,YEAR,,DATE_RULE,GENERAL_CULTURE_V2
COL-0082,xxe-siecle,XXe siècle,687,EVT-1537,4e cérémonie des César,1979,1,4,YEAR,,DATE_RULE,GENERAL_CULTURE_V2
COL-0082,xxe-siecle,XXe siècle,688,EVT-1538,24e Concours Eurovision de la chanson,1979,1,4,YEAR,,DATE_RULE,GENERAL_CULTURE_V2
COL-0082,xxe-siecle,XXe siècle,689,EVT-1539,30e saison du championnat du monde de Formule 1,1979,1,4,YEAR,,DATE_RULE,GENERAL_CULTURE_V2
COL-0082,xxe-siecle,XXe siècle,690,EVT-1540,21e cérémonie des Grammy Awards,1979,1,4,YEAR,,DATE_RULE,GENERAL_CULTURE_V2
COL-0082,xxe-siecle,XXe siècle,691,EVT-1541,51e cérémonie des Oscars,1979,1,4,YEAR,,DATE_RULE,GENERAL_CULTURE_V2
COL-0082,xxe-siecle,XXe siècle,692,EVT-1542,Super Bowl XIII,1979,1,4,YEAR,,DATE_RULE,GENERAL_CULTURE_V2
COL-0082,xxe-siecle,XXe siècle,693,EVT-1543,66e édition du Tour de France,1979,1,4,YEAR,,DATE_RULE,GENERAL_CULTURE_V2
COL-0082,xxe-siecle,XXe siècle,694,EVT-1544,93e édition des Championnats de Wimbledon,1979,1,4,YEAR,,DATE_RULE,GENERAL_CULTURE_V2
COL-0082,xxe-siecle,XXe siècle,695,EVT-0542,Victoire de la révolution iranienne,11 février 1979,3,3,DAY,,DATE_RULE,SCHOOL
COL-0082,xxe-siecle,XXe siècle,696,EVT-0971,Accident nucléaire de Three Mile Island,28 mars 1979,4,2,DAY,,DATE_RULE,GENERAL_CULTURE_V1
COL-0082,xxe-siecle,XXe siècle,697,EVT-0972,Margaret Thatcher devient Première ministre du Royaume-Uni,4 mai 1979,4,2,DAY,,DATE_RULE,GENERAL_CULTURE_V1
COL-0082,xxe-siecle,XXe siècle,698,EVT-0543,Début formel de l’invasion soviétique de l’Afghanistan,25 décembre 1979,3,3,DAY,,DATE_RULE,SCHOOL
COL-0082,xxe-siecle,XXe siècle,699,EVT-1545,32e cérémonie des British Academy Film Awards,1980,1,4,YEAR,,DATE_RULE,GENERAL_CULTURE_V2
COL-0082,xxe-siecle,XXe siècle,700,EVT-1546,30e édition de la Berlinale,1980,1,4,YEAR,,DATE_RULE,GENERAL_CULTURE_V2
COL-0082,xxe-siecle,XXe siècle,701,EVT-1547,5e cérémonie des César,1980,1,4,YEAR,,DATE_RULE,GENERAL_CULTURE_V2
COL-0082,xxe-siecle,XXe siècle,702,EVT-1548,25e Concours Eurovision de la chanson,1980,1,4,YEAR,,DATE_RULE,GENERAL_CULTURE_V2
COL-0082,xxe-siecle,XXe siècle,703,EVT-1549,37e cérémonie des Golden Globes,1980,1,4,YEAR,,DATE_RULE,GENERAL_CULTURE_V2
COL-0082,xxe-siecle,XXe siècle,704,EVT-1550,22e cérémonie des Grammy Awards,1980,1,4,YEAR,,DATE_RULE,GENERAL_CULTURE_V2
COL-0082,xxe-siecle,XXe siècle,705,EVT-1551,52e cérémonie des Oscars,1980,1,4,YEAR,,DATE_RULE,GENERAL_CULTURE_V2
COL-0082,xxe-siecle,XXe siècle,706,EVT-1552,Jeux olympiques d’été de la XXIIe Olympiade à Moscou,1980,2,4,YEAR,,DATE_RULE,GENERAL_CULTURE_V2
COL-0082,xxe-siecle,XXe siècle,707,EVT-1553,Super Bowl XIV,1980,1,4,YEAR,,DATE_RULE,GENERAL_CULTURE_V2
COL-0082,xxe-siecle,XXe siècle,708,EVT-1554,VIe Championnat d’Europe de football organisé en Italie,1980,2,4,YEAR,,DATE_RULE,GENERAL_CULTURE_V2
COL-0082,xxe-siecle,XXe siècle,709,EVT-1555,49e élection présidentielle des États-Unis,1980,2,4,YEAR,,DATE_RULE,GENERAL_CULTURE_V2
COL-0082,xxe-siecle,XXe siècle,710,EVT-1556,94e édition des Championnats de Wimbledon,1980,1,4,YEAR,,DATE_RULE,GENERAL_CULTURE_V2
COL-0082,xxe-siecle,XXe siècle,711,EVT-1557,XIIIe Jeux olympiques d’hiver à Lake Placid,1980,2,4,YEAR,,DATE_RULE,GENERAL_CULTURE_V2
COL-0082,xxe-siecle,XXe siècle,712,EVT-0973,Indépendance du Zimbabwe,18 avril 1980,4,2,DAY,,DATE_RULE,GENERAL_CULTURE_V1
COL-0082,xxe-siecle,XXe siècle,713,EVT-0974,Lancement de CNN,1 juin 1980,4,2,DAY,,DATE_RULE,GENERAL_CULTURE_V1
COL-0082,xxe-siecle,XXe siècle,714,EVT-0544,Accords de Gdańsk et naissance de Solidarność,31 août 1980,3,3,DAY,,DATE_RULE,SCHOOL
COL-0082,xxe-siecle,XXe siècle,715,EVT-0915,Début de la guerre Iran-Irak,22 septembre 1980,5,1,DAY,,DATE_RULE,GENERAL_CULTURE_V1
COL-0082,xxe-siecle,XXe siècle,716,EVT-1558,33e cérémonie des British Academy Film Awards,1981,1,4,YEAR,,DATE_RULE,GENERAL_CULTURE_V2
COL-0082,xxe-siecle,XXe siècle,717,EVT-1559,31e édition de la Berlinale,1981,1,4,YEAR,,DATE_RULE,GENERAL_CULTURE_V2
COL-0082,xxe-siecle,XXe siècle,718,EVT-1560,6e cérémonie des César,1981,1,4,YEAR,,DATE_RULE,GENERAL_CULTURE_V2
COL-0082,xxe-siecle,XXe siècle,719,EVT-1561,26e Concours Eurovision de la chanson,1981,1,4,YEAR,,DATE_RULE,GENERAL_CULTURE_V2
COL-0082,xxe-siecle,XXe siècle,720,EVT-1562,32e saison du championnat du monde de Formule 1,1981,1,4,YEAR,,DATE_RULE,GENERAL_CULTURE_V2
COL-0082,xxe-siecle,XXe siècle,721,EVT-1563,23e cérémonie des Grammy Awards,1981,1,4,YEAR,,DATE_RULE,GENERAL_CULTURE_V2
COL-0082,xxe-siecle,XXe siècle,722,EVT-1564,68e édition du Tour de France,1981,1,4,YEAR,,DATE_RULE,GENERAL_CULTURE_V2
COL-0082,xxe-siecle,XXe siècle,723,EVT-0916,Premier vol de la navette spatiale américaine Columbia,12 avril 1981,5,1,DAY,,DATE_RULE,GENERAL_CULTURE_V1
COL-0082,xxe-siecle,XXe siècle,724,EVT-0364,Élection de François Mitterrand à la présidence de la République,10 mai 1981,4,3,DAY,,DATE_RULE,SCHOOL
COL-0082,xxe-siecle,XXe siècle,725,EVT-0917,Présentation de l’IBM PC,12 août 1981,5,1,DAY,,DATE_RULE,GENERAL_CULTURE_V1
COL-0082,xxe-siecle,XXe siècle,726,EVT-0133,Abolition de la peine de mort,9 octobre 1981,4,3,DAY,,DATE_RULE,SCHOOL
COL-0082,xxe-siecle,XXe siècle,727,EVT-1565,7e cérémonie des César,1982,1,4,YEAR,,DATE_RULE,GENERAL_CULTURE_V2
COL-0082,xxe-siecle,XXe siècle,728,EVT-1566,27e Concours Eurovision de la chanson,1982,1,4,YEAR,,DATE_RULE,GENERAL_CULTURE_V2
COL-0082,xxe-siecle,XXe siècle,729,EVT-1567,XIIe Coupe du monde de football organisée en Espagne,1982,3,3,YEAR,,DATE_RULE,GENERAL_CULTURE_V2
COL-0082,xxe-siecle,XXe siècle,730,EVT-1568,33e saison du championnat du monde de Formule 1,1982,1,4,YEAR,,DATE_RULE,GENERAL_CULTURE_V2
COL-0082,xxe-siecle,XXe siècle,731,EVT-1569,39e cérémonie des Golden Globes,1982,1,4,YEAR,,DATE_RULE,GENERAL_CULTURE_V2
COL-0082,xxe-siecle,XXe siècle,732,EVT-1570,24e cérémonie des Grammy Awards,1982,1,4,YEAR,,DATE_RULE,GENERAL_CULTURE_V2
COL-0082,xxe-siecle,XXe siècle,733,EVT-1571,54e cérémonie des Oscars,1982,1,4,YEAR,,DATE_RULE,GENERAL_CULTURE_V2
COL-0082,xxe-siecle,XXe siècle,734,EVT-1572,Super Bowl XVI,1982,1,4,YEAR,,DATE_RULE,GENERAL_CULTURE_V2
COL-0082,xxe-siecle,XXe siècle,735,EVT-1573,69e édition du Tour de France,1982,1,4,YEAR,,DATE_RULE,GENERAL_CULTURE_V2
COL-0082,xxe-siecle,XXe siècle,736,EVT-1574,96e édition des Championnats de Wimbledon,1982,1,4,YEAR,,DATE_RULE,GENERAL_CULTURE_V2
COL-0082,xxe-siecle,XXe siècle,737,EVT-0134,"Loi de décentralisation relative aux droits et libertés des communes, départements et régions",2 mars 1982,2,4,DAY,,DATE_RULE,SCHOOL
COL-0082,xxe-siecle,XXe siècle,738,EVT-0918,Début de la guerre des Malouines,2 avril 1982,5,1,DAY,,DATE_RULE,GENERAL_CULTURE_V1
COL-0082,xxe-siecle,XXe siècle,739,EVT-0975,Début de l’invasion israélienne du Liban,6 juin 1982,4,2,DAY,,DATE_RULE,GENERAL_CULTURE_V1
COL-0082,xxe-siecle,XXe siècle,740,EVT-0976,Commercialisation du disque compact au Japon,1 octobre 1982,4,2,DAY,,DATE_RULE,GENERAL_CULTURE_V1
COL-0082,xxe-siecle,XXe siècle,741,EVT-0919,Sortie de l’album Thriller de Michael Jackson,30 novembre 1982,5,1,DAY,,DATE_RULE,GENERAL_CULTURE_V1
COL-0082,xxe-siecle,XXe siècle,742,EVT-0278,Signature de la Convention de Montego Bay,10 décembre 1982,3,3,DAY,,DATE_RULE,SCHOOL
COL-0082,xxe-siecle,XXe siècle,743,EVT-1575,35e cérémonie des British Academy Film Awards,1983,1,4,YEAR,,DATE_RULE,GENERAL_CULTURE_V2
COL-0082,xxe-siecle,XXe siècle,744,EVT-1576,33e édition de la Berlinale,1983,1,4,YEAR,,DATE_RULE,GENERAL_CULTURE_V2
COL-0082,xxe-siecle,XXe siècle,745,EVT-1577,34e saison du championnat du monde de Formule 1,1983,1,4,YEAR,,DATE_RULE,GENERAL_CULTURE_V2
COL-0082,xxe-siecle,XXe siècle,746,EVT-1578,40e cérémonie des Golden Globes,1983,1,4,YEAR,,DATE_RULE,GENERAL_CULTURE_V2
COL-0082,xxe-siecle,XXe siècle,747,EVT-1579,25e cérémonie des Grammy Awards,1983,1,4,YEAR,,DATE_RULE,GENERAL_CULTURE_V2
COL-0082,xxe-siecle,XXe siècle,748,EVT-1580,55e cérémonie des Oscars,1983,1,4,YEAR,,DATE_RULE,GENERAL_CULTURE_V2
COL-0082,xxe-siecle,XXe siècle,749,EVT-1581,Super Bowl XVII,1983,1,4,YEAR,,DATE_RULE,GENERAL_CULTURE_V2
COL-0082,xxe-siecle,XXe siècle,750,EVT-1582,70e édition du Tour de France,1983,1,4,YEAR,,DATE_RULE,GENERAL_CULTURE_V2
COL-0082,xxe-siecle,XXe siècle,751,EVT-0920,Passage d’ARPANET au protocole TCP/IP,1 janvier 1983,5,1,DAY,,DATE_RULE,GENERAL_CULTURE_V1
COL-0082,xxe-siecle,XXe siècle,752,EVT-0977,Annonce de l’Initiative de défense stratégique par Ronald Reagan,23 mars 1983,4,2,DAY,,DATE_RULE,GENERAL_CULTURE_V1
COL-0082,xxe-siecle,XXe siècle,753,EVT-1583,36e cérémonie des British Academy Film Awards,1984,1,4,YEAR,,DATE_RULE,GENERAL_CULTURE_V2
COL-0082,xxe-siecle,XXe siècle,754,EVT-1584,34e édition de la Berlinale,1984,1,4,YEAR,,DATE_RULE,GENERAL_CULTURE_V2
COL-0082,xxe-siecle,XXe siècle,755,EVT-1585,9e cérémonie des César,1984,1,4,YEAR,,DATE_RULE,GENERAL_CULTURE_V2
COL-0082,xxe-siecle,XXe siècle,756,EVT-1586,29e Concours Eurovision de la chanson,1984,1,4,YEAR,,DATE_RULE,GENERAL_CULTURE_V2
COL-0082,xxe-siecle,XXe siècle,757,EVT-1587,35e saison du championnat du monde de Formule 1,1984,1,4,YEAR,,DATE_RULE,GENERAL_CULTURE_V2
COL-0082,xxe-siecle,XXe siècle,758,EVT-1588,41e cérémonie des Golden Globes,1984,1,4,YEAR,,DATE_RULE,GENERAL_CULTURE_V2
COL-0082,xxe-siecle,XXe siècle,759,EVT-1589,56e cérémonie des Oscars,1984,1,4,YEAR,,DATE_RULE,GENERAL_CULTURE_V2
COL-0082,xxe-siecle,XXe siècle,760,EVT-1590,Jeux olympiques d’été de la XXIIIe Olympiade à Los Angeles,1984,2,4,YEAR,,DATE_RULE,GENERAL_CULTURE_V2
COL-0082,xxe-siecle,XXe siècle,761,EVT-1591,71e édition du Tour de France,1984,1,4,YEAR,,DATE_RULE,GENERAL_CULTURE_V2
COL-0082,xxe-siecle,XXe siècle,762,EVT-1592,VIIe Championnat d’Europe de football organisé en France,1984,2,4,YEAR,,DATE_RULE,GENERAL_CULTURE_V2
COL-0082,xxe-siecle,XXe siècle,763,EVT-1593,50e élection présidentielle des États-Unis,1984,2,4,YEAR,,DATE_RULE,GENERAL_CULTURE_V2
COL-0082,xxe-siecle,XXe siècle,764,EVT-1594,98e édition des Championnats de Wimbledon,1984,1,4,YEAR,,DATE_RULE,GENERAL_CULTURE_V2
COL-0082,xxe-siecle,XXe siècle,765,EVT-1595,XIVe Jeux olympiques d’hiver à Sarajevo,1984,2,4,YEAR,,DATE_RULE,GENERAL_CULTURE_V2
COL-0082,xxe-siecle,XXe siècle,766,EVT-0921,Lancement commercial du Macintosh,24 janvier 1984,5,1,DAY,,DATE_RULE,GENERAL_CULTURE_V1
COL-0082,xxe-siecle,XXe siècle,767,EVT-0922,Catastrophe industrielle de Bhopal,3 décembre 1984,5,1,DAY,,DATE_RULE,GENERAL_CULTURE_V1
COL-0082,xxe-siecle,XXe siècle,768,EVT-1596,35e édition de la Berlinale,1985,1,4,YEAR,,DATE_RULE,GENERAL_CULTURE_V2
COL-0082,xxe-siecle,XXe siècle,769,EVT-1597,10e cérémonie des César,1985,1,4,YEAR,,DATE_RULE,GENERAL_CULTURE_V2
COL-0082,xxe-siecle,XXe siècle,770,EVT-1598,30e Concours Eurovision de la chanson,1985,1,4,YEAR,,DATE_RULE,GENERAL_CULTURE_V2
COL-0082,xxe-siecle,XXe siècle,771,EVT-1599,27e cérémonie des Grammy Awards,1985,1,4,YEAR,,DATE_RULE,GENERAL_CULTURE_V2
COL-0082,xxe-siecle,XXe siècle,772,EVT-1600,57e cérémonie des Oscars,1985,1,4,YEAR,,DATE_RULE,GENERAL_CULTURE_V2
COL-0082,xxe-siecle,XXe siècle,773,EVT-1601,Super Bowl XIX,1985,1,4,YEAR,,DATE_RULE,GENERAL_CULTURE_V2
COL-0082,xxe-siecle,XXe siècle,774,EVT-1602,72e édition du Tour de France,1985,1,4,YEAR,,DATE_RULE,GENERAL_CULTURE_V2
COL-0082,xxe-siecle,XXe siècle,775,EVT-1603,99e édition des Championnats de Wimbledon,1985,1,4,YEAR,,DATE_RULE,GENERAL_CULTURE_V2
COL-0082,xxe-siecle,XXe siècle,776,EVT-0923,Mikhaïl Gorbatchev devient secrétaire général du PCUS,11 mars 1985,5,1,DAY,,DATE_RULE,GENERAL_CULTURE_V1
COL-0082,xxe-siecle,XXe siècle,777,EVT-0280,Accord de Schengen,14 juin 1985,4,3,DAY,,DATE_RULE,SCHOOL
COL-0082,xxe-siecle,XXe siècle,778,EVT-1041,Concert Live Aid,13 juillet 1985,4,2,DAY,,DATE_RULE,GENERAL_CULTURE_V1
COL-0082,xxe-siecle,XXe siècle,779,EVT-1604,38e cérémonie des British Academy Film Awards,1986,1,4,YEAR,,DATE_RULE,GENERAL_CULTURE_V2
COL-0082,xxe-siecle,XXe siècle,780,EVT-1605,11e cérémonie des César,1986,1,4,YEAR,,DATE_RULE,GENERAL_CULTURE_V2
COL-0082,xxe-siecle,XXe siècle,781,EVT-1606,31e Concours Eurovision de la chanson,1986,1,4,YEAR,,DATE_RULE,GENERAL_CULTURE_V2
COL-0082,xxe-siecle,XXe siècle,782,EVT-1607,XIIIe Coupe du monde de football organisée en Mexique,1986,3,3,YEAR,,DATE_RULE,GENERAL_CULTURE_V2
COL-0082,xxe-siecle,XXe siècle,783,EVT-1608,37e saison du championnat du monde de Formule 1,1986,1,4,YEAR,,DATE_RULE,GENERAL_CULTURE_V2
COL-0082,xxe-siecle,XXe siècle,784,EVT-1609,43e cérémonie des Golden Globes,1986,1,4,YEAR,,DATE_RULE,GENERAL_CULTURE_V2
COL-0082,xxe-siecle,XXe siècle,785,EVT-1610,28e cérémonie des Grammy Awards,1986,1,4,YEAR,,DATE_RULE,GENERAL_CULTURE_V2
COL-0082,xxe-siecle,XXe siècle,786,EVT-1611,58e cérémonie des Oscars,1986,1,4,YEAR,,DATE_RULE,GENERAL_CULTURE_V2
COL-0082,xxe-siecle,XXe siècle,787,EVT-1612,Super Bowl XX,1986,1,4,YEAR,,DATE_RULE,GENERAL_CULTURE_V2
COL-0082,xxe-siecle,XXe siècle,788,EVT-0924,Explosion de la navette Challenger,28 janvier 1986,5,1,DAY,,DATE_RULE,GENERAL_CULTURE_V1
COL-0082,xxe-siecle,XXe siècle,789,EVT-1614,Signature de l’Acte unique européen,17 février 1986,4,3,DAY,,DATE_RULE,GENERAL_CULTURE_V2
COL-0082,xxe-siecle,XXe siècle,790,EVT-0545,Catastrophe nucléaire de Tchernobyl,26 avril 1986,4,3,DAY,,DATE_RULE,SCHOOL
COL-0082,xxe-siecle,XXe siècle,791,EVT-1613,Big Bang de la place financière de Londres,27 octobre 1986,3,3,DAY,,DATE_RULE,GENERAL_CULTURE_V2
COL-0082,xxe-siecle,XXe siècle,792,EVT-1615,39e cérémonie des British Academy Film Awards,1987,1,4,YEAR,,DATE_RULE,GENERAL_CULTURE_V2
COL-0082,xxe-siecle,XXe siècle,793,EVT-1616,37e édition de la Berlinale,1987,1,4,YEAR,,DATE_RULE,GENERAL_CULTURE_V2
COL-0082,xxe-siecle,XXe siècle,794,EVT-1617,32e Concours Eurovision de la chanson,1987,1,4,YEAR,,DATE_RULE,GENERAL_CULTURE_V2
COL-0082,xxe-siecle,XXe siècle,795,EVT-1618,38e saison du championnat du monde de Formule 1,1987,1,4,YEAR,,DATE_RULE,GENERAL_CULTURE_V2
COL-0082,xxe-siecle,XXe siècle,796,EVT-1619,29e cérémonie des Grammy Awards,1987,1,4,YEAR,,DATE_RULE,GENERAL_CULTURE_V2
COL-0082,xxe-siecle,XXe siècle,797,EVT-1620,59e cérémonie des Oscars,1987,1,4,YEAR,,DATE_RULE,GENERAL_CULTURE_V2
COL-0082,xxe-siecle,XXe siècle,798,EVT-1621,Ie Coupe du monde de rugby organisée en Nouvelle-Zélande et Australie,1987,2,4,YEAR,,DATE_RULE,GENERAL_CULTURE_V2
COL-0082,xxe-siecle,XXe siècle,799,EVT-1622,74e édition du Tour de France,1987,1,4,YEAR,,DATE_RULE,GENERAL_CULTURE_V2
COL-0082,xxe-siecle,XXe siècle,800,EVT-1624,101e édition des Championnats de Wimbledon,1987,1,4,YEAR,,DATE_RULE,GENERAL_CULTURE_V2
COL-0082,xxe-siecle,XXe siècle,801,EVT-1623,Krach boursier du Black Monday,19 octobre 1987,4,3,DAY,,DATE_RULE,GENERAL_CULTURE_V2
COL-0082,xxe-siecle,XXe siècle,802,EVT-0925,Signature du traité INF entre les États-Unis et l’URSS,8 décembre 1987,5,1,DAY,,DATE_RULE,GENERAL_CULTURE_V1
COL-0082,xxe-siecle,XXe siècle,803,EVT-1625,40e cérémonie des British Academy Film Awards,1988,1,4,YEAR,,DATE_RULE,GENERAL_CULTURE_V2
COL-0082,xxe-siecle,XXe siècle,804,EVT-1626,38e édition de la Berlinale,1988,1,4,YEAR,,DATE_RULE,GENERAL_CULTURE_V2
COL-0082,xxe-siecle,XXe siècle,805,EVT-1627,13e cérémonie des César,1988,1,4,YEAR,,DATE_RULE,GENERAL_CULTURE_V2
COL-0082,xxe-siecle,XXe siècle,806,EVT-1628,39e saison du championnat du monde de Formule 1,1988,1,4,YEAR,,DATE_RULE,GENERAL_CULTURE_V2
COL-0082,xxe-siecle,XXe siècle,807,EVT-1629,Élection présidentielle française remportée par François Mitterrand,1988,3,3,YEAR,,DATE_RULE,GENERAL_CULTURE_V2
COL-0082,xxe-siecle,XXe siècle,808,EVT-1630,45e cérémonie des Golden Globes,1988,1,4,YEAR,,DATE_RULE,GENERAL_CULTURE_V2
COL-0082,xxe-siecle,XXe siècle,809,EVT-1631,30e cérémonie des Grammy Awards,1988,1,4,YEAR,,DATE_RULE,GENERAL_CULTURE_V2
COL-0082,xxe-siecle,XXe siècle,810,EVT-1632,60e cérémonie des Oscars,1988,1,4,YEAR,,DATE_RULE,GENERAL_CULTURE_V2
COL-0082,xxe-siecle,XXe siècle,811,EVT-1633,Jeux olympiques d’été de la XXIVe Olympiade à Séoul,1988,2,4,YEAR,,DATE_RULE,GENERAL_CULTURE_V2
COL-0082,xxe-siecle,XXe siècle,812,EVT-1634,Super Bowl XXII,1988,1,4,YEAR,,DATE_RULE,GENERAL_CULTURE_V2
COL-0082,xxe-siecle,XXe siècle,813,EVT-1635,75e édition du Tour de France,1988,1,4,YEAR,,DATE_RULE,GENERAL_CULTURE_V2
COL-0082,xxe-siecle,XXe siècle,814,EVT-1636,VIIIe Championnat d’Europe de football organisé en Allemagne de l’Ouest,1988,2,4,YEAR,,DATE_RULE,GENERAL_CULTURE_V2
COL-0082,xxe-siecle,XXe siècle,815,EVT-1637,51e élection présidentielle des États-Unis,1988,2,4,YEAR,,DATE_RULE,GENERAL_CULTURE_V2
COL-0082,xxe-siecle,XXe siècle,816,EVT-1640,102e édition des Championnats de Wimbledon,1988,1,4,YEAR,,DATE_RULE,GENERAL_CULTURE_V2
COL-0082,xxe-siecle,XXe siècle,817,EVT-1641,XVe Jeux olympiques d’hiver à Calgary,1988,2,4,YEAR,,DATE_RULE,GENERAL_CULTURE_V2
COL-0082,xxe-siecle,XXe siècle,818,EVT-1639,Entrée en vigueur du cessez-le-feu mettant fin à la guerre Iran-Irak,20 août 1988,4,3,DAY,,DATE_RULE,GENERAL_CULTURE_V2
COL-0082,xxe-siecle,XXe siècle,819,EVT-0135,Loi instituant le revenu minimum d'insertion,1er décembre 1988,2,4,DAY,,DATE_RULE,SCHOOL
COL-0082,xxe-siecle,XXe siècle,820,EVT-1638,Attentat contre le vol Pan Am 103 à Lockerbie,21 décembre 1988,4,3,DAY,,DATE_RULE,GENERAL_CULTURE_V2
COL-0082,xxe-siecle,XXe siècle,821,EVT-1642,39e édition de la Berlinale,1989,1,4,YEAR,,DATE_RULE,GENERAL_CULTURE_V2
COL-0082,xxe-siecle,XXe siècle,822,EVT-1643,14e cérémonie des César,1989,1,4,YEAR,,DATE_RULE,GENERAL_CULTURE_V2
COL-0082,xxe-siecle,XXe siècle,823,EVT-1644,34e Concours Eurovision de la chanson,1989,1,4,YEAR,,DATE_RULE,GENERAL_CULTURE_V2
COL-0082,xxe-siecle,XXe siècle,824,EVT-1645,40e saison du championnat du monde de Formule 1,1989,1,4,YEAR,,DATE_RULE,GENERAL_CULTURE_V2
COL-0082,xxe-siecle,XXe siècle,825,EVT-1646,46e cérémonie des Golden Globes,1989,1,4,YEAR,,DATE_RULE,GENERAL_CULTURE_V2
COL-0082,xxe-siecle,XXe siècle,826,EVT-1647,Super Bowl XXIII,1989,1,4,YEAR,,DATE_RULE,GENERAL_CULTURE_V2
COL-0082,xxe-siecle,XXe siècle,827,EVT-1648,76e édition du Tour de France,1989,1,4,YEAR,,DATE_RULE,GENERAL_CULTURE_V2
COL-0082,xxe-siecle,XXe siècle,828,EVT-0546,Répression de la place Tian’anmen,4 juin 1989,4,3,DAY,,DATE_RULE,SCHOOL
COL-0082,xxe-siecle,XXe siècle,829,EVT-0114,Ouverture du mur de Berlin,9 novembre 1989,5,2,DAY,,DATE_RULE,SCHOOL
COL-0082,xxe-siecle,XXe siècle,830,EVT-0926,Début de la Révolution de velours en Tchécoslovaquie,17 novembre 1989,5,1,DAY,,DATE_RULE,GENERAL_CULTURE_V1
COL-0082,xxe-siecle,XXe siècle,831,EVT-0927,Début de la révolution roumaine,16 décembre 1989,5,1,DAY,,DATE_RULE,GENERAL_CULTURE_V1
COL-0082,xxe-siecle,XXe siècle,832,EVT-1649,42e cérémonie des British Academy Film Awards,1990,1,4,YEAR,,DATE_RULE,GENERAL_CULTURE_V2
COL-0082,xxe-siecle,XXe siècle,833,EVT-1650,15e cérémonie des César,1990,1,4,YEAR,,DATE_RULE,GENERAL_CULTURE_V2
COL-0082,xxe-siecle,XXe siècle,834,EVT-1651,35e Concours Eurovision de la chanson,1990,1,4,YEAR,,DATE_RULE,GENERAL_CULTURE_V2
COL-0082,xxe-siecle,XXe siècle,835,EVT-1652,XIVe Coupe du monde de football organisée en Italie,1990,3,3,YEAR,,DATE_RULE,GENERAL_CULTURE_V2
COL-0082,xxe-siecle,XXe siècle,836,EVT-1653,47e cérémonie des Golden Globes,1990,1,4,YEAR,,DATE_RULE,GENERAL_CULTURE_V2
COL-0082,xxe-siecle,XXe siècle,837,EVT-1654,32e cérémonie des Grammy Awards,1990,1,4,YEAR,,DATE_RULE,GENERAL_CULTURE_V2
COL-0082,xxe-siecle,XXe siècle,838,EVT-1655,62e cérémonie des Oscars,1990,1,4,YEAR,,DATE_RULE,GENERAL_CULTURE_V2
COL-0082,xxe-siecle,XXe siècle,839,EVT-1656,77e édition du Tour de France,1990,1,4,YEAR,,DATE_RULE,GENERAL_CULTURE_V2
COL-0082,xxe-siecle,XXe siècle,840,EVT-1658,104e édition des Championnats de Wimbledon,1990,1,4,YEAR,,DATE_RULE,GENERAL_CULTURE_V2
COL-0082,xxe-siecle,XXe siècle,841,EVT-1657,Indépendance de la Namibie,21 mars 1990,4,3,DAY,,DATE_RULE,GENERAL_CULTURE_V2
COL-0082,xxe-siecle,XXe siècle,842,EVT-0281,Convention d’application de Schengen,19 juin 1990,4,3,DAY,,DATE_RULE,SCHOOL
COL-0082,xxe-siecle,XXe siècle,843,EVT-0299,Invasion du Koweït par l’Irak,2 août 1990,3,3,DAY,,DATE_RULE,SCHOOL
COL-0082,xxe-siecle,XXe siècle,844,EVT-0547,Réunification allemande,3 octobre 1990,5,1,DAY,,DATE_RULE,SCHOOL
COL-0082,xxe-siecle,XXe siècle,845,EVT-0277,Traité germano-polonais confirmant la frontière existante,14 novembre 1990,3,4,DAY,,DATE_RULE,SCHOOL
COL-0082,xxe-siecle,XXe siècle,846,EVT-0256,jonction historique du tunnel de service,1er décembre 1990,1,4,DAY,,DATE_RULE,SCHOOL
COL-0082,xxe-siecle,XXe siècle,847,EVT-1659,43e cérémonie des British Academy Film Awards,1991,1,4,YEAR,,DATE_RULE,GENERAL_CULTURE_V2
COL-0082,xxe-siecle,XXe siècle,848,EVT-1660,41e édition de la Berlinale,1991,1,4,YEAR,,DATE_RULE,GENERAL_CULTURE_V2
COL-0082,xxe-siecle,XXe siècle,849,EVT-1661,16e cérémonie des César,1991,1,4,YEAR,,DATE_RULE,GENERAL_CULTURE_V2
COL-0082,xxe-siecle,XXe siècle,850,EVT-1662,36e Concours Eurovision de la chanson,1991,1,4,YEAR,,DATE_RULE,GENERAL_CULTURE_V2
COL-0082,xxe-siecle,XXe siècle,851,EVT-1663,42e saison du championnat du monde de Formule 1,1991,1,4,YEAR,,DATE_RULE,GENERAL_CULTURE_V2
COL-0082,xxe-siecle,XXe siècle,852,EVT-1664,33e cérémonie des Grammy Awards,1991,1,4,YEAR,,DATE_RULE,GENERAL_CULTURE_V2
COL-0082,xxe-siecle,XXe siècle,853,EVT-1665,63e cérémonie des Oscars,1991,1,4,YEAR,,DATE_RULE,GENERAL_CULTURE_V2
COL-0082,xxe-siecle,XXe siècle,854,EVT-1666,"IIe Coupe du monde de rugby organisée en Royaume-Uni, Irlande et France",1991,2,4,YEAR,,DATE_RULE,GENERAL_CULTURE_V2
COL-0082,xxe-siecle,XXe siècle,855,EVT-1667,Super Bowl XXV,1991,1,4,YEAR,,DATE_RULE,GENERAL_CULTURE_V2
COL-0082,xxe-siecle,XXe siècle,856,EVT-0300,Début des opérations militaires de la coalition contre l’Irak,16 janvier 1991 selon la chronologie de l’Office of the Historian,3,3,DAY,,DATE_RULE,SCHOOL
COL-0082,xxe-siecle,XXe siècle,857,EVT-0929,Début de l’opération Tempête du désert,17 janvier 1991,5,1,DAY,,DATE_RULE,GENERAL_CULTURE_V1
COL-0082,xxe-siecle,XXe siècle,858,EVT-0301,Fin de la campagne militaire principale de la coalition,28 février 1991,3,3,DAY,,DATE_RULE,SCHOOL
COL-0082,xxe-siecle,XXe siècle,859,EVT-0257,jonction du tunnel ferroviaire nord,22 mai 1991,1,4,DAY,,DATE_RULE,SCHOOL
COL-0082,xxe-siecle,XXe siècle,860,EVT-1669,Déclarations d’indépendance de la Slovénie et de la Croatie,25 juin 1991,4,3,DAY,,DATE_RULE,GENERAL_CULTURE_V2
COL-0082,xxe-siecle,XXe siècle,861,EVT-0258,jonction du tunnel ferroviaire sud,28 juin 1991,1,4,DAY,,DATE_RULE,SCHOOL
COL-0082,xxe-siecle,XXe siècle,862,EVT-0930,Déclaration d’indépendance de l’Ukraine,24 août 1991,5,1,DAY,,DATE_RULE,GENERAL_CULTURE_V1
COL-0082,xxe-siecle,XXe siècle,863,EVT-1668,Admission des États baltes à l’ONU après le rétablissement de leur indépendance,17 septembre 1991,4,3,DAY,,DATE_RULE,GENERAL_CULTURE_V2
COL-0082,xxe-siecle,XXe siècle,864,EVT-1670,Sortie de l’album Nevermind de Nirvana,24 septembre 1991,4,3,DAY,,DATE_RULE,GENERAL_CULTURE_V2
COL-0082,xxe-siecle,XXe siècle,865,EVT-0115,Disparition de l'URSS,26 décembre 1991 — dissolution formelle de l’URSS,5,2,DAY,,DATE_RULE,SCHOOL
COL-0082,xxe-siecle,XXe siècle,866,EVT-1671,42e édition de la Berlinale,1992,1,4,YEAR,,DATE_RULE,GENERAL_CULTURE_V2
COL-0082,xxe-siecle,XXe siècle,867,EVT-1672,43e saison du championnat du monde de Formule 1,1992,1,4,YEAR,,DATE_RULE,GENERAL_CULTURE_V2
COL-0082,xxe-siecle,XXe siècle,868,EVT-1673,49e cérémonie des Golden Globes,1992,1,4,YEAR,,DATE_RULE,GENERAL_CULTURE_V2
COL-0082,xxe-siecle,XXe siècle,869,EVT-1674,34e cérémonie des Grammy Awards,1992,1,4,YEAR,,DATE_RULE,GENERAL_CULTURE_V2
COL-0082,xxe-siecle,XXe siècle,870,EVT-1675,64e cérémonie des Oscars,1992,1,4,YEAR,,DATE_RULE,GENERAL_CULTURE_V2
COL-0082,xxe-siecle,XXe siècle,871,EVT-1676,Super Bowl XXVI,1992,1,4,YEAR,,DATE_RULE,GENERAL_CULTURE_V2
COL-0082,xxe-siecle,XXe siècle,872,EVT-1677,79e édition du Tour de France,1992,1,4,YEAR,,DATE_RULE,GENERAL_CULTURE_V2
COL-0082,xxe-siecle,XXe siècle,873,EVT-1678,IXe Championnat d’Europe de football organisé en Suède,1992,2,4,YEAR,,DATE_RULE,GENERAL_CULTURE_V2
COL-0082,xxe-siecle,XXe siècle,874,EVT-1679,52e élection présidentielle des États-Unis,1992,2,4,YEAR,,DATE_RULE,GENERAL_CULTURE_V2
COL-0082,xxe-siecle,XXe siècle,875,EVT-1681,106e édition des Championnats de Wimbledon,1992,1,4,YEAR,,DATE_RULE,GENERAL_CULTURE_V2
COL-0082,xxe-siecle,XXe siècle,876,EVT-1682,XVIe Jeux olympiques d’hiver à Albertville,1992,2,4,YEAR,,DATE_RULE,GENERAL_CULTURE_V2
COL-0082,xxe-siecle,XXe siècle,877,EVT-0271,Signature du traité de Maastricht,7 février 1992,5,2,DAY,,DATE_RULE,SCHOOL
COL-0082,xxe-siecle,XXe siècle,878,EVT-0931,Reconnaissance internationale de la Bosnie-Herzégovine et début de la guerre de Bosnie,6 avril 1992,5,1,DAY,,DATE_RULE,GENERAL_CULTURE_V1
COL-0082,xxe-siecle,XXe siècle,879,EVT-0317,Sommet de la Terre de Rio,3 → 14 juin 1992,4,3,DAY,,DATE_RULE,SCHOOL
COL-0082,xxe-siecle,XXe siècle,880,EVT-1680,Ouverture des Jeux olympiques de Barcelone,25 juillet 1992,4,3,DAY,,DATE_RULE,GENERAL_CULTURE_V2
COL-0082,xxe-siecle,XXe siècle,881,EVT-1683,45e cérémonie des British Academy Film Awards,1993,1,4,YEAR,,DATE_RULE,GENERAL_CULTURE_V2
COL-0082,xxe-siecle,XXe siècle,882,EVT-1684,43e édition de la Berlinale,1993,1,4,YEAR,,DATE_RULE,GENERAL_CULTURE_V2
COL-0082,xxe-siecle,XXe siècle,883,EVT-1685,18e cérémonie des César,1993,1,4,YEAR,,DATE_RULE,GENERAL_CULTURE_V2
COL-0082,xxe-siecle,XXe siècle,884,EVT-1686,38e Concours Eurovision de la chanson,1993,1,4,YEAR,,DATE_RULE,GENERAL_CULTURE_V2
COL-0082,xxe-siecle,XXe siècle,885,EVT-1687,44e saison du championnat du monde de Formule 1,1993,1,4,YEAR,,DATE_RULE,GENERAL_CULTURE_V2
COL-0082,xxe-siecle,XXe siècle,886,EVT-1688,35e cérémonie des Grammy Awards,1993,1,4,YEAR,,DATE_RULE,GENERAL_CULTURE_V2
COL-0082,xxe-siecle,XXe siècle,887,EVT-1689,65e cérémonie des Oscars,1993,1,4,YEAR,,DATE_RULE,GENERAL_CULTURE_V2
COL-0082,xxe-siecle,XXe siècle,888,EVT-1690,80e édition du Tour de France,1993,1,4,YEAR,,DATE_RULE,GENERAL_CULTURE_V2
COL-0082,xxe-siecle,XXe siècle,889,EVT-1693,107e édition des Championnats de Wimbledon,1993,1,4,YEAR,,DATE_RULE,GENERAL_CULTURE_V2
COL-0082,xxe-siecle,XXe siècle,890,EVT-1691,Dissolution de la Tchécoslovaquie et naissance de la Tchéquie et de la Slovaquie,1 janvier 1993,4,3,DAY,,DATE_RULE,GENERAL_CULTURE_V2
COL-0082,xxe-siecle,XXe siècle,891,EVT-1692,Premier attentat contre le World Trade Center,26 février 1993,4,3,DAY,,DATE_RULE,GENERAL_CULTURE_V2
COL-0082,xxe-siecle,XXe siècle,892,EVT-0305,Création du TPIY par la résolution 827 du Conseil de sécurité,25 mai 1993,3,3,DAY,,DATE_RULE,SCHOOL
COL-0082,xxe-siecle,XXe siècle,893,EVT-0932,Signature des accords d’Oslo,13 septembre 1993,5,1,DAY,,DATE_RULE,GENERAL_CULTURE_V1
COL-0082,xxe-siecle,XXe siècle,894,EVT-0272,Entrée en vigueur du traité de Maastricht,1er novembre 1993,4,4,DAY,,DATE_RULE,SCHOOL
COL-0082,xxe-siecle,XXe siècle,895,EVT-1694,46e cérémonie des British Academy Film Awards,1994,1,4,YEAR,,DATE_RULE,GENERAL_CULTURE_V2
COL-0082,xxe-siecle,XXe siècle,896,EVT-1695,19e cérémonie des César,1994,1,4,YEAR,,DATE_RULE,GENERAL_CULTURE_V2
COL-0082,xxe-siecle,XXe siècle,897,EVT-1696,39e Concours Eurovision de la chanson,1994,1,4,YEAR,,DATE_RULE,GENERAL_CULTURE_V2
COL-0082,xxe-siecle,XXe siècle,898,EVT-1697,XVe Coupe du monde de football organisée en États-Unis,1994,3,3,YEAR,,DATE_RULE,GENERAL_CULTURE_V2
COL-0082,xxe-siecle,XXe siècle,899,EVT-1698,45e saison du championnat du monde de Formule 1,1994,1,4,YEAR,,DATE_RULE,GENERAL_CULTURE_V2
COL-0082,xxe-siecle,XXe siècle,900,EVT-1699,51e cérémonie des Golden Globes,1994,1,4,YEAR,,DATE_RULE,GENERAL_CULTURE_V2
COL-0082,xxe-siecle,XXe siècle,901,EVT-1700,36e cérémonie des Grammy Awards,1994,1,4,YEAR,,DATE_RULE,GENERAL_CULTURE_V2
COL-0082,xxe-siecle,XXe siècle,902,EVT-1701,66e cérémonie des Oscars,1994,1,4,YEAR,,DATE_RULE,GENERAL_CULTURE_V2
COL-0082,xxe-siecle,XXe siècle,903,EVT-1702,Super Bowl XXVIII,1994,1,4,YEAR,,DATE_RULE,GENERAL_CULTURE_V2
COL-0082,xxe-siecle,XXe siècle,904,EVT-1703,81e édition du Tour de France,1994,1,4,YEAR,,DATE_RULE,GENERAL_CULTURE_V2
COL-0082,xxe-siecle,XXe siècle,905,EVT-1706,XVIIe Jeux olympiques d’hiver à Lillehammer,1994,2,4,YEAR,,DATE_RULE,GENERAL_CULTURE_V2
COL-0082,xxe-siecle,XXe siècle,906,EVT-0303,Déclenchement immédiat de la séquence génocidaire au Rwanda après l’attentat contre l’avion présidentiel,6-7 avril 1994,4,3,RANGE,,DATE_RULE,SCHOOL
COL-0082,xxe-siecle,XXe siècle,907,EVT-0304,Journée retenue par l’ONU pour commémorer le début du génocide des Tutsis,7 avril 1994,2,3,DAY,,DATE_RULE,SCHOOL
COL-0082,xxe-siecle,XXe siècle,908,EVT-0259,inauguration officielle du tunnel,6 mai 1994,2,3,DAY,,DATE_RULE,SCHOOL
COL-0082,xxe-siecle,XXe siècle,909,EVT-1704,Inauguration du tunnel sous la Manche,6 mai 1994,4,3,DAY,,DATE_RULE,GENERAL_CULTURE_V2
COL-0082,xxe-siecle,XXe siècle,910,EVT-0933,Nelson Mandela devient président de l’Afrique du Sud,10 mai 1994,5,1,DAY,,DATE_RULE,GENERAL_CULTURE_V1
COL-0082,xxe-siecle,XXe siècle,911,EVT-0260,premier train de marchandises en exploitation commerciale,1er juin 1994,1,4,DAY,,DATE_RULE,SCHOOL
COL-0082,xxe-siecle,XXe siècle,912,EVT-1705,Première connexion publique commerciale au World Wide Web par Amazon?,12 juillet 1994,1,4,DAY,,DATE_RULE,GENERAL_CULTURE_V2
COL-0082,xxe-siecle,XXe siècle,913,EVT-0261,début du service commercial Eurostar,14 novembre 1994,2,3,DAY,,DATE_RULE,SCHOOL
COL-0082,xxe-siecle,XXe siècle,914,EVT-0279,Entrée en vigueur de la Convention de Montego Bay,16 novembre 1994,2,4,DAY,,DATE_RULE,SCHOOL
COL-0082,xxe-siecle,XXe siècle,915,EVT-1707,47e cérémonie des British Academy Film Awards,1995,1,4,YEAR,,DATE_RULE,GENERAL_CULTURE_V2
COL-0082,xxe-siecle,XXe siècle,916,EVT-1708,45e édition de la Berlinale,1995,1,4,YEAR,,DATE_RULE,GENERAL_CULTURE_V2
COL-0082,xxe-siecle,XXe siècle,917,EVT-1709,20e cérémonie des César,1995,1,4,YEAR,,DATE_RULE,GENERAL_CULTURE_V2
COL-0082,xxe-siecle,XXe siècle,918,EVT-1710,40e Concours Eurovision de la chanson,1995,1,4,YEAR,,DATE_RULE,GENERAL_CULTURE_V2
COL-0082,xxe-siecle,XXe siècle,919,EVT-1711,Élection présidentielle française remportée par Jacques Chirac,1995,3,3,YEAR,,DATE_RULE,GENERAL_CULTURE_V2
COL-0082,xxe-siecle,XXe siècle,920,EVT-1712,52e cérémonie des Golden Globes,1995,1,4,YEAR,,DATE_RULE,GENERAL_CULTURE_V2
COL-0082,xxe-siecle,XXe siècle,921,EVT-1713,67e cérémonie des Oscars,1995,1,4,YEAR,,DATE_RULE,GENERAL_CULTURE_V2
COL-0082,xxe-siecle,XXe siècle,922,EVT-1714,IIIe Coupe du monde de rugby organisée en Afrique du Sud,1995,2,4,YEAR,,DATE_RULE,GENERAL_CULTURE_V2
COL-0082,xxe-siecle,XXe siècle,923,EVT-1715,Super Bowl XXIX,1995,1,4,YEAR,,DATE_RULE,GENERAL_CULTURE_V2
COL-0082,xxe-siecle,XXe siècle,924,EVT-1716,82e édition du Tour de France,1995,1,4,YEAR,,DATE_RULE,GENERAL_CULTURE_V2
COL-0082,xxe-siecle,XXe siècle,925,EVT-1718,109e édition des Championnats de Wimbledon,1995,1,4,YEAR,,DATE_RULE,GENERAL_CULTURE_V2
COL-0082,xxe-siecle,XXe siècle,926,EVT-0934,Création de l’Organisation mondiale du commerce,1 janvier 1995,5,1,DAY,,DATE_RULE,GENERAL_CULTURE_V1
COL-0082,xxe-siecle,XXe siècle,927,EVT-0282,Mise en application effective de Schengen pour les premiers États,26 mars 1995,3,4,DAY,,DATE_RULE,SCHOOL
COL-0082,xxe-siecle,XXe siècle,928,EVT-0935,Début du massacre de Srebrenica,11 juillet 1995,5,1,DAY,,DATE_RULE,GENERAL_CULTURE_V1
COL-0082,xxe-siecle,XXe siècle,929,EVT-1717,Lancement de Windows 95,24 août 1995,4,3,DAY,,DATE_RULE,GENERAL_CULTURE_V2
COL-0082,xxe-siecle,XXe siècle,930,EVT-0936,Signature des accords de Dayton à Paris,14 décembre 1995,5,1,DAY,,DATE_RULE,GENERAL_CULTURE_V1
COL-0082,xxe-siecle,XXe siècle,931,EVT-1719,46e édition de la Berlinale,1996,1,4,YEAR,,DATE_RULE,GENERAL_CULTURE_V2
COL-0082,xxe-siecle,XXe siècle,932,EVT-1720,41e Concours Eurovision de la chanson,1996,1,4,YEAR,,DATE_RULE,GENERAL_CULTURE_V2
COL-0082,xxe-siecle,XXe siècle,933,EVT-1721,47e saison du championnat du monde de Formule 1,1996,1,4,YEAR,,DATE_RULE,GENERAL_CULTURE_V2
COL-0082,xxe-siecle,XXe siècle,934,EVT-1722,53e cérémonie des Golden Globes,1996,1,4,YEAR,,DATE_RULE,GENERAL_CULTURE_V2
COL-0082,xxe-siecle,XXe siècle,935,EVT-1723,38e cérémonie des Grammy Awards,1996,1,4,YEAR,,DATE_RULE,GENERAL_CULTURE_V2
COL-0082,xxe-siecle,XXe siècle,936,EVT-1724,68e cérémonie des Oscars,1996,1,4,YEAR,,DATE_RULE,GENERAL_CULTURE_V2
COL-0082,xxe-siecle,XXe siècle,937,EVT-1725,Jeux olympiques d’été de la XXVIe Olympiade à Atlanta,1996,2,4,YEAR,,DATE_RULE,GENERAL_CULTURE_V2
COL-0082,xxe-siecle,XXe siècle,938,EVT-1726,Xe Championnat d’Europe de football organisé en Angleterre,1996,2,4,YEAR,,DATE_RULE,GENERAL_CULTURE_V2
COL-0082,xxe-siecle,XXe siècle,939,EVT-1727,53e élection présidentielle des États-Unis,1996,2,4,YEAR,,DATE_RULE,GENERAL_CULTURE_V2
COL-0082,xxe-siecle,XXe siècle,940,EVT-1728,110e édition des Championnats de Wimbledon,1996,1,4,YEAR,,DATE_RULE,GENERAL_CULTURE_V2
COL-0082,xxe-siecle,XXe siècle,941,EVT-0937,"Naissance de Dolly, première brebis clonée à partir d’une cellule somatique adulte",5 juillet 1996,5,1,DAY,,DATE_RULE,GENERAL_CULTURE_V1
COL-0082,xxe-siecle,XXe siècle,942,EVT-0938,Prise de Kaboul par les talibans,27 septembre 1996,5,1,DAY,,DATE_RULE,GENERAL_CULTURE_V1
COL-0082,xxe-siecle,XXe siècle,943,EVT-1729,49e cérémonie des British Academy Film Awards,1997,1,4,YEAR,,DATE_RULE,GENERAL_CULTURE_V2
COL-0082,xxe-siecle,XXe siècle,944,EVT-1730,22e cérémonie des César,1997,1,4,YEAR,,DATE_RULE,GENERAL_CULTURE_V2
COL-0082,xxe-siecle,XXe siècle,945,EVT-1731,48e saison du championnat du monde de Formule 1,1997,1,4,YEAR,,DATE_RULE,GENERAL_CULTURE_V2
COL-0082,xxe-siecle,XXe siècle,946,EVT-1732,39e cérémonie des Grammy Awards,1997,1,4,YEAR,,DATE_RULE,GENERAL_CULTURE_V2
COL-0082,xxe-siecle,XXe siècle,947,EVT-1733,Super Bowl XXXI,1997,1,4,YEAR,,DATE_RULE,GENERAL_CULTURE_V2
COL-0082,xxe-siecle,XXe siècle,948,EVT-1734,84e édition du Tour de France,1997,1,4,YEAR,,DATE_RULE,GENERAL_CULTURE_V2
COL-0082,xxe-siecle,XXe siècle,949,EVT-0296,Début du premier mandat de Kofi Annan comme secrétaire général de l’ONU,1er janvier 1997,4,3,DAY,,DATE_RULE,SCHOOL
COL-0082,xxe-siecle,XXe siècle,950,EVT-1736,Publication britannique de Harry Potter à l’école des sorciers,26 juin 1997,4,3,DAY,,DATE_RULE,GENERAL_CULTURE_V2
COL-0082,xxe-siecle,XXe siècle,951,EVT-0939,Rétrocession de Hong Kong à la Chine,1 juillet 1997,5,1,DAY,,DATE_RULE,GENERAL_CULTURE_V1
COL-0082,xxe-siecle,XXe siècle,952,EVT-1735,"Mort de Diana, princesse de Galles",31 août 1997,4,3,DAY,,DATE_RULE,GENERAL_CULTURE_V2
COL-0082,xxe-siecle,XXe siècle,953,EVT-0318,Adoption du protocole de Kyoto,11 décembre 1997,4,3,DAY,,DATE_RULE,SCHOOL
COL-0082,xxe-siecle,XXe siècle,954,EVT-1737,50e cérémonie des British Academy Film Awards,1998,1,4,YEAR,,DATE_RULE,GENERAL_CULTURE_V2
COL-0082,xxe-siecle,XXe siècle,955,EVT-1738,48e édition de la Berlinale,1998,1,4,YEAR,,DATE_RULE,GENERAL_CULTURE_V2
COL-0082,xxe-siecle,XXe siècle,956,EVT-1739,23e cérémonie des César,1998,1,4,YEAR,,DATE_RULE,GENERAL_CULTURE_V2
COL-0082,xxe-siecle,XXe siècle,957,EVT-1740,43e Concours Eurovision de la chanson,1998,1,4,YEAR,,DATE_RULE,GENERAL_CULTURE_V2
COL-0082,xxe-siecle,XXe siècle,958,EVT-1741,XVIe Coupe du monde de football organisée en France,1998,3,3,YEAR,,DATE_RULE,GENERAL_CULTURE_V2
COL-0082,xxe-siecle,XXe siècle,959,EVT-1742,49e saison du championnat du monde de Formule 1,1998,1,4,YEAR,,DATE_RULE,GENERAL_CULTURE_V2
COL-0082,xxe-siecle,XXe siècle,960,EVT-1743,55e cérémonie des Golden Globes,1998,1,4,YEAR,,DATE_RULE,GENERAL_CULTURE_V2
COL-0082,xxe-siecle,XXe siècle,961,EVT-1744,40e cérémonie des Grammy Awards,1998,1,4,YEAR,,DATE_RULE,GENERAL_CULTURE_V2
COL-0082,xxe-siecle,XXe siècle,962,EVT-1745,70e cérémonie des Oscars,1998,1,4,YEAR,,DATE_RULE,GENERAL_CULTURE_V2
COL-0082,xxe-siecle,XXe siècle,963,EVT-1746,Super Bowl XXXII,1998,1,4,YEAR,,DATE_RULE,GENERAL_CULTURE_V2
COL-0082,xxe-siecle,XXe siècle,964,EVT-1747,85e édition du Tour de France,1998,1,4,YEAR,,DATE_RULE,GENERAL_CULTURE_V2
COL-0082,xxe-siecle,XXe siècle,965,EVT-1748,112e édition des Championnats de Wimbledon,1998,1,4,YEAR,,DATE_RULE,GENERAL_CULTURE_V2
COL-0082,xxe-siecle,XXe siècle,966,EVT-1749,XVIIIe Jeux olympiques d’hiver à Nagano,1998,2,4,YEAR,,DATE_RULE,GENERAL_CULTURE_V2
COL-0082,xxe-siecle,XXe siècle,967,EVT-0940,Accord du Vendredi saint en Irlande du Nord,10 avril 1998,5,1,DAY,,DATE_RULE,GENERAL_CULTURE_V1
COL-0082,xxe-siecle,XXe siècle,968,EVT-0941,Victoire de la France à la Coupe du monde de football,12 juillet 1998,5,1,DAY,,DATE_RULE,GENERAL_CULTURE_V1
COL-0082,xxe-siecle,XXe siècle,969,EVT-0942,Adoption du Statut de Rome de la Cour pénale internationale,17 juillet 1998,5,1,DAY,,DATE_RULE,GENERAL_CULTURE_V1
COL-0082,xxe-siecle,XXe siècle,970,EVT-0943,Fondation de Google,4 septembre 1998,5,1,DAY,,DATE_RULE,GENERAL_CULTURE_V1
COL-0082,xxe-siecle,XXe siècle,971,EVT-0290,"Premier module de l’ISS, Zarya, mis en orbite",20 novembre 1998,4,3,DAY,,DATE_RULE,SCHOOL
COL-0082,xxe-siecle,XXe siècle,972,EVT-1750,49e édition de la Berlinale,1999,1,4,YEAR,,DATE_RULE,GENERAL_CULTURE_V2
COL-0082,xxe-siecle,XXe siècle,973,EVT-1751,24e cérémonie des César,1999,1,4,YEAR,,DATE_RULE,GENERAL_CULTURE_V2
COL-0082,xxe-siecle,XXe siècle,974,EVT-1752,44e Concours Eurovision de la chanson,1999,1,4,YEAR,,DATE_RULE,GENERAL_CULTURE_V2
COL-0082,xxe-siecle,XXe siècle,975,EVT-1753,41e cérémonie des Grammy Awards,1999,1,4,YEAR,,DATE_RULE,GENERAL_CULTURE_V2
COL-0082,xxe-siecle,XXe siècle,976,EVT-1754,71e cérémonie des Oscars,1999,1,4,YEAR,,DATE_RULE,GENERAL_CULTURE_V2
COL-0082,xxe-siecle,XXe siècle,977,EVT-1755,IVe Coupe du monde de rugby organisée en Pays de Galles,1999,2,4,YEAR,,DATE_RULE,GENERAL_CULTURE_V2
COL-0082,xxe-siecle,XXe siècle,978,EVT-1756,86e édition du Tour de France,1999,1,4,YEAR,,DATE_RULE,GENERAL_CULTURE_V2
COL-0082,xxe-siecle,XXe siècle,979,EVT-0944,Introduction de l’euro comme monnaie scripturale,1 janvier 1999,5,1,DAY,,DATE_RULE,GENERAL_CULTURE_V1
COL-0082,xxe-siecle,XXe siècle,980,EVT-0945,Début de l’intervention de l’OTAN au Kosovo,24 mars 1999,5,1,DAY,,DATE_RULE,GENERAL_CULTURE_V1
COL-0082,xxe-siecle,XXe siècle,981,EVT-1757,52e cérémonie des British Academy Film Awards,2000,1,4,YEAR,,DATE_RULE,GENERAL_CULTURE_V2
COL-0082,xxe-siecle,XXe siècle,982,EVT-1758,50e édition de la Berlinale,2000,1,4,YEAR,,DATE_RULE,GENERAL_CULTURE_V2
COL-0082,xxe-siecle,XXe siècle,983,EVT-1759,25e cérémonie des César,2000,1,4,YEAR,,DATE_RULE,GENERAL_CULTURE_V2
COL-0082,xxe-siecle,XXe siècle,984,EVT-1760,45e Concours Eurovision de la chanson,2000,1,4,YEAR,,DATE_RULE,GENERAL_CULTURE_V2
COL-0082,xxe-siecle,XXe siècle,985,EVT-1761,51e saison du championnat du monde de Formule 1,2000,1,4,YEAR,,DATE_RULE,GENERAL_CULTURE_V2
COL-0082,xxe-siecle,XXe siècle,986,EVT-1762,57e cérémonie des Golden Globes,2000,1,4,YEAR,,DATE_RULE,GENERAL_CULTURE_V2
COL-0082,xxe-siecle,XXe siècle,987,EVT-1763,72e cérémonie des Oscars,2000,1,4,YEAR,,DATE_RULE,GENERAL_CULTURE_V2
COL-0082,xxe-siecle,XXe siècle,988,EVT-1764,Super Bowl XXXIV,2000,1,4,YEAR,,DATE_RULE,GENERAL_CULTURE_V2
COL-0082,xxe-siecle,XXe siècle,989,EVT-1765,87e édition du Tour de France,2000,1,4,YEAR,,DATE_RULE,GENERAL_CULTURE_V2
COL-0082,xxe-siecle,XXe siècle,990,EVT-1766,XIe Championnat d’Europe de football organisé en Belgique et Pays-Bas,2000,2,4,YEAR,,DATE_RULE,GENERAL_CULTURE_V2
COL-0082,xxe-siecle,XXe siècle,991,EVT-1767,54e élection présidentielle des États-Unis,2000,2,4,YEAR,,DATE_RULE,GENERAL_CULTURE_V2
COL-0082,xxe-siecle,XXe siècle,992,EVT-1769,114e édition des Championnats de Wimbledon,2000,1,4,YEAR,,DATE_RULE,GENERAL_CULTURE_V2
COL-0082,xxe-siecle,XXe siècle,993,EVT-1028,Vladimir Poutine prend ses fonctions de président de la Russie,7 mai 2000,4,2,DAY,,DATE_RULE,GENERAL_CULTURE_V1
COL-0082,xxe-siecle,XXe siècle,994,EVT-0978,Annonce de la première ébauche du génome humain,26 juin 2000,5,1,DAY,,DATE_RULE,GENERAL_CULTURE_V1
COL-0082,xxe-siecle,XXe siècle,995,EVT-1768,Ouverture des Jeux olympiques de Sydney,15 septembre 2000,3,3,DAY,,DATE_RULE,GENERAL_CULTURE_V2
COL-0082,xxe-siecle,XXe siècle,996,EVT-0291,Début de l’occupation humaine continue de l’ISS,2 novembre 2000,4,3,DAY,,DATE_RULE,SCHOOL
