event_id,title_canonical,importance,difficulty,playable,playable_mode,precision,date_status,levels_seen,pedagogical_statuses_seen,alias_count,aliases,rule_note
EVT-0001,Centenaire de la proclamation de la République,2,3,TRUE,DAY,DAY,EXACT,CM2,PROGRAMME_BO,0,,Jouable au jour.
EVT-0002,14 juillet fête nationale,3,3,TRUE,DAY,DAY,EXACT,CM2,REPERE_EDUSCOL,0,,Jouable au jour.
EVT-0003,Loi établissant la gratuité de l’enseignement primaire public,4,2,TRUE,DAY,DAY,EXACT,4e;CM2,REPERE_EDUSCOL,2,Loi établissant la gratuité absolue de l'enseignement primaire public;Gratuité de l’enseignement primaire public,Jouable au jour.
EVT-0004,Loi du 28 mars 1882 : instruction primaire obligatoire et laïcisation de l’enseignement public,4,2,TRUE,DAY,DAY,EXACT,4e;CM2,REPERE_EDUSCOL,2,Instruction primaire obligatoire / laïcisation de l’enseignement public;Loi sur l'enseignement primaire,Jouable au jour.
EVT-0005,loi de séparation des Églises et de l’État,4,2,TRUE,DAY,DAY,EXACT,4e;CM2;Première générale,REPERE_EDUSCOL,1,Séparation des Églises et de l’État,Jouable au jour.
EVT-0006,Ordonnance du 21 avril 1944 accordant aux femmes le droit de vote et d’éligibilité,4,2,TRUE,DAY,DAY,EXACT,3e;CM2,REPERE_EDUSCOL,2,Droit de vote et d’éligibilité des femmes;Ordonnance accordant aux femmes le droit de vote et d'éligibilité,Jouable au jour.
EVT-0007,Première participation des Françaises à un scrutin (élections municipales),4,2,TRUE,DAY,DAY,EXACT,3e;CM2,EXTENSION_PROGRAMME;REPERE_EDUSCOL,3,"Premier vote effectif des Françaises;Première participation des femmes françaises à un scrutin, élections municipales;Première participation des Françaises à un scrutin",Jouable au jour.
EVT-0008,Premier vote des Françaises à un scrutin national,4,3,TRUE,DAY,DAY,EXACT,3e;CM2,EXTENSION_PROGRAMME,1,Première participation des femmes à un scrutin national,Jouable au jour.
EVT-0009,Début de l’industrialisation en Angleterre,4,2,FALSE,NOT_AUTOMATIC,PERIOD_TEXT,APPROXIMATE,4e;CM2;Terminale HGGSP,PPO_BO;REPERE_EDUSCOL,0,,Période textuelle sans borne suffisamment standardisée.
EVT-0010,Essor industriel en France,3,3,TRUE,RANGE,YEAR_RANGE,APPROXIMATE,CM2;Terminale HGGSP,PPO_BO,0,,Jouable comme plage/période.
EVT-0011,Population urbaine majoritaire en France,2,3,TRUE,YEAR,YEAR,EXACT,CM2,,0,,Jouable à l’année.
EVT-0012,Première Guerre mondiale,5,1,TRUE,RANGE,DAY_RANGE,EXACT,3e;CM2;Terminale HGGSP,PPO_BO;REPERE_EDUSCOL,3,période scolaire conventionnelle + événements précis reliés;Grande Guerre;Guerre de 14-18,Jouable comme plage/période.
EVT-0013,Seconde Guerre mondiale,5,1,TRUE,RANGE,DAY_RANGE,EXACT,3e;CM2,REPERE_EDUSCOL,4,période conventionnelle européenne/mondiale + événements précis reliés;Guerre de 39-45;Deuxième Guerre mondiale;WWII,Jouable comme plage/période.
EVT-0014,Appel du 18 juin du général de Gaulle,5,2,TRUE,DAY,DAY,EXACT,3e;CM2;Terminale générale,EXTENSION_PROGRAMME,4,Appel radiodiffusé de Charles de Gaulle;appel du général de Gaulle à poursuivre la lutte;Appel du général de Gaulle;Appel du 18 juin,Jouable au jour.
EVT-0015,Rafle du Vel d’Hiv,4,3,TRUE,RANGE,DAY_RANGE,EXACT,CM2,EXTENSION_PROGRAMME,0,,Jouable comme plage/période.
EVT-0016,Première réunion du Conseil national de la Résistance,4,3,TRUE,DAY,DAY,EXACT,3e;CM2,EXTENSION_PROGRAMME,1,Première réunion du CNR,Jouable au jour.
EVT-0017,Débarquement allié en Normandie,5,2,TRUE,DAY,DAY,EXACT,3e;CM2,EXTENSION_PROGRAMME,4,Débarquement en Normandie;Débarquement de Normandie;D-Day;Jour J,Jouable au jour.
EVT-0018,Déclaration Schuman,5,2,TRUE,DAY,DAY,EXACT,3e;CM2,EXTENSION_PROGRAMME,0,,Jouable au jour.
EVT-0022,Homère / composition de l’Iliade et de l’Odyssée,4,3,FALSE,NOT_AUTOMATIC,CENTURY,APPROXIMATE,6e,REPERE_EDUSCOL,2,Homère;composition de l’Iliade et de l’Odyssée,Repère au siècle : à utiliser en contexte plutôt qu’en placement précis.
EVT-0023,Première date traditionnelle des Jeux olympiques antiques,4,3,TRUE,YEAR,YEAR,TRADITIONAL,6e,EXTENSION_PROGRAMME,0,,Jouable à l’année.
EVT-0024,Fondation traditionnelle de Rome,4,3,TRUE,DAY,DAY,TRADITIONAL,6e,REPERE_EDUSCOL,0,,Jouable au jour.
EVT-0025,Développement de Rome archaïque,2,4,FALSE,NOT_AUTOMATIC,CENTURY,APPROXIMATE,6e,CONNAISSANCE_EXPLICITE,0,,Processus trop étalé pour une question de date automatique.
EVT-0026,Rédaction de la Bible hébraïque,3,3,FALSE,NOT_AUTOMATIC,CENTURY,APPROXIMATE,6e,REPERE_EDUSCOL,0,,Repère au siècle : à utiliser en contexte plutôt qu’en placement précis.
EVT-0027,Prise de Jérusalem par les Babyloniens,4,3,FALSE,NOT_AUTOMATIC,YEAR_RANGE,DISPUTED,6e,EXTENSION_PROGRAMME,0,,Datation débattue : pas de question automatique.
EVT-0028,Retour après l’exil à Babylone,2,3,TRUE,YEAR,YEAR,EXACT,6e,EXTENSION_PROGRAMME,0,,Jouable à l’année.
EVT-0029,Athènes au temps de Périclès,4,3,FALSE,NOT_AUTOMATIC,CENTURY,APPROXIMATE,6e;Première HGGSP,PPO_BO;REPERE_EDUSCOL,0,,Repère au siècle : à utiliser en contexte plutôt qu’en placement précis.
EVT-0030,Périclès,4,3,TRUE,RANGE,YEAR_RANGE,APPROXIMATE,6e,CONNAISSANCE_EXPLICITE,0,,Jouable comme plage/période.
EVT-0031,Octavien reçoit le titre d’Auguste,4,3,TRUE,DAY,DAY,EXACT,6e;Seconde générale et technologique,EXTENSION_PROGRAMME,1,Octavien reçoit le titre d’Auguste / début conventionnel du Principat,Jouable au jour.
EVT-0032,Règne d’Auguste,4,2,TRUE,RANGE,YEAR_RANGE,EXACT,6e;Seconde générale et technologique,CONNAISSANCE_EXPLICITE,1,Principat / règne d’Auguste,Jouable comme plage/période.
EVT-0033,Pax Romana,4,2,TRUE,RANGE,YEAR_RANGE,CONVENTIONAL,6e,REPERE_EDUSCOL,0,,Jouable comme plage/période.
EVT-0034,Édit de Caracalla / Constitutio Antoniniana,2,3,TRUE,YEAR,YEAR,EXACT,6e,EXTENSION_PROGRAMME,2,Édit de Caracalla;Constitutio Antoniniana,Jouable à l’année.
EVT-0035,Révolte juive,2,3,TRUE,YEAR,YEAR,EXACT,6e,EXTENSION_PROGRAMME,0,,Jouable à l’année.
EVT-0036,Prise de Jérusalem et destruction du Second Temple,4,3,TRUE,YEAR,YEAR,EXACT,6e,EXTENSION_PROGRAMME,0,,Jouable à l’année.
EVT-0037,Concile de Nicée,4,2,TRUE,YEAR,YEAR,EXACT,6e;Seconde générale et technologique,EXTENSION_PROGRAMME,0,,Jouable à l’année.
EVT-0038,Constantin devient seul maître de l’Empire,3,3,TRUE,YEAR,YEAR,EXACT,6e;Seconde générale et technologique,,1,Constantin devient seul empereur,Jouable à l’année.
EVT-0039,Édit de Thessalonique,2,3,TRUE,DAY,DAY,EXACT,6e,EXTENSION_PROGRAMME,0,,Jouable au jour.
EVT-0040,Dynastie Han,3,3,TRUE,RANGE,YEAR_RANGE,EXACT,6e,REPERE_EDUSCOL,0,,Jouable comme plage/période.
EVT-0041,Règne de l’empereur Wu/Wudi,2,3,TRUE,RANGE,YEAR_RANGE,EXACT,6e,EXTENSION_PROGRAMME,0,,Jouable comme plage/période.
EVT-0042,"Hégire, migration de Muhammad et de ses compagnons de La Mecque vers Médine",4,2,TRUE,YEAR,YEAR,EXACT,5e,REPERE_EDUSCOL,1,Hégire,Jouable à l’année.
EVT-0043,Début conventionnel de l'ère du calendrier hégirien,2,3,TRUE,DAY,DAY,CONVENTIONAL,5e,EXTENSION_PROGRAMME,0,,Jouable au jour.
EVT-0044,Couronnement impérial de Charlemagne à Rome,5,2,TRUE,DAY,DAY,EXACT,5e;Première HGGSP,PPO_BO;REPERE_EDUSCOL,3,Couronnement impérial de Charlemagne;Sacre de Charlemagne;Couronnement de Charlemagne,Jouable au jour.
EVT-0045,Échange de sentences d'excommunication entre les légats romains et le patriarcat de Constantinople,3,3,TRUE,MONTH,MONTH,EXACT,5e,REPERE_EDUSCOL,0,,Jouable au mois.
EVT-0046,Prise et sac de Constantinople par la quatrième croisade,3,3,TRUE,DAY,DAY,EXACT,5e,REPERE_EDUSCOL,1,Prise et sac de Constantinople,Jouable au jour.
EVT-0047,Règne de Justinien Ier,4,3,TRUE,RANGE,DAY_RANGE,EXACT,5e,EXTENSION_PROGRAMME,0,,Jouable comme plage/période.
EVT-0048,Traité de Verdun,4,3,TRUE,MONTH,MONTH,DISPUTED,5e,EXTENSION_PROGRAMME,0,,Jouable au mois.
EVT-0049,Prise de Jérusalem par les croisés,4,3,TRUE,DAY,DAY,EXACT,5e,EXTENSION_PROGRAMME,0,,Jouable au jour.
EVT-0051,Prise de Bagdad par les Mongols,4,3,TRUE,DAY,DAY,EXACT,5e,CONNAISSANCE_EXPLICITE,0,,Jouable au jour.
EVT-0052,Sacre d'Hugues Capet,4,3,TRUE,YEAR,YEAR,DISPUTED,5e,,0,,Jouable à l’année.
EVT-0053,Forte croissance démographique de l'Europe médiévale,4,3,FALSE,NOT_AUTOMATIC,CENTURY,APPROXIMATE,5e,,0,,Processus trop étalé pour une question de date automatique.
EVT-0054,Bataille de Bouvines,4,3,TRUE,DAY,DAY,EXACT,5e,REPERE_EDUSCOL,0,,Jouable au jour.
EVT-0055,Guerre de Cent Ans,4,2,TRUE,RANGE,YEAR_RANGE,CONVENTIONAL,5e,REPERE_EDUSCOL,0,,Jouable comme plage/période.
EVT-0056,Bataille de Castillon,2,3,TRUE,DAY,DAY,EXACT,5e,EXTENSION_PROGRAMME,0,,Jouable au jour.
EVT-0057,Début du règne de Philippe Auguste,4,3,TRUE,YEAR,YEAR,EXACT,5e,EXTENSION_PROGRAMME,0,,Jouable à l’année.
EVT-0058,Règne de Louis IX,2,3,TRUE,RANGE,YEAR_RANGE,EXACT,5e,EXTENSION_PROGRAMME,0,,Jouable comme plage/période.
EVT-0059,Canonisation de Louis IX,2,3,TRUE,YEAR,YEAR,EXACT,5e,EXTENSION_PROGRAMME,0,,Jouable à l’année.
EVT-0060,Premiers États généraux du royaume,4,3,TRUE,YEAR,YEAR,EXACT,5e,EXTENSION_PROGRAMME,0,,Jouable à l’année.
EVT-0061,Grande peste / peste noire en Europe,4,3,TRUE,RANGE,YEAR_RANGE,EXACT,5e,EXTENSION_PROGRAMME,2,Grande peste;peste noire en Europe,Jouable comme plage/période.
EVT-0062,Prise de Constantinople par les Ottomans,5,2,TRUE,DAY,DAY,EXACT,5e;Seconde générale et technologique,REPERE_EDUSCOL,3,Prise de Constantinople;Chute de Constantinople;Prise de Constantinople en 1453,Jouable au jour.
EVT-0063,Débarquement de l'expédition de Colomb à Guanahaní,5,1,TRUE,DAY,DAY,CONVENTIONAL,5e;CM1;Seconde générale et technologique,PROGRAMME_BO;REPERE_EDUSCOL,5,Débarquement de Colomb aux Bahamas;Débarquement de Colomb à Guanahaní;arrivée de l’expédition de Colomb à Guanahaní;Arrivée de Christophe Colomb en Amérique;Christophe Colomb atteint les Bahamas,Jouable au jour.
EVT-0064,Diffusion conventionnelle des 95 thèses de Martin Luther,5,2,TRUE,DAY,DAY,CONVENTIONAL,5e;Seconde générale et technologique,REPERE_EDUSCOL,4,diffusion conventionnelle des 95 thèses;95 thèses de Luther;Diffusion / mise en circulation des 95 thèses de Martin Luther;Les 95 thèses,Jouable au jour.
EVT-0065,Édit de Nantes,5,1,TRUE,DAY,DAY,EXACT,5e;CM1;Seconde générale et technologique,PROGRAMME_BO;REPERE_EDUSCOL,0,,Jouable au jour.
EVT-0066,Gouvernement personnel de Louis XIV,4,3,TRUE,RANGE,DAY_RANGE,EXACT,5e,,0,,Jouable comme plage/période.
EVT-0067,Règne de Louis XIV,4,2,TRUE,RANGE,YEAR_RANGE,EXACT,5e;CM1,PROGRAMME_BO,1,Règne de Louis XIV comme roi de France,Jouable comme plage/période.
EVT-0069,Début de la première circumnavigation,4,3,TRUE,YEAR,YEAR,EXACT,5e,EXTENSION_PROGRAMME,0,,Jouable à l’année.
EVT-0070,Achèvement de la première circumnavigation par Elcano et la Victoria,4,3,TRUE,DAY,DAY,EXACT,5e,EXTENSION_PROGRAMME,0,,Jouable au jour.
EVT-0072,Concile de Trente,4,3,TRUE,RANGE,YEAR_RANGE,EXACT,5e,EXTENSION_PROGRAMME,0,,Jouable comme plage/période.
EVT-0073,Guerres de Religion en France,4,3,TRUE,RANGE,YEAR_RANGE,EXACT,5e,EXTENSION_PROGRAMME,0,,Jouable comme plage/période.
EVT-0074,Fronde,2,3,TRUE,RANGE,YEAR_RANGE,EXACT,5e,EXTENSION_PROGRAMME,0,,Jouable comme plage/période.
EVT-0075,Début du gouvernement personnel de Louis XIV,4,3,TRUE,DAY,DAY,EXACT,5e,REPERE_EDUSCOL,0,,Jouable au jour.
EVT-0076,Édit de Fontainebleau / révocation de l’édit de Nantes,5,2,TRUE,DAY,DAY,EXACT,5e;Seconde générale et technologique,EXTENSION_PROGRAMME,2,Édit de Fontainebleau;révocation de l’édit de Nantes,Jouable au jour.
EVT-0077,Mort de Louis XIV,4,3,TRUE,DAY,DAY,EXACT,5e,EXTENSION_PROGRAMME,0,,Jouable au jour.
EVT-0078,Première abolition de l'esclavage par la Convention nationale,4,3,TRUE,DAY,DAY,EXACT,4e,EXTENSION_PROGRAMME,0,,Jouable au jour.
EVT-0079,Loi du 30 floréal an X relative à l'esclavage dans les colonies,2,4,TRUE,DAY,DAY,EXACT,4e,EXTENSION_PROGRAMME,0,,Jouable au jour.
EVT-0082,arrestation d'Alfred Dreyfus,4,2,TRUE,DAY,DAY,EXACT,4e;Première HGGSP,PPO_BO;REPERE_EDUSCOL,0,,Jouable au jour.
EVT-0083,publication de « J'accuse…! » d'Émile Zola,4,2,TRUE,DAY,DAY,EXACT,4e;Première HGGSP,PPO_BO;REPERE_EDUSCOL,1,J’accuse,Jouable au jour.
EVT-0084,arrêt de la Cour de cassation réhabilitant Dreyfus,4,2,TRUE,DAY,DAY,EXACT,4e;Première HGGSP,PPO_BO;REPERE_EDUSCOL,0,,Jouable au jour.
EVT-0085,réintégration militaire,3,4,TRUE,DAY,DAY,EXACT,4e;Première HGGSP,PPO_BO;REPERE_EDUSCOL,0,,Jouable au jour.
EVT-0086,"Julie-Victoire Daubié obtient le baccalauréat ès lettres, première bachelière française",3,3,TRUE,DAY,DAY,EXACT,4e;Terminale HGGSP,EXTENSION_PROGRAMME;PPO_BO,0,,Jouable au jour.
EVT-0087,loi permettant aux femmes diplômées en droit de devenir avocates,3,3,TRUE,DAY,DAY,EXACT,4e;Terminale HGGSP,EXTENSION_PROGRAMME;PPO_BO,0,,Jouable au jour.
EVT-0088,loi sur le libre salaire de la femme mariée,3,3,TRUE,DAY,DAY,EXACT,4e;Terminale HGGSP,EXTENSION_PROGRAMME;PPO_BO,0,,Jouable au jour.
EVT-0089,Déclaration de guerre de l'Autriche-Hongrie à la Serbie,3,3,TRUE,DAY,DAY,EXACT,3e;Terminale HGGSP,EXTENSION_PROGRAMME;PPO_BO,0,,Jouable au jour.
EVT-0090,Début conventionnel du génocide des Arméniens commémoré par les arrestations à Constantinople,4,3,TRUE,DAY,DAY,CONVENTIONAL,3e,CONNAISSANCE_EXPLICITE,2,Début du génocide arménien;Génocide des Arméniens,Jouable au jour.
EVT-0091,Armistice de Rethondes,5,1,TRUE,DAY,DAY,EXACT,3e,EXTENSION_PROGRAMME,2,Armistice du 11 novembre;11 novembre 1918,Jouable au jour.
EVT-0092,Signature du traité de Versailles,4,3,TRUE,DAY,DAY,EXACT,3e;Première générale,EXTENSION_PROGRAMME,2,traité de Versailles;Signature du traité de Versailles avec l'Allemagne,Jouable au jour.
EVT-0093,Léon Blum devient président du Conseil,3,3,TRUE,DAY,DAY,EXACT,3e,REPERE_EDUSCOL,0,,Jouable au jour.
EVT-0094,Accords de Matignon,3,3,TRUE,RANGE,DAY_RANGE,EXACT,3e,REPERE_EDUSCOL,0,,Jouable comme plage/période.
EVT-0095,Loi instituant les congés payés,3,3,TRUE,DAY,DAY,EXACT,3e,REPERE_EDUSCOL,0,,Jouable au jour.
EVT-0096,Loi sur la semaine de quarante heures,3,3,TRUE,DAY,DAY,EXACT,3e,REPERE_EDUSCOL,0,,Jouable au jour.
EVT-0097,Invasion de la Pologne par l'Allemagne,5,2,TRUE,DAY,DAY,EXACT,3e,,0,,Jouable au jour.
EVT-0098,Déclaration de guerre française et britannique à l'Allemagne,2,3,TRUE,DAY,DAY,EXACT,3e,,0,,Jouable au jour.
EVT-0099,Attaque allemande contre l'URSS (opération Barbarossa),4,3,TRUE,DAY,DAY,EXACT,3e,,3,Opération Barbarossa;Barbarossa;Attaque allemande contre l'URSS,Jouable au jour.
EVT-0100,Libération de Paris,4,3,TRUE,DAY,DAY,EXACT,3e,REPERE_EDUSCOL,0,,Jouable au jour.
EVT-0101,Fin de la guerre en Europe / capitulation allemande effective,4,3,TRUE,DAY,DAY,EXACT,3e,,4,Capitulation allemande;8 mai 1945;Fin de la guerre en Europe;capitulation allemande effective,Jouable au jour.
EVT-0102,Capitulation japonaise signée ; fin conventionnelle mondiale du conflit,4,3,TRUE,DAY,DAY,EXACT,3e,,0,,Jouable au jour.
EVT-0103,Formation du gouvernement Pétain : Philippe Pétain devient président du Conseil,4,3,TRUE,DAY,DAY,EXACT,3e;Terminale générale,,2,Philippe Pétain devient président du Conseil;formation du gouvernement Pétain,Jouable au jour.
EVT-0105,signature de l’armistice franco-allemand à Rethondes,3,3,TRUE,DAY,DAY,EXACT,3e;Terminale générale,,1,Signature de l'armistice franco-allemand,Jouable au jour.
EVT-0106,Vote des pleins pouvoirs constituants à Pétain,4,3,TRUE,DAY,DAY,EXACT,3e,,0,,Jouable au jour.
EVT-0107,Actes constitutionnels instituant l'État français,4,3,TRUE,DAY,DAY,EXACT,3e,,0,,Jouable au jour.
EVT-0109,Adoption du programme du CNR,4,3,TRUE,DAY,DAY,EXACT,3e,REPERE_EDUSCOL,0,,Jouable au jour.
EVT-0110,Discours de Truman devant le Congrès présentant la doctrine Truman,4,3,TRUE,DAY,DAY,EXACT,3e,,0,,Jouable au jour.
EVT-0111,Début du blocus de Berlin,4,3,TRUE,DAY,DAY,EXACT,3e,,0,,Jouable au jour.
EVT-0112,Fin du blocus de Berlin,3,4,TRUE,DAY,DAY,EXACT,3e,,0,,Jouable au jour.
EVT-0113,Construction / fermeture de la frontière par le mur de Berlin,5,2,TRUE,DAY,DAY,EXACT,3e,,2,Construction;fermeture de la frontière par le mur de Berlin,Jouable au jour.
EVT-0114,Ouverture du mur de Berlin,5,2,TRUE,DAY,DAY,EXACT,3e,REPERE_EDUSCOL,2,9 novembre 1989;Chute du mur de Berlin,Jouable au jour.
EVT-0115,Disparition de l'URSS,5,2,TRUE,DAY,DAY,EXACT,3e;Première HGGSP,PPO_BO,2,Dissolution de l’URSS;Fin de l’URSS,Jouable au jour.
EVT-0116,Signature du traité de Paris instituant la CECA,4,2,TRUE,DAY,DAY,EXACT,3e;CM2,REPERE_EDUSCOL,1,Traité de Paris / CECA,Jouable au jour.
EVT-0117,Entrée en vigueur du traité CECA,3,5,TRUE,DAY,DAY,EXACT,3e,,0,,Jouable au jour.
EVT-0118,Signature des traités de Rome,5,2,TRUE,DAY,DAY,EXACT,3e;CM2,REPERE_EDUSCOL,3,Traités de Rome;signature précise le 25 mars 1957;Traité de Rome,Jouable au jour.
EVT-0119,Entrée en vigueur des traités de Rome,4,4,TRUE,DAY,DAY,EXACT,3e,,0,,Jouable au jour.
EVT-0120,Signature des accords d'Évian,4,2,TRUE,DAY,DAY,EXACT,3e;Terminale HGGSP,PPO_BO;REPERE_EDUSCOL,1,Accords d’Évian,Jouable au jour.
EVT-0121,Entrée en vigueur du cessez-le-feu prévu par les accords d’Évian,3,4,TRUE,DAY,DAY,EXACT,3e;Terminale HGGSP,PPO_BO;REPERE_EDUSCOL,0,,Jouable au jour.
EVT-0122,Référendum d'autodétermination en Algérie,4,2,TRUE,DAY,DAY,EXACT,3e;Terminale HGGSP,PPO_BO;REPERE_EDUSCOL,0,,Jouable au jour.
EVT-0123,Reconnaissance de l'indépendance par la France / transfert de souveraineté,3,4,TRUE,DAY,DAY,EXACT,3e;Terminale HGGSP,PPO_BO;REPERE_EDUSCOL,2,Reconnaissance de l'indépendance par la France;transfert de souveraineté,Jouable au jour.
EVT-0124,Proclamation officielle / fête de l'indépendance algérienne,4,2,TRUE,DAY,DAY,EXACT,3e;Terminale HGGSP,PPO_BO;REPERE_EDUSCOL,2,Proclamation officielle;fête de l'indépendance algérienne,Jouable au jour.
EVT-0128,Ordonnance fondatrice de l'organisation de la Sécurité sociale,4,3,TRUE,RANGE,DAY_RANGE,EXACT,3e,,0,,Jouable comme plage/période.
EVT-0129,Loi réformant les régimes matrimoniaux et renforçant l'autonomie professionnelle de la femme mariée,2,4,TRUE,DAY,DAY,EXACT,3e,EXTENSION_PROGRAMME,0,,Jouable au jour.
EVT-0130,Loi remplaçant la puissance paternelle par l'autorité parentale,4,4,TRUE,DAY,DAY,EXACT,3e,EXTENSION_PROGRAMME,0,,Jouable au jour.
EVT-0131,Loi abaissant la majorité civile à 18 ans,4,4,TRUE,DAY,DAY,EXACT,3e,EXTENSION_PROGRAMME,0,,Jouable au jour.
EVT-0132,Loi Veil sur l'IVG,4,3,TRUE,DAY,DAY,EXACT,3e,REPERE_EDUSCOL,3,loi du 17 janvier 1975;Loi Veil;Légalisation de l’IVG en France,Jouable au jour.
EVT-0133,Abolition de la peine de mort,4,3,TRUE,DAY,DAY,EXACT,3e,EXTENSION_PROGRAMME,1,Abolition de la peine de mort en France,Jouable au jour.
EVT-0134,"Loi de décentralisation relative aux droits et libertés des communes, départements et régions",2,4,TRUE,DAY,DAY,EXACT,3e,EXTENSION_PROGRAMME,0,,Jouable au jour.
EVT-0135,Loi instituant le revenu minimum d'insertion,2,4,TRUE,DAY,DAY,EXACT,3e,EXTENSION_PROGRAMME,0,,Jouable au jour.
EVT-0136,« moment Périclès » / Athènes du Ve siècle av. J.-C.,4,3,TRUE,RANGE,YEAR_RANGE,APPROXIMATE,Première HGGSP;Seconde générale et technologique,PPO_BO,2,« moment Périclès »;Athènes du Ve siècle av. J.-C.,Jouable comme plage/période.
EVT-0139,inauguration/dédicace de Constantinople comme capitale impériale,2,3,TRUE,DAY,DAY,EXACT,Seconde générale et technologique,,0,,Jouable au jour.
EVT-0140,prédication de la deuxième croisade à Vézelay,2,3,TRUE,DAY,DAY,EXACT,Seconde générale et technologique,,0,,Jouable au jour.
EVT-0141,campagne principale,2,3,TRUE,RANGE,YEAR_RANGE,CONVENTIONAL,Seconde générale et technologique,,0,,Jouable comme plage/période.
EVT-0142,puissance maritime et commerciale médiévale,4,3,FALSE,NOT_AUTOMATIC,PERIOD_TEXT,APPROXIMATE,Seconde générale et technologique;Terminale HGGSP,PPO_BO,0,,Processus trop étalé pour une question de date automatique.
EVT-0143,Première circumnavigation (expédition Magellan-Elcano),4,2,TRUE,RANGE,DAY_RANGE,EXACT,CM1;Seconde générale et technologique,PROGRAMME_BO,4,Première circumnavigation;première circumnavigation achevée par l’expédition Magellan-Elcano;Tour du monde de Magellan-Elcano;Expédition Magellan-Elcano,Jouable comme plage/période.
EVT-0144,controverse de Valladolid,2,3,TRUE,RANGE,YEAR_RANGE,EXACT,Seconde générale et technologique,,0,,Jouable comme plage/période.
EVT-0145,développement atlantique de plantation et de traite,2,4,FALSE,NOT_AUTOMATIC,PERIOD_TEXT,APPROXIMATE,Seconde générale et technologique,,0,,Processus trop étalé pour une question de date automatique.
EVT-0146,signature du contrat pour la voûte de la Chapelle Sixtine,2,3,TRUE,DAY,DAY,EXACT,Seconde générale et technologique,,0,,Jouable au jour.
EVT-0147,réalisation de la voûte,2,3,TRUE,RANGE,YEAR_RANGE,EXACT,Seconde générale et technologique,,0,,Jouable comme plage/période.
EVT-0148,inauguration de la voûte achevée,2,3,TRUE,DAY,DAY,EXACT,Seconde générale et technologique,,0,,Jouable au jour.
EVT-0149,vie d’Érasme,2,3,TRUE,RANGE,YEAR_RANGE,APPROXIMATE,Seconde générale et technologique,,0,,Jouable comme plage/période.
EVT-0151,ordonnance de Villers-Cotterêts,4,4,TRUE,DAY,DAY,EXACT,Seconde générale et technologique,,1,Villers-Cotterêts,Jouable au jour.
EVT-0152,création de la Compagnie française des Indes orientales,2,3,TRUE,MONTH,MONTH,EXACT,Seconde générale et technologique,,0,,Jouable au mois.
EVT-0153,déclaration royale liée aux compagnies des Indes orientales et occidentales,2,4,TRUE,DAY,DAY,EXACT,Seconde générale et technologique,,0,,Jouable au jour.
EVT-0154,installation de la Cour et du siège du gouvernement à Versailles,4,3,TRUE,DAY,DAY,EXACT,Seconde générale et technologique;Terminale HGGSP,PPO_BO,0,,Jouable au jour.
EVT-0156,assentiment royal au Habeas Corpus Act,3,4,TRUE,DAY,DAY,EXACT,Seconde générale et technologique,,2,Habeas Corpus Act;Habeas Corpus,Jouable au jour.
EVT-0157,assentiment royal au Bill of Rights,3,4,TRUE,DAY,DAY,EXACT,Seconde générale et technologique,,1,Bill of Rights,Jouable au jour.
EVT-0158,séjour/exil de Voltaire en Angleterre,2,3,TRUE,RANGE,YEAR_RANGE,EXACT,Seconde générale et technologique,,0,,Jouable comme plage/période.
EVT-0159,édition anglaise *Letters concerning the English Nation*,2,3,TRUE,YEAR,YEAR,EXACT,Seconde générale et technologique,,0,,Jouable à l’année.
EVT-0160,première édition française des *Lettres philosophiques*,2,3,TRUE,YEAR,YEAR,EXACT,Seconde générale et technologique,,0,,Jouable à l’année.
EVT-0161,première investiture/inauguration présidentielle,2,4,TRUE,DAY,DAY,EXACT,Seconde générale et technologique,,0,,Jouable au jour.
EVT-0162,observations télescopiques et publication du *Sidereus Nuncius*,2,3,TRUE,MONTH,MONTH,EXACT,Seconde générale et technologique,,0,,Jouable au mois.
EVT-0163,condamnation par le Saint-Office,2,3,TRUE,DAY,DAY,EXACT,Seconde générale et technologique,,0,,Jouable au jour.
EVT-0164,première machine atmosphérique pratique de Newcomen utilisée pour pomper une mine,2,3,TRUE,YEAR,YEAR,EXACT,Seconde générale et technologique,,0,,Jouable à l’année.
EVT-0165,publication posthume de sa traduction commentée des *Principia* de Newton,2,3,TRUE,YEAR,YEAR,EXACT,Seconde générale et technologique,,0,,Jouable à l’année.
EVT-0166,publication de l’*Encyclopédie* de Diderot et d’Alembert,4,2,TRUE,RANGE,YEAR_RANGE,EXACT,4e;Seconde générale et technologique,REPERE_EDUSCOL,3,parution de l'Encyclopédie;Encyclopédie de Diderot et d’Alembert;L’Encyclopédie,Jouable comme plage/période.
EVT-0167,révolte normande des Va Nu-pieds,2,3,TRUE,YEAR,YEAR,EXACT,Seconde générale et technologique,,0,,Jouable à l’année.
EVT-0168,structures sociales et pauvreté urbaine,2,4,FALSE,NOT_AUTOMATIC,CENTURY,APPROXIMATE,Seconde générale et technologique,,0,,Processus trop étalé pour une question de date automatique.
EVT-0169,sociabilité des salons,2,4,FALSE,NOT_AUTOMATIC,CENTURY,APPROXIMATE,Seconde générale et technologique,,0,,Processus trop étalé pour une question de date automatique.
EVT-0170,essor portuaire français lié au commerce colonial et à la traite,2,4,FALSE,NOT_AUTOMATIC,CENTURY,APPROXIMATE,Seconde générale et technologique,,0,,Processus trop étalé pour une question de date automatique.
EVT-0171,arrestation de Madame Roland,2,3,TRUE,DAY,DAY,EXACT,Première générale,,0,,Jouable au jour.
EVT-0172,exécution de Madame Roland,2,3,TRUE,DAY,DAY,EXACT,Première générale,,0,,Jouable au jour.
EVT-0173,prise de la Bastille,5,1,TRUE,DAY,DAY,EXACT,4e;CM1;Première générale;Seconde générale et technologique,PROGRAMME_BO;REPERE_EDUSCOL,1,14 juillet 1789,Jouable au jour.
EVT-0174,Nuit du 4 août / abolition des privilèges,4,2,TRUE,RANGE,DAY_RANGE,EXACT,4e;CM1;Première générale,PROGRAMME_BO;REPERE_EDUSCOL,2,Abolition des privilèges;Nuit du 4 août,Jouable comme plage/période.
EVT-0175,Adoption de la Déclaration des droits de l’homme et du citoyen,5,1,TRUE,DAY,DAY,EXACT,4e;CM1;Première générale,PROGRAMME_BO;REPERE_EDUSCOL,4,achèvement de la DDHC;DDHC;achèvement du vote de la DDHC;Déclaration des droits de l’homme et du citoyen,Jouable au jour.
EVT-0176,La Convention décide de juger Louis XVI,4,3,TRUE,DAY,DAY,EXACT,Première générale,,1,décision de la Convention de juger Louis XVI,Jouable au jour.
EVT-0177,présentation du rapport d’accusation,2,3,TRUE,DAY,DAY,EXACT,Première générale,,0,,Jouable au jour.
EVT-0178,condamnation / votes de janvier,2,3,TRUE,RANGE,DAY_RANGE,EXACT,Première générale,,2,condamnation;votes de janvier,Jouable comme plage/période.
EVT-0179,exécution de Louis XVI,4,3,TRUE,DAY,DAY,EXACT,Première générale,,1,Mort de Louis XVI,Jouable au jour.
EVT-0180,Promulgation du Code civil,5,2,TRUE,DAY,DAY,EXACT,Première générale,,3,Code civil;mise en vigueur/codification du Code civil;Code Napoléon,Jouable au jour.
EVT-0181,congrès de Vienne,4,3,TRUE,RANGE,DAY_RANGE,EXACT,Première générale,PPO_BO,0,,Jouable comme plage/période.
EVT-0182,Acte final du congrès de Vienne,3,4,TRUE,DAY,DAY,EXACT,Première générale,PPO_BO,0,,Jouable au jour.
EVT-0183,massacre de Chios,3,3,TRUE,MONTH,MONTH,EXACT,Première générale,PPO_BO,0,,Jouable au mois.
EVT-0184,Trois Glorieuses,4,3,TRUE,RANGE,DAY_RANGE,EXACT,Première générale,PPO_BO,2,révolution parisienne des Trois Glorieuses;Révolution de Juillet,Jouable comme plage/période.
EVT-0185,chute de la monarchie de Juillet / révolution de Février,2,3,TRUE,RANGE,DAY_RANGE,EXACT,Première générale,,4,Révolution de Février 1848;Révolution de 1848;chute de la monarchie de Juillet;révolution de Février,Jouable comme plage/période.
EVT-0186,proclamation de la Deuxième République,4,3,TRUE,DAY,DAY,EXACT,Première générale,,0,,Jouable au jour.
EVT-0187,Décret instaurant le suffrage universel masculin,4,2,TRUE,DAY,DAY,EXACT,4e;Première générale,REPERE_EDUSCOL,1,suffrage universel masculin,Jouable au jour.
EVT-0188,abolition de l’esclavage dans les colonies françaises,4,2,TRUE,DAY,DAY,EXACT,4e;Première générale,REPERE_EDUSCOL,1,événement ponctuel précis,Jouable au jour.
EVT-0189,Constitution de la Deuxième République,4,4,TRUE,DAY,DAY,EXACT,Première générale,,0,,Jouable au jour.
EVT-0190,élection de Louis-Napoléon Bonaparte à la présidence,2,3,TRUE,DAY,DAY,EXACT,Première générale,,1,élection de Louis-Napoléon Bonaparte,Jouable au jour.
EVT-0191,Prestation de serment et entrée en fonction de Louis-Napoléon Bonaparte comme président,2,3,TRUE,DAY,DAY,EXACT,Première générale,,2,prestation de serment / entrée en fonction de Louis-Napoléon;prestation de serment du premier président,Jouable au jour.
EVT-0192,Paris haussmannien,4,3,TRUE,RANGE,YEAR_RANGE,APPROXIMATE,Première générale;Terminale HGGSP,PPO_BO,0,,Jouable comme plage/période.
EVT-0193,Nomination de Georges-Eugène Haussmann comme préfet de la Seine,4,3,TRUE,DAY,DAY,EXACT,Première générale,,2,Haussmann;Haussmann nommé préfet de la Seine,Jouable au jour.
EVT-0194,frères Pereire,2,3,TRUE,RANGE,YEAR_RANGE,APPROXIMATE,Première générale,,0,,Jouable comme plage/période.
EVT-0195,Crédit mobilier,2,3,TRUE,YEAR,YEAR,EXACT,Première générale,,0,,Jouable à l’année.
EVT-0196,Loi Ollivier supprimant le délit de coalition,2,4,TRUE,DAY,DAY,EXACT,Première générale,,2,loi supprimant le délit de coalition;loi Ollivier / coalition,Jouable au jour.
EVT-0197,Traité de Turin — cession de la Savoie et du comté de Nice à la France,2,4,TRUE,DAY,DAY,EXACT,Première générale,,2,"traité de Turin, Savoie et Nice;traité de Turin cédant Savoie et comté de Nice à la France",Jouable au jour.
EVT-0198,rattachement effectif / processus de réunion,2,3,TRUE,YEAR,YEAR,APPROXIMATE,Première générale,,2,rattachement effectif;processus de réunion,Jouable à l’année.
EVT-0199,Existence constitutionnelle du nouvel Empire allemand,4,3,TRUE,DAY,DAY,EXACT,Première générale,,1,existence constitutionnelle du Reich,Jouable au jour.
EVT-0200,Proclamation de Guillaume Ier comme empereur allemand à Versailles,4,3,TRUE,DAY,DAY,EXACT,Première générale;Terminale HGGSP,PPO_BO,1,proclamation impériale à Versailles,Jouable au jour.
EVT-0201,Début de la Commune de Paris / insurrection du 18 mars 1871,4,3,TRUE,DAY,DAY,EXACT,Première générale,,6,début de l’insurrection / début conventionnel de la Commune;début de la Commune;Commune de Paris;18 mars 1871;Début de la Commune de Paris;insurrection du 18 mars 1871,Jouable au jour.
EVT-0202,élections communales,2,3,TRUE,DAY,DAY,EXACT,Première générale,,0,,Jouable au jour.
EVT-0203,proclamation de la Commune,2,3,TRUE,DAY,DAY,EXACT,Première générale,,0,,Jouable au jour.
EVT-0204,Semaine sanglante,2,3,TRUE,RANGE,DAY_RANGE,EXACT,Première générale,,0,,Jouable comme plage/période.
EVT-0205,fin de la Commune,2,3,TRUE,DAY,DAY,EXACT,Première générale,,0,,Jouable au jour.
EVT-0206,Bataille de Tannenberg,3,3,TRUE,RANGE,DAY_RANGE,EXACT,Première générale,PPO_BO,1,Tannenberg,Jouable comme plage/période.
EVT-0207,Première bataille de la Marne,4,3,TRUE,RANGE,DAY_RANGE,EXACT,Première générale,PPO_BO,2,première Marne;Bataille de la Marne,Jouable comme plage/période.
EVT-0208,campagne des Dardanelles / Gallipoli,3,3,TRUE,RANGE,DAY_RANGE,EXACT,Première générale,PPO_BO,2,campagne des Dardanelles;Gallipoli,Jouable comme plage/période.
EVT-0209,débarquements alliés à Gallipoli,3,3,TRUE,DAY,DAY,EXACT,Première générale,PPO_BO,0,,Jouable au jour.
EVT-0210,bataille de la Somme,4,3,TRUE,DAY,DAY,EXACT,Première générale,PPO_BO,0,,Jouable au jour.
EVT-0211,début de l’opération Michael,3,3,TRUE,DAY,DAY,EXACT,Première générale,PPO_BO,0,,Jouable au jour.
EVT-0212,première grande offensive de printemps,3,3,TRUE,RANGE,DAY_RANGE,EXACT,Première générale,PPO_BO,0,,Jouable comme plage/période.
EVT-0224,funérailles nationales de Victor Hugo,2,3,TRUE,DAY,DAY,EXACT,Première générale,,0,,Jouable au jour.
EVT-0225,fusillade de Fourmies,2,3,TRUE,DAY,DAY,EXACT,Première générale,,0,,Jouable au jour.
EVT-0226,Ouverture de l’Exposition universelle de Paris de 1889,2,3,TRUE,DAY,DAY,EXACT,Première générale,,3,ouverture de l’Exposition universelle de 1889;Exposition universelle de Paris 1889;ouverture de l’Exposition universelle de Paris 1889,Jouable au jour.
EVT-0227,Inauguration de l’Exposition universelle de Paris de 1900,4,2,TRUE,DAY,DAY,EXACT,4e;Première générale,REPERE_EDUSCOL,4,ouverture de l’Exposition universelle de 1900;Exposition universelle de Paris 1900;ouverture de l’Exposition universelle de Paris 1900;événement avec dates d'ouverture/fermeture,Jouable au jour.
EVT-0230,déclaration alliée sur les crimes contre les Arméniens,2,3,TRUE,DAY,DAY,EXACT,Première générale,,0,,Jouable au jour.
EVT-0232,traité de Saint-Germain,2,4,TRUE,DAY,DAY,EXACT,Première générale,,0,,Jouable au jour.
EVT-0233,traité de Neuilly,2,4,TRUE,DAY,DAY,EXACT,Première générale,,0,,Jouable au jour.
EVT-0234,traité de Trianon,2,4,TRUE,DAY,DAY,EXACT,Première générale,,0,,Jouable au jour.
EVT-0235,traité de Sèvres,2,4,TRUE,DAY,DAY,EXACT,Première générale,,0,,Jouable au jour.
EVT-0236,choix du cercueil du Soldat inconnu,2,4,TRUE,DAY,DAY,EXACT,Première générale,,0,,Jouable au jour.
EVT-0237,cérémonie du Soldat inconnu sous l’Arc,2,3,TRUE,DAY,DAY,EXACT,Première générale,,0,,Jouable au jour.
EVT-0238,inhumation définitive du Soldat inconnu,2,4,TRUE,DAY,DAY,EXACT,Première générale,,0,,Jouable au jour.
EVT-0239,arrangement à l’origine du passeport Nansen,2,4,TRUE,DAY,DAY,EXACT,Première générale,,0,,Jouable au jour.
EVT-0240,traité de Lausanne,2,4,TRUE,DAY,DAY,EXACT,Première générale,,0,,Jouable au jour.
EVT-0241,Première investiture de Franklin D. Roosevelt / début de sa présidence,2,3,TRUE,DAY,DAY,EXACT,Terminale générale,,3,première investiture de Franklin D. Roosevelt;début de la présidence Roosevelt;début de sa présidence,Jouable au jour.
EVT-0243,New Deal,4,3,TRUE,MONTH,MONTH,CONVENTIONAL,Terminale générale,,0,,Jouable au mois.
EVT-0244,pogrom de novembre / Nuit de cristal,4,3,TRUE,RANGE,DAY_RANGE,EXACT,Terminale générale,,3,Nuit de cristal;Kristallnacht;pogrom de novembre,Jouable comme plage/période.
EVT-0246,demande française d’armistice,2,3,TRUE,DAY,DAY,EXACT,Terminale générale,,0,,Jouable au jour.
EVT-0248,Entrée en vigueur du cessez-le-feu franco-allemand de juin 1940,2,4,TRUE,DAY,DAY,EXACT,Terminale générale,,0,,Jouable au jour.
EVT-0249,reconnaissance de De Gaulle comme chef des Français libres par le Royaume-Uni,4,3,TRUE,DAY,DAY,EXACT,Terminale générale,,0,,Jouable au jour.
EVT-0250,début conventionnel de la guerre d’Indochine,4,3,TRUE,DAY,DAY,EXACT,Terminale générale,,0,,Jouable au jour.
EVT-0251,Bataille de Diên Biên Phu,4,3,TRUE,RANGE,DAY_RANGE,EXACT,Terminale générale,,1,Diên Biên Phu,Jouable comme plage/période.
EVT-0252,chute du camp de Diên Biên Phu,4,3,TRUE,DAY,DAY,EXACT,Terminale générale,,0,,Jouable au jour.
EVT-0253,accord de cessation des hostilités au Vietnam signé à Genève,2,3,TRUE,DAY,DAY,EXACT,Terminale générale,,0,,Jouable au jour.
EVT-0254,accords de Genève / clôture conventionnelle,2,3,TRUE,DAY,DAY,EXACT,Terminale générale,,2,accords de Genève;clôture conventionnelle,Jouable au jour.
EVT-0255,entrée en vigueur de l’accord de cessez-le-feu au Vietnam,2,4,TRUE,DAY,DAY,EXACT,Terminale générale,,0,,Jouable au jour.
EVT-0256,jonction historique du tunnel de service,1,4,TRUE,DAY,DAY,EXACT,Terminale générale,,0,,Jouable au jour.
EVT-0257,jonction du tunnel ferroviaire nord,1,4,TRUE,DAY,DAY,EXACT,Terminale générale,,0,,Jouable au jour.
EVT-0258,jonction du tunnel ferroviaire sud,1,4,TRUE,DAY,DAY,EXACT,Terminale générale,,0,,Jouable au jour.
EVT-0259,inauguration officielle du tunnel,2,3,TRUE,DAY,DAY,EXACT,Terminale générale,,0,,Jouable au jour.
EVT-0260,premier train de marchandises en exploitation commerciale,1,4,TRUE,DAY,DAY,EXACT,Terminale générale,,0,,Jouable au jour.
EVT-0261,début du service commercial Eurostar,2,3,TRUE,DAY,DAY,EXACT,Terminale générale,,0,,Jouable au jour.
EVT-0262,"Discours de Benjamin Constant, *De la liberté des Anciens comparée à celle des Modernes*",3,3,TRUE,YEAR,YEAR,EXACT,Première HGGSP,PPO_BO,0,,Jouable à l’année.
EVT-0263,Publication du premier ensemble de *De la démocratie en Amérique*,3,3,TRUE,YEAR,YEAR,EXACT,Première HGGSP,PPO_BO,0,,Jouable à l’année.
EVT-0264,Publication du second ensemble de *De la démocratie en Amérique*,3,3,TRUE,YEAR,YEAR,EXACT,Première HGGSP,PPO_BO,0,,Jouable à l’année.
EVT-0265,Coup d’État militaire au Chili renversant Salvador Allende,4,3,TRUE,DAY,DAY,EXACT,Première HGGSP,PPO_BO,2,Coup d’État au Chili;11 septembre 1973 au Chili,Jouable au jour.
EVT-0266,Révolution des Œillets au Portugal,4,3,TRUE,DAY,DAY,EXACT,Première HGGSP,PPO_BO,1,Révolution des Œillets,Jouable au jour.
EVT-0267,Entrée en vigueur de la Constitution démocratique portugaise de 1976,2,5,TRUE,DAY,DAY,EXACT,Première HGGSP,PPO_BO,0,,Jouable au jour.
EVT-0268,Référendum constitutionnel espagnol,3,4,TRUE,DAY,DAY,EXACT,Première HGGSP,PPO_BO,0,,Jouable au jour.
EVT-0269,Sanction de la Constitution espagnole par le roi,2,5,TRUE,DAY,DAY,EXACT,Première HGGSP,PPO_BO,0,,Jouable au jour.
EVT-0270,Publication et entrée en vigueur de la Constitution espagnole,2,5,TRUE,DAY,DAY,EXACT,Première HGGSP,PPO_BO,0,,Jouable au jour.
EVT-0271,Signature du traité de Maastricht,5,2,TRUE,DAY,DAY,EXACT,CM2;Première HGGSP,PPO_BO;REPERE_EDUSCOL,2,Traité de Maastricht;Maastricht,Jouable au jour.
EVT-0272,Entrée en vigueur du traité de Maastricht,4,4,TRUE,DAY,DAY,EXACT,Première HGGSP,PPO_BO,0,,Jouable au jour.
EVT-0273,Conférence de Berlin / conférence d’Afrique occidentale,4,3,TRUE,RANGE,DAY_RANGE,EXACT,Première HGGSP,PPO_BO,2,Conférence de Berlin;conférence d’Afrique occidentale,Jouable comme plage/période.
EVT-0274,Acte général de la conférence de Berlin,4,3,TRUE,DAY,DAY,EXACT,Première HGGSP,PPO_BO,0,,Jouable au jour.
EVT-0275,Début de la guerre de Corée,4,3,TRUE,DAY,DAY,EXACT,Première HGGSP,PPO_BO,0,,Jouable au jour.
EVT-0276,Armistice de Corée,3,3,TRUE,DAY,DAY,EXACT,Première HGGSP,PPO_BO,0,,Jouable au jour.
EVT-0277,Traité germano-polonais confirmant la frontière existante,3,4,TRUE,DAY,DAY,EXACT,Première HGGSP,PPO_BO,0,,Jouable au jour.
EVT-0278,Signature de la Convention de Montego Bay,3,3,TRUE,DAY,DAY,EXACT,Première HGGSP;Terminale HGGSP,PPO_BO,2,Convention de Montego Bay;Convention des Nations Unies sur le droit de la mer (Montego Bay),Jouable au jour.
EVT-0279,Entrée en vigueur de la Convention de Montego Bay,2,4,TRUE,DAY,DAY,EXACT,Première HGGSP;Terminale HGGSP,PPO_BO,0,,Jouable au jour.
EVT-0280,Accord de Schengen,4,3,TRUE,DAY,DAY,EXACT,Première HGGSP,PPO_BO,0,,Jouable au jour.
EVT-0281,Convention d’application de Schengen,4,3,TRUE,DAY,DAY,EXACT,Première HGGSP,PPO_BO,0,,Jouable au jour.
EVT-0282,Mise en application effective de Schengen pour les premiers États,3,4,TRUE,DAY,DAY,EXACT,Première HGGSP,PPO_BO,0,,Jouable au jour.
EVT-0283,Fondation de l’Agence Havas,3,3,TRUE,YEAR,YEAR,EXACT,Première HGGSP,PPO_BO,0,,Jouable à l’année.
EVT-0284,Naissance de l’Agence France-Presse,4,3,TRUE,DAY,DAY,EXACT,Première HGGSP,PPO_BO,0,,Jouable au jour.
EVT-0285,Adoption du statut de l’AFP,3,4,TRUE,DAY,DAY,EXACT,Première HGGSP,PPO_BO,0,,Jouable au jour.
EVT-0286,Lancement de Spoutnik 1,5,2,TRUE,DAY,DAY,EXACT,Terminale HGGSP,PPO_BO,2,Spoutnik;Spoutnik 1,Jouable au jour.
EVT-0287,"Premier vol spatial humain, Youri Gagarine / Vostok 1",5,2,TRUE,DAY,DAY,EXACT,Terminale HGGSP,PPO_BO,4,"Gagarine;Vostok 1;Premier homme dans l’espace;Premier vol spatial humain, Youri Gagarine",Jouable au jour.
EVT-0288,Lancement d’Apollo 11,5,2,TRUE,DAY,DAY,EXACT,Terminale HGGSP,PPO_BO,0,,Jouable au jour.
EVT-0289,Alunissage d’Apollo 11,5,2,TRUE,DAY,DAY,EXACT,Terminale HGGSP,PPO_BO,0,,Jouable au jour.
EVT-0290,"Premier module de l’ISS, Zarya, mis en orbite",4,3,TRUE,DAY,DAY,EXACT,Terminale HGGSP,PPO_BO,0,,Jouable au jour.
EVT-0291,Début de l’occupation humaine continue de l’ISS,4,3,TRUE,DAY,DAY,EXACT,Terminale HGGSP,PPO_BO,0,,Jouable au jour.
EVT-0293,Adoption de l’accord BBNJ,3,3,TRUE,DAY,DAY,EXACT,Terminale HGGSP,PPO_BO,0,,Jouable au jour.
EVT-0294,Entrée en vigueur de l’accord BBNJ,2,4,TRUE,DAY,DAY,EXACT,Terminale HGGSP,PPO_BO,0,,Jouable au jour.
EVT-0295,Signature des traités de Westphalie,4,3,TRUE,DAY,DAY,EXACT,Terminale HGGSP,PPO_BO,2,Paix de Westphalie;Traités de Westphalie,Jouable au jour.
EVT-0296,Début du premier mandat de Kofi Annan comme secrétaire général de l’ONU,4,3,TRUE,DAY,DAY,EXACT,Terminale HGGSP,PPO_BO,0,,Jouable au jour.
EVT-0297,Fin du second mandat de Kofi Annan,3,4,TRUE,DAY,DAY,EXACT,Terminale HGGSP,PPO_BO,0,,Jouable au jour.
EVT-0298,Proclamation de l’État d’Israël,5,2,TRUE,DAY,DAY,EXACT,Terminale HGGSP,PPO_BO,2,Proclamation d’Israël;Indépendance d’Israël,Jouable au jour.
EVT-0299,Invasion du Koweït par l’Irak,3,3,TRUE,DAY,DAY,EXACT,Terminale HGGSP,PPO_BO,0,,Jouable au jour.
EVT-0300,Début des opérations militaires de la coalition contre l’Irak,3,3,TRUE,DAY,DAY,EXACT,Terminale HGGSP,PPO_BO,0,,Jouable au jour.
EVT-0301,Fin de la campagne militaire principale de la coalition,3,3,TRUE,DAY,DAY,CONVENTIONAL,Terminale HGGSP,PPO_BO,0,,Jouable au jour.
EVT-0302,Début de l’invasion de l’Irak par la coalition de 2003,3,3,TRUE,DAY,DAY,EXACT,Terminale HGGSP,PPO_BO,0,,Jouable au jour.
EVT-0303,Déclenchement immédiat de la séquence génocidaire au Rwanda après l’attentat contre l’avion présidentiel,4,3,TRUE,RANGE,DAY_RANGE,EXACT,Terminale HGGSP,,0,,Jouable comme plage/période.
EVT-0304,Journée retenue par l’ONU pour commémorer le début du génocide des Tutsis,2,3,TRUE,DAY,DAY,EXACT,Terminale HGGSP,,0,,Jouable au jour.
EVT-0305,Création du TPIY par la résolution 827 du Conseil de sécurité,3,3,TRUE,DAY,DAY,EXACT,Terminale HGGSP,PPO_BO,0,,Jouable au jour.
EVT-0306,Fermeture du TPIY,3,3,TRUE,DAY,DAY,EXACT,Terminale HGGSP,PPO_BO,0,,Jouable au jour.
EVT-0307,Ouverture du procès principal de Nuremberg,4,3,TRUE,DAY,DAY,EXACT,Terminale HGGSP,PPO_BO,2,Procès de Nuremberg;Tribunal de Nuremberg,Jouable au jour.
EVT-0308,Jugement final du Tribunal militaire international de Nuremberg,4,3,TRUE,DAY,DAY,EXACT,Terminale HGGSP,PPO_BO,0,,Jouable au jour.
EVT-0309,Destructions de monuments historiques et religieux à Tombouctou visées dans l’affaire Al Mahdi,3,3,TRUE,RANGE,DAY_RANGE,APPROXIMATE,Terminale HGGSP,PPO_BO,0,,Jouable comme plage/période.
EVT-0310,Jugement Al Mahdi par la CPI,3,3,TRUE,DAY,DAY,EXACT,Terminale HGGSP,PPO_BO,0,,Jouable au jour.
EVT-0311,Inscription du Bassin minier du Nord-Pas-de-Calais au patrimoine mondial,3,3,TRUE,YEAR,YEAR,EXACT,Terminale HGGSP,PPO_BO,0,,Jouable à l’année.
EVT-0312,Inscription du repas gastronomique des Français sur la Liste représentative du patrimoine culturel immatériel,3,3,TRUE,YEAR,YEAR,EXACT,Terminale HGGSP,PPO_BO,0,,Jouable à l’année.
EVT-0313,Création du parc national de Yellowstone,3,3,TRUE,DAY,DAY,EXACT,Terminale HGGSP,PPO_BO,0,,Jouable au jour.
EVT-0314,Création du National Park Service,3,3,TRUE,DAY,DAY,EXACT,Terminale HGGSP,PPO_BO,0,,Jouable au jour.
EVT-0315,Naissance conventionnelle de l’Environmental Protection Agency (EPA),4,3,TRUE,DAY,DAY,CONVENTIONAL,Terminale HGGSP,PPO_BO,1,Naissance conventionnelle de l’Environmental Protection Agency,Jouable au jour.
EVT-0316,Conférence de Stockholm sur l’environnement humain,3,3,TRUE,DAY,DAY,EXACT,Terminale HGGSP,PPO_BO,0,,Jouable au jour.
EVT-0317,Sommet de la Terre de Rio,4,3,TRUE,DAY,DAY,EXACT,Terminale HGGSP,PPO_BO,0,,Jouable au jour.
EVT-0318,Adoption du protocole de Kyoto,4,3,TRUE,DAY,DAY,EXACT,Terminale HGGSP,PPO_BO,0,,Jouable au jour.
EVT-0319,Entrée en vigueur du protocole de Kyoto,3,4,TRUE,DAY,DAY,EXACT,Terminale HGGSP,PPO_BO,0,,Jouable au jour.
EVT-0320,Adoption de l’accord de Paris,5,2,TRUE,DAY,DAY,EXACT,Terminale HGGSP,PPO_BO,2,Accord de Paris;COP21,Jouable au jour.
EVT-0321,Entrée en vigueur de l’accord de Paris,4,4,TRUE,DAY,DAY,EXACT,Terminale HGGSP,PPO_BO,0,,Jouable au jour.
EVT-0322,Premières communications de Becquerel sur les rayonnements de l’uranium,4,3,TRUE,RANGE,DAY_RANGE,EXACT,Terminale HGGSP,PPO_BO,1,Premières communications de Becquerel sur les radiations liées à l’uranium,Jouable comme plage/période.
EVT-0323,Communication de Becquerel sur les radiations invisibles des sels d’uranium,3,4,TRUE,DAY,DAY,EXACT,Terminale HGGSP,PPO_BO,0,,Jouable au jour.
EVT-0324,Découverte/annonce du polonium par Marie et Pierre Curie,4,3,TRUE,MONTH,MONTH,EXACT,Terminale HGGSP,PPO_BO,2,Découverte du polonium;Polonium,Jouable au mois.
EVT-0325,Découverte/annonce du radium par Marie et Pierre Curie,4,3,TRUE,MONTH,MONTH,EXACT,Terminale HGGSP,PPO_BO,2,Découverte du radium;Radium,Jouable au mois.
EVT-0326,Création de l’ANSSI,3,3,TRUE,DAY,DAY,EXACT,Terminale HGGSP,PPO_BO,0,,Jouable au jour.
EVT-0327,Moyen Âge,4,3,TRUE,RANGE,YEAR_RANGE,CONVENTIONAL,CM1,PROGRAMME_BO,0,,Jouable comme plage/période.
EVT-0328,Règne de François Ier,4,3,TRUE,RANGE,YEAR_RANGE,EXACT,CM1,CONNAISSANCE_EXPLICITE,0,,Jouable comme plage/période.
EVT-0329,Séjour de Léonard de Vinci en France,3,3,FALSE,NOT_AUTOMATIC,MIXED_RANGE,DISPUTED,CM1,PROGRAMME_BO,0,,Bornes hétérogènes ou discutées : contexte uniquement.
EVT-0330,Règne d’Henri IV,4,3,TRUE,RANGE,YEAR_RANGE,EXACT,CM1,CONNAISSANCE_EXPLICITE,0,,Jouable comme plage/période.
EVT-0333,Code noir,4,3,TRUE,MONTH,MONTH,EXACT,CM1,PROGRAMME_BO,0,,Jouable au mois.
EVT-0334,Ouverture des États généraux,4,2,TRUE,DAY,DAY,EXACT,4e;CM1;Seconde générale et technologique,PROGRAMME_BO;REPERE_EDUSCOL,0,,Jouable au jour.
EVT-0337,Marche des femmes sur Versailles,4,3,TRUE,RANGE,DAY_RANGE,EXACT,CM1,PROGRAMME_BO,0,,Jouable comme plage/période.
EVT-0338,Premiers outils de pierre connus,3,3,FALSE,NOT_AUTOMATIC,PERIOD_TEXT,APPROXIMATE,6e,REPERE_EDUSCOL,0,,Période textuelle sans borne suffisamment standardisée.
EVT-0339,Début de la préhistoire,4,3,FALSE,NOT_AUTOMATIC,PERIOD_TEXT,CONVENTIONAL,6e,REPERE_EDUSCOL,0,,Processus trop étalé pour une question de date automatique.
EVT-0340,Sédentarisation / débuts de l’agriculture,4,2,TRUE,YEAR,YEAR,APPROXIMATE,6e;Terminale HGGSP,PPO_BO;REPERE_EDUSCOL,2,Sédentarisation;débuts de l’agriculture,Jouable à l’année.
EVT-0341,Premières écritures mésopotamiennes,4,3,TRUE,YEAR,YEAR,APPROXIMATE,6e,REPERE_EDUSCOL,0,,Jouable à l’année.
EVT-0342,Premiers États,3,3,FALSE,NOT_AUTOMATIC,PERIOD_TEXT,APPROXIMATE,6e,REPERE_EDUSCOL,0,,Processus trop étalé pour une question de date automatique.
EVT-0345,Le Creusot / Schneider,2,4,FALSE,NOT_AUTOMATIC,PERIOD_TEXT,APPROXIMATE,Première générale,,2,Le Creusot;Schneider,Processus trop étalé pour une question de date automatique.
EVT-0346,Essor de la traite atlantique occidentale,3,3,FALSE,NOT_AUTOMATIC,PERIOD_TEXT,APPROXIMATE,4e,REPERE_EDUSCOL,0,,Processus trop étalé pour une question de date automatique.
EVT-0347,Apogée de la traite atlantique,3,3,FALSE,NOT_AUTOMATIC,PERIOD_TEXT,APPROXIMATE,4e,REPERE_EDUSCOL,0,,Processus trop étalé pour une question de date automatique.
EVT-0348,Révolution française,5,1,TRUE,RANGE,DAY_RANGE,CONVENTIONAL,4e;Seconde générale et technologique,REPERE_EDUSCOL,2,début de la Révolution française;Révolution française / début conventionnel de l’époque contemporaine en France,Jouable comme plage/période.
EVT-0349,Napoléon Bonaparte au pouvoir,3,3,FALSE,NOT_AUTOMATIC,PERIOD_TEXT,CONVENTIONAL,4e,REPERE_EDUSCOL,0,,Processus trop étalé pour une question de date automatique.
EVT-0350,Printemps des peuples,3,3,TRUE,YEAR,YEAR,CONVENTIONAL,4e,REPERE_EDUSCOL,1,ensemble de révolutions européennes,Jouable à l’année.
EVT-0351,Deuxième révolution industrielle,3,3,TRUE,RANGE,YEAR_RANGE,CONVENTIONAL,4e,REPERE_EDUSCOL,0,,Jouable comme plage/période.
EVT-0352,Nouvel impérialisme et relance de la colonisation,3,3,TRUE,RANGE,YEAR_RANGE,CONVENTIONAL,4e,REPERE_EDUSCOL,1,PROCESS / grande période,Jouable comme plage/période.
EVT-0353,Proclamation de la Troisième République,4,3,TRUE,DAY,DAY,EXACT,4e,REPERE_EDUSCOL,2,Proclamation de la IIIe République;Troisième République proclamée,Jouable au jour.
EVT-0354,Révolution russe de 1917,5,2,TRUE,YEAR,YEAR,CONVENTIONAL,3e,REPERE_EDUSCOL,1,plusieurs événements révolutionnaires à séparer,Jouable à l’année.
EVT-0355,Allemagne nazie / régime hitlérien,5,2,TRUE,RANGE,YEAR_RANGE,CONVENTIONAL,3e,REPERE_EDUSCOL,4,période politique scolaire ; plusieurs bornes historiques possibles selon le wording;Allemagne nazie;régime hitlérien,Jouable comme plage/période.
EVT-0356,Front populaire en France,4,2,TRUE,RANGE,YEAR_RANGE,CONVENTIONAL,3e,REPERE_EDUSCOL,1,séquence politique et sociale comportant plusieurs dates précises,Jouable comme plage/période.
EVT-0357,Signature de la Charte des Nations Unies,5,2,TRUE,DAY,DAY,EXACT,3e,REPERE_EDUSCOL,0,,Jouable au jour.
EVT-0358,Entrée en vigueur de la Charte et naissance juridique de l’ONU,4,3,TRUE,DAY,DAY,EXACT,3e,REPERE_EDUSCOL,2,Création de l’ONU;Naissance de l’ONU,Jouable au jour.
EVT-0359,Guerre froide,5,2,TRUE,RANGE,DAY_RANGE,CONVENTIONAL,3e,REPERE_EDUSCOL,1,grande périodisation conventionnelle,Jouable comme plage/période.
EVT-0360,Création officielle du Gouvernement provisoire de la République française,3,3,TRUE,DAY,DAY,EXACT,3e,REPERE_EDUSCOL,1,cluster d'événements distincts,Jouable au jour.
EVT-0361,Référendum constitutionnel fondant la Ve République,4,3,TRUE,DAY,DAY,EXACT,3e,REPERE_EDUSCOL,0,,Jouable au jour.
EVT-0362,Promulgation de la Constitution de la Ve République,4,3,TRUE,DAY,DAY,EXACT,3e,REPERE_EDUSCOL,2,Constitution de 1958;Constitution de la Ve République,Jouable au jour.
EVT-0363,Référendum sur l’élection présidentielle au suffrage universel direct,3,3,TRUE,DAY,DAY,EXACT,3e,REPERE_EDUSCOL,2,réforme constitutionnelle en 1962 ; première élection réelle en 1965,Jouable au jour.
EVT-0364,Élection de François Mitterrand à la présidence de la République,4,3,TRUE,DAY,DAY,EXACT,3e,REPERE_EDUSCOL,3,10 mai 1981;Élection de Mitterrand;Mitterrand élu président,Jouable au jour.
EVT-0365,Déposition de Romulus Augustule,4,3,TRUE,DAY,DAY,EXACT,Seconde générale et technologique,,1,fin de l’Empire romain d’Occident / déposition de Romulus Augustule,Jouable au jour.
EVT-0366,Abolition du califat en Turquie,4,3,TRUE,DAY,DAY,EXACT,Première HGGSP,PPO_BO,1,Abolition du califat,Jouable au jour.
EVT-0367,Ordonnance de 1669 sur les Eaux et Forêts,3,3,TRUE,MONTH,MONTH,EXACT,Terminale HGGSP,PPO_BO,0,,Jouable au mois.
EVT-0368,Construction de la grande pyramide de Gizeh,3,4,FALSE,NOT_AUTOMATIC,YEAR,APPROXIMATE,6e,COMPLEMENT_SCHOOL_CORPUS,0,,Datation estimative du chantier : conserver comme repère de contexte plutôt que comme date exacte.
EVT-0369,Code de Hammurabi,3,4,TRUE,RANGE,YEAR,APPROXIMATE,6e,COMPLEMENT_SCHOOL_CORPUS,0,,Repère complémentaire jouable en mode RANGE ; la formulation doit respecter le statut APPROXIMATE.
EVT-0370,Unification de la Chine par Qin Shi Huang,3,4,TRUE,YEAR,YEAR,EXACT,6e,COMPLEMENT_SCHOOL_CORPUS,0,,Repère complémentaire jouable en mode YEAR ; la formulation doit respecter le statut EXACT.
EVT-0371,Départ de Zhang Qian vers l’Asie centrale,3,4,TRUE,YEAR,YEAR,EXACT,6e,COMPLEMENT_SCHOOL_CORPUS,0,,Repère complémentaire jouable en mode YEAR ; la formulation doit respecter le statut EXACT.
EVT-0372,Réformes de Clisthène à Athènes,3,4,TRUE,RANGE,YEAR_RANGE,CONVENTIONAL,6e,COMPLEMENT_SCHOOL_CORPUS,0,,Repère complémentaire jouable en mode RANGE ; la formulation doit respecter le statut CONVENTIONAL.
EVT-0373,Bataille de Marathon,4,3,TRUE,YEAR,YEAR,EXACT,6e,COMPLEMENT_SCHOOL_CORPUS,0,,Repère complémentaire jouable en mode YEAR ; la formulation doit respecter le statut EXACT.
EVT-0374,Bataille de Salamine,4,3,TRUE,YEAR,YEAR,EXACT,6e,COMPLEMENT_SCHOOL_CORPUS,0,,Repère complémentaire jouable en mode YEAR ; la formulation doit respecter le statut EXACT.
EVT-0375,Création de la ligue de Délos,3,4,TRUE,YEAR,YEAR,EXACT,6e,COMPLEMENT_SCHOOL_CORPUS,0,,Repère complémentaire jouable en mode YEAR ; la formulation doit respecter le statut EXACT.
EVT-0376,Guerre du Péloponnèse,4,3,TRUE,RANGE,YEAR_RANGE,EXACT,6e,COMPLEMENT_SCHOOL_CORPUS,0,,Repère complémentaire jouable en mode RANGE ; la formulation doit respecter le statut EXACT.
EVT-0377,Mort de Socrate,3,4,TRUE,YEAR,YEAR,EXACT,6e,COMPLEMENT_SCHOOL_CORPUS,0,,Repère complémentaire jouable en mode YEAR ; la formulation doit respecter le statut EXACT.
EVT-0378,Alexandre devient roi de Macédoine,4,3,TRUE,YEAR,YEAR,EXACT,6e,COMPLEMENT_SCHOOL_CORPUS,0,,Repère complémentaire jouable en mode YEAR ; la formulation doit respecter le statut EXACT.
EVT-0379,Bataille d’Issos,3,4,TRUE,YEAR,YEAR,EXACT,6e,COMPLEMENT_SCHOOL_CORPUS,0,,Repère complémentaire jouable en mode YEAR ; la formulation doit respecter le statut EXACT.
EVT-0380,Bataille de Gaugamèles,3,4,TRUE,YEAR,YEAR,EXACT,6e,COMPLEMENT_SCHOOL_CORPUS,0,,Repère complémentaire jouable en mode YEAR ; la formulation doit respecter le statut EXACT.
EVT-0381,Mort d’Alexandre le Grand,4,3,TRUE,YEAR,YEAR,EXACT,6e,COMPLEMENT_SCHOOL_CORPUS,0,,Repère complémentaire jouable en mode YEAR ; la formulation doit respecter le statut EXACT.
EVT-0382,Fondation traditionnelle de la République romaine,3,4,TRUE,YEAR,YEAR,TRADITIONAL,6e,COMPLEMENT_SCHOOL_CORPUS,0,,Repère complémentaire jouable en mode YEAR ; la formulation doit respecter le statut TRADITIONAL.
EVT-0383,Première guerre punique,3,4,TRUE,RANGE,YEAR_RANGE,EXACT,6e,COMPLEMENT_SCHOOL_CORPUS,0,,Repère complémentaire jouable en mode RANGE ; la formulation doit respecter le statut EXACT.
EVT-0384,Destruction de Carthage par Rome,3,4,TRUE,YEAR,YEAR,EXACT,6e,COMPLEMENT_SCHOOL_CORPUS,0,,Repère complémentaire jouable en mode YEAR ; la formulation doit respecter le statut EXACT.
EVT-0385,Jules César franchit le Rubicon,3,3,TRUE,DAY,DAY,EXACT,6e,COMPLEMENT_SCHOOL_CORPUS,0,,Repère complémentaire jouable en mode DAY ; la formulation doit respecter le statut EXACT.
EVT-0386,Assassinat de Jules César,3,3,TRUE,DAY,DAY,EXACT,6e,COMPLEMENT_SCHOOL_CORPUS,0,,Repère complémentaire jouable en mode DAY ; la formulation doit respecter le statut EXACT.
EVT-0387,Bataille d’Actium,4,3,TRUE,DAY,DAY,EXACT,6e,COMPLEMENT_SCHOOL_CORPUS,0,,Repère complémentaire jouable en mode DAY ; la formulation doit respecter le statut EXACT.
EVT-0388,Accord traditionnellement appelé « édit de Milan »,5,2,TRUE,MONTH,MONTH,CONVENTIONAL,6e,COMPLEMENT_SCHOOL_CORPUS,0,,Repère complémentaire jouable en mode MONTH ; la formulation doit respecter le statut CONVENTIONAL.
EVT-0389,Concile d’Éphèse,3,3,TRUE,RANGE,DAY_RANGE,EXACT,6e,COMPLEMENT_SCHOOL_CORPUS,0,,Repère complémentaire jouable en mode RANGE ; la formulation doit respecter le statut EXACT.
EVT-0390,Sac de Rome par Alaric,3,3,TRUE,DAY,DAY,EXACT,6e,COMPLEMENT_SCHOOL_CORPUS,0,,Repère complémentaire jouable en mode DAY ; la formulation doit respecter le statut EXACT.
EVT-0391,Concile de Chalcédoine,3,3,TRUE,RANGE,DAY_RANGE,EXACT,6e,COMPLEMENT_SCHOOL_CORPUS,0,,Repère complémentaire jouable en mode RANGE ; la formulation doit respecter le statut EXACT.
EVT-0392,Fin de la dynastie Han,3,4,TRUE,YEAR,YEAR,EXACT,6e,COMPLEMENT_SCHOOL_CORPUS,0,,Repère complémentaire jouable en mode YEAR ; la formulation doit respecter le statut EXACT.
EVT-0393,Bataille de Vouillé,3,4,TRUE,YEAR,YEAR,APPROXIMATE,5e,COMPLEMENT_SCHOOL_CORPUS,0,,Repère complémentaire jouable en mode YEAR ; la formulation doit respecter le statut EXACT.
EVT-0394,Prise de Pavie par Charlemagne et fin du royaume lombard,3,4,TRUE,YEAR,YEAR,EXACT,5e,COMPLEMENT_SCHOOL_CORPUS,0,,Repère complémentaire jouable en mode YEAR ; la formulation doit respecter le statut EXACT.
EVT-0395,Bataille de Poitiers,3,4,TRUE,YEAR,YEAR,CONVENTIONAL,5e,COMPLEMENT_SCHOOL_CORPUS,1,Bataille de Tours,Repère complémentaire jouable en mode YEAR ; la formulation doit respecter le statut CONVENTIONAL.
EVT-0396,Traité de Saint-Clair-sur-Epte,4,3,TRUE,YEAR,YEAR,APPROXIMATE,5e,COMPLEMENT_SCHOOL_CORPUS,0,,Repère complémentaire jouable en mode YEAR ; la formulation doit respecter le statut EXACT.
EVT-0397,Couronnement impérial d’Otton Ier,3,3,TRUE,DAY,DAY,EXACT,5e,COMPLEMENT_SCHOOL_CORPUS,0,,Repère complémentaire jouable en mode DAY ; la formulation doit respecter le statut EXACT.
EVT-0398,Bataille d’Hastings,4,3,TRUE,DAY,DAY,EXACT,5e,COMPLEMENT_SCHOOL_CORPUS,0,,Repère complémentaire jouable en mode DAY ; la formulation doit respecter le statut EXACT.
EVT-0399,Appel à la première croisade au concile de Clermont,4,3,TRUE,DAY,DAY,EXACT,5e,COMPLEMENT_SCHOOL_CORPUS,0,,Repère complémentaire jouable en mode DAY ; la formulation doit respecter le statut EXACT.
EVT-0400,Bataille de Manzikert,4,3,TRUE,DAY,DAY,EXACT,5e,COMPLEMENT_SCHOOL_CORPUS,0,,Repère complémentaire jouable en mode DAY ; la formulation doit respecter le statut EXACT.
EVT-0401,Magna Carta,5,2,TRUE,DAY,DAY,EXACT,5e,COMPLEMENT_SCHOOL_CORPUS,0,,Repère complémentaire jouable en mode DAY ; la formulation doit respecter le statut EXACT.
EVT-0402,Quatrième concile du Latran,3,3,TRUE,RANGE,DAY_RANGE,EXACT,5e,COMPLEMENT_SCHOOL_CORPUS,0,,Repère complémentaire jouable en mode RANGE ; la formulation doit respecter le statut EXACT.
EVT-0403,Proclamation de Temüjin comme Gengis Khan,3,4,TRUE,YEAR,YEAR,EXACT,5e,COMPLEMENT_SCHOOL_CORPUS,0,,Repère complémentaire jouable en mode YEAR ; la formulation doit respecter le statut EXACT.
EVT-0404,Départ de Marco Polo vers l’Asie,3,4,TRUE,YEAR,YEAR,EXACT,5e,COMPLEMENT_SCHOOL_CORPUS,0,,Repère complémentaire jouable en mode YEAR ; la formulation doit respecter le statut EXACT.
EVT-0405,Retour de Marco Polo à Venise,3,4,TRUE,YEAR,YEAR,EXACT,5e,COMPLEMENT_SCHOOL_CORPUS,0,,Repère complémentaire jouable en mode YEAR ; la formulation doit respecter le statut EXACT.
EVT-0406,Bataille de Crécy,3,3,TRUE,DAY,DAY,EXACT,5e,COMPLEMENT_SCHOOL_CORPUS,0,,Repère complémentaire jouable en mode DAY ; la formulation doit respecter le statut EXACT.
EVT-0407,Bataille de Poitiers de 1356,3,3,TRUE,DAY,DAY,EXACT,5e,COMPLEMENT_SCHOOL_CORPUS,0,,Repère complémentaire jouable en mode DAY ; la formulation doit respecter le statut EXACT.
EVT-0408,Grande Jacquerie,3,3,TRUE,RANGE,DAY_RANGE,EXACT,5e,COMPLEMENT_SCHOOL_CORPUS,0,,Repère complémentaire jouable en mode RANGE ; la formulation doit respecter le statut EXACT.
EVT-0409,Début du Grand Schisme d’Occident,3,3,TRUE,DAY,DAY,EXACT,5e,COMPLEMENT_SCHOOL_CORPUS,0,,Repère complémentaire jouable en mode DAY ; la formulation doit respecter le statut EXACT.
EVT-0410,Bataille d’Azincourt,3,3,TRUE,DAY,DAY,EXACT,5e,COMPLEMENT_SCHOOL_CORPUS,0,,Repère complémentaire jouable en mode DAY ; la formulation doit respecter le statut EXACT.
EVT-0411,Levée du siège d’Orléans par Jeanne d’Arc,3,3,TRUE,DAY,DAY,EXACT,5e,COMPLEMENT_SCHOOL_CORPUS,0,,Repère complémentaire jouable en mode DAY ; la formulation doit respecter le statut EXACT.
EVT-0412,Sacre de Charles VII à Reims,3,3,TRUE,DAY,DAY,EXACT,5e,COMPLEMENT_SCHOOL_CORPUS,0,,Repère complémentaire jouable en mode DAY ; la formulation doit respecter le statut EXACT.
EVT-0413,Exécution de Jeanne d’Arc,3,3,TRUE,DAY,DAY,EXACT,5e,COMPLEMENT_SCHOOL_CORPUS,0,,Repère complémentaire jouable en mode DAY ; la formulation doit respecter le statut EXACT.
EVT-0414,Impression de la Bible de Gutenberg,5,2,TRUE,YEAR,YEAR,APPROXIMATE,5e,COMPLEMENT_SCHOOL_CORPUS,0,,Repère complémentaire jouable en mode YEAR ; la formulation doit respecter le statut APPROXIMATE.
EVT-0415,Mariage d’Isabelle de Castille et Ferdinand d’Aragon,3,4,TRUE,DAY,DAY,EXACT,5e,COMPLEMENT_SCHOOL_CORPUS,0,,Repère complémentaire jouable en mode DAY ; la formulation doit respecter le statut EXACT.
EVT-0416,Création de l’Inquisition espagnole,3,3,TRUE,DAY,DAY,EXACT,5e,COMPLEMENT_SCHOOL_CORPUS,0,,Repère complémentaire jouable en mode DAY ; la formulation doit respecter le statut EXACT.
EVT-0417,Prise de Grenade par les Rois Catholiques,3,3,TRUE,DAY,DAY,EXACT,5e,COMPLEMENT_SCHOOL_CORPUS,0,,Repère complémentaire jouable en mode DAY ; la formulation doit respecter le statut EXACT.
EVT-0418,Traité de Tordesillas,5,2,TRUE,DAY,DAY,EXACT,5e,COMPLEMENT_SCHOOL_CORPUS,0,,Repère complémentaire jouable en mode DAY ; la formulation doit respecter le statut EXACT.
EVT-0419,Vasco de Gama atteint Calicut,5,2,TRUE,DAY,DAY,EXACT,5e,COMPLEMENT_SCHOOL_CORPUS,0,,Repère complémentaire jouable en mode DAY ; la formulation doit respecter le statut EXACT.
EVT-0420,Publication de De revolutionibus de Copernic,3,4,TRUE,YEAR,YEAR,EXACT,5e,COMPLEMENT_SCHOOL_CORPUS,0,,Repère complémentaire jouable en mode YEAR ; la formulation doit respecter le statut EXACT.
EVT-0421,Paix d’Augsbourg,3,3,TRUE,DAY,DAY,EXACT,5e,COMPLEMENT_SCHOOL_CORPUS,0,,Repère complémentaire jouable en mode DAY ; la formulation doit respecter le statut EXACT.
EVT-0422,Massacre de la Saint-Barthélemy,4,3,TRUE,DAY,DAY,EXACT,5e,COMPLEMENT_SCHOOL_CORPUS,0,,Repère complémentaire jouable en mode DAY ; la formulation doit respecter le statut EXACT.
EVT-0423,Union des Couronnes d’Angleterre et d’Écosse,3,3,TRUE,DAY,DAY,EXACT,Seconde générale et technologique,COMPLEMENT_SCHOOL_CORPUS,0,,Repère complémentaire jouable en mode DAY ; la formulation doit respecter le statut EXACT.
EVT-0424,Fondation de Jamestown,3,3,TRUE,DAY,DAY,EXACT,5e,COMPLEMENT_SCHOOL_CORPUS,0,,Repère complémentaire jouable en mode DAY ; la formulation doit respecter le statut EXACT.
EVT-0425,Mayflower Compact,3,3,TRUE,DAY,DAY,EXACT,5e,COMPLEMENT_SCHOOL_CORPUS,0,,Repère complémentaire jouable en mode DAY ; la formulation doit respecter le statut EXACT.
EVT-0426,Guerre de Trente Ans,4,3,TRUE,RANGE,DAY_RANGE,EXACT,5e,COMPLEMENT_SCHOOL_CORPUS,0,,Repère complémentaire jouable en mode RANGE ; la formulation doit respecter le statut EXACT.
EVT-0427,Début de la guerre civile anglaise,3,3,TRUE,DAY,DAY,EXACT,Seconde générale et technologique,COMPLEMENT_SCHOOL_CORPUS,0,,Repère complémentaire jouable en mode DAY ; la formulation doit respecter le statut EXACT.
EVT-0428,Exécution de Charles Ier d’Angleterre,3,3,TRUE,DAY,DAY,EXACT,Seconde générale et technologique,COMPLEMENT_SCHOOL_CORPUS,0,,Repère complémentaire jouable en mode DAY ; la formulation doit respecter le statut EXACT.
EVT-0429,Glorieuse Révolution,5,2,TRUE,RANGE,YEAR_RANGE,CONVENTIONAL,Seconde générale et technologique,COMPLEMENT_SCHOOL_CORPUS,0,,Jouable comme période conventionnelle 1688-1689.
EVT-0430,Fondation de Saint-Pétersbourg,3,3,TRUE,DAY,DAY,EXACT,Seconde générale et technologique,COMPLEMENT_SCHOOL_CORPUS,0,,Repère complémentaire jouable en mode DAY ; la formulation doit respecter le statut EXACT.
EVT-0431,Guerre de Sept Ans,4,3,TRUE,RANGE,YEAR_RANGE,EXACT,4e,COMPLEMENT_SCHOOL_CORPUS,0,,Repère complémentaire jouable en mode RANGE ; la formulation doit respecter le statut EXACT.
EVT-0432,Publication du Contrat social de Rousseau,3,4,TRUE,YEAR,YEAR,EXACT,4e,COMPLEMENT_SCHOOL_CORPUS,0,,Repère complémentaire jouable en mode YEAR ; la formulation doit respecter le statut EXACT.
EVT-0433,Boston Tea Party,4,3,TRUE,DAY,DAY,EXACT,4e,COMPLEMENT_SCHOOL_CORPUS,0,,Repère complémentaire jouable en mode DAY ; la formulation doit respecter le statut EXACT.
EVT-0434,Déclaration d’indépendance des États-Unis,5,2,TRUE,DAY,DAY,EXACT,4e,COMPLEMENT_SCHOOL_CORPUS,0,,Repère complémentaire jouable en mode DAY ; la formulation doit respecter le statut EXACT.
EVT-0435,Capitulation britannique à Saratoga,4,3,TRUE,DAY,DAY,EXACT,4e,COMPLEMENT_SCHOOL_CORPUS,0,,Repère complémentaire jouable en mode DAY ; la formulation doit respecter le statut EXACT.
EVT-0436,Capitulation britannique à Yorktown,4,3,TRUE,DAY,DAY,EXACT,4e,COMPLEMENT_SCHOOL_CORPUS,0,,Repère complémentaire jouable en mode DAY ; la formulation doit respecter le statut EXACT.
EVT-0437,Traité de Paris mettant fin à la guerre d’indépendance américaine,3,4,TRUE,DAY,DAY,EXACT,4e,COMPLEMENT_SCHOOL_CORPUS,0,,Repère complémentaire jouable en mode DAY ; la formulation doit respecter le statut EXACT.
EVT-0438,Signature de la Constitution des États-Unis,5,2,TRUE,DAY,DAY,EXACT,4e,COMPLEMENT_SCHOOL_CORPUS,0,,Repère complémentaire jouable en mode DAY ; la formulation doit respecter le statut EXACT.
EVT-0439,Début de l’insurrection des esclaves de Saint-Domingue,3,4,TRUE,DAY,DAY,EXACT,4e,COMPLEMENT_SCHOOL_CORPUS,0,,Repère complémentaire jouable en mode DAY ; la formulation doit respecter le statut EXACT.
EVT-0440,Abolition de la monarchie en France,3,3,TRUE,DAY,DAY,EXACT,Première générale,COMPLEMENT_SCHOOL_CORPUS,0,,Repère complémentaire jouable en mode DAY ; la formulation doit respecter le statut EXACT.
EVT-0441,Bataille de Valmy,3,3,TRUE,DAY,DAY,EXACT,Première générale,COMPLEMENT_SCHOOL_CORPUS,0,,Repère complémentaire jouable en mode DAY ; la formulation doit respecter le statut EXACT.
EVT-0442,Proclamation de la Première République française,3,4,TRUE,DAY,DAY,EXACT,Première générale,COMPLEMENT_SCHOOL_CORPUS,0,,Repère complémentaire jouable en mode DAY ; la formulation doit respecter le statut EXACT.
EVT-0443,Exécution de Marie-Antoinette,3,3,TRUE,DAY,DAY,EXACT,Première générale,COMPLEMENT_SCHOOL_CORPUS,0,,Repère complémentaire jouable en mode DAY ; la formulation doit respecter le statut EXACT.
EVT-0444,Chute de Robespierre,3,3,TRUE,DAY,DAY,EXACT,Première générale,COMPLEMENT_SCHOOL_CORPUS,0,,Repère complémentaire jouable en mode DAY ; la formulation doit respecter le statut EXACT.
EVT-0445,Mise en place du Directoire,3,3,TRUE,DAY,DAY,EXACT,Première générale,COMPLEMENT_SCHOOL_CORPUS,0,,Repère complémentaire jouable en mode DAY ; la formulation doit respecter le statut EXACT.
EVT-0446,Coup d’État du 18 Brumaire,5,2,TRUE,DAY,DAY,EXACT,Première générale,COMPLEMENT_SCHOOL_CORPUS,0,,Repère complémentaire jouable en mode DAY ; la formulation doit respecter le statut EXACT.
EVT-0447,Indépendance d’Haïti,4,3,TRUE,DAY,DAY,EXACT,4e,COMPLEMENT_SCHOOL_CORPUS,0,,Repère complémentaire jouable en mode DAY ; la formulation doit respecter le statut EXACT.
EVT-0448,Bataille de Waterloo,5,1,TRUE,DAY,DAY,EXACT,Première générale,COMPLEMENT_SCHOOL_CORPUS,0,,Repère complémentaire jouable en mode DAY ; la formulation doit respecter le statut EXACT.
EVT-0449,Début conventionnel de la guerre d’indépendance grecque,4,3,TRUE,DAY,DAY,CONVENTIONAL,Première générale,COMPLEMENT_SCHOOL_CORPUS,0,,Repère complémentaire jouable en mode DAY ; la formulation doit respecter le statut CONVENTIONAL.
EVT-0450,Reconnaissance internationale du royaume de Grèce,3,4,TRUE,DAY,DAY,EXACT,Première générale,COMPLEMENT_SCHOOL_CORPUS,0,,Repère complémentaire jouable en mode DAY ; la formulation doit respecter le statut EXACT.
EVT-0451,Début de la révolution belge,4,3,TRUE,DAY,DAY,EXACT,Première générale,COMPLEMENT_SCHOOL_CORPUS,0,,Repère complémentaire jouable en mode DAY ; la formulation doit respecter le statut EXACT.
EVT-0452,Proclamation de l’indépendance belge,3,3,TRUE,DAY,DAY,EXACT,Première générale,COMPLEMENT_SCHOOL_CORPUS,0,,Repère complémentaire jouable en mode DAY ; la formulation doit respecter le statut EXACT.
EVT-0453,Première révolte des canuts,3,3,TRUE,RANGE,DAY_RANGE,EXACT,4e,COMPLEMENT_SCHOOL_CORPUS,0,,Repère complémentaire jouable en mode RANGE ; la formulation doit respecter le statut EXACT.
EVT-0454,Reform Act britannique de 1832,3,4,TRUE,DAY,DAY,EXACT,4e,COMPLEMENT_SCHOOL_CORPUS,0,,Repère complémentaire jouable en mode DAY ; la formulation doit respecter le statut EXACT.
EVT-0455,Sanction royale du Slavery Abolition Act 1833,3,4,TRUE,DAY,DAY,EXACT,4e,COMPLEMENT_SCHOOL_CORPUS,0,,Repère complémentaire jouable en mode DAY ; la formulation doit respecter le statut EXACT.
EVT-0456,Premier message télégraphique de Morse,3,3,TRUE,DAY,DAY,EXACT,4e,COMPLEMENT_SCHOOL_CORPUS,0,,Repère complémentaire jouable en mode DAY ; la formulation doit respecter le statut EXACT.
EVT-0457,Grande famine irlandaise,3,4,TRUE,RANGE,YEAR_RANGE,CONVENTIONAL,4e,COMPLEMENT_SCHOOL_CORPUS,0,,Repère complémentaire jouable en mode RANGE ; la formulation doit respecter le statut CONVENTIONAL.
EVT-0458,Journées de Juin 1848,3,3,TRUE,RANGE,DAY_RANGE,EXACT,Première générale,COMPLEMENT_SCHOOL_CORPUS,0,,Repère complémentaire jouable en mode RANGE ; la formulation doit respecter le statut EXACT.
EVT-0459,Coup d’État de Louis-Napoléon Bonaparte,3,3,TRUE,DAY,DAY,EXACT,Première générale,COMPLEMENT_SCHOOL_CORPUS,0,,Repère complémentaire jouable en mode DAY ; la formulation doit respecter le statut EXACT.
EVT-0460,Proclamation du Second Empire,3,3,TRUE,DAY,DAY,EXACT,Première générale,COMPLEMENT_SCHOOL_CORPUS,0,,Repère complémentaire jouable en mode DAY ; la formulation doit respecter le statut EXACT.
EVT-0461,Guerre de Crimée,4,3,TRUE,RANGE,DAY_RANGE,CONVENTIONAL,4e,COMPLEMENT_SCHOOL_CORPUS,0,,Repère complémentaire jouable en mode RANGE ; la formulation doit respecter le statut CONVENTIONAL.
EVT-0462,Traité de Paris mettant fin à la guerre de Crimée,4,3,TRUE,DAY,DAY,EXACT,4e,COMPLEMENT_SCHOOL_CORPUS,0,,Repère complémentaire jouable en mode DAY ; la formulation doit respecter le statut EXACT.
EVT-0463,Début de la révolte des Cipayes,3,3,TRUE,DAY,DAY,EXACT,4e,COMPLEMENT_SCHOOL_CORPUS,0,,Repère complémentaire jouable en mode DAY ; la formulation doit respecter le statut EXACT.
EVT-0464,Premier message télégraphique transatlantique officiel par câble,3,4,TRUE,DAY,DAY,EXACT,4e,COMPLEMENT_SCHOOL_CORPUS,0,,Repère complémentaire jouable en mode DAY ; la formulation doit respecter le statut EXACT.
EVT-0465,Proclamation du royaume d’Italie,4,3,TRUE,DAY,DAY,EXACT,Première générale,COMPLEMENT_SCHOOL_CORPUS,0,,Repère complémentaire jouable en mode DAY ; la formulation doit respecter le statut EXACT.
EVT-0466,Guerre de Sécession,5,2,TRUE,RANGE,DAY_RANGE,CONVENTIONAL,4e,COMPLEMENT_SCHOOL_CORPUS,0,,Repère complémentaire jouable en mode RANGE ; la formulation doit respecter le statut CONVENTIONAL.
EVT-0467,Entrée en vigueur de la Proclamation d’émancipation,5,2,TRUE,DAY,DAY,EXACT,4e,COMPLEMENT_SCHOOL_CORPUS,0,,Repère complémentaire jouable en mode DAY ; la formulation doit respecter le statut EXACT.
EVT-0468,Bataille de Gettysburg,3,3,TRUE,RANGE,DAY_RANGE,EXACT,4e,COMPLEMENT_SCHOOL_CORPUS,0,,Repère complémentaire jouable en mode RANGE ; la formulation doit respecter le statut EXACT.
EVT-0469,Fondation de la Première Internationale,3,3,TRUE,DAY,DAY,EXACT,4e,COMPLEMENT_SCHOOL_CORPUS,0,,Repère complémentaire jouable en mode DAY ; la formulation doit respecter le statut EXACT.
EVT-0470,Première Convention de Genève,4,4,TRUE,DAY,DAY,EXACT,4e,COMPLEMENT_SCHOOL_CORPUS,0,,Repère complémentaire jouable en mode DAY ; la formulation doit respecter le statut EXACT.
EVT-0471,Ouverture du canal de Suez,4,3,TRUE,DAY,DAY,EXACT,4e,COMPLEMENT_SCHOOL_CORPUS,0,,Repère complémentaire jouable en mode DAY ; la formulation doit respecter le statut EXACT.
EVT-0472,Guerre franco-prussienne,4,3,TRUE,RANGE,DAY_RANGE,EXACT,Première générale,COMPLEMENT_SCHOOL_CORPUS,0,,Repère complémentaire jouable en mode RANGE ; la formulation doit respecter le statut EXACT.
EVT-0473,Défaite française à Sedan,4,3,TRUE,DAY,DAY,EXACT,Première générale,COMPLEMENT_SCHOOL_CORPUS,0,,Repère complémentaire jouable en mode DAY ; la formulation doit respecter le statut EXACT.
EVT-0474,Traité de Francfort,3,4,TRUE,DAY,DAY,EXACT,Première générale,COMPLEMENT_SCHOOL_CORPUS,0,,Repère complémentaire jouable en mode DAY ; la formulation doit respecter le statut EXACT.
EVT-0475,Crise de Fachoda,4,3,TRUE,RANGE,DAY_RANGE,EXACT,Première générale,COMPLEMENT_SCHOOL_CORPUS,0,,Repère complémentaire jouable en mode RANGE ; la formulation doit respecter le statut EXACT.
EVT-0476,Loi Waldeck-Rousseau autorisant les syndicats professionnels,3,4,TRUE,DAY,DAY,EXACT,Première générale,COMPLEMENT_SCHOOL_CORPUS,0,,Repère complémentaire jouable en mode DAY ; la formulation doit respecter le statut EXACT.
EVT-0477,Inauguration de la tour Eiffel,3,3,TRUE,DAY,DAY,EXACT,Première générale,COMPLEMENT_SCHOOL_CORPUS,0,,Repère complémentaire jouable en mode DAY ; la formulation doit respecter le statut EXACT.
EVT-0478,Assassinat de François-Ferdinand à Sarajevo,5,2,TRUE,DAY,DAY,EXACT,3e,COMPLEMENT_SCHOOL_CORPUS,0,,Repère complémentaire jouable en mode DAY ; la formulation doit respecter le statut EXACT.
EVT-0479,Déclaration de guerre de l’Allemagne à la Russie,3,4,TRUE,DAY,DAY,EXACT,3e,COMPLEMENT_SCHOOL_CORPUS,0,,Repère complémentaire jouable en mode DAY ; la formulation doit respecter le statut EXACT.
EVT-0480,Déclaration de guerre de l’Allemagne à la France,3,4,TRUE,DAY,DAY,EXACT,3e,COMPLEMENT_SCHOOL_CORPUS,0,,Repère complémentaire jouable en mode DAY ; la formulation doit respecter le statut EXACT.
EVT-0481,Entrée en guerre du Royaume-Uni contre l’Allemagne,3,4,TRUE,DAY,DAY,EXACT,3e,COMPLEMENT_SCHOOL_CORPUS,0,,Repère complémentaire jouable en mode DAY ; la formulation doit respecter le statut EXACT.
EVT-0482,Bataille de Verdun,5,2,TRUE,RANGE,DAY_RANGE,EXACT,3e,COMPLEMENT_SCHOOL_CORPUS,0,,Repère complémentaire jouable en mode RANGE ; la formulation doit respecter le statut EXACT.
EVT-0483,Entrée en guerre des États-Unis dans la Première Guerre mondiale,3,4,TRUE,DAY,DAY,EXACT,3e,COMPLEMENT_SCHOOL_CORPUS,0,,Repère complémentaire jouable en mode DAY ; la formulation doit respecter le statut EXACT.
EVT-0484,Prise du pouvoir par les bolcheviks lors de la révolution d’Octobre,5,2,TRUE,DAY,DAY,EXACT,3e,COMPLEMENT_SCHOOL_CORPUS,0,,Repère complémentaire jouable en mode DAY ; la formulation doit respecter le statut EXACT.
EVT-0485,Traité de Brest-Litovsk,3,3,TRUE,DAY,DAY,EXACT,3e,COMPLEMENT_SCHOOL_CORPUS,0,,Repère complémentaire jouable en mode DAY ; la formulation doit respecter le statut EXACT.
EVT-0486,Ouverture de la conférence de la paix de Paris,3,4,TRUE,DAY,DAY,EXACT,3e,COMPLEMENT_SCHOOL_CORPUS,0,,Repère complémentaire jouable en mode DAY ; la formulation doit respecter le statut EXACT.
EVT-0487,Entrée en vigueur du pacte de la Société des Nations,3,4,TRUE,DAY,DAY,EXACT,3e,COMPLEMENT_SCHOOL_CORPUS,0,,Repère complémentaire jouable en mode DAY ; la formulation doit respecter le statut EXACT.
EVT-0488,Marche sur Rome,3,3,TRUE,DAY,DAY,EXACT,3e,COMPLEMENT_SCHOOL_CORPUS,0,,Repère complémentaire jouable en mode DAY ; la formulation doit respecter le statut EXACT.
EVT-0489,Début du mandat de Mussolini comme président du Conseil italien,4,3,TRUE,DAY,DAY,EXACT,3e,COMPLEMENT_SCHOOL_CORPUS,0,,Repère complémentaire jouable en mode DAY ; la formulation doit respecter le statut EXACT.
EVT-0490,Putsch de la Brasserie,3,3,TRUE,RANGE,DAY_RANGE,EXACT,3e,COMPLEMENT_SCHOOL_CORPUS,0,,Repère complémentaire jouable en mode RANGE ; la formulation doit respecter le statut EXACT.
EVT-0491,Accords de Londres mettant en œuvre le plan Dawes,3,4,TRUE,DAY,DAY,EXACT,3e,COMPLEMENT_SCHOOL_CORPUS,0,,Repère complémentaire jouable en mode DAY ; la formulation doit respecter le statut EXACT.
EVT-0492,Signature des traités de Locarno,3,4,TRUE,DAY,DAY,EXACT,3e,COMPLEMENT_SCHOOL_CORPUS,0,,Repère complémentaire jouable en mode DAY ; la formulation doit respecter le statut EXACT.
EVT-0493,Pacte Briand-Kellogg,3,4,TRUE,DAY,DAY,EXACT,3e,COMPLEMENT_SCHOOL_CORPUS,0,,Repère complémentaire jouable en mode DAY ; la formulation doit respecter le statut EXACT.
EVT-0494,Jeudi noir à Wall Street,3,3,TRUE,DAY,DAY,EXACT,Seconde générale et technologique,COMPLEMENT_SCHOOL_CORPUS,0,,Repère complémentaire jouable en mode DAY ; la formulation doit respecter le statut EXACT.
EVT-0495,Mardi noir à Wall Street,3,3,TRUE,DAY,DAY,EXACT,Seconde générale et technologique,COMPLEMENT_SCHOOL_CORPUS,0,,Repère complémentaire jouable en mode DAY ; la formulation doit respecter le statut EXACT.
EVT-0496,Marche du sel de Gandhi,3,3,TRUE,RANGE,DAY_RANGE,EXACT,Seconde générale et technologique,COMPLEMENT_SCHOOL_CORPUS,0,,Repère complémentaire jouable en mode RANGE ; la formulation doit respecter le statut EXACT.
EVT-0497,Hitler devient chancelier,5,1,TRUE,DAY,DAY,EXACT,Seconde générale et technologique,COMPLEMENT_SCHOOL_CORPUS,0,,Repère complémentaire jouable en mode DAY ; la formulation doit respecter le statut EXACT.
EVT-0498,Incendie du Reichstag,3,3,TRUE,DAY,DAY,EXACT,Seconde générale et technologique,COMPLEMENT_SCHOOL_CORPUS,0,,Repère complémentaire jouable en mode DAY ; la formulation doit respecter le statut EXACT.
EVT-0499,Vote de la loi des pleins pouvoirs en Allemagne,3,4,TRUE,DAY,DAY,EXACT,Seconde générale et technologique,COMPLEMENT_SCHOOL_CORPUS,0,,Repère complémentaire jouable en mode DAY ; la formulation doit respecter le statut EXACT.
EVT-0500,Nuit des Longs Couteaux,3,3,TRUE,RANGE,DAY_RANGE,EXACT,Seconde générale et technologique,COMPLEMENT_SCHOOL_CORPUS,0,,Repère complémentaire jouable en mode RANGE ; la formulation doit respecter le statut EXACT.
EVT-0501,Lois de Nuremberg,3,3,TRUE,DAY,DAY,EXACT,Seconde générale et technologique,COMPLEMENT_SCHOOL_CORPUS,0,,Repère complémentaire jouable en mode DAY ; la formulation doit respecter le statut EXACT.
EVT-0502,Guerre civile espagnole,4,3,TRUE,RANGE,DAY_RANGE,EXACT,Seconde générale et technologique,COMPLEMENT_SCHOOL_CORPUS,0,,Repère complémentaire jouable en mode RANGE ; la formulation doit respecter le statut EXACT.
EVT-0503,Bombardement de Guernica,4,3,TRUE,DAY,DAY,EXACT,Seconde générale et technologique,COMPLEMENT_SCHOOL_CORPUS,0,,Repère complémentaire jouable en mode DAY ; la formulation doit respecter le statut EXACT.
EVT-0504,Accords de Munich,4,3,TRUE,DAY,DAY,EXACT,Seconde générale et technologique,COMPLEMENT_SCHOOL_CORPUS,0,,Repère complémentaire jouable en mode DAY ; la formulation doit respecter le statut EXACT.
EVT-0505,Pacte germano-soviétique,4,3,TRUE,DAY,DAY,EXACT,3e,COMPLEMENT_SCHOOL_CORPUS,0,,Repère complémentaire jouable en mode DAY ; la formulation doit respecter le statut EXACT.
EVT-0506,Offensive allemande à l’Ouest,3,3,TRUE,DAY,DAY,EXACT,3e,COMPLEMENT_SCHOOL_CORPUS,0,,Repère complémentaire jouable en mode DAY ; la formulation doit respecter le statut EXACT.
EVT-0507,Évacuation de Dunkerque,3,3,TRUE,RANGE,DAY_RANGE,EXACT,3e,COMPLEMENT_SCHOOL_CORPUS,0,,Repère complémentaire jouable en mode RANGE ; la formulation doit respecter le statut EXACT.
EVT-0508,Entrée des troupes allemandes dans Paris,3,3,TRUE,DAY,DAY,EXACT,3e,COMPLEMENT_SCHOOL_CORPUS,0,,Repère complémentaire jouable en mode DAY ; la formulation doit respecter le statut EXACT.
EVT-0509,Bataille d’Angleterre,4,3,TRUE,RANGE,DAY_RANGE,EXACT,3e,COMPLEMENT_SCHOOL_CORPUS,0,,Repère complémentaire jouable en mode RANGE ; la formulation doit respecter le statut EXACT.
EVT-0510,Attaque de Pearl Harbor,5,1,TRUE,DAY,DAY,EXACT,3e,COMPLEMENT_SCHOOL_CORPUS,0,,Repère complémentaire jouable en mode DAY ; la formulation doit respecter le statut EXACT.
EVT-0511,Conférence de Wannsee,3,3,TRUE,DAY,DAY,EXACT,3e,COMPLEMENT_SCHOOL_CORPUS,0,,Repère complémentaire jouable en mode DAY ; la formulation doit respecter le statut EXACT.
EVT-0512,Bataille de Midway,4,3,TRUE,RANGE,DAY_RANGE,EXACT,3e,COMPLEMENT_SCHOOL_CORPUS,0,,Repère complémentaire jouable en mode RANGE ; la formulation doit respecter le statut EXACT.
EVT-0513,Bataille de Stalingrad,5,2,TRUE,RANGE,DAY_RANGE,EXACT,3e,COMPLEMENT_SCHOOL_CORPUS,0,,Repère complémentaire jouable en mode RANGE ; la formulation doit respecter le statut EXACT.
EVT-0514,Seconde bataille d’El-Alamein,4,3,TRUE,RANGE,DAY_RANGE,EXACT,3e,COMPLEMENT_SCHOOL_CORPUS,0,,Repère complémentaire jouable en mode RANGE ; la formulation doit respecter le statut EXACT.
EVT-0515,Débarquement allié en Sicile,3,3,TRUE,DAY,DAY,EXACT,3e,COMPLEMENT_SCHOOL_CORPUS,0,,Repère complémentaire jouable en mode DAY ; la formulation doit respecter le statut EXACT.
EVT-0516,Annonce de l’armistice italien,3,3,TRUE,DAY,DAY,EXACT,3e,COMPLEMENT_SCHOOL_CORPUS,0,,Repère complémentaire jouable en mode DAY ; la formulation doit respecter le statut EXACT.
EVT-0517,Conférence de Téhéran,3,3,TRUE,RANGE,DAY_RANGE,EXACT,3e,COMPLEMENT_SCHOOL_CORPUS,0,,Repère complémentaire jouable en mode RANGE ; la formulation doit respecter le statut EXACT.
EVT-0518,Libération du camp d’Auschwitz-Birkenau,5,2,TRUE,DAY,DAY,EXACT,3e,COMPLEMENT_SCHOOL_CORPUS,0,,Repère complémentaire jouable en mode DAY ; la formulation doit respecter le statut EXACT.
EVT-0519,Conférence de Yalta,4,3,TRUE,RANGE,DAY_RANGE,EXACT,3e,COMPLEMENT_SCHOOL_CORPUS,0,,Repère complémentaire jouable en mode RANGE ; la formulation doit respecter le statut EXACT.
EVT-0520,Bombardement atomique d’Hiroshima,5,1,TRUE,DAY,DAY,EXACT,3e,COMPLEMENT_SCHOOL_CORPUS,0,,Repère complémentaire jouable en mode DAY ; la formulation doit respecter le statut EXACT.
EVT-0521,Bombardement atomique de Nagasaki,5,1,TRUE,DAY,DAY,EXACT,3e,COMPLEMENT_SCHOOL_CORPUS,0,,Repère complémentaire jouable en mode DAY ; la formulation doit respecter le statut EXACT.
EVT-0522,Indépendance de l’Inde,5,2,TRUE,DAY,DAY,EXACT,3e,COMPLEMENT_SCHOOL_CORPUS,0,,Repère complémentaire jouable en mode DAY ; la formulation doit respecter le statut EXACT.
EVT-0523,Discours de Harvard lançant le plan Marshall,5,2,TRUE,DAY,DAY,EXACT,3e,COMPLEMENT_SCHOOL_CORPUS,0,,Repère complémentaire jouable en mode DAY ; la formulation doit respecter le statut EXACT.
EVT-0524,Signature du traité de l’Atlantique Nord,5,2,TRUE,DAY,DAY,EXACT,3e,COMPLEMENT_SCHOOL_CORPUS,1,Création de l’OTAN,Repère complémentaire jouable en mode DAY ; la formulation doit respecter le statut EXACT.
EVT-0525,Proclamation de la République populaire de Chine,5,2,TRUE,DAY,DAY,EXACT,3e,COMPLEMENT_SCHOOL_CORPUS,0,,Repère complémentaire jouable en mode DAY ; la formulation doit respecter le statut EXACT.
EVT-0526,Conférence de Bandung,4,3,TRUE,RANGE,DAY_RANGE,EXACT,3e,COMPLEMENT_SCHOOL_CORPUS,0,,Repère complémentaire jouable en mode RANGE ; la formulation doit respecter le statut EXACT.
EVT-0527,Création du pacte de Varsovie,4,3,TRUE,DAY,DAY,EXACT,3e,COMPLEMENT_SCHOOL_CORPUS,0,,Repère complémentaire jouable en mode DAY ; la formulation doit respecter le statut EXACT.
EVT-0528,Crise du canal de Suez,4,3,TRUE,RANGE,DAY_RANGE,EXACT,3e,COMPLEMENT_SCHOOL_CORPUS,0,,Repère complémentaire jouable en mode RANGE ; la formulation doit respecter le statut EXACT.
EVT-0529,Victoire de la révolution cubaine,3,3,TRUE,DAY,DAY,EXACT,3e,COMPLEMENT_SCHOOL_CORPUS,0,,Repère complémentaire jouable en mode DAY ; la formulation doit respecter le statut EXACT.
EVT-0530,Début de la guerre d’Algérie,5,2,TRUE,DAY,DAY,EXACT,3e,COMPLEMENT_SCHOOL_CORPUS,0,,Repère complémentaire jouable en mode DAY ; la formulation doit respecter le statut EXACT.
EVT-0531,Élection de Charles de Gaulle à la présidence de la République,3,4,TRUE,DAY,DAY,EXACT,3e,COMPLEMENT_SCHOOL_CORPUS,0,,Repère complémentaire jouable en mode DAY ; la formulation doit respecter le statut EXACT.
EVT-0532,Débarquement de la baie des Cochons,3,3,TRUE,RANGE,DAY_RANGE,EXACT,3e,COMPLEMENT_SCHOOL_CORPUS,0,,Repère complémentaire jouable en mode RANGE ; la formulation doit respecter le statut EXACT.
EVT-0533,Crise des missiles de Cuba,5,2,TRUE,RANGE,DAY_RANGE,EXACT,3e,COMPLEMENT_SCHOOL_CORPUS,0,,Repère complémentaire jouable en mode RANGE ; la formulation doit respecter le statut EXACT.
EVT-0534,Assassinat de John F. Kennedy,3,3,TRUE,DAY,DAY,EXACT,3e,COMPLEMENT_SCHOOL_CORPUS,0,,Repère complémentaire jouable en mode DAY ; la formulation doit respecter le statut EXACT.
EVT-0535,Incident du golfe du Tonkin,3,3,TRUE,DAY,DAY,EXACT,3e,COMPLEMENT_SCHOOL_CORPUS,0,,Repère complémentaire jouable en mode DAY ; la formulation doit respecter le statut EXACT.
EVT-0536,Printemps de Prague,4,3,TRUE,RANGE,DAY_RANGE,CONVENTIONAL,3e,COMPLEMENT_SCHOOL_CORPUS,0,,Repère complémentaire jouable en mode RANGE ; la formulation doit respecter le statut CONVENTIONAL.
EVT-0537,Mai 68 en France,5,1,TRUE,RANGE,DAY_RANGE,CONVENTIONAL,3e,COMPLEMENT_SCHOOL_CORPUS,0,,Repère complémentaire jouable en mode RANGE ; la formulation doit respecter le statut CONVENTIONAL.
EVT-0538,Ouverture à la signature du Traité sur la non-prolifération des armes nucléaires,3,4,TRUE,DAY,DAY,EXACT,3e,COMPLEMENT_SCHOOL_CORPUS,0,,Repère complémentaire jouable en mode DAY ; la formulation doit respecter le statut EXACT.
EVT-0539,Démission de Charles de Gaulle,3,3,TRUE,DAY,DAY,EXACT,3e,COMPLEMENT_SCHOOL_CORPUS,0,,Repère complémentaire jouable en mode DAY ; la formulation doit respecter le statut EXACT.
EVT-0540,Signature de l’Acte final d’Helsinki,3,4,TRUE,DAY,DAY,EXACT,3e,COMPLEMENT_SCHOOL_CORPUS,0,,Repère complémentaire jouable en mode DAY ; la formulation doit respecter le statut EXACT.
EVT-0541,Troisième plénum du XIe Comité central chinois et lancement des réformes de Deng Xiaoping,3,4,TRUE,RANGE,DAY_RANGE,EXACT,3e,COMPLEMENT_SCHOOL_CORPUS,0,,Repère complémentaire jouable en mode RANGE ; la formulation doit respecter le statut EXACT.
EVT-0542,Victoire de la révolution iranienne,3,3,TRUE,DAY,DAY,EXACT,3e,COMPLEMENT_SCHOOL_CORPUS,0,,Repère complémentaire jouable en mode DAY ; la formulation doit respecter le statut EXACT.
EVT-0543,Début formel de l’invasion soviétique de l’Afghanistan,3,3,TRUE,DAY,DAY,EXACT,3e,COMPLEMENT_SCHOOL_CORPUS,0,,Repère complémentaire jouable en mode DAY ; la formulation doit respecter le statut EXACT.
EVT-0544,Accords de Gdańsk et naissance de Solidarność,3,3,TRUE,DAY,DAY,EXACT,3e,COMPLEMENT_SCHOOL_CORPUS,0,,Repère complémentaire jouable en mode DAY ; la formulation doit respecter le statut EXACT.
EVT-0545,Catastrophe nucléaire de Tchernobyl,4,3,TRUE,DAY,DAY,EXACT,3e,COMPLEMENT_SCHOOL_CORPUS,0,,Repère complémentaire jouable en mode DAY ; la formulation doit respecter le statut EXACT.
EVT-0546,Répression de la place Tian’anmen,4,3,TRUE,DAY,DAY,EXACT,3e,COMPLEMENT_SCHOOL_CORPUS,0,,Repère complémentaire jouable en mode DAY ; la formulation doit respecter le statut EXACT.
EVT-0547,Réunification allemande,5,1,TRUE,DAY,DAY,EXACT,3e,COMPLEMENT_SCHOOL_CORPUS,0,,Repère complémentaire jouable en mode DAY ; la formulation doit respecter le statut EXACT.
EVT-0548,Entrée en vigueur principale du Slavery Abolition Act 1833,4,4,TRUE,DAY,DAY,EXACT,4e,COMPLEMENT_SCHOOL_CORPUS,2,Entrée en vigueur du Slavery Abolition Act;Slavery Abolition Act effectif,Jouable au jour.
EVT-0549,Unification de l’Égypte sous les premiers pharaons,5,2,FALSE,NOT_AUTOMATIC,YEAR,APPROXIMATE,,,0,,Datation approximative ou discutée : pas de question automatique.
EVT-0550,Bataille des Thermopyles,5,2,TRUE,MONTH,MONTH,CONVENTIONAL,,,1,Thermopyles,Jouable au mois.
EVT-0551,Bataille de Cannes,5,2,TRUE,DAY,DAY,CONVENTIONAL,,,1,Cannes (216 av. J.-C.),Jouable au jour.
EVT-0552,Éruption du Vésuve ensevelissant Pompéi et Herculanum,5,2,FALSE,NOT_AUTOMATIC,DAY,DISPUTED,,,2,Éruption de Pompéi;Destruction de Pompéi par le Vésuve,Jour exact débattu : ne pas générer de question automatique au jour.
EVT-0553,Sargon d’Akkad fonde l’Empire d’Akkad,4,3,TRUE,YEAR,YEAR,CONVENTIONAL,,,0,,Jouable au à l’année.
EVT-0554,Bataille de Qadesh entre Ramsès II et les Hittites,4,3,TRUE,YEAR,YEAR,CONVENTIONAL,,,1,Bataille de Qadesh,Jouable au à l’année.
EVT-0555,Effondrement de l’âge du bronze en Méditerranée orientale,4,3,FALSE,NOT_AUTOMATIC,YEAR,APPROXIMATE,,,0,,Datation approximative ou discutée : pas de question automatique.
EVT-0556,Réformes de Solon à Athènes,4,3,TRUE,YEAR,YEAR,CONVENTIONAL,,,0,,Jouable au à l’année.
EVT-0557,Bataille de Chéronée et domination macédonienne sur la Grèce,4,3,TRUE,YEAR,YEAR,EXACT,,,1,Bataille de Chéronée,Jouable au à l’année.
EVT-0558,Début de la deuxième guerre punique,4,3,TRUE,YEAR,YEAR,EXACT,,,1,La deuxième guerre punique,Jouable au à l’année.
EVT-0559,Bataille de Zama,4,3,TRUE,DAY,DAY,CONVENTIONAL,,,0,,Jouable au jour.
EVT-0560,Début de la révolte de Spartacus,4,3,TRUE,YEAR,YEAR,EXACT,,,1,La révolte de Spartacus,Jouable au à l’année.
EVT-0561,Défaite romaine dans la forêt de Teutoburg,4,3,TRUE,MONTH,MONTH,CONVENTIONAL,,,2,Bataille de Teutoburg;Bataille de la forêt de Teutoburg,Jouable au mois.
EVT-0562,Début du grand incendie de Rome,4,3,TRUE,DAY,DAY,CONVENTIONAL,,,1,Grand incendie de Rome,Jouable au jour.
EVT-0563,Extension maximale de l’Empire romain sous Trajan,4,3,TRUE,YEAR,YEAR,CONVENTIONAL,,,0,,Jouable au à l’année.
EVT-0564,Constitution antonine accordant la citoyenneté romaine aux hommes libres de l’Empire,4,3,TRUE,YEAR,YEAR,EXACT,,,0,,Jouable au à l’année.
EVT-0565,Bataille du pont Milvius,4,3,TRUE,DAY,DAY,EXACT,,,0,,Jouable au jour.
EVT-0566,Mort de Théodose Ier et partage durable de l’Empire romain,4,3,TRUE,DAY,DAY,EXACT,,,1,Décès de Théodose Ier et partage durable de l’Empire romain,Jouable au jour.
EVT-0567,Bataille des Champs Catalauniques,4,3,TRUE,DAY,DAY,CONVENTIONAL,,,0,,Jouable au jour.
EVT-0568,Début du sac de Rome par les Vandales,4,3,TRUE,DAY,DAY,EXACT,,,1,Sac de Rome par les Vandales,Jouable au jour.
EVT-0569,Début de la civilisation de la vallée de l’Indus à son apogée urbaine,3,4,FALSE,NOT_AUTOMATIC,YEAR,APPROXIMATE,,,1,La civilisation de la vallée de l’Indus à son apogée urbaine,Datation approximative ou discutée : pas de question automatique.
EVT-0570,Éruption minoenne de Santorin,3,4,FALSE,NOT_AUTOMATIC,YEAR_RANGE,DISPUTED,,,2,Éruption de Théra;Éruption de Santorin,Datation archéologique discutée : contexte uniquement.
EVT-0571,Lois de Dracon à Athènes,3,4,TRUE,YEAR,YEAR,CONVENTIONAL,,,0,,Jouable au à l’année.
EVT-0572,Capitulation d’Athènes et fin de la guerre du Péloponnèse,3,4,TRUE,YEAR,YEAR,EXACT,,,0,,Jouable au à l’année.
EVT-0573,Bataille du Granique,3,4,TRUE,YEAR,YEAR,EXACT,,,0,,Jouable au à l’année.
EVT-0574,Début conventionnel de la crise du IIIe siècle dans l’Empire romain,3,4,TRUE,YEAR,YEAR,CONVENTIONAL,,,0,,Jouable au à l’année.
EVT-0575,Dioclétien devient empereur romain,3,4,TRUE,DAY,DAY,EXACT,,,0,,Jouable au jour.
EVT-0576,Mise en place de la Tétrarchie romaine,3,4,TRUE,DAY,DAY,CONVENTIONAL,,,0,,Jouable au jour.
EVT-0577,Mort de Mahomet à Médine,5,2,TRUE,DAY,DAY,EXACT,,,1,Décès de Mahomet à Médine,Jouable au jour.
EVT-0578,Début de la conquête musulmane de la péninsule Ibérique,5,2,TRUE,YEAR,YEAR,EXACT,,,1,La conquête musulmane de la péninsule Ibérique,Jouable au à l’année.
EVT-0579,Saladin reprend Jérusalem,5,2,TRUE,DAY,DAY,EXACT,,,0,,Jouable au jour.
EVT-0580,Arrivée de la peste noire en Sicile,5,2,TRUE,MONTH,MONTH,CONVENTIONAL,,,0,,Jouable au mois.
EVT-0581,Dédicace de la basilique Sainte-Sophie de Constantinople,4,3,TRUE,DAY,DAY,EXACT,,,0,,Jouable au jour.
EVT-0582,Début de la peste de Justinien dans l’Empire byzantin,4,3,TRUE,YEAR,YEAR,CONVENTIONAL,,,1,La peste de Justinien dans l’Empire byzantin,Jouable au à l’année.
EVT-0583,Naissance traditionnelle de Mahomet à La Mecque,4,3,TRUE,YEAR,YEAR,CONVENTIONAL,,,0,,Jouable au à l’année.
EVT-0584,Bataille du Yarmouk,4,3,TRUE,DAY,DAY,CONVENTIONAL,,,0,,Jouable au jour.
EVT-0585,Établissement du califat omeyyade,4,3,TRUE,YEAR,YEAR,EXACT,,,0,,Jouable au à l’année.
EVT-0586,Révolution abbasside et chute des Omeyyades,4,3,TRUE,YEAR,YEAR,EXACT,,,0,,Jouable au à l’année.
EVT-0587,Fondation de Bagdad par le calife al-Mansur,4,3,TRUE,DAY,DAY,CONVENTIONAL,,,1,Fondation de Bagdad,Jouable au jour.
EVT-0588,Raid viking contre le monastère de Lindisfarne,4,3,TRUE,DAY,DAY,CONVENTIONAL,,,1,Raid de Lindisfarne,Jouable au jour.
EVT-0589,Voyage de Leif Erikson vers l’Amérique du Nord,4,3,FALSE,NOT_AUTOMATIC,YEAR,APPROXIMATE,,,0,,Datation approximative ou discutée : pas de question automatique.
EVT-0590,Concordat de Worms,4,3,TRUE,DAY,DAY,EXACT,,,0,,Jouable au jour.
EVT-0591,Assassinat de Thomas Becket dans la cathédrale de Cantorbéry,4,3,TRUE,DAY,DAY,EXACT,,,1,Mort de Thomas Becket dans la cathédrale de Cantorbéry,Jouable au jour.
EVT-0592,Bataille de Hattin,4,3,TRUE,DAY,DAY,EXACT,,,0,,Jouable au jour.
EVT-0593,Mort de Gengis Khan,4,3,TRUE,DAY,DAY,CONVENTIONAL,,,1,Décès de Gengis Khan,Jouable au jour.
EVT-0594,Premier parlement de Simon de Montfort,4,3,TRUE,DAY,DAY,EXACT,,,0,,Jouable au jour.
EVT-0595,"Chute d’Acre, dernier grand bastion croisé en Terre sainte",4,3,TRUE,DAY,DAY,EXACT,,,0,,Jouable au jour.
EVT-0596,Exécution de William Wallace,4,3,TRUE,DAY,DAY,EXACT,,,0,,Jouable au jour.
EVT-0597,Arrestation des Templiers en France,4,3,TRUE,DAY,DAY,EXACT,,,0,,Jouable au jour.
EVT-0598,Début de la papauté d’Avignon,4,3,TRUE,YEAR,YEAR,CONVENTIONAL,,,1,La papauté d’Avignon,Jouable au à l’année.
EVT-0599,Bataille de Bannockburn,4,3,TRUE,DAY,DAY,EXACT,,,0,,Jouable au jour.
EVT-0600,Grande révolte des paysans en Angleterre,4,3,TRUE,MONTH,MONTH,CONVENTIONAL,,,2,Révolte des paysans de 1381;Peasants' Revolt,Jouable au mois.
EVT-0601,Bataille de Kosovo Polje,4,3,TRUE,DAY,DAY,CONVENTIONAL,,,0,,Jouable au jour.
EVT-0602,Exécution de Jan Hus à Constance,4,3,TRUE,DAY,DAY,EXACT,,,0,,Jouable au jour.
EVT-0603,Bataille de Bosworth et fin de la guerre des Deux-Roses,4,3,TRUE,DAY,DAY,EXACT,,,1,Bataille de Bosworth,Jouable au jour.
EVT-0604,Début de la sédition Nika à Constantinople,3,4,TRUE,DAY,DAY,CONVENTIONAL,,,1,La sédition Nika à Constantinople,Jouable au jour.
EVT-0605,Bataille d’Edington entre Alfred le Grand et les Vikings,3,4,TRUE,MONTH,MONTH,CONVENTIONAL,,,0,,Jouable au mois.
EVT-0606,Bataille de Stamford Bridge,3,4,TRUE,DAY,DAY,EXACT,,,0,,Jouable au jour.
EVT-0607,Couronnement d’Henri II Plantagenêt comme roi d’Angleterre,3,4,TRUE,DAY,DAY,EXACT,,,0,,Jouable au jour.
EVT-0608,Traité de Jaffa mettant fin à la troisième croisade,3,4,TRUE,DAY,DAY,EXACT,,,1,Traité de Jaffa,Jouable au jour.
EVT-0609,Bataille de Legnica face aux Mongols,3,4,TRUE,DAY,DAY,EXACT,,,1,Bataille de Legnica,Jouable au jour.
EVT-0610,Bataille de Fariskur et capture de Louis IX,3,4,TRUE,DAY,DAY,CONVENTIONAL,,,1,Bataille de Fariskur,Jouable au jour.
EVT-0611,Bataille des Éperons d’or,3,4,TRUE,DAY,DAY,EXACT,,,0,,Jouable au jour.
EVT-0612,Déclaration d’Arbroath,3,4,TRUE,DAY,DAY,EXACT,,,0,,Jouable au jour.
EVT-0613,Hernán Cortés entre à Tenochtitlan,5,1,TRUE,DAY,DAY,EXACT,,,0,,Jouable au jour.
EVT-0614,Chute de Tenochtitlan face aux forces de Cortés,5,1,TRUE,DAY,DAY,EXACT,,,0,,Jouable au jour.
EVT-0615,Acte de suprématie établissant Henri VIII à la tête de l’Église d’Angleterre,5,1,TRUE,DAY,DAY,EXACT,,,0,,Jouable au jour.
EVT-0616,Élisabeth Ire devient reine d’Angleterre,5,1,TRUE,DAY,DAY,EXACT,,,0,,Jouable au jour.
EVT-0617,Massacre de Wassy et début des guerres de Religion en France,5,1,TRUE,DAY,DAY,CONVENTIONAL,,,0,,Jouable au jour.
EVT-0618,Bataille navale de Lépante,5,1,TRUE,DAY,DAY,EXACT,,,0,,Jouable au jour.
EVT-0619,Défaite décisive de l’Armada espagnole au large de Gravelines,5,1,TRUE,DAY,DAY,CONVENTIONAL,,,2,Invincible Armada;Défaite de l’Armada espagnole,Jouable au jour.
EVT-0620,Tokugawa Ieyasu devient shogun,5,1,TRUE,DAY,DAY,EXACT,,,0,,Jouable au jour.
EVT-0621,Fondation de Québec par Samuel de Champlain,5,1,TRUE,DAY,DAY,EXACT,,,1,Fondation de Québec,Jouable au jour.
EVT-0622,Galilée observe les principaux satellites de Jupiter,5,1,TRUE,DAY,DAY,CONVENTIONAL,,,0,,Jouable au jour.
EVT-0623,Défenestration de Prague et début de la guerre de Trente Ans,5,1,TRUE,DAY,DAY,EXACT,,,1,Deuxième défenestration de Prague,Jouable au jour.
EVT-0624,Publication du traité de William Harvey sur la circulation du sang,5,1,TRUE,YEAR,YEAR,EXACT,,,0,,Jouable au à l’année.
EVT-0625,Publication du Discours de la méthode de Descartes,5,1,TRUE,DAY,DAY,CONVENTIONAL,,,0,,Jouable au jour.
EVT-0626,Début du grand incendie de Londres,5,1,TRUE,DAY,DAY,EXACT,,,1,Grand incendie de Londres,Jouable au jour.
EVT-0627,Entrée en vigueur des Actes d’Union créant le royaume de Grande-Bretagne,5,1,TRUE,DAY,DAY,EXACT,,,0,,Jouable au jour.
EVT-0628,Séisme de Lisbonne,5,1,TRUE,DAY,DAY,EXACT,,,1,Tremblement de terre de Lisbonne,Jouable au jour.
EVT-0629,Traité de Paris mettant fin à la guerre de Sept Ans,5,1,TRUE,DAY,DAY,EXACT,,,1,Traité de Paris,Jouable au jour.
EVT-0630,Brevet de James Watt pour une machine à vapeur améliorée,5,1,TRUE,DAY,DAY,EXACT,,,0,,Jouable au jour.
EVT-0631,Batailles de Lexington et Concord,5,1,TRUE,DAY,DAY,EXACT,,,0,,Jouable au jour.
EVT-0632,Publication de La Richesse des nations d’Adam Smith,5,1,TRUE,YEAR,YEAR,EXACT,,,0,,Jouable au à l’année.
EVT-0633,Premier vol habité libre en montgolfière,5,1,TRUE,DAY,DAY,EXACT,,,0,,Jouable au jour.
EVT-0634,Investiture de George Washington comme premier président des États-Unis,5,1,TRUE,DAY,DAY,EXACT,,,0,,Jouable au jour.
EVT-0635,Ratification du Bill of Rights des États-Unis,5,1,TRUE,DAY,DAY,EXACT,,,0,,Jouable au jour.
EVT-0636,Première vaccination contre la variole par Edward Jenner,5,1,TRUE,DAY,DAY,CONVENTIONAL,,,0,,Jouable au jour.
EVT-0637,Découverte de la pierre de Rosette,5,1,TRUE,DAY,DAY,CONVENTIONAL,,,0,,Jouable au jour.
EVT-0638,Pedro Álvares Cabral atteint le littoral du Brésil,4,2,TRUE,DAY,DAY,CONVENTIONAL,,,0,,Jouable au jour.
EVT-0639,Fondation de l’État safavide en Perse,4,2,TRUE,YEAR,YEAR,EXACT,,,0,,Jouable au à l’année.
EVT-0640,Henri VIII devient roi d’Angleterre,4,2,TRUE,DAY,DAY,EXACT,,,0,,Jouable au jour.
EVT-0641,Vasco Núñez de Balboa atteint l’océan Pacifique,4,2,TRUE,DAY,DAY,EXACT,,,0,,Jouable au jour.
EVT-0642,Début de la guerre des Paysans allemands,4,2,TRUE,YEAR,YEAR,EXACT,,,1,La guerre des Paysans allemands,Jouable au à l’année.
EVT-0643,Première bataille de Panipat et fondation de l’Empire moghol,4,2,TRUE,DAY,DAY,EXACT,,,0,,Jouable au jour.
EVT-0644,Début du sac de Rome par les troupes impériales,4,2,TRUE,DAY,DAY,EXACT,,,1,Sac de Rome par les troupes impériales,Jouable au jour.
EVT-0645,Jacques Cartier prend possession du Canada au nom de François Ier,4,2,TRUE,DAY,DAY,CONVENTIONAL,,,0,,Jouable au jour.
EVT-0646,Publication de l’Institution de la religion chrétienne de Calvin,4,2,TRUE,YEAR,YEAR,EXACT,,,0,,Jouable au à l’année.
EVT-0647,Début du Grand Siège de Malte,4,2,TRUE,DAY,DAY,CONVENTIONAL,,,1,Grand Siège de Malte,Jouable au jour.
EVT-0648,Entrée en vigueur initiale du calendrier grégorien,4,2,TRUE,DAY,DAY,EXACT,,,0,,Jouable au jour.
EVT-0649,Exécution de Marie Stuart,4,2,TRUE,DAY,DAY,EXACT,,,0,,Jouable au jour.
EVT-0650,Charte royale fondant la Compagnie anglaise des Indes orientales,4,2,TRUE,DAY,DAY,EXACT,,,0,,Jouable au jour.
EVT-0651,Fondation de la Compagnie néerlandaise des Indes orientales,4,2,TRUE,DAY,DAY,EXACT,,,0,,Jouable au jour.
EVT-0652,Publication de la première partie de Don Quichotte,4,2,TRUE,YEAR,YEAR,EXACT,,,0,,Jouable au à l’année.
EVT-0653,Échec de la conspiration des Poudres,4,2,TRUE,DAY,DAY,EXACT,,,0,,Jouable au jour.
EVT-0654,Publication de l’Astronomia nova de Kepler,4,2,TRUE,YEAR,YEAR,EXACT,,,0,,Jouable au à l’année.
EVT-0655,Acceptation de la Petition of Right par Charles Ier,4,2,TRUE,DAY,DAY,EXACT,,,0,,Jouable au jour.
EVT-0656,Publication du Dialogue sur les deux grands systèmes du monde de Galilée,4,2,TRUE,YEAR,YEAR,EXACT,,,0,,Jouable au à l’année.
EVT-0657,Publication du Léviathan de Thomas Hobbes,4,2,TRUE,YEAR,YEAR,EXACT,,,0,,Jouable au à l’année.
EVT-0658,Oliver Cromwell devient Lord Protecteur,4,2,TRUE,DAY,DAY,EXACT,,,0,,Jouable au jour.
EVT-0659,Restauration de la monarchie anglaise avec Charles II,4,2,TRUE,DAY,DAY,EXACT,,,0,,Jouable au jour.
EVT-0660,Grande peste de Londres,4,2,TRUE,YEAR,YEAR,CONVENTIONAL,,,0,,Jouable au à l’année.
EVT-0661,Publication de Micrographia de Robert Hooke,4,2,TRUE,YEAR,YEAR,EXACT,,,0,,Jouable au à l’année.
EVT-0662,Antonie van Leeuwenhoek observe des micro-organismes,4,2,TRUE,YEAR,YEAR,CONVENTIONAL,,,0,,Jouable au à l’année.
EVT-0663,Bataille de la Boyne,4,2,TRUE,DAY,DAY,CONVENTIONAL,,,0,,Jouable au jour.
EVT-0664,Fondation de la Banque d’Angleterre,4,2,TRUE,DAY,DAY,EXACT,,,0,,Jouable au jour.
EVT-0665,Début de la guerre de Succession d’Espagne,4,2,TRUE,DAY,DAY,CONVENTIONAL,,,1,La guerre de Succession d’Espagne,Jouable au jour.
EVT-0666,Traité d’Utrecht,4,2,TRUE,DAY,DAY,EXACT,,,0,,Jouable au jour.
EVT-0667,Proclamation de l’Empire russe,4,2,TRUE,DAY,DAY,EXACT,,,0,,Jouable au jour.
EVT-0668,Publication de la première édition de Systema Naturae de Linné,4,2,TRUE,YEAR,YEAR,EXACT,,,0,,Jouable au à l’année.
EVT-0669,Marie-Thérèse hérite des possessions des Habsbourg,4,2,TRUE,DAY,DAY,EXACT,,,0,,Jouable au jour.
EVT-0670,Publication de De l’esprit des lois de Montesquieu,4,2,TRUE,YEAR,YEAR,EXACT,,,0,,Jouable au à l’année.
EVT-0671,Expérience du cerf-volant attribuée à Benjamin Franklin,4,2,TRUE,MONTH,MONTH,CONVENTIONAL,,,0,,Jouable au mois.
EVT-0672,Bataille des Plaines d’Abraham,4,2,TRUE,DAY,DAY,EXACT,,,0,,Jouable au jour.
EVT-0673,Invention de la Spinning Jenny,4,2,TRUE,YEAR,YEAR,CONVENTIONAL,,,0,,Jouable au à l’année.
EVT-0674,Adoption du Stamp Act britannique,4,2,TRUE,DAY,DAY,EXACT,,,0,,Jouable au jour.
EVT-0675,Massacre de Boston,4,2,TRUE,DAY,DAY,EXACT,,,0,,Jouable au jour.
EVT-0676,Ouverture du Premier Congrès continental,4,2,TRUE,DAY,DAY,EXACT,,,0,,Jouable au jour.
EVT-0677,Découverte d’Uranus par William Herschel,4,2,TRUE,DAY,DAY,EXACT,,,0,,Jouable au jour.
EVT-0678,Arrivée de la First Fleet à Sydney Cove,4,2,TRUE,DAY,DAY,EXACT,,,0,,Jouable au jour.
EVT-0679,Ouverture du Muséum central des arts au Louvre,4,2,TRUE,DAY,DAY,EXACT,,,0,,Jouable au jour.
EVT-0680,Bataille navale d’Aboukir,4,2,TRUE,DAY,DAY,EXACT,,,0,,Jouable au jour.
EVT-0681,Signature de la vente de la Louisiane aux États-Unis,5,1,TRUE,DAY,DAY,EXACT,,,0,,Jouable au jour.
EVT-0682,Proclamation de Napoléon Bonaparte comme empereur des Français,5,1,TRUE,DAY,DAY,EXACT,,,0,,Jouable au jour.
EVT-0683,Bataille de Trafalgar,5,1,TRUE,DAY,DAY,EXACT,,,0,,Jouable au jour.
EVT-0684,Abolition britannique de la traite négrière,5,1,TRUE,DAY,DAY,EXACT,,,0,,Jouable au jour.
EVT-0685,Grito de Dolores et début de la guerre d’indépendance du Mexique,5,1,TRUE,DAY,DAY,EXACT,,,0,,Jouable au jour.
EVT-0686,Début de l’invasion de la Russie par Napoléon,5,1,TRUE,DAY,DAY,EXACT,,,1,L’invasion de la Russie par Napoléon,Jouable au jour.
EVT-0687,Début de la bataille de Leipzig,5,1,TRUE,DAY,DAY,EXACT,,,1,La bataille de Leipzig,Jouable au jour.
EVT-0688,Déclaration d’indépendance du Brésil,5,1,TRUE,DAY,DAY,EXACT,,,0,,Jouable au jour.
EVT-0689,Champollion annonce le déchiffrement des hiéroglyphes égyptiens,5,1,TRUE,DAY,DAY,CONVENTIONAL,,,0,,Jouable au jour.
EVT-0690,Proclamation de la doctrine Monroe,5,1,TRUE,DAY,DAY,EXACT,,,0,,Jouable au jour.
EVT-0691,Ouverture du chemin de fer Stockton-Darlington,5,1,TRUE,DAY,DAY,EXACT,,,0,,Jouable au jour.
EVT-0692,Réalisation de la plus ancienne photographie permanente connue par Nicéphore Niépce,5,1,FALSE,NOT_AUTOMATIC,YEAR_RANGE,DISPUTED,,,2,Point de vue du Gras;View from the Window at Le Gras,Année de prise de vue discutée entre 1826 et 1827.
EVT-0693,Annonce publique du procédé photographique de Daguerre,5,1,TRUE,DAY,DAY,EXACT,,,0,,Jouable au jour.
EVT-0694,Début de la première guerre de l’Opium,5,1,TRUE,DAY,DAY,CONVENTIONAL,,,1,La première guerre de l’Opium,Jouable au jour.
EVT-0695,Traité de Nankin mettant fin à la première guerre de l’Opium,5,1,TRUE,DAY,DAY,EXACT,,,1,Traité de Nankin,Jouable au jour.
EVT-0696,Observation de Neptune confirmant sa découverte,5,1,TRUE,DAY,DAY,EXACT,,,0,,Jouable au jour.
EVT-0697,Publication du Manifeste du Parti communiste,5,1,TRUE,DAY,DAY,CONVENTIONAL,,,0,,Jouable au jour.
EVT-0698,Ouverture de la convention de Seneca Falls,5,1,TRUE,DAY,DAY,EXACT,,,0,,Jouable au jour.
EVT-0699,Arrivée de l’escadre du commodore Perry dans la baie d’Edo,5,1,TRUE,DAY,DAY,EXACT,,,0,,Jouable au jour.
EVT-0700,Publication de L’Origine des espèces de Charles Darwin,5,1,TRUE,DAY,DAY,EXACT,,,0,,Jouable au jour.
EVT-0701,Entrée en vigueur de l’abolition du servage dans l’Empire russe,5,1,TRUE,DAY,DAY,EXACT,,,0,,Jouable au jour.
EVT-0702,Début de la publication des Misérables de Victor Hugo,5,1,TRUE,MONTH,DAY,EXACT,,,1,La publication des Misérables de Victor Hugo,Jouable au mois.
EVT-0703,Fondation du Comité international de la Croix-Rouge,5,1,TRUE,DAY,DAY,EXACT,,,0,,Jouable au jour.
EVT-0704,Publication des travaux de Gregor Mendel sur l’hérédité,5,1,TRUE,YEAR,YEAR,EXACT,,,2,Expériences sur l’hybridation des plantes;Experiments on Plant Hybridization,Jouable au à l’année.
EVT-0705,Capitulation de Robert E. Lee à Appomattox,5,1,TRUE,DAY,DAY,EXACT,,,0,,Jouable au jour.
EVT-0706,Assassinat d’Abraham Lincoln,5,1,TRUE,DAY,DAY,EXACT,,,0,,Jouable au jour.
EVT-0707,Achèvement du câble télégraphique transatlantique durable,5,1,TRUE,DAY,DAY,EXACT,,,0,,Jouable au jour.
EVT-0708,Confédération canadienne,5,1,TRUE,DAY,DAY,EXACT,,,0,,Jouable au jour.
EVT-0709,Restauration de Meiji au Japon,5,1,TRUE,DAY,DAY,EXACT,,,0,,Jouable au jour.
EVT-0710,Présentation du tableau périodique de Mendeleïev,5,1,TRUE,DAY,DAY,CONVENTIONAL,,,0,,Jouable au jour.
EVT-0711,Achèvement du premier chemin de fer transcontinental américain,5,1,TRUE,DAY,DAY,EXACT,,,0,,Jouable au jour.
EVT-0712,Ouverture de la première exposition impressionniste,5,1,TRUE,DAY,DAY,EXACT,,,0,,Jouable au jour.
EVT-0713,Brevet du téléphone accordé à Alexander Graham Bell,5,1,TRUE,DAY,DAY,EXACT,,,0,,Jouable au jour.
EVT-0714,Ouverture du congrès de Berlin,5,1,TRUE,DAY,DAY,EXACT,,,0,,Jouable au jour.
EVT-0715,Mise au point d’une lampe à incandescence durable par Edison,5,1,FALSE,NOT_AUTOMATIC,MONTH,APPROXIMATE,,,2,Ampoule d’Edison;Lampe à incandescence d’Edison,Le mois est solide mais la date du 21 octobre souvent citée est contestée par les travaux historiques du NPS.
EVT-0716,Éruption cataclysmique du Krakatoa,5,1,TRUE,DAY,DAY,EXACT,,,0,,Jouable au jour.
EVT-0717,Première vaccination humaine contre la rage par Pasteur,5,1,TRUE,DAY,DAY,EXACT,,,0,,Jouable au jour.
EVT-0718,Brevet du véhicule automobile de Karl Benz,5,1,TRUE,DAY,DAY,EXACT,,,0,,Jouable au jour.
EVT-0719,Inauguration de la statue de la Liberté,5,1,TRUE,DAY,DAY,EXACT,,,0,,Jouable au jour.
EVT-0720,Peinture de La Nuit étoilée par Vincent van Gogh,5,1,TRUE,YEAR,YEAR,CONVENTIONAL,,,0,,Jouable au à l’année.
EVT-0721,Droit de vote accordé aux femmes en Nouvelle-Zélande,5,1,TRUE,DAY,DAY,EXACT,,,0,,Jouable au jour.
EVT-0722,Découverte des rayons X par Wilhelm Röntgen,5,1,TRUE,DAY,DAY,CONVENTIONAL,,,0,,Jouable au jour.
EVT-0723,Première projection publique payante des frères Lumière,5,1,TRUE,DAY,DAY,EXACT,,,0,,Jouable au jour.
EVT-0724,Ouverture des premiers Jeux olympiques modernes à Athènes,5,1,TRUE,DAY,DAY,EXACT,,,0,,Jouable au jour.
EVT-0725,Découverte de l’électron par J. J. Thomson,5,1,TRUE,YEAR,YEAR,CONVENTIONAL,,,0,,Jouable au à l’année.
EVT-0726,Début de la guerre hispano-américaine,5,1,TRUE,DAY,DAY,CONVENTIONAL,,,1,La guerre hispano-américaine,Jouable au jour.
EVT-0727,Présentation de l’hypothèse des quanta par Max Planck,5,1,TRUE,DAY,DAY,CONVENTIONAL,,,0,,Jouable au jour.
EVT-0728,Création du Royaume-Uni de Grande-Bretagne et d’Irlande,4,2,TRUE,DAY,DAY,EXACT,,,0,,Jouable au jour.
EVT-0729,Découverte de Cérès par Giuseppe Piazzi,4,2,TRUE,DAY,DAY,EXACT,,,0,,Jouable au jour.
EVT-0730,Dissolution du Saint-Empire romain germanique,4,2,TRUE,DAY,DAY,EXACT,,,0,,Jouable au jour.
EVT-0731,Soulèvement du Dos de Mayo à Madrid,4,2,TRUE,DAY,DAY,EXACT,,,0,,Jouable au jour.
EVT-0732,Début de la guerre anglo-américaine de 1812,4,2,TRUE,DAY,DAY,EXACT,,,1,La guerre anglo-américaine de 1812,Jouable au jour.
EVT-0733,Déclaration d’indépendance de l’Argentine,4,2,TRUE,DAY,DAY,EXACT,,,0,,Jouable au jour.
EVT-0734,Proclamation de l’indépendance du Chili,4,2,TRUE,DAY,DAY,EXACT,,,0,,Jouable au jour.
EVT-0735,Massacre de Peterloo à Manchester,4,2,TRUE,DAY,DAY,EXACT,,,0,,Jouable au jour.
EVT-0736,Compromis du Missouri,4,2,TRUE,DAY,DAY,EXACT,,,0,,Jouable au jour.
EVT-0737,Entrée de l’armée des Trois Garanties à Mexico et indépendance effective du Mexique,4,2,TRUE,DAY,DAY,EXACT,,,0,,Jouable au jour.
EVT-0738,Bataille navale de Navarin,4,2,TRUE,DAY,DAY,EXACT,,,0,,Jouable au jour.
EVT-0739,Catholic Relief Act au Royaume-Uni,4,2,TRUE,DAY,DAY,EXACT,,,0,,Jouable au jour.
EVT-0740,Départ du HMS Beagle avec Charles Darwin,4,2,TRUE,DAY,DAY,EXACT,,,0,,Jouable au jour.
EVT-0741,Victoria devient reine du Royaume-Uni,4,2,TRUE,DAY,DAY,EXACT,,,0,,Jouable au jour.
EVT-0742,Signature du traité de Waitangi,4,2,TRUE,DAY,DAY,EXACT,,,0,,Jouable au jour.
EVT-0743,"Mise en vente du Penny Black, premier timbre-poste adhésif",4,2,TRUE,DAY,DAY,EXACT,,,0,,Jouable au jour.
EVT-0744,Abrogation des Corn Laws britanniques,4,2,TRUE,DAY,DAY,EXACT,,,0,,Jouable au jour.
EVT-0745,Proclamation d’indépendance du Liberia,4,2,TRUE,DAY,DAY,EXACT,,,0,,Jouable au jour.
EVT-0746,Découverte d’or à Sutter’s Mill et ruée vers l’or de Californie,4,2,TRUE,DAY,DAY,EXACT,,,0,,Jouable au jour.
EVT-0747,Ouverture de la Grande Exposition de Londres,4,2,TRUE,DAY,DAY,EXACT,,,0,,Jouable au jour.
EVT-0748,Convention de Kanagawa entre le Japon et les États-Unis,4,2,TRUE,DAY,DAY,EXACT,,,0,,Jouable au jour.
EVT-0749,Bataille de Solférino,4,2,TRUE,DAY,DAY,EXACT,,,0,,Jouable au jour.
EVT-0750,Forage du puits de Drake en Pennsylvanie,4,2,TRUE,DAY,DAY,CONVENTIONAL,,,0,,Jouable au jour.
EVT-0751,Départ de l’expédition des Mille de Garibaldi,4,2,TRUE,DAY,DAY,EXACT,,,0,,Jouable au jour.
EVT-0752,Homestead Act aux États-Unis,4,2,TRUE,DAY,DAY,EXACT,,,0,,Jouable au jour.
EVT-0753,Début de la guerre austro-prussienne,4,2,TRUE,DAY,DAY,EXACT,,,1,La guerre austro-prussienne,Jouable au jour.
EVT-0754,Achat de l’Alaska par les États-Unis,4,2,TRUE,DAY,DAY,EXACT,,,0,,Jouable au jour.
EVT-0755,Rome devient officiellement capitale du royaume d’Italie,4,2,TRUE,DAY,DAY,CONVENTIONAL,,,0,,Jouable au jour.
EVT-0756,Krach boursier de Vienne et début de la crise de 1873,4,2,TRUE,DAY,DAY,EXACT,,,0,,Jouable au jour.
EVT-0757,Bataille de Little Bighorn,4,2,TRUE,DAY,DAY,EXACT,,,0,,Jouable au jour.
EVT-0758,Victoria proclamée impératrice des Indes,4,2,TRUE,DAY,DAY,CONVENTIONAL,,,0,,Jouable au jour.
EVT-0759,Début du premier tournoi de Wimbledon,4,2,TRUE,DAY,DAY,EXACT,,,1,Premier tournoi de Wimbledon,Jouable au jour.
EVT-0760,Démonstration du phonographe d’Edison au Scientific American,4,2,TRUE,DAY,DAY,EXACT,,,1,Phonographe d’Edison,Jouable au jour.
EVT-0761,Assassinat du tsar Alexandre II,4,2,TRUE,DAY,DAY,CONVENTIONAL,,,0,,Jouable au jour.
EVT-0762,Traité du Bardo établissant le protectorat français en Tunisie,4,2,TRUE,DAY,DAY,EXACT,,,0,,Jouable au jour.
EVT-0763,"Formation de la Triple Alliance entre Allemagne, Autriche-Hongrie et Italie",4,2,TRUE,DAY,DAY,EXACT,,,0,,Jouable au jour.
EVT-0764,Occupation britannique de l’Égypte après la bataille de Tel el-Kebir,4,2,TRUE,DAY,DAY,CONVENTIONAL,,,0,,Jouable au jour.
EVT-0765,Proclamation officielle de l’État indépendant du Congo à Vivi,4,2,TRUE,DAY,DAY,EXACT,,,0,,Jouable au jour.
EVT-0766,Affaire de Haymarket à Chicago,4,2,TRUE,DAY,DAY,EXACT,,,0,,Jouable au jour.
EVT-0767,Expérience de Michelson-Morley,4,2,TRUE,YEAR,YEAR,EXACT,,,0,,Jouable au à l’année.
EVT-0768,Fondation de la Deuxième Internationale,4,2,TRUE,DAY,DAY,EXACT,,,0,,Jouable au jour.
EVT-0769,Adoption du Sherman Antitrust Act,4,2,TRUE,DAY,DAY,EXACT,,,0,,Jouable au jour.
EVT-0770,Massacre de Wounded Knee,4,2,TRUE,DAY,DAY,EXACT,,,0,,Jouable au jour.
EVT-0771,Publication de l’encyclique Rerum novarum,4,2,TRUE,DAY,DAY,EXACT,,,0,,Jouable au jour.
EVT-0772,Premier match de basket-ball organisé par James Naismith,4,2,TRUE,DAY,DAY,CONVENTIONAL,,,0,,Jouable au jour.
EVT-0773,Ouverture du centre d’immigration d’Ellis Island,4,2,TRUE,DAY,DAY,EXACT,,,0,,Jouable au jour.
EVT-0774,Version célèbre du Cri d’Edvard Munch,4,2,TRUE,YEAR,YEAR,CONVENTIONAL,,,0,,Jouable au à l’année.
EVT-0775,Ouverture de l’Exposition universelle de Chicago,4,2,TRUE,DAY,DAY,EXACT,,,0,,Jouable au jour.
EVT-0776,Première cérémonie des prix Nobel,5,1,TRUE,DAY,DAY,EXACT,,,0,,Jouable au jour.
EVT-0777,Premier vol motorisé contrôlé des frères Wright,5,1,TRUE,DAY,DAY,EXACT,,,0,,Jouable au jour.
EVT-0778,Début de la guerre russo-japonaise,5,1,TRUE,DAY,DAY,EXACT,,,1,La guerre russo-japonaise,Jouable au jour.
EVT-0779,Année miraculeuse d’Albert Einstein,5,1,TRUE,YEAR,YEAR,CONVENTIONAL,,,0,,Jouable au à l’année.
EVT-0780,Dimanche rouge à Saint-Pétersbourg,5,1,TRUE,DAY,DAY,CONVENTIONAL,,,0,,Jouable au jour.
EVT-0781,Séisme de San Francisco,5,1,TRUE,DAY,DAY,EXACT,,,1,Tremblement de terre de San Francisco,Jouable au jour.
EVT-0782,Début de la production de la Ford Model T,5,1,TRUE,DAY,DAY,CONVENTIONAL,,,1,La production de la Ford Model T,Jouable au jour.
EVT-0783,Début de la Révolution mexicaine,5,1,TRUE,DAY,DAY,EXACT,,,1,La Révolution mexicaine,Jouable au jour.
EVT-0784,Soulèvement de Wuchang et début de la révolution chinoise de 1911,5,1,TRUE,DAY,DAY,EXACT,,,0,,Jouable au jour.
EVT-0785,Roald Amundsen atteint le pôle Sud,5,1,TRUE,DAY,DAY,EXACT,,,0,,Jouable au jour.
EVT-0786,Proclamation de la République de Chine,5,1,TRUE,DAY,DAY,EXACT,,,0,,Jouable au jour.
EVT-0787,Naufrage du Titanic,5,1,TRUE,DAY,DAY,EXACT,,,0,,Jouable au jour.
EVT-0788,Première du Sacre du printemps de Stravinsky,5,1,TRUE,DAY,DAY,EXACT,,,0,,Jouable au jour.
EVT-0789,Naufrage du Lusitania,5,1,TRUE,DAY,DAY,EXACT,,,0,,Jouable au jour.
EVT-0790,Début de l’insurrection de Pâques à Dublin,5,1,TRUE,DAY,DAY,EXACT,,,1,L’insurrection de Pâques à Dublin,Jouable au jour.
EVT-0791,Déclaration Balfour,5,1,TRUE,DAY,DAY,EXACT,,,0,,Jouable au jour.
EVT-0792,Pandémie de grippe dite espagnole,5,1,TRUE,YEAR,YEAR,CONVENTIONAL,,,2,Grippe espagnole;Pandémie grippale de 1918,Jouable au à l’année.
EVT-0793,Présentation des Quatorze Points de Woodrow Wilson,5,1,TRUE,DAY,DAY,EXACT,,,0,,Jouable au jour.
EVT-0794,Abdication de Guillaume II et révolution allemande,5,1,TRUE,DAY,DAY,EXACT,,,0,,Jouable au jour.
EVT-0795,Rétablissement de l’indépendance de la Pologne,5,1,TRUE,DAY,DAY,CONVENTIONAL,,,0,,Jouable au jour.
EVT-0796,Ratification du XIXe amendement accordant le vote aux femmes aux États-Unis,5,1,TRUE,DAY,DAY,EXACT,,,0,,Jouable au jour.
EVT-0797,Ouverture du Ier congrès fondateur du Parti communiste chinois,5,1,TRUE,DAY,DAY,EXACT,,,3,PCC;Fondation du PCC;Ier congrès du PCC,Jouable au jour.
EVT-0798,Découverte de la tombe de Toutânkhamon,5,1,TRUE,DAY,DAY,CONVENTIONAL,,,0,,Jouable au jour.
EVT-0799,Création de l’Union soviétique,5,1,TRUE,DAY,DAY,EXACT,,,0,,Jouable au jour.
EVT-0800,Proclamation de la République de Turquie,5,1,TRUE,DAY,DAY,EXACT,,,0,,Jouable au jour.
EVT-0801,Mort de Lénine,5,1,TRUE,DAY,DAY,EXACT,,,1,Décès de Lénine,Jouable au jour.
EVT-0802,Charles Lindbergh achève le premier vol solo sans escale New York-Paris,5,1,TRUE,DAY,DAY,EXACT,,,0,,Jouable au jour.
EVT-0803,"Sortie de The Jazz Singer, jalon du cinéma parlant",5,1,TRUE,DAY,DAY,EXACT,,,0,,Jouable au jour.
EVT-0804,Découverte de la pénicilline par Alexander Fleming,5,1,TRUE,DAY,DAY,CONVENTIONAL,,,0,,Jouable au jour.
EVT-0805,Découverte de Pluton par Clyde Tombaugh,5,1,TRUE,DAY,DAY,EXACT,,,1,Découverte de Pluton,Jouable au jour.
EVT-0806,Début de la première Coupe du monde de football,5,1,TRUE,DAY,DAY,EXACT,,,1,La première Coupe du monde de football,Jouable au jour.
EVT-0807,Incident de Mukden et invasion japonaise de la Mandchourie,5,1,TRUE,DAY,DAY,EXACT,,,0,,Jouable au jour.
EVT-0808,Début de l’invasion italienne de l’Éthiopie,5,1,TRUE,DAY,DAY,EXACT,,,1,L’invasion italienne de l’Éthiopie,Jouable au jour.
EVT-0809,Début du massacre de Nankin,5,1,TRUE,DAY,DAY,EXACT,,,1,Massacre de Nankin,Jouable au jour.
EVT-0810,Anschluss de l’Autriche par l’Allemagne nazie,5,1,TRUE,DAY,DAY,EXACT,,,0,,Jouable au jour.
EVT-0811,Fin de la guerre civile espagnole,5,1,TRUE,DAY,DAY,EXACT,,,0,,Jouable au jour.
EVT-0812,Winston Churchill devient Premier ministre du Royaume-Uni,5,1,TRUE,DAY,DAY,EXACT,,,0,,Jouable au jour.
EVT-0813,Promulgation de la loi Prêt-Bail aux États-Unis,5,1,TRUE,DAY,DAY,EXACT,,,0,,Jouable au jour.
EVT-0814,Lancement officiel du projet Manhattan,5,1,TRUE,DAY,DAY,CONVENTIONAL,,,0,,Jouable au jour.
EVT-0815,Première réaction nucléaire en chaîne auto-entretenue à Chicago,5,1,TRUE,DAY,DAY,EXACT,,,0,,Jouable au jour.
EVT-0816,Début du soulèvement du ghetto de Varsovie,5,1,TRUE,DAY,DAY,EXACT,,,1,Soulèvement du ghetto de Varsovie,Jouable au jour.
EVT-0817,Chute de Mussolini après son arrestation,5,1,TRUE,DAY,DAY,EXACT,,,0,,Jouable au jour.
EVT-0818,Ouverture de la conférence de Bretton Woods,5,1,TRUE,DAY,DAY,EXACT,,,0,,Jouable au jour.
EVT-0819,Début de l’insurrection de Varsovie,5,1,TRUE,DAY,DAY,EXACT,,,1,L’insurrection de Varsovie,Jouable au jour.
EVT-0820,Ouverture de la conférence de San Francisco fondant l’ONU,5,1,TRUE,DAY,DAY,EXACT,,,0,,Jouable au jour.
EVT-0821,Ouverture de la conférence de Potsdam,5,1,TRUE,DAY,DAY,EXACT,,,0,,Jouable au jour.
EVT-0822,Proclamation de l’indépendance de l’Indonésie,5,1,TRUE,DAY,DAY,EXACT,,,0,,Jouable au jour.
EVT-0823,Proclamation de l’indépendance du Viêt Nam par Hô Chi Minh,5,1,TRUE,DAY,DAY,EXACT,,,0,,Jouable au jour.
EVT-0824,Fédération de l’Australie,4,2,TRUE,DAY,DAY,EXACT,,,0,,Jouable au jour.
EVT-0825,Mort de la reine Victoria,4,2,TRUE,DAY,DAY,EXACT,,,1,Décès de la reine Victoria,Jouable au jour.
EVT-0826,Éruption de la montagne Pelée détruisant Saint-Pierre,4,2,TRUE,DAY,DAY,EXACT,,,0,,Jouable au jour.
EVT-0827,Indépendance formelle de Cuba vis-à-vis des États-Unis,4,2,TRUE,DAY,DAY,EXACT,,,0,,Jouable au jour.
EVT-0828,Traité de Vereeniging mettant fin à la seconde guerre des Boers,4,2,TRUE,DAY,DAY,EXACT,,,1,Traité de Vereeniging,Jouable au jour.
EVT-0829,Départ du premier Tour de France cycliste,4,2,TRUE,DAY,DAY,EXACT,,,0,,Jouable au jour.
EVT-0830,Séparation du Panama de la Colombie,4,2,TRUE,DAY,DAY,EXACT,,,0,,Jouable au jour.
EVT-0831,Signature de l’Entente cordiale,4,2,TRUE,DAY,DAY,EXACT,,,0,,Jouable au jour.
EVT-0832,Séparation pacifique de la Norvège et de la Suède décidée par le Storting,4,2,TRUE,DAY,DAY,EXACT,,,0,,Jouable au jour.
EVT-0833,Traité de Portsmouth mettant fin à la guerre russo-japonaise,4,2,TRUE,DAY,DAY,EXACT,,,1,Traité de Portsmouth,Jouable au jour.
EVT-0834,Lancement du HMS Dreadnought,4,2,TRUE,DAY,DAY,EXACT,,,0,,Jouable au jour.
EVT-0835,Convention anglo-russe complétant la Triple Entente,4,2,TRUE,DAY,DAY,EXACT,,,0,,Jouable au jour.
EVT-0836,Événement de la Toungouska,4,2,TRUE,DAY,DAY,EXACT,,,0,,Jouable au jour.
EVT-0837,Fondation de la NAACP aux États-Unis,4,2,TRUE,DAY,DAY,EXACT,,,0,,Jouable au jour.
EVT-0838,Création de l’Union d’Afrique du Sud,4,2,TRUE,DAY,DAY,EXACT,,,0,,Jouable au jour.
EVT-0839,Début de la première guerre balkanique,4,2,TRUE,DAY,DAY,EXACT,,,1,La première guerre balkanique,Jouable au jour.
EVT-0840,Première chaîne d’assemblage automobile mobile de Ford,4,2,TRUE,DAY,DAY,EXACT,,,2,Chaîne de montage Ford;Moving assembly line,Jouable au jour.
EVT-0841,Création de la Réserve fédérale américaine,4,2,TRUE,DAY,DAY,EXACT,,,0,,Jouable au jour.
EVT-0842,Proclamation de la Tchécoslovaquie,4,2,TRUE,DAY,DAY,EXACT,,,0,,Jouable au jour.
EVT-0843,Massacre d’Amritsar,4,2,TRUE,DAY,DAY,EXACT,,,0,,Jouable au jour.
EVT-0844,Mouvement du 4-Mai en Chine,4,2,TRUE,DAY,DAY,EXACT,,,0,,Jouable au jour.
EVT-0845,Première réunion du Conseil de la Société des Nations,4,2,TRUE,DAY,DAY,EXACT,,,2,SDN;Première réunion du Conseil de la SDN,Jouable au jour.
EVT-0846,Début de la prohibition aux États-Unis,4,2,TRUE,DAY,DAY,EXACT,,,1,La prohibition aux États-Unis,Jouable au jour.
EVT-0847,Signature du traité anglo-irlandais,4,2,TRUE,DAY,DAY,EXACT,,,0,,Jouable au jour.
EVT-0848,Publication d’Ulysse de James Joyce,4,2,TRUE,DAY,DAY,EXACT,,,0,,Jouable au jour.
EVT-0849,Pic de l’hyperinflation allemande et introduction du Rentenmark,4,2,TRUE,DAY,DAY,CONVENTIONAL,,,0,,Jouable au jour.
EVT-0850,Ouverture des premiers Jeux olympiques d’hiver à Chamonix,4,2,TRUE,DAY,DAY,EXACT,,,0,,Jouable au jour.
EVT-0851,Publication du premier volume de Mein Kampf,4,2,TRUE,DAY,DAY,EXACT,,,0,,Jouable au jour.
EVT-0852,Début de la grève générale au Royaume-Uni,4,2,TRUE,DAY,DAY,EXACT,,,1,La grève générale au Royaume-Uni,Jouable au jour.
EVT-0853,Première de Steamboat Willie avec Mickey Mouse,4,2,TRUE,DAY,DAY,EXACT,,,0,,Jouable au jour.
EVT-0854,Signature des accords du Latran créant l’État de la Cité du Vatican,4,2,TRUE,DAY,DAY,EXACT,,,0,,Jouable au jour.
EVT-0855,Inauguration de l’Empire State Building,4,2,TRUE,DAY,DAY,EXACT,,,0,,Jouable au jour.
EVT-0856,Amelia Earhart achève un vol transatlantique solo,4,2,TRUE,DAY,DAY,EXACT,,,0,,Jouable au jour.
EVT-0857,Proclamation du royaume d’Arabie saoudite,4,2,TRUE,DAY,DAY,EXACT,,,0,,Jouable au jour.
EVT-0858,Fin de la prohibition aux États-Unis,4,2,TRUE,DAY,DAY,EXACT,,,0,,Jouable au jour.
EVT-0859,Début de la Longue Marche des communistes chinois,4,2,TRUE,DAY,DAY,EXACT,,,2,La Longue Marche des communistes chinois;Début de la Longue Marche,Jouable au jour.
EVT-0860,Promulgation du Social Security Act aux États-Unis,4,2,TRUE,DAY,DAY,EXACT,,,0,,Jouable au jour.
EVT-0861,Discours du « rideau de fer » de Winston Churchill à Fulton,5,1,TRUE,DAY,DAY,EXACT,,,0,,Jouable au jour.
EVT-0862,Indépendance du Pakistan,5,1,TRUE,DAY,DAY,EXACT,,,0,,Jouable au jour.
EVT-0863,Création de l’Organisation mondiale de la santé,5,1,TRUE,DAY,DAY,EXACT,,,1,OMS,Jouable au jour.
EVT-0864,Victoire électorale du Parti national en Afrique du Sud,5,1,TRUE,DAY,DAY,EXACT,,,0,,Jouable au jour.
EVT-0865,Adoption de la Déclaration universelle des droits de l’homme,5,1,TRUE,DAY,DAY,EXACT,,,0,,Jouable au jour.
EVT-0866,Signature des Conventions de Genève de 1949,5,1,TRUE,DAY,DAY,EXACT,,,0,,Jouable au jour.
EVT-0867,Signature de la Convention européenne des droits de l’homme,5,1,TRUE,DAY,DAY,EXACT,,,0,,Jouable au jour.
EVT-0868,Adoption de la Convention de Genève relative au statut des réfugiés,5,1,TRUE,DAY,DAY,EXACT,,,0,,Jouable au jour.
EVT-0869,Premier essai réussi d’une bombe thermonucléaire américaine,5,1,TRUE,DAY,DAY,EXACT,,,0,,Jouable au jour.
EVT-0870,Mort de Joseph Staline,5,1,TRUE,DAY,DAY,EXACT,,,1,Décès de Joseph Staline,Jouable au jour.
EVT-0871,Publication de la structure en double hélice de l’ADN par Watson et Crick,5,1,TRUE,DAY,DAY,EXACT,,,1,Publication de la structure en double hélice de l’ADN,Jouable au jour.
EVT-0872,Première ascension confirmée de l’Everest par Hillary et Norgay,5,1,TRUE,DAY,DAY,EXACT,,,0,,Jouable au jour.
EVT-0873,Armistice de Panmunjom mettant fin aux combats de la guerre de Corée,5,1,TRUE,DAY,DAY,EXACT,,,0,,Jouable au jour.
EVT-0874,Arrêt Brown v. Board of Education aux États-Unis,5,1,TRUE,DAY,DAY,EXACT,,,0,,Jouable au jour.
EVT-0875,Arrestation de Rosa Parks à Montgomery,5,1,TRUE,DAY,DAY,EXACT,,,0,,Jouable au jour.
EVT-0876,Discours secret de Nikita Khrouchtchev au XXe congrès du PCUS,5,1,TRUE,DAY,DAY,CONVENTIONAL,,,0,,Jouable au jour.
EVT-0877,Début de l’insurrection de Budapest,5,1,TRUE,DAY,DAY,EXACT,,,1,L’insurrection de Budapest,Jouable au jour.
EVT-0878,Indépendance du Ghana,5,1,TRUE,DAY,DAY,EXACT,,,0,,Jouable au jour.
EVT-0879,Signature du National Aeronautics and Space Act créant la NASA,5,1,TRUE,DAY,DAY,EXACT,,,2,Création de la NASA;National Aeronautics and Space Act,Jouable au jour.
EVT-0880,Massacre de Sharpeville,5,1,TRUE,DAY,DAY,EXACT,,,0,,Jouable au jour.
EVT-0881,Indépendance du Congo belge,5,1,TRUE,DAY,DAY,EXACT,,,0,,Jouable au jour.
EVT-0882,Ouverture du concile Vatican II,5,1,TRUE,DAY,DAY,EXACT,,,0,,Jouable au jour.
EVT-0883,Signature du traité d’interdiction partielle des essais nucléaires,5,1,TRUE,DAY,DAY,EXACT,,,0,,Jouable au jour.
EVT-0884,Marche sur Washington et discours « I Have a Dream »,5,1,TRUE,DAY,DAY,EXACT,,,0,,Jouable au jour.
EVT-0885,Promulgation du Civil Rights Act aux États-Unis,5,1,TRUE,DAY,DAY,EXACT,,,0,,Jouable au jour.
EVT-0886,Promulgation du Voting Rights Act aux États-Unis,5,1,TRUE,DAY,DAY,EXACT,,,0,,Jouable au jour.
EVT-0887,Indépendance de Singapour,5,1,TRUE,DAY,DAY,EXACT,,,1,Proclamation de l’indépendance de Singapour,Jouable au jour.
EVT-0888,Début officiel de la Révolution culturelle en Chine,5,1,TRUE,DAY,DAY,EXACT,,,0,,Jouable au jour.
EVT-0889,Début de la guerre des Six Jours,5,1,TRUE,DAY,DAY,EXACT,,,1,La guerre des Six Jours,Jouable au jour.
EVT-0890,Première transplantation cardiaque humaine réussie,5,1,TRUE,DAY,DAY,EXACT,,,0,,Jouable au jour.
EVT-0891,Début de l’offensive du Têt,5,1,TRUE,DAY,DAY,CONVENTIONAL,,,1,L’offensive du Têt,Jouable au jour.
EVT-0892,Assassinat de Martin Luther King Jr.,5,1,TRUE,DAY,DAY,EXACT,,,1,Mort de Martin Luther King Jr.,Jouable au jour.
EVT-0893,Premiers pas humains sur la Lune lors d’Apollo 11,5,1,TRUE,DAY,DAY,EXACT,,,3,Apollo 11;Premier pas sur la Lune;Premiers pas sur la Lune,Jouable au jour.
EVT-0894,Ouverture du festival de Woodstock,5,1,TRUE,DAY,DAY,EXACT,,,0,,Jouable au jour.
EVT-0895,Premier message transmis sur ARPANET,5,1,TRUE,DAY,DAY,EXACT,,,0,,Jouable au jour.
EVT-0896,Proclamation de l’indépendance du Bangladesh,5,1,TRUE,DAY,DAY,EXACT,,,0,,Jouable au jour.
EVT-0897,Suspension de la convertibilité du dollar en or par Richard Nixon,5,1,TRUE,DAY,DAY,EXACT,,,0,,Jouable au jour.
EVT-0898,La République populaire de Chine obtient le siège chinois à l’ONU,5,1,TRUE,DAY,DAY,EXACT,,,1,RPC,Jouable au jour.
EVT-0899,Annonce commerciale du microprocesseur Intel 4004,5,1,TRUE,DAY,DAY,CONVENTIONAL,,,1,Intel 4004,Jouable au jour.
EVT-0900,Visite de Richard Nixon en Chine,5,1,TRUE,DAY,DAY,EXACT,,,0,,Jouable au jour.
EVT-0901,Cambriolage du siège démocrate au Watergate,5,1,TRUE,DAY,DAY,EXACT,,,0,,Jouable au jour.
EVT-0902,Prise d’otages et massacre des Jeux olympiques de Munich,5,1,TRUE,DAY,DAY,EXACT,,,0,,Jouable au jour.
EVT-0903,Arrêt Roe v. Wade de la Cour suprême des États-Unis,5,1,TRUE,DAY,DAY,EXACT,,,0,,Jouable au jour.
EVT-0904,Début de la guerre du Kippour,5,1,TRUE,DAY,DAY,EXACT,,,1,La guerre du Kippour,Jouable au jour.
EVT-0905,Début de l’embargo pétrolier arabe contre plusieurs pays occidentaux,5,1,TRUE,DAY,DAY,CONVENTIONAL,,,1,L’embargo pétrolier arabe contre plusieurs pays occidentaux,Jouable au jour.
EVT-0906,Démission de Richard Nixon,5,1,TRUE,DAY,DAY,EXACT,,,0,,Jouable au jour.
EVT-0907,Fondation de Microsoft,5,1,TRUE,DAY,DAY,CONVENTIONAL,,,0,,Jouable au jour.
EVT-0908,Chute de Saïgon,5,1,TRUE,DAY,DAY,EXACT,,,0,,Jouable au jour.
EVT-0909,Fondation d’Apple Computer,5,1,TRUE,DAY,DAY,CONVENTIONAL,,,0,,Jouable au jour.
EVT-0910,Soulèvement de Soweto,5,1,TRUE,DAY,DAY,EXACT,,,0,,Jouable au jour.
EVT-0911,Sortie américaine du premier Star Wars,5,1,TRUE,DAY,DAY,EXACT,,,0,,Jouable au jour.
EVT-0912,Lancement de Voyager 1,5,1,TRUE,DAY,DAY,EXACT,,,0,,Jouable au jour.
EVT-0913,"Naissance de Louise Brown, premier bébé conçu par fécondation in vitro",5,1,TRUE,DAY,DAY,EXACT,,,0,,Jouable au jour.
EVT-0914,Signature des accords de Camp David,5,1,TRUE,DAY,DAY,EXACT,,,0,,Jouable au jour.
EVT-0915,Début de la guerre Iran-Irak,5,1,TRUE,DAY,DAY,EXACT,,,1,La guerre Iran-Irak,Jouable au jour.
EVT-0916,Premier vol de la navette spatiale américaine Columbia,5,1,TRUE,DAY,DAY,EXACT,,,0,,Jouable au jour.
EVT-0917,Présentation de l’IBM PC,5,1,TRUE,DAY,DAY,EXACT,,,0,,Jouable au jour.
EVT-0918,Début de la guerre des Malouines,5,1,TRUE,DAY,DAY,EXACT,,,1,La guerre des Malouines,Jouable au jour.
EVT-0919,Sortie de l’album Thriller de Michael Jackson,5,1,TRUE,DAY,DAY,EXACT,,,0,,Jouable au jour.
EVT-0920,Passage d’ARPANET au protocole TCP/IP,5,1,TRUE,DAY,DAY,EXACT,,,0,,Jouable au jour.
EVT-0921,Lancement commercial du Macintosh,5,1,TRUE,DAY,DAY,EXACT,,,0,,Jouable au jour.
EVT-0922,Catastrophe industrielle de Bhopal,5,1,TRUE,DAY,DAY,EXACT,,,0,,Jouable au jour.
EVT-0923,Mikhaïl Gorbatchev devient secrétaire général du PCUS,5,1,TRUE,DAY,DAY,EXACT,,,0,,Jouable au jour.
EVT-0924,Explosion de la navette Challenger,5,1,TRUE,DAY,DAY,EXACT,,,0,,Jouable au jour.
EVT-0925,Signature du traité INF entre les États-Unis et l’URSS,5,1,TRUE,DAY,DAY,EXACT,,,0,,Jouable au jour.
EVT-0926,Début de la Révolution de velours en Tchécoslovaquie,5,1,TRUE,DAY,DAY,EXACT,,,1,La Révolution de velours en Tchécoslovaquie,Jouable au jour.
EVT-0927,Début de la révolution roumaine,5,1,TRUE,DAY,DAY,EXACT,,,1,La révolution roumaine,Jouable au jour.
EVT-0928,Mise en service des premiers éléments du Web au CERN,5,1,FALSE,NOT_AUTOMATIC,YEAR,APPROXIMATE,,,3,Naissance du Web;World Wide Web;WWW,Les sources de Berners-Lee indiquent « fin 1990 » plutôt qu’un jour exact fiable.
EVT-0929,Début de l’opération Tempête du désert,5,1,TRUE,DAY,DAY,EXACT,,,1,L’opération Tempête du désert,Jouable au jour.
EVT-0930,Déclaration d’indépendance de l’Ukraine,5,1,TRUE,DAY,DAY,EXACT,,,0,,Jouable au jour.
EVT-0931,Reconnaissance internationale de la Bosnie-Herzégovine et début de la guerre de Bosnie,5,1,TRUE,DAY,DAY,CONVENTIONAL,,,0,,Jouable au jour.
EVT-0932,Signature des accords d’Oslo,5,1,TRUE,DAY,DAY,EXACT,,,0,,Jouable au jour.
EVT-0933,Nelson Mandela devient président de l’Afrique du Sud,5,1,TRUE,DAY,DAY,EXACT,,,0,,Jouable au jour.
EVT-0934,Création de l’Organisation mondiale du commerce,5,1,TRUE,DAY,DAY,EXACT,,,1,OMC,Jouable au jour.
EVT-0935,Début du massacre de Srebrenica,5,1,TRUE,DAY,DAY,EXACT,,,1,Massacre de Srebrenica,Jouable au jour.
EVT-0936,Signature des accords de Dayton à Paris,5,1,TRUE,DAY,DAY,EXACT,,,0,,Jouable au jour.
EVT-0937,"Naissance de Dolly, première brebis clonée à partir d’une cellule somatique adulte",5,1,TRUE,DAY,DAY,CONVENTIONAL,,,2,Dolly;Clonage de Dolly,Jouable au jour.
EVT-0938,Prise de Kaboul par les talibans,5,1,TRUE,DAY,DAY,EXACT,,,0,,Jouable au jour.
EVT-0939,Rétrocession de Hong Kong à la Chine,5,1,TRUE,DAY,DAY,EXACT,,,0,,Jouable au jour.
EVT-0940,Accord du Vendredi saint en Irlande du Nord,5,1,TRUE,DAY,DAY,EXACT,,,0,,Jouable au jour.
EVT-0941,Victoire de la France à la Coupe du monde de football,5,1,TRUE,DAY,DAY,EXACT,,,0,,Jouable au jour.
EVT-0942,Adoption du Statut de Rome de la Cour pénale internationale,5,1,TRUE,DAY,DAY,EXACT,,,1,CPI,Jouable au jour.
EVT-0943,Fondation de Google,5,1,TRUE,DAY,DAY,CONVENTIONAL,,,0,,Jouable au jour.
EVT-0944,Introduction de l’euro comme monnaie scripturale,5,1,TRUE,DAY,DAY,EXACT,,,0,,Jouable au jour.
EVT-0945,Début de l’intervention de l’OTAN au Kosovo,5,1,TRUE,DAY,DAY,EXACT,,,1,L’intervention de l’OTAN au Kosovo,Jouable au jour.
EVT-0946,Première session de l’Assemblée générale des Nations Unies,4,2,TRUE,DAY,DAY,EXACT,,,0,,Jouable au jour.
EVT-0947,Indépendance des Philippines vis-à-vis des États-Unis,4,2,TRUE,DAY,DAY,EXACT,,,0,,Jouable au jour.
EVT-0948,Signature du GATT,4,2,TRUE,DAY,DAY,EXACT,,,0,,Jouable au jour.
EVT-0949,Fondation du Conseil de l’Europe,4,2,TRUE,DAY,DAY,EXACT,,,0,,Jouable au jour.
EVT-0950,Signature du traité de paix de San Francisco avec le Japon,4,2,TRUE,DAY,DAY,EXACT,,,0,,Jouable au jour.
EVT-0951,Élisabeth II devient reine du Royaume-Uni,4,2,TRUE,DAY,DAY,EXACT,,,0,,Jouable au jour.
EVT-0952,Roger Bannister court le premier mile en moins de quatre minutes,4,2,TRUE,DAY,DAY,EXACT,,,0,,Jouable au jour.
EVT-0953,Lancement du Grand Bond en avant en Chine,4,2,TRUE,MONTH,MONTH,CONVENTIONAL,,,0,,Jouable au mois.
EVT-0954,Victoire du Brésil de Pelé à la Coupe du monde de football,4,2,TRUE,DAY,DAY,EXACT,,,0,,Jouable au jour.
EVT-0955,Signature du traité sur l’Antarctique,4,2,TRUE,DAY,DAY,EXACT,,,0,,Jouable au jour.
EVT-0956,Indépendance de Madagascar,4,2,TRUE,DAY,DAY,EXACT,,,1,Proclamation de l’indépendance de Madagascar,Jouable au jour.
EVT-0957,Fondation de l’OPEP à Bagdad,4,2,TRUE,DAY,DAY,EXACT,,,0,,Jouable au jour.
EVT-0958,Indépendance du Nigeria,4,2,TRUE,DAY,DAY,EXACT,,,0,,Jouable au jour.
EVT-0959,Investiture de John F. Kennedy,4,2,TRUE,DAY,DAY,EXACT,,,0,,Jouable au jour.
EVT-0960,Création de Medicare et Medicaid aux États-Unis,4,2,TRUE,DAY,DAY,EXACT,,,0,,Jouable au jour.
EVT-0961,Victoire de l’Angleterre à la Coupe du monde de football,4,2,TRUE,DAY,DAY,EXACT,,,0,,Jouable au jour.
EVT-0962,Fondation de l’ASEAN,4,2,TRUE,DAY,DAY,EXACT,,,0,,Jouable au jour.
EVT-0963,Séparation officielle des Beatles annoncée par Paul McCartney,4,2,TRUE,DAY,DAY,CONVENTIONAL,,,0,,Jouable au jour.
EVT-0964,Premier Jour de la Terre,4,2,TRUE,DAY,DAY,EXACT,,,0,,Jouable au jour.
EVT-0965,Le Brésil remporte sa troisième Coupe du monde de football,4,2,TRUE,DAY,DAY,EXACT,,,0,,Jouable au jour.
EVT-0966,Bobby Fischer devient champion du monde d’échecs,4,2,TRUE,DAY,DAY,EXACT,,,2,Fischer champion du monde;Match Fischer-Spassky 1972,Jouable au jour.
EVT-0967,Indépendance du Mozambique,4,2,TRUE,DAY,DAY,EXACT,,,0,,Jouable au jour.
EVT-0968,Indépendance de l’Angola,4,2,TRUE,DAY,DAY,EXACT,,,1,Proclamation de l’indépendance de l’Angola,Jouable au jour.
EVT-0969,Atterrissage de Viking 1 sur Mars,4,2,TRUE,DAY,DAY,EXACT,,,1,Viking 1 sur Mars,Jouable au jour.
EVT-0970,Mise en vente de l’Apple II,4,2,TRUE,DAY,DAY,EXACT,,,1,Apple II,Jouable au jour.
EVT-0971,Accident nucléaire de Three Mile Island,4,2,TRUE,DAY,DAY,EXACT,,,0,,Jouable au jour.
EVT-0972,Margaret Thatcher devient Première ministre du Royaume-Uni,4,2,TRUE,DAY,DAY,EXACT,,,0,,Jouable au jour.
EVT-0973,Indépendance du Zimbabwe,4,2,TRUE,DAY,DAY,EXACT,,,0,,Jouable au jour.
EVT-0974,Lancement de CNN,4,2,TRUE,DAY,DAY,EXACT,,,0,,Jouable au jour.
EVT-0975,Début de l’invasion israélienne du Liban,4,2,TRUE,DAY,DAY,EXACT,,,1,L’invasion israélienne du Liban,Jouable au jour.
EVT-0976,Commercialisation du disque compact au Japon,4,2,TRUE,DAY,DAY,CONVENTIONAL,,,0,,Jouable au jour.
EVT-0977,Annonce de l’Initiative de défense stratégique par Ronald Reagan,4,2,TRUE,DAY,DAY,EXACT,,,0,,Jouable au jour.
EVT-0978,Annonce de la première ébauche du génome humain,5,1,TRUE,DAY,DAY,EXACT,,,0,,Jouable au jour.
EVT-0979,Lancement de Wikipédia,5,1,TRUE,DAY,DAY,EXACT,,,0,,Jouable au jour.
EVT-0980,Attentats du 11 septembre aux États-Unis,5,1,TRUE,DAY,DAY,EXACT,,,0,,Jouable au jour.
EVT-0981,Début de l’intervention militaire américaine en Afghanistan,5,1,TRUE,DAY,DAY,EXACT,,,1,L’intervention militaire américaine en Afghanistan,Jouable au jour.
EVT-0982,Mise en circulation des billets et pièces en euro,5,1,TRUE,DAY,DAY,EXACT,,,0,,Jouable au jour.
EVT-0983,Entrée en fonction de la Cour pénale internationale,5,1,TRUE,DAY,DAY,EXACT,,,0,,Jouable au jour.
EVT-0984,Début de la guerre d’Irak,5,1,TRUE,DAY,DAY,EXACT,,,1,La guerre d’Irak,Jouable au jour.
EVT-0985,Annonce de l’achèvement du Projet génome humain,5,1,TRUE,DAY,DAY,EXACT,,,2,Projet génome humain;Human Genome Project,Jouable au jour.
EVT-0986,Fondation de Facebook,5,1,TRUE,DAY,DAY,CONVENTIONAL,,,0,,Jouable au jour.
EVT-0987,Grand élargissement de l’Union européenne à dix nouveaux États,5,1,TRUE,DAY,DAY,EXACT,,,1,UE,Jouable au jour.
EVT-0988,Séisme et tsunami de l’océan Indien,5,1,TRUE,DAY,DAY,EXACT,,,0,,Jouable au jour.
EVT-0989,Ouragan Katrina frappe la côte du golfe des États-Unis,5,1,TRUE,DAY,DAY,EXACT,,,0,,Jouable au jour.
EVT-0990,Présentation du premier iPhone par Steve Jobs,5,1,TRUE,DAY,DAY,EXACT,,,0,,Jouable au jour.
EVT-0991,Signature du traité de Lisbonne,5,1,TRUE,DAY,DAY,EXACT,,,0,,Jouable au jour.
EVT-0992,Faillite de Lehman Brothers,5,1,TRUE,DAY,DAY,EXACT,,,0,,Jouable au jour.
EVT-0993,Publication du livre blanc de Bitcoin,5,1,TRUE,DAY,DAY,EXACT,,,2,Livre blanc de Bitcoin;Bitcoin white paper,Jouable au jour.
EVT-0994,Élection de Barack Obama à la présidence des États-Unis,5,1,TRUE,DAY,DAY,EXACT,,,0,,Jouable au jour.
EVT-0995,Séisme dévastateur en Haïti,5,1,TRUE,DAY,DAY,EXACT,,,0,,Jouable au jour.
EVT-0996,Explosion de Deepwater Horizon,5,1,TRUE,DAY,DAY,EXACT,,,0,,Jouable au jour.
EVT-0997,"Immolation de Mohamed Bouazizi, déclencheur des révoltes tunisiennes",5,1,TRUE,DAY,DAY,EXACT,,,0,,Jouable au jour.
EVT-0998,Séisme et accident nucléaire de Fukushima,5,1,TRUE,DAY,DAY,EXACT,,,0,,Jouable au jour.
EVT-0999,Mort d’Oussama ben Laden lors d’une opération américaine,5,1,TRUE,DAY,DAY,CONVENTIONAL,,,0,,Jouable au jour.
EVT-1000,Indépendance du Soudan du Sud,5,1,TRUE,DAY,DAY,EXACT,,,0,,Jouable au jour.
EVT-1001,Annonce de la découverte d’une particule compatible avec le boson de Higgs,5,1,TRUE,DAY,DAY,EXACT,,,0,,Jouable au jour.
EVT-1002,Élection du pape François,5,1,TRUE,DAY,DAY,EXACT,,,0,,Jouable au jour.
EVT-1003,Début des révélations publiques d’Edward Snowden,5,1,TRUE,DAY,DAY,CONVENTIONAL,,,1,Révélations publiques d’Edward Snowden,Jouable au jour.
EVT-1004,Annexion de la Crimée par la Russie,5,1,TRUE,DAY,DAY,EXACT,,,0,,Jouable au jour.
EVT-1005,Proclamation d’un « califat » par l’organisation État islamique,5,1,TRUE,DAY,DAY,EXACT,,,0,,Jouable au jour.
EVT-1006,Accord de Vienne sur le programme nucléaire iranien,5,1,TRUE,DAY,DAY,EXACT,,,0,,Jouable au jour.
EVT-1007,Première détection directe d’ondes gravitationnelles par LIGO,5,1,TRUE,DAY,DAY,EXACT,,,0,,Jouable au jour.
EVT-1008,Attentats de Paris du 13 novembre,5,1,TRUE,DAY,DAY,EXACT,,,0,,Jouable au jour.
EVT-1009,Référendum britannique sur le Brexit,5,1,TRUE,DAY,DAY,EXACT,,,0,,Jouable au jour.
EVT-1010,Élection de Donald Trump à la présidence des États-Unis,5,1,TRUE,DAY,DAY,EXACT,,,0,,Jouable au jour.
EVT-1011,Entrée en application du RGPD dans l’Union européenne,5,1,TRUE,DAY,DAY,EXACT,,,0,,Jouable au jour.
EVT-1012,Victoire de la France à la Coupe du monde de football,5,1,TRUE,DAY,DAY,EXACT,,,0,,Jouable au jour.
EVT-1013,Publication de la première image d’un trou noir,5,1,TRUE,DAY,DAY,EXACT,,,1,Première image d’un trou noir,Jouable au jour.
EVT-1014,Incendie de la cathédrale Notre-Dame de Paris,5,1,TRUE,DAY,DAY,EXACT,,,0,,Jouable au jour.
EVT-1015,Signalement à l’OMS d’un groupe de pneumonies inconnues à Wuhan,5,1,TRUE,DAY,DAY,EXACT,,,0,,Jouable au jour.
EVT-1016,Retrait du Royaume-Uni de l’Union européenne,5,1,TRUE,DAY,DAY,EXACT,,,0,,Jouable au jour.
EVT-1017,L’OMS qualifie la Covid-19 de pandémie,5,1,TRUE,DAY,DAY,EXACT,,,2,Pandémie de Covid-19;Covid-19 déclarée pandémie,Jouable au jour.
EVT-1018,Mort de George Floyd à Minneapolis,5,1,TRUE,DAY,DAY,EXACT,,,1,Décès de George Floyd à Minneapolis,Jouable au jour.
EVT-1019,Première autorisation d’un vaccin à ARNm contre la Covid-19 au Royaume-Uni,5,1,TRUE,DAY,DAY,EXACT,,,0,,Jouable au jour.
EVT-1020,Assaut du Capitole des États-Unis,5,1,TRUE,DAY,DAY,EXACT,,,0,,Jouable au jour.
EVT-1021,Prise de Kaboul par les talibans,5,1,TRUE,DAY,DAY,EXACT,,,0,,Jouable au jour.
EVT-1022,Lancement du télescope spatial James-Webb,5,1,TRUE,DAY,DAY,EXACT,,,3,James-Webb;JWST;Télescope spatial James-Webb,Jouable au jour.
EVT-1023,Début de l’invasion à grande échelle de l’Ukraine par la Russie,5,1,TRUE,DAY,DAY,EXACT,,,1,L’invasion à grande échelle de l’Ukraine par la Russie,Jouable au jour.
EVT-1024,Lancement public de ChatGPT,5,1,TRUE,DAY,DAY,EXACT,,,2,Lancement de ChatGPT;Sortie publique de ChatGPT,Jouable au jour.
EVT-1025,Alunissage de Chandrayaan-3 près du pôle Sud lunaire,5,1,TRUE,DAY,DAY,EXACT,,,0,,Jouable au jour.
EVT-1026,Attaque du Hamas contre Israël et début de la guerre Israël-Hamas,5,1,TRUE,DAY,DAY,EXACT,,,0,,Jouable au jour.
EVT-1027,Adoption du règlement européen sur l’intelligence artificielle par le Parlement européen,5,1,TRUE,DAY,DAY,CONVENTIONAL,,,0,,Jouable au jour.
EVT-1028,Vladimir Poutine prend ses fonctions de président de la Russie,4,2,TRUE,DAY,DAY,EXACT,,,0,,Jouable au jour.
EVT-1029,Indépendance du Timor oriental,4,2,TRUE,DAY,DAY,EXACT,,,0,,Jouable au jour.
EVT-1030,Condamnation d’Alfred Dreyfus par un conseil de guerre,4,2,TRUE,DAY,DAY,EXACT,,,0,,Jouable au jour.
EVT-1031,Octroi du brevet britannique n° 12039 à Guglielmo Marconi pour la télégraphie sans fil,4,2,TRUE,DAY,DAY,EXACT,,,1,Brevet Marconi de 1897,Jouable au jour.
EVT-1032,Ouverture du premier congrès sioniste à Bâle,4,2,TRUE,DAY,DAY,EXACT,,,0,,Jouable au jour.
EVT-1033,Ouverture de la première conférence de La Haye,4,2,TRUE,DAY,DAY,EXACT,,,0,,Jouable au jour.
EVT-1034,Début de la seconde guerre des Boers,4,2,TRUE,DAY,DAY,EXACT,,,1,La seconde guerre des Boers,Jouable au jour.
EVT-1035,Publication de L’Interprétation du rêve de Sigmund Freud,4,2,TRUE,MONTH,DAY,EXACT,,,2,L’Interprétation du rêve;Die Traumdeutung,Jouable au mois.
EVT-1036,Ouverture des Jeux olympiques de Berlin,4,2,TRUE,DAY,DAY,EXACT,,,0,,Jouable au jour.
EVT-1037,Abdication d’Édouard VIII,4,2,TRUE,DAY,DAY,EXACT,,,0,,Jouable au jour.
EVT-1038,Catastrophe du dirigeable Hindenburg,4,2,TRUE,DAY,DAY,EXACT,,,0,,Jouable au jour.
EVT-1039,Découverte des charniers de Katyn par les Allemands annoncée publiquement,4,2,TRUE,DAY,DAY,CONVENTIONAL,,,0,,Jouable au jour.
EVT-1040,Publication de travaux établissant le rôle de l’ADN comme support de l’hérédité,4,2,TRUE,DAY,DAY,CONVENTIONAL,,,0,,Jouable au jour.
EVT-1041,Concert Live Aid,4,2,TRUE,DAY,DAY,EXACT,,,0,,Jouable au jour.
EVT-1042,Bataille de Megiddo sous Thoutmôsis III,3,4,TRUE,YEAR,YEAR,CONVENTIONAL,,,0,,Jouable à l’année.
EVT-1043,Début du règne d’Akhenaton et révolution religieuse d’Amarna,3,4,TRUE,YEAR,YEAR,CONVENTIONAL,,,0,,Jouable à l’année.
EVT-1044,Mort de Toutânkhamon,3,4,TRUE,YEAR,YEAR,CONVENTIONAL,,,0,,Jouable à l’année.
EVT-1045,Crise des Peuples de la mer à la fin de l’âge du bronze,3,4,TRUE,YEAR,YEAR,CONVENTIONAL,,,0,,Jouable à l’année.
EVT-1046,Fondation traditionnelle de Carthage,3,4,TRUE,YEAR,YEAR,CONVENTIONAL,,,0,,Jouable à l’année.
EVT-1047,Prise de Samarie par l’Empire assyrien,3,4,TRUE,YEAR,YEAR,CONVENTIONAL,,,0,,Jouable à l’année.
EVT-1048,Chute de Ninive et effondrement de l’Empire néo-assyrien,4,3,TRUE,YEAR,YEAR,CONVENTIONAL,,,0,,Jouable à l’année.
EVT-1049,Prise de Babylone par Cyrus le Grand,5,2,TRUE,YEAR,YEAR,CONVENTIONAL,,,0,,Jouable à l’année.
EVT-1050,Conquête de l’Égypte par Cambyse II,3,4,TRUE,YEAR,YEAR,CONVENTIONAL,,,0,,Jouable à l’année.
EVT-1051,Début de la révolte ionienne contre l’Empire perse,3,4,TRUE,YEAR,YEAR,CONVENTIONAL,,,0,,Jouable à l’année.
EVT-1052,Début de l’expédition de Sicile d’Athènes,3,4,TRUE,YEAR,YEAR,CONVENTIONAL,,,0,,Jouable à l’année.
EVT-1053,Procès et mort de Socrate,4,3,TRUE,YEAR,YEAR,CONVENTIONAL,,,0,,Jouable à l’année.
EVT-1054,Ptolémée Ier prend le titre de pharaon en Égypte,3,4,TRUE,YEAR,YEAR,CONVENTIONAL,,,0,,Jouable à l’année.
EVT-1055,Début de la guerre de Pyrrhus contre Rome,3,4,TRUE,YEAR,YEAR,CONVENTIONAL,,,0,,Jouable à l’année.
EVT-1056,Fin de la première guerre punique,3,4,TRUE,YEAR,YEAR,CONVENTIONAL,,,0,,Jouable à l’année.
EVT-1057,Début de la troisième guerre punique,3,4,TRUE,YEAR,YEAR,CONVENTIONAL,,,0,,Jouable à l’année.
EVT-1058,Mort de Tiberius Gracchus et crise politique romaine,3,4,TRUE,YEAR,YEAR,CONVENTIONAL,,,0,,Jouable à l’année.
EVT-1059,Début de la guerre sociale en Italie,3,4,TRUE,YEAR,YEAR,CONVENTIONAL,,,0,,Jouable à l’année.
EVT-1060,Conquête romaine de la Bretagne sous Claude,3,4,TRUE,YEAR,YEAR,CONVENTIONAL,,,0,,Jouable à l’année.
EVT-1061,Révolte de Boadicée contre Rome,3,4,TRUE,YEAR,YEAR,CONVENTIONAL,,,0,,Jouable à l’année.
EVT-1062,Début de la construction du mur d’Hadrien,3,4,TRUE,YEAR,YEAR,CONVENTIONAL,,,0,,Jouable à l’année.
EVT-1063,Début de la peste antonine,3,4,TRUE,YEAR,YEAR,CONVENTIONAL,,,0,,Jouable à l’année.
EVT-1064,Édit de Caracalla accordant largement la citoyenneté romaine,4,3,TRUE,YEAR,YEAR,CONVENTIONAL,,,0,,Jouable à l’année.
EVT-1065,Début de la persécution de Dèce contre les chrétiens,3,4,TRUE,YEAR,YEAR,CONVENTIONAL,,,0,,Jouable à l’année.
EVT-1066,Accord de Milan sur la liberté de culte dans l’Empire romain,4,3,TRUE,YEAR,YEAR,CONVENTIONAL,,,0,,Jouable à l’année.
EVT-1067,Constantinople devient capitale impériale de Constantin,5,2,TRUE,YEAR,YEAR,CONVENTIONAL,,,0,,Jouable à l’année.
EVT-1068,Bataille d’Andrinople et mort de Valens,4,3,TRUE,YEAR,YEAR,CONVENTIONAL,,,0,,Jouable à l’année.
EVT-1069,Publication du Code de Justinien,4,3,TRUE,YEAR,YEAR,CONVENTIONAL,,,0,,Jouable à l’année.
EVT-1070,Invasion lombarde de l’Italie,3,4,TRUE,YEAR,YEAR,CONVENTIONAL,,,0,,Jouable à l’année.
EVT-1071,Héraclius devient empereur byzantin,3,4,TRUE,YEAR,YEAR,CONVENTIONAL,,,0,,Jouable à l’année.
EVT-1072,Bataille de Poitiers entre Francs et Omeyyades,4,3,TRUE,YEAR,YEAR,CONVENTIONAL,,,0,,Jouable à l’année.
EVT-1073,Pépin le Bref devient roi des Francs,4,3,TRUE,YEAR,YEAR,CONVENTIONAL,,,0,,Jouable à l’année.
EVT-1074,Début traditionnel de la dynastie rurikide à Novgorod,3,4,TRUE,YEAR,YEAR,CONVENTIONAL,,,0,,Jouable à l’année.
EVT-1075,Bataille du Lechfeld contre les Magyars,3,4,TRUE,YEAR,YEAR,CONVENTIONAL,,,0,,Jouable à l’année.
EVT-1076,Hugues Capet devient roi des Francs,5,2,TRUE,YEAR,YEAR,CONVENTIONAL,,,0,,Jouable à l’année.
EVT-1077,Knut le Grand devient roi d’Angleterre,3,4,TRUE,YEAR,YEAR,CONVENTIONAL,,,0,,Jouable à l’année.
EVT-1078,Grand schisme entre les Églises d’Orient et d’Occident,5,2,TRUE,YEAR,YEAR,CONVENTIONAL,,,0,,Jouable à l’année.
EVT-1079,Début de la deuxième croisade,3,4,TRUE,YEAR,YEAR,CONVENTIONAL,,,0,,Jouable à l’année.
EVT-1080,Début de la croisade des Albigeois,3,4,TRUE,YEAR,YEAR,CONVENTIONAL,,,0,,Jouable à l’année.
EVT-1081,Début des conquêtes mongoles en Europe orientale,3,4,TRUE,YEAR,YEAR,CONVENTIONAL,,,0,,Jouable à l’année.
EVT-1082,Début conventionnel de la guerre de Cent Ans,5,2,TRUE,YEAR,YEAR,CONVENTIONAL,,,0,,Jouable à l’année.
EVT-1083,Bataille de Poitiers pendant la guerre de Cent Ans,4,3,TRUE,YEAR,YEAR,CONVENTIONAL,,,0,,Jouable à l’année.
EVT-1084,Début des grandes expéditions maritimes de Zheng He,4,3,TRUE,YEAR,YEAR,CONVENTIONAL,,,0,,Jouable à l’année.
EVT-1085,Début de la guerre des Deux-Roses,4,3,TRUE,YEAR,YEAR,CONVENTIONAL,,,0,,Jouable à l’année.
EVT-1086,Début des guerres d’Italie,4,3,TRUE,YEAR,YEAR,CONVENTIONAL,,,0,,Jouable à l’année.
EVT-1087,Ismaïl Ier fonde l’Empire safavide en Perse,4,3,TRUE,YEAR,YEAR,CONVENTIONAL,,,0,,Jouable à l’année.
EVT-1088,Bataille de Flodden entre Angleterre et Écosse,3,3,TRUE,YEAR,YEAR,CONVENTIONAL,,,0,,Jouable à l’année.
EVT-1089,Bataille de Mohács et effondrement du royaume médiéval de Hongrie,4,3,TRUE,YEAR,YEAR,CONVENTIONAL,,,0,,Jouable à l’année.
EVT-1090,Conquête de l’Empire inca par les Espagnols autour de Cajamarca,5,2,TRUE,YEAR,YEAR,CONVENTIONAL,,,0,,Jouable à l’année.
EVT-1091,Union ibérique sous Philippe II,3,3,TRUE,YEAR,YEAR,CONVENTIONAL,,,0,,Jouable à l’année.
EVT-1092,Conspiration des Poudres à Londres,4,3,TRUE,YEAR,YEAR,CONVENTIONAL,,,0,,Jouable à l’année.
EVT-1093,Arrivée du Mayflower à Plymouth,5,2,TRUE,YEAR,YEAR,CONVENTIONAL,,,0,,Jouable à l’année.
EVT-1094,Fondation de la colonie de Nouvelle-Néerlande,3,3,TRUE,YEAR,YEAR,CONVENTIONAL,,,0,,Jouable à l’année.
EVT-1095,Procès de Galilée par l’Inquisition,5,2,TRUE,YEAR,YEAR,CONVENTIONAL,,,0,,Jouable à l’année.
EVT-1096,Début de la guerre de Hollande,3,3,TRUE,DAY,DAY,EXACT,,,0,,Jouable au jour.
EVT-1097,Échec du second siège ottoman de Vienne,5,2,TRUE,YEAR,YEAR,CONVENTIONAL,,,0,,Jouable à l’année.
EVT-1098,Traité de Ryswick mettant fin à la guerre de la Ligue d’Augsbourg,3,3,TRUE,DAY,DAY,EXACT,,,0,,Jouable au jour.
EVT-1099,Éclatement de la bulle des mers du Sud,3,3,TRUE,YEAR,YEAR,CONVENTIONAL,,,0,,Jouable à l’année.
EVT-1100,Proclamation de l’Empire russe sous Pierre le Grand,4,3,TRUE,YEAR,YEAR,CONVENTIONAL,,,0,,Jouable à l’année.
EVT-1101,Invention de la navette volante par John Kay,3,3,TRUE,YEAR,YEAR,CONVENTIONAL,,,0,,Jouable à l’année.
EVT-1102,Début de la guerre de Succession d’Autriche,4,3,TRUE,YEAR,YEAR,CONVENTIONAL,,,0,,Jouable à l’année.
EVT-1103,Adoption du Stamp Act dans les colonies britanniques d’Amérique,4,3,TRUE,YEAR,YEAR,CONVENTIONAL,,,0,,Jouable à l’année.
EVT-1104,Victoire franco-américaine à Yorktown,5,2,TRUE,YEAR,YEAR,CONVENTIONAL,,,0,,Jouable à l’année.
EVT-1105,Traité de Paris reconnaissant l’indépendance des États-Unis,5,2,TRUE,YEAR,YEAR,CONVENTIONAL,,,0,,Jouable à l’année.
EVT-1106,Première élection présidentielle des États-Unis,3,3,TRUE,YEAR,YEAR,EXACT,,,1,Élection présidentielle américaine n°1,Jouable à l’année.
EVT-1107,Début de la révolution haïtienne,5,2,TRUE,YEAR,YEAR,CONVENTIONAL,,,0,,Jouable à l’année.
EVT-1108,2e élection présidentielle des États-Unis,3,3,TRUE,YEAR,YEAR,EXACT,,,1,Élection présidentielle américaine n°2,Jouable à l’année.
EVT-1109,"Accord du Buttonwood, origine de la Bourse de New York",3,3,TRUE,DAY,DAY,EXACT,,,0,,Jouable au jour.
EVT-1110,Première abolition de l’esclavage dans les colonies françaises,4,3,TRUE,YEAR,YEAR,CONVENTIONAL,,,0,,Jouable à l’année.
EVT-1111,Première vaccination antivariolique de Jenner,5,2,TRUE,YEAR,YEAR,CONVENTIONAL,,,0,,Jouable à l’année.
EVT-1112,3e élection présidentielle des États-Unis,3,3,TRUE,YEAR,YEAR,EXACT,,,1,Élection présidentielle américaine n°3,Jouable à l’année.
EVT-1113,Début de l’expédition d’Égypte de Bonaparte,4,3,TRUE,YEAR,YEAR,CONVENTIONAL,,,0,,Jouable à l’année.
EVT-1114,4e élection présidentielle des États-Unis,3,3,TRUE,YEAR,YEAR,EXACT,,,1,Élection présidentielle américaine n°4,Jouable à l’année.
EVT-1115,Création de la Bibliothèque du Congrès des États-Unis,3,3,TRUE,DAY,DAY,EXACT,,,0,,Jouable au jour.
EVT-1116,Acte d’Union entre la Grande-Bretagne et l’Irlande,4,3,TRUE,YEAR,YEAR,CONVENTIONAL,,,0,,Jouable à l’année.
EVT-1117,5e élection présidentielle des États-Unis,3,3,TRUE,YEAR,YEAR,EXACT,,,1,Élection présidentielle américaine n°5,Jouable à l’année.
EVT-1118,Début de la guerre d’indépendance espagnole,4,3,TRUE,YEAR,YEAR,CONVENTIONAL,,,0,,Jouable à l’année.
EVT-1119,6e élection présidentielle des États-Unis,2,4,TRUE,YEAR,YEAR,EXACT,,,1,Élection présidentielle américaine n°6,Jouable à l’année.
EVT-1120,Début des guerres d’indépendance hispano-américaines,5,2,TRUE,YEAR,YEAR,CONVENTIONAL,,,0,,Jouable à l’année.
EVT-1121,Campagne de Russie de Napoléon,5,2,TRUE,YEAR,YEAR,CONVENTIONAL,,,0,,Jouable à l’année.
EVT-1122,7e élection présidentielle des États-Unis,2,4,TRUE,YEAR,YEAR,EXACT,,,1,Élection présidentielle américaine n°7,Jouable à l’année.
EVT-1123,8e élection présidentielle des États-Unis,2,4,TRUE,YEAR,YEAR,EXACT,,,1,Élection présidentielle américaine n°8,Jouable à l’année.
EVT-1124,9e élection présidentielle des États-Unis,2,4,TRUE,YEAR,YEAR,EXACT,,,1,Élection présidentielle américaine n°9,Jouable à l’année.
EVT-1125,10e élection présidentielle des États-Unis,2,4,TRUE,YEAR,YEAR,EXACT,,,1,Élection présidentielle américaine n°10,Jouable à l’année.
EVT-1126,11e élection présidentielle des États-Unis,2,4,TRUE,YEAR,YEAR,EXACT,,,1,Élection présidentielle américaine n°11,Jouable à l’année.
EVT-1127,Émancipation des catholiques au Royaume-Uni,4,3,TRUE,YEAR,YEAR,CONVENTIONAL,,,0,,Jouable à l’année.
EVT-1128,Indépendance de la Belgique,5,2,TRUE,YEAR,YEAR,CONVENTIONAL,,,0,,Jouable à l’année.
EVT-1129,Insurrection polonaise de Novembre écrasée par la Russie,4,3,TRUE,YEAR,YEAR,CONVENTIONAL,,,0,,Jouable à l’année.
EVT-1130,Great Reform Act au Royaume-Uni,5,2,TRUE,YEAR,YEAR,CONVENTIONAL,,,0,,Jouable à l’année.
EVT-1131,12e élection présidentielle des États-Unis,2,4,TRUE,YEAR,YEAR,EXACT,,,1,Élection présidentielle américaine n°12,Jouable à l’année.
EVT-1132,Slavery Abolition Act dans l’Empire britannique,5,2,TRUE,YEAR,YEAR,CONVENTIONAL,,,0,,Jouable à l’année.
EVT-1133,13e élection présidentielle des États-Unis,2,4,TRUE,YEAR,YEAR,EXACT,,,1,Élection présidentielle américaine n°13,Jouable à l’année.
EVT-1134,Début du règne de la reine Victoria,5,2,TRUE,YEAR,YEAR,CONVENTIONAL,,,0,,Jouable à l’année.
EVT-1135,Arrivée du Great Western à New York après une traversée transatlantique à vapeur,3,3,TRUE,DAY,DAY,CONVENTIONAL,,,0,,Jouable au jour.
EVT-1136,Traité de Waitangi en Nouvelle-Zélande,4,3,TRUE,YEAR,YEAR,CONVENTIONAL,,,0,,Jouable à l’année.
EVT-1137,14e élection présidentielle des États-Unis,2,4,TRUE,YEAR,YEAR,EXACT,,,1,Élection présidentielle américaine n°14,Jouable à l’année.
EVT-1138,Publication de A Christmas Carol de Charles Dickens,3,3,TRUE,DAY,DAY,EXACT,,,0,,Jouable au jour.
EVT-1139,15e élection présidentielle des États-Unis,2,4,TRUE,YEAR,YEAR,EXACT,,,1,Élection présidentielle américaine n°15,Jouable à l’année.
EVT-1140,Début de la Grande Famine en Irlande,5,2,TRUE,YEAR,YEAR,CONVENTIONAL,,,0,,Jouable à l’année.
EVT-1141,Début de la guerre américano-mexicaine,4,3,TRUE,YEAR,YEAR,CONVENTIONAL,,,0,,Jouable à l’année.
EVT-1142,16e élection présidentielle des États-Unis,2,4,TRUE,YEAR,YEAR,EXACT,,,1,Élection présidentielle américaine n°16,Jouable à l’année.
EVT-1143,Fin de la ruée vers l’or de Californie comme phénomène déclencheur,3,3,TRUE,YEAR,YEAR,CONVENTIONAL,,,0,,Jouable à l’année.
EVT-1144,Compromis de 1850 aux États-Unis,4,3,TRUE,YEAR,YEAR,CONVENTIONAL,,,0,,Jouable à l’année.
EVT-1145,Publication de Moby-Dick aux États-Unis,3,3,TRUE,DAY,DAY,EXACT,,,0,,Jouable au jour.
EVT-1146,17e élection présidentielle des États-Unis,2,4,TRUE,YEAR,YEAR,EXACT,,,1,Élection présidentielle américaine n°17,Jouable à l’année.
EVT-1147,Début de la guerre de Crimée,5,2,TRUE,YEAR,YEAR,CONVENTIONAL,,,0,,Jouable à l’année.
EVT-1148,Charge de la brigade légère à Balaklava,3,3,TRUE,DAY,DAY,EXACT,,,0,,Jouable au jour.
EVT-1149,18e élection présidentielle des États-Unis,2,4,TRUE,YEAR,YEAR,EXACT,,,1,Élection présidentielle américaine n°18,Jouable à l’année.
EVT-1150,Révolte des Cipayes en Inde,5,2,TRUE,YEAR,YEAR,CONVENTIONAL,,,0,,Jouable à l’année.
EVT-1151,19e élection présidentielle des États-Unis,2,4,TRUE,YEAR,YEAR,EXACT,,,1,Élection présidentielle américaine n°19,Jouable à l’année.
EVT-1152,Début de la guerre de Sécession américaine,5,2,TRUE,YEAR,YEAR,CONVENTIONAL,,,0,,Jouable à l’année.
EVT-1153,Proclamation préliminaire d’émancipation par Abraham Lincoln,5,2,TRUE,YEAR,YEAR,CONVENTIONAL,,,0,,Jouable à l’année.
EVT-1154,20e élection présidentielle des États-Unis,2,4,TRUE,YEAR,YEAR,EXACT,,,1,Élection présidentielle américaine n°20,Jouable à l’année.
EVT-1155,Compromis austro-hongrois créant la Double Monarchie,4,3,TRUE,YEAR,YEAR,CONVENTIONAL,,,0,,Jouable à l’année.
EVT-1156,21e élection présidentielle des États-Unis,2,4,TRUE,YEAR,YEAR,EXACT,,,1,Élection présidentielle américaine n°21,Jouable à l’année.
EVT-1157,Grand incendie de Chicago,4,3,TRUE,YEAR,YEAR,CONVENTIONAL,,,0,,Jouable à l’année.
EVT-1158,22e élection présidentielle des États-Unis,2,4,TRUE,YEAR,YEAR,EXACT,,,1,Élection présidentielle américaine n°22,Jouable à l’année.
EVT-1159,Début de la Grande Dépression du XIXe siècle après le krach de Vienne,4,3,TRUE,YEAR,YEAR,CONVENTIONAL,,,0,,Jouable à l’année.
EVT-1160,Invention pratique du téléphone par Alexander Graham Bell,5,2,TRUE,YEAR,YEAR,CONVENTIONAL,,,0,,Jouable à l’année.
EVT-1161,23e élection présidentielle des États-Unis,2,4,TRUE,YEAR,YEAR,EXACT,,,1,Élection présidentielle américaine n°23,Jouable à l’année.
EVT-1162,Congrès de Berlin redessinant les Balkans,5,2,TRUE,YEAR,YEAR,CONVENTIONAL,,,0,,Jouable à l’année.
EVT-1163,2e édition des Championnats de Wimbledon,1,4,TRUE,YEAR,YEAR,EXACT,,,1,Wimbledon n°2,Jouable à l’année.
EVT-1164,Guerre anglo-zouloue,4,3,TRUE,YEAR,YEAR,CONVENTIONAL,,,0,,Jouable à l’année.
EVT-1165,24e élection présidentielle des États-Unis,2,4,TRUE,YEAR,YEAR,EXACT,,,1,Élection présidentielle américaine n°24,Jouable à l’année.
EVT-1166,4e édition des Championnats de Wimbledon,1,4,TRUE,YEAR,YEAR,EXACT,,,1,Wimbledon n°4,Jouable à l’année.
EVT-1167,5e édition des Championnats de Wimbledon,1,4,TRUE,YEAR,YEAR,EXACT,,,1,Wimbledon n°5,Jouable à l’année.
EVT-1168,7e édition des Championnats de Wimbledon,1,4,TRUE,YEAR,YEAR,EXACT,,,1,Wimbledon n°7,Jouable à l’année.
EVT-1169,25e élection présidentielle des États-Unis,2,4,TRUE,YEAR,YEAR,EXACT,,,1,Élection présidentielle américaine n°25,Jouable à l’année.
EVT-1170,8e édition des Championnats de Wimbledon,1,4,TRUE,YEAR,YEAR,EXACT,,,1,Wimbledon n°8,Jouable à l’année.
EVT-1171,Fin de la conférence de Berlin et partage colonial accéléré de l’Afrique,5,2,TRUE,YEAR,YEAR,CONVENTIONAL,,,0,,Jouable à l’année.
EVT-1172,Première vente de Coca-Cola à Atlanta,3,3,TRUE,DAY,DAY,CONVENTIONAL,,,0,,Jouable au jour.
EVT-1173,10e édition des Championnats de Wimbledon,1,4,TRUE,YEAR,YEAR,EXACT,,,1,Wimbledon n°10,Jouable à l’année.
EVT-1174,Publication de la langue internationale espéranto,3,3,TRUE,YEAR,YEAR,EXACT,,,0,,Jouable à l’année.
EVT-1175,Abolition de l’esclavage au Brésil par la Loi d’or,5,2,TRUE,YEAR,YEAR,CONVENTIONAL,,,0,,Jouable à l’année.
EVT-1176,26e élection présidentielle des États-Unis,2,4,TRUE,YEAR,YEAR,EXACT,,,1,Élection présidentielle américaine n°26,Jouable à l’année.
EVT-1177,Brevet de l’appareil photographique Kodak,3,3,TRUE,DAY,DAY,CONVENTIONAL,,,0,,Jouable au jour.
EVT-1178,12e édition des Championnats de Wimbledon,1,4,TRUE,YEAR,YEAR,EXACT,,,1,Wimbledon n°12,Jouable à l’année.
EVT-1179,13e édition des Championnats de Wimbledon,1,4,TRUE,YEAR,YEAR,EXACT,,,1,Wimbledon n°13,Jouable à l’année.
EVT-1180,Début de la construction du Transsibérien,4,3,TRUE,YEAR,YEAR,CONVENTIONAL,,,0,,Jouable à l’année.
EVT-1181,15e édition des Championnats de Wimbledon,1,4,TRUE,YEAR,YEAR,EXACT,,,1,Wimbledon n°15,Jouable à l’année.
EVT-1182,27e élection présidentielle des États-Unis,2,4,TRUE,YEAR,YEAR,EXACT,,,1,Élection présidentielle américaine n°27,Jouable à l’année.
EVT-1183,17e édition des Championnats de Wimbledon,1,4,TRUE,YEAR,YEAR,EXACT,,,1,Wimbledon n°17,Jouable à l’année.
EVT-1184,Début de la première guerre sino-japonaise,4,3,TRUE,YEAR,YEAR,CONVENTIONAL,,,0,,Jouable à l’année.
EVT-1185,18e édition des Championnats de Wimbledon,1,4,TRUE,YEAR,YEAR,EXACT,,,1,Wimbledon n°18,Jouable à l’année.
EVT-1186,Bataille d’Adoua et victoire éthiopienne sur l’Italie,5,2,TRUE,YEAR,YEAR,CONVENTIONAL,,,0,,Jouable à l’année.
EVT-1187,Couronnement de Nicolas II comme tsar de Russie,3,3,TRUE,YEAR,YEAR,CONVENTIONAL,,,0,,Jouable à l’année.
EVT-1188,28e élection présidentielle des États-Unis,2,4,TRUE,YEAR,YEAR,EXACT,,,1,Élection présidentielle américaine n°28,Jouable à l’année.
EVT-1189,20e édition des Championnats de Wimbledon,1,4,TRUE,YEAR,YEAR,EXACT,,,1,Wimbledon n°20,Jouable à l’année.
EVT-1190,Jubilé de diamant de la reine Victoria,3,3,TRUE,DAY,DAY,EXACT,,,0,,Jouable au jour.
EVT-1191,21e édition des Championnats de Wimbledon,1,4,TRUE,YEAR,YEAR,EXACT,,,1,Wimbledon n°21,Jouable à l’année.
EVT-1192,23e édition des Championnats de Wimbledon,1,4,TRUE,YEAR,YEAR,EXACT,,,1,Wimbledon n°23,Jouable à l’année.
EVT-1193,Jeux olympiques d’été de la IIe Olympiade à Paris,3,3,TRUE,YEAR,YEAR,EXACT,,,0,,Jouable à l’année.
EVT-1194,29e élection présidentielle des États-Unis,2,4,TRUE,YEAR,YEAR,EXACT,,,1,Élection présidentielle américaine n°29,Jouable à l’année.
EVT-1195,25e édition des Championnats de Wimbledon,1,4,TRUE,YEAR,YEAR,EXACT,,,1,Wimbledon n°25,Jouable à l’année.
EVT-1196,26e édition des Championnats de Wimbledon,1,4,TRUE,YEAR,YEAR,EXACT,,,1,Wimbledon n°26,Jouable à l’année.
EVT-1197,Jeux olympiques d’été de la IIIe Olympiade à Saint-Louis,3,3,TRUE,YEAR,YEAR,EXACT,,,1,JO d’été de Saint-Louis,Jouable à l’année.
EVT-1198,2e édition du Tour de France,1,4,TRUE,YEAR,YEAR,EXACT,,,1,Tour de France n°2,Jouable à l’année.
EVT-1199,30e élection présidentielle des États-Unis,2,4,TRUE,YEAR,YEAR,EXACT,,,1,Élection présidentielle américaine n°30,Jouable à l’année.
EVT-1200,28e édition des Championnats de Wimbledon,1,4,TRUE,YEAR,YEAR,EXACT,,,1,Wimbledon n°28,Jouable à l’année.
EVT-1201,3e édition du Tour de France,1,4,TRUE,YEAR,YEAR,EXACT,,,1,Tour de France n°3,Jouable à l’année.
EVT-1202,4e édition du Tour de France,1,4,TRUE,YEAR,YEAR,EXACT,,,1,Tour de France n°4,Jouable à l’année.
EVT-1203,30e édition des Championnats de Wimbledon,1,4,TRUE,YEAR,YEAR,EXACT,,,1,Wimbledon n°30,Jouable à l’année.
EVT-1204,31e édition des Championnats de Wimbledon,1,4,TRUE,YEAR,YEAR,EXACT,,,1,Wimbledon n°31,Jouable à l’année.
EVT-1205,Jeux olympiques d’été de la IVe Olympiade à Londres,3,3,TRUE,YEAR,YEAR,EXACT,,,0,,Jouable à l’année.
EVT-1206,6e édition du Tour de France,1,4,TRUE,YEAR,YEAR,EXACT,,,1,Tour de France n°6,Jouable à l’année.
EVT-1207,31e élection présidentielle des États-Unis,2,4,TRUE,YEAR,YEAR,EXACT,,,1,Élection présidentielle américaine n°31,Jouable à l’année.
EVT-1208,7e édition du Tour de France,1,4,TRUE,YEAR,YEAR,EXACT,,,1,Tour de France n°7,Jouable à l’année.
EVT-1209,Robert Peary affirme avoir atteint le pôle Nord,3,3,FALSE,NOT_AUTOMATIC,DAY,DISPUTED,,,0,,Datation approximative ou discutée : pas de question automatique.
EVT-1210,33e édition des Championnats de Wimbledon,1,4,TRUE,YEAR,YEAR,EXACT,,,1,Wimbledon n°33,Jouable à l’année.
EVT-1211,8e édition du Tour de France,1,4,TRUE,YEAR,YEAR,EXACT,,,1,Tour de France n°8,Jouable à l’année.
EVT-1212,34e édition des Championnats de Wimbledon,1,4,TRUE,YEAR,YEAR,EXACT,,,1,Wimbledon n°34,Jouable à l’année.
EVT-1213,9e édition du Tour de France,1,4,TRUE,YEAR,YEAR,EXACT,,,1,Tour de France n°9,Jouable à l’année.
EVT-1214,Jeux olympiques d’été de la Ve Olympiade à Stockholm,3,3,TRUE,YEAR,YEAR,EXACT,,,1,JO d’été de Stockholm,Jouable à l’année.
EVT-1215,32e élection présidentielle des États-Unis,2,4,TRUE,YEAR,YEAR,EXACT,,,1,Élection présidentielle américaine n°32,Jouable à l’année.
EVT-1216,36e édition des Championnats de Wimbledon,1,4,TRUE,YEAR,YEAR,EXACT,,,1,Wimbledon n°36,Jouable à l’année.
EVT-1217,11e édition du Tour de France,1,4,TRUE,YEAR,YEAR,EXACT,,,1,Tour de France n°11,Jouable à l’année.
EVT-1218,12e édition du Tour de France,1,4,TRUE,YEAR,YEAR,EXACT,,,1,Tour de France n°12,Jouable à l’année.
EVT-1219,38e édition des Championnats de Wimbledon,1,4,TRUE,YEAR,YEAR,EXACT,,,1,Wimbledon n°38,Jouable à l’année.
EVT-1220,33e élection présidentielle des États-Unis,2,4,TRUE,YEAR,YEAR,EXACT,,,1,Élection présidentielle américaine n°33,Jouable à l’année.
EVT-1221,13e édition du Tour de France,1,4,TRUE,YEAR,YEAR,EXACT,,,1,Tour de France n°13,Jouable à l’année.
EVT-1222,Premier vol transatlantique aller-retour du dirigeable R34 achevé,3,3,TRUE,DAY,DAY,CONVENTIONAL,,,0,,Jouable au jour.
EVT-1223,39e édition des Championnats de Wimbledon,1,4,TRUE,YEAR,YEAR,EXACT,,,1,Wimbledon n°39,Jouable à l’année.
EVT-1224,Jeux olympiques d’été de la VIIe Olympiade à Anvers,3,3,TRUE,YEAR,YEAR,EXACT,,,1,JO d’été de Anvers,Jouable à l’année.
EVT-1225,14e édition du Tour de France,1,4,TRUE,YEAR,YEAR,EXACT,,,1,Tour de France n°14,Jouable à l’année.
EVT-1226,34e élection présidentielle des États-Unis,2,4,TRUE,YEAR,YEAR,EXACT,,,1,Élection présidentielle américaine n°34,Jouable à l’année.
EVT-1227,41e édition des Championnats de Wimbledon,1,4,TRUE,YEAR,YEAR,EXACT,,,1,Wimbledon n°41,Jouable à l’année.
EVT-1228,16e édition du Tour de France,1,4,TRUE,YEAR,YEAR,EXACT,,,1,Tour de France n°16,Jouable à l’année.
EVT-1229,42e édition des Championnats de Wimbledon,1,4,TRUE,YEAR,YEAR,EXACT,,,1,Wimbledon n°42,Jouable à l’année.
EVT-1230,17e édition du Tour de France,1,4,TRUE,YEAR,YEAR,EXACT,,,1,Tour de France n°17,Jouable à l’année.
EVT-1231,Jeux olympiques d’été de la VIIIe Olympiade à Paris,3,3,TRUE,YEAR,YEAR,EXACT,,,0,,Jouable à l’année.
EVT-1232,18e édition du Tour de France,1,4,TRUE,YEAR,YEAR,EXACT,,,1,Tour de France n°18,Jouable à l’année.
EVT-1233,35e élection présidentielle des États-Unis,2,4,TRUE,YEAR,YEAR,EXACT,,,1,Élection présidentielle américaine n°35,Jouable à l’année.
EVT-1234,44e édition des Championnats de Wimbledon,1,4,TRUE,YEAR,YEAR,EXACT,,,1,Wimbledon n°44,Jouable à l’année.
EVT-1235,19e édition du Tour de France,1,4,TRUE,YEAR,YEAR,EXACT,,,1,Tour de France n°19,Jouable à l’année.
EVT-1236,Ouverture du procès Scopes sur l’enseignement de l’évolution,3,3,TRUE,DAY,DAY,EXACT,,,0,,Jouable au jour.
EVT-1237,Mise en service officielle de l’U.S. Route 66,3,3,TRUE,DAY,DAY,CONVENTIONAL,,,0,,Jouable au jour.
EVT-1238,46e édition des Championnats de Wimbledon,1,4,TRUE,YEAR,YEAR,EXACT,,,1,Wimbledon n°46,Jouable à l’année.
EVT-1239,21e édition du Tour de France,1,4,TRUE,YEAR,YEAR,EXACT,,,1,Tour de France n°21,Jouable à l’année.
EVT-1240,47e édition des Championnats de Wimbledon,1,4,TRUE,YEAR,YEAR,EXACT,,,1,Wimbledon n°47,Jouable à l’année.
EVT-1241,Jeux olympiques d’été de la IXe Olympiade à Amsterdam,3,3,TRUE,YEAR,YEAR,EXACT,,,1,JO d’été de Amsterdam,Jouable à l’année.
EVT-1242,22e édition du Tour de France,1,4,TRUE,YEAR,YEAR,EXACT,,,1,Tour de France n°22,Jouable à l’année.
EVT-1243,36e élection présidentielle des États-Unis,2,4,TRUE,YEAR,YEAR,EXACT,,,1,Élection présidentielle américaine n°36,Jouable à l’année.
EVT-1244,IIe Jeux olympiques d’hiver à Saint-Moritz,2,4,TRUE,YEAR,YEAR,EXACT,,,0,,Jouable à l’année.
EVT-1245,1re cérémonie des Oscars,2,4,TRUE,YEAR,YEAR,EXACT,,,1,1re Academy Awards,Jouable à l’année.
EVT-1246,23e édition du Tour de France,1,4,TRUE,YEAR,YEAR,EXACT,,,1,Tour de France n°23,Jouable à l’année.
EVT-1247,49e édition des Championnats de Wimbledon,1,4,TRUE,YEAR,YEAR,EXACT,,,1,Wimbledon n°49,Jouable à l’année.
EVT-1248,2e cérémonie des Oscars,1,4,TRUE,YEAR,YEAR,EXACT,,,1,2e Academy Awards,Jouable à l’année.
EVT-1249,24e édition du Tour de France,1,4,TRUE,YEAR,YEAR,EXACT,,,1,Tour de France n°24,Jouable à l’année.
EVT-1250,3e cérémonie des Oscars,1,4,TRUE,YEAR,YEAR,EXACT,,,1,3e Academy Awards,Jouable à l’année.
EVT-1251,25e édition du Tour de France,1,4,TRUE,YEAR,YEAR,EXACT,,,1,Tour de France n°25,Jouable à l’année.
EVT-1252,51e édition des Championnats de Wimbledon,1,4,TRUE,YEAR,YEAR,EXACT,,,1,Wimbledon n°51,Jouable à l’année.
EVT-1253,4e cérémonie des Oscars,1,4,TRUE,YEAR,YEAR,EXACT,,,1,4e Academy Awards,Jouable à l’année.
EVT-1254,Jeux olympiques d’été de la Xe Olympiade à Los Angeles,3,3,TRUE,YEAR,YEAR,EXACT,,,0,,Jouable à l’année.
EVT-1255,37e élection présidentielle des États-Unis,2,4,TRUE,YEAR,YEAR,EXACT,,,1,Élection présidentielle américaine n°37,Jouable à l’année.
EVT-1256,52e édition des Championnats de Wimbledon,1,4,TRUE,YEAR,YEAR,EXACT,,,1,Wimbledon n°52,Jouable à l’année.
EVT-1257,IIIe Jeux olympiques d’hiver à Lake Placid,2,4,TRUE,YEAR,YEAR,EXACT,,,0,,Jouable à l’année.
EVT-1258,27e édition du Tour de France,1,4,TRUE,YEAR,YEAR,EXACT,,,1,Tour de France n°27,Jouable à l’année.
EVT-1259,IIe Coupe du monde de football organisée en Italie,3,3,TRUE,YEAR,YEAR,EXACT,,,0,,Jouable à l’année.
EVT-1260,6e cérémonie des Oscars,1,4,TRUE,YEAR,YEAR,EXACT,,,1,6e Academy Awards,Jouable à l’année.
EVT-1261,28e édition du Tour de France,1,4,TRUE,YEAR,YEAR,EXACT,,,1,Tour de France n°28,Jouable à l’année.
EVT-1262,54e édition des Championnats de Wimbledon,1,4,TRUE,YEAR,YEAR,EXACT,,,1,Wimbledon n°54,Jouable à l’année.
EVT-1263,7e cérémonie des Oscars,1,4,TRUE,YEAR,YEAR,EXACT,,,1,7e Academy Awards,Jouable à l’année.
EVT-1264,29e édition du Tour de France,1,4,TRUE,YEAR,YEAR,EXACT,,,1,Tour de France n°29,Jouable à l’année.
EVT-1265,55e édition des Championnats de Wimbledon,1,4,TRUE,YEAR,YEAR,EXACT,,,1,Wimbledon n°55,Jouable à l’année.
EVT-1266,8e cérémonie des Oscars,1,4,TRUE,YEAR,YEAR,EXACT,,,1,8e Academy Awards,Jouable à l’année.
EVT-1267,30e édition du Tour de France,1,4,TRUE,YEAR,YEAR,EXACT,,,1,Tour de France n°30,Jouable à l’année.
EVT-1268,38e élection présidentielle des États-Unis,2,4,TRUE,YEAR,YEAR,EXACT,,,1,Élection présidentielle américaine n°38,Jouable à l’année.
EVT-1269,IVe Jeux olympiques d’hiver à Garmisch-Partenkirchen,2,4,TRUE,YEAR,YEAR,EXACT,,,1,JO d’hiver de Garmisch-Partenkirchen,Jouable à l’année.
EVT-1270,9e cérémonie des Oscars,1,4,TRUE,YEAR,YEAR,EXACT,,,1,9e Academy Awards,Jouable à l’année.
EVT-1271,Disparition d’Amelia Earhart,3,3,TRUE,DAY,DAY,EXACT,,,0,,Jouable au jour.
EVT-1272,57e édition des Championnats de Wimbledon,1,4,TRUE,YEAR,YEAR,EXACT,,,1,Wimbledon n°57,Jouable à l’année.
EVT-1273,IIIe Coupe du monde de football organisée en France,3,3,TRUE,YEAR,YEAR,EXACT,,,0,,Jouable à l’année.
EVT-1274,10e cérémonie des Oscars,1,4,TRUE,YEAR,YEAR,EXACT,,,1,10e Academy Awards,Jouable à l’année.
EVT-1275,32e édition du Tour de France,1,4,TRUE,YEAR,YEAR,EXACT,,,1,Tour de France n°32,Jouable à l’année.
EVT-1276,11e cérémonie des Oscars,1,4,TRUE,YEAR,YEAR,EXACT,,,1,11e Academy Awards,Jouable à l’année.
EVT-1277,33e édition du Tour de France,1,4,TRUE,YEAR,YEAR,EXACT,,,1,Tour de France n°33,Jouable à l’année.
EVT-1278,59e édition des Championnats de Wimbledon,1,4,TRUE,YEAR,YEAR,EXACT,,,1,Wimbledon n°59,Jouable à l’année.
EVT-1279,12e cérémonie des Oscars,1,4,TRUE,YEAR,YEAR,EXACT,,,1,12e Academy Awards,Jouable à l’année.
EVT-1280,39e élection présidentielle des États-Unis,2,4,TRUE,YEAR,YEAR,EXACT,,,1,Élection présidentielle américaine n°39,Jouable à l’année.
EVT-1281,14e cérémonie des Oscars,1,4,TRUE,YEAR,YEAR,EXACT,,,1,14e Academy Awards,Jouable à l’année.
EVT-1282,15e cérémonie des Oscars,1,4,TRUE,YEAR,YEAR,EXACT,,,1,15e Academy Awards,Jouable à l’année.
EVT-1283,1re cérémonie des Golden Globes,2,4,TRUE,YEAR,YEAR,EXACT,,,1,Golden Globes n°1,Jouable à l’année.
EVT-1284,16e cérémonie des Oscars,1,4,TRUE,YEAR,YEAR,EXACT,,,1,16e Academy Awards,Jouable à l’année.
EVT-1285,40e élection présidentielle des États-Unis,2,4,TRUE,YEAR,YEAR,EXACT,,,1,Élection présidentielle américaine n°40,Jouable à l’année.
EVT-1286,17e cérémonie des Oscars,1,4,TRUE,YEAR,YEAR,EXACT,,,1,17e Academy Awards,Jouable à l’année.
EVT-1287,3e cérémonie des Golden Globes,1,4,TRUE,YEAR,YEAR,EXACT,,,1,Golden Globes n°3,Jouable à l’année.
EVT-1288,18e cérémonie des Oscars,1,4,TRUE,YEAR,YEAR,EXACT,,,1,18e Academy Awards,Jouable à l’année.
EVT-1289,60e édition des Championnats de Wimbledon,1,4,TRUE,YEAR,YEAR,EXACT,,,1,Wimbledon n°60,Jouable à l’année.
EVT-1290,4e cérémonie des Golden Globes,1,4,TRUE,YEAR,YEAR,EXACT,,,1,Golden Globes n°4,Jouable à l’année.
EVT-1291,19e cérémonie des Oscars,1,4,TRUE,YEAR,YEAR,EXACT,,,1,19e Academy Awards,Jouable à l’année.
EVT-1292,34e édition du Tour de France,1,4,TRUE,YEAR,YEAR,EXACT,,,1,Tour de France n°34,Jouable à l’année.
EVT-1293,5e cérémonie des Golden Globes,1,4,TRUE,YEAR,YEAR,EXACT,,,1,Golden Globes n°5,Jouable à l’année.
EVT-1294,20e cérémonie des Oscars,1,4,TRUE,YEAR,YEAR,EXACT,,,1,20e Academy Awards,Jouable à l’année.
EVT-1295,Jeux olympiques d’été de la XIVe Olympiade à Londres,2,4,TRUE,YEAR,YEAR,EXACT,,,0,,Jouable à l’année.
EVT-1296,35e édition du Tour de France,1,4,TRUE,YEAR,YEAR,EXACT,,,1,Tour de France n°35,Jouable à l’année.
EVT-1297,41e élection présidentielle des États-Unis,2,4,TRUE,YEAR,YEAR,EXACT,,,1,Élection présidentielle américaine n°41,Jouable à l’année.
EVT-1298,62e édition des Championnats de Wimbledon,1,4,TRUE,YEAR,YEAR,EXACT,,,1,Wimbledon n°62,Jouable à l’année.
EVT-1299,Ve Jeux olympiques d’hiver à Saint-Moritz,2,4,TRUE,YEAR,YEAR,EXACT,,,0,,Jouable à l’année.
EVT-1300,1re cérémonie des British Academy Film Awards,2,4,TRUE,YEAR,YEAR,EXACT,,,1,BAFTA Film Awards n°1,Jouable à l’année.
EVT-1301,2e cérémonie des British Academy Film Awards,1,4,TRUE,YEAR,YEAR,EXACT,,,1,BAFTA Film Awards n°2,Jouable à l’année.
EVT-1302,IVe Coupe du monde de football organisée en Brésil,3,3,TRUE,YEAR,YEAR,EXACT,,,0,,Jouable à l’année.
EVT-1303,Saison inaugurale du championnat du monde de Formule 1,2,4,TRUE,YEAR,YEAR,EXACT,,,1,Saison 1 de Formule 1,Jouable à l’année.
EVT-1304,7e cérémonie des Golden Globes,1,4,TRUE,YEAR,YEAR,EXACT,,,1,Golden Globes n°7,Jouable à l’année.
EVT-1305,22e cérémonie des Oscars,1,4,TRUE,YEAR,YEAR,EXACT,,,1,22e Academy Awards,Jouable à l’année.
EVT-1306,37e édition du Tour de France,1,4,TRUE,YEAR,YEAR,EXACT,,,1,Tour de France n°37,Jouable à l’année.
EVT-1307,64e édition des Championnats de Wimbledon,1,4,TRUE,YEAR,YEAR,EXACT,,,1,Wimbledon n°64,Jouable à l’année.
EVT-1308,1re édition de la Berlinale,2,4,TRUE,YEAR,YEAR,EXACT,,,1,Festival de Berlin n°1,Jouable à l’année.
EVT-1309,2e saison du championnat du monde de Formule 1,1,4,TRUE,YEAR,YEAR,EXACT,,,1,Saison 2 de Formule 1,Jouable à l’année.
EVT-1310,23e cérémonie des Oscars,1,4,TRUE,YEAR,YEAR,EXACT,,,1,23e Academy Awards,Jouable à l’année.
EVT-1311,38e édition du Tour de France,1,4,TRUE,YEAR,YEAR,EXACT,,,1,Tour de France n°38,Jouable à l’année.
EVT-1312,65e édition des Championnats de Wimbledon,1,4,TRUE,YEAR,YEAR,EXACT,,,1,Wimbledon n°65,Jouable à l’année.
EVT-1313,4e cérémonie des British Academy Film Awards,1,4,TRUE,YEAR,YEAR,EXACT,,,1,BAFTA Film Awards n°4,Jouable à l’année.
EVT-1314,2e édition de la Berlinale,1,4,TRUE,YEAR,YEAR,EXACT,,,1,Festival de Berlin n°2,Jouable à l’année.
EVT-1315,9e cérémonie des Golden Globes,1,4,TRUE,YEAR,YEAR,EXACT,,,1,Golden Globes n°9,Jouable à l’année.
EVT-1316,24e cérémonie des Oscars,1,4,TRUE,YEAR,YEAR,EXACT,,,1,24e Academy Awards,Jouable à l’année.
EVT-1317,Jeux olympiques d’été de la XVe Olympiade à Helsinki,2,4,TRUE,YEAR,YEAR,EXACT,,,1,JO d’été de Helsinki,Jouable à l’année.
EVT-1318,39e édition du Tour de France,1,4,TRUE,YEAR,YEAR,EXACT,,,1,Tour de France n°39,Jouable à l’année.
EVT-1319,42e élection présidentielle des États-Unis,2,4,TRUE,YEAR,YEAR,EXACT,,,1,Élection présidentielle américaine n°42,Jouable à l’année.
EVT-1320,VIe Jeux olympiques d’hiver à Oslo,2,4,TRUE,YEAR,YEAR,EXACT,,,1,JO d’hiver de Oslo,Jouable à l’année.
EVT-1321,5e cérémonie des British Academy Film Awards,1,4,TRUE,YEAR,YEAR,EXACT,,,1,BAFTA Film Awards n°5,Jouable à l’année.
EVT-1322,4e saison du championnat du monde de Formule 1,1,4,TRUE,YEAR,YEAR,EXACT,,,1,Saison 4 de Formule 1,Jouable à l’année.
EVT-1323,10e cérémonie des Golden Globes,1,4,TRUE,YEAR,YEAR,EXACT,,,1,Golden Globes n°10,Jouable à l’année.
EVT-1324,25e cérémonie des Oscars,1,4,TRUE,YEAR,YEAR,EXACT,,,1,25e Academy Awards,Jouable à l’année.
EVT-1325,40e édition du Tour de France,1,4,TRUE,YEAR,YEAR,EXACT,,,1,Tour de France n°40,Jouable à l’année.
EVT-1326,67e édition des Championnats de Wimbledon,1,4,TRUE,YEAR,YEAR,EXACT,,,1,Wimbledon n°67,Jouable à l’année.
EVT-1327,4e édition de la Berlinale,1,4,TRUE,YEAR,YEAR,EXACT,,,1,Festival de Berlin n°4,Jouable à l’année.
EVT-1328,Ve Coupe du monde de football organisée en Suisse,3,3,TRUE,YEAR,YEAR,EXACT,,,1,Coupe du monde de football en Suisse,Jouable à l’année.
EVT-1329,5e saison du championnat du monde de Formule 1,1,4,TRUE,YEAR,YEAR,EXACT,,,1,Saison 5 de Formule 1,Jouable à l’année.
EVT-1330,11e cérémonie des Golden Globes,1,4,TRUE,YEAR,YEAR,EXACT,,,1,Golden Globes n°11,Jouable à l’année.
EVT-1331,26e cérémonie des Oscars,1,4,TRUE,YEAR,YEAR,EXACT,,,1,26e Academy Awards,Jouable à l’année.
EVT-1332,68e édition des Championnats de Wimbledon,1,4,TRUE,YEAR,YEAR,EXACT,,,1,Wimbledon n°68,Jouable à l’année.
EVT-1333,7e cérémonie des British Academy Film Awards,1,4,TRUE,YEAR,YEAR,EXACT,,,1,BAFTA Film Awards n°7,Jouable à l’année.
EVT-1334,5e édition de la Berlinale,1,4,TRUE,YEAR,YEAR,EXACT,,,1,Festival de Berlin n°5,Jouable à l’année.
EVT-1335,6e saison du championnat du monde de Formule 1,1,4,TRUE,YEAR,YEAR,EXACT,,,1,Saison 6 de Formule 1,Jouable à l’année.
EVT-1336,27e cérémonie des Oscars,1,4,TRUE,YEAR,YEAR,EXACT,,,1,27e Academy Awards,Jouable à l’année.
EVT-1337,42e édition du Tour de France,1,4,TRUE,YEAR,YEAR,EXACT,,,1,Tour de France n°42,Jouable à l’année.
EVT-1338,Ouverture du parc Disneyland en Californie,3,3,TRUE,DAY,DAY,EXACT,,,0,,Jouable au jour.
EVT-1339,8e cérémonie des British Academy Film Awards,1,4,TRUE,YEAR,YEAR,EXACT,,,1,BAFTA Film Awards n°8,Jouable à l’année.
EVT-1340,6e édition de la Berlinale,1,4,TRUE,YEAR,YEAR,EXACT,,,1,Festival de Berlin n°6,Jouable à l’année.
EVT-1341,1er Concours Eurovision de la chanson,2,4,TRUE,YEAR,YEAR,EXACT,,,1,Eurovision n°1,Jouable à l’année.
EVT-1342,7e saison du championnat du monde de Formule 1,1,4,TRUE,YEAR,YEAR,EXACT,,,1,Saison 7 de Formule 1,Jouable à l’année.
EVT-1343,13e cérémonie des Golden Globes,1,4,TRUE,YEAR,YEAR,EXACT,,,1,Golden Globes n°13,Jouable à l’année.
EVT-1344,28e cérémonie des Oscars,1,4,TRUE,YEAR,YEAR,EXACT,,,1,28e Academy Awards,Jouable à l’année.
EVT-1345,Jeux olympiques d’été de la XVIe Olympiade à Melbourne,2,4,TRUE,YEAR,YEAR,EXACT,,,1,JO d’été de Melbourne,Jouable à l’année.
EVT-1346,43e édition du Tour de France,1,4,TRUE,YEAR,YEAR,EXACT,,,1,Tour de France n°43,Jouable à l’année.
EVT-1347,43e élection présidentielle des États-Unis,2,4,TRUE,YEAR,YEAR,EXACT,,,1,Élection présidentielle américaine n°43,Jouable à l’année.
EVT-1348,70e édition des Championnats de Wimbledon,1,4,TRUE,YEAR,YEAR,EXACT,,,1,Wimbledon n°70,Jouable à l’année.
EVT-1349,VIIe Jeux olympiques d’hiver à Cortina d’Ampezzo,2,4,TRUE,YEAR,YEAR,EXACT,,,1,JO d’hiver de Cortina d’Ampezzo,Jouable à l’année.
EVT-1350,9e cérémonie des British Academy Film Awards,1,4,TRUE,YEAR,YEAR,EXACT,,,1,BAFTA Film Awards n°9,Jouable à l’année.
EVT-1351,2e Concours Eurovision de la chanson,1,4,TRUE,YEAR,YEAR,EXACT,,,1,Eurovision n°2,Jouable à l’année.
EVT-1352,44e édition du Tour de France,1,4,TRUE,YEAR,YEAR,EXACT,,,1,Tour de France n°44,Jouable à l’année.
EVT-1353,8e édition de la Berlinale,1,4,TRUE,YEAR,YEAR,EXACT,,,1,Festival de Berlin n°8,Jouable à l’année.
EVT-1354,VIe Coupe du monde de football organisée en Suède,3,3,TRUE,YEAR,YEAR,EXACT,,,1,Coupe du monde de football en Suède,Jouable à l’année.
EVT-1355,9e saison du championnat du monde de Formule 1,1,4,TRUE,YEAR,YEAR,EXACT,,,1,Saison 9 de Formule 1,Jouable à l’année.
EVT-1356,15e cérémonie des Golden Globes,1,4,TRUE,YEAR,YEAR,EXACT,,,1,Golden Globes n°15,Jouable à l’année.
EVT-1357,30e cérémonie des Oscars,1,4,TRUE,YEAR,YEAR,EXACT,,,1,30e Academy Awards,Jouable à l’année.
EVT-1358,45e édition du Tour de France,1,4,TRUE,YEAR,YEAR,EXACT,,,1,Tour de France n°45,Jouable à l’année.
EVT-1359,72e édition des Championnats de Wimbledon,1,4,TRUE,YEAR,YEAR,EXACT,,,1,Wimbledon n°72,Jouable à l’année.
EVT-1360,11e cérémonie des British Academy Film Awards,1,4,TRUE,YEAR,YEAR,EXACT,,,1,BAFTA Film Awards n°11,Jouable à l’année.
EVT-1361,9e édition de la Berlinale,1,4,TRUE,YEAR,YEAR,EXACT,,,1,Festival de Berlin n°9,Jouable à l’année.
EVT-1362,4e Concours Eurovision de la chanson,1,4,TRUE,YEAR,YEAR,EXACT,,,1,Eurovision n°4,Jouable à l’année.
EVT-1363,10e saison du championnat du monde de Formule 1,1,4,TRUE,YEAR,YEAR,EXACT,,,1,Saison 10 de Formule 1,Jouable à l’année.
EVT-1364,16e cérémonie des Golden Globes,1,4,TRUE,YEAR,YEAR,EXACT,,,1,Golden Globes n°16,Jouable à l’année.
EVT-1365,1re cérémonie des Grammy Awards,2,4,TRUE,YEAR,YEAR,EXACT,,,1,Grammy Awards n°1,Jouable à l’année.
EVT-1366,31e cérémonie des Oscars,1,4,TRUE,YEAR,YEAR,EXACT,,,1,31e Academy Awards,Jouable à l’année.
EVT-1367,46e édition du Tour de France,1,4,TRUE,YEAR,YEAR,EXACT,,,1,Tour de France n°46,Jouable à l’année.
EVT-1368,73e édition des Championnats de Wimbledon,1,4,TRUE,YEAR,YEAR,EXACT,,,1,Wimbledon n°73,Jouable à l’année.
EVT-1369,12e cérémonie des British Academy Film Awards,1,4,TRUE,YEAR,YEAR,EXACT,,,1,BAFTA Film Awards n°12,Jouable à l’année.
EVT-1370,5e Concours Eurovision de la chanson,1,4,TRUE,YEAR,YEAR,EXACT,,,1,Eurovision n°5,Jouable à l’année.
EVT-1371,11e saison du championnat du monde de Formule 1,1,4,TRUE,YEAR,YEAR,EXACT,,,1,Saison 11 de Formule 1,Jouable à l’année.
EVT-1372,17e cérémonie des Golden Globes,1,4,TRUE,YEAR,YEAR,EXACT,,,1,Golden Globes n°17,Jouable à l’année.
EVT-1373,2e cérémonie des Grammy Awards,1,4,TRUE,YEAR,YEAR,EXACT,,,1,Grammy Awards n°2,Jouable à l’année.
EVT-1374,32e cérémonie des Oscars,1,4,TRUE,YEAR,YEAR,EXACT,,,1,32e Academy Awards,Jouable à l’année.
EVT-1375,Jeux olympiques d’été de la XVIIe Olympiade à Rome,2,4,TRUE,YEAR,YEAR,EXACT,,,1,JO d’été de Rome,Jouable à l’année.
EVT-1376,Ie Championnat d’Europe de football organisé en France,2,4,TRUE,YEAR,YEAR,EXACT,,,0,,Jouable à l’année.
EVT-1377,44e élection présidentielle des États-Unis,2,4,TRUE,YEAR,YEAR,EXACT,,,1,Élection présidentielle américaine n°44,Jouable à l’année.
EVT-1378,VIIIe Jeux olympiques d’hiver à Squaw Valley,2,4,TRUE,YEAR,YEAR,EXACT,,,1,JO d’hiver de Squaw Valley,Jouable à l’année.
EVT-1379,11e édition de la Berlinale,1,4,TRUE,YEAR,YEAR,EXACT,,,1,Festival de Berlin n°11,Jouable à l’année.
EVT-1380,6e Concours Eurovision de la chanson,1,4,TRUE,YEAR,YEAR,EXACT,,,1,Eurovision n°6,Jouable à l’année.
EVT-1381,12e saison du championnat du monde de Formule 1,1,4,TRUE,YEAR,YEAR,EXACT,,,1,Saison 12 de Formule 1,Jouable à l’année.
EVT-1382,3e cérémonie des Grammy Awards,1,4,TRUE,YEAR,YEAR,EXACT,,,1,Grammy Awards n°3,Jouable à l’année.
EVT-1383,33e cérémonie des Oscars,1,4,TRUE,YEAR,YEAR,EXACT,,,1,33e Academy Awards,Jouable à l’année.
EVT-1384,48e édition du Tour de France,1,4,TRUE,YEAR,YEAR,EXACT,,,1,Tour de France n°48,Jouable à l’année.
EVT-1385,75e édition des Championnats de Wimbledon,1,4,TRUE,YEAR,YEAR,EXACT,,,1,Wimbledon n°75,Jouable à l’année.
EVT-1386,14e cérémonie des British Academy Film Awards,1,4,TRUE,YEAR,YEAR,EXACT,,,1,BAFTA Film Awards n°14,Jouable à l’année.
EVT-1387,12e édition de la Berlinale,1,4,TRUE,YEAR,YEAR,EXACT,,,1,Festival de Berlin n°12,Jouable à l’année.
EVT-1388,7e Concours Eurovision de la chanson,1,4,TRUE,YEAR,YEAR,EXACT,,,1,Eurovision n°7,Jouable à l’année.
EVT-1389,VIIe Coupe du monde de football organisée en Chili,3,3,TRUE,YEAR,YEAR,EXACT,,,1,Coupe du monde de football en Chili,Jouable à l’année.
EVT-1390,19e cérémonie des Golden Globes,1,4,TRUE,YEAR,YEAR,EXACT,,,1,Golden Globes n°19,Jouable à l’année.
EVT-1391,34e cérémonie des Oscars,1,4,TRUE,YEAR,YEAR,EXACT,,,1,34e Academy Awards,Jouable à l’année.
EVT-1392,49e édition du Tour de France,1,4,TRUE,YEAR,YEAR,EXACT,,,1,Tour de France n°49,Jouable à l’année.
EVT-1393,76e édition des Championnats de Wimbledon,1,4,TRUE,YEAR,YEAR,EXACT,,,1,Wimbledon n°76,Jouable à l’année.
EVT-1394,15e cérémonie des British Academy Film Awards,1,4,TRUE,YEAR,YEAR,EXACT,,,1,BAFTA Film Awards n°15,Jouable à l’année.
EVT-1395,13e édition de la Berlinale,1,4,TRUE,YEAR,YEAR,EXACT,,,1,Festival de Berlin n°13,Jouable à l’année.
EVT-1396,14e saison du championnat du monde de Formule 1,1,4,TRUE,YEAR,YEAR,EXACT,,,1,Saison 14 de Formule 1,Jouable à l’année.
EVT-1397,5e cérémonie des Grammy Awards,1,4,TRUE,YEAR,YEAR,EXACT,,,1,Grammy Awards n°5,Jouable à l’année.
EVT-1398,35e cérémonie des Oscars,1,4,TRUE,YEAR,YEAR,EXACT,,,1,35e Academy Awards,Jouable à l’année.
EVT-1399,50e édition du Tour de France,2,4,TRUE,YEAR,YEAR,EXACT,,,1,Tour de France n°50,Jouable à l’année.
EVT-1400,16e cérémonie des British Academy Film Awards,1,4,TRUE,YEAR,YEAR,EXACT,,,1,BAFTA Film Awards n°16,Jouable à l’année.
EVT-1401,9e Concours Eurovision de la chanson,1,4,TRUE,YEAR,YEAR,EXACT,,,1,Eurovision n°9,Jouable à l’année.
EVT-1402,15e saison du championnat du monde de Formule 1,1,4,TRUE,YEAR,YEAR,EXACT,,,1,Saison 15 de Formule 1,Jouable à l’année.
EVT-1403,21e cérémonie des Golden Globes,1,4,TRUE,YEAR,YEAR,EXACT,,,1,Golden Globes n°21,Jouable à l’année.
EVT-1404,6e cérémonie des Grammy Awards,1,4,TRUE,YEAR,YEAR,EXACT,,,1,Grammy Awards n°6,Jouable à l’année.
EVT-1405,36e cérémonie des Oscars,1,4,TRUE,YEAR,YEAR,EXACT,,,1,36e Academy Awards,Jouable à l’année.
EVT-1406,51e édition du Tour de France,1,4,TRUE,YEAR,YEAR,EXACT,,,1,Tour de France n°51,Jouable à l’année.
EVT-1407,IIe Championnat d’Europe de football organisé en Espagne,2,4,TRUE,YEAR,YEAR,EXACT,,,1,Euro de football en Espagne,Jouable à l’année.
EVT-1408,45e élection présidentielle des États-Unis,2,4,TRUE,YEAR,YEAR,EXACT,,,1,Élection présidentielle américaine n°45,Jouable à l’année.
EVT-1409,Ouverture des Jeux olympiques de Tokyo,3,3,TRUE,DAY,DAY,EXACT,,,0,,Jouable au jour.
EVT-1410,78e édition des Championnats de Wimbledon,1,4,TRUE,YEAR,YEAR,EXACT,,,1,Wimbledon n°78,Jouable à l’année.
EVT-1411,IXe Jeux olympiques d’hiver à Innsbruck,2,4,TRUE,YEAR,YEAR,EXACT,,,0,,Jouable à l’année.
EVT-1412,15e édition de la Berlinale,1,4,TRUE,YEAR,YEAR,EXACT,,,1,Festival de Berlin n°15,Jouable à l’année.
EVT-1413,10e Concours Eurovision de la chanson,1,4,TRUE,YEAR,YEAR,EXACT,,,1,Eurovision n°10,Jouable à l’année.
EVT-1414,16e saison du championnat du monde de Formule 1,1,4,TRUE,YEAR,YEAR,EXACT,,,1,Saison 16 de Formule 1,Jouable à l’année.
EVT-1415,Élection présidentielle française remportée par Charles de Gaulle,3,3,TRUE,YEAR,YEAR,EXACT,,,1,Victoire présidentielle de Charles de Gaulle,Jouable à l’année.
EVT-1416,22e cérémonie des Golden Globes,1,4,TRUE,YEAR,YEAR,EXACT,,,1,Golden Globes n°22,Jouable à l’année.
EVT-1417,7e cérémonie des Grammy Awards,1,4,TRUE,YEAR,YEAR,EXACT,,,1,Grammy Awards n°7,Jouable à l’année.
EVT-1418,18e cérémonie des British Academy Film Awards,1,4,TRUE,YEAR,YEAR,EXACT,,,1,BAFTA Film Awards n°18,Jouable à l’année.
EVT-1419,16e édition de la Berlinale,1,4,TRUE,YEAR,YEAR,EXACT,,,1,Festival de Berlin n°16,Jouable à l’année.
EVT-1420,11e Concours Eurovision de la chanson,1,4,TRUE,YEAR,YEAR,EXACT,,,1,Eurovision n°11,Jouable à l’année.
EVT-1421,VIIIe Coupe du monde de football organisée en Angleterre,3,3,TRUE,YEAR,YEAR,EXACT,,,1,Coupe du monde de football en Angleterre,Jouable à l’année.
EVT-1422,23e cérémonie des Golden Globes,1,4,TRUE,YEAR,YEAR,EXACT,,,1,Golden Globes n°23,Jouable à l’année.
EVT-1423,8e cérémonie des Grammy Awards,1,4,TRUE,YEAR,YEAR,EXACT,,,1,Grammy Awards n°8,Jouable à l’année.
EVT-1424,38e cérémonie des Oscars,1,4,TRUE,YEAR,YEAR,EXACT,,,1,38e Academy Awards,Jouable à l’année.
EVT-1425,53e édition du Tour de France,1,4,TRUE,YEAR,YEAR,EXACT,,,1,Tour de France n°53,Jouable à l’année.
EVT-1426,80e édition des Championnats de Wimbledon,1,4,TRUE,YEAR,YEAR,EXACT,,,1,Wimbledon n°80,Jouable à l’année.
EVT-1427,19e cérémonie des British Academy Film Awards,1,4,TRUE,YEAR,YEAR,EXACT,,,1,BAFTA Film Awards n°19,Jouable à l’année.
EVT-1428,17e édition de la Berlinale,1,4,TRUE,YEAR,YEAR,EXACT,,,1,Festival de Berlin n°17,Jouable à l’année.
EVT-1429,12e Concours Eurovision de la chanson,1,4,TRUE,YEAR,YEAR,EXACT,,,1,Eurovision n°12,Jouable à l’année.
EVT-1430,18e saison du championnat du monde de Formule 1,1,4,TRUE,YEAR,YEAR,EXACT,,,1,Saison 18 de Formule 1,Jouable à l’année.
EVT-1431,39e cérémonie des Oscars,1,4,TRUE,YEAR,YEAR,EXACT,,,1,39e Academy Awards,Jouable à l’année.
EVT-1432,Super Bowl I,1,4,TRUE,YEAR,YEAR,EXACT,,,1,1e Super Bowl,Jouable à l’année.
EVT-1433,54e édition du Tour de France,1,4,TRUE,YEAR,YEAR,EXACT,,,1,Tour de France n°54,Jouable à l’année.
EVT-1434,81e édition des Championnats de Wimbledon,1,4,TRUE,YEAR,YEAR,EXACT,,,1,Wimbledon n°81,Jouable à l’année.
EVT-1435,19e saison du championnat du monde de Formule 1,1,4,TRUE,YEAR,YEAR,EXACT,,,1,Saison 19 de Formule 1,Jouable à l’année.
EVT-1436,25e cérémonie des Golden Globes,1,4,TRUE,YEAR,YEAR,EXACT,,,1,Golden Globes n°25,Jouable à l’année.
EVT-1437,10e cérémonie des Grammy Awards,1,4,TRUE,YEAR,YEAR,EXACT,,,1,Grammy Awards n°10,Jouable à l’année.
EVT-1438,40e cérémonie des Oscars,1,4,TRUE,YEAR,YEAR,EXACT,,,1,40e Academy Awards,Jouable à l’année.
EVT-1439,Jeux olympiques d’été de la XIXe Olympiade à Mexico,2,4,TRUE,YEAR,YEAR,EXACT,,,1,JO d’été de Mexico,Jouable à l’année.
EVT-1440,Super Bowl II,1,4,TRUE,YEAR,YEAR,EXACT,,,1,2e Super Bowl,Jouable à l’année.
EVT-1441,55e édition du Tour de France,1,4,TRUE,YEAR,YEAR,EXACT,,,1,Tour de France n°55,Jouable à l’année.
EVT-1442,IIIe Championnat d’Europe de football organisé en Italie,2,4,TRUE,YEAR,YEAR,EXACT,,,0,,Jouable à l’année.
EVT-1443,46e élection présidentielle des États-Unis,2,4,TRUE,YEAR,YEAR,EXACT,,,1,Élection présidentielle américaine n°46,Jouable à l’année.
EVT-1444,Dick Fosbury remporte l’or olympique au saut en hauteur avec sa technique révolutionnaire,3,3,TRUE,DAY,DAY,EXACT,,,0,,Jouable au jour.
EVT-1445,Xe Jeux olympiques d’hiver à Grenoble,2,4,TRUE,YEAR,YEAR,EXACT,,,1,JO d’hiver de Grenoble,Jouable à l’année.
EVT-1446,21e cérémonie des British Academy Film Awards,1,4,TRUE,YEAR,YEAR,EXACT,,,1,BAFTA Film Awards n°21,Jouable à l’année.
EVT-1447,19e édition de la Berlinale,1,4,TRUE,YEAR,YEAR,EXACT,,,1,Festival de Berlin n°19,Jouable à l’année.
EVT-1448,14e Concours Eurovision de la chanson,1,4,TRUE,YEAR,YEAR,EXACT,,,1,Eurovision n°14,Jouable à l’année.
EVT-1449,20e saison du championnat du monde de Formule 1,1,4,TRUE,YEAR,YEAR,EXACT,,,1,Saison 20 de Formule 1,Jouable à l’année.
EVT-1450,Élection présidentielle française remportée par Georges Pompidou,3,3,TRUE,YEAR,YEAR,EXACT,,,1,Victoire présidentielle de Georges Pompidou,Jouable à l’année.
EVT-1451,11e cérémonie des Grammy Awards,1,4,TRUE,YEAR,YEAR,EXACT,,,1,Grammy Awards n°11,Jouable à l’année.
EVT-1452,41e cérémonie des Oscars,1,4,TRUE,YEAR,YEAR,EXACT,,,1,41e Academy Awards,Jouable à l’année.
EVT-1453,56e édition du Tour de France,1,4,TRUE,YEAR,YEAR,EXACT,,,1,Tour de France n°56,Jouable à l’année.
EVT-1454,83e édition des Championnats de Wimbledon,1,4,TRUE,YEAR,YEAR,EXACT,,,1,Wimbledon n°83,Jouable à l’année.
EVT-1455,22e cérémonie des British Academy Film Awards,1,4,TRUE,YEAR,YEAR,EXACT,,,1,BAFTA Film Awards n°22,Jouable à l’année.
EVT-1456,20e édition de la Berlinale,1,4,TRUE,YEAR,YEAR,EXACT,,,1,Festival de Berlin n°20,Jouable à l’année.
EVT-1457,15e Concours Eurovision de la chanson,1,4,TRUE,YEAR,YEAR,EXACT,,,1,Eurovision n°15,Jouable à l’année.
EVT-1458,IXe Coupe du monde de football organisée en Mexique,3,3,TRUE,YEAR,YEAR,EXACT,,,0,,Jouable à l’année.
EVT-1459,21e saison du championnat du monde de Formule 1,1,4,TRUE,YEAR,YEAR,EXACT,,,1,Saison 21 de Formule 1,Jouable à l’année.
EVT-1460,27e cérémonie des Golden Globes,1,4,TRUE,YEAR,YEAR,EXACT,,,1,Golden Globes n°27,Jouable à l’année.
EVT-1461,12e cérémonie des Grammy Awards,1,4,TRUE,YEAR,YEAR,EXACT,,,1,Grammy Awards n°12,Jouable à l’année.
EVT-1462,42e cérémonie des Oscars,1,4,TRUE,YEAR,YEAR,EXACT,,,1,42e Academy Awards,Jouable à l’année.
EVT-1463,Super Bowl IV,1,4,TRUE,YEAR,YEAR,EXACT,,,1,4e Super Bowl,Jouable à l’année.
EVT-1464,16e Concours Eurovision de la chanson,1,4,TRUE,YEAR,YEAR,EXACT,,,1,Eurovision n°16,Jouable à l’année.
EVT-1465,28e cérémonie des Golden Globes,1,4,TRUE,YEAR,YEAR,EXACT,,,1,Golden Globes n°28,Jouable à l’année.
EVT-1466,13e cérémonie des Grammy Awards,1,4,TRUE,YEAR,YEAR,EXACT,,,1,Grammy Awards n°13,Jouable à l’année.
EVT-1467,43e cérémonie des Oscars,1,4,TRUE,YEAR,YEAR,EXACT,,,1,43e Academy Awards,Jouable à l’année.
EVT-1468,Super Bowl V,1,4,TRUE,YEAR,YEAR,EXACT,,,1,5e Super Bowl,Jouable à l’année.
EVT-1469,58e édition du Tour de France,1,4,TRUE,YEAR,YEAR,EXACT,,,1,Tour de France n°58,Jouable à l’année.
EVT-1470,85e édition des Championnats de Wimbledon,1,4,TRUE,YEAR,YEAR,EXACT,,,1,Wimbledon n°85,Jouable à l’année.
EVT-1471,24e cérémonie des British Academy Film Awards,1,4,TRUE,YEAR,YEAR,EXACT,,,1,BAFTA Film Awards n°24,Jouable à l’année.
EVT-1472,22e édition de la Berlinale,1,4,TRUE,YEAR,YEAR,EXACT,,,1,Festival de Berlin n°22,Jouable à l’année.
EVT-1473,17e Concours Eurovision de la chanson,1,4,TRUE,YEAR,YEAR,EXACT,,,1,Eurovision n°17,Jouable à l’année.
EVT-1474,23e saison du championnat du monde de Formule 1,1,4,TRUE,YEAR,YEAR,EXACT,,,1,Saison 23 de Formule 1,Jouable à l’année.
EVT-1475,29e cérémonie des Golden Globes,1,4,TRUE,YEAR,YEAR,EXACT,,,1,Golden Globes n°29,Jouable à l’année.
EVT-1476,14e cérémonie des Grammy Awards,1,4,TRUE,YEAR,YEAR,EXACT,,,1,Grammy Awards n°14,Jouable à l’année.
EVT-1477,44e cérémonie des Oscars,1,4,TRUE,YEAR,YEAR,EXACT,,,1,44e Academy Awards,Jouable à l’année.
EVT-1478,Jeux olympiques d’été de la XXe Olympiade à Munich,2,4,TRUE,YEAR,YEAR,EXACT,,,1,JO d’été de Munich,Jouable à l’année.
EVT-1479,59e édition du Tour de France,1,4,TRUE,YEAR,YEAR,EXACT,,,1,Tour de France n°59,Jouable à l’année.
EVT-1480,IVe Championnat d’Europe de football organisé en Belgique,2,4,TRUE,YEAR,YEAR,EXACT,,,1,Euro de football en Belgique,Jouable à l’année.
EVT-1481,47e élection présidentielle des États-Unis,2,4,TRUE,YEAR,YEAR,EXACT,,,1,Élection présidentielle américaine n°47,Jouable à l’année.
EVT-1482,86e édition des Championnats de Wimbledon,1,4,TRUE,YEAR,YEAR,EXACT,,,1,Wimbledon n°86,Jouable à l’année.
EVT-1483,XIe Jeux olympiques d’hiver à Sapporo,2,4,TRUE,YEAR,YEAR,EXACT,,,1,JO d’hiver de Sapporo,Jouable à l’année.
EVT-1484,25e cérémonie des British Academy Film Awards,1,4,TRUE,YEAR,YEAR,EXACT,,,1,BAFTA Film Awards n°25,Jouable à l’année.
EVT-1485,23e édition de la Berlinale,1,4,TRUE,YEAR,YEAR,EXACT,,,1,Festival de Berlin n°23,Jouable à l’année.
EVT-1486,24e saison du championnat du monde de Formule 1,1,4,TRUE,YEAR,YEAR,EXACT,,,1,Saison 24 de Formule 1,Jouable à l’année.
EVT-1487,Super Bowl VII,1,4,TRUE,YEAR,YEAR,EXACT,,,1,7e Super Bowl,Jouable à l’année.
EVT-1488,60e édition du Tour de France,1,4,TRUE,YEAR,YEAR,EXACT,,,1,Tour de France n°60,Jouable à l’année.
EVT-1489,26e cérémonie des British Academy Film Awards,1,4,TRUE,YEAR,YEAR,EXACT,,,1,BAFTA Film Awards n°26,Jouable à l’année.
EVT-1490,24e édition de la Berlinale,1,4,TRUE,YEAR,YEAR,EXACT,,,1,Festival de Berlin n°24,Jouable à l’année.
EVT-1491,19e Concours Eurovision de la chanson,1,4,TRUE,YEAR,YEAR,EXACT,,,1,Eurovision n°19,Jouable à l’année.
EVT-1492,Xe Coupe du monde de football organisée en Allemagne de l’Ouest,3,3,TRUE,YEAR,YEAR,EXACT,,,1,Coupe du monde de football en Allemagne de l’Ouest,Jouable à l’année.
EVT-1493,25e saison du championnat du monde de Formule 1,1,4,TRUE,YEAR,YEAR,EXACT,,,1,Saison 25 de Formule 1,Jouable à l’année.
EVT-1494,Élection présidentielle française remportée par Valéry Giscard d’Estaing,3,3,TRUE,YEAR,YEAR,EXACT,,,1,Victoire présidentielle de Valéry Giscard d’Estaing,Jouable à l’année.
EVT-1495,31e cérémonie des Golden Globes,1,4,TRUE,YEAR,YEAR,EXACT,,,1,Golden Globes n°31,Jouable à l’année.
EVT-1496,16e cérémonie des Grammy Awards,1,4,TRUE,YEAR,YEAR,EXACT,,,1,Grammy Awards n°16,Jouable à l’année.
EVT-1497,46e cérémonie des Oscars,1,4,TRUE,YEAR,YEAR,EXACT,,,1,46e Academy Awards,Jouable à l’année.
EVT-1498,Super Bowl VIII,1,4,TRUE,YEAR,YEAR,EXACT,,,1,8e Super Bowl,Jouable à l’année.
EVT-1499,61e édition du Tour de France,1,4,TRUE,YEAR,YEAR,EXACT,,,1,Tour de France n°61,Jouable à l’année.
EVT-1500,88e édition des Championnats de Wimbledon,1,4,TRUE,YEAR,YEAR,EXACT,,,1,Wimbledon n°88,Jouable à l’année.
EVT-1501,20e Concours Eurovision de la chanson,1,4,TRUE,YEAR,YEAR,EXACT,,,1,Eurovision n°20,Jouable à l’année.
EVT-1502,26e saison du championnat du monde de Formule 1,1,4,TRUE,YEAR,YEAR,EXACT,,,1,Saison 26 de Formule 1,Jouable à l’année.
EVT-1503,17e cérémonie des Grammy Awards,1,4,TRUE,YEAR,YEAR,EXACT,,,1,Grammy Awards n°17,Jouable à l’année.
EVT-1504,47e cérémonie des Oscars,1,4,TRUE,YEAR,YEAR,EXACT,,,1,47e Academy Awards,Jouable à l’année.
EVT-1505,89e édition des Championnats de Wimbledon,1,4,TRUE,YEAR,YEAR,EXACT,,,1,Wimbledon n°89,Jouable à l’année.
EVT-1506,28e cérémonie des British Academy Film Awards,1,4,TRUE,YEAR,YEAR,EXACT,,,1,BAFTA Film Awards n°28,Jouable à l’année.
EVT-1507,26e édition de la Berlinale,1,4,TRUE,YEAR,YEAR,EXACT,,,1,Festival de Berlin n°26,Jouable à l’année.
EVT-1508,1re cérémonie des César,2,4,TRUE,YEAR,YEAR,EXACT,,,1,César n°1,Jouable à l’année.
EVT-1509,21e Concours Eurovision de la chanson,1,4,TRUE,YEAR,YEAR,EXACT,,,1,Eurovision n°21,Jouable à l’année.
EVT-1510,33e cérémonie des Golden Globes,1,4,TRUE,YEAR,YEAR,EXACT,,,1,Golden Globes n°33,Jouable à l’année.
EVT-1511,18e cérémonie des Grammy Awards,1,4,TRUE,YEAR,YEAR,EXACT,,,1,Grammy Awards n°18,Jouable à l’année.
EVT-1512,48e cérémonie des Oscars,1,4,TRUE,YEAR,YEAR,EXACT,,,1,48e Academy Awards,Jouable à l’année.
EVT-1513,Jeux olympiques d’été de la XXIe Olympiade à Montréal,2,4,TRUE,YEAR,YEAR,EXACT,,,1,JO d’été de Montréal,Jouable à l’année.
EVT-1514,Super Bowl X,1,4,TRUE,YEAR,YEAR,EXACT,,,1,10e Super Bowl,Jouable à l’année.
EVT-1515,63e édition du Tour de France,1,4,TRUE,YEAR,YEAR,EXACT,,,1,Tour de France n°63,Jouable à l’année.
EVT-1516,Ve Championnat d’Europe de football organisé en Yougoslavie,2,4,TRUE,YEAR,YEAR,EXACT,,,1,Euro de football en Yougoslavie,Jouable à l’année.
EVT-1517,48e élection présidentielle des États-Unis,2,4,TRUE,YEAR,YEAR,EXACT,,,1,Élection présidentielle américaine n°48,Jouable à l’année.
EVT-1518,XIIe Jeux olympiques d’hiver à Innsbruck,2,4,TRUE,YEAR,YEAR,EXACT,,,0,,Jouable à l’année.
EVT-1519,29e cérémonie des British Academy Film Awards,1,4,TRUE,YEAR,YEAR,EXACT,,,1,BAFTA Film Awards n°29,Jouable à l’année.
EVT-1520,27e édition de la Berlinale,1,4,TRUE,YEAR,YEAR,EXACT,,,1,Festival de Berlin n°27,Jouable à l’année.
EVT-1521,2e cérémonie des César,1,4,TRUE,YEAR,YEAR,EXACT,,,1,César n°2,Jouable à l’année.
EVT-1522,22e Concours Eurovision de la chanson,1,4,TRUE,YEAR,YEAR,EXACT,,,1,Eurovision n°22,Jouable à l’année.
EVT-1523,28e saison du championnat du monde de Formule 1,1,4,TRUE,YEAR,YEAR,EXACT,,,1,Saison 28 de Formule 1,Jouable à l’année.
EVT-1524,34e cérémonie des Golden Globes,1,4,TRUE,YEAR,YEAR,EXACT,,,1,Golden Globes n°34,Jouable à l’année.
EVT-1525,19e cérémonie des Grammy Awards,1,4,TRUE,YEAR,YEAR,EXACT,,,1,Grammy Awards n°19,Jouable à l’année.
EVT-1526,49e cérémonie des Oscars,1,4,TRUE,YEAR,YEAR,EXACT,,,1,49e Academy Awards,Jouable à l’année.
EVT-1527,Super Bowl XI,1,4,TRUE,YEAR,YEAR,EXACT,,,1,11e Super Bowl,Jouable à l’année.
EVT-1528,64e édition du Tour de France,1,4,TRUE,YEAR,YEAR,EXACT,,,1,Tour de France n°64,Jouable à l’année.
EVT-1529,91e édition des Championnats de Wimbledon,1,4,TRUE,YEAR,YEAR,EXACT,,,1,Wimbledon n°91,Jouable à l’année.
EVT-1530,28e édition de la Berlinale,1,4,TRUE,YEAR,YEAR,EXACT,,,1,Festival de Berlin n°28,Jouable à l’année.
EVT-1531,XIe Coupe du monde de football organisée en Argentine,3,3,TRUE,YEAR,YEAR,EXACT,,,1,Coupe du monde de football en Argentine,Jouable à l’année.
EVT-1532,29e saison du championnat du monde de Formule 1,1,4,TRUE,YEAR,YEAR,EXACT,,,1,Saison 29 de Formule 1,Jouable à l’année.
EVT-1533,35e cérémonie des Golden Globes,1,4,TRUE,YEAR,YEAR,EXACT,,,1,Golden Globes n°35,Jouable à l’année.
EVT-1534,50e cérémonie des Oscars,2,4,TRUE,YEAR,YEAR,EXACT,,,1,50e Academy Awards,Jouable à l’année.
EVT-1535,65e édition du Tour de France,1,4,TRUE,YEAR,YEAR,EXACT,,,1,Tour de France n°65,Jouable à l’année.
EVT-1536,31e cérémonie des British Academy Film Awards,1,4,TRUE,YEAR,YEAR,EXACT,,,1,BAFTA Film Awards n°31,Jouable à l’année.
EVT-1537,4e cérémonie des César,1,4,TRUE,YEAR,YEAR,EXACT,,,1,César n°4,Jouable à l’année.
EVT-1538,24e Concours Eurovision de la chanson,1,4,TRUE,YEAR,YEAR,EXACT,,,1,Eurovision n°24,Jouable à l’année.
EVT-1539,30e saison du championnat du monde de Formule 1,1,4,TRUE,YEAR,YEAR,EXACT,,,1,Saison 30 de Formule 1,Jouable à l’année.
EVT-1540,21e cérémonie des Grammy Awards,1,4,TRUE,YEAR,YEAR,EXACT,,,1,Grammy Awards n°21,Jouable à l’année.
EVT-1541,51e cérémonie des Oscars,1,4,TRUE,YEAR,YEAR,EXACT,,,1,51e Academy Awards,Jouable à l’année.
EVT-1542,Super Bowl XIII,1,4,TRUE,YEAR,YEAR,EXACT,,,1,13e Super Bowl,Jouable à l’année.
EVT-1543,66e édition du Tour de France,1,4,TRUE,YEAR,YEAR,EXACT,,,1,Tour de France n°66,Jouable à l’année.
EVT-1544,93e édition des Championnats de Wimbledon,1,4,TRUE,YEAR,YEAR,EXACT,,,1,Wimbledon n°93,Jouable à l’année.
EVT-1545,32e cérémonie des British Academy Film Awards,1,4,TRUE,YEAR,YEAR,EXACT,,,1,BAFTA Film Awards n°32,Jouable à l’année.
EVT-1546,30e édition de la Berlinale,1,4,TRUE,YEAR,YEAR,EXACT,,,1,Festival de Berlin n°30,Jouable à l’année.
EVT-1547,5e cérémonie des César,1,4,TRUE,YEAR,YEAR,EXACT,,,1,César n°5,Jouable à l’année.
EVT-1548,25e Concours Eurovision de la chanson,1,4,TRUE,YEAR,YEAR,EXACT,,,1,Eurovision n°25,Jouable à l’année.
EVT-1549,37e cérémonie des Golden Globes,1,4,TRUE,YEAR,YEAR,EXACT,,,1,Golden Globes n°37,Jouable à l’année.
EVT-1550,22e cérémonie des Grammy Awards,1,4,TRUE,YEAR,YEAR,EXACT,,,1,Grammy Awards n°22,Jouable à l’année.
EVT-1551,52e cérémonie des Oscars,1,4,TRUE,YEAR,YEAR,EXACT,,,1,52e Academy Awards,Jouable à l’année.
EVT-1552,Jeux olympiques d’été de la XXIIe Olympiade à Moscou,2,4,TRUE,YEAR,YEAR,EXACT,,,1,JO d’été de Moscou,Jouable à l’année.
EVT-1553,Super Bowl XIV,1,4,TRUE,YEAR,YEAR,EXACT,,,1,14e Super Bowl,Jouable à l’année.
EVT-1554,VIe Championnat d’Europe de football organisé en Italie,2,4,TRUE,YEAR,YEAR,EXACT,,,0,,Jouable à l’année.
EVT-1555,49e élection présidentielle des États-Unis,2,4,TRUE,YEAR,YEAR,EXACT,,,1,Élection présidentielle américaine n°49,Jouable à l’année.
EVT-1556,94e édition des Championnats de Wimbledon,1,4,TRUE,YEAR,YEAR,EXACT,,,1,Wimbledon n°94,Jouable à l’année.
EVT-1557,XIIIe Jeux olympiques d’hiver à Lake Placid,2,4,TRUE,YEAR,YEAR,EXACT,,,0,,Jouable à l’année.
EVT-1558,33e cérémonie des British Academy Film Awards,1,4,TRUE,YEAR,YEAR,EXACT,,,1,BAFTA Film Awards n°33,Jouable à l’année.
EVT-1559,31e édition de la Berlinale,1,4,TRUE,YEAR,YEAR,EXACT,,,1,Festival de Berlin n°31,Jouable à l’année.
EVT-1560,6e cérémonie des César,1,4,TRUE,YEAR,YEAR,EXACT,,,1,César n°6,Jouable à l’année.
EVT-1561,26e Concours Eurovision de la chanson,1,4,TRUE,YEAR,YEAR,EXACT,,,1,Eurovision n°26,Jouable à l’année.
EVT-1562,32e saison du championnat du monde de Formule 1,1,4,TRUE,YEAR,YEAR,EXACT,,,1,Saison 32 de Formule 1,Jouable à l’année.
EVT-1563,23e cérémonie des Grammy Awards,1,4,TRUE,YEAR,YEAR,EXACT,,,1,Grammy Awards n°23,Jouable à l’année.
EVT-1564,68e édition du Tour de France,1,4,TRUE,YEAR,YEAR,EXACT,,,1,Tour de France n°68,Jouable à l’année.
EVT-1565,7e cérémonie des César,1,4,TRUE,YEAR,YEAR,EXACT,,,1,César n°7,Jouable à l’année.
EVT-1566,27e Concours Eurovision de la chanson,1,4,TRUE,YEAR,YEAR,EXACT,,,1,Eurovision n°27,Jouable à l’année.
EVT-1567,XIIe Coupe du monde de football organisée en Espagne,3,3,TRUE,YEAR,YEAR,EXACT,,,1,Coupe du monde de football en Espagne,Jouable à l’année.
EVT-1568,33e saison du championnat du monde de Formule 1,1,4,TRUE,YEAR,YEAR,EXACT,,,1,Saison 33 de Formule 1,Jouable à l’année.
EVT-1569,39e cérémonie des Golden Globes,1,4,TRUE,YEAR,YEAR,EXACT,,,1,Golden Globes n°39,Jouable à l’année.
EVT-1570,24e cérémonie des Grammy Awards,1,4,TRUE,YEAR,YEAR,EXACT,,,1,Grammy Awards n°24,Jouable à l’année.
EVT-1571,54e cérémonie des Oscars,1,4,TRUE,YEAR,YEAR,EXACT,,,1,54e Academy Awards,Jouable à l’année.
EVT-1572,Super Bowl XVI,1,4,TRUE,YEAR,YEAR,EXACT,,,1,16e Super Bowl,Jouable à l’année.
EVT-1573,69e édition du Tour de France,1,4,TRUE,YEAR,YEAR,EXACT,,,1,Tour de France n°69,Jouable à l’année.
EVT-1574,96e édition des Championnats de Wimbledon,1,4,TRUE,YEAR,YEAR,EXACT,,,1,Wimbledon n°96,Jouable à l’année.
EVT-1575,35e cérémonie des British Academy Film Awards,1,4,TRUE,YEAR,YEAR,EXACT,,,1,BAFTA Film Awards n°35,Jouable à l’année.
EVT-1576,33e édition de la Berlinale,1,4,TRUE,YEAR,YEAR,EXACT,,,1,Festival de Berlin n°33,Jouable à l’année.
EVT-1577,34e saison du championnat du monde de Formule 1,1,4,TRUE,YEAR,YEAR,EXACT,,,1,Saison 34 de Formule 1,Jouable à l’année.
EVT-1578,40e cérémonie des Golden Globes,1,4,TRUE,YEAR,YEAR,EXACT,,,1,Golden Globes n°40,Jouable à l’année.
EVT-1579,25e cérémonie des Grammy Awards,1,4,TRUE,YEAR,YEAR,EXACT,,,1,Grammy Awards n°25,Jouable à l’année.
EVT-1580,55e cérémonie des Oscars,1,4,TRUE,YEAR,YEAR,EXACT,,,1,55e Academy Awards,Jouable à l’année.
EVT-1581,Super Bowl XVII,1,4,TRUE,YEAR,YEAR,EXACT,,,1,17e Super Bowl,Jouable à l’année.
EVT-1582,70e édition du Tour de France,1,4,TRUE,YEAR,YEAR,EXACT,,,1,Tour de France n°70,Jouable à l’année.
EVT-1583,36e cérémonie des British Academy Film Awards,1,4,TRUE,YEAR,YEAR,EXACT,,,1,BAFTA Film Awards n°36,Jouable à l’année.
EVT-1584,34e édition de la Berlinale,1,4,TRUE,YEAR,YEAR,EXACT,,,1,Festival de Berlin n°34,Jouable à l’année.
EVT-1585,9e cérémonie des César,1,4,TRUE,YEAR,YEAR,EXACT,,,1,César n°9,Jouable à l’année.
EVT-1586,29e Concours Eurovision de la chanson,1,4,TRUE,YEAR,YEAR,EXACT,,,1,Eurovision n°29,Jouable à l’année.
EVT-1587,35e saison du championnat du monde de Formule 1,1,4,TRUE,YEAR,YEAR,EXACT,,,1,Saison 35 de Formule 1,Jouable à l’année.
EVT-1588,41e cérémonie des Golden Globes,1,4,TRUE,YEAR,YEAR,EXACT,,,1,Golden Globes n°41,Jouable à l’année.
EVT-1589,56e cérémonie des Oscars,1,4,TRUE,YEAR,YEAR,EXACT,,,1,56e Academy Awards,Jouable à l’année.
EVT-1590,Jeux olympiques d’été de la XXIIIe Olympiade à Los Angeles,2,4,TRUE,YEAR,YEAR,EXACT,,,0,,Jouable à l’année.
EVT-1591,71e édition du Tour de France,1,4,TRUE,YEAR,YEAR,EXACT,,,1,Tour de France n°71,Jouable à l’année.
EVT-1592,VIIe Championnat d’Europe de football organisé en France,2,4,TRUE,YEAR,YEAR,EXACT,,,0,,Jouable à l’année.
EVT-1593,50e élection présidentielle des États-Unis,2,4,TRUE,YEAR,YEAR,EXACT,,,1,Élection présidentielle américaine n°50,Jouable à l’année.
EVT-1594,98e édition des Championnats de Wimbledon,1,4,TRUE,YEAR,YEAR,EXACT,,,1,Wimbledon n°98,Jouable à l’année.
EVT-1595,XIVe Jeux olympiques d’hiver à Sarajevo,2,4,TRUE,YEAR,YEAR,EXACT,,,1,JO d’hiver de Sarajevo,Jouable à l’année.
EVT-1596,35e édition de la Berlinale,1,4,TRUE,YEAR,YEAR,EXACT,,,1,Festival de Berlin n°35,Jouable à l’année.
EVT-1597,10e cérémonie des César,1,4,TRUE,YEAR,YEAR,EXACT,,,1,César n°10,Jouable à l’année.
EVT-1598,30e Concours Eurovision de la chanson,1,4,TRUE,YEAR,YEAR,EXACT,,,1,Eurovision n°30,Jouable à l’année.
EVT-1599,27e cérémonie des Grammy Awards,1,4,TRUE,YEAR,YEAR,EXACT,,,1,Grammy Awards n°27,Jouable à l’année.
EVT-1600,57e cérémonie des Oscars,1,4,TRUE,YEAR,YEAR,EXACT,,,1,57e Academy Awards,Jouable à l’année.
EVT-1601,Super Bowl XIX,1,4,TRUE,YEAR,YEAR,EXACT,,,1,19e Super Bowl,Jouable à l’année.
EVT-1602,72e édition du Tour de France,1,4,TRUE,YEAR,YEAR,EXACT,,,1,Tour de France n°72,Jouable à l’année.
EVT-1603,99e édition des Championnats de Wimbledon,1,4,TRUE,YEAR,YEAR,EXACT,,,1,Wimbledon n°99,Jouable à l’année.
EVT-1604,38e cérémonie des British Academy Film Awards,1,4,TRUE,YEAR,YEAR,EXACT,,,1,BAFTA Film Awards n°38,Jouable à l’année.
EVT-1605,11e cérémonie des César,1,4,TRUE,YEAR,YEAR,EXACT,,,1,César n°11,Jouable à l’année.
EVT-1606,31e Concours Eurovision de la chanson,1,4,TRUE,YEAR,YEAR,EXACT,,,1,Eurovision n°31,Jouable à l’année.
EVT-1607,XIIIe Coupe du monde de football organisée en Mexique,3,3,TRUE,YEAR,YEAR,EXACT,,,0,,Jouable à l’année.
EVT-1608,37e saison du championnat du monde de Formule 1,1,4,TRUE,YEAR,YEAR,EXACT,,,1,Saison 37 de Formule 1,Jouable à l’année.
EVT-1609,43e cérémonie des Golden Globes,1,4,TRUE,YEAR,YEAR,EXACT,,,1,Golden Globes n°43,Jouable à l’année.
EVT-1610,28e cérémonie des Grammy Awards,1,4,TRUE,YEAR,YEAR,EXACT,,,1,Grammy Awards n°28,Jouable à l’année.
EVT-1611,58e cérémonie des Oscars,1,4,TRUE,YEAR,YEAR,EXACT,,,1,58e Academy Awards,Jouable à l’année.
EVT-1612,Super Bowl XX,1,4,TRUE,YEAR,YEAR,EXACT,,,1,20e Super Bowl,Jouable à l’année.
EVT-1613,Big Bang de la place financière de Londres,3,3,TRUE,DAY,DAY,EXACT,,,0,,Jouable au jour.
EVT-1614,Signature de l’Acte unique européen,4,3,TRUE,DAY,DAY,EXACT,,,0,,Jouable au jour.
EVT-1615,39e cérémonie des British Academy Film Awards,1,4,TRUE,YEAR,YEAR,EXACT,,,1,BAFTA Film Awards n°39,Jouable à l’année.
EVT-1616,37e édition de la Berlinale,1,4,TRUE,YEAR,YEAR,EXACT,,,1,Festival de Berlin n°37,Jouable à l’année.
EVT-1617,32e Concours Eurovision de la chanson,1,4,TRUE,YEAR,YEAR,EXACT,,,1,Eurovision n°32,Jouable à l’année.
EVT-1618,38e saison du championnat du monde de Formule 1,1,4,TRUE,YEAR,YEAR,EXACT,,,1,Saison 38 de Formule 1,Jouable à l’année.
EVT-1619,29e cérémonie des Grammy Awards,1,4,TRUE,YEAR,YEAR,EXACT,,,1,Grammy Awards n°29,Jouable à l’année.
EVT-1620,59e cérémonie des Oscars,1,4,TRUE,YEAR,YEAR,EXACT,,,1,59e Academy Awards,Jouable à l’année.
EVT-1621,Ie Coupe du monde de rugby organisée en Nouvelle-Zélande et Australie,2,4,TRUE,YEAR,YEAR,EXACT,,,1,Coupe du monde de rugby en Nouvelle-Zélande et Australie,Jouable à l’année.
EVT-1622,74e édition du Tour de France,1,4,TRUE,YEAR,YEAR,EXACT,,,1,Tour de France n°74,Jouable à l’année.
EVT-1623,Krach boursier du Black Monday,4,3,TRUE,DAY,DAY,EXACT,,,0,,Jouable au jour.
EVT-1624,101e édition des Championnats de Wimbledon,1,4,TRUE,YEAR,YEAR,EXACT,,,1,Wimbledon n°101,Jouable à l’année.
EVT-1625,40e cérémonie des British Academy Film Awards,1,4,TRUE,YEAR,YEAR,EXACT,,,1,BAFTA Film Awards n°40,Jouable à l’année.
EVT-1626,38e édition de la Berlinale,1,4,TRUE,YEAR,YEAR,EXACT,,,1,Festival de Berlin n°38,Jouable à l’année.
EVT-1627,13e cérémonie des César,1,4,TRUE,YEAR,YEAR,EXACT,,,1,César n°13,Jouable à l’année.
EVT-1628,39e saison du championnat du monde de Formule 1,1,4,TRUE,YEAR,YEAR,EXACT,,,1,Saison 39 de Formule 1,Jouable à l’année.
EVT-1629,Élection présidentielle française remportée par François Mitterrand,3,3,TRUE,YEAR,YEAR,EXACT,,,1,Victoire présidentielle de François Mitterrand,Jouable à l’année.
EVT-1630,45e cérémonie des Golden Globes,1,4,TRUE,YEAR,YEAR,EXACT,,,1,Golden Globes n°45,Jouable à l’année.
EVT-1631,30e cérémonie des Grammy Awards,1,4,TRUE,YEAR,YEAR,EXACT,,,1,Grammy Awards n°30,Jouable à l’année.
EVT-1632,60e cérémonie des Oscars,1,4,TRUE,YEAR,YEAR,EXACT,,,1,60e Academy Awards,Jouable à l’année.
EVT-1633,Jeux olympiques d’été de la XXIVe Olympiade à Séoul,2,4,TRUE,YEAR,YEAR,EXACT,,,1,JO d’été de Séoul,Jouable à l’année.
EVT-1634,Super Bowl XXII,1,4,TRUE,YEAR,YEAR,EXACT,,,1,22e Super Bowl,Jouable à l’année.
EVT-1635,75e édition du Tour de France,1,4,TRUE,YEAR,YEAR,EXACT,,,1,Tour de France n°75,Jouable à l’année.
EVT-1636,VIIIe Championnat d’Europe de football organisé en Allemagne de l’Ouest,2,4,TRUE,YEAR,YEAR,EXACT,,,1,Euro de football en Allemagne de l’Ouest,Jouable à l’année.
EVT-1637,51e élection présidentielle des États-Unis,2,4,TRUE,YEAR,YEAR,EXACT,,,1,Élection présidentielle américaine n°51,Jouable à l’année.
EVT-1638,Attentat contre le vol Pan Am 103 à Lockerbie,4,3,TRUE,DAY,DAY,EXACT,,,0,,Jouable au jour.
EVT-1639,Entrée en vigueur du cessez-le-feu mettant fin à la guerre Iran-Irak,4,3,TRUE,DAY,DAY,EXACT,,,0,,Jouable au jour.
EVT-1640,102e édition des Championnats de Wimbledon,1,4,TRUE,YEAR,YEAR,EXACT,,,1,Wimbledon n°102,Jouable à l’année.
EVT-1641,XVe Jeux olympiques d’hiver à Calgary,2,4,TRUE,YEAR,YEAR,EXACT,,,1,JO d’hiver de Calgary,Jouable à l’année.
EVT-1642,39e édition de la Berlinale,1,4,TRUE,YEAR,YEAR,EXACT,,,1,Festival de Berlin n°39,Jouable à l’année.
EVT-1643,14e cérémonie des César,1,4,TRUE,YEAR,YEAR,EXACT,,,1,César n°14,Jouable à l’année.
EVT-1644,34e Concours Eurovision de la chanson,1,4,TRUE,YEAR,YEAR,EXACT,,,1,Eurovision n°34,Jouable à l’année.
EVT-1645,40e saison du championnat du monde de Formule 1,1,4,TRUE,YEAR,YEAR,EXACT,,,1,Saison 40 de Formule 1,Jouable à l’année.
EVT-1646,46e cérémonie des Golden Globes,1,4,TRUE,YEAR,YEAR,EXACT,,,1,Golden Globes n°46,Jouable à l’année.
EVT-1647,Super Bowl XXIII,1,4,TRUE,YEAR,YEAR,EXACT,,,1,23e Super Bowl,Jouable à l’année.
EVT-1648,76e édition du Tour de France,1,4,TRUE,YEAR,YEAR,EXACT,,,1,Tour de France n°76,Jouable à l’année.
EVT-1649,42e cérémonie des British Academy Film Awards,1,4,TRUE,YEAR,YEAR,EXACT,,,1,BAFTA Film Awards n°42,Jouable à l’année.
EVT-1650,15e cérémonie des César,1,4,TRUE,YEAR,YEAR,EXACT,,,1,César n°15,Jouable à l’année.
EVT-1651,35e Concours Eurovision de la chanson,1,4,TRUE,YEAR,YEAR,EXACT,,,1,Eurovision n°35,Jouable à l’année.
EVT-1652,XIVe Coupe du monde de football organisée en Italie,3,3,TRUE,YEAR,YEAR,EXACT,,,0,,Jouable à l’année.
EVT-1653,47e cérémonie des Golden Globes,1,4,TRUE,YEAR,YEAR,EXACT,,,1,Golden Globes n°47,Jouable à l’année.
EVT-1654,32e cérémonie des Grammy Awards,1,4,TRUE,YEAR,YEAR,EXACT,,,1,Grammy Awards n°32,Jouable à l’année.
EVT-1655,62e cérémonie des Oscars,1,4,TRUE,YEAR,YEAR,EXACT,,,1,62e Academy Awards,Jouable à l’année.
EVT-1656,77e édition du Tour de France,1,4,TRUE,YEAR,YEAR,EXACT,,,1,Tour de France n°77,Jouable à l’année.
EVT-1657,Indépendance de la Namibie,4,3,TRUE,DAY,DAY,EXACT,,,0,,Jouable au jour.
EVT-1658,104e édition des Championnats de Wimbledon,1,4,TRUE,YEAR,YEAR,EXACT,,,1,Wimbledon n°104,Jouable à l’année.
EVT-1659,43e cérémonie des British Academy Film Awards,1,4,TRUE,YEAR,YEAR,EXACT,,,1,BAFTA Film Awards n°43,Jouable à l’année.
EVT-1660,41e édition de la Berlinale,1,4,TRUE,YEAR,YEAR,EXACT,,,1,Festival de Berlin n°41,Jouable à l’année.
EVT-1661,16e cérémonie des César,1,4,TRUE,YEAR,YEAR,EXACT,,,1,César n°16,Jouable à l’année.
EVT-1662,36e Concours Eurovision de la chanson,1,4,TRUE,YEAR,YEAR,EXACT,,,1,Eurovision n°36,Jouable à l’année.
EVT-1663,42e saison du championnat du monde de Formule 1,1,4,TRUE,YEAR,YEAR,EXACT,,,1,Saison 42 de Formule 1,Jouable à l’année.
EVT-1664,33e cérémonie des Grammy Awards,1,4,TRUE,YEAR,YEAR,EXACT,,,1,Grammy Awards n°33,Jouable à l’année.
EVT-1665,63e cérémonie des Oscars,1,4,TRUE,YEAR,YEAR,EXACT,,,1,63e Academy Awards,Jouable à l’année.
EVT-1666,"IIe Coupe du monde de rugby organisée en Royaume-Uni, Irlande et France",2,4,TRUE,YEAR,YEAR,EXACT,,,1,"Coupe du monde de rugby en Royaume-Uni, Irlande et France",Jouable à l’année.
EVT-1667,Super Bowl XXV,1,4,TRUE,YEAR,YEAR,EXACT,,,1,25e Super Bowl,Jouable à l’année.
EVT-1668,Admission des États baltes à l’ONU après le rétablissement de leur indépendance,4,3,TRUE,DAY,DAY,EXACT,,,0,,Jouable au jour.
EVT-1669,Déclarations d’indépendance de la Slovénie et de la Croatie,4,3,TRUE,DAY,DAY,EXACT,,,0,,Jouable au jour.
EVT-1670,Sortie de l’album Nevermind de Nirvana,4,3,TRUE,DAY,DAY,EXACT,,,0,,Jouable au jour.
EVT-1671,42e édition de la Berlinale,1,4,TRUE,YEAR,YEAR,EXACT,,,1,Festival de Berlin n°42,Jouable à l’année.
EVT-1672,43e saison du championnat du monde de Formule 1,1,4,TRUE,YEAR,YEAR,EXACT,,,1,Saison 43 de Formule 1,Jouable à l’année.
EVT-1673,49e cérémonie des Golden Globes,1,4,TRUE,YEAR,YEAR,EXACT,,,1,Golden Globes n°49,Jouable à l’année.
EVT-1674,34e cérémonie des Grammy Awards,1,4,TRUE,YEAR,YEAR,EXACT,,,1,Grammy Awards n°34,Jouable à l’année.
EVT-1675,64e cérémonie des Oscars,1,4,TRUE,YEAR,YEAR,EXACT,,,1,64e Academy Awards,Jouable à l’année.
EVT-1676,Super Bowl XXVI,1,4,TRUE,YEAR,YEAR,EXACT,,,1,26e Super Bowl,Jouable à l’année.
EVT-1677,79e édition du Tour de France,1,4,TRUE,YEAR,YEAR,EXACT,,,1,Tour de France n°79,Jouable à l’année.
EVT-1678,IXe Championnat d’Europe de football organisé en Suède,2,4,TRUE,YEAR,YEAR,EXACT,,,1,Euro de football en Suède,Jouable à l’année.
EVT-1679,52e élection présidentielle des États-Unis,2,4,TRUE,YEAR,YEAR,EXACT,,,1,Élection présidentielle américaine n°52,Jouable à l’année.
EVT-1680,Ouverture des Jeux olympiques de Barcelone,4,3,TRUE,DAY,DAY,EXACT,,,0,,Jouable au jour.
EVT-1681,106e édition des Championnats de Wimbledon,1,4,TRUE,YEAR,YEAR,EXACT,,,1,Wimbledon n°106,Jouable à l’année.
EVT-1682,XVIe Jeux olympiques d’hiver à Albertville,2,4,TRUE,YEAR,YEAR,EXACT,,,1,JO d’hiver de Albertville,Jouable à l’année.
EVT-1683,45e cérémonie des British Academy Film Awards,1,4,TRUE,YEAR,YEAR,EXACT,,,1,BAFTA Film Awards n°45,Jouable à l’année.
EVT-1684,43e édition de la Berlinale,1,4,TRUE,YEAR,YEAR,EXACT,,,1,Festival de Berlin n°43,Jouable à l’année.
EVT-1685,18e cérémonie des César,1,4,TRUE,YEAR,YEAR,EXACT,,,1,César n°18,Jouable à l’année.
EVT-1686,38e Concours Eurovision de la chanson,1,4,TRUE,YEAR,YEAR,EXACT,,,1,Eurovision n°38,Jouable à l’année.
EVT-1687,44e saison du championnat du monde de Formule 1,1,4,TRUE,YEAR,YEAR,EXACT,,,1,Saison 44 de Formule 1,Jouable à l’année.
EVT-1688,35e cérémonie des Grammy Awards,1,4,TRUE,YEAR,YEAR,EXACT,,,1,Grammy Awards n°35,Jouable à l’année.
EVT-1689,65e cérémonie des Oscars,1,4,TRUE,YEAR,YEAR,EXACT,,,1,65e Academy Awards,Jouable à l’année.
EVT-1690,80e édition du Tour de France,1,4,TRUE,YEAR,YEAR,EXACT,,,1,Tour de France n°80,Jouable à l’année.
EVT-1691,Dissolution de la Tchécoslovaquie et naissance de la Tchéquie et de la Slovaquie,4,3,TRUE,DAY,DAY,EXACT,,,0,,Jouable au jour.
EVT-1692,Premier attentat contre le World Trade Center,4,3,TRUE,DAY,DAY,EXACT,,,0,,Jouable au jour.
EVT-1693,107e édition des Championnats de Wimbledon,1,4,TRUE,YEAR,YEAR,EXACT,,,1,Wimbledon n°107,Jouable à l’année.
EVT-1694,46e cérémonie des British Academy Film Awards,1,4,TRUE,YEAR,YEAR,EXACT,,,1,BAFTA Film Awards n°46,Jouable à l’année.
EVT-1695,19e cérémonie des César,1,4,TRUE,YEAR,YEAR,EXACT,,,1,César n°19,Jouable à l’année.
EVT-1696,39e Concours Eurovision de la chanson,1,4,TRUE,YEAR,YEAR,EXACT,,,1,Eurovision n°39,Jouable à l’année.
EVT-1697,XVe Coupe du monde de football organisée en États-Unis,3,3,TRUE,YEAR,YEAR,EXACT,,,1,Coupe du monde de football en États-Unis,Jouable à l’année.
EVT-1698,45e saison du championnat du monde de Formule 1,1,4,TRUE,YEAR,YEAR,EXACT,,,1,Saison 45 de Formule 1,Jouable à l’année.
EVT-1699,51e cérémonie des Golden Globes,1,4,TRUE,YEAR,YEAR,EXACT,,,1,Golden Globes n°51,Jouable à l’année.
EVT-1700,36e cérémonie des Grammy Awards,1,4,TRUE,YEAR,YEAR,EXACT,,,1,Grammy Awards n°36,Jouable à l’année.
EVT-1701,66e cérémonie des Oscars,1,4,TRUE,YEAR,YEAR,EXACT,,,1,66e Academy Awards,Jouable à l’année.
EVT-1702,Super Bowl XXVIII,1,4,TRUE,YEAR,YEAR,EXACT,,,1,28e Super Bowl,Jouable à l’année.
EVT-1703,81e édition du Tour de France,1,4,TRUE,YEAR,YEAR,EXACT,,,1,Tour de France n°81,Jouable à l’année.
EVT-1704,Inauguration du tunnel sous la Manche,4,3,TRUE,DAY,DAY,EXACT,,,0,,Jouable au jour.
EVT-1705,Première connexion publique commerciale au World Wide Web par Amazon?,1,4,TRUE,DAY,DAY,CONVENTIONAL,,,0,,Jouable au jour.
EVT-1706,XVIIe Jeux olympiques d’hiver à Lillehammer,2,4,TRUE,YEAR,YEAR,EXACT,,,1,JO d’hiver de Lillehammer,Jouable à l’année.
EVT-1707,47e cérémonie des British Academy Film Awards,1,4,TRUE,YEAR,YEAR,EXACT,,,1,BAFTA Film Awards n°47,Jouable à l’année.
EVT-1708,45e édition de la Berlinale,1,4,TRUE,YEAR,YEAR,EXACT,,,1,Festival de Berlin n°45,Jouable à l’année.
EVT-1709,20e cérémonie des César,1,4,TRUE,YEAR,YEAR,EXACT,,,1,César n°20,Jouable à l’année.
EVT-1710,40e Concours Eurovision de la chanson,1,4,TRUE,YEAR,YEAR,EXACT,,,1,Eurovision n°40,Jouable à l’année.
EVT-1711,Élection présidentielle française remportée par Jacques Chirac,3,3,TRUE,YEAR,YEAR,EXACT,,,0,,Jouable à l’année.
EVT-1712,52e cérémonie des Golden Globes,1,4,TRUE,YEAR,YEAR,EXACT,,,1,Golden Globes n°52,Jouable à l’année.
EVT-1713,67e cérémonie des Oscars,1,4,TRUE,YEAR,YEAR,EXACT,,,1,67e Academy Awards,Jouable à l’année.
EVT-1714,IIIe Coupe du monde de rugby organisée en Afrique du Sud,2,4,TRUE,YEAR,YEAR,EXACT,,,1,Coupe du monde de rugby en Afrique du Sud,Jouable à l’année.
EVT-1715,Super Bowl XXIX,1,4,TRUE,YEAR,YEAR,EXACT,,,1,29e Super Bowl,Jouable à l’année.
EVT-1716,82e édition du Tour de France,1,4,TRUE,YEAR,YEAR,EXACT,,,1,Tour de France n°82,Jouable à l’année.
EVT-1717,Lancement de Windows 95,4,3,TRUE,DAY,DAY,EXACT,,,0,,Jouable au jour.
EVT-1718,109e édition des Championnats de Wimbledon,1,4,TRUE,YEAR,YEAR,EXACT,,,1,Wimbledon n°109,Jouable à l’année.
EVT-1719,46e édition de la Berlinale,1,4,TRUE,YEAR,YEAR,EXACT,,,1,Festival de Berlin n°46,Jouable à l’année.
EVT-1720,41e Concours Eurovision de la chanson,1,4,TRUE,YEAR,YEAR,EXACT,,,1,Eurovision n°41,Jouable à l’année.
EVT-1721,47e saison du championnat du monde de Formule 1,1,4,TRUE,YEAR,YEAR,EXACT,,,1,Saison 47 de Formule 1,Jouable à l’année.
EVT-1722,53e cérémonie des Golden Globes,1,4,TRUE,YEAR,YEAR,EXACT,,,1,Golden Globes n°53,Jouable à l’année.
EVT-1723,38e cérémonie des Grammy Awards,1,4,TRUE,YEAR,YEAR,EXACT,,,1,Grammy Awards n°38,Jouable à l’année.
EVT-1724,68e cérémonie des Oscars,1,4,TRUE,YEAR,YEAR,EXACT,,,1,68e Academy Awards,Jouable à l’année.
EVT-1725,Jeux olympiques d’été de la XXVIe Olympiade à Atlanta,2,4,TRUE,YEAR,YEAR,EXACT,,,1,JO d’été de Atlanta,Jouable à l’année.
EVT-1726,Xe Championnat d’Europe de football organisé en Angleterre,2,4,TRUE,YEAR,YEAR,EXACT,,,1,Euro de football en Angleterre,Jouable à l’année.
EVT-1727,53e élection présidentielle des États-Unis,2,4,TRUE,YEAR,YEAR,EXACT,,,1,Élection présidentielle américaine n°53,Jouable à l’année.
EVT-1728,110e édition des Championnats de Wimbledon,1,4,TRUE,YEAR,YEAR,EXACT,,,1,Wimbledon n°110,Jouable à l’année.
EVT-1729,49e cérémonie des British Academy Film Awards,1,4,TRUE,YEAR,YEAR,EXACT,,,1,BAFTA Film Awards n°49,Jouable à l’année.
EVT-1730,22e cérémonie des César,1,4,TRUE,YEAR,YEAR,EXACT,,,1,César n°22,Jouable à l’année.
EVT-1731,48e saison du championnat du monde de Formule 1,1,4,TRUE,YEAR,YEAR,EXACT,,,1,Saison 48 de Formule 1,Jouable à l’année.
EVT-1732,39e cérémonie des Grammy Awards,1,4,TRUE,YEAR,YEAR,EXACT,,,1,Grammy Awards n°39,Jouable à l’année.
EVT-1733,Super Bowl XXXI,1,4,TRUE,YEAR,YEAR,EXACT,,,1,31e Super Bowl,Jouable à l’année.
EVT-1734,84e édition du Tour de France,1,4,TRUE,YEAR,YEAR,EXACT,,,1,Tour de France n°84,Jouable à l’année.
EVT-1735,"Mort de Diana, princesse de Galles",4,3,TRUE,DAY,DAY,EXACT,,,0,,Jouable au jour.
EVT-1736,Publication britannique de Harry Potter à l’école des sorciers,4,3,TRUE,DAY,DAY,EXACT,,,0,,Jouable au jour.
EVT-1737,50e cérémonie des British Academy Film Awards,1,4,TRUE,YEAR,YEAR,EXACT,,,1,BAFTA Film Awards n°50,Jouable à l’année.
EVT-1738,48e édition de la Berlinale,1,4,TRUE,YEAR,YEAR,EXACT,,,1,Festival de Berlin n°48,Jouable à l’année.
EVT-1739,23e cérémonie des César,1,4,TRUE,YEAR,YEAR,EXACT,,,1,César n°23,Jouable à l’année.
EVT-1740,43e Concours Eurovision de la chanson,1,4,TRUE,YEAR,YEAR,EXACT,,,1,Eurovision n°43,Jouable à l’année.
EVT-1741,XVIe Coupe du monde de football organisée en France,3,3,TRUE,YEAR,YEAR,EXACT,,,0,,Jouable à l’année.
EVT-1742,49e saison du championnat du monde de Formule 1,1,4,TRUE,YEAR,YEAR,EXACT,,,1,Saison 49 de Formule 1,Jouable à l’année.
EVT-1743,55e cérémonie des Golden Globes,1,4,TRUE,YEAR,YEAR,EXACT,,,1,Golden Globes n°55,Jouable à l’année.
EVT-1744,40e cérémonie des Grammy Awards,1,4,TRUE,YEAR,YEAR,EXACT,,,1,Grammy Awards n°40,Jouable à l’année.
EVT-1745,70e cérémonie des Oscars,1,4,TRUE,YEAR,YEAR,EXACT,,,1,70e Academy Awards,Jouable à l’année.
EVT-1746,Super Bowl XXXII,1,4,TRUE,YEAR,YEAR,EXACT,,,1,32e Super Bowl,Jouable à l’année.
EVT-1747,85e édition du Tour de France,1,4,TRUE,YEAR,YEAR,EXACT,,,1,Tour de France n°85,Jouable à l’année.
EVT-1748,112e édition des Championnats de Wimbledon,1,4,TRUE,YEAR,YEAR,EXACT,,,1,Wimbledon n°112,Jouable à l’année.
EVT-1749,XVIIIe Jeux olympiques d’hiver à Nagano,2,4,TRUE,YEAR,YEAR,EXACT,,,1,JO d’hiver de Nagano,Jouable à l’année.
EVT-1750,49e édition de la Berlinale,1,4,TRUE,YEAR,YEAR,EXACT,,,1,Festival de Berlin n°49,Jouable à l’année.
EVT-1751,24e cérémonie des César,1,4,TRUE,YEAR,YEAR,EXACT,,,1,César n°24,Jouable à l’année.
EVT-1752,44e Concours Eurovision de la chanson,1,4,TRUE,YEAR,YEAR,EXACT,,,1,Eurovision n°44,Jouable à l’année.
EVT-1753,41e cérémonie des Grammy Awards,1,4,TRUE,YEAR,YEAR,EXACT,,,1,Grammy Awards n°41,Jouable à l’année.
EVT-1754,71e cérémonie des Oscars,1,4,TRUE,YEAR,YEAR,EXACT,,,1,71e Academy Awards,Jouable à l’année.
EVT-1755,IVe Coupe du monde de rugby organisée en Pays de Galles,2,4,TRUE,YEAR,YEAR,EXACT,,,1,Coupe du monde de rugby en Pays de Galles,Jouable à l’année.
EVT-1756,86e édition du Tour de France,1,4,TRUE,YEAR,YEAR,EXACT,,,1,Tour de France n°86,Jouable à l’année.
EVT-1757,52e cérémonie des British Academy Film Awards,1,4,TRUE,YEAR,YEAR,EXACT,,,1,BAFTA Film Awards n°52,Jouable à l’année.
EVT-1758,50e édition de la Berlinale,1,4,TRUE,YEAR,YEAR,EXACT,,,1,Festival de Berlin n°50,Jouable à l’année.
EVT-1759,25e cérémonie des César,1,4,TRUE,YEAR,YEAR,EXACT,,,1,César n°25,Jouable à l’année.
EVT-1760,45e Concours Eurovision de la chanson,1,4,TRUE,YEAR,YEAR,EXACT,,,1,Eurovision n°45,Jouable à l’année.
EVT-1761,51e saison du championnat du monde de Formule 1,1,4,TRUE,YEAR,YEAR,EXACT,,,1,Saison 51 de Formule 1,Jouable à l’année.
EVT-1762,57e cérémonie des Golden Globes,1,4,TRUE,YEAR,YEAR,EXACT,,,1,Golden Globes n°57,Jouable à l’année.
EVT-1763,72e cérémonie des Oscars,1,4,TRUE,YEAR,YEAR,EXACT,,,1,72e Academy Awards,Jouable à l’année.
EVT-1764,Super Bowl XXXIV,1,4,TRUE,YEAR,YEAR,EXACT,,,1,34e Super Bowl,Jouable à l’année.
EVT-1765,87e édition du Tour de France,1,4,TRUE,YEAR,YEAR,EXACT,,,1,Tour de France n°87,Jouable à l’année.
EVT-1766,XIe Championnat d’Europe de football organisé en Belgique et Pays-Bas,2,4,TRUE,YEAR,YEAR,EXACT,,,1,Euro de football en Belgique et Pays-Bas,Jouable à l’année.
EVT-1767,54e élection présidentielle des États-Unis,2,4,TRUE,YEAR,YEAR,EXACT,,,1,Élection présidentielle américaine n°54,Jouable à l’année.
EVT-1768,Ouverture des Jeux olympiques de Sydney,3,3,TRUE,DAY,DAY,EXACT,,,0,,Jouable au jour.
EVT-1769,114e édition des Championnats de Wimbledon,1,4,TRUE,YEAR,YEAR,EXACT,,,1,Wimbledon n°114,Jouable à l’année.
EVT-1770,53e cérémonie des British Academy Film Awards,1,4,TRUE,YEAR,YEAR,EXACT,,,1,BAFTA Film Awards n°53,Jouable à l’année.
EVT-1771,46e Concours Eurovision de la chanson,1,4,TRUE,YEAR,YEAR,EXACT,,,1,Eurovision n°46,Jouable à l’année.
EVT-1772,52e saison du championnat du monde de Formule 1,1,4,TRUE,YEAR,YEAR,EXACT,,,1,Saison 52 de Formule 1,Jouable à l’année.
EVT-1773,58e cérémonie des Golden Globes,1,4,TRUE,YEAR,YEAR,EXACT,,,1,Golden Globes n°58,Jouable à l’année.
EVT-1774,43e cérémonie des Grammy Awards,1,4,TRUE,YEAR,YEAR,EXACT,,,1,Grammy Awards n°43,Jouable à l’année.
EVT-1775,73e cérémonie des Oscars,1,4,TRUE,YEAR,YEAR,EXACT,,,1,73e Academy Awards,Jouable à l’année.
EVT-1776,Super Bowl XXXV,1,4,TRUE,YEAR,YEAR,EXACT,,,1,35e Super Bowl,Jouable à l’année.
EVT-1777,115e édition des Championnats de Wimbledon,1,4,TRUE,YEAR,YEAR,EXACT,,,1,Wimbledon n°115,Jouable à l’année.
EVT-1778,54e cérémonie des British Academy Film Awards,1,4,TRUE,YEAR,YEAR,EXACT,,,1,BAFTA Film Awards n°54,Jouable à l’année.
EVT-1779,52e édition de la Berlinale,1,4,TRUE,YEAR,YEAR,EXACT,,,1,Festival de Berlin n°52,Jouable à l’année.
EVT-1780,27e cérémonie des César,1,4,TRUE,YEAR,YEAR,EXACT,,,1,César n°27,Jouable à l’année.
EVT-1781,XVIIe Coupe du monde de football organisée en Corée du Sud et Japon,3,3,TRUE,YEAR,YEAR,EXACT,,,1,Coupe du monde de football en Corée du Sud et Japon,Jouable à l’année.
EVT-1782,53e saison du championnat du monde de Formule 1,1,4,TRUE,YEAR,YEAR,EXACT,,,1,Saison 53 de Formule 1,Jouable à l’année.
EVT-1783,Élection présidentielle française remportée par Jacques Chirac,3,3,TRUE,YEAR,YEAR,EXACT,,,0,,Jouable à l’année.
EVT-1784,59e cérémonie des Golden Globes,1,4,TRUE,YEAR,YEAR,EXACT,,,1,Golden Globes n°59,Jouable à l’année.
EVT-1785,44e cérémonie des Grammy Awards,1,4,TRUE,YEAR,YEAR,EXACT,,,1,Grammy Awards n°44,Jouable à l’année.
EVT-1786,74e cérémonie des Oscars,1,4,TRUE,YEAR,YEAR,EXACT,,,1,74e Academy Awards,Jouable à l’année.
EVT-1787,89e édition du Tour de France,1,4,TRUE,YEAR,YEAR,EXACT,,,1,Tour de France n°89,Jouable à l’année.
EVT-1788,XIXe Jeux olympiques d’hiver à Salt Lake City,2,4,TRUE,YEAR,YEAR,EXACT,,,1,JO d’hiver de Salt Lake City,Jouable à l’année.
EVT-1789,53e édition de la Berlinale,1,4,TRUE,YEAR,YEAR,EXACT,,,1,Festival de Berlin n°53,Jouable à l’année.
EVT-1790,28e cérémonie des César,1,4,TRUE,YEAR,YEAR,EXACT,,,1,César n°28,Jouable à l’année.
EVT-1791,48e Concours Eurovision de la chanson,1,4,TRUE,YEAR,YEAR,EXACT,,,1,Eurovision n°48,Jouable à l’année.
EVT-1792,54e saison du championnat du monde de Formule 1,1,4,TRUE,YEAR,YEAR,EXACT,,,1,Saison 54 de Formule 1,Jouable à l’année.
EVT-1793,45e cérémonie des Grammy Awards,1,4,TRUE,YEAR,YEAR,EXACT,,,1,Grammy Awards n°45,Jouable à l’année.
EVT-1794,75e cérémonie des Oscars,2,4,TRUE,YEAR,YEAR,EXACT,,,1,75e Academy Awards,Jouable à l’année.
EVT-1795,Ve Coupe du monde de rugby organisée en Australie,2,4,TRUE,YEAR,YEAR,EXACT,,,1,Coupe du monde de rugby en Australie,Jouable à l’année.
EVT-1796,Super Bowl XXXVII,1,4,TRUE,YEAR,YEAR,EXACT,,,1,37e Super Bowl,Jouable à l’année.
EVT-1797,90e édition du Tour de France,1,4,TRUE,YEAR,YEAR,EXACT,,,1,Tour de France n°90,Jouable à l’année.
EVT-1798,Désintégration de la navette Columbia,4,3,TRUE,DAY,DAY,EXACT,,,0,,Jouable au jour.
EVT-1799,117e édition des Championnats de Wimbledon,1,4,TRUE,YEAR,YEAR,EXACT,,,1,Wimbledon n°117,Jouable à l’année.
EVT-1800,56e cérémonie des British Academy Film Awards,1,4,TRUE,YEAR,YEAR,EXACT,,,1,BAFTA Film Awards n°56,Jouable à l’année.
EVT-1801,54e édition de la Berlinale,1,4,TRUE,YEAR,YEAR,EXACT,,,1,Festival de Berlin n°54,Jouable à l’année.
EVT-1802,29e cérémonie des César,1,4,TRUE,YEAR,YEAR,EXACT,,,1,César n°29,Jouable à l’année.
EVT-1803,49e Concours Eurovision de la chanson,1,4,TRUE,YEAR,YEAR,EXACT,,,1,Eurovision n°49,Jouable à l’année.
EVT-1804,61e cérémonie des Golden Globes,1,4,TRUE,YEAR,YEAR,EXACT,,,1,Golden Globes n°61,Jouable à l’année.
EVT-1805,46e cérémonie des Grammy Awards,1,4,TRUE,YEAR,YEAR,EXACT,,,1,Grammy Awards n°46,Jouable à l’année.
EVT-1806,76e cérémonie des Oscars,1,4,TRUE,YEAR,YEAR,EXACT,,,1,76e Academy Awards,Jouable à l’année.
EVT-1807,Jeux olympiques d’été de la XXVIIIe Olympiade à Athènes,2,4,TRUE,YEAR,YEAR,EXACT,,,1,JO d’été de Athènes,Jouable à l’année.
EVT-1808,Super Bowl XXXVIII,1,4,TRUE,YEAR,YEAR,EXACT,,,1,38e Super Bowl,Jouable à l’année.
EVT-1809,91e édition du Tour de France,1,4,TRUE,YEAR,YEAR,EXACT,,,1,Tour de France n°91,Jouable à l’année.
EVT-1810,XIIe Championnat d’Europe de football organisé en Portugal,2,4,TRUE,YEAR,YEAR,EXACT,,,1,Euro de football en Portugal,Jouable à l’année.
EVT-1811,55e élection présidentielle des États-Unis,2,4,TRUE,YEAR,YEAR,EXACT,,,1,Élection présidentielle américaine n°55,Jouable à l’année.
EVT-1812,57e cérémonie des British Academy Film Awards,1,4,TRUE,YEAR,YEAR,EXACT,,,1,BAFTA Film Awards n°57,Jouable à l’année.
EVT-1813,50e Concours Eurovision de la chanson,1,4,TRUE,YEAR,YEAR,EXACT,,,1,Eurovision n°50,Jouable à l’année.
EVT-1814,56e saison du championnat du monde de Formule 1,1,4,TRUE,YEAR,YEAR,EXACT,,,1,Saison 56 de Formule 1,Jouable à l’année.
EVT-1815,47e cérémonie des Grammy Awards,1,4,TRUE,YEAR,YEAR,EXACT,,,1,Grammy Awards n°47,Jouable à l’année.
EVT-1816,92e édition du Tour de France,1,4,TRUE,YEAR,YEAR,EXACT,,,1,Tour de France n°92,Jouable à l’année.
EVT-1817,Attentats de Londres,4,3,TRUE,DAY,DAY,EXACT,,,0,,Jouable au jour.
EVT-1818,Création de YouTube,4,3,TRUE,DAY,DAY,CONVENTIONAL,,,0,,Jouable au jour.
EVT-1819,119e édition des Championnats de Wimbledon,1,4,TRUE,YEAR,YEAR,EXACT,,,1,Wimbledon n°119,Jouable à l’année.
EVT-1820,56e édition de la Berlinale,1,4,TRUE,YEAR,YEAR,EXACT,,,1,Festival de Berlin n°56,Jouable à l’année.
EVT-1821,31e cérémonie des César,1,4,TRUE,YEAR,YEAR,EXACT,,,1,César n°31,Jouable à l’année.
EVT-1822,51e Concours Eurovision de la chanson,1,4,TRUE,YEAR,YEAR,EXACT,,,1,Eurovision n°51,Jouable à l’année.
EVT-1823,XVIIIe Coupe du monde de football organisée en Allemagne,3,3,TRUE,YEAR,YEAR,EXACT,,,1,Coupe du monde de football en Allemagne,Jouable à l’année.
EVT-1824,57e saison du championnat du monde de Formule 1,1,4,TRUE,YEAR,YEAR,EXACT,,,1,Saison 57 de Formule 1,Jouable à l’année.
EVT-1825,63e cérémonie des Golden Globes,1,4,TRUE,YEAR,YEAR,EXACT,,,1,Golden Globes n°63,Jouable à l’année.
EVT-1826,78e cérémonie des Oscars,1,4,TRUE,YEAR,YEAR,EXACT,,,1,78e Academy Awards,Jouable à l’année.
EVT-1827,Super Bowl XL,1,4,TRUE,YEAR,YEAR,EXACT,,,1,40e Super Bowl,Jouable à l’année.
EVT-1828,93e édition du Tour de France,1,4,TRUE,YEAR,YEAR,EXACT,,,1,Tour de France n°93,Jouable à l’année.
EVT-1829,Pluton reclassée comme planète naine par l’Union astronomique internationale,4,3,TRUE,DAY,DAY,EXACT,,,0,,Jouable au jour.
EVT-1830,Premier message publié sur Twitter,4,3,TRUE,DAY,DAY,EXACT,,,0,,Jouable au jour.
EVT-1831,Victoire de l’Italie à la Coupe du monde de football,3,3,TRUE,DAY,DAY,EXACT,,,0,,Jouable au jour.
EVT-1832,120e édition des Championnats de Wimbledon,1,4,TRUE,YEAR,YEAR,EXACT,,,1,Wimbledon n°120,Jouable à l’année.
EVT-1833,XXe Jeux olympiques d’hiver à Turin,2,4,TRUE,YEAR,YEAR,EXACT,,,1,JO d’hiver de Turin,Jouable à l’année.
EVT-1834,59e cérémonie des British Academy Film Awards,1,4,TRUE,YEAR,YEAR,EXACT,,,1,BAFTA Film Awards n°59,Jouable à l’année.
EVT-1835,57e édition de la Berlinale,1,4,TRUE,YEAR,YEAR,EXACT,,,1,Festival de Berlin n°57,Jouable à l’année.
EVT-1836,32e cérémonie des César,1,4,TRUE,YEAR,YEAR,EXACT,,,1,César n°32,Jouable à l’année.
EVT-1837,58e saison du championnat du monde de Formule 1,1,4,TRUE,YEAR,YEAR,EXACT,,,1,Saison 58 de Formule 1,Jouable à l’année.
EVT-1838,Élection présidentielle française remportée par Nicolas Sarkozy,3,3,TRUE,YEAR,YEAR,EXACT,,,1,Victoire présidentielle de Nicolas Sarkozy,Jouable à l’année.
EVT-1839,64e cérémonie des Golden Globes,1,4,TRUE,YEAR,YEAR,EXACT,,,1,Golden Globes n°64,Jouable à l’année.
EVT-1840,49e cérémonie des Grammy Awards,1,4,TRUE,YEAR,YEAR,EXACT,,,1,Grammy Awards n°49,Jouable à l’année.
EVT-1841,79e cérémonie des Oscars,1,4,TRUE,YEAR,YEAR,EXACT,,,1,79e Academy Awards,Jouable à l’année.
EVT-1842,VIe Coupe du monde de rugby organisée en France,2,4,TRUE,YEAR,YEAR,EXACT,,,0,,Jouable à l’année.
EVT-1843,Super Bowl XLI,1,4,TRUE,YEAR,YEAR,EXACT,,,1,41e Super Bowl,Jouable à l’année.
EVT-1844,60e cérémonie des British Academy Film Awards,1,4,TRUE,YEAR,YEAR,EXACT,,,1,BAFTA Film Awards n°60,Jouable à l’année.
EVT-1845,33e cérémonie des César,1,4,TRUE,YEAR,YEAR,EXACT,,,1,César n°33,Jouable à l’année.
EVT-1846,53e Concours Eurovision de la chanson,1,4,TRUE,YEAR,YEAR,EXACT,,,1,Eurovision n°53,Jouable à l’année.
EVT-1847,59e saison du championnat du monde de Formule 1,1,4,TRUE,YEAR,YEAR,EXACT,,,1,Saison 59 de Formule 1,Jouable à l’année.
EVT-1848,65e cérémonie des Golden Globes,1,4,TRUE,YEAR,YEAR,EXACT,,,1,Golden Globes n°65,Jouable à l’année.
EVT-1849,50e cérémonie des Grammy Awards,1,4,TRUE,YEAR,YEAR,EXACT,,,1,Grammy Awards n°50,Jouable à l’année.
EVT-1850,80e cérémonie des Oscars,1,4,TRUE,YEAR,YEAR,EXACT,,,1,80e Academy Awards,Jouable à l’année.
EVT-1851,95e édition du Tour de France,1,4,TRUE,YEAR,YEAR,EXACT,,,1,Tour de France n°95,Jouable à l’année.
EVT-1852,XIIIe Championnat d’Europe de football organisé en Autriche et Suisse,2,4,TRUE,YEAR,YEAR,EXACT,,,1,Euro de football en Autriche et Suisse,Jouable à l’année.
EVT-1853,56e élection présidentielle des États-Unis,2,4,TRUE,YEAR,YEAR,EXACT,,,1,Élection présidentielle américaine n°56,Jouable à l’année.
EVT-1854,Ouverture des Jeux olympiques de Pékin,4,3,TRUE,DAY,DAY,EXACT,,,0,,Jouable au jour.
EVT-1855,122e édition des Championnats de Wimbledon,1,4,TRUE,YEAR,YEAR,EXACT,,,1,Wimbledon n°122,Jouable à l’année.
EVT-1856,59e édition de la Berlinale,1,4,TRUE,YEAR,YEAR,EXACT,,,1,Festival de Berlin n°59,Jouable à l’année.
EVT-1857,54e Concours Eurovision de la chanson,1,4,TRUE,YEAR,YEAR,EXACT,,,1,Eurovision n°54,Jouable à l’année.
EVT-1858,51e cérémonie des Grammy Awards,1,4,TRUE,YEAR,YEAR,EXACT,,,1,Grammy Awards n°51,Jouable à l’année.
EVT-1859,81e cérémonie des Oscars,1,4,TRUE,YEAR,YEAR,EXACT,,,1,81e Academy Awards,Jouable à l’année.
EVT-1860,Super Bowl XLIII,1,4,TRUE,YEAR,YEAR,EXACT,,,1,43e Super Bowl,Jouable à l’année.
EVT-1861,96e édition du Tour de France,1,4,TRUE,YEAR,YEAR,EXACT,,,1,Tour de France n°96,Jouable à l’année.
EVT-1862,Création du bloc Genesis de Bitcoin,4,3,TRUE,DAY,DAY,EXACT,,,0,,Jouable au jour.
EVT-1863,Investiture de Barack Obama,4,3,TRUE,DAY,DAY,EXACT,,,0,,Jouable au jour.
EVT-1864,L’OMS déclare la pandémie de grippe H1N1,4,3,TRUE,DAY,DAY,EXACT,,,0,,Jouable au jour.
EVT-1865,Sortie américaine d’Avatar de James Cameron,4,3,TRUE,DAY,DAY,EXACT,,,0,,Jouable au jour.
EVT-1866,123e édition des Championnats de Wimbledon,1,4,TRUE,YEAR,YEAR,EXACT,,,1,Wimbledon n°123,Jouable à l’année.
EVT-1867,62e cérémonie des British Academy Film Awards,1,4,TRUE,YEAR,YEAR,EXACT,,,1,BAFTA Film Awards n°62,Jouable à l’année.
EVT-1868,60e édition de la Berlinale,1,4,TRUE,YEAR,YEAR,EXACT,,,1,Festival de Berlin n°60,Jouable à l’année.
EVT-1869,35e cérémonie des César,1,4,TRUE,YEAR,YEAR,EXACT,,,1,César n°35,Jouable à l’année.
EVT-1870,55e Concours Eurovision de la chanson,1,4,TRUE,YEAR,YEAR,EXACT,,,1,Eurovision n°55,Jouable à l’année.
EVT-1871,XIXe Coupe du monde de football organisée en Afrique du Sud,3,3,TRUE,YEAR,YEAR,EXACT,,,1,Coupe du monde de football en Afrique du Sud,Jouable à l’année.
EVT-1872,61e saison du championnat du monde de Formule 1,1,4,TRUE,YEAR,YEAR,EXACT,,,1,Saison 61 de Formule 1,Jouable à l’année.
EVT-1873,67e cérémonie des Golden Globes,1,4,TRUE,YEAR,YEAR,EXACT,,,1,Golden Globes n°67,Jouable à l’année.
EVT-1874,52e cérémonie des Grammy Awards,1,4,TRUE,YEAR,YEAR,EXACT,,,1,Grammy Awards n°52,Jouable à l’année.
EVT-1875,82e cérémonie des Oscars,1,4,TRUE,YEAR,YEAR,EXACT,,,1,82e Academy Awards,Jouable à l’année.
EVT-1876,Super Bowl XLIV,1,4,TRUE,YEAR,YEAR,EXACT,,,1,44e Super Bowl,Jouable à l’année.
EVT-1877,97e édition du Tour de France,1,4,TRUE,YEAR,YEAR,EXACT,,,1,Tour de France n°97,Jouable à l’année.
EVT-1878,Victoire de l’Espagne à la Coupe du monde de football,4,3,TRUE,DAY,DAY,EXACT,,,0,,Jouable au jour.
EVT-1879,XXIe Jeux olympiques d’hiver à Vancouver,2,4,TRUE,YEAR,YEAR,EXACT,,,1,JO d’hiver de Vancouver,Jouable à l’année.
EVT-1880,63e cérémonie des British Academy Film Awards,1,4,TRUE,YEAR,YEAR,EXACT,,,1,BAFTA Film Awards n°63,Jouable à l’année.
EVT-1881,61e édition de la Berlinale,1,4,TRUE,YEAR,YEAR,EXACT,,,1,Festival de Berlin n°61,Jouable à l’année.
EVT-1882,36e cérémonie des César,1,4,TRUE,YEAR,YEAR,EXACT,,,1,César n°36,Jouable à l’année.
EVT-1883,56e Concours Eurovision de la chanson,1,4,TRUE,YEAR,YEAR,EXACT,,,1,Eurovision n°56,Jouable à l’année.
EVT-1884,62e saison du championnat du monde de Formule 1,1,4,TRUE,YEAR,YEAR,EXACT,,,1,Saison 62 de Formule 1,Jouable à l’année.
EVT-1885,83e cérémonie des Oscars,1,4,TRUE,YEAR,YEAR,EXACT,,,1,83e Academy Awards,Jouable à l’année.
EVT-1886,VIIe Coupe du monde de rugby organisée en Nouvelle-Zélande,2,4,TRUE,YEAR,YEAR,EXACT,,,1,Coupe du monde de rugby en Nouvelle-Zélande,Jouable à l’année.
EVT-1887,98e édition du Tour de France,1,4,TRUE,YEAR,YEAR,EXACT,,,1,Tour de France n°98,Jouable à l’année.
EVT-1888,Mort de Steve Jobs,3,3,TRUE,DAY,DAY,EXACT,,,0,,Jouable au jour.
EVT-1889,125e édition des Championnats de Wimbledon,1,4,TRUE,YEAR,YEAR,EXACT,,,1,Wimbledon n°125,Jouable à l’année.
EVT-1890,64e cérémonie des British Academy Film Awards,1,4,TRUE,YEAR,YEAR,EXACT,,,1,BAFTA Film Awards n°64,Jouable à l’année.
EVT-1891,37e cérémonie des César,1,4,TRUE,YEAR,YEAR,EXACT,,,1,César n°37,Jouable à l’année.
EVT-1892,63e saison du championnat du monde de Formule 1,1,4,TRUE,YEAR,YEAR,EXACT,,,1,Saison 63 de Formule 1,Jouable à l’année.
EVT-1893,Élection présidentielle française remportée par François Hollande,3,3,TRUE,YEAR,YEAR,EXACT,,,1,Victoire présidentielle de François Hollande,Jouable à l’année.
EVT-1894,69e cérémonie des Golden Globes,1,4,TRUE,YEAR,YEAR,EXACT,,,1,Golden Globes n°69,Jouable à l’année.
EVT-1895,54e cérémonie des Grammy Awards,1,4,TRUE,YEAR,YEAR,EXACT,,,1,Grammy Awards n°54,Jouable à l’année.
EVT-1896,84e cérémonie des Oscars,1,4,TRUE,YEAR,YEAR,EXACT,,,1,84e Academy Awards,Jouable à l’année.
EVT-1897,Super Bowl XLVI,1,4,TRUE,YEAR,YEAR,EXACT,,,1,46e Super Bowl,Jouable à l’année.
EVT-1898,XIVe Championnat d’Europe de football organisé en Pologne et Ukraine,2,4,TRUE,YEAR,YEAR,EXACT,,,1,Euro de football en Pologne et Ukraine,Jouable à l’année.
EVT-1899,57e élection présidentielle des États-Unis,2,4,TRUE,YEAR,YEAR,EXACT,,,1,Élection présidentielle américaine n°57,Jouable à l’année.
EVT-1900,Atterrissage du rover Curiosity sur Mars,4,3,TRUE,DAY,DAY,EXACT,,,0,,Jouable au jour.
EVT-1901,Gangnam Style devient la première vidéo YouTube à dépasser un milliard de vues,3,3,TRUE,DAY,DAY,EXACT,,,0,,Jouable au jour.
EVT-1902,Ouverture des Jeux olympiques de Londres,3,3,TRUE,DAY,DAY,EXACT,,,0,,Jouable au jour.
EVT-1903,63e édition de la Berlinale,1,4,TRUE,YEAR,YEAR,EXACT,,,1,Festival de Berlin n°63,Jouable à l’année.
EVT-1904,38e cérémonie des César,1,4,TRUE,YEAR,YEAR,EXACT,,,1,César n°38,Jouable à l’année.
EVT-1905,58e Concours Eurovision de la chanson,1,4,TRUE,YEAR,YEAR,EXACT,,,1,Eurovision n°58,Jouable à l’année.
EVT-1906,70e cérémonie des Golden Globes,1,4,TRUE,YEAR,YEAR,EXACT,,,1,Golden Globes n°70,Jouable à l’année.
EVT-1907,55e cérémonie des Grammy Awards,1,4,TRUE,YEAR,YEAR,EXACT,,,1,Grammy Awards n°55,Jouable à l’année.
EVT-1908,Super Bowl XLVII,1,4,TRUE,YEAR,YEAR,EXACT,,,1,47e Super Bowl,Jouable à l’année.
EVT-1909,100e édition du Tour de France,2,4,TRUE,YEAR,YEAR,EXACT,,,1,Tour de France n°100,Jouable à l’année.
EVT-1910,Lancement de la mission indienne Mars Orbiter Mission,3,3,TRUE,DAY,DAY,EXACT,,,0,,Jouable au jour.
EVT-1911,127e édition des Championnats de Wimbledon,1,4,TRUE,YEAR,YEAR,EXACT,,,1,Wimbledon n°127,Jouable à l’année.
EVT-1912,66e cérémonie des British Academy Film Awards,1,4,TRUE,YEAR,YEAR,EXACT,,,1,BAFTA Film Awards n°66,Jouable à l’année.
EVT-1913,64e édition de la Berlinale,1,4,TRUE,YEAR,YEAR,EXACT,,,1,Festival de Berlin n°64,Jouable à l’année.
EVT-1914,59e Concours Eurovision de la chanson,1,4,TRUE,YEAR,YEAR,EXACT,,,1,Eurovision n°59,Jouable à l’année.
EVT-1915,XXe Coupe du monde de football organisée en Brésil,3,3,TRUE,YEAR,YEAR,EXACT,,,0,,Jouable à l’année.
EVT-1916,65e saison du championnat du monde de Formule 1,1,4,TRUE,YEAR,YEAR,EXACT,,,1,Saison 65 de Formule 1,Jouable à l’année.
EVT-1917,71e cérémonie des Golden Globes,1,4,TRUE,YEAR,YEAR,EXACT,,,1,Golden Globes n°71,Jouable à l’année.
EVT-1918,56e cérémonie des Grammy Awards,1,4,TRUE,YEAR,YEAR,EXACT,,,1,Grammy Awards n°56,Jouable à l’année.
EVT-1919,86e cérémonie des Oscars,1,4,TRUE,YEAR,YEAR,EXACT,,,1,86e Academy Awards,Jouable à l’année.
EVT-1920,101e édition du Tour de France,1,4,TRUE,YEAR,YEAR,EXACT,,,1,Tour de France n°101,Jouable à l’année.
EVT-1921,L’OMS déclare l’épidémie d’Ebola en Afrique de l’Ouest urgence de santé publique,4,3,TRUE,DAY,DAY,EXACT,,,0,,Jouable au jour.
EVT-1922,Victoire de l’Allemagne à la Coupe du monde de football,3,3,TRUE,DAY,DAY,EXACT,,,0,,Jouable au jour.
EVT-1923,128e édition des Championnats de Wimbledon,1,4,TRUE,YEAR,YEAR,EXACT,,,1,Wimbledon n°128,Jouable à l’année.
EVT-1924,XXIIe Jeux olympiques d’hiver à Sotchi,2,4,TRUE,YEAR,YEAR,EXACT,,,1,JO d’hiver de Sotchi,Jouable à l’année.
EVT-1925,67e cérémonie des British Academy Film Awards,1,4,TRUE,YEAR,YEAR,EXACT,,,1,BAFTA Film Awards n°67,Jouable à l’année.
EVT-1926,65e édition de la Berlinale,1,4,TRUE,YEAR,YEAR,EXACT,,,1,Festival de Berlin n°65,Jouable à l’année.
EVT-1927,40e cérémonie des César,1,4,TRUE,YEAR,YEAR,EXACT,,,1,César n°40,Jouable à l’année.
EVT-1928,60e Concours Eurovision de la chanson,1,4,TRUE,YEAR,YEAR,EXACT,,,1,Eurovision n°60,Jouable à l’année.
EVT-1929,66e saison du championnat du monde de Formule 1,1,4,TRUE,YEAR,YEAR,EXACT,,,1,Saison 66 de Formule 1,Jouable à l’année.
EVT-1930,57e cérémonie des Grammy Awards,1,4,TRUE,YEAR,YEAR,EXACT,,,1,Grammy Awards n°57,Jouable à l’année.
EVT-1931,87e cérémonie des Oscars,1,4,TRUE,YEAR,YEAR,EXACT,,,1,87e Academy Awards,Jouable à l’année.
EVT-1932,VIIIe Coupe du monde de rugby organisée en Angleterre,2,4,TRUE,YEAR,YEAR,EXACT,,,1,Coupe du monde de rugby en Angleterre,Jouable à l’année.
EVT-1933,Super Bowl XLIX,1,4,TRUE,YEAR,YEAR,EXACT,,,1,49e Super Bowl,Jouable à l’année.
EVT-1934,102e édition du Tour de France,1,4,TRUE,YEAR,YEAR,EXACT,,,1,Tour de France n°102,Jouable à l’année.
EVT-1935,41e cérémonie des César,1,4,TRUE,YEAR,YEAR,EXACT,,,1,César n°41,Jouable à l’année.
EVT-1936,61e Concours Eurovision de la chanson,1,4,TRUE,YEAR,YEAR,EXACT,,,1,Eurovision n°61,Jouable à l’année.
EVT-1937,67e saison du championnat du monde de Formule 1,1,4,TRUE,YEAR,YEAR,EXACT,,,1,Saison 67 de Formule 1,Jouable à l’année.
EVT-1938,73e cérémonie des Golden Globes,1,4,TRUE,YEAR,YEAR,EXACT,,,1,Golden Globes n°73,Jouable à l’année.
EVT-1939,58e cérémonie des Grammy Awards,1,4,TRUE,YEAR,YEAR,EXACT,,,1,Grammy Awards n°58,Jouable à l’année.
EVT-1940,88e cérémonie des Oscars,1,4,TRUE,YEAR,YEAR,EXACT,,,1,88e Academy Awards,Jouable à l’année.
EVT-1941,Jeux olympiques d’été de la XXXIe Olympiade à Rio de Janeiro,2,4,TRUE,YEAR,YEAR,EXACT,,,1,JO d’été de Rio de Janeiro,Jouable à l’année.
EVT-1942,Super Bowl L,1,4,TRUE,YEAR,YEAR,EXACT,,,1,50e Super Bowl,Jouable à l’année.
EVT-1943,103e édition du Tour de France,1,4,TRUE,YEAR,YEAR,EXACT,,,1,Tour de France n°103,Jouable à l’année.
EVT-1944,XVe Championnat d’Europe de football organisé en France,2,4,TRUE,YEAR,YEAR,EXACT,,,0,,Jouable à l’année.
EVT-1945,58e élection présidentielle des États-Unis,2,4,TRUE,YEAR,YEAR,EXACT,,,1,Élection présidentielle américaine n°58,Jouable à l’année.
EVT-1946,Leicester City devient champion d’Angleterre de football,3,3,TRUE,DAY,DAY,CONVENTIONAL,,,0,,Jouable au jour.
EVT-1947,130e édition des Championnats de Wimbledon,1,4,TRUE,YEAR,YEAR,EXACT,,,1,Wimbledon n°130,Jouable à l’année.
EVT-1948,69e cérémonie des British Academy Film Awards,1,4,TRUE,YEAR,YEAR,EXACT,,,1,BAFTA Film Awards n°69,Jouable à l’année.
EVT-1949,67e édition de la Berlinale,1,4,TRUE,YEAR,YEAR,EXACT,,,1,Festival de Berlin n°67,Jouable à l’année.
EVT-1950,42e cérémonie des César,1,4,TRUE,YEAR,YEAR,EXACT,,,1,César n°42,Jouable à l’année.
EVT-1951,68e saison du championnat du monde de Formule 1,1,4,TRUE,YEAR,YEAR,EXACT,,,1,Saison 68 de Formule 1,Jouable à l’année.
EVT-1952,Élection présidentielle française remportée par Emmanuel Macron,3,3,TRUE,YEAR,YEAR,EXACT,,,0,,Jouable à l’année.
EVT-1953,89e cérémonie des Oscars,1,4,TRUE,YEAR,YEAR,EXACT,,,1,89e Academy Awards,Jouable à l’année.
EVT-1954,Le mouvement #MeToo devient viral sur les réseaux sociaux,4,3,TRUE,DAY,DAY,CONVENTIONAL,,,0,,Jouable au jour.
EVT-1955,Référendum d’indépendance de la Catalogne,4,3,TRUE,DAY,DAY,EXACT,,,0,,Jouable au jour.
EVT-1956,70e cérémonie des British Academy Film Awards,1,4,TRUE,YEAR,YEAR,EXACT,,,1,BAFTA Film Awards n°70,Jouable à l’année.
EVT-1957,68e édition de la Berlinale,1,4,TRUE,YEAR,YEAR,EXACT,,,1,Festival de Berlin n°68,Jouable à l’année.
EVT-1958,63e Concours Eurovision de la chanson,1,4,TRUE,YEAR,YEAR,EXACT,,,1,Eurovision n°63,Jouable à l’année.
EVT-1959,XXIe Coupe du monde de football organisée en Russie,3,3,TRUE,YEAR,YEAR,EXACT,,,1,Coupe du monde de football en Russie,Jouable à l’année.
EVT-1960,75e cérémonie des Golden Globes,1,4,TRUE,YEAR,YEAR,EXACT,,,1,Golden Globes n°75,Jouable à l’année.
EVT-1961,60e cérémonie des Grammy Awards,1,4,TRUE,YEAR,YEAR,EXACT,,,1,Grammy Awards n°60,Jouable à l’année.
EVT-1962,90e cérémonie des Oscars,2,4,TRUE,YEAR,YEAR,EXACT,,,1,90e Academy Awards,Jouable à l’année.
EVT-1963,Super Bowl LII,1,4,TRUE,YEAR,YEAR,EXACT,,,1,52e Super Bowl,Jouable à l’année.
EVT-1964,105e édition du Tour de France,1,4,TRUE,YEAR,YEAR,EXACT,,,1,Tour de France n°105,Jouable à l’année.
EVT-1965,Sommet de Singapour entre Donald Trump et Kim Jong-un,4,3,TRUE,DAY,DAY,EXACT,,,0,,Jouable au jour.
EVT-1966,132e édition des Championnats de Wimbledon,1,4,TRUE,YEAR,YEAR,EXACT,,,1,Wimbledon n°132,Jouable à l’année.
EVT-1967,XXIIIe Jeux olympiques d’hiver à Pyeongchang,2,4,TRUE,YEAR,YEAR,EXACT,,,1,JO d’hiver de Pyeongchang,Jouable à l’année.
EVT-1968,71e cérémonie des British Academy Film Awards,1,4,TRUE,YEAR,YEAR,EXACT,,,1,BAFTA Film Awards n°71,Jouable à l’année.
EVT-1969,44e cérémonie des César,1,4,TRUE,YEAR,YEAR,EXACT,,,1,César n°44,Jouable à l’année.
EVT-1970,64e Concours Eurovision de la chanson,1,4,TRUE,YEAR,YEAR,EXACT,,,1,Eurovision n°64,Jouable à l’année.
EVT-1971,70e saison du championnat du monde de Formule 1,1,4,TRUE,YEAR,YEAR,EXACT,,,1,Saison 70 de Formule 1,Jouable à l’année.
EVT-1972,76e cérémonie des Golden Globes,1,4,TRUE,YEAR,YEAR,EXACT,,,1,Golden Globes n°76,Jouable à l’année.
EVT-1973,61e cérémonie des Grammy Awards,1,4,TRUE,YEAR,YEAR,EXACT,,,1,Grammy Awards n°61,Jouable à l’année.
EVT-1974,91e cérémonie des Oscars,1,4,TRUE,YEAR,YEAR,EXACT,,,1,91e Academy Awards,Jouable à l’année.
EVT-1975,IXe Coupe du monde de rugby organisée en Japon,2,4,TRUE,YEAR,YEAR,EXACT,,,1,Coupe du monde de rugby en Japon,Jouable à l’année.
EVT-1976,Super Bowl LIII,1,4,TRUE,YEAR,YEAR,EXACT,,,1,53e Super Bowl,Jouable à l’année.
EVT-1977,106e édition du Tour de France,1,4,TRUE,YEAR,YEAR,EXACT,,,1,Tour de France n°106,Jouable à l’année.
EVT-1978,Attentats contre les mosquées de Christchurch,4,3,TRUE,DAY,DAY,EXACT,,,0,,Jouable au jour.
EVT-1979,133e édition des Championnats de Wimbledon,1,4,TRUE,YEAR,YEAR,EXACT,,,1,Wimbledon n°133,Jouable à l’année.
EVT-1980,70e édition de la Berlinale,1,4,TRUE,YEAR,YEAR,EXACT,,,1,Festival de Berlin n°70,Jouable à l’année.
EVT-1981,45e cérémonie des César,1,4,TRUE,YEAR,YEAR,EXACT,,,1,César n°45,Jouable à l’année.
EVT-1982,71e saison du championnat du monde de Formule 1,1,4,TRUE,YEAR,YEAR,EXACT,,,1,Saison 71 de Formule 1,Jouable à l’année.
EVT-1983,77e cérémonie des Golden Globes,1,4,TRUE,YEAR,YEAR,EXACT,,,1,Golden Globes n°77,Jouable à l’année.
EVT-1984,62e cérémonie des Grammy Awards,1,4,TRUE,YEAR,YEAR,EXACT,,,1,Grammy Awards n°62,Jouable à l’année.
EVT-1985,92e cérémonie des Oscars,1,4,TRUE,YEAR,YEAR,EXACT,,,1,92e Academy Awards,Jouable à l’année.
EVT-1986,107e édition du Tour de France,1,4,TRUE,YEAR,YEAR,EXACT,,,1,Tour de France n°107,Jouable à l’année.
EVT-1987,59e élection présidentielle des États-Unis,2,4,TRUE,YEAR,YEAR,EXACT,,,1,Élection présidentielle américaine n°59,Jouable à l’année.
EVT-1988,73e cérémonie des British Academy Film Awards,1,4,TRUE,YEAR,YEAR,EXACT,,,1,BAFTA Film Awards n°73,Jouable à l’année.
EVT-1989,71e édition de la Berlinale,1,4,TRUE,YEAR,YEAR,EXACT,,,1,Festival de Berlin n°71,Jouable à l’année.
EVT-1990,46e cérémonie des César,1,4,TRUE,YEAR,YEAR,EXACT,,,1,César n°46,Jouable à l’année.
EVT-1991,65e Concours Eurovision de la chanson,1,4,TRUE,YEAR,YEAR,EXACT,,,1,Eurovision n°65,Jouable à l’année.
EVT-1992,72e saison du championnat du monde de Formule 1,1,4,TRUE,YEAR,YEAR,EXACT,,,1,Saison 72 de Formule 1,Jouable à l’année.
EVT-1993,63e cérémonie des Grammy Awards,1,4,TRUE,YEAR,YEAR,EXACT,,,1,Grammy Awards n°63,Jouable à l’année.
EVT-1994,Super Bowl LV,1,4,TRUE,YEAR,YEAR,EXACT,,,1,55e Super Bowl,Jouable à l’année.
EVT-1995,108e édition du Tour de France,1,4,TRUE,YEAR,YEAR,EXACT,,,1,Tour de France n°108,Jouable à l’année.
EVT-1996,XVIe Championnat d’Europe de football organisé en plusieurs pays européens,2,4,TRUE,YEAR,YEAR,EXACT,,,1,Euro de football en plusieurs pays européens,Jouable à l’année.
EVT-1997,Ouverture des Jeux olympiques de Tokyo 2020 reportés,3,3,TRUE,DAY,DAY,EXACT,,,0,,Jouable au jour.
EVT-1998,74e cérémonie des British Academy Film Awards,1,4,TRUE,YEAR,YEAR,EXACT,,,1,BAFTA Film Awards n°74,Jouable à l’année.
EVT-1999,72e édition de la Berlinale,1,4,TRUE,YEAR,YEAR,EXACT,,,1,Festival de Berlin n°72,Jouable à l’année.
EVT-2000,47e cérémonie des César,1,4,TRUE,YEAR,YEAR,EXACT,,,1,César n°47,Jouable à l’année.
EVT-2001,66e Concours Eurovision de la chanson,1,4,TRUE,YEAR,YEAR,EXACT,,,1,Eurovision n°66,Jouable à l’année.
EVT-2002,XXIIe Coupe du monde de football organisée en Qatar,3,3,TRUE,YEAR,YEAR,EXACT,,,1,Coupe du monde de football en Qatar,Jouable à l’année.
EVT-2003,73e saison du championnat du monde de Formule 1,1,4,TRUE,YEAR,YEAR,EXACT,,,1,Saison 73 de Formule 1,Jouable à l’année.
EVT-2004,Élection présidentielle française remportée par Emmanuel Macron,3,3,TRUE,YEAR,YEAR,EXACT,,,0,,Jouable à l’année.
EVT-2005,79e cérémonie des Golden Globes,1,4,TRUE,YEAR,YEAR,EXACT,,,1,Golden Globes n°79,Jouable à l’année.
EVT-2006,94e cérémonie des Oscars,1,4,TRUE,YEAR,YEAR,EXACT,,,1,94e Academy Awards,Jouable à l’année.
EVT-2007,Super Bowl LVI,1,4,TRUE,YEAR,YEAR,EXACT,,,1,56e Super Bowl,Jouable à l’année.
EVT-2008,Mort de la reine Élisabeth II,4,3,TRUE,DAY,DAY,EXACT,,,0,,Jouable au jour.
EVT-2009,Victoire de l’Argentine à la Coupe du monde de football,4,3,TRUE,DAY,DAY,EXACT,,,0,,Jouable au jour.
EVT-2010,135e édition des Championnats de Wimbledon,1,4,TRUE,YEAR,YEAR,EXACT,,,1,Wimbledon n°135,Jouable à l’année.
EVT-2011,XXIVe Jeux olympiques d’hiver à Pékin,2,4,TRUE,YEAR,YEAR,EXACT,,,1,JO d’hiver de Pékin,Jouable à l’année.
EVT-2012,65e cérémonie des Grammy Awards,1,4,TRUE,YEAR,YEAR,EXACT,,,1,Grammy Awards n°65,Jouable à l’année.
EVT-2013,95e cérémonie des Oscars,1,4,TRUE,YEAR,YEAR,EXACT,,,1,95e Academy Awards,Jouable à l’année.
EVT-2014,Xe Coupe du monde de rugby organisée en France,2,4,TRUE,YEAR,YEAR,EXACT,,,0,,Jouable à l’année.
EVT-2015,110e édition du Tour de France,1,4,TRUE,YEAR,YEAR,EXACT,,,1,Tour de France n°110,Jouable à l’année.
EVT-2016,Couronnement de Charles III,4,3,TRUE,DAY,DAY,EXACT,,,0,,Jouable au jour.
EVT-2017,136e édition des Championnats de Wimbledon,1,4,TRUE,YEAR,YEAR,EXACT,,,1,Wimbledon n°136,Jouable à l’année.
EVT-2018,76e cérémonie des British Academy Film Awards,1,4,TRUE,YEAR,YEAR,EXACT,,,1,BAFTA Film Awards n°76,Jouable à l’année.
EVT-2019,74e édition de la Berlinale,1,4,TRUE,YEAR,YEAR,EXACT,,,1,Festival de Berlin n°74,Jouable à l’année.
EVT-2020,49e cérémonie des César,1,4,TRUE,YEAR,YEAR,EXACT,,,1,César n°49,Jouable à l’année.
EVT-2021,68e Concours Eurovision de la chanson,1,4,TRUE,YEAR,YEAR,EXACT,,,1,Eurovision n°68,Jouable à l’année.
EVT-2022,75e saison du championnat du monde de Formule 1,1,4,TRUE,YEAR,YEAR,EXACT,,,1,Saison 75 de Formule 1,Jouable à l’année.
EVT-2023,81e cérémonie des Golden Globes,1,4,TRUE,YEAR,YEAR,EXACT,,,1,Golden Globes n°81,Jouable à l’année.
EVT-2024,66e cérémonie des Grammy Awards,1,4,TRUE,YEAR,YEAR,EXACT,,,1,Grammy Awards n°66,Jouable à l’année.
EVT-2025,96e cérémonie des Oscars,1,4,TRUE,YEAR,YEAR,EXACT,,,1,96e Academy Awards,Jouable à l’année.
EVT-2026,Super Bowl LVIII,1,4,TRUE,YEAR,YEAR,EXACT,,,1,58e Super Bowl,Jouable à l’année.
EVT-2027,111e édition du Tour de France,1,4,TRUE,YEAR,YEAR,EXACT,,,1,Tour de France n°111,Jouable à l’année.
EVT-2028,XVIIe Championnat d’Europe de football organisé en Allemagne,2,4,TRUE,YEAR,YEAR,EXACT,,,1,Euro de football en Allemagne,Jouable à l’année.
EVT-2029,60e élection présidentielle des États-Unis,2,4,TRUE,YEAR,YEAR,EXACT,,,1,Élection présidentielle américaine n°60,Jouable à l’année.
EVT-2030,Ouverture des Jeux olympiques de Paris 2024,4,3,TRUE,DAY,DAY,EXACT,,,0,,Jouable au jour.
EVT-2031,77e cérémonie des British Academy Film Awards,1,4,TRUE,YEAR,YEAR,EXACT,,,1,BAFTA Film Awards n°77,Jouable à l’année.
EVT-2032,75e édition de la Berlinale,1,4,TRUE,YEAR,YEAR,EXACT,,,1,Festival de Berlin n°75,Jouable à l’année.
EVT-2033,50e cérémonie des César,1,4,TRUE,YEAR,YEAR,EXACT,,,1,César n°50,Jouable à l’année.
EVT-2034,69e Concours Eurovision de la chanson,1,4,TRUE,YEAR,YEAR,EXACT,,,1,Eurovision n°69,Jouable à l’année.
EVT-2035,76e saison du championnat du monde de Formule 1,1,4,TRUE,YEAR,YEAR,EXACT,,,1,Saison 76 de Formule 1,Jouable à l’année.
EVT-2036,82e cérémonie des Golden Globes,1,4,TRUE,YEAR,YEAR,EXACT,,,1,Golden Globes n°82,Jouable à l’année.
EVT-2037,67e cérémonie des Grammy Awards,1,4,TRUE,YEAR,YEAR,EXACT,,,1,Grammy Awards n°67,Jouable à l’année.
EVT-2038,97e cérémonie des Oscars,1,4,TRUE,YEAR,YEAR,EXACT,,,1,97e Academy Awards,Jouable à l’année.
EVT-2039,Super Bowl LIX,1,4,TRUE,YEAR,YEAR,EXACT,,,1,59e Super Bowl,Jouable à l’année.
EVT-2040,112e édition du Tour de France,1,4,TRUE,YEAR,YEAR,EXACT,,,1,Tour de France n°112,Jouable à l’année.
EVT-2041,138e édition des Championnats de Wimbledon,1,4,TRUE,YEAR,YEAR,EXACT,,,1,Wimbledon n°138,Jouable à l’année.
EVT-2042,Occupation du village agricole de Çatalhöyük (tertre oriental),3,4,TRUE,RANGE,YEAR_RANGE,APPROXIMATE,6e,COMPLEMENT_SCHOOL_CORPUS,3,Occupation néolithique de Çatalhöyük Est;Village agricole de Çatal Höyük (tertre oriental);Çatalhöyük Est,"Plage archéologique approximative explicitement définie et validée : réponse en RANGE, sans réduire à une année exacte."
