event_tag_id,event_id,tag_id,assignment_method,confidence,notes
ETAG-02655,EVT-0001,TAG-0107,SEMANTIC_RULE,HIGH,Direct title/context/manual semantic match.
ETAG-02656,EVT-0001,TAG-0138,SEMANTIC_RULE,HIGH,Direct title/context/manual semantic match.
ETAG-02657,EVT-0001,TAG-0106,SEMANTIC_RULE,HIGH,Direct title/context/manual semantic match.
ETAG-02658,EVT-0001,TAG-0108,SEMANTIC_RULE,HIGH,Direct title/context/manual semantic match.
ETAG-02659,EVT-0001,TAG-0110,CURRICULUM_THEME_INFERENCE,MEDIUM,Inferred from curriculum theme; suitable for broad filtering.
ETAG-02660,EVT-0001,TAG-0154,CURRICULUM_THEME_INFERENCE,MEDIUM,Broad geography inferred from curriculum theme/context.
ETAG-02661,EVT-0001,TAG-0157,V14_FINAL_SEMANTIC_AUDIT,HIGH,Promoted to HIGH in final school-corpus semantic audit.
ETAG-02662,EVT-0002,TAG-0107,SEMANTIC_RULE,HIGH,Direct title/context/manual semantic match.
ETAG-02663,EVT-0002,TAG-0106,SEMANTIC_RULE,HIGH,Direct title/context/manual semantic match.
ETAG-02664,EVT-0002,TAG-0108,SEMANTIC_RULE,HIGH,Direct title/context/manual semantic match.
ETAG-02665,EVT-0002,TAG-0110,CURRICULUM_THEME_INFERENCE,MEDIUM,Inferred from curriculum theme; suitable for broad filtering.
ETAG-02666,EVT-0002,TAG-0154,CURRICULUM_THEME_INFERENCE,MEDIUM,Broad geography inferred from curriculum theme/context.
ETAG-02667,EVT-0002,TAG-0157,V14_FINAL_SEMANTIC_AUDIT,HIGH,Promoted to HIGH in final school-corpus semantic audit.
ETAG-02668,EVT-0003,TAG-0107,SEMANTIC_RULE,HIGH,Direct title/context/manual semantic match.
ETAG-02669,EVT-0003,TAG-0126,SEMANTIC_RULE,HIGH,Direct title/context/manual semantic match.
ETAG-02670,EVT-0003,TAG-0109,SEMANTIC_RULE,HIGH,Direct title/context/manual semantic match.
ETAG-02671,EVT-0003,TAG-0106,SEMANTIC_RULE,HIGH,Direct title/context/manual semantic match.
ETAG-02672,EVT-0003,TAG-0123,SEMANTIC_RULE,HIGH,Direct title/context/manual semantic match.
ETAG-02673,EVT-0003,TAG-0108,SEMANTIC_RULE,HIGH,Direct title/context/manual semantic match.
ETAG-02674,EVT-0003,TAG-0110,CURRICULUM_THEME_INFERENCE,MEDIUM,Inferred from curriculum theme; suitable for broad filtering.
ETAG-02675,EVT-0003,TAG-0154,GEOGRAPHY_RULE,HIGH,Direct place/entity/manual geography match.
ETAG-02676,EVT-0003,TAG-0157,GEOGRAPHY_RULE,HIGH,Direct place/entity/manual geography match.
ETAG-02677,EVT-0004,TAG-0107,SEMANTIC_RULE,HIGH,Direct title/context/manual semantic match.
ETAG-02678,EVT-0004,TAG-0126,SEMANTIC_RULE,HIGH,Direct title/context/manual semantic match.
ETAG-02679,EVT-0004,TAG-0109,SEMANTIC_RULE,HIGH,Direct title/context/manual semantic match.
ETAG-02680,EVT-0004,TAG-0106,SEMANTIC_RULE,HIGH,Direct title/context/manual semantic match.
ETAG-02681,EVT-0004,TAG-0123,SEMANTIC_RULE,HIGH,Direct title/context/manual semantic match.
ETAG-02682,EVT-0004,TAG-0108,SEMANTIC_RULE,HIGH,Direct title/context/manual semantic match.
ETAG-02683,EVT-0004,TAG-0110,CURRICULUM_THEME_INFERENCE,MEDIUM,Inferred from curriculum theme; suitable for broad filtering.
ETAG-02684,EVT-0004,TAG-0154,GEOGRAPHY_RULE,HIGH,Direct place/entity/manual geography match.
ETAG-02685,EVT-0004,TAG-0157,GEOGRAPHY_RULE,HIGH,Direct place/entity/manual geography match.
ETAG-02686,EVT-0005,TAG-0120,SEMANTIC_RULE,HIGH,Direct title/context/manual semantic match.
ETAG-02687,EVT-0005,TAG-0107,SEMANTIC_RULE,HIGH,Direct title/context/manual semantic match.
ETAG-02688,EVT-0005,TAG-0109,SEMANTIC_RULE,HIGH,Direct title/context/manual semantic match.
ETAG-02689,EVT-0005,TAG-0106,SEMANTIC_RULE,HIGH,Direct title/context/manual semantic match.
ETAG-02690,EVT-0005,TAG-0119,SEMANTIC_RULE,HIGH,Direct title/context/manual semantic match.
ETAG-02691,EVT-0005,TAG-0123,SEMANTIC_RULE,HIGH,Direct title/context/manual semantic match.
ETAG-02692,EVT-0005,TAG-0108,SEMANTIC_RULE,HIGH,Direct title/context/manual semantic match.
ETAG-02693,EVT-0005,TAG-0110,CURRICULUM_THEME_INFERENCE,MEDIUM,Inferred from curriculum theme; suitable for broad filtering.
ETAG-02694,EVT-0005,TAG-0154,GEOGRAPHY_RULE,HIGH,Direct place/entity/manual geography match.
ETAG-02695,EVT-0005,TAG-0157,GEOGRAPHY_RULE,HIGH,Direct place/entity/manual geography match.
ETAG-02696,EVT-0006,TAG-0107,SEMANTIC_RULE,HIGH,Direct title/context/manual semantic match.
ETAG-02697,EVT-0006,TAG-0114,SEMANTIC_RULE,HIGH,Direct title/context/manual semantic match.
ETAG-02698,EVT-0006,TAG-0109,SEMANTIC_RULE,HIGH,Direct title/context/manual semantic match.
ETAG-02699,EVT-0006,TAG-0106,SEMANTIC_RULE,HIGH,Direct title/context/manual semantic match.
ETAG-02700,EVT-0006,TAG-0110,SEMANTIC_RULE,HIGH,Direct title/context/manual semantic match.
ETAG-02701,EVT-0006,TAG-0123,SEMANTIC_RULE,HIGH,Direct title/context/manual semantic match.
ETAG-02702,EVT-0006,TAG-0108,SEMANTIC_RULE,HIGH,Direct title/context/manual semantic match.
ETAG-02703,EVT-0006,TAG-0125,SEMANTIC_RULE,HIGH,Direct title/context/manual semantic match.
ETAG-02704,EVT-0006,TAG-0154,GEOGRAPHY_RULE,HIGH,Direct place/entity/manual geography match.
ETAG-02705,EVT-0006,TAG-0157,GEOGRAPHY_RULE,HIGH,Direct place/entity/manual geography match.
ETAG-02706,EVT-0007,TAG-0107,SEMANTIC_RULE,HIGH,Direct title/context/manual semantic match.
ETAG-02707,EVT-0007,TAG-0106,SEMANTIC_RULE,HIGH,Direct title/context/manual semantic match.
ETAG-02708,EVT-0007,TAG-0110,SEMANTIC_RULE,HIGH,Direct title/context/manual semantic match.
ETAG-02709,EVT-0007,TAG-0123,SEMANTIC_RULE,HIGH,Direct title/context/manual semantic match.
ETAG-02710,EVT-0007,TAG-0108,SEMANTIC_RULE,HIGH,Direct title/context/manual semantic match.
ETAG-02711,EVT-0007,TAG-0125,SEMANTIC_RULE,HIGH,Direct title/context/manual semantic match.
ETAG-02712,EVT-0007,TAG-0154,GEOGRAPHY_RULE,HIGH,Direct place/entity/manual geography match.
ETAG-02713,EVT-0007,TAG-0157,GEOGRAPHY_RULE,HIGH,Direct place/entity/manual geography match.
ETAG-02714,EVT-0008,TAG-0107,SEMANTIC_RULE,HIGH,Direct title/context/manual semantic match.
ETAG-02715,EVT-0008,TAG-0106,SEMANTIC_RULE,HIGH,Direct title/context/manual semantic match.
ETAG-02716,EVT-0008,TAG-0110,SEMANTIC_RULE,HIGH,Direct title/context/manual semantic match.
ETAG-02717,EVT-0008,TAG-0123,SEMANTIC_RULE,HIGH,Direct title/context/manual semantic match.
ETAG-02718,EVT-0008,TAG-0108,SEMANTIC_RULE,HIGH,Direct title/context/manual semantic match.
ETAG-02719,EVT-0008,TAG-0125,SEMANTIC_RULE,HIGH,Direct title/context/manual semantic match.
ETAG-02720,EVT-0008,TAG-0154,GEOGRAPHY_RULE,HIGH,Direct place/entity/manual geography match.
ETAG-02721,EVT-0008,TAG-0157,GEOGRAPHY_RULE,HIGH,Direct place/entity/manual geography match.
ETAG-02722,EVT-0009,TAG-0121,SEMANTIC_RULE,HIGH,Direct title/context/manual semantic match.
ETAG-02723,EVT-0009,TAG-0134,SEMANTIC_RULE,HIGH,Direct title/context/manual semantic match.
ETAG-02724,EVT-0009,TAG-0122,SEMANTIC_RULE,HIGH,Direct title/context/manual semantic match.
ETAG-02725,EVT-0009,TAG-0113,SEMANTIC_RULE,HIGH,Direct title/context/manual semantic match.
ETAG-02726,EVT-0009,TAG-0116,CURRICULUM_THEME_INFERENCE,MEDIUM,Inferred from curriculum theme; suitable for broad filtering.
ETAG-02727,EVT-0009,TAG-0142,CURRICULUM_THEME_INFERENCE,MEDIUM,Inferred from curriculum theme; suitable for broad filtering.
ETAG-02728,EVT-0009,TAG-0123,CURRICULUM_THEME_INFERENCE,MEDIUM,Inferred from curriculum theme; suitable for broad filtering.
ETAG-02729,EVT-0009,TAG-0154,GEOGRAPHY_RULE,HIGH,Direct place/entity/manual geography match.
ETAG-02730,EVT-0009,TAG-0157,GEOGRAPHY_RULE,HIGH,Direct place/entity/manual geography match.
ETAG-02731,EVT-0009,TAG-0158,GEOGRAPHY_RULE,HIGH,Direct place/entity/manual geography match.
ETAG-02732,EVT-0009,TAG-0156,CURRICULUM_THEME_INFERENCE,MEDIUM,Broad geography inferred from curriculum theme/context.
ETAG-02733,EVT-0009,TAG-0153,CURRICULUM_THEME_INFERENCE,MEDIUM,Broad geography inferred from curriculum theme/context.
ETAG-02734,EVT-0010,TAG-0121,SEMANTIC_RULE,HIGH,Direct title/context/manual semantic match.
ETAG-02735,EVT-0010,TAG-0134,SEMANTIC_RULE,HIGH,Direct title/context/manual semantic match.
ETAG-02736,EVT-0010,TAG-0122,SEMANTIC_RULE,HIGH,Direct title/context/manual semantic match.
ETAG-02737,EVT-0010,TAG-0113,SEMANTIC_RULE,HIGH,Direct title/context/manual semantic match.
ETAG-02738,EVT-0010,TAG-0142,CURRICULUM_THEME_INFERENCE,MEDIUM,Inferred from curriculum theme; suitable for broad filtering.
ETAG-02739,EVT-0010,TAG-0123,CURRICULUM_THEME_INFERENCE,MEDIUM,Inferred from curriculum theme; suitable for broad filtering.
ETAG-02740,EVT-0010,TAG-0154,GEOGRAPHY_RULE,HIGH,Direct place/entity/manual geography match.
ETAG-02741,EVT-0010,TAG-0157,GEOGRAPHY_RULE,HIGH,Direct place/entity/manual geography match.
ETAG-02742,EVT-0010,TAG-0153,CURRICULUM_THEME_INFERENCE,MEDIUM,Broad geography inferred from curriculum theme/context.
ETAG-02743,EVT-0011,TAG-0121,SEMANTIC_RULE,HIGH,Direct title/context/manual semantic match.
ETAG-02744,EVT-0011,TAG-0122,SEMANTIC_RULE,HIGH,Direct title/context/manual semantic match.
ETAG-02745,EVT-0011,TAG-0123,SEMANTIC_RULE,HIGH,Direct title/context/manual semantic match.
ETAG-02746,EVT-0011,TAG-0140,SEMANTIC_RULE,HIGH,Direct title/context/manual semantic match.
ETAG-02747,EVT-0011,TAG-0154,GEOGRAPHY_RULE,HIGH,Direct place/entity/manual geography match.
ETAG-02748,EVT-0011,TAG-0157,GEOGRAPHY_RULE,HIGH,Direct place/entity/manual geography match.
ETAG-02749,EVT-0012,TAG-0111,SEMANTIC_RULE,HIGH,Direct title/context/manual semantic match.
ETAG-02750,EVT-0012,TAG-0136,CURRICULUM_THEME_INFERENCE,MEDIUM,Inferred from curriculum theme; suitable for broad filtering.
ETAG-02751,EVT-0012,TAG-0138,CURRICULUM_THEME_INFERENCE,MEDIUM,Inferred from curriculum theme; suitable for broad filtering.
ETAG-02752,EVT-0012,TAG-0148,CURATED_CONTEXT,HIGH,Curated historical-context membership.
ETAG-02753,EVT-0012,TAG-0154,V14_FINAL_SEMANTIC_AUDIT,HIGH,Promoted to HIGH in final school-corpus semantic audit.
ETAG-02754,EVT-0012,TAG-0157,CURRICULUM_THEME_INFERENCE,MEDIUM,Broad geography inferred from curriculum theme/context.
ETAG-02755,EVT-0012,TAG-0153,CURRICULUM_THEME_INFERENCE,MEDIUM,Broad geography inferred from curriculum theme/context.
ETAG-02756,EVT-0013,TAG-0111,SEMANTIC_RULE,HIGH,Direct title/context/manual semantic match.
ETAG-02757,EVT-0013,TAG-0136,CURRICULUM_THEME_INFERENCE,MEDIUM,Inferred from curriculum theme; suitable for broad filtering.
ETAG-02758,EVT-0013,TAG-0149,CURATED_CONTEXT,HIGH,Curated historical-context membership.
ETAG-02759,EVT-0013,TAG-0154,CURRICULUM_THEME_INFERENCE,MEDIUM,Broad geography inferred from curriculum theme/context.
ETAG-02760,EVT-0013,TAG-0157,CURRICULUM_THEME_INFERENCE,MEDIUM,Broad geography inferred from curriculum theme/context.
ETAG-02761,EVT-0013,TAG-0153,V14_FINAL_SEMANTIC_AUDIT,HIGH,Promoted to HIGH in final school-corpus semantic audit.
ETAG-02762,EVT-0014,TAG-0107,SEMANTIC_RULE,HIGH,Direct title/context/manual semantic match.
ETAG-02763,EVT-0014,TAG-0147,SEMANTIC_RULE,HIGH,Direct title/context/manual semantic match.
ETAG-02764,EVT-0014,TAG-0111,SEMANTIC_RULE,HIGH,Direct title/context/manual semantic match.
ETAG-02765,EVT-0014,TAG-0136,CURRICULUM_THEME_INFERENCE,MEDIUM,Inferred from curriculum theme; suitable for broad filtering.
ETAG-02766,EVT-0014,TAG-0106,CURRICULUM_THEME_INFERENCE,MEDIUM,Inferred from curriculum theme; suitable for broad filtering.
ETAG-02767,EVT-0014,TAG-0149,CURATED_CONTEXT,HIGH,Curated historical-context membership.
ETAG-02768,EVT-0014,TAG-0154,GEOGRAPHY_RULE,HIGH,Direct place/entity/manual geography match.
ETAG-02769,EVT-0014,TAG-0157,GEOGRAPHY_RULE,HIGH,Direct place/entity/manual geography match.
ETAG-02770,EVT-0014,TAG-0153,CURRICULUM_THEME_INFERENCE,MEDIUM,Broad geography inferred from curriculum theme/context.
ETAG-02771,EVT-0015,TAG-0137,SEMANTIC_RULE,HIGH,Direct title/context/manual semantic match.
ETAG-02772,EVT-0015,TAG-0136,CURRICULUM_THEME_INFERENCE,MEDIUM,Inferred from curriculum theme; suitable for broad filtering.
ETAG-02773,EVT-0015,TAG-0111,CURRICULUM_THEME_INFERENCE,MEDIUM,Inferred from curriculum theme; suitable for broad filtering.
ETAG-02774,EVT-0015,TAG-0149,CURATED_CONTEXT,HIGH,Curated historical-context membership.
ETAG-02775,EVT-0015,TAG-0154,CURRICULUM_THEME_INFERENCE,MEDIUM,Broad geography inferred from curriculum theme/context.
ETAG-02776,EVT-0015,TAG-0157,V14_FINAL_SEMANTIC_AUDIT,HIGH,Promoted to HIGH in final school-corpus semantic audit.
ETAG-02777,EVT-0015,TAG-0153,CURRICULUM_THEME_INFERENCE,MEDIUM,Broad geography inferred from curriculum theme/context.
ETAG-02778,EVT-0016,TAG-0143,SEMANTIC_RULE,HIGH,Direct title/context/manual semantic match.
ETAG-02779,EVT-0016,TAG-0136,CURRICULUM_THEME_INFERENCE,MEDIUM,Inferred from curriculum theme; suitable for broad filtering.
ETAG-02780,EVT-0016,TAG-0111,CURRICULUM_THEME_INFERENCE,MEDIUM,Inferred from curriculum theme; suitable for broad filtering.
ETAG-02781,EVT-0016,TAG-0149,CURATED_CONTEXT,HIGH,Curated historical-context membership.
ETAG-02782,EVT-0016,TAG-0154,GEOGRAPHY_RULE,HIGH,Direct place/entity/manual geography match.
ETAG-02783,EVT-0016,TAG-0157,GEOGRAPHY_RULE,HIGH,Direct place/entity/manual geography match.
ETAG-02784,EVT-0016,TAG-0153,CURRICULUM_THEME_INFERENCE,MEDIUM,Broad geography inferred from curriculum theme/context.
ETAG-02785,EVT-0017,TAG-0112,SEMANTIC_RULE,HIGH,Direct title/context/manual semantic match.
ETAG-02786,EVT-0017,TAG-0111,SEMANTIC_RULE,HIGH,Direct title/context/manual semantic match.
ETAG-02787,EVT-0017,TAG-0136,CURRICULUM_THEME_INFERENCE,MEDIUM,Inferred from curriculum theme; suitable for broad filtering.
ETAG-02788,EVT-0017,TAG-0149,CURATED_CONTEXT,HIGH,Curated historical-context membership.
ETAG-02789,EVT-0017,TAG-0154,GEOGRAPHY_RULE,HIGH,Direct place/entity/manual geography match.
ETAG-02790,EVT-0017,TAG-0157,GEOGRAPHY_RULE,HIGH,Direct place/entity/manual geography match.
ETAG-02791,EVT-0017,TAG-0153,CURRICULUM_THEME_INFERENCE,MEDIUM,Broad geography inferred from curriculum theme/context.
ETAG-02792,EVT-0018,TAG-0114,SEMANTIC_RULE,HIGH,Direct title/context/manual semantic match.
ETAG-02793,EVT-0018,TAG-0117,CURRICULUM_THEME_INFERENCE,MEDIUM,Inferred from curriculum theme; suitable for broad filtering.
ETAG-02794,EVT-0018,TAG-0136,CURRICULUM_THEME_INFERENCE,MEDIUM,Inferred from curriculum theme; suitable for broad filtering.
ETAG-02795,EVT-0018,TAG-0142,CURRICULUM_THEME_INFERENCE,MEDIUM,Inferred from curriculum theme; suitable for broad filtering.
ETAG-02796,EVT-0018,TAG-0135,CURRICULUM_THEME_INFERENCE,MEDIUM,Inferred from curriculum theme; suitable for broad filtering.
ETAG-02797,EVT-0018,TAG-0111,CURRICULUM_THEME_INFERENCE,MEDIUM,Inferred from curriculum theme; suitable for broad filtering.
ETAG-02798,EVT-0018,TAG-0154,CURRICULUM_THEME_INFERENCE,MEDIUM,Broad geography inferred from curriculum theme/context.
ETAG-02799,EVT-0018,TAG-0157,V14_FINAL_SEMANTIC_AUDIT,HIGH,Promoted to HIGH in final school-corpus semantic audit.
ETAG-02800,EVT-0018,TAG-0153,CURRICULUM_THEME_INFERENCE,MEDIUM,Broad geography inferred from curriculum theme/context.
ETAG-02801,EVT-0022,TAG-0132,SEMANTIC_RULE,HIGH,Direct title/context/manual semantic match.
ETAG-02802,EVT-0022,TAG-0144,SEMANTIC_RULE,HIGH,Direct title/context/manual semantic match.
ETAG-02803,EVT-0022,TAG-0110,SEMANTIC_RULE,HIGH,Direct title/context/manual semantic match.
ETAG-02804,EVT-0022,TAG-0107,CURRICULUM_THEME_INFERENCE,MEDIUM,Inferred from curriculum theme; suitable for broad filtering.
ETAG-02805,EVT-0022,TAG-0119,CURRICULUM_THEME_INFERENCE,MEDIUM,Inferred from curriculum theme; suitable for broad filtering.
ETAG-02806,EVT-0022,TAG-0108,CURRICULUM_THEME_INFERENCE,MEDIUM,Inferred from curriculum theme; suitable for broad filtering.
ETAG-02807,EVT-0022,TAG-0154,GEOGRAPHY_RULE,HIGH,Direct place/entity/manual geography match.
ETAG-02808,EVT-0022,TAG-0161,GEOGRAPHY_RULE,HIGH,Direct place/entity/manual geography match.
ETAG-02809,EVT-0022,TAG-0155,GEOGRAPHY_RULE,HIGH,Direct place/entity/manual geography match.
ETAG-02810,EVT-0023,TAG-0110,SEMANTIC_RULE,HIGH,Direct title/context/manual semantic match.
ETAG-02811,EVT-0023,TAG-0145,SEMANTIC_RULE,HIGH,Direct title/context/manual semantic match.
ETAG-02812,EVT-0023,TAG-0132,CURRICULUM_THEME_INFERENCE,MEDIUM,Inferred from curriculum theme; suitable for broad filtering.
ETAG-02813,EVT-0023,TAG-0107,CURRICULUM_THEME_INFERENCE,MEDIUM,Inferred from curriculum theme; suitable for broad filtering.
ETAG-02814,EVT-0023,TAG-0119,CURRICULUM_THEME_INFERENCE,MEDIUM,Inferred from curriculum theme; suitable for broad filtering.
ETAG-02815,EVT-0023,TAG-0108,CURRICULUM_THEME_INFERENCE,MEDIUM,Inferred from curriculum theme; suitable for broad filtering.
ETAG-02816,EVT-0023,TAG-0154,GEOGRAPHY_RULE,HIGH,Direct place/entity/manual geography match.
ETAG-02817,EVT-0023,TAG-0161,GEOGRAPHY_RULE,HIGH,Direct place/entity/manual geography match.
ETAG-02818,EVT-0023,TAG-0155,GEOGRAPHY_RULE,HIGH,Direct place/entity/manual geography match.
ETAG-02819,EVT-0024,TAG-0110,SEMANTIC_RULE,HIGH,Direct title/context/manual semantic match.
ETAG-02820,EVT-0024,TAG-0132,CURRICULUM_THEME_INFERENCE,MEDIUM,Inferred from curriculum theme; suitable for broad filtering.
ETAG-02821,EVT-0024,TAG-0107,CURRICULUM_THEME_INFERENCE,MEDIUM,Inferred from curriculum theme; suitable for broad filtering.
ETAG-02822,EVT-0024,TAG-0119,CURRICULUM_THEME_INFERENCE,MEDIUM,Inferred from curriculum theme; suitable for broad filtering.
ETAG-02823,EVT-0024,TAG-0108,CURRICULUM_THEME_INFERENCE,MEDIUM,Inferred from curriculum theme; suitable for broad filtering.
ETAG-02824,EVT-0024,TAG-0154,GEOGRAPHY_RULE,HIGH,Direct place/entity/manual geography match.
ETAG-02825,EVT-0024,TAG-0160,GEOGRAPHY_RULE,HIGH,Direct place/entity/manual geography match.
ETAG-02826,EVT-0024,TAG-0155,GEOGRAPHY_RULE,HIGH,Direct place/entity/manual geography match.
ETAG-02827,EVT-0025,TAG-0110,SEMANTIC_RULE,HIGH,Direct title/context/manual semantic match.
ETAG-02828,EVT-0025,TAG-0132,CURRICULUM_THEME_INFERENCE,MEDIUM,Inferred from curriculum theme; suitable for broad filtering.
ETAG-02829,EVT-0025,TAG-0107,CURRICULUM_THEME_INFERENCE,MEDIUM,Inferred from curriculum theme; suitable for broad filtering.
ETAG-02830,EVT-0025,TAG-0119,CURRICULUM_THEME_INFERENCE,MEDIUM,Inferred from curriculum theme; suitable for broad filtering.
ETAG-02831,EVT-0025,TAG-0108,CURRICULUM_THEME_INFERENCE,MEDIUM,Inferred from curriculum theme; suitable for broad filtering.
ETAG-02832,EVT-0025,TAG-0154,GEOGRAPHY_RULE,HIGH,Direct place/entity/manual geography match.
ETAG-02833,EVT-0025,TAG-0160,GEOGRAPHY_RULE,HIGH,Direct place/entity/manual geography match.
ETAG-02834,EVT-0025,TAG-0155,GEOGRAPHY_RULE,HIGH,Direct place/entity/manual geography match.
ETAG-02835,EVT-0026,TAG-0144,SEMANTIC_RULE,HIGH,Direct title/context/manual semantic match.
ETAG-02836,EVT-0026,TAG-0119,SEMANTIC_RULE,HIGH,Direct title/context/manual semantic match.
ETAG-02837,EVT-0026,TAG-0110,SEMANTIC_RULE,HIGH,Direct title/context/manual semantic match.
ETAG-02838,EVT-0026,TAG-0132,CURRICULUM_THEME_INFERENCE,MEDIUM,Inferred from curriculum theme; suitable for broad filtering.
ETAG-02839,EVT-0026,TAG-0107,CURRICULUM_THEME_INFERENCE,MEDIUM,Inferred from curriculum theme; suitable for broad filtering.
ETAG-02840,EVT-0026,TAG-0108,CURRICULUM_THEME_INFERENCE,MEDIUM,Inferred from curriculum theme; suitable for broad filtering.
ETAG-02841,EVT-0026,TAG-0155,GEOGRAPHY_RULE,HIGH,Direct place/entity/manual geography match.
ETAG-02842,EVT-0027,TAG-0110,SEMANTIC_RULE,HIGH,Direct title/context/manual semantic match.
ETAG-02843,EVT-0027,TAG-0132,CURRICULUM_THEME_INFERENCE,MEDIUM,Inferred from curriculum theme; suitable for broad filtering.
ETAG-02844,EVT-0027,TAG-0107,CURRICULUM_THEME_INFERENCE,MEDIUM,Inferred from curriculum theme; suitable for broad filtering.
ETAG-02845,EVT-0027,TAG-0119,CURRICULUM_THEME_INFERENCE,MEDIUM,Inferred from curriculum theme; suitable for broad filtering.
ETAG-02846,EVT-0027,TAG-0108,CURRICULUM_THEME_INFERENCE,MEDIUM,Inferred from curriculum theme; suitable for broad filtering.
ETAG-02847,EVT-0027,TAG-0180,GEOGRAPHY_RULE,HIGH,Direct place/entity/manual geography match.
ETAG-02848,EVT-0027,TAG-0173,GEOGRAPHY_RULE,HIGH,Direct place/entity/manual geography match.
ETAG-02849,EVT-0027,TAG-0172,GEOGRAPHY_RULE,HIGH,Direct place/entity/manual geography match.
ETAG-02850,EVT-0027,TAG-0155,GEOGRAPHY_RULE,HIGH,Direct place/entity/manual geography match.
ETAG-02851,EVT-0027,TAG-0171,GEOGRAPHY_RULE,HIGH,Direct place/entity/manual geography match.
ETAG-02852,EVT-0028,TAG-0139,SEMANTIC_RULE,HIGH,Direct title/context/manual semantic match.
ETAG-02853,EVT-0028,TAG-0110,SEMANTIC_RULE,HIGH,Direct title/context/manual semantic match.
ETAG-02854,EVT-0028,TAG-0132,CURRICULUM_THEME_INFERENCE,MEDIUM,Inferred from curriculum theme; suitable for broad filtering.
ETAG-02855,EVT-0028,TAG-0107,CURRICULUM_THEME_INFERENCE,MEDIUM,Inferred from curriculum theme; suitable for broad filtering.
ETAG-02856,EVT-0028,TAG-0119,CURRICULUM_THEME_INFERENCE,MEDIUM,Inferred from curriculum theme; suitable for broad filtering.
ETAG-02857,EVT-0028,TAG-0108,CURRICULUM_THEME_INFERENCE,MEDIUM,Inferred from curriculum theme; suitable for broad filtering.
ETAG-02858,EVT-0028,TAG-0180,GEOGRAPHY_RULE,HIGH,Direct place/entity/manual geography match.
ETAG-02859,EVT-0028,TAG-0173,GEOGRAPHY_RULE,HIGH,Direct place/entity/manual geography match.
ETAG-02860,EVT-0028,TAG-0155,GEOGRAPHY_RULE,HIGH,Direct place/entity/manual geography match.
ETAG-02861,EVT-0028,TAG-0171,GEOGRAPHY_RULE,HIGH,Direct place/entity/manual geography match.
ETAG-02862,EVT-0029,TAG-0107,SEMANTIC_RULE,HIGH,Direct title/context/manual semantic match.
ETAG-02863,EVT-0029,TAG-0106,SEMANTIC_RULE,HIGH,Direct title/context/manual semantic match.
ETAG-02864,EVT-0029,TAG-0110,SEMANTIC_RULE,HIGH,Direct title/context/manual semantic match.
ETAG-02865,EVT-0029,TAG-0132,CURRICULUM_THEME_INFERENCE,MEDIUM,Inferred from curriculum theme; suitable for broad filtering.
ETAG-02866,EVT-0029,TAG-0119,CURRICULUM_THEME_INFERENCE,MEDIUM,Inferred from curriculum theme; suitable for broad filtering.
ETAG-02867,EVT-0029,TAG-0108,CURRICULUM_THEME_INFERENCE,MEDIUM,Inferred from curriculum theme; suitable for broad filtering.
ETAG-02868,EVT-0029,TAG-0154,GEOGRAPHY_RULE,HIGH,Direct place/entity/manual geography match.
ETAG-02869,EVT-0029,TAG-0161,GEOGRAPHY_RULE,HIGH,Direct place/entity/manual geography match.
ETAG-02870,EVT-0029,TAG-0155,GEOGRAPHY_RULE,HIGH,Direct place/entity/manual geography match.
ETAG-02871,EVT-0029,TAG-0153,CURRICULUM_THEME_INFERENCE,MEDIUM,Broad geography inferred from curriculum theme/context.
ETAG-02872,EVT-0030,TAG-0110,SEMANTIC_RULE,HIGH,Direct title/context/manual semantic match.
ETAG-02873,EVT-0030,TAG-0132,CURRICULUM_THEME_INFERENCE,MEDIUM,Inferred from curriculum theme; suitable for broad filtering.
ETAG-02874,EVT-0030,TAG-0107,CURRICULUM_THEME_INFERENCE,MEDIUM,Inferred from curriculum theme; suitable for broad filtering.
ETAG-02875,EVT-0030,TAG-0119,CURRICULUM_THEME_INFERENCE,MEDIUM,Inferred from curriculum theme; suitable for broad filtering.
ETAG-02876,EVT-0030,TAG-0108,CURRICULUM_THEME_INFERENCE,MEDIUM,Inferred from curriculum theme; suitable for broad filtering.
ETAG-02877,EVT-0030,TAG-0154,GEOGRAPHY_RULE,HIGH,Direct place/entity/manual geography match.
ETAG-02878,EVT-0030,TAG-0161,GEOGRAPHY_RULE,HIGH,Direct place/entity/manual geography match.
ETAG-02879,EVT-0030,TAG-0155,GEOGRAPHY_RULE,HIGH,Direct place/entity/manual geography match.
ETAG-02880,EVT-0031,TAG-0115,SEMANTIC_RULE,HIGH,Direct title/context/manual semantic match.
ETAG-02881,EVT-0031,TAG-0119,CURRICULUM_THEME_INFERENCE,MEDIUM,Inferred from curriculum theme; suitable for broad filtering.
ETAG-02882,EVT-0031,TAG-0108,CURRICULUM_THEME_INFERENCE,MEDIUM,Inferred from curriculum theme; suitable for broad filtering.
ETAG-02883,EVT-0031,TAG-0154,GEOGRAPHY_RULE,HIGH,Direct place/entity/manual geography match.
ETAG-02884,EVT-0031,TAG-0160,GEOGRAPHY_RULE,HIGH,Direct place/entity/manual geography match.
ETAG-02885,EVT-0031,TAG-0155,GEOGRAPHY_RULE,HIGH,Direct place/entity/manual geography match.
ETAG-02886,EVT-0032,TAG-0115,SEMANTIC_RULE,HIGH,Direct title/context/manual semantic match.
ETAG-02887,EVT-0032,TAG-0106,SEMANTIC_RULE,HIGH,Direct title/context/manual semantic match.
ETAG-02888,EVT-0032,TAG-0119,CURRICULUM_THEME_INFERENCE,MEDIUM,Inferred from curriculum theme; suitable for broad filtering.
ETAG-02889,EVT-0032,TAG-0108,CURRICULUM_THEME_INFERENCE,MEDIUM,Inferred from curriculum theme; suitable for broad filtering.
ETAG-02890,EVT-0032,TAG-0154,GEOGRAPHY_RULE,HIGH,Direct place/entity/manual geography match.
ETAG-02891,EVT-0032,TAG-0160,GEOGRAPHY_RULE,HIGH,Direct place/entity/manual geography match.
ETAG-02892,EVT-0032,TAG-0155,GEOGRAPHY_RULE,HIGH,Direct place/entity/manual geography match.
ETAG-02893,EVT-0033,TAG-0115,SEMANTIC_RULE,HIGH,Direct title/context/manual semantic match.
ETAG-02894,EVT-0033,TAG-0119,CURRICULUM_THEME_INFERENCE,MEDIUM,Inferred from curriculum theme; suitable for broad filtering.
ETAG-02895,EVT-0033,TAG-0108,CURRICULUM_THEME_INFERENCE,MEDIUM,Inferred from curriculum theme; suitable for broad filtering.
ETAG-02896,EVT-0033,TAG-0154,GEOGRAPHY_RULE,HIGH,Direct place/entity/manual geography match.
ETAG-02897,EVT-0033,TAG-0160,GEOGRAPHY_RULE,HIGH,Direct place/entity/manual geography match.
ETAG-02898,EVT-0033,TAG-0155,GEOGRAPHY_RULE,HIGH,Direct place/entity/manual geography match.
ETAG-02899,EVT-0034,TAG-0115,SEMANTIC_RULE,HIGH,Direct title/context/manual semantic match.
ETAG-02900,EVT-0034,TAG-0109,SEMANTIC_RULE,HIGH,Direct title/context/manual semantic match.
ETAG-02901,EVT-0034,TAG-0119,CURRICULUM_THEME_INFERENCE,MEDIUM,Inferred from curriculum theme; suitable for broad filtering.
ETAG-02902,EVT-0034,TAG-0108,CURRICULUM_THEME_INFERENCE,MEDIUM,Inferred from curriculum theme; suitable for broad filtering.
ETAG-02903,EVT-0034,TAG-0154,GEOGRAPHY_RULE,HIGH,Direct place/entity/manual geography match.
ETAG-02904,EVT-0034,TAG-0160,GEOGRAPHY_RULE,HIGH,Direct place/entity/manual geography match.
ETAG-02905,EVT-0034,TAG-0155,GEOGRAPHY_RULE,HIGH,Direct place/entity/manual geography match.
ETAG-02906,EVT-0035,TAG-0115,SEMANTIC_RULE,HIGH,Direct title/context/manual semantic match.
ETAG-02907,EVT-0035,TAG-0119,CURRICULUM_THEME_INFERENCE,MEDIUM,Inferred from curriculum theme; suitable for broad filtering.
ETAG-02908,EVT-0035,TAG-0108,CURRICULUM_THEME_INFERENCE,MEDIUM,Inferred from curriculum theme; suitable for broad filtering.
ETAG-02909,EVT-0035,TAG-0154,GEOGRAPHY_RULE,HIGH,Direct place/entity/manual geography match.
ETAG-02910,EVT-0035,TAG-0160,GEOGRAPHY_RULE,HIGH,Direct place/entity/manual geography match.
ETAG-02911,EVT-0035,TAG-0155,GEOGRAPHY_RULE,HIGH,Direct place/entity/manual geography match.
ETAG-02912,EVT-0036,TAG-0115,SEMANTIC_RULE,HIGH,Direct title/context/manual semantic match.
ETAG-02913,EVT-0036,TAG-0119,CURRICULUM_THEME_INFERENCE,MEDIUM,Inferred from curriculum theme; suitable for broad filtering.
ETAG-02914,EVT-0036,TAG-0108,CURRICULUM_THEME_INFERENCE,MEDIUM,Inferred from curriculum theme; suitable for broad filtering.
ETAG-02915,EVT-0036,TAG-0180,GEOGRAPHY_RULE,HIGH,Direct place/entity/manual geography match.
ETAG-02916,EVT-0036,TAG-0154,GEOGRAPHY_RULE,HIGH,Direct place/entity/manual geography match.
ETAG-02917,EVT-0036,TAG-0172,GEOGRAPHY_RULE,HIGH,Direct place/entity/manual geography match.
ETAG-02918,EVT-0036,TAG-0160,GEOGRAPHY_RULE,HIGH,Direct place/entity/manual geography match.
ETAG-02919,EVT-0036,TAG-0155,GEOGRAPHY_RULE,HIGH,Direct place/entity/manual geography match.
ETAG-02920,EVT-0036,TAG-0171,GEOGRAPHY_RULE,HIGH,Direct place/entity/manual geography match.
ETAG-02921,EVT-0037,TAG-0115,SEMANTIC_RULE,HIGH,Direct title/context/manual semantic match.
ETAG-02922,EVT-0037,TAG-0119,SEMANTIC_RULE,HIGH,Direct title/context/manual semantic match.
ETAG-02923,EVT-0037,TAG-0108,CURRICULUM_THEME_INFERENCE,MEDIUM,Inferred from curriculum theme; suitable for broad filtering.
ETAG-02924,EVT-0037,TAG-0154,GEOGRAPHY_RULE,HIGH,Direct place/entity/manual geography match.
ETAG-02925,EVT-0037,TAG-0160,GEOGRAPHY_RULE,HIGH,Direct place/entity/manual geography match.
ETAG-02926,EVT-0037,TAG-0155,GEOGRAPHY_RULE,HIGH,Direct place/entity/manual geography match.
ETAG-02927,EVT-0038,TAG-0115,SEMANTIC_RULE,HIGH,Direct title/context/manual semantic match.
ETAG-02928,EVT-0038,TAG-0106,SEMANTIC_RULE,HIGH,Direct title/context/manual semantic match.
ETAG-02929,EVT-0038,TAG-0119,CURRICULUM_THEME_INFERENCE,MEDIUM,Inferred from curriculum theme; suitable for broad filtering.
ETAG-02930,EVT-0038,TAG-0108,CURRICULUM_THEME_INFERENCE,MEDIUM,Inferred from curriculum theme; suitable for broad filtering.
ETAG-02931,EVT-0038,TAG-0154,GEOGRAPHY_RULE,HIGH,Direct place/entity/manual geography match.
ETAG-02932,EVT-0038,TAG-0160,GEOGRAPHY_RULE,HIGH,Direct place/entity/manual geography match.
ETAG-02933,EVT-0038,TAG-0155,GEOGRAPHY_RULE,HIGH,Direct place/entity/manual geography match.
ETAG-02934,EVT-0039,TAG-0115,SEMANTIC_RULE,HIGH,Direct title/context/manual semantic match.
ETAG-02935,EVT-0039,TAG-0109,SEMANTIC_RULE,HIGH,Direct title/context/manual semantic match.
ETAG-02936,EVT-0039,TAG-0119,SEMANTIC_RULE,HIGH,Direct title/context/manual semantic match.
ETAG-02937,EVT-0039,TAG-0108,CURRICULUM_THEME_INFERENCE,MEDIUM,Inferred from curriculum theme; suitable for broad filtering.
ETAG-02938,EVT-0039,TAG-0154,GEOGRAPHY_RULE,HIGH,Direct place/entity/manual geography match.
ETAG-02939,EVT-0039,TAG-0160,GEOGRAPHY_RULE,HIGH,Direct place/entity/manual geography match.
ETAG-02940,EVT-0039,TAG-0155,GEOGRAPHY_RULE,HIGH,Direct place/entity/manual geography match.
ETAG-02941,EVT-0040,TAG-0115,SEMANTIC_RULE,HIGH,Direct title/context/manual semantic match.
ETAG-02942,EVT-0040,TAG-0106,SEMANTIC_RULE,HIGH,Direct title/context/manual semantic match.
ETAG-02943,EVT-0040,TAG-0119,CURRICULUM_THEME_INFERENCE,MEDIUM,Inferred from curriculum theme; suitable for broad filtering.
ETAG-02944,EVT-0040,TAG-0108,CURRICULUM_THEME_INFERENCE,MEDIUM,Inferred from curriculum theme; suitable for broad filtering.
ETAG-02945,EVT-0040,TAG-0180,GEOGRAPHY_RULE,HIGH,Direct place/entity/manual geography match.
ETAG-02946,EVT-0040,TAG-0166,GEOGRAPHY_RULE,HIGH,Direct place/entity/manual geography match.
ETAG-02947,EVT-0040,TAG-0181,GEOGRAPHY_RULE,HIGH,Direct place/entity/manual geography match.
ETAG-02948,EVT-0040,TAG-0154,GEOGRAPHY_RULE,HIGH,Direct place/entity/manual geography match.
ETAG-02949,EVT-0040,TAG-0160,GEOGRAPHY_RULE,HIGH,Direct place/entity/manual geography match.
ETAG-02950,EVT-0040,TAG-0155,GEOGRAPHY_RULE,HIGH,Direct place/entity/manual geography match.
ETAG-02951,EVT-0041,TAG-0115,SEMANTIC_RULE,HIGH,Direct title/context/manual semantic match.
ETAG-02952,EVT-0041,TAG-0106,SEMANTIC_RULE,HIGH,Direct title/context/manual semantic match.
ETAG-02953,EVT-0041,TAG-0119,CURRICULUM_THEME_INFERENCE,MEDIUM,Inferred from curriculum theme; suitable for broad filtering.
ETAG-02954,EVT-0041,TAG-0108,CURRICULUM_THEME_INFERENCE,MEDIUM,Inferred from curriculum theme; suitable for broad filtering.
ETAG-02955,EVT-0041,TAG-0180,GEOGRAPHY_RULE,HIGH,Direct place/entity/manual geography match.
ETAG-02956,EVT-0041,TAG-0166,GEOGRAPHY_RULE,HIGH,Direct place/entity/manual geography match.
ETAG-02957,EVT-0041,TAG-0181,GEOGRAPHY_RULE,HIGH,Direct place/entity/manual geography match.
ETAG-02958,EVT-0041,TAG-0154,GEOGRAPHY_RULE,HIGH,Direct place/entity/manual geography match.
ETAG-02959,EVT-0041,TAG-0160,GEOGRAPHY_RULE,HIGH,Direct place/entity/manual geography match.
ETAG-02960,EVT-0041,TAG-0155,GEOGRAPHY_RULE,HIGH,Direct place/entity/manual geography match.
ETAG-02961,EVT-0042,TAG-0139,SEMANTIC_RULE,HIGH,Direct title/context/manual semantic match.
ETAG-02962,EVT-0042,TAG-0119,SEMANTIC_RULE,HIGH,Direct title/context/manual semantic match.
ETAG-02963,EVT-0042,TAG-0114,CURRICULUM_THEME_INFERENCE,MEDIUM,Inferred from curriculum theme; suitable for broad filtering.
ETAG-02964,EVT-0042,TAG-0180,GEOGRAPHY_RULE,HIGH,Direct place/entity/manual geography match.
ETAG-02965,EVT-0042,TAG-0171,GEOGRAPHY_RULE,HIGH,Direct place/entity/manual geography match.
ETAG-02966,EVT-0042,TAG-0155,CURRICULUM_THEME_INFERENCE,MEDIUM,Broad geography inferred from curriculum theme/context.
ETAG-02967,EVT-0043,TAG-0119,SEMANTIC_RULE,HIGH,Direct title/context/manual semantic match.
ETAG-02968,EVT-0043,TAG-0114,CURRICULUM_THEME_INFERENCE,MEDIUM,Inferred from curriculum theme; suitable for broad filtering.
ETAG-02969,EVT-0043,TAG-0155,CURRICULUM_THEME_INFERENCE,MEDIUM,Broad geography inferred from curriculum theme/context.
ETAG-02970,EVT-0044,TAG-0115,SEMANTIC_RULE,HIGH,Direct title/context/manual semantic match.
ETAG-02971,EVT-0044,TAG-0106,SEMANTIC_RULE,HIGH,Direct title/context/manual semantic match.
ETAG-02972,EVT-0044,TAG-0119,SEMANTIC_RULE,HIGH,Direct title/context/manual semantic match.
ETAG-02973,EVT-0044,TAG-0108,SEMANTIC_RULE,HIGH,Direct title/context/manual semantic match.
ETAG-02974,EVT-0044,TAG-0120,CURRICULUM_THEME_INFERENCE,MEDIUM,Inferred from curriculum theme; suitable for broad filtering.
ETAG-02975,EVT-0044,TAG-0114,CURRICULUM_THEME_INFERENCE,MEDIUM,Inferred from curriculum theme; suitable for broad filtering.
ETAG-02976,EVT-0044,TAG-0154,GEOGRAPHY_RULE,HIGH,Direct place/entity/manual geography match.
ETAG-02977,EVT-0044,TAG-0157,GEOGRAPHY_RULE,HIGH,Direct place/entity/manual geography match.
ETAG-02978,EVT-0044,TAG-0160,GEOGRAPHY_RULE,HIGH,Direct place/entity/manual geography match.
ETAG-02979,EVT-0044,TAG-0155,GEOGRAPHY_RULE,HIGH,Direct place/entity/manual geography match.
ETAG-02980,EVT-0044,TAG-0153,CURRICULUM_THEME_INFERENCE,MEDIUM,Broad geography inferred from curriculum theme/context.
ETAG-02981,EVT-0045,TAG-0119,SEMANTIC_RULE,HIGH,Direct title/context/manual semantic match.
ETAG-02982,EVT-0045,TAG-0114,CURRICULUM_THEME_INFERENCE,MEDIUM,Inferred from curriculum theme; suitable for broad filtering.
ETAG-02983,EVT-0045,TAG-0154,GEOGRAPHY_RULE,HIGH,Direct place/entity/manual geography match.
ETAG-02984,EVT-0045,TAG-0160,GEOGRAPHY_RULE,HIGH,Direct place/entity/manual geography match.
ETAG-02985,EVT-0045,TAG-0155,GEOGRAPHY_RULE,HIGH,Direct place/entity/manual geography match.
ETAG-02986,EVT-0045,TAG-0169,GEOGRAPHY_RULE,HIGH,Direct place/entity/manual geography match.
ETAG-02987,EVT-0046,TAG-0119,SEMANTIC_RULE,HIGH,Direct title/context/manual semantic match.
ETAG-02988,EVT-0046,TAG-0114,CURRICULUM_THEME_INFERENCE,MEDIUM,Inferred from curriculum theme; suitable for broad filtering.
ETAG-02989,EVT-0046,TAG-0154,GEOGRAPHY_RULE,HIGH,Direct place/entity/manual geography match.
ETAG-02990,EVT-0046,TAG-0155,GEOGRAPHY_RULE,HIGH,Direct place/entity/manual geography match.
ETAG-02991,EVT-0046,TAG-0169,GEOGRAPHY_RULE,HIGH,Direct place/entity/manual geography match.
ETAG-02992,EVT-0047,TAG-0106,SEMANTIC_RULE,HIGH,Direct title/context/manual semantic match.
ETAG-02993,EVT-0047,TAG-0119,SEMANTIC_RULE,HIGH,Direct title/context/manual semantic match.
ETAG-02994,EVT-0047,TAG-0170,GEOGRAPHY_RULE,HIGH,Direct place/entity/manual geography match.
ETAG-02995,EVT-0047,TAG-0154,GEOGRAPHY_RULE,HIGH,Direct place/entity/manual geography match.
ETAG-02996,EVT-0047,TAG-0155,GEOGRAPHY_RULE,HIGH,Direct place/entity/manual geography match.
ETAG-02997,EVT-0048,TAG-0114,SEMANTIC_RULE,HIGH,Direct title/context/manual semantic match.
ETAG-02998,EVT-0048,TAG-0119,SEMANTIC_RULE,HIGH,Direct title/context/manual semantic match.
ETAG-02999,EVT-0048,TAG-0154,GEOGRAPHY_RULE,HIGH,Direct place/entity/manual geography match.
ETAG-03000,EVT-0048,TAG-0155,CURRICULUM_THEME_INFERENCE,MEDIUM,Broad geography inferred from curriculum theme/context.
ETAG-03001,EVT-0049,TAG-0119,SEMANTIC_RULE,HIGH,Direct title/context/manual semantic match.
ETAG-03002,EVT-0049,TAG-0180,GEOGRAPHY_RULE,HIGH,Direct place/entity/manual geography match.
ETAG-03003,EVT-0049,TAG-0172,GEOGRAPHY_RULE,HIGH,Direct place/entity/manual geography match.
ETAG-03004,EVT-0049,TAG-0155,GEOGRAPHY_RULE,HIGH,Direct place/entity/manual geography match.
ETAG-03005,EVT-0049,TAG-0171,GEOGRAPHY_RULE,HIGH,Direct place/entity/manual geography match.
ETAG-03006,EVT-0051,TAG-0115,SEMANTIC_RULE,HIGH,Direct title/context/manual semantic match.
ETAG-03007,EVT-0051,TAG-0119,SEMANTIC_RULE,HIGH,Direct title/context/manual semantic match.
ETAG-03008,EVT-0051,TAG-0180,GEOGRAPHY_RULE,HIGH,Direct place/entity/manual geography match.
ETAG-03009,EVT-0051,TAG-0173,GEOGRAPHY_RULE,HIGH,Direct place/entity/manual geography match.
ETAG-03010,EVT-0051,TAG-0171,GEOGRAPHY_RULE,HIGH,Direct place/entity/manual geography match.
ETAG-03011,EVT-0051,TAG-0155,CURRICULUM_THEME_INFERENCE,MEDIUM,Broad geography inferred from curriculum theme/context.
ETAG-03012,EVT-0052,TAG-0106,SEMANTIC_RULE,HIGH,Direct title/context/manual semantic match.
ETAG-03013,EVT-0052,TAG-0119,SEMANTIC_RULE,HIGH,Direct title/context/manual semantic match.
ETAG-03014,EVT-0052,TAG-0123,SEMANTIC_RULE,HIGH,Direct title/context/manual semantic match.
ETAG-03015,EVT-0052,TAG-0108,SEMANTIC_RULE,HIGH,Direct title/context/manual semantic match.
ETAG-03016,EVT-0052,TAG-0154,GEOGRAPHY_RULE,HIGH,Direct place/entity/manual geography match.
ETAG-03017,EVT-0052,TAG-0157,GEOGRAPHY_RULE,HIGH,Direct place/entity/manual geography match.
ETAG-03018,EVT-0053,TAG-0106,SEMANTIC_RULE,HIGH,Direct title/context/manual semantic match.
ETAG-03019,EVT-0053,TAG-0119,SEMANTIC_RULE,HIGH,Direct title/context/manual semantic match.
ETAG-03020,EVT-0053,TAG-0123,SEMANTIC_RULE,HIGH,Direct title/context/manual semantic match.
ETAG-03021,EVT-0053,TAG-0108,CURRICULUM_THEME_INFERENCE,MEDIUM,Inferred from curriculum theme; suitable for broad filtering.
ETAG-03022,EVT-0053,TAG-0154,V14_FINAL_SEMANTIC_AUDIT,HIGH,Promoted to HIGH in final school-corpus semantic audit.
ETAG-03023,EVT-0054,TAG-0112,SEMANTIC_RULE,HIGH,Direct title/context/manual semantic match.
ETAG-03024,EVT-0054,TAG-0106,SEMANTIC_RULE,HIGH,Direct title/context/manual semantic match.
ETAG-03025,EVT-0054,TAG-0119,SEMANTIC_RULE,HIGH,Direct title/context/manual semantic match.
ETAG-03026,EVT-0054,TAG-0123,SEMANTIC_RULE,HIGH,Direct title/context/manual semantic match.
ETAG-03027,EVT-0054,TAG-0108,CURRICULUM_THEME_INFERENCE,MEDIUM,Inferred from curriculum theme; suitable for broad filtering.
ETAG-03028,EVT-0054,TAG-0154,GEOGRAPHY_RULE,HIGH,Direct place/entity/manual geography match.
ETAG-03029,EVT-0054,TAG-0157,GEOGRAPHY_RULE,HIGH,Direct place/entity/manual geography match.
ETAG-03030,EVT-0055,TAG-0106,SEMANTIC_RULE,HIGH,Direct title/context/manual semantic match.
ETAG-03031,EVT-0055,TAG-0119,SEMANTIC_RULE,HIGH,Direct title/context/manual semantic match.
ETAG-03032,EVT-0055,TAG-0123,SEMANTIC_RULE,HIGH,Direct title/context/manual semantic match.
ETAG-03033,EVT-0055,TAG-0111,SEMANTIC_RULE,HIGH,Direct title/context/manual semantic match.
ETAG-03034,EVT-0055,TAG-0108,CURRICULUM_THEME_INFERENCE,MEDIUM,Inferred from curriculum theme; suitable for broad filtering.
ETAG-03035,EVT-0055,TAG-0154,GEOGRAPHY_RULE,HIGH,Direct place/entity/manual geography match.
ETAG-03036,EVT-0055,TAG-0157,GEOGRAPHY_RULE,HIGH,Direct place/entity/manual geography match.
ETAG-03037,EVT-0055,TAG-0158,GEOGRAPHY_RULE,HIGH,Direct place/entity/manual geography match.
ETAG-03038,EVT-0056,TAG-0112,SEMANTIC_RULE,HIGH,Direct title/context/manual semantic match.
ETAG-03039,EVT-0056,TAG-0106,SEMANTIC_RULE,HIGH,Direct title/context/manual semantic match.
ETAG-03040,EVT-0056,TAG-0119,SEMANTIC_RULE,HIGH,Direct title/context/manual semantic match.
ETAG-03041,EVT-0056,TAG-0123,SEMANTIC_RULE,HIGH,Direct title/context/manual semantic match.
ETAG-03042,EVT-0056,TAG-0108,CURRICULUM_THEME_INFERENCE,MEDIUM,Inferred from curriculum theme; suitable for broad filtering.
ETAG-03043,EVT-0056,TAG-0154,GEOGRAPHY_RULE,HIGH,Direct place/entity/manual geography match.
ETAG-03044,EVT-0056,TAG-0157,GEOGRAPHY_RULE,HIGH,Direct place/entity/manual geography match.
ETAG-03045,EVT-0056,TAG-0158,GEOGRAPHY_RULE,HIGH,Direct place/entity/manual geography match.
ETAG-03046,EVT-0057,TAG-0115,SEMANTIC_RULE,HIGH,Direct title/context/manual semantic match.
ETAG-03047,EVT-0057,TAG-0106,SEMANTIC_RULE,HIGH,Direct title/context/manual semantic match.
ETAG-03048,EVT-0057,TAG-0119,SEMANTIC_RULE,HIGH,Direct title/context/manual semantic match.
ETAG-03049,EVT-0057,TAG-0123,SEMANTIC_RULE,HIGH,Direct title/context/manual semantic match.
ETAG-03050,EVT-0057,TAG-0108,CURRICULUM_THEME_INFERENCE,MEDIUM,Inferred from curriculum theme; suitable for broad filtering.
ETAG-03051,EVT-0057,TAG-0154,GEOGRAPHY_RULE,HIGH,Direct place/entity/manual geography match.
ETAG-03052,EVT-0057,TAG-0157,GEOGRAPHY_RULE,HIGH,Direct place/entity/manual geography match.
ETAG-03053,EVT-0058,TAG-0106,SEMANTIC_RULE,HIGH,Direct title/context/manual semantic match.
ETAG-03054,EVT-0058,TAG-0119,SEMANTIC_RULE,HIGH,Direct title/context/manual semantic match.
ETAG-03055,EVT-0058,TAG-0123,SEMANTIC_RULE,HIGH,Direct title/context/manual semantic match.
ETAG-03056,EVT-0058,TAG-0108,CURRICULUM_THEME_INFERENCE,MEDIUM,Inferred from curriculum theme; suitable for broad filtering.
ETAG-03057,EVT-0058,TAG-0154,GEOGRAPHY_RULE,HIGH,Direct place/entity/manual geography match.
ETAG-03058,EVT-0058,TAG-0157,GEOGRAPHY_RULE,HIGH,Direct place/entity/manual geography match.
ETAG-03059,EVT-0059,TAG-0106,SEMANTIC_RULE,HIGH,Direct title/context/manual semantic match.
ETAG-03060,EVT-0059,TAG-0119,SEMANTIC_RULE,HIGH,Direct title/context/manual semantic match.
ETAG-03061,EVT-0059,TAG-0123,SEMANTIC_RULE,HIGH,Direct title/context/manual semantic match.
ETAG-03062,EVT-0059,TAG-0108,CURRICULUM_THEME_INFERENCE,MEDIUM,Inferred from curriculum theme; suitable for broad filtering.
ETAG-03063,EVT-0059,TAG-0154,GEOGRAPHY_RULE,HIGH,Direct place/entity/manual geography match.
ETAG-03064,EVT-0059,TAG-0157,GEOGRAPHY_RULE,HIGH,Direct place/entity/manual geography match.
ETAG-03065,EVT-0060,TAG-0106,SEMANTIC_RULE,HIGH,Direct title/context/manual semantic match.
ETAG-03066,EVT-0060,TAG-0119,SEMANTIC_RULE,HIGH,Direct title/context/manual semantic match.
ETAG-03067,EVT-0060,TAG-0123,SEMANTIC_RULE,HIGH,Direct title/context/manual semantic match.
ETAG-03068,EVT-0060,TAG-0108,SEMANTIC_RULE,HIGH,Direct title/context/manual semantic match.
ETAG-03069,EVT-0060,TAG-0154,GEOGRAPHY_RULE,HIGH,Direct place/entity/manual geography match.
ETAG-03070,EVT-0060,TAG-0157,GEOGRAPHY_RULE,HIGH,Direct place/entity/manual geography match.
ETAG-03071,EVT-0061,TAG-0128,SEMANTIC_RULE,HIGH,Direct title/context/manual semantic match.
ETAG-03072,EVT-0061,TAG-0106,SEMANTIC_RULE,HIGH,Direct title/context/manual semantic match.
ETAG-03073,EVT-0061,TAG-0119,SEMANTIC_RULE,HIGH,Direct title/context/manual semantic match.
ETAG-03074,EVT-0061,TAG-0123,SEMANTIC_RULE,HIGH,Direct title/context/manual semantic match.
ETAG-03075,EVT-0061,TAG-0108,CURRICULUM_THEME_INFERENCE,MEDIUM,Inferred from curriculum theme; suitable for broad filtering.
ETAG-03076,EVT-0061,TAG-0154,GEOGRAPHY_RULE,HIGH,Direct place/entity/manual geography match.
ETAG-03077,EVT-0062,TAG-0115,SEMANTIC_RULE,HIGH,Direct title/context/manual semantic match.
ETAG-03078,EVT-0062,TAG-0132,CURRICULUM_THEME_INFERENCE,MEDIUM,Inferred from curriculum theme; suitable for broad filtering.
ETAG-03079,EVT-0062,TAG-0131,CURRICULUM_THEME_INFERENCE,MEDIUM,Inferred from curriculum theme; suitable for broad filtering.
ETAG-03080,EVT-0062,TAG-0119,CURRICULUM_THEME_INFERENCE,MEDIUM,Inferred from curriculum theme; suitable for broad filtering.
ETAG-03081,EVT-0062,TAG-0127,CURRICULUM_THEME_INFERENCE,MEDIUM,Inferred from curriculum theme; suitable for broad filtering.
ETAG-03082,EVT-0062,TAG-0154,GEOGRAPHY_RULE,HIGH,Direct place/entity/manual geography match.
ETAG-03083,EVT-0062,TAG-0155,GEOGRAPHY_RULE,HIGH,Direct place/entity/manual geography match.
ETAG-03084,EVT-0062,TAG-0169,GEOGRAPHY_RULE,HIGH,Direct place/entity/manual geography match.
ETAG-03085,EVT-0062,TAG-0156,CURRICULUM_THEME_INFERENCE,MEDIUM,Broad geography inferred from curriculum theme/context.
ETAG-03086,EVT-0063,TAG-0112,SEMANTIC_RULE,HIGH,Direct title/context/manual semantic match.
ETAG-03087,EVT-0063,TAG-0131,SEMANTIC_RULE,HIGH,Direct title/context/manual semantic match.
ETAG-03088,EVT-0063,TAG-0111,SEMANTIC_RULE,HIGH,Direct title/context/manual semantic match.
ETAG-03089,EVT-0063,TAG-0132,CURRICULUM_THEME_INFERENCE,MEDIUM,Inferred from curriculum theme; suitable for broad filtering.
ETAG-03090,EVT-0063,TAG-0119,CURRICULUM_THEME_INFERENCE,MEDIUM,Inferred from curriculum theme; suitable for broad filtering.
ETAG-03091,EVT-0063,TAG-0127,CURRICULUM_THEME_INFERENCE,MEDIUM,Inferred from curriculum theme; suitable for broad filtering.
ETAG-03092,EVT-0063,TAG-0154,GEOGRAPHY_RULE,HIGH,Direct place/entity/manual geography match.
ETAG-03093,EVT-0063,TAG-0162,GEOGRAPHY_RULE,HIGH,Direct place/entity/manual geography match.
ETAG-03094,EVT-0063,TAG-0156,CURRICULUM_THEME_INFERENCE,MEDIUM,Broad geography inferred from curriculum theme/context.
ETAG-03095,EVT-0064,TAG-0119,SEMANTIC_RULE,HIGH,Direct title/context/manual semantic match.
ETAG-03096,EVT-0064,TAG-0132,CURRICULUM_THEME_INFERENCE,MEDIUM,Inferred from curriculum theme; suitable for broad filtering.
ETAG-03097,EVT-0064,TAG-0131,CURRICULUM_THEME_INFERENCE,MEDIUM,Inferred from curriculum theme; suitable for broad filtering.
ETAG-03098,EVT-0064,TAG-0127,CURRICULUM_THEME_INFERENCE,MEDIUM,Inferred from curriculum theme; suitable for broad filtering.
ETAG-03099,EVT-0064,TAG-0154,GEOGRAPHY_RULE,HIGH,Direct place/entity/manual geography match.
ETAG-03100,EVT-0064,TAG-0159,GEOGRAPHY_RULE,HIGH,Direct place/entity/manual geography match.
ETAG-03101,EVT-0064,TAG-0156,CURRICULUM_THEME_INFERENCE,MEDIUM,Broad geography inferred from curriculum theme/context.
ETAG-03102,EVT-0065,TAG-0120,SEMANTIC_RULE,HIGH,Direct title/context/manual semantic match.
ETAG-03103,EVT-0065,TAG-0109,SEMANTIC_RULE,HIGH,Direct title/context/manual semantic match.
ETAG-03104,EVT-0065,TAG-0106,SEMANTIC_RULE,HIGH,Direct title/context/manual semantic match.
ETAG-03105,EVT-0065,TAG-0119,SEMANTIC_RULE,HIGH,Direct title/context/manual semantic match.
ETAG-03106,EVT-0065,TAG-0108,SEMANTIC_RULE,HIGH,Direct title/context/manual semantic match.
ETAG-03107,EVT-0065,TAG-0132,CURRICULUM_THEME_INFERENCE,MEDIUM,Inferred from curriculum theme; suitable for broad filtering.
ETAG-03108,EVT-0065,TAG-0107,CURRICULUM_THEME_INFERENCE,MEDIUM,Inferred from curriculum theme; suitable for broad filtering.
ETAG-03109,EVT-0065,TAG-0131,CURRICULUM_THEME_INFERENCE,MEDIUM,Inferred from curriculum theme; suitable for broad filtering.
ETAG-03110,EVT-0065,TAG-0127,CURRICULUM_THEME_INFERENCE,MEDIUM,Inferred from curriculum theme; suitable for broad filtering.
ETAG-03111,EVT-0065,TAG-0154,GEOGRAPHY_RULE,HIGH,Direct place/entity/manual geography match.
ETAG-03112,EVT-0065,TAG-0157,GEOGRAPHY_RULE,HIGH,Direct place/entity/manual geography match.
ETAG-03113,EVT-0065,TAG-0158,GEOGRAPHY_RULE,HIGH,Direct place/entity/manual geography match.
ETAG-03114,EVT-0065,TAG-0156,CURRICULUM_THEME_INFERENCE,MEDIUM,Broad geography inferred from curriculum theme/context.
ETAG-03115,EVT-0066,TAG-0106,SEMANTIC_RULE,HIGH,Direct title/context/manual semantic match.
ETAG-03116,EVT-0066,TAG-0108,SEMANTIC_RULE,HIGH,Direct title/context/manual semantic match.
ETAG-03117,EVT-0066,TAG-0132,CURRICULUM_THEME_INFERENCE,MEDIUM,Inferred from curriculum theme; suitable for broad filtering.
ETAG-03118,EVT-0066,TAG-0131,CURRICULUM_THEME_INFERENCE,MEDIUM,Inferred from curriculum theme; suitable for broad filtering.
ETAG-03119,EVT-0066,TAG-0119,CURRICULUM_THEME_INFERENCE,MEDIUM,Inferred from curriculum theme; suitable for broad filtering.
ETAG-03120,EVT-0066,TAG-0127,CURRICULUM_THEME_INFERENCE,MEDIUM,Inferred from curriculum theme; suitable for broad filtering.
ETAG-03121,EVT-0066,TAG-0154,GEOGRAPHY_RULE,HIGH,Direct place/entity/manual geography match.
ETAG-03122,EVT-0066,TAG-0157,GEOGRAPHY_RULE,HIGH,Direct place/entity/manual geography match.
ETAG-03123,EVT-0066,TAG-0156,CURRICULUM_THEME_INFERENCE,MEDIUM,Broad geography inferred from curriculum theme/context.
ETAG-03124,EVT-0067,TAG-0106,SEMANTIC_RULE,HIGH,Direct title/context/manual semantic match.
ETAG-03125,EVT-0067,TAG-0132,CURRICULUM_THEME_INFERENCE,MEDIUM,Inferred from curriculum theme; suitable for broad filtering.
ETAG-03126,EVT-0067,TAG-0131,CURRICULUM_THEME_INFERENCE,MEDIUM,Inferred from curriculum theme; suitable for broad filtering.
ETAG-03127,EVT-0067,TAG-0119,CURRICULUM_THEME_INFERENCE,MEDIUM,Inferred from curriculum theme; suitable for broad filtering.
ETAG-03128,EVT-0067,TAG-0127,CURRICULUM_THEME_INFERENCE,MEDIUM,Inferred from curriculum theme; suitable for broad filtering.
ETAG-03129,EVT-0067,TAG-0154,GEOGRAPHY_RULE,HIGH,Direct place/entity/manual geography match.
ETAG-03130,EVT-0067,TAG-0157,GEOGRAPHY_RULE,HIGH,Direct place/entity/manual geography match.
ETAG-03131,EVT-0067,TAG-0156,CURRICULUM_THEME_INFERENCE,MEDIUM,Broad geography inferred from curriculum theme/context.
ETAG-03132,EVT-0069,TAG-0131,SEMANTIC_RULE,HIGH,Direct title/context/manual semantic match.
ETAG-03133,EVT-0069,TAG-0132,CURRICULUM_THEME_INFERENCE,MEDIUM,Inferred from curriculum theme; suitable for broad filtering.
ETAG-03134,EVT-0069,TAG-0119,CURRICULUM_THEME_INFERENCE,MEDIUM,Inferred from curriculum theme; suitable for broad filtering.
ETAG-03135,EVT-0069,TAG-0156,GEOGRAPHY_RULE,HIGH,Direct place/entity/manual geography match.
ETAG-03136,EVT-0069,TAG-0154,GEOGRAPHY_RULE,HIGH,Direct place/entity/manual geography match.
ETAG-03137,EVT-0069,TAG-0153,GEOGRAPHY_RULE,HIGH,Direct place/entity/manual geography match.
ETAG-03138,EVT-0069,TAG-0163,GEOGRAPHY_RULE,HIGH,Direct place/entity/manual geography match.
ETAG-03139,EVT-0069,TAG-0162,GEOGRAPHY_RULE,HIGH,Direct place/entity/manual geography match.
ETAG-03140,EVT-0070,TAG-0131,SEMANTIC_RULE,HIGH,Direct title/context/manual semantic match.
ETAG-03141,EVT-0070,TAG-0132,CURRICULUM_THEME_INFERENCE,MEDIUM,Inferred from curriculum theme; suitable for broad filtering.
ETAG-03142,EVT-0070,TAG-0119,CURRICULUM_THEME_INFERENCE,MEDIUM,Inferred from curriculum theme; suitable for broad filtering.
ETAG-03143,EVT-0070,TAG-0156,GEOGRAPHY_RULE,HIGH,Direct place/entity/manual geography match.
ETAG-03144,EVT-0070,TAG-0154,GEOGRAPHY_RULE,HIGH,Direct place/entity/manual geography match.
ETAG-03145,EVT-0070,TAG-0153,GEOGRAPHY_RULE,HIGH,Direct place/entity/manual geography match.
ETAG-03146,EVT-0070,TAG-0163,GEOGRAPHY_RULE,HIGH,Direct place/entity/manual geography match.
ETAG-03147,EVT-0070,TAG-0162,GEOGRAPHY_RULE,HIGH,Direct place/entity/manual geography match.
ETAG-03148,EVT-0072,TAG-0119,SEMANTIC_RULE,HIGH,Direct title/context/manual semantic match.
ETAG-03149,EVT-0072,TAG-0132,CURRICULUM_THEME_INFERENCE,MEDIUM,Inferred from curriculum theme; suitable for broad filtering.
ETAG-03150,EVT-0072,TAG-0131,CURRICULUM_THEME_INFERENCE,MEDIUM,Inferred from curriculum theme; suitable for broad filtering.
ETAG-03151,EVT-0072,TAG-0154,GEOGRAPHY_RULE,HIGH,Direct place/entity/manual geography match.
ETAG-03152,EVT-0072,TAG-0160,GEOGRAPHY_RULE,HIGH,Direct place/entity/manual geography match.
ETAG-03153,EVT-0072,TAG-0155,GEOGRAPHY_RULE,HIGH,Direct place/entity/manual geography match.
ETAG-03154,EVT-0072,TAG-0156,CURRICULUM_THEME_INFERENCE,MEDIUM,Broad geography inferred from curriculum theme/context.
ETAG-03155,EVT-0073,TAG-0119,SEMANTIC_RULE,HIGH,Direct title/context/manual semantic match.
ETAG-03156,EVT-0073,TAG-0132,CURRICULUM_THEME_INFERENCE,MEDIUM,Inferred from curriculum theme; suitable for broad filtering.
ETAG-03157,EVT-0073,TAG-0131,CURRICULUM_THEME_INFERENCE,MEDIUM,Inferred from curriculum theme; suitable for broad filtering.
ETAG-03158,EVT-0073,TAG-0154,GEOGRAPHY_RULE,HIGH,Direct place/entity/manual geography match.
ETAG-03159,EVT-0073,TAG-0157,GEOGRAPHY_RULE,HIGH,Direct place/entity/manual geography match.
ETAG-03160,EVT-0073,TAG-0156,CURRICULUM_THEME_INFERENCE,MEDIUM,Broad geography inferred from curriculum theme/context.
ETAG-03161,EVT-0074,TAG-0106,SEMANTIC_RULE,HIGH,Direct title/context/manual semantic match.
ETAG-03162,EVT-0074,TAG-0113,SEMANTIC_RULE,HIGH,Direct title/context/manual semantic match.
ETAG-03163,EVT-0074,TAG-0132,CURRICULUM_THEME_INFERENCE,MEDIUM,Inferred from curriculum theme; suitable for broad filtering.
ETAG-03164,EVT-0074,TAG-0131,CURRICULUM_THEME_INFERENCE,MEDIUM,Inferred from curriculum theme; suitable for broad filtering.
ETAG-03165,EVT-0074,TAG-0119,CURRICULUM_THEME_INFERENCE,MEDIUM,Inferred from curriculum theme; suitable for broad filtering.
ETAG-03166,EVT-0074,TAG-0154,GEOGRAPHY_RULE,HIGH,Direct place/entity/manual geography match.
ETAG-03167,EVT-0074,TAG-0157,GEOGRAPHY_RULE,HIGH,Direct place/entity/manual geography match.
ETAG-03168,EVT-0074,TAG-0156,CURRICULUM_THEME_INFERENCE,MEDIUM,Broad geography inferred from curriculum theme/context.
ETAG-03169,EVT-0075,TAG-0106,SEMANTIC_RULE,HIGH,Direct title/context/manual semantic match.
ETAG-03170,EVT-0075,TAG-0108,SEMANTIC_RULE,HIGH,Direct title/context/manual semantic match.
ETAG-03171,EVT-0075,TAG-0132,CURRICULUM_THEME_INFERENCE,MEDIUM,Inferred from curriculum theme; suitable for broad filtering.
ETAG-03172,EVT-0075,TAG-0131,CURRICULUM_THEME_INFERENCE,MEDIUM,Inferred from curriculum theme; suitable for broad filtering.
ETAG-03173,EVT-0075,TAG-0119,CURRICULUM_THEME_INFERENCE,MEDIUM,Inferred from curriculum theme; suitable for broad filtering.
ETAG-03174,EVT-0075,TAG-0154,GEOGRAPHY_RULE,HIGH,Direct place/entity/manual geography match.
ETAG-03175,EVT-0075,TAG-0157,GEOGRAPHY_RULE,HIGH,Direct place/entity/manual geography match.
ETAG-03176,EVT-0075,TAG-0156,CURRICULUM_THEME_INFERENCE,MEDIUM,Broad geography inferred from curriculum theme/context.
ETAG-03177,EVT-0076,TAG-0120,SEMANTIC_RULE,HIGH,Direct title/context/manual semantic match.
ETAG-03178,EVT-0076,TAG-0109,SEMANTIC_RULE,HIGH,Direct title/context/manual semantic match.
ETAG-03179,EVT-0076,TAG-0106,SEMANTIC_RULE,HIGH,Direct title/context/manual semantic match.
ETAG-03180,EVT-0076,TAG-0119,SEMANTIC_RULE,HIGH,Direct title/context/manual semantic match.
ETAG-03181,EVT-0076,TAG-0108,SEMANTIC_RULE,HIGH,Direct title/context/manual semantic match.
ETAG-03182,EVT-0076,TAG-0132,CURRICULUM_THEME_INFERENCE,MEDIUM,Inferred from curriculum theme; suitable for broad filtering.
ETAG-03183,EVT-0076,TAG-0107,CURRICULUM_THEME_INFERENCE,MEDIUM,Inferred from curriculum theme; suitable for broad filtering.
ETAG-03184,EVT-0076,TAG-0131,CURRICULUM_THEME_INFERENCE,MEDIUM,Inferred from curriculum theme; suitable for broad filtering.
ETAG-03185,EVT-0076,TAG-0154,GEOGRAPHY_RULE,HIGH,Direct place/entity/manual geography match.
ETAG-03186,EVT-0076,TAG-0157,GEOGRAPHY_RULE,HIGH,Direct place/entity/manual geography match.
ETAG-03187,EVT-0076,TAG-0158,GEOGRAPHY_RULE,HIGH,Direct place/entity/manual geography match.
ETAG-03188,EVT-0076,TAG-0156,CURRICULUM_THEME_INFERENCE,MEDIUM,Broad geography inferred from curriculum theme/context.
ETAG-03189,EVT-0077,TAG-0106,SEMANTIC_RULE,HIGH,Direct title/context/manual semantic match.
ETAG-03190,EVT-0077,TAG-0108,SEMANTIC_RULE,HIGH,Direct title/context/manual semantic match.
ETAG-03191,EVT-0077,TAG-0132,CURRICULUM_THEME_INFERENCE,MEDIUM,Inferred from curriculum theme; suitable for broad filtering.
ETAG-03192,EVT-0077,TAG-0131,CURRICULUM_THEME_INFERENCE,MEDIUM,Inferred from curriculum theme; suitable for broad filtering.
ETAG-03193,EVT-0077,TAG-0119,CURRICULUM_THEME_INFERENCE,MEDIUM,Inferred from curriculum theme; suitable for broad filtering.
ETAG-03194,EVT-0077,TAG-0154,GEOGRAPHY_RULE,HIGH,Direct place/entity/manual geography match.
ETAG-03195,EVT-0077,TAG-0157,GEOGRAPHY_RULE,HIGH,Direct place/entity/manual geography match.
ETAG-03196,EVT-0077,TAG-0156,CURRICULUM_THEME_INFERENCE,MEDIUM,Broad geography inferred from curriculum theme/context.
ETAG-03197,EVT-0078,TAG-0114,SEMANTIC_RULE,HIGH,Direct title/context/manual semantic match.
ETAG-03198,EVT-0078,TAG-0115,SEMANTIC_RULE,HIGH,Direct title/context/manual semantic match.
ETAG-03199,EVT-0078,TAG-0113,SEMANTIC_RULE,HIGH,Direct title/context/manual semantic match.
ETAG-03200,EVT-0078,TAG-0110,SEMANTIC_RULE,HIGH,Direct title/context/manual semantic match.
ETAG-03201,EVT-0078,TAG-0118,SEMANTIC_RULE,HIGH,Direct title/context/manual semantic match.
ETAG-03202,EVT-0078,TAG-0116,CURRICULUM_THEME_INFERENCE,MEDIUM,Inferred from curriculum theme; suitable for broad filtering.
ETAG-03203,EVT-0078,TAG-0121,CURRICULUM_THEME_INFERENCE,MEDIUM,Inferred from curriculum theme; suitable for broad filtering.
ETAG-03204,EVT-0078,TAG-0106,CURRICULUM_THEME_INFERENCE,MEDIUM,Inferred from curriculum theme; suitable for broad filtering.
ETAG-03205,EVT-0078,TAG-0156,GEOGRAPHY_RULE,HIGH,Direct place/entity/manual geography match.
ETAG-03206,EVT-0078,TAG-0154,GEOGRAPHY_RULE,HIGH,Direct place/entity/manual geography match.
ETAG-03207,EVT-0078,TAG-0157,GEOGRAPHY_RULE,HIGH,Direct place/entity/manual geography match.
ETAG-03208,EVT-0079,TAG-0116,SEMANTIC_RULE,HIGH,Direct title/context/manual semantic match.
ETAG-03209,EVT-0079,TAG-0115,SEMANTIC_RULE,HIGH,Direct title/context/manual semantic match.
ETAG-03210,EVT-0079,TAG-0109,SEMANTIC_RULE,HIGH,Direct title/context/manual semantic match.
ETAG-03211,EVT-0079,TAG-0113,SEMANTIC_RULE,HIGH,Direct title/context/manual semantic match.
ETAG-03212,EVT-0079,TAG-0110,SEMANTIC_RULE,HIGH,Direct title/context/manual semantic match.
ETAG-03213,EVT-0079,TAG-0118,SEMANTIC_RULE,HIGH,Direct title/context/manual semantic match.
ETAG-03214,EVT-0079,TAG-0121,CURRICULUM_THEME_INFERENCE,MEDIUM,Inferred from curriculum theme; suitable for broad filtering.
ETAG-03215,EVT-0079,TAG-0106,CURRICULUM_THEME_INFERENCE,MEDIUM,Inferred from curriculum theme; suitable for broad filtering.
ETAG-03216,EVT-0079,TAG-0156,GEOGRAPHY_RULE,HIGH,Direct place/entity/manual geography match.
ETAG-03217,EVT-0079,TAG-0154,GEOGRAPHY_RULE,HIGH,Direct place/entity/manual geography match.
ETAG-03218,EVT-0079,TAG-0157,GEOGRAPHY_RULE,HIGH,Direct place/entity/manual geography match.
ETAG-03219,EVT-0082,TAG-0133,SEMANTIC_RULE,HIGH,Direct title/context/manual semantic match.
ETAG-03220,EVT-0082,TAG-0106,SEMANTIC_RULE,HIGH,Direct title/context/manual semantic match.
ETAG-03221,EVT-0082,TAG-0123,SEMANTIC_RULE,HIGH,Direct title/context/manual semantic match.
ETAG-03222,EVT-0082,TAG-0107,CURRICULUM_THEME_INFERENCE,MEDIUM,Inferred from curriculum theme; suitable for broad filtering.
ETAG-03223,EVT-0082,TAG-0144,CURRICULUM_THEME_INFERENCE,MEDIUM,Inferred from curriculum theme; suitable for broad filtering.
ETAG-03224,EVT-0082,TAG-0110,CURRICULUM_THEME_INFERENCE,MEDIUM,Inferred from curriculum theme; suitable for broad filtering.
ETAG-03225,EVT-0082,TAG-0154,GEOGRAPHY_RULE,HIGH,Direct place/entity/manual geography match.
ETAG-03226,EVT-0082,TAG-0157,GEOGRAPHY_RULE,HIGH,Direct place/entity/manual geography match.
ETAG-03227,EVT-0082,TAG-0153,CURRICULUM_THEME_INFERENCE,MEDIUM,Broad geography inferred from curriculum theme/context.
ETAG-03228,EVT-0083,TAG-0133,SEMANTIC_RULE,HIGH,Direct title/context/manual semantic match.
ETAG-03229,EVT-0083,TAG-0106,SEMANTIC_RULE,HIGH,Direct title/context/manual semantic match.
ETAG-03230,EVT-0083,TAG-0123,SEMANTIC_RULE,HIGH,Direct title/context/manual semantic match.
ETAG-03231,EVT-0083,TAG-0107,CURRICULUM_THEME_INFERENCE,MEDIUM,Inferred from curriculum theme; suitable for broad filtering.
ETAG-03232,EVT-0083,TAG-0144,CURRICULUM_THEME_INFERENCE,MEDIUM,Inferred from curriculum theme; suitable for broad filtering.
ETAG-03233,EVT-0083,TAG-0110,CURRICULUM_THEME_INFERENCE,MEDIUM,Inferred from curriculum theme; suitable for broad filtering.
ETAG-03234,EVT-0083,TAG-0154,GEOGRAPHY_RULE,HIGH,Direct place/entity/manual geography match.
ETAG-03235,EVT-0083,TAG-0157,GEOGRAPHY_RULE,HIGH,Direct place/entity/manual geography match.
ETAG-03236,EVT-0083,TAG-0153,CURRICULUM_THEME_INFERENCE,MEDIUM,Broad geography inferred from curriculum theme/context.
ETAG-03237,EVT-0084,TAG-0133,SEMANTIC_RULE,HIGH,Direct title/context/manual semantic match.
ETAG-03238,EVT-0084,TAG-0106,SEMANTIC_RULE,HIGH,Direct title/context/manual semantic match.
ETAG-03239,EVT-0084,TAG-0123,SEMANTIC_RULE,HIGH,Direct title/context/manual semantic match.
ETAG-03240,EVT-0084,TAG-0107,CURRICULUM_THEME_INFERENCE,MEDIUM,Inferred from curriculum theme; suitable for broad filtering.
ETAG-03241,EVT-0084,TAG-0144,CURRICULUM_THEME_INFERENCE,MEDIUM,Inferred from curriculum theme; suitable for broad filtering.
ETAG-03242,EVT-0084,TAG-0110,CURRICULUM_THEME_INFERENCE,MEDIUM,Inferred from curriculum theme; suitable for broad filtering.
ETAG-03243,EVT-0084,TAG-0154,GEOGRAPHY_RULE,HIGH,Direct place/entity/manual geography match.
ETAG-03244,EVT-0084,TAG-0157,GEOGRAPHY_RULE,HIGH,Direct place/entity/manual geography match.
ETAG-03245,EVT-0084,TAG-0153,CURRICULUM_THEME_INFERENCE,MEDIUM,Broad geography inferred from curriculum theme/context.
ETAG-03246,EVT-0085,TAG-0133,SEMANTIC_RULE,HIGH,Direct title/context/manual semantic match.
ETAG-03247,EVT-0085,TAG-0106,SEMANTIC_RULE,HIGH,Direct title/context/manual semantic match.
ETAG-03248,EVT-0085,TAG-0123,SEMANTIC_RULE,HIGH,Direct title/context/manual semantic match.
ETAG-03249,EVT-0085,TAG-0107,CURRICULUM_THEME_INFERENCE,MEDIUM,Inferred from curriculum theme; suitable for broad filtering.
ETAG-03250,EVT-0085,TAG-0144,CURRICULUM_THEME_INFERENCE,MEDIUM,Inferred from curriculum theme; suitable for broad filtering.
ETAG-03251,EVT-0085,TAG-0110,CURRICULUM_THEME_INFERENCE,MEDIUM,Inferred from curriculum theme; suitable for broad filtering.
ETAG-03252,EVT-0085,TAG-0154,GEOGRAPHY_RULE,HIGH,Direct place/entity/manual geography match.
ETAG-03253,EVT-0085,TAG-0157,GEOGRAPHY_RULE,HIGH,Direct place/entity/manual geography match.
ETAG-03254,EVT-0085,TAG-0153,CURRICULUM_THEME_INFERENCE,MEDIUM,Broad geography inferred from curriculum theme/context.
ETAG-03255,EVT-0086,TAG-0126,SEMANTIC_RULE,HIGH,Direct title/context/manual semantic match.
ETAG-03256,EVT-0086,TAG-0144,SEMANTIC_RULE,HIGH,Direct title/context/manual semantic match.
ETAG-03257,EVT-0086,TAG-0106,SEMANTIC_RULE,HIGH,Direct title/context/manual semantic match.
ETAG-03258,EVT-0086,TAG-0110,SEMANTIC_RULE,HIGH,Direct title/context/manual semantic match.
ETAG-03259,EVT-0086,TAG-0123,SEMANTIC_RULE,HIGH,Direct title/context/manual semantic match.
ETAG-03260,EVT-0086,TAG-0125,SEMANTIC_RULE,HIGH,Direct title/context/manual semantic match.
ETAG-03261,EVT-0086,TAG-0107,CURRICULUM_THEME_INFERENCE,MEDIUM,Inferred from curriculum theme; suitable for broad filtering.
ETAG-03262,EVT-0086,TAG-0127,CURRICULUM_THEME_INFERENCE,MEDIUM,Inferred from curriculum theme; suitable for broad filtering.
ETAG-03263,EVT-0086,TAG-0129,CURRICULUM_THEME_INFERENCE,MEDIUM,Inferred from curriculum theme; suitable for broad filtering.
ETAG-03264,EVT-0086,TAG-0154,GEOGRAPHY_RULE,HIGH,Direct place/entity/manual geography match.
ETAG-03265,EVT-0086,TAG-0157,GEOGRAPHY_RULE,HIGH,Direct place/entity/manual geography match.
ETAG-03266,EVT-0086,TAG-0153,CURRICULUM_THEME_INFERENCE,MEDIUM,Broad geography inferred from curriculum theme/context.
ETAG-03267,EVT-0087,TAG-0144,SEMANTIC_RULE,HIGH,Direct title/context/manual semantic match.
ETAG-03268,EVT-0087,TAG-0109,SEMANTIC_RULE,HIGH,Direct title/context/manual semantic match.
ETAG-03269,EVT-0087,TAG-0106,SEMANTIC_RULE,HIGH,Direct title/context/manual semantic match.
ETAG-03270,EVT-0087,TAG-0110,SEMANTIC_RULE,HIGH,Direct title/context/manual semantic match.
ETAG-03271,EVT-0087,TAG-0123,SEMANTIC_RULE,HIGH,Direct title/context/manual semantic match.
ETAG-03272,EVT-0087,TAG-0125,SEMANTIC_RULE,HIGH,Direct title/context/manual semantic match.
ETAG-03273,EVT-0087,TAG-0107,CURRICULUM_THEME_INFERENCE,MEDIUM,Inferred from curriculum theme; suitable for broad filtering.
ETAG-03274,EVT-0087,TAG-0127,CURRICULUM_THEME_INFERENCE,MEDIUM,Inferred from curriculum theme; suitable for broad filtering.
ETAG-03275,EVT-0087,TAG-0129,CURRICULUM_THEME_INFERENCE,MEDIUM,Inferred from curriculum theme; suitable for broad filtering.
ETAG-03276,EVT-0087,TAG-0154,GEOGRAPHY_RULE,HIGH,Direct place/entity/manual geography match.
ETAG-03277,EVT-0087,TAG-0157,GEOGRAPHY_RULE,HIGH,Direct place/entity/manual geography match.
ETAG-03278,EVT-0087,TAG-0153,CURRICULUM_THEME_INFERENCE,MEDIUM,Broad geography inferred from curriculum theme/context.
ETAG-03279,EVT-0088,TAG-0144,SEMANTIC_RULE,HIGH,Direct title/context/manual semantic match.
ETAG-03280,EVT-0088,TAG-0124,SEMANTIC_RULE,HIGH,Direct title/context/manual semantic match.
ETAG-03281,EVT-0088,TAG-0109,SEMANTIC_RULE,HIGH,Direct title/context/manual semantic match.
ETAG-03282,EVT-0088,TAG-0106,SEMANTIC_RULE,HIGH,Direct title/context/manual semantic match.
ETAG-03283,EVT-0088,TAG-0110,SEMANTIC_RULE,HIGH,Direct title/context/manual semantic match.
ETAG-03284,EVT-0088,TAG-0123,SEMANTIC_RULE,HIGH,Direct title/context/manual semantic match.
ETAG-03285,EVT-0088,TAG-0125,SEMANTIC_RULE,HIGH,Direct title/context/manual semantic match.
ETAG-03286,EVT-0088,TAG-0107,CURRICULUM_THEME_INFERENCE,MEDIUM,Inferred from curriculum theme; suitable for broad filtering.
ETAG-03287,EVT-0088,TAG-0127,CURRICULUM_THEME_INFERENCE,MEDIUM,Inferred from curriculum theme; suitable for broad filtering.
ETAG-03288,EVT-0088,TAG-0129,CURRICULUM_THEME_INFERENCE,MEDIUM,Inferred from curriculum theme; suitable for broad filtering.
ETAG-03289,EVT-0088,TAG-0154,GEOGRAPHY_RULE,HIGH,Direct place/entity/manual geography match.
ETAG-03290,EVT-0088,TAG-0157,GEOGRAPHY_RULE,HIGH,Direct place/entity/manual geography match.
ETAG-03291,EVT-0088,TAG-0153,CURRICULUM_THEME_INFERENCE,MEDIUM,Broad geography inferred from curriculum theme/context.
ETAG-03292,EVT-0089,TAG-0111,SEMANTIC_RULE,HIGH,Direct title/context/manual semantic match.
ETAG-03293,EVT-0089,TAG-0138,CURRICULUM_THEME_INFERENCE,MEDIUM,Inferred from curriculum theme; suitable for broad filtering.
ETAG-03294,EVT-0089,TAG-0148,CURATED_CONTEXT,HIGH,Curated historical-context membership.
ETAG-03295,EVT-0089,TAG-0189,GEOGRAPHY_RULE,HIGH,Direct place/entity/manual geography match.
ETAG-03296,EVT-0089,TAG-0154,GEOGRAPHY_RULE,HIGH,Direct place/entity/manual geography match.
ETAG-03297,EVT-0089,TAG-0153,CURRICULUM_THEME_INFERENCE,MEDIUM,Broad geography inferred from curriculum theme/context.
ETAG-03298,EVT-0090,TAG-0137,SEMANTIC_RULE,HIGH,Direct title/context/manual semantic match.
ETAG-03299,EVT-0090,TAG-0138,SEMANTIC_RULE,HIGH,Direct title/context/manual semantic match.
ETAG-03300,EVT-0090,TAG-0111,SEMANTIC_RULE,HIGH,Direct title/context/manual semantic match.
ETAG-03301,EVT-0090,TAG-0148,CURATED_CONTEXT,HIGH,Curated historical-context membership.
ETAG-03302,EVT-0090,TAG-0154,GEOGRAPHY_RULE,HIGH,Direct place/entity/manual geography match.
ETAG-03303,EVT-0090,TAG-0155,GEOGRAPHY_RULE,HIGH,Direct place/entity/manual geography match.
ETAG-03304,EVT-0090,TAG-0169,GEOGRAPHY_RULE,HIGH,Direct place/entity/manual geography match.
ETAG-03305,EVT-0090,TAG-0153,CURRICULUM_THEME_INFERENCE,MEDIUM,Broad geography inferred from curriculum theme/context.
ETAG-03306,EVT-0091,TAG-0114,SEMANTIC_RULE,HIGH,Direct title/context/manual semantic match.
ETAG-03307,EVT-0091,TAG-0111,SEMANTIC_RULE,HIGH,Direct title/context/manual semantic match.
ETAG-03308,EVT-0091,TAG-0148,CURATED_CONTEXT,HIGH,Curated historical-context membership.
ETAG-03309,EVT-0091,TAG-0154,CURRICULUM_THEME_INFERENCE,MEDIUM,Broad geography inferred from curriculum theme/context.
ETAG-03310,EVT-0091,TAG-0153,CURRICULUM_THEME_INFERENCE,MEDIUM,Broad geography inferred from curriculum theme/context.
ETAG-03311,EVT-0092,TAG-0114,SEMANTIC_RULE,HIGH,Direct title/context/manual semantic match.
ETAG-03312,EVT-0092,TAG-0111,SEMANTIC_RULE,HIGH,Direct title/context/manual semantic match.
ETAG-03313,EVT-0092,TAG-0148,CURATED_CONTEXT,HIGH,Curated historical-context membership.
ETAG-03314,EVT-0092,TAG-0154,GEOGRAPHY_RULE,HIGH,Direct place/entity/manual geography match.
ETAG-03315,EVT-0092,TAG-0157,GEOGRAPHY_RULE,HIGH,Direct place/entity/manual geography match.
ETAG-03316,EVT-0092,TAG-0159,GEOGRAPHY_RULE,HIGH,Direct place/entity/manual geography match.
ETAG-03317,EVT-0092,TAG-0153,CURRICULUM_THEME_INFERENCE,MEDIUM,Broad geography inferred from curriculum theme/context.
ETAG-03318,EVT-0093,TAG-0107,SEMANTIC_RULE,HIGH,Direct title/context/manual semantic match.
ETAG-03319,EVT-0093,TAG-0106,SEMANTIC_RULE,HIGH,Direct title/context/manual semantic match.
ETAG-03320,EVT-0093,TAG-0111,CURRICULUM_THEME_INFERENCE,MEDIUM,Inferred from curriculum theme; suitable for broad filtering.
ETAG-03321,EVT-0093,TAG-0154,GEOGRAPHY_RULE,HIGH,Direct place/entity/manual geography match.
ETAG-03322,EVT-0093,TAG-0157,GEOGRAPHY_RULE,HIGH,Direct place/entity/manual geography match.
ETAG-03323,EVT-0094,TAG-0114,SEMANTIC_RULE,HIGH,Direct title/context/manual semantic match.
ETAG-03324,EVT-0094,TAG-0111,CURRICULUM_THEME_INFERENCE,MEDIUM,Inferred from curriculum theme; suitable for broad filtering.
ETAG-03325,EVT-0094,TAG-0154,CURRICULUM_THEME_INFERENCE,MEDIUM,Broad geography inferred from curriculum theme/context.
ETAG-03326,EVT-0095,TAG-0124,SEMANTIC_RULE,HIGH,Direct title/context/manual semantic match.
ETAG-03327,EVT-0095,TAG-0109,SEMANTIC_RULE,HIGH,Direct title/context/manual semantic match.
ETAG-03328,EVT-0095,TAG-0123,SEMANTIC_RULE,HIGH,Direct title/context/manual semantic match.
ETAG-03329,EVT-0095,TAG-0111,CURRICULUM_THEME_INFERENCE,MEDIUM,Inferred from curriculum theme; suitable for broad filtering.
ETAG-03330,EVT-0095,TAG-0154,CURRICULUM_THEME_INFERENCE,MEDIUM,Broad geography inferred from curriculum theme/context.
ETAG-03331,EVT-0096,TAG-0124,SEMANTIC_RULE,HIGH,Direct title/context/manual semantic match.
ETAG-03332,EVT-0096,TAG-0109,SEMANTIC_RULE,HIGH,Direct title/context/manual semantic match.
ETAG-03333,EVT-0096,TAG-0123,SEMANTIC_RULE,HIGH,Direct title/context/manual semantic match.
ETAG-03334,EVT-0096,TAG-0111,CURRICULUM_THEME_INFERENCE,MEDIUM,Inferred from curriculum theme; suitable for broad filtering.
ETAG-03335,EVT-0096,TAG-0154,CURRICULUM_THEME_INFERENCE,MEDIUM,Broad geography inferred from curriculum theme/context.
ETAG-03336,EVT-0097,TAG-0111,SEMANTIC_RULE,HIGH,Direct title/context/manual semantic match.
ETAG-03337,EVT-0097,TAG-0149,CURATED_CONTEXT,HIGH,Curated historical-context membership.
ETAG-03338,EVT-0097,TAG-0154,GEOGRAPHY_RULE,HIGH,Direct place/entity/manual geography match.
ETAG-03339,EVT-0097,TAG-0159,GEOGRAPHY_RULE,HIGH,Direct place/entity/manual geography match.
ETAG-03340,EVT-0097,TAG-0153,CURRICULUM_THEME_INFERENCE,MEDIUM,Broad geography inferred from curriculum theme/context.
ETAG-03341,EVT-0098,TAG-0111,SEMANTIC_RULE,HIGH,Direct title/context/manual semantic match.
ETAG-03342,EVT-0098,TAG-0149,CURATED_CONTEXT,HIGH,Curated historical-context membership.
ETAG-03343,EVT-0098,TAG-0154,GEOGRAPHY_RULE,HIGH,Direct place/entity/manual geography match.
ETAG-03344,EVT-0098,TAG-0157,GEOGRAPHY_RULE,HIGH,Direct place/entity/manual geography match.
ETAG-03345,EVT-0098,TAG-0159,GEOGRAPHY_RULE,HIGH,Direct place/entity/manual geography match.
ETAG-03346,EVT-0098,TAG-0158,GEOGRAPHY_RULE,HIGH,Direct place/entity/manual geography match.
ETAG-03347,EVT-0098,TAG-0153,CURRICULUM_THEME_INFERENCE,MEDIUM,Broad geography inferred from curriculum theme/context.
ETAG-03348,EVT-0099,TAG-0112,SEMANTIC_RULE,HIGH,Direct title/context/manual semantic match.
ETAG-03349,EVT-0099,TAG-0111,SEMANTIC_RULE,HIGH,Direct title/context/manual semantic match.
ETAG-03350,EVT-0099,TAG-0149,CURATED_CONTEXT,HIGH,Curated historical-context membership.
ETAG-03351,EVT-0099,TAG-0154,GEOGRAPHY_RULE,HIGH,Direct place/entity/manual geography match.
ETAG-03352,EVT-0099,TAG-0159,GEOGRAPHY_RULE,HIGH,Direct place/entity/manual geography match.
ETAG-03353,EVT-0099,TAG-0164,GEOGRAPHY_RULE,HIGH,Direct place/entity/manual geography match.
ETAG-03354,EVT-0099,TAG-0153,CURRICULUM_THEME_INFERENCE,MEDIUM,Broad geography inferred from curriculum theme/context.
ETAG-03355,EVT-0100,TAG-0107,SEMANTIC_RULE,HIGH,Direct title/context/manual semantic match.
ETAG-03356,EVT-0100,TAG-0106,SEMANTIC_RULE,HIGH,Direct title/context/manual semantic match.
ETAG-03357,EVT-0100,TAG-0110,SEMANTIC_RULE,HIGH,Direct title/context/manual semantic match.
ETAG-03358,EVT-0100,TAG-0123,SEMANTIC_RULE,HIGH,Direct title/context/manual semantic match.
ETAG-03359,EVT-0100,TAG-0108,SEMANTIC_RULE,HIGH,Direct title/context/manual semantic match.
ETAG-03360,EVT-0100,TAG-0111,SEMANTIC_RULE,HIGH,Direct title/context/manual semantic match.
ETAG-03361,EVT-0100,TAG-0125,SEMANTIC_RULE,HIGH,Direct title/context/manual semantic match.
ETAG-03362,EVT-0100,TAG-0149,CURATED_CONTEXT,HIGH,Curated historical-context membership.
ETAG-03363,EVT-0100,TAG-0154,GEOGRAPHY_RULE,HIGH,Direct place/entity/manual geography match.
ETAG-03364,EVT-0100,TAG-0157,GEOGRAPHY_RULE,HIGH,Direct place/entity/manual geography match.
ETAG-03365,EVT-0100,TAG-0153,CURRICULUM_THEME_INFERENCE,MEDIUM,Broad geography inferred from curriculum theme/context.
ETAG-03366,EVT-0101,TAG-0111,SEMANTIC_RULE,HIGH,Direct title/context/manual semantic match.
ETAG-03367,EVT-0101,TAG-0149,CURATED_CONTEXT,HIGH,Curated historical-context membership.
ETAG-03368,EVT-0101,TAG-0154,GEOGRAPHY_RULE,HIGH,Direct place/entity/manual geography match.
ETAG-03369,EVT-0101,TAG-0159,GEOGRAPHY_RULE,HIGH,Direct place/entity/manual geography match.
ETAG-03370,EVT-0101,TAG-0153,CURRICULUM_THEME_INFERENCE,MEDIUM,Broad geography inferred from curriculum theme/context.
ETAG-03371,EVT-0102,TAG-0111,SEMANTIC_RULE,HIGH,Direct title/context/manual semantic match.
ETAG-03372,EVT-0102,TAG-0149,CURATED_CONTEXT,HIGH,Curated historical-context membership.
ETAG-03373,EVT-0102,TAG-0180,GEOGRAPHY_RULE,HIGH,Direct place/entity/manual geography match.
ETAG-03374,EVT-0102,TAG-0181,GEOGRAPHY_RULE,HIGH,Direct place/entity/manual geography match.
ETAG-03375,EVT-0102,TAG-0167,GEOGRAPHY_RULE,HIGH,Direct place/entity/manual geography match.
ETAG-03376,EVT-0102,TAG-0154,CURRICULUM_THEME_INFERENCE,MEDIUM,Broad geography inferred from curriculum theme/context.
ETAG-03377,EVT-0102,TAG-0153,CURRICULUM_THEME_INFERENCE,MEDIUM,Broad geography inferred from curriculum theme/context.
ETAG-03378,EVT-0103,TAG-0107,SEMANTIC_RULE,HIGH,Direct title/context/manual semantic match.
ETAG-03379,EVT-0103,TAG-0106,SEMANTIC_RULE,HIGH,Direct title/context/manual semantic match.
ETAG-03380,EVT-0103,TAG-0108,SEMANTIC_RULE,HIGH,Direct title/context/manual semantic match.
ETAG-03381,EVT-0103,TAG-0147,SEMANTIC_RULE,HIGH,Direct title/context/manual semantic match.
ETAG-03382,EVT-0103,TAG-0111,SEMANTIC_RULE,HIGH,Direct title/context/manual semantic match.
ETAG-03383,EVT-0103,TAG-0149,CURATED_CONTEXT,HIGH,Curated historical-context membership.
ETAG-03384,EVT-0103,TAG-0154,GEOGRAPHY_RULE,HIGH,Direct place/entity/manual geography match.
ETAG-03385,EVT-0103,TAG-0157,GEOGRAPHY_RULE,HIGH,Direct place/entity/manual geography match.
ETAG-03386,EVT-0103,TAG-0153,CURRICULUM_THEME_INFERENCE,MEDIUM,Broad geography inferred from curriculum theme/context.
ETAG-03387,EVT-0105,TAG-0107,SEMANTIC_RULE,HIGH,Direct title/context/manual semantic match.
ETAG-03388,EVT-0105,TAG-0114,SEMANTIC_RULE,HIGH,Direct title/context/manual semantic match.
ETAG-03389,EVT-0105,TAG-0147,SEMANTIC_RULE,HIGH,Direct title/context/manual semantic match.
ETAG-03390,EVT-0105,TAG-0111,SEMANTIC_RULE,HIGH,Direct title/context/manual semantic match.
ETAG-03391,EVT-0105,TAG-0106,CURRICULUM_THEME_INFERENCE,MEDIUM,Inferred from curriculum theme; suitable for broad filtering.
ETAG-03392,EVT-0105,TAG-0149,CURATED_CONTEXT,HIGH,Curated historical-context membership.
ETAG-03393,EVT-0105,TAG-0154,GEOGRAPHY_RULE,HIGH,Direct place/entity/manual geography match.
ETAG-03394,EVT-0105,TAG-0157,GEOGRAPHY_RULE,HIGH,Direct place/entity/manual geography match.
ETAG-03395,EVT-0105,TAG-0159,GEOGRAPHY_RULE,HIGH,Direct place/entity/manual geography match.
ETAG-03396,EVT-0105,TAG-0153,CURRICULUM_THEME_INFERENCE,MEDIUM,Broad geography inferred from curriculum theme/context.
ETAG-03397,EVT-0106,TAG-0111,CURRICULUM_THEME_INFERENCE,MEDIUM,Inferred from curriculum theme; suitable for broad filtering.
ETAG-03398,EVT-0106,TAG-0149,CURATED_CONTEXT,HIGH,Curated historical-context membership.
ETAG-03399,EVT-0106,TAG-0154,GEOGRAPHY_RULE,HIGH,Direct place/entity/manual geography match.
ETAG-03400,EVT-0106,TAG-0157,V14_FINAL_SEMANTIC_AUDIT,HIGH,Promoted to HIGH in final school-corpus semantic audit.
ETAG-03401,EVT-0106,TAG-0153,CURRICULUM_THEME_INFERENCE,MEDIUM,Broad geography inferred from curriculum theme/context.
ETAG-03402,EVT-0107,TAG-0106,SEMANTIC_RULE,HIGH,Direct title/context/manual semantic match.
ETAG-03403,EVT-0107,TAG-0108,SEMANTIC_RULE,HIGH,Direct title/context/manual semantic match.
ETAG-03404,EVT-0107,TAG-0111,CURRICULUM_THEME_INFERENCE,MEDIUM,Inferred from curriculum theme; suitable for broad filtering.
ETAG-03405,EVT-0107,TAG-0149,CURATED_CONTEXT,HIGH,Curated historical-context membership.
ETAG-03406,EVT-0107,TAG-0154,GEOGRAPHY_RULE,HIGH,Direct place/entity/manual geography match.
ETAG-03407,EVT-0107,TAG-0157,GEOGRAPHY_RULE,HIGH,Direct place/entity/manual geography match.
ETAG-03408,EVT-0107,TAG-0153,CURRICULUM_THEME_INFERENCE,MEDIUM,Broad geography inferred from curriculum theme/context.
ETAG-03409,EVT-0109,TAG-0107,SEMANTIC_RULE,HIGH,Direct title/context/manual semantic match.
ETAG-03410,EVT-0109,TAG-0106,SEMANTIC_RULE,HIGH,Direct title/context/manual semantic match.
ETAG-03411,EVT-0109,TAG-0110,SEMANTIC_RULE,HIGH,Direct title/context/manual semantic match.
ETAG-03412,EVT-0109,TAG-0123,SEMANTIC_RULE,HIGH,Direct title/context/manual semantic match.
ETAG-03413,EVT-0109,TAG-0108,SEMANTIC_RULE,HIGH,Direct title/context/manual semantic match.
ETAG-03414,EVT-0109,TAG-0125,SEMANTIC_RULE,HIGH,Direct title/context/manual semantic match.
ETAG-03415,EVT-0109,TAG-0111,CURRICULUM_THEME_INFERENCE,MEDIUM,Inferred from curriculum theme; suitable for broad filtering.
ETAG-03416,EVT-0109,TAG-0149,CURATED_CONTEXT,HIGH,Curated historical-context membership.
ETAG-03417,EVT-0109,TAG-0154,GEOGRAPHY_RULE,HIGH,Direct place/entity/manual geography match.
ETAG-03418,EVT-0109,TAG-0157,GEOGRAPHY_RULE,HIGH,Direct place/entity/manual geography match.
ETAG-03419,EVT-0109,TAG-0153,CURRICULUM_THEME_INFERENCE,MEDIUM,Broad geography inferred from curriculum theme/context.
ETAG-03420,EVT-0110,TAG-0114,SEMANTIC_RULE,HIGH,Direct title/context/manual semantic match.
ETAG-03421,EVT-0110,TAG-0111,SEMANTIC_RULE,HIGH,Direct title/context/manual semantic match.
ETAG-03422,EVT-0110,TAG-0117,CURRICULUM_THEME_INFERENCE,MEDIUM,Inferred from curriculum theme; suitable for broad filtering.
ETAG-03423,EVT-0110,TAG-0142,CURRICULUM_THEME_INFERENCE,MEDIUM,Inferred from curriculum theme; suitable for broad filtering.
ETAG-03424,EVT-0110,TAG-0135,CURRICULUM_THEME_INFERENCE,MEDIUM,Inferred from curriculum theme; suitable for broad filtering.
ETAG-03425,EVT-0110,TAG-0150,CURATED_CONTEXT,HIGH,Curated historical-context membership.
ETAG-03426,EVT-0110,TAG-0185,GEOGRAPHY_RULE,HIGH,Direct place/entity/manual geography match.
ETAG-03427,EVT-0110,TAG-0186,GEOGRAPHY_RULE,HIGH,Direct place/entity/manual geography match.
ETAG-03428,EVT-0110,TAG-0165,GEOGRAPHY_RULE,HIGH,Direct place/entity/manual geography match.
ETAG-03429,EVT-0110,TAG-0153,CURRICULUM_THEME_INFERENCE,MEDIUM,Broad geography inferred from curriculum theme/context.
ETAG-03430,EVT-0111,TAG-0114,SEMANTIC_RULE,HIGH,Direct title/context/manual semantic match.
ETAG-03431,EVT-0111,TAG-0111,SEMANTIC_RULE,HIGH,Direct title/context/manual semantic match.
ETAG-03432,EVT-0111,TAG-0117,CURRICULUM_THEME_INFERENCE,MEDIUM,Inferred from curriculum theme; suitable for broad filtering.
ETAG-03433,EVT-0111,TAG-0142,CURRICULUM_THEME_INFERENCE,MEDIUM,Inferred from curriculum theme; suitable for broad filtering.
ETAG-03434,EVT-0111,TAG-0135,CURRICULUM_THEME_INFERENCE,MEDIUM,Inferred from curriculum theme; suitable for broad filtering.
ETAG-03435,EVT-0111,TAG-0150,CURATED_CONTEXT,HIGH,Curated historical-context membership.
ETAG-03436,EVT-0111,TAG-0154,GEOGRAPHY_RULE,HIGH,Direct place/entity/manual geography match.
ETAG-03437,EVT-0111,TAG-0159,GEOGRAPHY_RULE,HIGH,Direct place/entity/manual geography match.
ETAG-03438,EVT-0111,TAG-0153,CURRICULUM_THEME_INFERENCE,MEDIUM,Broad geography inferred from curriculum theme/context.
ETAG-03439,EVT-0112,TAG-0114,SEMANTIC_RULE,HIGH,Direct title/context/manual semantic match.
ETAG-03440,EVT-0112,TAG-0111,SEMANTIC_RULE,HIGH,Direct title/context/manual semantic match.
ETAG-03441,EVT-0112,TAG-0117,CURRICULUM_THEME_INFERENCE,MEDIUM,Inferred from curriculum theme; suitable for broad filtering.
ETAG-03442,EVT-0112,TAG-0142,CURRICULUM_THEME_INFERENCE,MEDIUM,Inferred from curriculum theme; suitable for broad filtering.
ETAG-03443,EVT-0112,TAG-0135,CURRICULUM_THEME_INFERENCE,MEDIUM,Inferred from curriculum theme; suitable for broad filtering.
ETAG-03444,EVT-0112,TAG-0150,CURATED_CONTEXT,HIGH,Curated historical-context membership.
ETAG-03445,EVT-0112,TAG-0154,GEOGRAPHY_RULE,HIGH,Direct place/entity/manual geography match.
ETAG-03446,EVT-0112,TAG-0159,GEOGRAPHY_RULE,HIGH,Direct place/entity/manual geography match.
ETAG-03447,EVT-0112,TAG-0153,CURRICULUM_THEME_INFERENCE,MEDIUM,Broad geography inferred from curriculum theme/context.
ETAG-03448,EVT-0113,TAG-0143,SEMANTIC_RULE,HIGH,Direct title/context/manual semantic match.
ETAG-03449,EVT-0113,TAG-0114,SEMANTIC_RULE,HIGH,Direct title/context/manual semantic match.
ETAG-03450,EVT-0113,TAG-0142,SEMANTIC_RULE,HIGH,Direct title/context/manual semantic match.
ETAG-03451,EVT-0113,TAG-0111,SEMANTIC_RULE,HIGH,Direct title/context/manual semantic match.
ETAG-03452,EVT-0113,TAG-0117,CURRICULUM_THEME_INFERENCE,MEDIUM,Inferred from curriculum theme; suitable for broad filtering.
ETAG-03453,EVT-0113,TAG-0135,CURRICULUM_THEME_INFERENCE,MEDIUM,Inferred from curriculum theme; suitable for broad filtering.
ETAG-03454,EVT-0113,TAG-0150,CURATED_CONTEXT,HIGH,Curated historical-context membership.
ETAG-03455,EVT-0113,TAG-0154,GEOGRAPHY_RULE,HIGH,Direct place/entity/manual geography match.
ETAG-03456,EVT-0113,TAG-0159,GEOGRAPHY_RULE,HIGH,Direct place/entity/manual geography match.
ETAG-03457,EVT-0113,TAG-0153,CURRICULUM_THEME_INFERENCE,MEDIUM,Broad geography inferred from curriculum theme/context.
ETAG-03458,EVT-0114,TAG-0114,SEMANTIC_RULE,HIGH,Direct title/context/manual semantic match.
ETAG-03459,EVT-0114,TAG-0111,SEMANTIC_RULE,HIGH,Direct title/context/manual semantic match.
ETAG-03460,EVT-0114,TAG-0117,CURRICULUM_THEME_INFERENCE,MEDIUM,Inferred from curriculum theme; suitable for broad filtering.
ETAG-03461,EVT-0114,TAG-0142,CURRICULUM_THEME_INFERENCE,MEDIUM,Inferred from curriculum theme; suitable for broad filtering.
ETAG-03462,EVT-0114,TAG-0135,CURRICULUM_THEME_INFERENCE,MEDIUM,Inferred from curriculum theme; suitable for broad filtering.
ETAG-03463,EVT-0114,TAG-0150,CURATED_CONTEXT,HIGH,Curated historical-context membership.
ETAG-03464,EVT-0114,TAG-0154,GEOGRAPHY_RULE,HIGH,Direct place/entity/manual geography match.
ETAG-03465,EVT-0114,TAG-0159,GEOGRAPHY_RULE,HIGH,Direct place/entity/manual geography match.
ETAG-03466,EVT-0114,TAG-0153,CURRICULUM_THEME_INFERENCE,MEDIUM,Broad geography inferred from curriculum theme/context.
ETAG-03467,EVT-0115,TAG-0114,SEMANTIC_RULE,HIGH,Direct title/context/manual semantic match.
ETAG-03468,EVT-0115,TAG-0115,SEMANTIC_RULE,HIGH,Direct title/context/manual semantic match.
ETAG-03469,EVT-0115,TAG-0142,SEMANTIC_RULE,HIGH,Direct title/context/manual semantic match.
ETAG-03470,EVT-0115,TAG-0111,SEMANTIC_RULE,HIGH,Direct title/context/manual semantic match.
ETAG-03471,EVT-0115,TAG-0117,CURRICULUM_THEME_INFERENCE,MEDIUM,Inferred from curriculum theme; suitable for broad filtering.
ETAG-03472,EVT-0115,TAG-0135,CURRICULUM_THEME_INFERENCE,MEDIUM,Inferred from curriculum theme; suitable for broad filtering.
ETAG-03473,EVT-0115,TAG-0108,CURRICULUM_THEME_INFERENCE,MEDIUM,Inferred from curriculum theme; suitable for broad filtering.
ETAG-03474,EVT-0115,TAG-0150,CURATED_CONTEXT,HIGH,Curated historical-context membership.
ETAG-03475,EVT-0115,TAG-0154,GEOGRAPHY_RULE,HIGH,Direct place/entity/manual geography match.
ETAG-03476,EVT-0115,TAG-0164,GEOGRAPHY_RULE,HIGH,Direct place/entity/manual geography match.
ETAG-03477,EVT-0115,TAG-0153,CURRICULUM_THEME_INFERENCE,MEDIUM,Broad geography inferred from curriculum theme/context.
ETAG-03478,EVT-0116,TAG-0114,SEMANTIC_RULE,HIGH,Direct title/context/manual semantic match.
ETAG-03479,EVT-0116,TAG-0136,SEMANTIC_RULE,HIGH,Direct title/context/manual semantic match.
ETAG-03480,EVT-0116,TAG-0117,CURRICULUM_THEME_INFERENCE,MEDIUM,Inferred from curriculum theme; suitable for broad filtering.
ETAG-03481,EVT-0116,TAG-0142,CURRICULUM_THEME_INFERENCE,MEDIUM,Inferred from curriculum theme; suitable for broad filtering.
ETAG-03482,EVT-0116,TAG-0135,CURRICULUM_THEME_INFERENCE,MEDIUM,Inferred from curriculum theme; suitable for broad filtering.
ETAG-03483,EVT-0116,TAG-0111,CURRICULUM_THEME_INFERENCE,MEDIUM,Inferred from curriculum theme; suitable for broad filtering.
ETAG-03484,EVT-0116,TAG-0154,GEOGRAPHY_RULE,HIGH,Direct place/entity/manual geography match.
ETAG-03485,EVT-0116,TAG-0157,GEOGRAPHY_RULE,HIGH,Direct place/entity/manual geography match.
ETAG-03486,EVT-0116,TAG-0153,CURRICULUM_THEME_INFERENCE,MEDIUM,Broad geography inferred from curriculum theme/context.
ETAG-03487,EVT-0117,TAG-0114,SEMANTIC_RULE,HIGH,Direct title/context/manual semantic match.
ETAG-03488,EVT-0117,TAG-0136,SEMANTIC_RULE,HIGH,Direct title/context/manual semantic match.
ETAG-03489,EVT-0117,TAG-0117,CURRICULUM_THEME_INFERENCE,MEDIUM,Inferred from curriculum theme; suitable for broad filtering.
ETAG-03490,EVT-0117,TAG-0142,CURRICULUM_THEME_INFERENCE,MEDIUM,Inferred from curriculum theme; suitable for broad filtering.
ETAG-03491,EVT-0117,TAG-0135,CURRICULUM_THEME_INFERENCE,MEDIUM,Inferred from curriculum theme; suitable for broad filtering.
ETAG-03492,EVT-0117,TAG-0154,GEOGRAPHY_RULE,HIGH,Direct place/entity/manual geography match.
ETAG-03493,EVT-0117,TAG-0153,CURRICULUM_THEME_INFERENCE,MEDIUM,Broad geography inferred from curriculum theme/context.
ETAG-03494,EVT-0118,TAG-0114,SEMANTIC_RULE,HIGH,Direct title/context/manual semantic match.
ETAG-03495,EVT-0118,TAG-0136,SEMANTIC_RULE,HIGH,Direct title/context/manual semantic match.
ETAG-03496,EVT-0118,TAG-0117,CURRICULUM_THEME_INFERENCE,MEDIUM,Inferred from curriculum theme; suitable for broad filtering.
ETAG-03497,EVT-0118,TAG-0142,CURRICULUM_THEME_INFERENCE,MEDIUM,Inferred from curriculum theme; suitable for broad filtering.
ETAG-03498,EVT-0118,TAG-0135,CURRICULUM_THEME_INFERENCE,MEDIUM,Inferred from curriculum theme; suitable for broad filtering.
ETAG-03499,EVT-0118,TAG-0111,CURRICULUM_THEME_INFERENCE,MEDIUM,Inferred from curriculum theme; suitable for broad filtering.
ETAG-03500,EVT-0118,TAG-0154,GEOGRAPHY_RULE,HIGH,Direct place/entity/manual geography match.
ETAG-03501,EVT-0118,TAG-0160,GEOGRAPHY_RULE,HIGH,Direct place/entity/manual geography match.
ETAG-03502,EVT-0118,TAG-0155,GEOGRAPHY_RULE,HIGH,Direct place/entity/manual geography match.
ETAG-03503,EVT-0118,TAG-0157,CURRICULUM_THEME_INFERENCE,MEDIUM,Broad geography inferred from curriculum theme/context.
ETAG-03504,EVT-0118,TAG-0153,CURRICULUM_THEME_INFERENCE,MEDIUM,Broad geography inferred from curriculum theme/context.
ETAG-03505,EVT-0119,TAG-0136,SEMANTIC_RULE,HIGH,Direct title/context/manual semantic match.
ETAG-03506,EVT-0119,TAG-0117,CURRICULUM_THEME_INFERENCE,MEDIUM,Inferred from curriculum theme; suitable for broad filtering.
ETAG-03507,EVT-0119,TAG-0142,CURRICULUM_THEME_INFERENCE,MEDIUM,Inferred from curriculum theme; suitable for broad filtering.
ETAG-03508,EVT-0119,TAG-0135,CURRICULUM_THEME_INFERENCE,MEDIUM,Inferred from curriculum theme; suitable for broad filtering.
ETAG-03509,EVT-0119,TAG-0154,GEOGRAPHY_RULE,HIGH,Direct place/entity/manual geography match.
ETAG-03510,EVT-0119,TAG-0160,GEOGRAPHY_RULE,HIGH,Direct place/entity/manual geography match.
ETAG-03511,EVT-0119,TAG-0155,GEOGRAPHY_RULE,HIGH,Direct place/entity/manual geography match.
ETAG-03512,EVT-0119,TAG-0153,CURRICULUM_THEME_INFERENCE,MEDIUM,Broad geography inferred from curriculum theme/context.
ETAG-03513,EVT-0120,TAG-0117,SEMANTIC_RULE,HIGH,Direct title/context/manual semantic match.
ETAG-03514,EVT-0120,TAG-0114,SEMANTIC_RULE,HIGH,Direct title/context/manual semantic match.
ETAG-03515,EVT-0120,TAG-0111,SEMANTIC_RULE,HIGH,Direct title/context/manual semantic match.
ETAG-03516,EVT-0120,TAG-0142,CURRICULUM_THEME_INFERENCE,MEDIUM,Inferred from curriculum theme; suitable for broad filtering.
ETAG-03517,EVT-0120,TAG-0135,CURRICULUM_THEME_INFERENCE,MEDIUM,Inferred from curriculum theme; suitable for broad filtering.
ETAG-03518,EVT-0120,TAG-0138,CURRICULUM_THEME_INFERENCE,MEDIUM,Inferred from curriculum theme; suitable for broad filtering.
ETAG-03519,EVT-0120,TAG-0174,GEOGRAPHY_RULE,HIGH,Direct place/entity/manual geography match.
ETAG-03520,EVT-0120,TAG-0176,GEOGRAPHY_RULE,HIGH,Direct place/entity/manual geography match.
ETAG-03521,EVT-0120,TAG-0154,GEOGRAPHY_RULE,HIGH,Direct place/entity/manual geography match.
ETAG-03522,EVT-0120,TAG-0157,GEOGRAPHY_RULE,HIGH,Direct place/entity/manual geography match.
ETAG-03523,EVT-0120,TAG-0155,GEOGRAPHY_RULE,HIGH,Direct place/entity/manual geography match.
ETAG-03524,EVT-0120,TAG-0175,GEOGRAPHY_RULE,HIGH,Direct place/entity/manual geography match.
ETAG-03525,EVT-0120,TAG-0153,CURRICULUM_THEME_INFERENCE,MEDIUM,Broad geography inferred from curriculum theme/context.
ETAG-03526,EVT-0121,TAG-0117,SEMANTIC_RULE,HIGH,Direct title/context/manual semantic match.
ETAG-03527,EVT-0121,TAG-0114,SEMANTIC_RULE,HIGH,Direct title/context/manual semantic match.
ETAG-03528,EVT-0121,TAG-0111,SEMANTIC_RULE,HIGH,Direct title/context/manual semantic match.
ETAG-03529,EVT-0121,TAG-0142,CURRICULUM_THEME_INFERENCE,MEDIUM,Inferred from curriculum theme; suitable for broad filtering.
ETAG-03530,EVT-0121,TAG-0135,CURRICULUM_THEME_INFERENCE,MEDIUM,Inferred from curriculum theme; suitable for broad filtering.
ETAG-03531,EVT-0121,TAG-0138,CURRICULUM_THEME_INFERENCE,MEDIUM,Inferred from curriculum theme; suitable for broad filtering.
ETAG-03532,EVT-0121,TAG-0174,GEOGRAPHY_RULE,HIGH,Direct place/entity/manual geography match.
ETAG-03533,EVT-0121,TAG-0176,GEOGRAPHY_RULE,HIGH,Direct place/entity/manual geography match.
ETAG-03534,EVT-0121,TAG-0155,GEOGRAPHY_RULE,HIGH,Direct place/entity/manual geography match.
ETAG-03535,EVT-0121,TAG-0175,GEOGRAPHY_RULE,HIGH,Direct place/entity/manual geography match.
ETAG-03536,EVT-0121,TAG-0153,CURRICULUM_THEME_INFERENCE,MEDIUM,Broad geography inferred from curriculum theme/context.
ETAG-03537,EVT-0122,TAG-0117,SEMANTIC_RULE,HIGH,Direct title/context/manual semantic match.
ETAG-03538,EVT-0122,TAG-0107,SEMANTIC_RULE,HIGH,Direct title/context/manual semantic match.
ETAG-03539,EVT-0122,TAG-0111,SEMANTIC_RULE,HIGH,Direct title/context/manual semantic match.
ETAG-03540,EVT-0122,TAG-0142,CURRICULUM_THEME_INFERENCE,MEDIUM,Inferred from curriculum theme; suitable for broad filtering.
ETAG-03541,EVT-0122,TAG-0135,CURRICULUM_THEME_INFERENCE,MEDIUM,Inferred from curriculum theme; suitable for broad filtering.
ETAG-03542,EVT-0122,TAG-0138,CURRICULUM_THEME_INFERENCE,MEDIUM,Inferred from curriculum theme; suitable for broad filtering.
ETAG-03543,EVT-0122,TAG-0174,GEOGRAPHY_RULE,HIGH,Direct place/entity/manual geography match.
ETAG-03544,EVT-0122,TAG-0176,GEOGRAPHY_RULE,HIGH,Direct place/entity/manual geography match.
ETAG-03545,EVT-0122,TAG-0155,GEOGRAPHY_RULE,HIGH,Direct place/entity/manual geography match.
ETAG-03546,EVT-0122,TAG-0175,GEOGRAPHY_RULE,HIGH,Direct place/entity/manual geography match.
ETAG-03547,EVT-0122,TAG-0153,CURRICULUM_THEME_INFERENCE,MEDIUM,Broad geography inferred from curriculum theme/context.
ETAG-03548,EVT-0123,TAG-0143,SEMANTIC_RULE,HIGH,Direct title/context/manual semantic match.
ETAG-03549,EVT-0123,TAG-0117,SEMANTIC_RULE,HIGH,Direct title/context/manual semantic match.
ETAG-03550,EVT-0123,TAG-0142,SEMANTIC_RULE,HIGH,Direct title/context/manual semantic match.
ETAG-03551,EVT-0123,TAG-0144,SEMANTIC_RULE,HIGH,Direct title/context/manual semantic match.
ETAG-03552,EVT-0123,TAG-0111,SEMANTIC_RULE,HIGH,Direct title/context/manual semantic match.
ETAG-03553,EVT-0123,TAG-0135,CURRICULUM_THEME_INFERENCE,MEDIUM,Inferred from curriculum theme; suitable for broad filtering.
ETAG-03554,EVT-0123,TAG-0138,CURRICULUM_THEME_INFERENCE,MEDIUM,Inferred from curriculum theme; suitable for broad filtering.
ETAG-03555,EVT-0123,TAG-0174,GEOGRAPHY_RULE,HIGH,Direct place/entity/manual geography match.
ETAG-03556,EVT-0123,TAG-0176,GEOGRAPHY_RULE,HIGH,Direct place/entity/manual geography match.
ETAG-03557,EVT-0123,TAG-0154,GEOGRAPHY_RULE,HIGH,Direct place/entity/manual geography match.
ETAG-03558,EVT-0123,TAG-0157,GEOGRAPHY_RULE,HIGH,Direct place/entity/manual geography match.
ETAG-03559,EVT-0123,TAG-0155,GEOGRAPHY_RULE,HIGH,Direct place/entity/manual geography match.
ETAG-03560,EVT-0123,TAG-0175,GEOGRAPHY_RULE,HIGH,Direct place/entity/manual geography match.
ETAG-03561,EVT-0123,TAG-0153,CURRICULUM_THEME_INFERENCE,MEDIUM,Broad geography inferred from curriculum theme/context.
ETAG-03562,EVT-0124,TAG-0117,SEMANTIC_RULE,HIGH,Direct title/context/manual semantic match.
ETAG-03563,EVT-0124,TAG-0111,SEMANTIC_RULE,HIGH,Direct title/context/manual semantic match.
ETAG-03564,EVT-0124,TAG-0142,CURRICULUM_THEME_INFERENCE,MEDIUM,Inferred from curriculum theme; suitable for broad filtering.
ETAG-03565,EVT-0124,TAG-0135,CURRICULUM_THEME_INFERENCE,MEDIUM,Inferred from curriculum theme; suitable for broad filtering.
ETAG-03566,EVT-0124,TAG-0138,CURRICULUM_THEME_INFERENCE,MEDIUM,Inferred from curriculum theme; suitable for broad filtering.
ETAG-03567,EVT-0124,TAG-0174,GEOGRAPHY_RULE,HIGH,Direct place/entity/manual geography match.
ETAG-03568,EVT-0124,TAG-0176,GEOGRAPHY_RULE,HIGH,Direct place/entity/manual geography match.
ETAG-03569,EVT-0124,TAG-0155,GEOGRAPHY_RULE,HIGH,Direct place/entity/manual geography match.
ETAG-03570,EVT-0124,TAG-0175,GEOGRAPHY_RULE,HIGH,Direct place/entity/manual geography match.
ETAG-03571,EVT-0124,TAG-0153,CURRICULUM_THEME_INFERENCE,MEDIUM,Broad geography inferred from curriculum theme/context.
ETAG-03572,EVT-0128,TAG-0107,SEMANTIC_RULE,HIGH,Direct title/context/manual semantic match.
ETAG-03573,EVT-0128,TAG-0109,SEMANTIC_RULE,HIGH,Direct title/context/manual semantic match.
ETAG-03574,EVT-0128,TAG-0106,SEMANTIC_RULE,HIGH,Direct title/context/manual semantic match.
ETAG-03575,EVT-0128,TAG-0123,SEMANTIC_RULE,HIGH,Direct title/context/manual semantic match.
ETAG-03576,EVT-0128,TAG-0108,SEMANTIC_RULE,HIGH,Direct title/context/manual semantic match.
ETAG-03577,EVT-0128,TAG-0110,CURRICULUM_THEME_INFERENCE,MEDIUM,Inferred from curriculum theme; suitable for broad filtering.
ETAG-03578,EVT-0128,TAG-0154,GEOGRAPHY_RULE,HIGH,Direct place/entity/manual geography match.
ETAG-03579,EVT-0128,TAG-0157,GEOGRAPHY_RULE,HIGH,Direct place/entity/manual geography match.
ETAG-03580,EVT-0129,TAG-0107,SEMANTIC_RULE,HIGH,Direct title/context/manual semantic match.
ETAG-03581,EVT-0129,TAG-0109,SEMANTIC_RULE,HIGH,Direct title/context/manual semantic match.
ETAG-03582,EVT-0129,TAG-0106,SEMANTIC_RULE,HIGH,Direct title/context/manual semantic match.
ETAG-03583,EVT-0129,TAG-0110,SEMANTIC_RULE,HIGH,Direct title/context/manual semantic match.
ETAG-03584,EVT-0129,TAG-0123,SEMANTIC_RULE,HIGH,Direct title/context/manual semantic match.
ETAG-03585,EVT-0129,TAG-0108,SEMANTIC_RULE,HIGH,Direct title/context/manual semantic match.
ETAG-03586,EVT-0129,TAG-0125,SEMANTIC_RULE,HIGH,Direct title/context/manual semantic match.
ETAG-03587,EVT-0129,TAG-0154,GEOGRAPHY_RULE,HIGH,Direct place/entity/manual geography match.
ETAG-03588,EVT-0129,TAG-0157,GEOGRAPHY_RULE,HIGH,Direct place/entity/manual geography match.
ETAG-03589,EVT-0130,TAG-0107,SEMANTIC_RULE,HIGH,Direct title/context/manual semantic match.
ETAG-03590,EVT-0130,TAG-0142,SEMANTIC_RULE,HIGH,Direct title/context/manual semantic match.
ETAG-03591,EVT-0130,TAG-0109,SEMANTIC_RULE,HIGH,Direct title/context/manual semantic match.
ETAG-03592,EVT-0130,TAG-0106,SEMANTIC_RULE,HIGH,Direct title/context/manual semantic match.
ETAG-03593,EVT-0130,TAG-0108,SEMANTIC_RULE,HIGH,Direct title/context/manual semantic match.
ETAG-03594,EVT-0130,TAG-0110,CURRICULUM_THEME_INFERENCE,MEDIUM,Inferred from curriculum theme; suitable for broad filtering.
ETAG-03595,EVT-0130,TAG-0123,CURRICULUM_THEME_INFERENCE,MEDIUM,Inferred from curriculum theme; suitable for broad filtering.
ETAG-03596,EVT-0130,TAG-0154,GEOGRAPHY_RULE,HIGH,Direct place/entity/manual geography match.
ETAG-03597,EVT-0130,TAG-0157,GEOGRAPHY_RULE,HIGH,Direct place/entity/manual geography match.
ETAG-03598,EVT-0131,TAG-0107,SEMANTIC_RULE,HIGH,Direct title/context/manual semantic match.
ETAG-03599,EVT-0131,TAG-0109,SEMANTIC_RULE,HIGH,Direct title/context/manual semantic match.
ETAG-03600,EVT-0131,TAG-0106,SEMANTIC_RULE,HIGH,Direct title/context/manual semantic match.
ETAG-03601,EVT-0131,TAG-0110,SEMANTIC_RULE,HIGH,Direct title/context/manual semantic match.
ETAG-03602,EVT-0131,TAG-0108,SEMANTIC_RULE,HIGH,Direct title/context/manual semantic match.
ETAG-03603,EVT-0131,TAG-0123,CURRICULUM_THEME_INFERENCE,MEDIUM,Inferred from curriculum theme; suitable for broad filtering.
ETAG-03604,EVT-0131,TAG-0154,GEOGRAPHY_RULE,HIGH,Direct place/entity/manual geography match.
ETAG-03605,EVT-0131,TAG-0157,GEOGRAPHY_RULE,HIGH,Direct place/entity/manual geography match.
ETAG-03606,EVT-0132,TAG-0107,SEMANTIC_RULE,HIGH,Direct title/context/manual semantic match.
ETAG-03607,EVT-0132,TAG-0109,SEMANTIC_RULE,HIGH,Direct title/context/manual semantic match.
ETAG-03608,EVT-0132,TAG-0106,SEMANTIC_RULE,HIGH,Direct title/context/manual semantic match.
ETAG-03609,EVT-0132,TAG-0110,SEMANTIC_RULE,HIGH,Direct title/context/manual semantic match.
ETAG-03610,EVT-0132,TAG-0108,SEMANTIC_RULE,HIGH,Direct title/context/manual semantic match.
ETAG-03611,EVT-0132,TAG-0125,SEMANTIC_RULE,HIGH,Direct title/context/manual semantic match.
ETAG-03612,EVT-0132,TAG-0123,CURRICULUM_THEME_INFERENCE,MEDIUM,Inferred from curriculum theme; suitable for broad filtering.
ETAG-03613,EVT-0132,TAG-0154,GEOGRAPHY_RULE,HIGH,Direct place/entity/manual geography match.
ETAG-03614,EVT-0132,TAG-0157,GEOGRAPHY_RULE,HIGH,Direct place/entity/manual geography match.
ETAG-03615,EVT-0133,TAG-0107,SEMANTIC_RULE,HIGH,Direct title/context/manual semantic match.
ETAG-03616,EVT-0133,TAG-0106,SEMANTIC_RULE,HIGH,Direct title/context/manual semantic match.
ETAG-03617,EVT-0133,TAG-0110,SEMANTIC_RULE,HIGH,Direct title/context/manual semantic match.
ETAG-03618,EVT-0133,TAG-0108,SEMANTIC_RULE,HIGH,Direct title/context/manual semantic match.
ETAG-03619,EVT-0133,TAG-0123,CURRICULUM_THEME_INFERENCE,MEDIUM,Inferred from curriculum theme; suitable for broad filtering.
ETAG-03620,EVT-0133,TAG-0154,GEOGRAPHY_RULE,HIGH,Direct place/entity/manual geography match.
ETAG-03621,EVT-0133,TAG-0157,GEOGRAPHY_RULE,HIGH,Direct place/entity/manual geography match.
ETAG-03622,EVT-0134,TAG-0107,SEMANTIC_RULE,HIGH,Direct title/context/manual semantic match.
ETAG-03623,EVT-0134,TAG-0109,SEMANTIC_RULE,HIGH,Direct title/context/manual semantic match.
ETAG-03624,EVT-0134,TAG-0106,SEMANTIC_RULE,HIGH,Direct title/context/manual semantic match.
ETAG-03625,EVT-0134,TAG-0110,SEMANTIC_RULE,HIGH,Direct title/context/manual semantic match.
ETAG-03626,EVT-0134,TAG-0108,SEMANTIC_RULE,HIGH,Direct title/context/manual semantic match.
ETAG-03627,EVT-0134,TAG-0123,CURRICULUM_THEME_INFERENCE,MEDIUM,Inferred from curriculum theme; suitable for broad filtering.
ETAG-03628,EVT-0134,TAG-0154,GEOGRAPHY_RULE,HIGH,Direct place/entity/manual geography match.
ETAG-03629,EVT-0134,TAG-0157,GEOGRAPHY_RULE,HIGH,Direct place/entity/manual geography match.
ETAG-03630,EVT-0135,TAG-0107,SEMANTIC_RULE,HIGH,Direct title/context/manual semantic match.
ETAG-03631,EVT-0135,TAG-0109,SEMANTIC_RULE,HIGH,Direct title/context/manual semantic match.
ETAG-03632,EVT-0135,TAG-0106,SEMANTIC_RULE,HIGH,Direct title/context/manual semantic match.
ETAG-03633,EVT-0135,TAG-0108,SEMANTIC_RULE,HIGH,Direct title/context/manual semantic match.
ETAG-03634,EVT-0135,TAG-0110,CURRICULUM_THEME_INFERENCE,MEDIUM,Inferred from curriculum theme; suitable for broad filtering.
ETAG-03635,EVT-0135,TAG-0123,CURRICULUM_THEME_INFERENCE,MEDIUM,Inferred from curriculum theme; suitable for broad filtering.
ETAG-03636,EVT-0135,TAG-0154,GEOGRAPHY_RULE,HIGH,Direct place/entity/manual geography match.
ETAG-03637,EVT-0135,TAG-0157,GEOGRAPHY_RULE,HIGH,Direct place/entity/manual geography match.
ETAG-03638,EVT-0136,TAG-0107,SEMANTIC_RULE,HIGH,Direct title/context/manual semantic match.
ETAG-03639,EVT-0136,TAG-0106,SEMANTIC_RULE,HIGH,Direct title/context/manual semantic match.
ETAG-03640,EVT-0136,TAG-0110,SEMANTIC_RULE,HIGH,Direct title/context/manual semantic match.
ETAG-03641,EVT-0136,TAG-0115,CURRICULUM_THEME_INFERENCE,MEDIUM,Inferred from curriculum theme; suitable for broad filtering.
ETAG-03642,EVT-0136,TAG-0119,CURRICULUM_THEME_INFERENCE,MEDIUM,Inferred from curriculum theme; suitable for broad filtering.
ETAG-03643,EVT-0136,TAG-0108,CURRICULUM_THEME_INFERENCE,MEDIUM,Inferred from curriculum theme; suitable for broad filtering.
ETAG-03644,EVT-0136,TAG-0154,GEOGRAPHY_RULE,HIGH,Direct place/entity/manual geography match.
ETAG-03645,EVT-0136,TAG-0161,GEOGRAPHY_RULE,HIGH,Direct place/entity/manual geography match.
ETAG-03646,EVT-0136,TAG-0155,GEOGRAPHY_RULE,HIGH,Direct place/entity/manual geography match.
ETAG-03647,EVT-0136,TAG-0153,CURRICULUM_THEME_INFERENCE,MEDIUM,Broad geography inferred from curriculum theme/context.
ETAG-03648,EVT-0139,TAG-0115,SEMANTIC_RULE,HIGH,Direct title/context/manual semantic match.
ETAG-03649,EVT-0139,TAG-0108,SEMANTIC_RULE,HIGH,Direct title/context/manual semantic match.
ETAG-03650,EVT-0139,TAG-0119,CURRICULUM_THEME_INFERENCE,MEDIUM,Inferred from curriculum theme; suitable for broad filtering.
ETAG-03651,EVT-0139,TAG-0154,GEOGRAPHY_RULE,HIGH,Direct place/entity/manual geography match.
ETAG-03652,EVT-0139,TAG-0155,GEOGRAPHY_RULE,HIGH,Direct place/entity/manual geography match.
ETAG-03653,EVT-0139,TAG-0169,GEOGRAPHY_RULE,HIGH,Direct place/entity/manual geography match.
ETAG-03654,EVT-0140,TAG-0119,SEMANTIC_RULE,HIGH,Direct title/context/manual semantic match.
ETAG-03655,EVT-0140,TAG-0115,CURRICULUM_THEME_INFERENCE,MEDIUM,Inferred from curriculum theme; suitable for broad filtering.
ETAG-03656,EVT-0140,TAG-0108,CURRICULUM_THEME_INFERENCE,MEDIUM,Inferred from curriculum theme; suitable for broad filtering.
ETAG-03657,EVT-0140,TAG-0155,GEOGRAPHY_RULE,HIGH,Direct place/entity/manual geography match.
ETAG-03658,EVT-0141,TAG-0119,SEMANTIC_RULE,HIGH,Direct title/context/manual semantic match.
ETAG-03659,EVT-0141,TAG-0115,CURRICULUM_THEME_INFERENCE,MEDIUM,Inferred from curriculum theme; suitable for broad filtering.
ETAG-03660,EVT-0141,TAG-0108,CURRICULUM_THEME_INFERENCE,MEDIUM,Inferred from curriculum theme; suitable for broad filtering.
ETAG-03661,EVT-0141,TAG-0155,GEOGRAPHY_RULE,HIGH,Direct place/entity/manual geography match.
ETAG-03662,EVT-0142,TAG-0142,SEMANTIC_RULE,HIGH,Direct title/context/manual semantic match.
ETAG-03663,EVT-0142,TAG-0138,SEMANTIC_RULE,HIGH,Direct title/context/manual semantic match.
ETAG-03664,EVT-0142,TAG-0106,SEMANTIC_RULE,HIGH,Direct title/context/manual semantic match.
ETAG-03665,EVT-0142,TAG-0115,CURRICULUM_THEME_INFERENCE,MEDIUM,Inferred from curriculum theme; suitable for broad filtering.
ETAG-03666,EVT-0142,TAG-0119,CURRICULUM_THEME_INFERENCE,MEDIUM,Inferred from curriculum theme; suitable for broad filtering.
ETAG-03667,EVT-0142,TAG-0108,CURRICULUM_THEME_INFERENCE,MEDIUM,Inferred from curriculum theme; suitable for broad filtering.
ETAG-03668,EVT-0142,TAG-0154,GEOGRAPHY_RULE,HIGH,Direct place/entity/manual geography match.
ETAG-03669,EVT-0142,TAG-0160,GEOGRAPHY_RULE,HIGH,Direct place/entity/manual geography match.
ETAG-03670,EVT-0142,TAG-0155,GEOGRAPHY_RULE,HIGH,Direct place/entity/manual geography match.
ETAG-03671,EVT-0142,TAG-0153,CURRICULUM_THEME_INFERENCE,MEDIUM,Broad geography inferred from curriculum theme/context.
ETAG-03672,EVT-0143,TAG-0131,SEMANTIC_RULE,HIGH,Direct title/context/manual semantic match.
ETAG-03673,EVT-0143,TAG-0144,SEMANTIC_RULE,HIGH,Direct title/context/manual semantic match.
ETAG-03674,EVT-0143,TAG-0132,CURRICULUM_THEME_INFERENCE,MEDIUM,Inferred from curriculum theme; suitable for broad filtering.
ETAG-03675,EVT-0143,TAG-0119,CURRICULUM_THEME_INFERENCE,MEDIUM,Inferred from curriculum theme; suitable for broad filtering.
ETAG-03676,EVT-0143,TAG-0127,CURRICULUM_THEME_INFERENCE,MEDIUM,Inferred from curriculum theme; suitable for broad filtering.
ETAG-03677,EVT-0143,TAG-0156,GEOGRAPHY_RULE,HIGH,Direct place/entity/manual geography match.
ETAG-03678,EVT-0143,TAG-0154,GEOGRAPHY_RULE,HIGH,Direct place/entity/manual geography match.
ETAG-03679,EVT-0143,TAG-0163,GEOGRAPHY_RULE,HIGH,Direct place/entity/manual geography match.
ETAG-03680,EVT-0144,TAG-0132,CURRICULUM_THEME_INFERENCE,MEDIUM,Inferred from curriculum theme; suitable for broad filtering.
ETAG-03681,EVT-0144,TAG-0131,CURRICULUM_THEME_INFERENCE,MEDIUM,Inferred from curriculum theme; suitable for broad filtering.
ETAG-03682,EVT-0144,TAG-0119,V14_FINAL_SEMANTIC_AUDIT,HIGH,Promoted to HIGH in final school-corpus semantic audit.
ETAG-03683,EVT-0144,TAG-0127,CURRICULUM_THEME_INFERENCE,MEDIUM,Inferred from curriculum theme; suitable for broad filtering.
ETAG-03684,EVT-0144,TAG-0154,GEOGRAPHY_RULE,HIGH,Direct place/entity/manual geography match.
ETAG-03685,EVT-0144,TAG-0162,GEOGRAPHY_RULE,HIGH,Direct place/entity/manual geography match.
ETAG-03686,EVT-0144,TAG-0156,CURRICULUM_THEME_INFERENCE,MEDIUM,Broad geography inferred from curriculum theme/context.
ETAG-03687,EVT-0145,TAG-0116,SEMANTIC_RULE,HIGH,Direct title/context/manual semantic match.
ETAG-03688,EVT-0145,TAG-0114,SEMANTIC_RULE,HIGH,Direct title/context/manual semantic match.
ETAG-03689,EVT-0145,TAG-0121,SEMANTIC_RULE,HIGH,Direct title/context/manual semantic match.
ETAG-03690,EVT-0145,TAG-0110,SEMANTIC_RULE,HIGH,Direct title/context/manual semantic match.
ETAG-03691,EVT-0145,TAG-0118,SEMANTIC_RULE,HIGH,Direct title/context/manual semantic match.
ETAG-03692,EVT-0145,TAG-0132,CURRICULUM_THEME_INFERENCE,MEDIUM,Inferred from curriculum theme; suitable for broad filtering.
ETAG-03693,EVT-0145,TAG-0131,CURRICULUM_THEME_INFERENCE,MEDIUM,Inferred from curriculum theme; suitable for broad filtering.
ETAG-03694,EVT-0145,TAG-0119,CURRICULUM_THEME_INFERENCE,MEDIUM,Inferred from curriculum theme; suitable for broad filtering.
ETAG-03695,EVT-0145,TAG-0127,CURRICULUM_THEME_INFERENCE,MEDIUM,Inferred from curriculum theme; suitable for broad filtering.
ETAG-03696,EVT-0145,TAG-0156,GEOGRAPHY_RULE,HIGH,Direct place/entity/manual geography match.
ETAG-03697,EVT-0145,TAG-0154,CURRICULUM_THEME_INFERENCE,MEDIUM,Broad geography inferred from curriculum theme/context.
ETAG-03698,EVT-0146,TAG-0132,SEMANTIC_RULE,HIGH,Direct title/context/manual semantic match.
ETAG-03699,EVT-0146,TAG-0131,CURRICULUM_THEME_INFERENCE,MEDIUM,Inferred from curriculum theme; suitable for broad filtering.
ETAG-03700,EVT-0146,TAG-0119,CURRICULUM_THEME_INFERENCE,MEDIUM,Inferred from curriculum theme; suitable for broad filtering.
ETAG-03701,EVT-0146,TAG-0127,CURRICULUM_THEME_INFERENCE,MEDIUM,Inferred from curriculum theme; suitable for broad filtering.
ETAG-03702,EVT-0146,TAG-0154,GEOGRAPHY_RULE,HIGH,Direct place/entity/manual geography match.
ETAG-03703,EVT-0146,TAG-0160,GEOGRAPHY_RULE,HIGH,Direct place/entity/manual geography match.
ETAG-03704,EVT-0146,TAG-0155,GEOGRAPHY_RULE,HIGH,Direct place/entity/manual geography match.
ETAG-03705,EVT-0146,TAG-0156,CURRICULUM_THEME_INFERENCE,MEDIUM,Broad geography inferred from curriculum theme/context.
ETAG-03706,EVT-0147,TAG-0132,V14_FINAL_SEMANTIC_AUDIT,HIGH,Promoted to HIGH in final school-corpus semantic audit.
ETAG-03707,EVT-0147,TAG-0131,CURRICULUM_THEME_INFERENCE,MEDIUM,Inferred from curriculum theme; suitable for broad filtering.
ETAG-03708,EVT-0147,TAG-0119,CURRICULUM_THEME_INFERENCE,MEDIUM,Inferred from curriculum theme; suitable for broad filtering.
ETAG-03709,EVT-0147,TAG-0127,CURRICULUM_THEME_INFERENCE,MEDIUM,Inferred from curriculum theme; suitable for broad filtering.
ETAG-03710,EVT-0147,TAG-0156,CURRICULUM_THEME_INFERENCE,MEDIUM,Broad geography inferred from curriculum theme/context.
ETAG-03711,EVT-0147,TAG-0154,CURRICULUM_THEME_INFERENCE,MEDIUM,Broad geography inferred from curriculum theme/context.
ETAG-03712,EVT-0148,TAG-0132,V14_FINAL_SEMANTIC_AUDIT,HIGH,Promoted to HIGH in final school-corpus semantic audit.
ETAG-03713,EVT-0148,TAG-0131,CURRICULUM_THEME_INFERENCE,MEDIUM,Inferred from curriculum theme; suitable for broad filtering.
ETAG-03714,EVT-0148,TAG-0119,CURRICULUM_THEME_INFERENCE,MEDIUM,Inferred from curriculum theme; suitable for broad filtering.
ETAG-03715,EVT-0148,TAG-0127,CURRICULUM_THEME_INFERENCE,MEDIUM,Inferred from curriculum theme; suitable for broad filtering.
ETAG-03716,EVT-0148,TAG-0156,CURRICULUM_THEME_INFERENCE,MEDIUM,Broad geography inferred from curriculum theme/context.
ETAG-03717,EVT-0148,TAG-0154,CURRICULUM_THEME_INFERENCE,MEDIUM,Broad geography inferred from curriculum theme/context.
ETAG-03718,EVT-0149,TAG-0132,SEMANTIC_RULE,HIGH,Direct title/context/manual semantic match.
ETAG-03719,EVT-0149,TAG-0131,CURRICULUM_THEME_INFERENCE,MEDIUM,Inferred from curriculum theme; suitable for broad filtering.
ETAG-03720,EVT-0149,TAG-0119,CURRICULUM_THEME_INFERENCE,MEDIUM,Inferred from curriculum theme; suitable for broad filtering.
ETAG-03721,EVT-0149,TAG-0127,CURRICULUM_THEME_INFERENCE,MEDIUM,Inferred from curriculum theme; suitable for broad filtering.
ETAG-03722,EVT-0149,TAG-0156,CURRICULUM_THEME_INFERENCE,MEDIUM,Broad geography inferred from curriculum theme/context.
ETAG-03723,EVT-0149,TAG-0154,V14_FINAL_SEMANTIC_AUDIT,HIGH,Promoted to HIGH in final school-corpus semantic audit.
ETAG-03724,EVT-0151,TAG-0109,SEMANTIC_RULE,HIGH,Direct title/context/manual semantic match.
ETAG-03725,EVT-0151,TAG-0106,SEMANTIC_RULE,HIGH,Direct title/context/manual semantic match.
ETAG-03726,EVT-0151,TAG-0108,SEMANTIC_RULE,HIGH,Direct title/context/manual semantic match.
ETAG-03727,EVT-0151,TAG-0107,CURRICULUM_THEME_INFERENCE,MEDIUM,Inferred from curriculum theme; suitable for broad filtering.
ETAG-03728,EVT-0151,TAG-0154,GEOGRAPHY_RULE,HIGH,Direct place/entity/manual geography match.
ETAG-03729,EVT-0151,TAG-0157,GEOGRAPHY_RULE,HIGH,Direct place/entity/manual geography match.
ETAG-03730,EVT-0151,TAG-0158,GEOGRAPHY_RULE,HIGH,Direct place/entity/manual geography match.
ETAG-03731,EVT-0152,TAG-0116,SEMANTIC_RULE,HIGH,Direct title/context/manual semantic match.
ETAG-03732,EVT-0152,TAG-0121,SEMANTIC_RULE,HIGH,Direct title/context/manual semantic match.
ETAG-03733,EVT-0152,TAG-0106,SEMANTIC_RULE,HIGH,Direct title/context/manual semantic match.
ETAG-03734,EVT-0152,TAG-0108,SEMANTIC_RULE,HIGH,Direct title/context/manual semantic match.
ETAG-03735,EVT-0152,TAG-0107,CURRICULUM_THEME_INFERENCE,MEDIUM,Inferred from curriculum theme; suitable for broad filtering.
ETAG-03736,EVT-0152,TAG-0109,CURRICULUM_THEME_INFERENCE,MEDIUM,Inferred from curriculum theme; suitable for broad filtering.
ETAG-03737,EVT-0152,TAG-0156,GEOGRAPHY_RULE,HIGH,Direct place/entity/manual geography match.
ETAG-03738,EVT-0152,TAG-0154,GEOGRAPHY_RULE,HIGH,Direct place/entity/manual geography match.
ETAG-03739,EVT-0152,TAG-0157,GEOGRAPHY_RULE,HIGH,Direct place/entity/manual geography match.
ETAG-03740,EVT-0152,TAG-0158,GEOGRAPHY_RULE,HIGH,Direct place/entity/manual geography match.
ETAG-03741,EVT-0153,TAG-0121,SEMANTIC_RULE,HIGH,Direct title/context/manual semantic match.
ETAG-03742,EVT-0153,TAG-0106,SEMANTIC_RULE,HIGH,Direct title/context/manual semantic match.
ETAG-03743,EVT-0153,TAG-0108,SEMANTIC_RULE,HIGH,Direct title/context/manual semantic match.
ETAG-03744,EVT-0153,TAG-0107,CURRICULUM_THEME_INFERENCE,MEDIUM,Inferred from curriculum theme; suitable for broad filtering.
ETAG-03745,EVT-0153,TAG-0109,CURRICULUM_THEME_INFERENCE,MEDIUM,Inferred from curriculum theme; suitable for broad filtering.
ETAG-03746,EVT-0153,TAG-0154,GEOGRAPHY_RULE,HIGH,Direct place/entity/manual geography match.
ETAG-03747,EVT-0153,TAG-0157,GEOGRAPHY_RULE,HIGH,Direct place/entity/manual geography match.
ETAG-03748,EVT-0153,TAG-0158,GEOGRAPHY_RULE,HIGH,Direct place/entity/manual geography match.
ETAG-03749,EVT-0154,TAG-0112,SEMANTIC_RULE,HIGH,Direct title/context/manual semantic match.
ETAG-03750,EVT-0154,TAG-0115,SEMANTIC_RULE,HIGH,Direct title/context/manual semantic match.
ETAG-03751,EVT-0154,TAG-0142,SEMANTIC_RULE,HIGH,Direct title/context/manual semantic match.
ETAG-03752,EVT-0154,TAG-0138,SEMANTIC_RULE,HIGH,Direct title/context/manual semantic match.
ETAG-03753,EVT-0154,TAG-0106,SEMANTIC_RULE,HIGH,Direct title/context/manual semantic match.
ETAG-03754,EVT-0154,TAG-0108,SEMANTIC_RULE,HIGH,Direct title/context/manual semantic match.
ETAG-03755,EVT-0154,TAG-0107,CURRICULUM_THEME_INFERENCE,MEDIUM,Inferred from curriculum theme; suitable for broad filtering.
ETAG-03756,EVT-0154,TAG-0109,CURRICULUM_THEME_INFERENCE,MEDIUM,Inferred from curriculum theme; suitable for broad filtering.
ETAG-03757,EVT-0154,TAG-0154,GEOGRAPHY_RULE,HIGH,Direct place/entity/manual geography match.
ETAG-03758,EVT-0154,TAG-0157,GEOGRAPHY_RULE,HIGH,Direct place/entity/manual geography match.
ETAG-03759,EVT-0154,TAG-0158,GEOGRAPHY_RULE,HIGH,Direct place/entity/manual geography match.
ETAG-03760,EVT-0154,TAG-0153,CURRICULUM_THEME_INFERENCE,MEDIUM,Broad geography inferred from curriculum theme/context.
ETAG-03761,EVT-0156,TAG-0109,SEMANTIC_RULE,HIGH,Direct title/context/manual semantic match.
ETAG-03762,EVT-0156,TAG-0106,SEMANTIC_RULE,HIGH,Direct title/context/manual semantic match.
ETAG-03763,EVT-0156,TAG-0108,SEMANTIC_RULE,HIGH,Direct title/context/manual semantic match.
ETAG-03764,EVT-0156,TAG-0107,CURRICULUM_THEME_INFERENCE,MEDIUM,Inferred from curriculum theme; suitable for broad filtering.
ETAG-03765,EVT-0156,TAG-0154,GEOGRAPHY_RULE,HIGH,Direct place/entity/manual geography match.
ETAG-03766,EVT-0156,TAG-0157,GEOGRAPHY_RULE,HIGH,Direct place/entity/manual geography match.
ETAG-03767,EVT-0156,TAG-0158,GEOGRAPHY_RULE,HIGH,Direct place/entity/manual geography match.
ETAG-03768,EVT-0157,TAG-0109,SEMANTIC_RULE,HIGH,Direct title/context/manual semantic match.
ETAG-03769,EVT-0157,TAG-0106,SEMANTIC_RULE,HIGH,Direct title/context/manual semantic match.
ETAG-03770,EVT-0157,TAG-0108,SEMANTIC_RULE,HIGH,Direct title/context/manual semantic match.
ETAG-03771,EVT-0157,TAG-0107,CURRICULUM_THEME_INFERENCE,MEDIUM,Inferred from curriculum theme; suitable for broad filtering.
ETAG-03772,EVT-0157,TAG-0154,GEOGRAPHY_RULE,HIGH,Direct place/entity/manual geography match.
ETAG-03773,EVT-0157,TAG-0157,GEOGRAPHY_RULE,HIGH,Direct place/entity/manual geography match.
ETAG-03774,EVT-0157,TAG-0158,GEOGRAPHY_RULE,HIGH,Direct place/entity/manual geography match.
ETAG-03775,EVT-0158,TAG-0132,SEMANTIC_RULE,HIGH,Direct title/context/manual semantic match.
ETAG-03776,EVT-0158,TAG-0139,SEMANTIC_RULE,HIGH,Direct title/context/manual semantic match.
ETAG-03777,EVT-0158,TAG-0106,SEMANTIC_RULE,HIGH,Direct title/context/manual semantic match.
ETAG-03778,EVT-0158,TAG-0108,SEMANTIC_RULE,HIGH,Direct title/context/manual semantic match.
ETAG-03779,EVT-0158,TAG-0107,CURRICULUM_THEME_INFERENCE,MEDIUM,Inferred from curriculum theme; suitable for broad filtering.
ETAG-03780,EVT-0158,TAG-0109,CURRICULUM_THEME_INFERENCE,MEDIUM,Inferred from curriculum theme; suitable for broad filtering.
ETAG-03781,EVT-0158,TAG-0154,GEOGRAPHY_RULE,HIGH,Direct place/entity/manual geography match.
ETAG-03782,EVT-0158,TAG-0157,GEOGRAPHY_RULE,HIGH,Direct place/entity/manual geography match.
ETAG-03783,EVT-0158,TAG-0158,GEOGRAPHY_RULE,HIGH,Direct place/entity/manual geography match.
ETAG-03784,EVT-0159,TAG-0132,SEMANTIC_RULE,HIGH,Direct title/context/manual semantic match.
ETAG-03785,EVT-0159,TAG-0106,SEMANTIC_RULE,HIGH,Direct title/context/manual semantic match.
ETAG-03786,EVT-0159,TAG-0108,SEMANTIC_RULE,HIGH,Direct title/context/manual semantic match.
ETAG-03787,EVT-0159,TAG-0107,CURRICULUM_THEME_INFERENCE,MEDIUM,Inferred from curriculum theme; suitable for broad filtering.
ETAG-03788,EVT-0159,TAG-0109,CURRICULUM_THEME_INFERENCE,MEDIUM,Inferred from curriculum theme; suitable for broad filtering.
ETAG-03789,EVT-0159,TAG-0154,GEOGRAPHY_RULE,HIGH,Direct place/entity/manual geography match.
ETAG-03790,EVT-0159,TAG-0157,GEOGRAPHY_RULE,HIGH,Direct place/entity/manual geography match.
ETAG-03791,EVT-0159,TAG-0158,GEOGRAPHY_RULE,HIGH,Direct place/entity/manual geography match.
ETAG-03792,EVT-0160,TAG-0132,SEMANTIC_RULE,HIGH,Direct title/context/manual semantic match.
ETAG-03793,EVT-0160,TAG-0106,SEMANTIC_RULE,HIGH,Direct title/context/manual semantic match.
ETAG-03794,EVT-0160,TAG-0108,SEMANTIC_RULE,HIGH,Direct title/context/manual semantic match.
ETAG-03795,EVT-0160,TAG-0107,CURRICULUM_THEME_INFERENCE,MEDIUM,Inferred from curriculum theme; suitable for broad filtering.
ETAG-03796,EVT-0160,TAG-0109,CURRICULUM_THEME_INFERENCE,MEDIUM,Inferred from curriculum theme; suitable for broad filtering.
ETAG-03797,EVT-0160,TAG-0154,GEOGRAPHY_RULE,HIGH,Direct place/entity/manual geography match.
ETAG-03798,EVT-0160,TAG-0157,GEOGRAPHY_RULE,HIGH,Direct place/entity/manual geography match.
ETAG-03799,EVT-0160,TAG-0158,GEOGRAPHY_RULE,HIGH,Direct place/entity/manual geography match.
ETAG-03800,EVT-0161,TAG-0107,SEMANTIC_RULE,HIGH,Direct title/context/manual semantic match.
ETAG-03801,EVT-0161,TAG-0106,SEMANTIC_RULE,HIGH,Direct title/context/manual semantic match.
ETAG-03802,EVT-0161,TAG-0108,SEMANTIC_RULE,HIGH,Direct title/context/manual semantic match.
ETAG-03803,EVT-0161,TAG-0109,CURRICULUM_THEME_INFERENCE,MEDIUM,Inferred from curriculum theme; suitable for broad filtering.
ETAG-03804,EVT-0161,TAG-0154,GEOGRAPHY_RULE,HIGH,Direct place/entity/manual geography match.
ETAG-03805,EVT-0161,TAG-0157,GEOGRAPHY_RULE,HIGH,Direct place/entity/manual geography match.
ETAG-03806,EVT-0161,TAG-0158,GEOGRAPHY_RULE,HIGH,Direct place/entity/manual geography match.
ETAG-03807,EVT-0162,TAG-0127,SEMANTIC_RULE,HIGH,Direct title/context/manual semantic match.
ETAG-03808,EVT-0162,TAG-0123,SEMANTIC_RULE,HIGH,Direct title/context/manual semantic match.
ETAG-03809,EVT-0162,TAG-0121,CURRICULUM_THEME_INFERENCE,MEDIUM,Inferred from curriculum theme; suitable for broad filtering.
ETAG-03810,EVT-0162,TAG-0122,CURRICULUM_THEME_INFERENCE,MEDIUM,Inferred from curriculum theme; suitable for broad filtering.
ETAG-03811,EVT-0162,TAG-0154,GEOGRAPHY_RULE,HIGH,Direct place/entity/manual geography match.
ETAG-03812,EVT-0162,TAG-0160,GEOGRAPHY_RULE,HIGH,Direct place/entity/manual geography match.
ETAG-03813,EVT-0162,TAG-0155,GEOGRAPHY_RULE,HIGH,Direct place/entity/manual geography match.
ETAG-03814,EVT-0163,TAG-0120,SEMANTIC_RULE,HIGH,Direct title/context/manual semantic match.
ETAG-03815,EVT-0163,TAG-0119,SEMANTIC_RULE,HIGH,Direct title/context/manual semantic match.
ETAG-03816,EVT-0163,TAG-0127,SEMANTIC_RULE,HIGH,Direct title/context/manual semantic match.
ETAG-03817,EVT-0163,TAG-0123,SEMANTIC_RULE,HIGH,Direct title/context/manual semantic match.
ETAG-03818,EVT-0163,TAG-0121,CURRICULUM_THEME_INFERENCE,MEDIUM,Inferred from curriculum theme; suitable for broad filtering.
ETAG-03819,EVT-0163,TAG-0122,CURRICULUM_THEME_INFERENCE,MEDIUM,Inferred from curriculum theme; suitable for broad filtering.
ETAG-03820,EVT-0163,TAG-0154,GEOGRAPHY_RULE,HIGH,Direct place/entity/manual geography match.
ETAG-03821,EVT-0163,TAG-0160,GEOGRAPHY_RULE,HIGH,Direct place/entity/manual geography match.
ETAG-03822,EVT-0163,TAG-0155,GEOGRAPHY_RULE,HIGH,Direct place/entity/manual geography match.
ETAG-03823,EVT-0164,TAG-0122,SEMANTIC_RULE,HIGH,Direct title/context/manual semantic match.
ETAG-03824,EVT-0164,TAG-0123,SEMANTIC_RULE,HIGH,Direct title/context/manual semantic match.
ETAG-03825,EVT-0164,TAG-0129,SEMANTIC_RULE,HIGH,Direct title/context/manual semantic match.
ETAG-03826,EVT-0164,TAG-0121,CURRICULUM_THEME_INFERENCE,MEDIUM,Inferred from curriculum theme; suitable for broad filtering.
ETAG-03827,EVT-0164,TAG-0127,CURRICULUM_THEME_INFERENCE,MEDIUM,Inferred from curriculum theme; suitable for broad filtering.
ETAG-03828,EVT-0164,TAG-0154,GEOGRAPHY_RULE,HIGH,Direct place/entity/manual geography match.
ETAG-03829,EVT-0164,TAG-0158,GEOGRAPHY_RULE,HIGH,Direct place/entity/manual geography match.
ETAG-03830,EVT-0165,TAG-0144,SEMANTIC_RULE,HIGH,Direct title/context/manual semantic match.
ETAG-03831,EVT-0165,TAG-0127,SEMANTIC_RULE,HIGH,Direct title/context/manual semantic match.
ETAG-03832,EVT-0165,TAG-0123,SEMANTIC_RULE,HIGH,Direct title/context/manual semantic match.
ETAG-03833,EVT-0165,TAG-0121,CURRICULUM_THEME_INFERENCE,MEDIUM,Inferred from curriculum theme; suitable for broad filtering.
ETAG-03834,EVT-0165,TAG-0122,CURRICULUM_THEME_INFERENCE,MEDIUM,Inferred from curriculum theme; suitable for broad filtering.
ETAG-03835,EVT-0165,TAG-0154,GEOGRAPHY_RULE,HIGH,Direct place/entity/manual geography match.
ETAG-03836,EVT-0165,TAG-0157,GEOGRAPHY_RULE,HIGH,Direct place/entity/manual geography match.
ETAG-03837,EVT-0166,TAG-0144,SEMANTIC_RULE,HIGH,Direct title/context/manual semantic match.
ETAG-03838,EVT-0166,TAG-0113,SEMANTIC_RULE,HIGH,Direct title/context/manual semantic match.
ETAG-03839,EVT-0166,TAG-0123,SEMANTIC_RULE,HIGH,Direct title/context/manual semantic match.
ETAG-03840,EVT-0166,TAG-0116,CURRICULUM_THEME_INFERENCE,MEDIUM,Inferred from curriculum theme; suitable for broad filtering.
ETAG-03841,EVT-0166,TAG-0121,CURRICULUM_THEME_INFERENCE,MEDIUM,Inferred from curriculum theme; suitable for broad filtering.
ETAG-03842,EVT-0166,TAG-0122,CURRICULUM_THEME_INFERENCE,MEDIUM,Inferred from curriculum theme; suitable for broad filtering.
ETAG-03843,EVT-0166,TAG-0106,CURRICULUM_THEME_INFERENCE,MEDIUM,Inferred from curriculum theme; suitable for broad filtering.
ETAG-03844,EVT-0166,TAG-0127,CURRICULUM_THEME_INFERENCE,MEDIUM,Inferred from curriculum theme; suitable for broad filtering.
ETAG-03845,EVT-0166,TAG-0118,CURRICULUM_THEME_INFERENCE,MEDIUM,Inferred from curriculum theme; suitable for broad filtering.
ETAG-03846,EVT-0166,TAG-0154,GEOGRAPHY_RULE,HIGH,Direct place/entity/manual geography match.
ETAG-03847,EVT-0166,TAG-0157,GEOGRAPHY_RULE,HIGH,Direct place/entity/manual geography match.
ETAG-03848,EVT-0166,TAG-0156,CURRICULUM_THEME_INFERENCE,MEDIUM,Broad geography inferred from curriculum theme/context.
ETAG-03849,EVT-0167,TAG-0123,SEMANTIC_RULE,HIGH,Direct title/context/manual semantic match.
ETAG-03850,EVT-0167,TAG-0121,CURRICULUM_THEME_INFERENCE,MEDIUM,Inferred from curriculum theme; suitable for broad filtering.
ETAG-03851,EVT-0167,TAG-0122,CURRICULUM_THEME_INFERENCE,MEDIUM,Inferred from curriculum theme; suitable for broad filtering.
ETAG-03852,EVT-0167,TAG-0127,CURRICULUM_THEME_INFERENCE,MEDIUM,Inferred from curriculum theme; suitable for broad filtering.
ETAG-03853,EVT-0167,TAG-0154,GEOGRAPHY_RULE,HIGH,Direct place/entity/manual geography match.
ETAG-03854,EVT-0167,TAG-0157,GEOGRAPHY_RULE,HIGH,Direct place/entity/manual geography match.
ETAG-03855,EVT-0168,TAG-0123,SEMANTIC_RULE,HIGH,Direct title/context/manual semantic match.
ETAG-03856,EVT-0168,TAG-0140,SEMANTIC_RULE,HIGH,Direct title/context/manual semantic match.
ETAG-03857,EVT-0168,TAG-0121,CURRICULUM_THEME_INFERENCE,MEDIUM,Inferred from curriculum theme; suitable for broad filtering.
ETAG-03858,EVT-0168,TAG-0122,CURRICULUM_THEME_INFERENCE,MEDIUM,Inferred from curriculum theme; suitable for broad filtering.
ETAG-03859,EVT-0168,TAG-0127,CURRICULUM_THEME_INFERENCE,MEDIUM,Inferred from curriculum theme; suitable for broad filtering.
ETAG-03860,EVT-0168,TAG-0154,GEOGRAPHY_RULE,HIGH,Direct place/entity/manual geography match.
ETAG-03861,EVT-0168,TAG-0157,GEOGRAPHY_RULE,HIGH,Direct place/entity/manual geography match.
ETAG-03862,EVT-0169,TAG-0123,SEMANTIC_RULE,HIGH,Direct title/context/manual semantic match.
ETAG-03863,EVT-0169,TAG-0121,CURRICULUM_THEME_INFERENCE,MEDIUM,Inferred from curriculum theme; suitable for broad filtering.
ETAG-03864,EVT-0169,TAG-0122,CURRICULUM_THEME_INFERENCE,MEDIUM,Inferred from curriculum theme; suitable for broad filtering.
ETAG-03865,EVT-0169,TAG-0127,CURRICULUM_THEME_INFERENCE,MEDIUM,Inferred from curriculum theme; suitable for broad filtering.
ETAG-03866,EVT-0169,TAG-0154,GEOGRAPHY_RULE,HIGH,Direct place/entity/manual geography match.
ETAG-03867,EVT-0169,TAG-0157,GEOGRAPHY_RULE,HIGH,Direct place/entity/manual geography match.
ETAG-03868,EVT-0170,TAG-0116,SEMANTIC_RULE,HIGH,Direct title/context/manual semantic match.
ETAG-03869,EVT-0170,TAG-0114,SEMANTIC_RULE,HIGH,Direct title/context/manual semantic match.
ETAG-03870,EVT-0170,TAG-0121,SEMANTIC_RULE,HIGH,Direct title/context/manual semantic match.
ETAG-03871,EVT-0170,TAG-0118,SEMANTIC_RULE,HIGH,Direct title/context/manual semantic match.
ETAG-03872,EVT-0170,TAG-0123,SEMANTIC_RULE,HIGH,Direct title/context/manual semantic match.
ETAG-03873,EVT-0170,TAG-0122,CURRICULUM_THEME_INFERENCE,MEDIUM,Inferred from curriculum theme; suitable for broad filtering.
ETAG-03874,EVT-0170,TAG-0127,CURRICULUM_THEME_INFERENCE,MEDIUM,Inferred from curriculum theme; suitable for broad filtering.
ETAG-03875,EVT-0170,TAG-0156,GEOGRAPHY_RULE,HIGH,Direct place/entity/manual geography match.
ETAG-03876,EVT-0170,TAG-0154,GEOGRAPHY_RULE,HIGH,Direct place/entity/manual geography match.
ETAG-03877,EVT-0170,TAG-0157,GEOGRAPHY_RULE,HIGH,Direct place/entity/manual geography match.
ETAG-03878,EVT-0171,TAG-0115,SEMANTIC_RULE,HIGH,Direct title/context/manual semantic match.
ETAG-03879,EVT-0171,TAG-0113,SEMANTIC_RULE,HIGH,Direct title/context/manual semantic match.
ETAG-03880,EVT-0171,TAG-0125,SEMANTIC_RULE,HIGH,Direct title/context/manual semantic match.
ETAG-03881,EVT-0171,TAG-0114,CURRICULUM_THEME_INFERENCE,MEDIUM,Inferred from curriculum theme; suitable for broad filtering.
ETAG-03882,EVT-0171,TAG-0106,CURRICULUM_THEME_INFERENCE,MEDIUM,Inferred from curriculum theme; suitable for broad filtering.
ETAG-03883,EVT-0171,TAG-0151,CURATED_CONTEXT,HIGH,Curated historical-context membership.
ETAG-03884,EVT-0171,TAG-0154,GEOGRAPHY_RULE,HIGH,Direct place/entity/manual geography match.
ETAG-03885,EVT-0171,TAG-0157,GEOGRAPHY_RULE,HIGH,Direct place/entity/manual geography match.
ETAG-03886,EVT-0172,TAG-0115,SEMANTIC_RULE,HIGH,Direct title/context/manual semantic match.
ETAG-03887,EVT-0172,TAG-0113,SEMANTIC_RULE,HIGH,Direct title/context/manual semantic match.
ETAG-03888,EVT-0172,TAG-0125,SEMANTIC_RULE,HIGH,Direct title/context/manual semantic match.
ETAG-03889,EVT-0172,TAG-0114,CURRICULUM_THEME_INFERENCE,MEDIUM,Inferred from curriculum theme; suitable for broad filtering.
ETAG-03890,EVT-0172,TAG-0106,CURRICULUM_THEME_INFERENCE,MEDIUM,Inferred from curriculum theme; suitable for broad filtering.
ETAG-03891,EVT-0172,TAG-0151,CURATED_CONTEXT,HIGH,Curated historical-context membership.
ETAG-03892,EVT-0172,TAG-0154,GEOGRAPHY_RULE,HIGH,Direct place/entity/manual geography match.
ETAG-03893,EVT-0172,TAG-0157,GEOGRAPHY_RULE,HIGH,Direct place/entity/manual geography match.
ETAG-03894,EVT-0173,TAG-0115,SEMANTIC_RULE,HIGH,Direct title/context/manual semantic match.
ETAG-03895,EVT-0173,TAG-0113,SEMANTIC_RULE,HIGH,Direct title/context/manual semantic match.
ETAG-03896,EVT-0173,TAG-0116,CURRICULUM_THEME_INFERENCE,MEDIUM,Inferred from curriculum theme; suitable for broad filtering.
ETAG-03897,EVT-0173,TAG-0114,CURRICULUM_THEME_INFERENCE,MEDIUM,Inferred from curriculum theme; suitable for broad filtering.
ETAG-03898,EVT-0173,TAG-0121,CURRICULUM_THEME_INFERENCE,MEDIUM,Inferred from curriculum theme; suitable for broad filtering.
ETAG-03899,EVT-0173,TAG-0106,CURRICULUM_THEME_INFERENCE,MEDIUM,Inferred from curriculum theme; suitable for broad filtering.
ETAG-03900,EVT-0173,TAG-0118,CURRICULUM_THEME_INFERENCE,MEDIUM,Inferred from curriculum theme; suitable for broad filtering.
ETAG-03901,EVT-0173,TAG-0151,CURATED_CONTEXT,HIGH,Curated historical-context membership.
ETAG-03902,EVT-0173,TAG-0154,GEOGRAPHY_RULE,HIGH,Direct place/entity/manual geography match.
ETAG-03903,EVT-0173,TAG-0157,GEOGRAPHY_RULE,HIGH,Direct place/entity/manual geography match.
ETAG-03904,EVT-0173,TAG-0156,CURRICULUM_THEME_INFERENCE,MEDIUM,Broad geography inferred from curriculum theme/context.
ETAG-03905,EVT-0174,TAG-0115,SEMANTIC_RULE,HIGH,Direct title/context/manual semantic match.
ETAG-03906,EVT-0174,TAG-0113,SEMANTIC_RULE,HIGH,Direct title/context/manual semantic match.
ETAG-03907,EVT-0174,TAG-0110,SEMANTIC_RULE,HIGH,Direct title/context/manual semantic match.
ETAG-03908,EVT-0174,TAG-0116,CURRICULUM_THEME_INFERENCE,MEDIUM,Inferred from curriculum theme; suitable for broad filtering.
ETAG-03909,EVT-0174,TAG-0114,CURRICULUM_THEME_INFERENCE,MEDIUM,Inferred from curriculum theme; suitable for broad filtering.
ETAG-03910,EVT-0174,TAG-0121,CURRICULUM_THEME_INFERENCE,MEDIUM,Inferred from curriculum theme; suitable for broad filtering.
ETAG-03911,EVT-0174,TAG-0106,CURRICULUM_THEME_INFERENCE,MEDIUM,Inferred from curriculum theme; suitable for broad filtering.
ETAG-03912,EVT-0174,TAG-0118,CURRICULUM_THEME_INFERENCE,MEDIUM,Inferred from curriculum theme; suitable for broad filtering.
ETAG-03913,EVT-0174,TAG-0151,CURATED_CONTEXT,HIGH,Curated historical-context membership.
ETAG-03914,EVT-0174,TAG-0156,CURRICULUM_THEME_INFERENCE,MEDIUM,Broad geography inferred from curriculum theme/context.
ETAG-03915,EVT-0174,TAG-0154,CURRICULUM_THEME_INFERENCE,MEDIUM,Broad geography inferred from curriculum theme/context.
ETAG-03916,EVT-0175,TAG-0115,SEMANTIC_RULE,HIGH,Direct title/context/manual semantic match.
ETAG-03917,EVT-0175,TAG-0109,SEMANTIC_RULE,HIGH,Direct title/context/manual semantic match.
ETAG-03918,EVT-0175,TAG-0113,SEMANTIC_RULE,HIGH,Direct title/context/manual semantic match.
ETAG-03919,EVT-0175,TAG-0110,SEMANTIC_RULE,HIGH,Direct title/context/manual semantic match.
ETAG-03920,EVT-0175,TAG-0116,CURRICULUM_THEME_INFERENCE,MEDIUM,Inferred from curriculum theme; suitable for broad filtering.
ETAG-03921,EVT-0175,TAG-0114,CURRICULUM_THEME_INFERENCE,MEDIUM,Inferred from curriculum theme; suitable for broad filtering.
ETAG-03922,EVT-0175,TAG-0121,CURRICULUM_THEME_INFERENCE,MEDIUM,Inferred from curriculum theme; suitable for broad filtering.
ETAG-03923,EVT-0175,TAG-0106,CURRICULUM_THEME_INFERENCE,MEDIUM,Inferred from curriculum theme; suitable for broad filtering.
ETAG-03924,EVT-0175,TAG-0118,CURRICULUM_THEME_INFERENCE,MEDIUM,Inferred from curriculum theme; suitable for broad filtering.
ETAG-03925,EVT-0175,TAG-0151,CURATED_CONTEXT,HIGH,Curated historical-context membership.
ETAG-03926,EVT-0175,TAG-0156,CURRICULUM_THEME_INFERENCE,MEDIUM,Broad geography inferred from curriculum theme/context.
ETAG-03927,EVT-0175,TAG-0154,CURRICULUM_THEME_INFERENCE,MEDIUM,Broad geography inferred from curriculum theme/context.
ETAG-03928,EVT-0176,TAG-0114,SEMANTIC_RULE,HIGH,Direct title/context/manual semantic match.
ETAG-03929,EVT-0176,TAG-0115,SEMANTIC_RULE,HIGH,Direct title/context/manual semantic match.
ETAG-03930,EVT-0176,TAG-0113,SEMANTIC_RULE,HIGH,Direct title/context/manual semantic match.
ETAG-03931,EVT-0176,TAG-0106,CURRICULUM_THEME_INFERENCE,MEDIUM,Inferred from curriculum theme; suitable for broad filtering.
ETAG-03932,EVT-0176,TAG-0151,CURATED_CONTEXT,HIGH,Curated historical-context membership.
ETAG-03933,EVT-0176,TAG-0154,GEOGRAPHY_RULE,HIGH,Direct place/entity/manual geography match.
ETAG-03934,EVT-0176,TAG-0157,GEOGRAPHY_RULE,HIGH,Direct place/entity/manual geography match.
ETAG-03935,EVT-0177,TAG-0115,SEMANTIC_RULE,HIGH,Direct title/context/manual semantic match.
ETAG-03936,EVT-0177,TAG-0113,SEMANTIC_RULE,HIGH,Direct title/context/manual semantic match.
ETAG-03937,EVT-0177,TAG-0114,CURRICULUM_THEME_INFERENCE,MEDIUM,Inferred from curriculum theme; suitable for broad filtering.
ETAG-03938,EVT-0177,TAG-0106,CURRICULUM_THEME_INFERENCE,MEDIUM,Inferred from curriculum theme; suitable for broad filtering.
ETAG-03939,EVT-0177,TAG-0151,CURATED_CONTEXT,HIGH,Curated historical-context membership.
ETAG-03940,EVT-0177,TAG-0154,GEOGRAPHY_RULE,HIGH,Direct place/entity/manual geography match.
ETAG-03941,EVT-0177,TAG-0157,GEOGRAPHY_RULE,HIGH,Direct place/entity/manual geography match.
ETAG-03942,EVT-0178,TAG-0115,SEMANTIC_RULE,HIGH,Direct title/context/manual semantic match.
ETAG-03943,EVT-0178,TAG-0113,SEMANTIC_RULE,HIGH,Direct title/context/manual semantic match.
ETAG-03944,EVT-0178,TAG-0114,CURRICULUM_THEME_INFERENCE,MEDIUM,Inferred from curriculum theme; suitable for broad filtering.
ETAG-03945,EVT-0178,TAG-0106,CURRICULUM_THEME_INFERENCE,MEDIUM,Inferred from curriculum theme; suitable for broad filtering.
ETAG-03946,EVT-0178,TAG-0151,CURATED_CONTEXT,HIGH,Curated historical-context membership.
ETAG-03947,EVT-0178,TAG-0154,GEOGRAPHY_RULE,HIGH,Direct place/entity/manual geography match.
ETAG-03948,EVT-0178,TAG-0157,GEOGRAPHY_RULE,HIGH,Direct place/entity/manual geography match.
ETAG-03949,EVT-0179,TAG-0115,SEMANTIC_RULE,HIGH,Direct title/context/manual semantic match.
ETAG-03950,EVT-0179,TAG-0113,SEMANTIC_RULE,HIGH,Direct title/context/manual semantic match.
ETAG-03951,EVT-0179,TAG-0114,CURRICULUM_THEME_INFERENCE,MEDIUM,Inferred from curriculum theme; suitable for broad filtering.
ETAG-03952,EVT-0179,TAG-0106,CURRICULUM_THEME_INFERENCE,MEDIUM,Inferred from curriculum theme; suitable for broad filtering.
ETAG-03953,EVT-0179,TAG-0151,CURATED_CONTEXT,HIGH,Curated historical-context membership.
ETAG-03954,EVT-0179,TAG-0154,GEOGRAPHY_RULE,HIGH,Direct place/entity/manual geography match.
ETAG-03955,EVT-0179,TAG-0157,GEOGRAPHY_RULE,HIGH,Direct place/entity/manual geography match.
ETAG-03956,EVT-0180,TAG-0115,SEMANTIC_RULE,HIGH,Direct title/context/manual semantic match.
ETAG-03957,EVT-0180,TAG-0109,SEMANTIC_RULE,HIGH,Direct title/context/manual semantic match.
ETAG-03958,EVT-0180,TAG-0113,SEMANTIC_RULE,HIGH,Direct title/context/manual semantic match.
ETAG-03959,EVT-0180,TAG-0114,CURRICULUM_THEME_INFERENCE,MEDIUM,Inferred from curriculum theme; suitable for broad filtering.
ETAG-03960,EVT-0180,TAG-0106,CURRICULUM_THEME_INFERENCE,MEDIUM,Inferred from curriculum theme; suitable for broad filtering.
ETAG-03961,EVT-0180,TAG-0152,CURATED_CONTEXT,HIGH,Curated historical-context membership.
ETAG-03962,EVT-0180,TAG-0154,CURRICULUM_THEME_INFERENCE,MEDIUM,Broad geography inferred from curriculum theme/context.
ETAG-03963,EVT-0181,TAG-0114,SEMANTIC_RULE,HIGH,Direct title/context/manual semantic match.
ETAG-03964,EVT-0181,TAG-0113,SEMANTIC_RULE,HIGH,Direct title/context/manual semantic match.
ETAG-03965,EVT-0181,TAG-0106,CURRICULUM_THEME_INFERENCE,MEDIUM,Inferred from curriculum theme; suitable for broad filtering.
ETAG-03966,EVT-0181,TAG-0152,CURATED_CONTEXT,HIGH,Curated historical-context membership.
ETAG-03967,EVT-0181,TAG-0154,V14_FINAL_SEMANTIC_AUDIT,HIGH,Promoted to HIGH in final school-corpus semantic audit.
ETAG-03968,EVT-0182,TAG-0114,SEMANTIC_RULE,HIGH,Direct title/context/manual semantic match.
ETAG-03969,EVT-0182,TAG-0113,SEMANTIC_RULE,HIGH,Direct title/context/manual semantic match.
ETAG-03970,EVT-0182,TAG-0106,CURRICULUM_THEME_INFERENCE,MEDIUM,Inferred from curriculum theme; suitable for broad filtering.
ETAG-03971,EVT-0182,TAG-0152,CURATED_CONTEXT,HIGH,Curated historical-context membership.
ETAG-03972,EVT-0182,TAG-0154,V14_FINAL_SEMANTIC_AUDIT,HIGH,Promoted to HIGH in final school-corpus semantic audit.
ETAG-03973,EVT-0183,TAG-0137,SEMANTIC_RULE,HIGH,Direct title/context/manual semantic match.
ETAG-03974,EVT-0183,TAG-0106,SEMANTIC_RULE,HIGH,Direct title/context/manual semantic match.
ETAG-03975,EVT-0183,TAG-0113,SEMANTIC_RULE,HIGH,Direct title/context/manual semantic match.
ETAG-03976,EVT-0183,TAG-0108,SEMANTIC_RULE,HIGH,Direct title/context/manual semantic match.
ETAG-03977,EVT-0183,TAG-0114,CURRICULUM_THEME_INFERENCE,MEDIUM,Inferred from curriculum theme; suitable for broad filtering.
ETAG-03978,EVT-0183,TAG-0154,CURRICULUM_THEME_INFERENCE,MEDIUM,Broad geography inferred from curriculum theme/context.
ETAG-03979,EVT-0184,TAG-0113,SEMANTIC_RULE,HIGH,Direct title/context/manual semantic match.
ETAG-03980,EVT-0184,TAG-0114,CURRICULUM_THEME_INFERENCE,MEDIUM,Inferred from curriculum theme; suitable for broad filtering.
ETAG-03981,EVT-0184,TAG-0106,CURRICULUM_THEME_INFERENCE,MEDIUM,Inferred from curriculum theme; suitable for broad filtering.
ETAG-03982,EVT-0184,TAG-0154,CURRICULUM_THEME_INFERENCE,MEDIUM,Broad geography inferred from curriculum theme/context.
ETAG-03983,EVT-0185,TAG-0146,SEMANTIC_RULE,HIGH,Direct title/context/manual semantic match.
ETAG-03984,EVT-0185,TAG-0106,SEMANTIC_RULE,HIGH,Direct title/context/manual semantic match.
ETAG-03985,EVT-0185,TAG-0113,SEMANTIC_RULE,HIGH,Direct title/context/manual semantic match.
ETAG-03986,EVT-0185,TAG-0123,SEMANTIC_RULE,HIGH,Direct title/context/manual semantic match.
ETAG-03987,EVT-0185,TAG-0108,CURRICULUM_THEME_INFERENCE,MEDIUM,Inferred from curriculum theme; suitable for broad filtering.
ETAG-03988,EVT-0185,TAG-0154,GEOGRAPHY_RULE,HIGH,Direct place/entity/manual geography match.
ETAG-03989,EVT-0185,TAG-0157,GEOGRAPHY_RULE,HIGH,Direct place/entity/manual geography match.
ETAG-03990,EVT-0186,TAG-0107,SEMANTIC_RULE,HIGH,Direct title/context/manual semantic match.
ETAG-03991,EVT-0186,TAG-0146,SEMANTIC_RULE,HIGH,Direct title/context/manual semantic match.
ETAG-03992,EVT-0186,TAG-0106,SEMANTIC_RULE,HIGH,Direct title/context/manual semantic match.
ETAG-03993,EVT-0186,TAG-0113,SEMANTIC_RULE,HIGH,Direct title/context/manual semantic match.
ETAG-03994,EVT-0186,TAG-0123,SEMANTIC_RULE,HIGH,Direct title/context/manual semantic match.
ETAG-03995,EVT-0186,TAG-0108,SEMANTIC_RULE,HIGH,Direct title/context/manual semantic match.
ETAG-03996,EVT-0186,TAG-0154,GEOGRAPHY_RULE,HIGH,Direct place/entity/manual geography match.
ETAG-03997,EVT-0186,TAG-0157,GEOGRAPHY_RULE,HIGH,Direct place/entity/manual geography match.
ETAG-03998,EVT-0187,TAG-0107,SEMANTIC_RULE,HIGH,Direct title/context/manual semantic match.
ETAG-03999,EVT-0187,TAG-0109,SEMANTIC_RULE,HIGH,Direct title/context/manual semantic match.
ETAG-04000,EVT-0187,TAG-0146,SEMANTIC_RULE,HIGH,Direct title/context/manual semantic match.
ETAG-04001,EVT-0187,TAG-0106,SEMANTIC_RULE,HIGH,Direct title/context/manual semantic match.
ETAG-04002,EVT-0187,TAG-0113,SEMANTIC_RULE,HIGH,Direct title/context/manual semantic match.
ETAG-04003,EVT-0187,TAG-0110,SEMANTIC_RULE,HIGH,Direct title/context/manual semantic match.
ETAG-04004,EVT-0187,TAG-0123,SEMANTIC_RULE,HIGH,Direct title/context/manual semantic match.
ETAG-04005,EVT-0187,TAG-0108,CURRICULUM_THEME_INFERENCE,MEDIUM,Inferred from curriculum theme; suitable for broad filtering.
ETAG-04006,EVT-0187,TAG-0154,GEOGRAPHY_RULE,HIGH,Direct place/entity/manual geography match.
ETAG-04007,EVT-0187,TAG-0157,GEOGRAPHY_RULE,HIGH,Direct place/entity/manual geography match.
ETAG-04008,EVT-0188,TAG-0116,SEMANTIC_RULE,HIGH,Direct title/context/manual semantic match.
ETAG-04009,EVT-0188,TAG-0146,SEMANTIC_RULE,HIGH,Direct title/context/manual semantic match.
ETAG-04010,EVT-0188,TAG-0106,SEMANTIC_RULE,HIGH,Direct title/context/manual semantic match.
ETAG-04011,EVT-0188,TAG-0113,SEMANTIC_RULE,HIGH,Direct title/context/manual semantic match.
ETAG-04012,EVT-0188,TAG-0110,SEMANTIC_RULE,HIGH,Direct title/context/manual semantic match.
ETAG-04013,EVT-0188,TAG-0118,SEMANTIC_RULE,HIGH,Direct title/context/manual semantic match.
ETAG-04014,EVT-0188,TAG-0123,SEMANTIC_RULE,HIGH,Direct title/context/manual semantic match.
ETAG-04015,EVT-0188,TAG-0121,CURRICULUM_THEME_INFERENCE,MEDIUM,Inferred from curriculum theme; suitable for broad filtering.
ETAG-04016,EVT-0188,TAG-0122,CURRICULUM_THEME_INFERENCE,MEDIUM,Inferred from curriculum theme; suitable for broad filtering.
ETAG-04017,EVT-0188,TAG-0108,CURRICULUM_THEME_INFERENCE,MEDIUM,Inferred from curriculum theme; suitable for broad filtering.
ETAG-04018,EVT-0188,TAG-0156,GEOGRAPHY_RULE,HIGH,Direct place/entity/manual geography match.
ETAG-04019,EVT-0188,TAG-0154,GEOGRAPHY_RULE,HIGH,Direct place/entity/manual geography match.
ETAG-04020,EVT-0188,TAG-0157,GEOGRAPHY_RULE,HIGH,Direct place/entity/manual geography match.
ETAG-04021,EVT-0189,TAG-0107,SEMANTIC_RULE,HIGH,Direct title/context/manual semantic match.
ETAG-04022,EVT-0189,TAG-0109,SEMANTIC_RULE,HIGH,Direct title/context/manual semantic match.
ETAG-04023,EVT-0189,TAG-0146,SEMANTIC_RULE,HIGH,Direct title/context/manual semantic match.
ETAG-04024,EVT-0189,TAG-0106,SEMANTIC_RULE,HIGH,Direct title/context/manual semantic match.
ETAG-04025,EVT-0189,TAG-0113,SEMANTIC_RULE,HIGH,Direct title/context/manual semantic match.
ETAG-04026,EVT-0189,TAG-0123,SEMANTIC_RULE,HIGH,Direct title/context/manual semantic match.
ETAG-04027,EVT-0189,TAG-0108,SEMANTIC_RULE,HIGH,Direct title/context/manual semantic match.
ETAG-04028,EVT-0189,TAG-0154,GEOGRAPHY_RULE,HIGH,Direct place/entity/manual geography match.
ETAG-04029,EVT-0189,TAG-0157,GEOGRAPHY_RULE,HIGH,Direct place/entity/manual geography match.
ETAG-04030,EVT-0190,TAG-0107,SEMANTIC_RULE,HIGH,Direct title/context/manual semantic match.
ETAG-04031,EVT-0190,TAG-0146,SEMANTIC_RULE,HIGH,Direct title/context/manual semantic match.
ETAG-04032,EVT-0190,TAG-0106,SEMANTIC_RULE,HIGH,Direct title/context/manual semantic match.
ETAG-04033,EVT-0190,TAG-0113,SEMANTIC_RULE,HIGH,Direct title/context/manual semantic match.
ETAG-04034,EVT-0190,TAG-0123,SEMANTIC_RULE,HIGH,Direct title/context/manual semantic match.
ETAG-04035,EVT-0190,TAG-0108,CURRICULUM_THEME_INFERENCE,MEDIUM,Inferred from curriculum theme; suitable for broad filtering.
ETAG-04036,EVT-0190,TAG-0154,GEOGRAPHY_RULE,HIGH,Direct place/entity/manual geography match.
ETAG-04037,EVT-0190,TAG-0157,GEOGRAPHY_RULE,HIGH,Direct place/entity/manual geography match.
ETAG-04038,EVT-0191,TAG-0107,SEMANTIC_RULE,HIGH,Direct title/context/manual semantic match.
ETAG-04039,EVT-0191,TAG-0146,SEMANTIC_RULE,HIGH,Direct title/context/manual semantic match.
ETAG-04040,EVT-0191,TAG-0106,SEMANTIC_RULE,HIGH,Direct title/context/manual semantic match.
ETAG-04041,EVT-0191,TAG-0113,SEMANTIC_RULE,HIGH,Direct title/context/manual semantic match.
ETAG-04042,EVT-0191,TAG-0123,SEMANTIC_RULE,HIGH,Direct title/context/manual semantic match.
ETAG-04043,EVT-0191,TAG-0108,CURRICULUM_THEME_INFERENCE,MEDIUM,Inferred from curriculum theme; suitable for broad filtering.
ETAG-04044,EVT-0191,TAG-0154,GEOGRAPHY_RULE,HIGH,Direct place/entity/manual geography match.
ETAG-04045,EVT-0191,TAG-0157,GEOGRAPHY_RULE,HIGH,Direct place/entity/manual geography match.
ETAG-04046,EVT-0192,TAG-0121,SEMANTIC_RULE,HIGH,Direct title/context/manual semantic match.
ETAG-04047,EVT-0192,TAG-0142,SEMANTIC_RULE,HIGH,Direct title/context/manual semantic match.
ETAG-04048,EVT-0192,TAG-0122,SEMANTIC_RULE,HIGH,Direct title/context/manual semantic match.
ETAG-04049,EVT-0192,TAG-0138,SEMANTIC_RULE,HIGH,Direct title/context/manual semantic match.
ETAG-04050,EVT-0192,TAG-0146,SEMANTIC_RULE,HIGH,Direct title/context/manual semantic match.
ETAG-04051,EVT-0192,TAG-0106,SEMANTIC_RULE,HIGH,Direct title/context/manual semantic match.
ETAG-04052,EVT-0192,TAG-0110,SEMANTIC_RULE,HIGH,Direct title/context/manual semantic match.
ETAG-04053,EVT-0192,TAG-0123,SEMANTIC_RULE,HIGH,Direct title/context/manual semantic match.
ETAG-04054,EVT-0192,TAG-0140,SEMANTIC_RULE,HIGH,Direct title/context/manual semantic match.
ETAG-04055,EVT-0192,TAG-0113,CURRICULUM_THEME_INFERENCE,MEDIUM,Inferred from curriculum theme; suitable for broad filtering.
ETAG-04056,EVT-0192,TAG-0108,CURRICULUM_THEME_INFERENCE,MEDIUM,Inferred from curriculum theme; suitable for broad filtering.
ETAG-04057,EVT-0192,TAG-0154,GEOGRAPHY_RULE,HIGH,Direct place/entity/manual geography match.
ETAG-04058,EVT-0192,TAG-0157,GEOGRAPHY_RULE,HIGH,Direct place/entity/manual geography match.
ETAG-04059,EVT-0192,TAG-0153,CURRICULUM_THEME_INFERENCE,MEDIUM,Broad geography inferred from curriculum theme/context.
ETAG-04060,EVT-0193,TAG-0121,SEMANTIC_RULE,HIGH,Direct title/context/manual semantic match.
ETAG-04061,EVT-0193,TAG-0122,SEMANTIC_RULE,HIGH,Direct title/context/manual semantic match.
ETAG-04062,EVT-0193,TAG-0146,SEMANTIC_RULE,HIGH,Direct title/context/manual semantic match.
ETAG-04063,EVT-0193,TAG-0106,SEMANTIC_RULE,HIGH,Direct title/context/manual semantic match.
ETAG-04064,EVT-0193,TAG-0110,SEMANTIC_RULE,HIGH,Direct title/context/manual semantic match.
ETAG-04065,EVT-0193,TAG-0123,SEMANTIC_RULE,HIGH,Direct title/context/manual semantic match.
ETAG-04066,EVT-0193,TAG-0140,SEMANTIC_RULE,HIGH,Direct title/context/manual semantic match.
ETAG-04067,EVT-0193,TAG-0113,CURRICULUM_THEME_INFERENCE,MEDIUM,Inferred from curriculum theme; suitable for broad filtering.
ETAG-04068,EVT-0193,TAG-0108,CURRICULUM_THEME_INFERENCE,MEDIUM,Inferred from curriculum theme; suitable for broad filtering.
ETAG-04069,EVT-0193,TAG-0154,GEOGRAPHY_RULE,HIGH,Direct place/entity/manual geography match.
ETAG-04070,EVT-0193,TAG-0157,GEOGRAPHY_RULE,HIGH,Direct place/entity/manual geography match.
ETAG-04071,EVT-0194,TAG-0121,SEMANTIC_RULE,HIGH,Direct title/context/manual semantic match.
ETAG-04072,EVT-0194,TAG-0122,SEMANTIC_RULE,HIGH,Direct title/context/manual semantic match.
ETAG-04073,EVT-0194,TAG-0146,SEMANTIC_RULE,HIGH,Direct title/context/manual semantic match.
ETAG-04074,EVT-0194,TAG-0106,SEMANTIC_RULE,HIGH,Direct title/context/manual semantic match.
ETAG-04075,EVT-0194,TAG-0110,SEMANTIC_RULE,HIGH,Direct title/context/manual semantic match.
ETAG-04076,EVT-0194,TAG-0123,SEMANTIC_RULE,HIGH,Direct title/context/manual semantic match.
ETAG-04077,EVT-0194,TAG-0140,SEMANTIC_RULE,HIGH,Direct title/context/manual semantic match.
ETAG-04078,EVT-0194,TAG-0113,CURRICULUM_THEME_INFERENCE,MEDIUM,Inferred from curriculum theme; suitable for broad filtering.
ETAG-04079,EVT-0194,TAG-0108,CURRICULUM_THEME_INFERENCE,MEDIUM,Inferred from curriculum theme; suitable for broad filtering.
ETAG-04080,EVT-0194,TAG-0154,GEOGRAPHY_RULE,HIGH,Direct place/entity/manual geography match.
ETAG-04081,EVT-0194,TAG-0157,GEOGRAPHY_RULE,HIGH,Direct place/entity/manual geography match.
ETAG-04082,EVT-0195,TAG-0121,SEMANTIC_RULE,HIGH,Direct title/context/manual semantic match.
ETAG-04083,EVT-0195,TAG-0122,SEMANTIC_RULE,HIGH,Direct title/context/manual semantic match.
ETAG-04084,EVT-0195,TAG-0146,SEMANTIC_RULE,HIGH,Direct title/context/manual semantic match.
ETAG-04085,EVT-0195,TAG-0106,SEMANTIC_RULE,HIGH,Direct title/context/manual semantic match.
ETAG-04086,EVT-0195,TAG-0110,SEMANTIC_RULE,HIGH,Direct title/context/manual semantic match.
ETAG-04087,EVT-0195,TAG-0123,SEMANTIC_RULE,HIGH,Direct title/context/manual semantic match.
ETAG-04088,EVT-0195,TAG-0140,SEMANTIC_RULE,HIGH,Direct title/context/manual semantic match.
ETAG-04089,EVT-0195,TAG-0113,CURRICULUM_THEME_INFERENCE,MEDIUM,Inferred from curriculum theme; suitable for broad filtering.
ETAG-04090,EVT-0195,TAG-0108,CURRICULUM_THEME_INFERENCE,MEDIUM,Inferred from curriculum theme; suitable for broad filtering.
ETAG-04091,EVT-0195,TAG-0154,GEOGRAPHY_RULE,HIGH,Direct place/entity/manual geography match.
ETAG-04092,EVT-0195,TAG-0157,GEOGRAPHY_RULE,HIGH,Direct place/entity/manual geography match.
ETAG-04093,EVT-0196,TAG-0121,SEMANTIC_RULE,HIGH,Direct title/context/manual semantic match.
ETAG-04094,EVT-0196,TAG-0122,SEMANTIC_RULE,HIGH,Direct title/context/manual semantic match.
ETAG-04095,EVT-0196,TAG-0124,SEMANTIC_RULE,HIGH,Direct title/context/manual semantic match.
ETAG-04096,EVT-0196,TAG-0109,SEMANTIC_RULE,HIGH,Direct title/context/manual semantic match.
ETAG-04097,EVT-0196,TAG-0146,SEMANTIC_RULE,HIGH,Direct title/context/manual semantic match.
ETAG-04098,EVT-0196,TAG-0106,SEMANTIC_RULE,HIGH,Direct title/context/manual semantic match.
ETAG-04099,EVT-0196,TAG-0110,SEMANTIC_RULE,HIGH,Direct title/context/manual semantic match.
ETAG-04100,EVT-0196,TAG-0123,SEMANTIC_RULE,HIGH,Direct title/context/manual semantic match.
ETAG-04101,EVT-0196,TAG-0140,SEMANTIC_RULE,HIGH,Direct title/context/manual semantic match.
ETAG-04102,EVT-0196,TAG-0113,CURRICULUM_THEME_INFERENCE,MEDIUM,Inferred from curriculum theme; suitable for broad filtering.
ETAG-04103,EVT-0196,TAG-0108,CURRICULUM_THEME_INFERENCE,MEDIUM,Inferred from curriculum theme; suitable for broad filtering.
ETAG-04104,EVT-0196,TAG-0154,GEOGRAPHY_RULE,HIGH,Direct place/entity/manual geography match.
ETAG-04105,EVT-0196,TAG-0157,GEOGRAPHY_RULE,HIGH,Direct place/entity/manual geography match.
ETAG-04106,EVT-0197,TAG-0143,SEMANTIC_RULE,HIGH,Direct title/context/manual semantic match.
ETAG-04107,EVT-0197,TAG-0114,SEMANTIC_RULE,HIGH,Direct title/context/manual semantic match.
ETAG-04108,EVT-0197,TAG-0146,SEMANTIC_RULE,HIGH,Direct title/context/manual semantic match.
ETAG-04109,EVT-0197,TAG-0106,SEMANTIC_RULE,HIGH,Direct title/context/manual semantic match.
ETAG-04110,EVT-0197,TAG-0123,SEMANTIC_RULE,HIGH,Direct title/context/manual semantic match.
ETAG-04111,EVT-0197,TAG-0113,CURRICULUM_THEME_INFERENCE,MEDIUM,Inferred from curriculum theme; suitable for broad filtering.
ETAG-04112,EVT-0197,TAG-0108,CURRICULUM_THEME_INFERENCE,MEDIUM,Inferred from curriculum theme; suitable for broad filtering.
ETAG-04113,EVT-0197,TAG-0154,GEOGRAPHY_RULE,HIGH,Direct place/entity/manual geography match.
ETAG-04114,EVT-0197,TAG-0157,GEOGRAPHY_RULE,HIGH,Direct place/entity/manual geography match.
ETAG-04115,EVT-0197,TAG-0159,GEOGRAPHY_RULE,HIGH,Direct place/entity/manual geography match.
ETAG-04116,EVT-0198,TAG-0143,SEMANTIC_RULE,HIGH,Direct title/context/manual semantic match.
ETAG-04117,EVT-0198,TAG-0146,SEMANTIC_RULE,HIGH,Direct title/context/manual semantic match.
ETAG-04118,EVT-0198,TAG-0106,SEMANTIC_RULE,HIGH,Direct title/context/manual semantic match.
ETAG-04119,EVT-0198,TAG-0123,SEMANTIC_RULE,HIGH,Direct title/context/manual semantic match.
ETAG-04120,EVT-0198,TAG-0113,CURRICULUM_THEME_INFERENCE,MEDIUM,Inferred from curriculum theme; suitable for broad filtering.
ETAG-04121,EVT-0198,TAG-0108,CURRICULUM_THEME_INFERENCE,MEDIUM,Inferred from curriculum theme; suitable for broad filtering.
ETAG-04122,EVT-0198,TAG-0154,GEOGRAPHY_RULE,HIGH,Direct place/entity/manual geography match.
ETAG-04123,EVT-0198,TAG-0157,GEOGRAPHY_RULE,HIGH,Direct place/entity/manual geography match.
ETAG-04124,EVT-0198,TAG-0159,GEOGRAPHY_RULE,HIGH,Direct place/entity/manual geography match.
ETAG-04125,EVT-0199,TAG-0115,SEMANTIC_RULE,HIGH,Direct title/context/manual semantic match.
ETAG-04126,EVT-0199,TAG-0146,SEMANTIC_RULE,HIGH,Direct title/context/manual semantic match.
ETAG-04127,EVT-0199,TAG-0106,SEMANTIC_RULE,HIGH,Direct title/context/manual semantic match.
ETAG-04128,EVT-0199,TAG-0123,SEMANTIC_RULE,HIGH,Direct title/context/manual semantic match.
ETAG-04129,EVT-0199,TAG-0108,SEMANTIC_RULE,HIGH,Direct title/context/manual semantic match.
ETAG-04130,EVT-0199,TAG-0113,CURRICULUM_THEME_INFERENCE,MEDIUM,Inferred from curriculum theme; suitable for broad filtering.
ETAG-04131,EVT-0199,TAG-0154,GEOGRAPHY_RULE,HIGH,Direct place/entity/manual geography match.
ETAG-04132,EVT-0199,TAG-0157,GEOGRAPHY_RULE,HIGH,Direct place/entity/manual geography match.
ETAG-04133,EVT-0199,TAG-0159,GEOGRAPHY_RULE,HIGH,Direct place/entity/manual geography match.
ETAG-04134,EVT-0200,TAG-0115,SEMANTIC_RULE,HIGH,Direct title/context/manual semantic match.
ETAG-04135,EVT-0200,TAG-0142,SEMANTIC_RULE,HIGH,Direct title/context/manual semantic match.
ETAG-04136,EVT-0200,TAG-0138,SEMANTIC_RULE,HIGH,Direct title/context/manual semantic match.
ETAG-04137,EVT-0200,TAG-0146,SEMANTIC_RULE,HIGH,Direct title/context/manual semantic match.
ETAG-04138,EVT-0200,TAG-0106,SEMANTIC_RULE,HIGH,Direct title/context/manual semantic match.
ETAG-04139,EVT-0200,TAG-0123,SEMANTIC_RULE,HIGH,Direct title/context/manual semantic match.
ETAG-04140,EVT-0200,TAG-0113,CURRICULUM_THEME_INFERENCE,MEDIUM,Inferred from curriculum theme; suitable for broad filtering.
ETAG-04141,EVT-0200,TAG-0108,CURRICULUM_THEME_INFERENCE,MEDIUM,Inferred from curriculum theme; suitable for broad filtering.
ETAG-04142,EVT-0200,TAG-0154,GEOGRAPHY_RULE,HIGH,Direct place/entity/manual geography match.
ETAG-04143,EVT-0200,TAG-0157,GEOGRAPHY_RULE,HIGH,Direct place/entity/manual geography match.
ETAG-04144,EVT-0200,TAG-0159,GEOGRAPHY_RULE,HIGH,Direct place/entity/manual geography match.
ETAG-04145,EVT-0200,TAG-0153,CURRICULUM_THEME_INFERENCE,MEDIUM,Broad geography inferred from curriculum theme/context.
ETAG-04146,EVT-0201,TAG-0116,SEMANTIC_RULE,HIGH,Direct title/context/manual semantic match.
ETAG-04147,EVT-0201,TAG-0107,SEMANTIC_RULE,HIGH,Direct title/context/manual semantic match.
ETAG-04148,EVT-0201,TAG-0115,SEMANTIC_RULE,HIGH,Direct title/context/manual semantic match.
ETAG-04149,EVT-0201,TAG-0106,SEMANTIC_RULE,HIGH,Direct title/context/manual semantic match.
ETAG-04150,EVT-0201,TAG-0113,SEMANTIC_RULE,HIGH,Direct title/context/manual semantic match.
ETAG-04151,EVT-0201,TAG-0108,SEMANTIC_RULE,HIGH,Direct title/context/manual semantic match.
ETAG-04152,EVT-0201,TAG-0154,GEOGRAPHY_RULE,HIGH,Direct place/entity/manual geography match.
ETAG-04153,EVT-0201,TAG-0157,GEOGRAPHY_RULE,HIGH,Direct place/entity/manual geography match.
ETAG-04154,EVT-0202,TAG-0116,SEMANTIC_RULE,HIGH,Direct title/context/manual semantic match.
ETAG-04155,EVT-0202,TAG-0107,SEMANTIC_RULE,HIGH,Direct title/context/manual semantic match.
ETAG-04156,EVT-0202,TAG-0115,SEMANTIC_RULE,HIGH,Direct title/context/manual semantic match.
ETAG-04157,EVT-0202,TAG-0106,SEMANTIC_RULE,HIGH,Direct title/context/manual semantic match.
ETAG-04158,EVT-0202,TAG-0113,SEMANTIC_RULE,HIGH,Direct title/context/manual semantic match.
ETAG-04159,EVT-0202,TAG-0108,SEMANTIC_RULE,HIGH,Direct title/context/manual semantic match.
ETAG-04160,EVT-0202,TAG-0154,GEOGRAPHY_RULE,HIGH,Direct place/entity/manual geography match.
ETAG-04161,EVT-0202,TAG-0157,GEOGRAPHY_RULE,HIGH,Direct place/entity/manual geography match.
ETAG-04162,EVT-0203,TAG-0116,SEMANTIC_RULE,HIGH,Direct title/context/manual semantic match.
ETAG-04163,EVT-0203,TAG-0107,SEMANTIC_RULE,HIGH,Direct title/context/manual semantic match.
ETAG-04164,EVT-0203,TAG-0115,SEMANTIC_RULE,HIGH,Direct title/context/manual semantic match.
ETAG-04165,EVT-0203,TAG-0106,SEMANTIC_RULE,HIGH,Direct title/context/manual semantic match.
ETAG-04166,EVT-0203,TAG-0113,SEMANTIC_RULE,HIGH,Direct title/context/manual semantic match.
ETAG-04167,EVT-0203,TAG-0108,SEMANTIC_RULE,HIGH,Direct title/context/manual semantic match.
ETAG-04168,EVT-0203,TAG-0154,GEOGRAPHY_RULE,HIGH,Direct place/entity/manual geography match.
ETAG-04169,EVT-0203,TAG-0157,GEOGRAPHY_RULE,HIGH,Direct place/entity/manual geography match.
ETAG-04170,EVT-0204,TAG-0116,SEMANTIC_RULE,HIGH,Direct title/context/manual semantic match.
ETAG-04171,EVT-0204,TAG-0107,SEMANTIC_RULE,HIGH,Direct title/context/manual semantic match.
ETAG-04172,EVT-0204,TAG-0115,SEMANTIC_RULE,HIGH,Direct title/context/manual semantic match.
ETAG-04173,EVT-0204,TAG-0137,SEMANTIC_RULE,HIGH,Direct title/context/manual semantic match.
ETAG-04174,EVT-0204,TAG-0106,SEMANTIC_RULE,HIGH,Direct title/context/manual semantic match.
ETAG-04175,EVT-0204,TAG-0113,SEMANTIC_RULE,HIGH,Direct title/context/manual semantic match.
ETAG-04176,EVT-0204,TAG-0108,SEMANTIC_RULE,HIGH,Direct title/context/manual semantic match.
ETAG-04177,EVT-0204,TAG-0154,GEOGRAPHY_RULE,HIGH,Direct place/entity/manual geography match.
ETAG-04178,EVT-0204,TAG-0157,GEOGRAPHY_RULE,HIGH,Direct place/entity/manual geography match.
ETAG-04179,EVT-0205,TAG-0116,SEMANTIC_RULE,HIGH,Direct title/context/manual semantic match.
ETAG-04180,EVT-0205,TAG-0107,SEMANTIC_RULE,HIGH,Direct title/context/manual semantic match.
ETAG-04181,EVT-0205,TAG-0115,SEMANTIC_RULE,HIGH,Direct title/context/manual semantic match.
ETAG-04182,EVT-0205,TAG-0106,SEMANTIC_RULE,HIGH,Direct title/context/manual semantic match.
ETAG-04183,EVT-0205,TAG-0113,SEMANTIC_RULE,HIGH,Direct title/context/manual semantic match.
ETAG-04184,EVT-0205,TAG-0108,SEMANTIC_RULE,HIGH,Direct title/context/manual semantic match.
ETAG-04185,EVT-0205,TAG-0154,GEOGRAPHY_RULE,HIGH,Direct place/entity/manual geography match.
ETAG-04186,EVT-0205,TAG-0157,GEOGRAPHY_RULE,HIGH,Direct place/entity/manual geography match.
ETAG-04187,EVT-0206,TAG-0112,SEMANTIC_RULE,HIGH,Direct title/context/manual semantic match.
ETAG-04188,EVT-0206,TAG-0111,SEMANTIC_RULE,HIGH,Direct title/context/manual semantic match.
ETAG-04189,EVT-0206,TAG-0148,CURATED_CONTEXT,HIGH,Curated historical-context membership.
ETAG-04190,EVT-0206,TAG-0154,V14_FINAL_SEMANTIC_AUDIT,HIGH,Promoted to HIGH in final school-corpus semantic audit.
ETAG-04191,EVT-0206,TAG-0153,CURRICULUM_THEME_INFERENCE,MEDIUM,Broad geography inferred from curriculum theme/context.
ETAG-04192,EVT-0207,TAG-0112,SEMANTIC_RULE,HIGH,Direct title/context/manual semantic match.
ETAG-04193,EVT-0207,TAG-0111,SEMANTIC_RULE,HIGH,Direct title/context/manual semantic match.
ETAG-04194,EVT-0207,TAG-0148,CURATED_CONTEXT,HIGH,Curated historical-context membership.
ETAG-04195,EVT-0207,TAG-0154,CURRICULUM_THEME_INFERENCE,MEDIUM,Broad geography inferred from curriculum theme/context.
ETAG-04196,EVT-0207,TAG-0153,CURRICULUM_THEME_INFERENCE,MEDIUM,Broad geography inferred from curriculum theme/context.
ETAG-04197,EVT-0208,TAG-0112,SEMANTIC_RULE,HIGH,Direct title/context/manual semantic match.
ETAG-04198,EVT-0208,TAG-0111,SEMANTIC_RULE,HIGH,Direct title/context/manual semantic match.
ETAG-04199,EVT-0208,TAG-0148,CURATED_CONTEXT,HIGH,Curated historical-context membership.
ETAG-04200,EVT-0208,TAG-0154,CURRICULUM_THEME_INFERENCE,MEDIUM,Broad geography inferred from curriculum theme/context.
ETAG-04201,EVT-0208,TAG-0153,CURRICULUM_THEME_INFERENCE,MEDIUM,Broad geography inferred from curriculum theme/context.
ETAG-04202,EVT-0209,TAG-0112,SEMANTIC_RULE,HIGH,Direct title/context/manual semantic match.
ETAG-04203,EVT-0209,TAG-0111,SEMANTIC_RULE,HIGH,Direct title/context/manual semantic match.
ETAG-04204,EVT-0209,TAG-0148,CURATED_CONTEXT,HIGH,Curated historical-context membership.
ETAG-04205,EVT-0209,TAG-0154,CURRICULUM_THEME_INFERENCE,MEDIUM,Broad geography inferred from curriculum theme/context.
ETAG-04206,EVT-0209,TAG-0153,CURRICULUM_THEME_INFERENCE,MEDIUM,Broad geography inferred from curriculum theme/context.
ETAG-04207,EVT-0210,TAG-0112,SEMANTIC_RULE,HIGH,Direct title/context/manual semantic match.
ETAG-04208,EVT-0210,TAG-0111,SEMANTIC_RULE,HIGH,Direct title/context/manual semantic match.
ETAG-04209,EVT-0210,TAG-0148,CURATED_CONTEXT,HIGH,Curated historical-context membership.
ETAG-04210,EVT-0210,TAG-0154,CURRICULUM_THEME_INFERENCE,MEDIUM,Broad geography inferred from curriculum theme/context.
ETAG-04211,EVT-0210,TAG-0153,CURRICULUM_THEME_INFERENCE,MEDIUM,Broad geography inferred from curriculum theme/context.
ETAG-04212,EVT-0211,TAG-0112,SEMANTIC_RULE,HIGH,Direct title/context/manual semantic match.
ETAG-04213,EVT-0211,TAG-0111,SEMANTIC_RULE,HIGH,Direct title/context/manual semantic match.
ETAG-04214,EVT-0211,TAG-0148,CURATED_CONTEXT,HIGH,Curated historical-context membership.
ETAG-04215,EVT-0211,TAG-0154,GEOGRAPHY_RULE,HIGH,Direct place/entity/manual geography match.
ETAG-04216,EVT-0211,TAG-0159,GEOGRAPHY_RULE,HIGH,Direct place/entity/manual geography match.
ETAG-04217,EVT-0211,TAG-0153,CURRICULUM_THEME_INFERENCE,MEDIUM,Broad geography inferred from curriculum theme/context.
ETAG-04218,EVT-0212,TAG-0112,SEMANTIC_RULE,HIGH,Direct title/context/manual semantic match.
ETAG-04219,EVT-0212,TAG-0111,SEMANTIC_RULE,HIGH,Direct title/context/manual semantic match.
ETAG-04220,EVT-0212,TAG-0148,CURATED_CONTEXT,HIGH,Curated historical-context membership.
ETAG-04221,EVT-0212,TAG-0154,CURRICULUM_THEME_INFERENCE,MEDIUM,Broad geography inferred from curriculum theme/context.
ETAG-04222,EVT-0212,TAG-0153,CURRICULUM_THEME_INFERENCE,MEDIUM,Broad geography inferred from curriculum theme/context.
ETAG-04223,EVT-0224,TAG-0132,SEMANTIC_RULE,HIGH,Direct title/context/manual semantic match.
ETAG-04224,EVT-0224,TAG-0138,SEMANTIC_RULE,HIGH,Direct title/context/manual semantic match.
ETAG-04225,EVT-0224,TAG-0154,GEOGRAPHY_RULE,HIGH,Direct place/entity/manual geography match.
ETAG-04226,EVT-0224,TAG-0157,GEOGRAPHY_RULE,HIGH,Direct place/entity/manual geography match.
ETAG-04227,EVT-0225,TAG-0116,SEMANTIC_RULE,HIGH,Direct title/context/manual semantic match.
ETAG-04228,EVT-0225,TAG-0107,SEMANTIC_RULE,HIGH,Direct title/context/manual semantic match.
ETAG-04229,EVT-0225,TAG-0115,SEMANTIC_RULE,HIGH,Direct title/context/manual semantic match.
ETAG-04230,EVT-0225,TAG-0122,SEMANTIC_RULE,HIGH,Direct title/context/manual semantic match.
ETAG-04231,EVT-0225,TAG-0124,SEMANTIC_RULE,HIGH,Direct title/context/manual semantic match.
ETAG-04232,EVT-0225,TAG-0106,SEMANTIC_RULE,HIGH,Direct title/context/manual semantic match.
ETAG-04233,EVT-0225,TAG-0123,SEMANTIC_RULE,HIGH,Direct title/context/manual semantic match.
ETAG-04234,EVT-0225,TAG-0108,SEMANTIC_RULE,HIGH,Direct title/context/manual semantic match.
ETAG-04235,EVT-0225,TAG-0154,GEOGRAPHY_RULE,HIGH,Direct place/entity/manual geography match.
ETAG-04236,EVT-0225,TAG-0157,GEOGRAPHY_RULE,HIGH,Direct place/entity/manual geography match.
ETAG-04237,EVT-0226,TAG-0132,SEMANTIC_RULE,HIGH,Direct title/context/manual semantic match.
ETAG-04238,EVT-0226,TAG-0116,SEMANTIC_RULE,HIGH,Direct title/context/manual semantic match.
ETAG-04239,EVT-0226,TAG-0107,SEMANTIC_RULE,HIGH,Direct title/context/manual semantic match.
ETAG-04240,EVT-0226,TAG-0115,SEMANTIC_RULE,HIGH,Direct title/context/manual semantic match.
ETAG-04241,EVT-0226,TAG-0122,SEMANTIC_RULE,HIGH,Direct title/context/manual semantic match.
ETAG-04242,EVT-0226,TAG-0124,SEMANTIC_RULE,HIGH,Direct title/context/manual semantic match.
ETAG-04243,EVT-0226,TAG-0106,SEMANTIC_RULE,HIGH,Direct title/context/manual semantic match.
ETAG-04244,EVT-0226,TAG-0123,SEMANTIC_RULE,HIGH,Direct title/context/manual semantic match.
ETAG-04245,EVT-0226,TAG-0108,SEMANTIC_RULE,HIGH,Direct title/context/manual semantic match.
ETAG-04246,EVT-0226,TAG-0154,GEOGRAPHY_RULE,HIGH,Direct place/entity/manual geography match.
ETAG-04247,EVT-0226,TAG-0157,GEOGRAPHY_RULE,HIGH,Direct place/entity/manual geography match.
ETAG-04248,EVT-0227,TAG-0132,SEMANTIC_RULE,HIGH,Direct title/context/manual semantic match.
ETAG-04249,EVT-0227,TAG-0116,SEMANTIC_RULE,HIGH,Direct title/context/manual semantic match.
ETAG-04250,EVT-0227,TAG-0107,SEMANTIC_RULE,HIGH,Direct title/context/manual semantic match.
ETAG-04251,EVT-0227,TAG-0115,SEMANTIC_RULE,HIGH,Direct title/context/manual semantic match.
ETAG-04252,EVT-0227,TAG-0122,SEMANTIC_RULE,HIGH,Direct title/context/manual semantic match.
ETAG-04253,EVT-0227,TAG-0124,SEMANTIC_RULE,HIGH,Direct title/context/manual semantic match.
ETAG-04254,EVT-0227,TAG-0106,SEMANTIC_RULE,HIGH,Direct title/context/manual semantic match.
ETAG-04255,EVT-0227,TAG-0123,SEMANTIC_RULE,HIGH,Direct title/context/manual semantic match.
ETAG-04256,EVT-0227,TAG-0108,SEMANTIC_RULE,HIGH,Direct title/context/manual semantic match.
ETAG-04257,EVT-0227,TAG-0121,CURRICULUM_THEME_INFERENCE,MEDIUM,Inferred from curriculum theme; suitable for broad filtering.
ETAG-04258,EVT-0227,TAG-0154,GEOGRAPHY_RULE,HIGH,Direct place/entity/manual geography match.
ETAG-04259,EVT-0227,TAG-0157,GEOGRAPHY_RULE,HIGH,Direct place/entity/manual geography match.
ETAG-04260,EVT-0227,TAG-0156,CURRICULUM_THEME_INFERENCE,MEDIUM,Broad geography inferred from curriculum theme/context.
ETAG-04261,EVT-0230,TAG-0137,SEMANTIC_RULE,HIGH,Direct title/context/manual semantic match.
ETAG-04262,EVT-0230,TAG-0148,CURATED_CONTEXT,HIGH,Curated historical-context membership.
ETAG-04263,EVT-0230,TAG-0154,GEOGRAPHY_RULE,HIGH,Direct place/entity/manual geography match.
ETAG-04264,EVT-0230,TAG-0155,GEOGRAPHY_RULE,HIGH,Direct place/entity/manual geography match.
ETAG-04265,EVT-0230,TAG-0169,GEOGRAPHY_RULE,HIGH,Direct place/entity/manual geography match.
ETAG-04266,EVT-0230,TAG-0153,CURRICULUM_THEME_INFERENCE,MEDIUM,Broad geography inferred from curriculum theme/context.
ETAG-04267,EVT-0232,TAG-0114,SEMANTIC_RULE,HIGH,Direct title/context/manual semantic match.
ETAG-04268,EVT-0232,TAG-0148,CURATED_CONTEXT,HIGH,Curated historical-context membership.
ETAG-04269,EVT-0232,TAG-0154,GEOGRAPHY_RULE,HIGH,Direct place/entity/manual geography match.
ETAG-04270,EVT-0232,TAG-0153,CURRICULUM_THEME_INFERENCE,MEDIUM,Broad geography inferred from curriculum theme/context.
ETAG-04271,EVT-0233,TAG-0114,SEMANTIC_RULE,HIGH,Direct title/context/manual semantic match.
ETAG-04272,EVT-0233,TAG-0148,CURATED_CONTEXT,HIGH,Curated historical-context membership.
ETAG-04273,EVT-0233,TAG-0189,GEOGRAPHY_RULE,HIGH,Direct place/entity/manual geography match.
ETAG-04274,EVT-0233,TAG-0154,GEOGRAPHY_RULE,HIGH,Direct place/entity/manual geography match.
ETAG-04275,EVT-0233,TAG-0153,CURRICULUM_THEME_INFERENCE,MEDIUM,Broad geography inferred from curriculum theme/context.
ETAG-04276,EVT-0234,TAG-0114,SEMANTIC_RULE,HIGH,Direct title/context/manual semantic match.
ETAG-04277,EVT-0234,TAG-0148,CURATED_CONTEXT,HIGH,Curated historical-context membership.
ETAG-04278,EVT-0234,TAG-0189,GEOGRAPHY_RULE,HIGH,Direct place/entity/manual geography match.
ETAG-04279,EVT-0234,TAG-0154,GEOGRAPHY_RULE,HIGH,Direct place/entity/manual geography match.
ETAG-04280,EVT-0234,TAG-0153,CURRICULUM_THEME_INFERENCE,MEDIUM,Broad geography inferred from curriculum theme/context.
ETAG-04281,EVT-0235,TAG-0114,SEMANTIC_RULE,HIGH,Direct title/context/manual semantic match.
ETAG-04282,EVT-0235,TAG-0148,CURATED_CONTEXT,HIGH,Curated historical-context membership.
ETAG-04283,EVT-0235,TAG-0180,GEOGRAPHY_RULE,HIGH,Direct place/entity/manual geography match.
ETAG-04284,EVT-0235,TAG-0154,GEOGRAPHY_RULE,HIGH,Direct place/entity/manual geography match.
ETAG-04285,EVT-0235,TAG-0155,GEOGRAPHY_RULE,HIGH,Direct place/entity/manual geography match.
ETAG-04286,EVT-0235,TAG-0171,GEOGRAPHY_RULE,HIGH,Direct place/entity/manual geography match.
ETAG-04287,EVT-0235,TAG-0169,GEOGRAPHY_RULE,HIGH,Direct place/entity/manual geography match.
ETAG-04288,EVT-0235,TAG-0153,CURRICULUM_THEME_INFERENCE,MEDIUM,Broad geography inferred from curriculum theme/context.
ETAG-04289,EVT-0236,TAG-0138,SEMANTIC_RULE,HIGH,Direct title/context/manual semantic match.
ETAG-04290,EVT-0236,TAG-0148,CURATED_CONTEXT,HIGH,Curated historical-context membership.
ETAG-04291,EVT-0236,TAG-0154,GEOGRAPHY_RULE,HIGH,Direct place/entity/manual geography match.
ETAG-04292,EVT-0236,TAG-0157,GEOGRAPHY_RULE,HIGH,Direct place/entity/manual geography match.
ETAG-04293,EVT-0236,TAG-0153,CURRICULUM_THEME_INFERENCE,MEDIUM,Broad geography inferred from curriculum theme/context.
ETAG-04294,EVT-0237,TAG-0138,SEMANTIC_RULE,HIGH,Direct title/context/manual semantic match.
ETAG-04295,EVT-0237,TAG-0148,CURATED_CONTEXT,HIGH,Curated historical-context membership.
ETAG-04296,EVT-0237,TAG-0154,GEOGRAPHY_RULE,HIGH,Direct place/entity/manual geography match.
ETAG-04297,EVT-0237,TAG-0157,GEOGRAPHY_RULE,HIGH,Direct place/entity/manual geography match.
ETAG-04298,EVT-0237,TAG-0153,CURRICULUM_THEME_INFERENCE,MEDIUM,Broad geography inferred from curriculum theme/context.
ETAG-04299,EVT-0238,TAG-0138,SEMANTIC_RULE,HIGH,Direct title/context/manual semantic match.
ETAG-04300,EVT-0238,TAG-0148,CURATED_CONTEXT,HIGH,Curated historical-context membership.
ETAG-04301,EVT-0238,TAG-0154,GEOGRAPHY_RULE,HIGH,Direct place/entity/manual geography match.
ETAG-04302,EVT-0238,TAG-0157,GEOGRAPHY_RULE,HIGH,Direct place/entity/manual geography match.
ETAG-04303,EVT-0238,TAG-0153,CURRICULUM_THEME_INFERENCE,MEDIUM,Broad geography inferred from curriculum theme/context.
ETAG-04304,EVT-0239,TAG-0114,SEMANTIC_RULE,HIGH,Direct title/context/manual semantic match.
ETAG-04305,EVT-0239,TAG-0135,SEMANTIC_RULE,HIGH,Direct title/context/manual semantic match.
ETAG-04306,EVT-0239,TAG-0139,SEMANTIC_RULE,HIGH,Direct title/context/manual semantic match.
ETAG-04307,EVT-0239,TAG-0148,CURATED_CONTEXT,HIGH,Curated historical-context membership.
ETAG-04308,EVT-0239,TAG-0154,GEOGRAPHY_RULE,HIGH,Direct place/entity/manual geography match.
ETAG-04309,EVT-0239,TAG-0153,GEOGRAPHY_RULE,HIGH,Direct place/entity/manual geography match.
ETAG-04310,EVT-0240,TAG-0114,SEMANTIC_RULE,HIGH,Direct title/context/manual semantic match.
ETAG-04311,EVT-0240,TAG-0148,CURATED_CONTEXT,HIGH,Curated historical-context membership.
ETAG-04312,EVT-0240,TAG-0180,GEOGRAPHY_RULE,HIGH,Direct place/entity/manual geography match.
ETAG-04313,EVT-0240,TAG-0154,GEOGRAPHY_RULE,HIGH,Direct place/entity/manual geography match.
ETAG-04314,EVT-0240,TAG-0155,GEOGRAPHY_RULE,HIGH,Direct place/entity/manual geography match.
ETAG-04315,EVT-0240,TAG-0171,GEOGRAPHY_RULE,HIGH,Direct place/entity/manual geography match.
ETAG-04316,EVT-0240,TAG-0169,GEOGRAPHY_RULE,HIGH,Direct place/entity/manual geography match.
ETAG-04317,EVT-0240,TAG-0153,CURRICULUM_THEME_INFERENCE,MEDIUM,Broad geography inferred from curriculum theme/context.
ETAG-04318,EVT-0241,TAG-0107,SEMANTIC_RULE,HIGH,Direct title/context/manual semantic match.
ETAG-04319,EVT-0241,TAG-0121,SEMANTIC_RULE,HIGH,Direct title/context/manual semantic match.
ETAG-04320,EVT-0241,TAG-0147,SEMANTIC_RULE,HIGH,Direct title/context/manual semantic match.
ETAG-04321,EVT-0241,TAG-0111,SEMANTIC_RULE,HIGH,Direct title/context/manual semantic match.
ETAG-04322,EVT-0241,TAG-0106,CURRICULUM_THEME_INFERENCE,MEDIUM,Inferred from curriculum theme; suitable for broad filtering.
ETAG-04323,EVT-0241,TAG-0185,GEOGRAPHY_RULE,HIGH,Direct place/entity/manual geography match.
ETAG-04324,EVT-0241,TAG-0186,GEOGRAPHY_RULE,HIGH,Direct place/entity/manual geography match.
ETAG-04325,EVT-0241,TAG-0165,GEOGRAPHY_RULE,HIGH,Direct place/entity/manual geography match.
ETAG-04326,EVT-0241,TAG-0154,CURRICULUM_THEME_INFERENCE,MEDIUM,Broad geography inferred from curriculum theme/context.
ETAG-04327,EVT-0243,TAG-0107,SEMANTIC_RULE,HIGH,Direct title/context/manual semantic match.
ETAG-04328,EVT-0243,TAG-0121,SEMANTIC_RULE,HIGH,Direct title/context/manual semantic match.
ETAG-04329,EVT-0243,TAG-0147,SEMANTIC_RULE,HIGH,Direct title/context/manual semantic match.
ETAG-04330,EVT-0243,TAG-0111,SEMANTIC_RULE,HIGH,Direct title/context/manual semantic match.
ETAG-04331,EVT-0243,TAG-0106,CURRICULUM_THEME_INFERENCE,MEDIUM,Inferred from curriculum theme; suitable for broad filtering.
ETAG-04332,EVT-0243,TAG-0185,GEOGRAPHY_RULE,HIGH,Direct place/entity/manual geography match.
ETAG-04333,EVT-0243,TAG-0186,GEOGRAPHY_RULE,HIGH,Direct place/entity/manual geography match.
ETAG-04334,EVT-0243,TAG-0165,GEOGRAPHY_RULE,HIGH,Direct place/entity/manual geography match.
ETAG-04335,EVT-0243,TAG-0154,CURRICULUM_THEME_INFERENCE,MEDIUM,Broad geography inferred from curriculum theme/context.
ETAG-04336,EVT-0244,TAG-0107,SEMANTIC_RULE,HIGH,Direct title/context/manual semantic match.
ETAG-04337,EVT-0244,TAG-0137,SEMANTIC_RULE,HIGH,Direct title/context/manual semantic match.
ETAG-04338,EVT-0244,TAG-0147,SEMANTIC_RULE,HIGH,Direct title/context/manual semantic match.
ETAG-04339,EVT-0244,TAG-0111,SEMANTIC_RULE,HIGH,Direct title/context/manual semantic match.
ETAG-04340,EVT-0244,TAG-0106,CURRICULUM_THEME_INFERENCE,MEDIUM,Inferred from curriculum theme; suitable for broad filtering.
ETAG-04341,EVT-0244,TAG-0149,CURATED_CONTEXT,HIGH,Curated historical-context membership.
ETAG-04342,EVT-0244,TAG-0154,CURRICULUM_THEME_INFERENCE,MEDIUM,Broad geography inferred from curriculum theme/context.
ETAG-04343,EVT-0244,TAG-0153,CURRICULUM_THEME_INFERENCE,MEDIUM,Broad geography inferred from curriculum theme/context.
ETAG-04344,EVT-0246,TAG-0107,SEMANTIC_RULE,HIGH,Direct title/context/manual semantic match.
ETAG-04345,EVT-0246,TAG-0114,SEMANTIC_RULE,HIGH,Direct title/context/manual semantic match.
ETAG-04346,EVT-0246,TAG-0147,SEMANTIC_RULE,HIGH,Direct title/context/manual semantic match.
ETAG-04347,EVT-0246,TAG-0111,SEMANTIC_RULE,HIGH,Direct title/context/manual semantic match.
ETAG-04348,EVT-0246,TAG-0106,CURRICULUM_THEME_INFERENCE,MEDIUM,Inferred from curriculum theme; suitable for broad filtering.
ETAG-04349,EVT-0246,TAG-0149,CURATED_CONTEXT,HIGH,Curated historical-context membership.
ETAG-04350,EVT-0246,TAG-0154,GEOGRAPHY_RULE,HIGH,Direct place/entity/manual geography match.
ETAG-04351,EVT-0246,TAG-0157,GEOGRAPHY_RULE,HIGH,Direct place/entity/manual geography match.
ETAG-04352,EVT-0246,TAG-0153,CURRICULUM_THEME_INFERENCE,MEDIUM,Broad geography inferred from curriculum theme/context.
ETAG-04353,EVT-0248,TAG-0107,SEMANTIC_RULE,HIGH,Direct title/context/manual semantic match.
ETAG-04354,EVT-0248,TAG-0114,SEMANTIC_RULE,HIGH,Direct title/context/manual semantic match.
ETAG-04355,EVT-0248,TAG-0147,SEMANTIC_RULE,HIGH,Direct title/context/manual semantic match.
ETAG-04356,EVT-0248,TAG-0111,SEMANTIC_RULE,HIGH,Direct title/context/manual semantic match.
ETAG-04357,EVT-0248,TAG-0106,CURRICULUM_THEME_INFERENCE,MEDIUM,Inferred from curriculum theme; suitable for broad filtering.
ETAG-04358,EVT-0248,TAG-0149,CURATED_CONTEXT,HIGH,Curated historical-context membership.
ETAG-04359,EVT-0248,TAG-0154,CURRICULUM_THEME_INFERENCE,MEDIUM,Broad geography inferred from curriculum theme/context.
ETAG-04360,EVT-0248,TAG-0153,CURRICULUM_THEME_INFERENCE,MEDIUM,Broad geography inferred from curriculum theme/context.
ETAG-04361,EVT-0249,TAG-0107,SEMANTIC_RULE,HIGH,Direct title/context/manual semantic match.
ETAG-04362,EVT-0249,TAG-0144,SEMANTIC_RULE,HIGH,Direct title/context/manual semantic match.
ETAG-04363,EVT-0249,TAG-0108,SEMANTIC_RULE,HIGH,Direct title/context/manual semantic match.
ETAG-04364,EVT-0249,TAG-0147,SEMANTIC_RULE,HIGH,Direct title/context/manual semantic match.
ETAG-04365,EVT-0249,TAG-0111,SEMANTIC_RULE,HIGH,Direct title/context/manual semantic match.
ETAG-04366,EVT-0249,TAG-0106,CURRICULUM_THEME_INFERENCE,MEDIUM,Inferred from curriculum theme; suitable for broad filtering.
ETAG-04367,EVT-0249,TAG-0149,CURATED_CONTEXT,HIGH,Curated historical-context membership.
ETAG-04368,EVT-0249,TAG-0154,GEOGRAPHY_RULE,HIGH,Direct place/entity/manual geography match.
ETAG-04369,EVT-0249,TAG-0157,GEOGRAPHY_RULE,HIGH,Direct place/entity/manual geography match.
ETAG-04370,EVT-0249,TAG-0158,GEOGRAPHY_RULE,HIGH,Direct place/entity/manual geography match.
ETAG-04371,EVT-0249,TAG-0153,CURRICULUM_THEME_INFERENCE,MEDIUM,Broad geography inferred from curriculum theme/context.
ETAG-04372,EVT-0250,TAG-0117,SEMANTIC_RULE,HIGH,Direct title/context/manual semantic match.
ETAG-04373,EVT-0250,TAG-0114,SEMANTIC_RULE,HIGH,Direct title/context/manual semantic match.
ETAG-04374,EVT-0250,TAG-0111,SEMANTIC_RULE,HIGH,Direct title/context/manual semantic match.
ETAG-04375,EVT-0250,TAG-0142,CURRICULUM_THEME_INFERENCE,MEDIUM,Inferred from curriculum theme; suitable for broad filtering.
ETAG-04376,EVT-0250,TAG-0135,CURRICULUM_THEME_INFERENCE,MEDIUM,Inferred from curriculum theme; suitable for broad filtering.
ETAG-04377,EVT-0250,TAG-0180,GEOGRAPHY_RULE,HIGH,Direct place/entity/manual geography match.
ETAG-04378,EVT-0250,TAG-0183,GEOGRAPHY_RULE,HIGH,Direct place/entity/manual geography match.
ETAG-04379,EVT-0250,TAG-0153,CURRICULUM_THEME_INFERENCE,MEDIUM,Broad geography inferred from curriculum theme/context.
ETAG-04380,EVT-0251,TAG-0112,SEMANTIC_RULE,HIGH,Direct title/context/manual semantic match.
ETAG-04381,EVT-0251,TAG-0117,SEMANTIC_RULE,HIGH,Direct title/context/manual semantic match.
ETAG-04382,EVT-0251,TAG-0114,SEMANTIC_RULE,HIGH,Direct title/context/manual semantic match.
ETAG-04383,EVT-0251,TAG-0111,SEMANTIC_RULE,HIGH,Direct title/context/manual semantic match.
ETAG-04384,EVT-0251,TAG-0142,CURRICULUM_THEME_INFERENCE,MEDIUM,Inferred from curriculum theme; suitable for broad filtering.
ETAG-04385,EVT-0251,TAG-0135,CURRICULUM_THEME_INFERENCE,MEDIUM,Inferred from curriculum theme; suitable for broad filtering.
ETAG-04386,EVT-0251,TAG-0180,GEOGRAPHY_RULE,HIGH,Direct place/entity/manual geography match.
ETAG-04387,EVT-0251,TAG-0183,GEOGRAPHY_RULE,HIGH,Direct place/entity/manual geography match.
ETAG-04388,EVT-0251,TAG-0153,CURRICULUM_THEME_INFERENCE,MEDIUM,Broad geography inferred from curriculum theme/context.
ETAG-04389,EVT-0252,TAG-0117,SEMANTIC_RULE,HIGH,Direct title/context/manual semantic match.
ETAG-04390,EVT-0252,TAG-0114,SEMANTIC_RULE,HIGH,Direct title/context/manual semantic match.
ETAG-04391,EVT-0252,TAG-0111,SEMANTIC_RULE,HIGH,Direct title/context/manual semantic match.
ETAG-04392,EVT-0252,TAG-0142,CURRICULUM_THEME_INFERENCE,MEDIUM,Inferred from curriculum theme; suitable for broad filtering.
ETAG-04393,EVT-0252,TAG-0135,CURRICULUM_THEME_INFERENCE,MEDIUM,Inferred from curriculum theme; suitable for broad filtering.
ETAG-04394,EVT-0252,TAG-0180,GEOGRAPHY_RULE,HIGH,Direct place/entity/manual geography match.
ETAG-04395,EVT-0252,TAG-0183,GEOGRAPHY_RULE,HIGH,Direct place/entity/manual geography match.
ETAG-04396,EVT-0252,TAG-0153,CURRICULUM_THEME_INFERENCE,MEDIUM,Broad geography inferred from curriculum theme/context.
ETAG-04397,EVT-0253,TAG-0117,SEMANTIC_RULE,HIGH,Direct title/context/manual semantic match.
ETAG-04398,EVT-0253,TAG-0114,SEMANTIC_RULE,HIGH,Direct title/context/manual semantic match.
ETAG-04399,EVT-0253,TAG-0111,SEMANTIC_RULE,HIGH,Direct title/context/manual semantic match.
ETAG-04400,EVT-0253,TAG-0142,CURRICULUM_THEME_INFERENCE,MEDIUM,Inferred from curriculum theme; suitable for broad filtering.
ETAG-04401,EVT-0253,TAG-0135,CURRICULUM_THEME_INFERENCE,MEDIUM,Inferred from curriculum theme; suitable for broad filtering.
ETAG-04402,EVT-0253,TAG-0180,GEOGRAPHY_RULE,HIGH,Direct place/entity/manual geography match.
ETAG-04403,EVT-0253,TAG-0183,GEOGRAPHY_RULE,HIGH,Direct place/entity/manual geography match.
ETAG-04404,EVT-0253,TAG-0153,CURRICULUM_THEME_INFERENCE,MEDIUM,Broad geography inferred from curriculum theme/context.
ETAG-04405,EVT-0254,TAG-0117,SEMANTIC_RULE,HIGH,Direct title/context/manual semantic match.
ETAG-04406,EVT-0254,TAG-0114,SEMANTIC_RULE,HIGH,Direct title/context/manual semantic match.
ETAG-04407,EVT-0254,TAG-0111,SEMANTIC_RULE,HIGH,Direct title/context/manual semantic match.
ETAG-04408,EVT-0254,TAG-0142,CURRICULUM_THEME_INFERENCE,MEDIUM,Inferred from curriculum theme; suitable for broad filtering.
ETAG-04409,EVT-0254,TAG-0135,CURRICULUM_THEME_INFERENCE,MEDIUM,Inferred from curriculum theme; suitable for broad filtering.
ETAG-04410,EVT-0254,TAG-0180,GEOGRAPHY_RULE,HIGH,Direct place/entity/manual geography match.
ETAG-04411,EVT-0254,TAG-0183,GEOGRAPHY_RULE,HIGH,Direct place/entity/manual geography match.
ETAG-04412,EVT-0254,TAG-0153,CURRICULUM_THEME_INFERENCE,MEDIUM,Broad geography inferred from curriculum theme/context.
ETAG-04413,EVT-0255,TAG-0117,SEMANTIC_RULE,HIGH,Direct title/context/manual semantic match.
ETAG-04414,EVT-0255,TAG-0114,SEMANTIC_RULE,HIGH,Direct title/context/manual semantic match.
ETAG-04415,EVT-0255,TAG-0111,SEMANTIC_RULE,HIGH,Direct title/context/manual semantic match.
ETAG-04416,EVT-0255,TAG-0142,CURRICULUM_THEME_INFERENCE,MEDIUM,Inferred from curriculum theme; suitable for broad filtering.
ETAG-04417,EVT-0255,TAG-0135,CURRICULUM_THEME_INFERENCE,MEDIUM,Inferred from curriculum theme; suitable for broad filtering.
ETAG-04418,EVT-0255,TAG-0180,GEOGRAPHY_RULE,HIGH,Direct place/entity/manual geography match.
ETAG-04419,EVT-0255,TAG-0183,GEOGRAPHY_RULE,HIGH,Direct place/entity/manual geography match.
ETAG-04420,EVT-0255,TAG-0153,CURRICULUM_THEME_INFERENCE,MEDIUM,Broad geography inferred from curriculum theme/context.
ETAG-04421,EVT-0256,TAG-0129,SEMANTIC_RULE,HIGH,Direct title/context/manual semantic match.
ETAG-04422,EVT-0256,TAG-0114,CURRICULUM_THEME_INFERENCE,MEDIUM,Inferred from curriculum theme; suitable for broad filtering.
ETAG-04423,EVT-0256,TAG-0142,CURRICULUM_THEME_INFERENCE,MEDIUM,Inferred from curriculum theme; suitable for broad filtering.
ETAG-04424,EVT-0256,TAG-0135,CURRICULUM_THEME_INFERENCE,MEDIUM,Inferred from curriculum theme; suitable for broad filtering.
ETAG-04425,EVT-0256,TAG-0154,GEOGRAPHY_RULE,HIGH,Direct place/entity/manual geography match.
ETAG-04426,EVT-0256,TAG-0157,GEOGRAPHY_RULE,HIGH,Direct place/entity/manual geography match.
ETAG-04427,EVT-0256,TAG-0153,CURRICULUM_THEME_INFERENCE,MEDIUM,Broad geography inferred from curriculum theme/context.
ETAG-04428,EVT-0257,TAG-0129,SEMANTIC_RULE,HIGH,Direct title/context/manual semantic match.
ETAG-04429,EVT-0257,TAG-0114,CURRICULUM_THEME_INFERENCE,MEDIUM,Inferred from curriculum theme; suitable for broad filtering.
ETAG-04430,EVT-0257,TAG-0142,CURRICULUM_THEME_INFERENCE,MEDIUM,Inferred from curriculum theme; suitable for broad filtering.
ETAG-04431,EVT-0257,TAG-0135,CURRICULUM_THEME_INFERENCE,MEDIUM,Inferred from curriculum theme; suitable for broad filtering.
ETAG-04432,EVT-0257,TAG-0154,GEOGRAPHY_RULE,HIGH,Direct place/entity/manual geography match.
ETAG-04433,EVT-0257,TAG-0157,GEOGRAPHY_RULE,HIGH,Direct place/entity/manual geography match.
ETAG-04434,EVT-0257,TAG-0153,CURRICULUM_THEME_INFERENCE,MEDIUM,Broad geography inferred from curriculum theme/context.
ETAG-04435,EVT-0258,TAG-0129,SEMANTIC_RULE,HIGH,Direct title/context/manual semantic match.
ETAG-04436,EVT-0258,TAG-0114,CURRICULUM_THEME_INFERENCE,MEDIUM,Inferred from curriculum theme; suitable for broad filtering.
ETAG-04437,EVT-0258,TAG-0142,CURRICULUM_THEME_INFERENCE,MEDIUM,Inferred from curriculum theme; suitable for broad filtering.
ETAG-04438,EVT-0258,TAG-0135,CURRICULUM_THEME_INFERENCE,MEDIUM,Inferred from curriculum theme; suitable for broad filtering.
ETAG-04439,EVT-0258,TAG-0154,GEOGRAPHY_RULE,HIGH,Direct place/entity/manual geography match.
ETAG-04440,EVT-0258,TAG-0157,GEOGRAPHY_RULE,HIGH,Direct place/entity/manual geography match.
ETAG-04441,EVT-0258,TAG-0153,CURRICULUM_THEME_INFERENCE,MEDIUM,Broad geography inferred from curriculum theme/context.
ETAG-04442,EVT-0259,TAG-0129,SEMANTIC_RULE,HIGH,Direct title/context/manual semantic match.
ETAG-04443,EVT-0259,TAG-0114,CURRICULUM_THEME_INFERENCE,MEDIUM,Inferred from curriculum theme; suitable for broad filtering.
ETAG-04444,EVT-0259,TAG-0142,CURRICULUM_THEME_INFERENCE,MEDIUM,Inferred from curriculum theme; suitable for broad filtering.
ETAG-04445,EVT-0259,TAG-0135,CURRICULUM_THEME_INFERENCE,MEDIUM,Inferred from curriculum theme; suitable for broad filtering.
ETAG-04446,EVT-0259,TAG-0154,GEOGRAPHY_RULE,HIGH,Direct place/entity/manual geography match.
ETAG-04447,EVT-0259,TAG-0157,GEOGRAPHY_RULE,HIGH,Direct place/entity/manual geography match.
ETAG-04448,EVT-0259,TAG-0153,CURRICULUM_THEME_INFERENCE,MEDIUM,Broad geography inferred from curriculum theme/context.
ETAG-04449,EVT-0260,TAG-0121,SEMANTIC_RULE,HIGH,Direct title/context/manual semantic match.
ETAG-04450,EVT-0260,TAG-0129,SEMANTIC_RULE,HIGH,Direct title/context/manual semantic match.
ETAG-04451,EVT-0260,TAG-0114,CURRICULUM_THEME_INFERENCE,MEDIUM,Inferred from curriculum theme; suitable for broad filtering.
ETAG-04452,EVT-0260,TAG-0142,CURRICULUM_THEME_INFERENCE,MEDIUM,Inferred from curriculum theme; suitable for broad filtering.
ETAG-04453,EVT-0260,TAG-0135,CURRICULUM_THEME_INFERENCE,MEDIUM,Inferred from curriculum theme; suitable for broad filtering.
ETAG-04454,EVT-0260,TAG-0154,GEOGRAPHY_RULE,HIGH,Direct place/entity/manual geography match.
ETAG-04455,EVT-0260,TAG-0157,GEOGRAPHY_RULE,HIGH,Direct place/entity/manual geography match.
ETAG-04456,EVT-0260,TAG-0153,CURRICULUM_THEME_INFERENCE,MEDIUM,Broad geography inferred from curriculum theme/context.
ETAG-04457,EVT-0261,TAG-0136,SEMANTIC_RULE,HIGH,Direct title/context/manual semantic match.
ETAG-04458,EVT-0261,TAG-0129,SEMANTIC_RULE,HIGH,Direct title/context/manual semantic match.
ETAG-04459,EVT-0261,TAG-0114,CURRICULUM_THEME_INFERENCE,MEDIUM,Inferred from curriculum theme; suitable for broad filtering.
ETAG-04460,EVT-0261,TAG-0142,CURRICULUM_THEME_INFERENCE,MEDIUM,Inferred from curriculum theme; suitable for broad filtering.
ETAG-04461,EVT-0261,TAG-0135,CURRICULUM_THEME_INFERENCE,MEDIUM,Inferred from curriculum theme; suitable for broad filtering.
ETAG-04462,EVT-0261,TAG-0154,GEOGRAPHY_RULE,HIGH,Direct place/entity/manual geography match.
ETAG-04463,EVT-0261,TAG-0157,GEOGRAPHY_RULE,HIGH,Direct place/entity/manual geography match.
ETAG-04464,EVT-0261,TAG-0153,CURRICULUM_THEME_INFERENCE,MEDIUM,Broad geography inferred from curriculum theme/context.
ETAG-04465,EVT-0262,TAG-0107,SEMANTIC_RULE,HIGH,Direct title/context/manual semantic match.
ETAG-04466,EVT-0262,TAG-0106,SEMANTIC_RULE,HIGH,Direct title/context/manual semantic match.
ETAG-04467,EVT-0262,TAG-0110,SEMANTIC_RULE,HIGH,Direct title/context/manual semantic match.
ETAG-04468,EVT-0262,TAG-0153,CURRICULUM_THEME_INFERENCE,MEDIUM,Broad geography inferred from curriculum theme/context.
ETAG-04469,EVT-0263,TAG-0107,SEMANTIC_RULE,HIGH,Direct title/context/manual semantic match.
ETAG-04470,EVT-0263,TAG-0106,SEMANTIC_RULE,HIGH,Direct title/context/manual semantic match.
ETAG-04471,EVT-0263,TAG-0153,CURRICULUM_THEME_INFERENCE,MEDIUM,Broad geography inferred from curriculum theme/context.
ETAG-04472,EVT-0264,TAG-0107,SEMANTIC_RULE,HIGH,Direct title/context/manual semantic match.
ETAG-04473,EVT-0264,TAG-0106,SEMANTIC_RULE,HIGH,Direct title/context/manual semantic match.
ETAG-04474,EVT-0264,TAG-0153,CURRICULUM_THEME_INFERENCE,MEDIUM,Broad geography inferred from curriculum theme/context.
ETAG-04475,EVT-0265,TAG-0107,SEMANTIC_RULE,HIGH,Direct title/context/manual semantic match.
ETAG-04476,EVT-0265,TAG-0106,SEMANTIC_RULE,HIGH,Direct title/context/manual semantic match.
ETAG-04477,EVT-0265,TAG-0108,SEMANTIC_RULE,HIGH,Direct title/context/manual semantic match.
ETAG-04478,EVT-0265,TAG-0185,GEOGRAPHY_RULE,HIGH,Direct place/entity/manual geography match.
ETAG-04479,EVT-0265,TAG-0188,GEOGRAPHY_RULE,HIGH,Direct place/entity/manual geography match.
ETAG-04480,EVT-0265,TAG-0187,GEOGRAPHY_RULE,HIGH,Direct place/entity/manual geography match.
ETAG-04481,EVT-0265,TAG-0153,CURRICULUM_THEME_INFERENCE,MEDIUM,Broad geography inferred from curriculum theme/context.
ETAG-04482,EVT-0266,TAG-0107,SEMANTIC_RULE,HIGH,Direct title/context/manual semantic match.
ETAG-04483,EVT-0266,TAG-0106,SEMANTIC_RULE,HIGH,Direct title/context/manual semantic match.
ETAG-04484,EVT-0266,TAG-0113,SEMANTIC_RULE,HIGH,Direct title/context/manual semantic match.
ETAG-04485,EVT-0266,TAG-0154,GEOGRAPHY_RULE,HIGH,Direct place/entity/manual geography match.
ETAG-04486,EVT-0266,TAG-0163,GEOGRAPHY_RULE,HIGH,Direct place/entity/manual geography match.
ETAG-04487,EVT-0266,TAG-0162,GEOGRAPHY_RULE,HIGH,Direct place/entity/manual geography match.
ETAG-04488,EVT-0266,TAG-0153,CURRICULUM_THEME_INFERENCE,MEDIUM,Broad geography inferred from curriculum theme/context.
ETAG-04489,EVT-0267,TAG-0107,SEMANTIC_RULE,HIGH,Direct title/context/manual semantic match.
ETAG-04490,EVT-0267,TAG-0109,SEMANTIC_RULE,HIGH,Direct title/context/manual semantic match.
ETAG-04491,EVT-0267,TAG-0106,SEMANTIC_RULE,HIGH,Direct title/context/manual semantic match.
ETAG-04492,EVT-0267,TAG-0108,SEMANTIC_RULE,HIGH,Direct title/context/manual semantic match.
ETAG-04493,EVT-0267,TAG-0154,GEOGRAPHY_RULE,HIGH,Direct place/entity/manual geography match.
ETAG-04494,EVT-0267,TAG-0163,GEOGRAPHY_RULE,HIGH,Direct place/entity/manual geography match.
ETAG-04495,EVT-0267,TAG-0162,GEOGRAPHY_RULE,HIGH,Direct place/entity/manual geography match.
ETAG-04496,EVT-0267,TAG-0153,CURRICULUM_THEME_INFERENCE,MEDIUM,Broad geography inferred from curriculum theme/context.
ETAG-04497,EVT-0268,TAG-0107,SEMANTIC_RULE,HIGH,Direct title/context/manual semantic match.
ETAG-04498,EVT-0268,TAG-0106,SEMANTIC_RULE,HIGH,Direct title/context/manual semantic match.
ETAG-04499,EVT-0268,TAG-0108,SEMANTIC_RULE,HIGH,Direct title/context/manual semantic match.
ETAG-04500,EVT-0268,TAG-0154,GEOGRAPHY_RULE,HIGH,Direct place/entity/manual geography match.
ETAG-04501,EVT-0268,TAG-0163,GEOGRAPHY_RULE,HIGH,Direct place/entity/manual geography match.
ETAG-04502,EVT-0268,TAG-0162,GEOGRAPHY_RULE,HIGH,Direct place/entity/manual geography match.
ETAG-04503,EVT-0268,TAG-0153,CURRICULUM_THEME_INFERENCE,MEDIUM,Broad geography inferred from curriculum theme/context.
ETAG-04504,EVT-0269,TAG-0107,SEMANTIC_RULE,HIGH,Direct title/context/manual semantic match.
ETAG-04505,EVT-0269,TAG-0109,SEMANTIC_RULE,HIGH,Direct title/context/manual semantic match.
ETAG-04506,EVT-0269,TAG-0106,SEMANTIC_RULE,HIGH,Direct title/context/manual semantic match.
ETAG-04507,EVT-0269,TAG-0108,SEMANTIC_RULE,HIGH,Direct title/context/manual semantic match.
ETAG-04508,EVT-0269,TAG-0154,GEOGRAPHY_RULE,HIGH,Direct place/entity/manual geography match.
ETAG-04509,EVT-0269,TAG-0163,GEOGRAPHY_RULE,HIGH,Direct place/entity/manual geography match.
ETAG-04510,EVT-0269,TAG-0162,GEOGRAPHY_RULE,HIGH,Direct place/entity/manual geography match.
ETAG-04511,EVT-0269,TAG-0153,CURRICULUM_THEME_INFERENCE,MEDIUM,Broad geography inferred from curriculum theme/context.
ETAG-04512,EVT-0270,TAG-0107,SEMANTIC_RULE,HIGH,Direct title/context/manual semantic match.
ETAG-04513,EVT-0270,TAG-0109,SEMANTIC_RULE,HIGH,Direct title/context/manual semantic match.
ETAG-04514,EVT-0270,TAG-0106,SEMANTIC_RULE,HIGH,Direct title/context/manual semantic match.
ETAG-04515,EVT-0270,TAG-0108,SEMANTIC_RULE,HIGH,Direct title/context/manual semantic match.
ETAG-04516,EVT-0270,TAG-0154,GEOGRAPHY_RULE,HIGH,Direct place/entity/manual geography match.
ETAG-04517,EVT-0270,TAG-0163,GEOGRAPHY_RULE,HIGH,Direct place/entity/manual geography match.
ETAG-04518,EVT-0270,TAG-0162,GEOGRAPHY_RULE,HIGH,Direct place/entity/manual geography match.
ETAG-04519,EVT-0270,TAG-0153,CURRICULUM_THEME_INFERENCE,MEDIUM,Broad geography inferred from curriculum theme/context.
ETAG-04520,EVT-0271,TAG-0107,SEMANTIC_RULE,HIGH,Direct title/context/manual semantic match.
ETAG-04521,EVT-0271,TAG-0114,SEMANTIC_RULE,HIGH,Direct title/context/manual semantic match.
ETAG-04522,EVT-0271,TAG-0136,SEMANTIC_RULE,HIGH,Direct title/context/manual semantic match.
ETAG-04523,EVT-0271,TAG-0106,SEMANTIC_RULE,HIGH,Direct title/context/manual semantic match.
ETAG-04524,EVT-0271,TAG-0110,SEMANTIC_RULE,HIGH,Direct title/context/manual semantic match.
ETAG-04525,EVT-0271,TAG-0111,CURRICULUM_THEME_INFERENCE,MEDIUM,Inferred from curriculum theme; suitable for broad filtering.
ETAG-04526,EVT-0271,TAG-0154,V14_FINAL_SEMANTIC_AUDIT,HIGH,Promoted to HIGH in final school-corpus semantic audit.
ETAG-04527,EVT-0271,TAG-0157,CURRICULUM_THEME_INFERENCE,MEDIUM,Broad geography inferred from curriculum theme/context.
ETAG-04528,EVT-0271,TAG-0153,CURRICULUM_THEME_INFERENCE,MEDIUM,Broad geography inferred from curriculum theme/context.
ETAG-04529,EVT-0272,TAG-0107,SEMANTIC_RULE,HIGH,Direct title/context/manual semantic match.
ETAG-04530,EVT-0272,TAG-0114,SEMANTIC_RULE,HIGH,Direct title/context/manual semantic match.
ETAG-04531,EVT-0272,TAG-0136,SEMANTIC_RULE,HIGH,Direct title/context/manual semantic match.
ETAG-04532,EVT-0272,TAG-0106,SEMANTIC_RULE,HIGH,Direct title/context/manual semantic match.
ETAG-04533,EVT-0272,TAG-0110,SEMANTIC_RULE,HIGH,Direct title/context/manual semantic match.
ETAG-04534,EVT-0272,TAG-0153,CURRICULUM_THEME_INFERENCE,MEDIUM,Broad geography inferred from curriculum theme/context.
ETAG-04535,EVT-0273,TAG-0143,SEMANTIC_RULE,HIGH,Direct title/context/manual semantic match.
ETAG-04536,EVT-0273,TAG-0116,SEMANTIC_RULE,HIGH,Direct title/context/manual semantic match.
ETAG-04537,EVT-0273,TAG-0114,SEMANTIC_RULE,HIGH,Direct title/context/manual semantic match.
ETAG-04538,EVT-0273,TAG-0142,SEMANTIC_RULE,HIGH,Direct title/context/manual semantic match.
ETAG-04539,EVT-0273,TAG-0106,SEMANTIC_RULE,HIGH,Direct title/context/manual semantic match.
ETAG-04540,EVT-0273,TAG-0154,GEOGRAPHY_RULE,HIGH,Direct place/entity/manual geography match.
ETAG-04541,EVT-0273,TAG-0159,GEOGRAPHY_RULE,HIGH,Direct place/entity/manual geography match.
ETAG-04542,EVT-0273,TAG-0153,CURRICULUM_THEME_INFERENCE,MEDIUM,Broad geography inferred from curriculum theme/context.
ETAG-04543,EVT-0274,TAG-0143,SEMANTIC_RULE,HIGH,Direct title/context/manual semantic match.
ETAG-04544,EVT-0274,TAG-0116,SEMANTIC_RULE,HIGH,Direct title/context/manual semantic match.
ETAG-04545,EVT-0274,TAG-0114,SEMANTIC_RULE,HIGH,Direct title/context/manual semantic match.
ETAG-04546,EVT-0274,TAG-0142,SEMANTIC_RULE,HIGH,Direct title/context/manual semantic match.
ETAG-04547,EVT-0274,TAG-0106,SEMANTIC_RULE,HIGH,Direct title/context/manual semantic match.
ETAG-04548,EVT-0274,TAG-0154,GEOGRAPHY_RULE,HIGH,Direct place/entity/manual geography match.
ETAG-04549,EVT-0274,TAG-0159,GEOGRAPHY_RULE,HIGH,Direct place/entity/manual geography match.
ETAG-04550,EVT-0274,TAG-0153,CURRICULUM_THEME_INFERENCE,MEDIUM,Broad geography inferred from curriculum theme/context.
ETAG-04551,EVT-0275,TAG-0143,SEMANTIC_RULE,HIGH,Direct title/context/manual semantic match.
ETAG-04552,EVT-0275,TAG-0142,SEMANTIC_RULE,HIGH,Direct title/context/manual semantic match.
ETAG-04553,EVT-0275,TAG-0106,SEMANTIC_RULE,HIGH,Direct title/context/manual semantic match.
ETAG-04554,EVT-0275,TAG-0111,SEMANTIC_RULE,HIGH,Direct title/context/manual semantic match.
ETAG-04555,EVT-0275,TAG-0114,CURRICULUM_THEME_INFERENCE,MEDIUM,Inferred from curriculum theme; suitable for broad filtering.
ETAG-04556,EVT-0275,TAG-0150,CURATED_CONTEXT,HIGH,Curated historical-context membership.
ETAG-04557,EVT-0275,TAG-0180,GEOGRAPHY_RULE,HIGH,Direct place/entity/manual geography match.
ETAG-04558,EVT-0275,TAG-0181,GEOGRAPHY_RULE,HIGH,Direct place/entity/manual geography match.
ETAG-04559,EVT-0275,TAG-0184,GEOGRAPHY_RULE,HIGH,Direct place/entity/manual geography match.
ETAG-04560,EVT-0275,TAG-0153,CURRICULUM_THEME_INFERENCE,MEDIUM,Broad geography inferred from curriculum theme/context.
ETAG-04561,EVT-0276,TAG-0143,SEMANTIC_RULE,HIGH,Direct title/context/manual semantic match.
ETAG-04562,EVT-0276,TAG-0114,SEMANTIC_RULE,HIGH,Direct title/context/manual semantic match.
ETAG-04563,EVT-0276,TAG-0142,SEMANTIC_RULE,HIGH,Direct title/context/manual semantic match.
ETAG-04564,EVT-0276,TAG-0106,SEMANTIC_RULE,HIGH,Direct title/context/manual semantic match.
ETAG-04565,EVT-0276,TAG-0111,SEMANTIC_RULE,HIGH,Direct title/context/manual semantic match.
ETAG-04566,EVT-0276,TAG-0150,CURATED_CONTEXT,HIGH,Curated historical-context membership.
ETAG-04567,EVT-0276,TAG-0180,GEOGRAPHY_RULE,HIGH,Direct place/entity/manual geography match.
ETAG-04568,EVT-0276,TAG-0181,GEOGRAPHY_RULE,HIGH,Direct place/entity/manual geography match.
ETAG-04569,EVT-0276,TAG-0184,GEOGRAPHY_RULE,HIGH,Direct place/entity/manual geography match.
ETAG-04570,EVT-0276,TAG-0153,CURRICULUM_THEME_INFERENCE,MEDIUM,Broad geography inferred from curriculum theme/context.
ETAG-04571,EVT-0277,TAG-0143,SEMANTIC_RULE,HIGH,Direct title/context/manual semantic match.
ETAG-04572,EVT-0277,TAG-0114,SEMANTIC_RULE,HIGH,Direct title/context/manual semantic match.
ETAG-04573,EVT-0277,TAG-0142,SEMANTIC_RULE,HIGH,Direct title/context/manual semantic match.
ETAG-04574,EVT-0277,TAG-0106,SEMANTIC_RULE,HIGH,Direct title/context/manual semantic match.
ETAG-04575,EVT-0277,TAG-0150,CURATED_CONTEXT,HIGH,Curated historical-context membership.
ETAG-04576,EVT-0277,TAG-0153,CURRICULUM_THEME_INFERENCE,MEDIUM,Broad geography inferred from curriculum theme/context.
ETAG-04577,EVT-0278,TAG-0143,SEMANTIC_RULE,HIGH,Direct title/context/manual semantic match.
ETAG-04578,EVT-0278,TAG-0114,SEMANTIC_RULE,HIGH,Direct title/context/manual semantic match.
ETAG-04579,EVT-0278,TAG-0142,SEMANTIC_RULE,HIGH,Direct title/context/manual semantic match.
ETAG-04580,EVT-0278,TAG-0135,SEMANTIC_RULE,HIGH,Direct title/context/manual semantic match.
ETAG-04581,EVT-0278,TAG-0106,SEMANTIC_RULE,HIGH,Direct title/context/manual semantic match.
ETAG-04582,EVT-0278,TAG-0110,SEMANTIC_RULE,HIGH,Direct title/context/manual semantic match.
ETAG-04583,EVT-0278,TAG-0129,CURRICULUM_THEME_INFERENCE,MEDIUM,Inferred from curriculum theme; suitable for broad filtering.
ETAG-04584,EVT-0278,TAG-0153,V14_FINAL_SEMANTIC_AUDIT,HIGH,Promoted to HIGH in final school-corpus semantic audit.
ETAG-04585,EVT-0279,TAG-0143,SEMANTIC_RULE,HIGH,Direct title/context/manual semantic match.
ETAG-04586,EVT-0279,TAG-0114,SEMANTIC_RULE,HIGH,Direct title/context/manual semantic match.
ETAG-04587,EVT-0279,TAG-0142,SEMANTIC_RULE,HIGH,Direct title/context/manual semantic match.
ETAG-04588,EVT-0279,TAG-0106,SEMANTIC_RULE,HIGH,Direct title/context/manual semantic match.
ETAG-04589,EVT-0279,TAG-0110,SEMANTIC_RULE,HIGH,Direct title/context/manual semantic match.
ETAG-04590,EVT-0279,TAG-0129,CURRICULUM_THEME_INFERENCE,MEDIUM,Inferred from curriculum theme; suitable for broad filtering.
ETAG-04591,EVT-0279,TAG-0153,V14_FINAL_SEMANTIC_AUDIT,HIGH,Promoted to HIGH in final school-corpus semantic audit.
ETAG-04592,EVT-0280,TAG-0143,SEMANTIC_RULE,HIGH,Direct title/context/manual semantic match.
ETAG-04593,EVT-0280,TAG-0114,SEMANTIC_RULE,HIGH,Direct title/context/manual semantic match.
ETAG-04594,EVT-0280,TAG-0136,SEMANTIC_RULE,HIGH,Direct title/context/manual semantic match.
ETAG-04595,EVT-0280,TAG-0142,SEMANTIC_RULE,HIGH,Direct title/context/manual semantic match.
ETAG-04596,EVT-0280,TAG-0106,SEMANTIC_RULE,HIGH,Direct title/context/manual semantic match.
ETAG-04597,EVT-0280,TAG-0153,CURRICULUM_THEME_INFERENCE,MEDIUM,Broad geography inferred from curriculum theme/context.
ETAG-04598,EVT-0281,TAG-0143,SEMANTIC_RULE,HIGH,Direct title/context/manual semantic match.
ETAG-04599,EVT-0281,TAG-0114,SEMANTIC_RULE,HIGH,Direct title/context/manual semantic match.
ETAG-04600,EVT-0281,TAG-0136,SEMANTIC_RULE,HIGH,Direct title/context/manual semantic match.
ETAG-04601,EVT-0281,TAG-0142,SEMANTIC_RULE,HIGH,Direct title/context/manual semantic match.
ETAG-04602,EVT-0281,TAG-0106,SEMANTIC_RULE,HIGH,Direct title/context/manual semantic match.
ETAG-04603,EVT-0281,TAG-0153,CURRICULUM_THEME_INFERENCE,MEDIUM,Broad geography inferred from curriculum theme/context.
ETAG-04604,EVT-0282,TAG-0143,SEMANTIC_RULE,HIGH,Direct title/context/manual semantic match.
ETAG-04605,EVT-0282,TAG-0136,SEMANTIC_RULE,HIGH,Direct title/context/manual semantic match.
ETAG-04606,EVT-0282,TAG-0142,SEMANTIC_RULE,HIGH,Direct title/context/manual semantic match.
ETAG-04607,EVT-0282,TAG-0106,SEMANTIC_RULE,HIGH,Direct title/context/manual semantic match.
ETAG-04608,EVT-0282,TAG-0114,CURRICULUM_THEME_INFERENCE,MEDIUM,Inferred from curriculum theme; suitable for broad filtering.
ETAG-04609,EVT-0282,TAG-0153,CURRICULUM_THEME_INFERENCE,MEDIUM,Broad geography inferred from curriculum theme/context.
ETAG-04610,EVT-0283,TAG-0133,SEMANTIC_RULE,HIGH,Direct title/context/manual semantic match.
ETAG-04611,EVT-0283,TAG-0144,CURRICULUM_THEME_INFERENCE,MEDIUM,Inferred from curriculum theme; suitable for broad filtering.
ETAG-04612,EVT-0283,TAG-0153,CURRICULUM_THEME_INFERENCE,MEDIUM,Broad geography inferred from curriculum theme/context.
ETAG-04613,EVT-0284,TAG-0133,SEMANTIC_RULE,HIGH,Direct title/context/manual semantic match.
ETAG-04614,EVT-0284,TAG-0144,CURRICULUM_THEME_INFERENCE,MEDIUM,Inferred from curriculum theme; suitable for broad filtering.
ETAG-04615,EVT-0284,TAG-0154,GEOGRAPHY_RULE,HIGH,Direct place/entity/manual geography match.
ETAG-04616,EVT-0284,TAG-0157,GEOGRAPHY_RULE,HIGH,Direct place/entity/manual geography match.
ETAG-04617,EVT-0284,TAG-0153,CURRICULUM_THEME_INFERENCE,MEDIUM,Broad geography inferred from curriculum theme/context.
ETAG-04618,EVT-0285,TAG-0133,SEMANTIC_RULE,HIGH,Direct title/context/manual semantic match.
ETAG-04619,EVT-0285,TAG-0144,CURRICULUM_THEME_INFERENCE,MEDIUM,Inferred from curriculum theme; suitable for broad filtering.
ETAG-04620,EVT-0285,TAG-0153,CURRICULUM_THEME_INFERENCE,MEDIUM,Broad geography inferred from curriculum theme/context.
ETAG-04621,EVT-0286,TAG-0130,SEMANTIC_RULE,HIGH,Direct title/context/manual semantic match.
ETAG-04622,EVT-0286,TAG-0129,SEMANTIC_RULE,HIGH,Direct title/context/manual semantic match.
ETAG-04623,EVT-0286,TAG-0143,CURRICULUM_THEME_INFERENCE,MEDIUM,Inferred from curriculum theme; suitable for broad filtering.
ETAG-04624,EVT-0286,TAG-0142,CURRICULUM_THEME_INFERENCE,MEDIUM,Inferred from curriculum theme; suitable for broad filtering.
ETAG-04625,EVT-0286,TAG-0150,CURATED_CONTEXT,HIGH,Curated historical-context membership.
ETAG-04626,EVT-0286,TAG-0154,GEOGRAPHY_RULE,HIGH,Direct place/entity/manual geography match.
ETAG-04627,EVT-0286,TAG-0164,GEOGRAPHY_RULE,HIGH,Direct place/entity/manual geography match.
ETAG-04628,EVT-0286,TAG-0153,CURRICULUM_THEME_INFERENCE,MEDIUM,Broad geography inferred from curriculum theme/context.
ETAG-04629,EVT-0287,TAG-0130,SEMANTIC_RULE,HIGH,Direct title/context/manual semantic match.
ETAG-04630,EVT-0287,TAG-0129,SEMANTIC_RULE,HIGH,Direct title/context/manual semantic match.
ETAG-04631,EVT-0287,TAG-0143,CURRICULUM_THEME_INFERENCE,MEDIUM,Inferred from curriculum theme; suitable for broad filtering.
ETAG-04632,EVT-0287,TAG-0142,CURRICULUM_THEME_INFERENCE,MEDIUM,Inferred from curriculum theme; suitable for broad filtering.
ETAG-04633,EVT-0287,TAG-0150,CURATED_CONTEXT,HIGH,Curated historical-context membership.
ETAG-04634,EVT-0287,TAG-0154,GEOGRAPHY_RULE,HIGH,Direct place/entity/manual geography match.
ETAG-04635,EVT-0287,TAG-0164,GEOGRAPHY_RULE,HIGH,Direct place/entity/manual geography match.
ETAG-04636,EVT-0287,TAG-0153,CURRICULUM_THEME_INFERENCE,MEDIUM,Broad geography inferred from curriculum theme/context.
ETAG-04637,EVT-0288,TAG-0130,SEMANTIC_RULE,HIGH,Direct title/context/manual semantic match.
ETAG-04638,EVT-0288,TAG-0129,SEMANTIC_RULE,HIGH,Direct title/context/manual semantic match.
ETAG-04639,EVT-0288,TAG-0143,CURRICULUM_THEME_INFERENCE,MEDIUM,Inferred from curriculum theme; suitable for broad filtering.
ETAG-04640,EVT-0288,TAG-0142,CURRICULUM_THEME_INFERENCE,MEDIUM,Inferred from curriculum theme; suitable for broad filtering.
ETAG-04641,EVT-0288,TAG-0150,CURATED_CONTEXT,HIGH,Curated historical-context membership.
ETAG-04642,EVT-0288,TAG-0185,GEOGRAPHY_RULE,HIGH,Direct place/entity/manual geography match.
ETAG-04643,EVT-0288,TAG-0186,GEOGRAPHY_RULE,HIGH,Direct place/entity/manual geography match.
ETAG-04644,EVT-0288,TAG-0165,GEOGRAPHY_RULE,HIGH,Direct place/entity/manual geography match.
ETAG-04645,EVT-0288,TAG-0153,CURRICULUM_THEME_INFERENCE,MEDIUM,Broad geography inferred from curriculum theme/context.
ETAG-04646,EVT-0289,TAG-0130,SEMANTIC_RULE,HIGH,Direct title/context/manual semantic match.
ETAG-04647,EVT-0289,TAG-0129,SEMANTIC_RULE,HIGH,Direct title/context/manual semantic match.
ETAG-04648,EVT-0289,TAG-0143,CURRICULUM_THEME_INFERENCE,MEDIUM,Inferred from curriculum theme; suitable for broad filtering.
ETAG-04649,EVT-0289,TAG-0142,CURRICULUM_THEME_INFERENCE,MEDIUM,Inferred from curriculum theme; suitable for broad filtering.
ETAG-04650,EVT-0289,TAG-0150,CURATED_CONTEXT,HIGH,Curated historical-context membership.
ETAG-04651,EVT-0289,TAG-0185,GEOGRAPHY_RULE,HIGH,Direct place/entity/manual geography match.
ETAG-04652,EVT-0289,TAG-0186,GEOGRAPHY_RULE,HIGH,Direct place/entity/manual geography match.
ETAG-04653,EVT-0289,TAG-0165,GEOGRAPHY_RULE,HIGH,Direct place/entity/manual geography match.
ETAG-04654,EVT-0289,TAG-0153,CURRICULUM_THEME_INFERENCE,MEDIUM,Broad geography inferred from curriculum theme/context.
ETAG-04655,EVT-0290,TAG-0130,SEMANTIC_RULE,HIGH,Direct title/context/manual semantic match.
ETAG-04656,EVT-0290,TAG-0129,SEMANTIC_RULE,HIGH,Direct title/context/manual semantic match.
ETAG-04657,EVT-0290,TAG-0143,CURRICULUM_THEME_INFERENCE,MEDIUM,Inferred from curriculum theme; suitable for broad filtering.
ETAG-04658,EVT-0290,TAG-0142,CURRICULUM_THEME_INFERENCE,MEDIUM,Inferred from curriculum theme; suitable for broad filtering.
ETAG-04659,EVT-0290,TAG-0150,CURATED_CONTEXT,HIGH,Curated historical-context membership.
ETAG-04660,EVT-0290,TAG-0153,V14_FINAL_SEMANTIC_AUDIT,HIGH,Promoted to HIGH in final school-corpus semantic audit.
ETAG-04661,EVT-0291,TAG-0130,SEMANTIC_RULE,HIGH,Direct title/context/manual semantic match.
ETAG-04662,EVT-0291,TAG-0129,SEMANTIC_RULE,HIGH,Direct title/context/manual semantic match.
ETAG-04663,EVT-0291,TAG-0143,CURRICULUM_THEME_INFERENCE,MEDIUM,Inferred from curriculum theme; suitable for broad filtering.
ETAG-04664,EVT-0291,TAG-0142,CURRICULUM_THEME_INFERENCE,MEDIUM,Inferred from curriculum theme; suitable for broad filtering.
ETAG-04665,EVT-0291,TAG-0150,CURATED_CONTEXT,HIGH,Curated historical-context membership.
ETAG-04666,EVT-0291,TAG-0153,V14_FINAL_SEMANTIC_AUDIT,HIGH,Promoted to HIGH in final school-corpus semantic audit.
ETAG-04667,EVT-0293,TAG-0143,SEMANTIC_RULE,HIGH,Direct title/context/manual semantic match.
ETAG-04668,EVT-0293,TAG-0114,SEMANTIC_RULE,HIGH,Direct title/context/manual semantic match.
ETAG-04669,EVT-0293,TAG-0142,SEMANTIC_RULE,HIGH,Direct title/context/manual semantic match.
ETAG-04670,EVT-0293,TAG-0129,CURRICULUM_THEME_INFERENCE,MEDIUM,Inferred from curriculum theme; suitable for broad filtering.
ETAG-04671,EVT-0293,TAG-0153,V14_FINAL_SEMANTIC_AUDIT,HIGH,Promoted to HIGH in final school-corpus semantic audit.
ETAG-04672,EVT-0294,TAG-0143,SEMANTIC_RULE,HIGH,Direct title/context/manual semantic match.
ETAG-04673,EVT-0294,TAG-0114,SEMANTIC_RULE,HIGH,Direct title/context/manual semantic match.
ETAG-04674,EVT-0294,TAG-0142,SEMANTIC_RULE,HIGH,Direct title/context/manual semantic match.
ETAG-04675,EVT-0294,TAG-0129,CURRICULUM_THEME_INFERENCE,MEDIUM,Inferred from curriculum theme; suitable for broad filtering.
ETAG-04676,EVT-0294,TAG-0153,V14_FINAL_SEMANTIC_AUDIT,HIGH,Promoted to HIGH in final school-corpus semantic audit.
ETAG-04677,EVT-0295,TAG-0111,SEMANTIC_RULE,HIGH,Direct title/context/manual semantic match.
ETAG-04678,EVT-0295,TAG-0114,CURRICULUM_THEME_INFERENCE,MEDIUM,Inferred from curriculum theme; suitable for broad filtering.
ETAG-04679,EVT-0295,TAG-0142,CURRICULUM_THEME_INFERENCE,MEDIUM,Inferred from curriculum theme; suitable for broad filtering.
ETAG-04680,EVT-0295,TAG-0153,CURRICULUM_THEME_INFERENCE,MEDIUM,Broad geography inferred from curriculum theme/context.
ETAG-04681,EVT-0296,TAG-0135,SEMANTIC_RULE,HIGH,Direct title/context/manual semantic match.
ETAG-04682,EVT-0296,TAG-0111,SEMANTIC_RULE,HIGH,Direct title/context/manual semantic match.
ETAG-04683,EVT-0296,TAG-0114,CURRICULUM_THEME_INFERENCE,MEDIUM,Inferred from curriculum theme; suitable for broad filtering.
ETAG-04684,EVT-0296,TAG-0142,CURRICULUM_THEME_INFERENCE,MEDIUM,Inferred from curriculum theme; suitable for broad filtering.
ETAG-04685,EVT-0296,TAG-0153,V14_FINAL_SEMANTIC_AUDIT,HIGH,Promoted to HIGH in final school-corpus semantic audit.
ETAG-04686,EVT-0297,TAG-0135,SEMANTIC_RULE,HIGH,Direct title/context/manual semantic match.
ETAG-04687,EVT-0297,TAG-0111,SEMANTIC_RULE,HIGH,Direct title/context/manual semantic match.
ETAG-04688,EVT-0297,TAG-0114,CURRICULUM_THEME_INFERENCE,MEDIUM,Inferred from curriculum theme; suitable for broad filtering.
ETAG-04689,EVT-0297,TAG-0142,CURRICULUM_THEME_INFERENCE,MEDIUM,Inferred from curriculum theme; suitable for broad filtering.
ETAG-04690,EVT-0297,TAG-0153,V14_FINAL_SEMANTIC_AUDIT,HIGH,Promoted to HIGH in final school-corpus semantic audit.
ETAG-04691,EVT-0298,TAG-0117,SEMANTIC_RULE,HIGH,Direct title/context/manual semantic match.
ETAG-04692,EVT-0298,TAG-0106,SEMANTIC_RULE,HIGH,Direct title/context/manual semantic match.
ETAG-04693,EVT-0298,TAG-0108,SEMANTIC_RULE,HIGH,Direct title/context/manual semantic match.
ETAG-04694,EVT-0298,TAG-0111,SEMANTIC_RULE,HIGH,Direct title/context/manual semantic match.
ETAG-04695,EVT-0298,TAG-0114,CURRICULUM_THEME_INFERENCE,MEDIUM,Inferred from curriculum theme; suitable for broad filtering.
ETAG-04696,EVT-0298,TAG-0142,CURRICULUM_THEME_INFERENCE,MEDIUM,Inferred from curriculum theme; suitable for broad filtering.
ETAG-04697,EVT-0298,TAG-0180,GEOGRAPHY_RULE,HIGH,Direct place/entity/manual geography match.
ETAG-04698,EVT-0298,TAG-0172,GEOGRAPHY_RULE,HIGH,Direct place/entity/manual geography match.
ETAG-04699,EVT-0298,TAG-0155,GEOGRAPHY_RULE,HIGH,Direct place/entity/manual geography match.
ETAG-04700,EVT-0298,TAG-0171,GEOGRAPHY_RULE,HIGH,Direct place/entity/manual geography match.
ETAG-04701,EVT-0298,TAG-0153,CURRICULUM_THEME_INFERENCE,MEDIUM,Broad geography inferred from curriculum theme/context.
ETAG-04702,EVT-0299,TAG-0142,SEMANTIC_RULE,HIGH,Direct title/context/manual semantic match.
ETAG-04703,EVT-0299,TAG-0111,SEMANTIC_RULE,HIGH,Direct title/context/manual semantic match.
ETAG-04704,EVT-0299,TAG-0114,CURRICULUM_THEME_INFERENCE,MEDIUM,Inferred from curriculum theme; suitable for broad filtering.
ETAG-04705,EVT-0299,TAG-0180,GEOGRAPHY_RULE,HIGH,Direct place/entity/manual geography match.
ETAG-04706,EVT-0299,TAG-0173,GEOGRAPHY_RULE,HIGH,Direct place/entity/manual geography match.
ETAG-04707,EVT-0299,TAG-0171,GEOGRAPHY_RULE,HIGH,Direct place/entity/manual geography match.
ETAG-04708,EVT-0299,TAG-0153,CURRICULUM_THEME_INFERENCE,MEDIUM,Broad geography inferred from curriculum theme/context.
ETAG-04709,EVT-0300,TAG-0142,SEMANTIC_RULE,HIGH,Direct title/context/manual semantic match.
ETAG-04710,EVT-0300,TAG-0124,SEMANTIC_RULE,HIGH,Direct title/context/manual semantic match.
ETAG-04711,EVT-0300,TAG-0111,SEMANTIC_RULE,HIGH,Direct title/context/manual semantic match.
ETAG-04712,EVT-0300,TAG-0114,CURRICULUM_THEME_INFERENCE,MEDIUM,Inferred from curriculum theme; suitable for broad filtering.
ETAG-04713,EVT-0300,TAG-0180,GEOGRAPHY_RULE,HIGH,Direct place/entity/manual geography match.
ETAG-04714,EVT-0300,TAG-0173,GEOGRAPHY_RULE,HIGH,Direct place/entity/manual geography match.
ETAG-04715,EVT-0300,TAG-0171,GEOGRAPHY_RULE,HIGH,Direct place/entity/manual geography match.
ETAG-04716,EVT-0300,TAG-0153,CURRICULUM_THEME_INFERENCE,MEDIUM,Broad geography inferred from curriculum theme/context.
ETAG-04717,EVT-0301,TAG-0124,SEMANTIC_RULE,HIGH,Direct title/context/manual semantic match.
ETAG-04718,EVT-0301,TAG-0111,SEMANTIC_RULE,HIGH,Direct title/context/manual semantic match.
ETAG-04719,EVT-0301,TAG-0114,CURRICULUM_THEME_INFERENCE,MEDIUM,Inferred from curriculum theme; suitable for broad filtering.
ETAG-04720,EVT-0301,TAG-0142,CURRICULUM_THEME_INFERENCE,MEDIUM,Inferred from curriculum theme; suitable for broad filtering.
ETAG-04721,EVT-0301,TAG-0153,CURRICULUM_THEME_INFERENCE,MEDIUM,Broad geography inferred from curriculum theme/context.
ETAG-04722,EVT-0302,TAG-0142,SEMANTIC_RULE,HIGH,Direct title/context/manual semantic match.
ETAG-04723,EVT-0302,TAG-0124,SEMANTIC_RULE,HIGH,Direct title/context/manual semantic match.
ETAG-04724,EVT-0302,TAG-0111,SEMANTIC_RULE,HIGH,Direct title/context/manual semantic match.
ETAG-04725,EVT-0302,TAG-0114,CURRICULUM_THEME_INFERENCE,MEDIUM,Inferred from curriculum theme; suitable for broad filtering.
ETAG-04726,EVT-0302,TAG-0180,GEOGRAPHY_RULE,HIGH,Direct place/entity/manual geography match.
ETAG-04727,EVT-0302,TAG-0173,GEOGRAPHY_RULE,HIGH,Direct place/entity/manual geography match.
ETAG-04728,EVT-0302,TAG-0171,GEOGRAPHY_RULE,HIGH,Direct place/entity/manual geography match.
ETAG-04729,EVT-0302,TAG-0153,CURRICULUM_THEME_INFERENCE,MEDIUM,Broad geography inferred from curriculum theme/context.
ETAG-04730,EVT-0303,TAG-0107,SEMANTIC_RULE,HIGH,Direct title/context/manual semantic match.
ETAG-04731,EVT-0303,TAG-0106,SEMANTIC_RULE,HIGH,Direct title/context/manual semantic match.
ETAG-04732,EVT-0303,TAG-0138,CURRICULUM_THEME_INFERENCE,MEDIUM,Inferred from curriculum theme; suitable for broad filtering.
ETAG-04733,EVT-0303,TAG-0174,GEOGRAPHY_RULE,HIGH,Direct place/entity/manual geography match.
ETAG-04734,EVT-0303,TAG-0178,GEOGRAPHY_RULE,HIGH,Direct place/entity/manual geography match.
ETAG-04735,EVT-0303,TAG-0177,GEOGRAPHY_RULE,HIGH,Direct place/entity/manual geography match.
ETAG-04736,EVT-0303,TAG-0153,CURRICULUM_THEME_INFERENCE,MEDIUM,Broad geography inferred from curriculum theme/context.
ETAG-04737,EVT-0304,TAG-0137,SEMANTIC_RULE,HIGH,Direct title/context/manual semantic match.
ETAG-04738,EVT-0304,TAG-0135,SEMANTIC_RULE,HIGH,Direct title/context/manual semantic match.
ETAG-04739,EVT-0304,TAG-0138,SEMANTIC_RULE,HIGH,Direct title/context/manual semantic match.
ETAG-04740,EVT-0304,TAG-0174,GEOGRAPHY_RULE,HIGH,Direct place/entity/manual geography match.
ETAG-04741,EVT-0304,TAG-0178,GEOGRAPHY_RULE,HIGH,Direct place/entity/manual geography match.
ETAG-04742,EVT-0304,TAG-0153,CURRICULUM_THEME_INFERENCE,MEDIUM,Broad geography inferred from curriculum theme/context.
ETAG-04743,EVT-0305,TAG-0135,SEMANTIC_RULE,HIGH,Direct title/context/manual semantic match.
ETAG-04744,EVT-0305,TAG-0138,CURRICULUM_THEME_INFERENCE,MEDIUM,Inferred from curriculum theme; suitable for broad filtering.
ETAG-04745,EVT-0305,TAG-0189,GEOGRAPHY_RULE,HIGH,Direct place/entity/manual geography match.
ETAG-04746,EVT-0305,TAG-0154,GEOGRAPHY_RULE,HIGH,Direct place/entity/manual geography match.
ETAG-04747,EVT-0305,TAG-0153,CURRICULUM_THEME_INFERENCE,MEDIUM,Broad geography inferred from curriculum theme/context.
ETAG-04748,EVT-0306,TAG-0135,SEMANTIC_RULE,HIGH,Direct title/context/manual semantic match.
ETAG-04749,EVT-0306,TAG-0138,CURRICULUM_THEME_INFERENCE,MEDIUM,Inferred from curriculum theme; suitable for broad filtering.
ETAG-04750,EVT-0306,TAG-0189,GEOGRAPHY_RULE,HIGH,Direct place/entity/manual geography match.
ETAG-04751,EVT-0306,TAG-0154,GEOGRAPHY_RULE,HIGH,Direct place/entity/manual geography match.
ETAG-04752,EVT-0306,TAG-0153,CURRICULUM_THEME_INFERENCE,MEDIUM,Broad geography inferred from curriculum theme/context.
ETAG-04753,EVT-0307,TAG-0137,SEMANTIC_RULE,HIGH,Direct title/context/manual semantic match.
ETAG-04754,EVT-0307,TAG-0147,SEMANTIC_RULE,HIGH,Direct title/context/manual semantic match.
ETAG-04755,EVT-0307,TAG-0138,CURRICULUM_THEME_INFERENCE,MEDIUM,Inferred from curriculum theme; suitable for broad filtering.
ETAG-04756,EVT-0307,TAG-0153,CURRICULUM_THEME_INFERENCE,MEDIUM,Broad geography inferred from curriculum theme/context.
ETAG-04757,EVT-0308,TAG-0137,SEMANTIC_RULE,HIGH,Direct title/context/manual semantic match.
ETAG-04758,EVT-0308,TAG-0147,SEMANTIC_RULE,HIGH,Direct title/context/manual semantic match.
ETAG-04759,EVT-0308,TAG-0138,CURRICULUM_THEME_INFERENCE,MEDIUM,Inferred from curriculum theme; suitable for broad filtering.
ETAG-04760,EVT-0308,TAG-0153,CURRICULUM_THEME_INFERENCE,MEDIUM,Broad geography inferred from curriculum theme/context.
ETAG-04761,EVT-0309,TAG-0142,SEMANTIC_RULE,HIGH,Direct title/context/manual semantic match.
ETAG-04762,EVT-0309,TAG-0138,SEMANTIC_RULE,HIGH,Direct title/context/manual semantic match.
ETAG-04763,EVT-0309,TAG-0106,SEMANTIC_RULE,HIGH,Direct title/context/manual semantic match.
ETAG-04764,EVT-0309,TAG-0119,SEMANTIC_RULE,HIGH,Direct title/context/manual semantic match.
ETAG-04765,EVT-0309,TAG-0174,GEOGRAPHY_RULE,HIGH,Direct place/entity/manual geography match.
ETAG-04766,EVT-0309,TAG-0179,GEOGRAPHY_RULE,HIGH,Direct place/entity/manual geography match.
ETAG-04767,EVT-0309,TAG-0177,GEOGRAPHY_RULE,HIGH,Direct place/entity/manual geography match.
ETAG-04768,EVT-0309,TAG-0153,CURRICULUM_THEME_INFERENCE,MEDIUM,Broad geography inferred from curriculum theme/context.
ETAG-04769,EVT-0310,TAG-0142,SEMANTIC_RULE,HIGH,Direct title/context/manual semantic match.
ETAG-04770,EVT-0310,TAG-0135,SEMANTIC_RULE,HIGH,Direct title/context/manual semantic match.
ETAG-04771,EVT-0310,TAG-0138,SEMANTIC_RULE,HIGH,Direct title/context/manual semantic match.
ETAG-04772,EVT-0310,TAG-0106,SEMANTIC_RULE,HIGH,Direct title/context/manual semantic match.
ETAG-04773,EVT-0310,TAG-0174,GEOGRAPHY_RULE,HIGH,Direct place/entity/manual geography match.
ETAG-04774,EVT-0310,TAG-0179,GEOGRAPHY_RULE,HIGH,Direct place/entity/manual geography match.
ETAG-04775,EVT-0310,TAG-0177,GEOGRAPHY_RULE,HIGH,Direct place/entity/manual geography match.
ETAG-04776,EVT-0310,TAG-0153,CURRICULUM_THEME_INFERENCE,MEDIUM,Broad geography inferred from curriculum theme/context.
ETAG-04777,EVT-0311,TAG-0142,SEMANTIC_RULE,HIGH,Direct title/context/manual semantic match.
ETAG-04778,EVT-0311,TAG-0138,SEMANTIC_RULE,HIGH,Direct title/context/manual semantic match.
ETAG-04779,EVT-0311,TAG-0106,SEMANTIC_RULE,HIGH,Direct title/context/manual semantic match.
ETAG-04780,EVT-0311,TAG-0153,CURRICULUM_THEME_INFERENCE,MEDIUM,Broad geography inferred from curriculum theme/context.
ETAG-04781,EVT-0312,TAG-0132,SEMANTIC_RULE,HIGH,Direct title/context/manual semantic match.
ETAG-04782,EVT-0312,TAG-0142,SEMANTIC_RULE,HIGH,Direct title/context/manual semantic match.
ETAG-04783,EVT-0312,TAG-0138,SEMANTIC_RULE,HIGH,Direct title/context/manual semantic match.
ETAG-04784,EVT-0312,TAG-0106,SEMANTIC_RULE,HIGH,Direct title/context/manual semantic match.
ETAG-04785,EVT-0312,TAG-0154,GEOGRAPHY_RULE,HIGH,Direct place/entity/manual geography match.
ETAG-04786,EVT-0312,TAG-0157,GEOGRAPHY_RULE,HIGH,Direct place/entity/manual geography match.
ETAG-04787,EVT-0312,TAG-0153,CURRICULUM_THEME_INFERENCE,MEDIUM,Broad geography inferred from curriculum theme/context.
ETAG-04788,EVT-0313,TAG-0134,SEMANTIC_RULE,HIGH,Direct title/context/manual semantic match.
ETAG-04789,EVT-0313,TAG-0142,CURRICULUM_THEME_INFERENCE,MEDIUM,Inferred from curriculum theme; suitable for broad filtering.
ETAG-04790,EVT-0313,TAG-0185,GEOGRAPHY_RULE,HIGH,Direct place/entity/manual geography match.
ETAG-04791,EVT-0313,TAG-0186,GEOGRAPHY_RULE,HIGH,Direct place/entity/manual geography match.
ETAG-04792,EVT-0313,TAG-0165,GEOGRAPHY_RULE,HIGH,Direct place/entity/manual geography match.
ETAG-04793,EVT-0313,TAG-0153,CURRICULUM_THEME_INFERENCE,MEDIUM,Broad geography inferred from curriculum theme/context.
ETAG-04794,EVT-0314,TAG-0134,SEMANTIC_RULE,HIGH,Direct title/context/manual semantic match.
ETAG-04795,EVT-0314,TAG-0142,CURRICULUM_THEME_INFERENCE,MEDIUM,Inferred from curriculum theme; suitable for broad filtering.
ETAG-04796,EVT-0314,TAG-0185,GEOGRAPHY_RULE,HIGH,Direct place/entity/manual geography match.
ETAG-04797,EVT-0314,TAG-0186,GEOGRAPHY_RULE,HIGH,Direct place/entity/manual geography match.
ETAG-04798,EVT-0314,TAG-0165,GEOGRAPHY_RULE,HIGH,Direct place/entity/manual geography match.
ETAG-04799,EVT-0314,TAG-0153,CURRICULUM_THEME_INFERENCE,MEDIUM,Broad geography inferred from curriculum theme/context.
ETAG-04800,EVT-0315,TAG-0134,SEMANTIC_RULE,HIGH,Direct title/context/manual semantic match.
ETAG-04801,EVT-0315,TAG-0142,CURRICULUM_THEME_INFERENCE,MEDIUM,Inferred from curriculum theme; suitable for broad filtering.
ETAG-04802,EVT-0315,TAG-0185,GEOGRAPHY_RULE,HIGH,Direct place/entity/manual geography match.
ETAG-04803,EVT-0315,TAG-0186,GEOGRAPHY_RULE,HIGH,Direct place/entity/manual geography match.
ETAG-04804,EVT-0315,TAG-0165,GEOGRAPHY_RULE,HIGH,Direct place/entity/manual geography match.
ETAG-04805,EVT-0315,TAG-0153,CURRICULUM_THEME_INFERENCE,MEDIUM,Broad geography inferred from curriculum theme/context.
ETAG-04806,EVT-0316,TAG-0114,SEMANTIC_RULE,HIGH,Direct title/context/manual semantic match.
ETAG-04807,EVT-0316,TAG-0134,SEMANTIC_RULE,HIGH,Direct title/context/manual semantic match.
ETAG-04808,EVT-0316,TAG-0142,CURRICULUM_THEME_INFERENCE,MEDIUM,Inferred from curriculum theme; suitable for broad filtering.
ETAG-04809,EVT-0316,TAG-0185,GEOGRAPHY_RULE,HIGH,Direct place/entity/manual geography match.
ETAG-04810,EVT-0316,TAG-0186,GEOGRAPHY_RULE,HIGH,Direct place/entity/manual geography match.
ETAG-04811,EVT-0316,TAG-0165,GEOGRAPHY_RULE,HIGH,Direct place/entity/manual geography match.
ETAG-04812,EVT-0316,TAG-0153,CURRICULUM_THEME_INFERENCE,MEDIUM,Broad geography inferred from curriculum theme/context.
ETAG-04813,EVT-0317,TAG-0114,SEMANTIC_RULE,HIGH,Direct title/context/manual semantic match.
ETAG-04814,EVT-0317,TAG-0134,SEMANTIC_RULE,HIGH,Direct title/context/manual semantic match.
ETAG-04815,EVT-0317,TAG-0142,CURRICULUM_THEME_INFERENCE,MEDIUM,Inferred from curriculum theme; suitable for broad filtering.
ETAG-04816,EVT-0317,TAG-0185,GEOGRAPHY_RULE,HIGH,Direct place/entity/manual geography match.
ETAG-04817,EVT-0317,TAG-0186,GEOGRAPHY_RULE,HIGH,Direct place/entity/manual geography match.
ETAG-04818,EVT-0317,TAG-0165,GEOGRAPHY_RULE,HIGH,Direct place/entity/manual geography match.
ETAG-04819,EVT-0317,TAG-0153,CURRICULUM_THEME_INFERENCE,MEDIUM,Broad geography inferred from curriculum theme/context.
ETAG-04820,EVT-0318,TAG-0114,SEMANTIC_RULE,HIGH,Direct title/context/manual semantic match.
ETAG-04821,EVT-0318,TAG-0134,SEMANTIC_RULE,HIGH,Direct title/context/manual semantic match.
ETAG-04822,EVT-0318,TAG-0142,CURRICULUM_THEME_INFERENCE,MEDIUM,Inferred from curriculum theme; suitable for broad filtering.
ETAG-04823,EVT-0318,TAG-0185,GEOGRAPHY_RULE,HIGH,Direct place/entity/manual geography match.
ETAG-04824,EVT-0318,TAG-0186,GEOGRAPHY_RULE,HIGH,Direct place/entity/manual geography match.
ETAG-04825,EVT-0318,TAG-0165,GEOGRAPHY_RULE,HIGH,Direct place/entity/manual geography match.
ETAG-04826,EVT-0318,TAG-0153,CURRICULUM_THEME_INFERENCE,MEDIUM,Broad geography inferred from curriculum theme/context.
ETAG-04827,EVT-0319,TAG-0114,SEMANTIC_RULE,HIGH,Direct title/context/manual semantic match.
ETAG-04828,EVT-0319,TAG-0134,SEMANTIC_RULE,HIGH,Direct title/context/manual semantic match.
ETAG-04829,EVT-0319,TAG-0142,CURRICULUM_THEME_INFERENCE,MEDIUM,Inferred from curriculum theme; suitable for broad filtering.
ETAG-04830,EVT-0319,TAG-0185,GEOGRAPHY_RULE,HIGH,Direct place/entity/manual geography match.
ETAG-04831,EVT-0319,TAG-0186,GEOGRAPHY_RULE,HIGH,Direct place/entity/manual geography match.
ETAG-04832,EVT-0319,TAG-0165,GEOGRAPHY_RULE,HIGH,Direct place/entity/manual geography match.
ETAG-04833,EVT-0319,TAG-0153,CURRICULUM_THEME_INFERENCE,MEDIUM,Broad geography inferred from curriculum theme/context.
ETAG-04834,EVT-0320,TAG-0114,SEMANTIC_RULE,HIGH,Direct title/context/manual semantic match.
ETAG-04835,EVT-0320,TAG-0134,SEMANTIC_RULE,HIGH,Direct title/context/manual semantic match.
ETAG-04836,EVT-0320,TAG-0142,CURRICULUM_THEME_INFERENCE,MEDIUM,Inferred from curriculum theme; suitable for broad filtering.
ETAG-04837,EVT-0320,TAG-0185,GEOGRAPHY_RULE,HIGH,Direct place/entity/manual geography match.
ETAG-04838,EVT-0320,TAG-0154,GEOGRAPHY_RULE,HIGH,Direct place/entity/manual geography match.
ETAG-04839,EVT-0320,TAG-0157,GEOGRAPHY_RULE,HIGH,Direct place/entity/manual geography match.
ETAG-04840,EVT-0320,TAG-0186,GEOGRAPHY_RULE,HIGH,Direct place/entity/manual geography match.
ETAG-04841,EVT-0320,TAG-0165,GEOGRAPHY_RULE,HIGH,Direct place/entity/manual geography match.
ETAG-04842,EVT-0320,TAG-0153,CURRICULUM_THEME_INFERENCE,MEDIUM,Broad geography inferred from curriculum theme/context.
ETAG-04843,EVT-0321,TAG-0114,SEMANTIC_RULE,HIGH,Direct title/context/manual semantic match.
ETAG-04844,EVT-0321,TAG-0134,SEMANTIC_RULE,HIGH,Direct title/context/manual semantic match.
ETAG-04845,EVT-0321,TAG-0142,CURRICULUM_THEME_INFERENCE,MEDIUM,Inferred from curriculum theme; suitable for broad filtering.
ETAG-04846,EVT-0321,TAG-0185,GEOGRAPHY_RULE,HIGH,Direct place/entity/manual geography match.
ETAG-04847,EVT-0321,TAG-0154,GEOGRAPHY_RULE,HIGH,Direct place/entity/manual geography match.
ETAG-04848,EVT-0321,TAG-0157,GEOGRAPHY_RULE,HIGH,Direct place/entity/manual geography match.
ETAG-04849,EVT-0321,TAG-0186,GEOGRAPHY_RULE,HIGH,Direct place/entity/manual geography match.
ETAG-04850,EVT-0321,TAG-0165,GEOGRAPHY_RULE,HIGH,Direct place/entity/manual geography match.
ETAG-04851,EVT-0321,TAG-0153,CURRICULUM_THEME_INFERENCE,MEDIUM,Broad geography inferred from curriculum theme/context.
ETAG-04852,EVT-0322,TAG-0144,SEMANTIC_RULE,HIGH,Direct title/context/manual semantic match.
ETAG-04853,EVT-0322,TAG-0127,SEMANTIC_RULE,HIGH,Direct title/context/manual semantic match.
ETAG-04854,EVT-0322,TAG-0129,CURRICULUM_THEME_INFERENCE,MEDIUM,Inferred from curriculum theme; suitable for broad filtering.
ETAG-04855,EVT-0322,TAG-0153,CURRICULUM_THEME_INFERENCE,MEDIUM,Broad geography inferred from curriculum theme/context.
ETAG-04856,EVT-0323,TAG-0144,SEMANTIC_RULE,HIGH,Direct title/context/manual semantic match.
ETAG-04857,EVT-0323,TAG-0127,SEMANTIC_RULE,HIGH,Direct title/context/manual semantic match.
ETAG-04858,EVT-0323,TAG-0129,CURRICULUM_THEME_INFERENCE,MEDIUM,Inferred from curriculum theme; suitable for broad filtering.
ETAG-04859,EVT-0323,TAG-0153,CURRICULUM_THEME_INFERENCE,MEDIUM,Broad geography inferred from curriculum theme/context.
ETAG-04860,EVT-0324,TAG-0144,SEMANTIC_RULE,HIGH,Direct title/context/manual semantic match.
ETAG-04861,EVT-0324,TAG-0127,SEMANTIC_RULE,HIGH,Direct title/context/manual semantic match.
ETAG-04862,EVT-0324,TAG-0129,CURRICULUM_THEME_INFERENCE,MEDIUM,Inferred from curriculum theme; suitable for broad filtering.
ETAG-04863,EVT-0324,TAG-0153,CURRICULUM_THEME_INFERENCE,MEDIUM,Broad geography inferred from curriculum theme/context.
ETAG-04864,EVT-0325,TAG-0144,SEMANTIC_RULE,HIGH,Direct title/context/manual semantic match.
ETAG-04865,EVT-0325,TAG-0127,SEMANTIC_RULE,HIGH,Direct title/context/manual semantic match.
ETAG-04866,EVT-0325,TAG-0129,CURRICULUM_THEME_INFERENCE,MEDIUM,Inferred from curriculum theme; suitable for broad filtering.
ETAG-04867,EVT-0325,TAG-0153,CURRICULUM_THEME_INFERENCE,MEDIUM,Broad geography inferred from curriculum theme/context.
ETAG-04868,EVT-0326,TAG-0143,SEMANTIC_RULE,HIGH,Direct title/context/manual semantic match.
ETAG-04869,EVT-0326,TAG-0142,SEMANTIC_RULE,HIGH,Direct title/context/manual semantic match.
ETAG-04870,EVT-0326,TAG-0144,SEMANTIC_RULE,HIGH,Direct title/context/manual semantic match.
ETAG-04871,EVT-0326,TAG-0133,SEMANTIC_RULE,HIGH,Direct title/context/manual semantic match.
ETAG-04872,EVT-0326,TAG-0129,SEMANTIC_RULE,HIGH,Direct title/context/manual semantic match.
ETAG-04873,EVT-0326,TAG-0127,CURRICULUM_THEME_INFERENCE,MEDIUM,Inferred from curriculum theme; suitable for broad filtering.
ETAG-04874,EVT-0326,TAG-0154,GEOGRAPHY_RULE,HIGH,Direct place/entity/manual geography match.
ETAG-04875,EVT-0326,TAG-0157,GEOGRAPHY_RULE,HIGH,Direct place/entity/manual geography match.
ETAG-04876,EVT-0326,TAG-0153,CURRICULUM_THEME_INFERENCE,MEDIUM,Broad geography inferred from curriculum theme/context.
ETAG-04877,EVT-0327,TAG-0106,SEMANTIC_RULE,HIGH,Direct title/context/manual semantic match.
ETAG-04878,EVT-0327,TAG-0119,SEMANTIC_RULE,HIGH,Direct title/context/manual semantic match.
ETAG-04879,EVT-0327,TAG-0123,SEMANTIC_RULE,HIGH,Direct title/context/manual semantic match.
ETAG-04880,EVT-0327,TAG-0154,GEOGRAPHY_RULE,HIGH,Direct place/entity/manual geography match.
ETAG-04881,EVT-0328,TAG-0106,SEMANTIC_RULE,HIGH,Direct title/context/manual semantic match.
ETAG-04882,EVT-0328,TAG-0154,GEOGRAPHY_RULE,HIGH,Direct place/entity/manual geography match.
ETAG-04883,EVT-0328,TAG-0157,GEOGRAPHY_RULE,HIGH,Direct place/entity/manual geography match.
ETAG-04884,EVT-0329,TAG-0132,SEMANTIC_RULE,HIGH,Direct title/context/manual semantic match.
ETAG-04885,EVT-0329,TAG-0154,GEOGRAPHY_RULE,HIGH,Direct place/entity/manual geography match.
ETAG-04886,EVT-0329,TAG-0157,GEOGRAPHY_RULE,HIGH,Direct place/entity/manual geography match.
ETAG-04887,EVT-0330,TAG-0106,SEMANTIC_RULE,HIGH,Direct title/context/manual semantic match.
ETAG-04888,EVT-0330,TAG-0154,GEOGRAPHY_RULE,HIGH,Direct place/entity/manual geography match.
ETAG-04889,EVT-0330,TAG-0157,GEOGRAPHY_RULE,HIGH,Direct place/entity/manual geography match.
ETAG-04890,EVT-0333,TAG-0118,SEMANTIC_RULE,HIGH,Direct title/context/manual semantic match.
ETAG-04891,EVT-0333,TAG-0156,GEOGRAPHY_RULE,HIGH,Direct place/entity/manual geography match.
ETAG-04892,EVT-0333,TAG-0154,GEOGRAPHY_RULE,HIGH,Direct place/entity/manual geography match.
ETAG-04893,EVT-0333,TAG-0157,GEOGRAPHY_RULE,HIGH,Direct place/entity/manual geography match.
ETAG-04894,EVT-0334,TAG-0113,SEMANTIC_RULE,HIGH,Direct title/context/manual semantic match.
ETAG-04895,EVT-0334,TAG-0116,CURRICULUM_THEME_INFERENCE,MEDIUM,Inferred from curriculum theme; suitable for broad filtering.
ETAG-04896,EVT-0334,TAG-0121,CURRICULUM_THEME_INFERENCE,MEDIUM,Inferred from curriculum theme; suitable for broad filtering.
ETAG-04897,EVT-0334,TAG-0106,CURRICULUM_THEME_INFERENCE,MEDIUM,Inferred from curriculum theme; suitable for broad filtering.
ETAG-04898,EVT-0334,TAG-0118,CURRICULUM_THEME_INFERENCE,MEDIUM,Inferred from curriculum theme; suitable for broad filtering.
ETAG-04899,EVT-0334,TAG-0151,CURATED_CONTEXT,HIGH,Curated historical-context membership.
ETAG-04900,EVT-0334,TAG-0156,CURRICULUM_THEME_INFERENCE,MEDIUM,Broad geography inferred from curriculum theme/context.
ETAG-04901,EVT-0334,TAG-0154,CURRICULUM_THEME_INFERENCE,MEDIUM,Broad geography inferred from curriculum theme/context.
ETAG-04902,EVT-0337,TAG-0110,SEMANTIC_RULE,HIGH,Direct title/context/manual semantic match.
ETAG-04903,EVT-0337,TAG-0123,SEMANTIC_RULE,HIGH,Direct title/context/manual semantic match.
ETAG-04904,EVT-0337,TAG-0125,SEMANTIC_RULE,HIGH,Direct title/context/manual semantic match.
ETAG-04905,EVT-0337,TAG-0151,CURATED_CONTEXT,HIGH,Curated historical-context membership.
ETAG-04906,EVT-0337,TAG-0154,GEOGRAPHY_RULE,HIGH,Direct place/entity/manual geography match.
ETAG-04907,EVT-0337,TAG-0157,GEOGRAPHY_RULE,HIGH,Direct place/entity/manual geography match.
ETAG-04908,EVT-0338,TAG-0139,SEMANTIC_RULE,HIGH,Direct title/context/manual semantic match.
ETAG-04909,EVT-0338,TAG-0141,CURRICULUM_THEME_INFERENCE,MEDIUM,Inferred from curriculum theme; suitable for broad filtering.
ETAG-04910,EVT-0338,TAG-0123,CURRICULUM_THEME_INFERENCE,MEDIUM,Inferred from curriculum theme; suitable for broad filtering.
ETAG-04911,EVT-0338,TAG-0174,GEOGRAPHY_RULE,HIGH,Direct place/entity/manual geography match.
ETAG-04912,EVT-0338,TAG-0177,GEOGRAPHY_RULE,HIGH,Direct place/entity/manual geography match.
ETAG-04913,EVT-0338,TAG-0153,CURRICULUM_THEME_INFERENCE,MEDIUM,Broad geography inferred from curriculum theme/context.
ETAG-04914,EVT-0339,TAG-0139,SEMANTIC_RULE,HIGH,Direct title/context/manual semantic match.
ETAG-04915,EVT-0339,TAG-0141,CURRICULUM_THEME_INFERENCE,MEDIUM,Inferred from curriculum theme; suitable for broad filtering.
ETAG-04916,EVT-0339,TAG-0123,CURRICULUM_THEME_INFERENCE,MEDIUM,Inferred from curriculum theme; suitable for broad filtering.
ETAG-04917,EVT-0339,TAG-0174,GEOGRAPHY_RULE,HIGH,Direct place/entity/manual geography match.
ETAG-04918,EVT-0339,TAG-0153,GEOGRAPHY_RULE,HIGH,Direct place/entity/manual geography match.
ETAG-04919,EVT-0340,TAG-0141,SEMANTIC_RULE,HIGH,Direct title/context/manual semantic match.
ETAG-04920,EVT-0340,TAG-0121,SEMANTIC_RULE,HIGH,Direct title/context/manual semantic match.
ETAG-04921,EVT-0340,TAG-0134,SEMANTIC_RULE,HIGH,Direct title/context/manual semantic match.
ETAG-04922,EVT-0340,TAG-0122,SEMANTIC_RULE,HIGH,Direct title/context/manual semantic match.
ETAG-04923,EVT-0340,TAG-0139,SEMANTIC_RULE,HIGH,Direct title/context/manual semantic match.
ETAG-04924,EVT-0340,TAG-0113,SEMANTIC_RULE,HIGH,Direct title/context/manual semantic match.
ETAG-04925,EVT-0340,TAG-0142,CURRICULUM_THEME_INFERENCE,MEDIUM,Inferred from curriculum theme; suitable for broad filtering.
ETAG-04926,EVT-0340,TAG-0123,CURRICULUM_THEME_INFERENCE,MEDIUM,Inferred from curriculum theme; suitable for broad filtering.
ETAG-04927,EVT-0340,TAG-0153,V14_FINAL_SEMANTIC_AUDIT,HIGH,Promoted to HIGH in final school-corpus semantic audit.
ETAG-04928,EVT-0341,TAG-0144,SEMANTIC_RULE,HIGH,Direct title/context/manual semantic match.
ETAG-04929,EVT-0341,TAG-0139,SEMANTIC_RULE,HIGH,Direct title/context/manual semantic match.
ETAG-04930,EVT-0341,TAG-0141,CURRICULUM_THEME_INFERENCE,MEDIUM,Inferred from curriculum theme; suitable for broad filtering.
ETAG-04931,EVT-0341,TAG-0123,CURRICULUM_THEME_INFERENCE,MEDIUM,Inferred from curriculum theme; suitable for broad filtering.
ETAG-04932,EVT-0341,TAG-0180,GEOGRAPHY_RULE,HIGH,Direct place/entity/manual geography match.
ETAG-04933,EVT-0341,TAG-0173,GEOGRAPHY_RULE,HIGH,Direct place/entity/manual geography match.
ETAG-04934,EVT-0341,TAG-0171,GEOGRAPHY_RULE,HIGH,Direct place/entity/manual geography match.
ETAG-04935,EVT-0341,TAG-0153,CURRICULUM_THEME_INFERENCE,MEDIUM,Broad geography inferred from curriculum theme/context.
ETAG-04936,EVT-0342,TAG-0139,SEMANTIC_RULE,HIGH,Direct title/context/manual semantic match.
ETAG-04937,EVT-0342,TAG-0141,CURRICULUM_THEME_INFERENCE,MEDIUM,Inferred from curriculum theme; suitable for broad filtering.
ETAG-04938,EVT-0342,TAG-0123,CURRICULUM_THEME_INFERENCE,MEDIUM,Inferred from curriculum theme; suitable for broad filtering.
ETAG-04939,EVT-0342,TAG-0174,GEOGRAPHY_RULE,HIGH,Direct place/entity/manual geography match.
ETAG-04940,EVT-0342,TAG-0180,GEOGRAPHY_RULE,HIGH,Direct place/entity/manual geography match.
ETAG-04941,EVT-0342,TAG-0153,GEOGRAPHY_RULE,HIGH,Direct place/entity/manual geography match.
ETAG-04942,EVT-0342,TAG-0171,GEOGRAPHY_RULE,HIGH,Direct place/entity/manual geography match.
ETAG-04943,EVT-0345,TAG-0116,SEMANTIC_RULE,HIGH,Direct title/context/manual semantic match.
ETAG-04944,EVT-0345,TAG-0107,SEMANTIC_RULE,HIGH,Direct title/context/manual semantic match.
ETAG-04945,EVT-0345,TAG-0115,SEMANTIC_RULE,HIGH,Direct title/context/manual semantic match.
ETAG-04946,EVT-0345,TAG-0122,SEMANTIC_RULE,HIGH,Direct title/context/manual semantic match.
ETAG-04947,EVT-0345,TAG-0124,SEMANTIC_RULE,HIGH,Direct title/context/manual semantic match.
ETAG-04948,EVT-0345,TAG-0106,SEMANTIC_RULE,HIGH,Direct title/context/manual semantic match.
ETAG-04949,EVT-0345,TAG-0123,SEMANTIC_RULE,HIGH,Direct title/context/manual semantic match.
ETAG-04950,EVT-0345,TAG-0108,SEMANTIC_RULE,HIGH,Direct title/context/manual semantic match.
ETAG-04951,EVT-0345,TAG-0154,GEOGRAPHY_RULE,HIGH,Direct place/entity/manual geography match.
ETAG-04952,EVT-0345,TAG-0157,GEOGRAPHY_RULE,HIGH,Direct place/entity/manual geography match.
ETAG-04953,EVT-0346,TAG-0116,SEMANTIC_RULE,HIGH,Direct title/context/manual semantic match.
ETAG-04954,EVT-0346,TAG-0114,SEMANTIC_RULE,HIGH,Direct title/context/manual semantic match.
ETAG-04955,EVT-0346,TAG-0113,SEMANTIC_RULE,HIGH,Direct title/context/manual semantic match.
ETAG-04956,EVT-0346,TAG-0118,SEMANTIC_RULE,HIGH,Direct title/context/manual semantic match.
ETAG-04957,EVT-0346,TAG-0121,CURRICULUM_THEME_INFERENCE,MEDIUM,Inferred from curriculum theme; suitable for broad filtering.
ETAG-04958,EVT-0346,TAG-0106,CURRICULUM_THEME_INFERENCE,MEDIUM,Inferred from curriculum theme; suitable for broad filtering.
ETAG-04959,EVT-0346,TAG-0156,GEOGRAPHY_RULE,HIGH,Direct place/entity/manual geography match.
ETAG-04960,EVT-0346,TAG-0154,CURRICULUM_THEME_INFERENCE,MEDIUM,Broad geography inferred from curriculum theme/context.
ETAG-04961,EVT-0347,TAG-0116,SEMANTIC_RULE,HIGH,Direct title/context/manual semantic match.
ETAG-04962,EVT-0347,TAG-0114,SEMANTIC_RULE,HIGH,Direct title/context/manual semantic match.
ETAG-04963,EVT-0347,TAG-0113,SEMANTIC_RULE,HIGH,Direct title/context/manual semantic match.
ETAG-04964,EVT-0347,TAG-0118,SEMANTIC_RULE,HIGH,Direct title/context/manual semantic match.
ETAG-04965,EVT-0347,TAG-0121,CURRICULUM_THEME_INFERENCE,MEDIUM,Inferred from curriculum theme; suitable for broad filtering.
ETAG-04966,EVT-0347,TAG-0106,CURRICULUM_THEME_INFERENCE,MEDIUM,Inferred from curriculum theme; suitable for broad filtering.
ETAG-04967,EVT-0347,TAG-0156,GEOGRAPHY_RULE,HIGH,Direct place/entity/manual geography match.
ETAG-04968,EVT-0347,TAG-0153,GEOGRAPHY_RULE,HIGH,Direct place/entity/manual geography match.
ETAG-04969,EVT-0347,TAG-0154,CURRICULUM_THEME_INFERENCE,MEDIUM,Broad geography inferred from curriculum theme/context.
ETAG-04970,EVT-0348,TAG-0113,SEMANTIC_RULE,HIGH,Direct title/context/manual semantic match.
ETAG-04971,EVT-0348,TAG-0116,CURRICULUM_THEME_INFERENCE,MEDIUM,Inferred from curriculum theme; suitable for broad filtering.
ETAG-04972,EVT-0348,TAG-0121,CURRICULUM_THEME_INFERENCE,MEDIUM,Inferred from curriculum theme; suitable for broad filtering.
ETAG-04973,EVT-0348,TAG-0106,CURRICULUM_THEME_INFERENCE,MEDIUM,Inferred from curriculum theme; suitable for broad filtering.
ETAG-04974,EVT-0348,TAG-0118,CURRICULUM_THEME_INFERENCE,MEDIUM,Inferred from curriculum theme; suitable for broad filtering.
ETAG-04975,EVT-0348,TAG-0151,CURATED_CONTEXT,HIGH,Curated historical-context membership.
ETAG-04976,EVT-0348,TAG-0154,GEOGRAPHY_RULE,HIGH,Direct place/entity/manual geography match.
ETAG-04977,EVT-0348,TAG-0157,GEOGRAPHY_RULE,HIGH,Direct place/entity/manual geography match.
ETAG-04978,EVT-0348,TAG-0156,CURRICULUM_THEME_INFERENCE,MEDIUM,Broad geography inferred from curriculum theme/context.
ETAG-04979,EVT-0349,TAG-0106,SEMANTIC_RULE,HIGH,Direct title/context/manual semantic match.
ETAG-04980,EVT-0349,TAG-0113,SEMANTIC_RULE,HIGH,Direct title/context/manual semantic match.
ETAG-04981,EVT-0349,TAG-0116,CURRICULUM_THEME_INFERENCE,MEDIUM,Inferred from curriculum theme; suitable for broad filtering.
ETAG-04982,EVT-0349,TAG-0121,CURRICULUM_THEME_INFERENCE,MEDIUM,Inferred from curriculum theme; suitable for broad filtering.
ETAG-04983,EVT-0349,TAG-0118,CURRICULUM_THEME_INFERENCE,MEDIUM,Inferred from curriculum theme; suitable for broad filtering.
ETAG-04984,EVT-0349,TAG-0152,CURATED_CONTEXT,HIGH,Curated historical-context membership.
ETAG-04985,EVT-0349,TAG-0156,CURRICULUM_THEME_INFERENCE,MEDIUM,Broad geography inferred from curriculum theme/context.
ETAG-04986,EVT-0349,TAG-0154,CURRICULUM_THEME_INFERENCE,MEDIUM,Broad geography inferred from curriculum theme/context.
ETAG-04987,EVT-0350,TAG-0146,SEMANTIC_RULE,HIGH,Direct title/context/manual semantic match.
ETAG-04988,EVT-0350,TAG-0113,SEMANTIC_RULE,HIGH,Direct title/context/manual semantic match.
ETAG-04989,EVT-0350,TAG-0116,CURRICULUM_THEME_INFERENCE,MEDIUM,Inferred from curriculum theme; suitable for broad filtering.
ETAG-04990,EVT-0350,TAG-0121,CURRICULUM_THEME_INFERENCE,MEDIUM,Inferred from curriculum theme; suitable for broad filtering.
ETAG-04991,EVT-0350,TAG-0122,CURRICULUM_THEME_INFERENCE,MEDIUM,Inferred from curriculum theme; suitable for broad filtering.
ETAG-04992,EVT-0350,TAG-0123,CURRICULUM_THEME_INFERENCE,MEDIUM,Inferred from curriculum theme; suitable for broad filtering.
ETAG-04993,EVT-0350,TAG-0154,GEOGRAPHY_RULE,HIGH,Direct place/entity/manual geography match.
ETAG-04994,EVT-0350,TAG-0156,CURRICULUM_THEME_INFERENCE,MEDIUM,Broad geography inferred from curriculum theme/context.
ETAG-04995,EVT-0351,TAG-0121,SEMANTIC_RULE,HIGH,Direct title/context/manual semantic match.
ETAG-04996,EVT-0351,TAG-0122,SEMANTIC_RULE,HIGH,Direct title/context/manual semantic match.
ETAG-04997,EVT-0351,TAG-0113,SEMANTIC_RULE,HIGH,Direct title/context/manual semantic match.
ETAG-04998,EVT-0351,TAG-0116,CURRICULUM_THEME_INFERENCE,MEDIUM,Inferred from curriculum theme; suitable for broad filtering.
ETAG-04999,EVT-0351,TAG-0123,CURRICULUM_THEME_INFERENCE,MEDIUM,Inferred from curriculum theme; suitable for broad filtering.
ETAG-05000,EVT-0351,TAG-0185,GEOGRAPHY_RULE,HIGH,Direct place/entity/manual geography match.
ETAG-05001,EVT-0351,TAG-0154,GEOGRAPHY_RULE,HIGH,Direct place/entity/manual geography match.
ETAG-05002,EVT-0351,TAG-0153,GEOGRAPHY_RULE,HIGH,Direct place/entity/manual geography match.
ETAG-05003,EVT-0351,TAG-0186,GEOGRAPHY_RULE,HIGH,Direct place/entity/manual geography match.
ETAG-05004,EVT-0351,TAG-0165,GEOGRAPHY_RULE,HIGH,Direct place/entity/manual geography match.
ETAG-05005,EVT-0351,TAG-0156,CURRICULUM_THEME_INFERENCE,MEDIUM,Broad geography inferred from curriculum theme/context.
ETAG-05006,EVT-0352,TAG-0116,SEMANTIC_RULE,HIGH,Direct title/context/manual semantic match.
ETAG-05007,EVT-0352,TAG-0115,SEMANTIC_RULE,HIGH,Direct title/context/manual semantic match.
ETAG-05008,EVT-0352,TAG-0111,SEMANTIC_RULE,HIGH,Direct title/context/manual semantic match.
ETAG-05009,EVT-0352,TAG-0121,CURRICULUM_THEME_INFERENCE,MEDIUM,Inferred from curriculum theme; suitable for broad filtering.
ETAG-05010,EVT-0352,TAG-0122,CURRICULUM_THEME_INFERENCE,MEDIUM,Inferred from curriculum theme; suitable for broad filtering.
ETAG-05011,EVT-0352,TAG-0123,CURRICULUM_THEME_INFERENCE,MEDIUM,Inferred from curriculum theme; suitable for broad filtering.
ETAG-05012,EVT-0352,TAG-0156,CURRICULUM_THEME_INFERENCE,MEDIUM,Broad geography inferred from curriculum theme/context.
ETAG-05013,EVT-0352,TAG-0154,CURRICULUM_THEME_INFERENCE,MEDIUM,Broad geography inferred from curriculum theme/context.
ETAG-05014,EVT-0353,TAG-0107,SEMANTIC_RULE,HIGH,Direct title/context/manual semantic match.
ETAG-05015,EVT-0353,TAG-0115,SEMANTIC_RULE,HIGH,Direct title/context/manual semantic match.
ETAG-05016,EVT-0353,TAG-0106,SEMANTIC_RULE,HIGH,Direct title/context/manual semantic match.
ETAG-05017,EVT-0353,TAG-0123,SEMANTIC_RULE,HIGH,Direct title/context/manual semantic match.
ETAG-05018,EVT-0353,TAG-0108,SEMANTIC_RULE,HIGH,Direct title/context/manual semantic match.
ETAG-05019,EVT-0353,TAG-0110,CURRICULUM_THEME_INFERENCE,MEDIUM,Inferred from curriculum theme; suitable for broad filtering.
ETAG-05020,EVT-0353,TAG-0154,GEOGRAPHY_RULE,HIGH,Direct place/entity/manual geography match.
ETAG-05021,EVT-0353,TAG-0157,GEOGRAPHY_RULE,HIGH,Direct place/entity/manual geography match.
ETAG-05022,EVT-0354,TAG-0113,SEMANTIC_RULE,HIGH,Direct title/context/manual semantic match.
ETAG-05023,EVT-0354,TAG-0111,CURRICULUM_THEME_INFERENCE,MEDIUM,Inferred from curriculum theme; suitable for broad filtering.
ETAG-05024,EVT-0354,TAG-0154,GEOGRAPHY_RULE,HIGH,Direct place/entity/manual geography match.
ETAG-05025,EVT-0354,TAG-0164,GEOGRAPHY_RULE,HIGH,Direct place/entity/manual geography match.
ETAG-05026,EVT-0355,TAG-0106,SEMANTIC_RULE,HIGH,Direct title/context/manual semantic match.
ETAG-05027,EVT-0355,TAG-0147,SEMANTIC_RULE,HIGH,Direct title/context/manual semantic match.
ETAG-05028,EVT-0355,TAG-0111,CURRICULUM_THEME_INFERENCE,MEDIUM,Inferred from curriculum theme; suitable for broad filtering.
ETAG-05029,EVT-0355,TAG-0149,CURATED_CONTEXT,HIGH,Curated historical-context membership.
ETAG-05030,EVT-0355,TAG-0154,GEOGRAPHY_RULE,HIGH,Direct place/entity/manual geography match.
ETAG-05031,EVT-0355,TAG-0159,GEOGRAPHY_RULE,HIGH,Direct place/entity/manual geography match.
ETAG-05032,EVT-0355,TAG-0153,CURRICULUM_THEME_INFERENCE,MEDIUM,Broad geography inferred from curriculum theme/context.
ETAG-05033,EVT-0356,TAG-0124,SEMANTIC_RULE,HIGH,Direct title/context/manual semantic match.
ETAG-05034,EVT-0356,TAG-0106,SEMANTIC_RULE,HIGH,Direct title/context/manual semantic match.
ETAG-05035,EVT-0356,TAG-0108,SEMANTIC_RULE,HIGH,Direct title/context/manual semantic match.
ETAG-05036,EVT-0356,TAG-0111,CURRICULUM_THEME_INFERENCE,MEDIUM,Inferred from curriculum theme; suitable for broad filtering.
ETAG-05037,EVT-0356,TAG-0154,GEOGRAPHY_RULE,HIGH,Direct place/entity/manual geography match.
ETAG-05038,EVT-0356,TAG-0157,GEOGRAPHY_RULE,HIGH,Direct place/entity/manual geography match.
ETAG-05039,EVT-0357,TAG-0114,SEMANTIC_RULE,HIGH,Direct title/context/manual semantic match.
ETAG-05040,EVT-0357,TAG-0135,SEMANTIC_RULE,HIGH,Direct title/context/manual semantic match.
ETAG-05041,EVT-0357,TAG-0117,CURRICULUM_THEME_INFERENCE,MEDIUM,Inferred from curriculum theme; suitable for broad filtering.
ETAG-05042,EVT-0357,TAG-0142,CURRICULUM_THEME_INFERENCE,MEDIUM,Inferred from curriculum theme; suitable for broad filtering.
ETAG-05043,EVT-0357,TAG-0153,V14_FINAL_SEMANTIC_AUDIT,HIGH,Promoted to HIGH in final school-corpus semantic audit.
ETAG-05044,EVT-0358,TAG-0114,SEMANTIC_RULE,HIGH,Direct title/context/manual semantic match.
ETAG-05045,EVT-0358,TAG-0135,SEMANTIC_RULE,HIGH,Direct title/context/manual semantic match.
ETAG-05046,EVT-0358,TAG-0117,CURRICULUM_THEME_INFERENCE,MEDIUM,Inferred from curriculum theme; suitable for broad filtering.
ETAG-05047,EVT-0358,TAG-0142,CURRICULUM_THEME_INFERENCE,MEDIUM,Inferred from curriculum theme; suitable for broad filtering.
ETAG-05048,EVT-0358,TAG-0153,V14_FINAL_SEMANTIC_AUDIT,HIGH,Promoted to HIGH in final school-corpus semantic audit.
ETAG-05049,EVT-0359,TAG-0142,SEMANTIC_RULE,HIGH,Direct title/context/manual semantic match.
ETAG-05050,EVT-0359,TAG-0106,SEMANTIC_RULE,HIGH,Direct title/context/manual semantic match.
ETAG-05051,EVT-0359,TAG-0111,SEMANTIC_RULE,HIGH,Direct title/context/manual semantic match.
ETAG-05052,EVT-0359,TAG-0117,CURRICULUM_THEME_INFERENCE,MEDIUM,Inferred from curriculum theme; suitable for broad filtering.
ETAG-05053,EVT-0359,TAG-0135,CURRICULUM_THEME_INFERENCE,MEDIUM,Inferred from curriculum theme; suitable for broad filtering.
ETAG-05054,EVT-0359,TAG-0150,CURATED_CONTEXT,HIGH,Curated historical-context membership.
ETAG-05055,EVT-0359,TAG-0154,GEOGRAPHY_RULE,HIGH,Direct place/entity/manual geography match.
ETAG-05056,EVT-0359,TAG-0164,GEOGRAPHY_RULE,HIGH,Direct place/entity/manual geography match.
ETAG-05057,EVT-0359,TAG-0153,CURRICULUM_THEME_INFERENCE,MEDIUM,Broad geography inferred from curriculum theme/context.
ETAG-05058,EVT-0360,TAG-0107,SEMANTIC_RULE,HIGH,Direct title/context/manual semantic match.
ETAG-05059,EVT-0360,TAG-0106,SEMANTIC_RULE,HIGH,Direct title/context/manual semantic match.
ETAG-05060,EVT-0360,TAG-0110,SEMANTIC_RULE,HIGH,Direct title/context/manual semantic match.
ETAG-05061,EVT-0360,TAG-0123,SEMANTIC_RULE,HIGH,Direct title/context/manual semantic match.
ETAG-05062,EVT-0360,TAG-0108,SEMANTIC_RULE,HIGH,Direct title/context/manual semantic match.
ETAG-05063,EVT-0360,TAG-0125,SEMANTIC_RULE,HIGH,Direct title/context/manual semantic match.
ETAG-05064,EVT-0360,TAG-0149,CURATED_CONTEXT,HIGH,Curated historical-context membership.
ETAG-05065,EVT-0360,TAG-0154,GEOGRAPHY_RULE,HIGH,Direct place/entity/manual geography match.
ETAG-05066,EVT-0360,TAG-0157,GEOGRAPHY_RULE,HIGH,Direct place/entity/manual geography match.
ETAG-05067,EVT-0360,TAG-0153,CURRICULUM_THEME_INFERENCE,MEDIUM,Broad geography inferred from curriculum theme/context.
ETAG-05068,EVT-0361,TAG-0107,SEMANTIC_RULE,HIGH,Direct title/context/manual semantic match.
ETAG-05069,EVT-0361,TAG-0109,SEMANTIC_RULE,HIGH,Direct title/context/manual semantic match.
ETAG-05070,EVT-0361,TAG-0106,SEMANTIC_RULE,HIGH,Direct title/context/manual semantic match.
ETAG-05071,EVT-0361,TAG-0108,SEMANTIC_RULE,HIGH,Direct title/context/manual semantic match.
ETAG-05072,EVT-0361,TAG-0110,CURRICULUM_THEME_INFERENCE,MEDIUM,Inferred from curriculum theme; suitable for broad filtering.
ETAG-05073,EVT-0361,TAG-0123,CURRICULUM_THEME_INFERENCE,MEDIUM,Inferred from curriculum theme; suitable for broad filtering.
ETAG-05074,EVT-0361,TAG-0154,GEOGRAPHY_RULE,HIGH,Direct place/entity/manual geography match.
ETAG-05075,EVT-0361,TAG-0157,GEOGRAPHY_RULE,HIGH,Direct place/entity/manual geography match.
ETAG-05076,EVT-0362,TAG-0107,SEMANTIC_RULE,HIGH,Direct title/context/manual semantic match.
ETAG-05077,EVT-0362,TAG-0109,SEMANTIC_RULE,HIGH,Direct title/context/manual semantic match.
ETAG-05078,EVT-0362,TAG-0106,SEMANTIC_RULE,HIGH,Direct title/context/manual semantic match.
ETAG-05079,EVT-0362,TAG-0108,SEMANTIC_RULE,HIGH,Direct title/context/manual semantic match.
ETAG-05080,EVT-0362,TAG-0110,CURRICULUM_THEME_INFERENCE,MEDIUM,Inferred from curriculum theme; suitable for broad filtering.
ETAG-05081,EVT-0362,TAG-0123,CURRICULUM_THEME_INFERENCE,MEDIUM,Inferred from curriculum theme; suitable for broad filtering.
ETAG-05082,EVT-0362,TAG-0154,GEOGRAPHY_RULE,HIGH,Direct place/entity/manual geography match.
ETAG-05083,EVT-0362,TAG-0157,GEOGRAPHY_RULE,HIGH,Direct place/entity/manual geography match.
ETAG-05084,EVT-0363,TAG-0107,SEMANTIC_RULE,HIGH,Direct title/context/manual semantic match.
ETAG-05085,EVT-0363,TAG-0106,SEMANTIC_RULE,HIGH,Direct title/context/manual semantic match.
ETAG-05086,EVT-0363,TAG-0110,SEMANTIC_RULE,HIGH,Direct title/context/manual semantic match.
ETAG-05087,EVT-0363,TAG-0108,SEMANTIC_RULE,HIGH,Direct title/context/manual semantic match.
ETAG-05088,EVT-0363,TAG-0123,CURRICULUM_THEME_INFERENCE,MEDIUM,Inferred from curriculum theme; suitable for broad filtering.
ETAG-05089,EVT-0363,TAG-0154,GEOGRAPHY_RULE,HIGH,Direct place/entity/manual geography match.
ETAG-05090,EVT-0363,TAG-0157,GEOGRAPHY_RULE,HIGH,Direct place/entity/manual geography match.
ETAG-05091,EVT-0364,TAG-0107,SEMANTIC_RULE,HIGH,Direct title/context/manual semantic match.
ETAG-05092,EVT-0364,TAG-0106,SEMANTIC_RULE,HIGH,Direct title/context/manual semantic match.
ETAG-05093,EVT-0364,TAG-0108,SEMANTIC_RULE,HIGH,Direct title/context/manual semantic match.
ETAG-05094,EVT-0364,TAG-0110,CURRICULUM_THEME_INFERENCE,MEDIUM,Inferred from curriculum theme; suitable for broad filtering.
ETAG-05095,EVT-0364,TAG-0123,CURRICULUM_THEME_INFERENCE,MEDIUM,Inferred from curriculum theme; suitable for broad filtering.
ETAG-05096,EVT-0364,TAG-0154,GEOGRAPHY_RULE,HIGH,Direct place/entity/manual geography match.
ETAG-05097,EVT-0364,TAG-0157,GEOGRAPHY_RULE,HIGH,Direct place/entity/manual geography match.
ETAG-05098,EVT-0365,TAG-0115,SEMANTIC_RULE,HIGH,Direct title/context/manual semantic match.
ETAG-05099,EVT-0365,TAG-0154,GEOGRAPHY_RULE,HIGH,Direct place/entity/manual geography match.
ETAG-05100,EVT-0365,TAG-0160,GEOGRAPHY_RULE,HIGH,Direct place/entity/manual geography match.
ETAG-05101,EVT-0365,TAG-0155,GEOGRAPHY_RULE,HIGH,Direct place/entity/manual geography match.
ETAG-05102,EVT-0366,TAG-0120,SEMANTIC_RULE,HIGH,Direct title/context/manual semantic match.
ETAG-05103,EVT-0366,TAG-0119,SEMANTIC_RULE,HIGH,Direct title/context/manual semantic match.
ETAG-05104,EVT-0366,TAG-0110,SEMANTIC_RULE,HIGH,Direct title/context/manual semantic match.
ETAG-05105,EVT-0366,TAG-0106,CURRICULUM_THEME_INFERENCE,MEDIUM,Inferred from curriculum theme; suitable for broad filtering.
ETAG-05106,EVT-0366,TAG-0180,GEOGRAPHY_RULE,HIGH,Direct place/entity/manual geography match.
ETAG-05107,EVT-0366,TAG-0154,GEOGRAPHY_RULE,HIGH,Direct place/entity/manual geography match.
ETAG-05108,EVT-0366,TAG-0155,GEOGRAPHY_RULE,HIGH,Direct place/entity/manual geography match.
ETAG-05109,EVT-0366,TAG-0171,GEOGRAPHY_RULE,HIGH,Direct place/entity/manual geography match.
ETAG-05110,EVT-0366,TAG-0169,GEOGRAPHY_RULE,HIGH,Direct place/entity/manual geography match.
ETAG-05111,EVT-0366,TAG-0153,CURRICULUM_THEME_INFERENCE,MEDIUM,Broad geography inferred from curriculum theme/context.
ETAG-05112,EVT-0367,TAG-0134,SEMANTIC_RULE,HIGH,Direct title/context/manual semantic match.
ETAG-05113,EVT-0367,TAG-0109,SEMANTIC_RULE,HIGH,Direct title/context/manual semantic match.
ETAG-05114,EVT-0367,TAG-0142,CURRICULUM_THEME_INFERENCE,MEDIUM,Inferred from curriculum theme; suitable for broad filtering.
ETAG-05115,EVT-0367,TAG-0154,GEOGRAPHY_RULE,HIGH,Direct place/entity/manual geography match.
ETAG-05116,EVT-0367,TAG-0157,GEOGRAPHY_RULE,HIGH,Direct place/entity/manual geography match.
ETAG-05117,EVT-0367,TAG-0153,CURRICULUM_THEME_INFERENCE,MEDIUM,Broad geography inferred from curriculum theme/context.
ETAG-05126,EVT-0368,TAG-0141,CURRICULUM_THEME_INFERENCE,MEDIUM,V13 inferred from primary school theme.
ETAG-05127,EVT-0368,TAG-0139,CURRICULUM_THEME_INFERENCE,MEDIUM,V13 inferred from primary school theme.
ETAG-05128,EVT-0368,TAG-0123,CURRICULUM_THEME_INFERENCE,MEDIUM,V13 inferred from primary school theme.
ETAG-05129,EVT-0368,TAG-0153,CURRICULUM_THEME_INFERENCE,MEDIUM,V13 inferred from primary school theme.
ETAG-05138,EVT-0369,TAG-0141,CURRICULUM_THEME_INFERENCE,MEDIUM,V13 inferred from primary school theme.
ETAG-05139,EVT-0369,TAG-0139,CURRICULUM_THEME_INFERENCE,MEDIUM,V13 inferred from primary school theme.
ETAG-05140,EVT-0369,TAG-0123,CURRICULUM_THEME_INFERENCE,MEDIUM,V13 inferred from primary school theme.
ETAG-05141,EVT-0369,TAG-0153,CURRICULUM_THEME_INFERENCE,MEDIUM,V13 inferred from primary school theme.
ETAG-05150,EVT-0370,TAG-0115,CURRICULUM_THEME_INFERENCE,MEDIUM,V13 inferred from primary school theme.
ETAG-05151,EVT-0370,TAG-0119,CURRICULUM_THEME_INFERENCE,MEDIUM,V13 inferred from primary school theme.
ETAG-05152,EVT-0370,TAG-0108,V14_MANUAL_AUDIT,HIGH,High-confidence topic after targeted V14 review.
ETAG-05153,EVT-0370,TAG-0155,CURRICULUM_THEME_INFERENCE,MEDIUM,V13 inferred from primary school theme.
ETAG-05154,EVT-0370,TAG-0180,GEOGRAPHY_RULE,HIGH,V13 direct title match.
ETAG-05155,EVT-0370,TAG-0166,GEOGRAPHY_RULE,HIGH,V13 direct title match.
ETAG-05156,EVT-0370,TAG-0181,GEOGRAPHY_RULE,HIGH,V13 direct title match.
ETAG-05165,EVT-0371,TAG-0115,CURRICULUM_THEME_INFERENCE,MEDIUM,V13 inferred from primary school theme.
ETAG-05166,EVT-0371,TAG-0119,CURRICULUM_THEME_INFERENCE,MEDIUM,V13 inferred from primary school theme.
ETAG-05167,EVT-0371,TAG-0108,CURRICULUM_THEME_INFERENCE,MEDIUM,V13 inferred from primary school theme.
ETAG-05168,EVT-0371,TAG-0155,CURRICULUM_THEME_INFERENCE,MEDIUM,V13 inferred from primary school theme.
ETAG-05169,EVT-0371,TAG-0131,SEMANTIC_RULE,HIGH,V13 direct title match.
ETAG-05170,EVT-0371,TAG-0180,GEOGRAPHY_RULE,HIGH,V13 direct title match.
ETAG-05171,EVT-0371,TAG-0166,GEOGRAPHY_RULE,HIGH,V13 direct title match.
ETAG-05172,EVT-0371,TAG-0181,GEOGRAPHY_RULE,HIGH,V13 direct title match.
ETAG-05181,EVT-0372,TAG-0132,CURRICULUM_THEME_INFERENCE,MEDIUM,V13 inferred from primary school theme.
ETAG-05182,EVT-0372,TAG-0107,CURRICULUM_THEME_INFERENCE,MEDIUM,V13 inferred from primary school theme.
ETAG-05183,EVT-0372,TAG-0119,CURRICULUM_THEME_INFERENCE,MEDIUM,V13 inferred from primary school theme.
ETAG-05184,EVT-0372,TAG-0108,CURRICULUM_THEME_INFERENCE,MEDIUM,V13 inferred from primary school theme.
ETAG-05185,EVT-0372,TAG-0155,CURRICULUM_THEME_INFERENCE,MEDIUM,V13 inferred from primary school theme.
ETAG-05186,EVT-0372,TAG-0154,GEOGRAPHY_RULE,HIGH,V13 direct title match.
ETAG-05187,EVT-0372,TAG-0161,GEOGRAPHY_RULE,HIGH,V13 direct title match.
ETAG-05196,EVT-0373,TAG-0132,CURRICULUM_THEME_INFERENCE,MEDIUM,V13 inferred from primary school theme.
ETAG-05197,EVT-0373,TAG-0107,CURRICULUM_THEME_INFERENCE,MEDIUM,V13 inferred from primary school theme.
ETAG-05198,EVT-0373,TAG-0119,CURRICULUM_THEME_INFERENCE,MEDIUM,V13 inferred from primary school theme.
ETAG-05199,EVT-0373,TAG-0108,CURRICULUM_THEME_INFERENCE,MEDIUM,V13 inferred from primary school theme.
ETAG-05200,EVT-0373,TAG-0155,CURRICULUM_THEME_INFERENCE,MEDIUM,V13 inferred from primary school theme.
ETAG-05201,EVT-0373,TAG-0111,SEMANTIC_RULE,HIGH,V13 direct title match.
ETAG-05202,EVT-0373,TAG-0112,SEMANTIC_RULE,HIGH,V13 direct title match.
ETAG-05203,EVT-0373,TAG-0154,GEOGRAPHY_RULE,HIGH,V13 direct title match.
ETAG-05204,EVT-0373,TAG-0161,GEOGRAPHY_RULE,HIGH,V13 direct title match.
ETAG-05213,EVT-0374,TAG-0132,CURRICULUM_THEME_INFERENCE,MEDIUM,V13 inferred from primary school theme.
ETAG-05214,EVT-0374,TAG-0107,CURRICULUM_THEME_INFERENCE,MEDIUM,V13 inferred from primary school theme.
ETAG-05215,EVT-0374,TAG-0119,CURRICULUM_THEME_INFERENCE,MEDIUM,V13 inferred from primary school theme.
ETAG-05216,EVT-0374,TAG-0108,CURRICULUM_THEME_INFERENCE,MEDIUM,V13 inferred from primary school theme.
ETAG-05217,EVT-0374,TAG-0155,CURRICULUM_THEME_INFERENCE,MEDIUM,V13 inferred from primary school theme.
ETAG-05218,EVT-0374,TAG-0111,SEMANTIC_RULE,HIGH,V13 direct title match.
ETAG-05219,EVT-0374,TAG-0112,SEMANTIC_RULE,HIGH,V13 direct title match.
ETAG-05220,EVT-0374,TAG-0154,GEOGRAPHY_RULE,HIGH,V13 direct title match.
ETAG-05221,EVT-0374,TAG-0161,GEOGRAPHY_RULE,HIGH,V13 direct title match.
ETAG-05230,EVT-0375,TAG-0132,CURRICULUM_THEME_INFERENCE,MEDIUM,V13 inferred from primary school theme.
ETAG-05231,EVT-0375,TAG-0107,CURRICULUM_THEME_INFERENCE,MEDIUM,V13 inferred from primary school theme.
ETAG-05232,EVT-0375,TAG-0119,CURRICULUM_THEME_INFERENCE,MEDIUM,V13 inferred from primary school theme.
ETAG-05233,EVT-0375,TAG-0108,CURRICULUM_THEME_INFERENCE,MEDIUM,V13 inferred from primary school theme.
ETAG-05234,EVT-0375,TAG-0155,CURRICULUM_THEME_INFERENCE,MEDIUM,V13 inferred from primary school theme.
ETAG-05243,EVT-0376,TAG-0132,CURRICULUM_THEME_INFERENCE,MEDIUM,V13 inferred from primary school theme.
ETAG-05244,EVT-0376,TAG-0107,CURRICULUM_THEME_INFERENCE,MEDIUM,V13 inferred from primary school theme.
ETAG-05245,EVT-0376,TAG-0119,CURRICULUM_THEME_INFERENCE,MEDIUM,V13 inferred from primary school theme.
ETAG-05246,EVT-0376,TAG-0108,CURRICULUM_THEME_INFERENCE,MEDIUM,V13 inferred from primary school theme.
ETAG-05247,EVT-0376,TAG-0155,CURRICULUM_THEME_INFERENCE,MEDIUM,V13 inferred from primary school theme.
ETAG-05248,EVT-0376,TAG-0111,SEMANTIC_RULE,HIGH,V13 direct title match.
ETAG-05249,EVT-0376,TAG-0154,GEOGRAPHY_RULE,HIGH,V13 direct title match.
ETAG-05250,EVT-0376,TAG-0161,GEOGRAPHY_RULE,HIGH,V13 direct title match.
ETAG-05259,EVT-0377,TAG-0132,CURRICULUM_THEME_INFERENCE,MEDIUM,V13 inferred from primary school theme.
ETAG-05260,EVT-0377,TAG-0107,CURRICULUM_THEME_INFERENCE,MEDIUM,V13 inferred from primary school theme.
ETAG-05261,EVT-0377,TAG-0119,CURRICULUM_THEME_INFERENCE,MEDIUM,V13 inferred from primary school theme.
ETAG-05262,EVT-0377,TAG-0108,CURRICULUM_THEME_INFERENCE,MEDIUM,V13 inferred from primary school theme.
ETAG-05263,EVT-0377,TAG-0155,CURRICULUM_THEME_INFERENCE,MEDIUM,V13 inferred from primary school theme.
ETAG-05272,EVT-0378,TAG-0132,CURRICULUM_THEME_INFERENCE,MEDIUM,V13 inferred from primary school theme.
ETAG-05273,EVT-0378,TAG-0107,CURRICULUM_THEME_INFERENCE,MEDIUM,V13 inferred from primary school theme.
ETAG-05274,EVT-0378,TAG-0119,CURRICULUM_THEME_INFERENCE,MEDIUM,V13 inferred from primary school theme.
ETAG-05275,EVT-0378,TAG-0108,CURRICULUM_THEME_INFERENCE,MEDIUM,V13 inferred from primary school theme.
ETAG-05276,EVT-0378,TAG-0155,CURRICULUM_THEME_INFERENCE,MEDIUM,V13 inferred from primary school theme.
ETAG-05277,EVT-0378,TAG-0154,GEOGRAPHY_RULE,HIGH,V13 direct title match.
ETAG-05278,EVT-0378,TAG-0161,GEOGRAPHY_RULE,HIGH,V13 direct title match.
ETAG-05287,EVT-0379,TAG-0132,CURRICULUM_THEME_INFERENCE,MEDIUM,V13 inferred from primary school theme.
ETAG-05288,EVT-0379,TAG-0107,CURRICULUM_THEME_INFERENCE,MEDIUM,V13 inferred from primary school theme.
ETAG-05289,EVT-0379,TAG-0119,CURRICULUM_THEME_INFERENCE,MEDIUM,V13 inferred from primary school theme.
ETAG-05290,EVT-0379,TAG-0108,CURRICULUM_THEME_INFERENCE,MEDIUM,V13 inferred from primary school theme.
ETAG-05291,EVT-0379,TAG-0155,CURRICULUM_THEME_INFERENCE,MEDIUM,V13 inferred from primary school theme.
ETAG-05292,EVT-0379,TAG-0111,SEMANTIC_RULE,HIGH,V13 direct title match.
ETAG-05293,EVT-0379,TAG-0112,SEMANTIC_RULE,HIGH,V13 direct title match.
ETAG-05294,EVT-0379,TAG-0154,GEOGRAPHY_RULE,HIGH,V13 direct title match.
ETAG-05295,EVT-0379,TAG-0161,GEOGRAPHY_RULE,HIGH,V13 direct title match.
ETAG-05304,EVT-0380,TAG-0132,CURRICULUM_THEME_INFERENCE,MEDIUM,V13 inferred from primary school theme.
ETAG-05305,EVT-0380,TAG-0107,CURRICULUM_THEME_INFERENCE,MEDIUM,V13 inferred from primary school theme.
ETAG-05306,EVT-0380,TAG-0119,CURRICULUM_THEME_INFERENCE,MEDIUM,V13 inferred from primary school theme.
ETAG-05307,EVT-0380,TAG-0108,CURRICULUM_THEME_INFERENCE,MEDIUM,V13 inferred from primary school theme.
ETAG-05308,EVT-0380,TAG-0155,CURRICULUM_THEME_INFERENCE,MEDIUM,V13 inferred from primary school theme.
ETAG-05309,EVT-0380,TAG-0111,SEMANTIC_RULE,HIGH,V13 direct title match.
ETAG-05310,EVT-0380,TAG-0112,SEMANTIC_RULE,HIGH,V13 direct title match.
ETAG-05311,EVT-0380,TAG-0154,GEOGRAPHY_RULE,HIGH,V13 direct title match.
ETAG-05312,EVT-0380,TAG-0161,GEOGRAPHY_RULE,HIGH,V13 direct title match.
ETAG-05321,EVT-0381,TAG-0132,CURRICULUM_THEME_INFERENCE,MEDIUM,V13 inferred from primary school theme.
ETAG-05322,EVT-0381,TAG-0107,CURRICULUM_THEME_INFERENCE,MEDIUM,V13 inferred from primary school theme.
ETAG-05323,EVT-0381,TAG-0119,CURRICULUM_THEME_INFERENCE,MEDIUM,V13 inferred from primary school theme.
ETAG-05324,EVT-0381,TAG-0108,CURRICULUM_THEME_INFERENCE,MEDIUM,V13 inferred from primary school theme.
ETAG-05325,EVT-0381,TAG-0155,CURRICULUM_THEME_INFERENCE,MEDIUM,V13 inferred from primary school theme.
ETAG-05334,EVT-0382,TAG-0115,CURRICULUM_THEME_INFERENCE,MEDIUM,V13 inferred from primary school theme.
ETAG-05335,EVT-0382,TAG-0119,CURRICULUM_THEME_INFERENCE,MEDIUM,V13 inferred from primary school theme.
ETAG-05336,EVT-0382,TAG-0108,V14_MANUAL_AUDIT,HIGH,High-confidence topic after targeted V14 review.
ETAG-05337,EVT-0382,TAG-0155,CURRICULUM_THEME_INFERENCE,MEDIUM,V13 inferred from primary school theme.
ETAG-05338,EVT-0382,TAG-0107,SEMANTIC_RULE,HIGH,V13 direct title match.
ETAG-05347,EVT-0383,TAG-0115,CURRICULUM_THEME_INFERENCE,MEDIUM,V13 inferred from primary school theme.
ETAG-05348,EVT-0383,TAG-0119,CURRICULUM_THEME_INFERENCE,MEDIUM,V13 inferred from primary school theme.
ETAG-05349,EVT-0383,TAG-0108,CURRICULUM_THEME_INFERENCE,MEDIUM,V13 inferred from primary school theme.
ETAG-05350,EVT-0383,TAG-0155,V14_MANUAL_AUDIT,HIGH,High-confidence geography after targeted V14 review.
ETAG-05351,EVT-0383,TAG-0111,SEMANTIC_RULE,HIGH,V13 direct title match.
ETAG-05360,EVT-0384,TAG-0115,V14_MANUAL_AUDIT,HIGH,High-confidence topic after targeted V14 review.
ETAG-05361,EVT-0384,TAG-0119,CURRICULUM_THEME_INFERENCE,MEDIUM,V13 inferred from primary school theme.
ETAG-05362,EVT-0384,TAG-0108,CURRICULUM_THEME_INFERENCE,MEDIUM,V13 inferred from primary school theme.
ETAG-05363,EVT-0384,TAG-0155,CURRICULUM_THEME_INFERENCE,MEDIUM,V13 inferred from primary school theme.
ETAG-05364,EVT-0384,TAG-0154,GEOGRAPHY_RULE,HIGH,V13 direct title match.
ETAG-05365,EVT-0384,TAG-0160,GEOGRAPHY_RULE,HIGH,V13 direct title match.
ETAG-05374,EVT-0385,TAG-0115,V14_MANUAL_AUDIT,HIGH,High-confidence topic after targeted V14 review.
ETAG-05375,EVT-0385,TAG-0119,CURRICULUM_THEME_INFERENCE,MEDIUM,V13 inferred from primary school theme.
ETAG-05376,EVT-0385,TAG-0108,CURRICULUM_THEME_INFERENCE,MEDIUM,V13 inferred from primary school theme.
ETAG-05377,EVT-0385,TAG-0155,CURRICULUM_THEME_INFERENCE,MEDIUM,V13 inferred from primary school theme.
ETAG-05386,EVT-0386,TAG-0115,V14_MANUAL_AUDIT,HIGH,High-confidence topic after targeted V14 review.
ETAG-05387,EVT-0386,TAG-0119,CURRICULUM_THEME_INFERENCE,MEDIUM,V13 inferred from primary school theme.
ETAG-05388,EVT-0386,TAG-0108,CURRICULUM_THEME_INFERENCE,MEDIUM,V13 inferred from primary school theme.
ETAG-05389,EVT-0386,TAG-0155,CURRICULUM_THEME_INFERENCE,MEDIUM,V13 inferred from primary school theme.
ETAG-05398,EVT-0387,TAG-0115,CURRICULUM_THEME_INFERENCE,MEDIUM,V13 inferred from primary school theme.
ETAG-05399,EVT-0387,TAG-0119,CURRICULUM_THEME_INFERENCE,MEDIUM,V13 inferred from primary school theme.
ETAG-05400,EVT-0387,TAG-0108,CURRICULUM_THEME_INFERENCE,MEDIUM,V13 inferred from primary school theme.
ETAG-05401,EVT-0387,TAG-0155,CURRICULUM_THEME_INFERENCE,MEDIUM,V13 inferred from primary school theme.
ETAG-05402,EVT-0387,TAG-0111,SEMANTIC_RULE,HIGH,V13 direct title match.
ETAG-05403,EVT-0387,TAG-0112,SEMANTIC_RULE,HIGH,V13 direct title match.
ETAG-05404,EVT-0387,TAG-0154,GEOGRAPHY_RULE,HIGH,V13 direct title match.
ETAG-05405,EVT-0387,TAG-0160,GEOGRAPHY_RULE,HIGH,V13 direct title match.
ETAG-05414,EVT-0388,TAG-0115,CURRICULUM_THEME_INFERENCE,MEDIUM,V13 inferred from primary school theme.
ETAG-05415,EVT-0388,TAG-0119,V14_MANUAL_AUDIT,HIGH,High-confidence topic after targeted V14 review.
ETAG-05416,EVT-0388,TAG-0108,CURRICULUM_THEME_INFERENCE,MEDIUM,V13 inferred from primary school theme.
ETAG-05417,EVT-0388,TAG-0155,V14_MANUAL_AUDIT,HIGH,High-confidence geography after targeted V14 review.
ETAG-05418,EVT-0388,TAG-0109,SEMANTIC_RULE,HIGH,V13 direct title match.
ETAG-05427,EVT-0389,TAG-0115,CURRICULUM_THEME_INFERENCE,MEDIUM,V13 inferred from primary school theme.
ETAG-05428,EVT-0389,TAG-0119,V14_MANUAL_AUDIT,HIGH,High-confidence topic after targeted V14 review.
ETAG-05429,EVT-0389,TAG-0108,CURRICULUM_THEME_INFERENCE,MEDIUM,V13 inferred from primary school theme.
ETAG-05430,EVT-0389,TAG-0155,V14_MANUAL_AUDIT,HIGH,High-confidence geography after targeted V14 review.
ETAG-05439,EVT-0390,TAG-0115,V14_MANUAL_AUDIT,HIGH,High-confidence topic after targeted V14 review.
ETAG-05440,EVT-0390,TAG-0119,CURRICULUM_THEME_INFERENCE,MEDIUM,V13 inferred from primary school theme.
ETAG-05441,EVT-0390,TAG-0108,CURRICULUM_THEME_INFERENCE,MEDIUM,V13 inferred from primary school theme.
ETAG-05442,EVT-0390,TAG-0155,CURRICULUM_THEME_INFERENCE,MEDIUM,V13 inferred from primary school theme.
ETAG-05443,EVT-0390,TAG-0154,GEOGRAPHY_RULE,HIGH,V13 direct title match.
ETAG-05444,EVT-0390,TAG-0160,GEOGRAPHY_RULE,HIGH,V13 direct title match.
ETAG-05453,EVT-0391,TAG-0115,CURRICULUM_THEME_INFERENCE,MEDIUM,V13 inferred from primary school theme.
ETAG-05454,EVT-0391,TAG-0119,V14_MANUAL_AUDIT,HIGH,High-confidence topic after targeted V14 review.
ETAG-05455,EVT-0391,TAG-0108,CURRICULUM_THEME_INFERENCE,MEDIUM,V13 inferred from primary school theme.
ETAG-05456,EVT-0391,TAG-0155,V14_MANUAL_AUDIT,HIGH,High-confidence geography after targeted V14 review.
ETAG-05465,EVT-0392,TAG-0115,CURRICULUM_THEME_INFERENCE,MEDIUM,V13 inferred from primary school theme.
ETAG-05466,EVT-0392,TAG-0119,CURRICULUM_THEME_INFERENCE,MEDIUM,V13 inferred from primary school theme.
ETAG-05467,EVT-0392,TAG-0108,V14_MANUAL_AUDIT,HIGH,High-confidence topic after targeted V14 review.
ETAG-05468,EVT-0392,TAG-0155,CURRICULUM_THEME_INFERENCE,MEDIUM,V13 inferred from primary school theme.
ETAG-05477,EVT-0393,TAG-0114,CURRICULUM_THEME_INFERENCE,MEDIUM,V13 inferred from primary school theme.
ETAG-05478,EVT-0393,TAG-0119,CURRICULUM_THEME_INFERENCE,MEDIUM,V13 inferred from primary school theme.
ETAG-05479,EVT-0393,TAG-0155,CURRICULUM_THEME_INFERENCE,MEDIUM,V13 inferred from primary school theme.
ETAG-05480,EVT-0393,TAG-0111,SEMANTIC_RULE,HIGH,V13 direct title match.
ETAG-05481,EVT-0393,TAG-0112,SEMANTIC_RULE,HIGH,V13 direct title match.
ETAG-05490,EVT-0394,TAG-0114,CURRICULUM_THEME_INFERENCE,MEDIUM,V13 inferred from primary school theme.
ETAG-05491,EVT-0394,TAG-0119,CURRICULUM_THEME_INFERENCE,MEDIUM,V13 inferred from primary school theme.
ETAG-05492,EVT-0394,TAG-0155,CURRICULUM_THEME_INFERENCE,MEDIUM,V13 inferred from primary school theme.
ETAG-05493,EVT-0394,TAG-0115,SEMANTIC_RULE,HIGH,V13 direct title match.
ETAG-05494,EVT-0394,TAG-0108,SEMANTIC_RULE,HIGH,V13 direct title match.
ETAG-05503,EVT-0395,TAG-0114,CURRICULUM_THEME_INFERENCE,MEDIUM,V13 inferred from primary school theme.
ETAG-05504,EVT-0395,TAG-0119,CURRICULUM_THEME_INFERENCE,MEDIUM,V13 inferred from primary school theme.
ETAG-05505,EVT-0395,TAG-0155,CURRICULUM_THEME_INFERENCE,MEDIUM,V13 inferred from primary school theme.
ETAG-05506,EVT-0395,TAG-0111,SEMANTIC_RULE,HIGH,V13 direct title match.
ETAG-05507,EVT-0395,TAG-0112,SEMANTIC_RULE,HIGH,V13 direct title match.
ETAG-05516,EVT-0396,TAG-0119,CURRICULUM_THEME_INFERENCE,MEDIUM,V13 inferred from primary school theme.
ETAG-05517,EVT-0396,TAG-0123,CURRICULUM_THEME_INFERENCE,MEDIUM,V13 inferred from primary school theme.
ETAG-05518,EVT-0396,TAG-0108,CURRICULUM_THEME_INFERENCE,MEDIUM,V13 inferred from primary school theme.
ETAG-05519,EVT-0396,TAG-0154,V14_MANUAL_AUDIT,HIGH,High-confidence geography after targeted V14 review.
ETAG-05520,EVT-0396,TAG-0114,SEMANTIC_RULE,HIGH,V13 direct title match.
ETAG-05529,EVT-0397,TAG-0119,CURRICULUM_THEME_INFERENCE,MEDIUM,V13 inferred from primary school theme.
ETAG-05530,EVT-0397,TAG-0123,CURRICULUM_THEME_INFERENCE,MEDIUM,V13 inferred from primary school theme.
ETAG-05531,EVT-0397,TAG-0108,V14_MANUAL_AUDIT,HIGH,High-confidence topic after targeted V14 review.
ETAG-05532,EVT-0397,TAG-0154,V14_MANUAL_AUDIT,HIGH,High-confidence geography after targeted V14 review.
ETAG-05541,EVT-0398,TAG-0119,CURRICULUM_THEME_INFERENCE,MEDIUM,V13 inferred from primary school theme.
ETAG-05542,EVT-0398,TAG-0123,CURRICULUM_THEME_INFERENCE,MEDIUM,V13 inferred from primary school theme.
ETAG-05543,EVT-0398,TAG-0108,CURRICULUM_THEME_INFERENCE,MEDIUM,V13 inferred from primary school theme.
ETAG-05544,EVT-0398,TAG-0154,V14_MANUAL_AUDIT,HIGH,High-confidence geography after targeted V14 review.
ETAG-05545,EVT-0398,TAG-0111,SEMANTIC_RULE,HIGH,V13 direct title match.
ETAG-05546,EVT-0398,TAG-0112,SEMANTIC_RULE,HIGH,V13 direct title match.
ETAG-05555,EVT-0399,TAG-0114,CURRICULUM_THEME_INFERENCE,MEDIUM,V13 inferred from primary school theme.
ETAG-05556,EVT-0399,TAG-0119,V14_MANUAL_AUDIT,HIGH,High-confidence topic after targeted V14 review.
ETAG-05557,EVT-0399,TAG-0155,CURRICULUM_THEME_INFERENCE,MEDIUM,V13 inferred from primary school theme.
ETAG-05566,EVT-0400,TAG-0114,CURRICULUM_THEME_INFERENCE,MEDIUM,V13 inferred from primary school theme.
ETAG-05567,EVT-0400,TAG-0119,CURRICULUM_THEME_INFERENCE,MEDIUM,V13 inferred from primary school theme.
ETAG-05568,EVT-0400,TAG-0155,CURRICULUM_THEME_INFERENCE,MEDIUM,V13 inferred from primary school theme.
ETAG-05569,EVT-0400,TAG-0111,SEMANTIC_RULE,HIGH,V13 direct title match.
ETAG-05570,EVT-0400,TAG-0112,SEMANTIC_RULE,HIGH,V13 direct title match.
ETAG-05571,EVT-0400,TAG-0154,GEOGRAPHY_RULE,HIGH,V13 direct title match.
ETAG-05572,EVT-0400,TAG-0169,GEOGRAPHY_RULE,HIGH,V13 direct title match.
ETAG-05581,EVT-0401,TAG-0119,CURRICULUM_THEME_INFERENCE,MEDIUM,V13 inferred from primary school theme.
ETAG-05582,EVT-0401,TAG-0123,CURRICULUM_THEME_INFERENCE,MEDIUM,V13 inferred from primary school theme.
ETAG-05583,EVT-0401,TAG-0108,CURRICULUM_THEME_INFERENCE,MEDIUM,V13 inferred from primary school theme.
ETAG-05584,EVT-0401,TAG-0154,V14_MANUAL_AUDIT,HIGH,High-confidence geography after targeted V14 review.
ETAG-05585,EVT-0401,TAG-0109,SEMANTIC_RULE,HIGH,V13 direct title match.
ETAG-05594,EVT-0402,TAG-0119,V14_MANUAL_AUDIT,HIGH,High-confidence topic after targeted V14 review.
ETAG-05595,EVT-0402,TAG-0123,CURRICULUM_THEME_INFERENCE,MEDIUM,V13 inferred from primary school theme.
ETAG-05596,EVT-0402,TAG-0108,CURRICULUM_THEME_INFERENCE,MEDIUM,V13 inferred from primary school theme.
ETAG-05597,EVT-0402,TAG-0154,V14_MANUAL_AUDIT,HIGH,High-confidence geography after targeted V14 review.
ETAG-05606,EVT-0403,TAG-0114,CURRICULUM_THEME_INFERENCE,MEDIUM,V13 inferred from primary school theme.
ETAG-05607,EVT-0403,TAG-0119,CURRICULUM_THEME_INFERENCE,MEDIUM,V13 inferred from primary school theme.
ETAG-05608,EVT-0403,TAG-0155,CURRICULUM_THEME_INFERENCE,MEDIUM,V13 inferred from primary school theme.
ETAG-05609,EVT-0403,TAG-0115,SEMANTIC_RULE,HIGH,V13 direct title match.
ETAG-05618,EVT-0404,TAG-0132,CURRICULUM_THEME_INFERENCE,MEDIUM,V13 inferred from primary school theme.
ETAG-05619,EVT-0404,TAG-0131,V14_MANUAL_AUDIT,HIGH,High-confidence topic after targeted V14 review.
ETAG-05620,EVT-0404,TAG-0119,CURRICULUM_THEME_INFERENCE,MEDIUM,V13 inferred from primary school theme.
ETAG-05621,EVT-0404,TAG-0156,CURRICULUM_THEME_INFERENCE,MEDIUM,V13 inferred from primary school theme.
ETAG-05622,EVT-0404,TAG-0154,V14_MANUAL_AUDIT,HIGH,High-confidence geography after targeted V14 review.
ETAG-05631,EVT-0405,TAG-0132,CURRICULUM_THEME_INFERENCE,MEDIUM,V13 inferred from primary school theme.
ETAG-05632,EVT-0405,TAG-0131,V14_MANUAL_AUDIT,HIGH,High-confidence topic after targeted V14 review.
ETAG-05633,EVT-0405,TAG-0119,CURRICULUM_THEME_INFERENCE,MEDIUM,V13 inferred from primary school theme.
ETAG-05634,EVT-0405,TAG-0156,CURRICULUM_THEME_INFERENCE,MEDIUM,V13 inferred from primary school theme.
ETAG-05635,EVT-0405,TAG-0154,V14_MANUAL_AUDIT,HIGH,High-confidence geography after targeted V14 review.
ETAG-05636,EVT-0405,TAG-0160,GEOGRAPHY_RULE,HIGH,V13 direct title match.
ETAG-05645,EVT-0406,TAG-0119,CURRICULUM_THEME_INFERENCE,MEDIUM,V13 inferred from primary school theme.
ETAG-05646,EVT-0406,TAG-0123,CURRICULUM_THEME_INFERENCE,MEDIUM,V13 inferred from primary school theme.
ETAG-05647,EVT-0406,TAG-0108,CURRICULUM_THEME_INFERENCE,MEDIUM,V13 inferred from primary school theme.
ETAG-05648,EVT-0406,TAG-0154,V14_MANUAL_AUDIT,HIGH,High-confidence geography after targeted V14 review.
ETAG-05649,EVT-0406,TAG-0111,SEMANTIC_RULE,HIGH,V13 direct title match.
ETAG-05650,EVT-0406,TAG-0112,SEMANTIC_RULE,HIGH,V13 direct title match.
ETAG-05659,EVT-0407,TAG-0119,CURRICULUM_THEME_INFERENCE,MEDIUM,V13 inferred from primary school theme.
ETAG-05660,EVT-0407,TAG-0123,CURRICULUM_THEME_INFERENCE,MEDIUM,V13 inferred from primary school theme.
ETAG-05661,EVT-0407,TAG-0108,CURRICULUM_THEME_INFERENCE,MEDIUM,V13 inferred from primary school theme.
ETAG-05662,EVT-0407,TAG-0154,V14_MANUAL_AUDIT,HIGH,High-confidence geography after targeted V14 review.
ETAG-05663,EVT-0407,TAG-0111,SEMANTIC_RULE,HIGH,V13 direct title match.
ETAG-05664,EVT-0407,TAG-0112,SEMANTIC_RULE,HIGH,V13 direct title match.
ETAG-05673,EVT-0408,TAG-0119,CURRICULUM_THEME_INFERENCE,MEDIUM,V13 inferred from primary school theme.
ETAG-05674,EVT-0408,TAG-0123,CURRICULUM_THEME_INFERENCE,MEDIUM,V13 inferred from primary school theme.
ETAG-05675,EVT-0408,TAG-0108,CURRICULUM_THEME_INFERENCE,MEDIUM,V13 inferred from primary school theme.
ETAG-05676,EVT-0408,TAG-0154,V14_MANUAL_AUDIT,HIGH,High-confidence geography after targeted V14 review.
ETAG-05677,EVT-0408,TAG-0113,SEMANTIC_RULE,HIGH,V13 direct title match.
ETAG-05686,EVT-0409,TAG-0119,V14_MANUAL_AUDIT,HIGH,High-confidence topic after targeted V14 review.
ETAG-05687,EVT-0409,TAG-0123,CURRICULUM_THEME_INFERENCE,MEDIUM,V13 inferred from primary school theme.
ETAG-05688,EVT-0409,TAG-0108,CURRICULUM_THEME_INFERENCE,MEDIUM,V13 inferred from primary school theme.
ETAG-05689,EVT-0409,TAG-0154,V14_MANUAL_AUDIT,HIGH,High-confidence geography after targeted V14 review.
ETAG-05698,EVT-0410,TAG-0119,CURRICULUM_THEME_INFERENCE,MEDIUM,V13 inferred from primary school theme.
ETAG-05699,EVT-0410,TAG-0123,CURRICULUM_THEME_INFERENCE,MEDIUM,V13 inferred from primary school theme.
ETAG-05700,EVT-0410,TAG-0108,CURRICULUM_THEME_INFERENCE,MEDIUM,V13 inferred from primary school theme.
ETAG-05701,EVT-0410,TAG-0154,V14_MANUAL_AUDIT,HIGH,High-confidence geography after targeted V14 review.
ETAG-05702,EVT-0410,TAG-0111,SEMANTIC_RULE,HIGH,V13 direct title match.
ETAG-05703,EVT-0410,TAG-0112,SEMANTIC_RULE,HIGH,V13 direct title match.
ETAG-05712,EVT-0411,TAG-0132,CURRICULUM_THEME_INFERENCE,MEDIUM,V13 inferred from primary school theme.
ETAG-05713,EVT-0411,TAG-0131,CURRICULUM_THEME_INFERENCE,MEDIUM,V13 inferred from primary school theme.
ETAG-05714,EVT-0411,TAG-0119,CURRICULUM_THEME_INFERENCE,MEDIUM,V13 inferred from primary school theme.
ETAG-05715,EVT-0411,TAG-0156,CURRICULUM_THEME_INFERENCE,MEDIUM,V13 inferred from primary school theme.
ETAG-05716,EVT-0411,TAG-0154,V14_MANUAL_AUDIT,HIGH,High-confidence geography after targeted V14 review.
ETAG-05717,EVT-0411,TAG-0111,SEMANTIC_RULE,HIGH,V13 direct title match.
ETAG-05718,EVT-0411,TAG-0112,SEMANTIC_RULE,HIGH,V13 direct title match.
ETAG-05727,EVT-0412,TAG-0132,CURRICULUM_THEME_INFERENCE,MEDIUM,V13 inferred from primary school theme.
ETAG-05728,EVT-0412,TAG-0131,CURRICULUM_THEME_INFERENCE,MEDIUM,V13 inferred from primary school theme.
ETAG-05729,EVT-0412,TAG-0119,CURRICULUM_THEME_INFERENCE,MEDIUM,V13 inferred from primary school theme.
ETAG-05730,EVT-0412,TAG-0156,CURRICULUM_THEME_INFERENCE,MEDIUM,V13 inferred from primary school theme.
ETAG-05731,EVT-0412,TAG-0154,V14_MANUAL_AUDIT,HIGH,High-confidence geography after targeted V14 review.
ETAG-05732,EVT-0412,TAG-0108,SEMANTIC_RULE,HIGH,V13 direct title match.
ETAG-05741,EVT-0413,TAG-0132,V14_MANUAL_AUDIT,HIGH,High-confidence topic after targeted V14 review.
ETAG-05742,EVT-0413,TAG-0131,CURRICULUM_THEME_INFERENCE,MEDIUM,V13 inferred from primary school theme.
ETAG-05743,EVT-0413,TAG-0119,CURRICULUM_THEME_INFERENCE,MEDIUM,V13 inferred from primary school theme.
ETAG-05744,EVT-0413,TAG-0156,CURRICULUM_THEME_INFERENCE,MEDIUM,V13 inferred from primary school theme.
ETAG-05745,EVT-0413,TAG-0154,V14_MANUAL_AUDIT,HIGH,High-confidence geography after targeted V14 review.
ETAG-05754,EVT-0414,TAG-0132,CURRICULUM_THEME_INFERENCE,MEDIUM,V13 inferred from primary school theme.
ETAG-05755,EVT-0414,TAG-0131,CURRICULUM_THEME_INFERENCE,MEDIUM,V13 inferred from primary school theme.
ETAG-05756,EVT-0414,TAG-0119,V14_MANUAL_AUDIT,HIGH,High-confidence topic after targeted V14 review.
ETAG-05757,EVT-0414,TAG-0156,CURRICULUM_THEME_INFERENCE,MEDIUM,V13 inferred from primary school theme.
ETAG-05758,EVT-0414,TAG-0154,V14_MANUAL_AUDIT,HIGH,High-confidence geography after targeted V14 review.
ETAG-05767,EVT-0415,TAG-0132,V14_MANUAL_AUDIT,HIGH,High-confidence topic after targeted V14 review.
ETAG-05768,EVT-0415,TAG-0131,CURRICULUM_THEME_INFERENCE,MEDIUM,V13 inferred from primary school theme.
ETAG-05769,EVT-0415,TAG-0119,CURRICULUM_THEME_INFERENCE,MEDIUM,V13 inferred from primary school theme.
ETAG-05770,EVT-0415,TAG-0156,CURRICULUM_THEME_INFERENCE,MEDIUM,V13 inferred from primary school theme.
ETAG-05771,EVT-0415,TAG-0154,V14_MANUAL_AUDIT,HIGH,High-confidence geography after targeted V14 review.
ETAG-05772,EVT-0415,TAG-0162,GEOGRAPHY_RULE,HIGH,V13 direct title match.
ETAG-05781,EVT-0416,TAG-0132,CURRICULUM_THEME_INFERENCE,MEDIUM,V13 inferred from primary school theme.
ETAG-05782,EVT-0416,TAG-0131,CURRICULUM_THEME_INFERENCE,MEDIUM,V13 inferred from primary school theme.
ETAG-05783,EVT-0416,TAG-0119,V14_MANUAL_AUDIT,HIGH,High-confidence topic after targeted V14 review.
ETAG-05784,EVT-0416,TAG-0156,CURRICULUM_THEME_INFERENCE,MEDIUM,V13 inferred from primary school theme.
ETAG-05785,EVT-0416,TAG-0154,V14_MANUAL_AUDIT,HIGH,High-confidence geography after targeted V14 review.
ETAG-05786,EVT-0416,TAG-0162,GEOGRAPHY_RULE,HIGH,V13 direct title match.
ETAG-05795,EVT-0417,TAG-0132,V14_MANUAL_AUDIT,HIGH,High-confidence topic after targeted V14 review.
ETAG-05796,EVT-0417,TAG-0131,CURRICULUM_THEME_INFERENCE,MEDIUM,V13 inferred from primary school theme.
ETAG-05797,EVT-0417,TAG-0119,CURRICULUM_THEME_INFERENCE,MEDIUM,V13 inferred from primary school theme.
ETAG-05798,EVT-0417,TAG-0156,CURRICULUM_THEME_INFERENCE,MEDIUM,V13 inferred from primary school theme.
ETAG-05799,EVT-0417,TAG-0154,V14_MANUAL_AUDIT,HIGH,High-confidence geography after targeted V14 review.
ETAG-05800,EVT-0417,TAG-0162,GEOGRAPHY_RULE,HIGH,V13 direct title match.
ETAG-05809,EVT-0418,TAG-0132,CURRICULUM_THEME_INFERENCE,MEDIUM,V13 inferred from primary school theme.
ETAG-05810,EVT-0418,TAG-0131,CURRICULUM_THEME_INFERENCE,MEDIUM,V13 inferred from primary school theme.
ETAG-05811,EVT-0418,TAG-0119,CURRICULUM_THEME_INFERENCE,MEDIUM,V13 inferred from primary school theme.
ETAG-05812,EVT-0418,TAG-0127,CURRICULUM_THEME_INFERENCE,MEDIUM,V13 inferred from primary school theme.
ETAG-05813,EVT-0418,TAG-0156,CURRICULUM_THEME_INFERENCE,MEDIUM,V13 inferred from primary school theme.
ETAG-05814,EVT-0418,TAG-0154,V14_MANUAL_AUDIT,HIGH,High-confidence geography after targeted V14 review.
ETAG-05815,EVT-0418,TAG-0114,SEMANTIC_RULE,HIGH,V13 direct title match.
ETAG-05816,EVT-0418,TAG-0163,GEOGRAPHY_RULE,HIGH,V13 direct title match.
ETAG-05817,EVT-0418,TAG-0162,GEOGRAPHY_RULE,HIGH,V13 direct title match.
ETAG-05826,EVT-0419,TAG-0132,CURRICULUM_THEME_INFERENCE,MEDIUM,V13 inferred from primary school theme.
ETAG-05827,EVT-0419,TAG-0131,V14_MANUAL_AUDIT,HIGH,High-confidence topic after targeted V14 review.
ETAG-05828,EVT-0419,TAG-0119,CURRICULUM_THEME_INFERENCE,MEDIUM,V13 inferred from primary school theme.
ETAG-05829,EVT-0419,TAG-0127,CURRICULUM_THEME_INFERENCE,MEDIUM,V13 inferred from primary school theme.
ETAG-05830,EVT-0419,TAG-0156,CURRICULUM_THEME_INFERENCE,MEDIUM,V13 inferred from primary school theme.
ETAG-05831,EVT-0419,TAG-0154,V14_MANUAL_AUDIT,HIGH,High-confidence geography after targeted V14 review.
ETAG-05832,EVT-0419,TAG-0163,GEOGRAPHY_RULE,HIGH,V13 direct title match.
ETAG-05841,EVT-0420,TAG-0132,CURRICULUM_THEME_INFERENCE,MEDIUM,V13 inferred from primary school theme.
ETAG-05842,EVT-0420,TAG-0131,CURRICULUM_THEME_INFERENCE,MEDIUM,V13 inferred from primary school theme.
ETAG-05843,EVT-0420,TAG-0119,CURRICULUM_THEME_INFERENCE,MEDIUM,V13 inferred from primary school theme.
ETAG-05844,EVT-0420,TAG-0127,V14_MANUAL_AUDIT,HIGH,High-confidence topic after targeted V14 review.
ETAG-05845,EVT-0420,TAG-0156,CURRICULUM_THEME_INFERENCE,MEDIUM,V13 inferred from primary school theme.
ETAG-05846,EVT-0420,TAG-0154,V14_MANUAL_AUDIT,HIGH,High-confidence geography after targeted V14 review.
ETAG-05847,EVT-0420,TAG-0113,SEMANTIC_RULE,HIGH,V13 direct title match.
ETAG-05856,EVT-0421,TAG-0132,CURRICULUM_THEME_INFERENCE,MEDIUM,V13 inferred from primary school theme.
ETAG-05857,EVT-0421,TAG-0131,CURRICULUM_THEME_INFERENCE,MEDIUM,V13 inferred from primary school theme.
ETAG-05858,EVT-0421,TAG-0119,V14_MANUAL_AUDIT,HIGH,High-confidence topic after targeted V14 review.
ETAG-05859,EVT-0421,TAG-0127,CURRICULUM_THEME_INFERENCE,MEDIUM,V13 inferred from primary school theme.
ETAG-05860,EVT-0421,TAG-0156,CURRICULUM_THEME_INFERENCE,MEDIUM,V13 inferred from primary school theme.
ETAG-05861,EVT-0421,TAG-0154,V14_MANUAL_AUDIT,HIGH,High-confidence geography after targeted V14 review.
ETAG-05862,EVT-0421,TAG-0114,SEMANTIC_RULE,HIGH,V13 direct title match.
ETAG-05871,EVT-0422,TAG-0132,CURRICULUM_THEME_INFERENCE,MEDIUM,V13 inferred from primary school theme.
ETAG-05872,EVT-0422,TAG-0131,CURRICULUM_THEME_INFERENCE,MEDIUM,V13 inferred from primary school theme.
ETAG-05873,EVT-0422,TAG-0119,CURRICULUM_THEME_INFERENCE,MEDIUM,V13 inferred from primary school theme.
ETAG-05874,EVT-0422,TAG-0127,CURRICULUM_THEME_INFERENCE,MEDIUM,V13 inferred from primary school theme.
ETAG-05875,EVT-0422,TAG-0156,CURRICULUM_THEME_INFERENCE,MEDIUM,V13 inferred from primary school theme.
ETAG-05876,EVT-0422,TAG-0154,V14_MANUAL_AUDIT,HIGH,High-confidence geography after targeted V14 review.
ETAG-05877,EVT-0422,TAG-0108,SEMANTIC_RULE,HIGH,V13 direct title match.
ETAG-05886,EVT-0423,TAG-0107,CURRICULUM_THEME_INFERENCE,MEDIUM,V13 inferred from primary school theme.
ETAG-05887,EVT-0423,TAG-0109,CURRICULUM_THEME_INFERENCE,MEDIUM,V13 inferred from primary school theme.
ETAG-05888,EVT-0423,TAG-0106,V14_MANUAL_AUDIT,HIGH,High-confidence topic after targeted V14 review.
ETAG-05889,EVT-0423,TAG-0108,CURRICULUM_THEME_INFERENCE,MEDIUM,V13 inferred from primary school theme.
ETAG-05890,EVT-0423,TAG-0154,V14_MANUAL_AUDIT,HIGH,High-confidence geography after targeted V14 review.
ETAG-05891,EVT-0423,TAG-0157,CURRICULUM_THEME_INFERENCE,MEDIUM,V13 inferred from primary school theme.
ETAG-05892,EVT-0423,TAG-0158,V14_MANUAL_AUDIT,HIGH,High-confidence geography after targeted V14 review.
ETAG-05901,EVT-0424,TAG-0132,CURRICULUM_THEME_INFERENCE,MEDIUM,V13 inferred from primary school theme.
ETAG-05902,EVT-0424,TAG-0131,CURRICULUM_THEME_INFERENCE,MEDIUM,V13 inferred from primary school theme.
ETAG-05903,EVT-0424,TAG-0119,CURRICULUM_THEME_INFERENCE,MEDIUM,V13 inferred from primary school theme.
ETAG-05904,EVT-0424,TAG-0127,CURRICULUM_THEME_INFERENCE,MEDIUM,V13 inferred from primary school theme.
ETAG-05905,EVT-0424,TAG-0156,CURRICULUM_THEME_INFERENCE,MEDIUM,V13 inferred from primary school theme.
ETAG-05906,EVT-0424,TAG-0154,CURRICULUM_THEME_INFERENCE,MEDIUM,V13 inferred from primary school theme.
ETAG-05907,EVT-0424,TAG-0116,SEMANTIC_RULE,HIGH,V13 direct title match.
ETAG-05908,EVT-0424,TAG-0108,SEMANTIC_RULE,HIGH,V13 direct title match.
ETAG-05909,EVT-0424,TAG-0185,GEOGRAPHY_RULE,HIGH,V13 direct title match.
ETAG-05910,EVT-0424,TAG-0186,GEOGRAPHY_RULE,HIGH,V13 direct title match.
ETAG-05919,EVT-0425,TAG-0132,CURRICULUM_THEME_INFERENCE,MEDIUM,V13 inferred from primary school theme.
ETAG-05920,EVT-0425,TAG-0131,CURRICULUM_THEME_INFERENCE,MEDIUM,V13 inferred from primary school theme.
ETAG-05921,EVT-0425,TAG-0119,CURRICULUM_THEME_INFERENCE,MEDIUM,V13 inferred from primary school theme.
ETAG-05922,EVT-0425,TAG-0127,CURRICULUM_THEME_INFERENCE,MEDIUM,V13 inferred from primary school theme.
ETAG-05923,EVT-0425,TAG-0156,CURRICULUM_THEME_INFERENCE,MEDIUM,V13 inferred from primary school theme.
ETAG-05924,EVT-0425,TAG-0154,V14_MANUAL_AUDIT,HIGH,High-confidence geography after targeted V14 review.
ETAG-05925,EVT-0425,TAG-0109,SEMANTIC_RULE,HIGH,V13 direct title match.
ETAG-05926,EVT-0425,TAG-0185,GEOGRAPHY_RULE,HIGH,V13 direct title match.
ETAG-05927,EVT-0425,TAG-0186,GEOGRAPHY_RULE,HIGH,V13 direct title match.
ETAG-05928,EVT-0425,TAG-0158,GEOGRAPHY_RULE,HIGH,V13 direct title match.
ETAG-05937,EVT-0426,TAG-0132,CURRICULUM_THEME_INFERENCE,MEDIUM,V13 inferred from primary school theme.
ETAG-05938,EVT-0426,TAG-0131,CURRICULUM_THEME_INFERENCE,MEDIUM,V13 inferred from primary school theme.
ETAG-05939,EVT-0426,TAG-0119,CURRICULUM_THEME_INFERENCE,MEDIUM,V13 inferred from primary school theme.
ETAG-05940,EVT-0426,TAG-0127,CURRICULUM_THEME_INFERENCE,MEDIUM,V13 inferred from primary school theme.
ETAG-05941,EVT-0426,TAG-0156,CURRICULUM_THEME_INFERENCE,MEDIUM,V13 inferred from primary school theme.
ETAG-05942,EVT-0426,TAG-0154,V14_MANUAL_AUDIT,HIGH,High-confidence geography after targeted V14 review.
ETAG-05943,EVT-0426,TAG-0111,SEMANTIC_RULE,HIGH,V13 direct title match.
ETAG-05952,EVT-0427,TAG-0107,CURRICULUM_THEME_INFERENCE,MEDIUM,V13 inferred from primary school theme.
ETAG-05953,EVT-0427,TAG-0109,CURRICULUM_THEME_INFERENCE,MEDIUM,V13 inferred from primary school theme.
ETAG-05954,EVT-0427,TAG-0106,CURRICULUM_THEME_INFERENCE,MEDIUM,V13 inferred from primary school theme.
ETAG-05955,EVT-0427,TAG-0108,CURRICULUM_THEME_INFERENCE,MEDIUM,V13 inferred from primary school theme.
ETAG-05956,EVT-0427,TAG-0154,V14_MANUAL_AUDIT,HIGH,High-confidence geography after targeted V14 review.
ETAG-05957,EVT-0427,TAG-0157,CURRICULUM_THEME_INFERENCE,MEDIUM,V13 inferred from primary school theme.
ETAG-05958,EVT-0427,TAG-0158,CURRICULUM_THEME_INFERENCE,MEDIUM,V13 inferred from primary school theme.
ETAG-05959,EVT-0427,TAG-0111,SEMANTIC_RULE,HIGH,V13 direct title match.
ETAG-05968,EVT-0428,TAG-0107,CURRICULUM_THEME_INFERENCE,MEDIUM,V13 inferred from primary school theme.
ETAG-05969,EVT-0428,TAG-0109,CURRICULUM_THEME_INFERENCE,MEDIUM,V13 inferred from primary school theme.
ETAG-05970,EVT-0428,TAG-0106,V14_MANUAL_AUDIT,HIGH,High-confidence topic after targeted V14 review.
ETAG-05971,EVT-0428,TAG-0108,CURRICULUM_THEME_INFERENCE,MEDIUM,V13 inferred from primary school theme.
ETAG-05972,EVT-0428,TAG-0154,V14_MANUAL_AUDIT,HIGH,High-confidence geography after targeted V14 review.
ETAG-05973,EVT-0428,TAG-0157,CURRICULUM_THEME_INFERENCE,MEDIUM,V13 inferred from primary school theme.
ETAG-05974,EVT-0428,TAG-0158,V14_MANUAL_AUDIT,HIGH,High-confidence geography after targeted V14 review.
ETAG-05983,EVT-0429,TAG-0107,CURRICULUM_THEME_INFERENCE,MEDIUM,V13 inferred from primary school theme.
ETAG-05984,EVT-0429,TAG-0109,CURRICULUM_THEME_INFERENCE,MEDIUM,V13 inferred from primary school theme.
ETAG-05985,EVT-0429,TAG-0106,CURRICULUM_THEME_INFERENCE,MEDIUM,V13 inferred from primary school theme.
ETAG-05986,EVT-0429,TAG-0108,CURRICULUM_THEME_INFERENCE,MEDIUM,V13 inferred from primary school theme.
ETAG-05987,EVT-0429,TAG-0154,V14_MANUAL_AUDIT,HIGH,High-confidence geography after targeted V14 review.
ETAG-05988,EVT-0429,TAG-0157,CURRICULUM_THEME_INFERENCE,MEDIUM,V13 inferred from primary school theme.
ETAG-05989,EVT-0429,TAG-0158,V14_MANUAL_AUDIT,HIGH,High-confidence geography after targeted V14 review.
ETAG-05990,EVT-0429,TAG-0113,SEMANTIC_RULE,HIGH,V13 direct title match.
ETAG-05999,EVT-0430,TAG-0108,SEMANTIC_RULE,HIGH,V13 direct title match.
ETAG-06008,EVT-0431,TAG-0116,CURRICULUM_THEME_INFERENCE,MEDIUM,V13 inferred from primary school theme.
ETAG-06009,EVT-0431,TAG-0121,CURRICULUM_THEME_INFERENCE,MEDIUM,V13 inferred from primary school theme.
ETAG-06010,EVT-0431,TAG-0106,CURRICULUM_THEME_INFERENCE,MEDIUM,V13 inferred from primary school theme.
ETAG-06011,EVT-0431,TAG-0113,CURRICULUM_THEME_INFERENCE,MEDIUM,V13 inferred from primary school theme.
ETAG-06012,EVT-0431,TAG-0118,CURRICULUM_THEME_INFERENCE,MEDIUM,V13 inferred from primary school theme.
ETAG-06013,EVT-0431,TAG-0156,V14_MANUAL_AUDIT,HIGH,High-confidence geography after targeted V14 review.
ETAG-06014,EVT-0431,TAG-0154,CURRICULUM_THEME_INFERENCE,MEDIUM,V13 inferred from primary school theme.
ETAG-06015,EVT-0431,TAG-0111,SEMANTIC_RULE,HIGH,V13 direct title match.
ETAG-06024,EVT-0432,TAG-0116,CURRICULUM_THEME_INFERENCE,MEDIUM,V13 inferred from primary school theme.
ETAG-06025,EVT-0432,TAG-0121,CURRICULUM_THEME_INFERENCE,MEDIUM,V13 inferred from primary school theme.
ETAG-06026,EVT-0432,TAG-0106,CURRICULUM_THEME_INFERENCE,MEDIUM,V13 inferred from primary school theme.
ETAG-06027,EVT-0432,TAG-0113,V14_MANUAL_AUDIT,HIGH,High-confidence topic after targeted V14 review.
ETAG-06028,EVT-0432,TAG-0118,CURRICULUM_THEME_INFERENCE,MEDIUM,V13 inferred from primary school theme.
ETAG-06029,EVT-0432,TAG-0156,V14_MANUAL_AUDIT,HIGH,High-confidence geography after targeted V14 review.
ETAG-06030,EVT-0432,TAG-0154,CURRICULUM_THEME_INFERENCE,MEDIUM,V13 inferred from primary school theme.
ETAG-06039,EVT-0433,TAG-0116,CURRICULUM_THEME_INFERENCE,MEDIUM,V13 inferred from primary school theme.
ETAG-06040,EVT-0433,TAG-0121,CURRICULUM_THEME_INFERENCE,MEDIUM,V13 inferred from primary school theme.
ETAG-06041,EVT-0433,TAG-0106,CURRICULUM_THEME_INFERENCE,MEDIUM,V13 inferred from primary school theme.
ETAG-06042,EVT-0433,TAG-0113,V14_MANUAL_AUDIT,HIGH,High-confidence topic after targeted V14 review.
ETAG-06043,EVT-0433,TAG-0118,CURRICULUM_THEME_INFERENCE,MEDIUM,V13 inferred from primary school theme.
ETAG-06044,EVT-0433,TAG-0156,CURRICULUM_THEME_INFERENCE,MEDIUM,V13 inferred from primary school theme.
ETAG-06045,EVT-0433,TAG-0154,CURRICULUM_THEME_INFERENCE,MEDIUM,V13 inferred from primary school theme.
ETAG-06054,EVT-0434,TAG-0116,CURRICULUM_THEME_INFERENCE,MEDIUM,V13 inferred from primary school theme.
ETAG-06055,EVT-0434,TAG-0121,CURRICULUM_THEME_INFERENCE,MEDIUM,V13 inferred from primary school theme.
ETAG-06056,EVT-0434,TAG-0106,CURRICULUM_THEME_INFERENCE,MEDIUM,V13 inferred from primary school theme.
ETAG-06057,EVT-0434,TAG-0113,CURRICULUM_THEME_INFERENCE,MEDIUM,V13 inferred from primary school theme.
ETAG-06058,EVT-0434,TAG-0118,CURRICULUM_THEME_INFERENCE,MEDIUM,V13 inferred from primary school theme.
ETAG-06059,EVT-0434,TAG-0156,CURRICULUM_THEME_INFERENCE,MEDIUM,V13 inferred from primary school theme.
ETAG-06060,EVT-0434,TAG-0154,CURRICULUM_THEME_INFERENCE,MEDIUM,V13 inferred from primary school theme.
ETAG-06061,EVT-0434,TAG-0110,SEMANTIC_RULE,HIGH,V13 direct title match.
ETAG-06062,EVT-0434,TAG-0185,GEOGRAPHY_RULE,HIGH,V13 direct title match.
ETAG-06063,EVT-0434,TAG-0180,GEOGRAPHY_RULE,HIGH,V13 direct title match.
ETAG-06064,EVT-0434,TAG-0168,GEOGRAPHY_RULE,HIGH,V13 direct title match.
ETAG-06065,EVT-0434,TAG-0186,GEOGRAPHY_RULE,HIGH,V13 direct title match.
ETAG-06066,EVT-0434,TAG-0182,GEOGRAPHY_RULE,HIGH,V13 direct title match.
ETAG-06067,EVT-0434,TAG-0165,GEOGRAPHY_RULE,HIGH,V13 direct title match.
ETAG-06076,EVT-0435,TAG-0116,CURRICULUM_THEME_INFERENCE,MEDIUM,V13 inferred from primary school theme.
ETAG-06077,EVT-0435,TAG-0121,CURRICULUM_THEME_INFERENCE,MEDIUM,V13 inferred from primary school theme.
ETAG-06078,EVT-0435,TAG-0106,CURRICULUM_THEME_INFERENCE,MEDIUM,V13 inferred from primary school theme.
ETAG-06079,EVT-0435,TAG-0113,V14_MANUAL_AUDIT,HIGH,High-confidence topic after targeted V14 review.
ETAG-06080,EVT-0435,TAG-0118,CURRICULUM_THEME_INFERENCE,MEDIUM,V13 inferred from primary school theme.
ETAG-06081,EVT-0435,TAG-0156,CURRICULUM_THEME_INFERENCE,MEDIUM,V13 inferred from primary school theme.
ETAG-06082,EVT-0435,TAG-0154,V14_MANUAL_AUDIT,HIGH,High-confidence geography after targeted V14 review.
ETAG-06083,EVT-0435,TAG-0158,GEOGRAPHY_RULE,HIGH,V13 direct title match.
ETAG-06092,EVT-0436,TAG-0116,CURRICULUM_THEME_INFERENCE,MEDIUM,V13 inferred from primary school theme.
ETAG-06093,EVT-0436,TAG-0121,CURRICULUM_THEME_INFERENCE,MEDIUM,V13 inferred from primary school theme.
ETAG-06094,EVT-0436,TAG-0106,CURRICULUM_THEME_INFERENCE,MEDIUM,V13 inferred from primary school theme.
ETAG-06095,EVT-0436,TAG-0113,V14_MANUAL_AUDIT,HIGH,High-confidence topic after targeted V14 review.
ETAG-06096,EVT-0436,TAG-0118,CURRICULUM_THEME_INFERENCE,MEDIUM,V13 inferred from primary school theme.
ETAG-06097,EVT-0436,TAG-0156,CURRICULUM_THEME_INFERENCE,MEDIUM,V13 inferred from primary school theme.
ETAG-06098,EVT-0436,TAG-0154,V14_MANUAL_AUDIT,HIGH,High-confidence geography after targeted V14 review.
ETAG-06099,EVT-0436,TAG-0158,GEOGRAPHY_RULE,HIGH,V13 direct title match.
ETAG-06108,EVT-0437,TAG-0116,CURRICULUM_THEME_INFERENCE,MEDIUM,V13 inferred from primary school theme.
ETAG-06109,EVT-0437,TAG-0121,CURRICULUM_THEME_INFERENCE,MEDIUM,V13 inferred from primary school theme.
ETAG-06110,EVT-0437,TAG-0106,CURRICULUM_THEME_INFERENCE,MEDIUM,V13 inferred from primary school theme.
ETAG-06111,EVT-0437,TAG-0113,CURRICULUM_THEME_INFERENCE,MEDIUM,V13 inferred from primary school theme.
ETAG-06112,EVT-0437,TAG-0118,CURRICULUM_THEME_INFERENCE,MEDIUM,V13 inferred from primary school theme.
ETAG-06113,EVT-0437,TAG-0156,CURRICULUM_THEME_INFERENCE,MEDIUM,V13 inferred from primary school theme.
ETAG-06114,EVT-0437,TAG-0154,V14_MANUAL_AUDIT,HIGH,High-confidence geography after targeted V14 review.
ETAG-06115,EVT-0437,TAG-0111,SEMANTIC_RULE,HIGH,V13 direct title match.
ETAG-06116,EVT-0437,TAG-0114,SEMANTIC_RULE,HIGH,V13 direct title match.
ETAG-06117,EVT-0437,TAG-0110,SEMANTIC_RULE,HIGH,V13 direct title match.
ETAG-06118,EVT-0437,TAG-0180,GEOGRAPHY_RULE,HIGH,V13 direct title match.
ETAG-06119,EVT-0437,TAG-0157,GEOGRAPHY_RULE,HIGH,V13 direct title match.
ETAG-06120,EVT-0437,TAG-0168,GEOGRAPHY_RULE,HIGH,V13 direct title match.
ETAG-06121,EVT-0437,TAG-0182,GEOGRAPHY_RULE,HIGH,V13 direct title match.
ETAG-06130,EVT-0438,TAG-0116,CURRICULUM_THEME_INFERENCE,MEDIUM,V13 inferred from primary school theme.
ETAG-06131,EVT-0438,TAG-0121,CURRICULUM_THEME_INFERENCE,MEDIUM,V13 inferred from primary school theme.
ETAG-06132,EVT-0438,TAG-0106,CURRICULUM_THEME_INFERENCE,MEDIUM,V13 inferred from primary school theme.
ETAG-06133,EVT-0438,TAG-0113,CURRICULUM_THEME_INFERENCE,MEDIUM,V13 inferred from primary school theme.
ETAG-06134,EVT-0438,TAG-0118,CURRICULUM_THEME_INFERENCE,MEDIUM,V13 inferred from primary school theme.
ETAG-06135,EVT-0438,TAG-0156,CURRICULUM_THEME_INFERENCE,MEDIUM,V13 inferred from primary school theme.
ETAG-06136,EVT-0438,TAG-0154,CURRICULUM_THEME_INFERENCE,MEDIUM,V13 inferred from primary school theme.
ETAG-06137,EVT-0438,TAG-0109,SEMANTIC_RULE,HIGH,V13 direct title match.
ETAG-06138,EVT-0438,TAG-0107,SEMANTIC_RULE,HIGH,V13 direct title match.
ETAG-06139,EVT-0438,TAG-0108,SEMANTIC_RULE,HIGH,V13 direct title match.
ETAG-06140,EVT-0438,TAG-0185,GEOGRAPHY_RULE,HIGH,V13 direct title match.
ETAG-06141,EVT-0438,TAG-0186,GEOGRAPHY_RULE,HIGH,V13 direct title match.
ETAG-06142,EVT-0438,TAG-0165,GEOGRAPHY_RULE,HIGH,V13 direct title match.
ETAG-06151,EVT-0439,TAG-0116,V14_MANUAL_AUDIT,HIGH,High-confidence topic after targeted V14 review.
ETAG-06152,EVT-0439,TAG-0121,CURRICULUM_THEME_INFERENCE,MEDIUM,V13 inferred from primary school theme.
ETAG-06153,EVT-0439,TAG-0106,CURRICULUM_THEME_INFERENCE,MEDIUM,V13 inferred from primary school theme.
ETAG-06154,EVT-0439,TAG-0113,V14_MANUAL_AUDIT,HIGH,High-confidence topic after targeted V14 review.
ETAG-06155,EVT-0439,TAG-0118,V14_MANUAL_AUDIT,HIGH,High-confidence topic after targeted V14 review.
ETAG-06156,EVT-0439,TAG-0156,V14_MANUAL_AUDIT,HIGH,High-confidence geography after targeted V14 review.
ETAG-06157,EVT-0439,TAG-0154,CURRICULUM_THEME_INFERENCE,MEDIUM,V13 inferred from primary school theme.
ETAG-06166,EVT-0440,TAG-0114,CURRICULUM_THEME_INFERENCE,MEDIUM,V13 inferred from primary school theme.
ETAG-06167,EVT-0440,TAG-0106,CURRICULUM_THEME_INFERENCE,MEDIUM,V13 inferred from primary school theme.
ETAG-06168,EVT-0440,TAG-0113,CURRICULUM_THEME_INFERENCE,MEDIUM,V13 inferred from primary school theme.
ETAG-06169,EVT-0440,TAG-0154,V14_MANUAL_AUDIT,HIGH,High-confidence geography after targeted V14 review.
ETAG-06170,EVT-0440,TAG-0157,GEOGRAPHY_RULE,HIGH,V13 direct title match.
ETAG-06171,EVT-0440,TAG-0151,CURATED_CONTEXT,HIGH,V13 curated historical-context membership.
ETAG-06180,EVT-0441,TAG-0114,CURRICULUM_THEME_INFERENCE,MEDIUM,V13 inferred from primary school theme.
ETAG-06181,EVT-0441,TAG-0106,CURRICULUM_THEME_INFERENCE,MEDIUM,V13 inferred from primary school theme.
ETAG-06182,EVT-0441,TAG-0113,CURRICULUM_THEME_INFERENCE,MEDIUM,V13 inferred from primary school theme.
ETAG-06183,EVT-0441,TAG-0154,V14_MANUAL_AUDIT,HIGH,High-confidence geography after targeted V14 review.
ETAG-06184,EVT-0441,TAG-0111,SEMANTIC_RULE,HIGH,V13 direct title match.
ETAG-06185,EVT-0441,TAG-0112,SEMANTIC_RULE,HIGH,V13 direct title match.
ETAG-06186,EVT-0441,TAG-0157,GEOGRAPHY_RULE,HIGH,V13 direct title match.
ETAG-06187,EVT-0441,TAG-0151,CURATED_CONTEXT,HIGH,V13 curated historical-context membership.
ETAG-06196,EVT-0442,TAG-0114,CURRICULUM_THEME_INFERENCE,MEDIUM,V13 inferred from primary school theme.
ETAG-06197,EVT-0442,TAG-0106,V14_MANUAL_AUDIT,HIGH,High-confidence topic after targeted V14 review.
ETAG-06198,EVT-0442,TAG-0113,CURRICULUM_THEME_INFERENCE,MEDIUM,V13 inferred from primary school theme.
ETAG-06199,EVT-0442,TAG-0154,V14_MANUAL_AUDIT,HIGH,High-confidence geography after targeted V14 review.
ETAG-06200,EVT-0442,TAG-0107,SEMANTIC_RULE,HIGH,V13 direct title match.
ETAG-06201,EVT-0442,TAG-0108,SEMANTIC_RULE,HIGH,V13 direct title match.
ETAG-06202,EVT-0442,TAG-0157,GEOGRAPHY_RULE,HIGH,V13 direct title match.
ETAG-06203,EVT-0442,TAG-0151,CURATED_CONTEXT,HIGH,V13 curated historical-context membership.
ETAG-06212,EVT-0443,TAG-0114,CURRICULUM_THEME_INFERENCE,MEDIUM,V13 inferred from primary school theme.
ETAG-06213,EVT-0443,TAG-0106,CURRICULUM_THEME_INFERENCE,MEDIUM,V13 inferred from primary school theme.
ETAG-06214,EVT-0443,TAG-0113,V14_MANUAL_AUDIT,HIGH,High-confidence topic after targeted V14 review.
ETAG-06215,EVT-0443,TAG-0154,V14_MANUAL_AUDIT,HIGH,High-confidence geography after targeted V14 review.
ETAG-06216,EVT-0443,TAG-0151,CURATED_CONTEXT,HIGH,V13 curated historical-context membership.
ETAG-06225,EVT-0444,TAG-0114,CURRICULUM_THEME_INFERENCE,MEDIUM,V13 inferred from primary school theme.
ETAG-06226,EVT-0444,TAG-0106,V14_MANUAL_AUDIT,HIGH,High-confidence topic after targeted V14 review.
ETAG-06227,EVT-0444,TAG-0113,CURRICULUM_THEME_INFERENCE,MEDIUM,V13 inferred from primary school theme.
ETAG-06228,EVT-0444,TAG-0154,V14_MANUAL_AUDIT,HIGH,High-confidence geography after targeted V14 review.
ETAG-06229,EVT-0444,TAG-0151,CURATED_CONTEXT,HIGH,V13 curated historical-context membership.
ETAG-06238,EVT-0445,TAG-0114,CURRICULUM_THEME_INFERENCE,MEDIUM,V13 inferred from primary school theme.
ETAG-06239,EVT-0445,TAG-0106,V14_MANUAL_AUDIT,HIGH,High-confidence topic after targeted V14 review.
ETAG-06240,EVT-0445,TAG-0113,CURRICULUM_THEME_INFERENCE,MEDIUM,V13 inferred from primary school theme.
ETAG-06241,EVT-0445,TAG-0154,V14_MANUAL_AUDIT,HIGH,High-confidence geography after targeted V14 review.
ETAG-06242,EVT-0445,TAG-0151,CURATED_CONTEXT,HIGH,V13 curated historical-context membership.
ETAG-06251,EVT-0446,TAG-0114,CURRICULUM_THEME_INFERENCE,MEDIUM,V13 inferred from primary school theme.
ETAG-06252,EVT-0446,TAG-0106,CURRICULUM_THEME_INFERENCE,MEDIUM,V13 inferred from primary school theme.
ETAG-06253,EVT-0446,TAG-0113,V14_MANUAL_AUDIT,HIGH,High-confidence topic after targeted V14 review.
ETAG-06254,EVT-0446,TAG-0154,V14_MANUAL_AUDIT,HIGH,High-confidence geography after targeted V14 review.
ETAG-06255,EVT-0446,TAG-0151,CURATED_CONTEXT,HIGH,V13 curated historical-context membership.
ETAG-06264,EVT-0447,TAG-0116,CURRICULUM_THEME_INFERENCE,MEDIUM,V13 inferred from primary school theme.
ETAG-06265,EVT-0447,TAG-0121,CURRICULUM_THEME_INFERENCE,MEDIUM,V13 inferred from primary school theme.
ETAG-06266,EVT-0447,TAG-0106,CURRICULUM_THEME_INFERENCE,MEDIUM,V13 inferred from primary school theme.
ETAG-06267,EVT-0447,TAG-0113,CURRICULUM_THEME_INFERENCE,MEDIUM,V13 inferred from primary school theme.
ETAG-06268,EVT-0447,TAG-0118,CURRICULUM_THEME_INFERENCE,MEDIUM,V13 inferred from primary school theme.
ETAG-06269,EVT-0447,TAG-0156,V14_MANUAL_AUDIT,HIGH,High-confidence geography after targeted V14 review.
ETAG-06270,EVT-0447,TAG-0154,CURRICULUM_THEME_INFERENCE,MEDIUM,V13 inferred from primary school theme.
ETAG-06271,EVT-0447,TAG-0110,SEMANTIC_RULE,HIGH,V13 direct title match.
ETAG-06272,EVT-0447,TAG-0180,GEOGRAPHY_RULE,HIGH,V13 direct title match.
ETAG-06273,EVT-0447,TAG-0168,GEOGRAPHY_RULE,HIGH,V13 direct title match.
ETAG-06274,EVT-0447,TAG-0182,GEOGRAPHY_RULE,HIGH,V13 direct title match.
ETAG-06283,EVT-0448,TAG-0114,CURRICULUM_THEME_INFERENCE,MEDIUM,V13 inferred from primary school theme.
ETAG-06284,EVT-0448,TAG-0106,CURRICULUM_THEME_INFERENCE,MEDIUM,V13 inferred from primary school theme.
ETAG-06285,EVT-0448,TAG-0113,CURRICULUM_THEME_INFERENCE,MEDIUM,V13 inferred from primary school theme.
ETAG-06286,EVT-0448,TAG-0154,V14_MANUAL_AUDIT,HIGH,High-confidence geography after targeted V14 review.
ETAG-06287,EVT-0448,TAG-0111,SEMANTIC_RULE,HIGH,V13 direct title match.
ETAG-06288,EVT-0448,TAG-0112,SEMANTIC_RULE,HIGH,V13 direct title match.
ETAG-06289,EVT-0448,TAG-0152,CURATED_CONTEXT,HIGH,V13 curated historical-context membership.
ETAG-06298,EVT-0449,TAG-0114,V14_MANUAL_AUDIT,HIGH,High-confidence topic after targeted V14 review.
ETAG-06299,EVT-0449,TAG-0106,CURRICULUM_THEME_INFERENCE,MEDIUM,V13 inferred from primary school theme.
ETAG-06300,EVT-0449,TAG-0113,CURRICULUM_THEME_INFERENCE,MEDIUM,V13 inferred from primary school theme.
ETAG-06301,EVT-0449,TAG-0154,V14_MANUAL_AUDIT,HIGH,High-confidence geography after targeted V14 review.
ETAG-06302,EVT-0449,TAG-0111,SEMANTIC_RULE,HIGH,V13 direct title match.
ETAG-06303,EVT-0449,TAG-0110,SEMANTIC_RULE,HIGH,V13 direct title match.
ETAG-06304,EVT-0449,TAG-0116,SEMANTIC_RULE,HIGH,V13 direct title match.
ETAG-06305,EVT-0449,TAG-0146,SEMANTIC_RULE,HIGH,V13 direct title match.
ETAG-06306,EVT-0449,TAG-0180,GEOGRAPHY_RULE,HIGH,V13 direct title match.
ETAG-06307,EVT-0449,TAG-0161,GEOGRAPHY_RULE,HIGH,V13 direct title match.
ETAG-06308,EVT-0449,TAG-0168,GEOGRAPHY_RULE,HIGH,V13 direct title match.
ETAG-06309,EVT-0449,TAG-0155,GEOGRAPHY_RULE,HIGH,V13 direct title match.
ETAG-06310,EVT-0449,TAG-0182,GEOGRAPHY_RULE,HIGH,V13 direct title match.
ETAG-06319,EVT-0450,TAG-0114,CURRICULUM_THEME_INFERENCE,MEDIUM,V13 inferred from primary school theme.
ETAG-06320,EVT-0450,TAG-0106,CURRICULUM_THEME_INFERENCE,MEDIUM,V13 inferred from primary school theme.
ETAG-06321,EVT-0450,TAG-0113,CURRICULUM_THEME_INFERENCE,MEDIUM,V13 inferred from primary school theme.
ETAG-06322,EVT-0450,TAG-0154,V14_MANUAL_AUDIT,HIGH,High-confidence geography after targeted V14 review.
ETAG-06323,EVT-0450,TAG-0146,SEMANTIC_RULE,HIGH,V13 direct title match.
ETAG-06324,EVT-0450,TAG-0108,SEMANTIC_RULE,HIGH,V13 direct title match.
ETAG-06325,EVT-0450,TAG-0161,GEOGRAPHY_RULE,HIGH,V13 direct title match.
ETAG-06326,EVT-0450,TAG-0155,GEOGRAPHY_RULE,HIGH,V13 direct title match.
ETAG-06335,EVT-0451,TAG-0114,CURRICULUM_THEME_INFERENCE,MEDIUM,V13 inferred from primary school theme.
ETAG-06336,EVT-0451,TAG-0106,CURRICULUM_THEME_INFERENCE,MEDIUM,V13 inferred from primary school theme.
ETAG-06337,EVT-0451,TAG-0113,V14_MANUAL_AUDIT,HIGH,High-confidence topic after targeted V14 review.
ETAG-06338,EVT-0451,TAG-0154,V14_MANUAL_AUDIT,HIGH,High-confidence geography after targeted V14 review.
ETAG-06339,EVT-0451,TAG-0146,SEMANTIC_RULE,HIGH,V13 direct title match.
ETAG-06348,EVT-0452,TAG-0114,CURRICULUM_THEME_INFERENCE,MEDIUM,V13 inferred from primary school theme.
ETAG-06349,EVT-0452,TAG-0106,V14_MANUAL_AUDIT,HIGH,High-confidence topic after targeted V14 review.
ETAG-06350,EVT-0452,TAG-0113,CURRICULUM_THEME_INFERENCE,MEDIUM,V13 inferred from primary school theme.
ETAG-06351,EVT-0452,TAG-0154,V14_MANUAL_AUDIT,HIGH,High-confidence geography after targeted V14 review.
ETAG-06352,EVT-0452,TAG-0110,SEMANTIC_RULE,HIGH,V13 direct title match.
ETAG-06353,EVT-0452,TAG-0107,SEMANTIC_RULE,HIGH,V13 direct title match.
ETAG-06354,EVT-0452,TAG-0116,SEMANTIC_RULE,HIGH,V13 direct title match.
ETAG-06355,EVT-0452,TAG-0146,SEMANTIC_RULE,HIGH,V13 direct title match.
ETAG-06356,EVT-0452,TAG-0180,GEOGRAPHY_RULE,HIGH,V13 direct title match.
ETAG-06357,EVT-0452,TAG-0168,GEOGRAPHY_RULE,HIGH,V13 direct title match.
ETAG-06358,EVT-0452,TAG-0182,GEOGRAPHY_RULE,HIGH,V13 direct title match.
ETAG-06367,EVT-0453,TAG-0116,CURRICULUM_THEME_INFERENCE,MEDIUM,V13 inferred from primary school theme.
ETAG-06368,EVT-0453,TAG-0121,CURRICULUM_THEME_INFERENCE,MEDIUM,V13 inferred from primary school theme.
ETAG-06369,EVT-0453,TAG-0122,CURRICULUM_THEME_INFERENCE,MEDIUM,V13 inferred from primary school theme.
ETAG-06370,EVT-0453,TAG-0123,V14_MANUAL_AUDIT,HIGH,High-confidence topic after targeted V14 review.
ETAG-06371,EVT-0453,TAG-0156,CURRICULUM_THEME_INFERENCE,MEDIUM,V13 inferred from primary school theme.
ETAG-06372,EVT-0453,TAG-0154,V14_MANUAL_AUDIT,HIGH,High-confidence geography after targeted V14 review.
ETAG-06373,EVT-0453,TAG-0124,SEMANTIC_RULE,HIGH,V13 direct title match.
ETAG-06374,EVT-0453,TAG-0157,GEOGRAPHY_RULE,HIGH,V13 direct title match.
ETAG-06383,EVT-0454,TAG-0116,CURRICULUM_THEME_INFERENCE,MEDIUM,V13 inferred from primary school theme.
ETAG-06384,EVT-0454,TAG-0121,CURRICULUM_THEME_INFERENCE,MEDIUM,V13 inferred from primary school theme.
ETAG-06385,EVT-0454,TAG-0122,CURRICULUM_THEME_INFERENCE,MEDIUM,V13 inferred from primary school theme.
ETAG-06386,EVT-0454,TAG-0123,CURRICULUM_THEME_INFERENCE,MEDIUM,V13 inferred from primary school theme.
ETAG-06387,EVT-0454,TAG-0156,CURRICULUM_THEME_INFERENCE,MEDIUM,V13 inferred from primary school theme.
ETAG-06388,EVT-0454,TAG-0154,V14_MANUAL_AUDIT,HIGH,High-confidence geography after targeted V14 review.
ETAG-06389,EVT-0454,TAG-0158,GEOGRAPHY_RULE,HIGH,V13 direct title match.
ETAG-06398,EVT-0455,TAG-0116,CURRICULUM_THEME_INFERENCE,MEDIUM,V13 inferred from primary school theme.
ETAG-06399,EVT-0455,TAG-0121,CURRICULUM_THEME_INFERENCE,MEDIUM,V13 inferred from primary school theme.
ETAG-06400,EVT-0455,TAG-0122,CURRICULUM_THEME_INFERENCE,MEDIUM,V13 inferred from primary school theme.
ETAG-06401,EVT-0455,TAG-0123,CURRICULUM_THEME_INFERENCE,MEDIUM,V13 inferred from primary school theme.
ETAG-06402,EVT-0455,TAG-0156,CURRICULUM_THEME_INFERENCE,MEDIUM,V13 inferred from primary school theme.
ETAG-06403,EVT-0455,TAG-0154,V14_MANUAL_AUDIT,HIGH,High-confidence geography after targeted V14 review.
ETAG-06404,EVT-0455,TAG-0110,SEMANTIC_RULE,HIGH,V13 direct title match.
ETAG-06405,EVT-0455,TAG-0115,SEMANTIC_RULE,HIGH,V13 direct title match.
ETAG-06406,EVT-0455,TAG-0118,SEMANTIC_RULE,HIGH,V13 direct title match.
ETAG-06407,EVT-0455,TAG-0158,GEOGRAPHY_RULE,HIGH,V13 direct title match.
ETAG-06416,EVT-0456,TAG-0116,CURRICULUM_THEME_INFERENCE,MEDIUM,V13 inferred from primary school theme.
ETAG-06417,EVT-0456,TAG-0121,CURRICULUM_THEME_INFERENCE,MEDIUM,V13 inferred from primary school theme.
ETAG-06418,EVT-0456,TAG-0122,CURRICULUM_THEME_INFERENCE,MEDIUM,V13 inferred from primary school theme.
ETAG-06419,EVT-0456,TAG-0123,CURRICULUM_THEME_INFERENCE,MEDIUM,V13 inferred from primary school theme.
ETAG-06420,EVT-0456,TAG-0156,CURRICULUM_THEME_INFERENCE,MEDIUM,V13 inferred from primary school theme.
ETAG-06421,EVT-0456,TAG-0154,V14_MANUAL_AUDIT,HIGH,High-confidence geography after targeted V14 review.
ETAG-06422,EVT-0456,TAG-0129,SEMANTIC_RULE,HIGH,V13 direct title match.
ETAG-06431,EVT-0457,TAG-0116,CURRICULUM_THEME_INFERENCE,MEDIUM,V13 inferred from primary school theme.
ETAG-06432,EVT-0457,TAG-0121,CURRICULUM_THEME_INFERENCE,MEDIUM,V13 inferred from primary school theme.
ETAG-06433,EVT-0457,TAG-0122,CURRICULUM_THEME_INFERENCE,MEDIUM,V13 inferred from primary school theme.
ETAG-06434,EVT-0457,TAG-0123,V14_MANUAL_AUDIT,HIGH,High-confidence topic after targeted V14 review.
ETAG-06435,EVT-0457,TAG-0156,CURRICULUM_THEME_INFERENCE,MEDIUM,V13 inferred from primary school theme.
ETAG-06436,EVT-0457,TAG-0154,V14_MANUAL_AUDIT,HIGH,High-confidence geography after targeted V14 review.
ETAG-06445,EVT-0458,TAG-0146,V14_MANUAL_AUDIT,HIGH,High-confidence topic after targeted V14 review.
ETAG-06446,EVT-0458,TAG-0106,CURRICULUM_THEME_INFERENCE,MEDIUM,V13 inferred from primary school theme.
ETAG-06447,EVT-0458,TAG-0113,CURRICULUM_THEME_INFERENCE,MEDIUM,V13 inferred from primary school theme.
ETAG-06448,EVT-0458,TAG-0108,CURRICULUM_THEME_INFERENCE,MEDIUM,V13 inferred from primary school theme.
ETAG-06449,EVT-0458,TAG-0154,V14_MANUAL_AUDIT,HIGH,High-confidence geography after targeted V14 review.
ETAG-06458,EVT-0459,TAG-0146,CURRICULUM_THEME_INFERENCE,MEDIUM,V13 inferred from primary school theme.
ETAG-06459,EVT-0459,TAG-0106,CURRICULUM_THEME_INFERENCE,MEDIUM,V13 inferred from primary school theme.
ETAG-06460,EVT-0459,TAG-0113,V14_MANUAL_AUDIT,HIGH,High-confidence topic after targeted V14 review.
ETAG-06461,EVT-0459,TAG-0108,CURRICULUM_THEME_INFERENCE,MEDIUM,V13 inferred from primary school theme.
ETAG-06462,EVT-0459,TAG-0154,V14_MANUAL_AUDIT,HIGH,High-confidence geography after targeted V14 review.
ETAG-06463,EVT-0459,TAG-0157,GEOGRAPHY_RULE,HIGH,V13 direct title match.
ETAG-06472,EVT-0460,TAG-0146,CURRICULUM_THEME_INFERENCE,MEDIUM,V13 inferred from primary school theme.
ETAG-06473,EVT-0460,TAG-0106,V14_MANUAL_AUDIT,HIGH,High-confidence topic after targeted V14 review.
ETAG-06474,EVT-0460,TAG-0113,CURRICULUM_THEME_INFERENCE,MEDIUM,V13 inferred from primary school theme.
ETAG-06475,EVT-0460,TAG-0108,CURRICULUM_THEME_INFERENCE,MEDIUM,V13 inferred from primary school theme.
ETAG-06476,EVT-0460,TAG-0154,V14_MANUAL_AUDIT,HIGH,High-confidence geography after targeted V14 review.
ETAG-06477,EVT-0460,TAG-0115,SEMANTIC_RULE,HIGH,V13 direct title match.
ETAG-06486,EVT-0461,TAG-0116,CURRICULUM_THEME_INFERENCE,MEDIUM,V13 inferred from primary school theme.
ETAG-06487,EVT-0461,TAG-0121,CURRICULUM_THEME_INFERENCE,MEDIUM,V13 inferred from primary school theme.
ETAG-06488,EVT-0461,TAG-0122,CURRICULUM_THEME_INFERENCE,MEDIUM,V13 inferred from primary school theme.
ETAG-06489,EVT-0461,TAG-0123,CURRICULUM_THEME_INFERENCE,MEDIUM,V13 inferred from primary school theme.
ETAG-06490,EVT-0461,TAG-0156,CURRICULUM_THEME_INFERENCE,MEDIUM,V13 inferred from primary school theme.
ETAG-06491,EVT-0461,TAG-0154,V14_MANUAL_AUDIT,HIGH,High-confidence geography after targeted V14 review.
ETAG-06492,EVT-0461,TAG-0111,SEMANTIC_RULE,HIGH,V13 direct title match.
ETAG-06501,EVT-0462,TAG-0116,CURRICULUM_THEME_INFERENCE,MEDIUM,V13 inferred from primary school theme.
ETAG-06502,EVT-0462,TAG-0121,CURRICULUM_THEME_INFERENCE,MEDIUM,V13 inferred from primary school theme.
ETAG-06503,EVT-0462,TAG-0122,CURRICULUM_THEME_INFERENCE,MEDIUM,V13 inferred from primary school theme.
ETAG-06504,EVT-0462,TAG-0123,CURRICULUM_THEME_INFERENCE,MEDIUM,V13 inferred from primary school theme.
ETAG-06505,EVT-0462,TAG-0156,CURRICULUM_THEME_INFERENCE,MEDIUM,V13 inferred from primary school theme.
ETAG-06506,EVT-0462,TAG-0154,V14_MANUAL_AUDIT,HIGH,High-confidence geography after targeted V14 review.
ETAG-06507,EVT-0462,TAG-0111,SEMANTIC_RULE,HIGH,V13 direct title match.
ETAG-06508,EVT-0462,TAG-0114,SEMANTIC_RULE,HIGH,V13 direct title match.
ETAG-06509,EVT-0462,TAG-0157,GEOGRAPHY_RULE,HIGH,V13 direct title match.
ETAG-06518,EVT-0463,TAG-0116,V14_MANUAL_AUDIT,HIGH,High-confidence topic after targeted V14 review.
ETAG-06519,EVT-0463,TAG-0121,CURRICULUM_THEME_INFERENCE,MEDIUM,V13 inferred from primary school theme.
ETAG-06520,EVT-0463,TAG-0122,CURRICULUM_THEME_INFERENCE,MEDIUM,V13 inferred from primary school theme.
ETAG-06521,EVT-0463,TAG-0123,CURRICULUM_THEME_INFERENCE,MEDIUM,V13 inferred from primary school theme.
ETAG-06522,EVT-0463,TAG-0156,CURRICULUM_THEME_INFERENCE,MEDIUM,V13 inferred from primary school theme.
ETAG-06523,EVT-0463,TAG-0154,CURRICULUM_THEME_INFERENCE,MEDIUM,V13 inferred from primary school theme.
ETAG-06524,EVT-0463,TAG-0180,GEOGRAPHY_RULE,HIGH,V13 direct title match.
ETAG-06525,EVT-0463,TAG-0168,GEOGRAPHY_RULE,HIGH,V13 direct title match.
ETAG-06526,EVT-0463,TAG-0182,GEOGRAPHY_RULE,HIGH,V13 direct title match.
ETAG-06535,EVT-0464,TAG-0116,CURRICULUM_THEME_INFERENCE,MEDIUM,V13 inferred from primary school theme.
ETAG-06536,EVT-0464,TAG-0121,CURRICULUM_THEME_INFERENCE,MEDIUM,V13 inferred from primary school theme.
ETAG-06537,EVT-0464,TAG-0122,CURRICULUM_THEME_INFERENCE,MEDIUM,V13 inferred from primary school theme.
ETAG-06538,EVT-0464,TAG-0123,CURRICULUM_THEME_INFERENCE,MEDIUM,V13 inferred from primary school theme.
ETAG-06539,EVT-0464,TAG-0156,CURRICULUM_THEME_INFERENCE,MEDIUM,V13 inferred from primary school theme.
ETAG-06540,EVT-0464,TAG-0154,V14_MANUAL_AUDIT,HIGH,High-confidence geography after targeted V14 review.
ETAG-06541,EVT-0464,TAG-0129,SEMANTIC_RULE,HIGH,V13 direct title match.
ETAG-06550,EVT-0465,TAG-0146,V14_MANUAL_AUDIT,HIGH,High-confidence topic after targeted V14 review.
ETAG-06551,EVT-0465,TAG-0106,V14_MANUAL_AUDIT,HIGH,High-confidence topic after targeted V14 review.
ETAG-06552,EVT-0465,TAG-0113,CURRICULUM_THEME_INFERENCE,MEDIUM,V13 inferred from primary school theme.
ETAG-06553,EVT-0465,TAG-0108,V14_MANUAL_AUDIT,HIGH,High-confidence topic after targeted V14 review.
ETAG-06554,EVT-0465,TAG-0154,V14_MANUAL_AUDIT,HIGH,High-confidence geography after targeted V14 review.
ETAG-06555,EVT-0465,TAG-0160,GEOGRAPHY_RULE,HIGH,V13 direct title match.
ETAG-06564,EVT-0466,TAG-0116,CURRICULUM_THEME_INFERENCE,MEDIUM,V13 inferred from primary school theme.
ETAG-06565,EVT-0466,TAG-0121,CURRICULUM_THEME_INFERENCE,MEDIUM,V13 inferred from primary school theme.
ETAG-06566,EVT-0466,TAG-0122,CURRICULUM_THEME_INFERENCE,MEDIUM,V13 inferred from primary school theme.
ETAG-06567,EVT-0466,TAG-0123,CURRICULUM_THEME_INFERENCE,MEDIUM,V13 inferred from primary school theme.
ETAG-06568,EVT-0466,TAG-0156,CURRICULUM_THEME_INFERENCE,MEDIUM,V13 inferred from primary school theme.
ETAG-06569,EVT-0466,TAG-0154,V14_MANUAL_AUDIT,HIGH,High-confidence geography after targeted V14 review.
ETAG-06570,EVT-0466,TAG-0111,SEMANTIC_RULE,HIGH,V13 direct title match.
ETAG-06579,EVT-0467,TAG-0116,CURRICULUM_THEME_INFERENCE,MEDIUM,V13 inferred from primary school theme.
ETAG-06580,EVT-0467,TAG-0121,CURRICULUM_THEME_INFERENCE,MEDIUM,V13 inferred from primary school theme.
ETAG-06581,EVT-0467,TAG-0122,CURRICULUM_THEME_INFERENCE,MEDIUM,V13 inferred from primary school theme.
ETAG-06582,EVT-0467,TAG-0123,CURRICULUM_THEME_INFERENCE,MEDIUM,V13 inferred from primary school theme.
ETAG-06583,EVT-0467,TAG-0156,CURRICULUM_THEME_INFERENCE,MEDIUM,V13 inferred from primary school theme.
ETAG-06584,EVT-0467,TAG-0154,V14_MANUAL_AUDIT,HIGH,High-confidence geography after targeted V14 review.
ETAG-06585,EVT-0467,TAG-0110,SEMANTIC_RULE,HIGH,V13 direct title match.
ETAG-06586,EVT-0467,TAG-0118,SEMANTIC_RULE,HIGH,V13 direct title match.
ETAG-06595,EVT-0468,TAG-0116,CURRICULUM_THEME_INFERENCE,MEDIUM,V13 inferred from primary school theme.
ETAG-06596,EVT-0468,TAG-0121,CURRICULUM_THEME_INFERENCE,MEDIUM,V13 inferred from primary school theme.
ETAG-06597,EVT-0468,TAG-0122,CURRICULUM_THEME_INFERENCE,MEDIUM,V13 inferred from primary school theme.
ETAG-06598,EVT-0468,TAG-0123,CURRICULUM_THEME_INFERENCE,MEDIUM,V13 inferred from primary school theme.
ETAG-06599,EVT-0468,TAG-0156,CURRICULUM_THEME_INFERENCE,MEDIUM,V13 inferred from primary school theme.
ETAG-06600,EVT-0468,TAG-0154,CURRICULUM_THEME_INFERENCE,MEDIUM,V13 inferred from primary school theme.
ETAG-06601,EVT-0468,TAG-0111,SEMANTIC_RULE,HIGH,V13 direct title match.
ETAG-06602,EVT-0468,TAG-0112,SEMANTIC_RULE,HIGH,V13 direct title match.
ETAG-06611,EVT-0469,TAG-0116,CURRICULUM_THEME_INFERENCE,MEDIUM,V13 inferred from primary school theme.
ETAG-06612,EVT-0469,TAG-0121,CURRICULUM_THEME_INFERENCE,MEDIUM,V13 inferred from primary school theme.
ETAG-06613,EVT-0469,TAG-0122,CURRICULUM_THEME_INFERENCE,MEDIUM,V13 inferred from primary school theme.
ETAG-06614,EVT-0469,TAG-0123,V14_MANUAL_AUDIT,HIGH,High-confidence topic after targeted V14 review.
ETAG-06615,EVT-0469,TAG-0156,CURRICULUM_THEME_INFERENCE,MEDIUM,V13 inferred from primary school theme.
ETAG-06616,EVT-0469,TAG-0154,V14_MANUAL_AUDIT,HIGH,High-confidence geography after targeted V14 review.
ETAG-06617,EVT-0469,TAG-0108,SEMANTIC_RULE,HIGH,V13 direct title match.
ETAG-06626,EVT-0470,TAG-0116,CURRICULUM_THEME_INFERENCE,MEDIUM,V13 inferred from primary school theme.
ETAG-06627,EVT-0470,TAG-0121,CURRICULUM_THEME_INFERENCE,MEDIUM,V13 inferred from primary school theme.
ETAG-06628,EVT-0470,TAG-0122,CURRICULUM_THEME_INFERENCE,MEDIUM,V13 inferred from primary school theme.
ETAG-06629,EVT-0470,TAG-0123,CURRICULUM_THEME_INFERENCE,MEDIUM,V13 inferred from primary school theme.
ETAG-06630,EVT-0470,TAG-0156,CURRICULUM_THEME_INFERENCE,MEDIUM,V13 inferred from primary school theme.
ETAG-06631,EVT-0470,TAG-0154,V14_MANUAL_AUDIT,HIGH,High-confidence geography after targeted V14 review.
ETAG-06632,EVT-0470,TAG-0114,SEMANTIC_RULE,HIGH,V13 direct title match.
ETAG-06633,EVT-0470,TAG-0109,SEMANTIC_RULE,HIGH,V13 direct title match.
ETAG-06642,EVT-0471,TAG-0116,CURRICULUM_THEME_INFERENCE,MEDIUM,V13 inferred from primary school theme.
ETAG-06643,EVT-0471,TAG-0121,CURRICULUM_THEME_INFERENCE,MEDIUM,V13 inferred from primary school theme.
ETAG-06644,EVT-0471,TAG-0122,CURRICULUM_THEME_INFERENCE,MEDIUM,V13 inferred from primary school theme.
ETAG-06645,EVT-0471,TAG-0123,CURRICULUM_THEME_INFERENCE,MEDIUM,V13 inferred from primary school theme.
ETAG-06646,EVT-0471,TAG-0156,CURRICULUM_THEME_INFERENCE,MEDIUM,V13 inferred from primary school theme.
ETAG-06647,EVT-0471,TAG-0154,CURRICULUM_THEME_INFERENCE,MEDIUM,V13 inferred from primary school theme.
ETAG-06648,EVT-0471,TAG-0129,SEMANTIC_RULE,HIGH,V13 direct title match.
ETAG-06649,EVT-0471,TAG-0180,GEOGRAPHY_RULE,HIGH,V13 direct title match.
ETAG-06650,EVT-0471,TAG-0155,GEOGRAPHY_RULE,HIGH,V13 direct title match.
ETAG-06651,EVT-0471,TAG-0171,GEOGRAPHY_RULE,HIGH,V13 direct title match.
ETAG-06660,EVT-0472,TAG-0146,CURRICULUM_THEME_INFERENCE,MEDIUM,V13 inferred from primary school theme.
ETAG-06661,EVT-0472,TAG-0106,CURRICULUM_THEME_INFERENCE,MEDIUM,V13 inferred from primary school theme.
ETAG-06662,EVT-0472,TAG-0113,CURRICULUM_THEME_INFERENCE,MEDIUM,V13 inferred from primary school theme.
ETAG-06663,EVT-0472,TAG-0108,CURRICULUM_THEME_INFERENCE,MEDIUM,V13 inferred from primary school theme.
ETAG-06664,EVT-0472,TAG-0154,V14_MANUAL_AUDIT,HIGH,High-confidence geography after targeted V14 review.
ETAG-06665,EVT-0472,TAG-0111,SEMANTIC_RULE,HIGH,V13 direct title match.
ETAG-06666,EVT-0472,TAG-0164,GEOGRAPHY_RULE,HIGH,V13 direct title match.
ETAG-06675,EVT-0473,TAG-0146,V14_MANUAL_AUDIT,HIGH,High-confidence topic after targeted V14 review.
ETAG-06676,EVT-0473,TAG-0106,CURRICULUM_THEME_INFERENCE,MEDIUM,V13 inferred from primary school theme.
ETAG-06677,EVT-0473,TAG-0113,CURRICULUM_THEME_INFERENCE,MEDIUM,V13 inferred from primary school theme.
ETAG-06678,EVT-0473,TAG-0108,CURRICULUM_THEME_INFERENCE,MEDIUM,V13 inferred from primary school theme.
ETAG-06679,EVT-0473,TAG-0154,V14_MANUAL_AUDIT,HIGH,High-confidence geography after targeted V14 review.
ETAG-06680,EVT-0473,TAG-0157,GEOGRAPHY_RULE,HIGH,V13 direct title match.
ETAG-06689,EVT-0474,TAG-0146,CURRICULUM_THEME_INFERENCE,MEDIUM,V13 inferred from primary school theme.
ETAG-06690,EVT-0474,TAG-0106,CURRICULUM_THEME_INFERENCE,MEDIUM,V13 inferred from primary school theme.
ETAG-06691,EVT-0474,TAG-0113,CURRICULUM_THEME_INFERENCE,MEDIUM,V13 inferred from primary school theme.
ETAG-06692,EVT-0474,TAG-0108,CURRICULUM_THEME_INFERENCE,MEDIUM,V13 inferred from primary school theme.
ETAG-06693,EVT-0474,TAG-0154,V14_MANUAL_AUDIT,HIGH,High-confidence geography after targeted V14 review.
ETAG-06694,EVT-0474,TAG-0114,SEMANTIC_RULE,HIGH,V13 direct title match.
ETAG-06703,EVT-0475,TAG-0116,V14_MANUAL_AUDIT,HIGH,High-confidence topic after targeted V14 review.
ETAG-06704,EVT-0475,TAG-0107,CURRICULUM_THEME_INFERENCE,MEDIUM,V13 inferred from primary school theme.
ETAG-06705,EVT-0475,TAG-0106,CURRICULUM_THEME_INFERENCE,MEDIUM,V13 inferred from primary school theme.
ETAG-06706,EVT-0475,TAG-0154,V14_MANUAL_AUDIT,HIGH,High-confidence geography after targeted V14 review.
ETAG-06707,EVT-0475,TAG-0157,V14_MANUAL_AUDIT,HIGH,High-confidence geography after targeted V14 review.
ETAG-06716,EVT-0476,TAG-0116,CURRICULUM_THEME_INFERENCE,MEDIUM,V13 inferred from primary school theme.
ETAG-06717,EVT-0476,TAG-0107,CURRICULUM_THEME_INFERENCE,MEDIUM,V13 inferred from primary school theme.
ETAG-06718,EVT-0476,TAG-0106,CURRICULUM_THEME_INFERENCE,MEDIUM,V13 inferred from primary school theme.
ETAG-06719,EVT-0476,TAG-0154,V14_MANUAL_AUDIT,HIGH,High-confidence geography after targeted V14 review.
ETAG-06720,EVT-0476,TAG-0157,V14_MANUAL_AUDIT,HIGH,High-confidence geography after targeted V14 review.
ETAG-06721,EVT-0476,TAG-0109,SEMANTIC_RULE,HIGH,V13 direct title match.
ETAG-06722,EVT-0476,TAG-0110,SEMANTIC_RULE,HIGH,V13 direct title match.
ETAG-06723,EVT-0476,TAG-0123,SEMANTIC_RULE,HIGH,V13 direct title match.
ETAG-06724,EVT-0476,TAG-0124,SEMANTIC_RULE,HIGH,V13 direct title match.
ETAG-06733,EVT-0477,TAG-0116,CURRICULUM_THEME_INFERENCE,MEDIUM,V13 inferred from primary school theme.
ETAG-06734,EVT-0477,TAG-0107,CURRICULUM_THEME_INFERENCE,MEDIUM,V13 inferred from primary school theme.
ETAG-06735,EVT-0477,TAG-0106,CURRICULUM_THEME_INFERENCE,MEDIUM,V13 inferred from primary school theme.
ETAG-06736,EVT-0477,TAG-0154,V14_MANUAL_AUDIT,HIGH,High-confidence geography after targeted V14 review.
ETAG-06737,EVT-0477,TAG-0157,V14_MANUAL_AUDIT,HIGH,High-confidence geography after targeted V14 review.
ETAG-06738,EVT-0477,TAG-0122,SEMANTIC_RULE,HIGH,V13 direct title match.
ETAG-06739,EVT-0477,TAG-0129,SEMANTIC_RULE,HIGH,V13 direct title match.
ETAG-06748,EVT-0478,TAG-0111,V14_MANUAL_AUDIT,HIGH,High-confidence topic after targeted V14 review.
ETAG-06749,EVT-0478,TAG-0154,V14_MANUAL_AUDIT,HIGH,High-confidence geography after targeted V14 review.
ETAG-06750,EVT-0478,TAG-0148,CURATED_CONTEXT,HIGH,V13 curated historical-context membership.
ETAG-06759,EVT-0479,TAG-0111,V14_MANUAL_AUDIT,HIGH,High-confidence topic after targeted V14 review.
ETAG-06760,EVT-0479,TAG-0154,V14_MANUAL_AUDIT,HIGH,High-confidence geography after targeted V14 review.
ETAG-06761,EVT-0479,TAG-0159,GEOGRAPHY_RULE,HIGH,V13 direct title match.
ETAG-06762,EVT-0479,TAG-0164,GEOGRAPHY_RULE,HIGH,V13 direct title match.
ETAG-06763,EVT-0479,TAG-0148,CURATED_CONTEXT,HIGH,V13 curated historical-context membership.
ETAG-06772,EVT-0480,TAG-0111,V14_MANUAL_AUDIT,HIGH,High-confidence topic after targeted V14 review.
ETAG-06773,EVT-0480,TAG-0154,V14_MANUAL_AUDIT,HIGH,High-confidence geography after targeted V14 review.
ETAG-06774,EVT-0480,TAG-0157,GEOGRAPHY_RULE,HIGH,V13 direct title match.
ETAG-06775,EVT-0480,TAG-0159,GEOGRAPHY_RULE,HIGH,V13 direct title match.
ETAG-06776,EVT-0480,TAG-0148,CURATED_CONTEXT,HIGH,V13 curated historical-context membership.
ETAG-06785,EVT-0481,TAG-0111,V14_MANUAL_AUDIT,HIGH,High-confidence topic after targeted V14 review.
ETAG-06786,EVT-0481,TAG-0154,V14_MANUAL_AUDIT,HIGH,High-confidence geography after targeted V14 review.
ETAG-06787,EVT-0481,TAG-0108,SEMANTIC_RULE,HIGH,V13 direct title match.
ETAG-06788,EVT-0481,TAG-0159,GEOGRAPHY_RULE,HIGH,V13 direct title match.
ETAG-06789,EVT-0481,TAG-0148,CURATED_CONTEXT,HIGH,V13 curated historical-context membership.
ETAG-06798,EVT-0482,TAG-0111,V14_MANUAL_AUDIT,HIGH,High-confidence topic after targeted V14 review.
ETAG-06799,EVT-0482,TAG-0154,V14_MANUAL_AUDIT,HIGH,High-confidence geography after targeted V14 review.
ETAG-06800,EVT-0482,TAG-0112,SEMANTIC_RULE,HIGH,V13 direct title match.
ETAG-06801,EVT-0482,TAG-0148,CURATED_CONTEXT,HIGH,V13 curated historical-context membership.
ETAG-06810,EVT-0483,TAG-0111,V14_MANUAL_AUDIT,HIGH,High-confidence topic after targeted V14 review.
ETAG-06811,EVT-0483,TAG-0154,CURRICULUM_THEME_INFERENCE,MEDIUM,V13 inferred from primary school theme.
ETAG-06812,EVT-0483,TAG-0185,GEOGRAPHY_RULE,HIGH,V13 direct title match.
ETAG-06813,EVT-0483,TAG-0186,GEOGRAPHY_RULE,HIGH,V13 direct title match.
ETAG-06814,EVT-0483,TAG-0165,GEOGRAPHY_RULE,HIGH,V13 direct title match.
ETAG-06815,EVT-0483,TAG-0148,CURATED_CONTEXT,HIGH,V13 curated historical-context membership.
ETAG-06824,EVT-0484,TAG-0111,CURRICULUM_THEME_INFERENCE,MEDIUM,V13 inferred from primary school theme.
ETAG-06825,EVT-0484,TAG-0154,V14_MANUAL_AUDIT,HIGH,High-confidence geography after targeted V14 review.
ETAG-06826,EVT-0484,TAG-0113,SEMANTIC_RULE,HIGH,V13 direct title match.
ETAG-06827,EVT-0484,TAG-0164,GEOGRAPHY_RULE,HIGH,V13 direct title match.
ETAG-06828,EVT-0484,TAG-0148,CURATED_CONTEXT,HIGH,V13 curated historical-context membership.
ETAG-06837,EVT-0485,TAG-0111,CURRICULUM_THEME_INFERENCE,MEDIUM,V13 inferred from primary school theme.
ETAG-06838,EVT-0485,TAG-0154,V14_MANUAL_AUDIT,HIGH,High-confidence geography after targeted V14 review.
ETAG-06839,EVT-0485,TAG-0114,SEMANTIC_RULE,HIGH,V13 direct title match.
ETAG-06840,EVT-0485,TAG-0164,GEOGRAPHY_RULE,HIGH,V13 direct title match.
ETAG-06841,EVT-0485,TAG-0148,CURATED_CONTEXT,HIGH,V13 curated historical-context membership.
ETAG-06850,EVT-0486,TAG-0111,CURRICULUM_THEME_INFERENCE,MEDIUM,V13 inferred from primary school theme.
ETAG-06851,EVT-0486,TAG-0154,V14_MANUAL_AUDIT,HIGH,High-confidence geography after targeted V14 review.
ETAG-06852,EVT-0486,TAG-0114,SEMANTIC_RULE,HIGH,V13 direct title match.
ETAG-06853,EVT-0486,TAG-0157,GEOGRAPHY_RULE,HIGH,V13 direct title match.
ETAG-06854,EVT-0486,TAG-0148,CURATED_CONTEXT,HIGH,V13 curated historical-context membership.
ETAG-06863,EVT-0487,TAG-0111,CURRICULUM_THEME_INFERENCE,MEDIUM,V13 inferred from primary school theme.
ETAG-06864,EVT-0487,TAG-0154,V14_MANUAL_AUDIT,HIGH,High-confidence geography after targeted V14 review.
ETAG-06865,EVT-0487,TAG-0114,SEMANTIC_RULE,HIGH,V13 direct title match.
ETAG-06866,EVT-0487,TAG-0135,SEMANTIC_RULE,HIGH,V13 direct title match.
ETAG-06867,EVT-0487,TAG-0142,SEMANTIC_RULE,HIGH,V13 direct title match.
ETAG-06868,EVT-0487,TAG-0148,CURATED_CONTEXT,HIGH,V13 curated historical-context membership.
ETAG-06877,EVT-0488,TAG-0111,V14_MANUAL_AUDIT,HIGH,High-confidence topic after targeted V14 review.
ETAG-06878,EVT-0488,TAG-0154,V14_MANUAL_AUDIT,HIGH,High-confidence geography after targeted V14 review.
ETAG-06879,EVT-0488,TAG-0160,GEOGRAPHY_RULE,HIGH,V13 direct title match.
ETAG-06880,EVT-0488,TAG-0155,GEOGRAPHY_RULE,HIGH,V13 direct title match.
ETAG-06889,EVT-0489,TAG-0111,CURRICULUM_THEME_INFERENCE,MEDIUM,V13 inferred from primary school theme.
ETAG-06890,EVT-0489,TAG-0154,V14_MANUAL_AUDIT,HIGH,High-confidence geography after targeted V14 review.
ETAG-06891,EVT-0489,TAG-0147,SEMANTIC_RULE,HIGH,V13 direct title match.
ETAG-06892,EVT-0489,TAG-0160,GEOGRAPHY_RULE,HIGH,V13 direct title match.
ETAG-06901,EVT-0490,TAG-0111,CURRICULUM_THEME_INFERENCE,MEDIUM,V13 inferred from primary school theme.
ETAG-06902,EVT-0490,TAG-0154,V14_MANUAL_AUDIT,HIGH,High-confidence geography after targeted V14 review.
ETAG-06903,EVT-0490,TAG-0113,SEMANTIC_RULE,HIGH,V13 direct title match.
ETAG-06912,EVT-0491,TAG-0111,CURRICULUM_THEME_INFERENCE,MEDIUM,V13 inferred from primary school theme.
ETAG-06913,EVT-0491,TAG-0154,V14_MANUAL_AUDIT,HIGH,High-confidence geography after targeted V14 review.
ETAG-06914,EVT-0491,TAG-0114,SEMANTIC_RULE,HIGH,V13 direct title match.
ETAG-06915,EVT-0491,TAG-0121,SEMANTIC_RULE,HIGH,V13 direct title match.
ETAG-06916,EVT-0491,TAG-0159,GEOGRAPHY_RULE,HIGH,V13 direct title match.
ETAG-06925,EVT-0492,TAG-0111,CURRICULUM_THEME_INFERENCE,MEDIUM,V13 inferred from primary school theme.
ETAG-06926,EVT-0492,TAG-0154,V14_MANUAL_AUDIT,HIGH,High-confidence geography after targeted V14 review.
ETAG-06927,EVT-0492,TAG-0114,SEMANTIC_RULE,HIGH,V13 direct title match.
ETAG-06928,EVT-0492,TAG-0159,GEOGRAPHY_RULE,HIGH,V13 direct title match.
ETAG-06937,EVT-0493,TAG-0111,CURRICULUM_THEME_INFERENCE,MEDIUM,V13 inferred from primary school theme.
ETAG-06938,EVT-0493,TAG-0154,V14_MANUAL_AUDIT,HIGH,High-confidence geography after targeted V14 review.
ETAG-06939,EVT-0493,TAG-0114,SEMANTIC_RULE,HIGH,V13 direct title match.
ETAG-06940,EVT-0493,TAG-0142,SEMANTIC_RULE,HIGH,V13 direct title match.
ETAG-06949,EVT-0494,TAG-0106,CURRICULUM_THEME_INFERENCE,MEDIUM,V13 inferred from primary school theme.
ETAG-06950,EVT-0494,TAG-0147,CURRICULUM_THEME_INFERENCE,MEDIUM,V13 inferred from primary school theme.
ETAG-06951,EVT-0494,TAG-0111,CURRICULUM_THEME_INFERENCE,MEDIUM,V13 inferred from primary school theme.
ETAG-06952,EVT-0494,TAG-0154,CURRICULUM_THEME_INFERENCE,MEDIUM,V13 inferred from primary school theme.
ETAG-06953,EVT-0494,TAG-0121,SEMANTIC_RULE,HIGH,V13 direct title match.
ETAG-06954,EVT-0494,TAG-0185,GEOGRAPHY_RULE,HIGH,V13 direct title match.
ETAG-06955,EVT-0494,TAG-0186,GEOGRAPHY_RULE,HIGH,V13 direct title match.
ETAG-06956,EVT-0494,TAG-0165,GEOGRAPHY_RULE,HIGH,V13 direct title match.
ETAG-06965,EVT-0495,TAG-0106,CURRICULUM_THEME_INFERENCE,MEDIUM,V13 inferred from primary school theme.
ETAG-06966,EVT-0495,TAG-0147,CURRICULUM_THEME_INFERENCE,MEDIUM,V13 inferred from primary school theme.
ETAG-06967,EVT-0495,TAG-0111,CURRICULUM_THEME_INFERENCE,MEDIUM,V13 inferred from primary school theme.
ETAG-06968,EVT-0495,TAG-0154,CURRICULUM_THEME_INFERENCE,MEDIUM,V13 inferred from primary school theme.
ETAG-06969,EVT-0495,TAG-0121,SEMANTIC_RULE,HIGH,V13 direct title match.
ETAG-06970,EVT-0495,TAG-0185,GEOGRAPHY_RULE,HIGH,V13 direct title match.
ETAG-06971,EVT-0495,TAG-0186,GEOGRAPHY_RULE,HIGH,V13 direct title match.
ETAG-06972,EVT-0495,TAG-0165,GEOGRAPHY_RULE,HIGH,V13 direct title match.
ETAG-06981,EVT-0496,TAG-0106,V14_MANUAL_AUDIT,HIGH,High-confidence topic after targeted V14 review.
ETAG-06982,EVT-0496,TAG-0147,CURRICULUM_THEME_INFERENCE,MEDIUM,V13 inferred from primary school theme.
ETAG-06983,EVT-0496,TAG-0111,CURRICULUM_THEME_INFERENCE,MEDIUM,V13 inferred from primary school theme.
ETAG-06984,EVT-0496,TAG-0154,CURRICULUM_THEME_INFERENCE,MEDIUM,V13 inferred from primary school theme.
ETAG-06985,EVT-0496,TAG-0116,SEMANTIC_RULE,HIGH,V13 direct title match.
ETAG-06986,EVT-0496,TAG-0180,GEOGRAPHY_RULE,HIGH,V13 direct title match.
ETAG-06987,EVT-0496,TAG-0168,GEOGRAPHY_RULE,HIGH,V13 direct title match.
ETAG-06988,EVT-0496,TAG-0182,GEOGRAPHY_RULE,HIGH,V13 direct title match.
ETAG-06997,EVT-0497,TAG-0106,CURRICULUM_THEME_INFERENCE,MEDIUM,V13 inferred from primary school theme.
ETAG-06998,EVT-0497,TAG-0147,V14_MANUAL_AUDIT,HIGH,High-confidence topic after targeted V14 review.
ETAG-06999,EVT-0497,TAG-0111,CURRICULUM_THEME_INFERENCE,MEDIUM,V13 inferred from primary school theme.
ETAG-07000,EVT-0497,TAG-0154,V14_MANUAL_AUDIT,HIGH,High-confidence geography after targeted V14 review.
ETAG-07001,EVT-0497,TAG-0115,SEMANTIC_RULE,HIGH,V13 direct title match.
ETAG-07002,EVT-0497,TAG-0159,GEOGRAPHY_RULE,HIGH,V13 direct title match.
ETAG-07011,EVT-0498,TAG-0106,CURRICULUM_THEME_INFERENCE,MEDIUM,V13 inferred from primary school theme.
ETAG-07012,EVT-0498,TAG-0147,V14_MANUAL_AUDIT,HIGH,High-confidence topic after targeted V14 review.
ETAG-07013,EVT-0498,TAG-0111,CURRICULUM_THEME_INFERENCE,MEDIUM,V13 inferred from primary school theme.
ETAG-07014,EVT-0498,TAG-0154,V14_MANUAL_AUDIT,HIGH,High-confidence geography after targeted V14 review.
ETAG-07015,EVT-0498,TAG-0159,GEOGRAPHY_RULE,HIGH,V13 direct title match.
ETAG-07024,EVT-0499,TAG-0106,V14_MANUAL_AUDIT,HIGH,High-confidence topic after targeted V14 review.
ETAG-07025,EVT-0499,TAG-0147,CURRICULUM_THEME_INFERENCE,MEDIUM,V13 inferred from primary school theme.
ETAG-07026,EVT-0499,TAG-0111,CURRICULUM_THEME_INFERENCE,MEDIUM,V13 inferred from primary school theme.
ETAG-07027,EVT-0499,TAG-0154,V14_MANUAL_AUDIT,HIGH,High-confidence geography after targeted V14 review.
ETAG-07028,EVT-0499,TAG-0109,SEMANTIC_RULE,HIGH,V13 direct title match.
ETAG-07029,EVT-0499,TAG-0159,GEOGRAPHY_RULE,HIGH,V13 direct title match.
ETAG-07038,EVT-0500,TAG-0106,CURRICULUM_THEME_INFERENCE,MEDIUM,V13 inferred from primary school theme.
ETAG-07039,EVT-0500,TAG-0147,V14_MANUAL_AUDIT,HIGH,High-confidence topic after targeted V14 review.
ETAG-07040,EVT-0500,TAG-0111,CURRICULUM_THEME_INFERENCE,MEDIUM,V13 inferred from primary school theme.
ETAG-07041,EVT-0500,TAG-0154,V14_MANUAL_AUDIT,HIGH,High-confidence geography after targeted V14 review.
ETAG-07050,EVT-0501,TAG-0106,CURRICULUM_THEME_INFERENCE,MEDIUM,V13 inferred from primary school theme.
ETAG-07051,EVT-0501,TAG-0147,V14_MANUAL_AUDIT,HIGH,High-confidence topic after targeted V14 review.
ETAG-07052,EVT-0501,TAG-0111,CURRICULUM_THEME_INFERENCE,MEDIUM,V13 inferred from primary school theme.
ETAG-07053,EVT-0501,TAG-0154,V14_MANUAL_AUDIT,HIGH,High-confidence geography after targeted V14 review.
ETAG-07054,EVT-0501,TAG-0109,SEMANTIC_RULE,HIGH,V13 direct title match.
ETAG-07055,EVT-0501,TAG-0159,GEOGRAPHY_RULE,HIGH,V13 direct title match.
ETAG-07064,EVT-0502,TAG-0106,CURRICULUM_THEME_INFERENCE,MEDIUM,V13 inferred from primary school theme.
ETAG-07065,EVT-0502,TAG-0147,CURRICULUM_THEME_INFERENCE,MEDIUM,V13 inferred from primary school theme.
ETAG-07066,EVT-0502,TAG-0111,V14_MANUAL_AUDIT,HIGH,High-confidence topic after targeted V14 review.
ETAG-07067,EVT-0502,TAG-0154,V14_MANUAL_AUDIT,HIGH,High-confidence geography after targeted V14 review.
ETAG-07068,EVT-0502,TAG-0162,GEOGRAPHY_RULE,HIGH,V13 direct title match.
ETAG-07077,EVT-0503,TAG-0106,CURRICULUM_THEME_INFERENCE,MEDIUM,V13 inferred from primary school theme.
ETAG-07078,EVT-0503,TAG-0147,CURRICULUM_THEME_INFERENCE,MEDIUM,V13 inferred from primary school theme.
ETAG-07079,EVT-0503,TAG-0111,V14_MANUAL_AUDIT,HIGH,High-confidence topic after targeted V14 review.
ETAG-07080,EVT-0503,TAG-0154,V14_MANUAL_AUDIT,HIGH,High-confidence geography after targeted V14 review.
ETAG-07081,EVT-0503,TAG-0137,SEMANTIC_RULE,HIGH,V13 direct title match.
ETAG-07082,EVT-0503,TAG-0162,GEOGRAPHY_RULE,HIGH,V13 direct title match.
ETAG-07091,EVT-0504,TAG-0106,CURRICULUM_THEME_INFERENCE,MEDIUM,V13 inferred from primary school theme.
ETAG-07092,EVT-0504,TAG-0147,CURRICULUM_THEME_INFERENCE,MEDIUM,V13 inferred from primary school theme.
ETAG-07093,EVT-0504,TAG-0111,CURRICULUM_THEME_INFERENCE,MEDIUM,V13 inferred from primary school theme.
ETAG-07094,EVT-0504,TAG-0154,V14_MANUAL_AUDIT,HIGH,High-confidence geography after targeted V14 review.
ETAG-07095,EVT-0504,TAG-0114,SEMANTIC_RULE,HIGH,V13 direct title match.
ETAG-07104,EVT-0505,TAG-0111,CURRICULUM_THEME_INFERENCE,MEDIUM,V13 inferred from primary school theme.
ETAG-07105,EVT-0505,TAG-0154,V14_MANUAL_AUDIT,HIGH,High-confidence geography after targeted V14 review.
ETAG-07106,EVT-0505,TAG-0114,SEMANTIC_RULE,HIGH,V13 direct title match.
ETAG-07107,EVT-0505,TAG-0142,SEMANTIC_RULE,HIGH,V13 direct title match.
ETAG-07108,EVT-0505,TAG-0164,GEOGRAPHY_RULE,HIGH,V13 direct title match.
ETAG-07109,EVT-0505,TAG-0149,CURATED_CONTEXT,HIGH,V13 curated historical-context membership.
ETAG-07118,EVT-0506,TAG-0111,V14_MANUAL_AUDIT,HIGH,High-confidence topic after targeted V14 review.
ETAG-07119,EVT-0506,TAG-0154,V14_MANUAL_AUDIT,HIGH,High-confidence geography after targeted V14 review.
ETAG-07120,EVT-0506,TAG-0112,SEMANTIC_RULE,HIGH,V13 direct title match.
ETAG-07121,EVT-0506,TAG-0149,CURATED_CONTEXT,HIGH,V13 curated historical-context membership.
ETAG-07130,EVT-0507,TAG-0111,V14_MANUAL_AUDIT,HIGH,High-confidence topic after targeted V14 review.
ETAG-07131,EVT-0507,TAG-0154,V14_MANUAL_AUDIT,HIGH,High-confidence geography after targeted V14 review.
ETAG-07132,EVT-0507,TAG-0158,GEOGRAPHY_RULE,HIGH,V13 direct title match.
ETAG-07133,EVT-0507,TAG-0149,CURATED_CONTEXT,HIGH,V13 curated historical-context membership.
ETAG-07142,EVT-0508,TAG-0111,V14_MANUAL_AUDIT,HIGH,High-confidence topic after targeted V14 review.
ETAG-07143,EVT-0508,TAG-0154,V14_MANUAL_AUDIT,HIGH,High-confidence geography after targeted V14 review.
ETAG-07144,EVT-0508,TAG-0157,GEOGRAPHY_RULE,HIGH,V13 direct title match.
ETAG-07145,EVT-0508,TAG-0149,CURATED_CONTEXT,HIGH,V13 curated historical-context membership.
ETAG-07154,EVT-0509,TAG-0111,V14_MANUAL_AUDIT,HIGH,High-confidence topic after targeted V14 review.
ETAG-07155,EVT-0509,TAG-0154,V14_MANUAL_AUDIT,HIGH,High-confidence geography after targeted V14 review.
ETAG-07156,EVT-0509,TAG-0112,SEMANTIC_RULE,HIGH,V13 direct title match.
ETAG-07157,EVT-0509,TAG-0158,GEOGRAPHY_RULE,HIGH,V13 direct title match.
ETAG-07158,EVT-0509,TAG-0149,CURATED_CONTEXT,HIGH,V13 curated historical-context membership.
ETAG-07167,EVT-0510,TAG-0111,V14_MANUAL_AUDIT,HIGH,High-confidence topic after targeted V14 review.
ETAG-07168,EVT-0510,TAG-0154,CURRICULUM_THEME_INFERENCE,MEDIUM,V13 inferred from primary school theme.
ETAG-07169,EVT-0510,TAG-0112,SEMANTIC_RULE,HIGH,V13 direct title match.
ETAG-07170,EVT-0510,TAG-0185,GEOGRAPHY_RULE,HIGH,V13 direct title match.
ETAG-07171,EVT-0510,TAG-0186,GEOGRAPHY_RULE,HIGH,V13 direct title match.
ETAG-07172,EVT-0510,TAG-0165,GEOGRAPHY_RULE,HIGH,V13 direct title match.
ETAG-07173,EVT-0510,TAG-0149,CURATED_CONTEXT,HIGH,V13 curated historical-context membership.
ETAG-07182,EVT-0511,TAG-0111,CURRICULUM_THEME_INFERENCE,MEDIUM,V13 inferred from primary school theme.
ETAG-07183,EVT-0511,TAG-0154,V14_MANUAL_AUDIT,HIGH,High-confidence geography after targeted V14 review.
ETAG-07184,EVT-0511,TAG-0114,SEMANTIC_RULE,HIGH,V13 direct title match.
ETAG-07185,EVT-0511,TAG-0149,CURATED_CONTEXT,HIGH,V13 curated historical-context membership.
ETAG-07194,EVT-0512,TAG-0111,V14_MANUAL_AUDIT,HIGH,High-confidence topic after targeted V14 review.
ETAG-07195,EVT-0512,TAG-0154,V14_MANUAL_AUDIT,HIGH,High-confidence geography after targeted V14 review.
ETAG-07196,EVT-0512,TAG-0112,SEMANTIC_RULE,HIGH,V13 direct title match.
ETAG-07197,EVT-0512,TAG-0149,CURATED_CONTEXT,HIGH,V13 curated historical-context membership.
ETAG-07206,EVT-0513,TAG-0111,V14_MANUAL_AUDIT,HIGH,High-confidence topic after targeted V14 review.
ETAG-07207,EVT-0513,TAG-0154,V14_MANUAL_AUDIT,HIGH,High-confidence geography after targeted V14 review.
ETAG-07208,EVT-0513,TAG-0112,SEMANTIC_RULE,HIGH,V13 direct title match.
ETAG-07209,EVT-0513,TAG-0149,CURATED_CONTEXT,HIGH,V13 curated historical-context membership.
ETAG-07218,EVT-0514,TAG-0111,V14_MANUAL_AUDIT,HIGH,High-confidence topic after targeted V14 review.
ETAG-07219,EVT-0514,TAG-0154,V14_MANUAL_AUDIT,HIGH,High-confidence geography after targeted V14 review.
ETAG-07220,EVT-0514,TAG-0112,SEMANTIC_RULE,HIGH,V13 direct title match.
ETAG-07221,EVT-0514,TAG-0175,GEOGRAPHY_RULE,HIGH,V13 direct title match.
ETAG-07222,EVT-0514,TAG-0149,CURATED_CONTEXT,HIGH,V13 curated historical-context membership.
ETAG-07231,EVT-0515,TAG-0111,V14_MANUAL_AUDIT,HIGH,High-confidence topic after targeted V14 review.
ETAG-07232,EVT-0515,TAG-0154,V14_MANUAL_AUDIT,HIGH,High-confidence geography after targeted V14 review.
ETAG-07233,EVT-0515,TAG-0112,SEMANTIC_RULE,HIGH,V13 direct title match.
ETAG-07234,EVT-0515,TAG-0155,GEOGRAPHY_RULE,HIGH,V13 direct title match.
ETAG-07235,EVT-0515,TAG-0149,CURATED_CONTEXT,HIGH,V13 curated historical-context membership.
ETAG-07244,EVT-0516,TAG-0111,V14_MANUAL_AUDIT,HIGH,High-confidence topic after targeted V14 review.
ETAG-07245,EVT-0516,TAG-0154,V14_MANUAL_AUDIT,HIGH,High-confidence geography after targeted V14 review.
ETAG-07246,EVT-0516,TAG-0160,GEOGRAPHY_RULE,HIGH,V13 direct title match.
ETAG-07247,EVT-0516,TAG-0149,CURATED_CONTEXT,HIGH,V13 curated historical-context membership.
ETAG-07256,EVT-0517,TAG-0111,CURRICULUM_THEME_INFERENCE,MEDIUM,V13 inferred from primary school theme.
ETAG-07257,EVT-0517,TAG-0154,V14_MANUAL_AUDIT,HIGH,High-confidence geography after targeted V14 review.
ETAG-07258,EVT-0517,TAG-0114,SEMANTIC_RULE,HIGH,V13 direct title match.
ETAG-07259,EVT-0517,TAG-0149,CURATED_CONTEXT,HIGH,V13 curated historical-context membership.
ETAG-07268,EVT-0518,TAG-0111,CURRICULUM_THEME_INFERENCE,MEDIUM,V13 inferred from primary school theme.
ETAG-07269,EVT-0518,TAG-0154,V14_MANUAL_AUDIT,HIGH,High-confidence geography after targeted V14 review.
ETAG-07270,EVT-0518,TAG-0137,SEMANTIC_RULE,HIGH,V13 direct title match.
ETAG-07271,EVT-0518,TAG-0149,CURATED_CONTEXT,HIGH,V13 curated historical-context membership.
ETAG-07280,EVT-0519,TAG-0111,CURRICULUM_THEME_INFERENCE,MEDIUM,V13 inferred from primary school theme.
ETAG-07281,EVT-0519,TAG-0154,V14_MANUAL_AUDIT,HIGH,High-confidence geography after targeted V14 review.
ETAG-07282,EVT-0519,TAG-0114,SEMANTIC_RULE,HIGH,V13 direct title match.
ETAG-07283,EVT-0519,TAG-0149,CURATED_CONTEXT,HIGH,V13 curated historical-context membership.
ETAG-07292,EVT-0520,TAG-0111,V14_MANUAL_AUDIT,HIGH,High-confidence topic after targeted V14 review.
ETAG-07293,EVT-0520,TAG-0154,CURRICULUM_THEME_INFERENCE,MEDIUM,V13 inferred from primary school theme.
ETAG-07294,EVT-0520,TAG-0137,SEMANTIC_RULE,HIGH,V13 direct title match.
ETAG-07295,EVT-0520,TAG-0149,CURATED_CONTEXT,HIGH,V13 curated historical-context membership.
ETAG-07304,EVT-0521,TAG-0111,V14_MANUAL_AUDIT,HIGH,High-confidence topic after targeted V14 review.
ETAG-07305,EVT-0521,TAG-0154,CURRICULUM_THEME_INFERENCE,MEDIUM,V13 inferred from primary school theme.
ETAG-07306,EVT-0521,TAG-0137,SEMANTIC_RULE,HIGH,V13 direct title match.
ETAG-07307,EVT-0521,TAG-0149,CURATED_CONTEXT,HIGH,V13 curated historical-context membership.
ETAG-07316,EVT-0522,TAG-0117,V14_MANUAL_AUDIT,HIGH,High-confidence topic after targeted V14 review.
ETAG-07317,EVT-0522,TAG-0142,CURRICULUM_THEME_INFERENCE,MEDIUM,V13 inferred from primary school theme.
ETAG-07318,EVT-0522,TAG-0135,CURRICULUM_THEME_INFERENCE,MEDIUM,V13 inferred from primary school theme.
ETAG-07319,EVT-0522,TAG-0153,CURRICULUM_THEME_INFERENCE,MEDIUM,V13 inferred from primary school theme.
ETAG-07320,EVT-0522,TAG-0110,SEMANTIC_RULE,HIGH,V13 direct title match.
ETAG-07321,EVT-0522,TAG-0116,SEMANTIC_RULE,HIGH,V13 direct title match.
ETAG-07322,EVT-0522,TAG-0180,GEOGRAPHY_RULE,HIGH,V13 direct title match.
ETAG-07323,EVT-0522,TAG-0168,GEOGRAPHY_RULE,HIGH,V13 direct title match.
ETAG-07324,EVT-0522,TAG-0182,GEOGRAPHY_RULE,HIGH,V13 direct title match.
ETAG-07325,EVT-0522,TAG-0149,CURATED_CONTEXT,HIGH,V13 curated historical-context membership.
ETAG-07334,EVT-0523,TAG-0117,CURRICULUM_THEME_INFERENCE,MEDIUM,V13 inferred from primary school theme.
ETAG-07335,EVT-0523,TAG-0142,V14_MANUAL_AUDIT,HIGH,High-confidence topic after targeted V14 review.
ETAG-07336,EVT-0523,TAG-0135,CURRICULUM_THEME_INFERENCE,MEDIUM,V13 inferred from primary school theme.
ETAG-07337,EVT-0523,TAG-0153,CURRICULUM_THEME_INFERENCE,MEDIUM,V13 inferred from primary school theme.
ETAG-07338,EVT-0523,TAG-0121,SEMANTIC_RULE,HIGH,V13 direct title match.
ETAG-07339,EVT-0523,TAG-0185,GEOGRAPHY_RULE,HIGH,V13 direct title match.
ETAG-07340,EVT-0523,TAG-0186,GEOGRAPHY_RULE,HIGH,V13 direct title match.
ETAG-07341,EVT-0523,TAG-0165,GEOGRAPHY_RULE,HIGH,V13 direct title match.
ETAG-07342,EVT-0523,TAG-0150,CURATED_CONTEXT,HIGH,V13 curated historical-context membership.
ETAG-07351,EVT-0524,TAG-0117,CURRICULUM_THEME_INFERENCE,MEDIUM,V13 inferred from primary school theme.
ETAG-07352,EVT-0524,TAG-0142,CURRICULUM_THEME_INFERENCE,MEDIUM,V13 inferred from primary school theme.
ETAG-07353,EVT-0524,TAG-0135,V14_MANUAL_AUDIT,HIGH,High-confidence topic after targeted V14 review.
ETAG-07354,EVT-0524,TAG-0153,V14_MANUAL_AUDIT,HIGH,High-confidence geography after targeted V14 review.
ETAG-07355,EVT-0524,TAG-0114,SEMANTIC_RULE,HIGH,V13 direct title match.
ETAG-07356,EVT-0524,TAG-0185,GEOGRAPHY_RULE,HIGH,V13 direct title match.
ETAG-07357,EVT-0524,TAG-0186,GEOGRAPHY_RULE,HIGH,V13 direct title match.
ETAG-07358,EVT-0524,TAG-0165,GEOGRAPHY_RULE,HIGH,V13 direct title match.
ETAG-07359,EVT-0524,TAG-0150,CURATED_CONTEXT,HIGH,V13 curated historical-context membership.
ETAG-07368,EVT-0525,TAG-0117,CURRICULUM_THEME_INFERENCE,MEDIUM,V13 inferred from primary school theme.
ETAG-07369,EVT-0525,TAG-0142,CURRICULUM_THEME_INFERENCE,MEDIUM,V13 inferred from primary school theme.
ETAG-07370,EVT-0525,TAG-0135,CURRICULUM_THEME_INFERENCE,MEDIUM,V13 inferred from primary school theme.
ETAG-07371,EVT-0525,TAG-0153,CURRICULUM_THEME_INFERENCE,MEDIUM,V13 inferred from primary school theme.
ETAG-07372,EVT-0525,TAG-0107,SEMANTIC_RULE,HIGH,V13 direct title match.
ETAG-07373,EVT-0525,TAG-0108,SEMANTIC_RULE,HIGH,V13 direct title match.
ETAG-07374,EVT-0525,TAG-0180,GEOGRAPHY_RULE,HIGH,V13 direct title match.
ETAG-07375,EVT-0525,TAG-0166,GEOGRAPHY_RULE,HIGH,V13 direct title match.
ETAG-07376,EVT-0525,TAG-0181,GEOGRAPHY_RULE,HIGH,V13 direct title match.
ETAG-07377,EVT-0525,TAG-0150,CURATED_CONTEXT,HIGH,V13 curated historical-context membership.
ETAG-07386,EVT-0526,TAG-0117,V14_MANUAL_AUDIT,HIGH,High-confidence topic after targeted V14 review.
ETAG-07387,EVT-0526,TAG-0142,CURRICULUM_THEME_INFERENCE,MEDIUM,V13 inferred from primary school theme.
ETAG-07388,EVT-0526,TAG-0135,CURRICULUM_THEME_INFERENCE,MEDIUM,V13 inferred from primary school theme.
ETAG-07389,EVT-0526,TAG-0153,V14_MANUAL_AUDIT,HIGH,High-confidence geography after targeted V14 review.
ETAG-07390,EVT-0526,TAG-0114,SEMANTIC_RULE,HIGH,V13 direct title match.
ETAG-07391,EVT-0526,TAG-0150,CURATED_CONTEXT,HIGH,V13 curated historical-context membership.
ETAG-07400,EVT-0527,TAG-0117,CURRICULUM_THEME_INFERENCE,MEDIUM,V13 inferred from primary school theme.
ETAG-07401,EVT-0527,TAG-0142,CURRICULUM_THEME_INFERENCE,MEDIUM,V13 inferred from primary school theme.
ETAG-07402,EVT-0527,TAG-0135,V14_MANUAL_AUDIT,HIGH,High-confidence topic after targeted V14 review.
ETAG-07403,EVT-0527,TAG-0153,V14_MANUAL_AUDIT,HIGH,High-confidence geography after targeted V14 review.
ETAG-07404,EVT-0527,TAG-0114,SEMANTIC_RULE,HIGH,V13 direct title match.
ETAG-07405,EVT-0527,TAG-0150,CURATED_CONTEXT,HIGH,V13 curated historical-context membership.
ETAG-07414,EVT-0528,TAG-0117,CURRICULUM_THEME_INFERENCE,MEDIUM,V13 inferred from primary school theme.
ETAG-07415,EVT-0528,TAG-0142,CURRICULUM_THEME_INFERENCE,MEDIUM,V13 inferred from primary school theme.
ETAG-07416,EVT-0528,TAG-0135,CURRICULUM_THEME_INFERENCE,MEDIUM,V13 inferred from primary school theme.
ETAG-07417,EVT-0528,TAG-0153,CURRICULUM_THEME_INFERENCE,MEDIUM,V13 inferred from primary school theme.
ETAG-07418,EVT-0528,TAG-0121,SEMANTIC_RULE,HIGH,V13 direct title match.
ETAG-07419,EVT-0528,TAG-0122,SEMANTIC_RULE,HIGH,V13 direct title match.
ETAG-07420,EVT-0528,TAG-0129,SEMANTIC_RULE,HIGH,V13 direct title match.
ETAG-07421,EVT-0528,TAG-0180,GEOGRAPHY_RULE,HIGH,V13 direct title match.
ETAG-07422,EVT-0528,TAG-0155,GEOGRAPHY_RULE,HIGH,V13 direct title match.
ETAG-07423,EVT-0528,TAG-0171,GEOGRAPHY_RULE,HIGH,V13 direct title match.
ETAG-07424,EVT-0528,TAG-0150,CURATED_CONTEXT,HIGH,V13 curated historical-context membership.
ETAG-07433,EVT-0529,TAG-0117,CURRICULUM_THEME_INFERENCE,MEDIUM,V13 inferred from primary school theme.
ETAG-07434,EVT-0529,TAG-0142,CURRICULUM_THEME_INFERENCE,MEDIUM,V13 inferred from primary school theme.
ETAG-07435,EVT-0529,TAG-0135,CURRICULUM_THEME_INFERENCE,MEDIUM,V13 inferred from primary school theme.
ETAG-07436,EVT-0529,TAG-0153,CURRICULUM_THEME_INFERENCE,MEDIUM,V13 inferred from primary school theme.
ETAG-07437,EVT-0529,TAG-0113,SEMANTIC_RULE,HIGH,V13 direct title match.
ETAG-07438,EVT-0529,TAG-0150,CURATED_CONTEXT,HIGH,V13 curated historical-context membership.
ETAG-07447,EVT-0530,TAG-0117,V14_MANUAL_AUDIT,HIGH,High-confidence topic after targeted V14 review.
ETAG-07448,EVT-0530,TAG-0142,CURRICULUM_THEME_INFERENCE,MEDIUM,V13 inferred from primary school theme.
ETAG-07449,EVT-0530,TAG-0135,CURRICULUM_THEME_INFERENCE,MEDIUM,V13 inferred from primary school theme.
ETAG-07450,EVT-0530,TAG-0153,CURRICULUM_THEME_INFERENCE,MEDIUM,V13 inferred from primary school theme.
ETAG-07451,EVT-0530,TAG-0111,SEMANTIC_RULE,HIGH,V13 direct title match.
ETAG-07452,EVT-0530,TAG-0116,SEMANTIC_RULE,HIGH,V13 direct title match.
ETAG-07453,EVT-0530,TAG-0174,GEOGRAPHY_RULE,HIGH,V13 direct title match.
ETAG-07454,EVT-0530,TAG-0176,GEOGRAPHY_RULE,HIGH,V13 direct title match.
ETAG-07455,EVT-0530,TAG-0154,GEOGRAPHY_RULE,HIGH,V13 direct title match.
ETAG-07456,EVT-0530,TAG-0157,GEOGRAPHY_RULE,HIGH,V13 direct title match.
ETAG-07457,EVT-0530,TAG-0175,GEOGRAPHY_RULE,HIGH,V13 direct title match.
ETAG-07458,EVT-0530,TAG-0150,CURATED_CONTEXT,HIGH,V13 curated historical-context membership.
ETAG-07467,EVT-0531,TAG-0107,CURRICULUM_THEME_INFERENCE,MEDIUM,V13 inferred from primary school theme.
ETAG-07468,EVT-0531,TAG-0106,V14_MANUAL_AUDIT,HIGH,High-confidence topic after targeted V14 review.
ETAG-07469,EVT-0531,TAG-0110,CURRICULUM_THEME_INFERENCE,MEDIUM,V13 inferred from primary school theme.
ETAG-07470,EVT-0531,TAG-0123,CURRICULUM_THEME_INFERENCE,MEDIUM,V13 inferred from primary school theme.
ETAG-07471,EVT-0531,TAG-0157,V14_MANUAL_AUDIT,HIGH,High-confidence geography after targeted V14 review.
ETAG-07472,EVT-0531,TAG-0108,SEMANTIC_RULE,HIGH,V13 direct title match.
ETAG-07473,EVT-0531,TAG-0154,GEOGRAPHY_RULE,HIGH,V13 direct title match.
ETAG-07474,EVT-0531,TAG-0150,CURATED_CONTEXT,HIGH,V13 curated historical-context membership.
ETAG-07483,EVT-0532,TAG-0117,CURRICULUM_THEME_INFERENCE,MEDIUM,V13 inferred from primary school theme.
ETAG-07484,EVT-0532,TAG-0142,CURRICULUM_THEME_INFERENCE,MEDIUM,V13 inferred from primary school theme.
ETAG-07485,EVT-0532,TAG-0135,CURRICULUM_THEME_INFERENCE,MEDIUM,V13 inferred from primary school theme.
ETAG-07486,EVT-0532,TAG-0153,CURRICULUM_THEME_INFERENCE,MEDIUM,V13 inferred from primary school theme.
ETAG-07487,EVT-0532,TAG-0111,SEMANTIC_RULE,HIGH,V13 direct title match.
ETAG-07488,EVT-0532,TAG-0112,SEMANTIC_RULE,HIGH,V13 direct title match.
ETAG-07489,EVT-0532,TAG-0150,CURATED_CONTEXT,HIGH,V13 curated historical-context membership.
ETAG-07498,EVT-0533,TAG-0117,CURRICULUM_THEME_INFERENCE,MEDIUM,V13 inferred from primary school theme.
ETAG-07499,EVT-0533,TAG-0142,V14_MANUAL_AUDIT,HIGH,High-confidence topic after targeted V14 review.
ETAG-07500,EVT-0533,TAG-0135,CURRICULUM_THEME_INFERENCE,MEDIUM,V13 inferred from primary school theme.
ETAG-07501,EVT-0533,TAG-0153,CURRICULUM_THEME_INFERENCE,MEDIUM,V13 inferred from primary school theme.
ETAG-07502,EVT-0533,TAG-0150,CURATED_CONTEXT,HIGH,V13 curated historical-context membership.
ETAG-07511,EVT-0534,TAG-0117,CURRICULUM_THEME_INFERENCE,MEDIUM,V13 inferred from primary school theme.
ETAG-07512,EVT-0534,TAG-0142,V14_MANUAL_AUDIT,HIGH,High-confidence topic after targeted V14 review.
ETAG-07513,EVT-0534,TAG-0135,CURRICULUM_THEME_INFERENCE,MEDIUM,V13 inferred from primary school theme.
ETAG-07514,EVT-0534,TAG-0153,CURRICULUM_THEME_INFERENCE,MEDIUM,V13 inferred from primary school theme.
ETAG-07515,EVT-0534,TAG-0185,GEOGRAPHY_RULE,HIGH,V13 direct title match.
ETAG-07516,EVT-0534,TAG-0186,GEOGRAPHY_RULE,HIGH,V13 direct title match.
ETAG-07517,EVT-0534,TAG-0165,GEOGRAPHY_RULE,HIGH,V13 direct title match.
ETAG-07518,EVT-0534,TAG-0150,CURATED_CONTEXT,HIGH,V13 curated historical-context membership.
ETAG-07527,EVT-0535,TAG-0117,CURRICULUM_THEME_INFERENCE,MEDIUM,V13 inferred from primary school theme.
ETAG-07528,EVT-0535,TAG-0142,V14_MANUAL_AUDIT,HIGH,High-confidence topic after targeted V14 review.
ETAG-07529,EVT-0535,TAG-0135,CURRICULUM_THEME_INFERENCE,MEDIUM,V13 inferred from primary school theme.
ETAG-07530,EVT-0535,TAG-0153,CURRICULUM_THEME_INFERENCE,MEDIUM,V13 inferred from primary school theme.
ETAG-07531,EVT-0535,TAG-0180,GEOGRAPHY_RULE,HIGH,V13 direct title match.
ETAG-07532,EVT-0535,TAG-0183,GEOGRAPHY_RULE,HIGH,V13 direct title match.
ETAG-07533,EVT-0535,TAG-0150,CURATED_CONTEXT,HIGH,V13 curated historical-context membership.
ETAG-07542,EVT-0536,TAG-0117,CURRICULUM_THEME_INFERENCE,MEDIUM,V13 inferred from primary school theme.
ETAG-07543,EVT-0536,TAG-0142,V14_MANUAL_AUDIT,HIGH,High-confidence topic after targeted V14 review.
ETAG-07544,EVT-0536,TAG-0135,CURRICULUM_THEME_INFERENCE,MEDIUM,V13 inferred from primary school theme.
ETAG-07545,EVT-0536,TAG-0153,V14_MANUAL_AUDIT,HIGH,High-confidence geography after targeted V14 review.
ETAG-07546,EVT-0536,TAG-0150,CURATED_CONTEXT,HIGH,V13 curated historical-context membership.
ETAG-07555,EVT-0537,TAG-0107,CURRICULUM_THEME_INFERENCE,MEDIUM,V13 inferred from primary school theme.
ETAG-07556,EVT-0537,TAG-0106,V14_MANUAL_AUDIT,HIGH,High-confidence topic after targeted V14 review.
ETAG-07557,EVT-0537,TAG-0110,CURRICULUM_THEME_INFERENCE,MEDIUM,V13 inferred from primary school theme.
ETAG-07558,EVT-0537,TAG-0123,CURRICULUM_THEME_INFERENCE,MEDIUM,V13 inferred from primary school theme.
ETAG-07559,EVT-0537,TAG-0157,V14_MANUAL_AUDIT,HIGH,High-confidence geography after targeted V14 review.
ETAG-07560,EVT-0537,TAG-0124,SEMANTIC_RULE,HIGH,V13 direct title match.
ETAG-07561,EVT-0537,TAG-0154,GEOGRAPHY_RULE,HIGH,V13 direct title match.
ETAG-07562,EVT-0537,TAG-0150,CURATED_CONTEXT,HIGH,V13 curated historical-context membership.
ETAG-07571,EVT-0538,TAG-0117,CURRICULUM_THEME_INFERENCE,MEDIUM,V13 inferred from primary school theme.
ETAG-07572,EVT-0538,TAG-0142,V14_MANUAL_AUDIT,HIGH,High-confidence topic after targeted V14 review.
ETAG-07573,EVT-0538,TAG-0135,CURRICULUM_THEME_INFERENCE,MEDIUM,V13 inferred from primary school theme.
ETAG-07574,EVT-0538,TAG-0153,V14_MANUAL_AUDIT,HIGH,High-confidence geography after targeted V14 review.
ETAG-07575,EVT-0538,TAG-0114,SEMANTIC_RULE,HIGH,V13 direct title match.
ETAG-07576,EVT-0538,TAG-0150,CURATED_CONTEXT,HIGH,V13 curated historical-context membership.
ETAG-07585,EVT-0539,TAG-0107,CURRICULUM_THEME_INFERENCE,MEDIUM,V13 inferred from primary school theme.
ETAG-07586,EVT-0539,TAG-0106,V14_MANUAL_AUDIT,HIGH,High-confidence topic after targeted V14 review.
ETAG-07587,EVT-0539,TAG-0110,CURRICULUM_THEME_INFERENCE,MEDIUM,V13 inferred from primary school theme.
ETAG-07588,EVT-0539,TAG-0123,CURRICULUM_THEME_INFERENCE,MEDIUM,V13 inferred from primary school theme.
ETAG-07589,EVT-0539,TAG-0157,V14_MANUAL_AUDIT,HIGH,High-confidence geography after targeted V14 review.
ETAG-07590,EVT-0539,TAG-0154,GEOGRAPHY_RULE,HIGH,V13 direct title match.
ETAG-07591,EVT-0539,TAG-0150,CURATED_CONTEXT,HIGH,V13 curated historical-context membership.
ETAG-07600,EVT-0540,TAG-0117,CURRICULUM_THEME_INFERENCE,MEDIUM,V13 inferred from primary school theme.
ETAG-07601,EVT-0540,TAG-0142,V14_MANUAL_AUDIT,HIGH,High-confidence topic after targeted V14 review.
ETAG-07602,EVT-0540,TAG-0135,CURRICULUM_THEME_INFERENCE,MEDIUM,V13 inferred from primary school theme.
ETAG-07603,EVT-0540,TAG-0153,V14_MANUAL_AUDIT,HIGH,High-confidence geography after targeted V14 review.
ETAG-07604,EVT-0540,TAG-0150,CURATED_CONTEXT,HIGH,V13 curated historical-context membership.
ETAG-07613,EVT-0541,TAG-0117,CURRICULUM_THEME_INFERENCE,MEDIUM,V13 inferred from primary school theme.
ETAG-07614,EVT-0541,TAG-0142,V14_MANUAL_AUDIT,HIGH,High-confidence topic after targeted V14 review.
ETAG-07615,EVT-0541,TAG-0135,CURRICULUM_THEME_INFERENCE,MEDIUM,V13 inferred from primary school theme.
ETAG-07616,EVT-0541,TAG-0153,CURRICULUM_THEME_INFERENCE,MEDIUM,V13 inferred from primary school theme.
ETAG-07617,EVT-0541,TAG-0180,GEOGRAPHY_RULE,HIGH,V13 direct title match.
ETAG-07618,EVT-0541,TAG-0166,GEOGRAPHY_RULE,HIGH,V13 direct title match.
ETAG-07619,EVT-0541,TAG-0181,GEOGRAPHY_RULE,HIGH,V13 direct title match.
ETAG-07620,EVT-0541,TAG-0150,CURATED_CONTEXT,HIGH,V13 curated historical-context membership.
ETAG-07629,EVT-0542,TAG-0117,CURRICULUM_THEME_INFERENCE,MEDIUM,V13 inferred from primary school theme.
ETAG-07630,EVT-0542,TAG-0142,CURRICULUM_THEME_INFERENCE,MEDIUM,V13 inferred from primary school theme.
ETAG-07631,EVT-0542,TAG-0135,CURRICULUM_THEME_INFERENCE,MEDIUM,V13 inferred from primary school theme.
ETAG-07632,EVT-0542,TAG-0153,CURRICULUM_THEME_INFERENCE,MEDIUM,V13 inferred from primary school theme.
ETAG-07633,EVT-0542,TAG-0113,SEMANTIC_RULE,HIGH,V13 direct title match.
ETAG-07634,EVT-0542,TAG-0180,GEOGRAPHY_RULE,HIGH,V13 direct title match.
ETAG-07635,EVT-0542,TAG-0171,GEOGRAPHY_RULE,HIGH,V13 direct title match.
ETAG-07636,EVT-0542,TAG-0150,CURATED_CONTEXT,HIGH,V13 curated historical-context membership.
ETAG-07645,EVT-0543,TAG-0117,CURRICULUM_THEME_INFERENCE,MEDIUM,V13 inferred from primary school theme.
ETAG-07646,EVT-0543,TAG-0142,CURRICULUM_THEME_INFERENCE,MEDIUM,V13 inferred from primary school theme.
ETAG-07647,EVT-0543,TAG-0135,CURRICULUM_THEME_INFERENCE,MEDIUM,V13 inferred from primary school theme.
ETAG-07648,EVT-0543,TAG-0153,CURRICULUM_THEME_INFERENCE,MEDIUM,V13 inferred from primary school theme.
ETAG-07649,EVT-0543,TAG-0115,SEMANTIC_RULE,HIGH,V13 direct title match.
ETAG-07650,EVT-0543,TAG-0180,GEOGRAPHY_RULE,HIGH,V13 direct title match.
ETAG-07651,EVT-0543,TAG-0154,GEOGRAPHY_RULE,HIGH,V13 direct title match.
ETAG-07652,EVT-0543,TAG-0171,GEOGRAPHY_RULE,HIGH,V13 direct title match.
ETAG-07653,EVT-0543,TAG-0164,GEOGRAPHY_RULE,HIGH,V13 direct title match.
ETAG-07654,EVT-0543,TAG-0150,CURATED_CONTEXT,HIGH,V13 curated historical-context membership.
ETAG-07663,EVT-0544,TAG-0117,CURRICULUM_THEME_INFERENCE,MEDIUM,V13 inferred from primary school theme.
ETAG-07664,EVT-0544,TAG-0142,CURRICULUM_THEME_INFERENCE,MEDIUM,V13 inferred from primary school theme.
ETAG-07665,EVT-0544,TAG-0135,CURRICULUM_THEME_INFERENCE,MEDIUM,V13 inferred from primary school theme.
ETAG-07666,EVT-0544,TAG-0153,CURRICULUM_THEME_INFERENCE,MEDIUM,V13 inferred from primary school theme.
ETAG-07667,EVT-0544,TAG-0114,SEMANTIC_RULE,HIGH,V13 direct title match.
ETAG-07668,EVT-0544,TAG-0150,CURATED_CONTEXT,HIGH,V13 curated historical-context membership.
ETAG-07677,EVT-0545,TAG-0117,CURRICULUM_THEME_INFERENCE,MEDIUM,V13 inferred from primary school theme.
ETAG-07678,EVT-0545,TAG-0142,V14_MANUAL_AUDIT,HIGH,High-confidence topic after targeted V14 review.
ETAG-07679,EVT-0545,TAG-0135,CURRICULUM_THEME_INFERENCE,MEDIUM,V13 inferred from primary school theme.
ETAG-07680,EVT-0545,TAG-0153,CURRICULUM_THEME_INFERENCE,MEDIUM,V13 inferred from primary school theme.
ETAG-07681,EVT-0545,TAG-0150,CURATED_CONTEXT,HIGH,V13 curated historical-context membership.
ETAG-07690,EVT-0546,TAG-0117,CURRICULUM_THEME_INFERENCE,MEDIUM,V13 inferred from primary school theme.
ETAG-07691,EVT-0546,TAG-0142,CURRICULUM_THEME_INFERENCE,MEDIUM,V13 inferred from primary school theme.
ETAG-07692,EVT-0546,TAG-0135,CURRICULUM_THEME_INFERENCE,MEDIUM,V13 inferred from primary school theme.
ETAG-07693,EVT-0546,TAG-0153,CURRICULUM_THEME_INFERENCE,MEDIUM,V13 inferred from primary school theme.
ETAG-07694,EVT-0546,TAG-0137,SEMANTIC_RULE,HIGH,V13 direct title match.
ETAG-07695,EVT-0546,TAG-0180,GEOGRAPHY_RULE,HIGH,V13 direct title match.
ETAG-07696,EVT-0546,TAG-0166,GEOGRAPHY_RULE,HIGH,V13 direct title match.
ETAG-07697,EVT-0546,TAG-0181,GEOGRAPHY_RULE,HIGH,V13 direct title match.
ETAG-07698,EVT-0546,TAG-0150,CURATED_CONTEXT,HIGH,V13 curated historical-context membership.
ETAG-07707,EVT-0547,TAG-0117,CURRICULUM_THEME_INFERENCE,MEDIUM,V13 inferred from primary school theme.
ETAG-07708,EVT-0547,TAG-0142,V14_MANUAL_AUDIT,HIGH,High-confidence topic after targeted V14 review.
ETAG-07709,EVT-0547,TAG-0135,CURRICULUM_THEME_INFERENCE,MEDIUM,V13 inferred from primary school theme.
ETAG-07710,EVT-0547,TAG-0153,CURRICULUM_THEME_INFERENCE,MEDIUM,V13 inferred from primary school theme.
ETAG-07711,EVT-0547,TAG-0146,SEMANTIC_RULE,HIGH,V13 direct title match.
ETAG-07712,EVT-0547,TAG-0108,SEMANTIC_RULE,HIGH,V13 direct title match.
ETAG-07713,EVT-0547,TAG-0154,GEOGRAPHY_RULE,HIGH,V13 direct title match.
ETAG-07714,EVT-0547,TAG-0159,GEOGRAPHY_RULE,HIGH,V13 direct title match.
ETAG-07715,EVT-0547,TAG-0150,CURATED_CONTEXT,HIGH,V13 curated historical-context membership.
ETAG-07724,EVT-0368,TAG-0108,V14_MANUAL_AUDIT,HIGH,High-confidence topic after targeted V14 review.
ETAG-07725,EVT-0368,TAG-0195,V14_MANUAL_AUDIT,HIGH,High-confidence geography after targeted V14 review.
ETAG-07726,EVT-0369,TAG-0109,V14_MANUAL_AUDIT,HIGH,High-confidence topic after targeted V14 review.
ETAG-07727,EVT-0369,TAG-0173,V14_MANUAL_AUDIT,HIGH,High-confidence geography after targeted V14 review.
ETAG-07728,EVT-0372,TAG-0106,V14_MANUAL_AUDIT,HIGH,High-confidence topic after targeted V14 review.
ETAG-07729,EVT-0375,TAG-0106,V14_MANUAL_AUDIT,HIGH,High-confidence topic after targeted V14 review.
ETAG-07730,EVT-0375,TAG-0154,V14_MANUAL_AUDIT,HIGH,High-confidence geography after targeted V14 review.
ETAG-07731,EVT-0375,TAG-0161,V14_MANUAL_AUDIT,HIGH,High-confidence geography after targeted V14 review.
ETAG-07732,EVT-0377,TAG-0106,V14_MANUAL_AUDIT,HIGH,High-confidence topic after targeted V14 review.
ETAG-07733,EVT-0377,TAG-0154,V14_MANUAL_AUDIT,HIGH,High-confidence geography after targeted V14 review.
ETAG-07734,EVT-0377,TAG-0161,V14_MANUAL_AUDIT,HIGH,High-confidence geography after targeted V14 review.
ETAG-07735,EVT-0378,TAG-0106,V14_MANUAL_AUDIT,HIGH,High-confidence topic after targeted V14 review.
ETAG-07736,EVT-0381,TAG-0106,V14_MANUAL_AUDIT,HIGH,High-confidence topic after targeted V14 review.
ETAG-07737,EVT-0381,TAG-0154,V14_MANUAL_AUDIT,HIGH,High-confidence geography after targeted V14 review.
ETAG-07738,EVT-0381,TAG-0161,V14_MANUAL_AUDIT,HIGH,High-confidence geography after targeted V14 review.
ETAG-07739,EVT-0382,TAG-0154,V14_MANUAL_AUDIT,HIGH,High-confidence geography after targeted V14 review.
ETAG-07740,EVT-0382,TAG-0160,V14_MANUAL_AUDIT,HIGH,High-confidence geography after targeted V14 review.
ETAG-07741,EVT-0385,TAG-0154,V14_MANUAL_AUDIT,HIGH,High-confidence geography after targeted V14 review.
ETAG-07742,EVT-0385,TAG-0160,V14_MANUAL_AUDIT,HIGH,High-confidence geography after targeted V14 review.
ETAG-07743,EVT-0386,TAG-0154,V14_MANUAL_AUDIT,HIGH,High-confidence geography after targeted V14 review.
ETAG-07744,EVT-0386,TAG-0160,V14_MANUAL_AUDIT,HIGH,High-confidence geography after targeted V14 review.
ETAG-07745,EVT-0387,TAG-0109,V14_MANUAL_AUDIT,HIGH,High-confidence topic after targeted V14 review.
ETAG-07746,EVT-0388,TAG-0114,V14_MANUAL_AUDIT,HIGH,High-confidence topic after targeted V14 review.
ETAG-07747,EVT-0392,TAG-0180,V14_MANUAL_AUDIT,HIGH,High-confidence geography after targeted V14 review.
ETAG-07748,EVT-0392,TAG-0166,V14_MANUAL_AUDIT,HIGH,High-confidence geography after targeted V14 review.
ETAG-07749,EVT-0393,TAG-0154,V14_MANUAL_AUDIT,HIGH,High-confidence geography after targeted V14 review.
ETAG-07750,EVT-0394,TAG-0154,V14_MANUAL_AUDIT,HIGH,High-confidence geography after targeted V14 review.
ETAG-07751,EVT-0394,TAG-0160,V14_MANUAL_AUDIT,HIGH,High-confidence geography after targeted V14 review.
ETAG-07752,EVT-0395,TAG-0154,V14_MANUAL_AUDIT,HIGH,High-confidence geography after targeted V14 review.
ETAG-07753,EVT-0397,TAG-0106,V14_MANUAL_AUDIT,HIGH,High-confidence topic after targeted V14 review.
ETAG-07754,EVT-0397,TAG-0159,V14_MANUAL_AUDIT,HIGH,High-confidence geography after targeted V14 review.
ETAG-07755,EVT-0399,TAG-0154,V14_MANUAL_AUDIT,HIGH,High-confidence geography after targeted V14 review.
ETAG-07756,EVT-0401,TAG-0110,V14_MANUAL_AUDIT,HIGH,High-confidence topic after targeted V14 review.
ETAG-07757,EVT-0403,TAG-0106,V14_MANUAL_AUDIT,HIGH,High-confidence topic after targeted V14 review.
ETAG-07758,EVT-0403,TAG-0180,V14_MANUAL_AUDIT,HIGH,High-confidence geography after targeted V14 review.
ETAG-07759,EVT-0403,TAG-0166,V14_MANUAL_AUDIT,HIGH,High-confidence geography after targeted V14 review.
ETAG-07760,EVT-0411,TAG-0157,V14_MANUAL_AUDIT,HIGH,High-confidence geography after targeted V14 review.
ETAG-07761,EVT-0412,TAG-0106,V14_MANUAL_AUDIT,HIGH,High-confidence topic after targeted V14 review.
ETAG-07762,EVT-0412,TAG-0157,V14_MANUAL_AUDIT,HIGH,High-confidence geography after targeted V14 review.
ETAG-07763,EVT-0413,TAG-0157,V14_MANUAL_AUDIT,HIGH,High-confidence geography after targeted V14 review.
ETAG-07764,EVT-0414,TAG-0159,V14_MANUAL_AUDIT,HIGH,High-confidence geography after targeted V14 review.
ETAG-07765,EVT-0421,TAG-0159,V14_MANUAL_AUDIT,HIGH,High-confidence geography after targeted V14 review.
ETAG-07766,EVT-0422,TAG-0106,V14_MANUAL_AUDIT,HIGH,High-confidence topic after targeted V14 review.
ETAG-07767,EVT-0424,TAG-0165,V14_MANUAL_AUDIT,HIGH,High-confidence geography after targeted V14 review.
ETAG-07768,EVT-0425,TAG-0114,V14_MANUAL_AUDIT,HIGH,High-confidence topic after targeted V14 review.
ETAG-07769,EVT-0430,TAG-0154,V14_MANUAL_AUDIT,HIGH,High-confidence geography after targeted V14 review.
ETAG-07770,EVT-0433,TAG-0185,V14_MANUAL_AUDIT,HIGH,High-confidence geography after targeted V14 review.
ETAG-07771,EVT-0433,TAG-0186,V14_MANUAL_AUDIT,HIGH,High-confidence geography after targeted V14 review.
ETAG-07772,EVT-0433,TAG-0165,V14_MANUAL_AUDIT,HIGH,High-confidence geography after targeted V14 review.
ETAG-07773,EVT-0434,TAG-0108,V14_MANUAL_AUDIT,HIGH,High-confidence topic after targeted V14 review.
ETAG-07774,EVT-0435,TAG-0185,V14_MANUAL_AUDIT,HIGH,High-confidence geography after targeted V14 review.
ETAG-07775,EVT-0435,TAG-0186,V14_MANUAL_AUDIT,HIGH,High-confidence geography after targeted V14 review.
ETAG-07776,EVT-0435,TAG-0165,V14_MANUAL_AUDIT,HIGH,High-confidence geography after targeted V14 review.
ETAG-07777,EVT-0436,TAG-0185,V14_MANUAL_AUDIT,HIGH,High-confidence geography after targeted V14 review.
ETAG-07778,EVT-0436,TAG-0186,V14_MANUAL_AUDIT,HIGH,High-confidence geography after targeted V14 review.
ETAG-07779,EVT-0436,TAG-0165,V14_MANUAL_AUDIT,HIGH,High-confidence geography after targeted V14 review.
ETAG-07780,EVT-0437,TAG-0108,V14_MANUAL_AUDIT,HIGH,High-confidence topic after targeted V14 review.
ETAG-07781,EVT-0439,TAG-0185,V14_MANUAL_AUDIT,HIGH,High-confidence geography after targeted V14 review.
ETAG-07782,EVT-0439,TAG-0196,V14_MANUAL_AUDIT,HIGH,High-confidence geography after targeted V14 review.
ETAG-07783,EVT-0439,TAG-0197,V14_MANUAL_AUDIT,HIGH,High-confidence geography after targeted V14 review.
ETAG-07784,EVT-0440,TAG-0110,V14_MANUAL_AUDIT,HIGH,High-confidence topic after targeted V14 review.
ETAG-07785,EVT-0443,TAG-0157,V14_MANUAL_AUDIT,HIGH,High-confidence geography after targeted V14 review.
ETAG-07786,EVT-0444,TAG-0157,V14_MANUAL_AUDIT,HIGH,High-confidence geography after targeted V14 review.
ETAG-07787,EVT-0445,TAG-0157,V14_MANUAL_AUDIT,HIGH,High-confidence geography after targeted V14 review.
ETAG-07788,EVT-0446,TAG-0157,V14_MANUAL_AUDIT,HIGH,High-confidence geography after targeted V14 review.
ETAG-07789,EVT-0447,TAG-0108,V14_MANUAL_AUDIT,HIGH,High-confidence topic after targeted V14 review.
ETAG-07790,EVT-0447,TAG-0185,V14_MANUAL_AUDIT,HIGH,High-confidence geography after targeted V14 review.
ETAG-07791,EVT-0447,TAG-0196,V14_MANUAL_AUDIT,HIGH,High-confidence geography after targeted V14 review.
ETAG-07792,EVT-0447,TAG-0197,V14_MANUAL_AUDIT,HIGH,High-confidence geography after targeted V14 review.
ETAG-07793,EVT-0448,TAG-0157,V14_MANUAL_AUDIT,HIGH,High-confidence geography after targeted V14 review.
ETAG-07794,EVT-0449,TAG-0108,V14_MANUAL_AUDIT,HIGH,High-confidence topic after targeted V14 review.
ETAG-07795,EVT-0451,TAG-0198,V14_MANUAL_AUDIT,HIGH,High-confidence geography after targeted V14 review.
ETAG-07796,EVT-0452,TAG-0108,V14_MANUAL_AUDIT,HIGH,High-confidence topic after targeted V14 review.
ETAG-07797,EVT-0452,TAG-0198,V14_MANUAL_AUDIT,HIGH,High-confidence geography after targeted V14 review.
ETAG-07798,EVT-0453,TAG-0113,V14_MANUAL_AUDIT,HIGH,High-confidence topic after targeted V14 review.
ETAG-07799,EVT-0454,TAG-0109,V14_MANUAL_AUDIT,HIGH,High-confidence topic after targeted V14 review.
ETAG-07800,EVT-0454,TAG-0110,V14_MANUAL_AUDIT,HIGH,High-confidence topic after targeted V14 review.
ETAG-07801,EVT-0455,TAG-0109,V14_MANUAL_AUDIT,HIGH,High-confidence topic after targeted V14 review.
ETAG-07802,EVT-0457,TAG-0199,V14_MANUAL_AUDIT,HIGH,High-confidence geography after targeted V14 review.
ETAG-07803,EVT-0457,TAG-0158,V14_MANUAL_AUDIT,HIGH,High-confidence geography after targeted V14 review.
ETAG-07804,EVT-0463,TAG-0113,V14_MANUAL_AUDIT,HIGH,High-confidence topic after targeted V14 review.
ETAG-07805,EVT-0467,TAG-0109,V14_MANUAL_AUDIT,HIGH,High-confidence topic after targeted V14 review.
ETAG-07806,EVT-0467,TAG-0106,V14_MANUAL_AUDIT,HIGH,High-confidence topic after targeted V14 review.
ETAG-07807,EVT-0468,TAG-0185,V14_MANUAL_AUDIT,HIGH,High-confidence geography after targeted V14 review.
ETAG-07808,EVT-0468,TAG-0186,V14_MANUAL_AUDIT,HIGH,High-confidence geography after targeted V14 review.
ETAG-07809,EVT-0468,TAG-0165,V14_MANUAL_AUDIT,HIGH,High-confidence geography after targeted V14 review.
ETAG-07810,EVT-0474,TAG-0157,V14_MANUAL_AUDIT,HIGH,High-confidence geography after targeted V14 review.
ETAG-07811,EVT-0475,TAG-0142,V14_MANUAL_AUDIT,HIGH,High-confidence topic after targeted V14 review.
ETAG-07812,EVT-0475,TAG-0174,V14_MANUAL_AUDIT,HIGH,High-confidence geography after targeted V14 review.
ETAG-07813,EVT-0475,TAG-0177,V14_MANUAL_AUDIT,HIGH,High-confidence geography after targeted V14 review.
ETAG-07814,EVT-0475,TAG-0200,V14_MANUAL_AUDIT,HIGH,High-confidence geography after targeted V14 review.
ETAG-07815,EVT-0478,TAG-0189,V14_MANUAL_AUDIT,HIGH,High-confidence geography after targeted V14 review.
ETAG-07816,EVT-0482,TAG-0157,V14_MANUAL_AUDIT,HIGH,High-confidence geography after targeted V14 review.
ETAG-07817,EVT-0487,TAG-0109,V14_MANUAL_AUDIT,HIGH,High-confidence topic after targeted V14 review.
ETAG-07818,EVT-0489,TAG-0106,V14_MANUAL_AUDIT,HIGH,High-confidence topic after targeted V14 review.
ETAG-07819,EVT-0489,TAG-0146,V14_MANUAL_AUDIT,HIGH,High-confidence topic after targeted V14 review.
ETAG-07820,EVT-0493,TAG-0109,V14_MANUAL_AUDIT,HIGH,High-confidence topic after targeted V14 review.
ETAG-07821,EVT-0497,TAG-0180,V14_MANUAL_AUDIT,HIGH,High-confidence geography after targeted V14 review.
ETAG-07822,EVT-0497,TAG-0166,V14_MANUAL_AUDIT,HIGH,High-confidence geography after targeted V14 review.
ETAG-07823,EVT-0504,TAG-0159,V14_MANUAL_AUDIT,HIGH,High-confidence geography after targeted V14 review.
ETAG-07824,EVT-0505,TAG-0109,V14_MANUAL_AUDIT,HIGH,High-confidence topic after targeted V14 review.
ETAG-07825,EVT-0511,TAG-0137,V14_MANUAL_AUDIT,HIGH,High-confidence topic after targeted V14 review.
ETAG-07826,EVT-0513,TAG-0164,V14_MANUAL_AUDIT,HIGH,High-confidence geography after targeted V14 review.
ETAG-07827,EVT-0515,TAG-0160,V14_MANUAL_AUDIT,HIGH,High-confidence geography after targeted V14 review.
ETAG-07828,EVT-0516,TAG-0146,V14_MANUAL_AUDIT,HIGH,High-confidence topic after targeted V14 review.
ETAG-07829,EVT-0520,TAG-0180,V14_MANUAL_AUDIT,HIGH,High-confidence geography after targeted V14 review.
ETAG-07830,EVT-0520,TAG-0167,V14_MANUAL_AUDIT,HIGH,High-confidence geography after targeted V14 review.
ETAG-07831,EVT-0521,TAG-0180,V14_MANUAL_AUDIT,HIGH,High-confidence geography after targeted V14 review.
ETAG-07832,EVT-0521,TAG-0167,V14_MANUAL_AUDIT,HIGH,High-confidence geography after targeted V14 review.
ETAG-07833,EVT-0522,TAG-0108,V14_MANUAL_AUDIT,HIGH,High-confidence topic after targeted V14 review.
ETAG-07834,EVT-0525,TAG-0106,V14_MANUAL_AUDIT,HIGH,High-confidence topic after targeted V14 review.
ETAG-07835,EVT-0527,TAG-0109,V14_MANUAL_AUDIT,HIGH,High-confidence topic after targeted V14 review.
ETAG-07836,EVT-0529,TAG-0185,V14_MANUAL_AUDIT,HIGH,High-confidence geography after targeted V14 review.
ETAG-07837,EVT-0529,TAG-0156,V14_MANUAL_AUDIT,HIGH,High-confidence geography after targeted V14 review.
ETAG-07838,EVT-0529,TAG-0196,V14_MANUAL_AUDIT,HIGH,High-confidence geography after targeted V14 review.
ETAG-07839,EVT-0529,TAG-0201,V14_MANUAL_AUDIT,HIGH,High-confidence geography after targeted V14 review.
ETAG-07840,EVT-0532,TAG-0185,V14_MANUAL_AUDIT,HIGH,High-confidence geography after targeted V14 review.
ETAG-07841,EVT-0532,TAG-0156,V14_MANUAL_AUDIT,HIGH,High-confidence geography after targeted V14 review.
ETAG-07842,EVT-0532,TAG-0196,V14_MANUAL_AUDIT,HIGH,High-confidence geography after targeted V14 review.
ETAG-07843,EVT-0532,TAG-0201,V14_MANUAL_AUDIT,HIGH,High-confidence geography after targeted V14 review.
ETAG-07844,EVT-0533,TAG-0185,V14_MANUAL_AUDIT,HIGH,High-confidence geography after targeted V14 review.
ETAG-07845,EVT-0533,TAG-0156,V14_MANUAL_AUDIT,HIGH,High-confidence geography after targeted V14 review.
ETAG-07846,EVT-0533,TAG-0196,V14_MANUAL_AUDIT,HIGH,High-confidence geography after targeted V14 review.
ETAG-07847,EVT-0533,TAG-0201,V14_MANUAL_AUDIT,HIGH,High-confidence geography after targeted V14 review.
ETAG-07848,EVT-0540,TAG-0114,V14_MANUAL_AUDIT,HIGH,High-confidence topic after targeted V14 review.
ETAG-07849,EVT-0540,TAG-0109,V14_MANUAL_AUDIT,HIGH,High-confidence topic after targeted V14 review.
ETAG-07850,EVT-0542,TAG-0202,V14_MANUAL_AUDIT,HIGH,High-confidence geography after targeted V14 review.
ETAG-07851,EVT-0543,TAG-0111,V14_MANUAL_AUDIT,HIGH,High-confidence topic after targeted V14 review.
ETAG-07852,EVT-0543,TAG-0203,V14_MANUAL_AUDIT,HIGH,High-confidence geography after targeted V14 review.
ETAG-07853,EVT-0543,TAG-0166,V14_MANUAL_AUDIT,HIGH,High-confidence geography after targeted V14 review.
ETAG-07854,EVT-0544,TAG-0154,V14_MANUAL_AUDIT,HIGH,High-confidence geography after targeted V14 review.
ETAG-07855,EVT-0544,TAG-0204,V14_MANUAL_AUDIT,HIGH,High-confidence geography after targeted V14 review.
ETAG-07856,EVT-0545,TAG-0154,V14_MANUAL_AUDIT,HIGH,High-confidence geography after targeted V14 review.
ETAG-07857,EVT-0545,TAG-0164,V14_MANUAL_AUDIT,HIGH,High-confidence geography after targeted V14 review.
ETAG-07858,EVT-0545,TAG-0205,V14_MANUAL_AUDIT,HIGH,High-confidence geography after targeted V14 review.
ETAG-07859,EVT-0548,TAG-0109,V14_MANUAL_AUDIT,HIGH,High-confidence topic after targeted V14 review.
ETAG-07860,EVT-0548,TAG-0110,V14_MANUAL_AUDIT,HIGH,High-confidence topic after targeted V14 review.
ETAG-07861,EVT-0548,TAG-0154,V14_MANUAL_AUDIT,HIGH,High-confidence geography after targeted V14 review.
ETAG-07862,EVT-0043,TAG-0171,V14_FINAL_SEMANTIC_AUDIT,HIGH,Added in final school-corpus semantic audit.
ETAG-07863,EVT-0091,TAG-0157,V14_FINAL_SEMANTIC_AUDIT,HIGH,Added in final school-corpus semantic audit.
ETAG-07864,EVT-0094,TAG-0157,V14_FINAL_SEMANTIC_AUDIT,HIGH,Added in final school-corpus semantic audit.
ETAG-07865,EVT-0095,TAG-0157,V14_FINAL_SEMANTIC_AUDIT,HIGH,Added in final school-corpus semantic audit.
ETAG-07866,EVT-0096,TAG-0157,V14_FINAL_SEMANTIC_AUDIT,HIGH,Added in final school-corpus semantic audit.
ETAG-07867,EVT-0147,TAG-0160,V14_FINAL_SEMANTIC_AUDIT,HIGH,Added in final school-corpus semantic audit.
ETAG-07868,EVT-0148,TAG-0160,V14_FINAL_SEMANTIC_AUDIT,HIGH,Added in final school-corpus semantic audit.
ETAG-07869,EVT-0174,TAG-0157,V14_FINAL_SEMANTIC_AUDIT,HIGH,Added in final school-corpus semantic audit.
ETAG-07870,EVT-0175,TAG-0157,V14_FINAL_SEMANTIC_AUDIT,HIGH,Added in final school-corpus semantic audit.
ETAG-07871,EVT-0180,TAG-0157,V14_FINAL_SEMANTIC_AUDIT,HIGH,Added in final school-corpus semantic audit.
ETAG-07872,EVT-0183,TAG-0161,V14_FINAL_SEMANTIC_AUDIT,HIGH,Added in final school-corpus semantic audit.
ETAG-07873,EVT-0184,TAG-0157,V14_FINAL_SEMANTIC_AUDIT,HIGH,Added in final school-corpus semantic audit.
ETAG-07874,EVT-0207,TAG-0157,V14_FINAL_SEMANTIC_AUDIT,HIGH,Added in final school-corpus semantic audit.
ETAG-07875,EVT-0208,TAG-0169,V14_FINAL_SEMANTIC_AUDIT,HIGH,Added in final school-corpus semantic audit.
ETAG-07876,EVT-0209,TAG-0169,V14_FINAL_SEMANTIC_AUDIT,HIGH,Added in final school-corpus semantic audit.
ETAG-07877,EVT-0210,TAG-0157,V14_FINAL_SEMANTIC_AUDIT,HIGH,Added in final school-corpus semantic audit.
ETAG-07878,EVT-0212,TAG-0157,V14_FINAL_SEMANTIC_AUDIT,HIGH,Added in final school-corpus semantic audit.
ETAG-07879,EVT-0244,TAG-0159,V14_FINAL_SEMANTIC_AUDIT,HIGH,Added in final school-corpus semantic audit.
ETAG-07880,EVT-0248,TAG-0157,V14_FINAL_SEMANTIC_AUDIT,HIGH,Added in final school-corpus semantic audit.
ETAG-07881,EVT-0262,TAG-0157,V14_FINAL_SEMANTIC_AUDIT,HIGH,Added in final school-corpus semantic audit.
ETAG-07882,EVT-0263,TAG-0165,V14_FINAL_SEMANTIC_AUDIT,HIGH,Added in final school-corpus semantic audit.
ETAG-07883,EVT-0264,TAG-0165,V14_FINAL_SEMANTIC_AUDIT,HIGH,Added in final school-corpus semantic audit.
ETAG-07884,EVT-0272,TAG-0154,V14_FINAL_SEMANTIC_AUDIT,HIGH,Added in final school-corpus semantic audit.
ETAG-07885,EVT-0277,TAG-0159,V14_FINAL_SEMANTIC_AUDIT,HIGH,Added in final school-corpus semantic audit.
ETAG-07886,EVT-0280,TAG-0154,V14_FINAL_SEMANTIC_AUDIT,HIGH,Added in final school-corpus semantic audit.
ETAG-07887,EVT-0281,TAG-0154,V14_FINAL_SEMANTIC_AUDIT,HIGH,Added in final school-corpus semantic audit.
ETAG-07888,EVT-0282,TAG-0154,V14_FINAL_SEMANTIC_AUDIT,HIGH,Added in final school-corpus semantic audit.
ETAG-07889,EVT-0283,TAG-0157,V14_FINAL_SEMANTIC_AUDIT,HIGH,Added in final school-corpus semantic audit.
ETAG-07890,EVT-0285,TAG-0157,V14_FINAL_SEMANTIC_AUDIT,HIGH,Added in final school-corpus semantic audit.
ETAG-07891,EVT-0295,TAG-0154,V14_FINAL_SEMANTIC_AUDIT,HIGH,Added in final school-corpus semantic audit.
ETAG-07892,EVT-0301,TAG-0173,V14_FINAL_SEMANTIC_AUDIT,HIGH,Added in final school-corpus semantic audit.
ETAG-07893,EVT-0307,TAG-0159,V14_FINAL_SEMANTIC_AUDIT,HIGH,Added in final school-corpus semantic audit.
ETAG-07894,EVT-0308,TAG-0159,V14_FINAL_SEMANTIC_AUDIT,HIGH,Added in final school-corpus semantic audit.
ETAG-07895,EVT-0311,TAG-0157,V14_FINAL_SEMANTIC_AUDIT,HIGH,Added in final school-corpus semantic audit.
ETAG-07896,EVT-0322,TAG-0157,V14_FINAL_SEMANTIC_AUDIT,HIGH,Added in final school-corpus semantic audit.
ETAG-07897,EVT-0323,TAG-0157,V14_FINAL_SEMANTIC_AUDIT,HIGH,Added in final school-corpus semantic audit.
ETAG-07898,EVT-0324,TAG-0157,V14_FINAL_SEMANTIC_AUDIT,HIGH,Added in final school-corpus semantic audit.
ETAG-07899,EVT-0325,TAG-0157,V14_FINAL_SEMANTIC_AUDIT,HIGH,Added in final school-corpus semantic audit.
ETAG-07900,EVT-0334,TAG-0157,V14_FINAL_SEMANTIC_AUDIT,HIGH,Added in final school-corpus semantic audit.
ETAG-07901,EVT-0349,TAG-0157,V14_FINAL_SEMANTIC_AUDIT,HIGH,Added in final school-corpus semantic audit.
ETAG-07902,EVT-0352,TAG-0153,V14_FINAL_SEMANTIC_AUDIT,HIGH,Added in final school-corpus semantic audit.
ETAG-07903,EVT-0106,TAG-0106,V14_FINAL_SEMANTIC_AUDIT,HIGH,Added in final school-corpus semantic audit.
ETAG-07909,EVT-0549,TAG-0108,V15_CURATED_SEMANTIC,HIGH,Culture générale V15.
ETAG-07910,EVT-0549,TAG-0106,V15_CURATED_SEMANTIC,HIGH,Culture générale V15.
ETAG-07911,EVT-0549,TAG-0195,V15_CURATED_GEOGRAPHY,HIGH,Culture générale V15.
ETAG-07912,EVT-0549,TAG-0174,V15_CURATED_GEOGRAPHY,HIGH,Culture générale V15.
ETAG-07918,EVT-0550,TAG-0111,V15_CURATED_SEMANTIC,HIGH,Culture générale V15.
ETAG-07919,EVT-0550,TAG-0112,V15_CURATED_SEMANTIC,HIGH,Culture générale V15.
ETAG-07920,EVT-0550,TAG-0161,V15_CURATED_GEOGRAPHY,HIGH,Culture générale V15.
ETAG-07921,EVT-0550,TAG-0154,V15_CURATED_GEOGRAPHY,HIGH,Culture générale V15.
ETAG-07927,EVT-0551,TAG-0111,V15_CURATED_SEMANTIC,HIGH,Culture générale V15.
ETAG-07928,EVT-0551,TAG-0112,V15_CURATED_SEMANTIC,HIGH,Culture générale V15.
ETAG-07929,EVT-0551,TAG-0160,V15_CURATED_GEOGRAPHY,HIGH,Culture générale V15.
ETAG-07930,EVT-0551,TAG-0154,V15_CURATED_GEOGRAPHY,HIGH,Culture générale V15.
ETAG-07936,EVT-0552,TAG-0134,V15_CURATED_SEMANTIC,HIGH,Culture générale V15.
ETAG-07937,EVT-0552,TAG-0123,V15_CURATED_SEMANTIC,HIGH,Culture générale V15.
ETAG-07938,EVT-0552,TAG-0160,V15_CURATED_GEOGRAPHY,HIGH,Culture générale V15.
ETAG-07939,EVT-0552,TAG-0154,V15_CURATED_GEOGRAPHY,HIGH,Culture générale V15.
ETAG-07945,EVT-0553,TAG-0115,V15_CURATED_SEMANTIC,HIGH,Culture générale V15.
ETAG-07946,EVT-0553,TAG-0108,V15_CURATED_SEMANTIC,HIGH,Culture générale V15.
ETAG-07947,EVT-0553,TAG-0173,V15_CURATED_GEOGRAPHY,HIGH,Culture générale V15.
ETAG-07948,EVT-0553,TAG-0171,V15_CURATED_GEOGRAPHY,HIGH,Culture générale V15.
ETAG-07954,EVT-0554,TAG-0111,V15_CURATED_SEMANTIC,HIGH,Culture générale V15.
ETAG-07955,EVT-0554,TAG-0112,V15_CURATED_SEMANTIC,HIGH,Culture générale V15.
ETAG-07956,EVT-0554,TAG-0114,V15_CURATED_SEMANTIC,HIGH,Culture générale V15.
ETAG-07957,EVT-0554,TAG-0195,V15_CURATED_GEOGRAPHY,HIGH,Culture générale V15.
ETAG-07958,EVT-0554,TAG-0171,V15_CURATED_GEOGRAPHY,HIGH,Culture générale V15.
ETAG-07964,EVT-0555,TAG-0108,V15_CURATED_SEMANTIC,HIGH,Culture générale V15.
ETAG-07965,EVT-0555,TAG-0111,V15_CURATED_SEMANTIC,HIGH,Culture générale V15.
ETAG-07966,EVT-0555,TAG-0123,V15_CURATED_SEMANTIC,HIGH,Culture générale V15.
ETAG-07967,EVT-0555,TAG-0155,V15_CURATED_GEOGRAPHY,HIGH,Culture générale V15.
ETAG-07968,EVT-0555,TAG-0171,V15_CURATED_GEOGRAPHY,HIGH,Culture générale V15.
ETAG-07974,EVT-0556,TAG-0109,V15_CURATED_SEMANTIC,HIGH,Culture générale V15.
ETAG-07975,EVT-0556,TAG-0107,V15_CURATED_SEMANTIC,HIGH,Culture générale V15.
ETAG-07976,EVT-0556,TAG-0106,V15_CURATED_SEMANTIC,HIGH,Culture générale V15.
ETAG-07977,EVT-0556,TAG-0161,V15_CURATED_GEOGRAPHY,HIGH,Culture générale V15.
ETAG-07978,EVT-0556,TAG-0154,V15_CURATED_GEOGRAPHY,HIGH,Culture générale V15.
ETAG-07984,EVT-0557,TAG-0111,V15_CURATED_SEMANTIC,HIGH,Culture générale V15.
ETAG-07985,EVT-0557,TAG-0112,V15_CURATED_SEMANTIC,HIGH,Culture générale V15.
ETAG-07986,EVT-0557,TAG-0108,V15_CURATED_SEMANTIC,HIGH,Culture générale V15.
ETAG-07987,EVT-0557,TAG-0161,V15_CURATED_GEOGRAPHY,HIGH,Culture générale V15.
ETAG-07988,EVT-0557,TAG-0154,V15_CURATED_GEOGRAPHY,HIGH,Culture générale V15.
ETAG-07994,EVT-0558,TAG-0111,V15_CURATED_SEMANTIC,HIGH,Culture générale V15.
ETAG-07995,EVT-0558,TAG-0142,V15_CURATED_SEMANTIC,HIGH,Culture générale V15.
ETAG-07996,EVT-0558,TAG-0160,V15_CURATED_GEOGRAPHY,HIGH,Culture générale V15.
ETAG-07997,EVT-0558,TAG-0155,V15_CURATED_GEOGRAPHY,HIGH,Culture générale V15.
ETAG-08003,EVT-0559,TAG-0111,V15_CURATED_SEMANTIC,HIGH,Culture générale V15.
ETAG-08004,EVT-0559,TAG-0112,V15_CURATED_SEMANTIC,HIGH,Culture générale V15.
ETAG-08005,EVT-0559,TAG-0175,V15_CURATED_GEOGRAPHY,HIGH,Culture générale V15.
ETAG-08006,EVT-0559,TAG-0174,V15_CURATED_GEOGRAPHY,HIGH,Culture générale V15.
ETAG-08012,EVT-0560,TAG-0113,V15_CURATED_SEMANTIC,HIGH,Culture générale V15.
ETAG-08013,EVT-0560,TAG-0118,V15_CURATED_SEMANTIC,HIGH,Culture générale V15.
ETAG-08014,EVT-0560,TAG-0160,V15_CURATED_GEOGRAPHY,HIGH,Culture générale V15.
ETAG-08015,EVT-0560,TAG-0154,V15_CURATED_GEOGRAPHY,HIGH,Culture générale V15.
ETAG-08021,EVT-0561,TAG-0111,V15_CURATED_SEMANTIC,HIGH,Culture générale V15.
ETAG-08022,EVT-0561,TAG-0112,V15_CURATED_SEMANTIC,HIGH,Culture générale V15.
ETAG-08023,EVT-0561,TAG-0115,V15_CURATED_SEMANTIC,HIGH,Culture générale V15.
ETAG-08024,EVT-0561,TAG-0159,V15_CURATED_GEOGRAPHY,HIGH,Culture générale V15.
ETAG-08025,EVT-0561,TAG-0154,V15_CURATED_GEOGRAPHY,HIGH,Culture générale V15.
ETAG-08031,EVT-0562,TAG-0134,V15_CURATED_SEMANTIC,HIGH,Culture générale V15.
ETAG-08032,EVT-0562,TAG-0140,V15_CURATED_SEMANTIC,HIGH,Culture générale V15.
ETAG-08033,EVT-0562,TAG-0160,V15_CURATED_GEOGRAPHY,HIGH,Culture générale V15.
ETAG-08034,EVT-0562,TAG-0154,V15_CURATED_GEOGRAPHY,HIGH,Culture générale V15.
ETAG-08040,EVT-0563,TAG-0115,V15_CURATED_SEMANTIC,HIGH,Culture générale V15.
ETAG-08041,EVT-0563,TAG-0142,V15_CURATED_SEMANTIC,HIGH,Culture générale V15.
ETAG-08042,EVT-0563,TAG-0154,V15_CURATED_GEOGRAPHY,HIGH,Culture générale V15.
ETAG-08043,EVT-0563,TAG-0171,V15_CURATED_GEOGRAPHY,HIGH,Culture générale V15.
ETAG-08044,EVT-0563,TAG-0175,V15_CURATED_GEOGRAPHY,HIGH,Culture générale V15.
ETAG-08050,EVT-0564,TAG-0109,V15_CURATED_SEMANTIC,HIGH,Culture générale V15.
ETAG-08051,EVT-0564,TAG-0110,V15_CURATED_SEMANTIC,HIGH,Culture générale V15.
ETAG-08052,EVT-0564,TAG-0115,V15_CURATED_SEMANTIC,HIGH,Culture générale V15.
ETAG-08053,EVT-0564,TAG-0154,V15_CURATED_GEOGRAPHY,HIGH,Culture générale V15.
ETAG-08054,EVT-0564,TAG-0155,V15_CURATED_GEOGRAPHY,HIGH,Culture générale V15.
ETAG-08060,EVT-0565,TAG-0111,V15_CURATED_SEMANTIC,HIGH,Culture générale V15.
ETAG-08061,EVT-0565,TAG-0112,V15_CURATED_SEMANTIC,HIGH,Culture générale V15.
ETAG-08062,EVT-0565,TAG-0119,V15_CURATED_SEMANTIC,HIGH,Culture générale V15.
ETAG-08063,EVT-0565,TAG-0160,V15_CURATED_GEOGRAPHY,HIGH,Culture générale V15.
ETAG-08064,EVT-0565,TAG-0154,V15_CURATED_GEOGRAPHY,HIGH,Culture générale V15.
ETAG-08070,EVT-0566,TAG-0115,V15_CURATED_SEMANTIC,HIGH,Culture générale V15.
ETAG-08071,EVT-0566,TAG-0108,V15_CURATED_SEMANTIC,HIGH,Culture générale V15.
ETAG-08072,EVT-0566,TAG-0154,V15_CURATED_GEOGRAPHY,HIGH,Culture générale V15.
ETAG-08073,EVT-0566,TAG-0155,V15_CURATED_GEOGRAPHY,HIGH,Culture générale V15.
ETAG-08079,EVT-0567,TAG-0111,V15_CURATED_SEMANTIC,HIGH,Culture générale V15.
ETAG-08080,EVT-0567,TAG-0112,V15_CURATED_SEMANTIC,HIGH,Culture générale V15.
ETAG-08081,EVT-0567,TAG-0157,V15_CURATED_GEOGRAPHY,HIGH,Culture générale V15.
ETAG-08082,EVT-0567,TAG-0154,V15_CURATED_GEOGRAPHY,HIGH,Culture générale V15.
ETAG-08088,EVT-0568,TAG-0111,V15_CURATED_SEMANTIC,HIGH,Culture générale V15.
ETAG-08089,EVT-0568,TAG-0115,V15_CURATED_SEMANTIC,HIGH,Culture générale V15.
ETAG-08090,EVT-0568,TAG-0160,V15_CURATED_GEOGRAPHY,HIGH,Culture générale V15.
ETAG-08091,EVT-0568,TAG-0154,V15_CURATED_GEOGRAPHY,HIGH,Culture générale V15.
ETAG-08097,EVT-0569,TAG-0108,V15_CURATED_SEMANTIC,HIGH,Culture générale V15.
ETAG-08098,EVT-0569,TAG-0140,V15_CURATED_SEMANTIC,HIGH,Culture générale V15.
ETAG-08099,EVT-0569,TAG-0168,V15_CURATED_GEOGRAPHY,HIGH,Culture générale V15.
ETAG-08100,EVT-0569,TAG-0180,V15_CURATED_GEOGRAPHY,HIGH,Culture générale V15.
ETAG-08106,EVT-0570,TAG-0134,V15_CURATED_SEMANTIC,HIGH,Culture générale V15.
ETAG-08107,EVT-0570,TAG-0123,V15_CURATED_SEMANTIC,HIGH,Culture générale V15.
ETAG-08108,EVT-0570,TAG-0161,V15_CURATED_GEOGRAPHY,HIGH,Culture générale V15.
ETAG-08109,EVT-0570,TAG-0155,V15_CURATED_GEOGRAPHY,HIGH,Culture générale V15.
ETAG-08115,EVT-0571,TAG-0109,V15_CURATED_SEMANTIC,HIGH,Culture générale V15.
ETAG-08116,EVT-0571,TAG-0106,V15_CURATED_SEMANTIC,HIGH,Culture générale V15.
ETAG-08117,EVT-0571,TAG-0161,V15_CURATED_GEOGRAPHY,HIGH,Culture générale V15.
ETAG-08118,EVT-0571,TAG-0154,V15_CURATED_GEOGRAPHY,HIGH,Culture générale V15.
ETAG-08124,EVT-0572,TAG-0111,V15_CURATED_SEMANTIC,HIGH,Culture générale V15.
ETAG-08125,EVT-0572,TAG-0106,V15_CURATED_SEMANTIC,HIGH,Culture générale V15.
ETAG-08126,EVT-0572,TAG-0161,V15_CURATED_GEOGRAPHY,HIGH,Culture générale V15.
ETAG-08127,EVT-0572,TAG-0154,V15_CURATED_GEOGRAPHY,HIGH,Culture générale V15.
ETAG-08133,EVT-0573,TAG-0111,V15_CURATED_SEMANTIC,HIGH,Culture générale V15.
ETAG-08134,EVT-0573,TAG-0112,V15_CURATED_SEMANTIC,HIGH,Culture générale V15.
ETAG-08135,EVT-0573,TAG-0115,V15_CURATED_SEMANTIC,HIGH,Culture générale V15.
ETAG-08136,EVT-0573,TAG-0171,V15_CURATED_GEOGRAPHY,HIGH,Culture générale V15.
ETAG-08137,EVT-0573,TAG-0180,V15_CURATED_GEOGRAPHY,HIGH,Culture générale V15.
ETAG-08143,EVT-0574,TAG-0115,V15_CURATED_SEMANTIC,HIGH,Culture générale V15.
ETAG-08144,EVT-0574,TAG-0106,V15_CURATED_SEMANTIC,HIGH,Culture générale V15.
ETAG-08145,EVT-0574,TAG-0154,V15_CURATED_GEOGRAPHY,HIGH,Culture générale V15.
ETAG-08146,EVT-0574,TAG-0155,V15_CURATED_GEOGRAPHY,HIGH,Culture générale V15.
ETAG-08152,EVT-0575,TAG-0106,V15_CURATED_SEMANTIC,HIGH,Culture générale V15.
ETAG-08153,EVT-0575,TAG-0115,V15_CURATED_SEMANTIC,HIGH,Culture générale V15.
ETAG-08154,EVT-0575,TAG-0154,V15_CURATED_GEOGRAPHY,HIGH,Culture générale V15.
ETAG-08155,EVT-0575,TAG-0155,V15_CURATED_GEOGRAPHY,HIGH,Culture générale V15.
ETAG-08161,EVT-0576,TAG-0106,V15_CURATED_SEMANTIC,HIGH,Culture générale V15.
ETAG-08162,EVT-0576,TAG-0115,V15_CURATED_SEMANTIC,HIGH,Culture générale V15.
ETAG-08163,EVT-0576,TAG-0108,V15_CURATED_SEMANTIC,HIGH,Culture générale V15.
ETAG-08164,EVT-0576,TAG-0154,V15_CURATED_GEOGRAPHY,HIGH,Culture générale V15.
ETAG-08165,EVT-0576,TAG-0155,V15_CURATED_GEOGRAPHY,HIGH,Culture générale V15.
ETAG-08171,EVT-0577,TAG-0119,V15_CURATED_SEMANTIC,HIGH,Culture générale V15.
ETAG-08172,EVT-0577,TAG-0106,V15_CURATED_SEMANTIC,HIGH,Culture générale V15.
ETAG-08173,EVT-0577,TAG-0171,V15_CURATED_GEOGRAPHY,HIGH,Culture générale V15.
ETAG-08174,EVT-0577,TAG-0180,V15_CURATED_GEOGRAPHY,HIGH,Culture générale V15.
ETAG-08180,EVT-0578,TAG-0111,V15_CURATED_SEMANTIC,HIGH,Culture générale V15.
ETAG-08181,EVT-0578,TAG-0115,V15_CURATED_SEMANTIC,HIGH,Culture générale V15.
ETAG-08182,EVT-0578,TAG-0119,V15_CURATED_SEMANTIC,HIGH,Culture générale V15.
ETAG-08183,EVT-0578,TAG-0162,V15_CURATED_GEOGRAPHY,HIGH,Culture générale V15.
ETAG-08184,EVT-0578,TAG-0154,V15_CURATED_GEOGRAPHY,HIGH,Culture générale V15.
ETAG-08190,EVT-0579,TAG-0111,V15_CURATED_SEMANTIC,HIGH,Culture générale V15.
ETAG-08191,EVT-0579,TAG-0119,V15_CURATED_SEMANTIC,HIGH,Culture générale V15.
ETAG-08192,EVT-0579,TAG-0172,V15_CURATED_GEOGRAPHY,HIGH,Culture générale V15.
ETAG-08193,EVT-0579,TAG-0171,V15_CURATED_GEOGRAPHY,HIGH,Culture générale V15.
ETAG-08199,EVT-0580,TAG-0128,V15_CURATED_SEMANTIC,HIGH,Culture générale V15.
ETAG-08200,EVT-0580,TAG-0123,V15_CURATED_SEMANTIC,HIGH,Culture générale V15.
ETAG-08201,EVT-0580,TAG-0160,V15_CURATED_GEOGRAPHY,HIGH,Culture générale V15.
ETAG-08202,EVT-0580,TAG-0154,V15_CURATED_GEOGRAPHY,HIGH,Culture générale V15.
ETAG-08208,EVT-0581,TAG-0132,V15_CURATED_SEMANTIC,HIGH,Culture générale V15.
ETAG-08209,EVT-0581,TAG-0119,V15_CURATED_SEMANTIC,HIGH,Culture générale V15.
ETAG-08210,EVT-0581,TAG-0115,V15_CURATED_SEMANTIC,HIGH,Culture générale V15.
ETAG-08211,EVT-0581,TAG-0170,V15_CURATED_GEOGRAPHY,HIGH,Culture générale V15.
ETAG-08212,EVT-0581,TAG-0154,V15_CURATED_GEOGRAPHY,HIGH,Culture générale V15.
ETAG-08218,EVT-0582,TAG-0128,V15_CURATED_SEMANTIC,HIGH,Culture générale V15.
ETAG-08219,EVT-0582,TAG-0123,V15_CURATED_SEMANTIC,HIGH,Culture générale V15.
ETAG-08220,EVT-0582,TAG-0170,V15_CURATED_GEOGRAPHY,HIGH,Culture générale V15.
ETAG-08221,EVT-0582,TAG-0154,V15_CURATED_GEOGRAPHY,HIGH,Culture générale V15.
ETAG-08227,EVT-0583,TAG-0119,V15_CURATED_SEMANTIC,HIGH,Culture générale V15.
ETAG-08228,EVT-0583,TAG-0171,V15_CURATED_GEOGRAPHY,HIGH,Culture générale V15.
ETAG-08229,EVT-0583,TAG-0180,V15_CURATED_GEOGRAPHY,HIGH,Culture générale V15.
ETAG-08235,EVT-0584,TAG-0111,V15_CURATED_SEMANTIC,HIGH,Culture générale V15.
ETAG-08236,EVT-0584,TAG-0112,V15_CURATED_SEMANTIC,HIGH,Culture générale V15.
ETAG-08237,EVT-0584,TAG-0115,V15_CURATED_SEMANTIC,HIGH,Culture générale V15.
ETAG-08238,EVT-0584,TAG-0171,V15_CURATED_GEOGRAPHY,HIGH,Culture générale V15.
ETAG-08239,EVT-0584,TAG-0180,V15_CURATED_GEOGRAPHY,HIGH,Culture générale V15.
ETAG-08245,EVT-0585,TAG-0119,V15_CURATED_SEMANTIC,HIGH,Culture générale V15.
ETAG-08246,EVT-0585,TAG-0115,V15_CURATED_SEMANTIC,HIGH,Culture générale V15.
ETAG-08247,EVT-0585,TAG-0108,V15_CURATED_SEMANTIC,HIGH,Culture générale V15.
ETAG-08248,EVT-0585,TAG-0171,V15_CURATED_GEOGRAPHY,HIGH,Culture générale V15.
ETAG-08249,EVT-0585,TAG-0180,V15_CURATED_GEOGRAPHY,HIGH,Culture générale V15.
ETAG-08255,EVT-0586,TAG-0113,V15_CURATED_SEMANTIC,HIGH,Culture générale V15.
ETAG-08256,EVT-0586,TAG-0115,V15_CURATED_SEMANTIC,HIGH,Culture générale V15.
ETAG-08257,EVT-0586,TAG-0119,V15_CURATED_SEMANTIC,HIGH,Culture générale V15.
ETAG-08258,EVT-0586,TAG-0171,V15_CURATED_GEOGRAPHY,HIGH,Culture générale V15.
ETAG-08259,EVT-0586,TAG-0180,V15_CURATED_GEOGRAPHY,HIGH,Culture générale V15.
ETAG-08265,EVT-0587,TAG-0140,V15_CURATED_SEMANTIC,HIGH,Culture générale V15.
ETAG-08266,EVT-0587,TAG-0108,V15_CURATED_SEMANTIC,HIGH,Culture générale V15.
ETAG-08267,EVT-0587,TAG-0173,V15_CURATED_GEOGRAPHY,HIGH,Culture générale V15.
ETAG-08268,EVT-0587,TAG-0171,V15_CURATED_GEOGRAPHY,HIGH,Culture générale V15.
ETAG-08274,EVT-0588,TAG-0111,V15_CURATED_SEMANTIC,HIGH,Culture générale V15.
ETAG-08275,EVT-0588,TAG-0119,V15_CURATED_SEMANTIC,HIGH,Culture générale V15.
ETAG-08276,EVT-0588,TAG-0158,V15_CURATED_GEOGRAPHY,HIGH,Culture générale V15.
ETAG-08277,EVT-0588,TAG-0154,V15_CURATED_GEOGRAPHY,HIGH,Culture générale V15.
ETAG-08283,EVT-0589,TAG-0131,V15_CURATED_SEMANTIC,HIGH,Culture générale V15.
ETAG-08284,EVT-0589,TAG-0186,V15_CURATED_GEOGRAPHY,HIGH,Culture générale V15.
ETAG-08285,EVT-0589,TAG-0185,V15_CURATED_GEOGRAPHY,HIGH,Culture générale V15.
ETAG-08291,EVT-0590,TAG-0119,V15_CURATED_SEMANTIC,HIGH,Culture générale V15.
ETAG-08292,EVT-0590,TAG-0114,V15_CURATED_SEMANTIC,HIGH,Culture générale V15.
ETAG-08293,EVT-0590,TAG-0120,V15_CURATED_SEMANTIC,HIGH,Culture générale V15.
ETAG-08294,EVT-0590,TAG-0159,V15_CURATED_GEOGRAPHY,HIGH,Culture générale V15.
ETAG-08295,EVT-0590,TAG-0154,V15_CURATED_GEOGRAPHY,HIGH,Culture générale V15.
ETAG-08301,EVT-0591,TAG-0119,V15_CURATED_SEMANTIC,HIGH,Culture générale V15.
ETAG-08302,EVT-0591,TAG-0106,V15_CURATED_SEMANTIC,HIGH,Culture générale V15.
ETAG-08303,EVT-0591,TAG-0158,V15_CURATED_GEOGRAPHY,HIGH,Culture générale V15.
ETAG-08304,EVT-0591,TAG-0154,V15_CURATED_GEOGRAPHY,HIGH,Culture générale V15.
ETAG-08310,EVT-0592,TAG-0111,V15_CURATED_SEMANTIC,HIGH,Culture générale V15.
ETAG-08311,EVT-0592,TAG-0112,V15_CURATED_SEMANTIC,HIGH,Culture générale V15.
ETAG-08312,EVT-0592,TAG-0119,V15_CURATED_SEMANTIC,HIGH,Culture générale V15.
ETAG-08313,EVT-0592,TAG-0172,V15_CURATED_GEOGRAPHY,HIGH,Culture générale V15.
ETAG-08314,EVT-0592,TAG-0171,V15_CURATED_GEOGRAPHY,HIGH,Culture générale V15.
ETAG-08320,EVT-0593,TAG-0115,V15_CURATED_SEMANTIC,HIGH,Culture générale V15.
ETAG-08321,EVT-0593,TAG-0106,V15_CURATED_SEMANTIC,HIGH,Culture générale V15.
ETAG-08322,EVT-0593,TAG-0180,V15_CURATED_GEOGRAPHY,HIGH,Culture générale V15.
ETAG-08323,EVT-0593,TAG-0153,V15_CURATED_GEOGRAPHY,HIGH,Culture générale V15.
ETAG-08329,EVT-0594,TAG-0107,V15_CURATED_SEMANTIC,HIGH,Culture générale V15.
ETAG-08330,EVT-0594,TAG-0106,V15_CURATED_SEMANTIC,HIGH,Culture générale V15.
ETAG-08331,EVT-0594,TAG-0158,V15_CURATED_GEOGRAPHY,HIGH,Culture générale V15.
ETAG-08332,EVT-0594,TAG-0154,V15_CURATED_GEOGRAPHY,HIGH,Culture générale V15.
ETAG-08338,EVT-0595,TAG-0111,V15_CURATED_SEMANTIC,HIGH,Culture générale V15.
ETAG-08339,EVT-0595,TAG-0119,V15_CURATED_SEMANTIC,HIGH,Culture générale V15.
ETAG-08340,EVT-0595,TAG-0172,V15_CURATED_GEOGRAPHY,HIGH,Culture générale V15.
ETAG-08341,EVT-0595,TAG-0171,V15_CURATED_GEOGRAPHY,HIGH,Culture générale V15.
ETAG-08347,EVT-0596,TAG-0106,V15_CURATED_SEMANTIC,HIGH,Culture générale V15.
ETAG-08348,EVT-0596,TAG-0111,V15_CURATED_SEMANTIC,HIGH,Culture générale V15.
ETAG-08349,EVT-0596,TAG-0158,V15_CURATED_GEOGRAPHY,HIGH,Culture générale V15.
ETAG-08350,EVT-0596,TAG-0154,V15_CURATED_GEOGRAPHY,HIGH,Culture générale V15.
ETAG-08356,EVT-0597,TAG-0119,V15_CURATED_SEMANTIC,HIGH,Culture générale V15.
ETAG-08357,EVT-0597,TAG-0106,V15_CURATED_SEMANTIC,HIGH,Culture générale V15.
ETAG-08358,EVT-0597,TAG-0157,V15_CURATED_GEOGRAPHY,HIGH,Culture générale V15.
ETAG-08359,EVT-0597,TAG-0154,V15_CURATED_GEOGRAPHY,HIGH,Culture générale V15.
ETAG-08365,EVT-0598,TAG-0119,V15_CURATED_SEMANTIC,HIGH,Culture générale V15.
ETAG-08366,EVT-0598,TAG-0106,V15_CURATED_SEMANTIC,HIGH,Culture générale V15.
ETAG-08367,EVT-0598,TAG-0157,V15_CURATED_GEOGRAPHY,HIGH,Culture générale V15.
ETAG-08368,EVT-0598,TAG-0154,V15_CURATED_GEOGRAPHY,HIGH,Culture générale V15.
ETAG-08374,EVT-0599,TAG-0111,V15_CURATED_SEMANTIC,HIGH,Culture générale V15.
ETAG-08375,EVT-0599,TAG-0112,V15_CURATED_SEMANTIC,HIGH,Culture générale V15.
ETAG-08376,EVT-0599,TAG-0108,V15_CURATED_SEMANTIC,HIGH,Culture générale V15.
ETAG-08377,EVT-0599,TAG-0158,V15_CURATED_GEOGRAPHY,HIGH,Culture générale V15.
ETAG-08378,EVT-0599,TAG-0154,V15_CURATED_GEOGRAPHY,HIGH,Culture générale V15.
ETAG-08384,EVT-0600,TAG-0113,V15_CURATED_SEMANTIC,HIGH,Culture générale V15.
ETAG-08385,EVT-0600,TAG-0123,V15_CURATED_SEMANTIC,HIGH,Culture générale V15.
ETAG-08386,EVT-0600,TAG-0158,V15_CURATED_GEOGRAPHY,HIGH,Culture générale V15.
ETAG-08387,EVT-0600,TAG-0154,V15_CURATED_GEOGRAPHY,HIGH,Culture générale V15.
ETAG-08393,EVT-0601,TAG-0111,V15_CURATED_SEMANTIC,HIGH,Culture générale V15.
ETAG-08394,EVT-0601,TAG-0112,V15_CURATED_SEMANTIC,HIGH,Culture générale V15.
ETAG-08395,EVT-0601,TAG-0189,V15_CURATED_GEOGRAPHY,HIGH,Culture générale V15.
ETAG-08396,EVT-0601,TAG-0154,V15_CURATED_GEOGRAPHY,HIGH,Culture générale V15.
ETAG-08402,EVT-0602,TAG-0119,V15_CURATED_SEMANTIC,HIGH,Culture générale V15.
ETAG-08403,EVT-0602,TAG-0120,V15_CURATED_SEMANTIC,HIGH,Culture générale V15.
ETAG-08404,EVT-0602,TAG-0159,V15_CURATED_GEOGRAPHY,HIGH,Culture générale V15.
ETAG-08405,EVT-0602,TAG-0154,V15_CURATED_GEOGRAPHY,HIGH,Culture générale V15.
ETAG-08411,EVT-0603,TAG-0111,V15_CURATED_SEMANTIC,HIGH,Culture générale V15.
ETAG-08412,EVT-0603,TAG-0112,V15_CURATED_SEMANTIC,HIGH,Culture générale V15.
ETAG-08413,EVT-0603,TAG-0108,V15_CURATED_SEMANTIC,HIGH,Culture générale V15.
ETAG-08414,EVT-0603,TAG-0158,V15_CURATED_GEOGRAPHY,HIGH,Culture générale V15.
ETAG-08415,EVT-0603,TAG-0154,V15_CURATED_GEOGRAPHY,HIGH,Culture générale V15.
ETAG-08421,EVT-0604,TAG-0113,V15_CURATED_SEMANTIC,HIGH,Culture générale V15.
ETAG-08422,EVT-0604,TAG-0115,V15_CURATED_SEMANTIC,HIGH,Culture générale V15.
ETAG-08423,EVT-0604,TAG-0170,V15_CURATED_GEOGRAPHY,HIGH,Culture générale V15.
ETAG-08424,EVT-0604,TAG-0154,V15_CURATED_GEOGRAPHY,HIGH,Culture générale V15.
ETAG-08430,EVT-0605,TAG-0111,V15_CURATED_SEMANTIC,HIGH,Culture générale V15.
ETAG-08431,EVT-0605,TAG-0112,V15_CURATED_SEMANTIC,HIGH,Culture générale V15.
ETAG-08432,EVT-0605,TAG-0108,V15_CURATED_SEMANTIC,HIGH,Culture générale V15.
ETAG-08433,EVT-0605,TAG-0158,V15_CURATED_GEOGRAPHY,HIGH,Culture générale V15.
ETAG-08434,EVT-0605,TAG-0154,V15_CURATED_GEOGRAPHY,HIGH,Culture générale V15.
ETAG-08440,EVT-0606,TAG-0111,V15_CURATED_SEMANTIC,HIGH,Culture générale V15.
ETAG-08441,EVT-0606,TAG-0112,V15_CURATED_SEMANTIC,HIGH,Culture générale V15.
ETAG-08442,EVT-0606,TAG-0158,V15_CURATED_GEOGRAPHY,HIGH,Culture générale V15.
ETAG-08443,EVT-0606,TAG-0154,V15_CURATED_GEOGRAPHY,HIGH,Culture générale V15.
ETAG-08449,EVT-0607,TAG-0106,V15_CURATED_SEMANTIC,HIGH,Culture générale V15.
ETAG-08450,EVT-0607,TAG-0108,V15_CURATED_SEMANTIC,HIGH,Culture générale V15.
ETAG-08451,EVT-0607,TAG-0158,V15_CURATED_GEOGRAPHY,HIGH,Culture générale V15.
ETAG-08452,EVT-0607,TAG-0154,V15_CURATED_GEOGRAPHY,HIGH,Culture générale V15.
ETAG-08458,EVT-0608,TAG-0114,V15_CURATED_SEMANTIC,HIGH,Culture générale V15.
ETAG-08459,EVT-0608,TAG-0119,V15_CURATED_SEMANTIC,HIGH,Culture générale V15.
ETAG-08460,EVT-0608,TAG-0111,V15_CURATED_SEMANTIC,HIGH,Culture générale V15.
ETAG-08461,EVT-0608,TAG-0172,V15_CURATED_GEOGRAPHY,HIGH,Culture générale V15.
ETAG-08462,EVT-0608,TAG-0171,V15_CURATED_GEOGRAPHY,HIGH,Culture générale V15.
ETAG-08468,EVT-0609,TAG-0111,V15_CURATED_SEMANTIC,HIGH,Culture générale V15.
ETAG-08469,EVT-0609,TAG-0112,V15_CURATED_SEMANTIC,HIGH,Culture générale V15.
ETAG-08470,EVT-0609,TAG-0115,V15_CURATED_SEMANTIC,HIGH,Culture générale V15.
ETAG-08471,EVT-0609,TAG-0204,V15_CURATED_GEOGRAPHY,HIGH,Culture générale V15.
ETAG-08472,EVT-0609,TAG-0154,V15_CURATED_GEOGRAPHY,HIGH,Culture générale V15.
ETAG-08478,EVT-0610,TAG-0111,V15_CURATED_SEMANTIC,HIGH,Culture générale V15.
ETAG-08479,EVT-0610,TAG-0112,V15_CURATED_SEMANTIC,HIGH,Culture générale V15.
ETAG-08480,EVT-0610,TAG-0119,V15_CURATED_SEMANTIC,HIGH,Culture générale V15.
ETAG-08481,EVT-0610,TAG-0195,V15_CURATED_GEOGRAPHY,HIGH,Culture générale V15.
ETAG-08482,EVT-0610,TAG-0174,V15_CURATED_GEOGRAPHY,HIGH,Culture générale V15.
ETAG-08488,EVT-0611,TAG-0111,V15_CURATED_SEMANTIC,HIGH,Culture générale V15.
ETAG-08489,EVT-0611,TAG-0112,V15_CURATED_SEMANTIC,HIGH,Culture générale V15.
ETAG-08490,EVT-0611,TAG-0198,V15_CURATED_GEOGRAPHY,HIGH,Culture générale V15.
ETAG-08491,EVT-0611,TAG-0154,V15_CURATED_GEOGRAPHY,HIGH,Culture générale V15.
ETAG-08497,EVT-0612,TAG-0106,V15_CURATED_SEMANTIC,HIGH,Culture générale V15.
ETAG-08498,EVT-0612,TAG-0108,V15_CURATED_SEMANTIC,HIGH,Culture générale V15.
ETAG-08499,EVT-0612,TAG-0158,V15_CURATED_GEOGRAPHY,HIGH,Culture générale V15.
ETAG-08500,EVT-0612,TAG-0154,V15_CURATED_GEOGRAPHY,HIGH,Culture générale V15.
ETAG-08506,EVT-0613,TAG-0116,V15_CURATED_SEMANTIC,HIGH,Culture générale V15.
ETAG-08507,EVT-0613,TAG-0111,V15_CURATED_SEMANTIC,HIGH,Culture générale V15.
ETAG-08508,EVT-0613,TAG-0216,V15_CURATED_GEOGRAPHY,HIGH,Culture générale V15.
ETAG-08509,EVT-0613,TAG-0187,V15_CURATED_GEOGRAPHY,HIGH,Culture générale V15.
ETAG-08515,EVT-0614,TAG-0116,V15_CURATED_SEMANTIC,HIGH,Culture générale V15.
ETAG-08516,EVT-0614,TAG-0111,V15_CURATED_SEMANTIC,HIGH,Culture générale V15.
ETAG-08517,EVT-0614,TAG-0108,V15_CURATED_SEMANTIC,HIGH,Culture générale V15.
ETAG-08518,EVT-0614,TAG-0216,V15_CURATED_GEOGRAPHY,HIGH,Culture générale V15.
ETAG-08519,EVT-0614,TAG-0187,V15_CURATED_GEOGRAPHY,HIGH,Culture générale V15.
ETAG-08525,EVT-0615,TAG-0109,V15_CURATED_SEMANTIC,HIGH,Culture générale V15.
ETAG-08526,EVT-0615,TAG-0119,V15_CURATED_SEMANTIC,HIGH,Culture générale V15.
ETAG-08527,EVT-0615,TAG-0120,V15_CURATED_SEMANTIC,HIGH,Culture générale V15.
ETAG-08528,EVT-0615,TAG-0158,V15_CURATED_GEOGRAPHY,HIGH,Culture générale V15.
ETAG-08529,EVT-0615,TAG-0154,V15_CURATED_GEOGRAPHY,HIGH,Culture générale V15.
ETAG-08535,EVT-0616,TAG-0106,V15_CURATED_SEMANTIC,HIGH,Culture générale V15.
ETAG-08536,EVT-0616,TAG-0108,V15_CURATED_SEMANTIC,HIGH,Culture générale V15.
ETAG-08537,EVT-0616,TAG-0158,V15_CURATED_GEOGRAPHY,HIGH,Culture générale V15.
ETAG-08538,EVT-0616,TAG-0154,V15_CURATED_GEOGRAPHY,HIGH,Culture générale V15.
ETAG-08544,EVT-0617,TAG-0119,V15_CURATED_SEMANTIC,HIGH,Culture générale V15.
ETAG-08545,EVT-0617,TAG-0111,V15_CURATED_SEMANTIC,HIGH,Culture générale V15.
ETAG-08546,EVT-0617,TAG-0157,V15_CURATED_GEOGRAPHY,HIGH,Culture générale V15.
ETAG-08547,EVT-0617,TAG-0154,V15_CURATED_GEOGRAPHY,HIGH,Culture générale V15.
ETAG-08553,EVT-0618,TAG-0111,V15_CURATED_SEMANTIC,HIGH,Culture générale V15.
ETAG-08554,EVT-0618,TAG-0112,V15_CURATED_SEMANTIC,HIGH,Culture générale V15.
ETAG-08555,EVT-0618,TAG-0119,V15_CURATED_SEMANTIC,HIGH,Culture générale V15.
ETAG-08556,EVT-0618,TAG-0155,V15_CURATED_GEOGRAPHY,HIGH,Culture générale V15.
ETAG-08557,EVT-0618,TAG-0154,V15_CURATED_GEOGRAPHY,HIGH,Culture générale V15.
ETAG-08563,EVT-0619,TAG-0111,V15_CURATED_SEMANTIC,HIGH,Culture générale V15.
ETAG-08564,EVT-0619,TAG-0112,V15_CURATED_SEMANTIC,HIGH,Culture générale V15.
ETAG-08565,EVT-0619,TAG-0158,V15_CURATED_GEOGRAPHY,HIGH,Culture générale V15.
ETAG-08566,EVT-0619,TAG-0162,V15_CURATED_GEOGRAPHY,HIGH,Culture générale V15.
ETAG-08567,EVT-0619,TAG-0154,V15_CURATED_GEOGRAPHY,HIGH,Culture générale V15.
ETAG-08573,EVT-0620,TAG-0106,V15_CURATED_SEMANTIC,HIGH,Culture générale V15.
ETAG-08574,EVT-0620,TAG-0108,V15_CURATED_SEMANTIC,HIGH,Culture générale V15.
ETAG-08575,EVT-0620,TAG-0167,V15_CURATED_GEOGRAPHY,HIGH,Culture générale V15.
ETAG-08576,EVT-0620,TAG-0180,V15_CURATED_GEOGRAPHY,HIGH,Culture générale V15.
ETAG-08582,EVT-0621,TAG-0116,V15_CURATED_SEMANTIC,HIGH,Culture générale V15.
ETAG-08583,EVT-0621,TAG-0108,V15_CURATED_SEMANTIC,HIGH,Culture générale V15.
ETAG-08584,EVT-0621,TAG-0217,V15_CURATED_GEOGRAPHY,HIGH,Culture générale V15.
ETAG-08585,EVT-0621,TAG-0186,V15_CURATED_GEOGRAPHY,HIGH,Culture générale V15.
ETAG-08591,EVT-0622,TAG-0127,V15_CURATED_SEMANTIC,HIGH,Culture générale V15.
ETAG-08592,EVT-0622,TAG-0130,V15_CURATED_SEMANTIC,HIGH,Culture générale V15.
ETAG-08593,EVT-0622,TAG-0160,V15_CURATED_GEOGRAPHY,HIGH,Culture générale V15.
ETAG-08594,EVT-0622,TAG-0154,V15_CURATED_GEOGRAPHY,HIGH,Culture générale V15.
ETAG-08600,EVT-0623,TAG-0111,V15_CURATED_SEMANTIC,HIGH,Culture générale V15.
ETAG-08601,EVT-0623,TAG-0119,V15_CURATED_SEMANTIC,HIGH,Culture générale V15.
ETAG-08602,EVT-0623,TAG-0218,V15_CURATED_GEOGRAPHY,HIGH,Culture générale V15.
ETAG-08603,EVT-0623,TAG-0154,V15_CURATED_GEOGRAPHY,HIGH,Culture générale V15.
ETAG-08609,EVT-0624,TAG-0128,V15_CURATED_SEMANTIC,HIGH,Culture générale V15.
ETAG-08610,EVT-0624,TAG-0127,V15_CURATED_SEMANTIC,HIGH,Culture générale V15.
ETAG-08611,EVT-0624,TAG-0158,V15_CURATED_GEOGRAPHY,HIGH,Culture générale V15.
ETAG-08612,EVT-0624,TAG-0154,V15_CURATED_GEOGRAPHY,HIGH,Culture générale V15.
ETAG-08618,EVT-0625,TAG-0144,V15_CURATED_SEMANTIC,HIGH,Culture générale V15.
ETAG-08619,EVT-0625,TAG-0127,V15_CURATED_SEMANTIC,HIGH,Culture générale V15.
ETAG-08620,EVT-0625,TAG-0157,V15_CURATED_GEOGRAPHY,HIGH,Culture générale V15.
ETAG-08621,EVT-0625,TAG-0154,V15_CURATED_GEOGRAPHY,HIGH,Culture générale V15.
ETAG-08627,EVT-0626,TAG-0134,V15_CURATED_SEMANTIC,HIGH,Culture générale V15.
ETAG-08628,EVT-0626,TAG-0140,V15_CURATED_SEMANTIC,HIGH,Culture générale V15.
ETAG-08629,EVT-0626,TAG-0158,V15_CURATED_GEOGRAPHY,HIGH,Culture générale V15.
ETAG-08630,EVT-0626,TAG-0154,V15_CURATED_GEOGRAPHY,HIGH,Culture générale V15.
ETAG-08636,EVT-0627,TAG-0108,V15_CURATED_SEMANTIC,HIGH,Culture générale V15.
ETAG-08637,EVT-0627,TAG-0109,V15_CURATED_SEMANTIC,HIGH,Culture générale V15.
ETAG-08638,EVT-0627,TAG-0158,V15_CURATED_GEOGRAPHY,HIGH,Culture générale V15.
ETAG-08639,EVT-0627,TAG-0154,V15_CURATED_GEOGRAPHY,HIGH,Culture générale V15.
ETAG-08645,EVT-0628,TAG-0134,V15_CURATED_SEMANTIC,HIGH,Culture générale V15.
ETAG-08646,EVT-0628,TAG-0123,V15_CURATED_SEMANTIC,HIGH,Culture générale V15.
ETAG-08647,EVT-0628,TAG-0163,V15_CURATED_GEOGRAPHY,HIGH,Culture générale V15.
ETAG-08648,EVT-0628,TAG-0154,V15_CURATED_GEOGRAPHY,HIGH,Culture générale V15.
ETAG-08654,EVT-0629,TAG-0114,V15_CURATED_SEMANTIC,HIGH,Culture générale V15.
ETAG-08655,EVT-0629,TAG-0111,V15_CURATED_SEMANTIC,HIGH,Culture générale V15.
ETAG-08656,EVT-0629,TAG-0116,V15_CURATED_SEMANTIC,HIGH,Culture générale V15.
ETAG-08657,EVT-0629,TAG-0153,V15_CURATED_GEOGRAPHY,HIGH,Culture générale V15.
ETAG-08663,EVT-0630,TAG-0129,V15_CURATED_SEMANTIC,HIGH,Culture générale V15.
ETAG-08664,EVT-0630,TAG-0122,V15_CURATED_SEMANTIC,HIGH,Culture générale V15.
ETAG-08665,EVT-0630,TAG-0158,V15_CURATED_GEOGRAPHY,HIGH,Culture générale V15.
ETAG-08666,EVT-0630,TAG-0154,V15_CURATED_GEOGRAPHY,HIGH,Culture générale V15.
ETAG-08672,EVT-0631,TAG-0111,V15_CURATED_SEMANTIC,HIGH,Culture générale V15.
ETAG-08673,EVT-0631,TAG-0112,V15_CURATED_SEMANTIC,HIGH,Culture générale V15.
ETAG-08674,EVT-0631,TAG-0113,V15_CURATED_SEMANTIC,HIGH,Culture générale V15.
ETAG-08675,EVT-0631,TAG-0165,V15_CURATED_GEOGRAPHY,HIGH,Culture générale V15.
ETAG-08676,EVT-0631,TAG-0186,V15_CURATED_GEOGRAPHY,HIGH,Culture générale V15.
ETAG-08682,EVT-0632,TAG-0121,V15_CURATED_SEMANTIC,HIGH,Culture générale V15.
ETAG-08683,EVT-0632,TAG-0144,V15_CURATED_SEMANTIC,HIGH,Culture générale V15.
ETAG-08684,EVT-0632,TAG-0158,V15_CURATED_GEOGRAPHY,HIGH,Culture générale V15.
ETAG-08685,EVT-0632,TAG-0154,V15_CURATED_GEOGRAPHY,HIGH,Culture générale V15.
ETAG-08691,EVT-0633,TAG-0129,V15_CURATED_SEMANTIC,HIGH,Culture générale V15.
ETAG-08692,EVT-0633,TAG-0127,V15_CURATED_SEMANTIC,HIGH,Culture générale V15.
ETAG-08693,EVT-0633,TAG-0157,V15_CURATED_GEOGRAPHY,HIGH,Culture générale V15.
ETAG-08694,EVT-0633,TAG-0154,V15_CURATED_GEOGRAPHY,HIGH,Culture générale V15.
ETAG-08700,EVT-0634,TAG-0106,V15_CURATED_SEMANTIC,HIGH,Culture générale V15.
ETAG-08701,EVT-0634,TAG-0107,V15_CURATED_SEMANTIC,HIGH,Culture générale V15.
ETAG-08702,EVT-0634,TAG-0165,V15_CURATED_GEOGRAPHY,HIGH,Culture générale V15.
ETAG-08703,EVT-0634,TAG-0186,V15_CURATED_GEOGRAPHY,HIGH,Culture générale V15.
ETAG-08709,EVT-0635,TAG-0109,V15_CURATED_SEMANTIC,HIGH,Culture générale V15.
ETAG-08710,EVT-0635,TAG-0110,V15_CURATED_SEMANTIC,HIGH,Culture générale V15.
ETAG-08711,EVT-0635,TAG-0165,V15_CURATED_GEOGRAPHY,HIGH,Culture générale V15.
ETAG-08712,EVT-0635,TAG-0186,V15_CURATED_GEOGRAPHY,HIGH,Culture générale V15.
ETAG-08718,EVT-0636,TAG-0128,V15_CURATED_SEMANTIC,HIGH,Culture générale V15.
ETAG-08719,EVT-0636,TAG-0127,V15_CURATED_SEMANTIC,HIGH,Culture générale V15.
ETAG-08720,EVT-0636,TAG-0158,V15_CURATED_GEOGRAPHY,HIGH,Culture générale V15.
ETAG-08721,EVT-0636,TAG-0154,V15_CURATED_GEOGRAPHY,HIGH,Culture générale V15.
ETAG-08727,EVT-0637,TAG-0144,V15_CURATED_SEMANTIC,HIGH,Culture générale V15.
ETAG-08728,EVT-0637,TAG-0207,V15_CURATED_SEMANTIC,HIGH,Culture générale V15.
ETAG-08729,EVT-0637,TAG-0195,V15_CURATED_GEOGRAPHY,HIGH,Culture générale V15.
ETAG-08730,EVT-0637,TAG-0174,V15_CURATED_GEOGRAPHY,HIGH,Culture générale V15.
ETAG-08736,EVT-0638,TAG-0131,V15_CURATED_SEMANTIC,HIGH,Culture générale V15.
ETAG-08737,EVT-0638,TAG-0116,V15_CURATED_SEMANTIC,HIGH,Culture générale V15.
ETAG-08738,EVT-0638,TAG-0163,V15_CURATED_GEOGRAPHY,HIGH,Culture générale V15.
ETAG-08739,EVT-0638,TAG-0219,V15_CURATED_GEOGRAPHY,HIGH,Culture générale V15.
ETAG-08740,EVT-0638,TAG-0187,V15_CURATED_GEOGRAPHY,HIGH,Culture générale V15.
ETAG-08746,EVT-0639,TAG-0108,V15_CURATED_SEMANTIC,HIGH,Culture générale V15.
ETAG-08747,EVT-0639,TAG-0115,V15_CURATED_SEMANTIC,HIGH,Culture générale V15.
ETAG-08748,EVT-0639,TAG-0119,V15_CURATED_SEMANTIC,HIGH,Culture générale V15.
ETAG-08749,EVT-0639,TAG-0202,V15_CURATED_GEOGRAPHY,HIGH,Culture générale V15.
ETAG-08750,EVT-0639,TAG-0171,V15_CURATED_GEOGRAPHY,HIGH,Culture générale V15.
ETAG-08756,EVT-0640,TAG-0106,V15_CURATED_SEMANTIC,HIGH,Culture générale V15.
ETAG-08757,EVT-0640,TAG-0108,V15_CURATED_SEMANTIC,HIGH,Culture générale V15.
ETAG-08758,EVT-0640,TAG-0158,V15_CURATED_GEOGRAPHY,HIGH,Culture générale V15.
ETAG-08759,EVT-0640,TAG-0154,V15_CURATED_GEOGRAPHY,HIGH,Culture générale V15.
ETAG-08765,EVT-0641,TAG-0131,V15_CURATED_SEMANTIC,HIGH,Culture générale V15.
ETAG-08766,EVT-0641,TAG-0220,V15_CURATED_GEOGRAPHY,HIGH,Culture générale V15.
ETAG-08767,EVT-0641,TAG-0185,V15_CURATED_GEOGRAPHY,HIGH,Culture générale V15.
ETAG-08773,EVT-0642,TAG-0113,V15_CURATED_SEMANTIC,HIGH,Culture générale V15.
ETAG-08774,EVT-0642,TAG-0123,V15_CURATED_SEMANTIC,HIGH,Culture générale V15.
ETAG-08775,EVT-0642,TAG-0119,V15_CURATED_SEMANTIC,HIGH,Culture générale V15.
ETAG-08776,EVT-0642,TAG-0159,V15_CURATED_GEOGRAPHY,HIGH,Culture générale V15.
ETAG-08777,EVT-0642,TAG-0154,V15_CURATED_GEOGRAPHY,HIGH,Culture générale V15.
ETAG-08783,EVT-0643,TAG-0111,V15_CURATED_SEMANTIC,HIGH,Culture générale V15.
ETAG-08784,EVT-0643,TAG-0112,V15_CURATED_SEMANTIC,HIGH,Culture générale V15.
ETAG-08785,EVT-0643,TAG-0115,V15_CURATED_SEMANTIC,HIGH,Culture générale V15.
ETAG-08786,EVT-0643,TAG-0168,V15_CURATED_GEOGRAPHY,HIGH,Culture générale V15.
ETAG-08787,EVT-0643,TAG-0180,V15_CURATED_GEOGRAPHY,HIGH,Culture générale V15.
ETAG-08793,EVT-0644,TAG-0111,V15_CURATED_SEMANTIC,HIGH,Culture générale V15.
ETAG-08794,EVT-0644,TAG-0119,V15_CURATED_SEMANTIC,HIGH,Culture générale V15.
ETAG-08795,EVT-0644,TAG-0160,V15_CURATED_GEOGRAPHY,HIGH,Culture générale V15.
ETAG-08796,EVT-0644,TAG-0154,V15_CURATED_GEOGRAPHY,HIGH,Culture générale V15.
ETAG-08802,EVT-0645,TAG-0131,V15_CURATED_SEMANTIC,HIGH,Culture générale V15.
ETAG-08803,EVT-0645,TAG-0116,V15_CURATED_SEMANTIC,HIGH,Culture générale V15.
ETAG-08804,EVT-0645,TAG-0217,V15_CURATED_GEOGRAPHY,HIGH,Culture générale V15.
ETAG-08805,EVT-0645,TAG-0186,V15_CURATED_GEOGRAPHY,HIGH,Culture générale V15.
ETAG-08811,EVT-0646,TAG-0119,V15_CURATED_SEMANTIC,HIGH,Culture générale V15.
ETAG-08812,EVT-0646,TAG-0144,V15_CURATED_SEMANTIC,HIGH,Culture générale V15.
ETAG-08813,EVT-0646,TAG-0157,V15_CURATED_GEOGRAPHY,HIGH,Culture générale V15.
ETAG-08814,EVT-0646,TAG-0221,V15_CURATED_GEOGRAPHY,HIGH,Culture générale V15.
ETAG-08815,EVT-0646,TAG-0154,V15_CURATED_GEOGRAPHY,HIGH,Culture générale V15.
ETAG-08821,EVT-0647,TAG-0111,V15_CURATED_SEMANTIC,HIGH,Culture générale V15.
ETAG-08822,EVT-0647,TAG-0112,V15_CURATED_SEMANTIC,HIGH,Culture générale V15.
ETAG-08823,EVT-0647,TAG-0119,V15_CURATED_SEMANTIC,HIGH,Culture générale V15.
ETAG-08824,EVT-0647,TAG-0222,V15_CURATED_GEOGRAPHY,HIGH,Culture générale V15.
ETAG-08825,EVT-0647,TAG-0155,V15_CURATED_GEOGRAPHY,HIGH,Culture générale V15.
ETAG-08831,EVT-0648,TAG-0119,V15_CURATED_SEMANTIC,HIGH,Culture générale V15.
ETAG-08832,EVT-0648,TAG-0127,V15_CURATED_SEMANTIC,HIGH,Culture générale V15.
ETAG-08833,EVT-0648,TAG-0109,V15_CURATED_SEMANTIC,HIGH,Culture générale V15.
ETAG-08834,EVT-0648,TAG-0154,V15_CURATED_GEOGRAPHY,HIGH,Culture générale V15.
ETAG-08840,EVT-0649,TAG-0106,V15_CURATED_SEMANTIC,HIGH,Culture générale V15.
ETAG-08841,EVT-0649,TAG-0119,V15_CURATED_SEMANTIC,HIGH,Culture générale V15.
ETAG-08842,EVT-0649,TAG-0158,V15_CURATED_GEOGRAPHY,HIGH,Culture générale V15.
ETAG-08843,EVT-0649,TAG-0154,V15_CURATED_GEOGRAPHY,HIGH,Culture générale V15.
ETAG-08849,EVT-0650,TAG-0121,V15_CURATED_SEMANTIC,HIGH,Culture générale V15.
ETAG-08850,EVT-0650,TAG-0116,V15_CURATED_SEMANTIC,HIGH,Culture générale V15.
ETAG-08851,EVT-0650,TAG-0158,V15_CURATED_GEOGRAPHY,HIGH,Culture générale V15.
ETAG-08852,EVT-0650,TAG-0168,V15_CURATED_GEOGRAPHY,HIGH,Culture générale V15.
ETAG-08853,EVT-0650,TAG-0180,V15_CURATED_GEOGRAPHY,HIGH,Culture générale V15.
ETAG-08859,EVT-0651,TAG-0121,V15_CURATED_SEMANTIC,HIGH,Culture générale V15.
ETAG-08860,EVT-0651,TAG-0116,V15_CURATED_SEMANTIC,HIGH,Culture générale V15.
ETAG-08861,EVT-0651,TAG-0223,V15_CURATED_GEOGRAPHY,HIGH,Culture générale V15.
ETAG-08862,EVT-0651,TAG-0180,V15_CURATED_GEOGRAPHY,HIGH,Culture générale V15.
ETAG-08868,EVT-0652,TAG-0132,V15_CURATED_SEMANTIC,HIGH,Culture générale V15.
ETAG-08869,EVT-0652,TAG-0144,V15_CURATED_SEMANTIC,HIGH,Culture générale V15.
ETAG-08870,EVT-0652,TAG-0162,V15_CURATED_GEOGRAPHY,HIGH,Culture générale V15.
ETAG-08871,EVT-0652,TAG-0154,V15_CURATED_GEOGRAPHY,HIGH,Culture générale V15.
ETAG-08877,EVT-0653,TAG-0106,V15_CURATED_SEMANTIC,HIGH,Culture générale V15.
ETAG-08878,EVT-0653,TAG-0119,V15_CURATED_SEMANTIC,HIGH,Culture générale V15.
ETAG-08879,EVT-0653,TAG-0158,V15_CURATED_GEOGRAPHY,HIGH,Culture générale V15.
ETAG-08880,EVT-0653,TAG-0154,V15_CURATED_GEOGRAPHY,HIGH,Culture générale V15.
ETAG-08886,EVT-0654,TAG-0127,V15_CURATED_SEMANTIC,HIGH,Culture générale V15.
ETAG-08887,EVT-0654,TAG-0144,V15_CURATED_SEMANTIC,HIGH,Culture générale V15.
ETAG-08888,EVT-0654,TAG-0159,V15_CURATED_GEOGRAPHY,HIGH,Culture générale V15.
ETAG-08889,EVT-0654,TAG-0154,V15_CURATED_GEOGRAPHY,HIGH,Culture générale V15.
ETAG-08895,EVT-0655,TAG-0109,V15_CURATED_SEMANTIC,HIGH,Culture générale V15.
ETAG-08896,EVT-0655,TAG-0110,V15_CURATED_SEMANTIC,HIGH,Culture générale V15.
ETAG-08897,EVT-0655,TAG-0106,V15_CURATED_SEMANTIC,HIGH,Culture générale V15.
ETAG-08898,EVT-0655,TAG-0158,V15_CURATED_GEOGRAPHY,HIGH,Culture générale V15.
ETAG-08899,EVT-0655,TAG-0154,V15_CURATED_GEOGRAPHY,HIGH,Culture générale V15.
ETAG-08905,EVT-0656,TAG-0127,V15_CURATED_SEMANTIC,HIGH,Culture générale V15.
ETAG-08906,EVT-0656,TAG-0144,V15_CURATED_SEMANTIC,HIGH,Culture générale V15.
ETAG-08907,EVT-0656,TAG-0160,V15_CURATED_GEOGRAPHY,HIGH,Culture générale V15.
ETAG-08908,EVT-0656,TAG-0154,V15_CURATED_GEOGRAPHY,HIGH,Culture générale V15.
ETAG-08914,EVT-0657,TAG-0106,V15_CURATED_SEMANTIC,HIGH,Culture générale V15.
ETAG-08915,EVT-0657,TAG-0144,V15_CURATED_SEMANTIC,HIGH,Culture générale V15.
ETAG-08916,EVT-0657,TAG-0158,V15_CURATED_GEOGRAPHY,HIGH,Culture générale V15.
ETAG-08917,EVT-0657,TAG-0154,V15_CURATED_GEOGRAPHY,HIGH,Culture générale V15.
ETAG-08923,EVT-0658,TAG-0106,V15_CURATED_SEMANTIC,HIGH,Culture générale V15.
ETAG-08924,EVT-0658,TAG-0108,V15_CURATED_SEMANTIC,HIGH,Culture générale V15.
ETAG-08925,EVT-0658,TAG-0158,V15_CURATED_GEOGRAPHY,HIGH,Culture générale V15.
ETAG-08926,EVT-0658,TAG-0154,V15_CURATED_GEOGRAPHY,HIGH,Culture générale V15.
ETAG-08932,EVT-0659,TAG-0106,V15_CURATED_SEMANTIC,HIGH,Culture générale V15.
ETAG-08933,EVT-0659,TAG-0108,V15_CURATED_SEMANTIC,HIGH,Culture générale V15.
ETAG-08934,EVT-0659,TAG-0158,V15_CURATED_GEOGRAPHY,HIGH,Culture générale V15.
ETAG-08935,EVT-0659,TAG-0154,V15_CURATED_GEOGRAPHY,HIGH,Culture générale V15.
ETAG-08941,EVT-0660,TAG-0128,V15_CURATED_SEMANTIC,HIGH,Culture générale V15.
ETAG-08942,EVT-0660,TAG-0123,V15_CURATED_SEMANTIC,HIGH,Culture générale V15.
ETAG-08943,EVT-0660,TAG-0158,V15_CURATED_GEOGRAPHY,HIGH,Culture générale V15.
ETAG-08944,EVT-0660,TAG-0154,V15_CURATED_GEOGRAPHY,HIGH,Culture générale V15.
ETAG-08950,EVT-0661,TAG-0127,V15_CURATED_SEMANTIC,HIGH,Culture générale V15.
ETAG-08951,EVT-0661,TAG-0144,V15_CURATED_SEMANTIC,HIGH,Culture générale V15.
ETAG-08952,EVT-0661,TAG-0158,V15_CURATED_GEOGRAPHY,HIGH,Culture générale V15.
ETAG-08953,EVT-0661,TAG-0154,V15_CURATED_GEOGRAPHY,HIGH,Culture générale V15.
ETAG-08959,EVT-0662,TAG-0127,V15_CURATED_SEMANTIC,HIGH,Culture générale V15.
ETAG-08960,EVT-0662,TAG-0128,V15_CURATED_SEMANTIC,HIGH,Culture générale V15.
ETAG-08961,EVT-0662,TAG-0223,V15_CURATED_GEOGRAPHY,HIGH,Culture générale V15.
ETAG-08962,EVT-0662,TAG-0154,V15_CURATED_GEOGRAPHY,HIGH,Culture générale V15.
ETAG-08968,EVT-0663,TAG-0111,V15_CURATED_SEMANTIC,HIGH,Culture générale V15.
ETAG-08969,EVT-0663,TAG-0112,V15_CURATED_SEMANTIC,HIGH,Culture générale V15.
ETAG-08970,EVT-0663,TAG-0119,V15_CURATED_SEMANTIC,HIGH,Culture générale V15.
ETAG-08971,EVT-0663,TAG-0199,V15_CURATED_GEOGRAPHY,HIGH,Culture générale V15.
ETAG-08972,EVT-0663,TAG-0154,V15_CURATED_GEOGRAPHY,HIGH,Culture générale V15.
ETAG-08978,EVT-0664,TAG-0121,V15_CURATED_SEMANTIC,HIGH,Culture générale V15.
ETAG-08979,EVT-0664,TAG-0108,V15_CURATED_SEMANTIC,HIGH,Culture générale V15.
ETAG-08980,EVT-0664,TAG-0158,V15_CURATED_GEOGRAPHY,HIGH,Culture générale V15.
ETAG-08981,EVT-0664,TAG-0154,V15_CURATED_GEOGRAPHY,HIGH,Culture générale V15.
ETAG-08987,EVT-0665,TAG-0111,V15_CURATED_SEMANTIC,HIGH,Culture générale V15.
ETAG-08988,EVT-0665,TAG-0114,V15_CURATED_SEMANTIC,HIGH,Culture générale V15.
ETAG-08989,EVT-0665,TAG-0154,V15_CURATED_GEOGRAPHY,HIGH,Culture générale V15.
ETAG-08995,EVT-0666,TAG-0114,V15_CURATED_SEMANTIC,HIGH,Culture générale V15.
ETAG-08996,EVT-0666,TAG-0111,V15_CURATED_SEMANTIC,HIGH,Culture générale V15.
ETAG-08997,EVT-0666,TAG-0154,V15_CURATED_GEOGRAPHY,HIGH,Culture générale V15.
ETAG-09003,EVT-0667,TAG-0115,V15_CURATED_SEMANTIC,HIGH,Culture générale V15.
ETAG-09004,EVT-0667,TAG-0108,V15_CURATED_SEMANTIC,HIGH,Culture générale V15.
ETAG-09005,EVT-0667,TAG-0164,V15_CURATED_GEOGRAPHY,HIGH,Culture générale V15.
ETAG-09006,EVT-0667,TAG-0154,V15_CURATED_GEOGRAPHY,HIGH,Culture générale V15.
ETAG-09012,EVT-0668,TAG-0127,V15_CURATED_SEMANTIC,HIGH,Culture générale V15.
ETAG-09013,EVT-0668,TAG-0144,V15_CURATED_SEMANTIC,HIGH,Culture générale V15.
ETAG-09014,EVT-0668,TAG-0224,V15_CURATED_GEOGRAPHY,HIGH,Culture générale V15.
ETAG-09015,EVT-0668,TAG-0154,V15_CURATED_GEOGRAPHY,HIGH,Culture générale V15.
ETAG-09021,EVT-0669,TAG-0106,V15_CURATED_SEMANTIC,HIGH,Culture générale V15.
ETAG-09022,EVT-0669,TAG-0115,V15_CURATED_SEMANTIC,HIGH,Culture générale V15.
ETAG-09023,EVT-0669,TAG-0225,V15_CURATED_GEOGRAPHY,HIGH,Culture générale V15.
ETAG-09024,EVT-0669,TAG-0154,V15_CURATED_GEOGRAPHY,HIGH,Culture générale V15.
ETAG-09030,EVT-0670,TAG-0106,V15_CURATED_SEMANTIC,HIGH,Culture générale V15.
ETAG-09031,EVT-0670,TAG-0144,V15_CURATED_SEMANTIC,HIGH,Culture générale V15.
ETAG-09032,EVT-0670,TAG-0157,V15_CURATED_GEOGRAPHY,HIGH,Culture générale V15.
ETAG-09033,EVT-0670,TAG-0154,V15_CURATED_GEOGRAPHY,HIGH,Culture générale V15.
ETAG-09039,EVT-0671,TAG-0127,V15_CURATED_SEMANTIC,HIGH,Culture générale V15.
ETAG-09040,EVT-0671,TAG-0165,V15_CURATED_GEOGRAPHY,HIGH,Culture générale V15.
ETAG-09041,EVT-0671,TAG-0186,V15_CURATED_GEOGRAPHY,HIGH,Culture générale V15.
ETAG-09047,EVT-0672,TAG-0111,V15_CURATED_SEMANTIC,HIGH,Culture générale V15.
ETAG-09048,EVT-0672,TAG-0112,V15_CURATED_SEMANTIC,HIGH,Culture générale V15.
ETAG-09049,EVT-0672,TAG-0116,V15_CURATED_SEMANTIC,HIGH,Culture générale V15.
ETAG-09050,EVT-0672,TAG-0217,V15_CURATED_GEOGRAPHY,HIGH,Culture générale V15.
ETAG-09051,EVT-0672,TAG-0186,V15_CURATED_GEOGRAPHY,HIGH,Culture générale V15.
ETAG-09057,EVT-0673,TAG-0129,V15_CURATED_SEMANTIC,HIGH,Culture générale V15.
ETAG-09058,EVT-0673,TAG-0122,V15_CURATED_SEMANTIC,HIGH,Culture générale V15.
ETAG-09059,EVT-0673,TAG-0158,V15_CURATED_GEOGRAPHY,HIGH,Culture générale V15.
ETAG-09060,EVT-0673,TAG-0154,V15_CURATED_GEOGRAPHY,HIGH,Culture générale V15.
ETAG-09066,EVT-0674,TAG-0109,V15_CURATED_SEMANTIC,HIGH,Culture générale V15.
ETAG-09067,EVT-0674,TAG-0116,V15_CURATED_SEMANTIC,HIGH,Culture générale V15.
ETAG-09068,EVT-0674,TAG-0113,V15_CURATED_SEMANTIC,HIGH,Culture générale V15.
ETAG-09069,EVT-0674,TAG-0165,V15_CURATED_GEOGRAPHY,HIGH,Culture générale V15.
ETAG-09070,EVT-0674,TAG-0186,V15_CURATED_GEOGRAPHY,HIGH,Culture générale V15.
ETAG-09076,EVT-0675,TAG-0113,V15_CURATED_SEMANTIC,HIGH,Culture générale V15.
ETAG-09077,EVT-0675,TAG-0116,V15_CURATED_SEMANTIC,HIGH,Culture générale V15.
ETAG-09078,EVT-0675,TAG-0165,V15_CURATED_GEOGRAPHY,HIGH,Culture générale V15.
ETAG-09079,EVT-0675,TAG-0186,V15_CURATED_GEOGRAPHY,HIGH,Culture générale V15.
ETAG-09085,EVT-0676,TAG-0106,V15_CURATED_SEMANTIC,HIGH,Culture générale V15.
ETAG-09086,EVT-0676,TAG-0113,V15_CURATED_SEMANTIC,HIGH,Culture générale V15.
ETAG-09087,EVT-0676,TAG-0165,V15_CURATED_GEOGRAPHY,HIGH,Culture générale V15.
ETAG-09088,EVT-0676,TAG-0186,V15_CURATED_GEOGRAPHY,HIGH,Culture générale V15.
ETAG-09094,EVT-0677,TAG-0127,V15_CURATED_SEMANTIC,HIGH,Culture générale V15.
ETAG-09095,EVT-0677,TAG-0130,V15_CURATED_SEMANTIC,HIGH,Culture générale V15.
ETAG-09096,EVT-0677,TAG-0158,V15_CURATED_GEOGRAPHY,HIGH,Culture générale V15.
ETAG-09097,EVT-0677,TAG-0154,V15_CURATED_GEOGRAPHY,HIGH,Culture générale V15.
ETAG-09103,EVT-0678,TAG-0116,V15_CURATED_SEMANTIC,HIGH,Culture générale V15.
ETAG-09104,EVT-0678,TAG-0108,V15_CURATED_SEMANTIC,HIGH,Culture générale V15.
ETAG-09105,EVT-0678,TAG-0226,V15_CURATED_GEOGRAPHY,HIGH,Culture générale V15.
ETAG-09106,EVT-0678,TAG-0227,V15_CURATED_GEOGRAPHY,HIGH,Culture générale V15.
ETAG-09112,EVT-0679,TAG-0132,V15_CURATED_SEMANTIC,HIGH,Culture générale V15.
ETAG-09113,EVT-0679,TAG-0138,V15_CURATED_SEMANTIC,HIGH,Culture générale V15.
ETAG-09114,EVT-0679,TAG-0157,V15_CURATED_GEOGRAPHY,HIGH,Culture générale V15.
ETAG-09115,EVT-0679,TAG-0154,V15_CURATED_GEOGRAPHY,HIGH,Culture générale V15.
ETAG-09121,EVT-0680,TAG-0111,V15_CURATED_SEMANTIC,HIGH,Culture générale V15.
ETAG-09122,EVT-0680,TAG-0112,V15_CURATED_SEMANTIC,HIGH,Culture générale V15.
ETAG-09123,EVT-0680,TAG-0195,V15_CURATED_GEOGRAPHY,HIGH,Culture générale V15.
ETAG-09124,EVT-0680,TAG-0155,V15_CURATED_GEOGRAPHY,HIGH,Culture générale V15.
ETAG-09130,EVT-0681,TAG-0114,V15_CURATED_SEMANTIC,HIGH,Culture générale V15.
ETAG-09131,EVT-0681,TAG-0143,V15_CURATED_SEMANTIC,HIGH,Culture générale V15.
ETAG-09132,EVT-0681,TAG-0165,V15_CURATED_GEOGRAPHY,HIGH,Culture générale V15.
ETAG-09133,EVT-0681,TAG-0186,V15_CURATED_GEOGRAPHY,HIGH,Culture générale V15.
ETAG-09139,EVT-0682,TAG-0106,V15_CURATED_SEMANTIC,HIGH,Culture générale V15.
ETAG-09140,EVT-0682,TAG-0115,V15_CURATED_SEMANTIC,HIGH,Culture générale V15.
ETAG-09141,EVT-0682,TAG-0157,V15_CURATED_GEOGRAPHY,HIGH,Culture générale V15.
ETAG-09142,EVT-0682,TAG-0154,V15_CURATED_GEOGRAPHY,HIGH,Culture générale V15.
ETAG-09148,EVT-0683,TAG-0111,V15_CURATED_SEMANTIC,HIGH,Culture générale V15.
ETAG-09149,EVT-0683,TAG-0112,V15_CURATED_SEMANTIC,HIGH,Culture générale V15.
ETAG-09150,EVT-0683,TAG-0162,V15_CURATED_GEOGRAPHY,HIGH,Culture générale V15.
ETAG-09151,EVT-0683,TAG-0154,V15_CURATED_GEOGRAPHY,HIGH,Culture générale V15.
ETAG-09157,EVT-0684,TAG-0109,V15_CURATED_SEMANTIC,HIGH,Culture générale V15.
ETAG-09158,EVT-0684,TAG-0118,V15_CURATED_SEMANTIC,HIGH,Culture générale V15.
ETAG-09159,EVT-0684,TAG-0110,V15_CURATED_SEMANTIC,HIGH,Culture générale V15.
ETAG-09160,EVT-0684,TAG-0158,V15_CURATED_GEOGRAPHY,HIGH,Culture générale V15.
ETAG-09161,EVT-0684,TAG-0156,V15_CURATED_GEOGRAPHY,HIGH,Culture générale V15.
ETAG-09167,EVT-0685,TAG-0113,V15_CURATED_SEMANTIC,HIGH,Culture générale V15.
ETAG-09168,EVT-0685,TAG-0108,V15_CURATED_SEMANTIC,HIGH,Culture générale V15.
ETAG-09169,EVT-0685,TAG-0216,V15_CURATED_GEOGRAPHY,HIGH,Culture générale V15.
ETAG-09170,EVT-0685,TAG-0187,V15_CURATED_GEOGRAPHY,HIGH,Culture générale V15.
ETAG-09176,EVT-0686,TAG-0111,V15_CURATED_SEMANTIC,HIGH,Culture générale V15.
ETAG-09177,EVT-0686,TAG-0142,V15_CURATED_SEMANTIC,HIGH,Culture générale V15.
ETAG-09178,EVT-0686,TAG-0164,V15_CURATED_GEOGRAPHY,HIGH,Culture générale V15.
ETAG-09179,EVT-0686,TAG-0154,V15_CURATED_GEOGRAPHY,HIGH,Culture générale V15.
ETAG-09185,EVT-0687,TAG-0111,V15_CURATED_SEMANTIC,HIGH,Culture générale V15.
ETAG-09186,EVT-0687,TAG-0112,V15_CURATED_SEMANTIC,HIGH,Culture générale V15.
ETAG-09187,EVT-0687,TAG-0159,V15_CURATED_GEOGRAPHY,HIGH,Culture générale V15.
ETAG-09188,EVT-0687,TAG-0154,V15_CURATED_GEOGRAPHY,HIGH,Culture générale V15.
ETAG-09194,EVT-0688,TAG-0108,V15_CURATED_SEMANTIC,HIGH,Culture générale V15.
ETAG-09195,EVT-0688,TAG-0113,V15_CURATED_SEMANTIC,HIGH,Culture générale V15.
ETAG-09196,EVT-0688,TAG-0219,V15_CURATED_GEOGRAPHY,HIGH,Culture générale V15.
ETAG-09197,EVT-0688,TAG-0187,V15_CURATED_GEOGRAPHY,HIGH,Culture générale V15.
ETAG-09203,EVT-0689,TAG-0144,V15_CURATED_SEMANTIC,HIGH,Culture générale V15.
ETAG-09204,EVT-0689,TAG-0207,V15_CURATED_SEMANTIC,HIGH,Culture générale V15.
ETAG-09205,EVT-0689,TAG-0157,V15_CURATED_GEOGRAPHY,HIGH,Culture générale V15.
ETAG-09206,EVT-0689,TAG-0154,V15_CURATED_GEOGRAPHY,HIGH,Culture générale V15.
ETAG-09212,EVT-0690,TAG-0142,V15_CURATED_SEMANTIC,HIGH,Culture générale V15.
ETAG-09213,EVT-0690,TAG-0114,V15_CURATED_SEMANTIC,HIGH,Culture générale V15.
ETAG-09214,EVT-0690,TAG-0165,V15_CURATED_GEOGRAPHY,HIGH,Culture générale V15.
ETAG-09215,EVT-0690,TAG-0185,V15_CURATED_GEOGRAPHY,HIGH,Culture générale V15.
ETAG-09221,EVT-0691,TAG-0129,V15_CURATED_SEMANTIC,HIGH,Culture générale V15.
ETAG-09222,EVT-0691,TAG-0122,V15_CURATED_SEMANTIC,HIGH,Culture générale V15.
ETAG-09223,EVT-0691,TAG-0158,V15_CURATED_GEOGRAPHY,HIGH,Culture générale V15.
ETAG-09224,EVT-0691,TAG-0154,V15_CURATED_GEOGRAPHY,HIGH,Culture générale V15.
ETAG-09230,EVT-0692,TAG-0129,V15_CURATED_SEMANTIC,HIGH,Culture générale V15.
ETAG-09231,EVT-0692,TAG-0132,V15_CURATED_SEMANTIC,HIGH,Culture générale V15.
ETAG-09232,EVT-0692,TAG-0157,V15_CURATED_GEOGRAPHY,HIGH,Culture générale V15.
ETAG-09233,EVT-0692,TAG-0154,V15_CURATED_GEOGRAPHY,HIGH,Culture générale V15.
ETAG-09239,EVT-0693,TAG-0129,V15_CURATED_SEMANTIC,HIGH,Culture générale V15.
ETAG-09240,EVT-0693,TAG-0132,V15_CURATED_SEMANTIC,HIGH,Culture générale V15.
ETAG-09241,EVT-0693,TAG-0157,V15_CURATED_GEOGRAPHY,HIGH,Culture générale V15.
ETAG-09242,EVT-0693,TAG-0154,V15_CURATED_GEOGRAPHY,HIGH,Culture générale V15.
ETAG-09248,EVT-0694,TAG-0111,V15_CURATED_SEMANTIC,HIGH,Culture générale V15.
ETAG-09249,EVT-0694,TAG-0116,V15_CURATED_SEMANTIC,HIGH,Culture générale V15.
ETAG-09250,EVT-0694,TAG-0166,V15_CURATED_GEOGRAPHY,HIGH,Culture générale V15.
ETAG-09251,EVT-0694,TAG-0180,V15_CURATED_GEOGRAPHY,HIGH,Culture générale V15.
ETAG-09257,EVT-0695,TAG-0114,V15_CURATED_SEMANTIC,HIGH,Culture générale V15.
ETAG-09258,EVT-0695,TAG-0116,V15_CURATED_SEMANTIC,HIGH,Culture générale V15.
ETAG-09259,EVT-0695,TAG-0166,V15_CURATED_GEOGRAPHY,HIGH,Culture générale V15.
ETAG-09260,EVT-0695,TAG-0158,V15_CURATED_GEOGRAPHY,HIGH,Culture générale V15.
ETAG-09261,EVT-0695,TAG-0180,V15_CURATED_GEOGRAPHY,HIGH,Culture générale V15.
ETAG-09267,EVT-0696,TAG-0127,V15_CURATED_SEMANTIC,HIGH,Culture générale V15.
ETAG-09268,EVT-0696,TAG-0130,V15_CURATED_SEMANTIC,HIGH,Culture générale V15.
ETAG-09269,EVT-0696,TAG-0159,V15_CURATED_GEOGRAPHY,HIGH,Culture générale V15.
ETAG-09270,EVT-0696,TAG-0154,V15_CURATED_GEOGRAPHY,HIGH,Culture générale V15.
ETAG-09276,EVT-0697,TAG-0106,V15_CURATED_SEMANTIC,HIGH,Culture générale V15.
ETAG-09277,EVT-0697,TAG-0144,V15_CURATED_SEMANTIC,HIGH,Culture générale V15.
ETAG-09278,EVT-0697,TAG-0123,V15_CURATED_SEMANTIC,HIGH,Culture générale V15.
ETAG-09279,EVT-0697,TAG-0158,V15_CURATED_GEOGRAPHY,HIGH,Culture générale V15.
ETAG-09280,EVT-0697,TAG-0154,V15_CURATED_GEOGRAPHY,HIGH,Culture générale V15.
ETAG-09286,EVT-0698,TAG-0125,V15_CURATED_SEMANTIC,HIGH,Culture générale V15.
ETAG-09287,EVT-0698,TAG-0110,V15_CURATED_SEMANTIC,HIGH,Culture générale V15.
ETAG-09288,EVT-0698,TAG-0165,V15_CURATED_GEOGRAPHY,HIGH,Culture générale V15.
ETAG-09289,EVT-0698,TAG-0186,V15_CURATED_GEOGRAPHY,HIGH,Culture générale V15.
ETAG-09295,EVT-0699,TAG-0114,V15_CURATED_SEMANTIC,HIGH,Culture générale V15.
ETAG-09296,EVT-0699,TAG-0142,V15_CURATED_SEMANTIC,HIGH,Culture générale V15.
ETAG-09297,EVT-0699,TAG-0167,V15_CURATED_GEOGRAPHY,HIGH,Culture générale V15.
ETAG-09298,EVT-0699,TAG-0180,V15_CURATED_GEOGRAPHY,HIGH,Culture générale V15.
ETAG-09304,EVT-0700,TAG-0127,V15_CURATED_SEMANTIC,HIGH,Culture générale V15.
ETAG-09305,EVT-0700,TAG-0144,V15_CURATED_SEMANTIC,HIGH,Culture générale V15.
ETAG-09306,EVT-0700,TAG-0158,V15_CURATED_GEOGRAPHY,HIGH,Culture générale V15.
ETAG-09307,EVT-0700,TAG-0154,V15_CURATED_GEOGRAPHY,HIGH,Culture générale V15.
ETAG-09313,EVT-0701,TAG-0109,V15_CURATED_SEMANTIC,HIGH,Culture générale V15.
ETAG-09314,EVT-0701,TAG-0110,V15_CURATED_SEMANTIC,HIGH,Culture générale V15.
ETAG-09315,EVT-0701,TAG-0123,V15_CURATED_SEMANTIC,HIGH,Culture générale V15.
ETAG-09316,EVT-0701,TAG-0164,V15_CURATED_GEOGRAPHY,HIGH,Culture générale V15.
ETAG-09317,EVT-0701,TAG-0154,V15_CURATED_GEOGRAPHY,HIGH,Culture générale V15.
ETAG-09323,EVT-0702,TAG-0132,V15_CURATED_SEMANTIC,HIGH,Culture générale V15.
ETAG-09324,EVT-0702,TAG-0144,V15_CURATED_SEMANTIC,HIGH,Culture générale V15.
ETAG-09325,EVT-0702,TAG-0157,V15_CURATED_GEOGRAPHY,HIGH,Culture générale V15.
ETAG-09326,EVT-0702,TAG-0154,V15_CURATED_GEOGRAPHY,HIGH,Culture générale V15.
ETAG-09332,EVT-0703,TAG-0135,V15_CURATED_SEMANTIC,HIGH,Culture générale V15.
ETAG-09333,EVT-0703,TAG-0128,V15_CURATED_SEMANTIC,HIGH,Culture générale V15.
ETAG-09334,EVT-0703,TAG-0221,V15_CURATED_GEOGRAPHY,HIGH,Culture générale V15.
ETAG-09335,EVT-0703,TAG-0154,V15_CURATED_GEOGRAPHY,HIGH,Culture générale V15.
ETAG-09341,EVT-0704,TAG-0127,V15_CURATED_SEMANTIC,HIGH,Culture générale V15.
ETAG-09342,EVT-0704,TAG-0144,V15_CURATED_SEMANTIC,HIGH,Culture générale V15.
ETAG-09343,EVT-0704,TAG-0218,V15_CURATED_GEOGRAPHY,HIGH,Culture générale V15.
ETAG-09344,EVT-0704,TAG-0154,V15_CURATED_GEOGRAPHY,HIGH,Culture générale V15.
ETAG-09350,EVT-0705,TAG-0111,V15_CURATED_SEMANTIC,HIGH,Culture générale V15.
ETAG-09351,EVT-0705,TAG-0108,V15_CURATED_SEMANTIC,HIGH,Culture générale V15.
ETAG-09352,EVT-0705,TAG-0165,V15_CURATED_GEOGRAPHY,HIGH,Culture générale V15.
ETAG-09353,EVT-0705,TAG-0186,V15_CURATED_GEOGRAPHY,HIGH,Culture générale V15.
ETAG-09359,EVT-0706,TAG-0106,V15_CURATED_SEMANTIC,HIGH,Culture générale V15.
ETAG-09360,EVT-0706,TAG-0165,V15_CURATED_GEOGRAPHY,HIGH,Culture générale V15.
ETAG-09361,EVT-0706,TAG-0186,V15_CURATED_GEOGRAPHY,HIGH,Culture générale V15.
ETAG-09367,EVT-0707,TAG-0129,V15_CURATED_SEMANTIC,HIGH,Culture générale V15.
ETAG-09368,EVT-0707,TAG-0133,V15_CURATED_SEMANTIC,HIGH,Culture générale V15.
ETAG-09369,EVT-0707,TAG-0156,V15_CURATED_GEOGRAPHY,HIGH,Culture générale V15.
ETAG-09370,EVT-0707,TAG-0153,V15_CURATED_GEOGRAPHY,HIGH,Culture générale V15.
ETAG-09376,EVT-0708,TAG-0108,V15_CURATED_SEMANTIC,HIGH,Culture générale V15.
ETAG-09377,EVT-0708,TAG-0217,V15_CURATED_GEOGRAPHY,HIGH,Culture générale V15.
ETAG-09378,EVT-0708,TAG-0186,V15_CURATED_GEOGRAPHY,HIGH,Culture générale V15.
ETAG-09384,EVT-0709,TAG-0113,V15_CURATED_SEMANTIC,HIGH,Culture générale V15.
ETAG-09385,EVT-0709,TAG-0108,V15_CURATED_SEMANTIC,HIGH,Culture générale V15.
ETAG-09386,EVT-0709,TAG-0167,V15_CURATED_GEOGRAPHY,HIGH,Culture générale V15.
ETAG-09387,EVT-0709,TAG-0180,V15_CURATED_GEOGRAPHY,HIGH,Culture générale V15.
ETAG-09393,EVT-0710,TAG-0127,V15_CURATED_SEMANTIC,HIGH,Culture générale V15.
ETAG-09394,EVT-0710,TAG-0144,V15_CURATED_SEMANTIC,HIGH,Culture générale V15.
ETAG-09395,EVT-0710,TAG-0164,V15_CURATED_GEOGRAPHY,HIGH,Culture générale V15.
ETAG-09396,EVT-0710,TAG-0154,V15_CURATED_GEOGRAPHY,HIGH,Culture générale V15.
ETAG-09402,EVT-0711,TAG-0129,V15_CURATED_SEMANTIC,HIGH,Culture générale V15.
ETAG-09403,EVT-0711,TAG-0208,V15_CURATED_SEMANTIC,HIGH,Culture générale V15.
ETAG-09404,EVT-0711,TAG-0165,V15_CURATED_GEOGRAPHY,HIGH,Culture générale V15.
ETAG-09405,EVT-0711,TAG-0186,V15_CURATED_GEOGRAPHY,HIGH,Culture générale V15.
ETAG-09411,EVT-0712,TAG-0132,V15_CURATED_SEMANTIC,HIGH,Culture générale V15.
ETAG-09412,EVT-0712,TAG-0157,V15_CURATED_GEOGRAPHY,HIGH,Culture générale V15.
ETAG-09413,EVT-0712,TAG-0154,V15_CURATED_GEOGRAPHY,HIGH,Culture générale V15.
ETAG-09419,EVT-0713,TAG-0129,V15_CURATED_SEMANTIC,HIGH,Culture générale V15.
ETAG-09420,EVT-0713,TAG-0133,V15_CURATED_SEMANTIC,HIGH,Culture générale V15.
ETAG-09421,EVT-0713,TAG-0165,V15_CURATED_GEOGRAPHY,HIGH,Culture générale V15.
ETAG-09422,EVT-0713,TAG-0186,V15_CURATED_GEOGRAPHY,HIGH,Culture générale V15.
ETAG-09428,EVT-0714,TAG-0114,V15_CURATED_SEMANTIC,HIGH,Culture générale V15.
ETAG-09429,EVT-0714,TAG-0142,V15_CURATED_SEMANTIC,HIGH,Culture générale V15.
ETAG-09430,EVT-0714,TAG-0159,V15_CURATED_GEOGRAPHY,HIGH,Culture générale V15.
ETAG-09431,EVT-0714,TAG-0154,V15_CURATED_GEOGRAPHY,HIGH,Culture générale V15.
ETAG-09437,EVT-0715,TAG-0129,V15_CURATED_SEMANTIC,HIGH,Culture générale V15.
ETAG-09438,EVT-0715,TAG-0122,V15_CURATED_SEMANTIC,HIGH,Culture générale V15.
ETAG-09439,EVT-0715,TAG-0165,V15_CURATED_GEOGRAPHY,HIGH,Culture générale V15.
ETAG-09440,EVT-0715,TAG-0186,V15_CURATED_GEOGRAPHY,HIGH,Culture générale V15.
ETAG-09446,EVT-0716,TAG-0134,V15_CURATED_SEMANTIC,HIGH,Culture générale V15.
ETAG-09447,EVT-0716,TAG-0123,V15_CURATED_SEMANTIC,HIGH,Culture générale V15.
ETAG-09448,EVT-0716,TAG-0228,V15_CURATED_GEOGRAPHY,HIGH,Culture générale V15.
ETAG-09449,EVT-0716,TAG-0180,V15_CURATED_GEOGRAPHY,HIGH,Culture générale V15.
ETAG-09455,EVT-0717,TAG-0128,V15_CURATED_SEMANTIC,HIGH,Culture générale V15.
ETAG-09456,EVT-0717,TAG-0127,V15_CURATED_SEMANTIC,HIGH,Culture générale V15.
ETAG-09457,EVT-0717,TAG-0157,V15_CURATED_GEOGRAPHY,HIGH,Culture générale V15.
ETAG-09458,EVT-0717,TAG-0154,V15_CURATED_GEOGRAPHY,HIGH,Culture générale V15.
ETAG-09464,EVT-0718,TAG-0129,V15_CURATED_SEMANTIC,HIGH,Culture générale V15.
ETAG-09465,EVT-0718,TAG-0122,V15_CURATED_SEMANTIC,HIGH,Culture générale V15.
ETAG-09466,EVT-0718,TAG-0159,V15_CURATED_GEOGRAPHY,HIGH,Culture générale V15.
ETAG-09467,EVT-0718,TAG-0154,V15_CURATED_GEOGRAPHY,HIGH,Culture générale V15.
ETAG-09473,EVT-0719,TAG-0132,V15_CURATED_SEMANTIC,HIGH,Culture générale V15.
ETAG-09474,EVT-0719,TAG-0138,V15_CURATED_SEMANTIC,HIGH,Culture générale V15.
ETAG-09475,EVT-0719,TAG-0165,V15_CURATED_GEOGRAPHY,HIGH,Culture générale V15.
ETAG-09476,EVT-0719,TAG-0186,V15_CURATED_GEOGRAPHY,HIGH,Culture générale V15.
ETAG-09482,EVT-0720,TAG-0132,V15_CURATED_SEMANTIC,HIGH,Culture générale V15.
ETAG-09483,EVT-0720,TAG-0157,V15_CURATED_GEOGRAPHY,HIGH,Culture générale V15.
ETAG-09484,EVT-0720,TAG-0154,V15_CURATED_GEOGRAPHY,HIGH,Culture générale V15.
ETAG-09490,EVT-0721,TAG-0125,V15_CURATED_SEMANTIC,HIGH,Culture générale V15.
ETAG-09491,EVT-0721,TAG-0110,V15_CURATED_SEMANTIC,HIGH,Culture générale V15.
ETAG-09492,EVT-0721,TAG-0107,V15_CURATED_SEMANTIC,HIGH,Culture générale V15.
ETAG-09493,EVT-0721,TAG-0229,V15_CURATED_GEOGRAPHY,HIGH,Culture générale V15.
ETAG-09494,EVT-0721,TAG-0227,V15_CURATED_GEOGRAPHY,HIGH,Culture générale V15.
ETAG-09500,EVT-0722,TAG-0127,V15_CURATED_SEMANTIC,HIGH,Culture générale V15.
ETAG-09501,EVT-0722,TAG-0128,V15_CURATED_SEMANTIC,HIGH,Culture générale V15.
ETAG-09502,EVT-0722,TAG-0159,V15_CURATED_GEOGRAPHY,HIGH,Culture générale V15.
ETAG-09503,EVT-0722,TAG-0154,V15_CURATED_GEOGRAPHY,HIGH,Culture générale V15.
ETAG-09509,EVT-0723,TAG-0132,V15_CURATED_SEMANTIC,HIGH,Culture générale V15.
ETAG-09510,EVT-0723,TAG-0129,V15_CURATED_SEMANTIC,HIGH,Culture générale V15.
ETAG-09511,EVT-0723,TAG-0157,V15_CURATED_GEOGRAPHY,HIGH,Culture générale V15.
ETAG-09512,EVT-0723,TAG-0154,V15_CURATED_GEOGRAPHY,HIGH,Culture générale V15.
ETAG-09518,EVT-0724,TAG-0145,V15_CURATED_SEMANTIC,HIGH,Culture générale V15.
ETAG-09519,EVT-0724,TAG-0161,V15_CURATED_GEOGRAPHY,HIGH,Culture générale V15.
ETAG-09520,EVT-0724,TAG-0154,V15_CURATED_GEOGRAPHY,HIGH,Culture générale V15.
ETAG-09526,EVT-0725,TAG-0127,V15_CURATED_SEMANTIC,HIGH,Culture générale V15.
ETAG-09527,EVT-0725,TAG-0158,V15_CURATED_GEOGRAPHY,HIGH,Culture générale V15.
ETAG-09528,EVT-0725,TAG-0154,V15_CURATED_GEOGRAPHY,HIGH,Culture générale V15.
ETAG-09534,EVT-0726,TAG-0111,V15_CURATED_SEMANTIC,HIGH,Culture générale V15.
ETAG-09535,EVT-0726,TAG-0116,V15_CURATED_SEMANTIC,HIGH,Culture générale V15.
ETAG-09536,EVT-0726,TAG-0165,V15_CURATED_GEOGRAPHY,HIGH,Culture générale V15.
ETAG-09537,EVT-0726,TAG-0162,V15_CURATED_GEOGRAPHY,HIGH,Culture générale V15.
ETAG-09538,EVT-0726,TAG-0185,V15_CURATED_GEOGRAPHY,HIGH,Culture générale V15.
ETAG-09544,EVT-0727,TAG-0127,V15_CURATED_SEMANTIC,HIGH,Culture générale V15.
ETAG-09545,EVT-0727,TAG-0159,V15_CURATED_GEOGRAPHY,HIGH,Culture générale V15.
ETAG-09546,EVT-0727,TAG-0154,V15_CURATED_GEOGRAPHY,HIGH,Culture générale V15.
ETAG-09552,EVT-0728,TAG-0108,V15_CURATED_SEMANTIC,HIGH,Culture générale V15.
ETAG-09553,EVT-0728,TAG-0109,V15_CURATED_SEMANTIC,HIGH,Culture générale V15.
ETAG-09554,EVT-0728,TAG-0158,V15_CURATED_GEOGRAPHY,HIGH,Culture générale V15.
ETAG-09555,EVT-0728,TAG-0154,V15_CURATED_GEOGRAPHY,HIGH,Culture générale V15.
ETAG-09561,EVT-0729,TAG-0127,V15_CURATED_SEMANTIC,HIGH,Culture générale V15.
ETAG-09562,EVT-0729,TAG-0130,V15_CURATED_SEMANTIC,HIGH,Culture générale V15.
ETAG-09563,EVT-0729,TAG-0160,V15_CURATED_GEOGRAPHY,HIGH,Culture générale V15.
ETAG-09564,EVT-0729,TAG-0154,V15_CURATED_GEOGRAPHY,HIGH,Culture générale V15.
ETAG-09570,EVT-0730,TAG-0108,V15_CURATED_SEMANTIC,HIGH,Culture générale V15.
ETAG-09571,EVT-0730,TAG-0115,V15_CURATED_SEMANTIC,HIGH,Culture générale V15.
ETAG-09572,EVT-0730,TAG-0159,V15_CURATED_GEOGRAPHY,HIGH,Culture générale V15.
ETAG-09573,EVT-0730,TAG-0154,V15_CURATED_GEOGRAPHY,HIGH,Culture générale V15.
ETAG-09579,EVT-0731,TAG-0113,V15_CURATED_SEMANTIC,HIGH,Culture générale V15.
ETAG-09580,EVT-0731,TAG-0111,V15_CURATED_SEMANTIC,HIGH,Culture générale V15.
ETAG-09581,EVT-0731,TAG-0162,V15_CURATED_GEOGRAPHY,HIGH,Culture générale V15.
ETAG-09582,EVT-0731,TAG-0154,V15_CURATED_GEOGRAPHY,HIGH,Culture générale V15.
ETAG-09588,EVT-0732,TAG-0111,V15_CURATED_SEMANTIC,HIGH,Culture générale V15.
ETAG-09589,EVT-0732,TAG-0142,V15_CURATED_SEMANTIC,HIGH,Culture générale V15.
ETAG-09590,EVT-0732,TAG-0165,V15_CURATED_GEOGRAPHY,HIGH,Culture générale V15.
ETAG-09591,EVT-0732,TAG-0186,V15_CURATED_GEOGRAPHY,HIGH,Culture générale V15.
ETAG-09597,EVT-0733,TAG-0108,V15_CURATED_SEMANTIC,HIGH,Culture générale V15.
ETAG-09598,EVT-0733,TAG-0113,V15_CURATED_SEMANTIC,HIGH,Culture générale V15.
ETAG-09599,EVT-0733,TAG-0230,V15_CURATED_GEOGRAPHY,HIGH,Culture générale V15.
ETAG-09600,EVT-0733,TAG-0187,V15_CURATED_GEOGRAPHY,HIGH,Culture générale V15.
ETAG-09606,EVT-0734,TAG-0108,V15_CURATED_SEMANTIC,HIGH,Culture générale V15.
ETAG-09607,EVT-0734,TAG-0113,V15_CURATED_SEMANTIC,HIGH,Culture générale V15.
ETAG-09608,EVT-0734,TAG-0188,V15_CURATED_GEOGRAPHY,HIGH,Culture générale V15.
ETAG-09609,EVT-0734,TAG-0187,V15_CURATED_GEOGRAPHY,HIGH,Culture générale V15.
ETAG-09615,EVT-0735,TAG-0110,V15_CURATED_SEMANTIC,HIGH,Culture générale V15.
ETAG-09616,EVT-0735,TAG-0123,V15_CURATED_SEMANTIC,HIGH,Culture générale V15.
ETAG-09617,EVT-0735,TAG-0106,V15_CURATED_SEMANTIC,HIGH,Culture générale V15.
ETAG-09618,EVT-0735,TAG-0158,V15_CURATED_GEOGRAPHY,HIGH,Culture générale V15.
ETAG-09619,EVT-0735,TAG-0154,V15_CURATED_GEOGRAPHY,HIGH,Culture générale V15.
ETAG-09625,EVT-0736,TAG-0109,V15_CURATED_SEMANTIC,HIGH,Culture générale V15.
ETAG-09626,EVT-0736,TAG-0118,V15_CURATED_SEMANTIC,HIGH,Culture générale V15.
ETAG-09627,EVT-0736,TAG-0106,V15_CURATED_SEMANTIC,HIGH,Culture générale V15.
ETAG-09628,EVT-0736,TAG-0165,V15_CURATED_GEOGRAPHY,HIGH,Culture générale V15.
ETAG-09629,EVT-0736,TAG-0186,V15_CURATED_GEOGRAPHY,HIGH,Culture générale V15.
ETAG-09635,EVT-0737,TAG-0108,V15_CURATED_SEMANTIC,HIGH,Culture générale V15.
ETAG-09636,EVT-0737,TAG-0113,V15_CURATED_SEMANTIC,HIGH,Culture générale V15.
ETAG-09637,EVT-0737,TAG-0216,V15_CURATED_GEOGRAPHY,HIGH,Culture générale V15.
ETAG-09638,EVT-0737,TAG-0187,V15_CURATED_GEOGRAPHY,HIGH,Culture générale V15.
ETAG-09644,EVT-0738,TAG-0111,V15_CURATED_SEMANTIC,HIGH,Culture générale V15.
ETAG-09645,EVT-0738,TAG-0112,V15_CURATED_SEMANTIC,HIGH,Culture générale V15.
ETAG-09646,EVT-0738,TAG-0161,V15_CURATED_GEOGRAPHY,HIGH,Culture générale V15.
ETAG-09647,EVT-0738,TAG-0155,V15_CURATED_GEOGRAPHY,HIGH,Culture générale V15.
ETAG-09653,EVT-0739,TAG-0109,V15_CURATED_SEMANTIC,HIGH,Culture générale V15.
ETAG-09654,EVT-0739,TAG-0110,V15_CURATED_SEMANTIC,HIGH,Culture générale V15.
ETAG-09655,EVT-0739,TAG-0119,V15_CURATED_SEMANTIC,HIGH,Culture générale V15.
ETAG-09656,EVT-0739,TAG-0158,V15_CURATED_GEOGRAPHY,HIGH,Culture générale V15.
ETAG-09657,EVT-0739,TAG-0154,V15_CURATED_GEOGRAPHY,HIGH,Culture générale V15.
ETAG-09663,EVT-0740,TAG-0127,V15_CURATED_SEMANTIC,HIGH,Culture générale V15.
ETAG-09664,EVT-0740,TAG-0131,V15_CURATED_SEMANTIC,HIGH,Culture générale V15.
ETAG-09665,EVT-0740,TAG-0158,V15_CURATED_GEOGRAPHY,HIGH,Culture générale V15.
ETAG-09666,EVT-0740,TAG-0153,V15_CURATED_GEOGRAPHY,HIGH,Culture générale V15.
ETAG-09672,EVT-0741,TAG-0106,V15_CURATED_SEMANTIC,HIGH,Culture générale V15.
ETAG-09673,EVT-0741,TAG-0115,V15_CURATED_SEMANTIC,HIGH,Culture générale V15.
ETAG-09674,EVT-0741,TAG-0158,V15_CURATED_GEOGRAPHY,HIGH,Culture générale V15.
ETAG-09675,EVT-0741,TAG-0154,V15_CURATED_GEOGRAPHY,HIGH,Culture générale V15.
ETAG-09681,EVT-0742,TAG-0114,V15_CURATED_SEMANTIC,HIGH,Culture générale V15.
ETAG-09682,EVT-0742,TAG-0108,V15_CURATED_SEMANTIC,HIGH,Culture générale V15.
ETAG-09683,EVT-0742,TAG-0229,V15_CURATED_GEOGRAPHY,HIGH,Culture générale V15.
ETAG-09684,EVT-0742,TAG-0227,V15_CURATED_GEOGRAPHY,HIGH,Culture générale V15.
ETAG-09690,EVT-0743,TAG-0129,V15_CURATED_SEMANTIC,HIGH,Culture générale V15.
ETAG-09691,EVT-0743,TAG-0121,V15_CURATED_SEMANTIC,HIGH,Culture générale V15.
ETAG-09692,EVT-0743,TAG-0158,V15_CURATED_GEOGRAPHY,HIGH,Culture générale V15.
ETAG-09693,EVT-0743,TAG-0154,V15_CURATED_GEOGRAPHY,HIGH,Culture générale V15.
ETAG-09699,EVT-0744,TAG-0121,V15_CURATED_SEMANTIC,HIGH,Culture générale V15.
ETAG-09700,EVT-0744,TAG-0109,V15_CURATED_SEMANTIC,HIGH,Culture générale V15.
ETAG-09701,EVT-0744,TAG-0158,V15_CURATED_GEOGRAPHY,HIGH,Culture générale V15.
ETAG-09702,EVT-0744,TAG-0154,V15_CURATED_GEOGRAPHY,HIGH,Culture générale V15.
ETAG-09708,EVT-0745,TAG-0108,V15_CURATED_SEMANTIC,HIGH,Culture générale V15.
ETAG-09709,EVT-0745,TAG-0231,V15_CURATED_GEOGRAPHY,HIGH,Culture générale V15.
ETAG-09710,EVT-0745,TAG-0174,V15_CURATED_GEOGRAPHY,HIGH,Culture générale V15.
ETAG-09716,EVT-0746,TAG-0121,V15_CURATED_SEMANTIC,HIGH,Culture générale V15.
ETAG-09717,EVT-0746,TAG-0139,V15_CURATED_SEMANTIC,HIGH,Culture générale V15.
ETAG-09718,EVT-0746,TAG-0165,V15_CURATED_GEOGRAPHY,HIGH,Culture générale V15.
ETAG-09719,EVT-0746,TAG-0186,V15_CURATED_GEOGRAPHY,HIGH,Culture générale V15.
ETAG-09725,EVT-0747,TAG-0132,V15_CURATED_SEMANTIC,HIGH,Culture générale V15.
ETAG-09726,EVT-0747,TAG-0129,V15_CURATED_SEMANTIC,HIGH,Culture générale V15.
ETAG-09727,EVT-0747,TAG-0122,V15_CURATED_SEMANTIC,HIGH,Culture générale V15.
ETAG-09728,EVT-0747,TAG-0158,V15_CURATED_GEOGRAPHY,HIGH,Culture générale V15.
ETAG-09729,EVT-0747,TAG-0154,V15_CURATED_GEOGRAPHY,HIGH,Culture générale V15.
ETAG-09735,EVT-0748,TAG-0114,V15_CURATED_SEMANTIC,HIGH,Culture générale V15.
ETAG-09736,EVT-0748,TAG-0142,V15_CURATED_SEMANTIC,HIGH,Culture générale V15.
ETAG-09737,EVT-0748,TAG-0167,V15_CURATED_GEOGRAPHY,HIGH,Culture générale V15.
ETAG-09738,EVT-0748,TAG-0165,V15_CURATED_GEOGRAPHY,HIGH,Culture générale V15.
ETAG-09739,EVT-0748,TAG-0180,V15_CURATED_GEOGRAPHY,HIGH,Culture générale V15.
ETAG-09745,EVT-0749,TAG-0111,V15_CURATED_SEMANTIC,HIGH,Culture générale V15.
ETAG-09746,EVT-0749,TAG-0112,V15_CURATED_SEMANTIC,HIGH,Culture générale V15.
ETAG-09747,EVT-0749,TAG-0160,V15_CURATED_GEOGRAPHY,HIGH,Culture générale V15.
ETAG-09748,EVT-0749,TAG-0154,V15_CURATED_GEOGRAPHY,HIGH,Culture générale V15.
ETAG-09754,EVT-0750,TAG-0121,V15_CURATED_SEMANTIC,HIGH,Culture générale V15.
ETAG-09755,EVT-0750,TAG-0122,V15_CURATED_SEMANTIC,HIGH,Culture générale V15.
ETAG-09756,EVT-0750,TAG-0129,V15_CURATED_SEMANTIC,HIGH,Culture générale V15.
ETAG-09757,EVT-0750,TAG-0165,V15_CURATED_GEOGRAPHY,HIGH,Culture générale V15.
ETAG-09758,EVT-0750,TAG-0186,V15_CURATED_GEOGRAPHY,HIGH,Culture générale V15.
ETAG-09764,EVT-0751,TAG-0113,V15_CURATED_SEMANTIC,HIGH,Culture générale V15.
ETAG-09765,EVT-0751,TAG-0108,V15_CURATED_SEMANTIC,HIGH,Culture générale V15.
ETAG-09766,EVT-0751,TAG-0160,V15_CURATED_GEOGRAPHY,HIGH,Culture générale V15.
ETAG-09767,EVT-0751,TAG-0154,V15_CURATED_GEOGRAPHY,HIGH,Culture générale V15.
ETAG-09773,EVT-0752,TAG-0109,V15_CURATED_SEMANTIC,HIGH,Culture générale V15.
ETAG-09774,EVT-0752,TAG-0139,V15_CURATED_SEMANTIC,HIGH,Culture générale V15.
ETAG-09775,EVT-0752,TAG-0165,V15_CURATED_GEOGRAPHY,HIGH,Culture générale V15.
ETAG-09776,EVT-0752,TAG-0186,V15_CURATED_GEOGRAPHY,HIGH,Culture générale V15.
ETAG-09782,EVT-0753,TAG-0111,V15_CURATED_SEMANTIC,HIGH,Culture générale V15.
ETAG-09783,EVT-0753,TAG-0108,V15_CURATED_SEMANTIC,HIGH,Culture générale V15.
ETAG-09784,EVT-0753,TAG-0159,V15_CURATED_GEOGRAPHY,HIGH,Culture générale V15.
ETAG-09785,EVT-0753,TAG-0225,V15_CURATED_GEOGRAPHY,HIGH,Culture générale V15.
ETAG-09786,EVT-0753,TAG-0154,V15_CURATED_GEOGRAPHY,HIGH,Culture générale V15.
ETAG-09792,EVT-0754,TAG-0114,V15_CURATED_SEMANTIC,HIGH,Culture générale V15.
ETAG-09793,EVT-0754,TAG-0143,V15_CURATED_SEMANTIC,HIGH,Culture générale V15.
ETAG-09794,EVT-0754,TAG-0165,V15_CURATED_GEOGRAPHY,HIGH,Culture générale V15.
ETAG-09795,EVT-0754,TAG-0164,V15_CURATED_GEOGRAPHY,HIGH,Culture générale V15.
ETAG-09796,EVT-0754,TAG-0186,V15_CURATED_GEOGRAPHY,HIGH,Culture générale V15.
ETAG-09802,EVT-0755,TAG-0108,V15_CURATED_SEMANTIC,HIGH,Culture générale V15.
ETAG-09803,EVT-0755,TAG-0106,V15_CURATED_SEMANTIC,HIGH,Culture générale V15.
ETAG-09804,EVT-0755,TAG-0160,V15_CURATED_GEOGRAPHY,HIGH,Culture générale V15.
ETAG-09805,EVT-0755,TAG-0154,V15_CURATED_GEOGRAPHY,HIGH,Culture générale V15.
ETAG-09811,EVT-0756,TAG-0121,V15_CURATED_SEMANTIC,HIGH,Culture générale V15.
ETAG-09812,EVT-0756,TAG-0225,V15_CURATED_GEOGRAPHY,HIGH,Culture générale V15.
ETAG-09813,EVT-0756,TAG-0154,V15_CURATED_GEOGRAPHY,HIGH,Culture générale V15.
ETAG-09819,EVT-0757,TAG-0111,V15_CURATED_SEMANTIC,HIGH,Culture générale V15.
ETAG-09820,EVT-0757,TAG-0112,V15_CURATED_SEMANTIC,HIGH,Culture générale V15.
ETAG-09821,EVT-0757,TAG-0116,V15_CURATED_SEMANTIC,HIGH,Culture générale V15.
ETAG-09822,EVT-0757,TAG-0165,V15_CURATED_GEOGRAPHY,HIGH,Culture générale V15.
ETAG-09823,EVT-0757,TAG-0186,V15_CURATED_GEOGRAPHY,HIGH,Culture générale V15.
ETAG-09829,EVT-0758,TAG-0115,V15_CURATED_SEMANTIC,HIGH,Culture générale V15.
ETAG-09830,EVT-0758,TAG-0116,V15_CURATED_SEMANTIC,HIGH,Culture générale V15.
ETAG-09831,EVT-0758,TAG-0158,V15_CURATED_GEOGRAPHY,HIGH,Culture générale V15.
ETAG-09832,EVT-0758,TAG-0168,V15_CURATED_GEOGRAPHY,HIGH,Culture générale V15.
ETAG-09833,EVT-0758,TAG-0180,V15_CURATED_GEOGRAPHY,HIGH,Culture générale V15.
ETAG-09839,EVT-0759,TAG-0145,V15_CURATED_SEMANTIC,HIGH,Culture générale V15.
ETAG-09840,EVT-0759,TAG-0158,V15_CURATED_GEOGRAPHY,HIGH,Culture générale V15.
ETAG-09841,EVT-0759,TAG-0154,V15_CURATED_GEOGRAPHY,HIGH,Culture générale V15.
ETAG-09847,EVT-0760,TAG-0129,V15_CURATED_SEMANTIC,HIGH,Culture générale V15.
ETAG-09848,EVT-0760,TAG-0132,V15_CURATED_SEMANTIC,HIGH,Culture générale V15.
ETAG-09849,EVT-0760,TAG-0165,V15_CURATED_GEOGRAPHY,HIGH,Culture générale V15.
ETAG-09850,EVT-0760,TAG-0186,V15_CURATED_GEOGRAPHY,HIGH,Culture générale V15.
ETAG-09856,EVT-0761,TAG-0106,V15_CURATED_SEMANTIC,HIGH,Culture générale V15.
ETAG-09857,EVT-0761,TAG-0113,V15_CURATED_SEMANTIC,HIGH,Culture générale V15.
ETAG-09858,EVT-0761,TAG-0164,V15_CURATED_GEOGRAPHY,HIGH,Culture générale V15.
ETAG-09859,EVT-0761,TAG-0154,V15_CURATED_GEOGRAPHY,HIGH,Culture générale V15.
ETAG-09865,EVT-0762,TAG-0116,V15_CURATED_SEMANTIC,HIGH,Culture générale V15.
ETAG-09866,EVT-0762,TAG-0114,V15_CURATED_SEMANTIC,HIGH,Culture générale V15.
ETAG-09867,EVT-0762,TAG-0232,V15_CURATED_GEOGRAPHY,HIGH,Culture générale V15.
ETAG-09868,EVT-0762,TAG-0175,V15_CURATED_GEOGRAPHY,HIGH,Culture générale V15.
ETAG-09874,EVT-0763,TAG-0114,V15_CURATED_SEMANTIC,HIGH,Culture générale V15.
ETAG-09875,EVT-0763,TAG-0142,V15_CURATED_SEMANTIC,HIGH,Culture générale V15.
ETAG-09876,EVT-0763,TAG-0154,V15_CURATED_GEOGRAPHY,HIGH,Culture générale V15.
ETAG-09882,EVT-0764,TAG-0116,V15_CURATED_SEMANTIC,HIGH,Culture générale V15.
ETAG-09883,EVT-0764,TAG-0111,V15_CURATED_SEMANTIC,HIGH,Culture générale V15.
ETAG-09884,EVT-0764,TAG-0195,V15_CURATED_GEOGRAPHY,HIGH,Culture générale V15.
ETAG-09885,EVT-0764,TAG-0174,V15_CURATED_GEOGRAPHY,HIGH,Culture générale V15.
ETAG-09891,EVT-0765,TAG-0116,V15_CURATED_SEMANTIC,HIGH,Culture générale V15.
ETAG-09892,EVT-0765,TAG-0108,V15_CURATED_SEMANTIC,HIGH,Culture générale V15.
ETAG-09893,EVT-0765,TAG-0233,V15_CURATED_GEOGRAPHY,HIGH,Culture générale V15.
ETAG-09894,EVT-0765,TAG-0174,V15_CURATED_GEOGRAPHY,HIGH,Culture générale V15.
ETAG-09900,EVT-0766,TAG-0124,V15_CURATED_SEMANTIC,HIGH,Culture générale V15.
ETAG-09901,EVT-0766,TAG-0123,V15_CURATED_SEMANTIC,HIGH,Culture générale V15.
ETAG-09902,EVT-0766,TAG-0165,V15_CURATED_GEOGRAPHY,HIGH,Culture générale V15.
ETAG-09903,EVT-0766,TAG-0186,V15_CURATED_GEOGRAPHY,HIGH,Culture générale V15.
ETAG-09909,EVT-0767,TAG-0127,V15_CURATED_SEMANTIC,HIGH,Culture générale V15.
ETAG-09910,EVT-0767,TAG-0165,V15_CURATED_GEOGRAPHY,HIGH,Culture générale V15.
ETAG-09911,EVT-0767,TAG-0186,V15_CURATED_GEOGRAPHY,HIGH,Culture générale V15.
ETAG-09917,EVT-0768,TAG-0124,V15_CURATED_SEMANTIC,HIGH,Culture générale V15.
ETAG-09918,EVT-0768,TAG-0106,V15_CURATED_SEMANTIC,HIGH,Culture générale V15.
ETAG-09919,EVT-0768,TAG-0157,V15_CURATED_GEOGRAPHY,HIGH,Culture générale V15.
ETAG-09920,EVT-0768,TAG-0154,V15_CURATED_GEOGRAPHY,HIGH,Culture générale V15.
ETAG-09926,EVT-0769,TAG-0109,V15_CURATED_SEMANTIC,HIGH,Culture générale V15.
ETAG-09927,EVT-0769,TAG-0121,V15_CURATED_SEMANTIC,HIGH,Culture générale V15.
ETAG-09928,EVT-0769,TAG-0165,V15_CURATED_GEOGRAPHY,HIGH,Culture générale V15.
ETAG-09929,EVT-0769,TAG-0186,V15_CURATED_GEOGRAPHY,HIGH,Culture générale V15.
ETAG-09935,EVT-0770,TAG-0116,V15_CURATED_SEMANTIC,HIGH,Culture générale V15.
ETAG-09936,EVT-0770,TAG-0137,V15_CURATED_SEMANTIC,HIGH,Culture générale V15.
ETAG-09937,EVT-0770,TAG-0165,V15_CURATED_GEOGRAPHY,HIGH,Culture générale V15.
ETAG-09938,EVT-0770,TAG-0186,V15_CURATED_GEOGRAPHY,HIGH,Culture générale V15.
ETAG-09944,EVT-0771,TAG-0119,V15_CURATED_SEMANTIC,HIGH,Culture générale V15.
ETAG-09945,EVT-0771,TAG-0124,V15_CURATED_SEMANTIC,HIGH,Culture générale V15.
ETAG-09946,EVT-0771,TAG-0123,V15_CURATED_SEMANTIC,HIGH,Culture générale V15.
ETAG-09947,EVT-0771,TAG-0160,V15_CURATED_GEOGRAPHY,HIGH,Culture générale V15.
ETAG-09948,EVT-0771,TAG-0154,V15_CURATED_GEOGRAPHY,HIGH,Culture générale V15.
ETAG-09954,EVT-0772,TAG-0145,V15_CURATED_SEMANTIC,HIGH,Culture générale V15.
ETAG-09955,EVT-0772,TAG-0165,V15_CURATED_GEOGRAPHY,HIGH,Culture générale V15.
ETAG-09956,EVT-0772,TAG-0186,V15_CURATED_GEOGRAPHY,HIGH,Culture générale V15.
ETAG-09962,EVT-0773,TAG-0139,V15_CURATED_SEMANTIC,HIGH,Culture générale V15.
ETAG-09963,EVT-0773,TAG-0108,V15_CURATED_SEMANTIC,HIGH,Culture générale V15.
ETAG-09964,EVT-0773,TAG-0165,V15_CURATED_GEOGRAPHY,HIGH,Culture générale V15.
ETAG-09965,EVT-0773,TAG-0186,V15_CURATED_GEOGRAPHY,HIGH,Culture générale V15.
ETAG-09971,EVT-0774,TAG-0132,V15_CURATED_SEMANTIC,HIGH,Culture générale V15.
ETAG-09972,EVT-0774,TAG-0234,V15_CURATED_GEOGRAPHY,HIGH,Culture générale V15.
ETAG-09973,EVT-0774,TAG-0154,V15_CURATED_GEOGRAPHY,HIGH,Culture générale V15.
ETAG-09979,EVT-0775,TAG-0132,V15_CURATED_SEMANTIC,HIGH,Culture générale V15.
ETAG-09980,EVT-0775,TAG-0129,V15_CURATED_SEMANTIC,HIGH,Culture générale V15.
ETAG-09981,EVT-0775,TAG-0165,V15_CURATED_GEOGRAPHY,HIGH,Culture générale V15.
ETAG-09982,EVT-0775,TAG-0186,V15_CURATED_GEOGRAPHY,HIGH,Culture générale V15.
ETAG-09988,EVT-0776,TAG-0127,V15_CURATED_SEMANTIC,HIGH,Culture générale V15.
ETAG-09989,EVT-0776,TAG-0132,V15_CURATED_SEMANTIC,HIGH,Culture générale V15.
ETAG-09990,EVT-0776,TAG-0224,V15_CURATED_GEOGRAPHY,HIGH,Culture générale V15.
ETAG-09991,EVT-0776,TAG-0154,V15_CURATED_GEOGRAPHY,HIGH,Culture générale V15.
ETAG-09997,EVT-0777,TAG-0129,V15_CURATED_SEMANTIC,HIGH,Culture générale V15.
ETAG-09998,EVT-0777,TAG-0208,V15_CURATED_SEMANTIC,HIGH,Culture générale V15.
ETAG-09999,EVT-0777,TAG-0165,V15_CURATED_GEOGRAPHY,HIGH,Culture générale V15.
ETAG-10000,EVT-0777,TAG-0186,V15_CURATED_GEOGRAPHY,HIGH,Culture générale V15.
ETAG-10006,EVT-0778,TAG-0111,V15_CURATED_SEMANTIC,HIGH,Culture générale V15.
ETAG-10007,EVT-0778,TAG-0142,V15_CURATED_SEMANTIC,HIGH,Culture générale V15.
ETAG-10008,EVT-0778,TAG-0164,V15_CURATED_GEOGRAPHY,HIGH,Culture générale V15.
ETAG-10009,EVT-0778,TAG-0167,V15_CURATED_GEOGRAPHY,HIGH,Culture générale V15.
ETAG-10010,EVT-0778,TAG-0180,V15_CURATED_GEOGRAPHY,HIGH,Culture générale V15.
ETAG-10016,EVT-0779,TAG-0127,V15_CURATED_SEMANTIC,HIGH,Culture générale V15.
ETAG-10017,EVT-0779,TAG-0159,V15_CURATED_GEOGRAPHY,HIGH,Culture générale V15.
ETAG-10018,EVT-0779,TAG-0154,V15_CURATED_GEOGRAPHY,HIGH,Culture générale V15.
ETAG-10024,EVT-0780,TAG-0113,V15_CURATED_SEMANTIC,HIGH,Culture générale V15.
ETAG-10025,EVT-0780,TAG-0106,V15_CURATED_SEMANTIC,HIGH,Culture générale V15.
ETAG-10026,EVT-0780,TAG-0164,V15_CURATED_GEOGRAPHY,HIGH,Culture générale V15.
ETAG-10027,EVT-0780,TAG-0154,V15_CURATED_GEOGRAPHY,HIGH,Culture générale V15.
ETAG-10033,EVT-0781,TAG-0134,V15_CURATED_SEMANTIC,HIGH,Culture générale V15.
ETAG-10034,EVT-0781,TAG-0123,V15_CURATED_SEMANTIC,HIGH,Culture générale V15.
ETAG-10035,EVT-0781,TAG-0165,V15_CURATED_GEOGRAPHY,HIGH,Culture générale V15.
ETAG-10036,EVT-0781,TAG-0186,V15_CURATED_GEOGRAPHY,HIGH,Culture générale V15.
ETAG-10042,EVT-0782,TAG-0129,V15_CURATED_SEMANTIC,HIGH,Culture générale V15.
ETAG-10043,EVT-0782,TAG-0122,V15_CURATED_SEMANTIC,HIGH,Culture générale V15.
ETAG-10044,EVT-0782,TAG-0121,V15_CURATED_SEMANTIC,HIGH,Culture générale V15.
ETAG-10045,EVT-0782,TAG-0165,V15_CURATED_GEOGRAPHY,HIGH,Culture générale V15.
ETAG-10046,EVT-0782,TAG-0186,V15_CURATED_GEOGRAPHY,HIGH,Culture générale V15.
ETAG-10052,EVT-0783,TAG-0113,V15_CURATED_SEMANTIC,HIGH,Culture générale V15.
ETAG-10053,EVT-0783,TAG-0106,V15_CURATED_SEMANTIC,HIGH,Culture générale V15.
ETAG-10054,EVT-0783,TAG-0216,V15_CURATED_GEOGRAPHY,HIGH,Culture générale V15.
ETAG-10055,EVT-0783,TAG-0187,V15_CURATED_GEOGRAPHY,HIGH,Culture générale V15.
ETAG-10061,EVT-0784,TAG-0113,V15_CURATED_SEMANTIC,HIGH,Culture générale V15.
ETAG-10062,EVT-0784,TAG-0108,V15_CURATED_SEMANTIC,HIGH,Culture générale V15.
ETAG-10063,EVT-0784,TAG-0166,V15_CURATED_GEOGRAPHY,HIGH,Culture générale V15.
ETAG-10064,EVT-0784,TAG-0180,V15_CURATED_GEOGRAPHY,HIGH,Culture générale V15.
ETAG-10070,EVT-0785,TAG-0131,V15_CURATED_SEMANTIC,HIGH,Culture générale V15.
ETAG-10071,EVT-0785,TAG-0235,V15_CURATED_GEOGRAPHY,HIGH,Culture générale V15.
ETAG-10072,EVT-0785,TAG-0153,V15_CURATED_GEOGRAPHY,HIGH,Culture générale V15.
ETAG-10078,EVT-0786,TAG-0108,V15_CURATED_SEMANTIC,HIGH,Culture générale V15.
ETAG-10079,EVT-0786,TAG-0106,V15_CURATED_SEMANTIC,HIGH,Culture générale V15.
ETAG-10080,EVT-0786,TAG-0166,V15_CURATED_GEOGRAPHY,HIGH,Culture générale V15.
ETAG-10081,EVT-0786,TAG-0180,V15_CURATED_GEOGRAPHY,HIGH,Culture générale V15.
ETAG-10087,EVT-0787,TAG-0208,V15_CURATED_SEMANTIC,HIGH,Culture générale V15.
ETAG-10088,EVT-0787,TAG-0123,V15_CURATED_SEMANTIC,HIGH,Culture générale V15.
ETAG-10089,EVT-0787,TAG-0156,V15_CURATED_GEOGRAPHY,HIGH,Culture générale V15.
ETAG-10090,EVT-0787,TAG-0153,V15_CURATED_GEOGRAPHY,HIGH,Culture générale V15.
ETAG-10096,EVT-0788,TAG-0132,V15_CURATED_SEMANTIC,HIGH,Culture générale V15.
ETAG-10097,EVT-0788,TAG-0157,V15_CURATED_GEOGRAPHY,HIGH,Culture générale V15.
ETAG-10098,EVT-0788,TAG-0154,V15_CURATED_GEOGRAPHY,HIGH,Culture générale V15.
ETAG-10104,EVT-0789,TAG-0111,V15_CURATED_SEMANTIC,HIGH,Culture générale V15.
ETAG-10105,EVT-0789,TAG-0208,V15_CURATED_SEMANTIC,HIGH,Culture générale V15.
ETAG-10106,EVT-0789,TAG-0156,V15_CURATED_GEOGRAPHY,HIGH,Culture générale V15.
ETAG-10107,EVT-0789,TAG-0153,V15_CURATED_GEOGRAPHY,HIGH,Culture générale V15.
ETAG-10113,EVT-0790,TAG-0113,V15_CURATED_SEMANTIC,HIGH,Culture générale V15.
ETAG-10114,EVT-0790,TAG-0108,V15_CURATED_SEMANTIC,HIGH,Culture générale V15.
ETAG-10115,EVT-0790,TAG-0199,V15_CURATED_GEOGRAPHY,HIGH,Culture générale V15.
ETAG-10116,EVT-0790,TAG-0154,V15_CURATED_GEOGRAPHY,HIGH,Culture générale V15.
ETAG-10122,EVT-0791,TAG-0114,V15_CURATED_SEMANTIC,HIGH,Culture générale V15.
ETAG-10123,EVT-0791,TAG-0108,V15_CURATED_SEMANTIC,HIGH,Culture générale V15.
ETAG-10124,EVT-0791,TAG-0158,V15_CURATED_GEOGRAPHY,HIGH,Culture générale V15.
ETAG-10125,EVT-0791,TAG-0171,V15_CURATED_GEOGRAPHY,HIGH,Culture générale V15.
ETAG-10131,EVT-0792,TAG-0128,V15_CURATED_SEMANTIC,HIGH,Culture générale V15.
ETAG-10132,EVT-0792,TAG-0123,V15_CURATED_SEMANTIC,HIGH,Culture générale V15.
ETAG-10133,EVT-0792,TAG-0153,V15_CURATED_GEOGRAPHY,HIGH,Culture générale V15.
ETAG-10139,EVT-0793,TAG-0114,V15_CURATED_SEMANTIC,HIGH,Culture générale V15.
ETAG-10140,EVT-0793,TAG-0142,V15_CURATED_SEMANTIC,HIGH,Culture générale V15.
ETAG-10141,EVT-0793,TAG-0165,V15_CURATED_GEOGRAPHY,HIGH,Culture générale V15.
ETAG-10142,EVT-0793,TAG-0154,V15_CURATED_GEOGRAPHY,HIGH,Culture générale V15.
ETAG-10148,EVT-0794,TAG-0113,V15_CURATED_SEMANTIC,HIGH,Culture générale V15.
ETAG-10149,EVT-0794,TAG-0108,V15_CURATED_SEMANTIC,HIGH,Culture générale V15.
ETAG-10150,EVT-0794,TAG-0159,V15_CURATED_GEOGRAPHY,HIGH,Culture générale V15.
ETAG-10151,EVT-0794,TAG-0154,V15_CURATED_GEOGRAPHY,HIGH,Culture générale V15.
ETAG-10157,EVT-0795,TAG-0108,V15_CURATED_SEMANTIC,HIGH,Culture générale V15.
ETAG-10158,EVT-0795,TAG-0204,V15_CURATED_GEOGRAPHY,HIGH,Culture générale V15.
ETAG-10159,EVT-0795,TAG-0154,V15_CURATED_GEOGRAPHY,HIGH,Culture générale V15.
ETAG-10165,EVT-0796,TAG-0125,V15_CURATED_SEMANTIC,HIGH,Culture générale V15.
ETAG-10166,EVT-0796,TAG-0110,V15_CURATED_SEMANTIC,HIGH,Culture générale V15.
ETAG-10167,EVT-0796,TAG-0107,V15_CURATED_SEMANTIC,HIGH,Culture générale V15.
ETAG-10168,EVT-0796,TAG-0165,V15_CURATED_GEOGRAPHY,HIGH,Culture générale V15.
ETAG-10169,EVT-0796,TAG-0186,V15_CURATED_GEOGRAPHY,HIGH,Culture générale V15.
ETAG-10175,EVT-0797,TAG-0106,V15_CURATED_SEMANTIC,HIGH,Culture générale V15.
ETAG-10176,EVT-0797,TAG-0113,V15_CURATED_SEMANTIC,HIGH,Culture générale V15.
ETAG-10177,EVT-0797,TAG-0166,V15_CURATED_GEOGRAPHY,HIGH,Culture générale V15.
ETAG-10178,EVT-0797,TAG-0180,V15_CURATED_GEOGRAPHY,HIGH,Culture générale V15.
ETAG-10184,EVT-0798,TAG-0207,V15_CURATED_SEMANTIC,HIGH,Culture générale V15.
ETAG-10185,EVT-0798,TAG-0144,V15_CURATED_SEMANTIC,HIGH,Culture générale V15.
ETAG-10186,EVT-0798,TAG-0195,V15_CURATED_GEOGRAPHY,HIGH,Culture générale V15.
ETAG-10187,EVT-0798,TAG-0174,V15_CURATED_GEOGRAPHY,HIGH,Culture générale V15.
ETAG-10193,EVT-0799,TAG-0108,V15_CURATED_SEMANTIC,HIGH,Culture générale V15.
ETAG-10194,EVT-0799,TAG-0106,V15_CURATED_SEMANTIC,HIGH,Culture générale V15.
ETAG-10195,EVT-0799,TAG-0164,V15_CURATED_GEOGRAPHY,HIGH,Culture générale V15.
ETAG-10196,EVT-0799,TAG-0154,V15_CURATED_GEOGRAPHY,HIGH,Culture générale V15.
ETAG-10202,EVT-0800,TAG-0108,V15_CURATED_SEMANTIC,HIGH,Culture générale V15.
ETAG-10203,EVT-0800,TAG-0106,V15_CURATED_SEMANTIC,HIGH,Culture générale V15.
ETAG-10204,EVT-0800,TAG-0169,V15_CURATED_GEOGRAPHY,HIGH,Culture générale V15.
ETAG-10205,EVT-0800,TAG-0180,V15_CURATED_GEOGRAPHY,HIGH,Culture générale V15.
ETAG-10211,EVT-0801,TAG-0106,V15_CURATED_SEMANTIC,HIGH,Culture générale V15.
ETAG-10212,EVT-0801,TAG-0164,V15_CURATED_GEOGRAPHY,HIGH,Culture générale V15.
ETAG-10213,EVT-0801,TAG-0154,V15_CURATED_GEOGRAPHY,HIGH,Culture générale V15.
ETAG-10219,EVT-0802,TAG-0129,V15_CURATED_SEMANTIC,HIGH,Culture générale V15.
ETAG-10220,EVT-0802,TAG-0131,V15_CURATED_SEMANTIC,HIGH,Culture générale V15.
ETAG-10221,EVT-0802,TAG-0157,V15_CURATED_GEOGRAPHY,HIGH,Culture générale V15.
ETAG-10222,EVT-0802,TAG-0165,V15_CURATED_GEOGRAPHY,HIGH,Culture générale V15.
ETAG-10223,EVT-0802,TAG-0156,V15_CURATED_GEOGRAPHY,HIGH,Culture générale V15.
ETAG-10229,EVT-0803,TAG-0132,V15_CURATED_SEMANTIC,HIGH,Culture générale V15.
ETAG-10230,EVT-0803,TAG-0129,V15_CURATED_SEMANTIC,HIGH,Culture générale V15.
ETAG-10231,EVT-0803,TAG-0165,V15_CURATED_GEOGRAPHY,HIGH,Culture générale V15.
ETAG-10232,EVT-0803,TAG-0186,V15_CURATED_GEOGRAPHY,HIGH,Culture générale V15.
ETAG-10238,EVT-0804,TAG-0128,V15_CURATED_SEMANTIC,HIGH,Culture générale V15.
ETAG-10239,EVT-0804,TAG-0127,V15_CURATED_SEMANTIC,HIGH,Culture générale V15.
ETAG-10240,EVT-0804,TAG-0158,V15_CURATED_GEOGRAPHY,HIGH,Culture générale V15.
ETAG-10241,EVT-0804,TAG-0154,V15_CURATED_GEOGRAPHY,HIGH,Culture générale V15.
ETAG-10247,EVT-0805,TAG-0127,V15_CURATED_SEMANTIC,HIGH,Culture générale V15.
ETAG-10248,EVT-0805,TAG-0130,V15_CURATED_SEMANTIC,HIGH,Culture générale V15.
ETAG-10249,EVT-0805,TAG-0165,V15_CURATED_GEOGRAPHY,HIGH,Culture générale V15.
ETAG-10250,EVT-0805,TAG-0186,V15_CURATED_GEOGRAPHY,HIGH,Culture générale V15.
ETAG-10256,EVT-0806,TAG-0145,V15_CURATED_SEMANTIC,HIGH,Culture générale V15.
ETAG-10257,EVT-0806,TAG-0236,V15_CURATED_GEOGRAPHY,HIGH,Culture générale V15.
ETAG-10258,EVT-0806,TAG-0187,V15_CURATED_GEOGRAPHY,HIGH,Culture générale V15.
ETAG-10264,EVT-0807,TAG-0111,V15_CURATED_SEMANTIC,HIGH,Culture générale V15.
ETAG-10265,EVT-0807,TAG-0116,V15_CURATED_SEMANTIC,HIGH,Culture générale V15.
ETAG-10266,EVT-0807,TAG-0166,V15_CURATED_GEOGRAPHY,HIGH,Culture générale V15.
ETAG-10267,EVT-0807,TAG-0167,V15_CURATED_GEOGRAPHY,HIGH,Culture générale V15.
ETAG-10268,EVT-0807,TAG-0180,V15_CURATED_GEOGRAPHY,HIGH,Culture générale V15.
ETAG-10274,EVT-0808,TAG-0111,V15_CURATED_SEMANTIC,HIGH,Culture générale V15.
ETAG-10275,EVT-0808,TAG-0116,V15_CURATED_SEMANTIC,HIGH,Culture générale V15.
ETAG-10276,EVT-0808,TAG-0237,V15_CURATED_GEOGRAPHY,HIGH,Culture générale V15.
ETAG-10277,EVT-0808,TAG-0174,V15_CURATED_GEOGRAPHY,HIGH,Culture générale V15.
ETAG-10283,EVT-0809,TAG-0137,V15_CURATED_SEMANTIC,HIGH,Culture générale V15.
ETAG-10284,EVT-0809,TAG-0111,V15_CURATED_SEMANTIC,HIGH,Culture générale V15.
ETAG-10285,EVT-0809,TAG-0166,V15_CURATED_GEOGRAPHY,HIGH,Culture générale V15.
ETAG-10286,EVT-0809,TAG-0167,V15_CURATED_GEOGRAPHY,HIGH,Culture générale V15.
ETAG-10287,EVT-0809,TAG-0180,V15_CURATED_GEOGRAPHY,HIGH,Culture générale V15.
ETAG-10293,EVT-0810,TAG-0147,V15_CURATED_SEMANTIC,HIGH,Culture générale V15.
ETAG-10294,EVT-0810,TAG-0108,V15_CURATED_SEMANTIC,HIGH,Culture générale V15.
ETAG-10295,EVT-0810,TAG-0225,V15_CURATED_GEOGRAPHY,HIGH,Culture générale V15.
ETAG-10296,EVT-0810,TAG-0159,V15_CURATED_GEOGRAPHY,HIGH,Culture générale V15.
ETAG-10297,EVT-0810,TAG-0154,V15_CURATED_GEOGRAPHY,HIGH,Culture générale V15.
ETAG-10303,EVT-0811,TAG-0111,V15_CURATED_SEMANTIC,HIGH,Culture générale V15.
ETAG-10304,EVT-0811,TAG-0106,V15_CURATED_SEMANTIC,HIGH,Culture générale V15.
ETAG-10305,EVT-0811,TAG-0162,V15_CURATED_GEOGRAPHY,HIGH,Culture générale V15.
ETAG-10306,EVT-0811,TAG-0154,V15_CURATED_GEOGRAPHY,HIGH,Culture générale V15.
ETAG-10312,EVT-0812,TAG-0106,V15_CURATED_SEMANTIC,HIGH,Culture générale V15.
ETAG-10313,EVT-0812,TAG-0111,V15_CURATED_SEMANTIC,HIGH,Culture générale V15.
ETAG-10314,EVT-0812,TAG-0158,V15_CURATED_GEOGRAPHY,HIGH,Culture générale V15.
ETAG-10315,EVT-0812,TAG-0154,V15_CURATED_GEOGRAPHY,HIGH,Culture générale V15.
ETAG-10321,EVT-0813,TAG-0109,V15_CURATED_SEMANTIC,HIGH,Culture générale V15.
ETAG-10322,EVT-0813,TAG-0111,V15_CURATED_SEMANTIC,HIGH,Culture générale V15.
ETAG-10323,EVT-0813,TAG-0165,V15_CURATED_GEOGRAPHY,HIGH,Culture générale V15.
ETAG-10324,EVT-0813,TAG-0153,V15_CURATED_GEOGRAPHY,HIGH,Culture générale V15.
ETAG-10330,EVT-0814,TAG-0127,V15_CURATED_SEMANTIC,HIGH,Culture générale V15.
ETAG-10331,EVT-0814,TAG-0111,V15_CURATED_SEMANTIC,HIGH,Culture générale V15.
ETAG-10332,EVT-0814,TAG-0129,V15_CURATED_SEMANTIC,HIGH,Culture générale V15.
ETAG-10333,EVT-0814,TAG-0165,V15_CURATED_GEOGRAPHY,HIGH,Culture générale V15.
ETAG-10334,EVT-0814,TAG-0186,V15_CURATED_GEOGRAPHY,HIGH,Culture générale V15.
ETAG-10340,EVT-0815,TAG-0127,V15_CURATED_SEMANTIC,HIGH,Culture générale V15.
ETAG-10341,EVT-0815,TAG-0129,V15_CURATED_SEMANTIC,HIGH,Culture générale V15.
ETAG-10342,EVT-0815,TAG-0165,V15_CURATED_GEOGRAPHY,HIGH,Culture générale V15.
ETAG-10343,EVT-0815,TAG-0186,V15_CURATED_GEOGRAPHY,HIGH,Culture générale V15.
ETAG-10349,EVT-0816,TAG-0113,V15_CURATED_SEMANTIC,HIGH,Culture générale V15.
ETAG-10350,EVT-0816,TAG-0137,V15_CURATED_SEMANTIC,HIGH,Culture générale V15.
ETAG-10351,EVT-0816,TAG-0204,V15_CURATED_GEOGRAPHY,HIGH,Culture générale V15.
ETAG-10352,EVT-0816,TAG-0154,V15_CURATED_GEOGRAPHY,HIGH,Culture générale V15.
ETAG-10358,EVT-0817,TAG-0106,V15_CURATED_SEMANTIC,HIGH,Culture générale V15.
ETAG-10359,EVT-0817,TAG-0111,V15_CURATED_SEMANTIC,HIGH,Culture générale V15.
ETAG-10360,EVT-0817,TAG-0160,V15_CURATED_GEOGRAPHY,HIGH,Culture générale V15.
ETAG-10361,EVT-0817,TAG-0154,V15_CURATED_GEOGRAPHY,HIGH,Culture générale V15.
ETAG-10367,EVT-0818,TAG-0121,V15_CURATED_SEMANTIC,HIGH,Culture générale V15.
ETAG-10368,EVT-0818,TAG-0114,V15_CURATED_SEMANTIC,HIGH,Culture générale V15.
ETAG-10369,EVT-0818,TAG-0165,V15_CURATED_GEOGRAPHY,HIGH,Culture générale V15.
ETAG-10370,EVT-0818,TAG-0153,V15_CURATED_GEOGRAPHY,HIGH,Culture générale V15.
ETAG-10376,EVT-0819,TAG-0113,V15_CURATED_SEMANTIC,HIGH,Culture générale V15.
ETAG-10377,EVT-0819,TAG-0111,V15_CURATED_SEMANTIC,HIGH,Culture générale V15.
ETAG-10378,EVT-0819,TAG-0204,V15_CURATED_GEOGRAPHY,HIGH,Culture générale V15.
ETAG-10379,EVT-0819,TAG-0154,V15_CURATED_GEOGRAPHY,HIGH,Culture générale V15.
ETAG-10385,EVT-0820,TAG-0135,V15_CURATED_SEMANTIC,HIGH,Culture générale V15.
ETAG-10386,EVT-0820,TAG-0114,V15_CURATED_SEMANTIC,HIGH,Culture générale V15.
ETAG-10387,EVT-0820,TAG-0165,V15_CURATED_GEOGRAPHY,HIGH,Culture générale V15.
ETAG-10388,EVT-0820,TAG-0153,V15_CURATED_GEOGRAPHY,HIGH,Culture générale V15.
ETAG-10394,EVT-0821,TAG-0114,V15_CURATED_SEMANTIC,HIGH,Culture générale V15.
ETAG-10395,EVT-0821,TAG-0111,V15_CURATED_SEMANTIC,HIGH,Culture générale V15.
ETAG-10396,EVT-0821,TAG-0159,V15_CURATED_GEOGRAPHY,HIGH,Culture générale V15.
ETAG-10397,EVT-0821,TAG-0154,V15_CURATED_GEOGRAPHY,HIGH,Culture générale V15.
ETAG-10403,EVT-0822,TAG-0108,V15_CURATED_SEMANTIC,HIGH,Culture générale V15.
ETAG-10404,EVT-0822,TAG-0117,V15_CURATED_SEMANTIC,HIGH,Culture générale V15.
ETAG-10405,EVT-0822,TAG-0228,V15_CURATED_GEOGRAPHY,HIGH,Culture générale V15.
ETAG-10406,EVT-0822,TAG-0180,V15_CURATED_GEOGRAPHY,HIGH,Culture générale V15.
ETAG-10412,EVT-0823,TAG-0108,V15_CURATED_SEMANTIC,HIGH,Culture générale V15.
ETAG-10413,EVT-0823,TAG-0117,V15_CURATED_SEMANTIC,HIGH,Culture générale V15.
ETAG-10414,EVT-0823,TAG-0183,V15_CURATED_GEOGRAPHY,HIGH,Culture générale V15.
ETAG-10415,EVT-0823,TAG-0180,V15_CURATED_GEOGRAPHY,HIGH,Culture générale V15.
ETAG-10421,EVT-0824,TAG-0108,V15_CURATED_SEMANTIC,HIGH,Culture générale V15.
ETAG-10422,EVT-0824,TAG-0226,V15_CURATED_GEOGRAPHY,HIGH,Culture générale V15.
ETAG-10423,EVT-0824,TAG-0227,V15_CURATED_GEOGRAPHY,HIGH,Culture générale V15.
ETAG-10429,EVT-0825,TAG-0106,V15_CURATED_SEMANTIC,HIGH,Culture générale V15.
ETAG-10430,EVT-0825,TAG-0115,V15_CURATED_SEMANTIC,HIGH,Culture générale V15.
ETAG-10431,EVT-0825,TAG-0158,V15_CURATED_GEOGRAPHY,HIGH,Culture générale V15.
ETAG-10432,EVT-0825,TAG-0154,V15_CURATED_GEOGRAPHY,HIGH,Culture générale V15.
ETAG-10438,EVT-0826,TAG-0134,V15_CURATED_SEMANTIC,HIGH,Culture générale V15.
ETAG-10439,EVT-0826,TAG-0123,V15_CURATED_SEMANTIC,HIGH,Culture générale V15.
ETAG-10440,EVT-0826,TAG-0157,V15_CURATED_GEOGRAPHY,HIGH,Culture générale V15.
ETAG-10441,EVT-0826,TAG-0196,V15_CURATED_GEOGRAPHY,HIGH,Culture générale V15.
ETAG-10447,EVT-0827,TAG-0108,V15_CURATED_SEMANTIC,HIGH,Culture générale V15.
ETAG-10448,EVT-0827,TAG-0201,V15_CURATED_GEOGRAPHY,HIGH,Culture générale V15.
ETAG-10449,EVT-0827,TAG-0187,V15_CURATED_GEOGRAPHY,HIGH,Culture générale V15.
ETAG-10455,EVT-0828,TAG-0114,V15_CURATED_SEMANTIC,HIGH,Culture générale V15.
ETAG-10456,EVT-0828,TAG-0111,V15_CURATED_SEMANTIC,HIGH,Culture générale V15.
ETAG-10457,EVT-0828,TAG-0238,V15_CURATED_GEOGRAPHY,HIGH,Culture générale V15.
ETAG-10458,EVT-0828,TAG-0174,V15_CURATED_GEOGRAPHY,HIGH,Culture générale V15.
ETAG-10464,EVT-0829,TAG-0145,V15_CURATED_SEMANTIC,HIGH,Culture générale V15.
ETAG-10465,EVT-0829,TAG-0157,V15_CURATED_GEOGRAPHY,HIGH,Culture générale V15.
ETAG-10466,EVT-0829,TAG-0154,V15_CURATED_GEOGRAPHY,HIGH,Culture générale V15.
ETAG-10472,EVT-0830,TAG-0108,V15_CURATED_SEMANTIC,HIGH,Culture générale V15.
ETAG-10473,EVT-0830,TAG-0142,V15_CURATED_SEMANTIC,HIGH,Culture générale V15.
ETAG-10474,EVT-0830,TAG-0220,V15_CURATED_GEOGRAPHY,HIGH,Culture générale V15.
ETAG-10475,EVT-0830,TAG-0187,V15_CURATED_GEOGRAPHY,HIGH,Culture générale V15.
ETAG-10481,EVT-0831,TAG-0114,V15_CURATED_SEMANTIC,HIGH,Culture générale V15.
ETAG-10482,EVT-0831,TAG-0142,V15_CURATED_SEMANTIC,HIGH,Culture générale V15.
ETAG-10483,EVT-0831,TAG-0157,V15_CURATED_GEOGRAPHY,HIGH,Culture générale V15.
ETAG-10484,EVT-0831,TAG-0158,V15_CURATED_GEOGRAPHY,HIGH,Culture générale V15.
ETAG-10485,EVT-0831,TAG-0154,V15_CURATED_GEOGRAPHY,HIGH,Culture générale V15.
ETAG-10491,EVT-0832,TAG-0108,V15_CURATED_SEMANTIC,HIGH,Culture générale V15.
ETAG-10492,EVT-0832,TAG-0106,V15_CURATED_SEMANTIC,HIGH,Culture générale V15.
ETAG-10493,EVT-0832,TAG-0234,V15_CURATED_GEOGRAPHY,HIGH,Culture générale V15.
ETAG-10494,EVT-0832,TAG-0154,V15_CURATED_GEOGRAPHY,HIGH,Culture générale V15.
ETAG-10500,EVT-0833,TAG-0114,V15_CURATED_SEMANTIC,HIGH,Culture générale V15.
ETAG-10501,EVT-0833,TAG-0111,V15_CURATED_SEMANTIC,HIGH,Culture générale V15.
ETAG-10502,EVT-0833,TAG-0165,V15_CURATED_GEOGRAPHY,HIGH,Culture générale V15.
ETAG-10503,EVT-0833,TAG-0180,V15_CURATED_GEOGRAPHY,HIGH,Culture générale V15.
ETAG-10509,EVT-0834,TAG-0129,V15_CURATED_SEMANTIC,HIGH,Culture générale V15.
ETAG-10510,EVT-0834,TAG-0111,V15_CURATED_SEMANTIC,HIGH,Culture générale V15.
ETAG-10511,EVT-0834,TAG-0158,V15_CURATED_GEOGRAPHY,HIGH,Culture générale V15.
ETAG-10512,EVT-0834,TAG-0154,V15_CURATED_GEOGRAPHY,HIGH,Culture générale V15.
ETAG-10518,EVT-0835,TAG-0114,V15_CURATED_SEMANTIC,HIGH,Culture générale V15.
ETAG-10519,EVT-0835,TAG-0142,V15_CURATED_SEMANTIC,HIGH,Culture générale V15.
ETAG-10520,EVT-0835,TAG-0154,V15_CURATED_GEOGRAPHY,HIGH,Culture générale V15.
ETAG-10526,EVT-0836,TAG-0134,V15_CURATED_SEMANTIC,HIGH,Culture générale V15.
ETAG-10527,EVT-0836,TAG-0127,V15_CURATED_SEMANTIC,HIGH,Culture générale V15.
ETAG-10528,EVT-0836,TAG-0164,V15_CURATED_GEOGRAPHY,HIGH,Culture générale V15.
ETAG-10529,EVT-0836,TAG-0180,V15_CURATED_GEOGRAPHY,HIGH,Culture générale V15.
ETAG-10535,EVT-0837,TAG-0110,V15_CURATED_SEMANTIC,HIGH,Culture générale V15.
ETAG-10536,EVT-0837,TAG-0106,V15_CURATED_SEMANTIC,HIGH,Culture générale V15.
ETAG-10537,EVT-0837,TAG-0165,V15_CURATED_GEOGRAPHY,HIGH,Culture générale V15.
ETAG-10538,EVT-0837,TAG-0186,V15_CURATED_GEOGRAPHY,HIGH,Culture générale V15.
ETAG-10544,EVT-0838,TAG-0108,V15_CURATED_SEMANTIC,HIGH,Culture générale V15.
ETAG-10545,EVT-0838,TAG-0116,V15_CURATED_SEMANTIC,HIGH,Culture générale V15.
ETAG-10546,EVT-0838,TAG-0238,V15_CURATED_GEOGRAPHY,HIGH,Culture générale V15.
ETAG-10547,EVT-0838,TAG-0174,V15_CURATED_GEOGRAPHY,HIGH,Culture générale V15.
ETAG-10553,EVT-0839,TAG-0111,V15_CURATED_SEMANTIC,HIGH,Culture générale V15.
ETAG-10554,EVT-0839,TAG-0142,V15_CURATED_SEMANTIC,HIGH,Culture générale V15.
ETAG-10555,EVT-0839,TAG-0189,V15_CURATED_GEOGRAPHY,HIGH,Culture générale V15.
ETAG-10556,EVT-0839,TAG-0154,V15_CURATED_GEOGRAPHY,HIGH,Culture générale V15.
ETAG-10562,EVT-0840,TAG-0122,V15_CURATED_SEMANTIC,HIGH,Culture générale V15.
ETAG-10563,EVT-0840,TAG-0129,V15_CURATED_SEMANTIC,HIGH,Culture générale V15.
ETAG-10564,EVT-0840,TAG-0165,V15_CURATED_GEOGRAPHY,HIGH,Culture générale V15.
ETAG-10565,EVT-0840,TAG-0186,V15_CURATED_GEOGRAPHY,HIGH,Culture générale V15.
ETAG-10571,EVT-0841,TAG-0121,V15_CURATED_SEMANTIC,HIGH,Culture générale V15.
ETAG-10572,EVT-0841,TAG-0108,V15_CURATED_SEMANTIC,HIGH,Culture générale V15.
ETAG-10573,EVT-0841,TAG-0165,V15_CURATED_GEOGRAPHY,HIGH,Culture générale V15.
ETAG-10574,EVT-0841,TAG-0186,V15_CURATED_GEOGRAPHY,HIGH,Culture générale V15.
ETAG-10580,EVT-0842,TAG-0108,V15_CURATED_SEMANTIC,HIGH,Culture générale V15.
ETAG-10581,EVT-0842,TAG-0218,V15_CURATED_GEOGRAPHY,HIGH,Culture générale V15.
ETAG-10582,EVT-0842,TAG-0154,V15_CURATED_GEOGRAPHY,HIGH,Culture générale V15.
ETAG-10588,EVT-0843,TAG-0116,V15_CURATED_SEMANTIC,HIGH,Culture générale V15.
ETAG-10589,EVT-0843,TAG-0137,V15_CURATED_SEMANTIC,HIGH,Culture générale V15.
ETAG-10590,EVT-0843,TAG-0168,V15_CURATED_GEOGRAPHY,HIGH,Culture générale V15.
ETAG-10591,EVT-0843,TAG-0180,V15_CURATED_GEOGRAPHY,HIGH,Culture générale V15.
ETAG-10597,EVT-0844,TAG-0113,V15_CURATED_SEMANTIC,HIGH,Culture générale V15.
ETAG-10598,EVT-0844,TAG-0106,V15_CURATED_SEMANTIC,HIGH,Culture générale V15.
ETAG-10599,EVT-0844,TAG-0166,V15_CURATED_GEOGRAPHY,HIGH,Culture générale V15.
ETAG-10600,EVT-0844,TAG-0180,V15_CURATED_GEOGRAPHY,HIGH,Culture générale V15.
ETAG-10606,EVT-0845,TAG-0135,V15_CURATED_SEMANTIC,HIGH,Culture générale V15.
ETAG-10607,EVT-0845,TAG-0114,V15_CURATED_SEMANTIC,HIGH,Culture générale V15.
ETAG-10608,EVT-0845,TAG-0157,V15_CURATED_GEOGRAPHY,HIGH,Culture générale V15.
ETAG-10609,EVT-0845,TAG-0154,V15_CURATED_GEOGRAPHY,HIGH,Culture générale V15.
ETAG-10615,EVT-0846,TAG-0109,V15_CURATED_SEMANTIC,HIGH,Culture générale V15.
ETAG-10616,EVT-0846,TAG-0123,V15_CURATED_SEMANTIC,HIGH,Culture générale V15.
ETAG-10617,EVT-0846,TAG-0165,V15_CURATED_GEOGRAPHY,HIGH,Culture générale V15.
ETAG-10618,EVT-0846,TAG-0186,V15_CURATED_GEOGRAPHY,HIGH,Culture générale V15.
ETAG-10624,EVT-0847,TAG-0114,V15_CURATED_SEMANTIC,HIGH,Culture générale V15.
ETAG-10625,EVT-0847,TAG-0108,V15_CURATED_SEMANTIC,HIGH,Culture générale V15.
ETAG-10626,EVT-0847,TAG-0199,V15_CURATED_GEOGRAPHY,HIGH,Culture générale V15.
ETAG-10627,EVT-0847,TAG-0154,V15_CURATED_GEOGRAPHY,HIGH,Culture générale V15.
ETAG-10633,EVT-0848,TAG-0132,V15_CURATED_SEMANTIC,HIGH,Culture générale V15.
ETAG-10634,EVT-0848,TAG-0144,V15_CURATED_SEMANTIC,HIGH,Culture générale V15.
ETAG-10635,EVT-0848,TAG-0157,V15_CURATED_GEOGRAPHY,HIGH,Culture générale V15.
ETAG-10636,EVT-0848,TAG-0154,V15_CURATED_GEOGRAPHY,HIGH,Culture générale V15.
ETAG-10642,EVT-0849,TAG-0121,V15_CURATED_SEMANTIC,HIGH,Culture générale V15.
ETAG-10643,EVT-0849,TAG-0159,V15_CURATED_GEOGRAPHY,HIGH,Culture générale V15.
ETAG-10644,EVT-0849,TAG-0154,V15_CURATED_GEOGRAPHY,HIGH,Culture générale V15.
ETAG-10650,EVT-0850,TAG-0145,V15_CURATED_SEMANTIC,HIGH,Culture générale V15.
ETAG-10651,EVT-0850,TAG-0157,V15_CURATED_GEOGRAPHY,HIGH,Culture générale V15.
ETAG-10652,EVT-0850,TAG-0154,V15_CURATED_GEOGRAPHY,HIGH,Culture générale V15.
ETAG-10658,EVT-0851,TAG-0106,V15_CURATED_SEMANTIC,HIGH,Culture générale V15.
ETAG-10659,EVT-0851,TAG-0144,V15_CURATED_SEMANTIC,HIGH,Culture générale V15.
ETAG-10660,EVT-0851,TAG-0147,V15_CURATED_SEMANTIC,HIGH,Culture générale V15.
ETAG-10661,EVT-0851,TAG-0159,V15_CURATED_GEOGRAPHY,HIGH,Culture générale V15.
ETAG-10662,EVT-0851,TAG-0154,V15_CURATED_GEOGRAPHY,HIGH,Culture générale V15.
ETAG-10668,EVT-0852,TAG-0124,V15_CURATED_SEMANTIC,HIGH,Culture générale V15.
ETAG-10669,EVT-0852,TAG-0123,V15_CURATED_SEMANTIC,HIGH,Culture générale V15.
ETAG-10670,EVT-0852,TAG-0158,V15_CURATED_GEOGRAPHY,HIGH,Culture générale V15.
ETAG-10671,EVT-0852,TAG-0154,V15_CURATED_GEOGRAPHY,HIGH,Culture générale V15.
ETAG-10677,EVT-0853,TAG-0132,V15_CURATED_SEMANTIC,HIGH,Culture générale V15.
ETAG-10678,EVT-0853,TAG-0165,V15_CURATED_GEOGRAPHY,HIGH,Culture générale V15.
ETAG-10679,EVT-0853,TAG-0186,V15_CURATED_GEOGRAPHY,HIGH,Culture générale V15.
ETAG-10685,EVT-0854,TAG-0114,V15_CURATED_SEMANTIC,HIGH,Culture générale V15.
ETAG-10686,EVT-0854,TAG-0119,V15_CURATED_SEMANTIC,HIGH,Culture générale V15.
ETAG-10687,EVT-0854,TAG-0108,V15_CURATED_SEMANTIC,HIGH,Culture générale V15.
ETAG-10688,EVT-0854,TAG-0160,V15_CURATED_GEOGRAPHY,HIGH,Culture générale V15.
ETAG-10689,EVT-0854,TAG-0154,V15_CURATED_GEOGRAPHY,HIGH,Culture générale V15.
ETAG-10695,EVT-0855,TAG-0129,V15_CURATED_SEMANTIC,HIGH,Culture générale V15.
ETAG-10696,EVT-0855,TAG-0140,V15_CURATED_SEMANTIC,HIGH,Culture générale V15.
ETAG-10697,EVT-0855,TAG-0165,V15_CURATED_GEOGRAPHY,HIGH,Culture générale V15.
ETAG-10698,EVT-0855,TAG-0186,V15_CURATED_GEOGRAPHY,HIGH,Culture générale V15.
ETAG-10704,EVT-0856,TAG-0131,V15_CURATED_SEMANTIC,HIGH,Culture générale V15.
ETAG-10705,EVT-0856,TAG-0129,V15_CURATED_SEMANTIC,HIGH,Culture générale V15.
ETAG-10706,EVT-0856,TAG-0156,V15_CURATED_GEOGRAPHY,HIGH,Culture générale V15.
ETAG-10707,EVT-0856,TAG-0153,V15_CURATED_GEOGRAPHY,HIGH,Culture générale V15.
ETAG-10713,EVT-0857,TAG-0108,V15_CURATED_SEMANTIC,HIGH,Culture générale V15.
ETAG-10714,EVT-0857,TAG-0239,V15_CURATED_GEOGRAPHY,HIGH,Culture générale V15.
ETAG-10715,EVT-0857,TAG-0171,V15_CURATED_GEOGRAPHY,HIGH,Culture générale V15.
ETAG-10721,EVT-0858,TAG-0109,V15_CURATED_SEMANTIC,HIGH,Culture générale V15.
ETAG-10722,EVT-0858,TAG-0123,V15_CURATED_SEMANTIC,HIGH,Culture générale V15.
ETAG-10723,EVT-0858,TAG-0165,V15_CURATED_GEOGRAPHY,HIGH,Culture générale V15.
ETAG-10724,EVT-0858,TAG-0186,V15_CURATED_GEOGRAPHY,HIGH,Culture générale V15.
ETAG-10730,EVT-0859,TAG-0113,V15_CURATED_SEMANTIC,HIGH,Culture générale V15.
ETAG-10731,EVT-0859,TAG-0111,V15_CURATED_SEMANTIC,HIGH,Culture générale V15.
ETAG-10732,EVT-0859,TAG-0166,V15_CURATED_GEOGRAPHY,HIGH,Culture générale V15.
ETAG-10733,EVT-0859,TAG-0180,V15_CURATED_GEOGRAPHY,HIGH,Culture générale V15.
ETAG-10739,EVT-0860,TAG-0109,V15_CURATED_SEMANTIC,HIGH,Culture générale V15.
ETAG-10740,EVT-0860,TAG-0123,V15_CURATED_SEMANTIC,HIGH,Culture générale V15.
ETAG-10741,EVT-0860,TAG-0165,V15_CURATED_GEOGRAPHY,HIGH,Culture générale V15.
ETAG-10742,EVT-0860,TAG-0186,V15_CURATED_GEOGRAPHY,HIGH,Culture générale V15.
ETAG-10748,EVT-0861,TAG-0150,V15_CURATED_CONTEXT,HIGH,Culture générale V15.
ETAG-10749,EVT-0861,TAG-0142,V15_CURATED_SEMANTIC,HIGH,Culture générale V15.
ETAG-10750,EVT-0861,TAG-0165,V15_CURATED_GEOGRAPHY,HIGH,Culture générale V15.
ETAG-10751,EVT-0861,TAG-0153,V15_CURATED_GEOGRAPHY,HIGH,Culture générale V15.
ETAG-10757,EVT-0862,TAG-0108,V15_CURATED_SEMANTIC,HIGH,Culture générale V15.
ETAG-10758,EVT-0862,TAG-0117,V15_CURATED_SEMANTIC,HIGH,Culture générale V15.
ETAG-10759,EVT-0862,TAG-0240,V15_CURATED_GEOGRAPHY,HIGH,Culture générale V15.
ETAG-10760,EVT-0862,TAG-0180,V15_CURATED_GEOGRAPHY,HIGH,Culture générale V15.
ETAG-10766,EVT-0863,TAG-0128,V15_CURATED_SEMANTIC,HIGH,Culture générale V15.
ETAG-10767,EVT-0863,TAG-0135,V15_CURATED_SEMANTIC,HIGH,Culture générale V15.
ETAG-10768,EVT-0863,TAG-0221,V15_CURATED_GEOGRAPHY,HIGH,Culture générale V15.
ETAG-10769,EVT-0863,TAG-0153,V15_CURATED_GEOGRAPHY,HIGH,Culture générale V15.
ETAG-10775,EVT-0864,TAG-0106,V15_CURATED_SEMANTIC,HIGH,Culture générale V15.
ETAG-10776,EVT-0864,TAG-0110,V15_CURATED_SEMANTIC,HIGH,Culture générale V15.
ETAG-10777,EVT-0864,TAG-0238,V15_CURATED_GEOGRAPHY,HIGH,Culture générale V15.
ETAG-10778,EVT-0864,TAG-0174,V15_CURATED_GEOGRAPHY,HIGH,Culture générale V15.
ETAG-10784,EVT-0865,TAG-0110,V15_CURATED_SEMANTIC,HIGH,Culture générale V15.
ETAG-10785,EVT-0865,TAG-0135,V15_CURATED_SEMANTIC,HIGH,Culture générale V15.
ETAG-10786,EVT-0865,TAG-0157,V15_CURATED_GEOGRAPHY,HIGH,Culture générale V15.
ETAG-10787,EVT-0865,TAG-0153,V15_CURATED_GEOGRAPHY,HIGH,Culture générale V15.
ETAG-10793,EVT-0866,TAG-0109,V15_CURATED_SEMANTIC,HIGH,Culture générale V15.
ETAG-10794,EVT-0866,TAG-0110,V15_CURATED_SEMANTIC,HIGH,Culture générale V15.
ETAG-10795,EVT-0866,TAG-0111,V15_CURATED_SEMANTIC,HIGH,Culture générale V15.
ETAG-10796,EVT-0866,TAG-0221,V15_CURATED_GEOGRAPHY,HIGH,Culture générale V15.
ETAG-10797,EVT-0866,TAG-0153,V15_CURATED_GEOGRAPHY,HIGH,Culture générale V15.
ETAG-10803,EVT-0867,TAG-0110,V15_CURATED_SEMANTIC,HIGH,Culture générale V15.
ETAG-10804,EVT-0867,TAG-0135,V15_CURATED_SEMANTIC,HIGH,Culture générale V15.
ETAG-10805,EVT-0867,TAG-0160,V15_CURATED_GEOGRAPHY,HIGH,Culture générale V15.
ETAG-10806,EVT-0867,TAG-0154,V15_CURATED_GEOGRAPHY,HIGH,Culture générale V15.
ETAG-10812,EVT-0868,TAG-0110,V15_CURATED_SEMANTIC,HIGH,Culture générale V15.
ETAG-10813,EVT-0868,TAG-0139,V15_CURATED_SEMANTIC,HIGH,Culture générale V15.
ETAG-10814,EVT-0868,TAG-0135,V15_CURATED_SEMANTIC,HIGH,Culture générale V15.
ETAG-10815,EVT-0868,TAG-0221,V15_CURATED_GEOGRAPHY,HIGH,Culture générale V15.
ETAG-10816,EVT-0868,TAG-0153,V15_CURATED_GEOGRAPHY,HIGH,Culture générale V15.
ETAG-10822,EVT-0869,TAG-0127,V15_CURATED_SEMANTIC,HIGH,Culture générale V15.
ETAG-10823,EVT-0869,TAG-0111,V15_CURATED_SEMANTIC,HIGH,Culture générale V15.
ETAG-10824,EVT-0869,TAG-0129,V15_CURATED_SEMANTIC,HIGH,Culture générale V15.
ETAG-10825,EVT-0869,TAG-0241,V15_CURATED_GEOGRAPHY,HIGH,Culture générale V15.
ETAG-10826,EVT-0869,TAG-0242,V15_CURATED_GEOGRAPHY,HIGH,Culture générale V15.
ETAG-10832,EVT-0870,TAG-0106,V15_CURATED_SEMANTIC,HIGH,Culture générale V15.
ETAG-10833,EVT-0870,TAG-0150,V15_CURATED_CONTEXT,HIGH,Culture générale V15.
ETAG-10834,EVT-0870,TAG-0164,V15_CURATED_GEOGRAPHY,HIGH,Culture générale V15.
ETAG-10835,EVT-0870,TAG-0154,V15_CURATED_GEOGRAPHY,HIGH,Culture générale V15.
ETAG-10841,EVT-0871,TAG-0127,V15_CURATED_SEMANTIC,HIGH,Culture générale V15.
ETAG-10842,EVT-0871,TAG-0128,V15_CURATED_SEMANTIC,HIGH,Culture générale V15.
ETAG-10843,EVT-0871,TAG-0158,V15_CURATED_GEOGRAPHY,HIGH,Culture générale V15.
ETAG-10844,EVT-0871,TAG-0154,V15_CURATED_GEOGRAPHY,HIGH,Culture générale V15.
ETAG-10850,EVT-0872,TAG-0131,V15_CURATED_SEMANTIC,HIGH,Culture générale V15.
ETAG-10851,EVT-0872,TAG-0145,V15_CURATED_SEMANTIC,HIGH,Culture générale V15.
ETAG-10852,EVT-0872,TAG-0243,V15_CURATED_GEOGRAPHY,HIGH,Culture générale V15.
ETAG-10853,EVT-0872,TAG-0180,V15_CURATED_GEOGRAPHY,HIGH,Culture générale V15.
ETAG-10859,EVT-0873,TAG-0114,V15_CURATED_SEMANTIC,HIGH,Culture générale V15.
ETAG-10860,EVT-0873,TAG-0111,V15_CURATED_SEMANTIC,HIGH,Culture générale V15.
ETAG-10861,EVT-0873,TAG-0150,V15_CURATED_CONTEXT,HIGH,Culture générale V15.
ETAG-10862,EVT-0873,TAG-0184,V15_CURATED_GEOGRAPHY,HIGH,Culture générale V15.
ETAG-10863,EVT-0873,TAG-0180,V15_CURATED_GEOGRAPHY,HIGH,Culture générale V15.
ETAG-10869,EVT-0874,TAG-0109,V15_CURATED_SEMANTIC,HIGH,Culture générale V15.
ETAG-10870,EVT-0874,TAG-0110,V15_CURATED_SEMANTIC,HIGH,Culture générale V15.
ETAG-10871,EVT-0874,TAG-0165,V15_CURATED_GEOGRAPHY,HIGH,Culture générale V15.
ETAG-10872,EVT-0874,TAG-0186,V15_CURATED_GEOGRAPHY,HIGH,Culture générale V15.
ETAG-10878,EVT-0875,TAG-0110,V15_CURATED_SEMANTIC,HIGH,Culture générale V15.
ETAG-10879,EVT-0875,TAG-0107,V15_CURATED_SEMANTIC,HIGH,Culture générale V15.
ETAG-10880,EVT-0875,TAG-0165,V15_CURATED_GEOGRAPHY,HIGH,Culture générale V15.
ETAG-10881,EVT-0875,TAG-0186,V15_CURATED_GEOGRAPHY,HIGH,Culture générale V15.
ETAG-10887,EVT-0876,TAG-0106,V15_CURATED_SEMANTIC,HIGH,Culture générale V15.
ETAG-10888,EVT-0876,TAG-0150,V15_CURATED_CONTEXT,HIGH,Culture générale V15.
ETAG-10889,EVT-0876,TAG-0164,V15_CURATED_GEOGRAPHY,HIGH,Culture générale V15.
ETAG-10890,EVT-0876,TAG-0154,V15_CURATED_GEOGRAPHY,HIGH,Culture générale V15.
ETAG-10896,EVT-0877,TAG-0113,V15_CURATED_SEMANTIC,HIGH,Culture générale V15.
ETAG-10897,EVT-0877,TAG-0150,V15_CURATED_CONTEXT,HIGH,Culture générale V15.
ETAG-10898,EVT-0877,TAG-0244,V15_CURATED_GEOGRAPHY,HIGH,Culture générale V15.
ETAG-10899,EVT-0877,TAG-0154,V15_CURATED_GEOGRAPHY,HIGH,Culture générale V15.
ETAG-10905,EVT-0878,TAG-0108,V15_CURATED_SEMANTIC,HIGH,Culture générale V15.
ETAG-10906,EVT-0878,TAG-0117,V15_CURATED_SEMANTIC,HIGH,Culture générale V15.
ETAG-10907,EVT-0878,TAG-0245,V15_CURATED_GEOGRAPHY,HIGH,Culture générale V15.
ETAG-10908,EVT-0878,TAG-0174,V15_CURATED_GEOGRAPHY,HIGH,Culture générale V15.
ETAG-10914,EVT-0879,TAG-0130,V15_CURATED_SEMANTIC,HIGH,Culture générale V15.
ETAG-10915,EVT-0879,TAG-0127,V15_CURATED_SEMANTIC,HIGH,Culture générale V15.
ETAG-10916,EVT-0879,TAG-0108,V15_CURATED_SEMANTIC,HIGH,Culture générale V15.
ETAG-10917,EVT-0879,TAG-0165,V15_CURATED_GEOGRAPHY,HIGH,Culture générale V15.
ETAG-10918,EVT-0879,TAG-0186,V15_CURATED_GEOGRAPHY,HIGH,Culture générale V15.
ETAG-10924,EVT-0880,TAG-0110,V15_CURATED_SEMANTIC,HIGH,Culture générale V15.
ETAG-10925,EVT-0880,TAG-0137,V15_CURATED_SEMANTIC,HIGH,Culture générale V15.
ETAG-10926,EVT-0880,TAG-0238,V15_CURATED_GEOGRAPHY,HIGH,Culture générale V15.
ETAG-10927,EVT-0880,TAG-0174,V15_CURATED_GEOGRAPHY,HIGH,Culture générale V15.
ETAG-10933,EVT-0881,TAG-0108,V15_CURATED_SEMANTIC,HIGH,Culture générale V15.
ETAG-10934,EVT-0881,TAG-0117,V15_CURATED_SEMANTIC,HIGH,Culture générale V15.
ETAG-10935,EVT-0881,TAG-0233,V15_CURATED_GEOGRAPHY,HIGH,Culture générale V15.
ETAG-10936,EVT-0881,TAG-0174,V15_CURATED_GEOGRAPHY,HIGH,Culture générale V15.
ETAG-10942,EVT-0882,TAG-0119,V15_CURATED_SEMANTIC,HIGH,Culture générale V15.
ETAG-10943,EVT-0882,TAG-0120,V15_CURATED_SEMANTIC,HIGH,Culture générale V15.
ETAG-10944,EVT-0882,TAG-0160,V15_CURATED_GEOGRAPHY,HIGH,Culture générale V15.
ETAG-10945,EVT-0882,TAG-0154,V15_CURATED_GEOGRAPHY,HIGH,Culture générale V15.
ETAG-10951,EVT-0883,TAG-0114,V15_CURATED_SEMANTIC,HIGH,Culture générale V15.
ETAG-10952,EVT-0883,TAG-0111,V15_CURATED_SEMANTIC,HIGH,Culture générale V15.
ETAG-10953,EVT-0883,TAG-0150,V15_CURATED_CONTEXT,HIGH,Culture générale V15.
ETAG-10954,EVT-0883,TAG-0164,V15_CURATED_GEOGRAPHY,HIGH,Culture générale V15.
ETAG-10955,EVT-0883,TAG-0165,V15_CURATED_GEOGRAPHY,HIGH,Culture générale V15.
ETAG-10956,EVT-0883,TAG-0153,V15_CURATED_GEOGRAPHY,HIGH,Culture générale V15.
ETAG-10962,EVT-0884,TAG-0110,V15_CURATED_SEMANTIC,HIGH,Culture générale V15.
ETAG-10963,EVT-0884,TAG-0107,V15_CURATED_SEMANTIC,HIGH,Culture générale V15.
ETAG-10964,EVT-0884,TAG-0165,V15_CURATED_GEOGRAPHY,HIGH,Culture générale V15.
ETAG-10965,EVT-0884,TAG-0186,V15_CURATED_GEOGRAPHY,HIGH,Culture générale V15.
ETAG-10971,EVT-0885,TAG-0109,V15_CURATED_SEMANTIC,HIGH,Culture générale V15.
ETAG-10972,EVT-0885,TAG-0110,V15_CURATED_SEMANTIC,HIGH,Culture générale V15.
ETAG-10973,EVT-0885,TAG-0165,V15_CURATED_GEOGRAPHY,HIGH,Culture générale V15.
ETAG-10974,EVT-0885,TAG-0186,V15_CURATED_GEOGRAPHY,HIGH,Culture générale V15.
ETAG-10980,EVT-0886,TAG-0109,V15_CURATED_SEMANTIC,HIGH,Culture générale V15.
ETAG-10981,EVT-0886,TAG-0110,V15_CURATED_SEMANTIC,HIGH,Culture générale V15.
ETAG-10982,EVT-0886,TAG-0107,V15_CURATED_SEMANTIC,HIGH,Culture générale V15.
ETAG-10983,EVT-0886,TAG-0165,V15_CURATED_GEOGRAPHY,HIGH,Culture générale V15.
ETAG-10984,EVT-0886,TAG-0186,V15_CURATED_GEOGRAPHY,HIGH,Culture générale V15.
ETAG-10990,EVT-0887,TAG-0108,V15_CURATED_SEMANTIC,HIGH,Culture générale V15.
ETAG-10991,EVT-0887,TAG-0117,V15_CURATED_SEMANTIC,HIGH,Culture générale V15.
ETAG-10992,EVT-0887,TAG-0246,V15_CURATED_GEOGRAPHY,HIGH,Culture générale V15.
ETAG-10993,EVT-0887,TAG-0180,V15_CURATED_GEOGRAPHY,HIGH,Culture générale V15.
ETAG-10999,EVT-0888,TAG-0113,V15_CURATED_SEMANTIC,HIGH,Culture générale V15.
ETAG-11000,EVT-0888,TAG-0106,V15_CURATED_SEMANTIC,HIGH,Culture générale V15.
ETAG-11001,EVT-0888,TAG-0166,V15_CURATED_GEOGRAPHY,HIGH,Culture générale V15.
ETAG-11002,EVT-0888,TAG-0180,V15_CURATED_GEOGRAPHY,HIGH,Culture générale V15.
ETAG-11008,EVT-0889,TAG-0111,V15_CURATED_SEMANTIC,HIGH,Culture générale V15.
ETAG-11009,EVT-0889,TAG-0142,V15_CURATED_SEMANTIC,HIGH,Culture générale V15.
ETAG-11010,EVT-0889,TAG-0172,V15_CURATED_GEOGRAPHY,HIGH,Culture générale V15.
ETAG-11011,EVT-0889,TAG-0171,V15_CURATED_GEOGRAPHY,HIGH,Culture générale V15.
ETAG-11017,EVT-0890,TAG-0128,V15_CURATED_SEMANTIC,HIGH,Culture générale V15.
ETAG-11018,EVT-0890,TAG-0127,V15_CURATED_SEMANTIC,HIGH,Culture générale V15.
ETAG-11019,EVT-0890,TAG-0238,V15_CURATED_GEOGRAPHY,HIGH,Culture générale V15.
ETAG-11020,EVT-0890,TAG-0174,V15_CURATED_GEOGRAPHY,HIGH,Culture générale V15.
ETAG-11026,EVT-0891,TAG-0111,V15_CURATED_SEMANTIC,HIGH,Culture générale V15.
ETAG-11027,EVT-0891,TAG-0150,V15_CURATED_CONTEXT,HIGH,Culture générale V15.
ETAG-11028,EVT-0891,TAG-0183,V15_CURATED_GEOGRAPHY,HIGH,Culture générale V15.
ETAG-11029,EVT-0891,TAG-0180,V15_CURATED_GEOGRAPHY,HIGH,Culture générale V15.
ETAG-11035,EVT-0892,TAG-0110,V15_CURATED_SEMANTIC,HIGH,Culture générale V15.
ETAG-11036,EVT-0892,TAG-0106,V15_CURATED_SEMANTIC,HIGH,Culture générale V15.
ETAG-11037,EVT-0892,TAG-0165,V15_CURATED_GEOGRAPHY,HIGH,Culture générale V15.
ETAG-11038,EVT-0892,TAG-0186,V15_CURATED_GEOGRAPHY,HIGH,Culture générale V15.
ETAG-11044,EVT-0893,TAG-0130,V15_CURATED_SEMANTIC,HIGH,Culture générale V15.
ETAG-11045,EVT-0893,TAG-0127,V15_CURATED_SEMANTIC,HIGH,Culture générale V15.
ETAG-11046,EVT-0893,TAG-0153,V15_CURATED_GEOGRAPHY,HIGH,Culture générale V15.
ETAG-11052,EVT-0894,TAG-0132,V15_CURATED_SEMANTIC,HIGH,Culture générale V15.
ETAG-11053,EVT-0894,TAG-0123,V15_CURATED_SEMANTIC,HIGH,Culture générale V15.
ETAG-11054,EVT-0894,TAG-0165,V15_CURATED_GEOGRAPHY,HIGH,Culture générale V15.
ETAG-11055,EVT-0894,TAG-0186,V15_CURATED_GEOGRAPHY,HIGH,Culture générale V15.
ETAG-11061,EVT-0895,TAG-0129,V15_CURATED_SEMANTIC,HIGH,Culture générale V15.
ETAG-11062,EVT-0895,TAG-0133,V15_CURATED_SEMANTIC,HIGH,Culture générale V15.
ETAG-11063,EVT-0895,TAG-0165,V15_CURATED_GEOGRAPHY,HIGH,Culture générale V15.
ETAG-11064,EVT-0895,TAG-0186,V15_CURATED_GEOGRAPHY,HIGH,Culture générale V15.
ETAG-11070,EVT-0896,TAG-0108,V15_CURATED_SEMANTIC,HIGH,Culture générale V15.
ETAG-11071,EVT-0896,TAG-0117,V15_CURATED_SEMANTIC,HIGH,Culture générale V15.
ETAG-11072,EVT-0896,TAG-0247,V15_CURATED_GEOGRAPHY,HIGH,Culture générale V15.
ETAG-11073,EVT-0896,TAG-0180,V15_CURATED_GEOGRAPHY,HIGH,Culture générale V15.
ETAG-11079,EVT-0897,TAG-0121,V15_CURATED_SEMANTIC,HIGH,Culture générale V15.
ETAG-11080,EVT-0897,TAG-0142,V15_CURATED_SEMANTIC,HIGH,Culture générale V15.
ETAG-11081,EVT-0897,TAG-0165,V15_CURATED_GEOGRAPHY,HIGH,Culture générale V15.
ETAG-11082,EVT-0897,TAG-0153,V15_CURATED_GEOGRAPHY,HIGH,Culture générale V15.
ETAG-11088,EVT-0898,TAG-0135,V15_CURATED_SEMANTIC,HIGH,Culture générale V15.
ETAG-11089,EVT-0898,TAG-0142,V15_CURATED_SEMANTIC,HIGH,Culture générale V15.
ETAG-11090,EVT-0898,TAG-0166,V15_CURATED_GEOGRAPHY,HIGH,Culture générale V15.
ETAG-11091,EVT-0898,TAG-0153,V15_CURATED_GEOGRAPHY,HIGH,Culture générale V15.
ETAG-11097,EVT-0899,TAG-0129,V15_CURATED_SEMANTIC,HIGH,Culture générale V15.
ETAG-11098,EVT-0899,TAG-0127,V15_CURATED_SEMANTIC,HIGH,Culture générale V15.
ETAG-11099,EVT-0899,TAG-0165,V15_CURATED_GEOGRAPHY,HIGH,Culture générale V15.
ETAG-11100,EVT-0899,TAG-0186,V15_CURATED_GEOGRAPHY,HIGH,Culture générale V15.
ETAG-11106,EVT-0900,TAG-0114,V15_CURATED_SEMANTIC,HIGH,Culture générale V15.
ETAG-11107,EVT-0900,TAG-0150,V15_CURATED_CONTEXT,HIGH,Culture générale V15.
ETAG-11108,EVT-0900,TAG-0166,V15_CURATED_GEOGRAPHY,HIGH,Culture générale V15.
ETAG-11109,EVT-0900,TAG-0165,V15_CURATED_GEOGRAPHY,HIGH,Culture générale V15.
ETAG-11110,EVT-0900,TAG-0180,V15_CURATED_GEOGRAPHY,HIGH,Culture générale V15.
ETAG-11116,EVT-0901,TAG-0106,V15_CURATED_SEMANTIC,HIGH,Culture générale V15.
ETAG-11117,EVT-0901,TAG-0109,V15_CURATED_SEMANTIC,HIGH,Culture générale V15.
ETAG-11118,EVT-0901,TAG-0165,V15_CURATED_GEOGRAPHY,HIGH,Culture générale V15.
ETAG-11119,EVT-0901,TAG-0186,V15_CURATED_GEOGRAPHY,HIGH,Culture générale V15.
ETAG-11125,EVT-0902,TAG-0209,V15_CURATED_SEMANTIC,HIGH,Culture générale V15.
ETAG-11126,EVT-0902,TAG-0145,V15_CURATED_SEMANTIC,HIGH,Culture générale V15.
ETAG-11127,EVT-0902,TAG-0137,V15_CURATED_SEMANTIC,HIGH,Culture générale V15.
ETAG-11128,EVT-0902,TAG-0159,V15_CURATED_GEOGRAPHY,HIGH,Culture générale V15.
ETAG-11129,EVT-0902,TAG-0154,V15_CURATED_GEOGRAPHY,HIGH,Culture générale V15.
ETAG-11135,EVT-0903,TAG-0109,V15_CURATED_SEMANTIC,HIGH,Culture générale V15.
ETAG-11136,EVT-0903,TAG-0110,V15_CURATED_SEMANTIC,HIGH,Culture générale V15.
ETAG-11137,EVT-0903,TAG-0165,V15_CURATED_GEOGRAPHY,HIGH,Culture générale V15.
ETAG-11138,EVT-0903,TAG-0186,V15_CURATED_GEOGRAPHY,HIGH,Culture générale V15.
ETAG-11144,EVT-0904,TAG-0111,V15_CURATED_SEMANTIC,HIGH,Culture générale V15.
ETAG-11145,EVT-0904,TAG-0142,V15_CURATED_SEMANTIC,HIGH,Culture générale V15.
ETAG-11146,EVT-0904,TAG-0172,V15_CURATED_GEOGRAPHY,HIGH,Culture générale V15.
ETAG-11147,EVT-0904,TAG-0171,V15_CURATED_GEOGRAPHY,HIGH,Culture générale V15.
ETAG-11153,EVT-0905,TAG-0121,V15_CURATED_SEMANTIC,HIGH,Culture générale V15.
ETAG-11154,EVT-0905,TAG-0142,V15_CURATED_SEMANTIC,HIGH,Culture générale V15.
ETAG-11155,EVT-0905,TAG-0171,V15_CURATED_GEOGRAPHY,HIGH,Culture générale V15.
ETAG-11156,EVT-0905,TAG-0153,V15_CURATED_GEOGRAPHY,HIGH,Culture générale V15.
ETAG-11162,EVT-0906,TAG-0106,V15_CURATED_SEMANTIC,HIGH,Culture générale V15.
ETAG-11163,EVT-0906,TAG-0109,V15_CURATED_SEMANTIC,HIGH,Culture générale V15.
ETAG-11164,EVT-0906,TAG-0165,V15_CURATED_GEOGRAPHY,HIGH,Culture générale V15.
ETAG-11165,EVT-0906,TAG-0186,V15_CURATED_GEOGRAPHY,HIGH,Culture générale V15.
ETAG-11171,EVT-0907,TAG-0129,V15_CURATED_SEMANTIC,HIGH,Culture générale V15.
ETAG-11172,EVT-0907,TAG-0121,V15_CURATED_SEMANTIC,HIGH,Culture générale V15.
ETAG-11173,EVT-0907,TAG-0165,V15_CURATED_GEOGRAPHY,HIGH,Culture générale V15.
ETAG-11174,EVT-0907,TAG-0186,V15_CURATED_GEOGRAPHY,HIGH,Culture générale V15.
ETAG-11180,EVT-0908,TAG-0111,V15_CURATED_SEMANTIC,HIGH,Culture générale V15.
ETAG-11181,EVT-0908,TAG-0150,V15_CURATED_CONTEXT,HIGH,Culture générale V15.
ETAG-11182,EVT-0908,TAG-0117,V15_CURATED_SEMANTIC,HIGH,Culture générale V15.
ETAG-11183,EVT-0908,TAG-0183,V15_CURATED_GEOGRAPHY,HIGH,Culture générale V15.
ETAG-11184,EVT-0908,TAG-0180,V15_CURATED_GEOGRAPHY,HIGH,Culture générale V15.
ETAG-11190,EVT-0909,TAG-0129,V15_CURATED_SEMANTIC,HIGH,Culture générale V15.
ETAG-11191,EVT-0909,TAG-0121,V15_CURATED_SEMANTIC,HIGH,Culture générale V15.
ETAG-11192,EVT-0909,TAG-0165,V15_CURATED_GEOGRAPHY,HIGH,Culture générale V15.
ETAG-11193,EVT-0909,TAG-0186,V15_CURATED_GEOGRAPHY,HIGH,Culture générale V15.
ETAG-11199,EVT-0910,TAG-0110,V15_CURATED_SEMANTIC,HIGH,Culture générale V15.
ETAG-11200,EVT-0910,TAG-0113,V15_CURATED_SEMANTIC,HIGH,Culture générale V15.
ETAG-11201,EVT-0910,TAG-0238,V15_CURATED_GEOGRAPHY,HIGH,Culture générale V15.
ETAG-11202,EVT-0910,TAG-0174,V15_CURATED_GEOGRAPHY,HIGH,Culture générale V15.
ETAG-11208,EVT-0911,TAG-0132,V15_CURATED_SEMANTIC,HIGH,Culture générale V15.
ETAG-11209,EVT-0911,TAG-0165,V15_CURATED_GEOGRAPHY,HIGH,Culture générale V15.
ETAG-11210,EVT-0911,TAG-0153,V15_CURATED_GEOGRAPHY,HIGH,Culture générale V15.
ETAG-11216,EVT-0912,TAG-0130,V15_CURATED_SEMANTIC,HIGH,Culture générale V15.
ETAG-11217,EVT-0912,TAG-0127,V15_CURATED_SEMANTIC,HIGH,Culture générale V15.
ETAG-11218,EVT-0912,TAG-0165,V15_CURATED_GEOGRAPHY,HIGH,Culture générale V15.
ETAG-11219,EVT-0912,TAG-0153,V15_CURATED_GEOGRAPHY,HIGH,Culture générale V15.
ETAG-11225,EVT-0913,TAG-0128,V15_CURATED_SEMANTIC,HIGH,Culture générale V15.
ETAG-11226,EVT-0913,TAG-0127,V15_CURATED_SEMANTIC,HIGH,Culture générale V15.
ETAG-11227,EVT-0913,TAG-0158,V15_CURATED_GEOGRAPHY,HIGH,Culture générale V15.
ETAG-11228,EVT-0913,TAG-0154,V15_CURATED_GEOGRAPHY,HIGH,Culture générale V15.
ETAG-11234,EVT-0914,TAG-0114,V15_CURATED_SEMANTIC,HIGH,Culture générale V15.
ETAG-11235,EVT-0914,TAG-0142,V15_CURATED_SEMANTIC,HIGH,Culture générale V15.
ETAG-11236,EVT-0914,TAG-0165,V15_CURATED_GEOGRAPHY,HIGH,Culture générale V15.
ETAG-11237,EVT-0914,TAG-0171,V15_CURATED_GEOGRAPHY,HIGH,Culture générale V15.
ETAG-11243,EVT-0915,TAG-0111,V15_CURATED_SEMANTIC,HIGH,Culture générale V15.
ETAG-11244,EVT-0915,TAG-0142,V15_CURATED_SEMANTIC,HIGH,Culture générale V15.
ETAG-11245,EVT-0915,TAG-0202,V15_CURATED_GEOGRAPHY,HIGH,Culture générale V15.
ETAG-11246,EVT-0915,TAG-0173,V15_CURATED_GEOGRAPHY,HIGH,Culture générale V15.
ETAG-11247,EVT-0915,TAG-0171,V15_CURATED_GEOGRAPHY,HIGH,Culture générale V15.
ETAG-11253,EVT-0916,TAG-0130,V15_CURATED_SEMANTIC,HIGH,Culture générale V15.
ETAG-11254,EVT-0916,TAG-0127,V15_CURATED_SEMANTIC,HIGH,Culture générale V15.
ETAG-11255,EVT-0916,TAG-0165,V15_CURATED_GEOGRAPHY,HIGH,Culture générale V15.
ETAG-11256,EVT-0916,TAG-0153,V15_CURATED_GEOGRAPHY,HIGH,Culture générale V15.
ETAG-11262,EVT-0917,TAG-0129,V15_CURATED_SEMANTIC,HIGH,Culture générale V15.
ETAG-11263,EVT-0917,TAG-0121,V15_CURATED_SEMANTIC,HIGH,Culture générale V15.
ETAG-11264,EVT-0917,TAG-0165,V15_CURATED_GEOGRAPHY,HIGH,Culture générale V15.
ETAG-11265,EVT-0917,TAG-0186,V15_CURATED_GEOGRAPHY,HIGH,Culture générale V15.
ETAG-11271,EVT-0918,TAG-0111,V15_CURATED_SEMANTIC,HIGH,Culture générale V15.
ETAG-11272,EVT-0918,TAG-0142,V15_CURATED_SEMANTIC,HIGH,Culture générale V15.
ETAG-11273,EVT-0918,TAG-0230,V15_CURATED_GEOGRAPHY,HIGH,Culture générale V15.
ETAG-11274,EVT-0918,TAG-0158,V15_CURATED_GEOGRAPHY,HIGH,Culture générale V15.
ETAG-11275,EVT-0918,TAG-0156,V15_CURATED_GEOGRAPHY,HIGH,Culture générale V15.
ETAG-11281,EVT-0919,TAG-0132,V15_CURATED_SEMANTIC,HIGH,Culture générale V15.
ETAG-11282,EVT-0919,TAG-0165,V15_CURATED_GEOGRAPHY,HIGH,Culture générale V15.
ETAG-11283,EVT-0919,TAG-0153,V15_CURATED_GEOGRAPHY,HIGH,Culture générale V15.
ETAG-11289,EVT-0920,TAG-0129,V15_CURATED_SEMANTIC,HIGH,Culture générale V15.
ETAG-11290,EVT-0920,TAG-0133,V15_CURATED_SEMANTIC,HIGH,Culture générale V15.
ETAG-11291,EVT-0920,TAG-0165,V15_CURATED_GEOGRAPHY,HIGH,Culture générale V15.
ETAG-11292,EVT-0920,TAG-0153,V15_CURATED_GEOGRAPHY,HIGH,Culture générale V15.
ETAG-11298,EVT-0921,TAG-0129,V15_CURATED_SEMANTIC,HIGH,Culture générale V15.
ETAG-11299,EVT-0921,TAG-0121,V15_CURATED_SEMANTIC,HIGH,Culture générale V15.
ETAG-11300,EVT-0921,TAG-0165,V15_CURATED_GEOGRAPHY,HIGH,Culture générale V15.
ETAG-11301,EVT-0921,TAG-0153,V15_CURATED_GEOGRAPHY,HIGH,Culture générale V15.
ETAG-11307,EVT-0922,TAG-0134,V15_CURATED_SEMANTIC,HIGH,Culture générale V15.
ETAG-11308,EVT-0922,TAG-0122,V15_CURATED_SEMANTIC,HIGH,Culture générale V15.
ETAG-11309,EVT-0922,TAG-0168,V15_CURATED_GEOGRAPHY,HIGH,Culture générale V15.
ETAG-11310,EVT-0922,TAG-0180,V15_CURATED_GEOGRAPHY,HIGH,Culture générale V15.
ETAG-11316,EVT-0923,TAG-0106,V15_CURATED_SEMANTIC,HIGH,Culture générale V15.
ETAG-11317,EVT-0923,TAG-0150,V15_CURATED_CONTEXT,HIGH,Culture générale V15.
ETAG-11318,EVT-0923,TAG-0164,V15_CURATED_GEOGRAPHY,HIGH,Culture générale V15.
ETAG-11319,EVT-0923,TAG-0154,V15_CURATED_GEOGRAPHY,HIGH,Culture générale V15.
ETAG-11325,EVT-0924,TAG-0130,V15_CURATED_SEMANTIC,HIGH,Culture générale V15.
ETAG-11326,EVT-0924,TAG-0127,V15_CURATED_SEMANTIC,HIGH,Culture générale V15.
ETAG-11327,EVT-0924,TAG-0165,V15_CURATED_GEOGRAPHY,HIGH,Culture générale V15.
ETAG-11328,EVT-0924,TAG-0153,V15_CURATED_GEOGRAPHY,HIGH,Culture générale V15.
ETAG-11334,EVT-0925,TAG-0114,V15_CURATED_SEMANTIC,HIGH,Culture générale V15.
ETAG-11335,EVT-0925,TAG-0150,V15_CURATED_CONTEXT,HIGH,Culture générale V15.
ETAG-11336,EVT-0925,TAG-0165,V15_CURATED_GEOGRAPHY,HIGH,Culture générale V15.
ETAG-11337,EVT-0925,TAG-0164,V15_CURATED_GEOGRAPHY,HIGH,Culture générale V15.
ETAG-11338,EVT-0925,TAG-0153,V15_CURATED_GEOGRAPHY,HIGH,Culture générale V15.
ETAG-11344,EVT-0926,TAG-0113,V15_CURATED_SEMANTIC,HIGH,Culture générale V15.
ETAG-11345,EVT-0926,TAG-0150,V15_CURATED_CONTEXT,HIGH,Culture générale V15.
ETAG-11346,EVT-0926,TAG-0218,V15_CURATED_GEOGRAPHY,HIGH,Culture générale V15.
ETAG-11347,EVT-0926,TAG-0154,V15_CURATED_GEOGRAPHY,HIGH,Culture générale V15.
ETAG-11353,EVT-0927,TAG-0113,V15_CURATED_SEMANTIC,HIGH,Culture générale V15.
ETAG-11354,EVT-0927,TAG-0150,V15_CURATED_CONTEXT,HIGH,Culture générale V15.
ETAG-11355,EVT-0927,TAG-0248,V15_CURATED_GEOGRAPHY,HIGH,Culture générale V15.
ETAG-11356,EVT-0927,TAG-0154,V15_CURATED_GEOGRAPHY,HIGH,Culture générale V15.
ETAG-11362,EVT-0928,TAG-0129,V15_CURATED_SEMANTIC,HIGH,Culture générale V15.
ETAG-11363,EVT-0928,TAG-0133,V15_CURATED_SEMANTIC,HIGH,Culture générale V15.
ETAG-11364,EVT-0928,TAG-0221,V15_CURATED_GEOGRAPHY,HIGH,Culture générale V15.
ETAG-11365,EVT-0928,TAG-0153,V15_CURATED_GEOGRAPHY,HIGH,Culture générale V15.
ETAG-11371,EVT-0929,TAG-0111,V15_CURATED_SEMANTIC,HIGH,Culture générale V15.
ETAG-11372,EVT-0929,TAG-0142,V15_CURATED_SEMANTIC,HIGH,Culture générale V15.
ETAG-11373,EVT-0929,TAG-0173,V15_CURATED_GEOGRAPHY,HIGH,Culture générale V15.
ETAG-11374,EVT-0929,TAG-0171,V15_CURATED_GEOGRAPHY,HIGH,Culture générale V15.
ETAG-11380,EVT-0930,TAG-0108,V15_CURATED_SEMANTIC,HIGH,Culture générale V15.
ETAG-11381,EVT-0930,TAG-0205,V15_CURATED_GEOGRAPHY,HIGH,Culture générale V15.
ETAG-11382,EVT-0930,TAG-0154,V15_CURATED_GEOGRAPHY,HIGH,Culture générale V15.
ETAG-11388,EVT-0931,TAG-0108,V15_CURATED_SEMANTIC,HIGH,Culture générale V15.
ETAG-11389,EVT-0931,TAG-0111,V15_CURATED_SEMANTIC,HIGH,Culture générale V15.
ETAG-11390,EVT-0931,TAG-0189,V15_CURATED_GEOGRAPHY,HIGH,Culture générale V15.
ETAG-11391,EVT-0931,TAG-0154,V15_CURATED_GEOGRAPHY,HIGH,Culture générale V15.
ETAG-11397,EVT-0932,TAG-0114,V15_CURATED_SEMANTIC,HIGH,Culture générale V15.
ETAG-11398,EVT-0932,TAG-0142,V15_CURATED_SEMANTIC,HIGH,Culture générale V15.
ETAG-11399,EVT-0932,TAG-0165,V15_CURATED_GEOGRAPHY,HIGH,Culture générale V15.
ETAG-11400,EVT-0932,TAG-0172,V15_CURATED_GEOGRAPHY,HIGH,Culture générale V15.
ETAG-11401,EVT-0932,TAG-0171,V15_CURATED_GEOGRAPHY,HIGH,Culture générale V15.
ETAG-11407,EVT-0933,TAG-0110,V15_CURATED_SEMANTIC,HIGH,Culture générale V15.
ETAG-11408,EVT-0933,TAG-0107,V15_CURATED_SEMANTIC,HIGH,Culture générale V15.
ETAG-11409,EVT-0933,TAG-0106,V15_CURATED_SEMANTIC,HIGH,Culture générale V15.
ETAG-11410,EVT-0933,TAG-0238,V15_CURATED_GEOGRAPHY,HIGH,Culture générale V15.
ETAG-11411,EVT-0933,TAG-0174,V15_CURATED_GEOGRAPHY,HIGH,Culture générale V15.
ETAG-11417,EVT-0934,TAG-0121,V15_CURATED_SEMANTIC,HIGH,Culture générale V15.
ETAG-11418,EVT-0934,TAG-0135,V15_CURATED_SEMANTIC,HIGH,Culture générale V15.
ETAG-11419,EVT-0934,TAG-0221,V15_CURATED_GEOGRAPHY,HIGH,Culture générale V15.
ETAG-11420,EVT-0934,TAG-0153,V15_CURATED_GEOGRAPHY,HIGH,Culture générale V15.
ETAG-11426,EVT-0935,TAG-0137,V15_CURATED_SEMANTIC,HIGH,Culture générale V15.
ETAG-11427,EVT-0935,TAG-0111,V15_CURATED_SEMANTIC,HIGH,Culture générale V15.
ETAG-11428,EVT-0935,TAG-0189,V15_CURATED_GEOGRAPHY,HIGH,Culture générale V15.
ETAG-11429,EVT-0935,TAG-0154,V15_CURATED_GEOGRAPHY,HIGH,Culture générale V15.
ETAG-11435,EVT-0936,TAG-0114,V15_CURATED_SEMANTIC,HIGH,Culture générale V15.
ETAG-11436,EVT-0936,TAG-0111,V15_CURATED_SEMANTIC,HIGH,Culture générale V15.
ETAG-11437,EVT-0936,TAG-0157,V15_CURATED_GEOGRAPHY,HIGH,Culture générale V15.
ETAG-11438,EVT-0936,TAG-0189,V15_CURATED_GEOGRAPHY,HIGH,Culture générale V15.
ETAG-11439,EVT-0936,TAG-0154,V15_CURATED_GEOGRAPHY,HIGH,Culture générale V15.
ETAG-11445,EVT-0937,TAG-0127,V15_CURATED_SEMANTIC,HIGH,Culture générale V15.
ETAG-11446,EVT-0937,TAG-0128,V15_CURATED_SEMANTIC,HIGH,Culture générale V15.
ETAG-11447,EVT-0937,TAG-0158,V15_CURATED_GEOGRAPHY,HIGH,Culture générale V15.
ETAG-11448,EVT-0937,TAG-0154,V15_CURATED_GEOGRAPHY,HIGH,Culture générale V15.
ETAG-11454,EVT-0938,TAG-0111,V15_CURATED_SEMANTIC,HIGH,Culture générale V15.
ETAG-11455,EVT-0938,TAG-0106,V15_CURATED_SEMANTIC,HIGH,Culture générale V15.
ETAG-11456,EVT-0938,TAG-0203,V15_CURATED_GEOGRAPHY,HIGH,Culture générale V15.
ETAG-11457,EVT-0938,TAG-0180,V15_CURATED_GEOGRAPHY,HIGH,Culture générale V15.
ETAG-11463,EVT-0939,TAG-0114,V15_CURATED_SEMANTIC,HIGH,Culture générale V15.
ETAG-11464,EVT-0939,TAG-0108,V15_CURATED_SEMANTIC,HIGH,Culture générale V15.
ETAG-11465,EVT-0939,TAG-0166,V15_CURATED_GEOGRAPHY,HIGH,Culture générale V15.
ETAG-11466,EVT-0939,TAG-0180,V15_CURATED_GEOGRAPHY,HIGH,Culture générale V15.
ETAG-11472,EVT-0940,TAG-0114,V15_CURATED_SEMANTIC,HIGH,Culture générale V15.
ETAG-11473,EVT-0940,TAG-0110,V15_CURATED_SEMANTIC,HIGH,Culture générale V15.
ETAG-11474,EVT-0940,TAG-0199,V15_CURATED_GEOGRAPHY,HIGH,Culture générale V15.
ETAG-11475,EVT-0940,TAG-0154,V15_CURATED_GEOGRAPHY,HIGH,Culture générale V15.
ETAG-11481,EVT-0941,TAG-0145,V15_CURATED_SEMANTIC,HIGH,Culture générale V15.
ETAG-11482,EVT-0941,TAG-0157,V15_CURATED_GEOGRAPHY,HIGH,Culture générale V15.
ETAG-11483,EVT-0941,TAG-0153,V15_CURATED_GEOGRAPHY,HIGH,Culture générale V15.
ETAG-11489,EVT-0942,TAG-0109,V15_CURATED_SEMANTIC,HIGH,Culture générale V15.
ETAG-11490,EVT-0942,TAG-0135,V15_CURATED_SEMANTIC,HIGH,Culture générale V15.
ETAG-11491,EVT-0942,TAG-0160,V15_CURATED_GEOGRAPHY,HIGH,Culture générale V15.
ETAG-11492,EVT-0942,TAG-0153,V15_CURATED_GEOGRAPHY,HIGH,Culture générale V15.
ETAG-11498,EVT-0943,TAG-0129,V15_CURATED_SEMANTIC,HIGH,Culture générale V15.
ETAG-11499,EVT-0943,TAG-0121,V15_CURATED_SEMANTIC,HIGH,Culture générale V15.
ETAG-11500,EVT-0943,TAG-0165,V15_CURATED_GEOGRAPHY,HIGH,Culture générale V15.
ETAG-11501,EVT-0943,TAG-0153,V15_CURATED_GEOGRAPHY,HIGH,Culture générale V15.
ETAG-11507,EVT-0944,TAG-0121,V15_CURATED_SEMANTIC,HIGH,Culture générale V15.
ETAG-11508,EVT-0944,TAG-0136,V15_CURATED_SEMANTIC,HIGH,Culture générale V15.
ETAG-11509,EVT-0944,TAG-0154,V15_CURATED_GEOGRAPHY,HIGH,Culture générale V15.
ETAG-11515,EVT-0945,TAG-0111,V15_CURATED_SEMANTIC,HIGH,Culture générale V15.
ETAG-11516,EVT-0945,TAG-0142,V15_CURATED_SEMANTIC,HIGH,Culture générale V15.
ETAG-11517,EVT-0945,TAG-0189,V15_CURATED_GEOGRAPHY,HIGH,Culture générale V15.
ETAG-11518,EVT-0945,TAG-0154,V15_CURATED_GEOGRAPHY,HIGH,Culture générale V15.
ETAG-11524,EVT-0946,TAG-0135,V15_CURATED_SEMANTIC,HIGH,Culture générale V15.
ETAG-11525,EVT-0946,TAG-0114,V15_CURATED_SEMANTIC,HIGH,Culture générale V15.
ETAG-11526,EVT-0946,TAG-0158,V15_CURATED_GEOGRAPHY,HIGH,Culture générale V15.
ETAG-11527,EVT-0946,TAG-0153,V15_CURATED_GEOGRAPHY,HIGH,Culture générale V15.
ETAG-11533,EVT-0947,TAG-0108,V15_CURATED_SEMANTIC,HIGH,Culture générale V15.
ETAG-11534,EVT-0947,TAG-0117,V15_CURATED_SEMANTIC,HIGH,Culture générale V15.
ETAG-11535,EVT-0947,TAG-0249,V15_CURATED_GEOGRAPHY,HIGH,Culture générale V15.
ETAG-11536,EVT-0947,TAG-0180,V15_CURATED_GEOGRAPHY,HIGH,Culture générale V15.
ETAG-11542,EVT-0948,TAG-0121,V15_CURATED_SEMANTIC,HIGH,Culture générale V15.
ETAG-11543,EVT-0948,TAG-0114,V15_CURATED_SEMANTIC,HIGH,Culture générale V15.
ETAG-11544,EVT-0948,TAG-0221,V15_CURATED_GEOGRAPHY,HIGH,Culture générale V15.
ETAG-11545,EVT-0948,TAG-0153,V15_CURATED_GEOGRAPHY,HIGH,Culture générale V15.
ETAG-11551,EVT-0949,TAG-0135,V15_CURATED_SEMANTIC,HIGH,Culture générale V15.
ETAG-11552,EVT-0949,TAG-0110,V15_CURATED_SEMANTIC,HIGH,Culture générale V15.
ETAG-11553,EVT-0949,TAG-0158,V15_CURATED_GEOGRAPHY,HIGH,Culture générale V15.
ETAG-11554,EVT-0949,TAG-0154,V15_CURATED_GEOGRAPHY,HIGH,Culture générale V15.
ETAG-11560,EVT-0950,TAG-0114,V15_CURATED_SEMANTIC,HIGH,Culture générale V15.
ETAG-11561,EVT-0950,TAG-0111,V15_CURATED_SEMANTIC,HIGH,Culture générale V15.
ETAG-11562,EVT-0950,TAG-0165,V15_CURATED_GEOGRAPHY,HIGH,Culture générale V15.
ETAG-11563,EVT-0950,TAG-0167,V15_CURATED_GEOGRAPHY,HIGH,Culture générale V15.
ETAG-11564,EVT-0950,TAG-0180,V15_CURATED_GEOGRAPHY,HIGH,Culture générale V15.
ETAG-11570,EVT-0951,TAG-0106,V15_CURATED_SEMANTIC,HIGH,Culture générale V15.
ETAG-11571,EVT-0951,TAG-0158,V15_CURATED_GEOGRAPHY,HIGH,Culture générale V15.
ETAG-11572,EVT-0951,TAG-0154,V15_CURATED_GEOGRAPHY,HIGH,Culture générale V15.
ETAG-11578,EVT-0952,TAG-0145,V15_CURATED_SEMANTIC,HIGH,Culture générale V15.
ETAG-11579,EVT-0952,TAG-0158,V15_CURATED_GEOGRAPHY,HIGH,Culture générale V15.
ETAG-11580,EVT-0952,TAG-0154,V15_CURATED_GEOGRAPHY,HIGH,Culture générale V15.
ETAG-11586,EVT-0953,TAG-0106,V15_CURATED_SEMANTIC,HIGH,Culture générale V15.
ETAG-11587,EVT-0953,TAG-0121,V15_CURATED_SEMANTIC,HIGH,Culture générale V15.
ETAG-11588,EVT-0953,TAG-0166,V15_CURATED_GEOGRAPHY,HIGH,Culture générale V15.
ETAG-11589,EVT-0953,TAG-0180,V15_CURATED_GEOGRAPHY,HIGH,Culture générale V15.
ETAG-11595,EVT-0954,TAG-0145,V15_CURATED_SEMANTIC,HIGH,Culture générale V15.
ETAG-11596,EVT-0954,TAG-0224,V15_CURATED_GEOGRAPHY,HIGH,Culture générale V15.
ETAG-11597,EVT-0954,TAG-0153,V15_CURATED_GEOGRAPHY,HIGH,Culture générale V15.
ETAG-11603,EVT-0955,TAG-0114,V15_CURATED_SEMANTIC,HIGH,Culture générale V15.
ETAG-11604,EVT-0955,TAG-0134,V15_CURATED_SEMANTIC,HIGH,Culture générale V15.
ETAG-11605,EVT-0955,TAG-0235,V15_CURATED_GEOGRAPHY,HIGH,Culture générale V15.
ETAG-11606,EVT-0955,TAG-0153,V15_CURATED_GEOGRAPHY,HIGH,Culture générale V15.
ETAG-11612,EVT-0956,TAG-0108,V15_CURATED_SEMANTIC,HIGH,Culture générale V15.
ETAG-11613,EVT-0956,TAG-0117,V15_CURATED_SEMANTIC,HIGH,Culture générale V15.
ETAG-11614,EVT-0956,TAG-0250,V15_CURATED_GEOGRAPHY,HIGH,Culture générale V15.
ETAG-11615,EVT-0956,TAG-0174,V15_CURATED_GEOGRAPHY,HIGH,Culture générale V15.
ETAG-11621,EVT-0957,TAG-0121,V15_CURATED_SEMANTIC,HIGH,Culture générale V15.
ETAG-11622,EVT-0957,TAG-0135,V15_CURATED_SEMANTIC,HIGH,Culture générale V15.
ETAG-11623,EVT-0957,TAG-0173,V15_CURATED_GEOGRAPHY,HIGH,Culture générale V15.
ETAG-11624,EVT-0957,TAG-0171,V15_CURATED_GEOGRAPHY,HIGH,Culture générale V15.
ETAG-11630,EVT-0958,TAG-0108,V15_CURATED_SEMANTIC,HIGH,Culture générale V15.
ETAG-11631,EVT-0958,TAG-0117,V15_CURATED_SEMANTIC,HIGH,Culture générale V15.
ETAG-11632,EVT-0958,TAG-0251,V15_CURATED_GEOGRAPHY,HIGH,Culture générale V15.
ETAG-11633,EVT-0958,TAG-0174,V15_CURATED_GEOGRAPHY,HIGH,Culture générale V15.
ETAG-11639,EVT-0959,TAG-0106,V15_CURATED_SEMANTIC,HIGH,Culture générale V15.
ETAG-11640,EVT-0959,TAG-0107,V15_CURATED_SEMANTIC,HIGH,Culture générale V15.
ETAG-11641,EVT-0959,TAG-0165,V15_CURATED_GEOGRAPHY,HIGH,Culture générale V15.
ETAG-11642,EVT-0959,TAG-0186,V15_CURATED_GEOGRAPHY,HIGH,Culture générale V15.
ETAG-11648,EVT-0960,TAG-0109,V15_CURATED_SEMANTIC,HIGH,Culture générale V15.
ETAG-11649,EVT-0960,TAG-0128,V15_CURATED_SEMANTIC,HIGH,Culture générale V15.
ETAG-11650,EVT-0960,TAG-0123,V15_CURATED_SEMANTIC,HIGH,Culture générale V15.
ETAG-11651,EVT-0960,TAG-0165,V15_CURATED_GEOGRAPHY,HIGH,Culture générale V15.
ETAG-11652,EVT-0960,TAG-0186,V15_CURATED_GEOGRAPHY,HIGH,Culture générale V15.
ETAG-11658,EVT-0961,TAG-0145,V15_CURATED_SEMANTIC,HIGH,Culture générale V15.
ETAG-11659,EVT-0961,TAG-0158,V15_CURATED_GEOGRAPHY,HIGH,Culture générale V15.
ETAG-11660,EVT-0961,TAG-0153,V15_CURATED_GEOGRAPHY,HIGH,Culture générale V15.
ETAG-11666,EVT-0962,TAG-0135,V15_CURATED_SEMANTIC,HIGH,Culture générale V15.
ETAG-11667,EVT-0962,TAG-0114,V15_CURATED_SEMANTIC,HIGH,Culture générale V15.
ETAG-11668,EVT-0962,TAG-0180,V15_CURATED_GEOGRAPHY,HIGH,Culture générale V15.
ETAG-11674,EVT-0963,TAG-0132,V15_CURATED_SEMANTIC,HIGH,Culture générale V15.
ETAG-11675,EVT-0963,TAG-0158,V15_CURATED_GEOGRAPHY,HIGH,Culture générale V15.
ETAG-11676,EVT-0963,TAG-0153,V15_CURATED_GEOGRAPHY,HIGH,Culture générale V15.
ETAG-11682,EVT-0964,TAG-0134,V15_CURATED_SEMANTIC,HIGH,Culture générale V15.
ETAG-11683,EVT-0964,TAG-0123,V15_CURATED_SEMANTIC,HIGH,Culture générale V15.
ETAG-11684,EVT-0964,TAG-0165,V15_CURATED_GEOGRAPHY,HIGH,Culture générale V15.
ETAG-11685,EVT-0964,TAG-0153,V15_CURATED_GEOGRAPHY,HIGH,Culture générale V15.
ETAG-11691,EVT-0965,TAG-0145,V15_CURATED_SEMANTIC,HIGH,Culture générale V15.
ETAG-11692,EVT-0965,TAG-0216,V15_CURATED_GEOGRAPHY,HIGH,Culture générale V15.
ETAG-11693,EVT-0965,TAG-0153,V15_CURATED_GEOGRAPHY,HIGH,Culture générale V15.
ETAG-11699,EVT-0966,TAG-0145,V15_CURATED_SEMANTIC,HIGH,Culture générale V15.
ETAG-11700,EVT-0966,TAG-0252,V15_CURATED_GEOGRAPHY,HIGH,Culture générale V15.
ETAG-11701,EVT-0966,TAG-0154,V15_CURATED_GEOGRAPHY,HIGH,Culture générale V15.
ETAG-11707,EVT-0967,TAG-0108,V15_CURATED_SEMANTIC,HIGH,Culture générale V15.
ETAG-11708,EVT-0967,TAG-0117,V15_CURATED_SEMANTIC,HIGH,Culture générale V15.
ETAG-11709,EVT-0967,TAG-0253,V15_CURATED_GEOGRAPHY,HIGH,Culture générale V15.
ETAG-11710,EVT-0967,TAG-0174,V15_CURATED_GEOGRAPHY,HIGH,Culture générale V15.
ETAG-11716,EVT-0968,TAG-0108,V15_CURATED_SEMANTIC,HIGH,Culture générale V15.
ETAG-11717,EVT-0968,TAG-0117,V15_CURATED_SEMANTIC,HIGH,Culture générale V15.
ETAG-11718,EVT-0968,TAG-0254,V15_CURATED_GEOGRAPHY,HIGH,Culture générale V15.
ETAG-11719,EVT-0968,TAG-0174,V15_CURATED_GEOGRAPHY,HIGH,Culture générale V15.
ETAG-11725,EVT-0969,TAG-0130,V15_CURATED_SEMANTIC,HIGH,Culture générale V15.
ETAG-11726,EVT-0969,TAG-0127,V15_CURATED_SEMANTIC,HIGH,Culture générale V15.
ETAG-11727,EVT-0969,TAG-0153,V15_CURATED_GEOGRAPHY,HIGH,Culture générale V15.
ETAG-11733,EVT-0970,TAG-0129,V15_CURATED_SEMANTIC,HIGH,Culture générale V15.
ETAG-11734,EVT-0970,TAG-0121,V15_CURATED_SEMANTIC,HIGH,Culture générale V15.
ETAG-11735,EVT-0970,TAG-0165,V15_CURATED_GEOGRAPHY,HIGH,Culture générale V15.
ETAG-11736,EVT-0970,TAG-0186,V15_CURATED_GEOGRAPHY,HIGH,Culture générale V15.
ETAG-11742,EVT-0971,TAG-0134,V15_CURATED_SEMANTIC,HIGH,Culture générale V15.
ETAG-11743,EVT-0971,TAG-0127,V15_CURATED_SEMANTIC,HIGH,Culture générale V15.
ETAG-11744,EVT-0971,TAG-0165,V15_CURATED_GEOGRAPHY,HIGH,Culture générale V15.
ETAG-11745,EVT-0971,TAG-0186,V15_CURATED_GEOGRAPHY,HIGH,Culture générale V15.
ETAG-11751,EVT-0972,TAG-0106,V15_CURATED_SEMANTIC,HIGH,Culture générale V15.
ETAG-11752,EVT-0972,TAG-0158,V15_CURATED_GEOGRAPHY,HIGH,Culture générale V15.
ETAG-11753,EVT-0972,TAG-0154,V15_CURATED_GEOGRAPHY,HIGH,Culture générale V15.
ETAG-11759,EVT-0973,TAG-0108,V15_CURATED_SEMANTIC,HIGH,Culture générale V15.
ETAG-11760,EVT-0973,TAG-0117,V15_CURATED_SEMANTIC,HIGH,Culture générale V15.
ETAG-11761,EVT-0973,TAG-0255,V15_CURATED_GEOGRAPHY,HIGH,Culture générale V15.
ETAG-11762,EVT-0973,TAG-0174,V15_CURATED_GEOGRAPHY,HIGH,Culture générale V15.
ETAG-11768,EVT-0974,TAG-0133,V15_CURATED_SEMANTIC,HIGH,Culture générale V15.
ETAG-11769,EVT-0974,TAG-0129,V15_CURATED_SEMANTIC,HIGH,Culture générale V15.
ETAG-11770,EVT-0974,TAG-0165,V15_CURATED_GEOGRAPHY,HIGH,Culture générale V15.
ETAG-11771,EVT-0974,TAG-0153,V15_CURATED_GEOGRAPHY,HIGH,Culture générale V15.
ETAG-11777,EVT-0975,TAG-0111,V15_CURATED_SEMANTIC,HIGH,Culture générale V15.
ETAG-11778,EVT-0975,TAG-0142,V15_CURATED_SEMANTIC,HIGH,Culture générale V15.
ETAG-11779,EVT-0975,TAG-0172,V15_CURATED_GEOGRAPHY,HIGH,Culture générale V15.
ETAG-11780,EVT-0975,TAG-0171,V15_CURATED_GEOGRAPHY,HIGH,Culture générale V15.
ETAG-11786,EVT-0976,TAG-0129,V15_CURATED_SEMANTIC,HIGH,Culture générale V15.
ETAG-11787,EVT-0976,TAG-0132,V15_CURATED_SEMANTIC,HIGH,Culture générale V15.
ETAG-11788,EVT-0976,TAG-0167,V15_CURATED_GEOGRAPHY,HIGH,Culture générale V15.
ETAG-11789,EVT-0976,TAG-0180,V15_CURATED_GEOGRAPHY,HIGH,Culture générale V15.
ETAG-11795,EVT-0977,TAG-0111,V15_CURATED_SEMANTIC,HIGH,Culture générale V15.
ETAG-11796,EVT-0977,TAG-0150,V15_CURATED_CONTEXT,HIGH,Culture générale V15.
ETAG-11797,EVT-0977,TAG-0129,V15_CURATED_SEMANTIC,HIGH,Culture générale V15.
ETAG-11798,EVT-0977,TAG-0165,V15_CURATED_GEOGRAPHY,HIGH,Culture générale V15.
ETAG-11799,EVT-0977,TAG-0153,V15_CURATED_GEOGRAPHY,HIGH,Culture générale V15.
ETAG-11805,EVT-0978,TAG-0127,V15_CURATED_SEMANTIC,HIGH,Culture générale V15.
ETAG-11806,EVT-0978,TAG-0128,V15_CURATED_SEMANTIC,HIGH,Culture générale V15.
ETAG-11807,EVT-0978,TAG-0165,V15_CURATED_GEOGRAPHY,HIGH,Culture générale V15.
ETAG-11808,EVT-0978,TAG-0158,V15_CURATED_GEOGRAPHY,HIGH,Culture générale V15.
ETAG-11809,EVT-0978,TAG-0153,V15_CURATED_GEOGRAPHY,HIGH,Culture générale V15.
ETAG-11815,EVT-0979,TAG-0144,V15_CURATED_SEMANTIC,HIGH,Culture générale V15.
ETAG-11816,EVT-0979,TAG-0129,V15_CURATED_SEMANTIC,HIGH,Culture générale V15.
ETAG-11817,EVT-0979,TAG-0133,V15_CURATED_SEMANTIC,HIGH,Culture générale V15.
ETAG-11818,EVT-0979,TAG-0165,V15_CURATED_GEOGRAPHY,HIGH,Culture générale V15.
ETAG-11819,EVT-0979,TAG-0153,V15_CURATED_GEOGRAPHY,HIGH,Culture générale V15.
ETAG-11825,EVT-0980,TAG-0209,V15_CURATED_SEMANTIC,HIGH,Culture générale V15.
ETAG-11826,EVT-0980,TAG-0137,V15_CURATED_SEMANTIC,HIGH,Culture générale V15.
ETAG-11827,EVT-0980,TAG-0142,V15_CURATED_SEMANTIC,HIGH,Culture générale V15.
ETAG-11828,EVT-0980,TAG-0165,V15_CURATED_GEOGRAPHY,HIGH,Culture générale V15.
ETAG-11829,EVT-0980,TAG-0186,V15_CURATED_GEOGRAPHY,HIGH,Culture générale V15.
ETAG-11835,EVT-0981,TAG-0111,V15_CURATED_SEMANTIC,HIGH,Culture générale V15.
ETAG-11836,EVT-0981,TAG-0142,V15_CURATED_SEMANTIC,HIGH,Culture générale V15.
ETAG-11837,EVT-0981,TAG-0203,V15_CURATED_GEOGRAPHY,HIGH,Culture générale V15.
ETAG-11838,EVT-0981,TAG-0180,V15_CURATED_GEOGRAPHY,HIGH,Culture générale V15.
ETAG-11844,EVT-0982,TAG-0121,V15_CURATED_SEMANTIC,HIGH,Culture générale V15.
ETAG-11845,EVT-0982,TAG-0136,V15_CURATED_SEMANTIC,HIGH,Culture générale V15.
ETAG-11846,EVT-0982,TAG-0154,V15_CURATED_GEOGRAPHY,HIGH,Culture générale V15.
ETAG-11852,EVT-0983,TAG-0109,V15_CURATED_SEMANTIC,HIGH,Culture générale V15.
ETAG-11853,EVT-0983,TAG-0135,V15_CURATED_SEMANTIC,HIGH,Culture générale V15.
ETAG-11854,EVT-0983,TAG-0223,V15_CURATED_GEOGRAPHY,HIGH,Culture générale V15.
ETAG-11855,EVT-0983,TAG-0153,V15_CURATED_GEOGRAPHY,HIGH,Culture générale V15.
ETAG-11861,EVT-0984,TAG-0111,V15_CURATED_SEMANTIC,HIGH,Culture générale V15.
ETAG-11862,EVT-0984,TAG-0142,V15_CURATED_SEMANTIC,HIGH,Culture générale V15.
ETAG-11863,EVT-0984,TAG-0173,V15_CURATED_GEOGRAPHY,HIGH,Culture générale V15.
ETAG-11864,EVT-0984,TAG-0171,V15_CURATED_GEOGRAPHY,HIGH,Culture générale V15.
ETAG-11870,EVT-0985,TAG-0127,V15_CURATED_SEMANTIC,HIGH,Culture générale V15.
ETAG-11871,EVT-0985,TAG-0128,V15_CURATED_SEMANTIC,HIGH,Culture générale V15.
ETAG-11872,EVT-0985,TAG-0153,V15_CURATED_GEOGRAPHY,HIGH,Culture générale V15.
ETAG-11878,EVT-0986,TAG-0129,V15_CURATED_SEMANTIC,HIGH,Culture générale V15.
ETAG-11879,EVT-0986,TAG-0133,V15_CURATED_SEMANTIC,HIGH,Culture générale V15.
ETAG-11880,EVT-0986,TAG-0121,V15_CURATED_SEMANTIC,HIGH,Culture générale V15.
ETAG-11881,EVT-0986,TAG-0165,V15_CURATED_GEOGRAPHY,HIGH,Culture générale V15.
ETAG-11882,EVT-0986,TAG-0153,V15_CURATED_GEOGRAPHY,HIGH,Culture générale V15.
ETAG-11888,EVT-0987,TAG-0136,V15_CURATED_SEMANTIC,HIGH,Culture générale V15.
ETAG-11889,EVT-0987,TAG-0108,V15_CURATED_SEMANTIC,HIGH,Culture générale V15.
ETAG-11890,EVT-0987,TAG-0154,V15_CURATED_GEOGRAPHY,HIGH,Culture générale V15.
ETAG-11896,EVT-0988,TAG-0134,V15_CURATED_SEMANTIC,HIGH,Culture générale V15.
ETAG-11897,EVT-0988,TAG-0123,V15_CURATED_SEMANTIC,HIGH,Culture générale V15.
ETAG-11898,EVT-0988,TAG-0180,V15_CURATED_GEOGRAPHY,HIGH,Culture générale V15.
ETAG-11899,EVT-0988,TAG-0153,V15_CURATED_GEOGRAPHY,HIGH,Culture générale V15.
ETAG-11905,EVT-0989,TAG-0134,V15_CURATED_SEMANTIC,HIGH,Culture générale V15.
ETAG-11906,EVT-0989,TAG-0123,V15_CURATED_SEMANTIC,HIGH,Culture générale V15.
ETAG-11907,EVT-0989,TAG-0165,V15_CURATED_GEOGRAPHY,HIGH,Culture générale V15.
ETAG-11908,EVT-0989,TAG-0186,V15_CURATED_GEOGRAPHY,HIGH,Culture générale V15.
ETAG-11914,EVT-0990,TAG-0129,V15_CURATED_SEMANTIC,HIGH,Culture générale V15.
ETAG-11915,EVT-0990,TAG-0121,V15_CURATED_SEMANTIC,HIGH,Culture générale V15.
ETAG-11916,EVT-0990,TAG-0165,V15_CURATED_GEOGRAPHY,HIGH,Culture générale V15.
ETAG-11917,EVT-0990,TAG-0153,V15_CURATED_GEOGRAPHY,HIGH,Culture générale V15.
ETAG-11923,EVT-0991,TAG-0136,V15_CURATED_SEMANTIC,HIGH,Culture générale V15.
ETAG-11924,EVT-0991,TAG-0114,V15_CURATED_SEMANTIC,HIGH,Culture générale V15.
ETAG-11925,EVT-0991,TAG-0163,V15_CURATED_GEOGRAPHY,HIGH,Culture générale V15.
ETAG-11926,EVT-0991,TAG-0154,V15_CURATED_GEOGRAPHY,HIGH,Culture générale V15.
ETAG-11932,EVT-0992,TAG-0121,V15_CURATED_SEMANTIC,HIGH,Culture générale V15.
ETAG-11933,EVT-0992,TAG-0165,V15_CURATED_GEOGRAPHY,HIGH,Culture générale V15.
ETAG-11934,EVT-0992,TAG-0153,V15_CURATED_GEOGRAPHY,HIGH,Culture générale V15.
ETAG-11940,EVT-0993,TAG-0129,V15_CURATED_SEMANTIC,HIGH,Culture générale V15.
ETAG-11941,EVT-0993,TAG-0121,V15_CURATED_SEMANTIC,HIGH,Culture générale V15.
ETAG-11942,EVT-0993,TAG-0153,V15_CURATED_GEOGRAPHY,HIGH,Culture générale V15.
ETAG-11948,EVT-0994,TAG-0106,V15_CURATED_SEMANTIC,HIGH,Culture générale V15.
ETAG-11949,EVT-0994,TAG-0107,V15_CURATED_SEMANTIC,HIGH,Culture générale V15.
ETAG-11950,EVT-0994,TAG-0165,V15_CURATED_GEOGRAPHY,HIGH,Culture générale V15.
ETAG-11951,EVT-0994,TAG-0186,V15_CURATED_GEOGRAPHY,HIGH,Culture générale V15.
ETAG-11957,EVT-0995,TAG-0134,V15_CURATED_SEMANTIC,HIGH,Culture générale V15.
ETAG-11958,EVT-0995,TAG-0123,V15_CURATED_SEMANTIC,HIGH,Culture générale V15.
ETAG-11959,EVT-0995,TAG-0197,V15_CURATED_GEOGRAPHY,HIGH,Culture générale V15.
ETAG-11960,EVT-0995,TAG-0196,V15_CURATED_GEOGRAPHY,HIGH,Culture générale V15.
ETAG-11966,EVT-0996,TAG-0134,V15_CURATED_SEMANTIC,HIGH,Culture générale V15.
ETAG-11967,EVT-0996,TAG-0121,V15_CURATED_SEMANTIC,HIGH,Culture générale V15.
ETAG-11968,EVT-0996,TAG-0165,V15_CURATED_GEOGRAPHY,HIGH,Culture générale V15.
ETAG-11969,EVT-0996,TAG-0186,V15_CURATED_GEOGRAPHY,HIGH,Culture générale V15.
ETAG-11975,EVT-0997,TAG-0113,V15_CURATED_SEMANTIC,HIGH,Culture générale V15.
ETAG-11976,EVT-0997,TAG-0106,V15_CURATED_SEMANTIC,HIGH,Culture générale V15.
ETAG-11977,EVT-0997,TAG-0232,V15_CURATED_GEOGRAPHY,HIGH,Culture générale V15.
ETAG-11978,EVT-0997,TAG-0175,V15_CURATED_GEOGRAPHY,HIGH,Culture générale V15.
ETAG-11984,EVT-0998,TAG-0134,V15_CURATED_SEMANTIC,HIGH,Culture générale V15.
ETAG-11985,EVT-0998,TAG-0127,V15_CURATED_SEMANTIC,HIGH,Culture générale V15.
ETAG-11986,EVT-0998,TAG-0167,V15_CURATED_GEOGRAPHY,HIGH,Culture générale V15.
ETAG-11987,EVT-0998,TAG-0180,V15_CURATED_GEOGRAPHY,HIGH,Culture générale V15.
ETAG-11993,EVT-0999,TAG-0209,V15_CURATED_SEMANTIC,HIGH,Culture générale V15.
ETAG-11994,EVT-0999,TAG-0142,V15_CURATED_SEMANTIC,HIGH,Culture générale V15.
ETAG-11995,EVT-0999,TAG-0240,V15_CURATED_GEOGRAPHY,HIGH,Culture générale V15.
ETAG-11996,EVT-0999,TAG-0180,V15_CURATED_GEOGRAPHY,HIGH,Culture générale V15.
ETAG-12002,EVT-1000,TAG-0108,V15_CURATED_SEMANTIC,HIGH,Culture générale V15.
ETAG-12003,EVT-1000,TAG-0256,V15_CURATED_GEOGRAPHY,HIGH,Culture générale V15.
ETAG-12004,EVT-1000,TAG-0174,V15_CURATED_GEOGRAPHY,HIGH,Culture générale V15.
ETAG-12010,EVT-1001,TAG-0127,V15_CURATED_SEMANTIC,HIGH,Culture générale V15.
ETAG-12011,EVT-1001,TAG-0221,V15_CURATED_GEOGRAPHY,HIGH,Culture générale V15.
ETAG-12012,EVT-1001,TAG-0154,V15_CURATED_GEOGRAPHY,HIGH,Culture générale V15.
ETAG-12018,EVT-1002,TAG-0119,V15_CURATED_SEMANTIC,HIGH,Culture générale V15.
ETAG-12019,EVT-1002,TAG-0106,V15_CURATED_SEMANTIC,HIGH,Culture générale V15.
ETAG-12020,EVT-1002,TAG-0160,V15_CURATED_GEOGRAPHY,HIGH,Culture générale V15.
ETAG-12021,EVT-1002,TAG-0154,V15_CURATED_GEOGRAPHY,HIGH,Culture générale V15.
ETAG-12027,EVT-1003,TAG-0133,V15_CURATED_SEMANTIC,HIGH,Culture générale V15.
ETAG-12028,EVT-1003,TAG-0142,V15_CURATED_SEMANTIC,HIGH,Culture générale V15.
ETAG-12029,EVT-1003,TAG-0165,V15_CURATED_GEOGRAPHY,HIGH,Culture générale V15.
ETAG-12030,EVT-1003,TAG-0153,V15_CURATED_GEOGRAPHY,HIGH,Culture générale V15.
ETAG-12036,EVT-1004,TAG-0142,V15_CURATED_SEMANTIC,HIGH,Culture générale V15.
ETAG-12037,EVT-1004,TAG-0143,V15_CURATED_SEMANTIC,HIGH,Culture générale V15.
ETAG-12038,EVT-1004,TAG-0205,V15_CURATED_GEOGRAPHY,HIGH,Culture générale V15.
ETAG-12039,EVT-1004,TAG-0164,V15_CURATED_GEOGRAPHY,HIGH,Culture générale V15.
ETAG-12040,EVT-1004,TAG-0154,V15_CURATED_GEOGRAPHY,HIGH,Culture générale V15.
ETAG-12046,EVT-1005,TAG-0209,V15_CURATED_SEMANTIC,HIGH,Culture générale V15.
ETAG-12047,EVT-1005,TAG-0119,V15_CURATED_SEMANTIC,HIGH,Culture générale V15.
ETAG-12048,EVT-1005,TAG-0142,V15_CURATED_SEMANTIC,HIGH,Culture générale V15.
ETAG-12049,EVT-1005,TAG-0173,V15_CURATED_GEOGRAPHY,HIGH,Culture générale V15.
ETAG-12050,EVT-1005,TAG-0171,V15_CURATED_GEOGRAPHY,HIGH,Culture générale V15.
ETAG-12056,EVT-1006,TAG-0114,V15_CURATED_SEMANTIC,HIGH,Culture générale V15.
ETAG-12057,EVT-1006,TAG-0142,V15_CURATED_SEMANTIC,HIGH,Culture générale V15.
ETAG-12058,EVT-1006,TAG-0202,V15_CURATED_GEOGRAPHY,HIGH,Culture générale V15.
ETAG-12059,EVT-1006,TAG-0171,V15_CURATED_GEOGRAPHY,HIGH,Culture générale V15.
ETAG-12065,EVT-1007,TAG-0127,V15_CURATED_SEMANTIC,HIGH,Culture générale V15.
ETAG-12066,EVT-1007,TAG-0165,V15_CURATED_GEOGRAPHY,HIGH,Culture générale V15.
ETAG-12067,EVT-1007,TAG-0153,V15_CURATED_GEOGRAPHY,HIGH,Culture générale V15.
ETAG-12073,EVT-1008,TAG-0209,V15_CURATED_SEMANTIC,HIGH,Culture générale V15.
ETAG-12074,EVT-1008,TAG-0137,V15_CURATED_SEMANTIC,HIGH,Culture générale V15.
ETAG-12075,EVT-1008,TAG-0157,V15_CURATED_GEOGRAPHY,HIGH,Culture générale V15.
ETAG-12076,EVT-1008,TAG-0154,V15_CURATED_GEOGRAPHY,HIGH,Culture générale V15.
ETAG-12082,EVT-1009,TAG-0107,V15_CURATED_SEMANTIC,HIGH,Culture générale V15.
ETAG-12083,EVT-1009,TAG-0136,V15_CURATED_SEMANTIC,HIGH,Culture générale V15.
ETAG-12084,EVT-1009,TAG-0158,V15_CURATED_GEOGRAPHY,HIGH,Culture générale V15.
ETAG-12085,EVT-1009,TAG-0154,V15_CURATED_GEOGRAPHY,HIGH,Culture générale V15.
ETAG-12091,EVT-1010,TAG-0106,V15_CURATED_SEMANTIC,HIGH,Culture générale V15.
ETAG-12092,EVT-1010,TAG-0107,V15_CURATED_SEMANTIC,HIGH,Culture générale V15.
ETAG-12093,EVT-1010,TAG-0165,V15_CURATED_GEOGRAPHY,HIGH,Culture générale V15.
ETAG-12094,EVT-1010,TAG-0186,V15_CURATED_GEOGRAPHY,HIGH,Culture générale V15.
ETAG-12100,EVT-1011,TAG-0109,V15_CURATED_SEMANTIC,HIGH,Culture générale V15.
ETAG-12101,EVT-1011,TAG-0110,V15_CURATED_SEMANTIC,HIGH,Culture générale V15.
ETAG-12102,EVT-1011,TAG-0129,V15_CURATED_SEMANTIC,HIGH,Culture générale V15.
ETAG-12103,EVT-1011,TAG-0154,V15_CURATED_GEOGRAPHY,HIGH,Culture générale V15.
ETAG-12109,EVT-1012,TAG-0145,V15_CURATED_SEMANTIC,HIGH,Culture générale V15.
ETAG-12110,EVT-1012,TAG-0164,V15_CURATED_GEOGRAPHY,HIGH,Culture générale V15.
ETAG-12111,EVT-1012,TAG-0153,V15_CURATED_GEOGRAPHY,HIGH,Culture générale V15.
ETAG-12117,EVT-1013,TAG-0127,V15_CURATED_SEMANTIC,HIGH,Culture générale V15.
ETAG-12118,EVT-1013,TAG-0130,V15_CURATED_SEMANTIC,HIGH,Culture générale V15.
ETAG-12119,EVT-1013,TAG-0153,V15_CURATED_GEOGRAPHY,HIGH,Culture générale V15.
ETAG-12125,EVT-1014,TAG-0134,V15_CURATED_SEMANTIC,HIGH,Culture générale V15.
ETAG-12126,EVT-1014,TAG-0138,V15_CURATED_SEMANTIC,HIGH,Culture générale V15.
ETAG-12127,EVT-1014,TAG-0157,V15_CURATED_GEOGRAPHY,HIGH,Culture générale V15.
ETAG-12128,EVT-1014,TAG-0154,V15_CURATED_GEOGRAPHY,HIGH,Culture générale V15.
ETAG-12134,EVT-1015,TAG-0128,V15_CURATED_SEMANTIC,HIGH,Culture générale V15.
ETAG-12135,EVT-1015,TAG-0135,V15_CURATED_SEMANTIC,HIGH,Culture générale V15.
ETAG-12136,EVT-1015,TAG-0166,V15_CURATED_GEOGRAPHY,HIGH,Culture générale V15.
ETAG-12137,EVT-1015,TAG-0153,V15_CURATED_GEOGRAPHY,HIGH,Culture générale V15.
ETAG-12143,EVT-1016,TAG-0136,V15_CURATED_SEMANTIC,HIGH,Culture générale V15.
ETAG-12144,EVT-1016,TAG-0108,V15_CURATED_SEMANTIC,HIGH,Culture générale V15.
ETAG-12145,EVT-1016,TAG-0158,V15_CURATED_GEOGRAPHY,HIGH,Culture générale V15.
ETAG-12146,EVT-1016,TAG-0154,V15_CURATED_GEOGRAPHY,HIGH,Culture générale V15.
ETAG-12152,EVT-1017,TAG-0128,V15_CURATED_SEMANTIC,HIGH,Culture générale V15.
ETAG-12153,EVT-1017,TAG-0135,V15_CURATED_SEMANTIC,HIGH,Culture générale V15.
ETAG-12154,EVT-1017,TAG-0153,V15_CURATED_GEOGRAPHY,HIGH,Culture générale V15.
ETAG-12160,EVT-1018,TAG-0110,V15_CURATED_SEMANTIC,HIGH,Culture générale V15.
ETAG-12161,EVT-1018,TAG-0123,V15_CURATED_SEMANTIC,HIGH,Culture générale V15.
ETAG-12162,EVT-1018,TAG-0165,V15_CURATED_GEOGRAPHY,HIGH,Culture générale V15.
ETAG-12163,EVT-1018,TAG-0186,V15_CURATED_GEOGRAPHY,HIGH,Culture générale V15.
ETAG-12169,EVT-1019,TAG-0128,V15_CURATED_SEMANTIC,HIGH,Culture générale V15.
ETAG-12170,EVT-1019,TAG-0127,V15_CURATED_SEMANTIC,HIGH,Culture générale V15.
ETAG-12171,EVT-1019,TAG-0158,V15_CURATED_GEOGRAPHY,HIGH,Culture générale V15.
ETAG-12172,EVT-1019,TAG-0154,V15_CURATED_GEOGRAPHY,HIGH,Culture générale V15.
ETAG-12178,EVT-1020,TAG-0106,V15_CURATED_SEMANTIC,HIGH,Culture générale V15.
ETAG-12179,EVT-1020,TAG-0107,V15_CURATED_SEMANTIC,HIGH,Culture générale V15.
ETAG-12180,EVT-1020,TAG-0165,V15_CURATED_GEOGRAPHY,HIGH,Culture générale V15.
ETAG-12181,EVT-1020,TAG-0186,V15_CURATED_GEOGRAPHY,HIGH,Culture générale V15.
ETAG-12187,EVT-1021,TAG-0111,V15_CURATED_SEMANTIC,HIGH,Culture générale V15.
ETAG-12188,EVT-1021,TAG-0106,V15_CURATED_SEMANTIC,HIGH,Culture générale V15.
ETAG-12189,EVT-1021,TAG-0203,V15_CURATED_GEOGRAPHY,HIGH,Culture générale V15.
ETAG-12190,EVT-1021,TAG-0180,V15_CURATED_GEOGRAPHY,HIGH,Culture générale V15.
ETAG-12196,EVT-1022,TAG-0130,V15_CURATED_SEMANTIC,HIGH,Culture générale V15.
ETAG-12197,EVT-1022,TAG-0127,V15_CURATED_SEMANTIC,HIGH,Culture générale V15.
ETAG-12198,EVT-1022,TAG-0153,V15_CURATED_GEOGRAPHY,HIGH,Culture générale V15.
ETAG-12204,EVT-1023,TAG-0111,V15_CURATED_SEMANTIC,HIGH,Culture générale V15.
ETAG-12205,EVT-1023,TAG-0142,V15_CURATED_SEMANTIC,HIGH,Culture générale V15.
ETAG-12206,EVT-1023,TAG-0205,V15_CURATED_GEOGRAPHY,HIGH,Culture générale V15.
ETAG-12207,EVT-1023,TAG-0164,V15_CURATED_GEOGRAPHY,HIGH,Culture générale V15.
ETAG-12208,EVT-1023,TAG-0154,V15_CURATED_GEOGRAPHY,HIGH,Culture générale V15.
ETAG-12214,EVT-1024,TAG-0129,V15_CURATED_SEMANTIC,HIGH,Culture générale V15.
ETAG-12215,EVT-1024,TAG-0144,V15_CURATED_SEMANTIC,HIGH,Culture générale V15.
ETAG-12216,EVT-1024,TAG-0153,V15_CURATED_GEOGRAPHY,HIGH,Culture générale V15.
ETAG-12222,EVT-1025,TAG-0130,V15_CURATED_SEMANTIC,HIGH,Culture générale V15.
ETAG-12223,EVT-1025,TAG-0127,V15_CURATED_SEMANTIC,HIGH,Culture générale V15.
ETAG-12224,EVT-1025,TAG-0168,V15_CURATED_GEOGRAPHY,HIGH,Culture générale V15.
ETAG-12225,EVT-1025,TAG-0153,V15_CURATED_GEOGRAPHY,HIGH,Culture générale V15.
ETAG-12231,EVT-1026,TAG-0111,V15_CURATED_SEMANTIC,HIGH,Culture générale V15.
ETAG-12232,EVT-1026,TAG-0209,V15_CURATED_SEMANTIC,HIGH,Culture générale V15.
ETAG-12233,EVT-1026,TAG-0142,V15_CURATED_SEMANTIC,HIGH,Culture générale V15.
ETAG-12234,EVT-1026,TAG-0172,V15_CURATED_GEOGRAPHY,HIGH,Culture générale V15.
ETAG-12235,EVT-1026,TAG-0171,V15_CURATED_GEOGRAPHY,HIGH,Culture générale V15.
ETAG-12241,EVT-1027,TAG-0109,V15_CURATED_SEMANTIC,HIGH,Culture générale V15.
ETAG-12242,EVT-1027,TAG-0129,V15_CURATED_SEMANTIC,HIGH,Culture générale V15.
ETAG-12243,EVT-1027,TAG-0136,V15_CURATED_SEMANTIC,HIGH,Culture générale V15.
ETAG-12244,EVT-1027,TAG-0154,V15_CURATED_GEOGRAPHY,HIGH,Culture générale V15.
ETAG-12250,EVT-1028,TAG-0106,V15_CURATED_SEMANTIC,HIGH,Culture générale V15.
ETAG-12251,EVT-1028,TAG-0164,V15_CURATED_GEOGRAPHY,HIGH,Culture générale V15.
ETAG-12252,EVT-1028,TAG-0154,V15_CURATED_GEOGRAPHY,HIGH,Culture générale V15.
ETAG-12258,EVT-1029,TAG-0108,V15_CURATED_SEMANTIC,HIGH,Culture générale V15.
ETAG-12259,EVT-1029,TAG-0117,V15_CURATED_SEMANTIC,HIGH,Culture générale V15.
ETAG-12260,EVT-1029,TAG-0257,V15_CURATED_GEOGRAPHY,HIGH,Culture générale V15.
ETAG-12261,EVT-1029,TAG-0180,V15_CURATED_GEOGRAPHY,HIGH,Culture générale V15.
ETAG-12267,EVT-1030,TAG-0110,V15_CURATED_SEMANTIC,HIGH,Culture générale V15.
ETAG-12268,EVT-1030,TAG-0106,V15_CURATED_SEMANTIC,HIGH,Culture générale V15.
ETAG-12269,EVT-1030,TAG-0157,V15_CURATED_GEOGRAPHY,HIGH,Culture générale V15.
ETAG-12270,EVT-1030,TAG-0154,V15_CURATED_GEOGRAPHY,HIGH,Culture générale V15.
ETAG-12276,EVT-1031,TAG-0129,V15_CURATED_SEMANTIC,HIGH,Culture générale V15.
ETAG-12277,EVT-1031,TAG-0133,V15_CURATED_SEMANTIC,HIGH,Culture générale V15.
ETAG-12278,EVT-1031,TAG-0158,V15_CURATED_GEOGRAPHY,HIGH,Culture générale V15.
ETAG-12279,EVT-1031,TAG-0154,V15_CURATED_GEOGRAPHY,HIGH,Culture générale V15.
ETAG-12285,EVT-1032,TAG-0106,V15_CURATED_SEMANTIC,HIGH,Culture générale V15.
ETAG-12286,EVT-1032,TAG-0108,V15_CURATED_SEMANTIC,HIGH,Culture générale V15.
ETAG-12287,EVT-1032,TAG-0221,V15_CURATED_GEOGRAPHY,HIGH,Culture générale V15.
ETAG-12288,EVT-1032,TAG-0154,V15_CURATED_GEOGRAPHY,HIGH,Culture générale V15.
ETAG-12294,EVT-1033,TAG-0114,V15_CURATED_SEMANTIC,HIGH,Culture générale V15.
ETAG-12295,EVT-1033,TAG-0135,V15_CURATED_SEMANTIC,HIGH,Culture générale V15.
ETAG-12296,EVT-1033,TAG-0223,V15_CURATED_GEOGRAPHY,HIGH,Culture générale V15.
ETAG-12297,EVT-1033,TAG-0154,V15_CURATED_GEOGRAPHY,HIGH,Culture générale V15.
ETAG-12303,EVT-1034,TAG-0111,V15_CURATED_SEMANTIC,HIGH,Culture générale V15.
ETAG-12304,EVT-1034,TAG-0116,V15_CURATED_SEMANTIC,HIGH,Culture générale V15.
ETAG-12305,EVT-1034,TAG-0238,V15_CURATED_GEOGRAPHY,HIGH,Culture générale V15.
ETAG-12306,EVT-1034,TAG-0174,V15_CURATED_GEOGRAPHY,HIGH,Culture générale V15.
ETAG-12312,EVT-1035,TAG-0144,V15_CURATED_SEMANTIC,HIGH,Culture générale V15.
ETAG-12313,EVT-1035,TAG-0127,V15_CURATED_SEMANTIC,HIGH,Culture générale V15.
ETAG-12314,EVT-1035,TAG-0225,V15_CURATED_GEOGRAPHY,HIGH,Culture générale V15.
ETAG-12315,EVT-1035,TAG-0154,V15_CURATED_GEOGRAPHY,HIGH,Culture générale V15.
ETAG-12321,EVT-1036,TAG-0145,V15_CURATED_SEMANTIC,HIGH,Culture générale V15.
ETAG-12322,EVT-1036,TAG-0106,V15_CURATED_SEMANTIC,HIGH,Culture générale V15.
ETAG-12323,EVT-1036,TAG-0159,V15_CURATED_GEOGRAPHY,HIGH,Culture générale V15.
ETAG-12324,EVT-1036,TAG-0154,V15_CURATED_GEOGRAPHY,HIGH,Culture générale V15.
ETAG-12330,EVT-1037,TAG-0106,V15_CURATED_SEMANTIC,HIGH,Culture générale V15.
ETAG-12331,EVT-1037,TAG-0158,V15_CURATED_GEOGRAPHY,HIGH,Culture générale V15.
ETAG-12332,EVT-1037,TAG-0154,V15_CURATED_GEOGRAPHY,HIGH,Culture générale V15.
ETAG-12338,EVT-1038,TAG-0208,V15_CURATED_SEMANTIC,HIGH,Culture générale V15.
ETAG-12339,EVT-1038,TAG-0129,V15_CURATED_SEMANTIC,HIGH,Culture générale V15.
ETAG-12340,EVT-1038,TAG-0165,V15_CURATED_GEOGRAPHY,HIGH,Culture générale V15.
ETAG-12341,EVT-1038,TAG-0186,V15_CURATED_GEOGRAPHY,HIGH,Culture générale V15.
ETAG-12347,EVT-1039,TAG-0137,V15_CURATED_SEMANTIC,HIGH,Culture générale V15.
ETAG-12348,EVT-1039,TAG-0111,V15_CURATED_SEMANTIC,HIGH,Culture générale V15.
ETAG-12349,EVT-1039,TAG-0204,V15_CURATED_GEOGRAPHY,HIGH,Culture générale V15.
ETAG-12350,EVT-1039,TAG-0154,V15_CURATED_GEOGRAPHY,HIGH,Culture générale V15.
ETAG-12356,EVT-1040,TAG-0127,V15_CURATED_SEMANTIC,HIGH,Culture générale V15.
ETAG-12357,EVT-1040,TAG-0128,V15_CURATED_SEMANTIC,HIGH,Culture générale V15.
ETAG-12358,EVT-1040,TAG-0165,V15_CURATED_GEOGRAPHY,HIGH,Culture générale V15.
ETAG-12359,EVT-1040,TAG-0186,V15_CURATED_GEOGRAPHY,HIGH,Culture générale V15.
ETAG-12365,EVT-1041,TAG-0132,V15_CURATED_SEMANTIC,HIGH,Culture générale V15.
ETAG-12366,EVT-1041,TAG-0135,V15_CURATED_SEMANTIC,HIGH,Culture générale V15.
ETAG-12367,EVT-1041,TAG-0158,V15_CURATED_GEOGRAPHY,HIGH,Culture générale V15.
ETAG-12368,EVT-1041,TAG-0165,V15_CURATED_GEOGRAPHY,HIGH,Culture générale V15.
ETAG-12369,EVT-1041,TAG-0153,V15_CURATED_GEOGRAPHY,HIGH,Culture générale V15.
ETAG-12376,EVT-1042,TAG-0111,V18_CURATED_SEMANTIC,HIGH,Culture générale V18.
ETAG-12377,EVT-1042,TAG-0112,V18_CURATED_SEMANTIC,HIGH,Culture générale V18.
ETAG-12378,EVT-1042,TAG-0115,V18_CURATED_SEMANTIC,HIGH,Culture générale V18.
ETAG-12379,EVT-1042,TAG-0195,V18_CURATED_GEOGRAPHY,HIGH,Culture générale V18.
ETAG-12380,EVT-1042,TAG-0171,V18_CURATED_GEOGRAPHY,HIGH,Culture générale V18.
ETAG-12387,EVT-1043,TAG-0119,V18_CURATED_SEMANTIC,HIGH,Culture générale V18.
ETAG-12388,EVT-1043,TAG-0106,V18_CURATED_SEMANTIC,HIGH,Culture générale V18.
ETAG-12389,EVT-1043,TAG-0195,V18_CURATED_GEOGRAPHY,HIGH,Culture générale V18.
ETAG-12390,EVT-1043,TAG-0174,V18_CURATED_GEOGRAPHY,HIGH,Culture générale V18.
ETAG-12397,EVT-1044,TAG-0106,V18_CURATED_SEMANTIC,HIGH,Culture générale V18.
ETAG-12398,EVT-1044,TAG-0132,V18_CURATED_SEMANTIC,HIGH,Culture générale V18.
ETAG-12399,EVT-1044,TAG-0195,V18_CURATED_GEOGRAPHY,HIGH,Culture générale V18.
ETAG-12400,EVT-1044,TAG-0174,V18_CURATED_GEOGRAPHY,HIGH,Culture générale V18.
ETAG-12407,EVT-1045,TAG-0111,V18_CURATED_SEMANTIC,HIGH,Culture générale V18.
ETAG-12408,EVT-1045,TAG-0123,V18_CURATED_SEMANTIC,HIGH,Culture générale V18.
ETAG-12409,EVT-1045,TAG-0155,V18_CURATED_GEOGRAPHY,HIGH,Culture générale V18.
ETAG-12410,EVT-1045,TAG-0171,V18_CURATED_GEOGRAPHY,HIGH,Culture générale V18.
ETAG-12417,EVT-1046,TAG-0108,V18_CURATED_SEMANTIC,HIGH,Culture générale V18.
ETAG-12418,EVT-1046,TAG-0116,V18_CURATED_SEMANTIC,HIGH,Culture générale V18.
ETAG-12419,EVT-1046,TAG-0175,V18_CURATED_GEOGRAPHY,HIGH,Culture générale V18.
ETAG-12420,EVT-1046,TAG-0155,V18_CURATED_GEOGRAPHY,HIGH,Culture générale V18.
ETAG-12427,EVT-1047,TAG-0111,V18_CURATED_SEMANTIC,HIGH,Culture générale V18.
ETAG-12428,EVT-1047,TAG-0115,V18_CURATED_SEMANTIC,HIGH,Culture générale V18.
ETAG-12429,EVT-1047,TAG-0171,V18_CURATED_GEOGRAPHY,HIGH,Culture générale V18.
ETAG-12436,EVT-1048,TAG-0111,V18_CURATED_SEMANTIC,HIGH,Culture générale V18.
ETAG-12437,EVT-1048,TAG-0115,V18_CURATED_SEMANTIC,HIGH,Culture générale V18.
ETAG-12438,EVT-1048,TAG-0173,V18_CURATED_GEOGRAPHY,HIGH,Culture générale V18.
ETAG-12439,EVT-1048,TAG-0171,V18_CURATED_GEOGRAPHY,HIGH,Culture générale V18.
ETAG-12446,EVT-1049,TAG-0111,V18_CURATED_SEMANTIC,HIGH,Culture générale V18.
ETAG-12447,EVT-1049,TAG-0115,V18_CURATED_SEMANTIC,HIGH,Culture générale V18.
ETAG-12448,EVT-1049,TAG-0173,V18_CURATED_GEOGRAPHY,HIGH,Culture générale V18.
ETAG-12449,EVT-1049,TAG-0171,V18_CURATED_GEOGRAPHY,HIGH,Culture générale V18.
ETAG-12456,EVT-1050,TAG-0111,V18_CURATED_SEMANTIC,HIGH,Culture générale V18.
ETAG-12457,EVT-1050,TAG-0115,V18_CURATED_SEMANTIC,HIGH,Culture générale V18.
ETAG-12458,EVT-1050,TAG-0195,V18_CURATED_GEOGRAPHY,HIGH,Culture générale V18.
ETAG-12459,EVT-1050,TAG-0171,V18_CURATED_GEOGRAPHY,HIGH,Culture générale V18.
ETAG-12466,EVT-1051,TAG-0113,V18_CURATED_SEMANTIC,HIGH,Culture générale V18.
ETAG-12467,EVT-1051,TAG-0111,V18_CURATED_SEMANTIC,HIGH,Culture générale V18.
ETAG-12468,EVT-1051,TAG-0161,V18_CURATED_GEOGRAPHY,HIGH,Culture générale V18.
ETAG-12469,EVT-1051,TAG-0171,V18_CURATED_GEOGRAPHY,HIGH,Culture générale V18.
ETAG-12476,EVT-1052,TAG-0111,V18_CURATED_SEMANTIC,HIGH,Culture générale V18.
ETAG-12477,EVT-1052,TAG-0112,V18_CURATED_SEMANTIC,HIGH,Culture générale V18.
ETAG-12478,EVT-1052,TAG-0161,V18_CURATED_GEOGRAPHY,HIGH,Culture générale V18.
ETAG-12479,EVT-1052,TAG-0160,V18_CURATED_GEOGRAPHY,HIGH,Culture générale V18.
ETAG-12486,EVT-1053,TAG-0144,V18_CURATED_SEMANTIC,HIGH,Culture générale V18.
ETAG-12487,EVT-1053,TAG-0106,V18_CURATED_SEMANTIC,HIGH,Culture générale V18.
ETAG-12488,EVT-1053,TAG-0161,V18_CURATED_GEOGRAPHY,HIGH,Culture générale V18.
ETAG-12489,EVT-1053,TAG-0154,V18_CURATED_GEOGRAPHY,HIGH,Culture générale V18.
ETAG-12496,EVT-1054,TAG-0106,V18_CURATED_SEMANTIC,HIGH,Culture générale V18.
ETAG-12497,EVT-1054,TAG-0108,V18_CURATED_SEMANTIC,HIGH,Culture générale V18.
ETAG-12498,EVT-1054,TAG-0195,V18_CURATED_GEOGRAPHY,HIGH,Culture générale V18.
ETAG-12499,EVT-1054,TAG-0155,V18_CURATED_GEOGRAPHY,HIGH,Culture générale V18.
ETAG-12506,EVT-1055,TAG-0111,V18_CURATED_SEMANTIC,HIGH,Culture générale V18.
ETAG-12507,EVT-1055,TAG-0112,V18_CURATED_SEMANTIC,HIGH,Culture générale V18.
ETAG-12508,EVT-1055,TAG-0160,V18_CURATED_GEOGRAPHY,HIGH,Culture générale V18.
ETAG-12509,EVT-1055,TAG-0161,V18_CURATED_GEOGRAPHY,HIGH,Culture générale V18.
ETAG-12516,EVT-1056,TAG-0111,V18_CURATED_SEMANTIC,HIGH,Culture générale V18.
ETAG-12517,EVT-1056,TAG-0114,V18_CURATED_SEMANTIC,HIGH,Culture générale V18.
ETAG-12518,EVT-1056,TAG-0160,V18_CURATED_GEOGRAPHY,HIGH,Culture générale V18.
ETAG-12519,EVT-1056,TAG-0175,V18_CURATED_GEOGRAPHY,HIGH,Culture générale V18.
ETAG-12526,EVT-1057,TAG-0111,V18_CURATED_SEMANTIC,HIGH,Culture générale V18.
ETAG-12527,EVT-1057,TAG-0160,V18_CURATED_GEOGRAPHY,HIGH,Culture générale V18.
ETAG-12528,EVT-1057,TAG-0175,V18_CURATED_GEOGRAPHY,HIGH,Culture générale V18.
ETAG-12535,EVT-1058,TAG-0106,V18_CURATED_SEMANTIC,HIGH,Culture générale V18.
ETAG-12536,EVT-1058,TAG-0123,V18_CURATED_SEMANTIC,HIGH,Culture générale V18.
ETAG-12537,EVT-1058,TAG-0160,V18_CURATED_GEOGRAPHY,HIGH,Culture générale V18.
ETAG-12538,EVT-1058,TAG-0154,V18_CURATED_GEOGRAPHY,HIGH,Culture générale V18.
ETAG-12545,EVT-1059,TAG-0111,V18_CURATED_SEMANTIC,HIGH,Culture générale V18.
ETAG-12546,EVT-1059,TAG-0110,V18_CURATED_SEMANTIC,HIGH,Culture générale V18.
ETAG-12547,EVT-1059,TAG-0160,V18_CURATED_GEOGRAPHY,HIGH,Culture générale V18.
ETAG-12548,EVT-1059,TAG-0154,V18_CURATED_GEOGRAPHY,HIGH,Culture générale V18.
ETAG-12555,EVT-1060,TAG-0111,V18_CURATED_SEMANTIC,HIGH,Culture générale V18.
ETAG-12556,EVT-1060,TAG-0115,V18_CURATED_SEMANTIC,HIGH,Culture générale V18.
ETAG-12557,EVT-1060,TAG-0158,V18_CURATED_GEOGRAPHY,HIGH,Culture générale V18.
ETAG-12558,EVT-1060,TAG-0154,V18_CURATED_GEOGRAPHY,HIGH,Culture générale V18.
ETAG-12565,EVT-1061,TAG-0113,V18_CURATED_SEMANTIC,HIGH,Culture générale V18.
ETAG-12566,EVT-1061,TAG-0111,V18_CURATED_SEMANTIC,HIGH,Culture générale V18.
ETAG-12567,EVT-1061,TAG-0158,V18_CURATED_GEOGRAPHY,HIGH,Culture générale V18.
ETAG-12568,EVT-1061,TAG-0154,V18_CURATED_GEOGRAPHY,HIGH,Culture générale V18.
ETAG-12575,EVT-1062,TAG-0129,V18_CURATED_SEMANTIC,HIGH,Culture générale V18.
ETAG-12576,EVT-1062,TAG-0143,V18_CURATED_SEMANTIC,HIGH,Culture générale V18.
ETAG-12577,EVT-1062,TAG-0158,V18_CURATED_GEOGRAPHY,HIGH,Culture générale V18.
ETAG-12578,EVT-1062,TAG-0154,V18_CURATED_GEOGRAPHY,HIGH,Culture générale V18.
ETAG-12585,EVT-1063,TAG-0128,V18_CURATED_SEMANTIC,HIGH,Culture générale V18.
ETAG-12586,EVT-1063,TAG-0123,V18_CURATED_SEMANTIC,HIGH,Culture générale V18.
ETAG-12587,EVT-1063,TAG-0154,V18_CURATED_GEOGRAPHY,HIGH,Culture générale V18.
ETAG-12588,EVT-1063,TAG-0155,V18_CURATED_GEOGRAPHY,HIGH,Culture générale V18.
ETAG-12595,EVT-1064,TAG-0109,V18_CURATED_SEMANTIC,HIGH,Culture générale V18.
ETAG-12596,EVT-1064,TAG-0110,V18_CURATED_SEMANTIC,HIGH,Culture générale V18.
ETAG-12597,EVT-1064,TAG-0154,V18_CURATED_GEOGRAPHY,HIGH,Culture générale V18.
ETAG-12598,EVT-1064,TAG-0155,V18_CURATED_GEOGRAPHY,HIGH,Culture générale V18.
ETAG-12605,EVT-1065,TAG-0119,V18_CURATED_SEMANTIC,HIGH,Culture générale V18.
ETAG-12606,EVT-1065,TAG-0106,V18_CURATED_SEMANTIC,HIGH,Culture générale V18.
ETAG-12607,EVT-1065,TAG-0154,V18_CURATED_GEOGRAPHY,HIGH,Culture générale V18.
ETAG-12608,EVT-1065,TAG-0155,V18_CURATED_GEOGRAPHY,HIGH,Culture générale V18.
ETAG-12615,EVT-1066,TAG-0119,V18_CURATED_SEMANTIC,HIGH,Culture générale V18.
ETAG-12616,EVT-1066,TAG-0110,V18_CURATED_SEMANTIC,HIGH,Culture générale V18.
ETAG-12617,EVT-1066,TAG-0160,V18_CURATED_GEOGRAPHY,HIGH,Culture générale V18.
ETAG-12618,EVT-1066,TAG-0154,V18_CURATED_GEOGRAPHY,HIGH,Culture générale V18.
ETAG-12625,EVT-1067,TAG-0108,V18_CURATED_SEMANTIC,HIGH,Culture générale V18.
ETAG-12626,EVT-1067,TAG-0115,V18_CURATED_SEMANTIC,HIGH,Culture générale V18.
ETAG-12627,EVT-1067,TAG-0169,V18_CURATED_GEOGRAPHY,HIGH,Culture générale V18.
ETAG-12628,EVT-1067,TAG-0154,V18_CURATED_GEOGRAPHY,HIGH,Culture générale V18.
ETAG-12635,EVT-1068,TAG-0111,V18_CURATED_SEMANTIC,HIGH,Culture générale V18.
ETAG-12636,EVT-1068,TAG-0112,V18_CURATED_SEMANTIC,HIGH,Culture générale V18.
ETAG-12637,EVT-1068,TAG-0169,V18_CURATED_GEOGRAPHY,HIGH,Culture générale V18.
ETAG-12638,EVT-1068,TAG-0154,V18_CURATED_GEOGRAPHY,HIGH,Culture générale V18.
ETAG-12645,EVT-1069,TAG-0109,V18_CURATED_SEMANTIC,HIGH,Culture générale V18.
ETAG-12646,EVT-1069,TAG-0108,V18_CURATED_SEMANTIC,HIGH,Culture générale V18.
ETAG-12647,EVT-1069,TAG-0170,V18_CURATED_GEOGRAPHY,HIGH,Culture générale V18.
ETAG-12648,EVT-1069,TAG-0154,V18_CURATED_GEOGRAPHY,HIGH,Culture générale V18.
ETAG-12655,EVT-1070,TAG-0111,V18_CURATED_SEMANTIC,HIGH,Culture générale V18.
ETAG-12656,EVT-1070,TAG-0139,V18_CURATED_SEMANTIC,HIGH,Culture générale V18.
ETAG-12657,EVT-1070,TAG-0160,V18_CURATED_GEOGRAPHY,HIGH,Culture générale V18.
ETAG-12658,EVT-1070,TAG-0154,V18_CURATED_GEOGRAPHY,HIGH,Culture générale V18.
ETAG-12665,EVT-1071,TAG-0106,V18_CURATED_SEMANTIC,HIGH,Culture générale V18.
ETAG-12666,EVT-1071,TAG-0115,V18_CURATED_SEMANTIC,HIGH,Culture générale V18.
ETAG-12667,EVT-1071,TAG-0170,V18_CURATED_GEOGRAPHY,HIGH,Culture générale V18.
ETAG-12668,EVT-1071,TAG-0154,V18_CURATED_GEOGRAPHY,HIGH,Culture générale V18.
ETAG-12675,EVT-1072,TAG-0111,V18_CURATED_SEMANTIC,HIGH,Culture générale V18.
ETAG-12676,EVT-1072,TAG-0112,V18_CURATED_SEMANTIC,HIGH,Culture générale V18.
ETAG-12677,EVT-1072,TAG-0157,V18_CURATED_GEOGRAPHY,HIGH,Culture générale V18.
ETAG-12678,EVT-1072,TAG-0154,V18_CURATED_GEOGRAPHY,HIGH,Culture générale V18.
ETAG-12685,EVT-1073,TAG-0106,V18_CURATED_SEMANTIC,HIGH,Culture générale V18.
ETAG-12686,EVT-1073,TAG-0108,V18_CURATED_SEMANTIC,HIGH,Culture générale V18.
ETAG-12687,EVT-1073,TAG-0157,V18_CURATED_GEOGRAPHY,HIGH,Culture générale V18.
ETAG-12688,EVT-1073,TAG-0154,V18_CURATED_GEOGRAPHY,HIGH,Culture générale V18.
ETAG-12695,EVT-1074,TAG-0108,V18_CURATED_SEMANTIC,HIGH,Culture générale V18.
ETAG-12696,EVT-1074,TAG-0106,V18_CURATED_SEMANTIC,HIGH,Culture générale V18.
ETAG-12697,EVT-1074,TAG-0164,V18_CURATED_GEOGRAPHY,HIGH,Culture générale V18.
ETAG-12698,EVT-1074,TAG-0154,V18_CURATED_GEOGRAPHY,HIGH,Culture générale V18.
ETAG-12705,EVT-1075,TAG-0111,V18_CURATED_SEMANTIC,HIGH,Culture générale V18.
ETAG-12706,EVT-1075,TAG-0112,V18_CURATED_SEMANTIC,HIGH,Culture générale V18.
ETAG-12707,EVT-1075,TAG-0159,V18_CURATED_GEOGRAPHY,HIGH,Culture générale V18.
ETAG-12708,EVT-1075,TAG-0154,V18_CURATED_GEOGRAPHY,HIGH,Culture générale V18.
ETAG-12715,EVT-1076,TAG-0106,V18_CURATED_SEMANTIC,HIGH,Culture générale V18.
ETAG-12716,EVT-1076,TAG-0108,V18_CURATED_SEMANTIC,HIGH,Culture générale V18.
ETAG-12717,EVT-1076,TAG-0157,V18_CURATED_GEOGRAPHY,HIGH,Culture générale V18.
ETAG-12718,EVT-1076,TAG-0154,V18_CURATED_GEOGRAPHY,HIGH,Culture générale V18.
ETAG-12725,EVT-1077,TAG-0106,V18_CURATED_SEMANTIC,HIGH,Culture générale V18.
ETAG-12726,EVT-1077,TAG-0108,V18_CURATED_SEMANTIC,HIGH,Culture générale V18.
ETAG-12727,EVT-1077,TAG-0158,V18_CURATED_GEOGRAPHY,HIGH,Culture générale V18.
ETAG-12728,EVT-1077,TAG-0154,V18_CURATED_GEOGRAPHY,HIGH,Culture générale V18.
ETAG-12735,EVT-1078,TAG-0119,V18_CURATED_SEMANTIC,HIGH,Culture générale V18.
ETAG-12736,EVT-1078,TAG-0142,V18_CURATED_SEMANTIC,HIGH,Culture générale V18.
ETAG-12737,EVT-1078,TAG-0154,V18_CURATED_GEOGRAPHY,HIGH,Culture générale V18.
ETAG-12738,EVT-1078,TAG-0155,V18_CURATED_GEOGRAPHY,HIGH,Culture générale V18.
ETAG-12745,EVT-1079,TAG-0119,V18_CURATED_SEMANTIC,HIGH,Culture générale V18.
ETAG-12746,EVT-1079,TAG-0111,V18_CURATED_SEMANTIC,HIGH,Culture générale V18.
ETAG-12747,EVT-1079,TAG-0154,V18_CURATED_GEOGRAPHY,HIGH,Culture générale V18.
ETAG-12748,EVT-1079,TAG-0171,V18_CURATED_GEOGRAPHY,HIGH,Culture générale V18.
ETAG-12755,EVT-1080,TAG-0119,V18_CURATED_SEMANTIC,HIGH,Culture générale V18.
ETAG-12756,EVT-1080,TAG-0111,V18_CURATED_SEMANTIC,HIGH,Culture générale V18.
ETAG-12757,EVT-1080,TAG-0157,V18_CURATED_GEOGRAPHY,HIGH,Culture générale V18.
ETAG-12758,EVT-1080,TAG-0154,V18_CURATED_GEOGRAPHY,HIGH,Culture générale V18.
ETAG-12765,EVT-1081,TAG-0111,V18_CURATED_SEMANTIC,HIGH,Culture générale V18.
ETAG-12766,EVT-1081,TAG-0115,V18_CURATED_SEMANTIC,HIGH,Culture générale V18.
ETAG-12767,EVT-1081,TAG-0154,V18_CURATED_GEOGRAPHY,HIGH,Culture générale V18.
ETAG-12768,EVT-1081,TAG-0180,V18_CURATED_GEOGRAPHY,HIGH,Culture générale V18.
ETAG-12775,EVT-1082,TAG-0111,V18_CURATED_SEMANTIC,HIGH,Culture générale V18.
ETAG-12776,EVT-1082,TAG-0142,V18_CURATED_SEMANTIC,HIGH,Culture générale V18.
ETAG-12777,EVT-1082,TAG-0157,V18_CURATED_GEOGRAPHY,HIGH,Culture générale V18.
ETAG-12778,EVT-1082,TAG-0158,V18_CURATED_GEOGRAPHY,HIGH,Culture générale V18.
ETAG-12785,EVT-1083,TAG-0111,V18_CURATED_SEMANTIC,HIGH,Culture générale V18.
ETAG-12786,EVT-1083,TAG-0112,V18_CURATED_SEMANTIC,HIGH,Culture générale V18.
ETAG-12787,EVT-1083,TAG-0157,V18_CURATED_GEOGRAPHY,HIGH,Culture générale V18.
ETAG-12788,EVT-1083,TAG-0158,V18_CURATED_GEOGRAPHY,HIGH,Culture générale V18.
ETAG-12795,EVT-1084,TAG-0131,V18_CURATED_SEMANTIC,HIGH,Culture générale V18.
ETAG-12796,EVT-1084,TAG-0114,V18_CURATED_SEMANTIC,HIGH,Culture générale V18.
ETAG-12797,EVT-1084,TAG-0166,V18_CURATED_GEOGRAPHY,HIGH,Culture générale V18.
ETAG-12798,EVT-1084,TAG-0180,V18_CURATED_GEOGRAPHY,HIGH,Culture générale V18.
ETAG-12805,EVT-1085,TAG-0111,V18_CURATED_SEMANTIC,HIGH,Culture générale V18.
ETAG-12806,EVT-1085,TAG-0106,V18_CURATED_SEMANTIC,HIGH,Culture générale V18.
ETAG-12807,EVT-1085,TAG-0158,V18_CURATED_GEOGRAPHY,HIGH,Culture générale V18.
ETAG-12808,EVT-1085,TAG-0154,V18_CURATED_GEOGRAPHY,HIGH,Culture générale V18.
ETAG-12815,EVT-1086,TAG-0111,V18_CURATED_SEMANTIC,HIGH,Culture générale V18.
ETAG-12816,EVT-1086,TAG-0142,V18_CURATED_SEMANTIC,HIGH,Culture générale V18.
ETAG-12817,EVT-1086,TAG-0160,V18_CURATED_GEOGRAPHY,HIGH,Culture générale V18.
ETAG-12818,EVT-1086,TAG-0157,V18_CURATED_GEOGRAPHY,HIGH,Culture générale V18.
ETAG-12825,EVT-1087,TAG-0115,V18_CURATED_SEMANTIC,HIGH,Culture générale V18.
ETAG-12826,EVT-1087,TAG-0119,V18_CURATED_SEMANTIC,HIGH,Culture générale V18.
ETAG-12827,EVT-1087,TAG-0202,V18_CURATED_GEOGRAPHY,HIGH,Culture générale V18.
ETAG-12828,EVT-1087,TAG-0171,V18_CURATED_GEOGRAPHY,HIGH,Culture générale V18.
ETAG-12835,EVT-1088,TAG-0111,V18_CURATED_SEMANTIC,HIGH,Culture générale V18.
ETAG-12836,EVT-1088,TAG-0112,V18_CURATED_SEMANTIC,HIGH,Culture générale V18.
ETAG-12837,EVT-1088,TAG-0158,V18_CURATED_GEOGRAPHY,HIGH,Culture générale V18.
ETAG-12838,EVT-1088,TAG-0154,V18_CURATED_GEOGRAPHY,HIGH,Culture générale V18.
ETAG-12845,EVT-1089,TAG-0111,V18_CURATED_SEMANTIC,HIGH,Culture générale V18.
ETAG-12846,EVT-1089,TAG-0112,V18_CURATED_SEMANTIC,HIGH,Culture générale V18.
ETAG-12847,EVT-1089,TAG-0244,V18_CURATED_GEOGRAPHY,HIGH,Culture générale V18.
ETAG-12848,EVT-1089,TAG-0154,V18_CURATED_GEOGRAPHY,HIGH,Culture générale V18.
ETAG-12855,EVT-1090,TAG-0116,V18_CURATED_SEMANTIC,HIGH,Culture générale V18.
ETAG-12856,EVT-1090,TAG-0111,V18_CURATED_SEMANTIC,HIGH,Culture générale V18.
ETAG-12857,EVT-1090,TAG-0187,V18_CURATED_GEOGRAPHY,HIGH,Culture générale V18.
ETAG-12858,EVT-1090,TAG-0162,V18_CURATED_GEOGRAPHY,HIGH,Culture générale V18.
ETAG-12865,EVT-1091,TAG-0106,V18_CURATED_SEMANTIC,HIGH,Culture générale V18.
ETAG-12866,EVT-1091,TAG-0115,V18_CURATED_SEMANTIC,HIGH,Culture générale V18.
ETAG-12867,EVT-1091,TAG-0162,V18_CURATED_GEOGRAPHY,HIGH,Culture générale V18.
ETAG-12868,EVT-1091,TAG-0163,V18_CURATED_GEOGRAPHY,HIGH,Culture générale V18.
ETAG-12875,EVT-1092,TAG-0106,V18_CURATED_SEMANTIC,HIGH,Culture générale V18.
ETAG-12876,EVT-1092,TAG-0119,V18_CURATED_SEMANTIC,HIGH,Culture générale V18.
ETAG-12877,EVT-1092,TAG-0158,V18_CURATED_GEOGRAPHY,HIGH,Culture générale V18.
ETAG-12878,EVT-1092,TAG-0154,V18_CURATED_GEOGRAPHY,HIGH,Culture générale V18.
ETAG-12885,EVT-1093,TAG-0139,V18_CURATED_SEMANTIC,HIGH,Culture générale V18.
ETAG-12886,EVT-1093,TAG-0116,V18_CURATED_SEMANTIC,HIGH,Culture générale V18.
ETAG-12887,EVT-1093,TAG-0165,V18_CURATED_GEOGRAPHY,HIGH,Culture générale V18.
ETAG-12888,EVT-1093,TAG-0186,V18_CURATED_GEOGRAPHY,HIGH,Culture générale V18.
ETAG-12895,EVT-1094,TAG-0116,V18_CURATED_SEMANTIC,HIGH,Culture générale V18.
ETAG-12896,EVT-1094,TAG-0108,V18_CURATED_SEMANTIC,HIGH,Culture générale V18.
ETAG-12897,EVT-1094,TAG-0165,V18_CURATED_GEOGRAPHY,HIGH,Culture générale V18.
ETAG-12898,EVT-1094,TAG-0186,V18_CURATED_GEOGRAPHY,HIGH,Culture générale V18.
ETAG-12905,EVT-1095,TAG-0127,V18_CURATED_SEMANTIC,HIGH,Culture générale V18.
ETAG-12906,EVT-1095,TAG-0119,V18_CURATED_SEMANTIC,HIGH,Culture générale V18.
ETAG-12907,EVT-1095,TAG-0160,V18_CURATED_GEOGRAPHY,HIGH,Culture générale V18.
ETAG-12908,EVT-1095,TAG-0154,V18_CURATED_GEOGRAPHY,HIGH,Culture générale V18.
ETAG-12915,EVT-1096,TAG-0111,V18_CURATED_SEMANTIC,HIGH,Culture générale V18.
ETAG-12916,EVT-1096,TAG-0114,V18_CURATED_SEMANTIC,HIGH,Culture générale V18.
ETAG-12917,EVT-1096,TAG-0157,V18_CURATED_GEOGRAPHY,HIGH,Culture générale V18.
ETAG-12918,EVT-1096,TAG-0223,V18_CURATED_GEOGRAPHY,HIGH,Culture générale V18.
ETAG-12919,EVT-1096,TAG-0154,V18_CURATED_GEOGRAPHY,HIGH,Culture générale V18.
ETAG-12926,EVT-1097,TAG-0111,V18_CURATED_SEMANTIC,HIGH,Culture générale V18.
ETAG-12927,EVT-1097,TAG-0112,V18_CURATED_SEMANTIC,HIGH,Culture générale V18.
ETAG-12928,EVT-1097,TAG-0225,V18_CURATED_GEOGRAPHY,HIGH,Culture générale V18.
ETAG-12929,EVT-1097,TAG-0169,V18_CURATED_GEOGRAPHY,HIGH,Culture générale V18.
ETAG-12936,EVT-1098,TAG-0114,V18_CURATED_SEMANTIC,HIGH,Culture générale V18.
ETAG-12937,EVT-1098,TAG-0111,V18_CURATED_SEMANTIC,HIGH,Culture générale V18.
ETAG-12938,EVT-1098,TAG-0157,V18_CURATED_GEOGRAPHY,HIGH,Culture générale V18.
ETAG-12939,EVT-1098,TAG-0223,V18_CURATED_GEOGRAPHY,HIGH,Culture générale V18.
ETAG-12940,EVT-1098,TAG-0154,V18_CURATED_GEOGRAPHY,HIGH,Culture générale V18.
ETAG-12947,EVT-1099,TAG-0121,V18_CURATED_SEMANTIC,HIGH,Culture générale V18.
ETAG-12948,EVT-1099,TAG-0158,V18_CURATED_GEOGRAPHY,HIGH,Culture générale V18.
ETAG-12949,EVT-1099,TAG-0154,V18_CURATED_GEOGRAPHY,HIGH,Culture générale V18.
ETAG-12956,EVT-1100,TAG-0115,V18_CURATED_SEMANTIC,HIGH,Culture générale V18.
ETAG-12957,EVT-1100,TAG-0108,V18_CURATED_SEMANTIC,HIGH,Culture générale V18.
ETAG-12958,EVT-1100,TAG-0164,V18_CURATED_GEOGRAPHY,HIGH,Culture générale V18.
ETAG-12959,EVT-1100,TAG-0154,V18_CURATED_GEOGRAPHY,HIGH,Culture générale V18.
ETAG-12966,EVT-1101,TAG-0129,V18_CURATED_SEMANTIC,HIGH,Culture générale V18.
ETAG-12967,EVT-1101,TAG-0122,V18_CURATED_SEMANTIC,HIGH,Culture générale V18.
ETAG-12968,EVT-1101,TAG-0158,V18_CURATED_GEOGRAPHY,HIGH,Culture générale V18.
ETAG-12969,EVT-1101,TAG-0154,V18_CURATED_GEOGRAPHY,HIGH,Culture générale V18.
ETAG-12976,EVT-1102,TAG-0111,V18_CURATED_SEMANTIC,HIGH,Culture générale V18.
ETAG-12977,EVT-1102,TAG-0114,V18_CURATED_SEMANTIC,HIGH,Culture générale V18.
ETAG-12978,EVT-1102,TAG-0225,V18_CURATED_GEOGRAPHY,HIGH,Culture générale V18.
ETAG-12979,EVT-1102,TAG-0154,V18_CURATED_GEOGRAPHY,HIGH,Culture générale V18.
ETAG-12986,EVT-1103,TAG-0109,V18_CURATED_SEMANTIC,HIGH,Culture générale V18.
ETAG-12987,EVT-1103,TAG-0116,V18_CURATED_SEMANTIC,HIGH,Culture générale V18.
ETAG-12988,EVT-1103,TAG-0165,V18_CURATED_GEOGRAPHY,HIGH,Culture générale V18.
ETAG-12989,EVT-1103,TAG-0158,V18_CURATED_GEOGRAPHY,HIGH,Culture générale V18.
ETAG-12996,EVT-1104,TAG-0111,V18_CURATED_SEMANTIC,HIGH,Culture générale V18.
ETAG-12997,EVT-1104,TAG-0112,V18_CURATED_SEMANTIC,HIGH,Culture générale V18.
ETAG-12998,EVT-1104,TAG-0165,V18_CURATED_GEOGRAPHY,HIGH,Culture générale V18.
ETAG-12999,EVT-1104,TAG-0157,V18_CURATED_GEOGRAPHY,HIGH,Culture générale V18.
ETAG-13006,EVT-1105,TAG-0114,V18_CURATED_SEMANTIC,HIGH,Culture générale V18.
ETAG-13007,EVT-1105,TAG-0108,V18_CURATED_SEMANTIC,HIGH,Culture générale V18.
ETAG-13008,EVT-1105,TAG-0165,V18_CURATED_GEOGRAPHY,HIGH,Culture générale V18.
ETAG-13009,EVT-1105,TAG-0158,V18_CURATED_GEOGRAPHY,HIGH,Culture générale V18.
ETAG-13016,EVT-1106,TAG-0106,V18_CURATED_SEMANTIC,HIGH,Culture générale V18.
ETAG-13017,EVT-1106,TAG-0107,V18_CURATED_SEMANTIC,HIGH,Culture générale V18.
ETAG-13018,EVT-1106,TAG-0165,V18_CURATED_GEOGRAPHY,HIGH,Culture générale V18.
ETAG-13025,EVT-1107,TAG-0113,V18_CURATED_SEMANTIC,HIGH,Culture générale V18.
ETAG-13026,EVT-1107,TAG-0118,V18_CURATED_SEMANTIC,HIGH,Culture générale V18.
ETAG-13027,EVT-1107,TAG-0197,V18_CURATED_GEOGRAPHY,HIGH,Culture générale V18.
ETAG-13028,EVT-1107,TAG-0196,V18_CURATED_GEOGRAPHY,HIGH,Culture générale V18.
ETAG-13035,EVT-1108,TAG-0106,V18_CURATED_SEMANTIC,HIGH,Culture générale V18.
ETAG-13036,EVT-1108,TAG-0107,V18_CURATED_SEMANTIC,HIGH,Culture générale V18.
ETAG-13037,EVT-1108,TAG-0165,V18_CURATED_GEOGRAPHY,HIGH,Culture générale V18.
ETAG-13044,EVT-1109,TAG-0121,V18_CURATED_SEMANTIC,HIGH,Culture générale V18.
ETAG-13045,EVT-1109,TAG-0165,V18_CURATED_GEOGRAPHY,HIGH,Culture générale V18.
ETAG-13046,EVT-1109,TAG-0186,V18_CURATED_GEOGRAPHY,HIGH,Culture générale V18.
ETAG-13053,EVT-1110,TAG-0109,V18_CURATED_SEMANTIC,HIGH,Culture générale V18.
ETAG-13054,EVT-1110,TAG-0118,V18_CURATED_SEMANTIC,HIGH,Culture générale V18.
ETAG-13055,EVT-1110,TAG-0157,V18_CURATED_GEOGRAPHY,HIGH,Culture générale V18.
ETAG-13056,EVT-1110,TAG-0156,V18_CURATED_GEOGRAPHY,HIGH,Culture générale V18.
ETAG-13063,EVT-1111,TAG-0128,V18_CURATED_SEMANTIC,HIGH,Culture générale V18.
ETAG-13064,EVT-1111,TAG-0127,V18_CURATED_SEMANTIC,HIGH,Culture générale V18.
ETAG-13065,EVT-1111,TAG-0158,V18_CURATED_GEOGRAPHY,HIGH,Culture générale V18.
ETAG-13066,EVT-1111,TAG-0154,V18_CURATED_GEOGRAPHY,HIGH,Culture générale V18.
ETAG-13073,EVT-1112,TAG-0106,V18_CURATED_SEMANTIC,HIGH,Culture générale V18.
ETAG-13074,EVT-1112,TAG-0107,V18_CURATED_SEMANTIC,HIGH,Culture générale V18.
ETAG-13075,EVT-1112,TAG-0165,V18_CURATED_GEOGRAPHY,HIGH,Culture générale V18.
ETAG-13082,EVT-1113,TAG-0111,V18_CURATED_SEMANTIC,HIGH,Culture générale V18.
ETAG-13083,EVT-1113,TAG-0131,V18_CURATED_SEMANTIC,HIGH,Culture générale V18.
ETAG-13084,EVT-1113,TAG-0195,V18_CURATED_GEOGRAPHY,HIGH,Culture générale V18.
ETAG-13085,EVT-1113,TAG-0157,V18_CURATED_GEOGRAPHY,HIGH,Culture générale V18.
ETAG-13092,EVT-1114,TAG-0106,V18_CURATED_SEMANTIC,HIGH,Culture générale V18.
ETAG-13093,EVT-1114,TAG-0107,V18_CURATED_SEMANTIC,HIGH,Culture générale V18.
ETAG-13094,EVT-1114,TAG-0165,V18_CURATED_GEOGRAPHY,HIGH,Culture générale V18.
ETAG-13101,EVT-1115,TAG-0144,V18_CURATED_SEMANTIC,HIGH,Culture générale V18.
ETAG-13102,EVT-1115,TAG-0108,V18_CURATED_SEMANTIC,HIGH,Culture générale V18.
ETAG-13103,EVT-1115,TAG-0165,V18_CURATED_GEOGRAPHY,HIGH,Culture générale V18.
ETAG-13104,EVT-1115,TAG-0186,V18_CURATED_GEOGRAPHY,HIGH,Culture générale V18.
ETAG-13111,EVT-1116,TAG-0109,V18_CURATED_SEMANTIC,HIGH,Culture générale V18.
ETAG-13112,EVT-1116,TAG-0108,V18_CURATED_SEMANTIC,HIGH,Culture générale V18.
ETAG-13113,EVT-1116,TAG-0158,V18_CURATED_GEOGRAPHY,HIGH,Culture générale V18.
ETAG-13114,EVT-1116,TAG-0199,V18_CURATED_GEOGRAPHY,HIGH,Culture générale V18.
ETAG-13121,EVT-1117,TAG-0106,V18_CURATED_SEMANTIC,HIGH,Culture générale V18.
ETAG-13122,EVT-1117,TAG-0107,V18_CURATED_SEMANTIC,HIGH,Culture générale V18.
ETAG-13123,EVT-1117,TAG-0165,V18_CURATED_GEOGRAPHY,HIGH,Culture générale V18.
ETAG-13130,EVT-1118,TAG-0111,V18_CURATED_SEMANTIC,HIGH,Culture générale V18.
ETAG-13131,EVT-1118,TAG-0113,V18_CURATED_SEMANTIC,HIGH,Culture générale V18.
ETAG-13132,EVT-1118,TAG-0162,V18_CURATED_GEOGRAPHY,HIGH,Culture générale V18.
ETAG-13133,EVT-1118,TAG-0154,V18_CURATED_GEOGRAPHY,HIGH,Culture générale V18.
ETAG-13140,EVT-1119,TAG-0106,V18_CURATED_SEMANTIC,HIGH,Culture générale V18.
ETAG-13141,EVT-1119,TAG-0107,V18_CURATED_SEMANTIC,HIGH,Culture générale V18.
ETAG-13142,EVT-1119,TAG-0165,V18_CURATED_GEOGRAPHY,HIGH,Culture générale V18.
ETAG-13149,EVT-1120,TAG-0113,V18_CURATED_SEMANTIC,HIGH,Culture générale V18.
ETAG-13150,EVT-1120,TAG-0108,V18_CURATED_SEMANTIC,HIGH,Culture générale V18.
ETAG-13151,EVT-1120,TAG-0187,V18_CURATED_GEOGRAPHY,HIGH,Culture générale V18.
ETAG-13152,EVT-1120,TAG-0162,V18_CURATED_GEOGRAPHY,HIGH,Culture générale V18.
ETAG-13159,EVT-1121,TAG-0111,V18_CURATED_SEMANTIC,HIGH,Culture générale V18.
ETAG-13160,EVT-1121,TAG-0112,V18_CURATED_SEMANTIC,HIGH,Culture générale V18.
ETAG-13161,EVT-1121,TAG-0164,V18_CURATED_GEOGRAPHY,HIGH,Culture générale V18.
ETAG-13162,EVT-1121,TAG-0157,V18_CURATED_GEOGRAPHY,HIGH,Culture générale V18.
ETAG-13169,EVT-1122,TAG-0106,V18_CURATED_SEMANTIC,HIGH,Culture générale V18.
ETAG-13170,EVT-1122,TAG-0107,V18_CURATED_SEMANTIC,HIGH,Culture générale V18.
ETAG-13171,EVT-1122,TAG-0165,V18_CURATED_GEOGRAPHY,HIGH,Culture générale V18.
ETAG-13178,EVT-1123,TAG-0106,V18_CURATED_SEMANTIC,HIGH,Culture générale V18.
ETAG-13179,EVT-1123,TAG-0107,V18_CURATED_SEMANTIC,HIGH,Culture générale V18.
ETAG-13180,EVT-1123,TAG-0165,V18_CURATED_GEOGRAPHY,HIGH,Culture générale V18.
ETAG-13187,EVT-1124,TAG-0106,V18_CURATED_SEMANTIC,HIGH,Culture générale V18.
ETAG-13188,EVT-1124,TAG-0107,V18_CURATED_SEMANTIC,HIGH,Culture générale V18.
ETAG-13189,EVT-1124,TAG-0165,V18_CURATED_GEOGRAPHY,HIGH,Culture générale V18.
ETAG-13196,EVT-1125,TAG-0106,V18_CURATED_SEMANTIC,HIGH,Culture générale V18.
ETAG-13197,EVT-1125,TAG-0107,V18_CURATED_SEMANTIC,HIGH,Culture générale V18.
ETAG-13198,EVT-1125,TAG-0165,V18_CURATED_GEOGRAPHY,HIGH,Culture générale V18.
ETAG-13205,EVT-1126,TAG-0106,V18_CURATED_SEMANTIC,HIGH,Culture générale V18.
ETAG-13206,EVT-1126,TAG-0107,V18_CURATED_SEMANTIC,HIGH,Culture générale V18.
ETAG-13207,EVT-1126,TAG-0165,V18_CURATED_GEOGRAPHY,HIGH,Culture générale V18.
ETAG-13214,EVT-1127,TAG-0109,V18_CURATED_SEMANTIC,HIGH,Culture générale V18.
ETAG-13215,EVT-1127,TAG-0110,V18_CURATED_SEMANTIC,HIGH,Culture générale V18.
ETAG-13216,EVT-1127,TAG-0158,V18_CURATED_GEOGRAPHY,HIGH,Culture générale V18.
ETAG-13217,EVT-1127,TAG-0199,V18_CURATED_GEOGRAPHY,HIGH,Culture générale V18.
ETAG-13224,EVT-1128,TAG-0113,V18_CURATED_SEMANTIC,HIGH,Culture générale V18.
ETAG-13225,EVT-1128,TAG-0108,V18_CURATED_SEMANTIC,HIGH,Culture générale V18.
ETAG-13226,EVT-1128,TAG-0198,V18_CURATED_GEOGRAPHY,HIGH,Culture générale V18.
ETAG-13227,EVT-1128,TAG-0154,V18_CURATED_GEOGRAPHY,HIGH,Culture générale V18.
ETAG-13234,EVT-1129,TAG-0113,V18_CURATED_SEMANTIC,HIGH,Culture générale V18.
ETAG-13235,EVT-1129,TAG-0111,V18_CURATED_SEMANTIC,HIGH,Culture générale V18.
ETAG-13236,EVT-1129,TAG-0204,V18_CURATED_GEOGRAPHY,HIGH,Culture générale V18.
ETAG-13237,EVT-1129,TAG-0164,V18_CURATED_GEOGRAPHY,HIGH,Culture générale V18.
ETAG-13244,EVT-1130,TAG-0109,V18_CURATED_SEMANTIC,HIGH,Culture générale V18.
ETAG-13245,EVT-1130,TAG-0107,V18_CURATED_SEMANTIC,HIGH,Culture générale V18.
ETAG-13246,EVT-1130,TAG-0158,V18_CURATED_GEOGRAPHY,HIGH,Culture générale V18.
ETAG-13247,EVT-1130,TAG-0154,V18_CURATED_GEOGRAPHY,HIGH,Culture générale V18.
ETAG-13254,EVT-1131,TAG-0106,V18_CURATED_SEMANTIC,HIGH,Culture générale V18.
ETAG-13255,EVT-1131,TAG-0107,V18_CURATED_SEMANTIC,HIGH,Culture générale V18.
ETAG-13256,EVT-1131,TAG-0165,V18_CURATED_GEOGRAPHY,HIGH,Culture générale V18.
ETAG-13263,EVT-1132,TAG-0109,V18_CURATED_SEMANTIC,HIGH,Culture générale V18.
ETAG-13264,EVT-1132,TAG-0118,V18_CURATED_SEMANTIC,HIGH,Culture générale V18.
ETAG-13265,EVT-1132,TAG-0158,V18_CURATED_GEOGRAPHY,HIGH,Culture générale V18.
ETAG-13266,EVT-1132,TAG-0156,V18_CURATED_GEOGRAPHY,HIGH,Culture générale V18.
ETAG-13273,EVT-1133,TAG-0106,V18_CURATED_SEMANTIC,HIGH,Culture générale V18.
ETAG-13274,EVT-1133,TAG-0107,V18_CURATED_SEMANTIC,HIGH,Culture générale V18.
ETAG-13275,EVT-1133,TAG-0165,V18_CURATED_GEOGRAPHY,HIGH,Culture générale V18.
ETAG-13282,EVT-1134,TAG-0106,V18_CURATED_SEMANTIC,HIGH,Culture générale V18.
ETAG-13283,EVT-1134,TAG-0115,V18_CURATED_SEMANTIC,HIGH,Culture générale V18.
ETAG-13284,EVT-1134,TAG-0158,V18_CURATED_GEOGRAPHY,HIGH,Culture générale V18.
ETAG-13285,EVT-1134,TAG-0154,V18_CURATED_GEOGRAPHY,HIGH,Culture générale V18.
ETAG-13292,EVT-1135,TAG-0129,V18_CURATED_SEMANTIC,HIGH,Culture générale V18.
ETAG-13293,EVT-1135,TAG-0208,V18_CURATED_SEMANTIC,HIGH,Culture générale V18.
ETAG-13294,EVT-1135,TAG-0165,V18_CURATED_GEOGRAPHY,HIGH,Culture générale V18.
ETAG-13295,EVT-1135,TAG-0156,V18_CURATED_GEOGRAPHY,HIGH,Culture générale V18.
ETAG-13302,EVT-1136,TAG-0114,V18_CURATED_SEMANTIC,HIGH,Culture générale V18.
ETAG-13303,EVT-1136,TAG-0116,V18_CURATED_SEMANTIC,HIGH,Culture générale V18.
ETAG-13304,EVT-1136,TAG-0229,V18_CURATED_GEOGRAPHY,HIGH,Culture générale V18.
ETAG-13305,EVT-1136,TAG-0227,V18_CURATED_GEOGRAPHY,HIGH,Culture générale V18.
ETAG-13312,EVT-1137,TAG-0106,V18_CURATED_SEMANTIC,HIGH,Culture générale V18.
ETAG-13313,EVT-1137,TAG-0107,V18_CURATED_SEMANTIC,HIGH,Culture générale V18.
ETAG-13314,EVT-1137,TAG-0165,V18_CURATED_GEOGRAPHY,HIGH,Culture générale V18.
ETAG-13321,EVT-1138,TAG-0132,V18_CURATED_SEMANTIC,HIGH,Culture générale V18.
ETAG-13322,EVT-1138,TAG-0144,V18_CURATED_SEMANTIC,HIGH,Culture générale V18.
ETAG-13323,EVT-1138,TAG-0158,V18_CURATED_GEOGRAPHY,HIGH,Culture générale V18.
ETAG-13324,EVT-1138,TAG-0154,V18_CURATED_GEOGRAPHY,HIGH,Culture générale V18.
ETAG-13331,EVT-1139,TAG-0106,V18_CURATED_SEMANTIC,HIGH,Culture générale V18.
ETAG-13332,EVT-1139,TAG-0107,V18_CURATED_SEMANTIC,HIGH,Culture générale V18.
ETAG-13333,EVT-1139,TAG-0165,V18_CURATED_GEOGRAPHY,HIGH,Culture générale V18.
ETAG-13340,EVT-1140,TAG-0123,V18_CURATED_SEMANTIC,HIGH,Culture générale V18.
ETAG-13341,EVT-1140,TAG-0139,V18_CURATED_SEMANTIC,HIGH,Culture générale V18.
ETAG-13342,EVT-1140,TAG-0199,V18_CURATED_GEOGRAPHY,HIGH,Culture générale V18.
ETAG-13343,EVT-1140,TAG-0154,V18_CURATED_GEOGRAPHY,HIGH,Culture générale V18.
ETAG-13350,EVT-1141,TAG-0111,V18_CURATED_SEMANTIC,HIGH,Culture générale V18.
ETAG-13351,EVT-1141,TAG-0143,V18_CURATED_SEMANTIC,HIGH,Culture générale V18.
ETAG-13352,EVT-1141,TAG-0165,V18_CURATED_GEOGRAPHY,HIGH,Culture générale V18.
ETAG-13353,EVT-1141,TAG-0216,V18_CURATED_GEOGRAPHY,HIGH,Culture générale V18.
ETAG-13360,EVT-1142,TAG-0106,V18_CURATED_SEMANTIC,HIGH,Culture générale V18.
ETAG-13361,EVT-1142,TAG-0107,V18_CURATED_SEMANTIC,HIGH,Culture générale V18.
ETAG-13362,EVT-1142,TAG-0165,V18_CURATED_GEOGRAPHY,HIGH,Culture générale V18.
ETAG-13369,EVT-1143,TAG-0139,V18_CURATED_SEMANTIC,HIGH,Culture générale V18.
ETAG-13370,EVT-1143,TAG-0121,V18_CURATED_SEMANTIC,HIGH,Culture générale V18.
ETAG-13371,EVT-1143,TAG-0165,V18_CURATED_GEOGRAPHY,HIGH,Culture générale V18.
ETAG-13372,EVT-1143,TAG-0186,V18_CURATED_GEOGRAPHY,HIGH,Culture générale V18.
ETAG-13379,EVT-1144,TAG-0106,V18_CURATED_SEMANTIC,HIGH,Culture générale V18.
ETAG-13380,EVT-1144,TAG-0118,V18_CURATED_SEMANTIC,HIGH,Culture générale V18.
ETAG-13381,EVT-1144,TAG-0165,V18_CURATED_GEOGRAPHY,HIGH,Culture générale V18.
ETAG-13382,EVT-1144,TAG-0186,V18_CURATED_GEOGRAPHY,HIGH,Culture générale V18.
ETAG-13389,EVT-1145,TAG-0132,V18_CURATED_SEMANTIC,HIGH,Culture générale V18.
ETAG-13390,EVT-1145,TAG-0144,V18_CURATED_SEMANTIC,HIGH,Culture générale V18.
ETAG-13391,EVT-1145,TAG-0165,V18_CURATED_GEOGRAPHY,HIGH,Culture générale V18.
ETAG-13392,EVT-1145,TAG-0186,V18_CURATED_GEOGRAPHY,HIGH,Culture générale V18.
ETAG-13399,EVT-1146,TAG-0106,V18_CURATED_SEMANTIC,HIGH,Culture générale V18.
ETAG-13400,EVT-1146,TAG-0107,V18_CURATED_SEMANTIC,HIGH,Culture générale V18.
ETAG-13401,EVT-1146,TAG-0165,V18_CURATED_GEOGRAPHY,HIGH,Culture générale V18.
ETAG-13408,EVT-1147,TAG-0111,V18_CURATED_SEMANTIC,HIGH,Culture générale V18.
ETAG-13409,EVT-1147,TAG-0142,V18_CURATED_SEMANTIC,HIGH,Culture générale V18.
ETAG-13410,EVT-1147,TAG-0164,V18_CURATED_GEOGRAPHY,HIGH,Culture générale V18.
ETAG-13411,EVT-1147,TAG-0154,V18_CURATED_GEOGRAPHY,HIGH,Culture générale V18.
ETAG-13418,EVT-1148,TAG-0111,V18_CURATED_SEMANTIC,HIGH,Culture générale V18.
ETAG-13419,EVT-1148,TAG-0112,V18_CURATED_SEMANTIC,HIGH,Culture générale V18.
ETAG-13420,EVT-1148,TAG-0205,V18_CURATED_GEOGRAPHY,HIGH,Culture générale V18.
ETAG-13421,EVT-1148,TAG-0154,V18_CURATED_GEOGRAPHY,HIGH,Culture générale V18.
ETAG-13428,EVT-1149,TAG-0106,V18_CURATED_SEMANTIC,HIGH,Culture générale V18.
ETAG-13429,EVT-1149,TAG-0107,V18_CURATED_SEMANTIC,HIGH,Culture générale V18.
ETAG-13430,EVT-1149,TAG-0165,V18_CURATED_GEOGRAPHY,HIGH,Culture générale V18.
ETAG-13437,EVT-1150,TAG-0113,V18_CURATED_SEMANTIC,HIGH,Culture générale V18.
ETAG-13438,EVT-1150,TAG-0116,V18_CURATED_SEMANTIC,HIGH,Culture générale V18.
ETAG-13439,EVT-1150,TAG-0168,V18_CURATED_GEOGRAPHY,HIGH,Culture générale V18.
ETAG-13440,EVT-1150,TAG-0158,V18_CURATED_GEOGRAPHY,HIGH,Culture générale V18.
ETAG-13447,EVT-1151,TAG-0106,V18_CURATED_SEMANTIC,HIGH,Culture générale V18.
ETAG-13448,EVT-1151,TAG-0107,V18_CURATED_SEMANTIC,HIGH,Culture générale V18.
ETAG-13449,EVT-1151,TAG-0165,V18_CURATED_GEOGRAPHY,HIGH,Culture générale V18.
ETAG-13456,EVT-1152,TAG-0111,V18_CURATED_SEMANTIC,HIGH,Culture générale V18.
ETAG-13457,EVT-1152,TAG-0118,V18_CURATED_SEMANTIC,HIGH,Culture générale V18.
ETAG-13458,EVT-1152,TAG-0165,V18_CURATED_GEOGRAPHY,HIGH,Culture générale V18.
ETAG-13459,EVT-1152,TAG-0186,V18_CURATED_GEOGRAPHY,HIGH,Culture générale V18.
ETAG-13466,EVT-1153,TAG-0109,V18_CURATED_SEMANTIC,HIGH,Culture générale V18.
ETAG-13467,EVT-1153,TAG-0118,V18_CURATED_SEMANTIC,HIGH,Culture générale V18.
ETAG-13468,EVT-1153,TAG-0165,V18_CURATED_GEOGRAPHY,HIGH,Culture générale V18.
ETAG-13469,EVT-1153,TAG-0186,V18_CURATED_GEOGRAPHY,HIGH,Culture générale V18.
ETAG-13476,EVT-1154,TAG-0106,V18_CURATED_SEMANTIC,HIGH,Culture générale V18.
ETAG-13477,EVT-1154,TAG-0107,V18_CURATED_SEMANTIC,HIGH,Culture générale V18.
ETAG-13478,EVT-1154,TAG-0165,V18_CURATED_GEOGRAPHY,HIGH,Culture générale V18.
ETAG-13485,EVT-1155,TAG-0108,V18_CURATED_SEMANTIC,HIGH,Culture générale V18.
ETAG-13486,EVT-1155,TAG-0106,V18_CURATED_SEMANTIC,HIGH,Culture générale V18.
ETAG-13487,EVT-1155,TAG-0225,V18_CURATED_GEOGRAPHY,HIGH,Culture générale V18.
ETAG-13488,EVT-1155,TAG-0154,V18_CURATED_GEOGRAPHY,HIGH,Culture générale V18.
ETAG-13495,EVT-1156,TAG-0106,V18_CURATED_SEMANTIC,HIGH,Culture générale V18.
ETAG-13496,EVT-1156,TAG-0107,V18_CURATED_SEMANTIC,HIGH,Culture générale V18.
ETAG-13497,EVT-1156,TAG-0165,V18_CURATED_GEOGRAPHY,HIGH,Culture générale V18.
ETAG-13504,EVT-1157,TAG-0134,V18_CURATED_SEMANTIC,HIGH,Culture générale V18.
ETAG-13505,EVT-1157,TAG-0140,V18_CURATED_SEMANTIC,HIGH,Culture générale V18.
ETAG-13506,EVT-1157,TAG-0165,V18_CURATED_GEOGRAPHY,HIGH,Culture générale V18.
ETAG-13507,EVT-1157,TAG-0186,V18_CURATED_GEOGRAPHY,HIGH,Culture générale V18.
ETAG-13514,EVT-1158,TAG-0106,V18_CURATED_SEMANTIC,HIGH,Culture générale V18.
ETAG-13515,EVT-1158,TAG-0107,V18_CURATED_SEMANTIC,HIGH,Culture générale V18.
ETAG-13516,EVT-1158,TAG-0165,V18_CURATED_GEOGRAPHY,HIGH,Culture générale V18.
ETAG-13523,EVT-1159,TAG-0121,V18_CURATED_SEMANTIC,HIGH,Culture générale V18.
ETAG-13524,EVT-1159,TAG-0123,V18_CURATED_SEMANTIC,HIGH,Culture générale V18.
ETAG-13525,EVT-1159,TAG-0154,V18_CURATED_GEOGRAPHY,HIGH,Culture générale V18.
ETAG-13526,EVT-1159,TAG-0153,V18_CURATED_GEOGRAPHY,HIGH,Culture générale V18.
ETAG-13533,EVT-1160,TAG-0129,V18_CURATED_SEMANTIC,HIGH,Culture générale V18.
ETAG-13534,EVT-1160,TAG-0127,V18_CURATED_SEMANTIC,HIGH,Culture générale V18.
ETAG-13535,EVT-1160,TAG-0165,V18_CURATED_GEOGRAPHY,HIGH,Culture générale V18.
ETAG-13536,EVT-1160,TAG-0186,V18_CURATED_GEOGRAPHY,HIGH,Culture générale V18.
ETAG-13543,EVT-1161,TAG-0106,V18_CURATED_SEMANTIC,HIGH,Culture générale V18.
ETAG-13544,EVT-1161,TAG-0107,V18_CURATED_SEMANTIC,HIGH,Culture générale V18.
ETAG-13545,EVT-1161,TAG-0165,V18_CURATED_GEOGRAPHY,HIGH,Culture générale V18.
ETAG-13552,EVT-1162,TAG-0114,V18_CURATED_SEMANTIC,HIGH,Culture générale V18.
ETAG-13553,EVT-1162,TAG-0142,V18_CURATED_SEMANTIC,HIGH,Culture générale V18.
ETAG-13554,EVT-1162,TAG-0189,V18_CURATED_GEOGRAPHY,HIGH,Culture générale V18.
ETAG-13555,EVT-1162,TAG-0154,V18_CURATED_GEOGRAPHY,HIGH,Culture générale V18.
ETAG-13562,EVT-1163,TAG-0145,V18_CURATED_SEMANTIC,HIGH,Culture générale V18.
ETAG-13563,EVT-1163,TAG-0158,V18_CURATED_GEOGRAPHY,HIGH,Culture générale V18.
ETAG-13564,EVT-1163,TAG-0154,V18_CURATED_GEOGRAPHY,HIGH,Culture générale V18.
ETAG-13571,EVT-1164,TAG-0111,V18_CURATED_SEMANTIC,HIGH,Culture générale V18.
ETAG-13572,EVT-1164,TAG-0116,V18_CURATED_SEMANTIC,HIGH,Culture générale V18.
ETAG-13573,EVT-1164,TAG-0238,V18_CURATED_GEOGRAPHY,HIGH,Culture générale V18.
ETAG-13574,EVT-1164,TAG-0158,V18_CURATED_GEOGRAPHY,HIGH,Culture générale V18.
ETAG-13581,EVT-1165,TAG-0106,V18_CURATED_SEMANTIC,HIGH,Culture générale V18.
ETAG-13582,EVT-1165,TAG-0107,V18_CURATED_SEMANTIC,HIGH,Culture générale V18.
ETAG-13583,EVT-1165,TAG-0165,V18_CURATED_GEOGRAPHY,HIGH,Culture générale V18.
ETAG-13590,EVT-1166,TAG-0145,V18_CURATED_SEMANTIC,HIGH,Culture générale V18.
ETAG-13591,EVT-1166,TAG-0158,V18_CURATED_GEOGRAPHY,HIGH,Culture générale V18.
ETAG-13592,EVT-1166,TAG-0154,V18_CURATED_GEOGRAPHY,HIGH,Culture générale V18.
ETAG-13599,EVT-1167,TAG-0145,V18_CURATED_SEMANTIC,HIGH,Culture générale V18.
ETAG-13600,EVT-1167,TAG-0158,V18_CURATED_GEOGRAPHY,HIGH,Culture générale V18.
ETAG-13601,EVT-1167,TAG-0154,V18_CURATED_GEOGRAPHY,HIGH,Culture générale V18.
ETAG-13608,EVT-1168,TAG-0145,V18_CURATED_SEMANTIC,HIGH,Culture générale V18.
ETAG-13609,EVT-1168,TAG-0158,V18_CURATED_GEOGRAPHY,HIGH,Culture générale V18.
ETAG-13610,EVT-1168,TAG-0154,V18_CURATED_GEOGRAPHY,HIGH,Culture générale V18.
ETAG-13617,EVT-1169,TAG-0106,V18_CURATED_SEMANTIC,HIGH,Culture générale V18.
ETAG-13618,EVT-1169,TAG-0107,V18_CURATED_SEMANTIC,HIGH,Culture générale V18.
ETAG-13619,EVT-1169,TAG-0165,V18_CURATED_GEOGRAPHY,HIGH,Culture générale V18.
ETAG-13626,EVT-1170,TAG-0145,V18_CURATED_SEMANTIC,HIGH,Culture générale V18.
ETAG-13627,EVT-1170,TAG-0158,V18_CURATED_GEOGRAPHY,HIGH,Culture générale V18.
ETAG-13628,EVT-1170,TAG-0154,V18_CURATED_GEOGRAPHY,HIGH,Culture générale V18.
ETAG-13635,EVT-1171,TAG-0116,V18_CURATED_SEMANTIC,HIGH,Culture générale V18.
ETAG-13636,EVT-1171,TAG-0142,V18_CURATED_SEMANTIC,HIGH,Culture générale V18.
ETAG-13637,EVT-1171,TAG-0174,V18_CURATED_GEOGRAPHY,HIGH,Culture générale V18.
ETAG-13638,EVT-1171,TAG-0154,V18_CURATED_GEOGRAPHY,HIGH,Culture générale V18.
ETAG-13645,EVT-1172,TAG-0121,V18_CURATED_SEMANTIC,HIGH,Culture générale V18.
ETAG-13646,EVT-1172,TAG-0132,V18_CURATED_SEMANTIC,HIGH,Culture générale V18.
ETAG-13647,EVT-1172,TAG-0165,V18_CURATED_GEOGRAPHY,HIGH,Culture générale V18.
ETAG-13648,EVT-1172,TAG-0186,V18_CURATED_GEOGRAPHY,HIGH,Culture générale V18.
ETAG-13655,EVT-1173,TAG-0145,V18_CURATED_SEMANTIC,HIGH,Culture générale V18.
ETAG-13656,EVT-1173,TAG-0158,V18_CURATED_GEOGRAPHY,HIGH,Culture générale V18.
ETAG-13657,EVT-1173,TAG-0154,V18_CURATED_GEOGRAPHY,HIGH,Culture générale V18.
ETAG-13664,EVT-1174,TAG-0144,V18_CURATED_SEMANTIC,HIGH,Culture générale V18.
ETAG-13665,EVT-1174,TAG-0132,V18_CURATED_SEMANTIC,HIGH,Culture générale V18.
ETAG-13666,EVT-1174,TAG-0204,V18_CURATED_GEOGRAPHY,HIGH,Culture générale V18.
ETAG-13667,EVT-1174,TAG-0154,V18_CURATED_GEOGRAPHY,HIGH,Culture générale V18.
ETAG-13674,EVT-1175,TAG-0109,V18_CURATED_SEMANTIC,HIGH,Culture générale V18.
ETAG-13675,EVT-1175,TAG-0118,V18_CURATED_SEMANTIC,HIGH,Culture générale V18.
ETAG-13676,EVT-1175,TAG-0219,V18_CURATED_GEOGRAPHY,HIGH,Culture générale V18.
ETAG-13677,EVT-1175,TAG-0187,V18_CURATED_GEOGRAPHY,HIGH,Culture générale V18.
ETAG-13684,EVT-1176,TAG-0106,V18_CURATED_SEMANTIC,HIGH,Culture générale V18.
ETAG-13685,EVT-1176,TAG-0107,V18_CURATED_SEMANTIC,HIGH,Culture générale V18.
ETAG-13686,EVT-1176,TAG-0165,V18_CURATED_GEOGRAPHY,HIGH,Culture générale V18.
ETAG-13693,EVT-1177,TAG-0129,V18_CURATED_SEMANTIC,HIGH,Culture générale V18.
ETAG-13694,EVT-1177,TAG-0132,V18_CURATED_SEMANTIC,HIGH,Culture générale V18.
ETAG-13695,EVT-1177,TAG-0165,V18_CURATED_GEOGRAPHY,HIGH,Culture générale V18.
ETAG-13696,EVT-1177,TAG-0186,V18_CURATED_GEOGRAPHY,HIGH,Culture générale V18.
ETAG-13703,EVT-1178,TAG-0145,V18_CURATED_SEMANTIC,HIGH,Culture générale V18.
ETAG-13704,EVT-1178,TAG-0158,V18_CURATED_GEOGRAPHY,HIGH,Culture générale V18.
ETAG-13705,EVT-1178,TAG-0154,V18_CURATED_GEOGRAPHY,HIGH,Culture générale V18.
ETAG-13712,EVT-1179,TAG-0145,V18_CURATED_SEMANTIC,HIGH,Culture générale V18.
ETAG-13713,EVT-1179,TAG-0158,V18_CURATED_GEOGRAPHY,HIGH,Culture générale V18.
ETAG-13714,EVT-1179,TAG-0154,V18_CURATED_GEOGRAPHY,HIGH,Culture générale V18.
ETAG-13721,EVT-1180,TAG-0129,V18_CURATED_SEMANTIC,HIGH,Culture générale V18.
ETAG-13722,EVT-1180,TAG-0208,V18_CURATED_SEMANTIC,HIGH,Culture générale V18.
ETAG-13723,EVT-1180,TAG-0164,V18_CURATED_GEOGRAPHY,HIGH,Culture générale V18.
ETAG-13724,EVT-1180,TAG-0180,V18_CURATED_GEOGRAPHY,HIGH,Culture générale V18.
ETAG-13731,EVT-1181,TAG-0145,V18_CURATED_SEMANTIC,HIGH,Culture générale V18.
ETAG-13732,EVT-1181,TAG-0158,V18_CURATED_GEOGRAPHY,HIGH,Culture générale V18.
ETAG-13733,EVT-1181,TAG-0154,V18_CURATED_GEOGRAPHY,HIGH,Culture générale V18.
ETAG-13740,EVT-1182,TAG-0106,V18_CURATED_SEMANTIC,HIGH,Culture générale V18.
ETAG-13741,EVT-1182,TAG-0107,V18_CURATED_SEMANTIC,HIGH,Culture générale V18.
ETAG-13742,EVT-1182,TAG-0165,V18_CURATED_GEOGRAPHY,HIGH,Culture générale V18.
ETAG-13749,EVT-1183,TAG-0145,V18_CURATED_SEMANTIC,HIGH,Culture générale V18.
ETAG-13750,EVT-1183,TAG-0158,V18_CURATED_GEOGRAPHY,HIGH,Culture générale V18.
ETAG-13751,EVT-1183,TAG-0154,V18_CURATED_GEOGRAPHY,HIGH,Culture générale V18.
ETAG-13758,EVT-1184,TAG-0111,V18_CURATED_SEMANTIC,HIGH,Culture générale V18.
ETAG-13759,EVT-1184,TAG-0142,V18_CURATED_SEMANTIC,HIGH,Culture générale V18.
ETAG-13760,EVT-1184,TAG-0166,V18_CURATED_GEOGRAPHY,HIGH,Culture générale V18.
ETAG-13761,EVT-1184,TAG-0167,V18_CURATED_GEOGRAPHY,HIGH,Culture générale V18.
ETAG-13768,EVT-1185,TAG-0145,V18_CURATED_SEMANTIC,HIGH,Culture générale V18.
ETAG-13769,EVT-1185,TAG-0158,V18_CURATED_GEOGRAPHY,HIGH,Culture générale V18.
ETAG-13770,EVT-1185,TAG-0154,V18_CURATED_GEOGRAPHY,HIGH,Culture générale V18.
ETAG-13777,EVT-1186,TAG-0111,V18_CURATED_SEMANTIC,HIGH,Culture générale V18.
ETAG-13778,EVT-1186,TAG-0116,V18_CURATED_SEMANTIC,HIGH,Culture générale V18.
ETAG-13779,EVT-1186,TAG-0237,V18_CURATED_GEOGRAPHY,HIGH,Culture générale V18.
ETAG-13780,EVT-1186,TAG-0160,V18_CURATED_GEOGRAPHY,HIGH,Culture générale V18.
ETAG-13787,EVT-1187,TAG-0106,V18_CURATED_SEMANTIC,HIGH,Culture générale V18.
ETAG-13788,EVT-1187,TAG-0115,V18_CURATED_SEMANTIC,HIGH,Culture générale V18.
ETAG-13789,EVT-1187,TAG-0164,V18_CURATED_GEOGRAPHY,HIGH,Culture générale V18.
ETAG-13790,EVT-1187,TAG-0154,V18_CURATED_GEOGRAPHY,HIGH,Culture générale V18.
ETAG-13797,EVT-1188,TAG-0106,V18_CURATED_SEMANTIC,HIGH,Culture générale V18.
ETAG-13798,EVT-1188,TAG-0107,V18_CURATED_SEMANTIC,HIGH,Culture générale V18.
ETAG-13799,EVT-1188,TAG-0165,V18_CURATED_GEOGRAPHY,HIGH,Culture générale V18.
ETAG-13806,EVT-1189,TAG-0145,V18_CURATED_SEMANTIC,HIGH,Culture générale V18.
ETAG-13807,EVT-1189,TAG-0158,V18_CURATED_GEOGRAPHY,HIGH,Culture générale V18.
ETAG-13808,EVT-1189,TAG-0154,V18_CURATED_GEOGRAPHY,HIGH,Culture générale V18.
ETAG-13815,EVT-1190,TAG-0106,V18_CURATED_SEMANTIC,HIGH,Culture générale V18.
ETAG-13816,EVT-1190,TAG-0138,V18_CURATED_SEMANTIC,HIGH,Culture générale V18.
ETAG-13817,EVT-1190,TAG-0158,V18_CURATED_GEOGRAPHY,HIGH,Culture générale V18.
ETAG-13818,EVT-1190,TAG-0154,V18_CURATED_GEOGRAPHY,HIGH,Culture générale V18.
ETAG-13825,EVT-1191,TAG-0145,V18_CURATED_SEMANTIC,HIGH,Culture générale V18.
ETAG-13826,EVT-1191,TAG-0158,V18_CURATED_GEOGRAPHY,HIGH,Culture générale V18.
ETAG-13827,EVT-1191,TAG-0154,V18_CURATED_GEOGRAPHY,HIGH,Culture générale V18.
ETAG-13834,EVT-1192,TAG-0145,V18_CURATED_SEMANTIC,HIGH,Culture générale V18.
ETAG-13835,EVT-1192,TAG-0158,V18_CURATED_GEOGRAPHY,HIGH,Culture générale V18.
ETAG-13836,EVT-1192,TAG-0154,V18_CURATED_GEOGRAPHY,HIGH,Culture générale V18.
ETAG-13843,EVT-1193,TAG-0145,V18_CURATED_SEMANTIC,HIGH,Culture générale V18.
ETAG-13844,EVT-1193,TAG-0157,V18_CURATED_GEOGRAPHY,HIGH,Culture générale V18.
ETAG-13845,EVT-1193,TAG-0153,V18_CURATED_GEOGRAPHY,HIGH,Culture générale V18.
ETAG-13852,EVT-1194,TAG-0106,V18_CURATED_SEMANTIC,HIGH,Culture générale V18.
ETAG-13853,EVT-1194,TAG-0107,V18_CURATED_SEMANTIC,HIGH,Culture générale V18.
ETAG-13854,EVT-1194,TAG-0165,V18_CURATED_GEOGRAPHY,HIGH,Culture générale V18.
ETAG-13861,EVT-1195,TAG-0145,V18_CURATED_SEMANTIC,HIGH,Culture générale V18.
ETAG-13862,EVT-1195,TAG-0158,V18_CURATED_GEOGRAPHY,HIGH,Culture générale V18.
ETAG-13863,EVT-1195,TAG-0154,V18_CURATED_GEOGRAPHY,HIGH,Culture générale V18.
ETAG-13870,EVT-1196,TAG-0145,V18_CURATED_SEMANTIC,HIGH,Culture générale V18.
ETAG-13871,EVT-1196,TAG-0158,V18_CURATED_GEOGRAPHY,HIGH,Culture générale V18.
ETAG-13872,EVT-1196,TAG-0154,V18_CURATED_GEOGRAPHY,HIGH,Culture générale V18.
ETAG-13879,EVT-1197,TAG-0145,V18_CURATED_SEMANTIC,HIGH,Culture générale V18.
ETAG-13880,EVT-1197,TAG-0165,V18_CURATED_GEOGRAPHY,HIGH,Culture générale V18.
ETAG-13881,EVT-1197,TAG-0153,V18_CURATED_GEOGRAPHY,HIGH,Culture générale V18.
ETAG-13888,EVT-1198,TAG-0145,V18_CURATED_SEMANTIC,HIGH,Culture générale V18.
ETAG-13889,EVT-1198,TAG-0157,V18_CURATED_GEOGRAPHY,HIGH,Culture générale V18.
ETAG-13890,EVT-1198,TAG-0154,V18_CURATED_GEOGRAPHY,HIGH,Culture générale V18.
ETAG-13897,EVT-1199,TAG-0106,V18_CURATED_SEMANTIC,HIGH,Culture générale V18.
ETAG-13898,EVT-1199,TAG-0107,V18_CURATED_SEMANTIC,HIGH,Culture générale V18.
ETAG-13899,EVT-1199,TAG-0165,V18_CURATED_GEOGRAPHY,HIGH,Culture générale V18.
ETAG-13906,EVT-1200,TAG-0145,V18_CURATED_SEMANTIC,HIGH,Culture générale V18.
ETAG-13907,EVT-1200,TAG-0158,V18_CURATED_GEOGRAPHY,HIGH,Culture générale V18.
ETAG-13908,EVT-1200,TAG-0154,V18_CURATED_GEOGRAPHY,HIGH,Culture générale V18.
ETAG-13915,EVT-1201,TAG-0145,V18_CURATED_SEMANTIC,HIGH,Culture générale V18.
ETAG-13916,EVT-1201,TAG-0157,V18_CURATED_GEOGRAPHY,HIGH,Culture générale V18.
ETAG-13917,EVT-1201,TAG-0154,V18_CURATED_GEOGRAPHY,HIGH,Culture générale V18.
ETAG-13924,EVT-1202,TAG-0145,V18_CURATED_SEMANTIC,HIGH,Culture générale V18.
ETAG-13925,EVT-1202,TAG-0157,V18_CURATED_GEOGRAPHY,HIGH,Culture générale V18.
ETAG-13926,EVT-1202,TAG-0154,V18_CURATED_GEOGRAPHY,HIGH,Culture générale V18.
ETAG-13933,EVT-1203,TAG-0145,V18_CURATED_SEMANTIC,HIGH,Culture générale V18.
ETAG-13934,EVT-1203,TAG-0158,V18_CURATED_GEOGRAPHY,HIGH,Culture générale V18.
ETAG-13935,EVT-1203,TAG-0154,V18_CURATED_GEOGRAPHY,HIGH,Culture générale V18.
ETAG-13942,EVT-1204,TAG-0145,V18_CURATED_SEMANTIC,HIGH,Culture générale V18.
ETAG-13943,EVT-1204,TAG-0158,V18_CURATED_GEOGRAPHY,HIGH,Culture générale V18.
ETAG-13944,EVT-1204,TAG-0154,V18_CURATED_GEOGRAPHY,HIGH,Culture générale V18.
ETAG-13951,EVT-1205,TAG-0145,V18_CURATED_SEMANTIC,HIGH,Culture générale V18.
ETAG-13952,EVT-1205,TAG-0158,V18_CURATED_GEOGRAPHY,HIGH,Culture générale V18.
ETAG-13953,EVT-1205,TAG-0153,V18_CURATED_GEOGRAPHY,HIGH,Culture générale V18.
ETAG-13960,EVT-1206,TAG-0145,V18_CURATED_SEMANTIC,HIGH,Culture générale V18.
ETAG-13961,EVT-1206,TAG-0157,V18_CURATED_GEOGRAPHY,HIGH,Culture générale V18.
ETAG-13962,EVT-1206,TAG-0154,V18_CURATED_GEOGRAPHY,HIGH,Culture générale V18.
ETAG-13969,EVT-1207,TAG-0106,V18_CURATED_SEMANTIC,HIGH,Culture générale V18.
ETAG-13970,EVT-1207,TAG-0107,V18_CURATED_SEMANTIC,HIGH,Culture générale V18.
ETAG-13971,EVT-1207,TAG-0165,V18_CURATED_GEOGRAPHY,HIGH,Culture générale V18.
ETAG-13978,EVT-1208,TAG-0145,V18_CURATED_SEMANTIC,HIGH,Culture générale V18.
ETAG-13979,EVT-1208,TAG-0157,V18_CURATED_GEOGRAPHY,HIGH,Culture générale V18.
ETAG-13980,EVT-1208,TAG-0154,V18_CURATED_GEOGRAPHY,HIGH,Culture générale V18.
ETAG-13987,EVT-1209,TAG-0131,V18_CURATED_SEMANTIC,HIGH,Culture générale V18.
ETAG-13988,EVT-1209,TAG-0262,V18_CURATED_GEOGRAPHY,HIGH,Culture générale V18.
ETAG-13989,EVT-1209,TAG-0153,V18_CURATED_GEOGRAPHY,HIGH,Culture générale V18.
ETAG-13996,EVT-1210,TAG-0145,V18_CURATED_SEMANTIC,HIGH,Culture générale V18.
ETAG-13997,EVT-1210,TAG-0158,V18_CURATED_GEOGRAPHY,HIGH,Culture générale V18.
ETAG-13998,EVT-1210,TAG-0154,V18_CURATED_GEOGRAPHY,HIGH,Culture générale V18.
ETAG-14005,EVT-1211,TAG-0145,V18_CURATED_SEMANTIC,HIGH,Culture générale V18.
ETAG-14006,EVT-1211,TAG-0157,V18_CURATED_GEOGRAPHY,HIGH,Culture générale V18.
ETAG-14007,EVT-1211,TAG-0154,V18_CURATED_GEOGRAPHY,HIGH,Culture générale V18.
ETAG-14014,EVT-1212,TAG-0145,V18_CURATED_SEMANTIC,HIGH,Culture générale V18.
ETAG-14015,EVT-1212,TAG-0158,V18_CURATED_GEOGRAPHY,HIGH,Culture générale V18.
ETAG-14016,EVT-1212,TAG-0154,V18_CURATED_GEOGRAPHY,HIGH,Culture générale V18.
ETAG-14023,EVT-1213,TAG-0145,V18_CURATED_SEMANTIC,HIGH,Culture générale V18.
ETAG-14024,EVT-1213,TAG-0157,V18_CURATED_GEOGRAPHY,HIGH,Culture générale V18.
ETAG-14025,EVT-1213,TAG-0154,V18_CURATED_GEOGRAPHY,HIGH,Culture générale V18.
ETAG-14032,EVT-1214,TAG-0145,V18_CURATED_SEMANTIC,HIGH,Culture générale V18.
ETAG-14033,EVT-1214,TAG-0224,V18_CURATED_GEOGRAPHY,HIGH,Culture générale V18.
ETAG-14034,EVT-1214,TAG-0153,V18_CURATED_GEOGRAPHY,HIGH,Culture générale V18.
ETAG-14041,EVT-1215,TAG-0106,V18_CURATED_SEMANTIC,HIGH,Culture générale V18.
ETAG-14042,EVT-1215,TAG-0107,V18_CURATED_SEMANTIC,HIGH,Culture générale V18.
ETAG-14043,EVT-1215,TAG-0165,V18_CURATED_GEOGRAPHY,HIGH,Culture générale V18.
ETAG-14050,EVT-1216,TAG-0145,V18_CURATED_SEMANTIC,HIGH,Culture générale V18.
ETAG-14051,EVT-1216,TAG-0158,V18_CURATED_GEOGRAPHY,HIGH,Culture générale V18.
ETAG-14052,EVT-1216,TAG-0154,V18_CURATED_GEOGRAPHY,HIGH,Culture générale V18.
ETAG-14059,EVT-1217,TAG-0145,V18_CURATED_SEMANTIC,HIGH,Culture générale V18.
ETAG-14060,EVT-1217,TAG-0157,V18_CURATED_GEOGRAPHY,HIGH,Culture générale V18.
ETAG-14061,EVT-1217,TAG-0154,V18_CURATED_GEOGRAPHY,HIGH,Culture générale V18.
ETAG-14068,EVT-1218,TAG-0145,V18_CURATED_SEMANTIC,HIGH,Culture générale V18.
ETAG-14069,EVT-1218,TAG-0157,V18_CURATED_GEOGRAPHY,HIGH,Culture générale V18.
ETAG-14070,EVT-1218,TAG-0154,V18_CURATED_GEOGRAPHY,HIGH,Culture générale V18.
ETAG-14077,EVT-1219,TAG-0145,V18_CURATED_SEMANTIC,HIGH,Culture générale V18.
ETAG-14078,EVT-1219,TAG-0158,V18_CURATED_GEOGRAPHY,HIGH,Culture générale V18.
ETAG-14079,EVT-1219,TAG-0154,V18_CURATED_GEOGRAPHY,HIGH,Culture générale V18.
ETAG-14086,EVT-1220,TAG-0106,V18_CURATED_SEMANTIC,HIGH,Culture générale V18.
ETAG-14087,EVT-1220,TAG-0107,V18_CURATED_SEMANTIC,HIGH,Culture générale V18.
ETAG-14088,EVT-1220,TAG-0165,V18_CURATED_GEOGRAPHY,HIGH,Culture générale V18.
ETAG-14095,EVT-1221,TAG-0145,V18_CURATED_SEMANTIC,HIGH,Culture générale V18.
ETAG-14096,EVT-1221,TAG-0157,V18_CURATED_GEOGRAPHY,HIGH,Culture générale V18.
ETAG-14097,EVT-1221,TAG-0154,V18_CURATED_GEOGRAPHY,HIGH,Culture générale V18.
ETAG-14104,EVT-1222,TAG-0129,V18_CURATED_SEMANTIC,HIGH,Culture générale V18.
ETAG-14105,EVT-1222,TAG-0208,V18_CURATED_SEMANTIC,HIGH,Culture générale V18.
ETAG-14106,EVT-1222,TAG-0156,V18_CURATED_GEOGRAPHY,HIGH,Culture générale V18.
ETAG-14107,EVT-1222,TAG-0153,V18_CURATED_GEOGRAPHY,HIGH,Culture générale V18.
ETAG-14114,EVT-1223,TAG-0145,V18_CURATED_SEMANTIC,HIGH,Culture générale V18.
ETAG-14115,EVT-1223,TAG-0158,V18_CURATED_GEOGRAPHY,HIGH,Culture générale V18.
ETAG-14116,EVT-1223,TAG-0154,V18_CURATED_GEOGRAPHY,HIGH,Culture générale V18.
ETAG-14123,EVT-1224,TAG-0145,V18_CURATED_SEMANTIC,HIGH,Culture générale V18.
ETAG-14124,EVT-1224,TAG-0198,V18_CURATED_GEOGRAPHY,HIGH,Culture générale V18.
ETAG-14125,EVT-1224,TAG-0153,V18_CURATED_GEOGRAPHY,HIGH,Culture générale V18.
ETAG-14132,EVT-1225,TAG-0145,V18_CURATED_SEMANTIC,HIGH,Culture générale V18.
ETAG-14133,EVT-1225,TAG-0157,V18_CURATED_GEOGRAPHY,HIGH,Culture générale V18.
ETAG-14134,EVT-1225,TAG-0154,V18_CURATED_GEOGRAPHY,HIGH,Culture générale V18.
ETAG-14141,EVT-1226,TAG-0106,V18_CURATED_SEMANTIC,HIGH,Culture générale V18.
ETAG-14142,EVT-1226,TAG-0107,V18_CURATED_SEMANTIC,HIGH,Culture générale V18.
ETAG-14143,EVT-1226,TAG-0165,V18_CURATED_GEOGRAPHY,HIGH,Culture générale V18.
ETAG-14150,EVT-1227,TAG-0145,V18_CURATED_SEMANTIC,HIGH,Culture générale V18.
ETAG-14151,EVT-1227,TAG-0158,V18_CURATED_GEOGRAPHY,HIGH,Culture générale V18.
ETAG-14152,EVT-1227,TAG-0154,V18_CURATED_GEOGRAPHY,HIGH,Culture générale V18.
ETAG-14159,EVT-1228,TAG-0145,V18_CURATED_SEMANTIC,HIGH,Culture générale V18.
ETAG-14160,EVT-1228,TAG-0157,V18_CURATED_GEOGRAPHY,HIGH,Culture générale V18.
ETAG-14161,EVT-1228,TAG-0154,V18_CURATED_GEOGRAPHY,HIGH,Culture générale V18.
ETAG-14168,EVT-1229,TAG-0145,V18_CURATED_SEMANTIC,HIGH,Culture générale V18.
ETAG-14169,EVT-1229,TAG-0158,V18_CURATED_GEOGRAPHY,HIGH,Culture générale V18.
ETAG-14170,EVT-1229,TAG-0154,V18_CURATED_GEOGRAPHY,HIGH,Culture générale V18.
ETAG-14177,EVT-1230,TAG-0145,V18_CURATED_SEMANTIC,HIGH,Culture générale V18.
ETAG-14178,EVT-1230,TAG-0157,V18_CURATED_GEOGRAPHY,HIGH,Culture générale V18.
ETAG-14179,EVT-1230,TAG-0154,V18_CURATED_GEOGRAPHY,HIGH,Culture générale V18.
ETAG-14186,EVT-1231,TAG-0145,V18_CURATED_SEMANTIC,HIGH,Culture générale V18.
ETAG-14187,EVT-1231,TAG-0157,V18_CURATED_GEOGRAPHY,HIGH,Culture générale V18.
ETAG-14188,EVT-1231,TAG-0153,V18_CURATED_GEOGRAPHY,HIGH,Culture générale V18.
ETAG-14195,EVT-1232,TAG-0145,V18_CURATED_SEMANTIC,HIGH,Culture générale V18.
ETAG-14196,EVT-1232,TAG-0157,V18_CURATED_GEOGRAPHY,HIGH,Culture générale V18.
ETAG-14197,EVT-1232,TAG-0154,V18_CURATED_GEOGRAPHY,HIGH,Culture générale V18.
ETAG-14204,EVT-1233,TAG-0106,V18_CURATED_SEMANTIC,HIGH,Culture générale V18.
ETAG-14205,EVT-1233,TAG-0107,V18_CURATED_SEMANTIC,HIGH,Culture générale V18.
ETAG-14206,EVT-1233,TAG-0165,V18_CURATED_GEOGRAPHY,HIGH,Culture générale V18.
ETAG-14213,EVT-1234,TAG-0145,V18_CURATED_SEMANTIC,HIGH,Culture générale V18.
ETAG-14214,EVT-1234,TAG-0158,V18_CURATED_GEOGRAPHY,HIGH,Culture générale V18.
ETAG-14215,EVT-1234,TAG-0154,V18_CURATED_GEOGRAPHY,HIGH,Culture générale V18.
ETAG-14222,EVT-1235,TAG-0145,V18_CURATED_SEMANTIC,HIGH,Culture générale V18.
ETAG-14223,EVT-1235,TAG-0157,V18_CURATED_GEOGRAPHY,HIGH,Culture générale V18.
ETAG-14224,EVT-1235,TAG-0154,V18_CURATED_GEOGRAPHY,HIGH,Culture générale V18.
ETAG-14231,EVT-1236,TAG-0109,V18_CURATED_SEMANTIC,HIGH,Culture générale V18.
ETAG-14232,EVT-1236,TAG-0127,V18_CURATED_SEMANTIC,HIGH,Culture générale V18.
ETAG-14233,EVT-1236,TAG-0119,V18_CURATED_SEMANTIC,HIGH,Culture générale V18.
ETAG-14234,EVT-1236,TAG-0165,V18_CURATED_GEOGRAPHY,HIGH,Culture générale V18.
ETAG-14235,EVT-1236,TAG-0186,V18_CURATED_GEOGRAPHY,HIGH,Culture générale V18.
ETAG-14242,EVT-1237,TAG-0208,V18_CURATED_SEMANTIC,HIGH,Culture générale V18.
ETAG-14243,EVT-1237,TAG-0129,V18_CURATED_SEMANTIC,HIGH,Culture générale V18.
ETAG-14244,EVT-1237,TAG-0165,V18_CURATED_GEOGRAPHY,HIGH,Culture générale V18.
ETAG-14245,EVT-1237,TAG-0186,V18_CURATED_GEOGRAPHY,HIGH,Culture générale V18.
ETAG-14252,EVT-1238,TAG-0145,V18_CURATED_SEMANTIC,HIGH,Culture générale V18.
ETAG-14253,EVT-1238,TAG-0158,V18_CURATED_GEOGRAPHY,HIGH,Culture générale V18.
ETAG-14254,EVT-1238,TAG-0154,V18_CURATED_GEOGRAPHY,HIGH,Culture générale V18.
ETAG-14261,EVT-1239,TAG-0145,V18_CURATED_SEMANTIC,HIGH,Culture générale V18.
ETAG-14262,EVT-1239,TAG-0157,V18_CURATED_GEOGRAPHY,HIGH,Culture générale V18.
ETAG-14263,EVT-1239,TAG-0154,V18_CURATED_GEOGRAPHY,HIGH,Culture générale V18.
ETAG-14270,EVT-1240,TAG-0145,V18_CURATED_SEMANTIC,HIGH,Culture générale V18.
ETAG-14271,EVT-1240,TAG-0158,V18_CURATED_GEOGRAPHY,HIGH,Culture générale V18.
ETAG-14272,EVT-1240,TAG-0154,V18_CURATED_GEOGRAPHY,HIGH,Culture générale V18.
ETAG-14279,EVT-1241,TAG-0145,V18_CURATED_SEMANTIC,HIGH,Culture générale V18.
ETAG-14280,EVT-1241,TAG-0223,V18_CURATED_GEOGRAPHY,HIGH,Culture générale V18.
ETAG-14281,EVT-1241,TAG-0153,V18_CURATED_GEOGRAPHY,HIGH,Culture générale V18.
ETAG-14288,EVT-1242,TAG-0145,V18_CURATED_SEMANTIC,HIGH,Culture générale V18.
ETAG-14289,EVT-1242,TAG-0157,V18_CURATED_GEOGRAPHY,HIGH,Culture générale V18.
ETAG-14290,EVT-1242,TAG-0154,V18_CURATED_GEOGRAPHY,HIGH,Culture générale V18.
ETAG-14297,EVT-1243,TAG-0106,V18_CURATED_SEMANTIC,HIGH,Culture générale V18.
ETAG-14298,EVT-1243,TAG-0107,V18_CURATED_SEMANTIC,HIGH,Culture générale V18.
ETAG-14299,EVT-1243,TAG-0165,V18_CURATED_GEOGRAPHY,HIGH,Culture générale V18.
ETAG-14306,EVT-1244,TAG-0145,V18_CURATED_SEMANTIC,HIGH,Culture générale V18.
ETAG-14307,EVT-1244,TAG-0221,V18_CURATED_GEOGRAPHY,HIGH,Culture générale V18.
ETAG-14308,EVT-1244,TAG-0153,V18_CURATED_GEOGRAPHY,HIGH,Culture générale V18.
ETAG-14315,EVT-1245,TAG-0132,V18_CURATED_SEMANTIC,HIGH,Culture générale V18.
ETAG-14316,EVT-1245,TAG-0133,V18_CURATED_SEMANTIC,HIGH,Culture générale V18.
ETAG-14317,EVT-1245,TAG-0165,V18_CURATED_GEOGRAPHY,HIGH,Culture générale V18.
ETAG-14318,EVT-1245,TAG-0153,V18_CURATED_GEOGRAPHY,HIGH,Culture générale V18.
ETAG-14325,EVT-1246,TAG-0145,V18_CURATED_SEMANTIC,HIGH,Culture générale V18.
ETAG-14326,EVT-1246,TAG-0157,V18_CURATED_GEOGRAPHY,HIGH,Culture générale V18.
ETAG-14327,EVT-1246,TAG-0154,V18_CURATED_GEOGRAPHY,HIGH,Culture générale V18.
ETAG-14334,EVT-1247,TAG-0145,V18_CURATED_SEMANTIC,HIGH,Culture générale V18.
ETAG-14335,EVT-1247,TAG-0158,V18_CURATED_GEOGRAPHY,HIGH,Culture générale V18.
ETAG-14336,EVT-1247,TAG-0154,V18_CURATED_GEOGRAPHY,HIGH,Culture générale V18.
ETAG-14343,EVT-1248,TAG-0132,V18_CURATED_SEMANTIC,HIGH,Culture générale V18.
ETAG-14344,EVT-1248,TAG-0133,V18_CURATED_SEMANTIC,HIGH,Culture générale V18.
ETAG-14345,EVT-1248,TAG-0165,V18_CURATED_GEOGRAPHY,HIGH,Culture générale V18.
ETAG-14346,EVT-1248,TAG-0153,V18_CURATED_GEOGRAPHY,HIGH,Culture générale V18.
ETAG-14353,EVT-1249,TAG-0145,V18_CURATED_SEMANTIC,HIGH,Culture générale V18.
ETAG-14354,EVT-1249,TAG-0157,V18_CURATED_GEOGRAPHY,HIGH,Culture générale V18.
ETAG-14355,EVT-1249,TAG-0154,V18_CURATED_GEOGRAPHY,HIGH,Culture générale V18.
ETAG-14362,EVT-1250,TAG-0132,V18_CURATED_SEMANTIC,HIGH,Culture générale V18.
ETAG-14363,EVT-1250,TAG-0133,V18_CURATED_SEMANTIC,HIGH,Culture générale V18.
ETAG-14364,EVT-1250,TAG-0165,V18_CURATED_GEOGRAPHY,HIGH,Culture générale V18.
ETAG-14365,EVT-1250,TAG-0153,V18_CURATED_GEOGRAPHY,HIGH,Culture générale V18.
ETAG-14372,EVT-1251,TAG-0145,V18_CURATED_SEMANTIC,HIGH,Culture générale V18.
ETAG-14373,EVT-1251,TAG-0157,V18_CURATED_GEOGRAPHY,HIGH,Culture générale V18.
ETAG-14374,EVT-1251,TAG-0154,V18_CURATED_GEOGRAPHY,HIGH,Culture générale V18.
ETAG-14381,EVT-1252,TAG-0145,V18_CURATED_SEMANTIC,HIGH,Culture générale V18.
ETAG-14382,EVT-1252,TAG-0158,V18_CURATED_GEOGRAPHY,HIGH,Culture générale V18.
ETAG-14383,EVT-1252,TAG-0154,V18_CURATED_GEOGRAPHY,HIGH,Culture générale V18.
ETAG-14390,EVT-1253,TAG-0132,V18_CURATED_SEMANTIC,HIGH,Culture générale V18.
ETAG-14391,EVT-1253,TAG-0133,V18_CURATED_SEMANTIC,HIGH,Culture générale V18.
ETAG-14392,EVT-1253,TAG-0165,V18_CURATED_GEOGRAPHY,HIGH,Culture générale V18.
ETAG-14393,EVT-1253,TAG-0153,V18_CURATED_GEOGRAPHY,HIGH,Culture générale V18.
ETAG-14400,EVT-1254,TAG-0145,V18_CURATED_SEMANTIC,HIGH,Culture générale V18.
ETAG-14401,EVT-1254,TAG-0165,V18_CURATED_GEOGRAPHY,HIGH,Culture générale V18.
ETAG-14402,EVT-1254,TAG-0153,V18_CURATED_GEOGRAPHY,HIGH,Culture générale V18.
ETAG-14409,EVT-1255,TAG-0106,V18_CURATED_SEMANTIC,HIGH,Culture générale V18.
ETAG-14410,EVT-1255,TAG-0107,V18_CURATED_SEMANTIC,HIGH,Culture générale V18.
ETAG-14411,EVT-1255,TAG-0165,V18_CURATED_GEOGRAPHY,HIGH,Culture générale V18.
ETAG-14418,EVT-1256,TAG-0145,V18_CURATED_SEMANTIC,HIGH,Culture générale V18.
ETAG-14419,EVT-1256,TAG-0158,V18_CURATED_GEOGRAPHY,HIGH,Culture générale V18.
ETAG-14420,EVT-1256,TAG-0154,V18_CURATED_GEOGRAPHY,HIGH,Culture générale V18.
ETAG-14427,EVT-1257,TAG-0145,V18_CURATED_SEMANTIC,HIGH,Culture générale V18.
ETAG-14428,EVT-1257,TAG-0165,V18_CURATED_GEOGRAPHY,HIGH,Culture générale V18.
ETAG-14429,EVT-1257,TAG-0153,V18_CURATED_GEOGRAPHY,HIGH,Culture générale V18.
ETAG-14436,EVT-1258,TAG-0145,V18_CURATED_SEMANTIC,HIGH,Culture générale V18.
ETAG-14437,EVT-1258,TAG-0157,V18_CURATED_GEOGRAPHY,HIGH,Culture générale V18.
ETAG-14438,EVT-1258,TAG-0154,V18_CURATED_GEOGRAPHY,HIGH,Culture générale V18.
ETAG-14445,EVT-1259,TAG-0145,V18_CURATED_SEMANTIC,HIGH,Culture générale V18.
ETAG-14446,EVT-1259,TAG-0160,V18_CURATED_GEOGRAPHY,HIGH,Culture générale V18.
ETAG-14447,EVT-1259,TAG-0153,V18_CURATED_GEOGRAPHY,HIGH,Culture générale V18.
ETAG-14454,EVT-1260,TAG-0132,V18_CURATED_SEMANTIC,HIGH,Culture générale V18.
ETAG-14455,EVT-1260,TAG-0133,V18_CURATED_SEMANTIC,HIGH,Culture générale V18.
ETAG-14456,EVT-1260,TAG-0165,V18_CURATED_GEOGRAPHY,HIGH,Culture générale V18.
ETAG-14457,EVT-1260,TAG-0153,V18_CURATED_GEOGRAPHY,HIGH,Culture générale V18.
ETAG-14464,EVT-1261,TAG-0145,V18_CURATED_SEMANTIC,HIGH,Culture générale V18.
ETAG-14465,EVT-1261,TAG-0157,V18_CURATED_GEOGRAPHY,HIGH,Culture générale V18.
ETAG-14466,EVT-1261,TAG-0154,V18_CURATED_GEOGRAPHY,HIGH,Culture générale V18.
ETAG-14473,EVT-1262,TAG-0145,V18_CURATED_SEMANTIC,HIGH,Culture générale V18.
ETAG-14474,EVT-1262,TAG-0158,V18_CURATED_GEOGRAPHY,HIGH,Culture générale V18.
ETAG-14475,EVT-1262,TAG-0154,V18_CURATED_GEOGRAPHY,HIGH,Culture générale V18.
ETAG-14482,EVT-1263,TAG-0132,V18_CURATED_SEMANTIC,HIGH,Culture générale V18.
ETAG-14483,EVT-1263,TAG-0133,V18_CURATED_SEMANTIC,HIGH,Culture générale V18.
ETAG-14484,EVT-1263,TAG-0165,V18_CURATED_GEOGRAPHY,HIGH,Culture générale V18.
ETAG-14485,EVT-1263,TAG-0153,V18_CURATED_GEOGRAPHY,HIGH,Culture générale V18.
ETAG-14492,EVT-1264,TAG-0145,V18_CURATED_SEMANTIC,HIGH,Culture générale V18.
ETAG-14493,EVT-1264,TAG-0157,V18_CURATED_GEOGRAPHY,HIGH,Culture générale V18.
ETAG-14494,EVT-1264,TAG-0154,V18_CURATED_GEOGRAPHY,HIGH,Culture générale V18.
ETAG-14501,EVT-1265,TAG-0145,V18_CURATED_SEMANTIC,HIGH,Culture générale V18.
ETAG-14502,EVT-1265,TAG-0158,V18_CURATED_GEOGRAPHY,HIGH,Culture générale V18.
ETAG-14503,EVT-1265,TAG-0154,V18_CURATED_GEOGRAPHY,HIGH,Culture générale V18.
ETAG-14510,EVT-1266,TAG-0132,V18_CURATED_SEMANTIC,HIGH,Culture générale V18.
ETAG-14511,EVT-1266,TAG-0133,V18_CURATED_SEMANTIC,HIGH,Culture générale V18.
ETAG-14512,EVT-1266,TAG-0165,V18_CURATED_GEOGRAPHY,HIGH,Culture générale V18.
ETAG-14513,EVT-1266,TAG-0153,V18_CURATED_GEOGRAPHY,HIGH,Culture générale V18.
ETAG-14520,EVT-1267,TAG-0145,V18_CURATED_SEMANTIC,HIGH,Culture générale V18.
ETAG-14521,EVT-1267,TAG-0157,V18_CURATED_GEOGRAPHY,HIGH,Culture générale V18.
ETAG-14522,EVT-1267,TAG-0154,V18_CURATED_GEOGRAPHY,HIGH,Culture générale V18.
ETAG-14529,EVT-1268,TAG-0106,V18_CURATED_SEMANTIC,HIGH,Culture générale V18.
ETAG-14530,EVT-1268,TAG-0107,V18_CURATED_SEMANTIC,HIGH,Culture générale V18.
ETAG-14531,EVT-1268,TAG-0165,V18_CURATED_GEOGRAPHY,HIGH,Culture générale V18.
ETAG-14538,EVT-1269,TAG-0145,V18_CURATED_SEMANTIC,HIGH,Culture générale V18.
ETAG-14539,EVT-1269,TAG-0159,V18_CURATED_GEOGRAPHY,HIGH,Culture générale V18.
ETAG-14540,EVT-1269,TAG-0153,V18_CURATED_GEOGRAPHY,HIGH,Culture générale V18.
ETAG-14547,EVT-1270,TAG-0132,V18_CURATED_SEMANTIC,HIGH,Culture générale V18.
ETAG-14548,EVT-1270,TAG-0133,V18_CURATED_SEMANTIC,HIGH,Culture générale V18.
ETAG-14549,EVT-1270,TAG-0165,V18_CURATED_GEOGRAPHY,HIGH,Culture générale V18.
ETAG-14550,EVT-1270,TAG-0153,V18_CURATED_GEOGRAPHY,HIGH,Culture générale V18.
ETAG-14557,EVT-1271,TAG-0131,V18_CURATED_SEMANTIC,HIGH,Culture générale V18.
ETAG-14558,EVT-1271,TAG-0242,V18_CURATED_GEOGRAPHY,HIGH,Culture générale V18.
ETAG-14559,EVT-1271,TAG-0153,V18_CURATED_GEOGRAPHY,HIGH,Culture générale V18.
ETAG-14566,EVT-1272,TAG-0145,V18_CURATED_SEMANTIC,HIGH,Culture générale V18.
ETAG-14567,EVT-1272,TAG-0158,V18_CURATED_GEOGRAPHY,HIGH,Culture générale V18.
ETAG-14568,EVT-1272,TAG-0154,V18_CURATED_GEOGRAPHY,HIGH,Culture générale V18.
ETAG-14575,EVT-1273,TAG-0145,V18_CURATED_SEMANTIC,HIGH,Culture générale V18.
ETAG-14576,EVT-1273,TAG-0157,V18_CURATED_GEOGRAPHY,HIGH,Culture générale V18.
ETAG-14577,EVT-1273,TAG-0153,V18_CURATED_GEOGRAPHY,HIGH,Culture générale V18.
ETAG-14584,EVT-1274,TAG-0132,V18_CURATED_SEMANTIC,HIGH,Culture générale V18.
ETAG-14585,EVT-1274,TAG-0133,V18_CURATED_SEMANTIC,HIGH,Culture générale V18.
ETAG-14586,EVT-1274,TAG-0165,V18_CURATED_GEOGRAPHY,HIGH,Culture générale V18.
ETAG-14587,EVT-1274,TAG-0153,V18_CURATED_GEOGRAPHY,HIGH,Culture générale V18.
ETAG-14594,EVT-1275,TAG-0145,V18_CURATED_SEMANTIC,HIGH,Culture générale V18.
ETAG-14595,EVT-1275,TAG-0157,V18_CURATED_GEOGRAPHY,HIGH,Culture générale V18.
ETAG-14596,EVT-1275,TAG-0154,V18_CURATED_GEOGRAPHY,HIGH,Culture générale V18.
ETAG-14603,EVT-1276,TAG-0132,V18_CURATED_SEMANTIC,HIGH,Culture générale V18.
ETAG-14604,EVT-1276,TAG-0133,V18_CURATED_SEMANTIC,HIGH,Culture générale V18.
ETAG-14605,EVT-1276,TAG-0165,V18_CURATED_GEOGRAPHY,HIGH,Culture générale V18.
ETAG-14606,EVT-1276,TAG-0153,V18_CURATED_GEOGRAPHY,HIGH,Culture générale V18.
ETAG-14613,EVT-1277,TAG-0145,V18_CURATED_SEMANTIC,HIGH,Culture générale V18.
ETAG-14614,EVT-1277,TAG-0157,V18_CURATED_GEOGRAPHY,HIGH,Culture générale V18.
ETAG-14615,EVT-1277,TAG-0154,V18_CURATED_GEOGRAPHY,HIGH,Culture générale V18.
ETAG-14622,EVT-1278,TAG-0145,V18_CURATED_SEMANTIC,HIGH,Culture générale V18.
ETAG-14623,EVT-1278,TAG-0158,V18_CURATED_GEOGRAPHY,HIGH,Culture générale V18.
ETAG-14624,EVT-1278,TAG-0154,V18_CURATED_GEOGRAPHY,HIGH,Culture générale V18.
ETAG-14631,EVT-1279,TAG-0132,V18_CURATED_SEMANTIC,HIGH,Culture générale V18.
ETAG-14632,EVT-1279,TAG-0133,V18_CURATED_SEMANTIC,HIGH,Culture générale V18.
ETAG-14633,EVT-1279,TAG-0165,V18_CURATED_GEOGRAPHY,HIGH,Culture générale V18.
ETAG-14634,EVT-1279,TAG-0153,V18_CURATED_GEOGRAPHY,HIGH,Culture générale V18.
ETAG-14641,EVT-1280,TAG-0106,V18_CURATED_SEMANTIC,HIGH,Culture générale V18.
ETAG-14642,EVT-1280,TAG-0107,V18_CURATED_SEMANTIC,HIGH,Culture générale V18.
ETAG-14643,EVT-1280,TAG-0165,V18_CURATED_GEOGRAPHY,HIGH,Culture générale V18.
ETAG-14650,EVT-1281,TAG-0132,V18_CURATED_SEMANTIC,HIGH,Culture générale V18.
ETAG-14651,EVT-1281,TAG-0133,V18_CURATED_SEMANTIC,HIGH,Culture générale V18.
ETAG-14652,EVT-1281,TAG-0165,V18_CURATED_GEOGRAPHY,HIGH,Culture générale V18.
ETAG-14653,EVT-1281,TAG-0153,V18_CURATED_GEOGRAPHY,HIGH,Culture générale V18.
ETAG-14660,EVT-1282,TAG-0132,V18_CURATED_SEMANTIC,HIGH,Culture générale V18.
ETAG-14661,EVT-1282,TAG-0133,V18_CURATED_SEMANTIC,HIGH,Culture générale V18.
ETAG-14662,EVT-1282,TAG-0165,V18_CURATED_GEOGRAPHY,HIGH,Culture générale V18.
ETAG-14663,EVT-1282,TAG-0153,V18_CURATED_GEOGRAPHY,HIGH,Culture générale V18.
ETAG-14670,EVT-1283,TAG-0132,V18_CURATED_SEMANTIC,HIGH,Culture générale V18.
ETAG-14671,EVT-1283,TAG-0133,V18_CURATED_SEMANTIC,HIGH,Culture générale V18.
ETAG-14672,EVT-1283,TAG-0165,V18_CURATED_GEOGRAPHY,HIGH,Culture générale V18.
ETAG-14673,EVT-1283,TAG-0153,V18_CURATED_GEOGRAPHY,HIGH,Culture générale V18.
ETAG-14680,EVT-1284,TAG-0132,V18_CURATED_SEMANTIC,HIGH,Culture générale V18.
ETAG-14681,EVT-1284,TAG-0133,V18_CURATED_SEMANTIC,HIGH,Culture générale V18.
ETAG-14682,EVT-1284,TAG-0165,V18_CURATED_GEOGRAPHY,HIGH,Culture générale V18.
ETAG-14683,EVT-1284,TAG-0153,V18_CURATED_GEOGRAPHY,HIGH,Culture générale V18.
ETAG-14690,EVT-1285,TAG-0106,V18_CURATED_SEMANTIC,HIGH,Culture générale V18.
ETAG-14691,EVT-1285,TAG-0107,V18_CURATED_SEMANTIC,HIGH,Culture générale V18.
ETAG-14692,EVT-1285,TAG-0165,V18_CURATED_GEOGRAPHY,HIGH,Culture générale V18.
ETAG-14699,EVT-1286,TAG-0132,V18_CURATED_SEMANTIC,HIGH,Culture générale V18.
ETAG-14700,EVT-1286,TAG-0133,V18_CURATED_SEMANTIC,HIGH,Culture générale V18.
ETAG-14701,EVT-1286,TAG-0165,V18_CURATED_GEOGRAPHY,HIGH,Culture générale V18.
ETAG-14702,EVT-1286,TAG-0153,V18_CURATED_GEOGRAPHY,HIGH,Culture générale V18.
ETAG-14709,EVT-1287,TAG-0132,V18_CURATED_SEMANTIC,HIGH,Culture générale V18.
ETAG-14710,EVT-1287,TAG-0133,V18_CURATED_SEMANTIC,HIGH,Culture générale V18.
ETAG-14711,EVT-1287,TAG-0165,V18_CURATED_GEOGRAPHY,HIGH,Culture générale V18.
ETAG-14712,EVT-1287,TAG-0153,V18_CURATED_GEOGRAPHY,HIGH,Culture générale V18.
ETAG-14719,EVT-1288,TAG-0132,V18_CURATED_SEMANTIC,HIGH,Culture générale V18.
ETAG-14720,EVT-1288,TAG-0133,V18_CURATED_SEMANTIC,HIGH,Culture générale V18.
ETAG-14721,EVT-1288,TAG-0165,V18_CURATED_GEOGRAPHY,HIGH,Culture générale V18.
ETAG-14722,EVT-1288,TAG-0153,V18_CURATED_GEOGRAPHY,HIGH,Culture générale V18.
ETAG-14729,EVT-1289,TAG-0145,V18_CURATED_SEMANTIC,HIGH,Culture générale V18.
ETAG-14730,EVT-1289,TAG-0158,V18_CURATED_GEOGRAPHY,HIGH,Culture générale V18.
ETAG-14731,EVT-1289,TAG-0154,V18_CURATED_GEOGRAPHY,HIGH,Culture générale V18.
ETAG-14738,EVT-1290,TAG-0132,V18_CURATED_SEMANTIC,HIGH,Culture générale V18.
ETAG-14739,EVT-1290,TAG-0133,V18_CURATED_SEMANTIC,HIGH,Culture générale V18.
ETAG-14740,EVT-1290,TAG-0165,V18_CURATED_GEOGRAPHY,HIGH,Culture générale V18.
ETAG-14741,EVT-1290,TAG-0153,V18_CURATED_GEOGRAPHY,HIGH,Culture générale V18.
ETAG-14748,EVT-1291,TAG-0132,V18_CURATED_SEMANTIC,HIGH,Culture générale V18.
ETAG-14749,EVT-1291,TAG-0133,V18_CURATED_SEMANTIC,HIGH,Culture générale V18.
ETAG-14750,EVT-1291,TAG-0165,V18_CURATED_GEOGRAPHY,HIGH,Culture générale V18.
ETAG-14751,EVT-1291,TAG-0153,V18_CURATED_GEOGRAPHY,HIGH,Culture générale V18.
ETAG-14758,EVT-1292,TAG-0145,V18_CURATED_SEMANTIC,HIGH,Culture générale V18.
ETAG-14759,EVT-1292,TAG-0157,V18_CURATED_GEOGRAPHY,HIGH,Culture générale V18.
ETAG-14760,EVT-1292,TAG-0154,V18_CURATED_GEOGRAPHY,HIGH,Culture générale V18.
ETAG-14767,EVT-1293,TAG-0132,V18_CURATED_SEMANTIC,HIGH,Culture générale V18.
ETAG-14768,EVT-1293,TAG-0133,V18_CURATED_SEMANTIC,HIGH,Culture générale V18.
ETAG-14769,EVT-1293,TAG-0165,V18_CURATED_GEOGRAPHY,HIGH,Culture générale V18.
ETAG-14770,EVT-1293,TAG-0153,V18_CURATED_GEOGRAPHY,HIGH,Culture générale V18.
ETAG-14777,EVT-1294,TAG-0132,V18_CURATED_SEMANTIC,HIGH,Culture générale V18.
ETAG-14778,EVT-1294,TAG-0133,V18_CURATED_SEMANTIC,HIGH,Culture générale V18.
ETAG-14779,EVT-1294,TAG-0165,V18_CURATED_GEOGRAPHY,HIGH,Culture générale V18.
ETAG-14780,EVT-1294,TAG-0153,V18_CURATED_GEOGRAPHY,HIGH,Culture générale V18.
ETAG-14787,EVT-1295,TAG-0145,V18_CURATED_SEMANTIC,HIGH,Culture générale V18.
ETAG-14788,EVT-1295,TAG-0158,V18_CURATED_GEOGRAPHY,HIGH,Culture générale V18.
ETAG-14789,EVT-1295,TAG-0153,V18_CURATED_GEOGRAPHY,HIGH,Culture générale V18.
ETAG-14796,EVT-1296,TAG-0145,V18_CURATED_SEMANTIC,HIGH,Culture générale V18.
ETAG-14797,EVT-1296,TAG-0157,V18_CURATED_GEOGRAPHY,HIGH,Culture générale V18.
ETAG-14798,EVT-1296,TAG-0154,V18_CURATED_GEOGRAPHY,HIGH,Culture générale V18.
ETAG-14805,EVT-1297,TAG-0106,V18_CURATED_SEMANTIC,HIGH,Culture générale V18.
ETAG-14806,EVT-1297,TAG-0107,V18_CURATED_SEMANTIC,HIGH,Culture générale V18.
ETAG-14807,EVT-1297,TAG-0165,V18_CURATED_GEOGRAPHY,HIGH,Culture générale V18.
ETAG-14814,EVT-1298,TAG-0145,V18_CURATED_SEMANTIC,HIGH,Culture générale V18.
ETAG-14815,EVT-1298,TAG-0158,V18_CURATED_GEOGRAPHY,HIGH,Culture générale V18.
ETAG-14816,EVT-1298,TAG-0154,V18_CURATED_GEOGRAPHY,HIGH,Culture générale V18.
ETAG-14823,EVT-1299,TAG-0145,V18_CURATED_SEMANTIC,HIGH,Culture générale V18.
ETAG-14824,EVT-1299,TAG-0221,V18_CURATED_GEOGRAPHY,HIGH,Culture générale V18.
ETAG-14825,EVT-1299,TAG-0153,V18_CURATED_GEOGRAPHY,HIGH,Culture générale V18.
ETAG-14832,EVT-1300,TAG-0132,V18_CURATED_SEMANTIC,HIGH,Culture générale V18.
ETAG-14833,EVT-1300,TAG-0133,V18_CURATED_SEMANTIC,HIGH,Culture générale V18.
ETAG-14834,EVT-1300,TAG-0158,V18_CURATED_GEOGRAPHY,HIGH,Culture générale V18.
ETAG-14835,EVT-1300,TAG-0154,V18_CURATED_GEOGRAPHY,HIGH,Culture générale V18.
ETAG-14842,EVT-1301,TAG-0132,V18_CURATED_SEMANTIC,HIGH,Culture générale V18.
ETAG-14843,EVT-1301,TAG-0133,V18_CURATED_SEMANTIC,HIGH,Culture générale V18.
ETAG-14844,EVT-1301,TAG-0158,V18_CURATED_GEOGRAPHY,HIGH,Culture générale V18.
ETAG-14845,EVT-1301,TAG-0154,V18_CURATED_GEOGRAPHY,HIGH,Culture générale V18.
ETAG-14852,EVT-1302,TAG-0145,V18_CURATED_SEMANTIC,HIGH,Culture générale V18.
ETAG-14853,EVT-1302,TAG-0219,V18_CURATED_GEOGRAPHY,HIGH,Culture générale V18.
ETAG-14854,EVT-1302,TAG-0153,V18_CURATED_GEOGRAPHY,HIGH,Culture générale V18.
ETAG-14861,EVT-1303,TAG-0145,V18_CURATED_SEMANTIC,HIGH,Culture générale V18.
ETAG-14862,EVT-1303,TAG-0129,V18_CURATED_SEMANTIC,HIGH,Culture générale V18.
ETAG-14863,EVT-1303,TAG-0153,V18_CURATED_GEOGRAPHY,HIGH,Culture générale V18.
ETAG-14870,EVT-1304,TAG-0132,V18_CURATED_SEMANTIC,HIGH,Culture générale V18.
ETAG-14871,EVT-1304,TAG-0133,V18_CURATED_SEMANTIC,HIGH,Culture générale V18.
ETAG-14872,EVT-1304,TAG-0165,V18_CURATED_GEOGRAPHY,HIGH,Culture générale V18.
ETAG-14873,EVT-1304,TAG-0153,V18_CURATED_GEOGRAPHY,HIGH,Culture générale V18.
ETAG-14880,EVT-1305,TAG-0132,V18_CURATED_SEMANTIC,HIGH,Culture générale V18.
ETAG-14881,EVT-1305,TAG-0133,V18_CURATED_SEMANTIC,HIGH,Culture générale V18.
ETAG-14882,EVT-1305,TAG-0165,V18_CURATED_GEOGRAPHY,HIGH,Culture générale V18.
ETAG-14883,EVT-1305,TAG-0153,V18_CURATED_GEOGRAPHY,HIGH,Culture générale V18.
ETAG-14890,EVT-1306,TAG-0145,V18_CURATED_SEMANTIC,HIGH,Culture générale V18.
ETAG-14891,EVT-1306,TAG-0157,V18_CURATED_GEOGRAPHY,HIGH,Culture générale V18.
ETAG-14892,EVT-1306,TAG-0154,V18_CURATED_GEOGRAPHY,HIGH,Culture générale V18.
ETAG-14899,EVT-1307,TAG-0145,V18_CURATED_SEMANTIC,HIGH,Culture générale V18.
ETAG-14900,EVT-1307,TAG-0158,V18_CURATED_GEOGRAPHY,HIGH,Culture générale V18.
ETAG-14901,EVT-1307,TAG-0154,V18_CURATED_GEOGRAPHY,HIGH,Culture générale V18.
ETAG-14908,EVT-1308,TAG-0132,V18_CURATED_SEMANTIC,HIGH,Culture générale V18.
ETAG-14909,EVT-1308,TAG-0133,V18_CURATED_SEMANTIC,HIGH,Culture générale V18.
ETAG-14910,EVT-1308,TAG-0159,V18_CURATED_GEOGRAPHY,HIGH,Culture générale V18.
ETAG-14911,EVT-1308,TAG-0154,V18_CURATED_GEOGRAPHY,HIGH,Culture générale V18.
ETAG-14918,EVT-1309,TAG-0145,V18_CURATED_SEMANTIC,HIGH,Culture générale V18.
ETAG-14919,EVT-1309,TAG-0129,V18_CURATED_SEMANTIC,HIGH,Culture générale V18.
ETAG-14920,EVT-1309,TAG-0153,V18_CURATED_GEOGRAPHY,HIGH,Culture générale V18.
ETAG-14927,EVT-1310,TAG-0132,V18_CURATED_SEMANTIC,HIGH,Culture générale V18.
ETAG-14928,EVT-1310,TAG-0133,V18_CURATED_SEMANTIC,HIGH,Culture générale V18.
ETAG-14929,EVT-1310,TAG-0165,V18_CURATED_GEOGRAPHY,HIGH,Culture générale V18.
ETAG-14930,EVT-1310,TAG-0153,V18_CURATED_GEOGRAPHY,HIGH,Culture générale V18.
ETAG-14937,EVT-1311,TAG-0145,V18_CURATED_SEMANTIC,HIGH,Culture générale V18.
ETAG-14938,EVT-1311,TAG-0157,V18_CURATED_GEOGRAPHY,HIGH,Culture générale V18.
ETAG-14939,EVT-1311,TAG-0154,V18_CURATED_GEOGRAPHY,HIGH,Culture générale V18.
ETAG-14946,EVT-1312,TAG-0145,V18_CURATED_SEMANTIC,HIGH,Culture générale V18.
ETAG-14947,EVT-1312,TAG-0158,V18_CURATED_GEOGRAPHY,HIGH,Culture générale V18.
ETAG-14948,EVT-1312,TAG-0154,V18_CURATED_GEOGRAPHY,HIGH,Culture générale V18.
ETAG-14955,EVT-1313,TAG-0132,V18_CURATED_SEMANTIC,HIGH,Culture générale V18.
ETAG-14956,EVT-1313,TAG-0133,V18_CURATED_SEMANTIC,HIGH,Culture générale V18.
ETAG-14957,EVT-1313,TAG-0158,V18_CURATED_GEOGRAPHY,HIGH,Culture générale V18.
ETAG-14958,EVT-1313,TAG-0154,V18_CURATED_GEOGRAPHY,HIGH,Culture générale V18.
ETAG-14965,EVT-1314,TAG-0132,V18_CURATED_SEMANTIC,HIGH,Culture générale V18.
ETAG-14966,EVT-1314,TAG-0133,V18_CURATED_SEMANTIC,HIGH,Culture générale V18.
ETAG-14967,EVT-1314,TAG-0159,V18_CURATED_GEOGRAPHY,HIGH,Culture générale V18.
ETAG-14968,EVT-1314,TAG-0154,V18_CURATED_GEOGRAPHY,HIGH,Culture générale V18.
ETAG-14975,EVT-1315,TAG-0132,V18_CURATED_SEMANTIC,HIGH,Culture générale V18.
ETAG-14976,EVT-1315,TAG-0133,V18_CURATED_SEMANTIC,HIGH,Culture générale V18.
ETAG-14977,EVT-1315,TAG-0165,V18_CURATED_GEOGRAPHY,HIGH,Culture générale V18.
ETAG-14978,EVT-1315,TAG-0153,V18_CURATED_GEOGRAPHY,HIGH,Culture générale V18.
ETAG-14985,EVT-1316,TAG-0132,V18_CURATED_SEMANTIC,HIGH,Culture générale V18.
ETAG-14986,EVT-1316,TAG-0133,V18_CURATED_SEMANTIC,HIGH,Culture générale V18.
ETAG-14987,EVT-1316,TAG-0165,V18_CURATED_GEOGRAPHY,HIGH,Culture générale V18.
ETAG-14988,EVT-1316,TAG-0153,V18_CURATED_GEOGRAPHY,HIGH,Culture générale V18.
ETAG-14995,EVT-1317,TAG-0145,V18_CURATED_SEMANTIC,HIGH,Culture générale V18.
ETAG-14996,EVT-1317,TAG-0263,V18_CURATED_GEOGRAPHY,HIGH,Culture générale V18.
ETAG-14997,EVT-1317,TAG-0153,V18_CURATED_GEOGRAPHY,HIGH,Culture générale V18.
ETAG-15004,EVT-1318,TAG-0145,V18_CURATED_SEMANTIC,HIGH,Culture générale V18.
ETAG-15005,EVT-1318,TAG-0157,V18_CURATED_GEOGRAPHY,HIGH,Culture générale V18.
ETAG-15006,EVT-1318,TAG-0154,V18_CURATED_GEOGRAPHY,HIGH,Culture générale V18.
ETAG-15013,EVT-1319,TAG-0106,V18_CURATED_SEMANTIC,HIGH,Culture générale V18.
ETAG-15014,EVT-1319,TAG-0107,V18_CURATED_SEMANTIC,HIGH,Culture générale V18.
ETAG-15015,EVT-1319,TAG-0165,V18_CURATED_GEOGRAPHY,HIGH,Culture générale V18.
ETAG-15022,EVT-1320,TAG-0145,V18_CURATED_SEMANTIC,HIGH,Culture générale V18.
ETAG-15023,EVT-1320,TAG-0234,V18_CURATED_GEOGRAPHY,HIGH,Culture générale V18.
ETAG-15024,EVT-1320,TAG-0153,V18_CURATED_GEOGRAPHY,HIGH,Culture générale V18.
ETAG-15031,EVT-1321,TAG-0132,V18_CURATED_SEMANTIC,HIGH,Culture générale V18.
ETAG-15032,EVT-1321,TAG-0133,V18_CURATED_SEMANTIC,HIGH,Culture générale V18.
ETAG-15033,EVT-1321,TAG-0158,V18_CURATED_GEOGRAPHY,HIGH,Culture générale V18.
ETAG-15034,EVT-1321,TAG-0154,V18_CURATED_GEOGRAPHY,HIGH,Culture générale V18.
ETAG-15041,EVT-1322,TAG-0145,V18_CURATED_SEMANTIC,HIGH,Culture générale V18.
ETAG-15042,EVT-1322,TAG-0129,V18_CURATED_SEMANTIC,HIGH,Culture générale V18.
ETAG-15043,EVT-1322,TAG-0153,V18_CURATED_GEOGRAPHY,HIGH,Culture générale V18.
ETAG-15050,EVT-1323,TAG-0132,V18_CURATED_SEMANTIC,HIGH,Culture générale V18.
ETAG-15051,EVT-1323,TAG-0133,V18_CURATED_SEMANTIC,HIGH,Culture générale V18.
ETAG-15052,EVT-1323,TAG-0165,V18_CURATED_GEOGRAPHY,HIGH,Culture générale V18.
ETAG-15053,EVT-1323,TAG-0153,V18_CURATED_GEOGRAPHY,HIGH,Culture générale V18.
ETAG-15060,EVT-1324,TAG-0132,V18_CURATED_SEMANTIC,HIGH,Culture générale V18.
ETAG-15061,EVT-1324,TAG-0133,V18_CURATED_SEMANTIC,HIGH,Culture générale V18.
ETAG-15062,EVT-1324,TAG-0165,V18_CURATED_GEOGRAPHY,HIGH,Culture générale V18.
ETAG-15063,EVT-1324,TAG-0153,V18_CURATED_GEOGRAPHY,HIGH,Culture générale V18.
ETAG-15070,EVT-1325,TAG-0145,V18_CURATED_SEMANTIC,HIGH,Culture générale V18.
ETAG-15071,EVT-1325,TAG-0157,V18_CURATED_GEOGRAPHY,HIGH,Culture générale V18.
ETAG-15072,EVT-1325,TAG-0154,V18_CURATED_GEOGRAPHY,HIGH,Culture générale V18.
ETAG-15079,EVT-1326,TAG-0145,V18_CURATED_SEMANTIC,HIGH,Culture générale V18.
ETAG-15080,EVT-1326,TAG-0158,V18_CURATED_GEOGRAPHY,HIGH,Culture générale V18.
ETAG-15081,EVT-1326,TAG-0154,V18_CURATED_GEOGRAPHY,HIGH,Culture générale V18.
ETAG-15088,EVT-1327,TAG-0132,V18_CURATED_SEMANTIC,HIGH,Culture générale V18.
ETAG-15089,EVT-1327,TAG-0133,V18_CURATED_SEMANTIC,HIGH,Culture générale V18.
ETAG-15090,EVT-1327,TAG-0159,V18_CURATED_GEOGRAPHY,HIGH,Culture générale V18.
ETAG-15091,EVT-1327,TAG-0154,V18_CURATED_GEOGRAPHY,HIGH,Culture générale V18.
ETAG-15098,EVT-1328,TAG-0145,V18_CURATED_SEMANTIC,HIGH,Culture générale V18.
ETAG-15099,EVT-1328,TAG-0221,V18_CURATED_GEOGRAPHY,HIGH,Culture générale V18.
ETAG-15100,EVT-1328,TAG-0153,V18_CURATED_GEOGRAPHY,HIGH,Culture générale V18.
ETAG-15107,EVT-1329,TAG-0145,V18_CURATED_SEMANTIC,HIGH,Culture générale V18.
ETAG-15108,EVT-1329,TAG-0129,V18_CURATED_SEMANTIC,HIGH,Culture générale V18.
ETAG-15109,EVT-1329,TAG-0153,V18_CURATED_GEOGRAPHY,HIGH,Culture générale V18.
ETAG-15116,EVT-1330,TAG-0132,V18_CURATED_SEMANTIC,HIGH,Culture générale V18.
ETAG-15117,EVT-1330,TAG-0133,V18_CURATED_SEMANTIC,HIGH,Culture générale V18.
ETAG-15118,EVT-1330,TAG-0165,V18_CURATED_GEOGRAPHY,HIGH,Culture générale V18.
ETAG-15119,EVT-1330,TAG-0153,V18_CURATED_GEOGRAPHY,HIGH,Culture générale V18.
ETAG-15126,EVT-1331,TAG-0132,V18_CURATED_SEMANTIC,HIGH,Culture générale V18.
ETAG-15127,EVT-1331,TAG-0133,V18_CURATED_SEMANTIC,HIGH,Culture générale V18.
ETAG-15128,EVT-1331,TAG-0165,V18_CURATED_GEOGRAPHY,HIGH,Culture générale V18.
ETAG-15129,EVT-1331,TAG-0153,V18_CURATED_GEOGRAPHY,HIGH,Culture générale V18.
ETAG-15136,EVT-1332,TAG-0145,V18_CURATED_SEMANTIC,HIGH,Culture générale V18.
ETAG-15137,EVT-1332,TAG-0158,V18_CURATED_GEOGRAPHY,HIGH,Culture générale V18.
ETAG-15138,EVT-1332,TAG-0154,V18_CURATED_GEOGRAPHY,HIGH,Culture générale V18.
ETAG-15145,EVT-1333,TAG-0132,V18_CURATED_SEMANTIC,HIGH,Culture générale V18.
ETAG-15146,EVT-1333,TAG-0133,V18_CURATED_SEMANTIC,HIGH,Culture générale V18.
ETAG-15147,EVT-1333,TAG-0158,V18_CURATED_GEOGRAPHY,HIGH,Culture générale V18.
ETAG-15148,EVT-1333,TAG-0154,V18_CURATED_GEOGRAPHY,HIGH,Culture générale V18.
ETAG-15155,EVT-1334,TAG-0132,V18_CURATED_SEMANTIC,HIGH,Culture générale V18.
ETAG-15156,EVT-1334,TAG-0133,V18_CURATED_SEMANTIC,HIGH,Culture générale V18.
ETAG-15157,EVT-1334,TAG-0159,V18_CURATED_GEOGRAPHY,HIGH,Culture générale V18.
ETAG-15158,EVT-1334,TAG-0154,V18_CURATED_GEOGRAPHY,HIGH,Culture générale V18.
ETAG-15165,EVT-1335,TAG-0145,V18_CURATED_SEMANTIC,HIGH,Culture générale V18.
ETAG-15166,EVT-1335,TAG-0129,V18_CURATED_SEMANTIC,HIGH,Culture générale V18.
ETAG-15167,EVT-1335,TAG-0153,V18_CURATED_GEOGRAPHY,HIGH,Culture générale V18.
ETAG-15174,EVT-1336,TAG-0132,V18_CURATED_SEMANTIC,HIGH,Culture générale V18.
ETAG-15175,EVT-1336,TAG-0133,V18_CURATED_SEMANTIC,HIGH,Culture générale V18.
ETAG-15176,EVT-1336,TAG-0165,V18_CURATED_GEOGRAPHY,HIGH,Culture générale V18.
ETAG-15177,EVT-1336,TAG-0153,V18_CURATED_GEOGRAPHY,HIGH,Culture générale V18.
ETAG-15184,EVT-1337,TAG-0145,V18_CURATED_SEMANTIC,HIGH,Culture générale V18.
ETAG-15185,EVT-1337,TAG-0157,V18_CURATED_GEOGRAPHY,HIGH,Culture générale V18.
ETAG-15186,EVT-1337,TAG-0154,V18_CURATED_GEOGRAPHY,HIGH,Culture générale V18.
ETAG-15193,EVT-1338,TAG-0132,V18_CURATED_SEMANTIC,HIGH,Culture générale V18.
ETAG-15194,EVT-1338,TAG-0121,V18_CURATED_SEMANTIC,HIGH,Culture générale V18.
ETAG-15195,EVT-1338,TAG-0165,V18_CURATED_GEOGRAPHY,HIGH,Culture générale V18.
ETAG-15196,EVT-1338,TAG-0186,V18_CURATED_GEOGRAPHY,HIGH,Culture générale V18.
ETAG-15203,EVT-1339,TAG-0132,V18_CURATED_SEMANTIC,HIGH,Culture générale V18.
ETAG-15204,EVT-1339,TAG-0133,V18_CURATED_SEMANTIC,HIGH,Culture générale V18.
ETAG-15205,EVT-1339,TAG-0158,V18_CURATED_GEOGRAPHY,HIGH,Culture générale V18.
ETAG-15206,EVT-1339,TAG-0154,V18_CURATED_GEOGRAPHY,HIGH,Culture générale V18.
ETAG-15213,EVT-1340,TAG-0132,V18_CURATED_SEMANTIC,HIGH,Culture générale V18.
ETAG-15214,EVT-1340,TAG-0133,V18_CURATED_SEMANTIC,HIGH,Culture générale V18.
ETAG-15215,EVT-1340,TAG-0159,V18_CURATED_GEOGRAPHY,HIGH,Culture générale V18.
ETAG-15216,EVT-1340,TAG-0154,V18_CURATED_GEOGRAPHY,HIGH,Culture générale V18.
ETAG-15223,EVT-1341,TAG-0132,V18_CURATED_SEMANTIC,HIGH,Culture générale V18.
ETAG-15224,EVT-1341,TAG-0133,V18_CURATED_SEMANTIC,HIGH,Culture générale V18.
ETAG-15225,EVT-1341,TAG-0154,V18_CURATED_GEOGRAPHY,HIGH,Culture générale V18.
ETAG-15226,EVT-1341,TAG-0153,V18_CURATED_GEOGRAPHY,HIGH,Culture générale V18.
ETAG-15233,EVT-1342,TAG-0145,V18_CURATED_SEMANTIC,HIGH,Culture générale V18.
ETAG-15234,EVT-1342,TAG-0129,V18_CURATED_SEMANTIC,HIGH,Culture générale V18.
ETAG-15235,EVT-1342,TAG-0153,V18_CURATED_GEOGRAPHY,HIGH,Culture générale V18.
ETAG-15242,EVT-1343,TAG-0132,V18_CURATED_SEMANTIC,HIGH,Culture générale V18.
ETAG-15243,EVT-1343,TAG-0133,V18_CURATED_SEMANTIC,HIGH,Culture générale V18.
ETAG-15244,EVT-1343,TAG-0165,V18_CURATED_GEOGRAPHY,HIGH,Culture générale V18.
ETAG-15245,EVT-1343,TAG-0153,V18_CURATED_GEOGRAPHY,HIGH,Culture générale V18.
ETAG-15252,EVT-1344,TAG-0132,V18_CURATED_SEMANTIC,HIGH,Culture générale V18.
ETAG-15253,EVT-1344,TAG-0133,V18_CURATED_SEMANTIC,HIGH,Culture générale V18.
ETAG-15254,EVT-1344,TAG-0165,V18_CURATED_GEOGRAPHY,HIGH,Culture générale V18.
ETAG-15255,EVT-1344,TAG-0153,V18_CURATED_GEOGRAPHY,HIGH,Culture générale V18.
ETAG-15262,EVT-1345,TAG-0145,V18_CURATED_SEMANTIC,HIGH,Culture générale V18.
ETAG-15263,EVT-1345,TAG-0226,V18_CURATED_GEOGRAPHY,HIGH,Culture générale V18.
ETAG-15264,EVT-1345,TAG-0153,V18_CURATED_GEOGRAPHY,HIGH,Culture générale V18.
ETAG-15271,EVT-1346,TAG-0145,V18_CURATED_SEMANTIC,HIGH,Culture générale V18.
ETAG-15272,EVT-1346,TAG-0157,V18_CURATED_GEOGRAPHY,HIGH,Culture générale V18.
ETAG-15273,EVT-1346,TAG-0154,V18_CURATED_GEOGRAPHY,HIGH,Culture générale V18.
ETAG-15280,EVT-1347,TAG-0106,V18_CURATED_SEMANTIC,HIGH,Culture générale V18.
ETAG-15281,EVT-1347,TAG-0107,V18_CURATED_SEMANTIC,HIGH,Culture générale V18.
ETAG-15282,EVT-1347,TAG-0165,V18_CURATED_GEOGRAPHY,HIGH,Culture générale V18.
ETAG-15289,EVT-1348,TAG-0145,V18_CURATED_SEMANTIC,HIGH,Culture générale V18.
ETAG-15290,EVT-1348,TAG-0158,V18_CURATED_GEOGRAPHY,HIGH,Culture générale V18.
ETAG-15291,EVT-1348,TAG-0154,V18_CURATED_GEOGRAPHY,HIGH,Culture générale V18.
ETAG-15298,EVT-1349,TAG-0145,V18_CURATED_SEMANTIC,HIGH,Culture générale V18.
ETAG-15299,EVT-1349,TAG-0160,V18_CURATED_GEOGRAPHY,HIGH,Culture générale V18.
ETAG-15300,EVT-1349,TAG-0153,V18_CURATED_GEOGRAPHY,HIGH,Culture générale V18.
ETAG-15307,EVT-1350,TAG-0132,V18_CURATED_SEMANTIC,HIGH,Culture générale V18.
ETAG-15308,EVT-1350,TAG-0133,V18_CURATED_SEMANTIC,HIGH,Culture générale V18.
ETAG-15309,EVT-1350,TAG-0158,V18_CURATED_GEOGRAPHY,HIGH,Culture générale V18.
ETAG-15310,EVT-1350,TAG-0154,V18_CURATED_GEOGRAPHY,HIGH,Culture générale V18.
ETAG-15317,EVT-1351,TAG-0132,V18_CURATED_SEMANTIC,HIGH,Culture générale V18.
ETAG-15318,EVT-1351,TAG-0133,V18_CURATED_SEMANTIC,HIGH,Culture générale V18.
ETAG-15319,EVT-1351,TAG-0154,V18_CURATED_GEOGRAPHY,HIGH,Culture générale V18.
ETAG-15320,EVT-1351,TAG-0153,V18_CURATED_GEOGRAPHY,HIGH,Culture générale V18.
ETAG-15327,EVT-1352,TAG-0145,V18_CURATED_SEMANTIC,HIGH,Culture générale V18.
ETAG-15328,EVT-1352,TAG-0157,V18_CURATED_GEOGRAPHY,HIGH,Culture générale V18.
ETAG-15329,EVT-1352,TAG-0154,V18_CURATED_GEOGRAPHY,HIGH,Culture générale V18.
ETAG-15336,EVT-1353,TAG-0132,V18_CURATED_SEMANTIC,HIGH,Culture générale V18.
ETAG-15337,EVT-1353,TAG-0133,V18_CURATED_SEMANTIC,HIGH,Culture générale V18.
ETAG-15338,EVT-1353,TAG-0159,V18_CURATED_GEOGRAPHY,HIGH,Culture générale V18.
ETAG-15339,EVT-1353,TAG-0154,V18_CURATED_GEOGRAPHY,HIGH,Culture générale V18.
ETAG-15346,EVT-1354,TAG-0145,V18_CURATED_SEMANTIC,HIGH,Culture générale V18.
ETAG-15347,EVT-1354,TAG-0224,V18_CURATED_GEOGRAPHY,HIGH,Culture générale V18.
ETAG-15348,EVT-1354,TAG-0153,V18_CURATED_GEOGRAPHY,HIGH,Culture générale V18.
ETAG-15355,EVT-1355,TAG-0145,V18_CURATED_SEMANTIC,HIGH,Culture générale V18.
ETAG-15356,EVT-1355,TAG-0129,V18_CURATED_SEMANTIC,HIGH,Culture générale V18.
ETAG-15357,EVT-1355,TAG-0153,V18_CURATED_GEOGRAPHY,HIGH,Culture générale V18.
ETAG-15364,EVT-1356,TAG-0132,V18_CURATED_SEMANTIC,HIGH,Culture générale V18.
ETAG-15365,EVT-1356,TAG-0133,V18_CURATED_SEMANTIC,HIGH,Culture générale V18.
ETAG-15366,EVT-1356,TAG-0165,V18_CURATED_GEOGRAPHY,HIGH,Culture générale V18.
ETAG-15367,EVT-1356,TAG-0153,V18_CURATED_GEOGRAPHY,HIGH,Culture générale V18.
ETAG-15374,EVT-1357,TAG-0132,V18_CURATED_SEMANTIC,HIGH,Culture générale V18.
ETAG-15375,EVT-1357,TAG-0133,V18_CURATED_SEMANTIC,HIGH,Culture générale V18.
ETAG-15376,EVT-1357,TAG-0165,V18_CURATED_GEOGRAPHY,HIGH,Culture générale V18.
ETAG-15377,EVT-1357,TAG-0153,V18_CURATED_GEOGRAPHY,HIGH,Culture générale V18.
ETAG-15384,EVT-1358,TAG-0145,V18_CURATED_SEMANTIC,HIGH,Culture générale V18.
ETAG-15385,EVT-1358,TAG-0157,V18_CURATED_GEOGRAPHY,HIGH,Culture générale V18.
ETAG-15386,EVT-1358,TAG-0154,V18_CURATED_GEOGRAPHY,HIGH,Culture générale V18.
ETAG-15393,EVT-1359,TAG-0145,V18_CURATED_SEMANTIC,HIGH,Culture générale V18.
ETAG-15394,EVT-1359,TAG-0158,V18_CURATED_GEOGRAPHY,HIGH,Culture générale V18.
ETAG-15395,EVT-1359,TAG-0154,V18_CURATED_GEOGRAPHY,HIGH,Culture générale V18.
ETAG-15402,EVT-1360,TAG-0132,V18_CURATED_SEMANTIC,HIGH,Culture générale V18.
ETAG-15403,EVT-1360,TAG-0133,V18_CURATED_SEMANTIC,HIGH,Culture générale V18.
ETAG-15404,EVT-1360,TAG-0158,V18_CURATED_GEOGRAPHY,HIGH,Culture générale V18.
ETAG-15405,EVT-1360,TAG-0154,V18_CURATED_GEOGRAPHY,HIGH,Culture générale V18.
ETAG-15412,EVT-1361,TAG-0132,V18_CURATED_SEMANTIC,HIGH,Culture générale V18.
ETAG-15413,EVT-1361,TAG-0133,V18_CURATED_SEMANTIC,HIGH,Culture générale V18.
ETAG-15414,EVT-1361,TAG-0159,V18_CURATED_GEOGRAPHY,HIGH,Culture générale V18.
ETAG-15415,EVT-1361,TAG-0154,V18_CURATED_GEOGRAPHY,HIGH,Culture générale V18.
ETAG-15422,EVT-1362,TAG-0132,V18_CURATED_SEMANTIC,HIGH,Culture générale V18.
ETAG-15423,EVT-1362,TAG-0133,V18_CURATED_SEMANTIC,HIGH,Culture générale V18.
ETAG-15424,EVT-1362,TAG-0154,V18_CURATED_GEOGRAPHY,HIGH,Culture générale V18.
ETAG-15425,EVT-1362,TAG-0153,V18_CURATED_GEOGRAPHY,HIGH,Culture générale V18.
ETAG-15432,EVT-1363,TAG-0145,V18_CURATED_SEMANTIC,HIGH,Culture générale V18.
ETAG-15433,EVT-1363,TAG-0129,V18_CURATED_SEMANTIC,HIGH,Culture générale V18.
ETAG-15434,EVT-1363,TAG-0153,V18_CURATED_GEOGRAPHY,HIGH,Culture générale V18.
ETAG-15441,EVT-1364,TAG-0132,V18_CURATED_SEMANTIC,HIGH,Culture générale V18.
ETAG-15442,EVT-1364,TAG-0133,V18_CURATED_SEMANTIC,HIGH,Culture générale V18.
ETAG-15443,EVT-1364,TAG-0165,V18_CURATED_GEOGRAPHY,HIGH,Culture générale V18.
ETAG-15444,EVT-1364,TAG-0153,V18_CURATED_GEOGRAPHY,HIGH,Culture générale V18.
ETAG-15451,EVT-1365,TAG-0132,V18_CURATED_SEMANTIC,HIGH,Culture générale V18.
ETAG-15452,EVT-1365,TAG-0133,V18_CURATED_SEMANTIC,HIGH,Culture générale V18.
ETAG-15453,EVT-1365,TAG-0165,V18_CURATED_GEOGRAPHY,HIGH,Culture générale V18.
ETAG-15454,EVT-1365,TAG-0153,V18_CURATED_GEOGRAPHY,HIGH,Culture générale V18.
ETAG-15461,EVT-1366,TAG-0132,V18_CURATED_SEMANTIC,HIGH,Culture générale V18.
ETAG-15462,EVT-1366,TAG-0133,V18_CURATED_SEMANTIC,HIGH,Culture générale V18.
ETAG-15463,EVT-1366,TAG-0165,V18_CURATED_GEOGRAPHY,HIGH,Culture générale V18.
ETAG-15464,EVT-1366,TAG-0153,V18_CURATED_GEOGRAPHY,HIGH,Culture générale V18.
ETAG-15471,EVT-1367,TAG-0145,V18_CURATED_SEMANTIC,HIGH,Culture générale V18.
ETAG-15472,EVT-1367,TAG-0157,V18_CURATED_GEOGRAPHY,HIGH,Culture générale V18.
ETAG-15473,EVT-1367,TAG-0154,V18_CURATED_GEOGRAPHY,HIGH,Culture générale V18.
ETAG-15480,EVT-1368,TAG-0145,V18_CURATED_SEMANTIC,HIGH,Culture générale V18.
ETAG-15481,EVT-1368,TAG-0158,V18_CURATED_GEOGRAPHY,HIGH,Culture générale V18.
ETAG-15482,EVT-1368,TAG-0154,V18_CURATED_GEOGRAPHY,HIGH,Culture générale V18.
ETAG-15489,EVT-1369,TAG-0132,V18_CURATED_SEMANTIC,HIGH,Culture générale V18.
ETAG-15490,EVT-1369,TAG-0133,V18_CURATED_SEMANTIC,HIGH,Culture générale V18.
ETAG-15491,EVT-1369,TAG-0158,V18_CURATED_GEOGRAPHY,HIGH,Culture générale V18.
ETAG-15492,EVT-1369,TAG-0154,V18_CURATED_GEOGRAPHY,HIGH,Culture générale V18.
ETAG-15499,EVT-1370,TAG-0132,V18_CURATED_SEMANTIC,HIGH,Culture générale V18.
ETAG-15500,EVT-1370,TAG-0133,V18_CURATED_SEMANTIC,HIGH,Culture générale V18.
ETAG-15501,EVT-1370,TAG-0154,V18_CURATED_GEOGRAPHY,HIGH,Culture générale V18.
ETAG-15502,EVT-1370,TAG-0153,V18_CURATED_GEOGRAPHY,HIGH,Culture générale V18.
ETAG-15509,EVT-1371,TAG-0145,V18_CURATED_SEMANTIC,HIGH,Culture générale V18.
ETAG-15510,EVT-1371,TAG-0129,V18_CURATED_SEMANTIC,HIGH,Culture générale V18.
ETAG-15511,EVT-1371,TAG-0153,V18_CURATED_GEOGRAPHY,HIGH,Culture générale V18.
ETAG-15518,EVT-1372,TAG-0132,V18_CURATED_SEMANTIC,HIGH,Culture générale V18.
ETAG-15519,EVT-1372,TAG-0133,V18_CURATED_SEMANTIC,HIGH,Culture générale V18.
ETAG-15520,EVT-1372,TAG-0165,V18_CURATED_GEOGRAPHY,HIGH,Culture générale V18.
ETAG-15521,EVT-1372,TAG-0153,V18_CURATED_GEOGRAPHY,HIGH,Culture générale V18.
ETAG-15528,EVT-1373,TAG-0132,V18_CURATED_SEMANTIC,HIGH,Culture générale V18.
ETAG-15529,EVT-1373,TAG-0133,V18_CURATED_SEMANTIC,HIGH,Culture générale V18.
ETAG-15530,EVT-1373,TAG-0165,V18_CURATED_GEOGRAPHY,HIGH,Culture générale V18.
ETAG-15531,EVT-1373,TAG-0153,V18_CURATED_GEOGRAPHY,HIGH,Culture générale V18.
ETAG-15538,EVT-1374,TAG-0132,V18_CURATED_SEMANTIC,HIGH,Culture générale V18.
ETAG-15539,EVT-1374,TAG-0133,V18_CURATED_SEMANTIC,HIGH,Culture générale V18.
ETAG-15540,EVT-1374,TAG-0165,V18_CURATED_GEOGRAPHY,HIGH,Culture générale V18.
ETAG-15541,EVT-1374,TAG-0153,V18_CURATED_GEOGRAPHY,HIGH,Culture générale V18.
ETAG-15548,EVT-1375,TAG-0145,V18_CURATED_SEMANTIC,HIGH,Culture générale V18.
ETAG-15549,EVT-1375,TAG-0160,V18_CURATED_GEOGRAPHY,HIGH,Culture générale V18.
ETAG-15550,EVT-1375,TAG-0153,V18_CURATED_GEOGRAPHY,HIGH,Culture générale V18.
ETAG-15557,EVT-1376,TAG-0145,V18_CURATED_SEMANTIC,HIGH,Culture générale V18.
ETAG-15558,EVT-1376,TAG-0157,V18_CURATED_GEOGRAPHY,HIGH,Culture générale V18.
ETAG-15559,EVT-1376,TAG-0154,V18_CURATED_GEOGRAPHY,HIGH,Culture générale V18.
ETAG-15566,EVT-1377,TAG-0106,V18_CURATED_SEMANTIC,HIGH,Culture générale V18.
ETAG-15567,EVT-1377,TAG-0107,V18_CURATED_SEMANTIC,HIGH,Culture générale V18.
ETAG-15568,EVT-1377,TAG-0165,V18_CURATED_GEOGRAPHY,HIGH,Culture générale V18.
ETAG-15575,EVT-1378,TAG-0145,V18_CURATED_SEMANTIC,HIGH,Culture générale V18.
ETAG-15576,EVT-1378,TAG-0165,V18_CURATED_GEOGRAPHY,HIGH,Culture générale V18.
ETAG-15577,EVT-1378,TAG-0153,V18_CURATED_GEOGRAPHY,HIGH,Culture générale V18.
ETAG-15584,EVT-1379,TAG-0132,V18_CURATED_SEMANTIC,HIGH,Culture générale V18.
ETAG-15585,EVT-1379,TAG-0133,V18_CURATED_SEMANTIC,HIGH,Culture générale V18.
ETAG-15586,EVT-1379,TAG-0159,V18_CURATED_GEOGRAPHY,HIGH,Culture générale V18.
ETAG-15587,EVT-1379,TAG-0154,V18_CURATED_GEOGRAPHY,HIGH,Culture générale V18.
ETAG-15594,EVT-1380,TAG-0132,V18_CURATED_SEMANTIC,HIGH,Culture générale V18.
ETAG-15595,EVT-1380,TAG-0133,V18_CURATED_SEMANTIC,HIGH,Culture générale V18.
ETAG-15596,EVT-1380,TAG-0154,V18_CURATED_GEOGRAPHY,HIGH,Culture générale V18.
ETAG-15597,EVT-1380,TAG-0153,V18_CURATED_GEOGRAPHY,HIGH,Culture générale V18.
ETAG-15604,EVT-1381,TAG-0145,V18_CURATED_SEMANTIC,HIGH,Culture générale V18.
ETAG-15605,EVT-1381,TAG-0129,V18_CURATED_SEMANTIC,HIGH,Culture générale V18.
ETAG-15606,EVT-1381,TAG-0153,V18_CURATED_GEOGRAPHY,HIGH,Culture générale V18.
ETAG-15613,EVT-1382,TAG-0132,V18_CURATED_SEMANTIC,HIGH,Culture générale V18.
ETAG-15614,EVT-1382,TAG-0133,V18_CURATED_SEMANTIC,HIGH,Culture générale V18.
ETAG-15615,EVT-1382,TAG-0165,V18_CURATED_GEOGRAPHY,HIGH,Culture générale V18.
ETAG-15616,EVT-1382,TAG-0153,V18_CURATED_GEOGRAPHY,HIGH,Culture générale V18.
ETAG-15623,EVT-1383,TAG-0132,V18_CURATED_SEMANTIC,HIGH,Culture générale V18.
ETAG-15624,EVT-1383,TAG-0133,V18_CURATED_SEMANTIC,HIGH,Culture générale V18.
ETAG-15625,EVT-1383,TAG-0165,V18_CURATED_GEOGRAPHY,HIGH,Culture générale V18.
ETAG-15626,EVT-1383,TAG-0153,V18_CURATED_GEOGRAPHY,HIGH,Culture générale V18.
ETAG-15633,EVT-1384,TAG-0145,V18_CURATED_SEMANTIC,HIGH,Culture générale V18.
ETAG-15634,EVT-1384,TAG-0157,V18_CURATED_GEOGRAPHY,HIGH,Culture générale V18.
ETAG-15635,EVT-1384,TAG-0154,V18_CURATED_GEOGRAPHY,HIGH,Culture générale V18.
ETAG-15642,EVT-1385,TAG-0145,V18_CURATED_SEMANTIC,HIGH,Culture générale V18.
ETAG-15643,EVT-1385,TAG-0158,V18_CURATED_GEOGRAPHY,HIGH,Culture générale V18.
ETAG-15644,EVT-1385,TAG-0154,V18_CURATED_GEOGRAPHY,HIGH,Culture générale V18.
ETAG-15651,EVT-1386,TAG-0132,V18_CURATED_SEMANTIC,HIGH,Culture générale V18.
ETAG-15652,EVT-1386,TAG-0133,V18_CURATED_SEMANTIC,HIGH,Culture générale V18.
ETAG-15653,EVT-1386,TAG-0158,V18_CURATED_GEOGRAPHY,HIGH,Culture générale V18.
ETAG-15654,EVT-1386,TAG-0154,V18_CURATED_GEOGRAPHY,HIGH,Culture générale V18.
ETAG-15661,EVT-1387,TAG-0132,V18_CURATED_SEMANTIC,HIGH,Culture générale V18.
ETAG-15662,EVT-1387,TAG-0133,V18_CURATED_SEMANTIC,HIGH,Culture générale V18.
ETAG-15663,EVT-1387,TAG-0159,V18_CURATED_GEOGRAPHY,HIGH,Culture générale V18.
ETAG-15664,EVT-1387,TAG-0154,V18_CURATED_GEOGRAPHY,HIGH,Culture générale V18.
ETAG-15671,EVT-1388,TAG-0132,V18_CURATED_SEMANTIC,HIGH,Culture générale V18.
ETAG-15672,EVT-1388,TAG-0133,V18_CURATED_SEMANTIC,HIGH,Culture générale V18.
ETAG-15673,EVT-1388,TAG-0154,V18_CURATED_GEOGRAPHY,HIGH,Culture générale V18.
ETAG-15674,EVT-1388,TAG-0153,V18_CURATED_GEOGRAPHY,HIGH,Culture générale V18.
ETAG-15681,EVT-1389,TAG-0145,V18_CURATED_SEMANTIC,HIGH,Culture générale V18.
ETAG-15682,EVT-1389,TAG-0188,V18_CURATED_GEOGRAPHY,HIGH,Culture générale V18.
ETAG-15683,EVT-1389,TAG-0153,V18_CURATED_GEOGRAPHY,HIGH,Culture générale V18.
ETAG-15690,EVT-1390,TAG-0132,V18_CURATED_SEMANTIC,HIGH,Culture générale V18.
ETAG-15691,EVT-1390,TAG-0133,V18_CURATED_SEMANTIC,HIGH,Culture générale V18.
ETAG-15692,EVT-1390,TAG-0165,V18_CURATED_GEOGRAPHY,HIGH,Culture générale V18.
ETAG-15693,EVT-1390,TAG-0153,V18_CURATED_GEOGRAPHY,HIGH,Culture générale V18.
ETAG-15700,EVT-1391,TAG-0132,V18_CURATED_SEMANTIC,HIGH,Culture générale V18.
ETAG-15701,EVT-1391,TAG-0133,V18_CURATED_SEMANTIC,HIGH,Culture générale V18.
ETAG-15702,EVT-1391,TAG-0165,V18_CURATED_GEOGRAPHY,HIGH,Culture générale V18.
ETAG-15703,EVT-1391,TAG-0153,V18_CURATED_GEOGRAPHY,HIGH,Culture générale V18.
ETAG-15710,EVT-1392,TAG-0145,V18_CURATED_SEMANTIC,HIGH,Culture générale V18.
ETAG-15711,EVT-1392,TAG-0157,V18_CURATED_GEOGRAPHY,HIGH,Culture générale V18.
ETAG-15712,EVT-1392,TAG-0154,V18_CURATED_GEOGRAPHY,HIGH,Culture générale V18.
ETAG-15719,EVT-1393,TAG-0145,V18_CURATED_SEMANTIC,HIGH,Culture générale V18.
ETAG-15720,EVT-1393,TAG-0158,V18_CURATED_GEOGRAPHY,HIGH,Culture générale V18.
ETAG-15721,EVT-1393,TAG-0154,V18_CURATED_GEOGRAPHY,HIGH,Culture générale V18.
ETAG-15728,EVT-1394,TAG-0132,V18_CURATED_SEMANTIC,HIGH,Culture générale V18.
ETAG-15729,EVT-1394,TAG-0133,V18_CURATED_SEMANTIC,HIGH,Culture générale V18.
ETAG-15730,EVT-1394,TAG-0158,V18_CURATED_GEOGRAPHY,HIGH,Culture générale V18.
ETAG-15731,EVT-1394,TAG-0154,V18_CURATED_GEOGRAPHY,HIGH,Culture générale V18.
ETAG-15738,EVT-1395,TAG-0132,V18_CURATED_SEMANTIC,HIGH,Culture générale V18.
ETAG-15739,EVT-1395,TAG-0133,V18_CURATED_SEMANTIC,HIGH,Culture générale V18.
ETAG-15740,EVT-1395,TAG-0159,V18_CURATED_GEOGRAPHY,HIGH,Culture générale V18.
ETAG-15741,EVT-1395,TAG-0154,V18_CURATED_GEOGRAPHY,HIGH,Culture générale V18.
ETAG-15748,EVT-1396,TAG-0145,V18_CURATED_SEMANTIC,HIGH,Culture générale V18.
ETAG-15749,EVT-1396,TAG-0129,V18_CURATED_SEMANTIC,HIGH,Culture générale V18.
ETAG-15750,EVT-1396,TAG-0153,V18_CURATED_GEOGRAPHY,HIGH,Culture générale V18.
ETAG-15757,EVT-1397,TAG-0132,V18_CURATED_SEMANTIC,HIGH,Culture générale V18.
ETAG-15758,EVT-1397,TAG-0133,V18_CURATED_SEMANTIC,HIGH,Culture générale V18.
ETAG-15759,EVT-1397,TAG-0165,V18_CURATED_GEOGRAPHY,HIGH,Culture générale V18.
ETAG-15760,EVT-1397,TAG-0153,V18_CURATED_GEOGRAPHY,HIGH,Culture générale V18.
ETAG-15767,EVT-1398,TAG-0132,V18_CURATED_SEMANTIC,HIGH,Culture générale V18.
ETAG-15768,EVT-1398,TAG-0133,V18_CURATED_SEMANTIC,HIGH,Culture générale V18.
ETAG-15769,EVT-1398,TAG-0165,V18_CURATED_GEOGRAPHY,HIGH,Culture générale V18.
ETAG-15770,EVT-1398,TAG-0153,V18_CURATED_GEOGRAPHY,HIGH,Culture générale V18.
ETAG-15777,EVT-1399,TAG-0145,V18_CURATED_SEMANTIC,HIGH,Culture générale V18.
ETAG-15778,EVT-1399,TAG-0157,V18_CURATED_GEOGRAPHY,HIGH,Culture générale V18.
ETAG-15779,EVT-1399,TAG-0154,V18_CURATED_GEOGRAPHY,HIGH,Culture générale V18.
ETAG-15786,EVT-1400,TAG-0132,V18_CURATED_SEMANTIC,HIGH,Culture générale V18.
ETAG-15787,EVT-1400,TAG-0133,V18_CURATED_SEMANTIC,HIGH,Culture générale V18.
ETAG-15788,EVT-1400,TAG-0158,V18_CURATED_GEOGRAPHY,HIGH,Culture générale V18.
ETAG-15789,EVT-1400,TAG-0154,V18_CURATED_GEOGRAPHY,HIGH,Culture générale V18.
ETAG-15796,EVT-1401,TAG-0132,V18_CURATED_SEMANTIC,HIGH,Culture générale V18.
ETAG-15797,EVT-1401,TAG-0133,V18_CURATED_SEMANTIC,HIGH,Culture générale V18.
ETAG-15798,EVT-1401,TAG-0154,V18_CURATED_GEOGRAPHY,HIGH,Culture générale V18.
ETAG-15799,EVT-1401,TAG-0153,V18_CURATED_GEOGRAPHY,HIGH,Culture générale V18.
ETAG-15806,EVT-1402,TAG-0145,V18_CURATED_SEMANTIC,HIGH,Culture générale V18.
ETAG-15807,EVT-1402,TAG-0129,V18_CURATED_SEMANTIC,HIGH,Culture générale V18.
ETAG-15808,EVT-1402,TAG-0153,V18_CURATED_GEOGRAPHY,HIGH,Culture générale V18.
ETAG-15815,EVT-1403,TAG-0132,V18_CURATED_SEMANTIC,HIGH,Culture générale V18.
ETAG-15816,EVT-1403,TAG-0133,V18_CURATED_SEMANTIC,HIGH,Culture générale V18.
ETAG-15817,EVT-1403,TAG-0165,V18_CURATED_GEOGRAPHY,HIGH,Culture générale V18.
ETAG-15818,EVT-1403,TAG-0153,V18_CURATED_GEOGRAPHY,HIGH,Culture générale V18.
ETAG-15825,EVT-1404,TAG-0132,V18_CURATED_SEMANTIC,HIGH,Culture générale V18.
ETAG-15826,EVT-1404,TAG-0133,V18_CURATED_SEMANTIC,HIGH,Culture générale V18.
ETAG-15827,EVT-1404,TAG-0165,V18_CURATED_GEOGRAPHY,HIGH,Culture générale V18.
ETAG-15828,EVT-1404,TAG-0153,V18_CURATED_GEOGRAPHY,HIGH,Culture générale V18.
ETAG-15835,EVT-1405,TAG-0132,V18_CURATED_SEMANTIC,HIGH,Culture générale V18.
ETAG-15836,EVT-1405,TAG-0133,V18_CURATED_SEMANTIC,HIGH,Culture générale V18.
ETAG-15837,EVT-1405,TAG-0165,V18_CURATED_GEOGRAPHY,HIGH,Culture générale V18.
ETAG-15838,EVT-1405,TAG-0153,V18_CURATED_GEOGRAPHY,HIGH,Culture générale V18.
ETAG-15845,EVT-1406,TAG-0145,V18_CURATED_SEMANTIC,HIGH,Culture générale V18.
ETAG-15846,EVT-1406,TAG-0157,V18_CURATED_GEOGRAPHY,HIGH,Culture générale V18.
ETAG-15847,EVT-1406,TAG-0154,V18_CURATED_GEOGRAPHY,HIGH,Culture générale V18.
ETAG-15854,EVT-1407,TAG-0145,V18_CURATED_SEMANTIC,HIGH,Culture générale V18.
ETAG-15855,EVT-1407,TAG-0162,V18_CURATED_GEOGRAPHY,HIGH,Culture générale V18.
ETAG-15856,EVT-1407,TAG-0154,V18_CURATED_GEOGRAPHY,HIGH,Culture générale V18.
ETAG-15863,EVT-1408,TAG-0106,V18_CURATED_SEMANTIC,HIGH,Culture générale V18.
ETAG-15864,EVT-1408,TAG-0107,V18_CURATED_SEMANTIC,HIGH,Culture générale V18.
ETAG-15865,EVT-1408,TAG-0165,V18_CURATED_GEOGRAPHY,HIGH,Culture générale V18.
ETAG-15872,EVT-1409,TAG-0145,V18_CURATED_SEMANTIC,HIGH,Culture générale V18.
ETAG-15873,EVT-1409,TAG-0167,V18_CURATED_GEOGRAPHY,HIGH,Culture générale V18.
ETAG-15874,EVT-1409,TAG-0180,V18_CURATED_GEOGRAPHY,HIGH,Culture générale V18.
ETAG-15881,EVT-1410,TAG-0145,V18_CURATED_SEMANTIC,HIGH,Culture générale V18.
ETAG-15882,EVT-1410,TAG-0158,V18_CURATED_GEOGRAPHY,HIGH,Culture générale V18.
ETAG-15883,EVT-1410,TAG-0154,V18_CURATED_GEOGRAPHY,HIGH,Culture générale V18.
ETAG-15890,EVT-1411,TAG-0145,V18_CURATED_SEMANTIC,HIGH,Culture générale V18.
ETAG-15891,EVT-1411,TAG-0225,V18_CURATED_GEOGRAPHY,HIGH,Culture générale V18.
ETAG-15892,EVT-1411,TAG-0153,V18_CURATED_GEOGRAPHY,HIGH,Culture générale V18.
ETAG-15899,EVT-1412,TAG-0132,V18_CURATED_SEMANTIC,HIGH,Culture générale V18.
ETAG-15900,EVT-1412,TAG-0133,V18_CURATED_SEMANTIC,HIGH,Culture générale V18.
ETAG-15901,EVT-1412,TAG-0159,V18_CURATED_GEOGRAPHY,HIGH,Culture générale V18.
ETAG-15902,EVT-1412,TAG-0154,V18_CURATED_GEOGRAPHY,HIGH,Culture générale V18.
ETAG-15909,EVT-1413,TAG-0132,V18_CURATED_SEMANTIC,HIGH,Culture générale V18.
ETAG-15910,EVT-1413,TAG-0133,V18_CURATED_SEMANTIC,HIGH,Culture générale V18.
ETAG-15911,EVT-1413,TAG-0154,V18_CURATED_GEOGRAPHY,HIGH,Culture générale V18.
ETAG-15912,EVT-1413,TAG-0153,V18_CURATED_GEOGRAPHY,HIGH,Culture générale V18.
ETAG-15919,EVT-1414,TAG-0145,V18_CURATED_SEMANTIC,HIGH,Culture générale V18.
ETAG-15920,EVT-1414,TAG-0129,V18_CURATED_SEMANTIC,HIGH,Culture générale V18.
ETAG-15921,EVT-1414,TAG-0153,V18_CURATED_GEOGRAPHY,HIGH,Culture générale V18.
ETAG-15928,EVT-1415,TAG-0106,V18_CURATED_SEMANTIC,HIGH,Culture générale V18.
ETAG-15929,EVT-1415,TAG-0107,V18_CURATED_SEMANTIC,HIGH,Culture générale V18.
ETAG-15930,EVT-1415,TAG-0157,V18_CURATED_GEOGRAPHY,HIGH,Culture générale V18.
ETAG-15937,EVT-1416,TAG-0132,V18_CURATED_SEMANTIC,HIGH,Culture générale V18.
ETAG-15938,EVT-1416,TAG-0133,V18_CURATED_SEMANTIC,HIGH,Culture générale V18.
ETAG-15939,EVT-1416,TAG-0165,V18_CURATED_GEOGRAPHY,HIGH,Culture générale V18.
ETAG-15940,EVT-1416,TAG-0153,V18_CURATED_GEOGRAPHY,HIGH,Culture générale V18.
ETAG-15947,EVT-1417,TAG-0132,V18_CURATED_SEMANTIC,HIGH,Culture générale V18.
ETAG-15948,EVT-1417,TAG-0133,V18_CURATED_SEMANTIC,HIGH,Culture générale V18.
ETAG-15949,EVT-1417,TAG-0165,V18_CURATED_GEOGRAPHY,HIGH,Culture générale V18.
ETAG-15950,EVT-1417,TAG-0153,V18_CURATED_GEOGRAPHY,HIGH,Culture générale V18.
ETAG-15957,EVT-1418,TAG-0132,V18_CURATED_SEMANTIC,HIGH,Culture générale V18.
ETAG-15958,EVT-1418,TAG-0133,V18_CURATED_SEMANTIC,HIGH,Culture générale V18.
ETAG-15959,EVT-1418,TAG-0158,V18_CURATED_GEOGRAPHY,HIGH,Culture générale V18.
ETAG-15960,EVT-1418,TAG-0154,V18_CURATED_GEOGRAPHY,HIGH,Culture générale V18.
ETAG-15967,EVT-1419,TAG-0132,V18_CURATED_SEMANTIC,HIGH,Culture générale V18.
ETAG-15968,EVT-1419,TAG-0133,V18_CURATED_SEMANTIC,HIGH,Culture générale V18.
ETAG-15969,EVT-1419,TAG-0159,V18_CURATED_GEOGRAPHY,HIGH,Culture générale V18.
ETAG-15970,EVT-1419,TAG-0154,V18_CURATED_GEOGRAPHY,HIGH,Culture générale V18.
ETAG-15977,EVT-1420,TAG-0132,V18_CURATED_SEMANTIC,HIGH,Culture générale V18.
ETAG-15978,EVT-1420,TAG-0133,V18_CURATED_SEMANTIC,HIGH,Culture générale V18.
ETAG-15979,EVT-1420,TAG-0154,V18_CURATED_GEOGRAPHY,HIGH,Culture générale V18.
ETAG-15980,EVT-1420,TAG-0153,V18_CURATED_GEOGRAPHY,HIGH,Culture générale V18.
ETAG-15987,EVT-1421,TAG-0145,V18_CURATED_SEMANTIC,HIGH,Culture générale V18.
ETAG-15988,EVT-1421,TAG-0158,V18_CURATED_GEOGRAPHY,HIGH,Culture générale V18.
ETAG-15989,EVT-1421,TAG-0153,V18_CURATED_GEOGRAPHY,HIGH,Culture générale V18.
ETAG-15996,EVT-1422,TAG-0132,V18_CURATED_SEMANTIC,HIGH,Culture générale V18.
ETAG-15997,EVT-1422,TAG-0133,V18_CURATED_SEMANTIC,HIGH,Culture générale V18.
ETAG-15998,EVT-1422,TAG-0165,V18_CURATED_GEOGRAPHY,HIGH,Culture générale V18.
ETAG-15999,EVT-1422,TAG-0153,V18_CURATED_GEOGRAPHY,HIGH,Culture générale V18.
ETAG-16006,EVT-1423,TAG-0132,V18_CURATED_SEMANTIC,HIGH,Culture générale V18.
ETAG-16007,EVT-1423,TAG-0133,V18_CURATED_SEMANTIC,HIGH,Culture générale V18.
ETAG-16008,EVT-1423,TAG-0165,V18_CURATED_GEOGRAPHY,HIGH,Culture générale V18.
ETAG-16009,EVT-1423,TAG-0153,V18_CURATED_GEOGRAPHY,HIGH,Culture générale V18.
ETAG-16016,EVT-1424,TAG-0132,V18_CURATED_SEMANTIC,HIGH,Culture générale V18.
ETAG-16017,EVT-1424,TAG-0133,V18_CURATED_SEMANTIC,HIGH,Culture générale V18.
ETAG-16018,EVT-1424,TAG-0165,V18_CURATED_GEOGRAPHY,HIGH,Culture générale V18.
ETAG-16019,EVT-1424,TAG-0153,V18_CURATED_GEOGRAPHY,HIGH,Culture générale V18.
ETAG-16026,EVT-1425,TAG-0145,V18_CURATED_SEMANTIC,HIGH,Culture générale V18.
ETAG-16027,EVT-1425,TAG-0157,V18_CURATED_GEOGRAPHY,HIGH,Culture générale V18.
ETAG-16028,EVT-1425,TAG-0154,V18_CURATED_GEOGRAPHY,HIGH,Culture générale V18.
ETAG-16035,EVT-1426,TAG-0145,V18_CURATED_SEMANTIC,HIGH,Culture générale V18.
ETAG-16036,EVT-1426,TAG-0158,V18_CURATED_GEOGRAPHY,HIGH,Culture générale V18.
ETAG-16037,EVT-1426,TAG-0154,V18_CURATED_GEOGRAPHY,HIGH,Culture générale V18.
ETAG-16044,EVT-1427,TAG-0132,V18_CURATED_SEMANTIC,HIGH,Culture générale V18.
ETAG-16045,EVT-1427,TAG-0133,V18_CURATED_SEMANTIC,HIGH,Culture générale V18.
ETAG-16046,EVT-1427,TAG-0158,V18_CURATED_GEOGRAPHY,HIGH,Culture générale V18.
ETAG-16047,EVT-1427,TAG-0154,V18_CURATED_GEOGRAPHY,HIGH,Culture générale V18.
ETAG-16054,EVT-1428,TAG-0132,V18_CURATED_SEMANTIC,HIGH,Culture générale V18.
ETAG-16055,EVT-1428,TAG-0133,V18_CURATED_SEMANTIC,HIGH,Culture générale V18.
ETAG-16056,EVT-1428,TAG-0159,V18_CURATED_GEOGRAPHY,HIGH,Culture générale V18.
ETAG-16057,EVT-1428,TAG-0154,V18_CURATED_GEOGRAPHY,HIGH,Culture générale V18.
ETAG-16064,EVT-1429,TAG-0132,V18_CURATED_SEMANTIC,HIGH,Culture générale V18.
ETAG-16065,EVT-1429,TAG-0133,V18_CURATED_SEMANTIC,HIGH,Culture générale V18.
ETAG-16066,EVT-1429,TAG-0154,V18_CURATED_GEOGRAPHY,HIGH,Culture générale V18.
ETAG-16067,EVT-1429,TAG-0153,V18_CURATED_GEOGRAPHY,HIGH,Culture générale V18.
ETAG-16074,EVT-1430,TAG-0145,V18_CURATED_SEMANTIC,HIGH,Culture générale V18.
ETAG-16075,EVT-1430,TAG-0129,V18_CURATED_SEMANTIC,HIGH,Culture générale V18.
ETAG-16076,EVT-1430,TAG-0153,V18_CURATED_GEOGRAPHY,HIGH,Culture générale V18.
ETAG-16083,EVT-1431,TAG-0132,V18_CURATED_SEMANTIC,HIGH,Culture générale V18.
ETAG-16084,EVT-1431,TAG-0133,V18_CURATED_SEMANTIC,HIGH,Culture générale V18.
ETAG-16085,EVT-1431,TAG-0165,V18_CURATED_GEOGRAPHY,HIGH,Culture générale V18.
ETAG-16086,EVT-1431,TAG-0153,V18_CURATED_GEOGRAPHY,HIGH,Culture générale V18.
ETAG-16093,EVT-1432,TAG-0145,V18_CURATED_SEMANTIC,HIGH,Culture générale V18.
ETAG-16094,EVT-1432,TAG-0133,V18_CURATED_SEMANTIC,HIGH,Culture générale V18.
ETAG-16095,EVT-1432,TAG-0165,V18_CURATED_GEOGRAPHY,HIGH,Culture générale V18.
ETAG-16102,EVT-1433,TAG-0145,V18_CURATED_SEMANTIC,HIGH,Culture générale V18.
ETAG-16103,EVT-1433,TAG-0157,V18_CURATED_GEOGRAPHY,HIGH,Culture générale V18.
ETAG-16104,EVT-1433,TAG-0154,V18_CURATED_GEOGRAPHY,HIGH,Culture générale V18.
ETAG-16111,EVT-1434,TAG-0145,V18_CURATED_SEMANTIC,HIGH,Culture générale V18.
ETAG-16112,EVT-1434,TAG-0158,V18_CURATED_GEOGRAPHY,HIGH,Culture générale V18.
ETAG-16113,EVT-1434,TAG-0154,V18_CURATED_GEOGRAPHY,HIGH,Culture générale V18.
ETAG-16120,EVT-1435,TAG-0145,V18_CURATED_SEMANTIC,HIGH,Culture générale V18.
ETAG-16121,EVT-1435,TAG-0129,V18_CURATED_SEMANTIC,HIGH,Culture générale V18.
ETAG-16122,EVT-1435,TAG-0153,V18_CURATED_GEOGRAPHY,HIGH,Culture générale V18.
ETAG-16129,EVT-1436,TAG-0132,V18_CURATED_SEMANTIC,HIGH,Culture générale V18.
ETAG-16130,EVT-1436,TAG-0133,V18_CURATED_SEMANTIC,HIGH,Culture générale V18.
ETAG-16131,EVT-1436,TAG-0165,V18_CURATED_GEOGRAPHY,HIGH,Culture générale V18.
ETAG-16132,EVT-1436,TAG-0153,V18_CURATED_GEOGRAPHY,HIGH,Culture générale V18.
ETAG-16139,EVT-1437,TAG-0132,V18_CURATED_SEMANTIC,HIGH,Culture générale V18.
ETAG-16140,EVT-1437,TAG-0133,V18_CURATED_SEMANTIC,HIGH,Culture générale V18.
ETAG-16141,EVT-1437,TAG-0165,V18_CURATED_GEOGRAPHY,HIGH,Culture générale V18.
ETAG-16142,EVT-1437,TAG-0153,V18_CURATED_GEOGRAPHY,HIGH,Culture générale V18.
ETAG-16149,EVT-1438,TAG-0132,V18_CURATED_SEMANTIC,HIGH,Culture générale V18.
ETAG-16150,EVT-1438,TAG-0133,V18_CURATED_SEMANTIC,HIGH,Culture générale V18.
ETAG-16151,EVT-1438,TAG-0165,V18_CURATED_GEOGRAPHY,HIGH,Culture générale V18.
ETAG-16152,EVT-1438,TAG-0153,V18_CURATED_GEOGRAPHY,HIGH,Culture générale V18.
ETAG-16159,EVT-1439,TAG-0145,V18_CURATED_SEMANTIC,HIGH,Culture générale V18.
ETAG-16160,EVT-1439,TAG-0216,V18_CURATED_GEOGRAPHY,HIGH,Culture générale V18.
ETAG-16161,EVT-1439,TAG-0153,V18_CURATED_GEOGRAPHY,HIGH,Culture générale V18.
ETAG-16168,EVT-1440,TAG-0145,V18_CURATED_SEMANTIC,HIGH,Culture générale V18.
ETAG-16169,EVT-1440,TAG-0133,V18_CURATED_SEMANTIC,HIGH,Culture générale V18.
ETAG-16170,EVT-1440,TAG-0165,V18_CURATED_GEOGRAPHY,HIGH,Culture générale V18.
ETAG-16177,EVT-1441,TAG-0145,V18_CURATED_SEMANTIC,HIGH,Culture générale V18.
ETAG-16178,EVT-1441,TAG-0157,V18_CURATED_GEOGRAPHY,HIGH,Culture générale V18.
ETAG-16179,EVT-1441,TAG-0154,V18_CURATED_GEOGRAPHY,HIGH,Culture générale V18.
ETAG-16186,EVT-1442,TAG-0145,V18_CURATED_SEMANTIC,HIGH,Culture générale V18.
ETAG-16187,EVT-1442,TAG-0160,V18_CURATED_GEOGRAPHY,HIGH,Culture générale V18.
ETAG-16188,EVT-1442,TAG-0154,V18_CURATED_GEOGRAPHY,HIGH,Culture générale V18.
ETAG-16195,EVT-1443,TAG-0106,V18_CURATED_SEMANTIC,HIGH,Culture générale V18.
ETAG-16196,EVT-1443,TAG-0107,V18_CURATED_SEMANTIC,HIGH,Culture générale V18.
ETAG-16197,EVT-1443,TAG-0165,V18_CURATED_GEOGRAPHY,HIGH,Culture générale V18.
ETAG-16204,EVT-1444,TAG-0145,V18_CURATED_SEMANTIC,HIGH,Culture générale V18.
ETAG-16205,EVT-1444,TAG-0216,V18_CURATED_GEOGRAPHY,HIGH,Culture générale V18.
ETAG-16206,EVT-1444,TAG-0153,V18_CURATED_GEOGRAPHY,HIGH,Culture générale V18.
ETAG-16213,EVT-1445,TAG-0145,V18_CURATED_SEMANTIC,HIGH,Culture générale V18.
ETAG-16214,EVT-1445,TAG-0157,V18_CURATED_GEOGRAPHY,HIGH,Culture générale V18.
ETAG-16215,EVT-1445,TAG-0153,V18_CURATED_GEOGRAPHY,HIGH,Culture générale V18.
ETAG-16222,EVT-1446,TAG-0132,V18_CURATED_SEMANTIC,HIGH,Culture générale V18.
ETAG-16223,EVT-1446,TAG-0133,V18_CURATED_SEMANTIC,HIGH,Culture générale V18.
ETAG-16224,EVT-1446,TAG-0158,V18_CURATED_GEOGRAPHY,HIGH,Culture générale V18.
ETAG-16225,EVT-1446,TAG-0154,V18_CURATED_GEOGRAPHY,HIGH,Culture générale V18.
ETAG-16232,EVT-1447,TAG-0132,V18_CURATED_SEMANTIC,HIGH,Culture générale V18.
ETAG-16233,EVT-1447,TAG-0133,V18_CURATED_SEMANTIC,HIGH,Culture générale V18.
ETAG-16234,EVT-1447,TAG-0159,V18_CURATED_GEOGRAPHY,HIGH,Culture générale V18.
ETAG-16235,EVT-1447,TAG-0154,V18_CURATED_GEOGRAPHY,HIGH,Culture générale V18.
ETAG-16242,EVT-1448,TAG-0132,V18_CURATED_SEMANTIC,HIGH,Culture générale V18.
ETAG-16243,EVT-1448,TAG-0133,V18_CURATED_SEMANTIC,HIGH,Culture générale V18.
ETAG-16244,EVT-1448,TAG-0154,V18_CURATED_GEOGRAPHY,HIGH,Culture générale V18.
ETAG-16245,EVT-1448,TAG-0153,V18_CURATED_GEOGRAPHY,HIGH,Culture générale V18.
ETAG-16252,EVT-1449,TAG-0145,V18_CURATED_SEMANTIC,HIGH,Culture générale V18.
ETAG-16253,EVT-1449,TAG-0129,V18_CURATED_SEMANTIC,HIGH,Culture générale V18.
ETAG-16254,EVT-1449,TAG-0153,V18_CURATED_GEOGRAPHY,HIGH,Culture générale V18.
ETAG-16261,EVT-1450,TAG-0106,V18_CURATED_SEMANTIC,HIGH,Culture générale V18.
ETAG-16262,EVT-1450,TAG-0107,V18_CURATED_SEMANTIC,HIGH,Culture générale V18.
ETAG-16263,EVT-1450,TAG-0157,V18_CURATED_GEOGRAPHY,HIGH,Culture générale V18.
ETAG-16270,EVT-1451,TAG-0132,V18_CURATED_SEMANTIC,HIGH,Culture générale V18.
ETAG-16271,EVT-1451,TAG-0133,V18_CURATED_SEMANTIC,HIGH,Culture générale V18.
ETAG-16272,EVT-1451,TAG-0165,V18_CURATED_GEOGRAPHY,HIGH,Culture générale V18.
ETAG-16273,EVT-1451,TAG-0153,V18_CURATED_GEOGRAPHY,HIGH,Culture générale V18.
ETAG-16280,EVT-1452,TAG-0132,V18_CURATED_SEMANTIC,HIGH,Culture générale V18.
ETAG-16281,EVT-1452,TAG-0133,V18_CURATED_SEMANTIC,HIGH,Culture générale V18.
ETAG-16282,EVT-1452,TAG-0165,V18_CURATED_GEOGRAPHY,HIGH,Culture générale V18.
ETAG-16283,EVT-1452,TAG-0153,V18_CURATED_GEOGRAPHY,HIGH,Culture générale V18.
ETAG-16290,EVT-1453,TAG-0145,V18_CURATED_SEMANTIC,HIGH,Culture générale V18.
ETAG-16291,EVT-1453,TAG-0157,V18_CURATED_GEOGRAPHY,HIGH,Culture générale V18.
ETAG-16292,EVT-1453,TAG-0154,V18_CURATED_GEOGRAPHY,HIGH,Culture générale V18.
ETAG-16299,EVT-1454,TAG-0145,V18_CURATED_SEMANTIC,HIGH,Culture générale V18.
ETAG-16300,EVT-1454,TAG-0158,V18_CURATED_GEOGRAPHY,HIGH,Culture générale V18.
ETAG-16301,EVT-1454,TAG-0154,V18_CURATED_GEOGRAPHY,HIGH,Culture générale V18.
ETAG-16308,EVT-1455,TAG-0132,V18_CURATED_SEMANTIC,HIGH,Culture générale V18.
ETAG-16309,EVT-1455,TAG-0133,V18_CURATED_SEMANTIC,HIGH,Culture générale V18.
ETAG-16310,EVT-1455,TAG-0158,V18_CURATED_GEOGRAPHY,HIGH,Culture générale V18.
ETAG-16311,EVT-1455,TAG-0154,V18_CURATED_GEOGRAPHY,HIGH,Culture générale V18.
ETAG-16318,EVT-1456,TAG-0132,V18_CURATED_SEMANTIC,HIGH,Culture générale V18.
ETAG-16319,EVT-1456,TAG-0133,V18_CURATED_SEMANTIC,HIGH,Culture générale V18.
ETAG-16320,EVT-1456,TAG-0159,V18_CURATED_GEOGRAPHY,HIGH,Culture générale V18.
ETAG-16321,EVT-1456,TAG-0154,V18_CURATED_GEOGRAPHY,HIGH,Culture générale V18.
ETAG-16328,EVT-1457,TAG-0132,V18_CURATED_SEMANTIC,HIGH,Culture générale V18.
ETAG-16329,EVT-1457,TAG-0133,V18_CURATED_SEMANTIC,HIGH,Culture générale V18.
ETAG-16330,EVT-1457,TAG-0154,V18_CURATED_GEOGRAPHY,HIGH,Culture générale V18.
ETAG-16331,EVT-1457,TAG-0153,V18_CURATED_GEOGRAPHY,HIGH,Culture générale V18.
ETAG-16338,EVT-1458,TAG-0145,V18_CURATED_SEMANTIC,HIGH,Culture générale V18.
ETAG-16339,EVT-1458,TAG-0216,V18_CURATED_GEOGRAPHY,HIGH,Culture générale V18.
ETAG-16340,EVT-1458,TAG-0153,V18_CURATED_GEOGRAPHY,HIGH,Culture générale V18.
ETAG-16347,EVT-1459,TAG-0145,V18_CURATED_SEMANTIC,HIGH,Culture générale V18.
ETAG-16348,EVT-1459,TAG-0129,V18_CURATED_SEMANTIC,HIGH,Culture générale V18.
ETAG-16349,EVT-1459,TAG-0153,V18_CURATED_GEOGRAPHY,HIGH,Culture générale V18.
ETAG-16356,EVT-1460,TAG-0132,V18_CURATED_SEMANTIC,HIGH,Culture générale V18.
ETAG-16357,EVT-1460,TAG-0133,V18_CURATED_SEMANTIC,HIGH,Culture générale V18.
ETAG-16358,EVT-1460,TAG-0165,V18_CURATED_GEOGRAPHY,HIGH,Culture générale V18.
ETAG-16359,EVT-1460,TAG-0153,V18_CURATED_GEOGRAPHY,HIGH,Culture générale V18.
ETAG-16366,EVT-1461,TAG-0132,V18_CURATED_SEMANTIC,HIGH,Culture générale V18.
ETAG-16367,EVT-1461,TAG-0133,V18_CURATED_SEMANTIC,HIGH,Culture générale V18.
ETAG-16368,EVT-1461,TAG-0165,V18_CURATED_GEOGRAPHY,HIGH,Culture générale V18.
ETAG-16369,EVT-1461,TAG-0153,V18_CURATED_GEOGRAPHY,HIGH,Culture générale V18.
ETAG-16376,EVT-1462,TAG-0132,V18_CURATED_SEMANTIC,HIGH,Culture générale V18.
ETAG-16377,EVT-1462,TAG-0133,V18_CURATED_SEMANTIC,HIGH,Culture générale V18.
ETAG-16378,EVT-1462,TAG-0165,V18_CURATED_GEOGRAPHY,HIGH,Culture générale V18.
ETAG-16379,EVT-1462,TAG-0153,V18_CURATED_GEOGRAPHY,HIGH,Culture générale V18.
ETAG-16386,EVT-1463,TAG-0145,V18_CURATED_SEMANTIC,HIGH,Culture générale V18.
ETAG-16387,EVT-1463,TAG-0133,V18_CURATED_SEMANTIC,HIGH,Culture générale V18.
ETAG-16388,EVT-1463,TAG-0165,V18_CURATED_GEOGRAPHY,HIGH,Culture générale V18.
ETAG-16395,EVT-1464,TAG-0132,V18_CURATED_SEMANTIC,HIGH,Culture générale V18.
ETAG-16396,EVT-1464,TAG-0133,V18_CURATED_SEMANTIC,HIGH,Culture générale V18.
ETAG-16397,EVT-1464,TAG-0154,V18_CURATED_GEOGRAPHY,HIGH,Culture générale V18.
ETAG-16398,EVT-1464,TAG-0153,V18_CURATED_GEOGRAPHY,HIGH,Culture générale V18.
ETAG-16405,EVT-1465,TAG-0132,V18_CURATED_SEMANTIC,HIGH,Culture générale V18.
ETAG-16406,EVT-1465,TAG-0133,V18_CURATED_SEMANTIC,HIGH,Culture générale V18.
ETAG-16407,EVT-1465,TAG-0165,V18_CURATED_GEOGRAPHY,HIGH,Culture générale V18.
ETAG-16408,EVT-1465,TAG-0153,V18_CURATED_GEOGRAPHY,HIGH,Culture générale V18.
ETAG-16415,EVT-1466,TAG-0132,V18_CURATED_SEMANTIC,HIGH,Culture générale V18.
ETAG-16416,EVT-1466,TAG-0133,V18_CURATED_SEMANTIC,HIGH,Culture générale V18.
ETAG-16417,EVT-1466,TAG-0165,V18_CURATED_GEOGRAPHY,HIGH,Culture générale V18.
ETAG-16418,EVT-1466,TAG-0153,V18_CURATED_GEOGRAPHY,HIGH,Culture générale V18.
ETAG-16425,EVT-1467,TAG-0132,V18_CURATED_SEMANTIC,HIGH,Culture générale V18.
ETAG-16426,EVT-1467,TAG-0133,V18_CURATED_SEMANTIC,HIGH,Culture générale V18.
ETAG-16427,EVT-1467,TAG-0165,V18_CURATED_GEOGRAPHY,HIGH,Culture générale V18.
ETAG-16428,EVT-1467,TAG-0153,V18_CURATED_GEOGRAPHY,HIGH,Culture générale V18.
ETAG-16435,EVT-1468,TAG-0145,V18_CURATED_SEMANTIC,HIGH,Culture générale V18.
ETAG-16436,EVT-1468,TAG-0133,V18_CURATED_SEMANTIC,HIGH,Culture générale V18.
ETAG-16437,EVT-1468,TAG-0165,V18_CURATED_GEOGRAPHY,HIGH,Culture générale V18.
ETAG-16444,EVT-1469,TAG-0145,V18_CURATED_SEMANTIC,HIGH,Culture générale V18.
ETAG-16445,EVT-1469,TAG-0157,V18_CURATED_GEOGRAPHY,HIGH,Culture générale V18.
ETAG-16446,EVT-1469,TAG-0154,V18_CURATED_GEOGRAPHY,HIGH,Culture générale V18.
ETAG-16453,EVT-1470,TAG-0145,V18_CURATED_SEMANTIC,HIGH,Culture générale V18.
ETAG-16454,EVT-1470,TAG-0158,V18_CURATED_GEOGRAPHY,HIGH,Culture générale V18.
ETAG-16455,EVT-1470,TAG-0154,V18_CURATED_GEOGRAPHY,HIGH,Culture générale V18.
ETAG-16462,EVT-1471,TAG-0132,V18_CURATED_SEMANTIC,HIGH,Culture générale V18.
ETAG-16463,EVT-1471,TAG-0133,V18_CURATED_SEMANTIC,HIGH,Culture générale V18.
ETAG-16464,EVT-1471,TAG-0158,V18_CURATED_GEOGRAPHY,HIGH,Culture générale V18.
ETAG-16465,EVT-1471,TAG-0154,V18_CURATED_GEOGRAPHY,HIGH,Culture générale V18.
ETAG-16472,EVT-1472,TAG-0132,V18_CURATED_SEMANTIC,HIGH,Culture générale V18.
ETAG-16473,EVT-1472,TAG-0133,V18_CURATED_SEMANTIC,HIGH,Culture générale V18.
ETAG-16474,EVT-1472,TAG-0159,V18_CURATED_GEOGRAPHY,HIGH,Culture générale V18.
ETAG-16475,EVT-1472,TAG-0154,V18_CURATED_GEOGRAPHY,HIGH,Culture générale V18.
ETAG-16482,EVT-1473,TAG-0132,V18_CURATED_SEMANTIC,HIGH,Culture générale V18.
ETAG-16483,EVT-1473,TAG-0133,V18_CURATED_SEMANTIC,HIGH,Culture générale V18.
ETAG-16484,EVT-1473,TAG-0154,V18_CURATED_GEOGRAPHY,HIGH,Culture générale V18.
ETAG-16485,EVT-1473,TAG-0153,V18_CURATED_GEOGRAPHY,HIGH,Culture générale V18.
ETAG-16492,EVT-1474,TAG-0145,V18_CURATED_SEMANTIC,HIGH,Culture générale V18.
ETAG-16493,EVT-1474,TAG-0129,V18_CURATED_SEMANTIC,HIGH,Culture générale V18.
ETAG-16494,EVT-1474,TAG-0153,V18_CURATED_GEOGRAPHY,HIGH,Culture générale V18.
ETAG-16501,EVT-1475,TAG-0132,V18_CURATED_SEMANTIC,HIGH,Culture générale V18.
ETAG-16502,EVT-1475,TAG-0133,V18_CURATED_SEMANTIC,HIGH,Culture générale V18.
ETAG-16503,EVT-1475,TAG-0165,V18_CURATED_GEOGRAPHY,HIGH,Culture générale V18.
ETAG-16504,EVT-1475,TAG-0153,V18_CURATED_GEOGRAPHY,HIGH,Culture générale V18.
ETAG-16511,EVT-1476,TAG-0132,V18_CURATED_SEMANTIC,HIGH,Culture générale V18.
ETAG-16512,EVT-1476,TAG-0133,V18_CURATED_SEMANTIC,HIGH,Culture générale V18.
ETAG-16513,EVT-1476,TAG-0165,V18_CURATED_GEOGRAPHY,HIGH,Culture générale V18.
ETAG-16514,EVT-1476,TAG-0153,V18_CURATED_GEOGRAPHY,HIGH,Culture générale V18.
ETAG-16521,EVT-1477,TAG-0132,V18_CURATED_SEMANTIC,HIGH,Culture générale V18.
ETAG-16522,EVT-1477,TAG-0133,V18_CURATED_SEMANTIC,HIGH,Culture générale V18.
ETAG-16523,EVT-1477,TAG-0165,V18_CURATED_GEOGRAPHY,HIGH,Culture générale V18.
ETAG-16524,EVT-1477,TAG-0153,V18_CURATED_GEOGRAPHY,HIGH,Culture générale V18.
ETAG-16531,EVT-1478,TAG-0145,V18_CURATED_SEMANTIC,HIGH,Culture générale V18.
ETAG-16532,EVT-1478,TAG-0159,V18_CURATED_GEOGRAPHY,HIGH,Culture générale V18.
ETAG-16533,EVT-1478,TAG-0153,V18_CURATED_GEOGRAPHY,HIGH,Culture générale V18.
ETAG-16540,EVT-1479,TAG-0145,V18_CURATED_SEMANTIC,HIGH,Culture générale V18.
ETAG-16541,EVT-1479,TAG-0157,V18_CURATED_GEOGRAPHY,HIGH,Culture générale V18.
ETAG-16542,EVT-1479,TAG-0154,V18_CURATED_GEOGRAPHY,HIGH,Culture générale V18.
ETAG-16549,EVT-1480,TAG-0145,V18_CURATED_SEMANTIC,HIGH,Culture générale V18.
ETAG-16550,EVT-1480,TAG-0198,V18_CURATED_GEOGRAPHY,HIGH,Culture générale V18.
ETAG-16551,EVT-1480,TAG-0154,V18_CURATED_GEOGRAPHY,HIGH,Culture générale V18.
ETAG-16558,EVT-1481,TAG-0106,V18_CURATED_SEMANTIC,HIGH,Culture générale V18.
ETAG-16559,EVT-1481,TAG-0107,V18_CURATED_SEMANTIC,HIGH,Culture générale V18.
ETAG-16560,EVT-1481,TAG-0165,V18_CURATED_GEOGRAPHY,HIGH,Culture générale V18.
ETAG-16567,EVT-1482,TAG-0145,V18_CURATED_SEMANTIC,HIGH,Culture générale V18.
ETAG-16568,EVT-1482,TAG-0158,V18_CURATED_GEOGRAPHY,HIGH,Culture générale V18.
ETAG-16569,EVT-1482,TAG-0154,V18_CURATED_GEOGRAPHY,HIGH,Culture générale V18.
ETAG-16576,EVT-1483,TAG-0145,V18_CURATED_SEMANTIC,HIGH,Culture générale V18.
ETAG-16577,EVT-1483,TAG-0167,V18_CURATED_GEOGRAPHY,HIGH,Culture générale V18.
ETAG-16578,EVT-1483,TAG-0153,V18_CURATED_GEOGRAPHY,HIGH,Culture générale V18.
ETAG-16585,EVT-1484,TAG-0132,V18_CURATED_SEMANTIC,HIGH,Culture générale V18.
ETAG-16586,EVT-1484,TAG-0133,V18_CURATED_SEMANTIC,HIGH,Culture générale V18.
ETAG-16587,EVT-1484,TAG-0158,V18_CURATED_GEOGRAPHY,HIGH,Culture générale V18.
ETAG-16588,EVT-1484,TAG-0154,V18_CURATED_GEOGRAPHY,HIGH,Culture générale V18.
ETAG-16595,EVT-1485,TAG-0132,V18_CURATED_SEMANTIC,HIGH,Culture générale V18.
ETAG-16596,EVT-1485,TAG-0133,V18_CURATED_SEMANTIC,HIGH,Culture générale V18.
ETAG-16597,EVT-1485,TAG-0159,V18_CURATED_GEOGRAPHY,HIGH,Culture générale V18.
ETAG-16598,EVT-1485,TAG-0154,V18_CURATED_GEOGRAPHY,HIGH,Culture générale V18.
ETAG-16605,EVT-1486,TAG-0145,V18_CURATED_SEMANTIC,HIGH,Culture générale V18.
ETAG-16606,EVT-1486,TAG-0129,V18_CURATED_SEMANTIC,HIGH,Culture générale V18.
ETAG-16607,EVT-1486,TAG-0153,V18_CURATED_GEOGRAPHY,HIGH,Culture générale V18.
ETAG-16614,EVT-1487,TAG-0145,V18_CURATED_SEMANTIC,HIGH,Culture générale V18.
ETAG-16615,EVT-1487,TAG-0133,V18_CURATED_SEMANTIC,HIGH,Culture générale V18.
ETAG-16616,EVT-1487,TAG-0165,V18_CURATED_GEOGRAPHY,HIGH,Culture générale V18.
ETAG-16623,EVT-1488,TAG-0145,V18_CURATED_SEMANTIC,HIGH,Culture générale V18.
ETAG-16624,EVT-1488,TAG-0157,V18_CURATED_GEOGRAPHY,HIGH,Culture générale V18.
ETAG-16625,EVT-1488,TAG-0154,V18_CURATED_GEOGRAPHY,HIGH,Culture générale V18.
ETAG-16632,EVT-1489,TAG-0132,V18_CURATED_SEMANTIC,HIGH,Culture générale V18.
ETAG-16633,EVT-1489,TAG-0133,V18_CURATED_SEMANTIC,HIGH,Culture générale V18.
ETAG-16634,EVT-1489,TAG-0158,V18_CURATED_GEOGRAPHY,HIGH,Culture générale V18.
ETAG-16635,EVT-1489,TAG-0154,V18_CURATED_GEOGRAPHY,HIGH,Culture générale V18.
ETAG-16642,EVT-1490,TAG-0132,V18_CURATED_SEMANTIC,HIGH,Culture générale V18.
ETAG-16643,EVT-1490,TAG-0133,V18_CURATED_SEMANTIC,HIGH,Culture générale V18.
ETAG-16644,EVT-1490,TAG-0159,V18_CURATED_GEOGRAPHY,HIGH,Culture générale V18.
ETAG-16645,EVT-1490,TAG-0154,V18_CURATED_GEOGRAPHY,HIGH,Culture générale V18.
ETAG-16652,EVT-1491,TAG-0132,V18_CURATED_SEMANTIC,HIGH,Culture générale V18.
ETAG-16653,EVT-1491,TAG-0133,V18_CURATED_SEMANTIC,HIGH,Culture générale V18.
ETAG-16654,EVT-1491,TAG-0154,V18_CURATED_GEOGRAPHY,HIGH,Culture générale V18.
ETAG-16655,EVT-1491,TAG-0153,V18_CURATED_GEOGRAPHY,HIGH,Culture générale V18.
ETAG-16662,EVT-1492,TAG-0145,V18_CURATED_SEMANTIC,HIGH,Culture générale V18.
ETAG-16663,EVT-1492,TAG-0159,V18_CURATED_GEOGRAPHY,HIGH,Culture générale V18.
ETAG-16664,EVT-1492,TAG-0153,V18_CURATED_GEOGRAPHY,HIGH,Culture générale V18.
ETAG-16671,EVT-1493,TAG-0145,V18_CURATED_SEMANTIC,HIGH,Culture générale V18.
ETAG-16672,EVT-1493,TAG-0129,V18_CURATED_SEMANTIC,HIGH,Culture générale V18.
ETAG-16673,EVT-1493,TAG-0153,V18_CURATED_GEOGRAPHY,HIGH,Culture générale V18.
ETAG-16680,EVT-1494,TAG-0106,V18_CURATED_SEMANTIC,HIGH,Culture générale V18.
ETAG-16681,EVT-1494,TAG-0107,V18_CURATED_SEMANTIC,HIGH,Culture générale V18.
ETAG-16682,EVT-1494,TAG-0157,V18_CURATED_GEOGRAPHY,HIGH,Culture générale V18.
ETAG-16689,EVT-1495,TAG-0132,V18_CURATED_SEMANTIC,HIGH,Culture générale V18.
ETAG-16690,EVT-1495,TAG-0133,V18_CURATED_SEMANTIC,HIGH,Culture générale V18.
ETAG-16691,EVT-1495,TAG-0165,V18_CURATED_GEOGRAPHY,HIGH,Culture générale V18.
ETAG-16692,EVT-1495,TAG-0153,V18_CURATED_GEOGRAPHY,HIGH,Culture générale V18.
ETAG-16699,EVT-1496,TAG-0132,V18_CURATED_SEMANTIC,HIGH,Culture générale V18.
ETAG-16700,EVT-1496,TAG-0133,V18_CURATED_SEMANTIC,HIGH,Culture générale V18.
ETAG-16701,EVT-1496,TAG-0165,V18_CURATED_GEOGRAPHY,HIGH,Culture générale V18.
ETAG-16702,EVT-1496,TAG-0153,V18_CURATED_GEOGRAPHY,HIGH,Culture générale V18.
ETAG-16709,EVT-1497,TAG-0132,V18_CURATED_SEMANTIC,HIGH,Culture générale V18.
ETAG-16710,EVT-1497,TAG-0133,V18_CURATED_SEMANTIC,HIGH,Culture générale V18.
ETAG-16711,EVT-1497,TAG-0165,V18_CURATED_GEOGRAPHY,HIGH,Culture générale V18.
ETAG-16712,EVT-1497,TAG-0153,V18_CURATED_GEOGRAPHY,HIGH,Culture générale V18.
ETAG-16719,EVT-1498,TAG-0145,V18_CURATED_SEMANTIC,HIGH,Culture générale V18.
ETAG-16720,EVT-1498,TAG-0133,V18_CURATED_SEMANTIC,HIGH,Culture générale V18.
ETAG-16721,EVT-1498,TAG-0165,V18_CURATED_GEOGRAPHY,HIGH,Culture générale V18.
ETAG-16728,EVT-1499,TAG-0145,V18_CURATED_SEMANTIC,HIGH,Culture générale V18.
ETAG-16729,EVT-1499,TAG-0157,V18_CURATED_GEOGRAPHY,HIGH,Culture générale V18.
ETAG-16730,EVT-1499,TAG-0154,V18_CURATED_GEOGRAPHY,HIGH,Culture générale V18.
ETAG-16737,EVT-1500,TAG-0145,V18_CURATED_SEMANTIC,HIGH,Culture générale V18.
ETAG-16738,EVT-1500,TAG-0158,V18_CURATED_GEOGRAPHY,HIGH,Culture générale V18.
ETAG-16739,EVT-1500,TAG-0154,V18_CURATED_GEOGRAPHY,HIGH,Culture générale V18.
ETAG-16746,EVT-1501,TAG-0132,V18_CURATED_SEMANTIC,HIGH,Culture générale V18.
ETAG-16747,EVT-1501,TAG-0133,V18_CURATED_SEMANTIC,HIGH,Culture générale V18.
ETAG-16748,EVT-1501,TAG-0154,V18_CURATED_GEOGRAPHY,HIGH,Culture générale V18.
ETAG-16749,EVT-1501,TAG-0153,V18_CURATED_GEOGRAPHY,HIGH,Culture générale V18.
ETAG-16756,EVT-1502,TAG-0145,V18_CURATED_SEMANTIC,HIGH,Culture générale V18.
ETAG-16757,EVT-1502,TAG-0129,V18_CURATED_SEMANTIC,HIGH,Culture générale V18.
ETAG-16758,EVT-1502,TAG-0153,V18_CURATED_GEOGRAPHY,HIGH,Culture générale V18.
ETAG-16765,EVT-1503,TAG-0132,V18_CURATED_SEMANTIC,HIGH,Culture générale V18.
ETAG-16766,EVT-1503,TAG-0133,V18_CURATED_SEMANTIC,HIGH,Culture générale V18.
ETAG-16767,EVT-1503,TAG-0165,V18_CURATED_GEOGRAPHY,HIGH,Culture générale V18.
ETAG-16768,EVT-1503,TAG-0153,V18_CURATED_GEOGRAPHY,HIGH,Culture générale V18.
ETAG-16775,EVT-1504,TAG-0132,V18_CURATED_SEMANTIC,HIGH,Culture générale V18.
ETAG-16776,EVT-1504,TAG-0133,V18_CURATED_SEMANTIC,HIGH,Culture générale V18.
ETAG-16777,EVT-1504,TAG-0165,V18_CURATED_GEOGRAPHY,HIGH,Culture générale V18.
ETAG-16778,EVT-1504,TAG-0153,V18_CURATED_GEOGRAPHY,HIGH,Culture générale V18.
ETAG-16785,EVT-1505,TAG-0145,V18_CURATED_SEMANTIC,HIGH,Culture générale V18.
ETAG-16786,EVT-1505,TAG-0158,V18_CURATED_GEOGRAPHY,HIGH,Culture générale V18.
ETAG-16787,EVT-1505,TAG-0154,V18_CURATED_GEOGRAPHY,HIGH,Culture générale V18.
ETAG-16794,EVT-1506,TAG-0132,V18_CURATED_SEMANTIC,HIGH,Culture générale V18.
ETAG-16795,EVT-1506,TAG-0133,V18_CURATED_SEMANTIC,HIGH,Culture générale V18.
ETAG-16796,EVT-1506,TAG-0158,V18_CURATED_GEOGRAPHY,HIGH,Culture générale V18.
ETAG-16797,EVT-1506,TAG-0154,V18_CURATED_GEOGRAPHY,HIGH,Culture générale V18.
ETAG-16804,EVT-1507,TAG-0132,V18_CURATED_SEMANTIC,HIGH,Culture générale V18.
ETAG-16805,EVT-1507,TAG-0133,V18_CURATED_SEMANTIC,HIGH,Culture générale V18.
ETAG-16806,EVT-1507,TAG-0159,V18_CURATED_GEOGRAPHY,HIGH,Culture générale V18.
ETAG-16807,EVT-1507,TAG-0154,V18_CURATED_GEOGRAPHY,HIGH,Culture générale V18.
ETAG-16814,EVT-1508,TAG-0132,V18_CURATED_SEMANTIC,HIGH,Culture générale V18.
ETAG-16815,EVT-1508,TAG-0133,V18_CURATED_SEMANTIC,HIGH,Culture générale V18.
ETAG-16816,EVT-1508,TAG-0157,V18_CURATED_GEOGRAPHY,HIGH,Culture générale V18.
ETAG-16823,EVT-1509,TAG-0132,V18_CURATED_SEMANTIC,HIGH,Culture générale V18.
ETAG-16824,EVT-1509,TAG-0133,V18_CURATED_SEMANTIC,HIGH,Culture générale V18.
ETAG-16825,EVT-1509,TAG-0154,V18_CURATED_GEOGRAPHY,HIGH,Culture générale V18.
ETAG-16826,EVT-1509,TAG-0153,V18_CURATED_GEOGRAPHY,HIGH,Culture générale V18.
ETAG-16833,EVT-1510,TAG-0132,V18_CURATED_SEMANTIC,HIGH,Culture générale V18.
ETAG-16834,EVT-1510,TAG-0133,V18_CURATED_SEMANTIC,HIGH,Culture générale V18.
ETAG-16835,EVT-1510,TAG-0165,V18_CURATED_GEOGRAPHY,HIGH,Culture générale V18.
ETAG-16836,EVT-1510,TAG-0153,V18_CURATED_GEOGRAPHY,HIGH,Culture générale V18.
ETAG-16843,EVT-1511,TAG-0132,V18_CURATED_SEMANTIC,HIGH,Culture générale V18.
ETAG-16844,EVT-1511,TAG-0133,V18_CURATED_SEMANTIC,HIGH,Culture générale V18.
ETAG-16845,EVT-1511,TAG-0165,V18_CURATED_GEOGRAPHY,HIGH,Culture générale V18.
ETAG-16846,EVT-1511,TAG-0153,V18_CURATED_GEOGRAPHY,HIGH,Culture générale V18.
ETAG-16853,EVT-1512,TAG-0132,V18_CURATED_SEMANTIC,HIGH,Culture générale V18.
ETAG-16854,EVT-1512,TAG-0133,V18_CURATED_SEMANTIC,HIGH,Culture générale V18.
ETAG-16855,EVT-1512,TAG-0165,V18_CURATED_GEOGRAPHY,HIGH,Culture générale V18.
ETAG-16856,EVT-1512,TAG-0153,V18_CURATED_GEOGRAPHY,HIGH,Culture générale V18.
ETAG-16863,EVT-1513,TAG-0145,V18_CURATED_SEMANTIC,HIGH,Culture générale V18.
ETAG-16864,EVT-1513,TAG-0217,V18_CURATED_GEOGRAPHY,HIGH,Culture générale V18.
ETAG-16865,EVT-1513,TAG-0153,V18_CURATED_GEOGRAPHY,HIGH,Culture générale V18.
ETAG-16872,EVT-1514,TAG-0145,V18_CURATED_SEMANTIC,HIGH,Culture générale V18.
ETAG-16873,EVT-1514,TAG-0133,V18_CURATED_SEMANTIC,HIGH,Culture générale V18.
ETAG-16874,EVT-1514,TAG-0165,V18_CURATED_GEOGRAPHY,HIGH,Culture générale V18.
ETAG-16881,EVT-1515,TAG-0145,V18_CURATED_SEMANTIC,HIGH,Culture générale V18.
ETAG-16882,EVT-1515,TAG-0157,V18_CURATED_GEOGRAPHY,HIGH,Culture générale V18.
ETAG-16883,EVT-1515,TAG-0154,V18_CURATED_GEOGRAPHY,HIGH,Culture générale V18.
ETAG-16890,EVT-1516,TAG-0145,V18_CURATED_SEMANTIC,HIGH,Culture générale V18.
ETAG-16891,EVT-1516,TAG-0189,V18_CURATED_GEOGRAPHY,HIGH,Culture générale V18.
ETAG-16892,EVT-1516,TAG-0154,V18_CURATED_GEOGRAPHY,HIGH,Culture générale V18.
ETAG-16899,EVT-1517,TAG-0106,V18_CURATED_SEMANTIC,HIGH,Culture générale V18.
ETAG-16900,EVT-1517,TAG-0107,V18_CURATED_SEMANTIC,HIGH,Culture générale V18.
ETAG-16901,EVT-1517,TAG-0165,V18_CURATED_GEOGRAPHY,HIGH,Culture générale V18.
ETAG-16908,EVT-1518,TAG-0145,V18_CURATED_SEMANTIC,HIGH,Culture générale V18.
ETAG-16909,EVT-1518,TAG-0225,V18_CURATED_GEOGRAPHY,HIGH,Culture générale V18.
ETAG-16910,EVT-1518,TAG-0153,V18_CURATED_GEOGRAPHY,HIGH,Culture générale V18.
ETAG-16917,EVT-1519,TAG-0132,V18_CURATED_SEMANTIC,HIGH,Culture générale V18.
ETAG-16918,EVT-1519,TAG-0133,V18_CURATED_SEMANTIC,HIGH,Culture générale V18.
ETAG-16919,EVT-1519,TAG-0158,V18_CURATED_GEOGRAPHY,HIGH,Culture générale V18.
ETAG-16920,EVT-1519,TAG-0154,V18_CURATED_GEOGRAPHY,HIGH,Culture générale V18.
ETAG-16927,EVT-1520,TAG-0132,V18_CURATED_SEMANTIC,HIGH,Culture générale V18.
ETAG-16928,EVT-1520,TAG-0133,V18_CURATED_SEMANTIC,HIGH,Culture générale V18.
ETAG-16929,EVT-1520,TAG-0159,V18_CURATED_GEOGRAPHY,HIGH,Culture générale V18.
ETAG-16930,EVT-1520,TAG-0154,V18_CURATED_GEOGRAPHY,HIGH,Culture générale V18.
ETAG-16937,EVT-1521,TAG-0132,V18_CURATED_SEMANTIC,HIGH,Culture générale V18.
ETAG-16938,EVT-1521,TAG-0133,V18_CURATED_SEMANTIC,HIGH,Culture générale V18.
ETAG-16939,EVT-1521,TAG-0157,V18_CURATED_GEOGRAPHY,HIGH,Culture générale V18.
ETAG-16946,EVT-1522,TAG-0132,V18_CURATED_SEMANTIC,HIGH,Culture générale V18.
ETAG-16947,EVT-1522,TAG-0133,V18_CURATED_SEMANTIC,HIGH,Culture générale V18.
ETAG-16948,EVT-1522,TAG-0154,V18_CURATED_GEOGRAPHY,HIGH,Culture générale V18.
ETAG-16949,EVT-1522,TAG-0153,V18_CURATED_GEOGRAPHY,HIGH,Culture générale V18.
ETAG-16956,EVT-1523,TAG-0145,V18_CURATED_SEMANTIC,HIGH,Culture générale V18.
ETAG-16957,EVT-1523,TAG-0129,V18_CURATED_SEMANTIC,HIGH,Culture générale V18.
ETAG-16958,EVT-1523,TAG-0153,V18_CURATED_GEOGRAPHY,HIGH,Culture générale V18.
ETAG-16965,EVT-1524,TAG-0132,V18_CURATED_SEMANTIC,HIGH,Culture générale V18.
ETAG-16966,EVT-1524,TAG-0133,V18_CURATED_SEMANTIC,HIGH,Culture générale V18.
ETAG-16967,EVT-1524,TAG-0165,V18_CURATED_GEOGRAPHY,HIGH,Culture générale V18.
ETAG-16968,EVT-1524,TAG-0153,V18_CURATED_GEOGRAPHY,HIGH,Culture générale V18.
ETAG-16975,EVT-1525,TAG-0132,V18_CURATED_SEMANTIC,HIGH,Culture générale V18.
ETAG-16976,EVT-1525,TAG-0133,V18_CURATED_SEMANTIC,HIGH,Culture générale V18.
ETAG-16977,EVT-1525,TAG-0165,V18_CURATED_GEOGRAPHY,HIGH,Culture générale V18.
ETAG-16978,EVT-1525,TAG-0153,V18_CURATED_GEOGRAPHY,HIGH,Culture générale V18.
ETAG-16985,EVT-1526,TAG-0132,V18_CURATED_SEMANTIC,HIGH,Culture générale V18.
ETAG-16986,EVT-1526,TAG-0133,V18_CURATED_SEMANTIC,HIGH,Culture générale V18.
ETAG-16987,EVT-1526,TAG-0165,V18_CURATED_GEOGRAPHY,HIGH,Culture générale V18.
ETAG-16988,EVT-1526,TAG-0153,V18_CURATED_GEOGRAPHY,HIGH,Culture générale V18.
ETAG-16995,EVT-1527,TAG-0145,V18_CURATED_SEMANTIC,HIGH,Culture générale V18.
ETAG-16996,EVT-1527,TAG-0133,V18_CURATED_SEMANTIC,HIGH,Culture générale V18.
ETAG-16997,EVT-1527,TAG-0165,V18_CURATED_GEOGRAPHY,HIGH,Culture générale V18.
ETAG-17004,EVT-1528,TAG-0145,V18_CURATED_SEMANTIC,HIGH,Culture générale V18.
ETAG-17005,EVT-1528,TAG-0157,V18_CURATED_GEOGRAPHY,HIGH,Culture générale V18.
ETAG-17006,EVT-1528,TAG-0154,V18_CURATED_GEOGRAPHY,HIGH,Culture générale V18.
ETAG-17013,EVT-1529,TAG-0145,V18_CURATED_SEMANTIC,HIGH,Culture générale V18.
ETAG-17014,EVT-1529,TAG-0158,V18_CURATED_GEOGRAPHY,HIGH,Culture générale V18.
ETAG-17015,EVT-1529,TAG-0154,V18_CURATED_GEOGRAPHY,HIGH,Culture générale V18.
ETAG-17022,EVT-1530,TAG-0132,V18_CURATED_SEMANTIC,HIGH,Culture générale V18.
ETAG-17023,EVT-1530,TAG-0133,V18_CURATED_SEMANTIC,HIGH,Culture générale V18.
ETAG-17024,EVT-1530,TAG-0159,V18_CURATED_GEOGRAPHY,HIGH,Culture générale V18.
ETAG-17025,EVT-1530,TAG-0154,V18_CURATED_GEOGRAPHY,HIGH,Culture générale V18.
ETAG-17032,EVT-1531,TAG-0145,V18_CURATED_SEMANTIC,HIGH,Culture générale V18.
ETAG-17033,EVT-1531,TAG-0230,V18_CURATED_GEOGRAPHY,HIGH,Culture générale V18.
ETAG-17034,EVT-1531,TAG-0153,V18_CURATED_GEOGRAPHY,HIGH,Culture générale V18.
ETAG-17041,EVT-1532,TAG-0145,V18_CURATED_SEMANTIC,HIGH,Culture générale V18.
ETAG-17042,EVT-1532,TAG-0129,V18_CURATED_SEMANTIC,HIGH,Culture générale V18.
ETAG-17043,EVT-1532,TAG-0153,V18_CURATED_GEOGRAPHY,HIGH,Culture générale V18.
ETAG-17050,EVT-1533,TAG-0132,V18_CURATED_SEMANTIC,HIGH,Culture générale V18.
ETAG-17051,EVT-1533,TAG-0133,V18_CURATED_SEMANTIC,HIGH,Culture générale V18.
ETAG-17052,EVT-1533,TAG-0165,V18_CURATED_GEOGRAPHY,HIGH,Culture générale V18.
ETAG-17053,EVT-1533,TAG-0153,V18_CURATED_GEOGRAPHY,HIGH,Culture générale V18.
ETAG-17060,EVT-1534,TAG-0132,V18_CURATED_SEMANTIC,HIGH,Culture générale V18.
ETAG-17061,EVT-1534,TAG-0133,V18_CURATED_SEMANTIC,HIGH,Culture générale V18.
ETAG-17062,EVT-1534,TAG-0165,V18_CURATED_GEOGRAPHY,HIGH,Culture générale V18.
ETAG-17063,EVT-1534,TAG-0153,V18_CURATED_GEOGRAPHY,HIGH,Culture générale V18.
ETAG-17070,EVT-1535,TAG-0145,V18_CURATED_SEMANTIC,HIGH,Culture générale V18.
ETAG-17071,EVT-1535,TAG-0157,V18_CURATED_GEOGRAPHY,HIGH,Culture générale V18.
ETAG-17072,EVT-1535,TAG-0154,V18_CURATED_GEOGRAPHY,HIGH,Culture générale V18.
ETAG-17079,EVT-1536,TAG-0132,V18_CURATED_SEMANTIC,HIGH,Culture générale V18.
ETAG-17080,EVT-1536,TAG-0133,V18_CURATED_SEMANTIC,HIGH,Culture générale V18.
ETAG-17081,EVT-1536,TAG-0158,V18_CURATED_GEOGRAPHY,HIGH,Culture générale V18.
ETAG-17082,EVT-1536,TAG-0154,V18_CURATED_GEOGRAPHY,HIGH,Culture générale V18.
ETAG-17089,EVT-1537,TAG-0132,V18_CURATED_SEMANTIC,HIGH,Culture générale V18.
ETAG-17090,EVT-1537,TAG-0133,V18_CURATED_SEMANTIC,HIGH,Culture générale V18.
ETAG-17091,EVT-1537,TAG-0157,V18_CURATED_GEOGRAPHY,HIGH,Culture générale V18.
ETAG-17098,EVT-1538,TAG-0132,V18_CURATED_SEMANTIC,HIGH,Culture générale V18.
ETAG-17099,EVT-1538,TAG-0133,V18_CURATED_SEMANTIC,HIGH,Culture générale V18.
ETAG-17100,EVT-1538,TAG-0154,V18_CURATED_GEOGRAPHY,HIGH,Culture générale V18.
ETAG-17101,EVT-1538,TAG-0153,V18_CURATED_GEOGRAPHY,HIGH,Culture générale V18.
ETAG-17108,EVT-1539,TAG-0145,V18_CURATED_SEMANTIC,HIGH,Culture générale V18.
ETAG-17109,EVT-1539,TAG-0129,V18_CURATED_SEMANTIC,HIGH,Culture générale V18.
ETAG-17110,EVT-1539,TAG-0153,V18_CURATED_GEOGRAPHY,HIGH,Culture générale V18.
ETAG-17117,EVT-1540,TAG-0132,V18_CURATED_SEMANTIC,HIGH,Culture générale V18.
ETAG-17118,EVT-1540,TAG-0133,V18_CURATED_SEMANTIC,HIGH,Culture générale V18.
ETAG-17119,EVT-1540,TAG-0165,V18_CURATED_GEOGRAPHY,HIGH,Culture générale V18.
ETAG-17120,EVT-1540,TAG-0153,V18_CURATED_GEOGRAPHY,HIGH,Culture générale V18.
ETAG-17127,EVT-1541,TAG-0132,V18_CURATED_SEMANTIC,HIGH,Culture générale V18.
ETAG-17128,EVT-1541,TAG-0133,V18_CURATED_SEMANTIC,HIGH,Culture générale V18.
ETAG-17129,EVT-1541,TAG-0165,V18_CURATED_GEOGRAPHY,HIGH,Culture générale V18.
ETAG-17130,EVT-1541,TAG-0153,V18_CURATED_GEOGRAPHY,HIGH,Culture générale V18.
ETAG-17137,EVT-1542,TAG-0145,V18_CURATED_SEMANTIC,HIGH,Culture générale V18.
ETAG-17138,EVT-1542,TAG-0133,V18_CURATED_SEMANTIC,HIGH,Culture générale V18.
ETAG-17139,EVT-1542,TAG-0165,V18_CURATED_GEOGRAPHY,HIGH,Culture générale V18.
ETAG-17146,EVT-1543,TAG-0145,V18_CURATED_SEMANTIC,HIGH,Culture générale V18.
ETAG-17147,EVT-1543,TAG-0157,V18_CURATED_GEOGRAPHY,HIGH,Culture générale V18.
ETAG-17148,EVT-1543,TAG-0154,V18_CURATED_GEOGRAPHY,HIGH,Culture générale V18.
ETAG-17155,EVT-1544,TAG-0145,V18_CURATED_SEMANTIC,HIGH,Culture générale V18.
ETAG-17156,EVT-1544,TAG-0158,V18_CURATED_GEOGRAPHY,HIGH,Culture générale V18.
ETAG-17157,EVT-1544,TAG-0154,V18_CURATED_GEOGRAPHY,HIGH,Culture générale V18.
ETAG-17164,EVT-1545,TAG-0132,V18_CURATED_SEMANTIC,HIGH,Culture générale V18.
ETAG-17165,EVT-1545,TAG-0133,V18_CURATED_SEMANTIC,HIGH,Culture générale V18.
ETAG-17166,EVT-1545,TAG-0158,V18_CURATED_GEOGRAPHY,HIGH,Culture générale V18.
ETAG-17167,EVT-1545,TAG-0154,V18_CURATED_GEOGRAPHY,HIGH,Culture générale V18.
ETAG-17174,EVT-1546,TAG-0132,V18_CURATED_SEMANTIC,HIGH,Culture générale V18.
ETAG-17175,EVT-1546,TAG-0133,V18_CURATED_SEMANTIC,HIGH,Culture générale V18.
ETAG-17176,EVT-1546,TAG-0159,V18_CURATED_GEOGRAPHY,HIGH,Culture générale V18.
ETAG-17177,EVT-1546,TAG-0154,V18_CURATED_GEOGRAPHY,HIGH,Culture générale V18.
ETAG-17184,EVT-1547,TAG-0132,V18_CURATED_SEMANTIC,HIGH,Culture générale V18.
ETAG-17185,EVT-1547,TAG-0133,V18_CURATED_SEMANTIC,HIGH,Culture générale V18.
ETAG-17186,EVT-1547,TAG-0157,V18_CURATED_GEOGRAPHY,HIGH,Culture générale V18.
ETAG-17193,EVT-1548,TAG-0132,V18_CURATED_SEMANTIC,HIGH,Culture générale V18.
ETAG-17194,EVT-1548,TAG-0133,V18_CURATED_SEMANTIC,HIGH,Culture générale V18.
ETAG-17195,EVT-1548,TAG-0154,V18_CURATED_GEOGRAPHY,HIGH,Culture générale V18.
ETAG-17196,EVT-1548,TAG-0153,V18_CURATED_GEOGRAPHY,HIGH,Culture générale V18.
ETAG-17203,EVT-1549,TAG-0132,V18_CURATED_SEMANTIC,HIGH,Culture générale V18.
ETAG-17204,EVT-1549,TAG-0133,V18_CURATED_SEMANTIC,HIGH,Culture générale V18.
ETAG-17205,EVT-1549,TAG-0165,V18_CURATED_GEOGRAPHY,HIGH,Culture générale V18.
ETAG-17206,EVT-1549,TAG-0153,V18_CURATED_GEOGRAPHY,HIGH,Culture générale V18.
ETAG-17213,EVT-1550,TAG-0132,V18_CURATED_SEMANTIC,HIGH,Culture générale V18.
ETAG-17214,EVT-1550,TAG-0133,V18_CURATED_SEMANTIC,HIGH,Culture générale V18.
ETAG-17215,EVT-1550,TAG-0165,V18_CURATED_GEOGRAPHY,HIGH,Culture générale V18.
ETAG-17216,EVT-1550,TAG-0153,V18_CURATED_GEOGRAPHY,HIGH,Culture générale V18.
ETAG-17223,EVT-1551,TAG-0132,V18_CURATED_SEMANTIC,HIGH,Culture générale V18.
ETAG-17224,EVT-1551,TAG-0133,V18_CURATED_SEMANTIC,HIGH,Culture générale V18.
ETAG-17225,EVT-1551,TAG-0165,V18_CURATED_GEOGRAPHY,HIGH,Culture générale V18.
ETAG-17226,EVT-1551,TAG-0153,V18_CURATED_GEOGRAPHY,HIGH,Culture générale V18.
ETAG-17233,EVT-1552,TAG-0145,V18_CURATED_SEMANTIC,HIGH,Culture générale V18.
ETAG-17234,EVT-1552,TAG-0164,V18_CURATED_GEOGRAPHY,HIGH,Culture générale V18.
ETAG-17235,EVT-1552,TAG-0153,V18_CURATED_GEOGRAPHY,HIGH,Culture générale V18.
ETAG-17242,EVT-1553,TAG-0145,V18_CURATED_SEMANTIC,HIGH,Culture générale V18.
ETAG-17243,EVT-1553,TAG-0133,V18_CURATED_SEMANTIC,HIGH,Culture générale V18.
ETAG-17244,EVT-1553,TAG-0165,V18_CURATED_GEOGRAPHY,HIGH,Culture générale V18.
ETAG-17251,EVT-1554,TAG-0145,V18_CURATED_SEMANTIC,HIGH,Culture générale V18.
ETAG-17252,EVT-1554,TAG-0160,V18_CURATED_GEOGRAPHY,HIGH,Culture générale V18.
ETAG-17253,EVT-1554,TAG-0154,V18_CURATED_GEOGRAPHY,HIGH,Culture générale V18.
ETAG-17260,EVT-1555,TAG-0106,V18_CURATED_SEMANTIC,HIGH,Culture générale V18.
ETAG-17261,EVT-1555,TAG-0107,V18_CURATED_SEMANTIC,HIGH,Culture générale V18.
ETAG-17262,EVT-1555,TAG-0165,V18_CURATED_GEOGRAPHY,HIGH,Culture générale V18.
ETAG-17269,EVT-1556,TAG-0145,V18_CURATED_SEMANTIC,HIGH,Culture générale V18.
ETAG-17270,EVT-1556,TAG-0158,V18_CURATED_GEOGRAPHY,HIGH,Culture générale V18.
ETAG-17271,EVT-1556,TAG-0154,V18_CURATED_GEOGRAPHY,HIGH,Culture générale V18.
ETAG-17278,EVT-1557,TAG-0145,V18_CURATED_SEMANTIC,HIGH,Culture générale V18.
ETAG-17279,EVT-1557,TAG-0165,V18_CURATED_GEOGRAPHY,HIGH,Culture générale V18.
ETAG-17280,EVT-1557,TAG-0153,V18_CURATED_GEOGRAPHY,HIGH,Culture générale V18.
ETAG-17287,EVT-1558,TAG-0132,V18_CURATED_SEMANTIC,HIGH,Culture générale V18.
ETAG-17288,EVT-1558,TAG-0133,V18_CURATED_SEMANTIC,HIGH,Culture générale V18.
ETAG-17289,EVT-1558,TAG-0158,V18_CURATED_GEOGRAPHY,HIGH,Culture générale V18.
ETAG-17290,EVT-1558,TAG-0154,V18_CURATED_GEOGRAPHY,HIGH,Culture générale V18.
ETAG-17297,EVT-1559,TAG-0132,V18_CURATED_SEMANTIC,HIGH,Culture générale V18.
ETAG-17298,EVT-1559,TAG-0133,V18_CURATED_SEMANTIC,HIGH,Culture générale V18.
ETAG-17299,EVT-1559,TAG-0159,V18_CURATED_GEOGRAPHY,HIGH,Culture générale V18.
ETAG-17300,EVT-1559,TAG-0154,V18_CURATED_GEOGRAPHY,HIGH,Culture générale V18.
ETAG-17307,EVT-1560,TAG-0132,V18_CURATED_SEMANTIC,HIGH,Culture générale V18.
ETAG-17308,EVT-1560,TAG-0133,V18_CURATED_SEMANTIC,HIGH,Culture générale V18.
ETAG-17309,EVT-1560,TAG-0157,V18_CURATED_GEOGRAPHY,HIGH,Culture générale V18.
ETAG-17316,EVT-1561,TAG-0132,V18_CURATED_SEMANTIC,HIGH,Culture générale V18.
ETAG-17317,EVT-1561,TAG-0133,V18_CURATED_SEMANTIC,HIGH,Culture générale V18.
ETAG-17318,EVT-1561,TAG-0154,V18_CURATED_GEOGRAPHY,HIGH,Culture générale V18.
ETAG-17319,EVT-1561,TAG-0153,V18_CURATED_GEOGRAPHY,HIGH,Culture générale V18.
ETAG-17326,EVT-1562,TAG-0145,V18_CURATED_SEMANTIC,HIGH,Culture générale V18.
ETAG-17327,EVT-1562,TAG-0129,V18_CURATED_SEMANTIC,HIGH,Culture générale V18.
ETAG-17328,EVT-1562,TAG-0153,V18_CURATED_GEOGRAPHY,HIGH,Culture générale V18.
ETAG-17335,EVT-1563,TAG-0132,V18_CURATED_SEMANTIC,HIGH,Culture générale V18.
ETAG-17336,EVT-1563,TAG-0133,V18_CURATED_SEMANTIC,HIGH,Culture générale V18.
ETAG-17337,EVT-1563,TAG-0165,V18_CURATED_GEOGRAPHY,HIGH,Culture générale V18.
ETAG-17338,EVT-1563,TAG-0153,V18_CURATED_GEOGRAPHY,HIGH,Culture générale V18.
ETAG-17345,EVT-1564,TAG-0145,V18_CURATED_SEMANTIC,HIGH,Culture générale V18.
ETAG-17346,EVT-1564,TAG-0157,V18_CURATED_GEOGRAPHY,HIGH,Culture générale V18.
ETAG-17347,EVT-1564,TAG-0154,V18_CURATED_GEOGRAPHY,HIGH,Culture générale V18.
ETAG-17354,EVT-1565,TAG-0132,V18_CURATED_SEMANTIC,HIGH,Culture générale V18.
ETAG-17355,EVT-1565,TAG-0133,V18_CURATED_SEMANTIC,HIGH,Culture générale V18.
ETAG-17356,EVT-1565,TAG-0157,V18_CURATED_GEOGRAPHY,HIGH,Culture générale V18.
ETAG-17363,EVT-1566,TAG-0132,V18_CURATED_SEMANTIC,HIGH,Culture générale V18.
ETAG-17364,EVT-1566,TAG-0133,V18_CURATED_SEMANTIC,HIGH,Culture générale V18.
ETAG-17365,EVT-1566,TAG-0154,V18_CURATED_GEOGRAPHY,HIGH,Culture générale V18.
ETAG-17366,EVT-1566,TAG-0153,V18_CURATED_GEOGRAPHY,HIGH,Culture générale V18.
ETAG-17373,EVT-1567,TAG-0145,V18_CURATED_SEMANTIC,HIGH,Culture générale V18.
ETAG-17374,EVT-1567,TAG-0162,V18_CURATED_GEOGRAPHY,HIGH,Culture générale V18.
ETAG-17375,EVT-1567,TAG-0153,V18_CURATED_GEOGRAPHY,HIGH,Culture générale V18.
ETAG-17382,EVT-1568,TAG-0145,V18_CURATED_SEMANTIC,HIGH,Culture générale V18.
ETAG-17383,EVT-1568,TAG-0129,V18_CURATED_SEMANTIC,HIGH,Culture générale V18.
ETAG-17384,EVT-1568,TAG-0153,V18_CURATED_GEOGRAPHY,HIGH,Culture générale V18.
ETAG-17391,EVT-1569,TAG-0132,V18_CURATED_SEMANTIC,HIGH,Culture générale V18.
ETAG-17392,EVT-1569,TAG-0133,V18_CURATED_SEMANTIC,HIGH,Culture générale V18.
ETAG-17393,EVT-1569,TAG-0165,V18_CURATED_GEOGRAPHY,HIGH,Culture générale V18.
ETAG-17394,EVT-1569,TAG-0153,V18_CURATED_GEOGRAPHY,HIGH,Culture générale V18.
ETAG-17401,EVT-1570,TAG-0132,V18_CURATED_SEMANTIC,HIGH,Culture générale V18.
ETAG-17402,EVT-1570,TAG-0133,V18_CURATED_SEMANTIC,HIGH,Culture générale V18.
ETAG-17403,EVT-1570,TAG-0165,V18_CURATED_GEOGRAPHY,HIGH,Culture générale V18.
ETAG-17404,EVT-1570,TAG-0153,V18_CURATED_GEOGRAPHY,HIGH,Culture générale V18.
ETAG-17411,EVT-1571,TAG-0132,V18_CURATED_SEMANTIC,HIGH,Culture générale V18.
ETAG-17412,EVT-1571,TAG-0133,V18_CURATED_SEMANTIC,HIGH,Culture générale V18.
ETAG-17413,EVT-1571,TAG-0165,V18_CURATED_GEOGRAPHY,HIGH,Culture générale V18.
ETAG-17414,EVT-1571,TAG-0153,V18_CURATED_GEOGRAPHY,HIGH,Culture générale V18.
ETAG-17421,EVT-1572,TAG-0145,V18_CURATED_SEMANTIC,HIGH,Culture générale V18.
ETAG-17422,EVT-1572,TAG-0133,V18_CURATED_SEMANTIC,HIGH,Culture générale V18.
ETAG-17423,EVT-1572,TAG-0165,V18_CURATED_GEOGRAPHY,HIGH,Culture générale V18.
ETAG-17430,EVT-1573,TAG-0145,V18_CURATED_SEMANTIC,HIGH,Culture générale V18.
ETAG-17431,EVT-1573,TAG-0157,V18_CURATED_GEOGRAPHY,HIGH,Culture générale V18.
ETAG-17432,EVT-1573,TAG-0154,V18_CURATED_GEOGRAPHY,HIGH,Culture générale V18.
ETAG-17439,EVT-1574,TAG-0145,V18_CURATED_SEMANTIC,HIGH,Culture générale V18.
ETAG-17440,EVT-1574,TAG-0158,V18_CURATED_GEOGRAPHY,HIGH,Culture générale V18.
ETAG-17441,EVT-1574,TAG-0154,V18_CURATED_GEOGRAPHY,HIGH,Culture générale V18.
ETAG-17448,EVT-1575,TAG-0132,V18_CURATED_SEMANTIC,HIGH,Culture générale V18.
ETAG-17449,EVT-1575,TAG-0133,V18_CURATED_SEMANTIC,HIGH,Culture générale V18.
ETAG-17450,EVT-1575,TAG-0158,V18_CURATED_GEOGRAPHY,HIGH,Culture générale V18.
ETAG-17451,EVT-1575,TAG-0154,V18_CURATED_GEOGRAPHY,HIGH,Culture générale V18.
ETAG-17458,EVT-1576,TAG-0132,V18_CURATED_SEMANTIC,HIGH,Culture générale V18.
ETAG-17459,EVT-1576,TAG-0133,V18_CURATED_SEMANTIC,HIGH,Culture générale V18.
ETAG-17460,EVT-1576,TAG-0159,V18_CURATED_GEOGRAPHY,HIGH,Culture générale V18.
ETAG-17461,EVT-1576,TAG-0154,V18_CURATED_GEOGRAPHY,HIGH,Culture générale V18.
ETAG-17468,EVT-1577,TAG-0145,V18_CURATED_SEMANTIC,HIGH,Culture générale V18.
ETAG-17469,EVT-1577,TAG-0129,V18_CURATED_SEMANTIC,HIGH,Culture générale V18.
ETAG-17470,EVT-1577,TAG-0153,V18_CURATED_GEOGRAPHY,HIGH,Culture générale V18.
ETAG-17477,EVT-1578,TAG-0132,V18_CURATED_SEMANTIC,HIGH,Culture générale V18.
ETAG-17478,EVT-1578,TAG-0133,V18_CURATED_SEMANTIC,HIGH,Culture générale V18.
ETAG-17479,EVT-1578,TAG-0165,V18_CURATED_GEOGRAPHY,HIGH,Culture générale V18.
ETAG-17480,EVT-1578,TAG-0153,V18_CURATED_GEOGRAPHY,HIGH,Culture générale V18.
ETAG-17487,EVT-1579,TAG-0132,V18_CURATED_SEMANTIC,HIGH,Culture générale V18.
ETAG-17488,EVT-1579,TAG-0133,V18_CURATED_SEMANTIC,HIGH,Culture générale V18.
ETAG-17489,EVT-1579,TAG-0165,V18_CURATED_GEOGRAPHY,HIGH,Culture générale V18.
ETAG-17490,EVT-1579,TAG-0153,V18_CURATED_GEOGRAPHY,HIGH,Culture générale V18.
ETAG-17497,EVT-1580,TAG-0132,V18_CURATED_SEMANTIC,HIGH,Culture générale V18.
ETAG-17498,EVT-1580,TAG-0133,V18_CURATED_SEMANTIC,HIGH,Culture générale V18.
ETAG-17499,EVT-1580,TAG-0165,V18_CURATED_GEOGRAPHY,HIGH,Culture générale V18.
ETAG-17500,EVT-1580,TAG-0153,V18_CURATED_GEOGRAPHY,HIGH,Culture générale V18.
ETAG-17507,EVT-1581,TAG-0145,V18_CURATED_SEMANTIC,HIGH,Culture générale V18.
ETAG-17508,EVT-1581,TAG-0133,V18_CURATED_SEMANTIC,HIGH,Culture générale V18.
ETAG-17509,EVT-1581,TAG-0165,V18_CURATED_GEOGRAPHY,HIGH,Culture générale V18.
ETAG-17516,EVT-1582,TAG-0145,V18_CURATED_SEMANTIC,HIGH,Culture générale V18.
ETAG-17517,EVT-1582,TAG-0157,V18_CURATED_GEOGRAPHY,HIGH,Culture générale V18.
ETAG-17518,EVT-1582,TAG-0154,V18_CURATED_GEOGRAPHY,HIGH,Culture générale V18.
ETAG-17525,EVT-1583,TAG-0132,V18_CURATED_SEMANTIC,HIGH,Culture générale V18.
ETAG-17526,EVT-1583,TAG-0133,V18_CURATED_SEMANTIC,HIGH,Culture générale V18.
ETAG-17527,EVT-1583,TAG-0158,V18_CURATED_GEOGRAPHY,HIGH,Culture générale V18.
ETAG-17528,EVT-1583,TAG-0154,V18_CURATED_GEOGRAPHY,HIGH,Culture générale V18.
ETAG-17535,EVT-1584,TAG-0132,V18_CURATED_SEMANTIC,HIGH,Culture générale V18.
ETAG-17536,EVT-1584,TAG-0133,V18_CURATED_SEMANTIC,HIGH,Culture générale V18.
ETAG-17537,EVT-1584,TAG-0159,V18_CURATED_GEOGRAPHY,HIGH,Culture générale V18.
ETAG-17538,EVT-1584,TAG-0154,V18_CURATED_GEOGRAPHY,HIGH,Culture générale V18.
ETAG-17545,EVT-1585,TAG-0132,V18_CURATED_SEMANTIC,HIGH,Culture générale V18.
ETAG-17546,EVT-1585,TAG-0133,V18_CURATED_SEMANTIC,HIGH,Culture générale V18.
ETAG-17547,EVT-1585,TAG-0157,V18_CURATED_GEOGRAPHY,HIGH,Culture générale V18.
ETAG-17554,EVT-1586,TAG-0132,V18_CURATED_SEMANTIC,HIGH,Culture générale V18.
ETAG-17555,EVT-1586,TAG-0133,V18_CURATED_SEMANTIC,HIGH,Culture générale V18.
ETAG-17556,EVT-1586,TAG-0154,V18_CURATED_GEOGRAPHY,HIGH,Culture générale V18.
ETAG-17557,EVT-1586,TAG-0153,V18_CURATED_GEOGRAPHY,HIGH,Culture générale V18.
ETAG-17564,EVT-1587,TAG-0145,V18_CURATED_SEMANTIC,HIGH,Culture générale V18.
ETAG-17565,EVT-1587,TAG-0129,V18_CURATED_SEMANTIC,HIGH,Culture générale V18.
ETAG-17566,EVT-1587,TAG-0153,V18_CURATED_GEOGRAPHY,HIGH,Culture générale V18.
ETAG-17573,EVT-1588,TAG-0132,V18_CURATED_SEMANTIC,HIGH,Culture générale V18.
ETAG-17574,EVT-1588,TAG-0133,V18_CURATED_SEMANTIC,HIGH,Culture générale V18.
ETAG-17575,EVT-1588,TAG-0165,V18_CURATED_GEOGRAPHY,HIGH,Culture générale V18.
ETAG-17576,EVT-1588,TAG-0153,V18_CURATED_GEOGRAPHY,HIGH,Culture générale V18.
ETAG-17583,EVT-1589,TAG-0132,V18_CURATED_SEMANTIC,HIGH,Culture générale V18.
ETAG-17584,EVT-1589,TAG-0133,V18_CURATED_SEMANTIC,HIGH,Culture générale V18.
ETAG-17585,EVT-1589,TAG-0165,V18_CURATED_GEOGRAPHY,HIGH,Culture générale V18.
ETAG-17586,EVT-1589,TAG-0153,V18_CURATED_GEOGRAPHY,HIGH,Culture générale V18.
ETAG-17593,EVT-1590,TAG-0145,V18_CURATED_SEMANTIC,HIGH,Culture générale V18.
ETAG-17594,EVT-1590,TAG-0165,V18_CURATED_GEOGRAPHY,HIGH,Culture générale V18.
ETAG-17595,EVT-1590,TAG-0153,V18_CURATED_GEOGRAPHY,HIGH,Culture générale V18.
ETAG-17602,EVT-1591,TAG-0145,V18_CURATED_SEMANTIC,HIGH,Culture générale V18.
ETAG-17603,EVT-1591,TAG-0157,V18_CURATED_GEOGRAPHY,HIGH,Culture générale V18.
ETAG-17604,EVT-1591,TAG-0154,V18_CURATED_GEOGRAPHY,HIGH,Culture générale V18.
ETAG-17611,EVT-1592,TAG-0145,V18_CURATED_SEMANTIC,HIGH,Culture générale V18.
ETAG-17612,EVT-1592,TAG-0157,V18_CURATED_GEOGRAPHY,HIGH,Culture générale V18.
ETAG-17613,EVT-1592,TAG-0154,V18_CURATED_GEOGRAPHY,HIGH,Culture générale V18.
ETAG-17620,EVT-1593,TAG-0106,V18_CURATED_SEMANTIC,HIGH,Culture générale V18.
ETAG-17621,EVT-1593,TAG-0107,V18_CURATED_SEMANTIC,HIGH,Culture générale V18.
ETAG-17622,EVT-1593,TAG-0165,V18_CURATED_GEOGRAPHY,HIGH,Culture générale V18.
ETAG-17629,EVT-1594,TAG-0145,V18_CURATED_SEMANTIC,HIGH,Culture générale V18.
ETAG-17630,EVT-1594,TAG-0158,V18_CURATED_GEOGRAPHY,HIGH,Culture générale V18.
ETAG-17631,EVT-1594,TAG-0154,V18_CURATED_GEOGRAPHY,HIGH,Culture générale V18.
ETAG-17638,EVT-1595,TAG-0145,V18_CURATED_SEMANTIC,HIGH,Culture générale V18.
ETAG-17639,EVT-1595,TAG-0189,V18_CURATED_GEOGRAPHY,HIGH,Culture générale V18.
ETAG-17640,EVT-1595,TAG-0153,V18_CURATED_GEOGRAPHY,HIGH,Culture générale V18.
ETAG-17647,EVT-1596,TAG-0132,V18_CURATED_SEMANTIC,HIGH,Culture générale V18.
ETAG-17648,EVT-1596,TAG-0133,V18_CURATED_SEMANTIC,HIGH,Culture générale V18.
ETAG-17649,EVT-1596,TAG-0159,V18_CURATED_GEOGRAPHY,HIGH,Culture générale V18.
ETAG-17650,EVT-1596,TAG-0154,V18_CURATED_GEOGRAPHY,HIGH,Culture générale V18.
ETAG-17657,EVT-1597,TAG-0132,V18_CURATED_SEMANTIC,HIGH,Culture générale V18.
ETAG-17658,EVT-1597,TAG-0133,V18_CURATED_SEMANTIC,HIGH,Culture générale V18.
ETAG-17659,EVT-1597,TAG-0157,V18_CURATED_GEOGRAPHY,HIGH,Culture générale V18.
ETAG-17666,EVT-1598,TAG-0132,V18_CURATED_SEMANTIC,HIGH,Culture générale V18.
ETAG-17667,EVT-1598,TAG-0133,V18_CURATED_SEMANTIC,HIGH,Culture générale V18.
ETAG-17668,EVT-1598,TAG-0154,V18_CURATED_GEOGRAPHY,HIGH,Culture générale V18.
ETAG-17669,EVT-1598,TAG-0153,V18_CURATED_GEOGRAPHY,HIGH,Culture générale V18.
ETAG-17676,EVT-1599,TAG-0132,V18_CURATED_SEMANTIC,HIGH,Culture générale V18.
ETAG-17677,EVT-1599,TAG-0133,V18_CURATED_SEMANTIC,HIGH,Culture générale V18.
ETAG-17678,EVT-1599,TAG-0165,V18_CURATED_GEOGRAPHY,HIGH,Culture générale V18.
ETAG-17679,EVT-1599,TAG-0153,V18_CURATED_GEOGRAPHY,HIGH,Culture générale V18.
ETAG-17686,EVT-1600,TAG-0132,V18_CURATED_SEMANTIC,HIGH,Culture générale V18.
ETAG-17687,EVT-1600,TAG-0133,V18_CURATED_SEMANTIC,HIGH,Culture générale V18.
ETAG-17688,EVT-1600,TAG-0165,V18_CURATED_GEOGRAPHY,HIGH,Culture générale V18.
ETAG-17689,EVT-1600,TAG-0153,V18_CURATED_GEOGRAPHY,HIGH,Culture générale V18.
ETAG-17696,EVT-1601,TAG-0145,V18_CURATED_SEMANTIC,HIGH,Culture générale V18.
ETAG-17697,EVT-1601,TAG-0133,V18_CURATED_SEMANTIC,HIGH,Culture générale V18.
ETAG-17698,EVT-1601,TAG-0165,V18_CURATED_GEOGRAPHY,HIGH,Culture générale V18.
ETAG-17705,EVT-1602,TAG-0145,V18_CURATED_SEMANTIC,HIGH,Culture générale V18.
ETAG-17706,EVT-1602,TAG-0157,V18_CURATED_GEOGRAPHY,HIGH,Culture générale V18.
ETAG-17707,EVT-1602,TAG-0154,V18_CURATED_GEOGRAPHY,HIGH,Culture générale V18.
ETAG-17714,EVT-1603,TAG-0145,V18_CURATED_SEMANTIC,HIGH,Culture générale V18.
ETAG-17715,EVT-1603,TAG-0158,V18_CURATED_GEOGRAPHY,HIGH,Culture générale V18.
ETAG-17716,EVT-1603,TAG-0154,V18_CURATED_GEOGRAPHY,HIGH,Culture générale V18.
ETAG-17723,EVT-1604,TAG-0132,V18_CURATED_SEMANTIC,HIGH,Culture générale V18.
ETAG-17724,EVT-1604,TAG-0133,V18_CURATED_SEMANTIC,HIGH,Culture générale V18.
ETAG-17725,EVT-1604,TAG-0158,V18_CURATED_GEOGRAPHY,HIGH,Culture générale V18.
ETAG-17726,EVT-1604,TAG-0154,V18_CURATED_GEOGRAPHY,HIGH,Culture générale V18.
ETAG-17733,EVT-1605,TAG-0132,V18_CURATED_SEMANTIC,HIGH,Culture générale V18.
ETAG-17734,EVT-1605,TAG-0133,V18_CURATED_SEMANTIC,HIGH,Culture générale V18.
ETAG-17735,EVT-1605,TAG-0157,V18_CURATED_GEOGRAPHY,HIGH,Culture générale V18.
ETAG-17742,EVT-1606,TAG-0132,V18_CURATED_SEMANTIC,HIGH,Culture générale V18.
ETAG-17743,EVT-1606,TAG-0133,V18_CURATED_SEMANTIC,HIGH,Culture générale V18.
ETAG-17744,EVT-1606,TAG-0154,V18_CURATED_GEOGRAPHY,HIGH,Culture générale V18.
ETAG-17745,EVT-1606,TAG-0153,V18_CURATED_GEOGRAPHY,HIGH,Culture générale V18.
ETAG-17752,EVT-1607,TAG-0145,V18_CURATED_SEMANTIC,HIGH,Culture générale V18.
ETAG-17753,EVT-1607,TAG-0216,V18_CURATED_GEOGRAPHY,HIGH,Culture générale V18.
ETAG-17754,EVT-1607,TAG-0153,V18_CURATED_GEOGRAPHY,HIGH,Culture générale V18.
ETAG-17761,EVT-1608,TAG-0145,V18_CURATED_SEMANTIC,HIGH,Culture générale V18.
ETAG-17762,EVT-1608,TAG-0129,V18_CURATED_SEMANTIC,HIGH,Culture générale V18.
ETAG-17763,EVT-1608,TAG-0153,V18_CURATED_GEOGRAPHY,HIGH,Culture générale V18.
ETAG-17770,EVT-1609,TAG-0132,V18_CURATED_SEMANTIC,HIGH,Culture générale V18.
ETAG-17771,EVT-1609,TAG-0133,V18_CURATED_SEMANTIC,HIGH,Culture générale V18.
ETAG-17772,EVT-1609,TAG-0165,V18_CURATED_GEOGRAPHY,HIGH,Culture générale V18.
ETAG-17773,EVT-1609,TAG-0153,V18_CURATED_GEOGRAPHY,HIGH,Culture générale V18.
ETAG-17780,EVT-1610,TAG-0132,V18_CURATED_SEMANTIC,HIGH,Culture générale V18.
ETAG-17781,EVT-1610,TAG-0133,V18_CURATED_SEMANTIC,HIGH,Culture générale V18.
ETAG-17782,EVT-1610,TAG-0165,V18_CURATED_GEOGRAPHY,HIGH,Culture générale V18.
ETAG-17783,EVT-1610,TAG-0153,V18_CURATED_GEOGRAPHY,HIGH,Culture générale V18.
ETAG-17790,EVT-1611,TAG-0132,V18_CURATED_SEMANTIC,HIGH,Culture générale V18.
ETAG-17791,EVT-1611,TAG-0133,V18_CURATED_SEMANTIC,HIGH,Culture générale V18.
ETAG-17792,EVT-1611,TAG-0165,V18_CURATED_GEOGRAPHY,HIGH,Culture générale V18.
ETAG-17793,EVT-1611,TAG-0153,V18_CURATED_GEOGRAPHY,HIGH,Culture générale V18.
ETAG-17800,EVT-1612,TAG-0145,V18_CURATED_SEMANTIC,HIGH,Culture générale V18.
ETAG-17801,EVT-1612,TAG-0133,V18_CURATED_SEMANTIC,HIGH,Culture générale V18.
ETAG-17802,EVT-1612,TAG-0165,V18_CURATED_GEOGRAPHY,HIGH,Culture générale V18.
ETAG-17809,EVT-1613,TAG-0121,V18_CURATED_SEMANTIC,HIGH,Culture générale V18.
ETAG-17810,EVT-1613,TAG-0158,V18_CURATED_GEOGRAPHY,HIGH,Culture générale V18.
ETAG-17811,EVT-1613,TAG-0154,V18_CURATED_GEOGRAPHY,HIGH,Culture générale V18.
ETAG-17818,EVT-1614,TAG-0136,V18_CURATED_SEMANTIC,HIGH,Culture générale V18.
ETAG-17819,EVT-1614,TAG-0114,V18_CURATED_SEMANTIC,HIGH,Culture générale V18.
ETAG-17820,EVT-1614,TAG-0154,V18_CURATED_GEOGRAPHY,HIGH,Culture générale V18.
ETAG-17827,EVT-1615,TAG-0132,V18_CURATED_SEMANTIC,HIGH,Culture générale V18.
ETAG-17828,EVT-1615,TAG-0133,V18_CURATED_SEMANTIC,HIGH,Culture générale V18.
ETAG-17829,EVT-1615,TAG-0158,V18_CURATED_GEOGRAPHY,HIGH,Culture générale V18.
ETAG-17830,EVT-1615,TAG-0154,V18_CURATED_GEOGRAPHY,HIGH,Culture générale V18.
ETAG-17837,EVT-1616,TAG-0132,V18_CURATED_SEMANTIC,HIGH,Culture générale V18.
ETAG-17838,EVT-1616,TAG-0133,V18_CURATED_SEMANTIC,HIGH,Culture générale V18.
ETAG-17839,EVT-1616,TAG-0159,V18_CURATED_GEOGRAPHY,HIGH,Culture générale V18.
ETAG-17840,EVT-1616,TAG-0154,V18_CURATED_GEOGRAPHY,HIGH,Culture générale V18.
ETAG-17847,EVT-1617,TAG-0132,V18_CURATED_SEMANTIC,HIGH,Culture générale V18.
ETAG-17848,EVT-1617,TAG-0133,V18_CURATED_SEMANTIC,HIGH,Culture générale V18.
ETAG-17849,EVT-1617,TAG-0154,V18_CURATED_GEOGRAPHY,HIGH,Culture générale V18.
ETAG-17850,EVT-1617,TAG-0153,V18_CURATED_GEOGRAPHY,HIGH,Culture générale V18.
ETAG-17857,EVT-1618,TAG-0145,V18_CURATED_SEMANTIC,HIGH,Culture générale V18.
ETAG-17858,EVT-1618,TAG-0129,V18_CURATED_SEMANTIC,HIGH,Culture générale V18.
ETAG-17859,EVT-1618,TAG-0153,V18_CURATED_GEOGRAPHY,HIGH,Culture générale V18.
ETAG-17866,EVT-1619,TAG-0132,V18_CURATED_SEMANTIC,HIGH,Culture générale V18.
ETAG-17867,EVT-1619,TAG-0133,V18_CURATED_SEMANTIC,HIGH,Culture générale V18.
ETAG-17868,EVT-1619,TAG-0165,V18_CURATED_GEOGRAPHY,HIGH,Culture générale V18.
ETAG-17869,EVT-1619,TAG-0153,V18_CURATED_GEOGRAPHY,HIGH,Culture générale V18.
ETAG-17876,EVT-1620,TAG-0132,V18_CURATED_SEMANTIC,HIGH,Culture générale V18.
ETAG-17877,EVT-1620,TAG-0133,V18_CURATED_SEMANTIC,HIGH,Culture générale V18.
ETAG-17878,EVT-1620,TAG-0165,V18_CURATED_GEOGRAPHY,HIGH,Culture générale V18.
ETAG-17879,EVT-1620,TAG-0153,V18_CURATED_GEOGRAPHY,HIGH,Culture générale V18.
ETAG-17886,EVT-1621,TAG-0145,V18_CURATED_SEMANTIC,HIGH,Culture générale V18.
ETAG-17887,EVT-1621,TAG-0229,V18_CURATED_GEOGRAPHY,HIGH,Culture générale V18.
ETAG-17888,EVT-1621,TAG-0153,V18_CURATED_GEOGRAPHY,HIGH,Culture générale V18.
ETAG-17895,EVT-1622,TAG-0145,V18_CURATED_SEMANTIC,HIGH,Culture générale V18.
ETAG-17896,EVT-1622,TAG-0157,V18_CURATED_GEOGRAPHY,HIGH,Culture générale V18.
ETAG-17897,EVT-1622,TAG-0154,V18_CURATED_GEOGRAPHY,HIGH,Culture générale V18.
ETAG-17904,EVT-1623,TAG-0121,V18_CURATED_SEMANTIC,HIGH,Culture générale V18.
ETAG-17905,EVT-1623,TAG-0153,V18_CURATED_GEOGRAPHY,HIGH,Culture générale V18.
ETAG-17912,EVT-1624,TAG-0145,V18_CURATED_SEMANTIC,HIGH,Culture générale V18.
ETAG-17913,EVT-1624,TAG-0158,V18_CURATED_GEOGRAPHY,HIGH,Culture générale V18.
ETAG-17914,EVT-1624,TAG-0154,V18_CURATED_GEOGRAPHY,HIGH,Culture générale V18.
ETAG-17921,EVT-1625,TAG-0132,V18_CURATED_SEMANTIC,HIGH,Culture générale V18.
ETAG-17922,EVT-1625,TAG-0133,V18_CURATED_SEMANTIC,HIGH,Culture générale V18.
ETAG-17923,EVT-1625,TAG-0158,V18_CURATED_GEOGRAPHY,HIGH,Culture générale V18.
ETAG-17924,EVT-1625,TAG-0154,V18_CURATED_GEOGRAPHY,HIGH,Culture générale V18.
ETAG-17931,EVT-1626,TAG-0132,V18_CURATED_SEMANTIC,HIGH,Culture générale V18.
ETAG-17932,EVT-1626,TAG-0133,V18_CURATED_SEMANTIC,HIGH,Culture générale V18.
ETAG-17933,EVT-1626,TAG-0159,V18_CURATED_GEOGRAPHY,HIGH,Culture générale V18.
ETAG-17934,EVT-1626,TAG-0154,V18_CURATED_GEOGRAPHY,HIGH,Culture générale V18.
ETAG-17941,EVT-1627,TAG-0132,V18_CURATED_SEMANTIC,HIGH,Culture générale V18.
ETAG-17942,EVT-1627,TAG-0133,V18_CURATED_SEMANTIC,HIGH,Culture générale V18.
ETAG-17943,EVT-1627,TAG-0157,V18_CURATED_GEOGRAPHY,HIGH,Culture générale V18.
ETAG-17950,EVT-1628,TAG-0145,V18_CURATED_SEMANTIC,HIGH,Culture générale V18.
ETAG-17951,EVT-1628,TAG-0129,V18_CURATED_SEMANTIC,HIGH,Culture générale V18.
ETAG-17952,EVT-1628,TAG-0153,V18_CURATED_GEOGRAPHY,HIGH,Culture générale V18.
ETAG-17959,EVT-1629,TAG-0106,V18_CURATED_SEMANTIC,HIGH,Culture générale V18.
ETAG-17960,EVT-1629,TAG-0107,V18_CURATED_SEMANTIC,HIGH,Culture générale V18.
ETAG-17961,EVT-1629,TAG-0157,V18_CURATED_GEOGRAPHY,HIGH,Culture générale V18.
ETAG-17968,EVT-1630,TAG-0132,V18_CURATED_SEMANTIC,HIGH,Culture générale V18.
ETAG-17969,EVT-1630,TAG-0133,V18_CURATED_SEMANTIC,HIGH,Culture générale V18.
ETAG-17970,EVT-1630,TAG-0165,V18_CURATED_GEOGRAPHY,HIGH,Culture générale V18.
ETAG-17971,EVT-1630,TAG-0153,V18_CURATED_GEOGRAPHY,HIGH,Culture générale V18.
ETAG-17978,EVT-1631,TAG-0132,V18_CURATED_SEMANTIC,HIGH,Culture générale V18.
ETAG-17979,EVT-1631,TAG-0133,V18_CURATED_SEMANTIC,HIGH,Culture générale V18.
ETAG-17980,EVT-1631,TAG-0165,V18_CURATED_GEOGRAPHY,HIGH,Culture générale V18.
ETAG-17981,EVT-1631,TAG-0153,V18_CURATED_GEOGRAPHY,HIGH,Culture générale V18.
ETAG-17988,EVT-1632,TAG-0132,V18_CURATED_SEMANTIC,HIGH,Culture générale V18.
ETAG-17989,EVT-1632,TAG-0133,V18_CURATED_SEMANTIC,HIGH,Culture générale V18.
ETAG-17990,EVT-1632,TAG-0165,V18_CURATED_GEOGRAPHY,HIGH,Culture générale V18.
ETAG-17991,EVT-1632,TAG-0153,V18_CURATED_GEOGRAPHY,HIGH,Culture générale V18.
ETAG-17998,EVT-1633,TAG-0145,V18_CURATED_SEMANTIC,HIGH,Culture générale V18.
ETAG-17999,EVT-1633,TAG-0184,V18_CURATED_GEOGRAPHY,HIGH,Culture générale V18.
ETAG-18000,EVT-1633,TAG-0153,V18_CURATED_GEOGRAPHY,HIGH,Culture générale V18.
ETAG-18007,EVT-1634,TAG-0145,V18_CURATED_SEMANTIC,HIGH,Culture générale V18.
ETAG-18008,EVT-1634,TAG-0133,V18_CURATED_SEMANTIC,HIGH,Culture générale V18.
ETAG-18009,EVT-1634,TAG-0165,V18_CURATED_GEOGRAPHY,HIGH,Culture générale V18.
ETAG-18016,EVT-1635,TAG-0145,V18_CURATED_SEMANTIC,HIGH,Culture générale V18.
ETAG-18017,EVT-1635,TAG-0157,V18_CURATED_GEOGRAPHY,HIGH,Culture générale V18.
ETAG-18018,EVT-1635,TAG-0154,V18_CURATED_GEOGRAPHY,HIGH,Culture générale V18.
ETAG-18025,EVT-1636,TAG-0145,V18_CURATED_SEMANTIC,HIGH,Culture générale V18.
ETAG-18026,EVT-1636,TAG-0159,V18_CURATED_GEOGRAPHY,HIGH,Culture générale V18.
ETAG-18027,EVT-1636,TAG-0154,V18_CURATED_GEOGRAPHY,HIGH,Culture générale V18.
ETAG-18034,EVT-1637,TAG-0106,V18_CURATED_SEMANTIC,HIGH,Culture générale V18.
ETAG-18035,EVT-1637,TAG-0107,V18_CURATED_SEMANTIC,HIGH,Culture générale V18.
ETAG-18036,EVT-1637,TAG-0165,V18_CURATED_GEOGRAPHY,HIGH,Culture générale V18.
ETAG-18043,EVT-1638,TAG-0209,V18_CURATED_SEMANTIC,HIGH,Culture générale V18.
ETAG-18044,EVT-1638,TAG-0137,V18_CURATED_SEMANTIC,HIGH,Culture générale V18.
ETAG-18045,EVT-1638,TAG-0158,V18_CURATED_GEOGRAPHY,HIGH,Culture générale V18.
ETAG-18046,EVT-1638,TAG-0154,V18_CURATED_GEOGRAPHY,HIGH,Culture générale V18.
ETAG-18053,EVT-1639,TAG-0114,V18_CURATED_SEMANTIC,HIGH,Culture générale V18.
ETAG-18054,EVT-1639,TAG-0111,V18_CURATED_SEMANTIC,HIGH,Culture générale V18.
ETAG-18055,EVT-1639,TAG-0202,V18_CURATED_GEOGRAPHY,HIGH,Culture générale V18.
ETAG-18056,EVT-1639,TAG-0173,V18_CURATED_GEOGRAPHY,HIGH,Culture générale V18.
ETAG-18057,EVT-1639,TAG-0171,V18_CURATED_GEOGRAPHY,HIGH,Culture générale V18.
ETAG-18064,EVT-1640,TAG-0145,V18_CURATED_SEMANTIC,HIGH,Culture générale V18.
ETAG-18065,EVT-1640,TAG-0158,V18_CURATED_GEOGRAPHY,HIGH,Culture générale V18.
ETAG-18066,EVT-1640,TAG-0154,V18_CURATED_GEOGRAPHY,HIGH,Culture générale V18.
ETAG-18073,EVT-1641,TAG-0145,V18_CURATED_SEMANTIC,HIGH,Culture générale V18.
ETAG-18074,EVT-1641,TAG-0217,V18_CURATED_GEOGRAPHY,HIGH,Culture générale V18.
ETAG-18075,EVT-1641,TAG-0153,V18_CURATED_GEOGRAPHY,HIGH,Culture générale V18.
ETAG-18082,EVT-1642,TAG-0132,V18_CURATED_SEMANTIC,HIGH,Culture générale V18.
ETAG-18083,EVT-1642,TAG-0133,V18_CURATED_SEMANTIC,HIGH,Culture générale V18.
ETAG-18084,EVT-1642,TAG-0159,V18_CURATED_GEOGRAPHY,HIGH,Culture générale V18.
ETAG-18085,EVT-1642,TAG-0154,V18_CURATED_GEOGRAPHY,HIGH,Culture générale V18.
ETAG-18092,EVT-1643,TAG-0132,V18_CURATED_SEMANTIC,HIGH,Culture générale V18.
ETAG-18093,EVT-1643,TAG-0133,V18_CURATED_SEMANTIC,HIGH,Culture générale V18.
ETAG-18094,EVT-1643,TAG-0157,V18_CURATED_GEOGRAPHY,HIGH,Culture générale V18.
ETAG-18101,EVT-1644,TAG-0132,V18_CURATED_SEMANTIC,HIGH,Culture générale V18.
ETAG-18102,EVT-1644,TAG-0133,V18_CURATED_SEMANTIC,HIGH,Culture générale V18.
ETAG-18103,EVT-1644,TAG-0154,V18_CURATED_GEOGRAPHY,HIGH,Culture générale V18.
ETAG-18104,EVT-1644,TAG-0153,V18_CURATED_GEOGRAPHY,HIGH,Culture générale V18.
ETAG-18111,EVT-1645,TAG-0145,V18_CURATED_SEMANTIC,HIGH,Culture générale V18.
ETAG-18112,EVT-1645,TAG-0129,V18_CURATED_SEMANTIC,HIGH,Culture générale V18.
ETAG-18113,EVT-1645,TAG-0153,V18_CURATED_GEOGRAPHY,HIGH,Culture générale V18.
ETAG-18120,EVT-1646,TAG-0132,V18_CURATED_SEMANTIC,HIGH,Culture générale V18.
ETAG-18121,EVT-1646,TAG-0133,V18_CURATED_SEMANTIC,HIGH,Culture générale V18.
ETAG-18122,EVT-1646,TAG-0165,V18_CURATED_GEOGRAPHY,HIGH,Culture générale V18.
ETAG-18123,EVT-1646,TAG-0153,V18_CURATED_GEOGRAPHY,HIGH,Culture générale V18.
ETAG-18130,EVT-1647,TAG-0145,V18_CURATED_SEMANTIC,HIGH,Culture générale V18.
ETAG-18131,EVT-1647,TAG-0133,V18_CURATED_SEMANTIC,HIGH,Culture générale V18.
ETAG-18132,EVT-1647,TAG-0165,V18_CURATED_GEOGRAPHY,HIGH,Culture générale V18.
ETAG-18139,EVT-1648,TAG-0145,V18_CURATED_SEMANTIC,HIGH,Culture générale V18.
ETAG-18140,EVT-1648,TAG-0157,V18_CURATED_GEOGRAPHY,HIGH,Culture générale V18.
ETAG-18141,EVT-1648,TAG-0154,V18_CURATED_GEOGRAPHY,HIGH,Culture générale V18.
ETAG-18148,EVT-1649,TAG-0132,V18_CURATED_SEMANTIC,HIGH,Culture générale V18.
ETAG-18149,EVT-1649,TAG-0133,V18_CURATED_SEMANTIC,HIGH,Culture générale V18.
ETAG-18150,EVT-1649,TAG-0158,V18_CURATED_GEOGRAPHY,HIGH,Culture générale V18.
ETAG-18151,EVT-1649,TAG-0154,V18_CURATED_GEOGRAPHY,HIGH,Culture générale V18.
ETAG-18158,EVT-1650,TAG-0132,V18_CURATED_SEMANTIC,HIGH,Culture générale V18.
ETAG-18159,EVT-1650,TAG-0133,V18_CURATED_SEMANTIC,HIGH,Culture générale V18.
ETAG-18160,EVT-1650,TAG-0157,V18_CURATED_GEOGRAPHY,HIGH,Culture générale V18.
ETAG-18167,EVT-1651,TAG-0132,V18_CURATED_SEMANTIC,HIGH,Culture générale V18.
ETAG-18168,EVT-1651,TAG-0133,V18_CURATED_SEMANTIC,HIGH,Culture générale V18.
ETAG-18169,EVT-1651,TAG-0154,V18_CURATED_GEOGRAPHY,HIGH,Culture générale V18.
ETAG-18170,EVT-1651,TAG-0153,V18_CURATED_GEOGRAPHY,HIGH,Culture générale V18.
ETAG-18177,EVT-1652,TAG-0145,V18_CURATED_SEMANTIC,HIGH,Culture générale V18.
ETAG-18178,EVT-1652,TAG-0160,V18_CURATED_GEOGRAPHY,HIGH,Culture générale V18.
ETAG-18179,EVT-1652,TAG-0153,V18_CURATED_GEOGRAPHY,HIGH,Culture générale V18.
ETAG-18186,EVT-1653,TAG-0132,V18_CURATED_SEMANTIC,HIGH,Culture générale V18.
ETAG-18187,EVT-1653,TAG-0133,V18_CURATED_SEMANTIC,HIGH,Culture générale V18.
ETAG-18188,EVT-1653,TAG-0165,V18_CURATED_GEOGRAPHY,HIGH,Culture générale V18.
ETAG-18189,EVT-1653,TAG-0153,V18_CURATED_GEOGRAPHY,HIGH,Culture générale V18.
ETAG-18196,EVT-1654,TAG-0132,V18_CURATED_SEMANTIC,HIGH,Culture générale V18.
ETAG-18197,EVT-1654,TAG-0133,V18_CURATED_SEMANTIC,HIGH,Culture générale V18.
ETAG-18198,EVT-1654,TAG-0165,V18_CURATED_GEOGRAPHY,HIGH,Culture générale V18.
ETAG-18199,EVT-1654,TAG-0153,V18_CURATED_GEOGRAPHY,HIGH,Culture générale V18.
ETAG-18206,EVT-1655,TAG-0132,V18_CURATED_SEMANTIC,HIGH,Culture générale V18.
ETAG-18207,EVT-1655,TAG-0133,V18_CURATED_SEMANTIC,HIGH,Culture générale V18.
ETAG-18208,EVT-1655,TAG-0165,V18_CURATED_GEOGRAPHY,HIGH,Culture générale V18.
ETAG-18209,EVT-1655,TAG-0153,V18_CURATED_GEOGRAPHY,HIGH,Culture générale V18.
ETAG-18216,EVT-1656,TAG-0145,V18_CURATED_SEMANTIC,HIGH,Culture générale V18.
ETAG-18217,EVT-1656,TAG-0157,V18_CURATED_GEOGRAPHY,HIGH,Culture générale V18.
ETAG-18218,EVT-1656,TAG-0154,V18_CURATED_GEOGRAPHY,HIGH,Culture générale V18.
ETAG-18225,EVT-1657,TAG-0108,V18_CURATED_SEMANTIC,HIGH,Culture générale V18.
ETAG-18226,EVT-1657,TAG-0117,V18_CURATED_SEMANTIC,HIGH,Culture générale V18.
ETAG-18227,EVT-1657,TAG-0264,V18_CURATED_GEOGRAPHY,HIGH,Culture générale V18.
ETAG-18228,EVT-1657,TAG-0174,V18_CURATED_GEOGRAPHY,HIGH,Culture générale V18.
ETAG-18235,EVT-1658,TAG-0145,V18_CURATED_SEMANTIC,HIGH,Culture générale V18.
ETAG-18236,EVT-1658,TAG-0158,V18_CURATED_GEOGRAPHY,HIGH,Culture générale V18.
ETAG-18237,EVT-1658,TAG-0154,V18_CURATED_GEOGRAPHY,HIGH,Culture générale V18.
ETAG-18244,EVT-1659,TAG-0132,V18_CURATED_SEMANTIC,HIGH,Culture générale V18.
ETAG-18245,EVT-1659,TAG-0133,V18_CURATED_SEMANTIC,HIGH,Culture générale V18.
ETAG-18246,EVT-1659,TAG-0158,V18_CURATED_GEOGRAPHY,HIGH,Culture générale V18.
ETAG-18247,EVT-1659,TAG-0154,V18_CURATED_GEOGRAPHY,HIGH,Culture générale V18.
ETAG-18254,EVT-1660,TAG-0132,V18_CURATED_SEMANTIC,HIGH,Culture générale V18.
ETAG-18255,EVT-1660,TAG-0133,V18_CURATED_SEMANTIC,HIGH,Culture générale V18.
ETAG-18256,EVT-1660,TAG-0159,V18_CURATED_GEOGRAPHY,HIGH,Culture générale V18.
ETAG-18257,EVT-1660,TAG-0154,V18_CURATED_GEOGRAPHY,HIGH,Culture générale V18.
ETAG-18264,EVT-1661,TAG-0132,V18_CURATED_SEMANTIC,HIGH,Culture générale V18.
ETAG-18265,EVT-1661,TAG-0133,V18_CURATED_SEMANTIC,HIGH,Culture générale V18.
ETAG-18266,EVT-1661,TAG-0157,V18_CURATED_GEOGRAPHY,HIGH,Culture générale V18.
ETAG-18273,EVT-1662,TAG-0132,V18_CURATED_SEMANTIC,HIGH,Culture générale V18.
ETAG-18274,EVT-1662,TAG-0133,V18_CURATED_SEMANTIC,HIGH,Culture générale V18.
ETAG-18275,EVT-1662,TAG-0154,V18_CURATED_GEOGRAPHY,HIGH,Culture générale V18.
ETAG-18276,EVT-1662,TAG-0153,V18_CURATED_GEOGRAPHY,HIGH,Culture générale V18.
ETAG-18283,EVT-1663,TAG-0145,V18_CURATED_SEMANTIC,HIGH,Culture générale V18.
ETAG-18284,EVT-1663,TAG-0129,V18_CURATED_SEMANTIC,HIGH,Culture générale V18.
ETAG-18285,EVT-1663,TAG-0153,V18_CURATED_GEOGRAPHY,HIGH,Culture générale V18.
ETAG-18292,EVT-1664,TAG-0132,V18_CURATED_SEMANTIC,HIGH,Culture générale V18.
ETAG-18293,EVT-1664,TAG-0133,V18_CURATED_SEMANTIC,HIGH,Culture générale V18.
ETAG-18294,EVT-1664,TAG-0165,V18_CURATED_GEOGRAPHY,HIGH,Culture générale V18.
ETAG-18295,EVT-1664,TAG-0153,V18_CURATED_GEOGRAPHY,HIGH,Culture générale V18.
ETAG-18302,EVT-1665,TAG-0132,V18_CURATED_SEMANTIC,HIGH,Culture générale V18.
ETAG-18303,EVT-1665,TAG-0133,V18_CURATED_SEMANTIC,HIGH,Culture générale V18.
ETAG-18304,EVT-1665,TAG-0165,V18_CURATED_GEOGRAPHY,HIGH,Culture générale V18.
ETAG-18305,EVT-1665,TAG-0153,V18_CURATED_GEOGRAPHY,HIGH,Culture générale V18.
ETAG-18312,EVT-1666,TAG-0145,V18_CURATED_SEMANTIC,HIGH,Culture générale V18.
ETAG-18313,EVT-1666,TAG-0158,V18_CURATED_GEOGRAPHY,HIGH,Culture générale V18.
ETAG-18314,EVT-1666,TAG-0153,V18_CURATED_GEOGRAPHY,HIGH,Culture générale V18.
ETAG-18321,EVT-1667,TAG-0145,V18_CURATED_SEMANTIC,HIGH,Culture générale V18.
ETAG-18322,EVT-1667,TAG-0133,V18_CURATED_SEMANTIC,HIGH,Culture générale V18.
ETAG-18323,EVT-1667,TAG-0165,V18_CURATED_GEOGRAPHY,HIGH,Culture générale V18.
ETAG-18330,EVT-1668,TAG-0108,V18_CURATED_SEMANTIC,HIGH,Culture générale V18.
ETAG-18331,EVT-1668,TAG-0135,V18_CURATED_SEMANTIC,HIGH,Culture générale V18.
ETAG-18332,EVT-1668,TAG-0265,V18_CURATED_GEOGRAPHY,HIGH,Culture générale V18.
ETAG-18333,EVT-1668,TAG-0154,V18_CURATED_GEOGRAPHY,HIGH,Culture générale V18.
ETAG-18340,EVT-1669,TAG-0108,V18_CURATED_SEMANTIC,HIGH,Culture générale V18.
ETAG-18341,EVT-1669,TAG-0189,V18_CURATED_GEOGRAPHY,HIGH,Culture générale V18.
ETAG-18342,EVT-1669,TAG-0154,V18_CURATED_GEOGRAPHY,HIGH,Culture générale V18.
ETAG-18349,EVT-1670,TAG-0132,V18_CURATED_SEMANTIC,HIGH,Culture générale V18.
ETAG-18350,EVT-1670,TAG-0165,V18_CURATED_GEOGRAPHY,HIGH,Culture générale V18.
ETAG-18351,EVT-1670,TAG-0153,V18_CURATED_GEOGRAPHY,HIGH,Culture générale V18.
ETAG-18358,EVT-1671,TAG-0132,V18_CURATED_SEMANTIC,HIGH,Culture générale V18.
ETAG-18359,EVT-1671,TAG-0133,V18_CURATED_SEMANTIC,HIGH,Culture générale V18.
ETAG-18360,EVT-1671,TAG-0159,V18_CURATED_GEOGRAPHY,HIGH,Culture générale V18.
ETAG-18361,EVT-1671,TAG-0154,V18_CURATED_GEOGRAPHY,HIGH,Culture générale V18.
ETAG-18368,EVT-1672,TAG-0145,V18_CURATED_SEMANTIC,HIGH,Culture générale V18.
ETAG-18369,EVT-1672,TAG-0129,V18_CURATED_SEMANTIC,HIGH,Culture générale V18.
ETAG-18370,EVT-1672,TAG-0153,V18_CURATED_GEOGRAPHY,HIGH,Culture générale V18.
ETAG-18377,EVT-1673,TAG-0132,V18_CURATED_SEMANTIC,HIGH,Culture générale V18.
ETAG-18378,EVT-1673,TAG-0133,V18_CURATED_SEMANTIC,HIGH,Culture générale V18.
ETAG-18379,EVT-1673,TAG-0165,V18_CURATED_GEOGRAPHY,HIGH,Culture générale V18.
ETAG-18380,EVT-1673,TAG-0153,V18_CURATED_GEOGRAPHY,HIGH,Culture générale V18.
ETAG-18387,EVT-1674,TAG-0132,V18_CURATED_SEMANTIC,HIGH,Culture générale V18.
ETAG-18388,EVT-1674,TAG-0133,V18_CURATED_SEMANTIC,HIGH,Culture générale V18.
ETAG-18389,EVT-1674,TAG-0165,V18_CURATED_GEOGRAPHY,HIGH,Culture générale V18.
ETAG-18390,EVT-1674,TAG-0153,V18_CURATED_GEOGRAPHY,HIGH,Culture générale V18.
ETAG-18397,EVT-1675,TAG-0132,V18_CURATED_SEMANTIC,HIGH,Culture générale V18.
ETAG-18398,EVT-1675,TAG-0133,V18_CURATED_SEMANTIC,HIGH,Culture générale V18.
ETAG-18399,EVT-1675,TAG-0165,V18_CURATED_GEOGRAPHY,HIGH,Culture générale V18.
ETAG-18400,EVT-1675,TAG-0153,V18_CURATED_GEOGRAPHY,HIGH,Culture générale V18.
ETAG-18407,EVT-1676,TAG-0145,V18_CURATED_SEMANTIC,HIGH,Culture générale V18.
ETAG-18408,EVT-1676,TAG-0133,V18_CURATED_SEMANTIC,HIGH,Culture générale V18.
ETAG-18409,EVT-1676,TAG-0165,V18_CURATED_GEOGRAPHY,HIGH,Culture générale V18.
ETAG-18416,EVT-1677,TAG-0145,V18_CURATED_SEMANTIC,HIGH,Culture générale V18.
ETAG-18417,EVT-1677,TAG-0157,V18_CURATED_GEOGRAPHY,HIGH,Culture générale V18.
ETAG-18418,EVT-1677,TAG-0154,V18_CURATED_GEOGRAPHY,HIGH,Culture générale V18.
ETAG-18425,EVT-1678,TAG-0145,V18_CURATED_SEMANTIC,HIGH,Culture générale V18.
ETAG-18426,EVT-1678,TAG-0224,V18_CURATED_GEOGRAPHY,HIGH,Culture générale V18.
ETAG-18427,EVT-1678,TAG-0154,V18_CURATED_GEOGRAPHY,HIGH,Culture générale V18.
ETAG-18434,EVT-1679,TAG-0106,V18_CURATED_SEMANTIC,HIGH,Culture générale V18.
ETAG-18435,EVT-1679,TAG-0107,V18_CURATED_SEMANTIC,HIGH,Culture générale V18.
ETAG-18436,EVT-1679,TAG-0165,V18_CURATED_GEOGRAPHY,HIGH,Culture générale V18.
ETAG-18443,EVT-1680,TAG-0145,V18_CURATED_SEMANTIC,HIGH,Culture générale V18.
ETAG-18444,EVT-1680,TAG-0162,V18_CURATED_GEOGRAPHY,HIGH,Culture générale V18.
ETAG-18445,EVT-1680,TAG-0154,V18_CURATED_GEOGRAPHY,HIGH,Culture générale V18.
ETAG-18452,EVT-1681,TAG-0145,V18_CURATED_SEMANTIC,HIGH,Culture générale V18.
ETAG-18453,EVT-1681,TAG-0158,V18_CURATED_GEOGRAPHY,HIGH,Culture générale V18.
ETAG-18454,EVT-1681,TAG-0154,V18_CURATED_GEOGRAPHY,HIGH,Culture générale V18.
ETAG-18461,EVT-1682,TAG-0145,V18_CURATED_SEMANTIC,HIGH,Culture générale V18.
ETAG-18462,EVT-1682,TAG-0157,V18_CURATED_GEOGRAPHY,HIGH,Culture générale V18.
ETAG-18463,EVT-1682,TAG-0153,V18_CURATED_GEOGRAPHY,HIGH,Culture générale V18.
ETAG-18470,EVT-1683,TAG-0132,V18_CURATED_SEMANTIC,HIGH,Culture générale V18.
ETAG-18471,EVT-1683,TAG-0133,V18_CURATED_SEMANTIC,HIGH,Culture générale V18.
ETAG-18472,EVT-1683,TAG-0158,V18_CURATED_GEOGRAPHY,HIGH,Culture générale V18.
ETAG-18473,EVT-1683,TAG-0154,V18_CURATED_GEOGRAPHY,HIGH,Culture générale V18.
ETAG-18480,EVT-1684,TAG-0132,V18_CURATED_SEMANTIC,HIGH,Culture générale V18.
ETAG-18481,EVT-1684,TAG-0133,V18_CURATED_SEMANTIC,HIGH,Culture générale V18.
ETAG-18482,EVT-1684,TAG-0159,V18_CURATED_GEOGRAPHY,HIGH,Culture générale V18.
ETAG-18483,EVT-1684,TAG-0154,V18_CURATED_GEOGRAPHY,HIGH,Culture générale V18.
ETAG-18490,EVT-1685,TAG-0132,V18_CURATED_SEMANTIC,HIGH,Culture générale V18.
ETAG-18491,EVT-1685,TAG-0133,V18_CURATED_SEMANTIC,HIGH,Culture générale V18.
ETAG-18492,EVT-1685,TAG-0157,V18_CURATED_GEOGRAPHY,HIGH,Culture générale V18.
ETAG-18499,EVT-1686,TAG-0132,V18_CURATED_SEMANTIC,HIGH,Culture générale V18.
ETAG-18500,EVT-1686,TAG-0133,V18_CURATED_SEMANTIC,HIGH,Culture générale V18.
ETAG-18501,EVT-1686,TAG-0154,V18_CURATED_GEOGRAPHY,HIGH,Culture générale V18.
ETAG-18502,EVT-1686,TAG-0153,V18_CURATED_GEOGRAPHY,HIGH,Culture générale V18.
ETAG-18509,EVT-1687,TAG-0145,V18_CURATED_SEMANTIC,HIGH,Culture générale V18.
ETAG-18510,EVT-1687,TAG-0129,V18_CURATED_SEMANTIC,HIGH,Culture générale V18.
ETAG-18511,EVT-1687,TAG-0153,V18_CURATED_GEOGRAPHY,HIGH,Culture générale V18.
ETAG-18518,EVT-1688,TAG-0132,V18_CURATED_SEMANTIC,HIGH,Culture générale V18.
ETAG-18519,EVT-1688,TAG-0133,V18_CURATED_SEMANTIC,HIGH,Culture générale V18.
ETAG-18520,EVT-1688,TAG-0165,V18_CURATED_GEOGRAPHY,HIGH,Culture générale V18.
ETAG-18521,EVT-1688,TAG-0153,V18_CURATED_GEOGRAPHY,HIGH,Culture générale V18.
ETAG-18528,EVT-1689,TAG-0132,V18_CURATED_SEMANTIC,HIGH,Culture générale V18.
ETAG-18529,EVT-1689,TAG-0133,V18_CURATED_SEMANTIC,HIGH,Culture générale V18.
ETAG-18530,EVT-1689,TAG-0165,V18_CURATED_GEOGRAPHY,HIGH,Culture générale V18.
ETAG-18531,EVT-1689,TAG-0153,V18_CURATED_GEOGRAPHY,HIGH,Culture générale V18.
ETAG-18538,EVT-1690,TAG-0145,V18_CURATED_SEMANTIC,HIGH,Culture générale V18.
ETAG-18539,EVT-1690,TAG-0157,V18_CURATED_GEOGRAPHY,HIGH,Culture générale V18.
ETAG-18540,EVT-1690,TAG-0154,V18_CURATED_GEOGRAPHY,HIGH,Culture générale V18.
ETAG-18547,EVT-1691,TAG-0108,V18_CURATED_SEMANTIC,HIGH,Culture générale V18.
ETAG-18548,EVT-1691,TAG-0218,V18_CURATED_GEOGRAPHY,HIGH,Culture générale V18.
ETAG-18549,EVT-1691,TAG-0154,V18_CURATED_GEOGRAPHY,HIGH,Culture générale V18.
ETAG-18556,EVT-1692,TAG-0209,V18_CURATED_SEMANTIC,HIGH,Culture générale V18.
ETAG-18557,EVT-1692,TAG-0137,V18_CURATED_SEMANTIC,HIGH,Culture générale V18.
ETAG-18558,EVT-1692,TAG-0165,V18_CURATED_GEOGRAPHY,HIGH,Culture générale V18.
ETAG-18559,EVT-1692,TAG-0186,V18_CURATED_GEOGRAPHY,HIGH,Culture générale V18.
ETAG-18566,EVT-1693,TAG-0145,V18_CURATED_SEMANTIC,HIGH,Culture générale V18.
ETAG-18567,EVT-1693,TAG-0158,V18_CURATED_GEOGRAPHY,HIGH,Culture générale V18.
ETAG-18568,EVT-1693,TAG-0154,V18_CURATED_GEOGRAPHY,HIGH,Culture générale V18.
ETAG-18575,EVT-1694,TAG-0132,V18_CURATED_SEMANTIC,HIGH,Culture générale V18.
ETAG-18576,EVT-1694,TAG-0133,V18_CURATED_SEMANTIC,HIGH,Culture générale V18.
ETAG-18577,EVT-1694,TAG-0158,V18_CURATED_GEOGRAPHY,HIGH,Culture générale V18.
ETAG-18578,EVT-1694,TAG-0154,V18_CURATED_GEOGRAPHY,HIGH,Culture générale V18.
ETAG-18585,EVT-1695,TAG-0132,V18_CURATED_SEMANTIC,HIGH,Culture générale V18.
ETAG-18586,EVT-1695,TAG-0133,V18_CURATED_SEMANTIC,HIGH,Culture générale V18.
ETAG-18587,EVT-1695,TAG-0157,V18_CURATED_GEOGRAPHY,HIGH,Culture générale V18.
ETAG-18594,EVT-1696,TAG-0132,V18_CURATED_SEMANTIC,HIGH,Culture générale V18.
ETAG-18595,EVT-1696,TAG-0133,V18_CURATED_SEMANTIC,HIGH,Culture générale V18.
ETAG-18596,EVT-1696,TAG-0154,V18_CURATED_GEOGRAPHY,HIGH,Culture générale V18.
ETAG-18597,EVT-1696,TAG-0153,V18_CURATED_GEOGRAPHY,HIGH,Culture générale V18.
ETAG-18604,EVT-1697,TAG-0145,V18_CURATED_SEMANTIC,HIGH,Culture générale V18.
ETAG-18605,EVT-1697,TAG-0165,V18_CURATED_GEOGRAPHY,HIGH,Culture générale V18.
ETAG-18606,EVT-1697,TAG-0153,V18_CURATED_GEOGRAPHY,HIGH,Culture générale V18.
ETAG-18613,EVT-1698,TAG-0145,V18_CURATED_SEMANTIC,HIGH,Culture générale V18.
ETAG-18614,EVT-1698,TAG-0129,V18_CURATED_SEMANTIC,HIGH,Culture générale V18.
ETAG-18615,EVT-1698,TAG-0153,V18_CURATED_GEOGRAPHY,HIGH,Culture générale V18.
ETAG-18622,EVT-1699,TAG-0132,V18_CURATED_SEMANTIC,HIGH,Culture générale V18.
ETAG-18623,EVT-1699,TAG-0133,V18_CURATED_SEMANTIC,HIGH,Culture générale V18.
ETAG-18624,EVT-1699,TAG-0165,V18_CURATED_GEOGRAPHY,HIGH,Culture générale V18.
ETAG-18625,EVT-1699,TAG-0153,V18_CURATED_GEOGRAPHY,HIGH,Culture générale V18.
ETAG-18632,EVT-1700,TAG-0132,V18_CURATED_SEMANTIC,HIGH,Culture générale V18.
ETAG-18633,EVT-1700,TAG-0133,V18_CURATED_SEMANTIC,HIGH,Culture générale V18.
ETAG-18634,EVT-1700,TAG-0165,V18_CURATED_GEOGRAPHY,HIGH,Culture générale V18.
ETAG-18635,EVT-1700,TAG-0153,V18_CURATED_GEOGRAPHY,HIGH,Culture générale V18.
ETAG-18642,EVT-1701,TAG-0132,V18_CURATED_SEMANTIC,HIGH,Culture générale V18.
ETAG-18643,EVT-1701,TAG-0133,V18_CURATED_SEMANTIC,HIGH,Culture générale V18.
ETAG-18644,EVT-1701,TAG-0165,V18_CURATED_GEOGRAPHY,HIGH,Culture générale V18.
ETAG-18645,EVT-1701,TAG-0153,V18_CURATED_GEOGRAPHY,HIGH,Culture générale V18.
ETAG-18652,EVT-1702,TAG-0145,V18_CURATED_SEMANTIC,HIGH,Culture générale V18.
ETAG-18653,EVT-1702,TAG-0133,V18_CURATED_SEMANTIC,HIGH,Culture générale V18.
ETAG-18654,EVT-1702,TAG-0165,V18_CURATED_GEOGRAPHY,HIGH,Culture générale V18.
ETAG-18661,EVT-1703,TAG-0145,V18_CURATED_SEMANTIC,HIGH,Culture générale V18.
ETAG-18662,EVT-1703,TAG-0157,V18_CURATED_GEOGRAPHY,HIGH,Culture générale V18.
ETAG-18663,EVT-1703,TAG-0154,V18_CURATED_GEOGRAPHY,HIGH,Culture générale V18.
ETAG-18670,EVT-1704,TAG-0129,V18_CURATED_SEMANTIC,HIGH,Culture générale V18.
ETAG-18671,EVT-1704,TAG-0208,V18_CURATED_SEMANTIC,HIGH,Culture générale V18.
ETAG-18672,EVT-1704,TAG-0136,V18_CURATED_SEMANTIC,HIGH,Culture générale V18.
ETAG-18673,EVT-1704,TAG-0157,V18_CURATED_GEOGRAPHY,HIGH,Culture générale V18.
ETAG-18674,EVT-1704,TAG-0158,V18_CURATED_GEOGRAPHY,HIGH,Culture générale V18.
ETAG-18675,EVT-1704,TAG-0154,V18_CURATED_GEOGRAPHY,HIGH,Culture générale V18.
ETAG-18682,EVT-1705,TAG-0129,V18_CURATED_SEMANTIC,HIGH,Culture générale V18.
ETAG-18683,EVT-1705,TAG-0121,V18_CURATED_SEMANTIC,HIGH,Culture générale V18.
ETAG-18684,EVT-1705,TAG-0165,V18_CURATED_GEOGRAPHY,HIGH,Culture générale V18.
ETAG-18685,EVT-1705,TAG-0153,V18_CURATED_GEOGRAPHY,HIGH,Culture générale V18.
ETAG-18692,EVT-1706,TAG-0145,V18_CURATED_SEMANTIC,HIGH,Culture générale V18.
ETAG-18693,EVT-1706,TAG-0234,V18_CURATED_GEOGRAPHY,HIGH,Culture générale V18.
ETAG-18694,EVT-1706,TAG-0153,V18_CURATED_GEOGRAPHY,HIGH,Culture générale V18.
ETAG-18701,EVT-1707,TAG-0132,V18_CURATED_SEMANTIC,HIGH,Culture générale V18.
ETAG-18702,EVT-1707,TAG-0133,V18_CURATED_SEMANTIC,HIGH,Culture générale V18.
ETAG-18703,EVT-1707,TAG-0158,V18_CURATED_GEOGRAPHY,HIGH,Culture générale V18.
ETAG-18704,EVT-1707,TAG-0154,V18_CURATED_GEOGRAPHY,HIGH,Culture générale V18.
ETAG-18711,EVT-1708,TAG-0132,V18_CURATED_SEMANTIC,HIGH,Culture générale V18.
ETAG-18712,EVT-1708,TAG-0133,V18_CURATED_SEMANTIC,HIGH,Culture générale V18.
ETAG-18713,EVT-1708,TAG-0159,V18_CURATED_GEOGRAPHY,HIGH,Culture générale V18.
ETAG-18714,EVT-1708,TAG-0154,V18_CURATED_GEOGRAPHY,HIGH,Culture générale V18.
ETAG-18721,EVT-1709,TAG-0132,V18_CURATED_SEMANTIC,HIGH,Culture générale V18.
ETAG-18722,EVT-1709,TAG-0133,V18_CURATED_SEMANTIC,HIGH,Culture générale V18.
ETAG-18723,EVT-1709,TAG-0157,V18_CURATED_GEOGRAPHY,HIGH,Culture générale V18.
ETAG-18730,EVT-1710,TAG-0132,V18_CURATED_SEMANTIC,HIGH,Culture générale V18.
ETAG-18731,EVT-1710,TAG-0133,V18_CURATED_SEMANTIC,HIGH,Culture générale V18.
ETAG-18732,EVT-1710,TAG-0154,V18_CURATED_GEOGRAPHY,HIGH,Culture générale V18.
ETAG-18733,EVT-1710,TAG-0153,V18_CURATED_GEOGRAPHY,HIGH,Culture générale V18.
ETAG-18740,EVT-1711,TAG-0106,V18_CURATED_SEMANTIC,HIGH,Culture générale V18.
ETAG-18741,EVT-1711,TAG-0107,V18_CURATED_SEMANTIC,HIGH,Culture générale V18.
ETAG-18742,EVT-1711,TAG-0157,V18_CURATED_GEOGRAPHY,HIGH,Culture générale V18.
ETAG-18749,EVT-1712,TAG-0132,V18_CURATED_SEMANTIC,HIGH,Culture générale V18.
ETAG-18750,EVT-1712,TAG-0133,V18_CURATED_SEMANTIC,HIGH,Culture générale V18.
ETAG-18751,EVT-1712,TAG-0165,V18_CURATED_GEOGRAPHY,HIGH,Culture générale V18.
ETAG-18752,EVT-1712,TAG-0153,V18_CURATED_GEOGRAPHY,HIGH,Culture générale V18.
ETAG-18759,EVT-1713,TAG-0132,V18_CURATED_SEMANTIC,HIGH,Culture générale V18.
ETAG-18760,EVT-1713,TAG-0133,V18_CURATED_SEMANTIC,HIGH,Culture générale V18.
ETAG-18761,EVT-1713,TAG-0165,V18_CURATED_GEOGRAPHY,HIGH,Culture générale V18.
ETAG-18762,EVT-1713,TAG-0153,V18_CURATED_GEOGRAPHY,HIGH,Culture générale V18.
ETAG-18769,EVT-1714,TAG-0145,V18_CURATED_SEMANTIC,HIGH,Culture générale V18.
ETAG-18770,EVT-1714,TAG-0238,V18_CURATED_GEOGRAPHY,HIGH,Culture générale V18.
ETAG-18771,EVT-1714,TAG-0153,V18_CURATED_GEOGRAPHY,HIGH,Culture générale V18.
ETAG-18778,EVT-1715,TAG-0145,V18_CURATED_SEMANTIC,HIGH,Culture générale V18.
ETAG-18779,EVT-1715,TAG-0133,V18_CURATED_SEMANTIC,HIGH,Culture générale V18.
ETAG-18780,EVT-1715,TAG-0165,V18_CURATED_GEOGRAPHY,HIGH,Culture générale V18.
ETAG-18787,EVT-1716,TAG-0145,V18_CURATED_SEMANTIC,HIGH,Culture générale V18.
ETAG-18788,EVT-1716,TAG-0157,V18_CURATED_GEOGRAPHY,HIGH,Culture générale V18.
ETAG-18789,EVT-1716,TAG-0154,V18_CURATED_GEOGRAPHY,HIGH,Culture générale V18.
ETAG-18796,EVT-1717,TAG-0129,V18_CURATED_SEMANTIC,HIGH,Culture générale V18.
ETAG-18797,EVT-1717,TAG-0121,V18_CURATED_SEMANTIC,HIGH,Culture générale V18.
ETAG-18798,EVT-1717,TAG-0165,V18_CURATED_GEOGRAPHY,HIGH,Culture générale V18.
ETAG-18799,EVT-1717,TAG-0153,V18_CURATED_GEOGRAPHY,HIGH,Culture générale V18.
ETAG-18806,EVT-1718,TAG-0145,V18_CURATED_SEMANTIC,HIGH,Culture générale V18.
ETAG-18807,EVT-1718,TAG-0158,V18_CURATED_GEOGRAPHY,HIGH,Culture générale V18.
ETAG-18808,EVT-1718,TAG-0154,V18_CURATED_GEOGRAPHY,HIGH,Culture générale V18.
ETAG-18815,EVT-1719,TAG-0132,V18_CURATED_SEMANTIC,HIGH,Culture générale V18.
ETAG-18816,EVT-1719,TAG-0133,V18_CURATED_SEMANTIC,HIGH,Culture générale V18.
ETAG-18817,EVT-1719,TAG-0159,V18_CURATED_GEOGRAPHY,HIGH,Culture générale V18.
ETAG-18818,EVT-1719,TAG-0154,V18_CURATED_GEOGRAPHY,HIGH,Culture générale V18.
ETAG-18825,EVT-1720,TAG-0132,V18_CURATED_SEMANTIC,HIGH,Culture générale V18.
ETAG-18826,EVT-1720,TAG-0133,V18_CURATED_SEMANTIC,HIGH,Culture générale V18.
ETAG-18827,EVT-1720,TAG-0154,V18_CURATED_GEOGRAPHY,HIGH,Culture générale V18.
ETAG-18828,EVT-1720,TAG-0153,V18_CURATED_GEOGRAPHY,HIGH,Culture générale V18.
ETAG-18835,EVT-1721,TAG-0145,V18_CURATED_SEMANTIC,HIGH,Culture générale V18.
ETAG-18836,EVT-1721,TAG-0129,V18_CURATED_SEMANTIC,HIGH,Culture générale V18.
ETAG-18837,EVT-1721,TAG-0153,V18_CURATED_GEOGRAPHY,HIGH,Culture générale V18.
ETAG-18844,EVT-1722,TAG-0132,V18_CURATED_SEMANTIC,HIGH,Culture générale V18.
ETAG-18845,EVT-1722,TAG-0133,V18_CURATED_SEMANTIC,HIGH,Culture générale V18.
ETAG-18846,EVT-1722,TAG-0165,V18_CURATED_GEOGRAPHY,HIGH,Culture générale V18.
ETAG-18847,EVT-1722,TAG-0153,V18_CURATED_GEOGRAPHY,HIGH,Culture générale V18.
ETAG-18854,EVT-1723,TAG-0132,V18_CURATED_SEMANTIC,HIGH,Culture générale V18.
ETAG-18855,EVT-1723,TAG-0133,V18_CURATED_SEMANTIC,HIGH,Culture générale V18.
ETAG-18856,EVT-1723,TAG-0165,V18_CURATED_GEOGRAPHY,HIGH,Culture générale V18.
ETAG-18857,EVT-1723,TAG-0153,V18_CURATED_GEOGRAPHY,HIGH,Culture générale V18.
ETAG-18864,EVT-1724,TAG-0132,V18_CURATED_SEMANTIC,HIGH,Culture générale V18.
ETAG-18865,EVT-1724,TAG-0133,V18_CURATED_SEMANTIC,HIGH,Culture générale V18.
ETAG-18866,EVT-1724,TAG-0165,V18_CURATED_GEOGRAPHY,HIGH,Culture générale V18.
ETAG-18867,EVT-1724,TAG-0153,V18_CURATED_GEOGRAPHY,HIGH,Culture générale V18.
ETAG-18874,EVT-1725,TAG-0145,V18_CURATED_SEMANTIC,HIGH,Culture générale V18.
ETAG-18875,EVT-1725,TAG-0165,V18_CURATED_GEOGRAPHY,HIGH,Culture générale V18.
ETAG-18876,EVT-1725,TAG-0153,V18_CURATED_GEOGRAPHY,HIGH,Culture générale V18.
ETAG-18883,EVT-1726,TAG-0145,V18_CURATED_SEMANTIC,HIGH,Culture générale V18.
ETAG-18884,EVT-1726,TAG-0158,V18_CURATED_GEOGRAPHY,HIGH,Culture générale V18.
ETAG-18885,EVT-1726,TAG-0154,V18_CURATED_GEOGRAPHY,HIGH,Culture générale V18.
ETAG-18892,EVT-1727,TAG-0106,V18_CURATED_SEMANTIC,HIGH,Culture générale V18.
ETAG-18893,EVT-1727,TAG-0107,V18_CURATED_SEMANTIC,HIGH,Culture générale V18.
ETAG-18894,EVT-1727,TAG-0165,V18_CURATED_GEOGRAPHY,HIGH,Culture générale V18.
ETAG-18901,EVT-1728,TAG-0145,V18_CURATED_SEMANTIC,HIGH,Culture générale V18.
ETAG-18902,EVT-1728,TAG-0158,V18_CURATED_GEOGRAPHY,HIGH,Culture générale V18.
ETAG-18903,EVT-1728,TAG-0154,V18_CURATED_GEOGRAPHY,HIGH,Culture générale V18.
ETAG-18910,EVT-1729,TAG-0132,V18_CURATED_SEMANTIC,HIGH,Culture générale V18.
ETAG-18911,EVT-1729,TAG-0133,V18_CURATED_SEMANTIC,HIGH,Culture générale V18.
ETAG-18912,EVT-1729,TAG-0158,V18_CURATED_GEOGRAPHY,HIGH,Culture générale V18.
ETAG-18913,EVT-1729,TAG-0154,V18_CURATED_GEOGRAPHY,HIGH,Culture générale V18.
ETAG-18920,EVT-1730,TAG-0132,V18_CURATED_SEMANTIC,HIGH,Culture générale V18.
ETAG-18921,EVT-1730,TAG-0133,V18_CURATED_SEMANTIC,HIGH,Culture générale V18.
ETAG-18922,EVT-1730,TAG-0157,V18_CURATED_GEOGRAPHY,HIGH,Culture générale V18.
ETAG-18929,EVT-1731,TAG-0145,V18_CURATED_SEMANTIC,HIGH,Culture générale V18.
ETAG-18930,EVT-1731,TAG-0129,V18_CURATED_SEMANTIC,HIGH,Culture générale V18.
ETAG-18931,EVT-1731,TAG-0153,V18_CURATED_GEOGRAPHY,HIGH,Culture générale V18.
ETAG-18938,EVT-1732,TAG-0132,V18_CURATED_SEMANTIC,HIGH,Culture générale V18.
ETAG-18939,EVT-1732,TAG-0133,V18_CURATED_SEMANTIC,HIGH,Culture générale V18.
ETAG-18940,EVT-1732,TAG-0165,V18_CURATED_GEOGRAPHY,HIGH,Culture générale V18.
ETAG-18941,EVT-1732,TAG-0153,V18_CURATED_GEOGRAPHY,HIGH,Culture générale V18.
ETAG-18948,EVT-1733,TAG-0145,V18_CURATED_SEMANTIC,HIGH,Culture générale V18.
ETAG-18949,EVT-1733,TAG-0133,V18_CURATED_SEMANTIC,HIGH,Culture générale V18.
ETAG-18950,EVT-1733,TAG-0165,V18_CURATED_GEOGRAPHY,HIGH,Culture générale V18.
ETAG-18957,EVT-1734,TAG-0145,V18_CURATED_SEMANTIC,HIGH,Culture générale V18.
ETAG-18958,EVT-1734,TAG-0157,V18_CURATED_GEOGRAPHY,HIGH,Culture générale V18.
ETAG-18959,EVT-1734,TAG-0154,V18_CURATED_GEOGRAPHY,HIGH,Culture générale V18.
ETAG-18966,EVT-1735,TAG-0132,V18_CURATED_SEMANTIC,HIGH,Culture générale V18.
ETAG-18967,EVT-1735,TAG-0138,V18_CURATED_SEMANTIC,HIGH,Culture générale V18.
ETAG-18968,EVT-1735,TAG-0157,V18_CURATED_GEOGRAPHY,HIGH,Culture générale V18.
ETAG-18969,EVT-1735,TAG-0158,V18_CURATED_GEOGRAPHY,HIGH,Culture générale V18.
ETAG-18970,EVT-1735,TAG-0154,V18_CURATED_GEOGRAPHY,HIGH,Culture générale V18.
ETAG-18977,EVT-1736,TAG-0132,V18_CURATED_SEMANTIC,HIGH,Culture générale V18.
ETAG-18978,EVT-1736,TAG-0144,V18_CURATED_SEMANTIC,HIGH,Culture générale V18.
ETAG-18979,EVT-1736,TAG-0158,V18_CURATED_GEOGRAPHY,HIGH,Culture générale V18.
ETAG-18980,EVT-1736,TAG-0153,V18_CURATED_GEOGRAPHY,HIGH,Culture générale V18.
ETAG-18987,EVT-1737,TAG-0132,V18_CURATED_SEMANTIC,HIGH,Culture générale V18.
ETAG-18988,EVT-1737,TAG-0133,V18_CURATED_SEMANTIC,HIGH,Culture générale V18.
ETAG-18989,EVT-1737,TAG-0158,V18_CURATED_GEOGRAPHY,HIGH,Culture générale V18.
ETAG-18990,EVT-1737,TAG-0154,V18_CURATED_GEOGRAPHY,HIGH,Culture générale V18.
ETAG-18997,EVT-1738,TAG-0132,V18_CURATED_SEMANTIC,HIGH,Culture générale V18.
ETAG-18998,EVT-1738,TAG-0133,V18_CURATED_SEMANTIC,HIGH,Culture générale V18.
ETAG-18999,EVT-1738,TAG-0159,V18_CURATED_GEOGRAPHY,HIGH,Culture générale V18.
ETAG-19000,EVT-1738,TAG-0154,V18_CURATED_GEOGRAPHY,HIGH,Culture générale V18.
ETAG-19007,EVT-1739,TAG-0132,V18_CURATED_SEMANTIC,HIGH,Culture générale V18.
ETAG-19008,EVT-1739,TAG-0133,V18_CURATED_SEMANTIC,HIGH,Culture générale V18.
ETAG-19009,EVT-1739,TAG-0157,V18_CURATED_GEOGRAPHY,HIGH,Culture générale V18.
ETAG-19016,EVT-1740,TAG-0132,V18_CURATED_SEMANTIC,HIGH,Culture générale V18.
ETAG-19017,EVT-1740,TAG-0133,V18_CURATED_SEMANTIC,HIGH,Culture générale V18.
ETAG-19018,EVT-1740,TAG-0154,V18_CURATED_GEOGRAPHY,HIGH,Culture générale V18.
ETAG-19019,EVT-1740,TAG-0153,V18_CURATED_GEOGRAPHY,HIGH,Culture générale V18.
ETAG-19026,EVT-1741,TAG-0145,V18_CURATED_SEMANTIC,HIGH,Culture générale V18.
ETAG-19027,EVT-1741,TAG-0157,V18_CURATED_GEOGRAPHY,HIGH,Culture générale V18.
ETAG-19028,EVT-1741,TAG-0153,V18_CURATED_GEOGRAPHY,HIGH,Culture générale V18.
ETAG-19035,EVT-1742,TAG-0145,V18_CURATED_SEMANTIC,HIGH,Culture générale V18.
ETAG-19036,EVT-1742,TAG-0129,V18_CURATED_SEMANTIC,HIGH,Culture générale V18.
ETAG-19037,EVT-1742,TAG-0153,V18_CURATED_GEOGRAPHY,HIGH,Culture générale V18.
ETAG-19044,EVT-1743,TAG-0132,V18_CURATED_SEMANTIC,HIGH,Culture générale V18.
ETAG-19045,EVT-1743,TAG-0133,V18_CURATED_SEMANTIC,HIGH,Culture générale V18.
ETAG-19046,EVT-1743,TAG-0165,V18_CURATED_GEOGRAPHY,HIGH,Culture générale V18.
ETAG-19047,EVT-1743,TAG-0153,V18_CURATED_GEOGRAPHY,HIGH,Culture générale V18.
ETAG-19054,EVT-1744,TAG-0132,V18_CURATED_SEMANTIC,HIGH,Culture générale V18.
ETAG-19055,EVT-1744,TAG-0133,V18_CURATED_SEMANTIC,HIGH,Culture générale V18.
ETAG-19056,EVT-1744,TAG-0165,V18_CURATED_GEOGRAPHY,HIGH,Culture générale V18.
ETAG-19057,EVT-1744,TAG-0153,V18_CURATED_GEOGRAPHY,HIGH,Culture générale V18.
ETAG-19064,EVT-1745,TAG-0132,V18_CURATED_SEMANTIC,HIGH,Culture générale V18.
ETAG-19065,EVT-1745,TAG-0133,V18_CURATED_SEMANTIC,HIGH,Culture générale V18.
ETAG-19066,EVT-1745,TAG-0165,V18_CURATED_GEOGRAPHY,HIGH,Culture générale V18.
ETAG-19067,EVT-1745,TAG-0153,V18_CURATED_GEOGRAPHY,HIGH,Culture générale V18.
ETAG-19074,EVT-1746,TAG-0145,V18_CURATED_SEMANTIC,HIGH,Culture générale V18.
ETAG-19075,EVT-1746,TAG-0133,V18_CURATED_SEMANTIC,HIGH,Culture générale V18.
ETAG-19076,EVT-1746,TAG-0165,V18_CURATED_GEOGRAPHY,HIGH,Culture générale V18.
ETAG-19083,EVT-1747,TAG-0145,V18_CURATED_SEMANTIC,HIGH,Culture générale V18.
ETAG-19084,EVT-1747,TAG-0157,V18_CURATED_GEOGRAPHY,HIGH,Culture générale V18.
ETAG-19085,EVT-1747,TAG-0154,V18_CURATED_GEOGRAPHY,HIGH,Culture générale V18.
ETAG-19092,EVT-1748,TAG-0145,V18_CURATED_SEMANTIC,HIGH,Culture générale V18.
ETAG-19093,EVT-1748,TAG-0158,V18_CURATED_GEOGRAPHY,HIGH,Culture générale V18.
ETAG-19094,EVT-1748,TAG-0154,V18_CURATED_GEOGRAPHY,HIGH,Culture générale V18.
ETAG-19101,EVT-1749,TAG-0145,V18_CURATED_SEMANTIC,HIGH,Culture générale V18.
ETAG-19102,EVT-1749,TAG-0167,V18_CURATED_GEOGRAPHY,HIGH,Culture générale V18.
ETAG-19103,EVT-1749,TAG-0153,V18_CURATED_GEOGRAPHY,HIGH,Culture générale V18.
ETAG-19110,EVT-1750,TAG-0132,V18_CURATED_SEMANTIC,HIGH,Culture générale V18.
ETAG-19111,EVT-1750,TAG-0133,V18_CURATED_SEMANTIC,HIGH,Culture générale V18.
ETAG-19112,EVT-1750,TAG-0159,V18_CURATED_GEOGRAPHY,HIGH,Culture générale V18.
ETAG-19113,EVT-1750,TAG-0154,V18_CURATED_GEOGRAPHY,HIGH,Culture générale V18.
ETAG-19120,EVT-1751,TAG-0132,V18_CURATED_SEMANTIC,HIGH,Culture générale V18.
ETAG-19121,EVT-1751,TAG-0133,V18_CURATED_SEMANTIC,HIGH,Culture générale V18.
ETAG-19122,EVT-1751,TAG-0157,V18_CURATED_GEOGRAPHY,HIGH,Culture générale V18.
ETAG-19129,EVT-1752,TAG-0132,V18_CURATED_SEMANTIC,HIGH,Culture générale V18.
ETAG-19130,EVT-1752,TAG-0133,V18_CURATED_SEMANTIC,HIGH,Culture générale V18.
ETAG-19131,EVT-1752,TAG-0154,V18_CURATED_GEOGRAPHY,HIGH,Culture générale V18.
ETAG-19132,EVT-1752,TAG-0153,V18_CURATED_GEOGRAPHY,HIGH,Culture générale V18.
ETAG-19139,EVT-1753,TAG-0132,V18_CURATED_SEMANTIC,HIGH,Culture générale V18.
ETAG-19140,EVT-1753,TAG-0133,V18_CURATED_SEMANTIC,HIGH,Culture générale V18.
ETAG-19141,EVT-1753,TAG-0165,V18_CURATED_GEOGRAPHY,HIGH,Culture générale V18.
ETAG-19142,EVT-1753,TAG-0153,V18_CURATED_GEOGRAPHY,HIGH,Culture générale V18.
ETAG-19149,EVT-1754,TAG-0132,V18_CURATED_SEMANTIC,HIGH,Culture générale V18.
ETAG-19150,EVT-1754,TAG-0133,V18_CURATED_SEMANTIC,HIGH,Culture générale V18.
ETAG-19151,EVT-1754,TAG-0165,V18_CURATED_GEOGRAPHY,HIGH,Culture générale V18.
ETAG-19152,EVT-1754,TAG-0153,V18_CURATED_GEOGRAPHY,HIGH,Culture générale V18.
ETAG-19159,EVT-1755,TAG-0145,V18_CURATED_SEMANTIC,HIGH,Culture générale V18.
ETAG-19160,EVT-1755,TAG-0158,V18_CURATED_GEOGRAPHY,HIGH,Culture générale V18.
ETAG-19161,EVT-1755,TAG-0153,V18_CURATED_GEOGRAPHY,HIGH,Culture générale V18.
ETAG-19168,EVT-1756,TAG-0145,V18_CURATED_SEMANTIC,HIGH,Culture générale V18.
ETAG-19169,EVT-1756,TAG-0157,V18_CURATED_GEOGRAPHY,HIGH,Culture générale V18.
ETAG-19170,EVT-1756,TAG-0154,V18_CURATED_GEOGRAPHY,HIGH,Culture générale V18.
ETAG-19177,EVT-1757,TAG-0132,V18_CURATED_SEMANTIC,HIGH,Culture générale V18.
ETAG-19178,EVT-1757,TAG-0133,V18_CURATED_SEMANTIC,HIGH,Culture générale V18.
ETAG-19179,EVT-1757,TAG-0158,V18_CURATED_GEOGRAPHY,HIGH,Culture générale V18.
ETAG-19180,EVT-1757,TAG-0154,V18_CURATED_GEOGRAPHY,HIGH,Culture générale V18.
ETAG-19187,EVT-1758,TAG-0132,V18_CURATED_SEMANTIC,HIGH,Culture générale V18.
ETAG-19188,EVT-1758,TAG-0133,V18_CURATED_SEMANTIC,HIGH,Culture générale V18.
ETAG-19189,EVT-1758,TAG-0159,V18_CURATED_GEOGRAPHY,HIGH,Culture générale V18.
ETAG-19190,EVT-1758,TAG-0154,V18_CURATED_GEOGRAPHY,HIGH,Culture générale V18.
ETAG-19197,EVT-1759,TAG-0132,V18_CURATED_SEMANTIC,HIGH,Culture générale V18.
ETAG-19198,EVT-1759,TAG-0133,V18_CURATED_SEMANTIC,HIGH,Culture générale V18.
ETAG-19199,EVT-1759,TAG-0157,V18_CURATED_GEOGRAPHY,HIGH,Culture générale V18.
ETAG-19206,EVT-1760,TAG-0132,V18_CURATED_SEMANTIC,HIGH,Culture générale V18.
ETAG-19207,EVT-1760,TAG-0133,V18_CURATED_SEMANTIC,HIGH,Culture générale V18.
ETAG-19208,EVT-1760,TAG-0154,V18_CURATED_GEOGRAPHY,HIGH,Culture générale V18.
ETAG-19209,EVT-1760,TAG-0153,V18_CURATED_GEOGRAPHY,HIGH,Culture générale V18.
ETAG-19216,EVT-1761,TAG-0145,V18_CURATED_SEMANTIC,HIGH,Culture générale V18.
ETAG-19217,EVT-1761,TAG-0129,V18_CURATED_SEMANTIC,HIGH,Culture générale V18.
ETAG-19218,EVT-1761,TAG-0153,V18_CURATED_GEOGRAPHY,HIGH,Culture générale V18.
ETAG-19225,EVT-1762,TAG-0132,V18_CURATED_SEMANTIC,HIGH,Culture générale V18.
ETAG-19226,EVT-1762,TAG-0133,V18_CURATED_SEMANTIC,HIGH,Culture générale V18.
ETAG-19227,EVT-1762,TAG-0165,V18_CURATED_GEOGRAPHY,HIGH,Culture générale V18.
ETAG-19228,EVT-1762,TAG-0153,V18_CURATED_GEOGRAPHY,HIGH,Culture générale V18.
ETAG-19235,EVT-1763,TAG-0132,V18_CURATED_SEMANTIC,HIGH,Culture générale V18.
ETAG-19236,EVT-1763,TAG-0133,V18_CURATED_SEMANTIC,HIGH,Culture générale V18.
ETAG-19237,EVT-1763,TAG-0165,V18_CURATED_GEOGRAPHY,HIGH,Culture générale V18.
ETAG-19238,EVT-1763,TAG-0153,V18_CURATED_GEOGRAPHY,HIGH,Culture générale V18.
ETAG-19245,EVT-1764,TAG-0145,V18_CURATED_SEMANTIC,HIGH,Culture générale V18.
ETAG-19246,EVT-1764,TAG-0133,V18_CURATED_SEMANTIC,HIGH,Culture générale V18.
ETAG-19247,EVT-1764,TAG-0165,V18_CURATED_GEOGRAPHY,HIGH,Culture générale V18.
ETAG-19254,EVT-1765,TAG-0145,V18_CURATED_SEMANTIC,HIGH,Culture générale V18.
ETAG-19255,EVT-1765,TAG-0157,V18_CURATED_GEOGRAPHY,HIGH,Culture générale V18.
ETAG-19256,EVT-1765,TAG-0154,V18_CURATED_GEOGRAPHY,HIGH,Culture générale V18.
ETAG-19263,EVT-1766,TAG-0145,V18_CURATED_SEMANTIC,HIGH,Culture générale V18.
ETAG-19264,EVT-1766,TAG-0198,V18_CURATED_GEOGRAPHY,HIGH,Culture générale V18.
ETAG-19265,EVT-1766,TAG-0154,V18_CURATED_GEOGRAPHY,HIGH,Culture générale V18.
ETAG-19272,EVT-1767,TAG-0106,V18_CURATED_SEMANTIC,HIGH,Culture générale V18.
ETAG-19273,EVT-1767,TAG-0107,V18_CURATED_SEMANTIC,HIGH,Culture générale V18.
ETAG-19274,EVT-1767,TAG-0165,V18_CURATED_GEOGRAPHY,HIGH,Culture générale V18.
ETAG-19281,EVT-1768,TAG-0145,V18_CURATED_SEMANTIC,HIGH,Culture générale V18.
ETAG-19282,EVT-1768,TAG-0226,V18_CURATED_GEOGRAPHY,HIGH,Culture générale V18.
ETAG-19283,EVT-1768,TAG-0227,V18_CURATED_GEOGRAPHY,HIGH,Culture générale V18.
ETAG-19290,EVT-1769,TAG-0145,V18_CURATED_SEMANTIC,HIGH,Culture générale V18.
ETAG-19291,EVT-1769,TAG-0158,V18_CURATED_GEOGRAPHY,HIGH,Culture générale V18.
ETAG-19292,EVT-1769,TAG-0154,V18_CURATED_GEOGRAPHY,HIGH,Culture générale V18.
ETAG-19299,EVT-1770,TAG-0132,V18_CURATED_SEMANTIC,HIGH,Culture générale V18.
ETAG-19300,EVT-1770,TAG-0133,V18_CURATED_SEMANTIC,HIGH,Culture générale V18.
ETAG-19301,EVT-1770,TAG-0158,V18_CURATED_GEOGRAPHY,HIGH,Culture générale V18.
ETAG-19302,EVT-1770,TAG-0154,V18_CURATED_GEOGRAPHY,HIGH,Culture générale V18.
ETAG-19309,EVT-1771,TAG-0132,V18_CURATED_SEMANTIC,HIGH,Culture générale V18.
ETAG-19310,EVT-1771,TAG-0133,V18_CURATED_SEMANTIC,HIGH,Culture générale V18.
ETAG-19311,EVT-1771,TAG-0154,V18_CURATED_GEOGRAPHY,HIGH,Culture générale V18.
ETAG-19312,EVT-1771,TAG-0153,V18_CURATED_GEOGRAPHY,HIGH,Culture générale V18.
ETAG-19319,EVT-1772,TAG-0145,V18_CURATED_SEMANTIC,HIGH,Culture générale V18.
ETAG-19320,EVT-1772,TAG-0129,V18_CURATED_SEMANTIC,HIGH,Culture générale V18.
ETAG-19321,EVT-1772,TAG-0153,V18_CURATED_GEOGRAPHY,HIGH,Culture générale V18.
ETAG-19328,EVT-1773,TAG-0132,V18_CURATED_SEMANTIC,HIGH,Culture générale V18.
ETAG-19329,EVT-1773,TAG-0133,V18_CURATED_SEMANTIC,HIGH,Culture générale V18.
ETAG-19330,EVT-1773,TAG-0165,V18_CURATED_GEOGRAPHY,HIGH,Culture générale V18.
ETAG-19331,EVT-1773,TAG-0153,V18_CURATED_GEOGRAPHY,HIGH,Culture générale V18.
ETAG-19338,EVT-1774,TAG-0132,V18_CURATED_SEMANTIC,HIGH,Culture générale V18.
ETAG-19339,EVT-1774,TAG-0133,V18_CURATED_SEMANTIC,HIGH,Culture générale V18.
ETAG-19340,EVT-1774,TAG-0165,V18_CURATED_GEOGRAPHY,HIGH,Culture générale V18.
ETAG-19341,EVT-1774,TAG-0153,V18_CURATED_GEOGRAPHY,HIGH,Culture générale V18.
ETAG-19348,EVT-1775,TAG-0132,V18_CURATED_SEMANTIC,HIGH,Culture générale V18.
ETAG-19349,EVT-1775,TAG-0133,V18_CURATED_SEMANTIC,HIGH,Culture générale V18.
ETAG-19350,EVT-1775,TAG-0165,V18_CURATED_GEOGRAPHY,HIGH,Culture générale V18.
ETAG-19351,EVT-1775,TAG-0153,V18_CURATED_GEOGRAPHY,HIGH,Culture générale V18.
ETAG-19358,EVT-1776,TAG-0145,V18_CURATED_SEMANTIC,HIGH,Culture générale V18.
ETAG-19359,EVT-1776,TAG-0133,V18_CURATED_SEMANTIC,HIGH,Culture générale V18.
ETAG-19360,EVT-1776,TAG-0165,V18_CURATED_GEOGRAPHY,HIGH,Culture générale V18.
ETAG-19367,EVT-1777,TAG-0145,V18_CURATED_SEMANTIC,HIGH,Culture générale V18.
ETAG-19368,EVT-1777,TAG-0158,V18_CURATED_GEOGRAPHY,HIGH,Culture générale V18.
ETAG-19369,EVT-1777,TAG-0154,V18_CURATED_GEOGRAPHY,HIGH,Culture générale V18.
ETAG-19376,EVT-1778,TAG-0132,V18_CURATED_SEMANTIC,HIGH,Culture générale V18.
ETAG-19377,EVT-1778,TAG-0133,V18_CURATED_SEMANTIC,HIGH,Culture générale V18.
ETAG-19378,EVT-1778,TAG-0158,V18_CURATED_GEOGRAPHY,HIGH,Culture générale V18.
ETAG-19379,EVT-1778,TAG-0154,V18_CURATED_GEOGRAPHY,HIGH,Culture générale V18.
ETAG-19386,EVT-1779,TAG-0132,V18_CURATED_SEMANTIC,HIGH,Culture générale V18.
ETAG-19387,EVT-1779,TAG-0133,V18_CURATED_SEMANTIC,HIGH,Culture générale V18.
ETAG-19388,EVT-1779,TAG-0159,V18_CURATED_GEOGRAPHY,HIGH,Culture générale V18.
ETAG-19389,EVT-1779,TAG-0154,V18_CURATED_GEOGRAPHY,HIGH,Culture générale V18.
ETAG-19396,EVT-1780,TAG-0132,V18_CURATED_SEMANTIC,HIGH,Culture générale V18.
ETAG-19397,EVT-1780,TAG-0133,V18_CURATED_SEMANTIC,HIGH,Culture générale V18.
ETAG-19398,EVT-1780,TAG-0157,V18_CURATED_GEOGRAPHY,HIGH,Culture générale V18.
ETAG-19405,EVT-1781,TAG-0145,V18_CURATED_SEMANTIC,HIGH,Culture générale V18.
ETAG-19406,EVT-1781,TAG-0184,V18_CURATED_GEOGRAPHY,HIGH,Culture générale V18.
ETAG-19407,EVT-1781,TAG-0153,V18_CURATED_GEOGRAPHY,HIGH,Culture générale V18.
ETAG-19414,EVT-1782,TAG-0145,V18_CURATED_SEMANTIC,HIGH,Culture générale V18.
ETAG-19415,EVT-1782,TAG-0129,V18_CURATED_SEMANTIC,HIGH,Culture générale V18.
ETAG-19416,EVT-1782,TAG-0153,V18_CURATED_GEOGRAPHY,HIGH,Culture générale V18.
ETAG-19423,EVT-1783,TAG-0106,V18_CURATED_SEMANTIC,HIGH,Culture générale V18.
ETAG-19424,EVT-1783,TAG-0107,V18_CURATED_SEMANTIC,HIGH,Culture générale V18.
ETAG-19425,EVT-1783,TAG-0157,V18_CURATED_GEOGRAPHY,HIGH,Culture générale V18.
ETAG-19432,EVT-1784,TAG-0132,V18_CURATED_SEMANTIC,HIGH,Culture générale V18.
ETAG-19433,EVT-1784,TAG-0133,V18_CURATED_SEMANTIC,HIGH,Culture générale V18.
ETAG-19434,EVT-1784,TAG-0165,V18_CURATED_GEOGRAPHY,HIGH,Culture générale V18.
ETAG-19435,EVT-1784,TAG-0153,V18_CURATED_GEOGRAPHY,HIGH,Culture générale V18.
ETAG-19442,EVT-1785,TAG-0132,V18_CURATED_SEMANTIC,HIGH,Culture générale V18.
ETAG-19443,EVT-1785,TAG-0133,V18_CURATED_SEMANTIC,HIGH,Culture générale V18.
ETAG-19444,EVT-1785,TAG-0165,V18_CURATED_GEOGRAPHY,HIGH,Culture générale V18.
ETAG-19445,EVT-1785,TAG-0153,V18_CURATED_GEOGRAPHY,HIGH,Culture générale V18.
ETAG-19452,EVT-1786,TAG-0132,V18_CURATED_SEMANTIC,HIGH,Culture générale V18.
ETAG-19453,EVT-1786,TAG-0133,V18_CURATED_SEMANTIC,HIGH,Culture générale V18.
ETAG-19454,EVT-1786,TAG-0165,V18_CURATED_GEOGRAPHY,HIGH,Culture générale V18.
ETAG-19455,EVT-1786,TAG-0153,V18_CURATED_GEOGRAPHY,HIGH,Culture générale V18.
ETAG-19462,EVT-1787,TAG-0145,V18_CURATED_SEMANTIC,HIGH,Culture générale V18.
ETAG-19463,EVT-1787,TAG-0157,V18_CURATED_GEOGRAPHY,HIGH,Culture générale V18.
ETAG-19464,EVT-1787,TAG-0154,V18_CURATED_GEOGRAPHY,HIGH,Culture générale V18.
ETAG-19471,EVT-1788,TAG-0145,V18_CURATED_SEMANTIC,HIGH,Culture générale V18.
ETAG-19472,EVT-1788,TAG-0165,V18_CURATED_GEOGRAPHY,HIGH,Culture générale V18.
ETAG-19473,EVT-1788,TAG-0153,V18_CURATED_GEOGRAPHY,HIGH,Culture générale V18.
ETAG-19480,EVT-1789,TAG-0132,V18_CURATED_SEMANTIC,HIGH,Culture générale V18.
ETAG-19481,EVT-1789,TAG-0133,V18_CURATED_SEMANTIC,HIGH,Culture générale V18.
ETAG-19482,EVT-1789,TAG-0159,V18_CURATED_GEOGRAPHY,HIGH,Culture générale V18.
ETAG-19483,EVT-1789,TAG-0154,V18_CURATED_GEOGRAPHY,HIGH,Culture générale V18.
ETAG-19490,EVT-1790,TAG-0132,V18_CURATED_SEMANTIC,HIGH,Culture générale V18.
ETAG-19491,EVT-1790,TAG-0133,V18_CURATED_SEMANTIC,HIGH,Culture générale V18.
ETAG-19492,EVT-1790,TAG-0157,V18_CURATED_GEOGRAPHY,HIGH,Culture générale V18.
ETAG-19499,EVT-1791,TAG-0132,V18_CURATED_SEMANTIC,HIGH,Culture générale V18.
ETAG-19500,EVT-1791,TAG-0133,V18_CURATED_SEMANTIC,HIGH,Culture générale V18.
ETAG-19501,EVT-1791,TAG-0154,V18_CURATED_GEOGRAPHY,HIGH,Culture générale V18.
ETAG-19502,EVT-1791,TAG-0153,V18_CURATED_GEOGRAPHY,HIGH,Culture générale V18.
ETAG-19509,EVT-1792,TAG-0145,V18_CURATED_SEMANTIC,HIGH,Culture générale V18.
ETAG-19510,EVT-1792,TAG-0129,V18_CURATED_SEMANTIC,HIGH,Culture générale V18.
ETAG-19511,EVT-1792,TAG-0153,V18_CURATED_GEOGRAPHY,HIGH,Culture générale V18.
ETAG-19518,EVT-1793,TAG-0132,V18_CURATED_SEMANTIC,HIGH,Culture générale V18.
ETAG-19519,EVT-1793,TAG-0133,V18_CURATED_SEMANTIC,HIGH,Culture générale V18.
ETAG-19520,EVT-1793,TAG-0165,V18_CURATED_GEOGRAPHY,HIGH,Culture générale V18.
ETAG-19521,EVT-1793,TAG-0153,V18_CURATED_GEOGRAPHY,HIGH,Culture générale V18.
ETAG-19528,EVT-1794,TAG-0132,V18_CURATED_SEMANTIC,HIGH,Culture générale V18.
ETAG-19529,EVT-1794,TAG-0133,V18_CURATED_SEMANTIC,HIGH,Culture générale V18.
ETAG-19530,EVT-1794,TAG-0165,V18_CURATED_GEOGRAPHY,HIGH,Culture générale V18.
ETAG-19531,EVT-1794,TAG-0153,V18_CURATED_GEOGRAPHY,HIGH,Culture générale V18.
ETAG-19538,EVT-1795,TAG-0145,V18_CURATED_SEMANTIC,HIGH,Culture générale V18.
ETAG-19539,EVT-1795,TAG-0226,V18_CURATED_GEOGRAPHY,HIGH,Culture générale V18.
ETAG-19540,EVT-1795,TAG-0153,V18_CURATED_GEOGRAPHY,HIGH,Culture générale V18.
ETAG-19547,EVT-1796,TAG-0145,V18_CURATED_SEMANTIC,HIGH,Culture générale V18.
ETAG-19548,EVT-1796,TAG-0133,V18_CURATED_SEMANTIC,HIGH,Culture générale V18.
ETAG-19549,EVT-1796,TAG-0165,V18_CURATED_GEOGRAPHY,HIGH,Culture générale V18.
ETAG-19556,EVT-1797,TAG-0145,V18_CURATED_SEMANTIC,HIGH,Culture générale V18.
ETAG-19557,EVT-1797,TAG-0157,V18_CURATED_GEOGRAPHY,HIGH,Culture générale V18.
ETAG-19558,EVT-1797,TAG-0154,V18_CURATED_GEOGRAPHY,HIGH,Culture générale V18.
ETAG-19565,EVT-1798,TAG-0130,V18_CURATED_SEMANTIC,HIGH,Culture générale V18.
ETAG-19566,EVT-1798,TAG-0127,V18_CURATED_SEMANTIC,HIGH,Culture générale V18.
ETAG-19567,EVT-1798,TAG-0165,V18_CURATED_GEOGRAPHY,HIGH,Culture générale V18.
ETAG-19568,EVT-1798,TAG-0153,V18_CURATED_GEOGRAPHY,HIGH,Culture générale V18.
ETAG-19575,EVT-1799,TAG-0145,V18_CURATED_SEMANTIC,HIGH,Culture générale V18.
ETAG-19576,EVT-1799,TAG-0158,V18_CURATED_GEOGRAPHY,HIGH,Culture générale V18.
ETAG-19577,EVT-1799,TAG-0154,V18_CURATED_GEOGRAPHY,HIGH,Culture générale V18.
ETAG-19584,EVT-1800,TAG-0132,V18_CURATED_SEMANTIC,HIGH,Culture générale V18.
ETAG-19585,EVT-1800,TAG-0133,V18_CURATED_SEMANTIC,HIGH,Culture générale V18.
ETAG-19586,EVT-1800,TAG-0158,V18_CURATED_GEOGRAPHY,HIGH,Culture générale V18.
ETAG-19587,EVT-1800,TAG-0154,V18_CURATED_GEOGRAPHY,HIGH,Culture générale V18.
ETAG-19594,EVT-1801,TAG-0132,V18_CURATED_SEMANTIC,HIGH,Culture générale V18.
ETAG-19595,EVT-1801,TAG-0133,V18_CURATED_SEMANTIC,HIGH,Culture générale V18.
ETAG-19596,EVT-1801,TAG-0159,V18_CURATED_GEOGRAPHY,HIGH,Culture générale V18.
ETAG-19597,EVT-1801,TAG-0154,V18_CURATED_GEOGRAPHY,HIGH,Culture générale V18.
ETAG-19604,EVT-1802,TAG-0132,V18_CURATED_SEMANTIC,HIGH,Culture générale V18.
ETAG-19605,EVT-1802,TAG-0133,V18_CURATED_SEMANTIC,HIGH,Culture générale V18.
ETAG-19606,EVT-1802,TAG-0157,V18_CURATED_GEOGRAPHY,HIGH,Culture générale V18.
ETAG-19613,EVT-1803,TAG-0132,V18_CURATED_SEMANTIC,HIGH,Culture générale V18.
ETAG-19614,EVT-1803,TAG-0133,V18_CURATED_SEMANTIC,HIGH,Culture générale V18.
ETAG-19615,EVT-1803,TAG-0154,V18_CURATED_GEOGRAPHY,HIGH,Culture générale V18.
ETAG-19616,EVT-1803,TAG-0153,V18_CURATED_GEOGRAPHY,HIGH,Culture générale V18.
ETAG-19623,EVT-1804,TAG-0132,V18_CURATED_SEMANTIC,HIGH,Culture générale V18.
ETAG-19624,EVT-1804,TAG-0133,V18_CURATED_SEMANTIC,HIGH,Culture générale V18.
ETAG-19625,EVT-1804,TAG-0165,V18_CURATED_GEOGRAPHY,HIGH,Culture générale V18.
ETAG-19626,EVT-1804,TAG-0153,V18_CURATED_GEOGRAPHY,HIGH,Culture générale V18.
ETAG-19633,EVT-1805,TAG-0132,V18_CURATED_SEMANTIC,HIGH,Culture générale V18.
ETAG-19634,EVT-1805,TAG-0133,V18_CURATED_SEMANTIC,HIGH,Culture générale V18.
ETAG-19635,EVT-1805,TAG-0165,V18_CURATED_GEOGRAPHY,HIGH,Culture générale V18.
ETAG-19636,EVT-1805,TAG-0153,V18_CURATED_GEOGRAPHY,HIGH,Culture générale V18.
ETAG-19643,EVT-1806,TAG-0132,V18_CURATED_SEMANTIC,HIGH,Culture générale V18.
ETAG-19644,EVT-1806,TAG-0133,V18_CURATED_SEMANTIC,HIGH,Culture générale V18.
ETAG-19645,EVT-1806,TAG-0165,V18_CURATED_GEOGRAPHY,HIGH,Culture générale V18.
ETAG-19646,EVT-1806,TAG-0153,V18_CURATED_GEOGRAPHY,HIGH,Culture générale V18.
ETAG-19653,EVT-1807,TAG-0145,V18_CURATED_SEMANTIC,HIGH,Culture générale V18.
ETAG-19654,EVT-1807,TAG-0161,V18_CURATED_GEOGRAPHY,HIGH,Culture générale V18.
ETAG-19655,EVT-1807,TAG-0153,V18_CURATED_GEOGRAPHY,HIGH,Culture générale V18.
ETAG-19662,EVT-1808,TAG-0145,V18_CURATED_SEMANTIC,HIGH,Culture générale V18.
ETAG-19663,EVT-1808,TAG-0133,V18_CURATED_SEMANTIC,HIGH,Culture générale V18.
ETAG-19664,EVT-1808,TAG-0165,V18_CURATED_GEOGRAPHY,HIGH,Culture générale V18.
ETAG-19671,EVT-1809,TAG-0145,V18_CURATED_SEMANTIC,HIGH,Culture générale V18.
ETAG-19672,EVT-1809,TAG-0157,V18_CURATED_GEOGRAPHY,HIGH,Culture générale V18.
ETAG-19673,EVT-1809,TAG-0154,V18_CURATED_GEOGRAPHY,HIGH,Culture générale V18.
ETAG-19680,EVT-1810,TAG-0145,V18_CURATED_SEMANTIC,HIGH,Culture générale V18.
ETAG-19681,EVT-1810,TAG-0163,V18_CURATED_GEOGRAPHY,HIGH,Culture générale V18.
ETAG-19682,EVT-1810,TAG-0154,V18_CURATED_GEOGRAPHY,HIGH,Culture générale V18.
ETAG-19689,EVT-1811,TAG-0106,V18_CURATED_SEMANTIC,HIGH,Culture générale V18.
ETAG-19690,EVT-1811,TAG-0107,V18_CURATED_SEMANTIC,HIGH,Culture générale V18.
ETAG-19691,EVT-1811,TAG-0165,V18_CURATED_GEOGRAPHY,HIGH,Culture générale V18.
ETAG-19698,EVT-1812,TAG-0132,V18_CURATED_SEMANTIC,HIGH,Culture générale V18.
ETAG-19699,EVT-1812,TAG-0133,V18_CURATED_SEMANTIC,HIGH,Culture générale V18.
ETAG-19700,EVT-1812,TAG-0158,V18_CURATED_GEOGRAPHY,HIGH,Culture générale V18.
ETAG-19701,EVT-1812,TAG-0154,V18_CURATED_GEOGRAPHY,HIGH,Culture générale V18.
ETAG-19708,EVT-1813,TAG-0132,V18_CURATED_SEMANTIC,HIGH,Culture générale V18.
ETAG-19709,EVT-1813,TAG-0133,V18_CURATED_SEMANTIC,HIGH,Culture générale V18.
ETAG-19710,EVT-1813,TAG-0154,V18_CURATED_GEOGRAPHY,HIGH,Culture générale V18.
ETAG-19711,EVT-1813,TAG-0153,V18_CURATED_GEOGRAPHY,HIGH,Culture générale V18.
ETAG-19718,EVT-1814,TAG-0145,V18_CURATED_SEMANTIC,HIGH,Culture générale V18.
ETAG-19719,EVT-1814,TAG-0129,V18_CURATED_SEMANTIC,HIGH,Culture générale V18.
ETAG-19720,EVT-1814,TAG-0153,V18_CURATED_GEOGRAPHY,HIGH,Culture générale V18.
ETAG-19727,EVT-1815,TAG-0132,V18_CURATED_SEMANTIC,HIGH,Culture générale V18.
ETAG-19728,EVT-1815,TAG-0133,V18_CURATED_SEMANTIC,HIGH,Culture générale V18.
ETAG-19729,EVT-1815,TAG-0165,V18_CURATED_GEOGRAPHY,HIGH,Culture générale V18.
ETAG-19730,EVT-1815,TAG-0153,V18_CURATED_GEOGRAPHY,HIGH,Culture générale V18.
ETAG-19737,EVT-1816,TAG-0145,V18_CURATED_SEMANTIC,HIGH,Culture générale V18.
ETAG-19738,EVT-1816,TAG-0157,V18_CURATED_GEOGRAPHY,HIGH,Culture générale V18.
ETAG-19739,EVT-1816,TAG-0154,V18_CURATED_GEOGRAPHY,HIGH,Culture générale V18.
ETAG-19746,EVT-1817,TAG-0209,V18_CURATED_SEMANTIC,HIGH,Culture générale V18.
ETAG-19747,EVT-1817,TAG-0137,V18_CURATED_SEMANTIC,HIGH,Culture générale V18.
ETAG-19748,EVT-1817,TAG-0158,V18_CURATED_GEOGRAPHY,HIGH,Culture générale V18.
ETAG-19749,EVT-1817,TAG-0154,V18_CURATED_GEOGRAPHY,HIGH,Culture générale V18.
ETAG-19756,EVT-1818,TAG-0129,V18_CURATED_SEMANTIC,HIGH,Culture générale V18.
ETAG-19757,EVT-1818,TAG-0133,V18_CURATED_SEMANTIC,HIGH,Culture générale V18.
ETAG-19758,EVT-1818,TAG-0165,V18_CURATED_GEOGRAPHY,HIGH,Culture générale V18.
ETAG-19759,EVT-1818,TAG-0153,V18_CURATED_GEOGRAPHY,HIGH,Culture générale V18.
ETAG-19766,EVT-1819,TAG-0145,V18_CURATED_SEMANTIC,HIGH,Culture générale V18.
ETAG-19767,EVT-1819,TAG-0158,V18_CURATED_GEOGRAPHY,HIGH,Culture générale V18.
ETAG-19768,EVT-1819,TAG-0154,V18_CURATED_GEOGRAPHY,HIGH,Culture générale V18.
ETAG-19775,EVT-1820,TAG-0132,V18_CURATED_SEMANTIC,HIGH,Culture générale V18.
ETAG-19776,EVT-1820,TAG-0133,V18_CURATED_SEMANTIC,HIGH,Culture générale V18.
ETAG-19777,EVT-1820,TAG-0159,V18_CURATED_GEOGRAPHY,HIGH,Culture générale V18.
ETAG-19778,EVT-1820,TAG-0154,V18_CURATED_GEOGRAPHY,HIGH,Culture générale V18.
ETAG-19785,EVT-1821,TAG-0132,V18_CURATED_SEMANTIC,HIGH,Culture générale V18.
ETAG-19786,EVT-1821,TAG-0133,V18_CURATED_SEMANTIC,HIGH,Culture générale V18.
ETAG-19787,EVT-1821,TAG-0157,V18_CURATED_GEOGRAPHY,HIGH,Culture générale V18.
ETAG-19794,EVT-1822,TAG-0132,V18_CURATED_SEMANTIC,HIGH,Culture générale V18.
ETAG-19795,EVT-1822,TAG-0133,V18_CURATED_SEMANTIC,HIGH,Culture générale V18.
ETAG-19796,EVT-1822,TAG-0154,V18_CURATED_GEOGRAPHY,HIGH,Culture générale V18.
ETAG-19797,EVT-1822,TAG-0153,V18_CURATED_GEOGRAPHY,HIGH,Culture générale V18.
ETAG-19804,EVT-1823,TAG-0145,V18_CURATED_SEMANTIC,HIGH,Culture générale V18.
ETAG-19805,EVT-1823,TAG-0159,V18_CURATED_GEOGRAPHY,HIGH,Culture générale V18.
ETAG-19806,EVT-1823,TAG-0153,V18_CURATED_GEOGRAPHY,HIGH,Culture générale V18.
ETAG-19813,EVT-1824,TAG-0145,V18_CURATED_SEMANTIC,HIGH,Culture générale V18.
ETAG-19814,EVT-1824,TAG-0129,V18_CURATED_SEMANTIC,HIGH,Culture générale V18.
ETAG-19815,EVT-1824,TAG-0153,V18_CURATED_GEOGRAPHY,HIGH,Culture générale V18.
ETAG-19822,EVT-1825,TAG-0132,V18_CURATED_SEMANTIC,HIGH,Culture générale V18.
ETAG-19823,EVT-1825,TAG-0133,V18_CURATED_SEMANTIC,HIGH,Culture générale V18.
ETAG-19824,EVT-1825,TAG-0165,V18_CURATED_GEOGRAPHY,HIGH,Culture générale V18.
ETAG-19825,EVT-1825,TAG-0153,V18_CURATED_GEOGRAPHY,HIGH,Culture générale V18.
ETAG-19832,EVT-1826,TAG-0132,V18_CURATED_SEMANTIC,HIGH,Culture générale V18.
ETAG-19833,EVT-1826,TAG-0133,V18_CURATED_SEMANTIC,HIGH,Culture générale V18.
ETAG-19834,EVT-1826,TAG-0165,V18_CURATED_GEOGRAPHY,HIGH,Culture générale V18.
ETAG-19835,EVT-1826,TAG-0153,V18_CURATED_GEOGRAPHY,HIGH,Culture générale V18.
ETAG-19842,EVT-1827,TAG-0145,V18_CURATED_SEMANTIC,HIGH,Culture générale V18.
ETAG-19843,EVT-1827,TAG-0133,V18_CURATED_SEMANTIC,HIGH,Culture générale V18.
ETAG-19844,EVT-1827,TAG-0165,V18_CURATED_GEOGRAPHY,HIGH,Culture générale V18.
ETAG-19851,EVT-1828,TAG-0145,V18_CURATED_SEMANTIC,HIGH,Culture générale V18.
ETAG-19852,EVT-1828,TAG-0157,V18_CURATED_GEOGRAPHY,HIGH,Culture générale V18.
ETAG-19853,EVT-1828,TAG-0154,V18_CURATED_GEOGRAPHY,HIGH,Culture générale V18.
ETAG-19860,EVT-1829,TAG-0127,V18_CURATED_SEMANTIC,HIGH,Culture générale V18.
ETAG-19861,EVT-1829,TAG-0130,V18_CURATED_SEMANTIC,HIGH,Culture générale V18.
ETAG-19862,EVT-1829,TAG-0153,V18_CURATED_GEOGRAPHY,HIGH,Culture générale V18.
ETAG-19869,EVT-1830,TAG-0129,V18_CURATED_SEMANTIC,HIGH,Culture générale V18.
ETAG-19870,EVT-1830,TAG-0133,V18_CURATED_SEMANTIC,HIGH,Culture générale V18.
ETAG-19871,EVT-1830,TAG-0165,V18_CURATED_GEOGRAPHY,HIGH,Culture générale V18.
ETAG-19872,EVT-1830,TAG-0153,V18_CURATED_GEOGRAPHY,HIGH,Culture générale V18.
ETAG-19879,EVT-1831,TAG-0145,V18_CURATED_SEMANTIC,HIGH,Culture générale V18.
ETAG-19880,EVT-1831,TAG-0159,V18_CURATED_GEOGRAPHY,HIGH,Culture générale V18.
ETAG-19881,EVT-1831,TAG-0153,V18_CURATED_GEOGRAPHY,HIGH,Culture générale V18.
ETAG-19888,EVT-1832,TAG-0145,V18_CURATED_SEMANTIC,HIGH,Culture générale V18.
ETAG-19889,EVT-1832,TAG-0158,V18_CURATED_GEOGRAPHY,HIGH,Culture générale V18.
ETAG-19890,EVT-1832,TAG-0154,V18_CURATED_GEOGRAPHY,HIGH,Culture générale V18.
ETAG-19897,EVT-1833,TAG-0145,V18_CURATED_SEMANTIC,HIGH,Culture générale V18.
ETAG-19898,EVT-1833,TAG-0160,V18_CURATED_GEOGRAPHY,HIGH,Culture générale V18.
ETAG-19899,EVT-1833,TAG-0153,V18_CURATED_GEOGRAPHY,HIGH,Culture générale V18.
ETAG-19906,EVT-1834,TAG-0132,V18_CURATED_SEMANTIC,HIGH,Culture générale V18.
ETAG-19907,EVT-1834,TAG-0133,V18_CURATED_SEMANTIC,HIGH,Culture générale V18.
ETAG-19908,EVT-1834,TAG-0158,V18_CURATED_GEOGRAPHY,HIGH,Culture générale V18.
ETAG-19909,EVT-1834,TAG-0154,V18_CURATED_GEOGRAPHY,HIGH,Culture générale V18.
ETAG-19916,EVT-1835,TAG-0132,V18_CURATED_SEMANTIC,HIGH,Culture générale V18.
ETAG-19917,EVT-1835,TAG-0133,V18_CURATED_SEMANTIC,HIGH,Culture générale V18.
ETAG-19918,EVT-1835,TAG-0159,V18_CURATED_GEOGRAPHY,HIGH,Culture générale V18.
ETAG-19919,EVT-1835,TAG-0154,V18_CURATED_GEOGRAPHY,HIGH,Culture générale V18.
ETAG-19926,EVT-1836,TAG-0132,V18_CURATED_SEMANTIC,HIGH,Culture générale V18.
ETAG-19927,EVT-1836,TAG-0133,V18_CURATED_SEMANTIC,HIGH,Culture générale V18.
ETAG-19928,EVT-1836,TAG-0157,V18_CURATED_GEOGRAPHY,HIGH,Culture générale V18.
ETAG-19935,EVT-1837,TAG-0145,V18_CURATED_SEMANTIC,HIGH,Culture générale V18.
ETAG-19936,EVT-1837,TAG-0129,V18_CURATED_SEMANTIC,HIGH,Culture générale V18.
ETAG-19937,EVT-1837,TAG-0153,V18_CURATED_GEOGRAPHY,HIGH,Culture générale V18.
ETAG-19944,EVT-1838,TAG-0106,V18_CURATED_SEMANTIC,HIGH,Culture générale V18.
ETAG-19945,EVT-1838,TAG-0107,V18_CURATED_SEMANTIC,HIGH,Culture générale V18.
ETAG-19946,EVT-1838,TAG-0157,V18_CURATED_GEOGRAPHY,HIGH,Culture générale V18.
ETAG-19953,EVT-1839,TAG-0132,V18_CURATED_SEMANTIC,HIGH,Culture générale V18.
ETAG-19954,EVT-1839,TAG-0133,V18_CURATED_SEMANTIC,HIGH,Culture générale V18.
ETAG-19955,EVT-1839,TAG-0165,V18_CURATED_GEOGRAPHY,HIGH,Culture générale V18.
ETAG-19956,EVT-1839,TAG-0153,V18_CURATED_GEOGRAPHY,HIGH,Culture générale V18.
ETAG-19963,EVT-1840,TAG-0132,V18_CURATED_SEMANTIC,HIGH,Culture générale V18.
ETAG-19964,EVT-1840,TAG-0133,V18_CURATED_SEMANTIC,HIGH,Culture générale V18.
ETAG-19965,EVT-1840,TAG-0165,V18_CURATED_GEOGRAPHY,HIGH,Culture générale V18.
ETAG-19966,EVT-1840,TAG-0153,V18_CURATED_GEOGRAPHY,HIGH,Culture générale V18.
ETAG-19973,EVT-1841,TAG-0132,V18_CURATED_SEMANTIC,HIGH,Culture générale V18.
ETAG-19974,EVT-1841,TAG-0133,V18_CURATED_SEMANTIC,HIGH,Culture générale V18.
ETAG-19975,EVT-1841,TAG-0165,V18_CURATED_GEOGRAPHY,HIGH,Culture générale V18.
ETAG-19976,EVT-1841,TAG-0153,V18_CURATED_GEOGRAPHY,HIGH,Culture générale V18.
ETAG-19983,EVT-1842,TAG-0145,V18_CURATED_SEMANTIC,HIGH,Culture générale V18.
ETAG-19984,EVT-1842,TAG-0157,V18_CURATED_GEOGRAPHY,HIGH,Culture générale V18.
ETAG-19985,EVT-1842,TAG-0153,V18_CURATED_GEOGRAPHY,HIGH,Culture générale V18.
ETAG-19992,EVT-1843,TAG-0145,V18_CURATED_SEMANTIC,HIGH,Culture générale V18.
ETAG-19993,EVT-1843,TAG-0133,V18_CURATED_SEMANTIC,HIGH,Culture générale V18.
ETAG-19994,EVT-1843,TAG-0165,V18_CURATED_GEOGRAPHY,HIGH,Culture générale V18.
ETAG-20001,EVT-1844,TAG-0132,V18_CURATED_SEMANTIC,HIGH,Culture générale V18.
ETAG-20002,EVT-1844,TAG-0133,V18_CURATED_SEMANTIC,HIGH,Culture générale V18.
ETAG-20003,EVT-1844,TAG-0158,V18_CURATED_GEOGRAPHY,HIGH,Culture générale V18.
ETAG-20004,EVT-1844,TAG-0154,V18_CURATED_GEOGRAPHY,HIGH,Culture générale V18.
ETAG-20011,EVT-1845,TAG-0132,V18_CURATED_SEMANTIC,HIGH,Culture générale V18.
ETAG-20012,EVT-1845,TAG-0133,V18_CURATED_SEMANTIC,HIGH,Culture générale V18.
ETAG-20013,EVT-1845,TAG-0157,V18_CURATED_GEOGRAPHY,HIGH,Culture générale V18.
ETAG-20020,EVT-1846,TAG-0132,V18_CURATED_SEMANTIC,HIGH,Culture générale V18.
ETAG-20021,EVT-1846,TAG-0133,V18_CURATED_SEMANTIC,HIGH,Culture générale V18.
ETAG-20022,EVT-1846,TAG-0154,V18_CURATED_GEOGRAPHY,HIGH,Culture générale V18.
ETAG-20023,EVT-1846,TAG-0153,V18_CURATED_GEOGRAPHY,HIGH,Culture générale V18.
ETAG-20030,EVT-1847,TAG-0145,V18_CURATED_SEMANTIC,HIGH,Culture générale V18.
ETAG-20031,EVT-1847,TAG-0129,V18_CURATED_SEMANTIC,HIGH,Culture générale V18.
ETAG-20032,EVT-1847,TAG-0153,V18_CURATED_GEOGRAPHY,HIGH,Culture générale V18.
ETAG-20039,EVT-1848,TAG-0132,V18_CURATED_SEMANTIC,HIGH,Culture générale V18.
ETAG-20040,EVT-1848,TAG-0133,V18_CURATED_SEMANTIC,HIGH,Culture générale V18.
ETAG-20041,EVT-1848,TAG-0165,V18_CURATED_GEOGRAPHY,HIGH,Culture générale V18.
ETAG-20042,EVT-1848,TAG-0153,V18_CURATED_GEOGRAPHY,HIGH,Culture générale V18.
ETAG-20049,EVT-1849,TAG-0132,V18_CURATED_SEMANTIC,HIGH,Culture générale V18.
ETAG-20050,EVT-1849,TAG-0133,V18_CURATED_SEMANTIC,HIGH,Culture générale V18.
ETAG-20051,EVT-1849,TAG-0165,V18_CURATED_GEOGRAPHY,HIGH,Culture générale V18.
ETAG-20052,EVT-1849,TAG-0153,V18_CURATED_GEOGRAPHY,HIGH,Culture générale V18.
ETAG-20059,EVT-1850,TAG-0132,V18_CURATED_SEMANTIC,HIGH,Culture générale V18.
ETAG-20060,EVT-1850,TAG-0133,V18_CURATED_SEMANTIC,HIGH,Culture générale V18.
ETAG-20061,EVT-1850,TAG-0165,V18_CURATED_GEOGRAPHY,HIGH,Culture générale V18.
ETAG-20062,EVT-1850,TAG-0153,V18_CURATED_GEOGRAPHY,HIGH,Culture générale V18.
ETAG-20069,EVT-1851,TAG-0145,V18_CURATED_SEMANTIC,HIGH,Culture générale V18.
ETAG-20070,EVT-1851,TAG-0157,V18_CURATED_GEOGRAPHY,HIGH,Culture générale V18.
ETAG-20071,EVT-1851,TAG-0154,V18_CURATED_GEOGRAPHY,HIGH,Culture générale V18.
ETAG-20078,EVT-1852,TAG-0145,V18_CURATED_SEMANTIC,HIGH,Culture générale V18.
ETAG-20079,EVT-1852,TAG-0225,V18_CURATED_GEOGRAPHY,HIGH,Culture générale V18.
ETAG-20080,EVT-1852,TAG-0154,V18_CURATED_GEOGRAPHY,HIGH,Culture générale V18.
ETAG-20087,EVT-1853,TAG-0106,V18_CURATED_SEMANTIC,HIGH,Culture générale V18.
ETAG-20088,EVT-1853,TAG-0107,V18_CURATED_SEMANTIC,HIGH,Culture générale V18.
ETAG-20089,EVT-1853,TAG-0165,V18_CURATED_GEOGRAPHY,HIGH,Culture générale V18.
ETAG-20096,EVT-1854,TAG-0145,V18_CURATED_SEMANTIC,HIGH,Culture générale V18.
ETAG-20097,EVT-1854,TAG-0166,V18_CURATED_GEOGRAPHY,HIGH,Culture générale V18.
ETAG-20098,EVT-1854,TAG-0180,V18_CURATED_GEOGRAPHY,HIGH,Culture générale V18.
ETAG-20105,EVT-1855,TAG-0145,V18_CURATED_SEMANTIC,HIGH,Culture générale V18.
ETAG-20106,EVT-1855,TAG-0158,V18_CURATED_GEOGRAPHY,HIGH,Culture générale V18.
ETAG-20107,EVT-1855,TAG-0154,V18_CURATED_GEOGRAPHY,HIGH,Culture générale V18.
ETAG-20114,EVT-1856,TAG-0132,V18_CURATED_SEMANTIC,HIGH,Culture générale V18.
ETAG-20115,EVT-1856,TAG-0133,V18_CURATED_SEMANTIC,HIGH,Culture générale V18.
ETAG-20116,EVT-1856,TAG-0159,V18_CURATED_GEOGRAPHY,HIGH,Culture générale V18.
ETAG-20117,EVT-1856,TAG-0154,V18_CURATED_GEOGRAPHY,HIGH,Culture générale V18.
ETAG-20124,EVT-1857,TAG-0132,V18_CURATED_SEMANTIC,HIGH,Culture générale V18.
ETAG-20125,EVT-1857,TAG-0133,V18_CURATED_SEMANTIC,HIGH,Culture générale V18.
ETAG-20126,EVT-1857,TAG-0154,V18_CURATED_GEOGRAPHY,HIGH,Culture générale V18.
ETAG-20127,EVT-1857,TAG-0153,V18_CURATED_GEOGRAPHY,HIGH,Culture générale V18.
ETAG-20134,EVT-1858,TAG-0132,V18_CURATED_SEMANTIC,HIGH,Culture générale V18.
ETAG-20135,EVT-1858,TAG-0133,V18_CURATED_SEMANTIC,HIGH,Culture générale V18.
ETAG-20136,EVT-1858,TAG-0165,V18_CURATED_GEOGRAPHY,HIGH,Culture générale V18.
ETAG-20137,EVT-1858,TAG-0153,V18_CURATED_GEOGRAPHY,HIGH,Culture générale V18.
ETAG-20144,EVT-1859,TAG-0132,V18_CURATED_SEMANTIC,HIGH,Culture générale V18.
ETAG-20145,EVT-1859,TAG-0133,V18_CURATED_SEMANTIC,HIGH,Culture générale V18.
ETAG-20146,EVT-1859,TAG-0165,V18_CURATED_GEOGRAPHY,HIGH,Culture générale V18.
ETAG-20147,EVT-1859,TAG-0153,V18_CURATED_GEOGRAPHY,HIGH,Culture générale V18.
ETAG-20154,EVT-1860,TAG-0145,V18_CURATED_SEMANTIC,HIGH,Culture générale V18.
ETAG-20155,EVT-1860,TAG-0133,V18_CURATED_SEMANTIC,HIGH,Culture générale V18.
ETAG-20156,EVT-1860,TAG-0165,V18_CURATED_GEOGRAPHY,HIGH,Culture générale V18.
ETAG-20163,EVT-1861,TAG-0145,V18_CURATED_SEMANTIC,HIGH,Culture générale V18.
ETAG-20164,EVT-1861,TAG-0157,V18_CURATED_GEOGRAPHY,HIGH,Culture générale V18.
ETAG-20165,EVT-1861,TAG-0154,V18_CURATED_GEOGRAPHY,HIGH,Culture générale V18.
ETAG-20172,EVT-1862,TAG-0129,V18_CURATED_SEMANTIC,HIGH,Culture générale V18.
ETAG-20173,EVT-1862,TAG-0121,V18_CURATED_SEMANTIC,HIGH,Culture générale V18.
ETAG-20174,EVT-1862,TAG-0153,V18_CURATED_GEOGRAPHY,HIGH,Culture générale V18.
ETAG-20181,EVT-1863,TAG-0106,V18_CURATED_SEMANTIC,HIGH,Culture générale V18.
ETAG-20182,EVT-1863,TAG-0107,V18_CURATED_SEMANTIC,HIGH,Culture générale V18.
ETAG-20183,EVT-1863,TAG-0165,V18_CURATED_GEOGRAPHY,HIGH,Culture générale V18.
ETAG-20184,EVT-1863,TAG-0186,V18_CURATED_GEOGRAPHY,HIGH,Culture générale V18.
ETAG-20191,EVT-1864,TAG-0128,V18_CURATED_SEMANTIC,HIGH,Culture générale V18.
ETAG-20192,EVT-1864,TAG-0135,V18_CURATED_SEMANTIC,HIGH,Culture générale V18.
ETAG-20193,EVT-1864,TAG-0153,V18_CURATED_GEOGRAPHY,HIGH,Culture générale V18.
ETAG-20200,EVT-1865,TAG-0132,V18_CURATED_SEMANTIC,HIGH,Culture générale V18.
ETAG-20201,EVT-1865,TAG-0165,V18_CURATED_GEOGRAPHY,HIGH,Culture générale V18.
ETAG-20202,EVT-1865,TAG-0153,V18_CURATED_GEOGRAPHY,HIGH,Culture générale V18.
ETAG-20209,EVT-1866,TAG-0145,V18_CURATED_SEMANTIC,HIGH,Culture générale V18.
ETAG-20210,EVT-1866,TAG-0158,V18_CURATED_GEOGRAPHY,HIGH,Culture générale V18.
ETAG-20211,EVT-1866,TAG-0154,V18_CURATED_GEOGRAPHY,HIGH,Culture générale V18.
ETAG-20218,EVT-1867,TAG-0132,V18_CURATED_SEMANTIC,HIGH,Culture générale V18.
ETAG-20219,EVT-1867,TAG-0133,V18_CURATED_SEMANTIC,HIGH,Culture générale V18.
ETAG-20220,EVT-1867,TAG-0158,V18_CURATED_GEOGRAPHY,HIGH,Culture générale V18.
ETAG-20221,EVT-1867,TAG-0154,V18_CURATED_GEOGRAPHY,HIGH,Culture générale V18.
ETAG-20228,EVT-1868,TAG-0132,V18_CURATED_SEMANTIC,HIGH,Culture générale V18.
ETAG-20229,EVT-1868,TAG-0133,V18_CURATED_SEMANTIC,HIGH,Culture générale V18.
ETAG-20230,EVT-1868,TAG-0159,V18_CURATED_GEOGRAPHY,HIGH,Culture générale V18.
ETAG-20231,EVT-1868,TAG-0154,V18_CURATED_GEOGRAPHY,HIGH,Culture générale V18.
ETAG-20238,EVT-1869,TAG-0132,V18_CURATED_SEMANTIC,HIGH,Culture générale V18.
ETAG-20239,EVT-1869,TAG-0133,V18_CURATED_SEMANTIC,HIGH,Culture générale V18.
ETAG-20240,EVT-1869,TAG-0157,V18_CURATED_GEOGRAPHY,HIGH,Culture générale V18.
ETAG-20247,EVT-1870,TAG-0132,V18_CURATED_SEMANTIC,HIGH,Culture générale V18.
ETAG-20248,EVT-1870,TAG-0133,V18_CURATED_SEMANTIC,HIGH,Culture générale V18.
ETAG-20249,EVT-1870,TAG-0154,V18_CURATED_GEOGRAPHY,HIGH,Culture générale V18.
ETAG-20250,EVT-1870,TAG-0153,V18_CURATED_GEOGRAPHY,HIGH,Culture générale V18.
ETAG-20257,EVT-1871,TAG-0145,V18_CURATED_SEMANTIC,HIGH,Culture générale V18.
ETAG-20258,EVT-1871,TAG-0238,V18_CURATED_GEOGRAPHY,HIGH,Culture générale V18.
ETAG-20259,EVT-1871,TAG-0153,V18_CURATED_GEOGRAPHY,HIGH,Culture générale V18.
ETAG-20266,EVT-1872,TAG-0145,V18_CURATED_SEMANTIC,HIGH,Culture générale V18.
ETAG-20267,EVT-1872,TAG-0129,V18_CURATED_SEMANTIC,HIGH,Culture générale V18.
ETAG-20268,EVT-1872,TAG-0153,V18_CURATED_GEOGRAPHY,HIGH,Culture générale V18.
ETAG-20275,EVT-1873,TAG-0132,V18_CURATED_SEMANTIC,HIGH,Culture générale V18.
ETAG-20276,EVT-1873,TAG-0133,V18_CURATED_SEMANTIC,HIGH,Culture générale V18.
ETAG-20277,EVT-1873,TAG-0165,V18_CURATED_GEOGRAPHY,HIGH,Culture générale V18.
ETAG-20278,EVT-1873,TAG-0153,V18_CURATED_GEOGRAPHY,HIGH,Culture générale V18.
ETAG-20285,EVT-1874,TAG-0132,V18_CURATED_SEMANTIC,HIGH,Culture générale V18.
ETAG-20286,EVT-1874,TAG-0133,V18_CURATED_SEMANTIC,HIGH,Culture générale V18.
ETAG-20287,EVT-1874,TAG-0165,V18_CURATED_GEOGRAPHY,HIGH,Culture générale V18.
ETAG-20288,EVT-1874,TAG-0153,V18_CURATED_GEOGRAPHY,HIGH,Culture générale V18.
ETAG-20295,EVT-1875,TAG-0132,V18_CURATED_SEMANTIC,HIGH,Culture générale V18.
ETAG-20296,EVT-1875,TAG-0133,V18_CURATED_SEMANTIC,HIGH,Culture générale V18.
ETAG-20297,EVT-1875,TAG-0165,V18_CURATED_GEOGRAPHY,HIGH,Culture générale V18.
ETAG-20298,EVT-1875,TAG-0153,V18_CURATED_GEOGRAPHY,HIGH,Culture générale V18.
ETAG-20305,EVT-1876,TAG-0145,V18_CURATED_SEMANTIC,HIGH,Culture générale V18.
ETAG-20306,EVT-1876,TAG-0133,V18_CURATED_SEMANTIC,HIGH,Culture générale V18.
ETAG-20307,EVT-1876,TAG-0165,V18_CURATED_GEOGRAPHY,HIGH,Culture générale V18.
ETAG-20314,EVT-1877,TAG-0145,V18_CURATED_SEMANTIC,HIGH,Culture générale V18.
ETAG-20315,EVT-1877,TAG-0157,V18_CURATED_GEOGRAPHY,HIGH,Culture générale V18.
ETAG-20316,EVT-1877,TAG-0154,V18_CURATED_GEOGRAPHY,HIGH,Culture générale V18.
ETAG-20323,EVT-1878,TAG-0145,V18_CURATED_SEMANTIC,HIGH,Culture générale V18.
ETAG-20324,EVT-1878,TAG-0238,V18_CURATED_GEOGRAPHY,HIGH,Culture générale V18.
ETAG-20325,EVT-1878,TAG-0153,V18_CURATED_GEOGRAPHY,HIGH,Culture générale V18.
ETAG-20332,EVT-1879,TAG-0145,V18_CURATED_SEMANTIC,HIGH,Culture générale V18.
ETAG-20333,EVT-1879,TAG-0217,V18_CURATED_GEOGRAPHY,HIGH,Culture générale V18.
ETAG-20334,EVT-1879,TAG-0153,V18_CURATED_GEOGRAPHY,HIGH,Culture générale V18.
ETAG-20341,EVT-1880,TAG-0132,V18_CURATED_SEMANTIC,HIGH,Culture générale V18.
ETAG-20342,EVT-1880,TAG-0133,V18_CURATED_SEMANTIC,HIGH,Culture générale V18.
ETAG-20343,EVT-1880,TAG-0158,V18_CURATED_GEOGRAPHY,HIGH,Culture générale V18.
ETAG-20344,EVT-1880,TAG-0154,V18_CURATED_GEOGRAPHY,HIGH,Culture générale V18.
ETAG-20351,EVT-1881,TAG-0132,V18_CURATED_SEMANTIC,HIGH,Culture générale V18.
ETAG-20352,EVT-1881,TAG-0133,V18_CURATED_SEMANTIC,HIGH,Culture générale V18.
ETAG-20353,EVT-1881,TAG-0159,V18_CURATED_GEOGRAPHY,HIGH,Culture générale V18.
ETAG-20354,EVT-1881,TAG-0154,V18_CURATED_GEOGRAPHY,HIGH,Culture générale V18.
ETAG-20361,EVT-1882,TAG-0132,V18_CURATED_SEMANTIC,HIGH,Culture générale V18.
ETAG-20362,EVT-1882,TAG-0133,V18_CURATED_SEMANTIC,HIGH,Culture générale V18.
ETAG-20363,EVT-1882,TAG-0157,V18_CURATED_GEOGRAPHY,HIGH,Culture générale V18.
ETAG-20370,EVT-1883,TAG-0132,V18_CURATED_SEMANTIC,HIGH,Culture générale V18.
ETAG-20371,EVT-1883,TAG-0133,V18_CURATED_SEMANTIC,HIGH,Culture générale V18.
ETAG-20372,EVT-1883,TAG-0154,V18_CURATED_GEOGRAPHY,HIGH,Culture générale V18.
ETAG-20373,EVT-1883,TAG-0153,V18_CURATED_GEOGRAPHY,HIGH,Culture générale V18.
ETAG-20380,EVT-1884,TAG-0145,V18_CURATED_SEMANTIC,HIGH,Culture générale V18.
ETAG-20381,EVT-1884,TAG-0129,V18_CURATED_SEMANTIC,HIGH,Culture générale V18.
ETAG-20382,EVT-1884,TAG-0153,V18_CURATED_GEOGRAPHY,HIGH,Culture générale V18.
ETAG-20389,EVT-1885,TAG-0132,V18_CURATED_SEMANTIC,HIGH,Culture générale V18.
ETAG-20390,EVT-1885,TAG-0133,V18_CURATED_SEMANTIC,HIGH,Culture générale V18.
ETAG-20391,EVT-1885,TAG-0165,V18_CURATED_GEOGRAPHY,HIGH,Culture générale V18.
ETAG-20392,EVT-1885,TAG-0153,V18_CURATED_GEOGRAPHY,HIGH,Culture générale V18.
ETAG-20399,EVT-1886,TAG-0145,V18_CURATED_SEMANTIC,HIGH,Culture générale V18.
ETAG-20400,EVT-1886,TAG-0229,V18_CURATED_GEOGRAPHY,HIGH,Culture générale V18.
ETAG-20401,EVT-1886,TAG-0153,V18_CURATED_GEOGRAPHY,HIGH,Culture générale V18.
ETAG-20408,EVT-1887,TAG-0145,V18_CURATED_SEMANTIC,HIGH,Culture générale V18.
ETAG-20409,EVT-1887,TAG-0157,V18_CURATED_GEOGRAPHY,HIGH,Culture générale V18.
ETAG-20410,EVT-1887,TAG-0154,V18_CURATED_GEOGRAPHY,HIGH,Culture générale V18.
ETAG-20417,EVT-1888,TAG-0129,V18_CURATED_SEMANTIC,HIGH,Culture générale V18.
ETAG-20418,EVT-1888,TAG-0132,V18_CURATED_SEMANTIC,HIGH,Culture générale V18.
ETAG-20419,EVT-1888,TAG-0165,V18_CURATED_GEOGRAPHY,HIGH,Culture générale V18.
ETAG-20420,EVT-1888,TAG-0186,V18_CURATED_GEOGRAPHY,HIGH,Culture générale V18.
ETAG-20427,EVT-1889,TAG-0145,V18_CURATED_SEMANTIC,HIGH,Culture générale V18.
ETAG-20428,EVT-1889,TAG-0158,V18_CURATED_GEOGRAPHY,HIGH,Culture générale V18.
ETAG-20429,EVT-1889,TAG-0154,V18_CURATED_GEOGRAPHY,HIGH,Culture générale V18.
ETAG-20436,EVT-1890,TAG-0132,V18_CURATED_SEMANTIC,HIGH,Culture générale V18.
ETAG-20437,EVT-1890,TAG-0133,V18_CURATED_SEMANTIC,HIGH,Culture générale V18.
ETAG-20438,EVT-1890,TAG-0158,V18_CURATED_GEOGRAPHY,HIGH,Culture générale V18.
ETAG-20439,EVT-1890,TAG-0154,V18_CURATED_GEOGRAPHY,HIGH,Culture générale V18.
ETAG-20446,EVT-1891,TAG-0132,V18_CURATED_SEMANTIC,HIGH,Culture générale V18.
ETAG-20447,EVT-1891,TAG-0133,V18_CURATED_SEMANTIC,HIGH,Culture générale V18.
ETAG-20448,EVT-1891,TAG-0157,V18_CURATED_GEOGRAPHY,HIGH,Culture générale V18.
ETAG-20455,EVT-1892,TAG-0145,V18_CURATED_SEMANTIC,HIGH,Culture générale V18.
ETAG-20456,EVT-1892,TAG-0129,V18_CURATED_SEMANTIC,HIGH,Culture générale V18.
ETAG-20457,EVT-1892,TAG-0153,V18_CURATED_GEOGRAPHY,HIGH,Culture générale V18.
ETAG-20464,EVT-1893,TAG-0106,V18_CURATED_SEMANTIC,HIGH,Culture générale V18.
ETAG-20465,EVT-1893,TAG-0107,V18_CURATED_SEMANTIC,HIGH,Culture générale V18.
ETAG-20466,EVT-1893,TAG-0157,V18_CURATED_GEOGRAPHY,HIGH,Culture générale V18.
ETAG-20473,EVT-1894,TAG-0132,V18_CURATED_SEMANTIC,HIGH,Culture générale V18.
ETAG-20474,EVT-1894,TAG-0133,V18_CURATED_SEMANTIC,HIGH,Culture générale V18.
ETAG-20475,EVT-1894,TAG-0165,V18_CURATED_GEOGRAPHY,HIGH,Culture générale V18.
ETAG-20476,EVT-1894,TAG-0153,V18_CURATED_GEOGRAPHY,HIGH,Culture générale V18.
ETAG-20483,EVT-1895,TAG-0132,V18_CURATED_SEMANTIC,HIGH,Culture générale V18.
ETAG-20484,EVT-1895,TAG-0133,V18_CURATED_SEMANTIC,HIGH,Culture générale V18.
ETAG-20485,EVT-1895,TAG-0165,V18_CURATED_GEOGRAPHY,HIGH,Culture générale V18.
ETAG-20486,EVT-1895,TAG-0153,V18_CURATED_GEOGRAPHY,HIGH,Culture générale V18.
ETAG-20493,EVT-1896,TAG-0132,V18_CURATED_SEMANTIC,HIGH,Culture générale V18.
ETAG-20494,EVT-1896,TAG-0133,V18_CURATED_SEMANTIC,HIGH,Culture générale V18.
ETAG-20495,EVT-1896,TAG-0165,V18_CURATED_GEOGRAPHY,HIGH,Culture générale V18.
ETAG-20496,EVT-1896,TAG-0153,V18_CURATED_GEOGRAPHY,HIGH,Culture générale V18.
ETAG-20503,EVT-1897,TAG-0145,V18_CURATED_SEMANTIC,HIGH,Culture générale V18.
ETAG-20504,EVT-1897,TAG-0133,V18_CURATED_SEMANTIC,HIGH,Culture générale V18.
ETAG-20505,EVT-1897,TAG-0165,V18_CURATED_GEOGRAPHY,HIGH,Culture générale V18.
ETAG-20512,EVT-1898,TAG-0145,V18_CURATED_SEMANTIC,HIGH,Culture générale V18.
ETAG-20513,EVT-1898,TAG-0204,V18_CURATED_GEOGRAPHY,HIGH,Culture générale V18.
ETAG-20514,EVT-1898,TAG-0154,V18_CURATED_GEOGRAPHY,HIGH,Culture générale V18.
ETAG-20521,EVT-1899,TAG-0106,V18_CURATED_SEMANTIC,HIGH,Culture générale V18.
ETAG-20522,EVT-1899,TAG-0107,V18_CURATED_SEMANTIC,HIGH,Culture générale V18.
ETAG-20523,EVT-1899,TAG-0165,V18_CURATED_GEOGRAPHY,HIGH,Culture générale V18.
ETAG-20530,EVT-1900,TAG-0130,V18_CURATED_SEMANTIC,HIGH,Culture générale V18.
ETAG-20531,EVT-1900,TAG-0127,V18_CURATED_SEMANTIC,HIGH,Culture générale V18.
ETAG-20532,EVT-1900,TAG-0153,V18_CURATED_GEOGRAPHY,HIGH,Culture générale V18.
ETAG-20539,EVT-1901,TAG-0132,V18_CURATED_SEMANTIC,HIGH,Culture générale V18.
ETAG-20540,EVT-1901,TAG-0133,V18_CURATED_SEMANTIC,HIGH,Culture générale V18.
ETAG-20541,EVT-1901,TAG-0153,V18_CURATED_GEOGRAPHY,HIGH,Culture générale V18.
ETAG-20548,EVT-1902,TAG-0145,V18_CURATED_SEMANTIC,HIGH,Culture générale V18.
ETAG-20549,EVT-1902,TAG-0158,V18_CURATED_GEOGRAPHY,HIGH,Culture générale V18.
ETAG-20550,EVT-1902,TAG-0154,V18_CURATED_GEOGRAPHY,HIGH,Culture générale V18.
ETAG-20557,EVT-1903,TAG-0132,V18_CURATED_SEMANTIC,HIGH,Culture générale V18.
ETAG-20558,EVT-1903,TAG-0133,V18_CURATED_SEMANTIC,HIGH,Culture générale V18.
ETAG-20559,EVT-1903,TAG-0159,V18_CURATED_GEOGRAPHY,HIGH,Culture générale V18.
ETAG-20560,EVT-1903,TAG-0154,V18_CURATED_GEOGRAPHY,HIGH,Culture générale V18.
ETAG-20567,EVT-1904,TAG-0132,V18_CURATED_SEMANTIC,HIGH,Culture générale V18.
ETAG-20568,EVT-1904,TAG-0133,V18_CURATED_SEMANTIC,HIGH,Culture générale V18.
ETAG-20569,EVT-1904,TAG-0157,V18_CURATED_GEOGRAPHY,HIGH,Culture générale V18.
ETAG-20576,EVT-1905,TAG-0132,V18_CURATED_SEMANTIC,HIGH,Culture générale V18.
ETAG-20577,EVT-1905,TAG-0133,V18_CURATED_SEMANTIC,HIGH,Culture générale V18.
ETAG-20578,EVT-1905,TAG-0154,V18_CURATED_GEOGRAPHY,HIGH,Culture générale V18.
ETAG-20579,EVT-1905,TAG-0153,V18_CURATED_GEOGRAPHY,HIGH,Culture générale V18.
ETAG-20586,EVT-1906,TAG-0132,V18_CURATED_SEMANTIC,HIGH,Culture générale V18.
ETAG-20587,EVT-1906,TAG-0133,V18_CURATED_SEMANTIC,HIGH,Culture générale V18.
ETAG-20588,EVT-1906,TAG-0165,V18_CURATED_GEOGRAPHY,HIGH,Culture générale V18.
ETAG-20589,EVT-1906,TAG-0153,V18_CURATED_GEOGRAPHY,HIGH,Culture générale V18.
ETAG-20596,EVT-1907,TAG-0132,V18_CURATED_SEMANTIC,HIGH,Culture générale V18.
ETAG-20597,EVT-1907,TAG-0133,V18_CURATED_SEMANTIC,HIGH,Culture générale V18.
ETAG-20598,EVT-1907,TAG-0165,V18_CURATED_GEOGRAPHY,HIGH,Culture générale V18.
ETAG-20599,EVT-1907,TAG-0153,V18_CURATED_GEOGRAPHY,HIGH,Culture générale V18.
ETAG-20606,EVT-1908,TAG-0145,V18_CURATED_SEMANTIC,HIGH,Culture générale V18.
ETAG-20607,EVT-1908,TAG-0133,V18_CURATED_SEMANTIC,HIGH,Culture générale V18.
ETAG-20608,EVT-1908,TAG-0165,V18_CURATED_GEOGRAPHY,HIGH,Culture générale V18.
ETAG-20615,EVT-1909,TAG-0145,V18_CURATED_SEMANTIC,HIGH,Culture générale V18.
ETAG-20616,EVT-1909,TAG-0157,V18_CURATED_GEOGRAPHY,HIGH,Culture générale V18.
ETAG-20617,EVT-1909,TAG-0154,V18_CURATED_GEOGRAPHY,HIGH,Culture générale V18.
ETAG-20624,EVT-1910,TAG-0130,V18_CURATED_SEMANTIC,HIGH,Culture générale V18.
ETAG-20625,EVT-1910,TAG-0127,V18_CURATED_SEMANTIC,HIGH,Culture générale V18.
ETAG-20626,EVT-1910,TAG-0168,V18_CURATED_GEOGRAPHY,HIGH,Culture générale V18.
ETAG-20627,EVT-1910,TAG-0180,V18_CURATED_GEOGRAPHY,HIGH,Culture générale V18.
ETAG-20634,EVT-1911,TAG-0145,V18_CURATED_SEMANTIC,HIGH,Culture générale V18.
ETAG-20635,EVT-1911,TAG-0158,V18_CURATED_GEOGRAPHY,HIGH,Culture générale V18.
ETAG-20636,EVT-1911,TAG-0154,V18_CURATED_GEOGRAPHY,HIGH,Culture générale V18.
ETAG-20643,EVT-1912,TAG-0132,V18_CURATED_SEMANTIC,HIGH,Culture générale V18.
ETAG-20644,EVT-1912,TAG-0133,V18_CURATED_SEMANTIC,HIGH,Culture générale V18.
ETAG-20645,EVT-1912,TAG-0158,V18_CURATED_GEOGRAPHY,HIGH,Culture générale V18.
ETAG-20646,EVT-1912,TAG-0154,V18_CURATED_GEOGRAPHY,HIGH,Culture générale V18.
ETAG-20653,EVT-1913,TAG-0132,V18_CURATED_SEMANTIC,HIGH,Culture générale V18.
ETAG-20654,EVT-1913,TAG-0133,V18_CURATED_SEMANTIC,HIGH,Culture générale V18.
ETAG-20655,EVT-1913,TAG-0159,V18_CURATED_GEOGRAPHY,HIGH,Culture générale V18.
ETAG-20656,EVT-1913,TAG-0154,V18_CURATED_GEOGRAPHY,HIGH,Culture générale V18.
ETAG-20663,EVT-1914,TAG-0132,V18_CURATED_SEMANTIC,HIGH,Culture générale V18.
ETAG-20664,EVT-1914,TAG-0133,V18_CURATED_SEMANTIC,HIGH,Culture générale V18.
ETAG-20665,EVT-1914,TAG-0154,V18_CURATED_GEOGRAPHY,HIGH,Culture générale V18.
ETAG-20666,EVT-1914,TAG-0153,V18_CURATED_GEOGRAPHY,HIGH,Culture générale V18.
ETAG-20673,EVT-1915,TAG-0145,V18_CURATED_SEMANTIC,HIGH,Culture générale V18.
ETAG-20674,EVT-1915,TAG-0219,V18_CURATED_GEOGRAPHY,HIGH,Culture générale V18.
ETAG-20675,EVT-1915,TAG-0153,V18_CURATED_GEOGRAPHY,HIGH,Culture générale V18.
ETAG-20682,EVT-1916,TAG-0145,V18_CURATED_SEMANTIC,HIGH,Culture générale V18.
ETAG-20683,EVT-1916,TAG-0129,V18_CURATED_SEMANTIC,HIGH,Culture générale V18.
ETAG-20684,EVT-1916,TAG-0153,V18_CURATED_GEOGRAPHY,HIGH,Culture générale V18.
ETAG-20691,EVT-1917,TAG-0132,V18_CURATED_SEMANTIC,HIGH,Culture générale V18.
ETAG-20692,EVT-1917,TAG-0133,V18_CURATED_SEMANTIC,HIGH,Culture générale V18.
ETAG-20693,EVT-1917,TAG-0165,V18_CURATED_GEOGRAPHY,HIGH,Culture générale V18.
ETAG-20694,EVT-1917,TAG-0153,V18_CURATED_GEOGRAPHY,HIGH,Culture générale V18.
ETAG-20701,EVT-1918,TAG-0132,V18_CURATED_SEMANTIC,HIGH,Culture générale V18.
ETAG-20702,EVT-1918,TAG-0133,V18_CURATED_SEMANTIC,HIGH,Culture générale V18.
ETAG-20703,EVT-1918,TAG-0165,V18_CURATED_GEOGRAPHY,HIGH,Culture générale V18.
ETAG-20704,EVT-1918,TAG-0153,V18_CURATED_GEOGRAPHY,HIGH,Culture générale V18.
ETAG-20711,EVT-1919,TAG-0132,V18_CURATED_SEMANTIC,HIGH,Culture générale V18.
ETAG-20712,EVT-1919,TAG-0133,V18_CURATED_SEMANTIC,HIGH,Culture générale V18.
ETAG-20713,EVT-1919,TAG-0165,V18_CURATED_GEOGRAPHY,HIGH,Culture générale V18.
ETAG-20714,EVT-1919,TAG-0153,V18_CURATED_GEOGRAPHY,HIGH,Culture générale V18.
ETAG-20721,EVT-1920,TAG-0145,V18_CURATED_SEMANTIC,HIGH,Culture générale V18.
ETAG-20722,EVT-1920,TAG-0157,V18_CURATED_GEOGRAPHY,HIGH,Culture générale V18.
ETAG-20723,EVT-1920,TAG-0154,V18_CURATED_GEOGRAPHY,HIGH,Culture générale V18.
ETAG-20730,EVT-1921,TAG-0128,V18_CURATED_SEMANTIC,HIGH,Culture générale V18.
ETAG-20731,EVT-1921,TAG-0135,V18_CURATED_SEMANTIC,HIGH,Culture générale V18.
ETAG-20732,EVT-1921,TAG-0174,V18_CURATED_GEOGRAPHY,HIGH,Culture générale V18.
ETAG-20733,EVT-1921,TAG-0153,V18_CURATED_GEOGRAPHY,HIGH,Culture générale V18.
ETAG-20740,EVT-1922,TAG-0145,V18_CURATED_SEMANTIC,HIGH,Culture générale V18.
ETAG-20741,EVT-1922,TAG-0219,V18_CURATED_GEOGRAPHY,HIGH,Culture générale V18.
ETAG-20742,EVT-1922,TAG-0153,V18_CURATED_GEOGRAPHY,HIGH,Culture générale V18.
ETAG-20749,EVT-1923,TAG-0145,V18_CURATED_SEMANTIC,HIGH,Culture générale V18.
ETAG-20750,EVT-1923,TAG-0158,V18_CURATED_GEOGRAPHY,HIGH,Culture générale V18.
ETAG-20751,EVT-1923,TAG-0154,V18_CURATED_GEOGRAPHY,HIGH,Culture générale V18.
ETAG-20758,EVT-1924,TAG-0145,V18_CURATED_SEMANTIC,HIGH,Culture générale V18.
ETAG-20759,EVT-1924,TAG-0164,V18_CURATED_GEOGRAPHY,HIGH,Culture générale V18.
ETAG-20760,EVT-1924,TAG-0153,V18_CURATED_GEOGRAPHY,HIGH,Culture générale V18.
ETAG-20767,EVT-1925,TAG-0132,V18_CURATED_SEMANTIC,HIGH,Culture générale V18.
ETAG-20768,EVT-1925,TAG-0133,V18_CURATED_SEMANTIC,HIGH,Culture générale V18.
ETAG-20769,EVT-1925,TAG-0158,V18_CURATED_GEOGRAPHY,HIGH,Culture générale V18.
ETAG-20770,EVT-1925,TAG-0154,V18_CURATED_GEOGRAPHY,HIGH,Culture générale V18.
ETAG-20777,EVT-1926,TAG-0132,V18_CURATED_SEMANTIC,HIGH,Culture générale V18.
ETAG-20778,EVT-1926,TAG-0133,V18_CURATED_SEMANTIC,HIGH,Culture générale V18.
ETAG-20779,EVT-1926,TAG-0159,V18_CURATED_GEOGRAPHY,HIGH,Culture générale V18.
ETAG-20780,EVT-1926,TAG-0154,V18_CURATED_GEOGRAPHY,HIGH,Culture générale V18.
ETAG-20787,EVT-1927,TAG-0132,V18_CURATED_SEMANTIC,HIGH,Culture générale V18.
ETAG-20788,EVT-1927,TAG-0133,V18_CURATED_SEMANTIC,HIGH,Culture générale V18.
ETAG-20789,EVT-1927,TAG-0157,V18_CURATED_GEOGRAPHY,HIGH,Culture générale V18.
ETAG-20796,EVT-1928,TAG-0132,V18_CURATED_SEMANTIC,HIGH,Culture générale V18.
ETAG-20797,EVT-1928,TAG-0133,V18_CURATED_SEMANTIC,HIGH,Culture générale V18.
ETAG-20798,EVT-1928,TAG-0154,V18_CURATED_GEOGRAPHY,HIGH,Culture générale V18.
ETAG-20799,EVT-1928,TAG-0153,V18_CURATED_GEOGRAPHY,HIGH,Culture générale V18.
ETAG-20806,EVT-1929,TAG-0145,V18_CURATED_SEMANTIC,HIGH,Culture générale V18.
ETAG-20807,EVT-1929,TAG-0129,V18_CURATED_SEMANTIC,HIGH,Culture générale V18.
ETAG-20808,EVT-1929,TAG-0153,V18_CURATED_GEOGRAPHY,HIGH,Culture générale V18.
ETAG-20815,EVT-1930,TAG-0132,V18_CURATED_SEMANTIC,HIGH,Culture générale V18.
ETAG-20816,EVT-1930,TAG-0133,V18_CURATED_SEMANTIC,HIGH,Culture générale V18.
ETAG-20817,EVT-1930,TAG-0165,V18_CURATED_GEOGRAPHY,HIGH,Culture générale V18.
ETAG-20818,EVT-1930,TAG-0153,V18_CURATED_GEOGRAPHY,HIGH,Culture générale V18.
ETAG-20825,EVT-1931,TAG-0132,V18_CURATED_SEMANTIC,HIGH,Culture générale V18.
ETAG-20826,EVT-1931,TAG-0133,V18_CURATED_SEMANTIC,HIGH,Culture générale V18.
ETAG-20827,EVT-1931,TAG-0165,V18_CURATED_GEOGRAPHY,HIGH,Culture générale V18.
ETAG-20828,EVT-1931,TAG-0153,V18_CURATED_GEOGRAPHY,HIGH,Culture générale V18.
ETAG-20835,EVT-1932,TAG-0145,V18_CURATED_SEMANTIC,HIGH,Culture générale V18.
ETAG-20836,EVT-1932,TAG-0158,V18_CURATED_GEOGRAPHY,HIGH,Culture générale V18.
ETAG-20837,EVT-1932,TAG-0153,V18_CURATED_GEOGRAPHY,HIGH,Culture générale V18.
ETAG-20844,EVT-1933,TAG-0145,V18_CURATED_SEMANTIC,HIGH,Culture générale V18.
ETAG-20845,EVT-1933,TAG-0133,V18_CURATED_SEMANTIC,HIGH,Culture générale V18.
ETAG-20846,EVT-1933,TAG-0165,V18_CURATED_GEOGRAPHY,HIGH,Culture générale V18.
ETAG-20853,EVT-1934,TAG-0145,V18_CURATED_SEMANTIC,HIGH,Culture générale V18.
ETAG-20854,EVT-1934,TAG-0157,V18_CURATED_GEOGRAPHY,HIGH,Culture générale V18.
ETAG-20855,EVT-1934,TAG-0154,V18_CURATED_GEOGRAPHY,HIGH,Culture générale V18.
ETAG-20862,EVT-1935,TAG-0132,V18_CURATED_SEMANTIC,HIGH,Culture générale V18.
ETAG-20863,EVT-1935,TAG-0133,V18_CURATED_SEMANTIC,HIGH,Culture générale V18.
ETAG-20864,EVT-1935,TAG-0157,V18_CURATED_GEOGRAPHY,HIGH,Culture générale V18.
ETAG-20871,EVT-1936,TAG-0132,V18_CURATED_SEMANTIC,HIGH,Culture générale V18.
ETAG-20872,EVT-1936,TAG-0133,V18_CURATED_SEMANTIC,HIGH,Culture générale V18.
ETAG-20873,EVT-1936,TAG-0154,V18_CURATED_GEOGRAPHY,HIGH,Culture générale V18.
ETAG-20874,EVT-1936,TAG-0153,V18_CURATED_GEOGRAPHY,HIGH,Culture générale V18.
ETAG-20881,EVT-1937,TAG-0145,V18_CURATED_SEMANTIC,HIGH,Culture générale V18.
ETAG-20882,EVT-1937,TAG-0129,V18_CURATED_SEMANTIC,HIGH,Culture générale V18.
ETAG-20883,EVT-1937,TAG-0153,V18_CURATED_GEOGRAPHY,HIGH,Culture générale V18.
ETAG-20890,EVT-1938,TAG-0132,V18_CURATED_SEMANTIC,HIGH,Culture générale V18.
ETAG-20891,EVT-1938,TAG-0133,V18_CURATED_SEMANTIC,HIGH,Culture générale V18.
ETAG-20892,EVT-1938,TAG-0165,V18_CURATED_GEOGRAPHY,HIGH,Culture générale V18.
ETAG-20893,EVT-1938,TAG-0153,V18_CURATED_GEOGRAPHY,HIGH,Culture générale V18.
ETAG-20900,EVT-1939,TAG-0132,V18_CURATED_SEMANTIC,HIGH,Culture générale V18.
ETAG-20901,EVT-1939,TAG-0133,V18_CURATED_SEMANTIC,HIGH,Culture générale V18.
ETAG-20902,EVT-1939,TAG-0165,V18_CURATED_GEOGRAPHY,HIGH,Culture générale V18.
ETAG-20903,EVT-1939,TAG-0153,V18_CURATED_GEOGRAPHY,HIGH,Culture générale V18.
ETAG-20910,EVT-1940,TAG-0132,V18_CURATED_SEMANTIC,HIGH,Culture générale V18.
ETAG-20911,EVT-1940,TAG-0133,V18_CURATED_SEMANTIC,HIGH,Culture générale V18.
ETAG-20912,EVT-1940,TAG-0165,V18_CURATED_GEOGRAPHY,HIGH,Culture générale V18.
ETAG-20913,EVT-1940,TAG-0153,V18_CURATED_GEOGRAPHY,HIGH,Culture générale V18.
ETAG-20920,EVT-1941,TAG-0145,V18_CURATED_SEMANTIC,HIGH,Culture générale V18.
ETAG-20921,EVT-1941,TAG-0219,V18_CURATED_GEOGRAPHY,HIGH,Culture générale V18.
ETAG-20922,EVT-1941,TAG-0153,V18_CURATED_GEOGRAPHY,HIGH,Culture générale V18.
ETAG-20929,EVT-1942,TAG-0145,V18_CURATED_SEMANTIC,HIGH,Culture générale V18.
ETAG-20930,EVT-1942,TAG-0133,V18_CURATED_SEMANTIC,HIGH,Culture générale V18.
ETAG-20931,EVT-1942,TAG-0165,V18_CURATED_GEOGRAPHY,HIGH,Culture générale V18.
ETAG-20938,EVT-1943,TAG-0145,V18_CURATED_SEMANTIC,HIGH,Culture générale V18.
ETAG-20939,EVT-1943,TAG-0157,V18_CURATED_GEOGRAPHY,HIGH,Culture générale V18.
ETAG-20940,EVT-1943,TAG-0154,V18_CURATED_GEOGRAPHY,HIGH,Culture générale V18.
ETAG-20947,EVT-1944,TAG-0145,V18_CURATED_SEMANTIC,HIGH,Culture générale V18.
ETAG-20948,EVT-1944,TAG-0157,V18_CURATED_GEOGRAPHY,HIGH,Culture générale V18.
ETAG-20949,EVT-1944,TAG-0154,V18_CURATED_GEOGRAPHY,HIGH,Culture générale V18.
ETAG-20956,EVT-1945,TAG-0106,V18_CURATED_SEMANTIC,HIGH,Culture générale V18.
ETAG-20957,EVT-1945,TAG-0107,V18_CURATED_SEMANTIC,HIGH,Culture générale V18.
ETAG-20958,EVT-1945,TAG-0165,V18_CURATED_GEOGRAPHY,HIGH,Culture générale V18.
ETAG-20965,EVT-1946,TAG-0145,V18_CURATED_SEMANTIC,HIGH,Culture générale V18.
ETAG-20966,EVT-1946,TAG-0158,V18_CURATED_GEOGRAPHY,HIGH,Culture générale V18.
ETAG-20967,EVT-1946,TAG-0154,V18_CURATED_GEOGRAPHY,HIGH,Culture générale V18.
ETAG-20974,EVT-1947,TAG-0145,V18_CURATED_SEMANTIC,HIGH,Culture générale V18.
ETAG-20975,EVT-1947,TAG-0158,V18_CURATED_GEOGRAPHY,HIGH,Culture générale V18.
ETAG-20976,EVT-1947,TAG-0154,V18_CURATED_GEOGRAPHY,HIGH,Culture générale V18.
ETAG-20983,EVT-1948,TAG-0132,V18_CURATED_SEMANTIC,HIGH,Culture générale V18.
ETAG-20984,EVT-1948,TAG-0133,V18_CURATED_SEMANTIC,HIGH,Culture générale V18.
ETAG-20985,EVT-1948,TAG-0158,V18_CURATED_GEOGRAPHY,HIGH,Culture générale V18.
ETAG-20986,EVT-1948,TAG-0154,V18_CURATED_GEOGRAPHY,HIGH,Culture générale V18.
ETAG-20993,EVT-1949,TAG-0132,V18_CURATED_SEMANTIC,HIGH,Culture générale V18.
ETAG-20994,EVT-1949,TAG-0133,V18_CURATED_SEMANTIC,HIGH,Culture générale V18.
ETAG-20995,EVT-1949,TAG-0159,V18_CURATED_GEOGRAPHY,HIGH,Culture générale V18.
ETAG-20996,EVT-1949,TAG-0154,V18_CURATED_GEOGRAPHY,HIGH,Culture générale V18.
ETAG-21003,EVT-1950,TAG-0132,V18_CURATED_SEMANTIC,HIGH,Culture générale V18.
ETAG-21004,EVT-1950,TAG-0133,V18_CURATED_SEMANTIC,HIGH,Culture générale V18.
ETAG-21005,EVT-1950,TAG-0157,V18_CURATED_GEOGRAPHY,HIGH,Culture générale V18.
ETAG-21012,EVT-1951,TAG-0145,V18_CURATED_SEMANTIC,HIGH,Culture générale V18.
ETAG-21013,EVT-1951,TAG-0129,V18_CURATED_SEMANTIC,HIGH,Culture générale V18.
ETAG-21014,EVT-1951,TAG-0153,V18_CURATED_GEOGRAPHY,HIGH,Culture générale V18.
ETAG-21021,EVT-1952,TAG-0106,V18_CURATED_SEMANTIC,HIGH,Culture générale V18.
ETAG-21022,EVT-1952,TAG-0107,V18_CURATED_SEMANTIC,HIGH,Culture générale V18.
ETAG-21023,EVT-1952,TAG-0157,V18_CURATED_GEOGRAPHY,HIGH,Culture générale V18.
ETAG-21030,EVT-1953,TAG-0132,V18_CURATED_SEMANTIC,HIGH,Culture générale V18.
ETAG-21031,EVT-1953,TAG-0133,V18_CURATED_SEMANTIC,HIGH,Culture générale V18.
ETAG-21032,EVT-1953,TAG-0165,V18_CURATED_GEOGRAPHY,HIGH,Culture générale V18.
ETAG-21033,EVT-1953,TAG-0153,V18_CURATED_GEOGRAPHY,HIGH,Culture générale V18.
ETAG-21040,EVT-1954,TAG-0125,V18_CURATED_SEMANTIC,HIGH,Culture générale V18.
ETAG-21041,EVT-1954,TAG-0110,V18_CURATED_SEMANTIC,HIGH,Culture générale V18.
ETAG-21042,EVT-1954,TAG-0133,V18_CURATED_SEMANTIC,HIGH,Culture générale V18.
ETAG-21043,EVT-1954,TAG-0165,V18_CURATED_GEOGRAPHY,HIGH,Culture générale V18.
ETAG-21044,EVT-1954,TAG-0153,V18_CURATED_GEOGRAPHY,HIGH,Culture générale V18.
ETAG-21051,EVT-1955,TAG-0106,V18_CURATED_SEMANTIC,HIGH,Culture générale V18.
ETAG-21052,EVT-1955,TAG-0108,V18_CURATED_SEMANTIC,HIGH,Culture générale V18.
ETAG-21053,EVT-1955,TAG-0162,V18_CURATED_GEOGRAPHY,HIGH,Culture générale V18.
ETAG-21054,EVT-1955,TAG-0154,V18_CURATED_GEOGRAPHY,HIGH,Culture générale V18.
ETAG-21061,EVT-1956,TAG-0132,V18_CURATED_SEMANTIC,HIGH,Culture générale V18.
ETAG-21062,EVT-1956,TAG-0133,V18_CURATED_SEMANTIC,HIGH,Culture générale V18.
ETAG-21063,EVT-1956,TAG-0158,V18_CURATED_GEOGRAPHY,HIGH,Culture générale V18.
ETAG-21064,EVT-1956,TAG-0154,V18_CURATED_GEOGRAPHY,HIGH,Culture générale V18.
ETAG-21071,EVT-1957,TAG-0132,V18_CURATED_SEMANTIC,HIGH,Culture générale V18.
ETAG-21072,EVT-1957,TAG-0133,V18_CURATED_SEMANTIC,HIGH,Culture générale V18.
ETAG-21073,EVT-1957,TAG-0159,V18_CURATED_GEOGRAPHY,HIGH,Culture générale V18.
ETAG-21074,EVT-1957,TAG-0154,V18_CURATED_GEOGRAPHY,HIGH,Culture générale V18.
ETAG-21081,EVT-1958,TAG-0132,V18_CURATED_SEMANTIC,HIGH,Culture générale V18.
ETAG-21082,EVT-1958,TAG-0133,V18_CURATED_SEMANTIC,HIGH,Culture générale V18.
ETAG-21083,EVT-1958,TAG-0154,V18_CURATED_GEOGRAPHY,HIGH,Culture générale V18.
ETAG-21084,EVT-1958,TAG-0153,V18_CURATED_GEOGRAPHY,HIGH,Culture générale V18.
ETAG-21091,EVT-1959,TAG-0145,V18_CURATED_SEMANTIC,HIGH,Culture générale V18.
ETAG-21092,EVT-1959,TAG-0164,V18_CURATED_GEOGRAPHY,HIGH,Culture générale V18.
ETAG-21093,EVT-1959,TAG-0153,V18_CURATED_GEOGRAPHY,HIGH,Culture générale V18.
ETAG-21100,EVT-1960,TAG-0132,V18_CURATED_SEMANTIC,HIGH,Culture générale V18.
ETAG-21101,EVT-1960,TAG-0133,V18_CURATED_SEMANTIC,HIGH,Culture générale V18.
ETAG-21102,EVT-1960,TAG-0165,V18_CURATED_GEOGRAPHY,HIGH,Culture générale V18.
ETAG-21103,EVT-1960,TAG-0153,V18_CURATED_GEOGRAPHY,HIGH,Culture générale V18.
ETAG-21110,EVT-1961,TAG-0132,V18_CURATED_SEMANTIC,HIGH,Culture générale V18.
ETAG-21111,EVT-1961,TAG-0133,V18_CURATED_SEMANTIC,HIGH,Culture générale V18.
ETAG-21112,EVT-1961,TAG-0165,V18_CURATED_GEOGRAPHY,HIGH,Culture générale V18.
ETAG-21113,EVT-1961,TAG-0153,V18_CURATED_GEOGRAPHY,HIGH,Culture générale V18.
ETAG-21120,EVT-1962,TAG-0132,V18_CURATED_SEMANTIC,HIGH,Culture générale V18.
ETAG-21121,EVT-1962,TAG-0133,V18_CURATED_SEMANTIC,HIGH,Culture générale V18.
ETAG-21122,EVT-1962,TAG-0165,V18_CURATED_GEOGRAPHY,HIGH,Culture générale V18.
ETAG-21123,EVT-1962,TAG-0153,V18_CURATED_GEOGRAPHY,HIGH,Culture générale V18.
ETAG-21130,EVT-1963,TAG-0145,V18_CURATED_SEMANTIC,HIGH,Culture générale V18.
ETAG-21131,EVT-1963,TAG-0133,V18_CURATED_SEMANTIC,HIGH,Culture générale V18.
ETAG-21132,EVT-1963,TAG-0165,V18_CURATED_GEOGRAPHY,HIGH,Culture générale V18.
ETAG-21139,EVT-1964,TAG-0145,V18_CURATED_SEMANTIC,HIGH,Culture générale V18.
ETAG-21140,EVT-1964,TAG-0157,V18_CURATED_GEOGRAPHY,HIGH,Culture générale V18.
ETAG-21141,EVT-1964,TAG-0154,V18_CURATED_GEOGRAPHY,HIGH,Culture générale V18.
ETAG-21148,EVT-1965,TAG-0114,V18_CURATED_SEMANTIC,HIGH,Culture générale V18.
ETAG-21149,EVT-1965,TAG-0142,V18_CURATED_SEMANTIC,HIGH,Culture générale V18.
ETAG-21150,EVT-1965,TAG-0246,V18_CURATED_GEOGRAPHY,HIGH,Culture générale V18.
ETAG-21151,EVT-1965,TAG-0180,V18_CURATED_GEOGRAPHY,HIGH,Culture générale V18.
ETAG-21158,EVT-1966,TAG-0145,V18_CURATED_SEMANTIC,HIGH,Culture générale V18.
ETAG-21159,EVT-1966,TAG-0158,V18_CURATED_GEOGRAPHY,HIGH,Culture générale V18.
ETAG-21160,EVT-1966,TAG-0154,V18_CURATED_GEOGRAPHY,HIGH,Culture générale V18.
ETAG-21167,EVT-1967,TAG-0145,V18_CURATED_SEMANTIC,HIGH,Culture générale V18.
ETAG-21168,EVT-1967,TAG-0184,V18_CURATED_GEOGRAPHY,HIGH,Culture générale V18.
ETAG-21169,EVT-1967,TAG-0153,V18_CURATED_GEOGRAPHY,HIGH,Culture générale V18.
ETAG-21176,EVT-1968,TAG-0132,V18_CURATED_SEMANTIC,HIGH,Culture générale V18.
ETAG-21177,EVT-1968,TAG-0133,V18_CURATED_SEMANTIC,HIGH,Culture générale V18.
ETAG-21178,EVT-1968,TAG-0158,V18_CURATED_GEOGRAPHY,HIGH,Culture générale V18.
ETAG-21179,EVT-1968,TAG-0154,V18_CURATED_GEOGRAPHY,HIGH,Culture générale V18.
ETAG-21186,EVT-1969,TAG-0132,V18_CURATED_SEMANTIC,HIGH,Culture générale V18.
ETAG-21187,EVT-1969,TAG-0133,V18_CURATED_SEMANTIC,HIGH,Culture générale V18.
ETAG-21188,EVT-1969,TAG-0157,V18_CURATED_GEOGRAPHY,HIGH,Culture générale V18.
ETAG-21195,EVT-1970,TAG-0132,V18_CURATED_SEMANTIC,HIGH,Culture générale V18.
ETAG-21196,EVT-1970,TAG-0133,V18_CURATED_SEMANTIC,HIGH,Culture générale V18.
ETAG-21197,EVT-1970,TAG-0154,V18_CURATED_GEOGRAPHY,HIGH,Culture générale V18.
ETAG-21198,EVT-1970,TAG-0153,V18_CURATED_GEOGRAPHY,HIGH,Culture générale V18.
ETAG-21205,EVT-1971,TAG-0145,V18_CURATED_SEMANTIC,HIGH,Culture générale V18.
ETAG-21206,EVT-1971,TAG-0129,V18_CURATED_SEMANTIC,HIGH,Culture générale V18.
ETAG-21207,EVT-1971,TAG-0153,V18_CURATED_GEOGRAPHY,HIGH,Culture générale V18.
ETAG-21214,EVT-1972,TAG-0132,V18_CURATED_SEMANTIC,HIGH,Culture générale V18.
ETAG-21215,EVT-1972,TAG-0133,V18_CURATED_SEMANTIC,HIGH,Culture générale V18.
ETAG-21216,EVT-1972,TAG-0165,V18_CURATED_GEOGRAPHY,HIGH,Culture générale V18.
ETAG-21217,EVT-1972,TAG-0153,V18_CURATED_GEOGRAPHY,HIGH,Culture générale V18.
ETAG-21224,EVT-1973,TAG-0132,V18_CURATED_SEMANTIC,HIGH,Culture générale V18.
ETAG-21225,EVT-1973,TAG-0133,V18_CURATED_SEMANTIC,HIGH,Culture générale V18.
ETAG-21226,EVT-1973,TAG-0165,V18_CURATED_GEOGRAPHY,HIGH,Culture générale V18.
ETAG-21227,EVT-1973,TAG-0153,V18_CURATED_GEOGRAPHY,HIGH,Culture générale V18.
ETAG-21234,EVT-1974,TAG-0132,V18_CURATED_SEMANTIC,HIGH,Culture générale V18.
ETAG-21235,EVT-1974,TAG-0133,V18_CURATED_SEMANTIC,HIGH,Culture générale V18.
ETAG-21236,EVT-1974,TAG-0165,V18_CURATED_GEOGRAPHY,HIGH,Culture générale V18.
ETAG-21237,EVT-1974,TAG-0153,V18_CURATED_GEOGRAPHY,HIGH,Culture générale V18.
ETAG-21244,EVT-1975,TAG-0145,V18_CURATED_SEMANTIC,HIGH,Culture générale V18.
ETAG-21245,EVT-1975,TAG-0167,V18_CURATED_GEOGRAPHY,HIGH,Culture générale V18.
ETAG-21246,EVT-1975,TAG-0153,V18_CURATED_GEOGRAPHY,HIGH,Culture générale V18.
ETAG-21253,EVT-1976,TAG-0145,V18_CURATED_SEMANTIC,HIGH,Culture générale V18.
ETAG-21254,EVT-1976,TAG-0133,V18_CURATED_SEMANTIC,HIGH,Culture générale V18.
ETAG-21255,EVT-1976,TAG-0165,V18_CURATED_GEOGRAPHY,HIGH,Culture générale V18.
ETAG-21262,EVT-1977,TAG-0145,V18_CURATED_SEMANTIC,HIGH,Culture générale V18.
ETAG-21263,EVT-1977,TAG-0157,V18_CURATED_GEOGRAPHY,HIGH,Culture générale V18.
ETAG-21264,EVT-1977,TAG-0154,V18_CURATED_GEOGRAPHY,HIGH,Culture générale V18.
ETAG-21271,EVT-1978,TAG-0209,V18_CURATED_SEMANTIC,HIGH,Culture générale V18.
ETAG-21272,EVT-1978,TAG-0137,V18_CURATED_SEMANTIC,HIGH,Culture générale V18.
ETAG-21273,EVT-1978,TAG-0229,V18_CURATED_GEOGRAPHY,HIGH,Culture générale V18.
ETAG-21274,EVT-1978,TAG-0227,V18_CURATED_GEOGRAPHY,HIGH,Culture générale V18.
ETAG-21281,EVT-1979,TAG-0145,V18_CURATED_SEMANTIC,HIGH,Culture générale V18.
ETAG-21282,EVT-1979,TAG-0158,V18_CURATED_GEOGRAPHY,HIGH,Culture générale V18.
ETAG-21283,EVT-1979,TAG-0154,V18_CURATED_GEOGRAPHY,HIGH,Culture générale V18.
ETAG-21290,EVT-1980,TAG-0132,V18_CURATED_SEMANTIC,HIGH,Culture générale V18.
ETAG-21291,EVT-1980,TAG-0133,V18_CURATED_SEMANTIC,HIGH,Culture générale V18.
ETAG-21292,EVT-1980,TAG-0159,V18_CURATED_GEOGRAPHY,HIGH,Culture générale V18.
ETAG-21293,EVT-1980,TAG-0154,V18_CURATED_GEOGRAPHY,HIGH,Culture générale V18.
ETAG-21300,EVT-1981,TAG-0132,V18_CURATED_SEMANTIC,HIGH,Culture générale V18.
ETAG-21301,EVT-1981,TAG-0133,V18_CURATED_SEMANTIC,HIGH,Culture générale V18.
ETAG-21302,EVT-1981,TAG-0157,V18_CURATED_GEOGRAPHY,HIGH,Culture générale V18.
ETAG-21309,EVT-1982,TAG-0145,V18_CURATED_SEMANTIC,HIGH,Culture générale V18.
ETAG-21310,EVT-1982,TAG-0129,V18_CURATED_SEMANTIC,HIGH,Culture générale V18.
ETAG-21311,EVT-1982,TAG-0153,V18_CURATED_GEOGRAPHY,HIGH,Culture générale V18.
ETAG-21318,EVT-1983,TAG-0132,V18_CURATED_SEMANTIC,HIGH,Culture générale V18.
ETAG-21319,EVT-1983,TAG-0133,V18_CURATED_SEMANTIC,HIGH,Culture générale V18.
ETAG-21320,EVT-1983,TAG-0165,V18_CURATED_GEOGRAPHY,HIGH,Culture générale V18.
ETAG-21321,EVT-1983,TAG-0153,V18_CURATED_GEOGRAPHY,HIGH,Culture générale V18.
ETAG-21328,EVT-1984,TAG-0132,V18_CURATED_SEMANTIC,HIGH,Culture générale V18.
ETAG-21329,EVT-1984,TAG-0133,V18_CURATED_SEMANTIC,HIGH,Culture générale V18.
ETAG-21330,EVT-1984,TAG-0165,V18_CURATED_GEOGRAPHY,HIGH,Culture générale V18.
ETAG-21331,EVT-1984,TAG-0153,V18_CURATED_GEOGRAPHY,HIGH,Culture générale V18.
ETAG-21338,EVT-1985,TAG-0132,V18_CURATED_SEMANTIC,HIGH,Culture générale V18.
ETAG-21339,EVT-1985,TAG-0133,V18_CURATED_SEMANTIC,HIGH,Culture générale V18.
ETAG-21340,EVT-1985,TAG-0165,V18_CURATED_GEOGRAPHY,HIGH,Culture générale V18.
ETAG-21341,EVT-1985,TAG-0153,V18_CURATED_GEOGRAPHY,HIGH,Culture générale V18.
ETAG-21348,EVT-1986,TAG-0145,V18_CURATED_SEMANTIC,HIGH,Culture générale V18.
ETAG-21349,EVT-1986,TAG-0157,V18_CURATED_GEOGRAPHY,HIGH,Culture générale V18.
ETAG-21350,EVT-1986,TAG-0154,V18_CURATED_GEOGRAPHY,HIGH,Culture générale V18.
ETAG-21357,EVT-1987,TAG-0106,V18_CURATED_SEMANTIC,HIGH,Culture générale V18.
ETAG-21358,EVT-1987,TAG-0107,V18_CURATED_SEMANTIC,HIGH,Culture générale V18.
ETAG-21359,EVT-1987,TAG-0165,V18_CURATED_GEOGRAPHY,HIGH,Culture générale V18.
ETAG-21366,EVT-1988,TAG-0132,V18_CURATED_SEMANTIC,HIGH,Culture générale V18.
ETAG-21367,EVT-1988,TAG-0133,V18_CURATED_SEMANTIC,HIGH,Culture générale V18.
ETAG-21368,EVT-1988,TAG-0158,V18_CURATED_GEOGRAPHY,HIGH,Culture générale V18.
ETAG-21369,EVT-1988,TAG-0154,V18_CURATED_GEOGRAPHY,HIGH,Culture générale V18.
ETAG-21376,EVT-1989,TAG-0132,V18_CURATED_SEMANTIC,HIGH,Culture générale V18.
ETAG-21377,EVT-1989,TAG-0133,V18_CURATED_SEMANTIC,HIGH,Culture générale V18.
ETAG-21378,EVT-1989,TAG-0159,V18_CURATED_GEOGRAPHY,HIGH,Culture générale V18.
ETAG-21379,EVT-1989,TAG-0154,V18_CURATED_GEOGRAPHY,HIGH,Culture générale V18.
ETAG-21386,EVT-1990,TAG-0132,V18_CURATED_SEMANTIC,HIGH,Culture générale V18.
ETAG-21387,EVT-1990,TAG-0133,V18_CURATED_SEMANTIC,HIGH,Culture générale V18.
ETAG-21388,EVT-1990,TAG-0157,V18_CURATED_GEOGRAPHY,HIGH,Culture générale V18.
ETAG-21395,EVT-1991,TAG-0132,V18_CURATED_SEMANTIC,HIGH,Culture générale V18.
ETAG-21396,EVT-1991,TAG-0133,V18_CURATED_SEMANTIC,HIGH,Culture générale V18.
ETAG-21397,EVT-1991,TAG-0154,V18_CURATED_GEOGRAPHY,HIGH,Culture générale V18.
ETAG-21398,EVT-1991,TAG-0153,V18_CURATED_GEOGRAPHY,HIGH,Culture générale V18.
ETAG-21405,EVT-1992,TAG-0145,V18_CURATED_SEMANTIC,HIGH,Culture générale V18.
ETAG-21406,EVT-1992,TAG-0129,V18_CURATED_SEMANTIC,HIGH,Culture générale V18.
ETAG-21407,EVT-1992,TAG-0153,V18_CURATED_GEOGRAPHY,HIGH,Culture générale V18.
ETAG-21414,EVT-1993,TAG-0132,V18_CURATED_SEMANTIC,HIGH,Culture générale V18.
ETAG-21415,EVT-1993,TAG-0133,V18_CURATED_SEMANTIC,HIGH,Culture générale V18.
ETAG-21416,EVT-1993,TAG-0165,V18_CURATED_GEOGRAPHY,HIGH,Culture générale V18.
ETAG-21417,EVT-1993,TAG-0153,V18_CURATED_GEOGRAPHY,HIGH,Culture générale V18.
ETAG-21424,EVT-1994,TAG-0145,V18_CURATED_SEMANTIC,HIGH,Culture générale V18.
ETAG-21425,EVT-1994,TAG-0133,V18_CURATED_SEMANTIC,HIGH,Culture générale V18.
ETAG-21426,EVT-1994,TAG-0165,V18_CURATED_GEOGRAPHY,HIGH,Culture générale V18.
ETAG-21433,EVT-1995,TAG-0145,V18_CURATED_SEMANTIC,HIGH,Culture générale V18.
ETAG-21434,EVT-1995,TAG-0157,V18_CURATED_GEOGRAPHY,HIGH,Culture générale V18.
ETAG-21435,EVT-1995,TAG-0154,V18_CURATED_GEOGRAPHY,HIGH,Culture générale V18.
ETAG-21442,EVT-1996,TAG-0145,V18_CURATED_SEMANTIC,HIGH,Culture générale V18.
ETAG-21443,EVT-1996,TAG-0154,V18_CURATED_GEOGRAPHY,HIGH,Culture générale V18.
ETAG-21444,EVT-1996,TAG-0154,V18_CURATED_GEOGRAPHY,HIGH,Culture générale V18.
ETAG-21451,EVT-1997,TAG-0145,V18_CURATED_SEMANTIC,HIGH,Culture générale V18.
ETAG-21452,EVT-1997,TAG-0167,V18_CURATED_GEOGRAPHY,HIGH,Culture générale V18.
ETAG-21453,EVT-1997,TAG-0180,V18_CURATED_GEOGRAPHY,HIGH,Culture générale V18.
ETAG-21460,EVT-1998,TAG-0132,V18_CURATED_SEMANTIC,HIGH,Culture générale V18.
ETAG-21461,EVT-1998,TAG-0133,V18_CURATED_SEMANTIC,HIGH,Culture générale V18.
ETAG-21462,EVT-1998,TAG-0158,V18_CURATED_GEOGRAPHY,HIGH,Culture générale V18.
ETAG-21463,EVT-1998,TAG-0154,V18_CURATED_GEOGRAPHY,HIGH,Culture générale V18.
ETAG-21470,EVT-1999,TAG-0132,V18_CURATED_SEMANTIC,HIGH,Culture générale V18.
ETAG-21471,EVT-1999,TAG-0133,V18_CURATED_SEMANTIC,HIGH,Culture générale V18.
ETAG-21472,EVT-1999,TAG-0159,V18_CURATED_GEOGRAPHY,HIGH,Culture générale V18.
ETAG-21473,EVT-1999,TAG-0154,V18_CURATED_GEOGRAPHY,HIGH,Culture générale V18.
ETAG-21480,EVT-2000,TAG-0132,V18_CURATED_SEMANTIC,HIGH,Culture générale V18.
ETAG-21481,EVT-2000,TAG-0133,V18_CURATED_SEMANTIC,HIGH,Culture générale V18.
ETAG-21482,EVT-2000,TAG-0157,V18_CURATED_GEOGRAPHY,HIGH,Culture générale V18.
ETAG-21489,EVT-2001,TAG-0132,V18_CURATED_SEMANTIC,HIGH,Culture générale V18.
ETAG-21490,EVT-2001,TAG-0133,V18_CURATED_SEMANTIC,HIGH,Culture générale V18.
ETAG-21491,EVT-2001,TAG-0154,V18_CURATED_GEOGRAPHY,HIGH,Culture générale V18.
ETAG-21492,EVT-2001,TAG-0153,V18_CURATED_GEOGRAPHY,HIGH,Culture générale V18.
ETAG-21499,EVT-2002,TAG-0145,V18_CURATED_SEMANTIC,HIGH,Culture générale V18.
ETAG-21500,EVT-2002,TAG-0266,V18_CURATED_GEOGRAPHY,HIGH,Culture générale V18.
ETAG-21501,EVT-2002,TAG-0153,V18_CURATED_GEOGRAPHY,HIGH,Culture générale V18.
ETAG-21508,EVT-2003,TAG-0145,V18_CURATED_SEMANTIC,HIGH,Culture générale V18.
ETAG-21509,EVT-2003,TAG-0129,V18_CURATED_SEMANTIC,HIGH,Culture générale V18.
ETAG-21510,EVT-2003,TAG-0153,V18_CURATED_GEOGRAPHY,HIGH,Culture générale V18.
ETAG-21517,EVT-2004,TAG-0106,V18_CURATED_SEMANTIC,HIGH,Culture générale V18.
ETAG-21518,EVT-2004,TAG-0107,V18_CURATED_SEMANTIC,HIGH,Culture générale V18.
ETAG-21519,EVT-2004,TAG-0157,V18_CURATED_GEOGRAPHY,HIGH,Culture générale V18.
ETAG-21526,EVT-2005,TAG-0132,V18_CURATED_SEMANTIC,HIGH,Culture générale V18.
ETAG-21527,EVT-2005,TAG-0133,V18_CURATED_SEMANTIC,HIGH,Culture générale V18.
ETAG-21528,EVT-2005,TAG-0165,V18_CURATED_GEOGRAPHY,HIGH,Culture générale V18.
ETAG-21529,EVT-2005,TAG-0153,V18_CURATED_GEOGRAPHY,HIGH,Culture générale V18.
ETAG-21536,EVT-2006,TAG-0132,V18_CURATED_SEMANTIC,HIGH,Culture générale V18.
ETAG-21537,EVT-2006,TAG-0133,V18_CURATED_SEMANTIC,HIGH,Culture générale V18.
ETAG-21538,EVT-2006,TAG-0165,V18_CURATED_GEOGRAPHY,HIGH,Culture générale V18.
ETAG-21539,EVT-2006,TAG-0153,V18_CURATED_GEOGRAPHY,HIGH,Culture générale V18.
ETAG-21546,EVT-2007,TAG-0145,V18_CURATED_SEMANTIC,HIGH,Culture générale V18.
ETAG-21547,EVT-2007,TAG-0133,V18_CURATED_SEMANTIC,HIGH,Culture générale V18.
ETAG-21548,EVT-2007,TAG-0165,V18_CURATED_GEOGRAPHY,HIGH,Culture générale V18.
ETAG-21555,EVT-2008,TAG-0106,V18_CURATED_SEMANTIC,HIGH,Culture générale V18.
ETAG-21556,EVT-2008,TAG-0138,V18_CURATED_SEMANTIC,HIGH,Culture générale V18.
ETAG-21557,EVT-2008,TAG-0158,V18_CURATED_GEOGRAPHY,HIGH,Culture générale V18.
ETAG-21558,EVT-2008,TAG-0154,V18_CURATED_GEOGRAPHY,HIGH,Culture générale V18.
ETAG-21565,EVT-2009,TAG-0145,V18_CURATED_SEMANTIC,HIGH,Culture générale V18.
ETAG-21566,EVT-2009,TAG-0266,V18_CURATED_GEOGRAPHY,HIGH,Culture générale V18.
ETAG-21567,EVT-2009,TAG-0153,V18_CURATED_GEOGRAPHY,HIGH,Culture générale V18.
ETAG-21574,EVT-2010,TAG-0145,V18_CURATED_SEMANTIC,HIGH,Culture générale V18.
ETAG-21575,EVT-2010,TAG-0158,V18_CURATED_GEOGRAPHY,HIGH,Culture générale V18.
ETAG-21576,EVT-2010,TAG-0154,V18_CURATED_GEOGRAPHY,HIGH,Culture générale V18.
ETAG-21583,EVT-2011,TAG-0145,V18_CURATED_SEMANTIC,HIGH,Culture générale V18.
ETAG-21584,EVT-2011,TAG-0166,V18_CURATED_GEOGRAPHY,HIGH,Culture générale V18.
ETAG-21585,EVT-2011,TAG-0153,V18_CURATED_GEOGRAPHY,HIGH,Culture générale V18.
ETAG-21592,EVT-2012,TAG-0132,V18_CURATED_SEMANTIC,HIGH,Culture générale V18.
ETAG-21593,EVT-2012,TAG-0133,V18_CURATED_SEMANTIC,HIGH,Culture générale V18.
ETAG-21594,EVT-2012,TAG-0165,V18_CURATED_GEOGRAPHY,HIGH,Culture générale V18.
ETAG-21595,EVT-2012,TAG-0153,V18_CURATED_GEOGRAPHY,HIGH,Culture générale V18.
ETAG-21602,EVT-2013,TAG-0132,V18_CURATED_SEMANTIC,HIGH,Culture générale V18.
ETAG-21603,EVT-2013,TAG-0133,V18_CURATED_SEMANTIC,HIGH,Culture générale V18.
ETAG-21604,EVT-2013,TAG-0165,V18_CURATED_GEOGRAPHY,HIGH,Culture générale V18.
ETAG-21605,EVT-2013,TAG-0153,V18_CURATED_GEOGRAPHY,HIGH,Culture générale V18.
ETAG-21612,EVT-2014,TAG-0145,V18_CURATED_SEMANTIC,HIGH,Culture générale V18.
ETAG-21613,EVT-2014,TAG-0157,V18_CURATED_GEOGRAPHY,HIGH,Culture générale V18.
ETAG-21614,EVT-2014,TAG-0153,V18_CURATED_GEOGRAPHY,HIGH,Culture générale V18.
ETAG-21621,EVT-2015,TAG-0145,V18_CURATED_SEMANTIC,HIGH,Culture générale V18.
ETAG-21622,EVT-2015,TAG-0157,V18_CURATED_GEOGRAPHY,HIGH,Culture générale V18.
ETAG-21623,EVT-2015,TAG-0154,V18_CURATED_GEOGRAPHY,HIGH,Culture générale V18.
ETAG-21630,EVT-2016,TAG-0106,V18_CURATED_SEMANTIC,HIGH,Culture générale V18.
ETAG-21631,EVT-2016,TAG-0119,V18_CURATED_SEMANTIC,HIGH,Culture générale V18.
ETAG-21632,EVT-2016,TAG-0158,V18_CURATED_GEOGRAPHY,HIGH,Culture générale V18.
ETAG-21633,EVT-2016,TAG-0154,V18_CURATED_GEOGRAPHY,HIGH,Culture générale V18.
ETAG-21640,EVT-2017,TAG-0145,V18_CURATED_SEMANTIC,HIGH,Culture générale V18.
ETAG-21641,EVT-2017,TAG-0158,V18_CURATED_GEOGRAPHY,HIGH,Culture générale V18.
ETAG-21642,EVT-2017,TAG-0154,V18_CURATED_GEOGRAPHY,HIGH,Culture générale V18.
ETAG-21649,EVT-2018,TAG-0132,V18_CURATED_SEMANTIC,HIGH,Culture générale V18.
ETAG-21650,EVT-2018,TAG-0133,V18_CURATED_SEMANTIC,HIGH,Culture générale V18.
ETAG-21651,EVT-2018,TAG-0158,V18_CURATED_GEOGRAPHY,HIGH,Culture générale V18.
ETAG-21652,EVT-2018,TAG-0154,V18_CURATED_GEOGRAPHY,HIGH,Culture générale V18.
ETAG-21659,EVT-2019,TAG-0132,V18_CURATED_SEMANTIC,HIGH,Culture générale V18.
ETAG-21660,EVT-2019,TAG-0133,V18_CURATED_SEMANTIC,HIGH,Culture générale V18.
ETAG-21661,EVT-2019,TAG-0159,V18_CURATED_GEOGRAPHY,HIGH,Culture générale V18.
ETAG-21662,EVT-2019,TAG-0154,V18_CURATED_GEOGRAPHY,HIGH,Culture générale V18.
ETAG-21669,EVT-2020,TAG-0132,V18_CURATED_SEMANTIC,HIGH,Culture générale V18.
ETAG-21670,EVT-2020,TAG-0133,V18_CURATED_SEMANTIC,HIGH,Culture générale V18.
ETAG-21671,EVT-2020,TAG-0157,V18_CURATED_GEOGRAPHY,HIGH,Culture générale V18.
ETAG-21678,EVT-2021,TAG-0132,V18_CURATED_SEMANTIC,HIGH,Culture générale V18.
ETAG-21679,EVT-2021,TAG-0133,V18_CURATED_SEMANTIC,HIGH,Culture générale V18.
ETAG-21680,EVT-2021,TAG-0154,V18_CURATED_GEOGRAPHY,HIGH,Culture générale V18.
ETAG-21681,EVT-2021,TAG-0153,V18_CURATED_GEOGRAPHY,HIGH,Culture générale V18.
ETAG-21688,EVT-2022,TAG-0145,V18_CURATED_SEMANTIC,HIGH,Culture générale V18.
ETAG-21689,EVT-2022,TAG-0129,V18_CURATED_SEMANTIC,HIGH,Culture générale V18.
ETAG-21690,EVT-2022,TAG-0153,V18_CURATED_GEOGRAPHY,HIGH,Culture générale V18.
ETAG-21697,EVT-2023,TAG-0132,V18_CURATED_SEMANTIC,HIGH,Culture générale V18.
ETAG-21698,EVT-2023,TAG-0133,V18_CURATED_SEMANTIC,HIGH,Culture générale V18.
ETAG-21699,EVT-2023,TAG-0165,V18_CURATED_GEOGRAPHY,HIGH,Culture générale V18.
ETAG-21700,EVT-2023,TAG-0153,V18_CURATED_GEOGRAPHY,HIGH,Culture générale V18.
ETAG-21707,EVT-2024,TAG-0132,V18_CURATED_SEMANTIC,HIGH,Culture générale V18.
ETAG-21708,EVT-2024,TAG-0133,V18_CURATED_SEMANTIC,HIGH,Culture générale V18.
ETAG-21709,EVT-2024,TAG-0165,V18_CURATED_GEOGRAPHY,HIGH,Culture générale V18.
ETAG-21710,EVT-2024,TAG-0153,V18_CURATED_GEOGRAPHY,HIGH,Culture générale V18.
ETAG-21717,EVT-2025,TAG-0132,V18_CURATED_SEMANTIC,HIGH,Culture générale V18.
ETAG-21718,EVT-2025,TAG-0133,V18_CURATED_SEMANTIC,HIGH,Culture générale V18.
ETAG-21719,EVT-2025,TAG-0165,V18_CURATED_GEOGRAPHY,HIGH,Culture générale V18.
ETAG-21720,EVT-2025,TAG-0153,V18_CURATED_GEOGRAPHY,HIGH,Culture générale V18.
ETAG-21727,EVT-2026,TAG-0145,V18_CURATED_SEMANTIC,HIGH,Culture générale V18.
ETAG-21728,EVT-2026,TAG-0133,V18_CURATED_SEMANTIC,HIGH,Culture générale V18.
ETAG-21729,EVT-2026,TAG-0165,V18_CURATED_GEOGRAPHY,HIGH,Culture générale V18.
ETAG-21736,EVT-2027,TAG-0145,V18_CURATED_SEMANTIC,HIGH,Culture générale V18.
ETAG-21737,EVT-2027,TAG-0157,V18_CURATED_GEOGRAPHY,HIGH,Culture générale V18.
ETAG-21738,EVT-2027,TAG-0154,V18_CURATED_GEOGRAPHY,HIGH,Culture générale V18.
ETAG-21745,EVT-2028,TAG-0145,V18_CURATED_SEMANTIC,HIGH,Culture générale V18.
ETAG-21746,EVT-2028,TAG-0159,V18_CURATED_GEOGRAPHY,HIGH,Culture générale V18.
ETAG-21747,EVT-2028,TAG-0154,V18_CURATED_GEOGRAPHY,HIGH,Culture générale V18.
ETAG-21754,EVT-2029,TAG-0106,V18_CURATED_SEMANTIC,HIGH,Culture générale V18.
ETAG-21755,EVT-2029,TAG-0107,V18_CURATED_SEMANTIC,HIGH,Culture générale V18.
ETAG-21756,EVT-2029,TAG-0165,V18_CURATED_GEOGRAPHY,HIGH,Culture générale V18.
ETAG-21763,EVT-2030,TAG-0145,V18_CURATED_SEMANTIC,HIGH,Culture générale V18.
ETAG-21764,EVT-2030,TAG-0157,V18_CURATED_GEOGRAPHY,HIGH,Culture générale V18.
ETAG-21765,EVT-2030,TAG-0154,V18_CURATED_GEOGRAPHY,HIGH,Culture générale V18.
ETAG-21772,EVT-2031,TAG-0132,V18_CURATED_SEMANTIC,HIGH,Culture générale V18.
ETAG-21773,EVT-2031,TAG-0133,V18_CURATED_SEMANTIC,HIGH,Culture générale V18.
ETAG-21774,EVT-2031,TAG-0158,V18_CURATED_GEOGRAPHY,HIGH,Culture générale V18.
ETAG-21775,EVT-2031,TAG-0154,V18_CURATED_GEOGRAPHY,HIGH,Culture générale V18.
ETAG-21782,EVT-2032,TAG-0132,V18_CURATED_SEMANTIC,HIGH,Culture générale V18.
ETAG-21783,EVT-2032,TAG-0133,V18_CURATED_SEMANTIC,HIGH,Culture générale V18.
ETAG-21784,EVT-2032,TAG-0159,V18_CURATED_GEOGRAPHY,HIGH,Culture générale V18.
ETAG-21785,EVT-2032,TAG-0154,V18_CURATED_GEOGRAPHY,HIGH,Culture générale V18.
ETAG-21792,EVT-2033,TAG-0132,V18_CURATED_SEMANTIC,HIGH,Culture générale V18.
ETAG-21793,EVT-2033,TAG-0133,V18_CURATED_SEMANTIC,HIGH,Culture générale V18.
ETAG-21794,EVT-2033,TAG-0157,V18_CURATED_GEOGRAPHY,HIGH,Culture générale V18.
ETAG-21801,EVT-2034,TAG-0132,V18_CURATED_SEMANTIC,HIGH,Culture générale V18.
ETAG-21802,EVT-2034,TAG-0133,V18_CURATED_SEMANTIC,HIGH,Culture générale V18.
ETAG-21803,EVT-2034,TAG-0154,V18_CURATED_GEOGRAPHY,HIGH,Culture générale V18.
ETAG-21804,EVT-2034,TAG-0153,V18_CURATED_GEOGRAPHY,HIGH,Culture générale V18.
ETAG-21811,EVT-2035,TAG-0145,V18_CURATED_SEMANTIC,HIGH,Culture générale V18.
ETAG-21812,EVT-2035,TAG-0129,V18_CURATED_SEMANTIC,HIGH,Culture générale V18.
ETAG-21813,EVT-2035,TAG-0153,V18_CURATED_GEOGRAPHY,HIGH,Culture générale V18.
ETAG-21820,EVT-2036,TAG-0132,V18_CURATED_SEMANTIC,HIGH,Culture générale V18.
ETAG-21821,EVT-2036,TAG-0133,V18_CURATED_SEMANTIC,HIGH,Culture générale V18.
ETAG-21822,EVT-2036,TAG-0165,V18_CURATED_GEOGRAPHY,HIGH,Culture générale V18.
ETAG-21823,EVT-2036,TAG-0153,V18_CURATED_GEOGRAPHY,HIGH,Culture générale V18.
ETAG-21830,EVT-2037,TAG-0132,V18_CURATED_SEMANTIC,HIGH,Culture générale V18.
ETAG-21831,EVT-2037,TAG-0133,V18_CURATED_SEMANTIC,HIGH,Culture générale V18.
ETAG-21832,EVT-2037,TAG-0165,V18_CURATED_GEOGRAPHY,HIGH,Culture générale V18.
ETAG-21833,EVT-2037,TAG-0153,V18_CURATED_GEOGRAPHY,HIGH,Culture générale V18.
ETAG-21840,EVT-2038,TAG-0132,V18_CURATED_SEMANTIC,HIGH,Culture générale V18.
ETAG-21841,EVT-2038,TAG-0133,V18_CURATED_SEMANTIC,HIGH,Culture générale V18.
ETAG-21842,EVT-2038,TAG-0165,V18_CURATED_GEOGRAPHY,HIGH,Culture générale V18.
ETAG-21843,EVT-2038,TAG-0153,V18_CURATED_GEOGRAPHY,HIGH,Culture générale V18.
ETAG-21850,EVT-2039,TAG-0145,V18_CURATED_SEMANTIC,HIGH,Culture générale V18.
ETAG-21851,EVT-2039,TAG-0133,V18_CURATED_SEMANTIC,HIGH,Culture générale V18.
ETAG-21852,EVT-2039,TAG-0165,V18_CURATED_GEOGRAPHY,HIGH,Culture générale V18.
ETAG-21859,EVT-2040,TAG-0145,V18_CURATED_SEMANTIC,HIGH,Culture générale V18.
ETAG-21860,EVT-2040,TAG-0157,V18_CURATED_GEOGRAPHY,HIGH,Culture générale V18.
ETAG-21861,EVT-2040,TAG-0154,V18_CURATED_GEOGRAPHY,HIGH,Culture générale V18.
ETAG-21868,EVT-2041,TAG-0145,V18_CURATED_SEMANTIC,HIGH,Culture générale V18.
ETAG-21869,EVT-2041,TAG-0158,V18_CURATED_GEOGRAPHY,HIGH,Culture générale V18.
ETAG-21870,EVT-2041,TAG-0154,V18_CURATED_GEOGRAPHY,HIGH,Culture générale V18.
