collection_event_id,collection_id,event_id,position,playable,playable_mode,membership_basis,notes,selection_score,membership_confidence,ready_to_play_collection
CEV14-00001,COL-0001,EVT-0340,1,TRUE,YEAR,tag:school-curriculum,,,,FALSE
CEV14-00002,COL-0001,EVT-0341,2,TRUE,YEAR,tag:school-curriculum,,,,FALSE
CEV14-00003,COL-0001,EVT-0368,3,FALSE,NOT_AUTOMATIC,tag:school-curriculum,,,,FALSE
CEV14-00004,COL-0001,EVT-0369,4,TRUE,RANGE,tag:school-curriculum,,,,FALSE
CEV14-00005,COL-0001,EVT-0023,5,TRUE,YEAR,tag:school-curriculum,,,,FALSE
CEV14-00006,COL-0001,EVT-0024,6,TRUE,DAY,tag:school-curriculum,,,,FALSE
CEV14-00007,COL-0001,EVT-0027,7,FALSE,NOT_AUTOMATIC,tag:school-curriculum,,,,FALSE
CEV14-00008,COL-0001,EVT-0028,8,TRUE,YEAR,tag:school-curriculum,,,,FALSE
CEV14-00009,COL-0001,EVT-0382,9,TRUE,YEAR,tag:school-curriculum,,,,FALSE
CEV14-00010,COL-0001,EVT-0372,10,TRUE,RANGE,tag:school-curriculum,,,,FALSE
CEV14-00011,COL-0001,EVT-0030,11,TRUE,RANGE,tag:school-curriculum,,,,FALSE
CEV14-00012,COL-0001,EVT-0373,12,TRUE,YEAR,tag:school-curriculum,,,,FALSE
CEV14-00013,COL-0001,EVT-0374,13,TRUE,YEAR,tag:school-curriculum,,,,FALSE
CEV14-00014,COL-0001,EVT-0375,14,TRUE,YEAR,tag:school-curriculum,,,,FALSE
CEV14-00015,COL-0001,EVT-0136,15,TRUE,RANGE,tag:school-curriculum,,,,FALSE
CEV14-00016,COL-0001,EVT-0376,16,TRUE,RANGE,tag:school-curriculum,,,,FALSE
CEV14-00017,COL-0001,EVT-0377,17,TRUE,YEAR,tag:school-curriculum,,,,FALSE
CEV14-00018,COL-0001,EVT-0378,18,TRUE,YEAR,tag:school-curriculum,,,,FALSE
CEV14-00019,COL-0001,EVT-0379,19,TRUE,YEAR,tag:school-curriculum,,,,FALSE
CEV14-00020,COL-0001,EVT-0380,20,TRUE,YEAR,tag:school-curriculum,,,,FALSE
CEV14-00021,COL-0001,EVT-0381,21,TRUE,YEAR,tag:school-curriculum,,,,FALSE
CEV14-00022,COL-0001,EVT-0383,22,TRUE,RANGE,tag:school-curriculum,,,,FALSE
CEV14-00023,COL-0001,EVT-0370,23,TRUE,YEAR,tag:school-curriculum,,,,FALSE
CEV14-00024,COL-0001,EVT-0384,24,TRUE,YEAR,tag:school-curriculum,,,,FALSE
CEV14-00025,COL-0001,EVT-0041,25,TRUE,RANGE,tag:school-curriculum,,,,FALSE
CEV14-00026,COL-0001,EVT-0371,26,TRUE,YEAR,tag:school-curriculum,,,,FALSE
CEV14-00027,COL-0001,EVT-0385,27,TRUE,DAY,tag:school-curriculum,,,,FALSE
CEV14-00028,COL-0001,EVT-0386,28,TRUE,DAY,tag:school-curriculum,,,,FALSE
CEV14-00029,COL-0001,EVT-0387,29,TRUE,DAY,tag:school-curriculum,,,,FALSE
CEV14-00030,COL-0001,EVT-0032,30,TRUE,RANGE,tag:school-curriculum,,,,FALSE
CEV14-00031,COL-0001,EVT-0033,31,TRUE,RANGE,tag:school-curriculum,,,,FALSE
CEV14-00032,COL-0001,EVT-0031,32,TRUE,DAY,tag:school-curriculum,,,,FALSE
CEV14-00033,COL-0001,EVT-0040,33,TRUE,RANGE,tag:school-curriculum,,,,FALSE
CEV14-00034,COL-0001,EVT-0035,34,TRUE,YEAR,tag:school-curriculum,,,,FALSE
CEV14-00035,COL-0001,EVT-0036,35,TRUE,YEAR,tag:school-curriculum,,,,FALSE
CEV14-00036,COL-0001,EVT-0034,36,TRUE,YEAR,tag:school-curriculum,,,,FALSE
CEV14-00037,COL-0001,EVT-0392,37,TRUE,YEAR,tag:school-curriculum,,,,FALSE
CEV14-00038,COL-0001,EVT-0388,38,TRUE,MONTH,tag:school-curriculum,,,,FALSE
CEV14-00039,COL-0001,EVT-0038,39,TRUE,YEAR,tag:school-curriculum,,,,FALSE
CEV14-00040,COL-0001,EVT-0037,40,TRUE,YEAR,tag:school-curriculum,,,,FALSE
CEV14-00041,COL-0001,EVT-0139,41,TRUE,DAY,tag:school-curriculum,,,,FALSE
CEV14-00042,COL-0001,EVT-0039,42,TRUE,DAY,tag:school-curriculum,,,,FALSE
CEV14-00043,COL-0001,EVT-0390,43,TRUE,DAY,tag:school-curriculum,,,,FALSE
CEV14-00044,COL-0001,EVT-0389,44,TRUE,RANGE,tag:school-curriculum,,,,FALSE
CEV14-00045,COL-0001,EVT-0391,45,TRUE,RANGE,tag:school-curriculum,,,,FALSE
CEV14-00046,COL-0001,EVT-0327,46,TRUE,RANGE,tag:school-curriculum,,,,FALSE
CEV14-00047,COL-0001,EVT-0365,47,TRUE,DAY,tag:school-curriculum,,,,FALSE
CEV14-00048,COL-0001,EVT-0393,48,TRUE,YEAR,tag:school-curriculum,,,,FALSE
CEV14-00049,COL-0001,EVT-0047,49,TRUE,RANGE,tag:school-curriculum,,,,FALSE
CEV14-00050,COL-0001,EVT-0042,50,TRUE,YEAR,tag:school-curriculum,,,,FALSE
CEV14-00051,COL-0001,EVT-0043,51,TRUE,DAY,tag:school-curriculum,,,,FALSE
CEV14-00052,COL-0001,EVT-0395,52,TRUE,YEAR,tag:school-curriculum,,,,FALSE
CEV14-00053,COL-0001,EVT-0394,53,TRUE,YEAR,tag:school-curriculum,,,,FALSE
CEV14-00054,COL-0001,EVT-0044,54,TRUE,DAY,tag:school-curriculum,,,,FALSE
CEV14-00055,COL-0001,EVT-0048,55,TRUE,MONTH,tag:school-curriculum,,,,FALSE
CEV14-00056,COL-0001,EVT-0396,56,TRUE,YEAR,tag:school-curriculum,,,,FALSE
CEV14-00057,COL-0001,EVT-0397,57,TRUE,DAY,tag:school-curriculum,,,,FALSE
CEV14-00058,COL-0001,EVT-0052,58,TRUE,YEAR,tag:school-curriculum,,,,FALSE
CEV14-00059,COL-0001,EVT-0045,59,TRUE,MONTH,tag:school-curriculum,,,,FALSE
CEV14-00060,COL-0001,EVT-0398,60,TRUE,DAY,tag:school-curriculum,,,,FALSE
CEV14-00061,COL-0001,EVT-0400,61,TRUE,DAY,tag:school-curriculum,,,,FALSE
CEV14-00062,COL-0001,EVT-0399,62,TRUE,DAY,tag:school-curriculum,,,,FALSE
CEV14-00063,COL-0001,EVT-0049,63,TRUE,DAY,tag:school-curriculum,,,,FALSE
CEV14-00064,COL-0001,EVT-0140,64,TRUE,DAY,tag:school-curriculum,,,,FALSE
CEV14-00065,COL-0001,EVT-0141,65,TRUE,RANGE,tag:school-curriculum,,,,FALSE
CEV14-00066,COL-0001,EVT-0057,66,TRUE,YEAR,tag:school-curriculum,,,,FALSE
CEV14-00067,COL-0001,EVT-0046,67,TRUE,DAY,tag:school-curriculum,,,,FALSE
CEV14-00068,COL-0001,EVT-0403,68,TRUE,YEAR,tag:school-curriculum,,,,FALSE
CEV14-00069,COL-0001,EVT-0054,69,TRUE,DAY,tag:school-curriculum,,,,FALSE
CEV14-00070,COL-0001,EVT-0401,70,TRUE,DAY,tag:school-curriculum,,,,FALSE
CEV14-00071,COL-0001,EVT-0402,71,TRUE,RANGE,tag:school-curriculum,,,,FALSE
CEV14-00072,COL-0001,EVT-0058,72,TRUE,RANGE,tag:school-curriculum,,,,FALSE
CEV14-00073,COL-0001,EVT-0051,73,TRUE,DAY,tag:school-curriculum,,,,FALSE
CEV14-00074,COL-0001,EVT-0404,74,TRUE,YEAR,tag:school-curriculum,,,,FALSE
CEV14-00075,COL-0001,EVT-0405,75,TRUE,YEAR,tag:school-curriculum,,,,FALSE
CEV14-00076,COL-0001,EVT-0059,76,TRUE,YEAR,tag:school-curriculum,,,,FALSE
CEV14-00077,COL-0001,EVT-0060,77,TRUE,YEAR,tag:school-curriculum,,,,FALSE
CEV14-00078,COL-0001,EVT-0055,78,TRUE,RANGE,tag:school-curriculum,,,,FALSE
CEV14-00079,COL-0001,EVT-0406,79,TRUE,DAY,tag:school-curriculum,,,,FALSE
CEV14-00080,COL-0001,EVT-0061,80,TRUE,RANGE,tag:school-curriculum,,,,FALSE
CEV14-00081,COL-0001,EVT-0407,81,TRUE,DAY,tag:school-curriculum,,,,FALSE
CEV14-00082,COL-0001,EVT-0408,82,TRUE,RANGE,tag:school-curriculum,,,,FALSE
CEV14-00083,COL-0001,EVT-0409,83,TRUE,DAY,tag:school-curriculum,,,,FALSE
CEV14-00084,COL-0001,EVT-0410,84,TRUE,DAY,tag:school-curriculum,,,,FALSE
CEV14-00085,COL-0001,EVT-0411,85,TRUE,DAY,tag:school-curriculum,,,,FALSE
CEV14-00086,COL-0001,EVT-0412,86,TRUE,DAY,tag:school-curriculum,,,,FALSE
CEV14-00087,COL-0001,EVT-0413,87,TRUE,DAY,tag:school-curriculum,,,,FALSE
CEV14-00088,COL-0001,EVT-0062,88,TRUE,DAY,tag:school-curriculum,,,,FALSE
CEV14-00089,COL-0001,EVT-0056,89,TRUE,DAY,tag:school-curriculum,,,,FALSE
CEV14-00090,COL-0001,EVT-0414,90,TRUE,YEAR,tag:school-curriculum,,,,FALSE
CEV14-00091,COL-0001,EVT-0149,91,TRUE,RANGE,tag:school-curriculum,,,,FALSE
CEV14-00092,COL-0001,EVT-0415,92,TRUE,DAY,tag:school-curriculum,,,,FALSE
CEV14-00093,COL-0001,EVT-0416,93,TRUE,DAY,tag:school-curriculum,,,,FALSE
CEV14-00094,COL-0001,EVT-0417,94,TRUE,DAY,tag:school-curriculum,,,,FALSE
CEV14-00095,COL-0001,EVT-0063,95,TRUE,DAY,tag:school-curriculum,,,,FALSE
CEV14-00096,COL-0001,EVT-0418,96,TRUE,DAY,tag:school-curriculum,,,,FALSE
CEV14-00097,COL-0001,EVT-0419,97,TRUE,DAY,tag:school-curriculum,,,,FALSE
CEV14-00098,COL-0001,EVT-0147,98,TRUE,RANGE,tag:school-curriculum,,,,FALSE
CEV14-00099,COL-0001,EVT-0146,99,TRUE,DAY,tag:school-curriculum,,,,FALSE
CEV14-00100,COL-0001,EVT-0148,100,TRUE,DAY,tag:school-curriculum,,,,FALSE
CEV14-00101,COL-0001,EVT-0328,101,TRUE,RANGE,tag:school-curriculum,,,,FALSE
CEV14-00102,COL-0001,EVT-0329,102,FALSE,NOT_AUTOMATIC,tag:school-curriculum,,,,FALSE
CEV14-00103,COL-0001,EVT-0064,103,TRUE,DAY,tag:school-curriculum,,,,FALSE
CEV14-00104,COL-0001,EVT-0069,104,TRUE,YEAR,tag:school-curriculum,,,,FALSE
CEV14-00105,COL-0001,EVT-0143,105,TRUE,RANGE,tag:school-curriculum,,,,FALSE
CEV14-00106,COL-0001,EVT-0070,106,TRUE,DAY,tag:school-curriculum,,,,FALSE
CEV14-00107,COL-0001,EVT-0151,107,TRUE,DAY,tag:school-curriculum,,,,FALSE
CEV14-00108,COL-0001,EVT-0420,108,TRUE,YEAR,tag:school-curriculum,,,,FALSE
CEV14-00109,COL-0001,EVT-0072,109,TRUE,RANGE,tag:school-curriculum,,,,FALSE
CEV14-00110,COL-0001,EVT-0144,110,TRUE,RANGE,tag:school-curriculum,,,,FALSE
CEV14-00111,COL-0001,EVT-0421,111,TRUE,DAY,tag:school-curriculum,,,,FALSE
CEV14-00112,COL-0001,EVT-0073,112,TRUE,RANGE,tag:school-curriculum,,,,FALSE
CEV14-00113,COL-0001,EVT-0422,113,TRUE,DAY,tag:school-curriculum,,,,FALSE
CEV14-00114,COL-0001,EVT-0330,114,TRUE,RANGE,tag:school-curriculum,,,,FALSE
CEV14-00115,COL-0001,EVT-0065,115,TRUE,DAY,tag:school-curriculum,,,,FALSE
CEV14-00116,COL-0001,EVT-0423,116,TRUE,DAY,tag:school-curriculum,,,,FALSE
CEV14-00117,COL-0001,EVT-0424,117,TRUE,DAY,tag:school-curriculum,,,,FALSE
CEV14-00118,COL-0001,EVT-0162,118,TRUE,MONTH,tag:school-curriculum,,,,FALSE
CEV14-00119,COL-0001,EVT-0426,119,TRUE,RANGE,tag:school-curriculum,,,,FALSE
CEV14-00120,COL-0001,EVT-0425,120,TRUE,DAY,tag:school-curriculum,,,,FALSE
CEV14-00121,COL-0001,EVT-0163,121,TRUE,DAY,tag:school-curriculum,,,,FALSE
CEV14-00122,COL-0001,EVT-0167,122,TRUE,YEAR,tag:school-curriculum,,,,FALSE
CEV14-00123,COL-0001,EVT-0427,123,TRUE,DAY,tag:school-curriculum,,,,FALSE
CEV14-00124,COL-0001,EVT-0067,124,TRUE,RANGE,tag:school-curriculum,,,,FALSE
CEV14-00125,COL-0001,EVT-0074,125,TRUE,RANGE,tag:school-curriculum,,,,FALSE
CEV14-00126,COL-0001,EVT-0295,126,TRUE,DAY,tag:school-curriculum,,,,FALSE
CEV14-00127,COL-0001,EVT-0428,127,TRUE,DAY,tag:school-curriculum,,,,FALSE
CEV14-00128,COL-0001,EVT-0066,128,TRUE,RANGE,tag:school-curriculum,,,,FALSE
CEV14-00129,COL-0001,EVT-0075,129,TRUE,DAY,tag:school-curriculum,,,,FALSE
CEV14-00130,COL-0001,EVT-0152,130,TRUE,MONTH,tag:school-curriculum,,,,FALSE
CEV14-00131,COL-0001,EVT-0153,131,TRUE,DAY,tag:school-curriculum,,,,FALSE
CEV14-00132,COL-0001,EVT-0367,132,TRUE,MONTH,tag:school-curriculum,,,,FALSE
CEV14-00133,COL-0001,EVT-0346,133,FALSE,NOT_AUTOMATIC,tag:school-curriculum,,,,FALSE
CEV14-00134,COL-0001,EVT-0156,134,TRUE,DAY,tag:school-curriculum,,,,FALSE
CEV14-00135,COL-0001,EVT-0154,135,TRUE,DAY,tag:school-curriculum,,,,FALSE
CEV14-00136,COL-0001,EVT-0333,136,TRUE,MONTH,tag:school-curriculum,,,,FALSE
CEV14-00137,COL-0001,EVT-0076,137,TRUE,DAY,tag:school-curriculum,,,,FALSE
CEV14-00138,COL-0001,EVT-0429,138,TRUE,RANGE,tag:school-curriculum,,,,FALSE
CEV14-00139,COL-0001,EVT-0157,139,TRUE,DAY,tag:school-curriculum,,,,FALSE
CEV14-00140,COL-0001,EVT-0430,140,TRUE,DAY,tag:school-curriculum,,,,FALSE
CEV14-00141,COL-0001,EVT-0164,141,TRUE,YEAR,tag:school-curriculum,,,,FALSE
CEV14-00142,COL-0001,EVT-0077,142,TRUE,DAY,tag:school-curriculum,,,,FALSE
CEV14-00143,COL-0001,EVT-0158,143,TRUE,RANGE,tag:school-curriculum,,,,FALSE
CEV14-00144,COL-0001,EVT-0159,144,TRUE,YEAR,tag:school-curriculum,,,,FALSE
CEV14-00145,COL-0001,EVT-0160,145,TRUE,YEAR,tag:school-curriculum,,,,FALSE
CEV14-00146,COL-0001,EVT-0166,146,TRUE,RANGE,tag:school-curriculum,,,,FALSE
CEV14-00147,COL-0001,EVT-0431,147,TRUE,RANGE,tag:school-curriculum,,,,FALSE
CEV14-00148,COL-0001,EVT-0165,148,TRUE,YEAR,tag:school-curriculum,,,,FALSE
CEV14-00149,COL-0001,EVT-0432,149,TRUE,YEAR,tag:school-curriculum,,,,FALSE
CEV14-00150,COL-0001,EVT-0433,150,TRUE,DAY,tag:school-curriculum,,,,FALSE
CEV14-00151,COL-0001,EVT-0434,151,TRUE,DAY,tag:school-curriculum,,,,FALSE
CEV14-00152,COL-0001,EVT-0435,152,TRUE,DAY,tag:school-curriculum,,,,FALSE
CEV14-00153,COL-0001,EVT-0347,153,FALSE,NOT_AUTOMATIC,tag:school-curriculum,,,,FALSE
CEV14-00154,COL-0001,EVT-0436,154,TRUE,DAY,tag:school-curriculum,,,,FALSE
CEV14-00155,COL-0001,EVT-0437,155,TRUE,DAY,tag:school-curriculum,,,,FALSE
CEV14-00156,COL-0001,EVT-0438,156,TRUE,DAY,tag:school-curriculum,,,,FALSE
CEV14-00157,COL-0001,EVT-0161,157,TRUE,DAY,tag:school-curriculum,,,,FALSE
CEV14-00158,COL-0001,EVT-0334,158,TRUE,DAY,tag:school-curriculum,,,,FALSE
CEV14-00159,COL-0001,EVT-0348,159,TRUE,RANGE,tag:school-curriculum,,,,FALSE
CEV14-00160,COL-0001,EVT-0173,160,TRUE,DAY,tag:school-curriculum,,,,FALSE
CEV14-00161,COL-0001,EVT-0174,161,TRUE,RANGE,tag:school-curriculum,,,,FALSE
CEV14-00162,COL-0001,EVT-0175,162,TRUE,DAY,tag:school-curriculum,,,,FALSE
CEV14-00163,COL-0001,EVT-0337,163,TRUE,RANGE,tag:school-curriculum,,,,FALSE
CEV14-00164,COL-0001,EVT-0439,164,TRUE,DAY,tag:school-curriculum,,,,FALSE
CEV14-00165,COL-0001,EVT-0441,165,TRUE,DAY,tag:school-curriculum,,,,FALSE
CEV14-00166,COL-0001,EVT-0440,166,TRUE,DAY,tag:school-curriculum,,,,FALSE
CEV14-00167,COL-0001,EVT-0442,167,TRUE,DAY,tag:school-curriculum,,,,FALSE
CEV14-00168,COL-0001,EVT-0176,168,TRUE,DAY,tag:school-curriculum,,,,FALSE
CEV14-00169,COL-0001,EVT-0177,169,TRUE,DAY,tag:school-curriculum,,,,FALSE
CEV14-00170,COL-0001,EVT-0178,170,TRUE,RANGE,tag:school-curriculum,,,,FALSE
CEV14-00171,COL-0001,EVT-0179,171,TRUE,DAY,tag:school-curriculum,,,,FALSE
CEV14-00172,COL-0001,EVT-0171,172,TRUE,DAY,tag:school-curriculum,,,,FALSE
CEV14-00173,COL-0001,EVT-0443,173,TRUE,DAY,tag:school-curriculum,,,,FALSE
CEV14-00174,COL-0001,EVT-0172,174,TRUE,DAY,tag:school-curriculum,,,,FALSE
CEV14-00175,COL-0001,EVT-0078,175,TRUE,DAY,tag:school-curriculum,,,,FALSE
CEV14-00176,COL-0001,EVT-0444,176,TRUE,DAY,tag:school-curriculum,,,,FALSE
CEV14-00177,COL-0001,EVT-0445,177,TRUE,DAY,tag:school-curriculum,,,,FALSE
CEV14-00178,COL-0001,EVT-0349,178,FALSE,NOT_AUTOMATIC,tag:school-curriculum,,,,FALSE
CEV14-00179,COL-0001,EVT-0446,179,TRUE,DAY,tag:school-curriculum,,,,FALSE
CEV14-00180,COL-0001,EVT-0079,180,TRUE,DAY,tag:school-curriculum,,,,FALSE
CEV14-00181,COL-0001,EVT-0447,181,TRUE,DAY,tag:school-curriculum,,,,FALSE
CEV14-00182,COL-0001,EVT-0180,182,TRUE,DAY,tag:school-curriculum,,,,FALSE
CEV14-00183,COL-0001,EVT-0181,183,TRUE,RANGE,tag:school-curriculum,,,,FALSE
CEV14-00184,COL-0001,EVT-0182,184,TRUE,DAY,tag:school-curriculum,,,,FALSE
CEV14-00185,COL-0001,EVT-0448,185,TRUE,DAY,tag:school-curriculum,,,,FALSE
CEV14-00186,COL-0001,EVT-0262,186,TRUE,YEAR,tag:school-curriculum,,,,FALSE
CEV14-00187,COL-0001,EVT-0010,187,TRUE,RANGE,tag:school-curriculum,,,,FALSE
CEV14-00188,COL-0001,EVT-0449,188,TRUE,DAY,tag:school-curriculum,,,,FALSE
CEV14-00189,COL-0001,EVT-0183,189,TRUE,MONTH,tag:school-curriculum,,,,FALSE
CEV14-00190,COL-0001,EVT-0184,190,TRUE,RANGE,tag:school-curriculum,,,,FALSE
CEV14-00191,COL-0001,EVT-0451,191,TRUE,DAY,tag:school-curriculum,,,,FALSE
CEV14-00192,COL-0001,EVT-0452,192,TRUE,DAY,tag:school-curriculum,,,,FALSE
CEV14-00193,COL-0001,EVT-0453,193,TRUE,RANGE,tag:school-curriculum,,,,FALSE
CEV14-00194,COL-0001,EVT-0454,194,TRUE,DAY,tag:school-curriculum,,,,FALSE
CEV14-00195,COL-0001,EVT-0450,195,TRUE,DAY,tag:school-curriculum,,,,FALSE
CEV14-00196,COL-0001,EVT-0455,196,TRUE,DAY,tag:school-curriculum,,,,FALSE
CEV14-00197,COL-0001,EVT-0548,197,TRUE,DAY,tag:school-curriculum,,,,FALSE
CEV14-00198,COL-0001,EVT-0263,198,TRUE,YEAR,tag:school-curriculum,,,,FALSE
CEV14-00199,COL-0001,EVT-0283,199,TRUE,YEAR,tag:school-curriculum,,,,FALSE
CEV14-00200,COL-0001,EVT-0264,200,TRUE,YEAR,tag:school-curriculum,,,,FALSE
CEV14-00201,COL-0001,EVT-0456,201,TRUE,DAY,tag:school-curriculum,,,,FALSE
CEV14-00202,COL-0001,EVT-0457,202,TRUE,RANGE,tag:school-curriculum,,,,FALSE
CEV14-00203,COL-0001,EVT-0350,203,TRUE,YEAR,tag:school-curriculum,,,,FALSE
CEV14-00204,COL-0001,EVT-0185,204,TRUE,RANGE,tag:school-curriculum,,,,FALSE
CEV14-00205,COL-0001,EVT-0186,205,TRUE,DAY,tag:school-curriculum,,,,FALSE
CEV14-00206,COL-0001,EVT-0187,206,TRUE,DAY,tag:school-curriculum,,,,FALSE
CEV14-00207,COL-0001,EVT-0188,207,TRUE,DAY,tag:school-curriculum,,,,FALSE
CEV14-00208,COL-0001,EVT-0458,208,TRUE,RANGE,tag:school-curriculum,,,,FALSE
CEV14-00209,COL-0001,EVT-0189,209,TRUE,DAY,tag:school-curriculum,,,,FALSE
CEV14-00210,COL-0001,EVT-0190,210,TRUE,DAY,tag:school-curriculum,,,,FALSE
CEV14-00211,COL-0001,EVT-0191,211,TRUE,DAY,tag:school-curriculum,,,,FALSE
CEV14-00212,COL-0001,EVT-0194,212,TRUE,RANGE,tag:school-curriculum,,,,FALSE
CEV14-00213,COL-0001,EVT-0459,213,TRUE,DAY,tag:school-curriculum,,,,FALSE
CEV14-00214,COL-0001,EVT-0195,214,TRUE,YEAR,tag:school-curriculum,,,,FALSE
CEV14-00215,COL-0001,EVT-0460,215,TRUE,DAY,tag:school-curriculum,,,,FALSE
CEV14-00216,COL-0001,EVT-0192,216,TRUE,RANGE,tag:school-curriculum,,,,FALSE
CEV14-00217,COL-0001,EVT-0193,217,TRUE,DAY,tag:school-curriculum,,,,FALSE
CEV14-00218,COL-0001,EVT-0461,218,TRUE,RANGE,tag:school-curriculum,,,,FALSE
CEV14-00219,COL-0001,EVT-0462,219,TRUE,DAY,tag:school-curriculum,,,,FALSE
CEV14-00220,COL-0001,EVT-0463,220,TRUE,DAY,tag:school-curriculum,,,,FALSE
CEV14-00221,COL-0001,EVT-0464,221,TRUE,DAY,tag:school-curriculum,,,,FALSE
CEV14-00222,COL-0001,EVT-0198,222,TRUE,YEAR,tag:school-curriculum,,,,FALSE
CEV14-00223,COL-0001,EVT-0197,223,TRUE,DAY,tag:school-curriculum,,,,FALSE
CEV14-00224,COL-0001,EVT-0465,224,TRUE,DAY,tag:school-curriculum,,,,FALSE
CEV14-00225,COL-0001,EVT-0466,225,TRUE,RANGE,tag:school-curriculum,,,,FALSE
CEV14-00226,COL-0001,EVT-0086,226,TRUE,DAY,tag:school-curriculum,,,,FALSE
CEV14-00227,COL-0001,EVT-0467,227,TRUE,DAY,tag:school-curriculum,,,,FALSE
CEV14-00228,COL-0001,EVT-0468,228,TRUE,RANGE,tag:school-curriculum,,,,FALSE
CEV14-00229,COL-0001,EVT-0196,229,TRUE,DAY,tag:school-curriculum,,,,FALSE
CEV14-00230,COL-0001,EVT-0470,230,TRUE,DAY,tag:school-curriculum,,,,FALSE
CEV14-00231,COL-0001,EVT-0469,231,TRUE,DAY,tag:school-curriculum,,,,FALSE
CEV14-00232,COL-0001,EVT-0471,232,TRUE,DAY,tag:school-curriculum,,,,FALSE
CEV14-00233,COL-0001,EVT-0351,233,TRUE,RANGE,tag:school-curriculum,,,,FALSE
CEV14-00234,COL-0001,EVT-0352,234,TRUE,RANGE,tag:school-curriculum,,,,FALSE
CEV14-00235,COL-0001,EVT-0472,235,TRUE,RANGE,tag:school-curriculum,,,,FALSE
CEV14-00236,COL-0001,EVT-0473,236,TRUE,DAY,tag:school-curriculum,,,,FALSE
CEV14-00237,COL-0001,EVT-0353,237,TRUE,DAY,tag:school-curriculum,,,,FALSE
CEV14-00238,COL-0001,EVT-0199,238,TRUE,DAY,tag:school-curriculum,,,,FALSE
CEV14-00239,COL-0001,EVT-0200,239,TRUE,DAY,tag:school-curriculum,,,,FALSE
CEV14-00240,COL-0001,EVT-0201,240,TRUE,DAY,tag:school-curriculum,,,,FALSE
CEV14-00241,COL-0001,EVT-0202,241,TRUE,DAY,tag:school-curriculum,,,,FALSE
CEV14-00242,COL-0001,EVT-0203,242,TRUE,DAY,tag:school-curriculum,,,,FALSE
CEV14-00243,COL-0001,EVT-0474,243,TRUE,DAY,tag:school-curriculum,,,,FALSE
CEV14-00244,COL-0001,EVT-0204,244,TRUE,RANGE,tag:school-curriculum,,,,FALSE
CEV14-00245,COL-0001,EVT-0205,245,TRUE,DAY,tag:school-curriculum,,,,FALSE
CEV14-00246,COL-0001,EVT-0313,246,TRUE,DAY,tag:school-curriculum,,,,FALSE
CEV14-00247,COL-0001,EVT-0002,247,TRUE,DAY,tag:school-curriculum,,,,FALSE
CEV14-00248,COL-0001,EVT-0003,248,TRUE,DAY,tag:school-curriculum,,,,FALSE
CEV14-00249,COL-0001,EVT-0004,249,TRUE,DAY,tag:school-curriculum,,,,FALSE
CEV14-00250,COL-0001,EVT-0476,250,TRUE,DAY,tag:school-curriculum,,,,FALSE
CEV14-00251,COL-0001,EVT-0273,251,TRUE,RANGE,tag:school-curriculum,,,,FALSE
CEV14-00252,COL-0001,EVT-0274,252,TRUE,DAY,tag:school-curriculum,,,,FALSE
CEV14-00253,COL-0001,EVT-0224,253,TRUE,DAY,tag:school-curriculum,,,,FALSE
CEV14-00254,COL-0001,EVT-0477,254,TRUE,DAY,tag:school-curriculum,,,,FALSE
CEV14-00255,COL-0001,EVT-0226,255,TRUE,DAY,tag:school-curriculum,,,,FALSE
CEV14-00256,COL-0001,EVT-0225,256,TRUE,DAY,tag:school-curriculum,,,,FALSE
CEV14-00257,COL-0001,EVT-0001,257,TRUE,DAY,tag:school-curriculum,,,,FALSE
CEV14-00258,COL-0001,EVT-0082,258,TRUE,DAY,tag:school-curriculum,,,,FALSE
CEV14-00259,COL-0001,EVT-0322,259,TRUE,RANGE,tag:school-curriculum,,,,FALSE
CEV14-00260,COL-0001,EVT-0323,260,TRUE,DAY,tag:school-curriculum,,,,FALSE
CEV14-00261,COL-0001,EVT-0083,261,TRUE,DAY,tag:school-curriculum,,,,FALSE
CEV14-00262,COL-0001,EVT-0324,262,TRUE,MONTH,tag:school-curriculum,,,,FALSE
CEV14-00263,COL-0001,EVT-0475,263,TRUE,RANGE,tag:school-curriculum,,,,FALSE
CEV14-00264,COL-0001,EVT-0325,264,TRUE,MONTH,tag:school-curriculum,,,,FALSE
CEV14-00265,COL-0001,EVT-0227,265,TRUE,DAY,tag:school-curriculum,,,,FALSE
CEV14-00266,COL-0001,EVT-0087,266,TRUE,DAY,tag:school-curriculum,,,,FALSE
CEV14-00267,COL-0001,EVT-0005,267,TRUE,DAY,tag:school-curriculum,,,,FALSE
CEV14-00268,COL-0001,EVT-0084,268,TRUE,DAY,tag:school-curriculum,,,,FALSE
CEV14-00269,COL-0001,EVT-0085,269,TRUE,DAY,tag:school-curriculum,,,,FALSE
CEV14-00270,COL-0001,EVT-0088,270,TRUE,DAY,tag:school-curriculum,,,,FALSE
CEV14-00271,COL-0001,EVT-0478,271,TRUE,DAY,tag:school-curriculum,,,,FALSE
CEV14-00272,COL-0001,EVT-0012,272,TRUE,RANGE,tag:school-curriculum,,,,FALSE
CEV14-00273,COL-0001,EVT-0089,273,TRUE,DAY,tag:school-curriculum,,,,FALSE
CEV14-00274,COL-0001,EVT-0479,274,TRUE,DAY,tag:school-curriculum,,,,FALSE
CEV14-00275,COL-0001,EVT-0480,275,TRUE,DAY,tag:school-curriculum,,,,FALSE
CEV14-00276,COL-0001,EVT-0481,276,TRUE,DAY,tag:school-curriculum,,,,FALSE
CEV14-00277,COL-0001,EVT-0206,277,TRUE,RANGE,tag:school-curriculum,,,,FALSE
CEV14-00278,COL-0001,EVT-0207,278,TRUE,RANGE,tag:school-curriculum,,,,FALSE
CEV14-00279,COL-0001,EVT-0208,279,TRUE,RANGE,tag:school-curriculum,,,,FALSE
CEV14-00280,COL-0001,EVT-0090,280,TRUE,DAY,tag:school-curriculum,,,,FALSE
CEV14-00281,COL-0001,EVT-0209,281,TRUE,DAY,tag:school-curriculum,,,,FALSE
CEV14-00282,COL-0001,EVT-0230,282,TRUE,DAY,tag:school-curriculum,,,,FALSE
CEV14-00283,COL-0001,EVT-0482,283,TRUE,RANGE,tag:school-curriculum,,,,FALSE
CEV14-00284,COL-0001,EVT-0314,284,TRUE,DAY,tag:school-curriculum,,,,FALSE
CEV14-00285,COL-0001,EVT-0210,285,TRUE,DAY,tag:school-curriculum,,,,FALSE
CEV14-00286,COL-0001,EVT-0354,286,TRUE,YEAR,tag:school-curriculum,,,,FALSE
CEV14-00287,COL-0001,EVT-0483,287,TRUE,DAY,tag:school-curriculum,,,,FALSE
CEV14-00288,COL-0001,EVT-0484,288,TRUE,DAY,tag:school-curriculum,,,,FALSE
CEV14-00289,COL-0001,EVT-0485,289,TRUE,DAY,tag:school-curriculum,,,,FALSE
CEV14-00290,COL-0001,EVT-0211,290,TRUE,DAY,tag:school-curriculum,,,,FALSE
CEV14-00291,COL-0001,EVT-0212,291,TRUE,RANGE,tag:school-curriculum,,,,FALSE
CEV14-00292,COL-0001,EVT-0091,292,TRUE,DAY,tag:school-curriculum,,,,FALSE
CEV14-00293,COL-0001,EVT-0486,293,TRUE,DAY,tag:school-curriculum,,,,FALSE
CEV14-00294,COL-0001,EVT-0092,294,TRUE,DAY,tag:school-curriculum,,,,FALSE
CEV14-00295,COL-0001,EVT-0232,295,TRUE,DAY,tag:school-curriculum,,,,FALSE
CEV14-00296,COL-0001,EVT-0233,296,TRUE,DAY,tag:school-curriculum,,,,FALSE
CEV14-00297,COL-0001,EVT-0487,297,TRUE,DAY,tag:school-curriculum,,,,FALSE
CEV14-00298,COL-0001,EVT-0234,298,TRUE,DAY,tag:school-curriculum,,,,FALSE
CEV14-00299,COL-0001,EVT-0235,299,TRUE,DAY,tag:school-curriculum,,,,FALSE
CEV14-00300,COL-0001,EVT-0236,300,TRUE,DAY,tag:school-curriculum,,,,FALSE
CEV14-00301,COL-0001,EVT-0237,301,TRUE,DAY,tag:school-curriculum,,,,FALSE
CEV14-00302,COL-0001,EVT-0238,302,TRUE,DAY,tag:school-curriculum,,,,FALSE
CEV14-00303,COL-0001,EVT-0239,303,TRUE,DAY,tag:school-curriculum,,,,FALSE
CEV14-00304,COL-0001,EVT-0488,304,TRUE,DAY,tag:school-curriculum,,,,FALSE
CEV14-00305,COL-0001,EVT-0489,305,TRUE,DAY,tag:school-curriculum,,,,FALSE
CEV14-00306,COL-0001,EVT-0240,306,TRUE,DAY,tag:school-curriculum,,,,FALSE
CEV14-00307,COL-0001,EVT-0490,307,TRUE,RANGE,tag:school-curriculum,,,,FALSE
CEV14-00308,COL-0001,EVT-0366,308,TRUE,DAY,tag:school-curriculum,,,,FALSE
CEV14-00309,COL-0001,EVT-0491,309,TRUE,DAY,tag:school-curriculum,,,,FALSE
CEV14-00310,COL-0001,EVT-0492,310,TRUE,DAY,tag:school-curriculum,,,,FALSE
CEV14-00311,COL-0001,EVT-0493,311,TRUE,DAY,tag:school-curriculum,,,,FALSE
CEV14-00312,COL-0001,EVT-0494,312,TRUE,DAY,tag:school-curriculum,,,,FALSE
CEV14-00313,COL-0001,EVT-0495,313,TRUE,DAY,tag:school-curriculum,,,,FALSE
CEV14-00314,COL-0001,EVT-0496,314,TRUE,RANGE,tag:school-curriculum,,,,FALSE
CEV14-00315,COL-0001,EVT-0011,315,TRUE,YEAR,tag:school-curriculum,,,,FALSE
CEV14-00316,COL-0001,EVT-0355,316,TRUE,RANGE,tag:school-curriculum,,,,FALSE
CEV14-00317,COL-0001,EVT-0497,317,TRUE,DAY,tag:school-curriculum,,,,FALSE
CEV14-00318,COL-0001,EVT-0498,318,TRUE,DAY,tag:school-curriculum,,,,FALSE
CEV14-00319,COL-0001,EVT-0243,319,TRUE,MONTH,tag:school-curriculum,,,,FALSE
CEV14-00320,COL-0001,EVT-0241,320,TRUE,DAY,tag:school-curriculum,,,,FALSE
CEV14-00321,COL-0001,EVT-0499,321,TRUE,DAY,tag:school-curriculum,,,,FALSE
CEV14-00322,COL-0001,EVT-0500,322,TRUE,RANGE,tag:school-curriculum,,,,FALSE
CEV14-00323,COL-0001,EVT-0501,323,TRUE,DAY,tag:school-curriculum,,,,FALSE
CEV14-00324,COL-0001,EVT-0356,324,TRUE,RANGE,tag:school-curriculum,,,,FALSE
CEV14-00325,COL-0001,EVT-0093,325,TRUE,DAY,tag:school-curriculum,,,,FALSE
CEV14-00326,COL-0001,EVT-0094,326,TRUE,RANGE,tag:school-curriculum,,,,FALSE
CEV14-00327,COL-0001,EVT-0095,327,TRUE,DAY,tag:school-curriculum,,,,FALSE
CEV14-00328,COL-0001,EVT-0096,328,TRUE,DAY,tag:school-curriculum,,,,FALSE
CEV14-00329,COL-0001,EVT-0502,329,TRUE,RANGE,tag:school-curriculum,,,,FALSE
CEV14-00330,COL-0001,EVT-0503,330,TRUE,DAY,tag:school-curriculum,,,,FALSE
CEV14-00331,COL-0001,EVT-0504,331,TRUE,DAY,tag:school-curriculum,,,,FALSE
CEV14-00332,COL-0001,EVT-0244,332,TRUE,RANGE,tag:school-curriculum,,,,FALSE
CEV14-00333,COL-0001,EVT-0505,333,TRUE,DAY,tag:school-curriculum,,,,FALSE
CEV14-00334,COL-0001,EVT-0013,334,TRUE,RANGE,tag:school-curriculum,,,,FALSE
CEV14-00335,COL-0001,EVT-0097,335,TRUE,DAY,tag:school-curriculum,,,,FALSE
CEV14-00336,COL-0001,EVT-0098,336,TRUE,DAY,tag:school-curriculum,,,,FALSE
CEV14-00337,COL-0001,EVT-0506,337,TRUE,DAY,tag:school-curriculum,,,,FALSE
CEV14-00338,COL-0001,EVT-0507,338,TRUE,RANGE,tag:school-curriculum,,,,FALSE
CEV14-00339,COL-0001,EVT-0508,339,TRUE,DAY,tag:school-curriculum,,,,FALSE
CEV14-00340,COL-0001,EVT-0103,340,TRUE,DAY,tag:school-curriculum,,,,FALSE
CEV14-00341,COL-0001,EVT-0246,341,TRUE,DAY,tag:school-curriculum,,,,FALSE
CEV14-00342,COL-0001,EVT-0014,342,TRUE,DAY,tag:school-curriculum,,,,FALSE
CEV14-00343,COL-0001,EVT-0105,343,TRUE,DAY,tag:school-curriculum,,,,FALSE
CEV14-00344,COL-0001,EVT-0248,344,TRUE,DAY,tag:school-curriculum,,,,FALSE
CEV14-00345,COL-0001,EVT-0249,345,TRUE,DAY,tag:school-curriculum,,,,FALSE
CEV14-00346,COL-0001,EVT-0106,346,TRUE,DAY,tag:school-curriculum,,,,FALSE
CEV14-00347,COL-0001,EVT-0509,347,TRUE,RANGE,tag:school-curriculum,,,,FALSE
CEV14-00348,COL-0001,EVT-0107,348,TRUE,DAY,tag:school-curriculum,,,,FALSE
CEV14-00349,COL-0001,EVT-0099,349,TRUE,DAY,tag:school-curriculum,,,,FALSE
CEV14-00350,COL-0001,EVT-0510,350,TRUE,DAY,tag:school-curriculum,,,,FALSE
CEV14-00351,COL-0001,EVT-0511,351,TRUE,DAY,tag:school-curriculum,,,,FALSE
CEV14-00352,COL-0001,EVT-0512,352,TRUE,RANGE,tag:school-curriculum,,,,FALSE
CEV14-00353,COL-0001,EVT-0015,353,TRUE,RANGE,tag:school-curriculum,,,,FALSE
CEV14-00354,COL-0001,EVT-0513,354,TRUE,RANGE,tag:school-curriculum,,,,FALSE
CEV14-00355,COL-0001,EVT-0514,355,TRUE,RANGE,tag:school-curriculum,,,,FALSE
CEV14-00356,COL-0001,EVT-0016,356,TRUE,DAY,tag:school-curriculum,,,,FALSE
CEV14-00357,COL-0001,EVT-0515,357,TRUE,DAY,tag:school-curriculum,,,,FALSE
CEV14-00358,COL-0001,EVT-0516,358,TRUE,DAY,tag:school-curriculum,,,,FALSE
CEV14-00359,COL-0001,EVT-0517,359,TRUE,RANGE,tag:school-curriculum,,,,FALSE
CEV14-00360,COL-0001,EVT-0109,360,TRUE,DAY,tag:school-curriculum,,,,FALSE
CEV14-00361,COL-0001,EVT-0006,361,TRUE,DAY,tag:school-curriculum,,,,FALSE
CEV14-00362,COL-0001,EVT-0360,362,TRUE,DAY,tag:school-curriculum,,,,FALSE
CEV14-00363,COL-0001,EVT-0017,363,TRUE,DAY,tag:school-curriculum,,,,FALSE
CEV14-00364,COL-0001,EVT-0284,364,TRUE,DAY,tag:school-curriculum,,,,FALSE
CEV14-00365,COL-0001,EVT-0100,365,TRUE,DAY,tag:school-curriculum,,,,FALSE
CEV14-00366,COL-0001,EVT-0518,366,TRUE,DAY,tag:school-curriculum,,,,FALSE
CEV14-00367,COL-0001,EVT-0519,367,TRUE,RANGE,tag:school-curriculum,,,,FALSE
CEV14-00368,COL-0001,EVT-0007,368,TRUE,DAY,tag:school-curriculum,,,,FALSE
CEV14-00369,COL-0001,EVT-0101,369,TRUE,DAY,tag:school-curriculum,,,,FALSE
CEV14-00370,COL-0001,EVT-0357,370,TRUE,DAY,tag:school-curriculum,,,,FALSE
CEV14-00371,COL-0001,EVT-0520,371,TRUE,DAY,tag:school-curriculum,,,,FALSE
CEV14-00372,COL-0001,EVT-0521,372,TRUE,DAY,tag:school-curriculum,,,,FALSE
CEV14-00373,COL-0001,EVT-0102,373,TRUE,DAY,tag:school-curriculum,,,,FALSE
CEV14-00374,COL-0001,EVT-0128,374,TRUE,RANGE,tag:school-curriculum,,,,FALSE
CEV14-00375,COL-0001,EVT-0008,375,TRUE,DAY,tag:school-curriculum,,,,FALSE
CEV14-00376,COL-0001,EVT-0358,376,TRUE,DAY,tag:school-curriculum,,,,FALSE
CEV14-00377,COL-0001,EVT-0307,377,TRUE,DAY,tag:school-curriculum,,,,FALSE
CEV14-00378,COL-0001,EVT-0308,378,TRUE,DAY,tag:school-curriculum,,,,FALSE
CEV14-00379,COL-0001,EVT-0250,379,TRUE,DAY,tag:school-curriculum,,,,FALSE
CEV14-00380,COL-0001,EVT-0110,380,TRUE,DAY,tag:school-curriculum,,,,FALSE
CEV14-00381,COL-0001,EVT-0359,381,TRUE,RANGE,tag:school-curriculum,,,,FALSE
CEV14-00382,COL-0001,EVT-0523,382,TRUE,DAY,tag:school-curriculum,,,,FALSE
CEV14-00383,COL-0001,EVT-0522,383,TRUE,DAY,tag:school-curriculum,,,,FALSE
CEV14-00384,COL-0001,EVT-0298,384,TRUE,DAY,tag:school-curriculum,,,,FALSE
CEV14-00385,COL-0001,EVT-0111,385,TRUE,DAY,tag:school-curriculum,,,,FALSE
CEV14-00386,COL-0001,EVT-0524,386,TRUE,DAY,tag:school-curriculum,,,,FALSE
CEV14-00387,COL-0001,EVT-0112,387,TRUE,DAY,tag:school-curriculum,,,,FALSE
CEV14-00388,COL-0001,EVT-0525,388,TRUE,DAY,tag:school-curriculum,,,,FALSE
CEV14-00389,COL-0001,EVT-0018,389,TRUE,DAY,tag:school-curriculum,,,,FALSE
CEV14-00390,COL-0001,EVT-0275,390,TRUE,DAY,tag:school-curriculum,,,,FALSE
CEV14-00391,COL-0001,EVT-0116,391,TRUE,DAY,tag:school-curriculum,,,,FALSE
CEV14-00392,COL-0001,EVT-0117,392,TRUE,DAY,tag:school-curriculum,,,,FALSE
CEV14-00393,COL-0001,EVT-0276,393,TRUE,DAY,tag:school-curriculum,,,,FALSE
CEV14-00394,COL-0001,EVT-0251,394,TRUE,RANGE,tag:school-curriculum,,,,FALSE
CEV14-00395,COL-0001,EVT-0252,395,TRUE,DAY,tag:school-curriculum,,,,FALSE
CEV14-00396,COL-0001,EVT-0253,396,TRUE,DAY,tag:school-curriculum,,,,FALSE
CEV14-00397,COL-0001,EVT-0254,397,TRUE,DAY,tag:school-curriculum,,,,FALSE
CEV14-00398,COL-0001,EVT-0255,398,TRUE,DAY,tag:school-curriculum,,,,FALSE
CEV14-00399,COL-0001,EVT-0530,399,TRUE,DAY,tag:school-curriculum,,,,FALSE
CEV14-00400,COL-0001,EVT-0526,400,TRUE,RANGE,tag:school-curriculum,,,,FALSE
CEV14-00401,COL-0001,EVT-0527,401,TRUE,DAY,tag:school-curriculum,,,,FALSE
CEV14-00402,COL-0001,EVT-0528,402,TRUE,RANGE,tag:school-curriculum,,,,FALSE
CEV14-00403,COL-0001,EVT-0285,403,TRUE,DAY,tag:school-curriculum,,,,FALSE
CEV14-00404,COL-0001,EVT-0118,404,TRUE,DAY,tag:school-curriculum,,,,FALSE
CEV14-00405,COL-0001,EVT-0286,405,TRUE,DAY,tag:school-curriculum,,,,FALSE
CEV14-00406,COL-0001,EVT-0119,406,TRUE,DAY,tag:school-curriculum,,,,FALSE
CEV14-00407,COL-0001,EVT-0361,407,TRUE,DAY,tag:school-curriculum,,,,FALSE
CEV14-00408,COL-0001,EVT-0362,408,TRUE,DAY,tag:school-curriculum,,,,FALSE
CEV14-00409,COL-0001,EVT-0531,409,TRUE,DAY,tag:school-curriculum,,,,FALSE
CEV14-00410,COL-0001,EVT-0529,410,TRUE,DAY,tag:school-curriculum,,,,FALSE
CEV14-00411,COL-0001,EVT-0287,411,TRUE,DAY,tag:school-curriculum,,,,FALSE
CEV14-00412,COL-0001,EVT-0532,412,TRUE,RANGE,tag:school-curriculum,,,,FALSE
CEV14-00413,COL-0001,EVT-0113,413,TRUE,DAY,tag:school-curriculum,,,,FALSE
CEV14-00414,COL-0001,EVT-0120,414,TRUE,DAY,tag:school-curriculum,,,,FALSE
CEV14-00415,COL-0001,EVT-0121,415,TRUE,DAY,tag:school-curriculum,,,,FALSE
CEV14-00416,COL-0001,EVT-0122,416,TRUE,DAY,tag:school-curriculum,,,,FALSE
CEV14-00417,COL-0001,EVT-0123,417,TRUE,DAY,tag:school-curriculum,,,,FALSE
CEV14-00418,COL-0001,EVT-0124,418,TRUE,DAY,tag:school-curriculum,,,,FALSE
CEV14-00419,COL-0001,EVT-0533,419,TRUE,RANGE,tag:school-curriculum,,,,FALSE
CEV14-00420,COL-0001,EVT-0363,420,TRUE,DAY,tag:school-curriculum,,,,FALSE
CEV14-00421,COL-0001,EVT-0534,421,TRUE,DAY,tag:school-curriculum,,,,FALSE
CEV14-00422,COL-0001,EVT-0535,422,TRUE,DAY,tag:school-curriculum,,,,FALSE
CEV14-00423,COL-0001,EVT-0129,423,TRUE,DAY,tag:school-curriculum,,,,FALSE
CEV14-00424,COL-0001,EVT-0536,424,TRUE,RANGE,tag:school-curriculum,,,,FALSE
CEV14-00425,COL-0001,EVT-0537,425,TRUE,RANGE,tag:school-curriculum,,,,FALSE
CEV14-00426,COL-0001,EVT-0538,426,TRUE,DAY,tag:school-curriculum,,,,FALSE
CEV14-00427,COL-0001,EVT-0539,427,TRUE,DAY,tag:school-curriculum,,,,FALSE
CEV14-00428,COL-0001,EVT-0288,428,TRUE,DAY,tag:school-curriculum,,,,FALSE
CEV14-00429,COL-0001,EVT-0289,429,TRUE,DAY,tag:school-curriculum,,,,FALSE
CEV14-00430,COL-0001,EVT-0130,430,TRUE,DAY,tag:school-curriculum,,,,FALSE
CEV14-00431,COL-0001,EVT-0315,431,TRUE,DAY,tag:school-curriculum,,,,FALSE
CEV14-00432,COL-0001,EVT-0316,432,TRUE,DAY,tag:school-curriculum,,,,FALSE
CEV14-00433,COL-0001,EVT-0265,433,TRUE,DAY,tag:school-curriculum,,,,FALSE
CEV14-00434,COL-0001,EVT-0266,434,TRUE,DAY,tag:school-curriculum,,,,FALSE
CEV14-00435,COL-0001,EVT-0131,435,TRUE,DAY,tag:school-curriculum,,,,FALSE
CEV14-00436,COL-0001,EVT-0132,436,TRUE,DAY,tag:school-curriculum,,,,FALSE
CEV14-00437,COL-0001,EVT-0540,437,TRUE,DAY,tag:school-curriculum,,,,FALSE
CEV14-00438,COL-0001,EVT-0267,438,TRUE,DAY,tag:school-curriculum,,,,FALSE
CEV14-00439,COL-0001,EVT-0268,439,TRUE,DAY,tag:school-curriculum,,,,FALSE
CEV14-00440,COL-0001,EVT-0541,440,TRUE,RANGE,tag:school-curriculum,,,,FALSE
CEV14-00441,COL-0001,EVT-0269,441,TRUE,DAY,tag:school-curriculum,,,,FALSE
CEV14-00442,COL-0001,EVT-0270,442,TRUE,DAY,tag:school-curriculum,,,,FALSE
CEV14-00443,COL-0001,EVT-0542,443,TRUE,DAY,tag:school-curriculum,,,,FALSE
CEV14-00444,COL-0001,EVT-0543,444,TRUE,DAY,tag:school-curriculum,,,,FALSE
CEV14-00445,COL-0001,EVT-0544,445,TRUE,DAY,tag:school-curriculum,,,,FALSE
CEV14-00446,COL-0001,EVT-0364,446,TRUE,DAY,tag:school-curriculum,,,,FALSE
CEV14-00447,COL-0001,EVT-0133,447,TRUE,DAY,tag:school-curriculum,,,,FALSE
CEV14-00448,COL-0001,EVT-0134,448,TRUE,DAY,tag:school-curriculum,,,,FALSE
CEV14-00449,COL-0001,EVT-0278,449,TRUE,DAY,tag:school-curriculum,,,,FALSE
CEV14-00450,COL-0001,EVT-0280,450,TRUE,DAY,tag:school-curriculum,,,,FALSE
CEV14-00451,COL-0001,EVT-0545,451,TRUE,DAY,tag:school-curriculum,,,,FALSE
CEV14-00452,COL-0001,EVT-0135,452,TRUE,DAY,tag:school-curriculum,,,,FALSE
CEV14-00453,COL-0001,EVT-0546,453,TRUE,DAY,tag:school-curriculum,,,,FALSE
CEV14-00454,COL-0001,EVT-0114,454,TRUE,DAY,tag:school-curriculum,,,,FALSE
CEV14-00455,COL-0001,EVT-0281,455,TRUE,DAY,tag:school-curriculum,,,,FALSE
CEV14-00456,COL-0001,EVT-0299,456,TRUE,DAY,tag:school-curriculum,,,,FALSE
CEV14-00457,COL-0001,EVT-0547,457,TRUE,DAY,tag:school-curriculum,,,,FALSE
CEV14-00458,COL-0001,EVT-0277,458,TRUE,DAY,tag:school-curriculum,,,,FALSE
CEV14-00459,COL-0001,EVT-0256,459,TRUE,DAY,tag:school-curriculum,,,,FALSE
CEV14-00460,COL-0001,EVT-0300,460,TRUE,DAY,tag:school-curriculum,,,,FALSE
CEV14-00461,COL-0001,EVT-0301,461,TRUE,DAY,tag:school-curriculum,,,,FALSE
CEV14-00462,COL-0001,EVT-0257,462,TRUE,DAY,tag:school-curriculum,,,,FALSE
CEV14-00463,COL-0001,EVT-0258,463,TRUE,DAY,tag:school-curriculum,,,,FALSE
CEV14-00464,COL-0001,EVT-0115,464,TRUE,DAY,tag:school-curriculum,,,,FALSE
CEV14-00465,COL-0001,EVT-0271,465,TRUE,DAY,tag:school-curriculum,,,,FALSE
CEV14-00466,COL-0001,EVT-0317,466,TRUE,DAY,tag:school-curriculum,,,,FALSE
CEV14-00467,COL-0001,EVT-0305,467,TRUE,DAY,tag:school-curriculum,,,,FALSE
CEV14-00468,COL-0001,EVT-0272,468,TRUE,DAY,tag:school-curriculum,,,,FALSE
CEV14-00469,COL-0001,EVT-0303,469,TRUE,RANGE,tag:school-curriculum,,,,FALSE
CEV14-00470,COL-0001,EVT-0304,470,TRUE,DAY,tag:school-curriculum,,,,FALSE
CEV14-00471,COL-0001,EVT-0259,471,TRUE,DAY,tag:school-curriculum,,,,FALSE
CEV14-00472,COL-0001,EVT-0260,472,TRUE,DAY,tag:school-curriculum,,,,FALSE
CEV14-00473,COL-0001,EVT-0261,473,TRUE,DAY,tag:school-curriculum,,,,FALSE
CEV14-00474,COL-0001,EVT-0279,474,TRUE,DAY,tag:school-curriculum,,,,FALSE
CEV14-00475,COL-0001,EVT-0282,475,TRUE,DAY,tag:school-curriculum,,,,FALSE
CEV14-00476,COL-0001,EVT-0296,476,TRUE,DAY,tag:school-curriculum,,,,FALSE
CEV14-00477,COL-0001,EVT-0318,477,TRUE,DAY,tag:school-curriculum,,,,FALSE
CEV14-00478,COL-0001,EVT-0290,478,TRUE,DAY,tag:school-curriculum,,,,FALSE
CEV14-00479,COL-0001,EVT-0291,479,TRUE,DAY,tag:school-curriculum,,,,FALSE
CEV14-00480,COL-0001,EVT-0302,480,TRUE,DAY,tag:school-curriculum,,,,FALSE
CEV14-00481,COL-0001,EVT-0319,481,TRUE,DAY,tag:school-curriculum,,,,FALSE
CEV14-00482,COL-0001,EVT-0297,482,TRUE,DAY,tag:school-curriculum,,,,FALSE
CEV14-00483,COL-0001,EVT-0326,483,TRUE,DAY,tag:school-curriculum,,,,FALSE
CEV14-00484,COL-0001,EVT-0312,484,TRUE,YEAR,tag:school-curriculum,,,,FALSE
CEV14-00485,COL-0001,EVT-0311,485,TRUE,YEAR,tag:school-curriculum,,,,FALSE
CEV14-00486,COL-0001,EVT-0309,486,TRUE,RANGE,tag:school-curriculum,,,,FALSE
CEV14-00487,COL-0001,EVT-0320,487,TRUE,DAY,tag:school-curriculum,,,,FALSE
CEV14-00488,COL-0001,EVT-0310,488,TRUE,DAY,tag:school-curriculum,,,,FALSE
CEV14-00489,COL-0001,EVT-0321,489,TRUE,DAY,tag:school-curriculum,,,,FALSE
CEV14-00490,COL-0001,EVT-0306,490,TRUE,DAY,tag:school-curriculum,,,,FALSE
CEV14-00491,COL-0001,EVT-0293,491,TRUE,DAY,tag:school-curriculum,,,,FALSE
CEV14-00492,COL-0001,EVT-0294,492,TRUE,DAY,tag:school-curriculum,,,,FALSE
CEV14-00493,COL-0001,EVT-0009,493,FALSE,NOT_AUTOMATIC,tag:school-curriculum,,,,FALSE
CEV14-00494,COL-0001,EVT-0022,494,FALSE,NOT_AUTOMATIC,tag:school-curriculum,,,,FALSE
CEV14-00495,COL-0001,EVT-0025,495,FALSE,NOT_AUTOMATIC,tag:school-curriculum,,,,FALSE
CEV14-00496,COL-0001,EVT-0026,496,FALSE,NOT_AUTOMATIC,tag:school-curriculum,,,,FALSE
CEV14-00497,COL-0001,EVT-0029,497,FALSE,NOT_AUTOMATIC,tag:school-curriculum,,,,FALSE
CEV14-00498,COL-0001,EVT-0053,498,FALSE,NOT_AUTOMATIC,tag:school-curriculum,,,,FALSE
CEV14-00499,COL-0001,EVT-0142,499,FALSE,NOT_AUTOMATIC,tag:school-curriculum,,,,FALSE
CEV14-00500,COL-0001,EVT-0145,500,FALSE,NOT_AUTOMATIC,tag:school-curriculum,,,,FALSE
CEV14-00501,COL-0001,EVT-0168,501,FALSE,NOT_AUTOMATIC,tag:school-curriculum,,,,FALSE
CEV14-00502,COL-0001,EVT-0169,502,FALSE,NOT_AUTOMATIC,tag:school-curriculum,,,,FALSE
CEV14-00503,COL-0001,EVT-0170,503,FALSE,NOT_AUTOMATIC,tag:school-curriculum,,,,FALSE
CEV14-00504,COL-0001,EVT-0338,504,FALSE,NOT_AUTOMATIC,tag:school-curriculum,,,,FALSE
CEV14-00505,COL-0001,EVT-0339,505,FALSE,NOT_AUTOMATIC,tag:school-curriculum,,,,FALSE
CEV14-00506,COL-0001,EVT-0342,506,FALSE,NOT_AUTOMATIC,tag:school-curriculum,,,,FALSE
CEV14-00507,COL-0001,EVT-0345,507,FALSE,NOT_AUTOMATIC,tag:school-curriculum,,,,FALSE
CEV14-00508,COL-0002,EVT-0478,1,TRUE,DAY,tag:level-3e,,,,FALSE
CEV14-00509,COL-0002,EVT-0012,2,TRUE,RANGE,tag:level-3e,,,,FALSE
CEV14-00510,COL-0002,EVT-0089,3,TRUE,DAY,tag:level-3e,,,,FALSE
CEV14-00511,COL-0002,EVT-0479,4,TRUE,DAY,tag:level-3e,,,,FALSE
CEV14-00512,COL-0002,EVT-0480,5,TRUE,DAY,tag:level-3e,,,,FALSE
CEV14-00513,COL-0002,EVT-0481,6,TRUE,DAY,tag:level-3e,,,,FALSE
CEV14-00514,COL-0002,EVT-0090,7,TRUE,DAY,tag:level-3e,,,,FALSE
CEV14-00515,COL-0002,EVT-0482,8,TRUE,RANGE,tag:level-3e,,,,FALSE
CEV14-00516,COL-0002,EVT-0354,9,TRUE,YEAR,tag:level-3e,,,,FALSE
CEV14-00517,COL-0002,EVT-0483,10,TRUE,DAY,tag:level-3e,,,,FALSE
CEV14-00518,COL-0002,EVT-0484,11,TRUE,DAY,tag:level-3e,,,,FALSE
CEV14-00519,COL-0002,EVT-0485,12,TRUE,DAY,tag:level-3e,,,,FALSE
CEV14-00520,COL-0002,EVT-0091,13,TRUE,DAY,tag:level-3e,,,,FALSE
CEV14-00521,COL-0002,EVT-0486,14,TRUE,DAY,tag:level-3e,,,,FALSE
CEV14-00522,COL-0002,EVT-0092,15,TRUE,DAY,tag:level-3e,,,,FALSE
CEV14-00523,COL-0002,EVT-0487,16,TRUE,DAY,tag:level-3e,,,,FALSE
CEV14-00524,COL-0002,EVT-0488,17,TRUE,DAY,tag:level-3e,,,,FALSE
CEV14-00525,COL-0002,EVT-0489,18,TRUE,DAY,tag:level-3e,,,,FALSE
CEV14-00526,COL-0002,EVT-0490,19,TRUE,RANGE,tag:level-3e,,,,FALSE
CEV14-00527,COL-0002,EVT-0491,20,TRUE,DAY,tag:level-3e,,,,FALSE
CEV14-00528,COL-0002,EVT-0492,21,TRUE,DAY,tag:level-3e,,,,FALSE
CEV14-00529,COL-0002,EVT-0493,22,TRUE,DAY,tag:level-3e,,,,FALSE
CEV14-00530,COL-0002,EVT-0355,23,TRUE,RANGE,tag:level-3e,,,,FALSE
CEV14-00531,COL-0002,EVT-0356,24,TRUE,RANGE,tag:level-3e,,,,FALSE
CEV14-00532,COL-0002,EVT-0093,25,TRUE,DAY,tag:level-3e,,,,FALSE
CEV14-00533,COL-0002,EVT-0094,26,TRUE,RANGE,tag:level-3e,,,,FALSE
CEV14-00534,COL-0002,EVT-0095,27,TRUE,DAY,tag:level-3e,,,,FALSE
CEV14-00535,COL-0002,EVT-0096,28,TRUE,DAY,tag:level-3e,,,,FALSE
CEV14-00536,COL-0002,EVT-0505,29,TRUE,DAY,tag:level-3e,,,,FALSE
CEV14-00537,COL-0002,EVT-0013,30,TRUE,RANGE,tag:level-3e,,,,FALSE
CEV14-00538,COL-0002,EVT-0097,31,TRUE,DAY,tag:level-3e,,,,FALSE
CEV14-00539,COL-0002,EVT-0098,32,TRUE,DAY,tag:level-3e,,,,FALSE
CEV14-00540,COL-0002,EVT-0506,33,TRUE,DAY,tag:level-3e,,,,FALSE
CEV14-00541,COL-0002,EVT-0507,34,TRUE,RANGE,tag:level-3e,,,,FALSE
CEV14-00542,COL-0002,EVT-0508,35,TRUE,DAY,tag:level-3e,,,,FALSE
CEV14-00543,COL-0002,EVT-0103,36,TRUE,DAY,tag:level-3e,,,,FALSE
CEV14-00544,COL-0002,EVT-0014,37,TRUE,DAY,tag:level-3e,,,,FALSE
CEV14-00545,COL-0002,EVT-0105,38,TRUE,DAY,tag:level-3e,,,,FALSE
CEV14-00546,COL-0002,EVT-0106,39,TRUE,DAY,tag:level-3e,,,,FALSE
CEV14-00547,COL-0002,EVT-0509,40,TRUE,RANGE,tag:level-3e,,,,FALSE
CEV14-00548,COL-0002,EVT-0107,41,TRUE,DAY,tag:level-3e,,,,FALSE
CEV14-00549,COL-0002,EVT-0099,42,TRUE,DAY,tag:level-3e,,,,FALSE
CEV14-00550,COL-0002,EVT-0510,43,TRUE,DAY,tag:level-3e,,,,FALSE
CEV14-00551,COL-0002,EVT-0511,44,TRUE,DAY,tag:level-3e,,,,FALSE
CEV14-00552,COL-0002,EVT-0512,45,TRUE,RANGE,tag:level-3e,,,,FALSE
CEV14-00553,COL-0002,EVT-0513,46,TRUE,RANGE,tag:level-3e,,,,FALSE
CEV14-00554,COL-0002,EVT-0514,47,TRUE,RANGE,tag:level-3e,,,,FALSE
CEV14-00555,COL-0002,EVT-0016,48,TRUE,DAY,tag:level-3e,,,,FALSE
CEV14-00556,COL-0002,EVT-0515,49,TRUE,DAY,tag:level-3e,,,,FALSE
CEV14-00557,COL-0002,EVT-0516,50,TRUE,DAY,tag:level-3e,,,,FALSE
CEV14-00558,COL-0002,EVT-0517,51,TRUE,RANGE,tag:level-3e,,,,FALSE
CEV14-00559,COL-0002,EVT-0109,52,TRUE,DAY,tag:level-3e,,,,FALSE
CEV14-00560,COL-0002,EVT-0006,53,TRUE,DAY,tag:level-3e,,,,FALSE
CEV14-00561,COL-0002,EVT-0360,54,TRUE,DAY,tag:level-3e,,,,FALSE
CEV14-00562,COL-0002,EVT-0017,55,TRUE,DAY,tag:level-3e,,,,FALSE
CEV14-00563,COL-0002,EVT-0100,56,TRUE,DAY,tag:level-3e,,,,FALSE
CEV14-00564,COL-0002,EVT-0518,57,TRUE,DAY,tag:level-3e,,,,FALSE
CEV14-00565,COL-0002,EVT-0519,58,TRUE,RANGE,tag:level-3e,,,,FALSE
CEV14-00566,COL-0002,EVT-0007,59,TRUE,DAY,tag:level-3e,,,,FALSE
CEV14-00567,COL-0002,EVT-0101,60,TRUE,DAY,tag:level-3e,,,,FALSE
CEV14-00568,COL-0002,EVT-0357,61,TRUE,DAY,tag:level-3e,,,,FALSE
CEV14-00569,COL-0002,EVT-0520,62,TRUE,DAY,tag:level-3e,,,,FALSE
CEV14-00570,COL-0002,EVT-0521,63,TRUE,DAY,tag:level-3e,,,,FALSE
CEV14-00571,COL-0002,EVT-0102,64,TRUE,DAY,tag:level-3e,,,,FALSE
CEV14-00572,COL-0002,EVT-0128,65,TRUE,RANGE,tag:level-3e,,,,FALSE
CEV14-00573,COL-0002,EVT-0008,66,TRUE,DAY,tag:level-3e,,,,FALSE
CEV14-00574,COL-0002,EVT-0358,67,TRUE,DAY,tag:level-3e,,,,FALSE
CEV14-00575,COL-0002,EVT-0110,68,TRUE,DAY,tag:level-3e,,,,FALSE
CEV14-00576,COL-0002,EVT-0359,69,TRUE,RANGE,tag:level-3e,,,,FALSE
CEV14-00577,COL-0002,EVT-0523,70,TRUE,DAY,tag:level-3e,,,,FALSE
CEV14-00578,COL-0002,EVT-0522,71,TRUE,DAY,tag:level-3e,,,,FALSE
CEV14-00579,COL-0002,EVT-0111,72,TRUE,DAY,tag:level-3e,,,,FALSE
CEV14-00580,COL-0002,EVT-0524,73,TRUE,DAY,tag:level-3e,,,,FALSE
CEV14-00581,COL-0002,EVT-0112,74,TRUE,DAY,tag:level-3e,,,,FALSE
CEV14-00582,COL-0002,EVT-0525,75,TRUE,DAY,tag:level-3e,,,,FALSE
CEV14-00583,COL-0002,EVT-0018,76,TRUE,DAY,tag:level-3e,,,,FALSE
CEV14-00584,COL-0002,EVT-0116,77,TRUE,DAY,tag:level-3e,,,,FALSE
CEV14-00585,COL-0002,EVT-0117,78,TRUE,DAY,tag:level-3e,,,,FALSE
CEV14-00586,COL-0002,EVT-0530,79,TRUE,DAY,tag:level-3e,,,,FALSE
CEV14-00587,COL-0002,EVT-0526,80,TRUE,RANGE,tag:level-3e,,,,FALSE
CEV14-00588,COL-0002,EVT-0527,81,TRUE,DAY,tag:level-3e,,,,FALSE
CEV14-00589,COL-0002,EVT-0528,82,TRUE,RANGE,tag:level-3e,,,,FALSE
CEV14-00590,COL-0002,EVT-0118,83,TRUE,DAY,tag:level-3e,,,,FALSE
CEV14-00591,COL-0002,EVT-0119,84,TRUE,DAY,tag:level-3e,,,,FALSE
CEV14-00592,COL-0002,EVT-0361,85,TRUE,DAY,tag:level-3e,,,,FALSE
CEV14-00593,COL-0002,EVT-0362,86,TRUE,DAY,tag:level-3e,,,,FALSE
CEV14-00594,COL-0002,EVT-0531,87,TRUE,DAY,tag:level-3e,,,,FALSE
CEV14-00595,COL-0002,EVT-0529,88,TRUE,DAY,tag:level-3e,,,,FALSE
CEV14-00596,COL-0002,EVT-0532,89,TRUE,RANGE,tag:level-3e,,,,FALSE
CEV14-00597,COL-0002,EVT-0113,90,TRUE,DAY,tag:level-3e,,,,FALSE
CEV14-00598,COL-0002,EVT-0120,91,TRUE,DAY,tag:level-3e,,,,FALSE
CEV14-00599,COL-0002,EVT-0121,92,TRUE,DAY,tag:level-3e,,,,FALSE
CEV14-00600,COL-0002,EVT-0122,93,TRUE,DAY,tag:level-3e,,,,FALSE
CEV14-00601,COL-0002,EVT-0123,94,TRUE,DAY,tag:level-3e,,,,FALSE
CEV14-00602,COL-0002,EVT-0124,95,TRUE,DAY,tag:level-3e,,,,FALSE
CEV14-00603,COL-0002,EVT-0533,96,TRUE,RANGE,tag:level-3e,,,,FALSE
CEV14-00604,COL-0002,EVT-0363,97,TRUE,DAY,tag:level-3e,,,,FALSE
CEV14-00605,COL-0002,EVT-0534,98,TRUE,DAY,tag:level-3e,,,,FALSE
CEV14-00606,COL-0002,EVT-0535,99,TRUE,DAY,tag:level-3e,,,,FALSE
CEV14-00607,COL-0002,EVT-0129,100,TRUE,DAY,tag:level-3e,,,,FALSE
CEV14-00608,COL-0002,EVT-0536,101,TRUE,RANGE,tag:level-3e,,,,FALSE
CEV14-00609,COL-0002,EVT-0537,102,TRUE,RANGE,tag:level-3e,,,,FALSE
CEV14-00610,COL-0002,EVT-0538,103,TRUE,DAY,tag:level-3e,,,,FALSE
CEV14-00611,COL-0002,EVT-0539,104,TRUE,DAY,tag:level-3e,,,,FALSE
CEV14-00612,COL-0002,EVT-0130,105,TRUE,DAY,tag:level-3e,,,,FALSE
CEV14-00613,COL-0002,EVT-0131,106,TRUE,DAY,tag:level-3e,,,,FALSE
CEV14-00614,COL-0002,EVT-0132,107,TRUE,DAY,tag:level-3e,,,,FALSE
CEV14-00615,COL-0002,EVT-0540,108,TRUE,DAY,tag:level-3e,,,,FALSE
CEV14-00616,COL-0002,EVT-0541,109,TRUE,RANGE,tag:level-3e,,,,FALSE
CEV14-00617,COL-0002,EVT-0542,110,TRUE,DAY,tag:level-3e,,,,FALSE
CEV14-00618,COL-0002,EVT-0543,111,TRUE,DAY,tag:level-3e,,,,FALSE
CEV14-00619,COL-0002,EVT-0544,112,TRUE,DAY,tag:level-3e,,,,FALSE
CEV14-00620,COL-0002,EVT-0364,113,TRUE,DAY,tag:level-3e,,,,FALSE
CEV14-00621,COL-0002,EVT-0133,114,TRUE,DAY,tag:level-3e,,,,FALSE
CEV14-00622,COL-0002,EVT-0134,115,TRUE,DAY,tag:level-3e,,,,FALSE
CEV14-00623,COL-0002,EVT-0545,116,TRUE,DAY,tag:level-3e,,,,FALSE
CEV14-00624,COL-0002,EVT-0135,117,TRUE,DAY,tag:level-3e,,,,FALSE
CEV14-00625,COL-0002,EVT-0546,118,TRUE,DAY,tag:level-3e,,,,FALSE
CEV14-00626,COL-0002,EVT-0114,119,TRUE,DAY,tag:level-3e,,,,FALSE
CEV14-00627,COL-0002,EVT-0547,120,TRUE,DAY,tag:level-3e,,,,FALSE
CEV14-00628,COL-0002,EVT-0115,121,TRUE,DAY,tag:level-3e,,,,FALSE
CEV14-00629,COL-0003,EVT-0346,1,FALSE,NOT_AUTOMATIC,tag:level-4e,,,,FALSE
CEV14-00630,COL-0003,EVT-0166,2,TRUE,RANGE,tag:level-4e,,,,FALSE
CEV14-00631,COL-0003,EVT-0431,3,TRUE,RANGE,tag:level-4e,,,,FALSE
CEV14-00632,COL-0003,EVT-0432,4,TRUE,YEAR,tag:level-4e,,,,FALSE
CEV14-00633,COL-0003,EVT-0433,5,TRUE,DAY,tag:level-4e,,,,FALSE
CEV14-00634,COL-0003,EVT-0434,6,TRUE,DAY,tag:level-4e,,,,FALSE
CEV14-00635,COL-0003,EVT-0435,7,TRUE,DAY,tag:level-4e,,,,FALSE
CEV14-00636,COL-0003,EVT-0347,8,FALSE,NOT_AUTOMATIC,tag:level-4e,,,,FALSE
CEV14-00637,COL-0003,EVT-0436,9,TRUE,DAY,tag:level-4e,,,,FALSE
CEV14-00638,COL-0003,EVT-0437,10,TRUE,DAY,tag:level-4e,,,,FALSE
CEV14-00639,COL-0003,EVT-0438,11,TRUE,DAY,tag:level-4e,,,,FALSE
CEV14-00640,COL-0003,EVT-0334,12,TRUE,DAY,tag:level-4e,,,,FALSE
CEV14-00641,COL-0003,EVT-0348,13,TRUE,RANGE,tag:level-4e,,,,FALSE
CEV14-00642,COL-0003,EVT-0173,14,TRUE,DAY,tag:level-4e,,,,FALSE
CEV14-00643,COL-0003,EVT-0174,15,TRUE,RANGE,tag:level-4e,,,,FALSE
CEV14-00644,COL-0003,EVT-0175,16,TRUE,DAY,tag:level-4e,,,,FALSE
CEV14-00645,COL-0003,EVT-0439,17,TRUE,DAY,tag:level-4e,,,,FALSE
CEV14-00646,COL-0003,EVT-0078,18,TRUE,DAY,tag:level-4e,,,,FALSE
CEV14-00647,COL-0003,EVT-0349,19,FALSE,NOT_AUTOMATIC,tag:level-4e,,,,FALSE
CEV14-00648,COL-0003,EVT-0079,20,TRUE,DAY,tag:level-4e,,,,FALSE
CEV14-00649,COL-0003,EVT-0447,21,TRUE,DAY,tag:level-4e,,,,FALSE
CEV14-00650,COL-0003,EVT-0453,22,TRUE,RANGE,tag:level-4e,,,,FALSE
CEV14-00651,COL-0003,EVT-0454,23,TRUE,DAY,tag:level-4e,,,,FALSE
CEV14-00652,COL-0003,EVT-0455,24,TRUE,DAY,tag:level-4e,,,,FALSE
CEV14-00653,COL-0003,EVT-0548,25,TRUE,DAY,tag:level-4e,,,,FALSE
CEV14-00654,COL-0003,EVT-0456,26,TRUE,DAY,tag:level-4e,,,,FALSE
CEV14-00655,COL-0003,EVT-0457,27,TRUE,RANGE,tag:level-4e,,,,FALSE
CEV14-00656,COL-0003,EVT-0350,28,TRUE,YEAR,tag:level-4e,,,,FALSE
CEV14-00657,COL-0003,EVT-0187,29,TRUE,DAY,tag:level-4e,,,,FALSE
CEV14-00658,COL-0003,EVT-0188,30,TRUE,DAY,tag:level-4e,,,,FALSE
CEV14-00659,COL-0003,EVT-0461,31,TRUE,RANGE,tag:level-4e,,,,FALSE
CEV14-00660,COL-0003,EVT-0462,32,TRUE,DAY,tag:level-4e,,,,FALSE
CEV14-00661,COL-0003,EVT-0463,33,TRUE,DAY,tag:level-4e,,,,FALSE
CEV14-00662,COL-0003,EVT-0464,34,TRUE,DAY,tag:level-4e,,,,FALSE
CEV14-00663,COL-0003,EVT-0466,35,TRUE,RANGE,tag:level-4e,,,,FALSE
CEV14-00664,COL-0003,EVT-0086,36,TRUE,DAY,tag:level-4e,,,,FALSE
CEV14-00665,COL-0003,EVT-0467,37,TRUE,DAY,tag:level-4e,,,,FALSE
CEV14-00666,COL-0003,EVT-0468,38,TRUE,RANGE,tag:level-4e,,,,FALSE
CEV14-00667,COL-0003,EVT-0470,39,TRUE,DAY,tag:level-4e,,,,FALSE
CEV14-00668,COL-0003,EVT-0469,40,TRUE,DAY,tag:level-4e,,,,FALSE
CEV14-00669,COL-0003,EVT-0471,41,TRUE,DAY,tag:level-4e,,,,FALSE
CEV14-00670,COL-0003,EVT-0351,42,TRUE,RANGE,tag:level-4e,,,,FALSE
CEV14-00671,COL-0003,EVT-0352,43,TRUE,RANGE,tag:level-4e,,,,FALSE
CEV14-00672,COL-0003,EVT-0353,44,TRUE,DAY,tag:level-4e,,,,FALSE
CEV14-00673,COL-0003,EVT-0003,45,TRUE,DAY,tag:level-4e,,,,FALSE
CEV14-00674,COL-0003,EVT-0004,46,TRUE,DAY,tag:level-4e,,,,FALSE
CEV14-00675,COL-0003,EVT-0082,47,TRUE,DAY,tag:level-4e,,,,FALSE
CEV14-00676,COL-0003,EVT-0083,48,TRUE,DAY,tag:level-4e,,,,FALSE
CEV14-00677,COL-0003,EVT-0227,49,TRUE,DAY,tag:level-4e,,,,FALSE
CEV14-00678,COL-0003,EVT-0087,50,TRUE,DAY,tag:level-4e,,,,FALSE
CEV14-00679,COL-0003,EVT-0005,51,TRUE,DAY,tag:level-4e,,,,FALSE
CEV14-00680,COL-0003,EVT-0084,52,TRUE,DAY,tag:level-4e,,,,FALSE
CEV14-00681,COL-0003,EVT-0085,53,TRUE,DAY,tag:level-4e,,,,FALSE
CEV14-00682,COL-0003,EVT-0088,54,TRUE,DAY,tag:level-4e,,,,FALSE
CEV14-00683,COL-0003,EVT-0009,55,FALSE,NOT_AUTOMATIC,tag:level-4e,,,,FALSE
CEV14-00684,COL-0004,EVT-0393,1,TRUE,YEAR,tag:level-5e,,,,FALSE
CEV14-00685,COL-0004,EVT-0047,2,TRUE,RANGE,tag:level-5e,,,,FALSE
CEV14-00686,COL-0004,EVT-0042,3,TRUE,YEAR,tag:level-5e,,,,FALSE
CEV14-00687,COL-0004,EVT-0043,4,TRUE,DAY,tag:level-5e,,,,FALSE
CEV14-00688,COL-0004,EVT-0395,5,TRUE,YEAR,tag:level-5e,,,,FALSE
CEV14-00689,COL-0004,EVT-0394,6,TRUE,YEAR,tag:level-5e,,,,FALSE
CEV14-00690,COL-0004,EVT-0044,7,TRUE,DAY,tag:level-5e,,,,FALSE
CEV14-00691,COL-0004,EVT-0048,8,TRUE,MONTH,tag:level-5e,,,,FALSE
CEV14-00692,COL-0004,EVT-0396,9,TRUE,YEAR,tag:level-5e,,,,FALSE
CEV14-00693,COL-0004,EVT-0397,10,TRUE,DAY,tag:level-5e,,,,FALSE
CEV14-00694,COL-0004,EVT-0052,11,TRUE,YEAR,tag:level-5e,,,,FALSE
CEV14-00695,COL-0004,EVT-0045,12,TRUE,MONTH,tag:level-5e,,,,FALSE
CEV14-00696,COL-0004,EVT-0398,13,TRUE,DAY,tag:level-5e,,,,FALSE
CEV14-00697,COL-0004,EVT-0400,14,TRUE,DAY,tag:level-5e,,,,FALSE
CEV14-00698,COL-0004,EVT-0399,15,TRUE,DAY,tag:level-5e,,,,FALSE
CEV14-00699,COL-0004,EVT-0049,16,TRUE,DAY,tag:level-5e,,,,FALSE
CEV14-00700,COL-0004,EVT-0057,17,TRUE,YEAR,tag:level-5e,,,,FALSE
CEV14-00701,COL-0004,EVT-0046,18,TRUE,DAY,tag:level-5e,,,,FALSE
CEV14-00702,COL-0004,EVT-0403,19,TRUE,YEAR,tag:level-5e,,,,FALSE
CEV14-00703,COL-0004,EVT-0054,20,TRUE,DAY,tag:level-5e,,,,FALSE
CEV14-00704,COL-0004,EVT-0401,21,TRUE,DAY,tag:level-5e,,,,FALSE
CEV14-00705,COL-0004,EVT-0402,22,TRUE,RANGE,tag:level-5e,,,,FALSE
CEV14-00706,COL-0004,EVT-0058,23,TRUE,RANGE,tag:level-5e,,,,FALSE
CEV14-00707,COL-0004,EVT-0051,24,TRUE,DAY,tag:level-5e,,,,FALSE
CEV14-00708,COL-0004,EVT-0404,25,TRUE,YEAR,tag:level-5e,,,,FALSE
CEV14-00709,COL-0004,EVT-0405,26,TRUE,YEAR,tag:level-5e,,,,FALSE
CEV14-00710,COL-0004,EVT-0059,27,TRUE,YEAR,tag:level-5e,,,,FALSE
CEV14-00711,COL-0004,EVT-0060,28,TRUE,YEAR,tag:level-5e,,,,FALSE
CEV14-00712,COL-0004,EVT-0055,29,TRUE,RANGE,tag:level-5e,,,,FALSE
CEV14-00713,COL-0004,EVT-0406,30,TRUE,DAY,tag:level-5e,,,,FALSE
CEV14-00714,COL-0004,EVT-0061,31,TRUE,RANGE,tag:level-5e,,,,FALSE
CEV14-00715,COL-0004,EVT-0407,32,TRUE,DAY,tag:level-5e,,,,FALSE
CEV14-00716,COL-0004,EVT-0408,33,TRUE,RANGE,tag:level-5e,,,,FALSE
CEV14-00717,COL-0004,EVT-0409,34,TRUE,DAY,tag:level-5e,,,,FALSE
CEV14-00718,COL-0004,EVT-0410,35,TRUE,DAY,tag:level-5e,,,,FALSE
CEV14-00719,COL-0004,EVT-0411,36,TRUE,DAY,tag:level-5e,,,,FALSE
CEV14-00720,COL-0004,EVT-0412,37,TRUE,DAY,tag:level-5e,,,,FALSE
CEV14-00721,COL-0004,EVT-0413,38,TRUE,DAY,tag:level-5e,,,,FALSE
CEV14-00722,COL-0004,EVT-0062,39,TRUE,DAY,tag:level-5e,,,,FALSE
CEV14-00723,COL-0004,EVT-0056,40,TRUE,DAY,tag:level-5e,,,,FALSE
CEV14-00724,COL-0004,EVT-0414,41,TRUE,YEAR,tag:level-5e,,,,FALSE
CEV14-00725,COL-0004,EVT-0415,42,TRUE,DAY,tag:level-5e,,,,FALSE
CEV14-00726,COL-0004,EVT-0416,43,TRUE,DAY,tag:level-5e,,,,FALSE
CEV14-00727,COL-0004,EVT-0417,44,TRUE,DAY,tag:level-5e,,,,FALSE
CEV14-00728,COL-0004,EVT-0063,45,TRUE,DAY,tag:level-5e,,,,FALSE
CEV14-00729,COL-0004,EVT-0418,46,TRUE,DAY,tag:level-5e,,,,FALSE
CEV14-00730,COL-0004,EVT-0419,47,TRUE,DAY,tag:level-5e,,,,FALSE
CEV14-00731,COL-0004,EVT-0064,48,TRUE,DAY,tag:level-5e,,,,FALSE
CEV14-00732,COL-0004,EVT-0069,49,TRUE,YEAR,tag:level-5e,,,,FALSE
CEV14-00733,COL-0004,EVT-0070,50,TRUE,DAY,tag:level-5e,,,,FALSE
CEV14-00734,COL-0004,EVT-0420,51,TRUE,YEAR,tag:level-5e,,,,FALSE
CEV14-00735,COL-0004,EVT-0072,52,TRUE,RANGE,tag:level-5e,,,,FALSE
CEV14-00736,COL-0004,EVT-0421,53,TRUE,DAY,tag:level-5e,,,,FALSE
CEV14-00737,COL-0004,EVT-0073,54,TRUE,RANGE,tag:level-5e,,,,FALSE
CEV14-00738,COL-0004,EVT-0422,55,TRUE,DAY,tag:level-5e,,,,FALSE
CEV14-00739,COL-0004,EVT-0065,56,TRUE,DAY,tag:level-5e,,,,FALSE
CEV14-00740,COL-0004,EVT-0424,57,TRUE,DAY,tag:level-5e,,,,FALSE
CEV14-00741,COL-0004,EVT-0426,58,TRUE,RANGE,tag:level-5e,,,,FALSE
CEV14-00742,COL-0004,EVT-0425,59,TRUE,DAY,tag:level-5e,,,,FALSE
CEV14-00743,COL-0004,EVT-0067,60,TRUE,RANGE,tag:level-5e,,,,FALSE
CEV14-00744,COL-0004,EVT-0074,61,TRUE,RANGE,tag:level-5e,,,,FALSE
CEV14-00745,COL-0004,EVT-0066,62,TRUE,RANGE,tag:level-5e,,,,FALSE
CEV14-00746,COL-0004,EVT-0075,63,TRUE,DAY,tag:level-5e,,,,FALSE
CEV14-00747,COL-0004,EVT-0076,64,TRUE,DAY,tag:level-5e,,,,FALSE
CEV14-00748,COL-0004,EVT-0077,65,TRUE,DAY,tag:level-5e,,,,FALSE
CEV14-00749,COL-0004,EVT-0053,66,FALSE,NOT_AUTOMATIC,tag:level-5e,,,,FALSE
CEV14-00750,COL-0005,EVT-0340,1,TRUE,YEAR,tag:level-6e,,,,FALSE
CEV14-00751,COL-0005,EVT-0341,2,TRUE,YEAR,tag:level-6e,,,,FALSE
CEV14-00752,COL-0005,EVT-0368,3,FALSE,NOT_AUTOMATIC,tag:level-6e,,,,FALSE
CEV14-00753,COL-0005,EVT-0369,4,TRUE,RANGE,tag:level-6e,,,,FALSE
CEV14-00754,COL-0005,EVT-0023,5,TRUE,YEAR,tag:level-6e,,,,FALSE
CEV14-00755,COL-0005,EVT-0024,6,TRUE,DAY,tag:level-6e,,,,FALSE
CEV14-00756,COL-0005,EVT-0027,7,FALSE,NOT_AUTOMATIC,tag:level-6e,,,,FALSE
CEV14-00757,COL-0005,EVT-0028,8,TRUE,YEAR,tag:level-6e,,,,FALSE
CEV14-00758,COL-0005,EVT-0382,9,TRUE,YEAR,tag:level-6e,,,,FALSE
CEV14-00759,COL-0005,EVT-0372,10,TRUE,RANGE,tag:level-6e,,,,FALSE
CEV14-00760,COL-0005,EVT-0030,11,TRUE,RANGE,tag:level-6e,,,,FALSE
CEV14-00761,COL-0005,EVT-0373,12,TRUE,YEAR,tag:level-6e,,,,FALSE
CEV14-00762,COL-0005,EVT-0374,13,TRUE,YEAR,tag:level-6e,,,,FALSE
CEV14-00763,COL-0005,EVT-0375,14,TRUE,YEAR,tag:level-6e,,,,FALSE
CEV14-00764,COL-0005,EVT-0376,15,TRUE,RANGE,tag:level-6e,,,,FALSE
CEV14-00765,COL-0005,EVT-0377,16,TRUE,YEAR,tag:level-6e,,,,FALSE
CEV14-00766,COL-0005,EVT-0378,17,TRUE,YEAR,tag:level-6e,,,,FALSE
CEV14-00767,COL-0005,EVT-0379,18,TRUE,YEAR,tag:level-6e,,,,FALSE
CEV14-00768,COL-0005,EVT-0380,19,TRUE,YEAR,tag:level-6e,,,,FALSE
CEV14-00769,COL-0005,EVT-0381,20,TRUE,YEAR,tag:level-6e,,,,FALSE
CEV14-00770,COL-0005,EVT-0383,21,TRUE,RANGE,tag:level-6e,,,,FALSE
CEV14-00771,COL-0005,EVT-0370,22,TRUE,YEAR,tag:level-6e,,,,FALSE
CEV14-00772,COL-0005,EVT-0384,23,TRUE,YEAR,tag:level-6e,,,,FALSE
CEV14-00773,COL-0005,EVT-0041,24,TRUE,RANGE,tag:level-6e,,,,FALSE
CEV14-00774,COL-0005,EVT-0371,25,TRUE,YEAR,tag:level-6e,,,,FALSE
CEV14-00775,COL-0005,EVT-0385,26,TRUE,DAY,tag:level-6e,,,,FALSE
CEV14-00776,COL-0005,EVT-0386,27,TRUE,DAY,tag:level-6e,,,,FALSE
CEV14-00777,COL-0005,EVT-0387,28,TRUE,DAY,tag:level-6e,,,,FALSE
CEV14-00778,COL-0005,EVT-0032,29,TRUE,RANGE,tag:level-6e,,,,FALSE
CEV14-00779,COL-0005,EVT-0033,30,TRUE,RANGE,tag:level-6e,,,,FALSE
CEV14-00780,COL-0005,EVT-0031,31,TRUE,DAY,tag:level-6e,,,,FALSE
CEV14-00781,COL-0005,EVT-0040,32,TRUE,RANGE,tag:level-6e,,,,FALSE
CEV14-00782,COL-0005,EVT-0035,33,TRUE,YEAR,tag:level-6e,,,,FALSE
CEV14-00783,COL-0005,EVT-0036,34,TRUE,YEAR,tag:level-6e,,,,FALSE
CEV14-00784,COL-0005,EVT-0034,35,TRUE,YEAR,tag:level-6e,,,,FALSE
CEV14-00785,COL-0005,EVT-0392,36,TRUE,YEAR,tag:level-6e,,,,FALSE
CEV14-00786,COL-0005,EVT-0388,37,TRUE,MONTH,tag:level-6e,,,,FALSE
CEV14-00787,COL-0005,EVT-0038,38,TRUE,YEAR,tag:level-6e,,,,FALSE
CEV14-00788,COL-0005,EVT-0037,39,TRUE,YEAR,tag:level-6e,,,,FALSE
CEV14-00789,COL-0005,EVT-0039,40,TRUE,DAY,tag:level-6e,,,,FALSE
CEV14-00790,COL-0005,EVT-0390,41,TRUE,DAY,tag:level-6e,,,,FALSE
CEV14-00791,COL-0005,EVT-0389,42,TRUE,RANGE,tag:level-6e,,,,FALSE
CEV14-00792,COL-0005,EVT-0391,43,TRUE,RANGE,tag:level-6e,,,,FALSE
CEV14-00793,COL-0005,EVT-0022,44,FALSE,NOT_AUTOMATIC,tag:level-6e,,,,FALSE
CEV14-00794,COL-0005,EVT-0025,45,FALSE,NOT_AUTOMATIC,tag:level-6e,,,,FALSE
CEV14-00795,COL-0005,EVT-0026,46,FALSE,NOT_AUTOMATIC,tag:level-6e,,,,FALSE
CEV14-00796,COL-0005,EVT-0029,47,FALSE,NOT_AUTOMATIC,tag:level-6e,,,,FALSE
CEV14-00797,COL-0005,EVT-0338,48,FALSE,NOT_AUTOMATIC,tag:level-6e,,,,FALSE
CEV14-00798,COL-0005,EVT-0339,49,FALSE,NOT_AUTOMATIC,tag:level-6e,,,,FALSE
CEV14-00799,COL-0005,EVT-0342,50,FALSE,NOT_AUTOMATIC,tag:level-6e,,,,FALSE
CEV14-00800,COL-0006,EVT-0327,1,TRUE,RANGE,tag:level-cm1,,,,FALSE
CEV14-00801,COL-0006,EVT-0063,2,TRUE,DAY,tag:level-cm1,,,,FALSE
CEV14-00802,COL-0006,EVT-0328,3,TRUE,RANGE,tag:level-cm1,,,,FALSE
CEV14-00803,COL-0006,EVT-0329,4,FALSE,NOT_AUTOMATIC,tag:level-cm1,,,,FALSE
CEV14-00804,COL-0006,EVT-0143,5,TRUE,RANGE,tag:level-cm1,,,,FALSE
CEV14-00805,COL-0006,EVT-0330,6,TRUE,RANGE,tag:level-cm1,,,,FALSE
CEV14-00806,COL-0006,EVT-0065,7,TRUE,DAY,tag:level-cm1,,,,FALSE
CEV14-00807,COL-0006,EVT-0067,8,TRUE,RANGE,tag:level-cm1,,,,FALSE
CEV14-00808,COL-0006,EVT-0333,9,TRUE,MONTH,tag:level-cm1,,,,FALSE
CEV14-00809,COL-0006,EVT-0334,10,TRUE,DAY,tag:level-cm1,,,,FALSE
CEV14-00810,COL-0006,EVT-0173,11,TRUE,DAY,tag:level-cm1,,,,FALSE
CEV14-00811,COL-0006,EVT-0174,12,TRUE,RANGE,tag:level-cm1,,,,FALSE
CEV14-00812,COL-0006,EVT-0175,13,TRUE,DAY,tag:level-cm1,,,,FALSE
CEV14-00813,COL-0006,EVT-0337,14,TRUE,RANGE,tag:level-cm1,,,,FALSE
CEV14-00814,COL-0007,EVT-0010,1,TRUE,RANGE,tag:level-cm2,,,,FALSE
CEV14-00815,COL-0007,EVT-0002,2,TRUE,DAY,tag:level-cm2,,,,FALSE
CEV14-00816,COL-0007,EVT-0003,3,TRUE,DAY,tag:level-cm2,,,,FALSE
CEV14-00817,COL-0007,EVT-0004,4,TRUE,DAY,tag:level-cm2,,,,FALSE
CEV14-00818,COL-0007,EVT-0001,5,TRUE,DAY,tag:level-cm2,,,,FALSE
CEV14-00819,COL-0007,EVT-0005,6,TRUE,DAY,tag:level-cm2,,,,FALSE
CEV14-00820,COL-0007,EVT-0012,7,TRUE,RANGE,tag:level-cm2,,,,FALSE
CEV14-00821,COL-0007,EVT-0011,8,TRUE,YEAR,tag:level-cm2,,,,FALSE
CEV14-00822,COL-0007,EVT-0013,9,TRUE,RANGE,tag:level-cm2,,,,FALSE
CEV14-00823,COL-0007,EVT-0014,10,TRUE,DAY,tag:level-cm2,,,,FALSE
CEV14-00824,COL-0007,EVT-0015,11,TRUE,RANGE,tag:level-cm2,,,,FALSE
CEV14-00825,COL-0007,EVT-0016,12,TRUE,DAY,tag:level-cm2,,,,FALSE
CEV14-00826,COL-0007,EVT-0006,13,TRUE,DAY,tag:level-cm2,,,,FALSE
CEV14-00827,COL-0007,EVT-0017,14,TRUE,DAY,tag:level-cm2,,,,FALSE
CEV14-00828,COL-0007,EVT-0007,15,TRUE,DAY,tag:level-cm2,,,,FALSE
CEV14-00829,COL-0007,EVT-0008,16,TRUE,DAY,tag:level-cm2,,,,FALSE
CEV14-00830,COL-0007,EVT-0018,17,TRUE,DAY,tag:level-cm2,,,,FALSE
CEV14-00831,COL-0007,EVT-0116,18,TRUE,DAY,tag:level-cm2,,,,FALSE
CEV14-00832,COL-0007,EVT-0118,19,TRUE,DAY,tag:level-cm2,,,,FALSE
CEV14-00833,COL-0007,EVT-0271,20,TRUE,DAY,tag:level-cm2,,,,FALSE
CEV14-00834,COL-0007,EVT-0009,21,FALSE,NOT_AUTOMATIC,tag:level-cm2,,,,FALSE
CEV14-00835,COL-0008,EVT-0136,1,TRUE,RANGE,tag:level-premiere-hggsp,,,,FALSE
CEV14-00836,COL-0008,EVT-0044,2,TRUE,DAY,tag:level-premiere-hggsp,,,,FALSE
CEV14-00837,COL-0008,EVT-0262,3,TRUE,YEAR,tag:level-premiere-hggsp,,,,FALSE
CEV14-00838,COL-0008,EVT-0263,4,TRUE,YEAR,tag:level-premiere-hggsp,,,,FALSE
CEV14-00839,COL-0008,EVT-0283,5,TRUE,YEAR,tag:level-premiere-hggsp,,,,FALSE
CEV14-00840,COL-0008,EVT-0264,6,TRUE,YEAR,tag:level-premiere-hggsp,,,,FALSE
CEV14-00841,COL-0008,EVT-0273,7,TRUE,RANGE,tag:level-premiere-hggsp,,,,FALSE
CEV14-00842,COL-0008,EVT-0274,8,TRUE,DAY,tag:level-premiere-hggsp,,,,FALSE
CEV14-00843,COL-0008,EVT-0082,9,TRUE,DAY,tag:level-premiere-hggsp,,,,FALSE
CEV14-00844,COL-0008,EVT-0083,10,TRUE,DAY,tag:level-premiere-hggsp,,,,FALSE
CEV14-00845,COL-0008,EVT-0084,11,TRUE,DAY,tag:level-premiere-hggsp,,,,FALSE
CEV14-00846,COL-0008,EVT-0085,12,TRUE,DAY,tag:level-premiere-hggsp,,,,FALSE
CEV14-00847,COL-0008,EVT-0366,13,TRUE,DAY,tag:level-premiere-hggsp,,,,FALSE
CEV14-00848,COL-0008,EVT-0284,14,TRUE,DAY,tag:level-premiere-hggsp,,,,FALSE
CEV14-00849,COL-0008,EVT-0275,15,TRUE,DAY,tag:level-premiere-hggsp,,,,FALSE
CEV14-00850,COL-0008,EVT-0276,16,TRUE,DAY,tag:level-premiere-hggsp,,,,FALSE
CEV14-00851,COL-0008,EVT-0285,17,TRUE,DAY,tag:level-premiere-hggsp,,,,FALSE
CEV14-00852,COL-0008,EVT-0265,18,TRUE,DAY,tag:level-premiere-hggsp,,,,FALSE
CEV14-00853,COL-0008,EVT-0266,19,TRUE,DAY,tag:level-premiere-hggsp,,,,FALSE
CEV14-00854,COL-0008,EVT-0267,20,TRUE,DAY,tag:level-premiere-hggsp,,,,FALSE
CEV14-00855,COL-0008,EVT-0268,21,TRUE,DAY,tag:level-premiere-hggsp,,,,FALSE
CEV14-00856,COL-0008,EVT-0269,22,TRUE,DAY,tag:level-premiere-hggsp,,,,FALSE
CEV14-00857,COL-0008,EVT-0270,23,TRUE,DAY,tag:level-premiere-hggsp,,,,FALSE
CEV14-00858,COL-0008,EVT-0278,24,TRUE,DAY,tag:level-premiere-hggsp,,,,FALSE
CEV14-00859,COL-0008,EVT-0280,25,TRUE,DAY,tag:level-premiere-hggsp,,,,FALSE
CEV14-00860,COL-0008,EVT-0281,26,TRUE,DAY,tag:level-premiere-hggsp,,,,FALSE
CEV14-00861,COL-0008,EVT-0277,27,TRUE,DAY,tag:level-premiere-hggsp,,,,FALSE
CEV14-00862,COL-0008,EVT-0115,28,TRUE,DAY,tag:level-premiere-hggsp,,,,FALSE
CEV14-00863,COL-0008,EVT-0271,29,TRUE,DAY,tag:level-premiere-hggsp,,,,FALSE
CEV14-00864,COL-0008,EVT-0272,30,TRUE,DAY,tag:level-premiere-hggsp,,,,FALSE
CEV14-00865,COL-0008,EVT-0279,31,TRUE,DAY,tag:level-premiere-hggsp,,,,FALSE
CEV14-00866,COL-0008,EVT-0282,32,TRUE,DAY,tag:level-premiere-hggsp,,,,FALSE
CEV14-00867,COL-0008,EVT-0029,33,FALSE,NOT_AUTOMATIC,tag:level-premiere-hggsp,,,,FALSE
CEV14-00868,COL-0009,EVT-0173,1,TRUE,DAY,tag:level-premiere-generale,,,,FALSE
CEV14-00869,COL-0009,EVT-0174,2,TRUE,RANGE,tag:level-premiere-generale,,,,FALSE
CEV14-00870,COL-0009,EVT-0175,3,TRUE,DAY,tag:level-premiere-generale,,,,FALSE
CEV14-00871,COL-0009,EVT-0441,4,TRUE,DAY,tag:level-premiere-generale,,,,FALSE
CEV14-00872,COL-0009,EVT-0440,5,TRUE,DAY,tag:level-premiere-generale,,,,FALSE
CEV14-00873,COL-0009,EVT-0442,6,TRUE,DAY,tag:level-premiere-generale,,,,FALSE
CEV14-00874,COL-0009,EVT-0176,7,TRUE,DAY,tag:level-premiere-generale,,,,FALSE
CEV14-00875,COL-0009,EVT-0177,8,TRUE,DAY,tag:level-premiere-generale,,,,FALSE
CEV14-00876,COL-0009,EVT-0178,9,TRUE,RANGE,tag:level-premiere-generale,,,,FALSE
CEV14-00877,COL-0009,EVT-0179,10,TRUE,DAY,tag:level-premiere-generale,,,,FALSE
CEV14-00878,COL-0009,EVT-0171,11,TRUE,DAY,tag:level-premiere-generale,,,,FALSE
CEV14-00879,COL-0009,EVT-0443,12,TRUE,DAY,tag:level-premiere-generale,,,,FALSE
CEV14-00880,COL-0009,EVT-0172,13,TRUE,DAY,tag:level-premiere-generale,,,,FALSE
CEV14-00881,COL-0009,EVT-0444,14,TRUE,DAY,tag:level-premiere-generale,,,,FALSE
CEV14-00882,COL-0009,EVT-0445,15,TRUE,DAY,tag:level-premiere-generale,,,,FALSE
CEV14-00883,COL-0009,EVT-0446,16,TRUE,DAY,tag:level-premiere-generale,,,,FALSE
CEV14-00884,COL-0009,EVT-0180,17,TRUE,DAY,tag:level-premiere-generale,,,,FALSE
CEV14-00885,COL-0009,EVT-0181,18,TRUE,RANGE,tag:level-premiere-generale,,,,FALSE
CEV14-00886,COL-0009,EVT-0182,19,TRUE,DAY,tag:level-premiere-generale,,,,FALSE
CEV14-00887,COL-0009,EVT-0448,20,TRUE,DAY,tag:level-premiere-generale,,,,FALSE
CEV14-00888,COL-0009,EVT-0449,21,TRUE,DAY,tag:level-premiere-generale,,,,FALSE
CEV14-00889,COL-0009,EVT-0183,22,TRUE,MONTH,tag:level-premiere-generale,,,,FALSE
CEV14-00890,COL-0009,EVT-0184,23,TRUE,RANGE,tag:level-premiere-generale,,,,FALSE
CEV14-00891,COL-0009,EVT-0451,24,TRUE,DAY,tag:level-premiere-generale,,,,FALSE
CEV14-00892,COL-0009,EVT-0452,25,TRUE,DAY,tag:level-premiere-generale,,,,FALSE
CEV14-00893,COL-0009,EVT-0450,26,TRUE,DAY,tag:level-premiere-generale,,,,FALSE
CEV14-00894,COL-0009,EVT-0185,27,TRUE,RANGE,tag:level-premiere-generale,,,,FALSE
CEV14-00895,COL-0009,EVT-0186,28,TRUE,DAY,tag:level-premiere-generale,,,,FALSE
CEV14-00896,COL-0009,EVT-0187,29,TRUE,DAY,tag:level-premiere-generale,,,,FALSE
CEV14-00897,COL-0009,EVT-0188,30,TRUE,DAY,tag:level-premiere-generale,,,,FALSE
CEV14-00898,COL-0009,EVT-0458,31,TRUE,RANGE,tag:level-premiere-generale,,,,FALSE
CEV14-00899,COL-0009,EVT-0189,32,TRUE,DAY,tag:level-premiere-generale,,,,FALSE
CEV14-00900,COL-0009,EVT-0190,33,TRUE,DAY,tag:level-premiere-generale,,,,FALSE
CEV14-00901,COL-0009,EVT-0191,34,TRUE,DAY,tag:level-premiere-generale,,,,FALSE
CEV14-00902,COL-0009,EVT-0194,35,TRUE,RANGE,tag:level-premiere-generale,,,,FALSE
CEV14-00903,COL-0009,EVT-0459,36,TRUE,DAY,tag:level-premiere-generale,,,,FALSE
CEV14-00904,COL-0009,EVT-0195,37,TRUE,YEAR,tag:level-premiere-generale,,,,FALSE
CEV14-00905,COL-0009,EVT-0460,38,TRUE,DAY,tag:level-premiere-generale,,,,FALSE
CEV14-00906,COL-0009,EVT-0192,39,TRUE,RANGE,tag:level-premiere-generale,,,,FALSE
CEV14-00907,COL-0009,EVT-0193,40,TRUE,DAY,tag:level-premiere-generale,,,,FALSE
CEV14-00908,COL-0009,EVT-0198,41,TRUE,YEAR,tag:level-premiere-generale,,,,FALSE
CEV14-00909,COL-0009,EVT-0197,42,TRUE,DAY,tag:level-premiere-generale,,,,FALSE
CEV14-00910,COL-0009,EVT-0465,43,TRUE,DAY,tag:level-premiere-generale,,,,FALSE
CEV14-00911,COL-0009,EVT-0196,44,TRUE,DAY,tag:level-premiere-generale,,,,FALSE
CEV14-00912,COL-0009,EVT-0472,45,TRUE,RANGE,tag:level-premiere-generale,,,,FALSE
CEV14-00913,COL-0009,EVT-0473,46,TRUE,DAY,tag:level-premiere-generale,,,,FALSE
CEV14-00914,COL-0009,EVT-0199,47,TRUE,DAY,tag:level-premiere-generale,,,,FALSE
CEV14-00915,COL-0009,EVT-0200,48,TRUE,DAY,tag:level-premiere-generale,,,,FALSE
CEV14-00916,COL-0009,EVT-0201,49,TRUE,DAY,tag:level-premiere-generale,,,,FALSE
CEV14-00917,COL-0009,EVT-0202,50,TRUE,DAY,tag:level-premiere-generale,,,,FALSE
CEV14-00918,COL-0009,EVT-0203,51,TRUE,DAY,tag:level-premiere-generale,,,,FALSE
CEV14-00919,COL-0009,EVT-0474,52,TRUE,DAY,tag:level-premiere-generale,,,,FALSE
CEV14-00920,COL-0009,EVT-0204,53,TRUE,RANGE,tag:level-premiere-generale,,,,FALSE
CEV14-00921,COL-0009,EVT-0205,54,TRUE,DAY,tag:level-premiere-generale,,,,FALSE
CEV14-00922,COL-0009,EVT-0476,55,TRUE,DAY,tag:level-premiere-generale,,,,FALSE
CEV14-00923,COL-0009,EVT-0224,56,TRUE,DAY,tag:level-premiere-generale,,,,FALSE
CEV14-00924,COL-0009,EVT-0477,57,TRUE,DAY,tag:level-premiere-generale,,,,FALSE
CEV14-00925,COL-0009,EVT-0226,58,TRUE,DAY,tag:level-premiere-generale,,,,FALSE
CEV14-00926,COL-0009,EVT-0225,59,TRUE,DAY,tag:level-premiere-generale,,,,FALSE
CEV14-00927,COL-0009,EVT-0475,60,TRUE,RANGE,tag:level-premiere-generale,,,,FALSE
CEV14-00928,COL-0009,EVT-0227,61,TRUE,DAY,tag:level-premiere-generale,,,,FALSE
CEV14-00929,COL-0009,EVT-0005,62,TRUE,DAY,tag:level-premiere-generale,,,,FALSE
CEV14-00930,COL-0009,EVT-0206,63,TRUE,RANGE,tag:level-premiere-generale,,,,FALSE
CEV14-00931,COL-0009,EVT-0207,64,TRUE,RANGE,tag:level-premiere-generale,,,,FALSE
CEV14-00932,COL-0009,EVT-0208,65,TRUE,RANGE,tag:level-premiere-generale,,,,FALSE
CEV14-00933,COL-0009,EVT-0209,66,TRUE,DAY,tag:level-premiere-generale,,,,FALSE
CEV14-00934,COL-0009,EVT-0230,67,TRUE,DAY,tag:level-premiere-generale,,,,FALSE
CEV14-00935,COL-0009,EVT-0210,68,TRUE,DAY,tag:level-premiere-generale,,,,FALSE
CEV14-00936,COL-0009,EVT-0211,69,TRUE,DAY,tag:level-premiere-generale,,,,FALSE
CEV14-00937,COL-0009,EVT-0212,70,TRUE,RANGE,tag:level-premiere-generale,,,,FALSE
CEV14-00938,COL-0009,EVT-0092,71,TRUE,DAY,tag:level-premiere-generale,,,,FALSE
CEV14-00939,COL-0009,EVT-0232,72,TRUE,DAY,tag:level-premiere-generale,,,,FALSE
CEV14-00940,COL-0009,EVT-0233,73,TRUE,DAY,tag:level-premiere-generale,,,,FALSE
CEV14-00941,COL-0009,EVT-0234,74,TRUE,DAY,tag:level-premiere-generale,,,,FALSE
CEV14-00942,COL-0009,EVT-0235,75,TRUE,DAY,tag:level-premiere-generale,,,,FALSE
CEV14-00943,COL-0009,EVT-0236,76,TRUE,DAY,tag:level-premiere-generale,,,,FALSE
CEV14-00944,COL-0009,EVT-0237,77,TRUE,DAY,tag:level-premiere-generale,,,,FALSE
CEV14-00945,COL-0009,EVT-0238,78,TRUE,DAY,tag:level-premiere-generale,,,,FALSE
CEV14-00946,COL-0009,EVT-0239,79,TRUE,DAY,tag:level-premiere-generale,,,,FALSE
CEV14-00947,COL-0009,EVT-0240,80,TRUE,DAY,tag:level-premiere-generale,,,,FALSE
CEV14-00948,COL-0009,EVT-0345,81,FALSE,NOT_AUTOMATIC,tag:level-premiere-generale,,,,FALSE
CEV14-00949,COL-0010,EVT-0136,1,TRUE,RANGE,tag:level-seconde-generale-et-technologique,,,,FALSE
CEV14-00950,COL-0010,EVT-0032,2,TRUE,RANGE,tag:level-seconde-generale-et-technologique,,,,FALSE
CEV14-00951,COL-0010,EVT-0031,3,TRUE,DAY,tag:level-seconde-generale-et-technologique,,,,FALSE
CEV14-00952,COL-0010,EVT-0038,4,TRUE,YEAR,tag:level-seconde-generale-et-technologique,,,,FALSE
CEV14-00953,COL-0010,EVT-0037,5,TRUE,YEAR,tag:level-seconde-generale-et-technologique,,,,FALSE
CEV14-00954,COL-0010,EVT-0139,6,TRUE,DAY,tag:level-seconde-generale-et-technologique,,,,FALSE
CEV14-00955,COL-0010,EVT-0365,7,TRUE,DAY,tag:level-seconde-generale-et-technologique,,,,FALSE
CEV14-00956,COL-0010,EVT-0140,8,TRUE,DAY,tag:level-seconde-generale-et-technologique,,,,FALSE
CEV14-00957,COL-0010,EVT-0141,9,TRUE,RANGE,tag:level-seconde-generale-et-technologique,,,,FALSE
CEV14-00958,COL-0010,EVT-0062,10,TRUE,DAY,tag:level-seconde-generale-et-technologique,,,,FALSE
CEV14-00959,COL-0010,EVT-0149,11,TRUE,RANGE,tag:level-seconde-generale-et-technologique,,,,FALSE
CEV14-00960,COL-0010,EVT-0063,12,TRUE,DAY,tag:level-seconde-generale-et-technologique,,,,FALSE
CEV14-00961,COL-0010,EVT-0147,13,TRUE,RANGE,tag:level-seconde-generale-et-technologique,,,,FALSE
CEV14-00962,COL-0010,EVT-0146,14,TRUE,DAY,tag:level-seconde-generale-et-technologique,,,,FALSE
CEV14-00963,COL-0010,EVT-0148,15,TRUE,DAY,tag:level-seconde-generale-et-technologique,,,,FALSE
CEV14-00964,COL-0010,EVT-0064,16,TRUE,DAY,tag:level-seconde-generale-et-technologique,,,,FALSE
CEV14-00965,COL-0010,EVT-0143,17,TRUE,RANGE,tag:level-seconde-generale-et-technologique,,,,FALSE
CEV14-00966,COL-0010,EVT-0151,18,TRUE,DAY,tag:level-seconde-generale-et-technologique,,,,FALSE
CEV14-00967,COL-0010,EVT-0144,19,TRUE,RANGE,tag:level-seconde-generale-et-technologique,,,,FALSE
CEV14-00968,COL-0010,EVT-0065,20,TRUE,DAY,tag:level-seconde-generale-et-technologique,,,,FALSE
CEV14-00969,COL-0010,EVT-0423,21,TRUE,DAY,tag:level-seconde-generale-et-technologique,,,,FALSE
CEV14-00970,COL-0010,EVT-0162,22,TRUE,MONTH,tag:level-seconde-generale-et-technologique,,,,FALSE
CEV14-00971,COL-0010,EVT-0163,23,TRUE,DAY,tag:level-seconde-generale-et-technologique,,,,FALSE
CEV14-00972,COL-0010,EVT-0167,24,TRUE,YEAR,tag:level-seconde-generale-et-technologique,,,,FALSE
CEV14-00973,COL-0010,EVT-0427,25,TRUE,DAY,tag:level-seconde-generale-et-technologique,,,,FALSE
CEV14-00974,COL-0010,EVT-0428,26,TRUE,DAY,tag:level-seconde-generale-et-technologique,,,,FALSE
CEV14-00975,COL-0010,EVT-0152,27,TRUE,MONTH,tag:level-seconde-generale-et-technologique,,,,FALSE
CEV14-00976,COL-0010,EVT-0153,28,TRUE,DAY,tag:level-seconde-generale-et-technologique,,,,FALSE
CEV14-00977,COL-0010,EVT-0156,29,TRUE,DAY,tag:level-seconde-generale-et-technologique,,,,FALSE
CEV14-00978,COL-0010,EVT-0154,30,TRUE,DAY,tag:level-seconde-generale-et-technologique,,,,FALSE
CEV14-00979,COL-0010,EVT-0076,31,TRUE,DAY,tag:level-seconde-generale-et-technologique,,,,FALSE
CEV14-00980,COL-0010,EVT-0429,32,TRUE,RANGE,tag:level-seconde-generale-et-technologique,,,,FALSE
CEV14-00981,COL-0010,EVT-0157,33,TRUE,DAY,tag:level-seconde-generale-et-technologique,,,,FALSE
CEV14-00982,COL-0010,EVT-0430,34,TRUE,DAY,tag:level-seconde-generale-et-technologique,,,,FALSE
CEV14-00983,COL-0010,EVT-0164,35,TRUE,YEAR,tag:level-seconde-generale-et-technologique,,,,FALSE
CEV14-00984,COL-0010,EVT-0158,36,TRUE,RANGE,tag:level-seconde-generale-et-technologique,,,,FALSE
CEV14-00985,COL-0010,EVT-0159,37,TRUE,YEAR,tag:level-seconde-generale-et-technologique,,,,FALSE
CEV14-00986,COL-0010,EVT-0160,38,TRUE,YEAR,tag:level-seconde-generale-et-technologique,,,,FALSE
CEV14-00987,COL-0010,EVT-0166,39,TRUE,RANGE,tag:level-seconde-generale-et-technologique,,,,FALSE
CEV14-00988,COL-0010,EVT-0165,40,TRUE,YEAR,tag:level-seconde-generale-et-technologique,,,,FALSE
CEV14-00989,COL-0010,EVT-0161,41,TRUE,DAY,tag:level-seconde-generale-et-technologique,,,,FALSE
CEV14-00990,COL-0010,EVT-0334,42,TRUE,DAY,tag:level-seconde-generale-et-technologique,,,,FALSE
CEV14-00991,COL-0010,EVT-0348,43,TRUE,RANGE,tag:level-seconde-generale-et-technologique,,,,FALSE
CEV14-00992,COL-0010,EVT-0173,44,TRUE,DAY,tag:level-seconde-generale-et-technologique,,,,FALSE
CEV14-00993,COL-0010,EVT-0494,45,TRUE,DAY,tag:level-seconde-generale-et-technologique,,,,FALSE
CEV14-00994,COL-0010,EVT-0495,46,TRUE,DAY,tag:level-seconde-generale-et-technologique,,,,FALSE
CEV14-00995,COL-0010,EVT-0496,47,TRUE,RANGE,tag:level-seconde-generale-et-technologique,,,,FALSE
CEV14-00996,COL-0010,EVT-0497,48,TRUE,DAY,tag:level-seconde-generale-et-technologique,,,,FALSE
CEV14-00997,COL-0010,EVT-0498,49,TRUE,DAY,tag:level-seconde-generale-et-technologique,,,,FALSE
CEV14-00998,COL-0010,EVT-0499,50,TRUE,DAY,tag:level-seconde-generale-et-technologique,,,,FALSE
CEV14-00999,COL-0010,EVT-0500,51,TRUE,RANGE,tag:level-seconde-generale-et-technologique,,,,FALSE
CEV14-01000,COL-0010,EVT-0501,52,TRUE,DAY,tag:level-seconde-generale-et-technologique,,,,FALSE
CEV14-01001,COL-0010,EVT-0502,53,TRUE,RANGE,tag:level-seconde-generale-et-technologique,,,,FALSE
CEV14-01002,COL-0010,EVT-0503,54,TRUE,DAY,tag:level-seconde-generale-et-technologique,,,,FALSE
CEV14-01003,COL-0010,EVT-0504,55,TRUE,DAY,tag:level-seconde-generale-et-technologique,,,,FALSE
CEV14-01004,COL-0010,EVT-0142,56,FALSE,NOT_AUTOMATIC,tag:level-seconde-generale-et-technologique,,,,FALSE
CEV14-01005,COL-0010,EVT-0145,57,FALSE,NOT_AUTOMATIC,tag:level-seconde-generale-et-technologique,,,,FALSE
CEV14-01006,COL-0010,EVT-0168,58,FALSE,NOT_AUTOMATIC,tag:level-seconde-generale-et-technologique,,,,FALSE
CEV14-01007,COL-0010,EVT-0169,59,FALSE,NOT_AUTOMATIC,tag:level-seconde-generale-et-technologique,,,,FALSE
CEV14-01008,COL-0010,EVT-0170,60,FALSE,NOT_AUTOMATIC,tag:level-seconde-generale-et-technologique,,,,FALSE
CEV14-01009,COL-0011,EVT-0340,1,TRUE,YEAR,tag:level-terminale-hggsp,,,,FALSE
CEV14-01010,COL-0011,EVT-0295,2,TRUE,DAY,tag:level-terminale-hggsp,,,,FALSE
CEV14-01011,COL-0011,EVT-0367,3,TRUE,MONTH,tag:level-terminale-hggsp,,,,FALSE
CEV14-01012,COL-0011,EVT-0154,4,TRUE,DAY,tag:level-terminale-hggsp,,,,FALSE
CEV14-01013,COL-0011,EVT-0010,5,TRUE,RANGE,tag:level-terminale-hggsp,,,,FALSE
CEV14-01014,COL-0011,EVT-0192,6,TRUE,RANGE,tag:level-terminale-hggsp,,,,FALSE
CEV14-01015,COL-0011,EVT-0086,7,TRUE,DAY,tag:level-terminale-hggsp,,,,FALSE
CEV14-01016,COL-0011,EVT-0200,8,TRUE,DAY,tag:level-terminale-hggsp,,,,FALSE
CEV14-01017,COL-0011,EVT-0313,9,TRUE,DAY,tag:level-terminale-hggsp,,,,FALSE
CEV14-01018,COL-0011,EVT-0322,10,TRUE,RANGE,tag:level-terminale-hggsp,,,,FALSE
CEV14-01019,COL-0011,EVT-0323,11,TRUE,DAY,tag:level-terminale-hggsp,,,,FALSE
CEV14-01020,COL-0011,EVT-0324,12,TRUE,MONTH,tag:level-terminale-hggsp,,,,FALSE
CEV14-01021,COL-0011,EVT-0325,13,TRUE,MONTH,tag:level-terminale-hggsp,,,,FALSE
CEV14-01022,COL-0011,EVT-0087,14,TRUE,DAY,tag:level-terminale-hggsp,,,,FALSE
CEV14-01023,COL-0011,EVT-0088,15,TRUE,DAY,tag:level-terminale-hggsp,,,,FALSE
CEV14-01024,COL-0011,EVT-0012,16,TRUE,RANGE,tag:level-terminale-hggsp,,,,FALSE
CEV14-01025,COL-0011,EVT-0089,17,TRUE,DAY,tag:level-terminale-hggsp,,,,FALSE
CEV14-01026,COL-0011,EVT-0314,18,TRUE,DAY,tag:level-terminale-hggsp,,,,FALSE
CEV14-01027,COL-0011,EVT-0307,19,TRUE,DAY,tag:level-terminale-hggsp,,,,FALSE
CEV14-01028,COL-0011,EVT-0308,20,TRUE,DAY,tag:level-terminale-hggsp,,,,FALSE
CEV14-01029,COL-0011,EVT-0298,21,TRUE,DAY,tag:level-terminale-hggsp,,,,FALSE
CEV14-01030,COL-0011,EVT-0286,22,TRUE,DAY,tag:level-terminale-hggsp,,,,FALSE
CEV14-01031,COL-0011,EVT-0287,23,TRUE,DAY,tag:level-terminale-hggsp,,,,FALSE
CEV14-01032,COL-0011,EVT-0120,24,TRUE,DAY,tag:level-terminale-hggsp,,,,FALSE
CEV14-01033,COL-0011,EVT-0121,25,TRUE,DAY,tag:level-terminale-hggsp,,,,FALSE
CEV14-01034,COL-0011,EVT-0122,26,TRUE,DAY,tag:level-terminale-hggsp,,,,FALSE
CEV14-01035,COL-0011,EVT-0123,27,TRUE,DAY,tag:level-terminale-hggsp,,,,FALSE
CEV14-01036,COL-0011,EVT-0124,28,TRUE,DAY,tag:level-terminale-hggsp,,,,FALSE
CEV14-01037,COL-0011,EVT-0288,29,TRUE,DAY,tag:level-terminale-hggsp,,,,FALSE
CEV14-01038,COL-0011,EVT-0289,30,TRUE,DAY,tag:level-terminale-hggsp,,,,FALSE
CEV14-01039,COL-0011,EVT-0315,31,TRUE,DAY,tag:level-terminale-hggsp,,,,FALSE
CEV14-01040,COL-0011,EVT-0316,32,TRUE,DAY,tag:level-terminale-hggsp,,,,FALSE
CEV14-01041,COL-0011,EVT-0278,33,TRUE,DAY,tag:level-terminale-hggsp,,,,FALSE
CEV14-01042,COL-0011,EVT-0299,34,TRUE,DAY,tag:level-terminale-hggsp,,,,FALSE
CEV14-01043,COL-0011,EVT-0300,35,TRUE,DAY,tag:level-terminale-hggsp,,,,FALSE
CEV14-01044,COL-0011,EVT-0301,36,TRUE,DAY,tag:level-terminale-hggsp,,,,FALSE
CEV14-01045,COL-0011,EVT-0317,37,TRUE,DAY,tag:level-terminale-hggsp,,,,FALSE
CEV14-01046,COL-0011,EVT-0305,38,TRUE,DAY,tag:level-terminale-hggsp,,,,FALSE
CEV14-01047,COL-0011,EVT-0303,39,TRUE,RANGE,tag:level-terminale-hggsp,,,,FALSE
CEV14-01048,COL-0011,EVT-0304,40,TRUE,DAY,tag:level-terminale-hggsp,,,,FALSE
CEV14-01049,COL-0011,EVT-0279,41,TRUE,DAY,tag:level-terminale-hggsp,,,,FALSE
CEV14-01050,COL-0011,EVT-0296,42,TRUE,DAY,tag:level-terminale-hggsp,,,,FALSE
CEV14-01051,COL-0011,EVT-0318,43,TRUE,DAY,tag:level-terminale-hggsp,,,,FALSE
CEV14-01052,COL-0011,EVT-0290,44,TRUE,DAY,tag:level-terminale-hggsp,,,,FALSE
CEV14-01053,COL-0011,EVT-0291,45,TRUE,DAY,tag:level-terminale-hggsp,,,,FALSE
CEV14-01054,COL-0011,EVT-0302,46,TRUE,DAY,tag:level-terminale-hggsp,,,,FALSE
CEV14-01055,COL-0011,EVT-0319,47,TRUE,DAY,tag:level-terminale-hggsp,,,,FALSE
CEV14-01056,COL-0011,EVT-0297,48,TRUE,DAY,tag:level-terminale-hggsp,,,,FALSE
CEV14-01057,COL-0011,EVT-0326,49,TRUE,DAY,tag:level-terminale-hggsp,,,,FALSE
CEV14-01058,COL-0011,EVT-0312,50,TRUE,YEAR,tag:level-terminale-hggsp,,,,FALSE
CEV14-01059,COL-0011,EVT-0311,51,TRUE,YEAR,tag:level-terminale-hggsp,,,,FALSE
CEV14-01060,COL-0011,EVT-0309,52,TRUE,RANGE,tag:level-terminale-hggsp,,,,FALSE
CEV14-01061,COL-0011,EVT-0320,53,TRUE,DAY,tag:level-terminale-hggsp,,,,FALSE
CEV14-01062,COL-0011,EVT-0310,54,TRUE,DAY,tag:level-terminale-hggsp,,,,FALSE
CEV14-01063,COL-0011,EVT-0321,55,TRUE,DAY,tag:level-terminale-hggsp,,,,FALSE
CEV14-01064,COL-0011,EVT-0306,56,TRUE,DAY,tag:level-terminale-hggsp,,,,FALSE
CEV14-01065,COL-0011,EVT-0293,57,TRUE,DAY,tag:level-terminale-hggsp,,,,FALSE
CEV14-01066,COL-0011,EVT-0294,58,TRUE,DAY,tag:level-terminale-hggsp,,,,FALSE
CEV14-01067,COL-0011,EVT-0009,59,FALSE,NOT_AUTOMATIC,tag:level-terminale-hggsp,,,,FALSE
CEV14-01068,COL-0011,EVT-0142,60,FALSE,NOT_AUTOMATIC,tag:level-terminale-hggsp,,,,FALSE
CEV14-01069,COL-0012,EVT-0243,1,TRUE,MONTH,tag:level-terminale-generale,,,,FALSE
CEV14-01070,COL-0012,EVT-0241,2,TRUE,DAY,tag:level-terminale-generale,,,,FALSE
CEV14-01071,COL-0012,EVT-0244,3,TRUE,RANGE,tag:level-terminale-generale,,,,FALSE
CEV14-01072,COL-0012,EVT-0103,4,TRUE,DAY,tag:level-terminale-generale,,,,FALSE
CEV14-01073,COL-0012,EVT-0246,5,TRUE,DAY,tag:level-terminale-generale,,,,FALSE
CEV14-01074,COL-0012,EVT-0014,6,TRUE,DAY,tag:level-terminale-generale,,,,FALSE
CEV14-01075,COL-0012,EVT-0105,7,TRUE,DAY,tag:level-terminale-generale,,,,FALSE
CEV14-01076,COL-0012,EVT-0248,8,TRUE,DAY,tag:level-terminale-generale,,,,FALSE
CEV14-01077,COL-0012,EVT-0249,9,TRUE,DAY,tag:level-terminale-generale,,,,FALSE
CEV14-01078,COL-0012,EVT-0250,10,TRUE,DAY,tag:level-terminale-generale,,,,FALSE
CEV14-01079,COL-0012,EVT-0251,11,TRUE,RANGE,tag:level-terminale-generale,,,,FALSE
CEV14-01080,COL-0012,EVT-0252,12,TRUE,DAY,tag:level-terminale-generale,,,,FALSE
CEV14-01081,COL-0012,EVT-0253,13,TRUE,DAY,tag:level-terminale-generale,,,,FALSE
CEV14-01082,COL-0012,EVT-0254,14,TRUE,DAY,tag:level-terminale-generale,,,,FALSE
CEV14-01083,COL-0012,EVT-0255,15,TRUE,DAY,tag:level-terminale-generale,,,,FALSE
CEV14-01084,COL-0012,EVT-0256,16,TRUE,DAY,tag:level-terminale-generale,,,,FALSE
CEV14-01085,COL-0012,EVT-0257,17,TRUE,DAY,tag:level-terminale-generale,,,,FALSE
CEV14-01086,COL-0012,EVT-0258,18,TRUE,DAY,tag:level-terminale-generale,,,,FALSE
CEV14-01087,COL-0012,EVT-0259,19,TRUE,DAY,tag:level-terminale-generale,,,,FALSE
CEV14-01088,COL-0012,EVT-0260,20,TRUE,DAY,tag:level-terminale-generale,,,,FALSE
CEV14-01089,COL-0012,EVT-0261,21,TRUE,DAY,tag:level-terminale-generale,,,,FALSE
CEV14-01090,COL-0013,EVT-0002,1,TRUE,DAY,tag:theme-thm-001,,,,FALSE
CEV14-01091,COL-0013,EVT-0003,2,TRUE,DAY,tag:theme-thm-001,,,,FALSE
CEV14-01092,COL-0013,EVT-0004,3,TRUE,DAY,tag:theme-thm-001,,,,FALSE
CEV14-01093,COL-0013,EVT-0001,4,TRUE,DAY,tag:theme-thm-001,,,,FALSE
CEV14-01094,COL-0013,EVT-0005,5,TRUE,DAY,tag:theme-thm-001,,,,FALSE
CEV14-01095,COL-0013,EVT-0006,6,TRUE,DAY,tag:theme-thm-001,,,,FALSE
CEV14-01096,COL-0013,EVT-0007,7,TRUE,DAY,tag:theme-thm-001,,,,FALSE
CEV14-01097,COL-0013,EVT-0008,8,TRUE,DAY,tag:theme-thm-001,,,,FALSE
CEV14-01098,COL-0014,EVT-0010,1,TRUE,RANGE,tag:theme-thm-002,,,,FALSE
CEV14-01099,COL-0014,EVT-0011,2,TRUE,YEAR,tag:theme-thm-002,,,,FALSE
CEV14-01100,COL-0014,EVT-0009,3,FALSE,NOT_AUTOMATIC,tag:theme-thm-002,,,,FALSE
CEV14-01101,COL-0015,EVT-0012,1,TRUE,RANGE,tag:theme-thm-003,,,,FALSE
CEV14-01102,COL-0015,EVT-0013,2,TRUE,RANGE,tag:theme-thm-003,,,,FALSE
CEV14-01103,COL-0015,EVT-0014,3,TRUE,DAY,tag:theme-thm-003,,,,FALSE
CEV14-01104,COL-0015,EVT-0015,4,TRUE,RANGE,tag:theme-thm-003,,,,FALSE
CEV14-01105,COL-0015,EVT-0016,5,TRUE,DAY,tag:theme-thm-003,,,,FALSE
CEV14-01106,COL-0015,EVT-0017,6,TRUE,DAY,tag:theme-thm-003,,,,FALSE
CEV14-01107,COL-0015,EVT-0018,7,TRUE,DAY,tag:theme-thm-003,,,,FALSE
CEV14-01108,COL-0015,EVT-0116,8,TRUE,DAY,tag:theme-thm-003,,,,FALSE
CEV14-01109,COL-0015,EVT-0118,9,TRUE,DAY,tag:theme-thm-003,,,,FALSE
CEV14-01110,COL-0015,EVT-0271,10,TRUE,DAY,tag:theme-thm-003,,,,FALSE
CEV14-01111,COL-0016,EVT-0340,1,TRUE,YEAR,tag:theme-thm-004,,,,FALSE
CEV14-01112,COL-0016,EVT-0341,2,TRUE,YEAR,tag:theme-thm-004,,,,FALSE
CEV14-01113,COL-0016,EVT-0368,3,FALSE,NOT_AUTOMATIC,tag:theme-thm-004,,,,FALSE
CEV14-01114,COL-0016,EVT-0369,4,TRUE,RANGE,tag:theme-thm-004,,,,FALSE
CEV14-01115,COL-0016,EVT-0338,5,FALSE,NOT_AUTOMATIC,tag:theme-thm-004,,,,FALSE
CEV14-01116,COL-0016,EVT-0339,6,FALSE,NOT_AUTOMATIC,tag:theme-thm-004,,,,FALSE
CEV14-01117,COL-0016,EVT-0342,7,FALSE,NOT_AUTOMATIC,tag:theme-thm-004,,,,FALSE
CEV14-01118,COL-0017,EVT-0023,1,TRUE,YEAR,tag:theme-thm-005,,,,FALSE
CEV14-01119,COL-0017,EVT-0024,2,TRUE,DAY,tag:theme-thm-005,,,,FALSE
CEV14-01120,COL-0017,EVT-0027,3,FALSE,NOT_AUTOMATIC,tag:theme-thm-005,,,,FALSE
CEV14-01121,COL-0017,EVT-0028,4,TRUE,YEAR,tag:theme-thm-005,,,,FALSE
CEV14-01122,COL-0017,EVT-0372,5,TRUE,RANGE,tag:theme-thm-005,,,,FALSE
CEV14-01123,COL-0017,EVT-0030,6,TRUE,RANGE,tag:theme-thm-005,,,,FALSE
CEV14-01124,COL-0017,EVT-0373,7,TRUE,YEAR,tag:theme-thm-005,,,,FALSE
CEV14-01125,COL-0017,EVT-0374,8,TRUE,YEAR,tag:theme-thm-005,,,,FALSE
CEV14-01126,COL-0017,EVT-0375,9,TRUE,YEAR,tag:theme-thm-005,,,,FALSE
CEV14-01127,COL-0017,EVT-0376,10,TRUE,RANGE,tag:theme-thm-005,,,,FALSE
CEV14-01128,COL-0017,EVT-0377,11,TRUE,YEAR,tag:theme-thm-005,,,,FALSE
CEV14-01129,COL-0017,EVT-0378,12,TRUE,YEAR,tag:theme-thm-005,,,,FALSE
CEV14-01130,COL-0017,EVT-0379,13,TRUE,YEAR,tag:theme-thm-005,,,,FALSE
CEV14-01131,COL-0017,EVT-0380,14,TRUE,YEAR,tag:theme-thm-005,,,,FALSE
CEV14-01132,COL-0017,EVT-0381,15,TRUE,YEAR,tag:theme-thm-005,,,,FALSE
CEV14-01133,COL-0017,EVT-0022,16,FALSE,NOT_AUTOMATIC,tag:theme-thm-005,,,,FALSE
CEV14-01134,COL-0017,EVT-0025,17,FALSE,NOT_AUTOMATIC,tag:theme-thm-005,,,,FALSE
CEV14-01135,COL-0017,EVT-0026,18,FALSE,NOT_AUTOMATIC,tag:theme-thm-005,,,,FALSE
CEV14-01136,COL-0017,EVT-0029,19,FALSE,NOT_AUTOMATIC,tag:theme-thm-005,,,,FALSE
CEV14-01137,COL-0018,EVT-0382,1,TRUE,YEAR,tag:theme-thm-006,,,,FALSE
CEV14-01138,COL-0018,EVT-0383,2,TRUE,RANGE,tag:theme-thm-006,,,,FALSE
CEV14-01139,COL-0018,EVT-0370,3,TRUE,YEAR,tag:theme-thm-006,,,,FALSE
CEV14-01140,COL-0018,EVT-0384,4,TRUE,YEAR,tag:theme-thm-006,,,,FALSE
CEV14-01141,COL-0018,EVT-0041,5,TRUE,RANGE,tag:theme-thm-006,,,,FALSE
CEV14-01142,COL-0018,EVT-0371,6,TRUE,YEAR,tag:theme-thm-006,,,,FALSE
CEV14-01143,COL-0018,EVT-0385,7,TRUE,DAY,tag:theme-thm-006,,,,FALSE
CEV14-01144,COL-0018,EVT-0386,8,TRUE,DAY,tag:theme-thm-006,,,,FALSE
CEV14-01145,COL-0018,EVT-0387,9,TRUE,DAY,tag:theme-thm-006,,,,FALSE
CEV14-01146,COL-0018,EVT-0032,10,TRUE,RANGE,tag:theme-thm-006,,,,FALSE
CEV14-01147,COL-0018,EVT-0033,11,TRUE,RANGE,tag:theme-thm-006,,,,FALSE
CEV14-01148,COL-0018,EVT-0031,12,TRUE,DAY,tag:theme-thm-006,,,,FALSE
CEV14-01149,COL-0018,EVT-0040,13,TRUE,RANGE,tag:theme-thm-006,,,,FALSE
CEV14-01150,COL-0018,EVT-0035,14,TRUE,YEAR,tag:theme-thm-006,,,,FALSE
CEV14-01151,COL-0018,EVT-0036,15,TRUE,YEAR,tag:theme-thm-006,,,,FALSE
CEV14-01152,COL-0018,EVT-0034,16,TRUE,YEAR,tag:theme-thm-006,,,,FALSE
CEV14-01153,COL-0018,EVT-0392,17,TRUE,YEAR,tag:theme-thm-006,,,,FALSE
CEV14-01154,COL-0018,EVT-0388,18,TRUE,MONTH,tag:theme-thm-006,,,,FALSE
CEV14-01155,COL-0018,EVT-0038,19,TRUE,YEAR,tag:theme-thm-006,,,,FALSE
CEV14-01156,COL-0018,EVT-0037,20,TRUE,YEAR,tag:theme-thm-006,,,,FALSE
CEV14-01157,COL-0018,EVT-0039,21,TRUE,DAY,tag:theme-thm-006,,,,FALSE
CEV14-01158,COL-0018,EVT-0390,22,TRUE,DAY,tag:theme-thm-006,,,,FALSE
CEV14-01159,COL-0018,EVT-0389,23,TRUE,RANGE,tag:theme-thm-006,,,,FALSE
CEV14-01160,COL-0018,EVT-0391,24,TRUE,RANGE,tag:theme-thm-006,,,,FALSE
CEV14-01161,COL-0019,EVT-0393,1,TRUE,YEAR,tag:theme-thm-007,,,,FALSE
CEV14-01162,COL-0019,EVT-0042,2,TRUE,YEAR,tag:theme-thm-007,,,,FALSE
CEV14-01163,COL-0019,EVT-0043,3,TRUE,DAY,tag:theme-thm-007,,,,FALSE
CEV14-01164,COL-0019,EVT-0395,4,TRUE,YEAR,tag:theme-thm-007,,,,FALSE
CEV14-01165,COL-0019,EVT-0394,5,TRUE,YEAR,tag:theme-thm-007,,,,FALSE
CEV14-01166,COL-0019,EVT-0044,6,TRUE,DAY,tag:theme-thm-007,,,,FALSE
CEV14-01167,COL-0019,EVT-0045,7,TRUE,MONTH,tag:theme-thm-007,,,,FALSE
CEV14-01168,COL-0019,EVT-0400,8,TRUE,DAY,tag:theme-thm-007,,,,FALSE
CEV14-01169,COL-0019,EVT-0399,9,TRUE,DAY,tag:theme-thm-007,,,,FALSE
CEV14-01170,COL-0019,EVT-0046,10,TRUE,DAY,tag:theme-thm-007,,,,FALSE
CEV14-01171,COL-0019,EVT-0403,11,TRUE,YEAR,tag:theme-thm-007,,,,FALSE
CEV14-01172,COL-0020,EVT-0047,1,TRUE,RANGE,tag:theme-thm-008,,,,FALSE
CEV14-01173,COL-0020,EVT-0044,2,TRUE,DAY,tag:theme-thm-008,,,,FALSE
CEV14-01174,COL-0020,EVT-0048,3,TRUE,MONTH,tag:theme-thm-008,,,,FALSE
CEV14-01175,COL-0020,EVT-0049,4,TRUE,DAY,tag:theme-thm-008,,,,FALSE
CEV14-01176,COL-0020,EVT-0046,5,TRUE,DAY,tag:theme-thm-008,,,,FALSE
CEV14-01177,COL-0020,EVT-0051,6,TRUE,DAY,tag:theme-thm-008,,,,FALSE
CEV14-01178,COL-0021,EVT-0396,1,TRUE,YEAR,tag:theme-thm-009,,,,FALSE
CEV14-01179,COL-0021,EVT-0397,2,TRUE,DAY,tag:theme-thm-009,,,,FALSE
CEV14-01180,COL-0021,EVT-0052,3,TRUE,YEAR,tag:theme-thm-009,,,,FALSE
CEV14-01181,COL-0021,EVT-0398,4,TRUE,DAY,tag:theme-thm-009,,,,FALSE
CEV14-01182,COL-0021,EVT-0054,5,TRUE,DAY,tag:theme-thm-009,,,,FALSE
CEV14-01183,COL-0021,EVT-0401,6,TRUE,DAY,tag:theme-thm-009,,,,FALSE
CEV14-01184,COL-0021,EVT-0402,7,TRUE,RANGE,tag:theme-thm-009,,,,FALSE
CEV14-01185,COL-0021,EVT-0055,8,TRUE,RANGE,tag:theme-thm-009,,,,FALSE
CEV14-01186,COL-0021,EVT-0406,9,TRUE,DAY,tag:theme-thm-009,,,,FALSE
CEV14-01187,COL-0021,EVT-0407,10,TRUE,DAY,tag:theme-thm-009,,,,FALSE
CEV14-01188,COL-0021,EVT-0408,11,TRUE,RANGE,tag:theme-thm-009,,,,FALSE
CEV14-01189,COL-0021,EVT-0409,12,TRUE,DAY,tag:theme-thm-009,,,,FALSE
CEV14-01190,COL-0021,EVT-0410,13,TRUE,DAY,tag:theme-thm-009,,,,FALSE
CEV14-01191,COL-0021,EVT-0056,14,TRUE,DAY,tag:theme-thm-009,,,,FALSE
CEV14-01192,COL-0021,EVT-0053,15,FALSE,NOT_AUTOMATIC,tag:theme-thm-009,,,,FALSE
CEV14-01193,COL-0022,EVT-0057,1,TRUE,YEAR,tag:theme-thm-010,,,,FALSE
CEV14-01194,COL-0022,EVT-0054,2,TRUE,DAY,tag:theme-thm-010,,,,FALSE
CEV14-01195,COL-0022,EVT-0058,3,TRUE,RANGE,tag:theme-thm-010,,,,FALSE
CEV14-01196,COL-0022,EVT-0059,4,TRUE,YEAR,tag:theme-thm-010,,,,FALSE
CEV14-01197,COL-0022,EVT-0060,5,TRUE,YEAR,tag:theme-thm-010,,,,FALSE
CEV14-01198,COL-0022,EVT-0055,6,TRUE,RANGE,tag:theme-thm-010,,,,FALSE
CEV14-01199,COL-0022,EVT-0061,7,TRUE,RANGE,tag:theme-thm-010,,,,FALSE
CEV14-01200,COL-0022,EVT-0056,8,TRUE,DAY,tag:theme-thm-010,,,,FALSE
CEV14-01201,COL-0023,EVT-0062,1,TRUE,DAY,tag:theme-thm-011,,,,FALSE
CEV14-01202,COL-0023,EVT-0063,2,TRUE,DAY,tag:theme-thm-011,,,,FALSE
CEV14-01203,COL-0023,EVT-0418,3,TRUE,DAY,tag:theme-thm-011,,,,FALSE
CEV14-01204,COL-0023,EVT-0419,4,TRUE,DAY,tag:theme-thm-011,,,,FALSE
CEV14-01205,COL-0023,EVT-0064,5,TRUE,DAY,tag:theme-thm-011,,,,FALSE
CEV14-01206,COL-0023,EVT-0420,6,TRUE,YEAR,tag:theme-thm-011,,,,FALSE
CEV14-01207,COL-0023,EVT-0421,7,TRUE,DAY,tag:theme-thm-011,,,,FALSE
CEV14-01208,COL-0023,EVT-0422,8,TRUE,DAY,tag:theme-thm-011,,,,FALSE
CEV14-01209,COL-0023,EVT-0065,9,TRUE,DAY,tag:theme-thm-011,,,,FALSE
CEV14-01210,COL-0023,EVT-0424,10,TRUE,DAY,tag:theme-thm-011,,,,FALSE
CEV14-01211,COL-0023,EVT-0426,11,TRUE,RANGE,tag:theme-thm-011,,,,FALSE
CEV14-01212,COL-0023,EVT-0425,12,TRUE,DAY,tag:theme-thm-011,,,,FALSE
CEV14-01213,COL-0023,EVT-0067,13,TRUE,RANGE,tag:theme-thm-011,,,,FALSE
CEV14-01214,COL-0023,EVT-0066,14,TRUE,RANGE,tag:theme-thm-011,,,,FALSE
CEV14-01215,COL-0024,EVT-0404,1,TRUE,YEAR,tag:theme-thm-012,,,,FALSE
CEV14-01216,COL-0024,EVT-0405,2,TRUE,YEAR,tag:theme-thm-012,,,,FALSE
CEV14-01217,COL-0024,EVT-0411,3,TRUE,DAY,tag:theme-thm-012,,,,FALSE
CEV14-01218,COL-0024,EVT-0412,4,TRUE,DAY,tag:theme-thm-012,,,,FALSE
CEV14-01219,COL-0024,EVT-0413,5,TRUE,DAY,tag:theme-thm-012,,,,FALSE
CEV14-01220,COL-0024,EVT-0062,6,TRUE,DAY,tag:theme-thm-012,,,,FALSE
CEV14-01221,COL-0024,EVT-0414,7,TRUE,YEAR,tag:theme-thm-012,,,,FALSE
CEV14-01222,COL-0024,EVT-0415,8,TRUE,DAY,tag:theme-thm-012,,,,FALSE
CEV14-01223,COL-0024,EVT-0416,9,TRUE,DAY,tag:theme-thm-012,,,,FALSE
CEV14-01224,COL-0024,EVT-0417,10,TRUE,DAY,tag:theme-thm-012,,,,FALSE
CEV14-01225,COL-0024,EVT-0063,11,TRUE,DAY,tag:theme-thm-012,,,,FALSE
CEV14-01226,COL-0024,EVT-0064,12,TRUE,DAY,tag:theme-thm-012,,,,FALSE
CEV14-01227,COL-0024,EVT-0069,13,TRUE,YEAR,tag:theme-thm-012,,,,FALSE
CEV14-01228,COL-0024,EVT-0070,14,TRUE,DAY,tag:theme-thm-012,,,,FALSE
CEV14-01229,COL-0024,EVT-0072,15,TRUE,RANGE,tag:theme-thm-012,,,,FALSE
CEV14-01230,COL-0024,EVT-0073,16,TRUE,RANGE,tag:theme-thm-012,,,,FALSE
CEV14-01231,COL-0024,EVT-0065,17,TRUE,DAY,tag:theme-thm-012,,,,FALSE
CEV14-01232,COL-0024,EVT-0074,18,TRUE,RANGE,tag:theme-thm-012,,,,FALSE
CEV14-01233,COL-0024,EVT-0075,19,TRUE,DAY,tag:theme-thm-012,,,,FALSE
CEV14-01234,COL-0024,EVT-0076,20,TRUE,DAY,tag:theme-thm-012,,,,FALSE
CEV14-01235,COL-0024,EVT-0077,21,TRUE,DAY,tag:theme-thm-012,,,,FALSE
CEV14-01236,COL-0025,EVT-0346,1,FALSE,NOT_AUTOMATIC,tag:theme-thm-013,,,,FALSE
CEV14-01237,COL-0025,EVT-0166,2,TRUE,RANGE,tag:theme-thm-013,,,,FALSE
CEV14-01238,COL-0025,EVT-0431,3,TRUE,RANGE,tag:theme-thm-013,,,,FALSE
CEV14-01239,COL-0025,EVT-0432,4,TRUE,YEAR,tag:theme-thm-013,,,,FALSE
CEV14-01240,COL-0025,EVT-0433,5,TRUE,DAY,tag:theme-thm-013,,,,FALSE
CEV14-01241,COL-0025,EVT-0434,6,TRUE,DAY,tag:theme-thm-013,,,,FALSE
CEV14-01242,COL-0025,EVT-0435,7,TRUE,DAY,tag:theme-thm-013,,,,FALSE
CEV14-01243,COL-0025,EVT-0347,8,FALSE,NOT_AUTOMATIC,tag:theme-thm-013,,,,FALSE
CEV14-01244,COL-0025,EVT-0436,9,TRUE,DAY,tag:theme-thm-013,,,,FALSE
CEV14-01245,COL-0025,EVT-0437,10,TRUE,DAY,tag:theme-thm-013,,,,FALSE
CEV14-01246,COL-0025,EVT-0438,11,TRUE,DAY,tag:theme-thm-013,,,,FALSE
CEV14-01247,COL-0025,EVT-0334,12,TRUE,DAY,tag:theme-thm-013,,,,FALSE
CEV14-01248,COL-0025,EVT-0348,13,TRUE,RANGE,tag:theme-thm-013,,,,FALSE
CEV14-01249,COL-0025,EVT-0173,14,TRUE,DAY,tag:theme-thm-013,,,,FALSE
CEV14-01250,COL-0025,EVT-0174,15,TRUE,RANGE,tag:theme-thm-013,,,,FALSE
CEV14-01251,COL-0025,EVT-0175,16,TRUE,DAY,tag:theme-thm-013,,,,FALSE
CEV14-01252,COL-0025,EVT-0439,17,TRUE,DAY,tag:theme-thm-013,,,,FALSE
CEV14-01253,COL-0025,EVT-0078,18,TRUE,DAY,tag:theme-thm-013,,,,FALSE
CEV14-01254,COL-0025,EVT-0349,19,FALSE,NOT_AUTOMATIC,tag:theme-thm-013,,,,FALSE
CEV14-01255,COL-0025,EVT-0079,20,TRUE,DAY,tag:theme-thm-013,,,,FALSE
CEV14-01256,COL-0025,EVT-0447,21,TRUE,DAY,tag:theme-thm-013,,,,FALSE
CEV14-01257,COL-0026,EVT-0453,1,TRUE,RANGE,tag:theme-thm-014,,,,FALSE
CEV14-01258,COL-0026,EVT-0454,2,TRUE,DAY,tag:theme-thm-014,,,,FALSE
CEV14-01259,COL-0026,EVT-0455,3,TRUE,DAY,tag:theme-thm-014,,,,FALSE
CEV14-01260,COL-0026,EVT-0548,4,TRUE,DAY,tag:theme-thm-014,,,,FALSE
CEV14-01261,COL-0026,EVT-0456,5,TRUE,DAY,tag:theme-thm-014,,,,FALSE
CEV14-01262,COL-0026,EVT-0457,6,TRUE,RANGE,tag:theme-thm-014,,,,FALSE
CEV14-01263,COL-0026,EVT-0350,7,TRUE,YEAR,tag:theme-thm-014,,,,FALSE
CEV14-01264,COL-0026,EVT-0188,8,TRUE,DAY,tag:theme-thm-014,,,,FALSE
CEV14-01265,COL-0026,EVT-0461,9,TRUE,RANGE,tag:theme-thm-014,,,,FALSE
CEV14-01266,COL-0026,EVT-0462,10,TRUE,DAY,tag:theme-thm-014,,,,FALSE
CEV14-01267,COL-0026,EVT-0463,11,TRUE,DAY,tag:theme-thm-014,,,,FALSE
CEV14-01268,COL-0026,EVT-0464,12,TRUE,DAY,tag:theme-thm-014,,,,FALSE
CEV14-01269,COL-0026,EVT-0466,13,TRUE,RANGE,tag:theme-thm-014,,,,FALSE
CEV14-01270,COL-0026,EVT-0467,14,TRUE,DAY,tag:theme-thm-014,,,,FALSE
CEV14-01271,COL-0026,EVT-0468,15,TRUE,RANGE,tag:theme-thm-014,,,,FALSE
CEV14-01272,COL-0026,EVT-0470,16,TRUE,DAY,tag:theme-thm-014,,,,FALSE
CEV14-01273,COL-0026,EVT-0469,17,TRUE,DAY,tag:theme-thm-014,,,,FALSE
CEV14-01274,COL-0026,EVT-0471,18,TRUE,DAY,tag:theme-thm-014,,,,FALSE
CEV14-01275,COL-0026,EVT-0351,19,TRUE,RANGE,tag:theme-thm-014,,,,FALSE
CEV14-01276,COL-0026,EVT-0352,20,TRUE,RANGE,tag:theme-thm-014,,,,FALSE
CEV14-01277,COL-0026,EVT-0227,21,TRUE,DAY,tag:theme-thm-014,,,,FALSE
CEV14-01278,COL-0026,EVT-0009,22,FALSE,NOT_AUTOMATIC,tag:theme-thm-014,,,,FALSE
CEV14-01279,COL-0027,EVT-0187,1,TRUE,DAY,tag:theme-thm-015,,,,FALSE
CEV14-01280,COL-0027,EVT-0086,2,TRUE,DAY,tag:theme-thm-015,,,,FALSE
CEV14-01281,COL-0027,EVT-0353,3,TRUE,DAY,tag:theme-thm-015,,,,FALSE
CEV14-01282,COL-0027,EVT-0003,4,TRUE,DAY,tag:theme-thm-015,,,,FALSE
CEV14-01283,COL-0027,EVT-0004,5,TRUE,DAY,tag:theme-thm-015,,,,FALSE
CEV14-01284,COL-0027,EVT-0082,6,TRUE,DAY,tag:theme-thm-015,,,,FALSE
CEV14-01285,COL-0027,EVT-0083,7,TRUE,DAY,tag:theme-thm-015,,,,FALSE
CEV14-01286,COL-0027,EVT-0087,8,TRUE,DAY,tag:theme-thm-015,,,,FALSE
CEV14-01287,COL-0027,EVT-0005,9,TRUE,DAY,tag:theme-thm-015,,,,FALSE
CEV14-01288,COL-0027,EVT-0084,10,TRUE,DAY,tag:theme-thm-015,,,,FALSE
CEV14-01289,COL-0027,EVT-0085,11,TRUE,DAY,tag:theme-thm-015,,,,FALSE
CEV14-01290,COL-0027,EVT-0088,12,TRUE,DAY,tag:theme-thm-015,,,,FALSE
CEV14-01291,COL-0028,EVT-0478,1,TRUE,DAY,tag:theme-thm-016,,,,FALSE
CEV14-01292,COL-0028,EVT-0012,2,TRUE,RANGE,tag:theme-thm-016,,,,FALSE
CEV14-01293,COL-0028,EVT-0089,3,TRUE,DAY,tag:theme-thm-016,,,,FALSE
CEV14-01294,COL-0028,EVT-0479,4,TRUE,DAY,tag:theme-thm-016,,,,FALSE
CEV14-01295,COL-0028,EVT-0480,5,TRUE,DAY,tag:theme-thm-016,,,,FALSE
CEV14-01296,COL-0028,EVT-0481,6,TRUE,DAY,tag:theme-thm-016,,,,FALSE
CEV14-01297,COL-0028,EVT-0090,7,TRUE,DAY,tag:theme-thm-016,,,,FALSE
CEV14-01298,COL-0028,EVT-0482,8,TRUE,RANGE,tag:theme-thm-016,,,,FALSE
CEV14-01299,COL-0028,EVT-0354,9,TRUE,YEAR,tag:theme-thm-016,,,,FALSE
CEV14-01300,COL-0028,EVT-0483,10,TRUE,DAY,tag:theme-thm-016,,,,FALSE
CEV14-01301,COL-0028,EVT-0484,11,TRUE,DAY,tag:theme-thm-016,,,,FALSE
CEV14-01302,COL-0028,EVT-0485,12,TRUE,DAY,tag:theme-thm-016,,,,FALSE
CEV14-01303,COL-0028,EVT-0091,13,TRUE,DAY,tag:theme-thm-016,,,,FALSE
CEV14-01304,COL-0028,EVT-0486,14,TRUE,DAY,tag:theme-thm-016,,,,FALSE
CEV14-01305,COL-0028,EVT-0092,15,TRUE,DAY,tag:theme-thm-016,,,,FALSE
CEV14-01306,COL-0028,EVT-0487,16,TRUE,DAY,tag:theme-thm-016,,,,FALSE
CEV14-01307,COL-0028,EVT-0488,17,TRUE,DAY,tag:theme-thm-016,,,,FALSE
CEV14-01308,COL-0028,EVT-0489,18,TRUE,DAY,tag:theme-thm-016,,,,FALSE
CEV14-01309,COL-0028,EVT-0490,19,TRUE,RANGE,tag:theme-thm-016,,,,FALSE
CEV14-01310,COL-0028,EVT-0491,20,TRUE,DAY,tag:theme-thm-016,,,,FALSE
CEV14-01311,COL-0028,EVT-0492,21,TRUE,DAY,tag:theme-thm-016,,,,FALSE
CEV14-01312,COL-0028,EVT-0493,22,TRUE,DAY,tag:theme-thm-016,,,,FALSE
CEV14-01313,COL-0028,EVT-0355,23,TRUE,RANGE,tag:theme-thm-016,,,,FALSE
CEV14-01314,COL-0028,EVT-0356,24,TRUE,RANGE,tag:theme-thm-016,,,,FALSE
CEV14-01315,COL-0028,EVT-0093,25,TRUE,DAY,tag:theme-thm-016,,,,FALSE
CEV14-01316,COL-0028,EVT-0094,26,TRUE,RANGE,tag:theme-thm-016,,,,FALSE
CEV14-01317,COL-0028,EVT-0095,27,TRUE,DAY,tag:theme-thm-016,,,,FALSE
CEV14-01318,COL-0028,EVT-0096,28,TRUE,DAY,tag:theme-thm-016,,,,FALSE
CEV14-01319,COL-0028,EVT-0505,29,TRUE,DAY,tag:theme-thm-016,,,,FALSE
CEV14-01320,COL-0028,EVT-0013,30,TRUE,RANGE,tag:theme-thm-016,,,,FALSE
CEV14-01321,COL-0028,EVT-0097,31,TRUE,DAY,tag:theme-thm-016,,,,FALSE
CEV14-01322,COL-0028,EVT-0098,32,TRUE,DAY,tag:theme-thm-016,,,,FALSE
CEV14-01323,COL-0028,EVT-0506,33,TRUE,DAY,tag:theme-thm-016,,,,FALSE
CEV14-01324,COL-0028,EVT-0507,34,TRUE,RANGE,tag:theme-thm-016,,,,FALSE
CEV14-01325,COL-0028,EVT-0508,35,TRUE,DAY,tag:theme-thm-016,,,,FALSE
CEV14-01326,COL-0028,EVT-0103,36,TRUE,DAY,tag:theme-thm-016,,,,FALSE
CEV14-01327,COL-0028,EVT-0014,37,TRUE,DAY,tag:theme-thm-016,,,,FALSE
CEV14-01328,COL-0028,EVT-0105,38,TRUE,DAY,tag:theme-thm-016,,,,FALSE
CEV14-01329,COL-0028,EVT-0106,39,TRUE,DAY,tag:theme-thm-016,,,,FALSE
CEV14-01330,COL-0028,EVT-0509,40,TRUE,RANGE,tag:theme-thm-016,,,,FALSE
CEV14-01331,COL-0028,EVT-0107,41,TRUE,DAY,tag:theme-thm-016,,,,FALSE
CEV14-01332,COL-0028,EVT-0099,42,TRUE,DAY,tag:theme-thm-016,,,,FALSE
CEV14-01333,COL-0028,EVT-0510,43,TRUE,DAY,tag:theme-thm-016,,,,FALSE
CEV14-01334,COL-0028,EVT-0511,44,TRUE,DAY,tag:theme-thm-016,,,,FALSE
CEV14-01335,COL-0028,EVT-0512,45,TRUE,RANGE,tag:theme-thm-016,,,,FALSE
CEV14-01336,COL-0028,EVT-0513,46,TRUE,RANGE,tag:theme-thm-016,,,,FALSE
CEV14-01337,COL-0028,EVT-0514,47,TRUE,RANGE,tag:theme-thm-016,,,,FALSE
CEV14-01338,COL-0028,EVT-0016,48,TRUE,DAY,tag:theme-thm-016,,,,FALSE
CEV14-01339,COL-0028,EVT-0515,49,TRUE,DAY,tag:theme-thm-016,,,,FALSE
CEV14-01340,COL-0028,EVT-0516,50,TRUE,DAY,tag:theme-thm-016,,,,FALSE
CEV14-01341,COL-0028,EVT-0517,51,TRUE,RANGE,tag:theme-thm-016,,,,FALSE
CEV14-01342,COL-0028,EVT-0109,52,TRUE,DAY,tag:theme-thm-016,,,,FALSE
CEV14-01343,COL-0028,EVT-0017,53,TRUE,DAY,tag:theme-thm-016,,,,FALSE
CEV14-01344,COL-0028,EVT-0100,54,TRUE,DAY,tag:theme-thm-016,,,,FALSE
CEV14-01345,COL-0028,EVT-0518,55,TRUE,DAY,tag:theme-thm-016,,,,FALSE
CEV14-01346,COL-0028,EVT-0519,56,TRUE,RANGE,tag:theme-thm-016,,,,FALSE
CEV14-01347,COL-0028,EVT-0101,57,TRUE,DAY,tag:theme-thm-016,,,,FALSE
CEV14-01348,COL-0028,EVT-0520,58,TRUE,DAY,tag:theme-thm-016,,,,FALSE
CEV14-01349,COL-0028,EVT-0521,59,TRUE,DAY,tag:theme-thm-016,,,,FALSE
CEV14-01350,COL-0028,EVT-0102,60,TRUE,DAY,tag:theme-thm-016,,,,FALSE
CEV14-01351,COL-0029,EVT-0357,1,TRUE,DAY,tag:theme-thm-017,,,,FALSE
CEV14-01352,COL-0029,EVT-0358,2,TRUE,DAY,tag:theme-thm-017,,,,FALSE
CEV14-01353,COL-0029,EVT-0110,3,TRUE,DAY,tag:theme-thm-017,,,,FALSE
CEV14-01354,COL-0029,EVT-0359,4,TRUE,RANGE,tag:theme-thm-017,,,,FALSE
CEV14-01355,COL-0029,EVT-0523,5,TRUE,DAY,tag:theme-thm-017,,,,FALSE
CEV14-01356,COL-0029,EVT-0522,6,TRUE,DAY,tag:theme-thm-017,,,,FALSE
CEV14-01357,COL-0029,EVT-0111,7,TRUE,DAY,tag:theme-thm-017,,,,FALSE
CEV14-01358,COL-0029,EVT-0524,8,TRUE,DAY,tag:theme-thm-017,,,,FALSE
CEV14-01359,COL-0029,EVT-0112,9,TRUE,DAY,tag:theme-thm-017,,,,FALSE
CEV14-01360,COL-0029,EVT-0525,10,TRUE,DAY,tag:theme-thm-017,,,,FALSE
CEV14-01361,COL-0029,EVT-0018,11,TRUE,DAY,tag:theme-thm-017,,,,FALSE
CEV14-01362,COL-0029,EVT-0116,12,TRUE,DAY,tag:theme-thm-017,,,,FALSE
CEV14-01363,COL-0029,EVT-0117,13,TRUE,DAY,tag:theme-thm-017,,,,FALSE
CEV14-01364,COL-0029,EVT-0530,14,TRUE,DAY,tag:theme-thm-017,,,,FALSE
CEV14-01365,COL-0029,EVT-0526,15,TRUE,RANGE,tag:theme-thm-017,,,,FALSE
CEV14-01366,COL-0029,EVT-0527,16,TRUE,DAY,tag:theme-thm-017,,,,FALSE
CEV14-01367,COL-0029,EVT-0528,17,TRUE,RANGE,tag:theme-thm-017,,,,FALSE
CEV14-01368,COL-0029,EVT-0118,18,TRUE,DAY,tag:theme-thm-017,,,,FALSE
CEV14-01369,COL-0029,EVT-0119,19,TRUE,DAY,tag:theme-thm-017,,,,FALSE
CEV14-01370,COL-0029,EVT-0529,20,TRUE,DAY,tag:theme-thm-017,,,,FALSE
CEV14-01371,COL-0029,EVT-0532,21,TRUE,RANGE,tag:theme-thm-017,,,,FALSE
CEV14-01372,COL-0029,EVT-0113,22,TRUE,DAY,tag:theme-thm-017,,,,FALSE
CEV14-01373,COL-0029,EVT-0120,23,TRUE,DAY,tag:theme-thm-017,,,,FALSE
CEV14-01374,COL-0029,EVT-0121,24,TRUE,DAY,tag:theme-thm-017,,,,FALSE
CEV14-01375,COL-0029,EVT-0122,25,TRUE,DAY,tag:theme-thm-017,,,,FALSE
CEV14-01376,COL-0029,EVT-0123,26,TRUE,DAY,tag:theme-thm-017,,,,FALSE
CEV14-01377,COL-0029,EVT-0124,27,TRUE,DAY,tag:theme-thm-017,,,,FALSE
CEV14-01378,COL-0029,EVT-0533,28,TRUE,RANGE,tag:theme-thm-017,,,,FALSE
CEV14-01379,COL-0029,EVT-0534,29,TRUE,DAY,tag:theme-thm-017,,,,FALSE
CEV14-01380,COL-0029,EVT-0535,30,TRUE,DAY,tag:theme-thm-017,,,,FALSE
CEV14-01381,COL-0029,EVT-0536,31,TRUE,RANGE,tag:theme-thm-017,,,,FALSE
CEV14-01382,COL-0029,EVT-0538,32,TRUE,DAY,tag:theme-thm-017,,,,FALSE
CEV14-01383,COL-0029,EVT-0540,33,TRUE,DAY,tag:theme-thm-017,,,,FALSE
CEV14-01384,COL-0029,EVT-0541,34,TRUE,RANGE,tag:theme-thm-017,,,,FALSE
CEV14-01385,COL-0029,EVT-0542,35,TRUE,DAY,tag:theme-thm-017,,,,FALSE
CEV14-01386,COL-0029,EVT-0543,36,TRUE,DAY,tag:theme-thm-017,,,,FALSE
CEV14-01387,COL-0029,EVT-0544,37,TRUE,DAY,tag:theme-thm-017,,,,FALSE
CEV14-01388,COL-0029,EVT-0545,38,TRUE,DAY,tag:theme-thm-017,,,,FALSE
CEV14-01389,COL-0029,EVT-0546,39,TRUE,DAY,tag:theme-thm-017,,,,FALSE
CEV14-01390,COL-0029,EVT-0114,40,TRUE,DAY,tag:theme-thm-017,,,,FALSE
CEV14-01391,COL-0029,EVT-0547,41,TRUE,DAY,tag:theme-thm-017,,,,FALSE
CEV14-01392,COL-0029,EVT-0115,42,TRUE,DAY,tag:theme-thm-017,,,,FALSE
CEV14-01393,COL-0030,EVT-0109,1,TRUE,DAY,tag:theme-thm-018,,,,FALSE
CEV14-01394,COL-0030,EVT-0006,2,TRUE,DAY,tag:theme-thm-018,,,,FALSE
CEV14-01395,COL-0030,EVT-0360,3,TRUE,DAY,tag:theme-thm-018,,,,FALSE
CEV14-01396,COL-0030,EVT-0100,4,TRUE,DAY,tag:theme-thm-018,,,,FALSE
CEV14-01397,COL-0030,EVT-0007,5,TRUE,DAY,tag:theme-thm-018,,,,FALSE
CEV14-01398,COL-0030,EVT-0128,6,TRUE,RANGE,tag:theme-thm-018,,,,FALSE
CEV14-01399,COL-0030,EVT-0008,7,TRUE,DAY,tag:theme-thm-018,,,,FALSE
CEV14-01400,COL-0030,EVT-0361,8,TRUE,DAY,tag:theme-thm-018,,,,FALSE
CEV14-01401,COL-0030,EVT-0362,9,TRUE,DAY,tag:theme-thm-018,,,,FALSE
CEV14-01402,COL-0030,EVT-0531,10,TRUE,DAY,tag:theme-thm-018,,,,FALSE
CEV14-01403,COL-0030,EVT-0363,11,TRUE,DAY,tag:theme-thm-018,,,,FALSE
CEV14-01404,COL-0030,EVT-0129,12,TRUE,DAY,tag:theme-thm-018,,,,FALSE
CEV14-01405,COL-0030,EVT-0537,13,TRUE,RANGE,tag:theme-thm-018,,,,FALSE
CEV14-01406,COL-0030,EVT-0539,14,TRUE,DAY,tag:theme-thm-018,,,,FALSE
CEV14-01407,COL-0030,EVT-0130,15,TRUE,DAY,tag:theme-thm-018,,,,FALSE
CEV14-01408,COL-0030,EVT-0131,16,TRUE,DAY,tag:theme-thm-018,,,,FALSE
CEV14-01409,COL-0030,EVT-0132,17,TRUE,DAY,tag:theme-thm-018,,,,FALSE
CEV14-01410,COL-0030,EVT-0364,18,TRUE,DAY,tag:theme-thm-018,,,,FALSE
CEV14-01411,COL-0030,EVT-0133,19,TRUE,DAY,tag:theme-thm-018,,,,FALSE
CEV14-01412,COL-0030,EVT-0134,20,TRUE,DAY,tag:theme-thm-018,,,,FALSE
CEV14-01413,COL-0030,EVT-0135,21,TRUE,DAY,tag:theme-thm-018,,,,FALSE
CEV14-01414,COL-0031,EVT-0136,1,TRUE,RANGE,tag:theme-thm-019,,,,FALSE
CEV14-01415,COL-0031,EVT-0032,2,TRUE,RANGE,tag:theme-thm-019,,,,FALSE
CEV14-01416,COL-0031,EVT-0031,3,TRUE,DAY,tag:theme-thm-019,,,,FALSE
CEV14-01417,COL-0031,EVT-0038,4,TRUE,YEAR,tag:theme-thm-019,,,,FALSE
CEV14-01418,COL-0031,EVT-0037,5,TRUE,YEAR,tag:theme-thm-019,,,,FALSE
CEV14-01419,COL-0031,EVT-0139,6,TRUE,DAY,tag:theme-thm-019,,,,FALSE
CEV14-01420,COL-0031,EVT-0140,7,TRUE,DAY,tag:theme-thm-019,,,,FALSE
CEV14-01421,COL-0031,EVT-0141,8,TRUE,RANGE,tag:theme-thm-019,,,,FALSE
CEV14-01422,COL-0031,EVT-0142,9,FALSE,NOT_AUTOMATIC,tag:theme-thm-019,,,,FALSE
CEV14-01423,COL-0032,EVT-0062,1,TRUE,DAY,tag:theme-thm-020,,,,FALSE
CEV14-01424,COL-0032,EVT-0149,2,TRUE,RANGE,tag:theme-thm-020,,,,FALSE
CEV14-01425,COL-0032,EVT-0063,3,TRUE,DAY,tag:theme-thm-020,,,,FALSE
CEV14-01426,COL-0032,EVT-0147,4,TRUE,RANGE,tag:theme-thm-020,,,,FALSE
CEV14-01427,COL-0032,EVT-0146,5,TRUE,DAY,tag:theme-thm-020,,,,FALSE
CEV14-01428,COL-0032,EVT-0148,6,TRUE,DAY,tag:theme-thm-020,,,,FALSE
CEV14-01429,COL-0032,EVT-0064,7,TRUE,DAY,tag:theme-thm-020,,,,FALSE
CEV14-01430,COL-0032,EVT-0143,8,TRUE,RANGE,tag:theme-thm-020,,,,FALSE
CEV14-01431,COL-0032,EVT-0144,9,TRUE,RANGE,tag:theme-thm-020,,,,FALSE
CEV14-01432,COL-0032,EVT-0145,10,FALSE,NOT_AUTOMATIC,tag:theme-thm-020,,,,FALSE
CEV14-01433,COL-0033,EVT-0151,1,TRUE,DAY,tag:theme-thm-021,,,,FALSE
CEV14-01434,COL-0033,EVT-0065,2,TRUE,DAY,tag:theme-thm-021,,,,FALSE
CEV14-01435,COL-0033,EVT-0423,3,TRUE,DAY,tag:theme-thm-021,,,,FALSE
CEV14-01436,COL-0033,EVT-0427,4,TRUE,DAY,tag:theme-thm-021,,,,FALSE
CEV14-01437,COL-0033,EVT-0428,5,TRUE,DAY,tag:theme-thm-021,,,,FALSE
CEV14-01438,COL-0033,EVT-0152,6,TRUE,MONTH,tag:theme-thm-021,,,,FALSE
CEV14-01439,COL-0033,EVT-0153,7,TRUE,DAY,tag:theme-thm-021,,,,FALSE
CEV14-01440,COL-0033,EVT-0156,8,TRUE,DAY,tag:theme-thm-021,,,,FALSE
CEV14-01441,COL-0033,EVT-0154,9,TRUE,DAY,tag:theme-thm-021,,,,FALSE
CEV14-01442,COL-0033,EVT-0076,10,TRUE,DAY,tag:theme-thm-021,,,,FALSE
CEV14-01443,COL-0033,EVT-0429,11,TRUE,RANGE,tag:theme-thm-021,,,,FALSE
CEV14-01444,COL-0033,EVT-0157,12,TRUE,DAY,tag:theme-thm-021,,,,FALSE
CEV14-01445,COL-0033,EVT-0158,13,TRUE,RANGE,tag:theme-thm-021,,,,FALSE
CEV14-01446,COL-0033,EVT-0159,14,TRUE,YEAR,tag:theme-thm-021,,,,FALSE
CEV14-01447,COL-0033,EVT-0160,15,TRUE,YEAR,tag:theme-thm-021,,,,FALSE
CEV14-01448,COL-0033,EVT-0161,16,TRUE,DAY,tag:theme-thm-021,,,,FALSE
CEV14-01449,COL-0034,EVT-0162,1,TRUE,MONTH,tag:theme-thm-022,,,,FALSE
CEV14-01450,COL-0034,EVT-0163,2,TRUE,DAY,tag:theme-thm-022,,,,FALSE
CEV14-01451,COL-0034,EVT-0167,3,TRUE,YEAR,tag:theme-thm-022,,,,FALSE
CEV14-01452,COL-0034,EVT-0430,4,TRUE,DAY,tag:theme-thm-022,,,,FALSE
CEV14-01453,COL-0034,EVT-0164,5,TRUE,YEAR,tag:theme-thm-022,,,,FALSE
CEV14-01454,COL-0034,EVT-0166,6,TRUE,RANGE,tag:theme-thm-022,,,,FALSE
CEV14-01455,COL-0034,EVT-0165,7,TRUE,YEAR,tag:theme-thm-022,,,,FALSE
CEV14-01456,COL-0034,EVT-0168,8,FALSE,NOT_AUTOMATIC,tag:theme-thm-022,,,,FALSE
CEV14-01457,COL-0034,EVT-0169,9,FALSE,NOT_AUTOMATIC,tag:theme-thm-022,,,,FALSE
CEV14-01458,COL-0034,EVT-0170,10,FALSE,NOT_AUTOMATIC,tag:theme-thm-022,,,,FALSE
CEV14-01459,COL-0036,EVT-0173,1,TRUE,DAY,tag:theme-thm-024,,,,FALSE
CEV14-01460,COL-0036,EVT-0174,2,TRUE,RANGE,tag:theme-thm-024,,,,FALSE
CEV14-01461,COL-0036,EVT-0175,3,TRUE,DAY,tag:theme-thm-024,,,,FALSE
CEV14-01462,COL-0036,EVT-0441,4,TRUE,DAY,tag:theme-thm-024,,,,FALSE
CEV14-01463,COL-0036,EVT-0440,5,TRUE,DAY,tag:theme-thm-024,,,,FALSE
CEV14-01464,COL-0036,EVT-0442,6,TRUE,DAY,tag:theme-thm-024,,,,FALSE
CEV14-01465,COL-0036,EVT-0176,7,TRUE,DAY,tag:theme-thm-024,,,,FALSE
CEV14-01466,COL-0036,EVT-0177,8,TRUE,DAY,tag:theme-thm-024,,,,FALSE
CEV14-01467,COL-0036,EVT-0178,9,TRUE,RANGE,tag:theme-thm-024,,,,FALSE
CEV14-01468,COL-0036,EVT-0179,10,TRUE,DAY,tag:theme-thm-024,,,,FALSE
CEV14-01469,COL-0036,EVT-0171,11,TRUE,DAY,tag:theme-thm-024,,,,FALSE
CEV14-01470,COL-0036,EVT-0443,12,TRUE,DAY,tag:theme-thm-024,,,,FALSE
CEV14-01471,COL-0036,EVT-0172,13,TRUE,DAY,tag:theme-thm-024,,,,FALSE
CEV14-01472,COL-0036,EVT-0444,14,TRUE,DAY,tag:theme-thm-024,,,,FALSE
CEV14-01473,COL-0036,EVT-0445,15,TRUE,DAY,tag:theme-thm-024,,,,FALSE
CEV14-01474,COL-0036,EVT-0446,16,TRUE,DAY,tag:theme-thm-024,,,,FALSE
CEV14-01475,COL-0036,EVT-0180,17,TRUE,DAY,tag:theme-thm-024,,,,FALSE
CEV14-01476,COL-0036,EVT-0181,18,TRUE,RANGE,tag:theme-thm-024,,,,FALSE
CEV14-01477,COL-0036,EVT-0182,19,TRUE,DAY,tag:theme-thm-024,,,,FALSE
CEV14-01478,COL-0036,EVT-0448,20,TRUE,DAY,tag:theme-thm-024,,,,FALSE
CEV14-01479,COL-0036,EVT-0449,21,TRUE,DAY,tag:theme-thm-024,,,,FALSE
CEV14-01480,COL-0036,EVT-0183,22,TRUE,MONTH,tag:theme-thm-024,,,,FALSE
CEV14-01481,COL-0036,EVT-0184,23,TRUE,RANGE,tag:theme-thm-024,,,,FALSE
CEV14-01482,COL-0036,EVT-0451,24,TRUE,DAY,tag:theme-thm-024,,,,FALSE
CEV14-01483,COL-0036,EVT-0452,25,TRUE,DAY,tag:theme-thm-024,,,,FALSE
CEV14-01484,COL-0036,EVT-0450,26,TRUE,DAY,tag:theme-thm-024,,,,FALSE
CEV14-01485,COL-0037,EVT-0185,1,TRUE,RANGE,tag:theme-thm-025,,,,FALSE
CEV14-01486,COL-0037,EVT-0186,2,TRUE,DAY,tag:theme-thm-025,,,,FALSE
CEV14-01487,COL-0037,EVT-0187,3,TRUE,DAY,tag:theme-thm-025,,,,FALSE
CEV14-01488,COL-0037,EVT-0188,4,TRUE,DAY,tag:theme-thm-025,,,,FALSE
CEV14-01489,COL-0037,EVT-0458,5,TRUE,RANGE,tag:theme-thm-025,,,,FALSE
CEV14-01490,COL-0037,EVT-0189,6,TRUE,DAY,tag:theme-thm-025,,,,FALSE
CEV14-01491,COL-0037,EVT-0190,7,TRUE,DAY,tag:theme-thm-025,,,,FALSE
CEV14-01492,COL-0037,EVT-0191,8,TRUE,DAY,tag:theme-thm-025,,,,FALSE
CEV14-01493,COL-0037,EVT-0194,9,TRUE,RANGE,tag:theme-thm-025,,,,FALSE
CEV14-01494,COL-0037,EVT-0459,10,TRUE,DAY,tag:theme-thm-025,,,,FALSE
CEV14-01495,COL-0037,EVT-0195,11,TRUE,YEAR,tag:theme-thm-025,,,,FALSE
CEV14-01496,COL-0037,EVT-0460,12,TRUE,DAY,tag:theme-thm-025,,,,FALSE
CEV14-01497,COL-0037,EVT-0192,13,TRUE,RANGE,tag:theme-thm-025,,,,FALSE
CEV14-01498,COL-0037,EVT-0193,14,TRUE,DAY,tag:theme-thm-025,,,,FALSE
CEV14-01499,COL-0037,EVT-0198,15,TRUE,YEAR,tag:theme-thm-025,,,,FALSE
CEV14-01500,COL-0037,EVT-0197,16,TRUE,DAY,tag:theme-thm-025,,,,FALSE
CEV14-01501,COL-0037,EVT-0465,17,TRUE,DAY,tag:theme-thm-025,,,,FALSE
CEV14-01502,COL-0037,EVT-0196,18,TRUE,DAY,tag:theme-thm-025,,,,FALSE
CEV14-01503,COL-0037,EVT-0472,19,TRUE,RANGE,tag:theme-thm-025,,,,FALSE
CEV14-01504,COL-0037,EVT-0473,20,TRUE,DAY,tag:theme-thm-025,,,,FALSE
CEV14-01505,COL-0037,EVT-0199,21,TRUE,DAY,tag:theme-thm-025,,,,FALSE
CEV14-01506,COL-0037,EVT-0200,22,TRUE,DAY,tag:theme-thm-025,,,,FALSE
CEV14-01507,COL-0037,EVT-0474,23,TRUE,DAY,tag:theme-thm-025,,,,FALSE
CEV14-01508,COL-0038,EVT-0201,1,TRUE,DAY,tag:theme-thm-026,,,,FALSE
CEV14-01509,COL-0038,EVT-0202,2,TRUE,DAY,tag:theme-thm-026,,,,FALSE
CEV14-01510,COL-0038,EVT-0203,3,TRUE,DAY,tag:theme-thm-026,,,,FALSE
CEV14-01511,COL-0038,EVT-0204,4,TRUE,RANGE,tag:theme-thm-026,,,,FALSE
CEV14-01512,COL-0038,EVT-0205,5,TRUE,DAY,tag:theme-thm-026,,,,FALSE
CEV14-01513,COL-0038,EVT-0476,6,TRUE,DAY,tag:theme-thm-026,,,,FALSE
CEV14-01514,COL-0038,EVT-0477,7,TRUE,DAY,tag:theme-thm-026,,,,FALSE
CEV14-01515,COL-0038,EVT-0226,8,TRUE,DAY,tag:theme-thm-026,,,,FALSE
CEV14-01516,COL-0038,EVT-0225,9,TRUE,DAY,tag:theme-thm-026,,,,FALSE
CEV14-01517,COL-0038,EVT-0475,10,TRUE,RANGE,tag:theme-thm-026,,,,FALSE
CEV14-01518,COL-0038,EVT-0227,11,TRUE,DAY,tag:theme-thm-026,,,,FALSE
CEV14-01519,COL-0038,EVT-0345,12,FALSE,NOT_AUTOMATIC,tag:theme-thm-026,,,,FALSE
CEV14-01520,COL-0039,EVT-0206,1,TRUE,RANGE,tag:theme-thm-027,,,,FALSE
CEV14-01521,COL-0039,EVT-0207,2,TRUE,RANGE,tag:theme-thm-027,,,,FALSE
CEV14-01522,COL-0039,EVT-0208,3,TRUE,RANGE,tag:theme-thm-027,,,,FALSE
CEV14-01523,COL-0039,EVT-0209,4,TRUE,DAY,tag:theme-thm-027,,,,FALSE
CEV14-01524,COL-0039,EVT-0210,5,TRUE,DAY,tag:theme-thm-027,,,,FALSE
CEV14-01525,COL-0039,EVT-0211,6,TRUE,DAY,tag:theme-thm-027,,,,FALSE
CEV14-01526,COL-0039,EVT-0212,7,TRUE,RANGE,tag:theme-thm-027,,,,FALSE
CEV14-01527,COL-0040,EVT-0494,1,TRUE,DAY,tag:theme-thm-028,,,,FALSE
CEV14-01528,COL-0040,EVT-0495,2,TRUE,DAY,tag:theme-thm-028,,,,FALSE
CEV14-01529,COL-0040,EVT-0496,3,TRUE,RANGE,tag:theme-thm-028,,,,FALSE
CEV14-01530,COL-0040,EVT-0497,4,TRUE,DAY,tag:theme-thm-028,,,,FALSE
CEV14-01531,COL-0040,EVT-0498,5,TRUE,DAY,tag:theme-thm-028,,,,FALSE
CEV14-01532,COL-0040,EVT-0243,6,TRUE,MONTH,tag:theme-thm-028,,,,FALSE
CEV14-01533,COL-0040,EVT-0241,7,TRUE,DAY,tag:theme-thm-028,,,,FALSE
CEV14-01534,COL-0040,EVT-0499,8,TRUE,DAY,tag:theme-thm-028,,,,FALSE
CEV14-01535,COL-0040,EVT-0500,9,TRUE,RANGE,tag:theme-thm-028,,,,FALSE
CEV14-01536,COL-0040,EVT-0501,10,TRUE,DAY,tag:theme-thm-028,,,,FALSE
CEV14-01537,COL-0040,EVT-0502,11,TRUE,RANGE,tag:theme-thm-028,,,,FALSE
CEV14-01538,COL-0040,EVT-0503,12,TRUE,DAY,tag:theme-thm-028,,,,FALSE
CEV14-01539,COL-0040,EVT-0504,13,TRUE,DAY,tag:theme-thm-028,,,,FALSE
CEV14-01540,COL-0040,EVT-0244,14,TRUE,RANGE,tag:theme-thm-028,,,,FALSE
CEV14-01541,COL-0040,EVT-0103,15,TRUE,DAY,tag:theme-thm-028,,,,FALSE
CEV14-01542,COL-0040,EVT-0246,16,TRUE,DAY,tag:theme-thm-028,,,,FALSE
CEV14-01543,COL-0040,EVT-0014,17,TRUE,DAY,tag:theme-thm-028,,,,FALSE
CEV14-01544,COL-0040,EVT-0105,18,TRUE,DAY,tag:theme-thm-028,,,,FALSE
CEV14-01545,COL-0040,EVT-0248,19,TRUE,DAY,tag:theme-thm-028,,,,FALSE
CEV14-01546,COL-0040,EVT-0249,20,TRUE,DAY,tag:theme-thm-028,,,,FALSE
CEV14-01547,COL-0041,EVT-0250,1,TRUE,DAY,tag:theme-thm-029,,,,FALSE
CEV14-01548,COL-0041,EVT-0251,2,TRUE,RANGE,tag:theme-thm-029,,,,FALSE
CEV14-01549,COL-0041,EVT-0252,3,TRUE,DAY,tag:theme-thm-029,,,,FALSE
CEV14-01550,COL-0041,EVT-0253,4,TRUE,DAY,tag:theme-thm-029,,,,FALSE
CEV14-01551,COL-0041,EVT-0254,5,TRUE,DAY,tag:theme-thm-029,,,,FALSE
CEV14-01552,COL-0041,EVT-0255,6,TRUE,DAY,tag:theme-thm-029,,,,FALSE
CEV14-01553,COL-0043,EVT-0256,1,TRUE,DAY,tag:theme-thm-031,,,,FALSE
CEV14-01554,COL-0043,EVT-0257,2,TRUE,DAY,tag:theme-thm-031,,,,FALSE
CEV14-01555,COL-0043,EVT-0258,3,TRUE,DAY,tag:theme-thm-031,,,,FALSE
CEV14-01556,COL-0043,EVT-0259,4,TRUE,DAY,tag:theme-thm-031,,,,FALSE
CEV14-01557,COL-0043,EVT-0260,5,TRUE,DAY,tag:theme-thm-031,,,,FALSE
CEV14-01558,COL-0043,EVT-0261,6,TRUE,DAY,tag:theme-thm-031,,,,FALSE
CEV14-01559,COL-0048,EVT-0136,1,TRUE,RANGE,tag:theme-thm-036,,,,FALSE
CEV14-01560,COL-0048,EVT-0262,2,TRUE,YEAR,tag:theme-thm-036,,,,FALSE
CEV14-01561,COL-0048,EVT-0263,3,TRUE,YEAR,tag:theme-thm-036,,,,FALSE
CEV14-01562,COL-0048,EVT-0264,4,TRUE,YEAR,tag:theme-thm-036,,,,FALSE
CEV14-01563,COL-0048,EVT-0265,5,TRUE,DAY,tag:theme-thm-036,,,,FALSE
CEV14-01564,COL-0048,EVT-0266,6,TRUE,DAY,tag:theme-thm-036,,,,FALSE
CEV14-01565,COL-0048,EVT-0267,7,TRUE,DAY,tag:theme-thm-036,,,,FALSE
CEV14-01566,COL-0048,EVT-0268,8,TRUE,DAY,tag:theme-thm-036,,,,FALSE
CEV14-01567,COL-0048,EVT-0269,9,TRUE,DAY,tag:theme-thm-036,,,,FALSE
CEV14-01568,COL-0048,EVT-0270,10,TRUE,DAY,tag:theme-thm-036,,,,FALSE
CEV14-01569,COL-0048,EVT-0271,11,TRUE,DAY,tag:theme-thm-036,,,,FALSE
CEV14-01570,COL-0048,EVT-0272,12,TRUE,DAY,tag:theme-thm-036,,,,FALSE
CEV14-01571,COL-0048,EVT-0029,13,FALSE,NOT_AUTOMATIC,tag:theme-thm-036,,,,FALSE
CEV14-01572,COL-0049,EVT-0115,1,TRUE,DAY,tag:theme-thm-037,,,,FALSE
CEV14-01573,COL-0050,EVT-0273,1,TRUE,RANGE,tag:theme-thm-038,,,,FALSE
CEV14-01574,COL-0050,EVT-0274,2,TRUE,DAY,tag:theme-thm-038,,,,FALSE
CEV14-01575,COL-0050,EVT-0275,3,TRUE,DAY,tag:theme-thm-038,,,,FALSE
CEV14-01576,COL-0050,EVT-0276,4,TRUE,DAY,tag:theme-thm-038,,,,FALSE
CEV14-01577,COL-0050,EVT-0278,5,TRUE,DAY,tag:theme-thm-038,,,,FALSE
CEV14-01578,COL-0050,EVT-0280,6,TRUE,DAY,tag:theme-thm-038,,,,FALSE
CEV14-01579,COL-0050,EVT-0281,7,TRUE,DAY,tag:theme-thm-038,,,,FALSE
CEV14-01580,COL-0050,EVT-0277,8,TRUE,DAY,tag:theme-thm-038,,,,FALSE
CEV14-01581,COL-0050,EVT-0279,9,TRUE,DAY,tag:theme-thm-038,,,,FALSE
CEV14-01582,COL-0050,EVT-0282,10,TRUE,DAY,tag:theme-thm-038,,,,FALSE
CEV14-01583,COL-0051,EVT-0283,1,TRUE,YEAR,tag:theme-thm-039,,,,FALSE
CEV14-01584,COL-0051,EVT-0082,2,TRUE,DAY,tag:theme-thm-039,,,,FALSE
CEV14-01585,COL-0051,EVT-0083,3,TRUE,DAY,tag:theme-thm-039,,,,FALSE
CEV14-01586,COL-0051,EVT-0084,4,TRUE,DAY,tag:theme-thm-039,,,,FALSE
CEV14-01587,COL-0051,EVT-0085,5,TRUE,DAY,tag:theme-thm-039,,,,FALSE
CEV14-01588,COL-0051,EVT-0284,6,TRUE,DAY,tag:theme-thm-039,,,,FALSE
CEV14-01589,COL-0051,EVT-0285,7,TRUE,DAY,tag:theme-thm-039,,,,FALSE
CEV14-01590,COL-0052,EVT-0044,1,TRUE,DAY,tag:theme-thm-040,,,,FALSE
CEV14-01591,COL-0052,EVT-0366,2,TRUE,DAY,tag:theme-thm-040,,,,FALSE
CEV14-01592,COL-0053,EVT-0286,1,TRUE,DAY,tag:theme-thm-041,,,,FALSE
CEV14-01593,COL-0053,EVT-0287,2,TRUE,DAY,tag:theme-thm-041,,,,FALSE
CEV14-01594,COL-0053,EVT-0288,3,TRUE,DAY,tag:theme-thm-041,,,,FALSE
CEV14-01595,COL-0053,EVT-0289,4,TRUE,DAY,tag:theme-thm-041,,,,FALSE
CEV14-01596,COL-0053,EVT-0278,5,TRUE,DAY,tag:theme-thm-041,,,,FALSE
CEV14-01597,COL-0053,EVT-0279,6,TRUE,DAY,tag:theme-thm-041,,,,FALSE
CEV14-01598,COL-0053,EVT-0290,7,TRUE,DAY,tag:theme-thm-041,,,,FALSE
CEV14-01599,COL-0053,EVT-0291,8,TRUE,DAY,tag:theme-thm-041,,,,FALSE
CEV14-01600,COL-0053,EVT-0293,9,TRUE,DAY,tag:theme-thm-041,,,,FALSE
CEV14-01601,COL-0053,EVT-0294,10,TRUE,DAY,tag:theme-thm-041,,,,FALSE
CEV14-01602,COL-0054,EVT-0295,1,TRUE,DAY,tag:theme-thm-042,,,,FALSE
CEV14-01603,COL-0054,EVT-0298,2,TRUE,DAY,tag:theme-thm-042,,,,FALSE
CEV14-01604,COL-0054,EVT-0299,3,TRUE,DAY,tag:theme-thm-042,,,,FALSE
CEV14-01605,COL-0054,EVT-0300,4,TRUE,DAY,tag:theme-thm-042,,,,FALSE
CEV14-01606,COL-0054,EVT-0301,5,TRUE,DAY,tag:theme-thm-042,,,,FALSE
CEV14-01607,COL-0054,EVT-0296,6,TRUE,DAY,tag:theme-thm-042,,,,FALSE
CEV14-01608,COL-0054,EVT-0302,7,TRUE,DAY,tag:theme-thm-042,,,,FALSE
CEV14-01609,COL-0054,EVT-0297,8,TRUE,DAY,tag:theme-thm-042,,,,FALSE
CEV14-01610,COL-0055,EVT-0012,1,TRUE,RANGE,tag:theme-thm-043,,,,FALSE
CEV14-01611,COL-0055,EVT-0089,2,TRUE,DAY,tag:theme-thm-043,,,,FALSE
CEV14-01612,COL-0055,EVT-0307,3,TRUE,DAY,tag:theme-thm-043,,,,FALSE
CEV14-01613,COL-0055,EVT-0308,4,TRUE,DAY,tag:theme-thm-043,,,,FALSE
CEV14-01614,COL-0055,EVT-0120,5,TRUE,DAY,tag:theme-thm-043,,,,FALSE
CEV14-01615,COL-0055,EVT-0121,6,TRUE,DAY,tag:theme-thm-043,,,,FALSE
CEV14-01616,COL-0055,EVT-0122,7,TRUE,DAY,tag:theme-thm-043,,,,FALSE
CEV14-01617,COL-0055,EVT-0123,8,TRUE,DAY,tag:theme-thm-043,,,,FALSE
CEV14-01618,COL-0055,EVT-0124,9,TRUE,DAY,tag:theme-thm-043,,,,FALSE
CEV14-01619,COL-0055,EVT-0305,10,TRUE,DAY,tag:theme-thm-043,,,,FALSE
CEV14-01620,COL-0055,EVT-0303,11,TRUE,RANGE,tag:theme-thm-043,,,,FALSE
CEV14-01621,COL-0055,EVT-0304,12,TRUE,DAY,tag:theme-thm-043,,,,FALSE
CEV14-01622,COL-0055,EVT-0306,13,TRUE,DAY,tag:theme-thm-043,,,,FALSE
CEV14-01623,COL-0056,EVT-0154,1,TRUE,DAY,tag:theme-thm-044,,,,FALSE
CEV14-01624,COL-0056,EVT-0192,2,TRUE,RANGE,tag:theme-thm-044,,,,FALSE
CEV14-01625,COL-0056,EVT-0200,3,TRUE,DAY,tag:theme-thm-044,,,,FALSE
CEV14-01626,COL-0056,EVT-0312,4,TRUE,YEAR,tag:theme-thm-044,,,,FALSE
CEV14-01627,COL-0056,EVT-0311,5,TRUE,YEAR,tag:theme-thm-044,,,,FALSE
CEV14-01628,COL-0056,EVT-0309,6,TRUE,RANGE,tag:theme-thm-044,,,,FALSE
CEV14-01629,COL-0056,EVT-0310,7,TRUE,DAY,tag:theme-thm-044,,,,FALSE
CEV14-01630,COL-0056,EVT-0142,8,FALSE,NOT_AUTOMATIC,tag:theme-thm-044,,,,FALSE
CEV14-01631,COL-0057,EVT-0340,1,TRUE,YEAR,tag:theme-thm-045,,,,FALSE
CEV14-01632,COL-0057,EVT-0367,2,TRUE,MONTH,tag:theme-thm-045,,,,FALSE
CEV14-01633,COL-0057,EVT-0010,3,TRUE,RANGE,tag:theme-thm-045,,,,FALSE
CEV14-01634,COL-0057,EVT-0313,4,TRUE,DAY,tag:theme-thm-045,,,,FALSE
CEV14-01635,COL-0057,EVT-0314,5,TRUE,DAY,tag:theme-thm-045,,,,FALSE
CEV14-01636,COL-0057,EVT-0315,6,TRUE,DAY,tag:theme-thm-045,,,,FALSE
CEV14-01637,COL-0057,EVT-0316,7,TRUE,DAY,tag:theme-thm-045,,,,FALSE
CEV14-01638,COL-0057,EVT-0317,8,TRUE,DAY,tag:theme-thm-045,,,,FALSE
CEV14-01639,COL-0057,EVT-0318,9,TRUE,DAY,tag:theme-thm-045,,,,FALSE
CEV14-01640,COL-0057,EVT-0319,10,TRUE,DAY,tag:theme-thm-045,,,,FALSE
CEV14-01641,COL-0057,EVT-0320,11,TRUE,DAY,tag:theme-thm-045,,,,FALSE
CEV14-01642,COL-0057,EVT-0321,12,TRUE,DAY,tag:theme-thm-045,,,,FALSE
CEV14-01643,COL-0057,EVT-0009,13,FALSE,NOT_AUTOMATIC,tag:theme-thm-045,,,,FALSE
CEV14-01644,COL-0058,EVT-0086,1,TRUE,DAY,tag:theme-thm-046,,,,FALSE
CEV14-01645,COL-0058,EVT-0322,2,TRUE,RANGE,tag:theme-thm-046,,,,FALSE
CEV14-01646,COL-0058,EVT-0323,3,TRUE,DAY,tag:theme-thm-046,,,,FALSE
CEV14-01647,COL-0058,EVT-0324,4,TRUE,MONTH,tag:theme-thm-046,,,,FALSE
CEV14-01648,COL-0058,EVT-0325,5,TRUE,MONTH,tag:theme-thm-046,,,,FALSE
CEV14-01649,COL-0058,EVT-0087,6,TRUE,DAY,tag:theme-thm-046,,,,FALSE
CEV14-01650,COL-0058,EVT-0088,7,TRUE,DAY,tag:theme-thm-046,,,,FALSE
CEV14-01651,COL-0058,EVT-0326,8,TRUE,DAY,tag:theme-thm-046,,,,FALSE
CEV-03297,COL-0083,EVT-0549,1,FALSE,NOT_AUTOMATIC,corpus-general-culture-v1,,,CURATED_CORPUS,FALSE
CEV-03298,COL-0083,EVT-0569,2,FALSE,NOT_AUTOMATIC,corpus-general-culture-v1,,,CURATED_CORPUS,FALSE
CEV-03299,COL-0083,EVT-0553,3,TRUE,YEAR,corpus-general-culture-v1,,,CURATED_CORPUS,FALSE
CEV-03300,COL-0083,EVT-0570,4,FALSE,NOT_AUTOMATIC,corpus-general-culture-v1,,,CURATED_CORPUS,FALSE
CEV-03301,COL-0083,EVT-0554,5,TRUE,YEAR,corpus-general-culture-v1,,,CURATED_CORPUS,FALSE
CEV-03302,COL-0083,EVT-0555,6,FALSE,NOT_AUTOMATIC,corpus-general-culture-v1,,,CURATED_CORPUS,FALSE
CEV-03303,COL-0083,EVT-0571,7,TRUE,YEAR,corpus-general-culture-v1,,,CURATED_CORPUS,FALSE
CEV-03304,COL-0083,EVT-0556,8,TRUE,YEAR,corpus-general-culture-v1,,,CURATED_CORPUS,FALSE
CEV-03305,COL-0083,EVT-0550,9,TRUE,MONTH,corpus-general-culture-v1,,,CURATED_CORPUS,FALSE
CEV-03306,COL-0083,EVT-0572,10,TRUE,YEAR,corpus-general-culture-v1,,,CURATED_CORPUS,FALSE
CEV-03307,COL-0083,EVT-0557,11,TRUE,YEAR,corpus-general-culture-v1,,,CURATED_CORPUS,FALSE
CEV-03308,COL-0083,EVT-0573,12,TRUE,YEAR,corpus-general-culture-v1,,,CURATED_CORPUS,FALSE
CEV-03309,COL-0083,EVT-0558,13,TRUE,YEAR,corpus-general-culture-v1,,,CURATED_CORPUS,FALSE
CEV-03310,COL-0083,EVT-0551,14,TRUE,DAY,corpus-general-culture-v1,,,CURATED_CORPUS,FALSE
CEV-03311,COL-0083,EVT-0559,15,TRUE,DAY,corpus-general-culture-v1,,,CURATED_CORPUS,FALSE
CEV-03312,COL-0083,EVT-0560,16,TRUE,YEAR,corpus-general-culture-v1,,,CURATED_CORPUS,FALSE
CEV-03313,COL-0083,EVT-0561,17,TRUE,MONTH,corpus-general-culture-v1,,,CURATED_CORPUS,FALSE
CEV-03314,COL-0083,EVT-0562,18,TRUE,DAY,corpus-general-culture-v1,,,CURATED_CORPUS,FALSE
CEV-03315,COL-0083,EVT-0552,19,FALSE,NOT_AUTOMATIC,corpus-general-culture-v1,,,CURATED_CORPUS,FALSE
CEV-03316,COL-0083,EVT-0563,20,TRUE,YEAR,corpus-general-culture-v1,,,CURATED_CORPUS,FALSE
CEV-03317,COL-0083,EVT-0564,21,TRUE,YEAR,corpus-general-culture-v1,,,CURATED_CORPUS,FALSE
CEV-03318,COL-0083,EVT-0574,22,TRUE,YEAR,corpus-general-culture-v1,,,CURATED_CORPUS,FALSE
CEV-03319,COL-0083,EVT-0575,23,TRUE,DAY,corpus-general-culture-v1,,,CURATED_CORPUS,FALSE
CEV-03320,COL-0083,EVT-0576,24,TRUE,DAY,corpus-general-culture-v1,,,CURATED_CORPUS,FALSE
CEV-03321,COL-0083,EVT-0565,25,TRUE,DAY,corpus-general-culture-v1,,,CURATED_CORPUS,FALSE
CEV-03322,COL-0083,EVT-0566,26,TRUE,DAY,corpus-general-culture-v1,,,CURATED_CORPUS,FALSE
CEV-03323,COL-0083,EVT-0567,27,TRUE,DAY,corpus-general-culture-v1,,,CURATED_CORPUS,FALSE
CEV-03324,COL-0083,EVT-0568,28,TRUE,DAY,corpus-general-culture-v1,,,CURATED_CORPUS,FALSE
CEV-03325,COL-0083,EVT-0604,29,TRUE,DAY,corpus-general-culture-v1,,,CURATED_CORPUS,FALSE
CEV-03326,COL-0083,EVT-0581,30,TRUE,DAY,corpus-general-culture-v1,,,CURATED_CORPUS,FALSE
CEV-03327,COL-0083,EVT-0582,31,TRUE,YEAR,corpus-general-culture-v1,,,CURATED_CORPUS,FALSE
CEV-03328,COL-0083,EVT-0583,32,TRUE,YEAR,corpus-general-culture-v1,,,CURATED_CORPUS,FALSE
CEV-03329,COL-0083,EVT-0577,33,TRUE,DAY,corpus-general-culture-v1,,,CURATED_CORPUS,FALSE
CEV-03330,COL-0083,EVT-0584,34,TRUE,DAY,corpus-general-culture-v1,,,CURATED_CORPUS,FALSE
CEV-03331,COL-0083,EVT-0585,35,TRUE,YEAR,corpus-general-culture-v1,,,CURATED_CORPUS,FALSE
CEV-03332,COL-0083,EVT-0578,36,TRUE,YEAR,corpus-general-culture-v1,,,CURATED_CORPUS,FALSE
CEV-03333,COL-0083,EVT-0586,37,TRUE,YEAR,corpus-general-culture-v1,,,CURATED_CORPUS,FALSE
CEV-03334,COL-0083,EVT-0587,38,TRUE,DAY,corpus-general-culture-v1,,,CURATED_CORPUS,FALSE
CEV-03335,COL-0083,EVT-0588,39,TRUE,DAY,corpus-general-culture-v1,,,CURATED_CORPUS,FALSE
CEV-03336,COL-0083,EVT-0605,40,TRUE,MONTH,corpus-general-culture-v1,,,CURATED_CORPUS,FALSE
CEV-03337,COL-0083,EVT-0589,41,FALSE,NOT_AUTOMATIC,corpus-general-culture-v1,,,CURATED_CORPUS,FALSE
CEV-03338,COL-0083,EVT-0606,42,TRUE,DAY,corpus-general-culture-v1,,,CURATED_CORPUS,FALSE
CEV-03339,COL-0083,EVT-0590,43,TRUE,DAY,corpus-general-culture-v1,,,CURATED_CORPUS,FALSE
CEV-03340,COL-0083,EVT-0607,44,TRUE,DAY,corpus-general-culture-v1,,,CURATED_CORPUS,FALSE
CEV-03341,COL-0083,EVT-0591,45,TRUE,DAY,corpus-general-culture-v1,,,CURATED_CORPUS,FALSE
CEV-03342,COL-0083,EVT-0592,46,TRUE,DAY,corpus-general-culture-v1,,,CURATED_CORPUS,FALSE
CEV-03343,COL-0083,EVT-0579,47,TRUE,DAY,corpus-general-culture-v1,,,CURATED_CORPUS,FALSE
CEV-03344,COL-0083,EVT-0608,48,TRUE,DAY,corpus-general-culture-v1,,,CURATED_CORPUS,FALSE
CEV-03345,COL-0083,EVT-0593,49,TRUE,DAY,corpus-general-culture-v1,,,CURATED_CORPUS,FALSE
CEV-03346,COL-0083,EVT-0609,50,TRUE,DAY,corpus-general-culture-v1,,,CURATED_CORPUS,FALSE
CEV-03347,COL-0083,EVT-0610,51,TRUE,DAY,corpus-general-culture-v1,,,CURATED_CORPUS,FALSE
CEV-03348,COL-0083,EVT-0594,52,TRUE,DAY,corpus-general-culture-v1,,,CURATED_CORPUS,FALSE
CEV-03349,COL-0083,EVT-0595,53,TRUE,DAY,corpus-general-culture-v1,,,CURATED_CORPUS,FALSE
CEV-03350,COL-0083,EVT-0611,54,TRUE,DAY,corpus-general-culture-v1,,,CURATED_CORPUS,FALSE
CEV-03351,COL-0083,EVT-0596,55,TRUE,DAY,corpus-general-culture-v1,,,CURATED_CORPUS,FALSE
CEV-03352,COL-0083,EVT-0597,56,TRUE,DAY,corpus-general-culture-v1,,,CURATED_CORPUS,FALSE
CEV-03353,COL-0083,EVT-0598,57,TRUE,YEAR,corpus-general-culture-v1,,,CURATED_CORPUS,FALSE
CEV-03354,COL-0083,EVT-0599,58,TRUE,DAY,corpus-general-culture-v1,,,CURATED_CORPUS,FALSE
CEV-03355,COL-0083,EVT-0612,59,TRUE,DAY,corpus-general-culture-v1,,,CURATED_CORPUS,FALSE
CEV-03356,COL-0083,EVT-0580,60,TRUE,MONTH,corpus-general-culture-v1,,,CURATED_CORPUS,FALSE
CEV-03357,COL-0083,EVT-0600,61,TRUE,MONTH,corpus-general-culture-v1,,,CURATED_CORPUS,FALSE
CEV-03358,COL-0083,EVT-0601,62,TRUE,DAY,corpus-general-culture-v1,,,CURATED_CORPUS,FALSE
CEV-03359,COL-0083,EVT-0602,63,TRUE,DAY,corpus-general-culture-v1,,,CURATED_CORPUS,FALSE
CEV-03360,COL-0083,EVT-0603,64,TRUE,DAY,corpus-general-culture-v1,,,CURATED_CORPUS,FALSE
CEV-03361,COL-0083,EVT-0638,65,TRUE,DAY,corpus-general-culture-v1,,,CURATED_CORPUS,FALSE
CEV-03362,COL-0083,EVT-0639,66,TRUE,YEAR,corpus-general-culture-v1,,,CURATED_CORPUS,FALSE
CEV-03363,COL-0083,EVT-0640,67,TRUE,DAY,corpus-general-culture-v1,,,CURATED_CORPUS,FALSE
CEV-03364,COL-0083,EVT-0641,68,TRUE,DAY,corpus-general-culture-v1,,,CURATED_CORPUS,FALSE
CEV-03365,COL-0083,EVT-0613,69,TRUE,DAY,corpus-general-culture-v1,,,CURATED_CORPUS,FALSE
CEV-03366,COL-0083,EVT-0614,70,TRUE,DAY,corpus-general-culture-v1,,,CURATED_CORPUS,FALSE
CEV-03367,COL-0083,EVT-0642,71,TRUE,YEAR,corpus-general-culture-v1,,,CURATED_CORPUS,FALSE
CEV-03368,COL-0083,EVT-0643,72,TRUE,DAY,corpus-general-culture-v1,,,CURATED_CORPUS,FALSE
CEV-03369,COL-0083,EVT-0644,73,TRUE,DAY,corpus-general-culture-v1,,,CURATED_CORPUS,FALSE
CEV-03370,COL-0083,EVT-0645,74,TRUE,DAY,corpus-general-culture-v1,,,CURATED_CORPUS,FALSE
CEV-03371,COL-0083,EVT-0615,75,TRUE,DAY,corpus-general-culture-v1,,,CURATED_CORPUS,FALSE
CEV-03372,COL-0083,EVT-0646,76,TRUE,YEAR,corpus-general-culture-v1,,,CURATED_CORPUS,FALSE
CEV-03373,COL-0083,EVT-0616,77,TRUE,DAY,corpus-general-culture-v1,,,CURATED_CORPUS,FALSE
CEV-03374,COL-0083,EVT-0617,78,TRUE,DAY,corpus-general-culture-v1,,,CURATED_CORPUS,FALSE
CEV-03375,COL-0083,EVT-0647,79,TRUE,DAY,corpus-general-culture-v1,,,CURATED_CORPUS,FALSE
CEV-03376,COL-0083,EVT-0618,80,TRUE,DAY,corpus-general-culture-v1,,,CURATED_CORPUS,FALSE
CEV-03377,COL-0083,EVT-0648,81,TRUE,DAY,corpus-general-culture-v1,,,CURATED_CORPUS,FALSE
CEV-03378,COL-0083,EVT-0649,82,TRUE,DAY,corpus-general-culture-v1,,,CURATED_CORPUS,FALSE
CEV-03379,COL-0083,EVT-0619,83,TRUE,DAY,corpus-general-culture-v1,,,CURATED_CORPUS,FALSE
CEV-03380,COL-0083,EVT-0650,84,TRUE,DAY,corpus-general-culture-v1,,,CURATED_CORPUS,FALSE
CEV-03381,COL-0083,EVT-0651,85,TRUE,DAY,corpus-general-culture-v1,,,CURATED_CORPUS,FALSE
CEV-03382,COL-0083,EVT-0620,86,TRUE,DAY,corpus-general-culture-v1,,,CURATED_CORPUS,FALSE
CEV-03383,COL-0083,EVT-0652,87,TRUE,YEAR,corpus-general-culture-v1,,,CURATED_CORPUS,FALSE
CEV-03384,COL-0083,EVT-0653,88,TRUE,DAY,corpus-general-culture-v1,,,CURATED_CORPUS,FALSE
CEV-03385,COL-0083,EVT-0621,89,TRUE,DAY,corpus-general-culture-v1,,,CURATED_CORPUS,FALSE
CEV-03386,COL-0083,EVT-0654,90,TRUE,YEAR,corpus-general-culture-v1,,,CURATED_CORPUS,FALSE
CEV-03387,COL-0083,EVT-0622,91,TRUE,DAY,corpus-general-culture-v1,,,CURATED_CORPUS,FALSE
CEV-03388,COL-0083,EVT-0623,92,TRUE,DAY,corpus-general-culture-v1,,,CURATED_CORPUS,FALSE
CEV-03389,COL-0083,EVT-0624,93,TRUE,YEAR,corpus-general-culture-v1,,,CURATED_CORPUS,FALSE
CEV-03390,COL-0083,EVT-0655,94,TRUE,DAY,corpus-general-culture-v1,,,CURATED_CORPUS,FALSE
CEV-03391,COL-0083,EVT-0656,95,TRUE,YEAR,corpus-general-culture-v1,,,CURATED_CORPUS,FALSE
CEV-03392,COL-0083,EVT-0625,96,TRUE,DAY,corpus-general-culture-v1,,,CURATED_CORPUS,FALSE
CEV-03393,COL-0083,EVT-0657,97,TRUE,YEAR,corpus-general-culture-v1,,,CURATED_CORPUS,FALSE
CEV-03394,COL-0083,EVT-0658,98,TRUE,DAY,corpus-general-culture-v1,,,CURATED_CORPUS,FALSE
CEV-03395,COL-0083,EVT-0659,99,TRUE,DAY,corpus-general-culture-v1,,,CURATED_CORPUS,FALSE
CEV-03396,COL-0083,EVT-0660,100,TRUE,YEAR,corpus-general-culture-v1,,,CURATED_CORPUS,FALSE
CEV-03397,COL-0083,EVT-0661,101,TRUE,YEAR,corpus-general-culture-v1,,,CURATED_CORPUS,FALSE
CEV-03398,COL-0083,EVT-0626,102,TRUE,DAY,corpus-general-culture-v1,,,CURATED_CORPUS,FALSE
CEV-03399,COL-0083,EVT-0662,103,TRUE,YEAR,corpus-general-culture-v1,,,CURATED_CORPUS,FALSE
CEV-03400,COL-0083,EVT-0663,104,TRUE,DAY,corpus-general-culture-v1,,,CURATED_CORPUS,FALSE
CEV-03401,COL-0083,EVT-0664,105,TRUE,DAY,corpus-general-culture-v1,,,CURATED_CORPUS,FALSE
CEV-03402,COL-0083,EVT-0665,106,TRUE,DAY,corpus-general-culture-v1,,,CURATED_CORPUS,FALSE
CEV-03403,COL-0083,EVT-0627,107,TRUE,DAY,corpus-general-culture-v1,,,CURATED_CORPUS,FALSE
CEV-03404,COL-0083,EVT-0666,108,TRUE,DAY,corpus-general-culture-v1,,,CURATED_CORPUS,FALSE
CEV-03405,COL-0083,EVT-0667,109,TRUE,DAY,corpus-general-culture-v1,,,CURATED_CORPUS,FALSE
CEV-03406,COL-0083,EVT-0668,110,TRUE,YEAR,corpus-general-culture-v1,,,CURATED_CORPUS,FALSE
CEV-03407,COL-0083,EVT-0669,111,TRUE,DAY,corpus-general-culture-v1,,,CURATED_CORPUS,FALSE
CEV-03408,COL-0083,EVT-0670,112,TRUE,YEAR,corpus-general-culture-v1,,,CURATED_CORPUS,FALSE
CEV-03409,COL-0083,EVT-0671,113,TRUE,MONTH,corpus-general-culture-v1,,,CURATED_CORPUS,FALSE
CEV-03410,COL-0083,EVT-0628,114,TRUE,DAY,corpus-general-culture-v1,,,CURATED_CORPUS,FALSE
CEV-03411,COL-0083,EVT-0672,115,TRUE,DAY,corpus-general-culture-v1,,,CURATED_CORPUS,FALSE
CEV-03412,COL-0083,EVT-0629,116,TRUE,DAY,corpus-general-culture-v1,,,CURATED_CORPUS,FALSE
CEV-03413,COL-0083,EVT-0673,117,TRUE,YEAR,corpus-general-culture-v1,,,CURATED_CORPUS,FALSE
CEV-03414,COL-0083,EVT-0674,118,TRUE,DAY,corpus-general-culture-v1,,,CURATED_CORPUS,FALSE
CEV-03415,COL-0083,EVT-0630,119,TRUE,DAY,corpus-general-culture-v1,,,CURATED_CORPUS,FALSE
CEV-03416,COL-0083,EVT-0675,120,TRUE,DAY,corpus-general-culture-v1,,,CURATED_CORPUS,FALSE
CEV-03417,COL-0083,EVT-0676,121,TRUE,DAY,corpus-general-culture-v1,,,CURATED_CORPUS,FALSE
CEV-03418,COL-0083,EVT-0631,122,TRUE,DAY,corpus-general-culture-v1,,,CURATED_CORPUS,FALSE
CEV-03419,COL-0083,EVT-0632,123,TRUE,YEAR,corpus-general-culture-v1,,,CURATED_CORPUS,FALSE
CEV-03420,COL-0083,EVT-0677,124,TRUE,DAY,corpus-general-culture-v1,,,CURATED_CORPUS,FALSE
CEV-03421,COL-0083,EVT-0633,125,TRUE,DAY,corpus-general-culture-v1,,,CURATED_CORPUS,FALSE
CEV-03422,COL-0083,EVT-0678,126,TRUE,DAY,corpus-general-culture-v1,,,CURATED_CORPUS,FALSE
CEV-03423,COL-0083,EVT-0634,127,TRUE,DAY,corpus-general-culture-v1,,,CURATED_CORPUS,FALSE
CEV-03424,COL-0083,EVT-0635,128,TRUE,DAY,corpus-general-culture-v1,,,CURATED_CORPUS,FALSE
CEV-03425,COL-0083,EVT-0679,129,TRUE,DAY,corpus-general-culture-v1,,,CURATED_CORPUS,FALSE
CEV-03426,COL-0083,EVT-0636,130,TRUE,DAY,corpus-general-culture-v1,,,CURATED_CORPUS,FALSE
CEV-03427,COL-0083,EVT-0680,131,TRUE,DAY,corpus-general-culture-v1,,,CURATED_CORPUS,FALSE
CEV-03428,COL-0083,EVT-0637,132,TRUE,DAY,corpus-general-culture-v1,,,CURATED_CORPUS,FALSE
CEV-03429,COL-0083,EVT-0728,133,TRUE,DAY,corpus-general-culture-v1,,,CURATED_CORPUS,FALSE
CEV-03430,COL-0083,EVT-0729,134,TRUE,DAY,corpus-general-culture-v1,,,CURATED_CORPUS,FALSE
CEV-03431,COL-0083,EVT-0681,135,TRUE,DAY,corpus-general-culture-v1,,,CURATED_CORPUS,FALSE
CEV-03432,COL-0083,EVT-0682,136,TRUE,DAY,corpus-general-culture-v1,,,CURATED_CORPUS,FALSE
CEV-03433,COL-0083,EVT-0683,137,TRUE,DAY,corpus-general-culture-v1,,,CURATED_CORPUS,FALSE
CEV-03434,COL-0083,EVT-0730,138,TRUE,DAY,corpus-general-culture-v1,,,CURATED_CORPUS,FALSE
CEV-03435,COL-0083,EVT-0684,139,TRUE,DAY,corpus-general-culture-v1,,,CURATED_CORPUS,FALSE
CEV-03436,COL-0083,EVT-0731,140,TRUE,DAY,corpus-general-culture-v1,,,CURATED_CORPUS,FALSE
CEV-03437,COL-0083,EVT-0685,141,TRUE,DAY,corpus-general-culture-v1,,,CURATED_CORPUS,FALSE
CEV-03438,COL-0083,EVT-0732,142,TRUE,DAY,corpus-general-culture-v1,,,CURATED_CORPUS,FALSE
CEV-03439,COL-0083,EVT-0686,143,TRUE,DAY,corpus-general-culture-v1,,,CURATED_CORPUS,FALSE
CEV-03440,COL-0083,EVT-0687,144,TRUE,DAY,corpus-general-culture-v1,,,CURATED_CORPUS,FALSE
CEV-03441,COL-0083,EVT-0733,145,TRUE,DAY,corpus-general-culture-v1,,,CURATED_CORPUS,FALSE
CEV-03442,COL-0083,EVT-0734,146,TRUE,DAY,corpus-general-culture-v1,,,CURATED_CORPUS,FALSE
CEV-03443,COL-0083,EVT-0735,147,TRUE,DAY,corpus-general-culture-v1,,,CURATED_CORPUS,FALSE
CEV-03444,COL-0083,EVT-0736,148,TRUE,DAY,corpus-general-culture-v1,,,CURATED_CORPUS,FALSE
CEV-03445,COL-0083,EVT-0737,149,TRUE,DAY,corpus-general-culture-v1,,,CURATED_CORPUS,FALSE
CEV-03446,COL-0083,EVT-0688,150,TRUE,DAY,corpus-general-culture-v1,,,CURATED_CORPUS,FALSE
CEV-03447,COL-0083,EVT-0689,151,TRUE,DAY,corpus-general-culture-v1,,,CURATED_CORPUS,FALSE
CEV-03448,COL-0083,EVT-0690,152,TRUE,DAY,corpus-general-culture-v1,,,CURATED_CORPUS,FALSE
CEV-03449,COL-0083,EVT-0691,153,TRUE,DAY,corpus-general-culture-v1,,,CURATED_CORPUS,FALSE
CEV-03450,COL-0083,EVT-0692,154,FALSE,NOT_AUTOMATIC,corpus-general-culture-v1,,,CURATED_CORPUS,FALSE
CEV-03451,COL-0083,EVT-0738,155,TRUE,DAY,corpus-general-culture-v1,,,CURATED_CORPUS,FALSE
CEV-03452,COL-0083,EVT-0739,156,TRUE,DAY,corpus-general-culture-v1,,,CURATED_CORPUS,FALSE
CEV-03453,COL-0083,EVT-0740,157,TRUE,DAY,corpus-general-culture-v1,,,CURATED_CORPUS,FALSE
CEV-03454,COL-0083,EVT-0741,158,TRUE,DAY,corpus-general-culture-v1,,,CURATED_CORPUS,FALSE
CEV-03455,COL-0083,EVT-0693,159,TRUE,DAY,corpus-general-culture-v1,,,CURATED_CORPUS,FALSE
CEV-03456,COL-0083,EVT-0694,160,TRUE,DAY,corpus-general-culture-v1,,,CURATED_CORPUS,FALSE
CEV-03457,COL-0083,EVT-0742,161,TRUE,DAY,corpus-general-culture-v1,,,CURATED_CORPUS,FALSE
CEV-03458,COL-0083,EVT-0743,162,TRUE,DAY,corpus-general-culture-v1,,,CURATED_CORPUS,FALSE
CEV-03459,COL-0083,EVT-0695,163,TRUE,DAY,corpus-general-culture-v1,,,CURATED_CORPUS,FALSE
CEV-03460,COL-0083,EVT-0744,164,TRUE,DAY,corpus-general-culture-v1,,,CURATED_CORPUS,FALSE
CEV-03461,COL-0083,EVT-0696,165,TRUE,DAY,corpus-general-culture-v1,,,CURATED_CORPUS,FALSE
CEV-03462,COL-0083,EVT-0745,166,TRUE,DAY,corpus-general-culture-v1,,,CURATED_CORPUS,FALSE
CEV-03463,COL-0083,EVT-0697,167,TRUE,DAY,corpus-general-culture-v1,,,CURATED_CORPUS,FALSE
CEV-03464,COL-0083,EVT-0698,168,TRUE,DAY,corpus-general-culture-v1,,,CURATED_CORPUS,FALSE
CEV-03465,COL-0083,EVT-0746,169,TRUE,DAY,corpus-general-culture-v1,,,CURATED_CORPUS,FALSE
CEV-03466,COL-0083,EVT-0747,170,TRUE,DAY,corpus-general-culture-v1,,,CURATED_CORPUS,FALSE
CEV-03467,COL-0083,EVT-0699,171,TRUE,DAY,corpus-general-culture-v1,,,CURATED_CORPUS,FALSE
CEV-03468,COL-0083,EVT-0748,172,TRUE,DAY,corpus-general-culture-v1,,,CURATED_CORPUS,FALSE
CEV-03469,COL-0083,EVT-0749,173,TRUE,DAY,corpus-general-culture-v1,,,CURATED_CORPUS,FALSE
CEV-03470,COL-0083,EVT-0750,174,TRUE,DAY,corpus-general-culture-v1,,,CURATED_CORPUS,FALSE
CEV-03471,COL-0083,EVT-0700,175,TRUE,DAY,corpus-general-culture-v1,,,CURATED_CORPUS,FALSE
CEV-03472,COL-0083,EVT-0751,176,TRUE,DAY,corpus-general-culture-v1,,,CURATED_CORPUS,FALSE
CEV-03473,COL-0083,EVT-0701,177,TRUE,DAY,corpus-general-culture-v1,,,CURATED_CORPUS,FALSE
CEV-03474,COL-0083,EVT-0702,178,TRUE,MONTH,corpus-general-culture-v1,,,CURATED_CORPUS,FALSE
CEV-03475,COL-0083,EVT-0752,179,TRUE,DAY,corpus-general-culture-v1,,,CURATED_CORPUS,FALSE
CEV-03476,COL-0083,EVT-0703,180,TRUE,DAY,corpus-general-culture-v1,,,CURATED_CORPUS,FALSE
CEV-03477,COL-0083,EVT-0704,181,TRUE,YEAR,corpus-general-culture-v1,,,CURATED_CORPUS,FALSE
CEV-03478,COL-0083,EVT-0705,182,TRUE,DAY,corpus-general-culture-v1,,,CURATED_CORPUS,FALSE
CEV-03479,COL-0083,EVT-0706,183,TRUE,DAY,corpus-general-culture-v1,,,CURATED_CORPUS,FALSE
CEV-03480,COL-0083,EVT-0753,184,TRUE,DAY,corpus-general-culture-v1,,,CURATED_CORPUS,FALSE
CEV-03481,COL-0083,EVT-0707,185,TRUE,DAY,corpus-general-culture-v1,,,CURATED_CORPUS,FALSE
CEV-03482,COL-0083,EVT-0754,186,TRUE,DAY,corpus-general-culture-v1,,,CURATED_CORPUS,FALSE
CEV-03483,COL-0083,EVT-0708,187,TRUE,DAY,corpus-general-culture-v1,,,CURATED_CORPUS,FALSE
CEV-03484,COL-0083,EVT-0709,188,TRUE,DAY,corpus-general-culture-v1,,,CURATED_CORPUS,FALSE
CEV-03485,COL-0083,EVT-0710,189,TRUE,DAY,corpus-general-culture-v1,,,CURATED_CORPUS,FALSE
CEV-03486,COL-0083,EVT-0711,190,TRUE,DAY,corpus-general-culture-v1,,,CURATED_CORPUS,FALSE
CEV-03487,COL-0083,EVT-0755,191,TRUE,DAY,corpus-general-culture-v1,,,CURATED_CORPUS,FALSE
CEV-03488,COL-0083,EVT-0756,192,TRUE,DAY,corpus-general-culture-v1,,,CURATED_CORPUS,FALSE
CEV-03489,COL-0083,EVT-0712,193,TRUE,DAY,corpus-general-culture-v1,,,CURATED_CORPUS,FALSE
CEV-03490,COL-0083,EVT-0713,194,TRUE,DAY,corpus-general-culture-v1,,,CURATED_CORPUS,FALSE
CEV-03491,COL-0083,EVT-0757,195,TRUE,DAY,corpus-general-culture-v1,,,CURATED_CORPUS,FALSE
CEV-03492,COL-0083,EVT-0758,196,TRUE,DAY,corpus-general-culture-v1,,,CURATED_CORPUS,FALSE
CEV-03493,COL-0083,EVT-0759,197,TRUE,DAY,corpus-general-culture-v1,,,CURATED_CORPUS,FALSE
CEV-03494,COL-0083,EVT-0760,198,TRUE,DAY,corpus-general-culture-v1,,,CURATED_CORPUS,FALSE
CEV-03495,COL-0083,EVT-0714,199,TRUE,DAY,corpus-general-culture-v1,,,CURATED_CORPUS,FALSE
CEV-03496,COL-0083,EVT-0715,200,FALSE,NOT_AUTOMATIC,corpus-general-culture-v1,,,CURATED_CORPUS,FALSE
CEV-03497,COL-0083,EVT-0761,201,TRUE,DAY,corpus-general-culture-v1,,,CURATED_CORPUS,FALSE
CEV-03498,COL-0083,EVT-0762,202,TRUE,DAY,corpus-general-culture-v1,,,CURATED_CORPUS,FALSE
CEV-03499,COL-0083,EVT-0763,203,TRUE,DAY,corpus-general-culture-v1,,,CURATED_CORPUS,FALSE
CEV-03500,COL-0083,EVT-0764,204,TRUE,DAY,corpus-general-culture-v1,,,CURATED_CORPUS,FALSE
CEV-03501,COL-0083,EVT-0716,205,TRUE,DAY,corpus-general-culture-v1,,,CURATED_CORPUS,FALSE
CEV-03502,COL-0083,EVT-0717,206,TRUE,DAY,corpus-general-culture-v1,,,CURATED_CORPUS,FALSE
CEV-03503,COL-0083,EVT-0765,207,TRUE,DAY,corpus-general-culture-v1,,,CURATED_CORPUS,FALSE
CEV-03504,COL-0083,EVT-0718,208,TRUE,DAY,corpus-general-culture-v1,,,CURATED_CORPUS,FALSE
CEV-03505,COL-0083,EVT-0766,209,TRUE,DAY,corpus-general-culture-v1,,,CURATED_CORPUS,FALSE
CEV-03506,COL-0083,EVT-0719,210,TRUE,DAY,corpus-general-culture-v1,,,CURATED_CORPUS,FALSE
CEV-03507,COL-0083,EVT-0767,211,TRUE,YEAR,corpus-general-culture-v1,,,CURATED_CORPUS,FALSE
CEV-03508,COL-0083,EVT-0720,212,TRUE,YEAR,corpus-general-culture-v1,,,CURATED_CORPUS,FALSE
CEV-03509,COL-0083,EVT-0768,213,TRUE,DAY,corpus-general-culture-v1,,,CURATED_CORPUS,FALSE
CEV-03510,COL-0083,EVT-0769,214,TRUE,DAY,corpus-general-culture-v1,,,CURATED_CORPUS,FALSE
CEV-03511,COL-0083,EVT-0770,215,TRUE,DAY,corpus-general-culture-v1,,,CURATED_CORPUS,FALSE
CEV-03512,COL-0083,EVT-0771,216,TRUE,DAY,corpus-general-culture-v1,,,CURATED_CORPUS,FALSE
CEV-03513,COL-0083,EVT-0772,217,TRUE,DAY,corpus-general-culture-v1,,,CURATED_CORPUS,FALSE
CEV-03514,COL-0083,EVT-0773,218,TRUE,DAY,corpus-general-culture-v1,,,CURATED_CORPUS,FALSE
CEV-03515,COL-0083,EVT-0774,219,TRUE,YEAR,corpus-general-culture-v1,,,CURATED_CORPUS,FALSE
CEV-03516,COL-0083,EVT-0775,220,TRUE,DAY,corpus-general-culture-v1,,,CURATED_CORPUS,FALSE
CEV-03517,COL-0083,EVT-0721,221,TRUE,DAY,corpus-general-culture-v1,,,CURATED_CORPUS,FALSE
CEV-03518,COL-0083,EVT-1030,222,TRUE,DAY,corpus-general-culture-v1,,,CURATED_CORPUS,FALSE
CEV-03519,COL-0083,EVT-0722,223,TRUE,DAY,corpus-general-culture-v1,,,CURATED_CORPUS,FALSE
CEV-03520,COL-0083,EVT-0723,224,TRUE,DAY,corpus-general-culture-v1,,,CURATED_CORPUS,FALSE
CEV-03521,COL-0083,EVT-0724,225,TRUE,DAY,corpus-general-culture-v1,,,CURATED_CORPUS,FALSE
CEV-03522,COL-0083,EVT-0725,226,TRUE,YEAR,corpus-general-culture-v1,,,CURATED_CORPUS,FALSE
CEV-03523,COL-0083,EVT-1031,227,TRUE,DAY,corpus-general-culture-v1,,,CURATED_CORPUS,FALSE
CEV-03524,COL-0083,EVT-1032,228,TRUE,DAY,corpus-general-culture-v1,,,CURATED_CORPUS,FALSE
CEV-03525,COL-0083,EVT-0726,229,TRUE,DAY,corpus-general-culture-v1,,,CURATED_CORPUS,FALSE
CEV-03526,COL-0083,EVT-1033,230,TRUE,DAY,corpus-general-culture-v1,,,CURATED_CORPUS,FALSE
CEV-03527,COL-0083,EVT-1034,231,TRUE,DAY,corpus-general-culture-v1,,,CURATED_CORPUS,FALSE
CEV-03528,COL-0083,EVT-1035,232,TRUE,MONTH,corpus-general-culture-v1,,,CURATED_CORPUS,FALSE
CEV-03529,COL-0083,EVT-0727,233,TRUE,DAY,corpus-general-culture-v1,,,CURATED_CORPUS,FALSE
CEV-03530,COL-0083,EVT-0824,234,TRUE,DAY,corpus-general-culture-v1,,,CURATED_CORPUS,FALSE
CEV-03531,COL-0083,EVT-0825,235,TRUE,DAY,corpus-general-culture-v1,,,CURATED_CORPUS,FALSE
CEV-03532,COL-0083,EVT-0776,236,TRUE,DAY,corpus-general-culture-v1,,,CURATED_CORPUS,FALSE
CEV-03533,COL-0083,EVT-0826,237,TRUE,DAY,corpus-general-culture-v1,,,CURATED_CORPUS,FALSE
CEV-03534,COL-0083,EVT-0827,238,TRUE,DAY,corpus-general-culture-v1,,,CURATED_CORPUS,FALSE
CEV-03535,COL-0083,EVT-0828,239,TRUE,DAY,corpus-general-culture-v1,,,CURATED_CORPUS,FALSE
CEV-03536,COL-0083,EVT-0829,240,TRUE,DAY,corpus-general-culture-v1,,,CURATED_CORPUS,FALSE
CEV-03537,COL-0083,EVT-0830,241,TRUE,DAY,corpus-general-culture-v1,,,CURATED_CORPUS,FALSE
CEV-03538,COL-0083,EVT-0777,242,TRUE,DAY,corpus-general-culture-v1,,,CURATED_CORPUS,FALSE
CEV-03539,COL-0083,EVT-0778,243,TRUE,DAY,corpus-general-culture-v1,,,CURATED_CORPUS,FALSE
CEV-03540,COL-0083,EVT-0831,244,TRUE,DAY,corpus-general-culture-v1,,,CURATED_CORPUS,FALSE
CEV-03541,COL-0083,EVT-0779,245,TRUE,YEAR,corpus-general-culture-v1,,,CURATED_CORPUS,FALSE
CEV-03542,COL-0083,EVT-0780,246,TRUE,DAY,corpus-general-culture-v1,,,CURATED_CORPUS,FALSE
CEV-03543,COL-0083,EVT-0832,247,TRUE,DAY,corpus-general-culture-v1,,,CURATED_CORPUS,FALSE
CEV-03544,COL-0083,EVT-0833,248,TRUE,DAY,corpus-general-culture-v1,,,CURATED_CORPUS,FALSE
CEV-03545,COL-0083,EVT-0834,249,TRUE,DAY,corpus-general-culture-v1,,,CURATED_CORPUS,FALSE
CEV-03546,COL-0083,EVT-0781,250,TRUE,DAY,corpus-general-culture-v1,,,CURATED_CORPUS,FALSE
CEV-03547,COL-0083,EVT-0835,251,TRUE,DAY,corpus-general-culture-v1,,,CURATED_CORPUS,FALSE
CEV-03548,COL-0083,EVT-0836,252,TRUE,DAY,corpus-general-culture-v1,,,CURATED_CORPUS,FALSE
CEV-03549,COL-0083,EVT-0782,253,TRUE,DAY,corpus-general-culture-v1,,,CURATED_CORPUS,FALSE
CEV-03550,COL-0083,EVT-0837,254,TRUE,DAY,corpus-general-culture-v1,,,CURATED_CORPUS,FALSE
CEV-03551,COL-0083,EVT-0838,255,TRUE,DAY,corpus-general-culture-v1,,,CURATED_CORPUS,FALSE
CEV-03552,COL-0083,EVT-0783,256,TRUE,DAY,corpus-general-culture-v1,,,CURATED_CORPUS,FALSE
CEV-03553,COL-0083,EVT-0784,257,TRUE,DAY,corpus-general-culture-v1,,,CURATED_CORPUS,FALSE
CEV-03554,COL-0083,EVT-0785,258,TRUE,DAY,corpus-general-culture-v1,,,CURATED_CORPUS,FALSE
CEV-03555,COL-0083,EVT-0786,259,TRUE,DAY,corpus-general-culture-v1,,,CURATED_CORPUS,FALSE
CEV-03556,COL-0083,EVT-0787,260,TRUE,DAY,corpus-general-culture-v1,,,CURATED_CORPUS,FALSE
CEV-03557,COL-0083,EVT-0839,261,TRUE,DAY,corpus-general-culture-v1,,,CURATED_CORPUS,FALSE
CEV-03558,COL-0083,EVT-0840,262,TRUE,DAY,corpus-general-culture-v1,,,CURATED_CORPUS,FALSE
CEV-03559,COL-0083,EVT-0788,263,TRUE,DAY,corpus-general-culture-v1,,,CURATED_CORPUS,FALSE
CEV-03560,COL-0083,EVT-0841,264,TRUE,DAY,corpus-general-culture-v1,,,CURATED_CORPUS,FALSE
CEV-03561,COL-0083,EVT-0789,265,TRUE,DAY,corpus-general-culture-v1,,,CURATED_CORPUS,FALSE
CEV-03562,COL-0083,EVT-0790,266,TRUE,DAY,corpus-general-culture-v1,,,CURATED_CORPUS,FALSE
CEV-03563,COL-0083,EVT-0791,267,TRUE,DAY,corpus-general-culture-v1,,,CURATED_CORPUS,FALSE
CEV-03564,COL-0083,EVT-0792,268,TRUE,YEAR,corpus-general-culture-v1,,,CURATED_CORPUS,FALSE
CEV-03565,COL-0083,EVT-0793,269,TRUE,DAY,corpus-general-culture-v1,,,CURATED_CORPUS,FALSE
CEV-03566,COL-0083,EVT-0842,270,TRUE,DAY,corpus-general-culture-v1,,,CURATED_CORPUS,FALSE
CEV-03567,COL-0083,EVT-0794,271,TRUE,DAY,corpus-general-culture-v1,,,CURATED_CORPUS,FALSE
CEV-03568,COL-0083,EVT-0795,272,TRUE,DAY,corpus-general-culture-v1,,,CURATED_CORPUS,FALSE
CEV-03569,COL-0083,EVT-0843,273,TRUE,DAY,corpus-general-culture-v1,,,CURATED_CORPUS,FALSE
CEV-03570,COL-0083,EVT-0844,274,TRUE,DAY,corpus-general-culture-v1,,,CURATED_CORPUS,FALSE
CEV-03571,COL-0083,EVT-0845,275,TRUE,DAY,corpus-general-culture-v1,,,CURATED_CORPUS,FALSE
CEV-03572,COL-0083,EVT-0846,276,TRUE,DAY,corpus-general-culture-v1,,,CURATED_CORPUS,FALSE
CEV-03573,COL-0083,EVT-0796,277,TRUE,DAY,corpus-general-culture-v1,,,CURATED_CORPUS,FALSE
CEV-03574,COL-0083,EVT-0797,278,TRUE,DAY,corpus-general-culture-v1,,,CURATED_CORPUS,FALSE
CEV-03575,COL-0083,EVT-0847,279,TRUE,DAY,corpus-general-culture-v1,,,CURATED_CORPUS,FALSE
CEV-03576,COL-0083,EVT-0848,280,TRUE,DAY,corpus-general-culture-v1,,,CURATED_CORPUS,FALSE
CEV-03577,COL-0083,EVT-0798,281,TRUE,DAY,corpus-general-culture-v1,,,CURATED_CORPUS,FALSE
CEV-03578,COL-0083,EVT-0799,282,TRUE,DAY,corpus-general-culture-v1,,,CURATED_CORPUS,FALSE
CEV-03579,COL-0083,EVT-0800,283,TRUE,DAY,corpus-general-culture-v1,,,CURATED_CORPUS,FALSE
CEV-03580,COL-0083,EVT-0849,284,TRUE,DAY,corpus-general-culture-v1,,,CURATED_CORPUS,FALSE
CEV-03581,COL-0083,EVT-0801,285,TRUE,DAY,corpus-general-culture-v1,,,CURATED_CORPUS,FALSE
CEV-03582,COL-0083,EVT-0850,286,TRUE,DAY,corpus-general-culture-v1,,,CURATED_CORPUS,FALSE
CEV-03583,COL-0083,EVT-0851,287,TRUE,DAY,corpus-general-culture-v1,,,CURATED_CORPUS,FALSE
CEV-03584,COL-0083,EVT-0852,288,TRUE,DAY,corpus-general-culture-v1,,,CURATED_CORPUS,FALSE
CEV-03585,COL-0083,EVT-0802,289,TRUE,DAY,corpus-general-culture-v1,,,CURATED_CORPUS,FALSE
CEV-03586,COL-0083,EVT-0803,290,TRUE,DAY,corpus-general-culture-v1,,,CURATED_CORPUS,FALSE
CEV-03587,COL-0083,EVT-0804,291,TRUE,DAY,corpus-general-culture-v1,,,CURATED_CORPUS,FALSE
CEV-03588,COL-0083,EVT-0853,292,TRUE,DAY,corpus-general-culture-v1,,,CURATED_CORPUS,FALSE
CEV-03589,COL-0083,EVT-0854,293,TRUE,DAY,corpus-general-culture-v1,,,CURATED_CORPUS,FALSE
CEV-03590,COL-0083,EVT-0805,294,TRUE,DAY,corpus-general-culture-v1,,,CURATED_CORPUS,FALSE
CEV-03591,COL-0083,EVT-0806,295,TRUE,DAY,corpus-general-culture-v1,,,CURATED_CORPUS,FALSE
CEV-03592,COL-0083,EVT-0855,296,TRUE,DAY,corpus-general-culture-v1,,,CURATED_CORPUS,FALSE
CEV-03593,COL-0083,EVT-0807,297,TRUE,DAY,corpus-general-culture-v1,,,CURATED_CORPUS,FALSE
CEV-03594,COL-0083,EVT-0856,298,TRUE,DAY,corpus-general-culture-v1,,,CURATED_CORPUS,FALSE
CEV-03595,COL-0083,EVT-0857,299,TRUE,DAY,corpus-general-culture-v1,,,CURATED_CORPUS,FALSE
CEV-03596,COL-0083,EVT-0858,300,TRUE,DAY,corpus-general-culture-v1,,,CURATED_CORPUS,FALSE
CEV-03597,COL-0083,EVT-0859,301,TRUE,DAY,corpus-general-culture-v1,,,CURATED_CORPUS,FALSE
CEV-03598,COL-0083,EVT-0860,302,TRUE,DAY,corpus-general-culture-v1,,,CURATED_CORPUS,FALSE
CEV-03599,COL-0083,EVT-0808,303,TRUE,DAY,corpus-general-culture-v1,,,CURATED_CORPUS,FALSE
CEV-03600,COL-0083,EVT-1036,304,TRUE,DAY,corpus-general-culture-v1,,,CURATED_CORPUS,FALSE
CEV-03601,COL-0083,EVT-1037,305,TRUE,DAY,corpus-general-culture-v1,,,CURATED_CORPUS,FALSE
CEV-03602,COL-0083,EVT-1038,306,TRUE,DAY,corpus-general-culture-v1,,,CURATED_CORPUS,FALSE
CEV-03603,COL-0083,EVT-0809,307,TRUE,DAY,corpus-general-culture-v1,,,CURATED_CORPUS,FALSE
CEV-03604,COL-0083,EVT-0810,308,TRUE,DAY,corpus-general-culture-v1,,,CURATED_CORPUS,FALSE
CEV-03605,COL-0083,EVT-0811,309,TRUE,DAY,corpus-general-culture-v1,,,CURATED_CORPUS,FALSE
CEV-03606,COL-0083,EVT-1039,310,TRUE,DAY,corpus-general-culture-v1,,,CURATED_CORPUS,FALSE
CEV-03607,COL-0083,EVT-0812,311,TRUE,DAY,corpus-general-culture-v1,,,CURATED_CORPUS,FALSE
CEV-03608,COL-0083,EVT-0813,312,TRUE,DAY,corpus-general-culture-v1,,,CURATED_CORPUS,FALSE
CEV-03609,COL-0083,EVT-0814,313,TRUE,DAY,corpus-general-culture-v1,,,CURATED_CORPUS,FALSE
CEV-03610,COL-0083,EVT-0815,314,TRUE,DAY,corpus-general-culture-v1,,,CURATED_CORPUS,FALSE
CEV-03611,COL-0083,EVT-0816,315,TRUE,DAY,corpus-general-culture-v1,,,CURATED_CORPUS,FALSE
CEV-03612,COL-0083,EVT-0817,316,TRUE,DAY,corpus-general-culture-v1,,,CURATED_CORPUS,FALSE
CEV-03613,COL-0083,EVT-1040,317,TRUE,DAY,corpus-general-culture-v1,,,CURATED_CORPUS,FALSE
CEV-03614,COL-0083,EVT-0818,318,TRUE,DAY,corpus-general-culture-v1,,,CURATED_CORPUS,FALSE
CEV-03615,COL-0083,EVT-0819,319,TRUE,DAY,corpus-general-culture-v1,,,CURATED_CORPUS,FALSE
CEV-03616,COL-0083,EVT-0820,320,TRUE,DAY,corpus-general-culture-v1,,,CURATED_CORPUS,FALSE
CEV-03617,COL-0083,EVT-0821,321,TRUE,DAY,corpus-general-culture-v1,,,CURATED_CORPUS,FALSE
CEV-03618,COL-0083,EVT-0822,322,TRUE,DAY,corpus-general-culture-v1,,,CURATED_CORPUS,FALSE
CEV-03619,COL-0083,EVT-0823,323,TRUE,DAY,corpus-general-culture-v1,,,CURATED_CORPUS,FALSE
CEV-03620,COL-0083,EVT-0946,324,TRUE,DAY,corpus-general-culture-v1,,,CURATED_CORPUS,FALSE
CEV-03621,COL-0083,EVT-0861,325,TRUE,DAY,corpus-general-culture-v1,,,CURATED_CORPUS,FALSE
CEV-03622,COL-0083,EVT-0947,326,TRUE,DAY,corpus-general-culture-v1,,,CURATED_CORPUS,FALSE
CEV-03623,COL-0083,EVT-0862,327,TRUE,DAY,corpus-general-culture-v1,,,CURATED_CORPUS,FALSE
CEV-03624,COL-0083,EVT-0948,328,TRUE,DAY,corpus-general-culture-v1,,,CURATED_CORPUS,FALSE
CEV-03625,COL-0083,EVT-0863,329,TRUE,DAY,corpus-general-culture-v1,,,CURATED_CORPUS,FALSE
CEV-03626,COL-0083,EVT-0864,330,TRUE,DAY,corpus-general-culture-v1,,,CURATED_CORPUS,FALSE
CEV-03627,COL-0083,EVT-0865,331,TRUE,DAY,corpus-general-culture-v1,,,CURATED_CORPUS,FALSE
CEV-03628,COL-0083,EVT-0949,332,TRUE,DAY,corpus-general-culture-v1,,,CURATED_CORPUS,FALSE
CEV-03629,COL-0083,EVT-0866,333,TRUE,DAY,corpus-general-culture-v1,,,CURATED_CORPUS,FALSE
CEV-03630,COL-0083,EVT-0867,334,TRUE,DAY,corpus-general-culture-v1,,,CURATED_CORPUS,FALSE
CEV-03631,COL-0083,EVT-0868,335,TRUE,DAY,corpus-general-culture-v1,,,CURATED_CORPUS,FALSE
CEV-03632,COL-0083,EVT-0950,336,TRUE,DAY,corpus-general-culture-v1,,,CURATED_CORPUS,FALSE
CEV-03633,COL-0083,EVT-0951,337,TRUE,DAY,corpus-general-culture-v1,,,CURATED_CORPUS,FALSE
CEV-03634,COL-0083,EVT-0869,338,TRUE,DAY,corpus-general-culture-v1,,,CURATED_CORPUS,FALSE
CEV-03635,COL-0083,EVT-0870,339,TRUE,DAY,corpus-general-culture-v1,,,CURATED_CORPUS,FALSE
CEV-03636,COL-0083,EVT-0871,340,TRUE,DAY,corpus-general-culture-v1,,,CURATED_CORPUS,FALSE
CEV-03637,COL-0083,EVT-0872,341,TRUE,DAY,corpus-general-culture-v1,,,CURATED_CORPUS,FALSE
CEV-03638,COL-0083,EVT-0873,342,TRUE,DAY,corpus-general-culture-v1,,,CURATED_CORPUS,FALSE
CEV-03639,COL-0083,EVT-0952,343,TRUE,DAY,corpus-general-culture-v1,,,CURATED_CORPUS,FALSE
CEV-03640,COL-0083,EVT-0874,344,TRUE,DAY,corpus-general-culture-v1,,,CURATED_CORPUS,FALSE
CEV-03641,COL-0083,EVT-0875,345,TRUE,DAY,corpus-general-culture-v1,,,CURATED_CORPUS,FALSE
CEV-03642,COL-0083,EVT-0876,346,TRUE,DAY,corpus-general-culture-v1,,,CURATED_CORPUS,FALSE
CEV-03643,COL-0083,EVT-0877,347,TRUE,DAY,corpus-general-culture-v1,,,CURATED_CORPUS,FALSE
CEV-03644,COL-0083,EVT-0878,348,TRUE,DAY,corpus-general-culture-v1,,,CURATED_CORPUS,FALSE
CEV-03645,COL-0083,EVT-0953,349,TRUE,MONTH,corpus-general-culture-v1,,,CURATED_CORPUS,FALSE
CEV-03646,COL-0083,EVT-0954,350,TRUE,DAY,corpus-general-culture-v1,,,CURATED_CORPUS,FALSE
CEV-03647,COL-0083,EVT-0879,351,TRUE,DAY,corpus-general-culture-v1,,,CURATED_CORPUS,FALSE
CEV-03648,COL-0083,EVT-0955,352,TRUE,DAY,corpus-general-culture-v1,,,CURATED_CORPUS,FALSE
CEV-03649,COL-0083,EVT-0880,353,TRUE,DAY,corpus-general-culture-v1,,,CURATED_CORPUS,FALSE
CEV-03650,COL-0083,EVT-0956,354,TRUE,DAY,corpus-general-culture-v1,,,CURATED_CORPUS,FALSE
CEV-03651,COL-0083,EVT-0881,355,TRUE,DAY,corpus-general-culture-v1,,,CURATED_CORPUS,FALSE
CEV-03652,COL-0083,EVT-0957,356,TRUE,DAY,corpus-general-culture-v1,,,CURATED_CORPUS,FALSE
CEV-03653,COL-0083,EVT-0958,357,TRUE,DAY,corpus-general-culture-v1,,,CURATED_CORPUS,FALSE
CEV-03654,COL-0083,EVT-0959,358,TRUE,DAY,corpus-general-culture-v1,,,CURATED_CORPUS,FALSE
CEV-03655,COL-0083,EVT-0882,359,TRUE,DAY,corpus-general-culture-v1,,,CURATED_CORPUS,FALSE
CEV-03656,COL-0083,EVT-0883,360,TRUE,DAY,corpus-general-culture-v1,,,CURATED_CORPUS,FALSE
CEV-03657,COL-0083,EVT-0884,361,TRUE,DAY,corpus-general-culture-v1,,,CURATED_CORPUS,FALSE
CEV-03658,COL-0083,EVT-0885,362,TRUE,DAY,corpus-general-culture-v1,,,CURATED_CORPUS,FALSE
CEV-03659,COL-0083,EVT-0960,363,TRUE,DAY,corpus-general-culture-v1,,,CURATED_CORPUS,FALSE
CEV-03660,COL-0083,EVT-0886,364,TRUE,DAY,corpus-general-culture-v1,,,CURATED_CORPUS,FALSE
CEV-03661,COL-0083,EVT-0887,365,TRUE,DAY,corpus-general-culture-v1,,,CURATED_CORPUS,FALSE
CEV-03662,COL-0083,EVT-0888,366,TRUE,DAY,corpus-general-culture-v1,,,CURATED_CORPUS,FALSE
CEV-03663,COL-0083,EVT-0961,367,TRUE,DAY,corpus-general-culture-v1,,,CURATED_CORPUS,FALSE
CEV-03664,COL-0083,EVT-0889,368,TRUE,DAY,corpus-general-culture-v1,,,CURATED_CORPUS,FALSE
CEV-03665,COL-0083,EVT-0962,369,TRUE,DAY,corpus-general-culture-v1,,,CURATED_CORPUS,FALSE
CEV-03666,COL-0083,EVT-0890,370,TRUE,DAY,corpus-general-culture-v1,,,CURATED_CORPUS,FALSE
CEV-03667,COL-0083,EVT-0891,371,TRUE,DAY,corpus-general-culture-v1,,,CURATED_CORPUS,FALSE
CEV-03668,COL-0083,EVT-0892,372,TRUE,DAY,corpus-general-culture-v1,,,CURATED_CORPUS,FALSE
CEV-03669,COL-0083,EVT-0893,373,TRUE,DAY,corpus-general-culture-v1,,,CURATED_CORPUS,FALSE
CEV-03670,COL-0083,EVT-0894,374,TRUE,DAY,corpus-general-culture-v1,,,CURATED_CORPUS,FALSE
CEV-03671,COL-0083,EVT-0895,375,TRUE,DAY,corpus-general-culture-v1,,,CURATED_CORPUS,FALSE
CEV-03672,COL-0083,EVT-0963,376,TRUE,DAY,corpus-general-culture-v1,,,CURATED_CORPUS,FALSE
CEV-03673,COL-0083,EVT-0964,377,TRUE,DAY,corpus-general-culture-v1,,,CURATED_CORPUS,FALSE
CEV-03674,COL-0083,EVT-0965,378,TRUE,DAY,corpus-general-culture-v1,,,CURATED_CORPUS,FALSE
CEV-03675,COL-0083,EVT-0896,379,TRUE,DAY,corpus-general-culture-v1,,,CURATED_CORPUS,FALSE
CEV-03676,COL-0083,EVT-0897,380,TRUE,DAY,corpus-general-culture-v1,,,CURATED_CORPUS,FALSE
CEV-03677,COL-0083,EVT-0898,381,TRUE,DAY,corpus-general-culture-v1,,,CURATED_CORPUS,FALSE
CEV-03678,COL-0083,EVT-0899,382,TRUE,DAY,corpus-general-culture-v1,,,CURATED_CORPUS,FALSE
CEV-03679,COL-0083,EVT-0900,383,TRUE,DAY,corpus-general-culture-v1,,,CURATED_CORPUS,FALSE
CEV-03680,COL-0083,EVT-0901,384,TRUE,DAY,corpus-general-culture-v1,,,CURATED_CORPUS,FALSE
CEV-03681,COL-0083,EVT-0966,385,TRUE,DAY,corpus-general-culture-v1,,,CURATED_CORPUS,FALSE
CEV-03682,COL-0083,EVT-0902,386,TRUE,DAY,corpus-general-culture-v1,,,CURATED_CORPUS,FALSE
CEV-03683,COL-0083,EVT-0903,387,TRUE,DAY,corpus-general-culture-v1,,,CURATED_CORPUS,FALSE
CEV-03684,COL-0083,EVT-0904,388,TRUE,DAY,corpus-general-culture-v1,,,CURATED_CORPUS,FALSE
CEV-03685,COL-0083,EVT-0905,389,TRUE,DAY,corpus-general-culture-v1,,,CURATED_CORPUS,FALSE
CEV-03686,COL-0083,EVT-0906,390,TRUE,DAY,corpus-general-culture-v1,,,CURATED_CORPUS,FALSE
CEV-03687,COL-0083,EVT-0907,391,TRUE,DAY,corpus-general-culture-v1,,,CURATED_CORPUS,FALSE
CEV-03688,COL-0083,EVT-0908,392,TRUE,DAY,corpus-general-culture-v1,,,CURATED_CORPUS,FALSE
CEV-03689,COL-0083,EVT-0967,393,TRUE,DAY,corpus-general-culture-v1,,,CURATED_CORPUS,FALSE
CEV-03690,COL-0083,EVT-0968,394,TRUE,DAY,corpus-general-culture-v1,,,CURATED_CORPUS,FALSE
CEV-03691,COL-0083,EVT-0909,395,TRUE,DAY,corpus-general-culture-v1,,,CURATED_CORPUS,FALSE
CEV-03692,COL-0083,EVT-0910,396,TRUE,DAY,corpus-general-culture-v1,,,CURATED_CORPUS,FALSE
CEV-03693,COL-0083,EVT-0969,397,TRUE,DAY,corpus-general-culture-v1,,,CURATED_CORPUS,FALSE
CEV-03694,COL-0083,EVT-0911,398,TRUE,DAY,corpus-general-culture-v1,,,CURATED_CORPUS,FALSE
CEV-03695,COL-0083,EVT-0970,399,TRUE,DAY,corpus-general-culture-v1,,,CURATED_CORPUS,FALSE
CEV-03696,COL-0083,EVT-0912,400,TRUE,DAY,corpus-general-culture-v1,,,CURATED_CORPUS,FALSE
CEV-03697,COL-0083,EVT-0913,401,TRUE,DAY,corpus-general-culture-v1,,,CURATED_CORPUS,FALSE
CEV-03698,COL-0083,EVT-0914,402,TRUE,DAY,corpus-general-culture-v1,,,CURATED_CORPUS,FALSE
CEV-03699,COL-0083,EVT-0971,403,TRUE,DAY,corpus-general-culture-v1,,,CURATED_CORPUS,FALSE
CEV-03700,COL-0083,EVT-0972,404,TRUE,DAY,corpus-general-culture-v1,,,CURATED_CORPUS,FALSE
CEV-03701,COL-0083,EVT-0973,405,TRUE,DAY,corpus-general-culture-v1,,,CURATED_CORPUS,FALSE
CEV-03702,COL-0083,EVT-0974,406,TRUE,DAY,corpus-general-culture-v1,,,CURATED_CORPUS,FALSE
CEV-03703,COL-0083,EVT-0915,407,TRUE,DAY,corpus-general-culture-v1,,,CURATED_CORPUS,FALSE
CEV-03704,COL-0083,EVT-0916,408,TRUE,DAY,corpus-general-culture-v1,,,CURATED_CORPUS,FALSE
CEV-03705,COL-0083,EVT-0917,409,TRUE,DAY,corpus-general-culture-v1,,,CURATED_CORPUS,FALSE
CEV-03706,COL-0083,EVT-0918,410,TRUE,DAY,corpus-general-culture-v1,,,CURATED_CORPUS,FALSE
CEV-03707,COL-0083,EVT-0975,411,TRUE,DAY,corpus-general-culture-v1,,,CURATED_CORPUS,FALSE
CEV-03708,COL-0083,EVT-0976,412,TRUE,DAY,corpus-general-culture-v1,,,CURATED_CORPUS,FALSE
CEV-03709,COL-0083,EVT-0919,413,TRUE,DAY,corpus-general-culture-v1,,,CURATED_CORPUS,FALSE
CEV-03710,COL-0083,EVT-0920,414,TRUE,DAY,corpus-general-culture-v1,,,CURATED_CORPUS,FALSE
CEV-03711,COL-0083,EVT-0977,415,TRUE,DAY,corpus-general-culture-v1,,,CURATED_CORPUS,FALSE
CEV-03712,COL-0083,EVT-0921,416,TRUE,DAY,corpus-general-culture-v1,,,CURATED_CORPUS,FALSE
CEV-03713,COL-0083,EVT-0922,417,TRUE,DAY,corpus-general-culture-v1,,,CURATED_CORPUS,FALSE
CEV-03714,COL-0083,EVT-0923,418,TRUE,DAY,corpus-general-culture-v1,,,CURATED_CORPUS,FALSE
CEV-03715,COL-0083,EVT-1041,419,TRUE,DAY,corpus-general-culture-v1,,,CURATED_CORPUS,FALSE
CEV-03716,COL-0083,EVT-0924,420,TRUE,DAY,corpus-general-culture-v1,,,CURATED_CORPUS,FALSE
CEV-03717,COL-0083,EVT-0925,421,TRUE,DAY,corpus-general-culture-v1,,,CURATED_CORPUS,FALSE
CEV-03718,COL-0083,EVT-0926,422,TRUE,DAY,corpus-general-culture-v1,,,CURATED_CORPUS,FALSE
CEV-03719,COL-0083,EVT-0927,423,TRUE,DAY,corpus-general-culture-v1,,,CURATED_CORPUS,FALSE
CEV-03720,COL-0083,EVT-0928,424,FALSE,NOT_AUTOMATIC,corpus-general-culture-v1,,,CURATED_CORPUS,FALSE
CEV-03721,COL-0083,EVT-0929,425,TRUE,DAY,corpus-general-culture-v1,,,CURATED_CORPUS,FALSE
CEV-03722,COL-0083,EVT-0930,426,TRUE,DAY,corpus-general-culture-v1,,,CURATED_CORPUS,FALSE
CEV-03723,COL-0083,EVT-0931,427,TRUE,DAY,corpus-general-culture-v1,,,CURATED_CORPUS,FALSE
CEV-03724,COL-0083,EVT-0932,428,TRUE,DAY,corpus-general-culture-v1,,,CURATED_CORPUS,FALSE
CEV-03725,COL-0083,EVT-0933,429,TRUE,DAY,corpus-general-culture-v1,,,CURATED_CORPUS,FALSE
CEV-03726,COL-0083,EVT-0934,430,TRUE,DAY,corpus-general-culture-v1,,,CURATED_CORPUS,FALSE
CEV-03727,COL-0083,EVT-0935,431,TRUE,DAY,corpus-general-culture-v1,,,CURATED_CORPUS,FALSE
CEV-03728,COL-0083,EVT-0936,432,TRUE,DAY,corpus-general-culture-v1,,,CURATED_CORPUS,FALSE
CEV-03729,COL-0083,EVT-0937,433,TRUE,DAY,corpus-general-culture-v1,,,CURATED_CORPUS,FALSE
CEV-03730,COL-0083,EVT-0938,434,TRUE,DAY,corpus-general-culture-v1,,,CURATED_CORPUS,FALSE
CEV-03731,COL-0083,EVT-0939,435,TRUE,DAY,corpus-general-culture-v1,,,CURATED_CORPUS,FALSE
CEV-03732,COL-0083,EVT-0940,436,TRUE,DAY,corpus-general-culture-v1,,,CURATED_CORPUS,FALSE
CEV-03733,COL-0083,EVT-0941,437,TRUE,DAY,corpus-general-culture-v1,,,CURATED_CORPUS,FALSE
CEV-03734,COL-0083,EVT-0942,438,TRUE,DAY,corpus-general-culture-v1,,,CURATED_CORPUS,FALSE
CEV-03735,COL-0083,EVT-0943,439,TRUE,DAY,corpus-general-culture-v1,,,CURATED_CORPUS,FALSE
CEV-03736,COL-0083,EVT-0944,440,TRUE,DAY,corpus-general-culture-v1,,,CURATED_CORPUS,FALSE
CEV-03737,COL-0083,EVT-0945,441,TRUE,DAY,corpus-general-culture-v1,,,CURATED_CORPUS,FALSE
CEV-03738,COL-0083,EVT-1028,442,TRUE,DAY,corpus-general-culture-v1,,,CURATED_CORPUS,FALSE
CEV-03739,COL-0083,EVT-0978,443,TRUE,DAY,corpus-general-culture-v1,,,CURATED_CORPUS,FALSE
CEV-03740,COL-0083,EVT-0979,444,TRUE,DAY,corpus-general-culture-v1,,,CURATED_CORPUS,FALSE
CEV-03741,COL-0083,EVT-0980,445,TRUE,DAY,corpus-general-culture-v1,,,CURATED_CORPUS,FALSE
CEV-03742,COL-0083,EVT-0981,446,TRUE,DAY,corpus-general-culture-v1,,,CURATED_CORPUS,FALSE
CEV-03743,COL-0083,EVT-0982,447,TRUE,DAY,corpus-general-culture-v1,,,CURATED_CORPUS,FALSE
CEV-03744,COL-0083,EVT-1029,448,TRUE,DAY,corpus-general-culture-v1,,,CURATED_CORPUS,FALSE
CEV-03745,COL-0083,EVT-0983,449,TRUE,DAY,corpus-general-culture-v1,,,CURATED_CORPUS,FALSE
CEV-03746,COL-0083,EVT-0984,450,TRUE,DAY,corpus-general-culture-v1,,,CURATED_CORPUS,FALSE
CEV-03747,COL-0083,EVT-0985,451,TRUE,DAY,corpus-general-culture-v1,,,CURATED_CORPUS,FALSE
CEV-03748,COL-0083,EVT-0986,452,TRUE,DAY,corpus-general-culture-v1,,,CURATED_CORPUS,FALSE
CEV-03749,COL-0083,EVT-0987,453,TRUE,DAY,corpus-general-culture-v1,,,CURATED_CORPUS,FALSE
CEV-03750,COL-0083,EVT-0988,454,TRUE,DAY,corpus-general-culture-v1,,,CURATED_CORPUS,FALSE
CEV-03751,COL-0083,EVT-0989,455,TRUE,DAY,corpus-general-culture-v1,,,CURATED_CORPUS,FALSE
CEV-03752,COL-0083,EVT-0990,456,TRUE,DAY,corpus-general-culture-v1,,,CURATED_CORPUS,FALSE
CEV-03753,COL-0083,EVT-0991,457,TRUE,DAY,corpus-general-culture-v1,,,CURATED_CORPUS,FALSE
CEV-03754,COL-0083,EVT-0992,458,TRUE,DAY,corpus-general-culture-v1,,,CURATED_CORPUS,FALSE
CEV-03755,COL-0083,EVT-0993,459,TRUE,DAY,corpus-general-culture-v1,,,CURATED_CORPUS,FALSE
CEV-03756,COL-0083,EVT-0994,460,TRUE,DAY,corpus-general-culture-v1,,,CURATED_CORPUS,FALSE
CEV-03757,COL-0083,EVT-0995,461,TRUE,DAY,corpus-general-culture-v1,,,CURATED_CORPUS,FALSE
CEV-03758,COL-0083,EVT-0996,462,TRUE,DAY,corpus-general-culture-v1,,,CURATED_CORPUS,FALSE
CEV-03759,COL-0083,EVT-0997,463,TRUE,DAY,corpus-general-culture-v1,,,CURATED_CORPUS,FALSE
CEV-03760,COL-0083,EVT-0998,464,TRUE,DAY,corpus-general-culture-v1,,,CURATED_CORPUS,FALSE
CEV-03761,COL-0083,EVT-0999,465,TRUE,DAY,corpus-general-culture-v1,,,CURATED_CORPUS,FALSE
CEV-03762,COL-0083,EVT-1000,466,TRUE,DAY,corpus-general-culture-v1,,,CURATED_CORPUS,FALSE
CEV-03763,COL-0083,EVT-1001,467,TRUE,DAY,corpus-general-culture-v1,,,CURATED_CORPUS,FALSE
CEV-03764,COL-0083,EVT-1002,468,TRUE,DAY,corpus-general-culture-v1,,,CURATED_CORPUS,FALSE
CEV-03765,COL-0083,EVT-1003,469,TRUE,DAY,corpus-general-culture-v1,,,CURATED_CORPUS,FALSE
CEV-03766,COL-0083,EVT-1004,470,TRUE,DAY,corpus-general-culture-v1,,,CURATED_CORPUS,FALSE
CEV-03767,COL-0083,EVT-1005,471,TRUE,DAY,corpus-general-culture-v1,,,CURATED_CORPUS,FALSE
CEV-03768,COL-0083,EVT-1006,472,TRUE,DAY,corpus-general-culture-v1,,,CURATED_CORPUS,FALSE
CEV-03769,COL-0083,EVT-1007,473,TRUE,DAY,corpus-general-culture-v1,,,CURATED_CORPUS,FALSE
CEV-03770,COL-0083,EVT-1008,474,TRUE,DAY,corpus-general-culture-v1,,,CURATED_CORPUS,FALSE
CEV-03771,COL-0083,EVT-1009,475,TRUE,DAY,corpus-general-culture-v1,,,CURATED_CORPUS,FALSE
CEV-03772,COL-0083,EVT-1010,476,TRUE,DAY,corpus-general-culture-v1,,,CURATED_CORPUS,FALSE
CEV-03773,COL-0083,EVT-1011,477,TRUE,DAY,corpus-general-culture-v1,,,CURATED_CORPUS,FALSE
CEV-03774,COL-0083,EVT-1012,478,TRUE,DAY,corpus-general-culture-v1,,,CURATED_CORPUS,FALSE
CEV-03775,COL-0083,EVT-1013,479,TRUE,DAY,corpus-general-culture-v1,,,CURATED_CORPUS,FALSE
CEV-03776,COL-0083,EVT-1014,480,TRUE,DAY,corpus-general-culture-v1,,,CURATED_CORPUS,FALSE
CEV-03777,COL-0083,EVT-1015,481,TRUE,DAY,corpus-general-culture-v1,,,CURATED_CORPUS,FALSE
CEV-03778,COL-0083,EVT-1016,482,TRUE,DAY,corpus-general-culture-v1,,,CURATED_CORPUS,FALSE
CEV-03779,COL-0083,EVT-1017,483,TRUE,DAY,corpus-general-culture-v1,,,CURATED_CORPUS,FALSE
CEV-03780,COL-0083,EVT-1018,484,TRUE,DAY,corpus-general-culture-v1,,,CURATED_CORPUS,FALSE
CEV-03781,COL-0083,EVT-1019,485,TRUE,DAY,corpus-general-culture-v1,,,CURATED_CORPUS,FALSE
CEV-03782,COL-0083,EVT-1020,486,TRUE,DAY,corpus-general-culture-v1,,,CURATED_CORPUS,FALSE
CEV-03783,COL-0083,EVT-1021,487,TRUE,DAY,corpus-general-culture-v1,,,CURATED_CORPUS,FALSE
CEV-03784,COL-0083,EVT-1022,488,TRUE,DAY,corpus-general-culture-v1,,,CURATED_CORPUS,FALSE
CEV-03785,COL-0083,EVT-1023,489,TRUE,DAY,corpus-general-culture-v1,,,CURATED_CORPUS,FALSE
CEV-03786,COL-0083,EVT-1024,490,TRUE,DAY,corpus-general-culture-v1,,,CURATED_CORPUS,FALSE
CEV-03787,COL-0083,EVT-1025,491,TRUE,DAY,corpus-general-culture-v1,,,CURATED_CORPUS,FALSE
CEV-03788,COL-0083,EVT-1026,492,TRUE,DAY,corpus-general-culture-v1,,,CURATED_CORPUS,FALSE
CEV-03789,COL-0083,EVT-1027,493,TRUE,DAY,corpus-general-culture-v1,,,CURATED_CORPUS,FALSE
CEV-03790,COL-0084,EVT-0340,1,TRUE,YEAR,ALL_EVENTS_V15,,,CURATED_CORPUS,FALSE
CEV-03791,COL-0084,EVT-0341,2,TRUE,YEAR,ALL_EVENTS_V15,,,CURATED_CORPUS,FALSE
CEV-03792,COL-0084,EVT-0549,3,FALSE,NOT_AUTOMATIC,ALL_EVENTS_V15,,,CURATED_CORPUS,FALSE
CEV-03793,COL-0084,EVT-0569,4,FALSE,NOT_AUTOMATIC,ALL_EVENTS_V15,,,CURATED_CORPUS,FALSE
CEV-03794,COL-0084,EVT-0368,5,FALSE,NOT_AUTOMATIC,ALL_EVENTS_V15,,,CURATED_CORPUS,FALSE
CEV-03795,COL-0084,EVT-0553,6,TRUE,YEAR,ALL_EVENTS_V15,,,CURATED_CORPUS,FALSE
CEV-03796,COL-0084,EVT-0369,7,TRUE,RANGE,ALL_EVENTS_V15,,,CURATED_CORPUS,FALSE
CEV-03797,COL-0084,EVT-0570,8,FALSE,NOT_AUTOMATIC,ALL_EVENTS_V15,,,CURATED_CORPUS,FALSE
CEV-03798,COL-0084,EVT-0554,9,TRUE,YEAR,ALL_EVENTS_V15,,,CURATED_CORPUS,FALSE
CEV-03799,COL-0084,EVT-0555,10,FALSE,NOT_AUTOMATIC,ALL_EVENTS_V15,,,CURATED_CORPUS,FALSE
CEV-03800,COL-0084,EVT-0023,11,TRUE,YEAR,ALL_EVENTS_V15,,,CURATED_CORPUS,FALSE
CEV-03801,COL-0084,EVT-0024,12,TRUE,DAY,ALL_EVENTS_V15,,,CURATED_CORPUS,FALSE
CEV-03802,COL-0084,EVT-0571,13,TRUE,YEAR,ALL_EVENTS_V15,,,CURATED_CORPUS,FALSE
CEV-03803,COL-0084,EVT-0556,14,TRUE,YEAR,ALL_EVENTS_V15,,,CURATED_CORPUS,FALSE
CEV-03804,COL-0084,EVT-0027,15,FALSE,NOT_AUTOMATIC,ALL_EVENTS_V15,,,CURATED_CORPUS,FALSE
CEV-03805,COL-0084,EVT-0028,16,TRUE,YEAR,ALL_EVENTS_V15,,,CURATED_CORPUS,FALSE
CEV-03806,COL-0084,EVT-0382,17,TRUE,YEAR,ALL_EVENTS_V15,,,CURATED_CORPUS,FALSE
CEV-03807,COL-0084,EVT-0372,18,TRUE,RANGE,ALL_EVENTS_V15,,,CURATED_CORPUS,FALSE
CEV-03808,COL-0084,EVT-0030,19,TRUE,RANGE,ALL_EVENTS_V15,,,CURATED_CORPUS,FALSE
CEV-03809,COL-0084,EVT-0373,20,TRUE,YEAR,ALL_EVENTS_V15,,,CURATED_CORPUS,FALSE
CEV-03810,COL-0084,EVT-0374,21,TRUE,YEAR,ALL_EVENTS_V15,,,CURATED_CORPUS,FALSE
CEV-03811,COL-0084,EVT-0550,22,TRUE,MONTH,ALL_EVENTS_V15,,,CURATED_CORPUS,FALSE
CEV-03812,COL-0084,EVT-0375,23,TRUE,YEAR,ALL_EVENTS_V15,,,CURATED_CORPUS,FALSE
CEV-03813,COL-0084,EVT-0136,24,TRUE,RANGE,ALL_EVENTS_V15,,,CURATED_CORPUS,FALSE
CEV-03814,COL-0084,EVT-0376,25,TRUE,RANGE,ALL_EVENTS_V15,,,CURATED_CORPUS,FALSE
CEV-03815,COL-0084,EVT-0572,26,TRUE,YEAR,ALL_EVENTS_V15,,,CURATED_CORPUS,FALSE
CEV-03816,COL-0084,EVT-0377,27,TRUE,YEAR,ALL_EVENTS_V15,,,CURATED_CORPUS,FALSE
CEV-03817,COL-0084,EVT-0557,28,TRUE,YEAR,ALL_EVENTS_V15,,,CURATED_CORPUS,FALSE
CEV-03818,COL-0084,EVT-0378,29,TRUE,YEAR,ALL_EVENTS_V15,,,CURATED_CORPUS,FALSE
CEV-03819,COL-0084,EVT-0573,30,TRUE,YEAR,ALL_EVENTS_V15,,,CURATED_CORPUS,FALSE
CEV-03820,COL-0084,EVT-0379,31,TRUE,YEAR,ALL_EVENTS_V15,,,CURATED_CORPUS,FALSE
CEV-03821,COL-0084,EVT-0380,32,TRUE,YEAR,ALL_EVENTS_V15,,,CURATED_CORPUS,FALSE
CEV-03822,COL-0084,EVT-0381,33,TRUE,YEAR,ALL_EVENTS_V15,,,CURATED_CORPUS,FALSE
CEV-03823,COL-0084,EVT-0383,34,TRUE,RANGE,ALL_EVENTS_V15,,,CURATED_CORPUS,FALSE
CEV-03824,COL-0084,EVT-0370,35,TRUE,YEAR,ALL_EVENTS_V15,,,CURATED_CORPUS,FALSE
CEV-03825,COL-0084,EVT-0558,36,TRUE,YEAR,ALL_EVENTS_V15,,,CURATED_CORPUS,FALSE
CEV-03826,COL-0084,EVT-0551,37,TRUE,DAY,ALL_EVENTS_V15,,,CURATED_CORPUS,FALSE
CEV-03827,COL-0084,EVT-0559,38,TRUE,DAY,ALL_EVENTS_V15,,,CURATED_CORPUS,FALSE
CEV-03828,COL-0084,EVT-0384,39,TRUE,YEAR,ALL_EVENTS_V15,,,CURATED_CORPUS,FALSE
CEV-03829,COL-0084,EVT-0041,40,TRUE,RANGE,ALL_EVENTS_V15,,,CURATED_CORPUS,FALSE
CEV-03830,COL-0084,EVT-0371,41,TRUE,YEAR,ALL_EVENTS_V15,,,CURATED_CORPUS,FALSE
CEV-03831,COL-0084,EVT-0560,42,TRUE,YEAR,ALL_EVENTS_V15,,,CURATED_CORPUS,FALSE
CEV-03832,COL-0084,EVT-0385,43,TRUE,DAY,ALL_EVENTS_V15,,,CURATED_CORPUS,FALSE
CEV-03833,COL-0084,EVT-0386,44,TRUE,DAY,ALL_EVENTS_V15,,,CURATED_CORPUS,FALSE
CEV-03834,COL-0084,EVT-0387,45,TRUE,DAY,ALL_EVENTS_V15,,,CURATED_CORPUS,FALSE
CEV-03835,COL-0084,EVT-0032,46,TRUE,RANGE,ALL_EVENTS_V15,,,CURATED_CORPUS,FALSE
CEV-03836,COL-0084,EVT-0033,47,TRUE,RANGE,ALL_EVENTS_V15,,,CURATED_CORPUS,FALSE
CEV-03837,COL-0084,EVT-0031,48,TRUE,DAY,ALL_EVENTS_V15,,,CURATED_CORPUS,FALSE
CEV-03838,COL-0084,EVT-0040,49,TRUE,RANGE,ALL_EVENTS_V15,,,CURATED_CORPUS,FALSE
CEV-03839,COL-0084,EVT-0561,50,TRUE,MONTH,ALL_EVENTS_V15,,,CURATED_CORPUS,FALSE
CEV-03840,COL-0084,EVT-0562,51,TRUE,DAY,ALL_EVENTS_V15,,,CURATED_CORPUS,FALSE
CEV-03841,COL-0084,EVT-0035,52,TRUE,YEAR,ALL_EVENTS_V15,,,CURATED_CORPUS,FALSE
CEV-03842,COL-0084,EVT-0036,53,TRUE,YEAR,ALL_EVENTS_V15,,,CURATED_CORPUS,FALSE
CEV-03843,COL-0084,EVT-0552,54,FALSE,NOT_AUTOMATIC,ALL_EVENTS_V15,,,CURATED_CORPUS,FALSE
CEV-03844,COL-0084,EVT-0563,55,TRUE,YEAR,ALL_EVENTS_V15,,,CURATED_CORPUS,FALSE
CEV-03845,COL-0084,EVT-0034,56,TRUE,YEAR,ALL_EVENTS_V15,,,CURATED_CORPUS,FALSE
CEV-03846,COL-0084,EVT-0564,57,TRUE,YEAR,ALL_EVENTS_V15,,,CURATED_CORPUS,FALSE
CEV-03847,COL-0084,EVT-0392,58,TRUE,YEAR,ALL_EVENTS_V15,,,CURATED_CORPUS,FALSE
CEV-03848,COL-0084,EVT-0574,59,TRUE,YEAR,ALL_EVENTS_V15,,,CURATED_CORPUS,FALSE
CEV-03849,COL-0084,EVT-0575,60,TRUE,DAY,ALL_EVENTS_V15,,,CURATED_CORPUS,FALSE
CEV-03850,COL-0084,EVT-0576,61,TRUE,DAY,ALL_EVENTS_V15,,,CURATED_CORPUS,FALSE
CEV-03851,COL-0084,EVT-0565,62,TRUE,DAY,ALL_EVENTS_V15,,,CURATED_CORPUS,FALSE
CEV-03852,COL-0084,EVT-0388,63,TRUE,MONTH,ALL_EVENTS_V15,,,CURATED_CORPUS,FALSE
CEV-03853,COL-0084,EVT-0038,64,TRUE,YEAR,ALL_EVENTS_V15,,,CURATED_CORPUS,FALSE
CEV-03854,COL-0084,EVT-0037,65,TRUE,YEAR,ALL_EVENTS_V15,,,CURATED_CORPUS,FALSE
CEV-03855,COL-0084,EVT-0139,66,TRUE,DAY,ALL_EVENTS_V15,,,CURATED_CORPUS,FALSE
CEV-03856,COL-0084,EVT-0039,67,TRUE,DAY,ALL_EVENTS_V15,,,CURATED_CORPUS,FALSE
CEV-03857,COL-0084,EVT-0566,68,TRUE,DAY,ALL_EVENTS_V15,,,CURATED_CORPUS,FALSE
CEV-03858,COL-0084,EVT-0390,69,TRUE,DAY,ALL_EVENTS_V15,,,CURATED_CORPUS,FALSE
CEV-03859,COL-0084,EVT-0389,70,TRUE,RANGE,ALL_EVENTS_V15,,,CURATED_CORPUS,FALSE
CEV-03860,COL-0084,EVT-0567,71,TRUE,DAY,ALL_EVENTS_V15,,,CURATED_CORPUS,FALSE
CEV-03861,COL-0084,EVT-0391,72,TRUE,RANGE,ALL_EVENTS_V15,,,CURATED_CORPUS,FALSE
CEV-03862,COL-0084,EVT-0568,73,TRUE,DAY,ALL_EVENTS_V15,,,CURATED_CORPUS,FALSE
CEV-03863,COL-0084,EVT-0327,74,TRUE,RANGE,ALL_EVENTS_V15,,,CURATED_CORPUS,FALSE
CEV-03864,COL-0084,EVT-0365,75,TRUE,DAY,ALL_EVENTS_V15,,,CURATED_CORPUS,FALSE
CEV-03865,COL-0084,EVT-0393,76,TRUE,YEAR,ALL_EVENTS_V15,,,CURATED_CORPUS,FALSE
CEV-03866,COL-0084,EVT-0047,77,TRUE,RANGE,ALL_EVENTS_V15,,,CURATED_CORPUS,FALSE
CEV-03867,COL-0084,EVT-0604,78,TRUE,DAY,ALL_EVENTS_V15,,,CURATED_CORPUS,FALSE
CEV-03868,COL-0084,EVT-0581,79,TRUE,DAY,ALL_EVENTS_V15,,,CURATED_CORPUS,FALSE
CEV-03869,COL-0084,EVT-0582,80,TRUE,YEAR,ALL_EVENTS_V15,,,CURATED_CORPUS,FALSE
CEV-03870,COL-0084,EVT-0583,81,TRUE,YEAR,ALL_EVENTS_V15,,,CURATED_CORPUS,FALSE
CEV-03871,COL-0084,EVT-0042,82,TRUE,YEAR,ALL_EVENTS_V15,,,CURATED_CORPUS,FALSE
CEV-03872,COL-0084,EVT-0043,83,TRUE,DAY,ALL_EVENTS_V15,,,CURATED_CORPUS,FALSE
CEV-03873,COL-0084,EVT-0577,84,TRUE,DAY,ALL_EVENTS_V15,,,CURATED_CORPUS,FALSE
CEV-03874,COL-0084,EVT-0584,85,TRUE,DAY,ALL_EVENTS_V15,,,CURATED_CORPUS,FALSE
CEV-03875,COL-0084,EVT-0585,86,TRUE,YEAR,ALL_EVENTS_V15,,,CURATED_CORPUS,FALSE
CEV-03876,COL-0084,EVT-0578,87,TRUE,YEAR,ALL_EVENTS_V15,,,CURATED_CORPUS,FALSE
CEV-03877,COL-0084,EVT-0395,88,TRUE,YEAR,ALL_EVENTS_V15,,,CURATED_CORPUS,FALSE
CEV-03878,COL-0084,EVT-0586,89,TRUE,YEAR,ALL_EVENTS_V15,,,CURATED_CORPUS,FALSE
CEV-03879,COL-0084,EVT-0587,90,TRUE,DAY,ALL_EVENTS_V15,,,CURATED_CORPUS,FALSE
CEV-03880,COL-0084,EVT-0394,91,TRUE,YEAR,ALL_EVENTS_V15,,,CURATED_CORPUS,FALSE
CEV-03881,COL-0084,EVT-0588,92,TRUE,DAY,ALL_EVENTS_V15,,,CURATED_CORPUS,FALSE
CEV-03882,COL-0084,EVT-0044,93,TRUE,DAY,ALL_EVENTS_V15,,,CURATED_CORPUS,FALSE
CEV-03883,COL-0084,EVT-0048,94,TRUE,MONTH,ALL_EVENTS_V15,,,CURATED_CORPUS,FALSE
CEV-03884,COL-0084,EVT-0605,95,TRUE,MONTH,ALL_EVENTS_V15,,,CURATED_CORPUS,FALSE
CEV-03885,COL-0084,EVT-0396,96,TRUE,YEAR,ALL_EVENTS_V15,,,CURATED_CORPUS,FALSE
CEV-03886,COL-0084,EVT-0397,97,TRUE,DAY,ALL_EVENTS_V15,,,CURATED_CORPUS,FALSE
CEV-03887,COL-0084,EVT-0052,98,TRUE,YEAR,ALL_EVENTS_V15,,,CURATED_CORPUS,FALSE
CEV-03888,COL-0084,EVT-0589,99,FALSE,NOT_AUTOMATIC,ALL_EVENTS_V15,,,CURATED_CORPUS,FALSE
CEV-03889,COL-0084,EVT-0045,100,TRUE,MONTH,ALL_EVENTS_V15,,,CURATED_CORPUS,FALSE
CEV-03890,COL-0084,EVT-0606,101,TRUE,DAY,ALL_EVENTS_V15,,,CURATED_CORPUS,FALSE
CEV-03891,COL-0084,EVT-0398,102,TRUE,DAY,ALL_EVENTS_V15,,,CURATED_CORPUS,FALSE
CEV-03892,COL-0084,EVT-0400,103,TRUE,DAY,ALL_EVENTS_V15,,,CURATED_CORPUS,FALSE
CEV-03893,COL-0084,EVT-0399,104,TRUE,DAY,ALL_EVENTS_V15,,,CURATED_CORPUS,FALSE
CEV-03894,COL-0084,EVT-0049,105,TRUE,DAY,ALL_EVENTS_V15,,,CURATED_CORPUS,FALSE
CEV-03895,COL-0084,EVT-0590,106,TRUE,DAY,ALL_EVENTS_V15,,,CURATED_CORPUS,FALSE
CEV-03896,COL-0084,EVT-0140,107,TRUE,DAY,ALL_EVENTS_V15,,,CURATED_CORPUS,FALSE
CEV-03897,COL-0084,EVT-0141,108,TRUE,RANGE,ALL_EVENTS_V15,,,CURATED_CORPUS,FALSE
CEV-03898,COL-0084,EVT-0607,109,TRUE,DAY,ALL_EVENTS_V15,,,CURATED_CORPUS,FALSE
CEV-03899,COL-0084,EVT-0591,110,TRUE,DAY,ALL_EVENTS_V15,,,CURATED_CORPUS,FALSE
CEV-03900,COL-0084,EVT-0057,111,TRUE,YEAR,ALL_EVENTS_V15,,,CURATED_CORPUS,FALSE
CEV-03901,COL-0084,EVT-0592,112,TRUE,DAY,ALL_EVENTS_V15,,,CURATED_CORPUS,FALSE
CEV-03902,COL-0084,EVT-0579,113,TRUE,DAY,ALL_EVENTS_V15,,,CURATED_CORPUS,FALSE
CEV-03903,COL-0084,EVT-0608,114,TRUE,DAY,ALL_EVENTS_V15,,,CURATED_CORPUS,FALSE
CEV-03904,COL-0084,EVT-0046,115,TRUE,DAY,ALL_EVENTS_V15,,,CURATED_CORPUS,FALSE
CEV-03905,COL-0084,EVT-0403,116,TRUE,YEAR,ALL_EVENTS_V15,,,CURATED_CORPUS,FALSE
CEV-03906,COL-0084,EVT-0054,117,TRUE,DAY,ALL_EVENTS_V15,,,CURATED_CORPUS,FALSE
CEV-03907,COL-0084,EVT-0401,118,TRUE,DAY,ALL_EVENTS_V15,,,CURATED_CORPUS,FALSE
CEV-03908,COL-0084,EVT-0402,119,TRUE,RANGE,ALL_EVENTS_V15,,,CURATED_CORPUS,FALSE
CEV-03909,COL-0084,EVT-0058,120,TRUE,RANGE,ALL_EVENTS_V15,,,CURATED_CORPUS,FALSE
CEV-03910,COL-0084,EVT-0593,121,TRUE,DAY,ALL_EVENTS_V15,,,CURATED_CORPUS,FALSE
CEV-03911,COL-0084,EVT-0609,122,TRUE,DAY,ALL_EVENTS_V15,,,CURATED_CORPUS,FALSE
CEV-03912,COL-0084,EVT-0610,123,TRUE,DAY,ALL_EVENTS_V15,,,CURATED_CORPUS,FALSE
CEV-03913,COL-0084,EVT-0051,124,TRUE,DAY,ALL_EVENTS_V15,,,CURATED_CORPUS,FALSE
CEV-03914,COL-0084,EVT-0594,125,TRUE,DAY,ALL_EVENTS_V15,,,CURATED_CORPUS,FALSE
CEV-03915,COL-0084,EVT-0404,126,TRUE,YEAR,ALL_EVENTS_V15,,,CURATED_CORPUS,FALSE
CEV-03916,COL-0084,EVT-0595,127,TRUE,DAY,ALL_EVENTS_V15,,,CURATED_CORPUS,FALSE
CEV-03917,COL-0084,EVT-0405,128,TRUE,YEAR,ALL_EVENTS_V15,,,CURATED_CORPUS,FALSE
CEV-03918,COL-0084,EVT-0059,129,TRUE,YEAR,ALL_EVENTS_V15,,,CURATED_CORPUS,FALSE
CEV-03919,COL-0084,EVT-0060,130,TRUE,YEAR,ALL_EVENTS_V15,,,CURATED_CORPUS,FALSE
CEV-03920,COL-0084,EVT-0611,131,TRUE,DAY,ALL_EVENTS_V15,,,CURATED_CORPUS,FALSE
CEV-03921,COL-0084,EVT-0596,132,TRUE,DAY,ALL_EVENTS_V15,,,CURATED_CORPUS,FALSE
CEV-03922,COL-0084,EVT-0597,133,TRUE,DAY,ALL_EVENTS_V15,,,CURATED_CORPUS,FALSE
CEV-03923,COL-0084,EVT-0598,134,TRUE,YEAR,ALL_EVENTS_V15,,,CURATED_CORPUS,FALSE
CEV-03924,COL-0084,EVT-0599,135,TRUE,DAY,ALL_EVENTS_V15,,,CURATED_CORPUS,FALSE
CEV-03925,COL-0084,EVT-0612,136,TRUE,DAY,ALL_EVENTS_V15,,,CURATED_CORPUS,FALSE
CEV-03926,COL-0084,EVT-0055,137,TRUE,RANGE,ALL_EVENTS_V15,,,CURATED_CORPUS,FALSE
CEV-03927,COL-0084,EVT-0406,138,TRUE,DAY,ALL_EVENTS_V15,,,CURATED_CORPUS,FALSE
CEV-03928,COL-0084,EVT-0580,139,TRUE,MONTH,ALL_EVENTS_V15,,,CURATED_CORPUS,FALSE
CEV-03929,COL-0084,EVT-0061,140,TRUE,RANGE,ALL_EVENTS_V15,,,CURATED_CORPUS,FALSE
CEV-03930,COL-0084,EVT-0407,141,TRUE,DAY,ALL_EVENTS_V15,,,CURATED_CORPUS,FALSE
CEV-03931,COL-0084,EVT-0408,142,TRUE,RANGE,ALL_EVENTS_V15,,,CURATED_CORPUS,FALSE
CEV-03932,COL-0084,EVT-0409,143,TRUE,DAY,ALL_EVENTS_V15,,,CURATED_CORPUS,FALSE
CEV-03933,COL-0084,EVT-0600,144,TRUE,MONTH,ALL_EVENTS_V15,,,CURATED_CORPUS,FALSE
CEV-03934,COL-0084,EVT-0601,145,TRUE,DAY,ALL_EVENTS_V15,,,CURATED_CORPUS,FALSE
CEV-03935,COL-0084,EVT-0602,146,TRUE,DAY,ALL_EVENTS_V15,,,CURATED_CORPUS,FALSE
CEV-03936,COL-0084,EVT-0410,147,TRUE,DAY,ALL_EVENTS_V15,,,CURATED_CORPUS,FALSE
CEV-03937,COL-0084,EVT-0411,148,TRUE,DAY,ALL_EVENTS_V15,,,CURATED_CORPUS,FALSE
CEV-03938,COL-0084,EVT-0412,149,TRUE,DAY,ALL_EVENTS_V15,,,CURATED_CORPUS,FALSE
CEV-03939,COL-0084,EVT-0413,150,TRUE,DAY,ALL_EVENTS_V15,,,CURATED_CORPUS,FALSE
CEV-03940,COL-0084,EVT-0062,151,TRUE,DAY,ALL_EVENTS_V15,,,CURATED_CORPUS,FALSE
CEV-03941,COL-0084,EVT-0056,152,TRUE,DAY,ALL_EVENTS_V15,,,CURATED_CORPUS,FALSE
CEV-03942,COL-0084,EVT-0414,153,TRUE,YEAR,ALL_EVENTS_V15,,,CURATED_CORPUS,FALSE
CEV-03943,COL-0084,EVT-0149,154,TRUE,RANGE,ALL_EVENTS_V15,,,CURATED_CORPUS,FALSE
CEV-03944,COL-0084,EVT-0415,155,TRUE,DAY,ALL_EVENTS_V15,,,CURATED_CORPUS,FALSE
CEV-03945,COL-0084,EVT-0416,156,TRUE,DAY,ALL_EVENTS_V15,,,CURATED_CORPUS,FALSE
CEV-03946,COL-0084,EVT-0603,157,TRUE,DAY,ALL_EVENTS_V15,,,CURATED_CORPUS,FALSE
CEV-03947,COL-0084,EVT-0417,158,TRUE,DAY,ALL_EVENTS_V15,,,CURATED_CORPUS,FALSE
CEV-03948,COL-0084,EVT-0063,159,TRUE,DAY,ALL_EVENTS_V15,,,CURATED_CORPUS,FALSE
CEV-03949,COL-0084,EVT-0418,160,TRUE,DAY,ALL_EVENTS_V15,,,CURATED_CORPUS,FALSE
CEV-03950,COL-0084,EVT-0419,161,TRUE,DAY,ALL_EVENTS_V15,,,CURATED_CORPUS,FALSE
CEV-03951,COL-0084,EVT-0638,162,TRUE,DAY,ALL_EVENTS_V15,,,CURATED_CORPUS,FALSE
CEV-03952,COL-0084,EVT-0639,163,TRUE,YEAR,ALL_EVENTS_V15,,,CURATED_CORPUS,FALSE
CEV-03953,COL-0084,EVT-0147,164,TRUE,RANGE,ALL_EVENTS_V15,,,CURATED_CORPUS,FALSE
CEV-03954,COL-0084,EVT-0146,165,TRUE,DAY,ALL_EVENTS_V15,,,CURATED_CORPUS,FALSE
CEV-03955,COL-0084,EVT-0640,166,TRUE,DAY,ALL_EVENTS_V15,,,CURATED_CORPUS,FALSE
CEV-03956,COL-0084,EVT-0148,167,TRUE,DAY,ALL_EVENTS_V15,,,CURATED_CORPUS,FALSE
CEV-03957,COL-0084,EVT-0641,168,TRUE,DAY,ALL_EVENTS_V15,,,CURATED_CORPUS,FALSE
CEV-03958,COL-0084,EVT-0328,169,TRUE,RANGE,ALL_EVENTS_V15,,,CURATED_CORPUS,FALSE
CEV-03959,COL-0084,EVT-0329,170,FALSE,NOT_AUTOMATIC,ALL_EVENTS_V15,,,CURATED_CORPUS,FALSE
CEV-03960,COL-0084,EVT-0064,171,TRUE,DAY,ALL_EVENTS_V15,,,CURATED_CORPUS,FALSE
CEV-03961,COL-0084,EVT-0069,172,TRUE,YEAR,ALL_EVENTS_V15,,,CURATED_CORPUS,FALSE
CEV-03962,COL-0084,EVT-0143,173,TRUE,RANGE,ALL_EVENTS_V15,,,CURATED_CORPUS,FALSE
CEV-03963,COL-0084,EVT-0613,174,TRUE,DAY,ALL_EVENTS_V15,,,CURATED_CORPUS,FALSE
CEV-03964,COL-0084,EVT-0614,175,TRUE,DAY,ALL_EVENTS_V15,,,CURATED_CORPUS,FALSE
CEV-03965,COL-0084,EVT-0070,176,TRUE,DAY,ALL_EVENTS_V15,,,CURATED_CORPUS,FALSE
CEV-03966,COL-0084,EVT-0642,177,TRUE,YEAR,ALL_EVENTS_V15,,,CURATED_CORPUS,FALSE
CEV-03967,COL-0084,EVT-0643,178,TRUE,DAY,ALL_EVENTS_V15,,,CURATED_CORPUS,FALSE
CEV-03968,COL-0084,EVT-0644,179,TRUE,DAY,ALL_EVENTS_V15,,,CURATED_CORPUS,FALSE
CEV-03969,COL-0084,EVT-0645,180,TRUE,DAY,ALL_EVENTS_V15,,,CURATED_CORPUS,FALSE
CEV-03970,COL-0084,EVT-0615,181,TRUE,DAY,ALL_EVENTS_V15,,,CURATED_CORPUS,FALSE
CEV-03971,COL-0084,EVT-0646,182,TRUE,YEAR,ALL_EVENTS_V15,,,CURATED_CORPUS,FALSE
CEV-03972,COL-0084,EVT-0151,183,TRUE,DAY,ALL_EVENTS_V15,,,CURATED_CORPUS,FALSE
CEV-03973,COL-0084,EVT-0420,184,TRUE,YEAR,ALL_EVENTS_V15,,,CURATED_CORPUS,FALSE
CEV-03974,COL-0084,EVT-0072,185,TRUE,RANGE,ALL_EVENTS_V15,,,CURATED_CORPUS,FALSE
CEV-03975,COL-0084,EVT-0144,186,TRUE,RANGE,ALL_EVENTS_V15,,,CURATED_CORPUS,FALSE
CEV-03976,COL-0084,EVT-0421,187,TRUE,DAY,ALL_EVENTS_V15,,,CURATED_CORPUS,FALSE
CEV-03977,COL-0084,EVT-0616,188,TRUE,DAY,ALL_EVENTS_V15,,,CURATED_CORPUS,FALSE
CEV-03978,COL-0084,EVT-0073,189,TRUE,RANGE,ALL_EVENTS_V15,,,CURATED_CORPUS,FALSE
CEV-03979,COL-0084,EVT-0617,190,TRUE,DAY,ALL_EVENTS_V15,,,CURATED_CORPUS,FALSE
CEV-03980,COL-0084,EVT-0647,191,TRUE,DAY,ALL_EVENTS_V15,,,CURATED_CORPUS,FALSE
CEV-03981,COL-0084,EVT-0618,192,TRUE,DAY,ALL_EVENTS_V15,,,CURATED_CORPUS,FALSE
CEV-03982,COL-0084,EVT-0422,193,TRUE,DAY,ALL_EVENTS_V15,,,CURATED_CORPUS,FALSE
CEV-03983,COL-0084,EVT-0648,194,TRUE,DAY,ALL_EVENTS_V15,,,CURATED_CORPUS,FALSE
CEV-03984,COL-0084,EVT-0649,195,TRUE,DAY,ALL_EVENTS_V15,,,CURATED_CORPUS,FALSE
CEV-03985,COL-0084,EVT-0619,196,TRUE,DAY,ALL_EVENTS_V15,,,CURATED_CORPUS,FALSE
CEV-03986,COL-0084,EVT-0330,197,TRUE,RANGE,ALL_EVENTS_V15,,,CURATED_CORPUS,FALSE
CEV-03987,COL-0084,EVT-0065,198,TRUE,DAY,ALL_EVENTS_V15,,,CURATED_CORPUS,FALSE
CEV-03988,COL-0084,EVT-0650,199,TRUE,DAY,ALL_EVENTS_V15,,,CURATED_CORPUS,FALSE
CEV-03989,COL-0084,EVT-0651,200,TRUE,DAY,ALL_EVENTS_V15,,,CURATED_CORPUS,FALSE
CEV-03990,COL-0084,EVT-0423,201,TRUE,DAY,ALL_EVENTS_V15,,,CURATED_CORPUS,FALSE
CEV-03991,COL-0084,EVT-0620,202,TRUE,DAY,ALL_EVENTS_V15,,,CURATED_CORPUS,FALSE
CEV-03992,COL-0084,EVT-0652,203,TRUE,YEAR,ALL_EVENTS_V15,,,CURATED_CORPUS,FALSE
CEV-03993,COL-0084,EVT-0653,204,TRUE,DAY,ALL_EVENTS_V15,,,CURATED_CORPUS,FALSE
CEV-03994,COL-0084,EVT-0424,205,TRUE,DAY,ALL_EVENTS_V15,,,CURATED_CORPUS,FALSE
CEV-03995,COL-0084,EVT-0621,206,TRUE,DAY,ALL_EVENTS_V15,,,CURATED_CORPUS,FALSE
CEV-03996,COL-0084,EVT-0654,207,TRUE,YEAR,ALL_EVENTS_V15,,,CURATED_CORPUS,FALSE
CEV-03997,COL-0084,EVT-0622,208,TRUE,DAY,ALL_EVENTS_V15,,,CURATED_CORPUS,FALSE
CEV-03998,COL-0084,EVT-0162,209,TRUE,MONTH,ALL_EVENTS_V15,,,CURATED_CORPUS,FALSE
CEV-03999,COL-0084,EVT-0426,210,TRUE,RANGE,ALL_EVENTS_V15,,,CURATED_CORPUS,FALSE
CEV-04000,COL-0084,EVT-0623,211,TRUE,DAY,ALL_EVENTS_V15,,,CURATED_CORPUS,FALSE
CEV-04001,COL-0084,EVT-0425,212,TRUE,DAY,ALL_EVENTS_V15,,,CURATED_CORPUS,FALSE
CEV-04002,COL-0084,EVT-0624,213,TRUE,YEAR,ALL_EVENTS_V15,,,CURATED_CORPUS,FALSE
CEV-04003,COL-0084,EVT-0655,214,TRUE,DAY,ALL_EVENTS_V15,,,CURATED_CORPUS,FALSE
CEV-04004,COL-0084,EVT-0656,215,TRUE,YEAR,ALL_EVENTS_V15,,,CURATED_CORPUS,FALSE
CEV-04005,COL-0084,EVT-0163,216,TRUE,DAY,ALL_EVENTS_V15,,,CURATED_CORPUS,FALSE
CEV-04006,COL-0084,EVT-0625,217,TRUE,DAY,ALL_EVENTS_V15,,,CURATED_CORPUS,FALSE
CEV-04007,COL-0084,EVT-0167,218,TRUE,YEAR,ALL_EVENTS_V15,,,CURATED_CORPUS,FALSE
CEV-04008,COL-0084,EVT-0427,219,TRUE,DAY,ALL_EVENTS_V15,,,CURATED_CORPUS,FALSE
CEV-04009,COL-0084,EVT-0067,220,TRUE,RANGE,ALL_EVENTS_V15,,,CURATED_CORPUS,FALSE
CEV-04010,COL-0084,EVT-0074,221,TRUE,RANGE,ALL_EVENTS_V15,,,CURATED_CORPUS,FALSE
CEV-04011,COL-0084,EVT-0295,222,TRUE,DAY,ALL_EVENTS_V15,,,CURATED_CORPUS,FALSE
CEV-04012,COL-0084,EVT-0428,223,TRUE,DAY,ALL_EVENTS_V15,,,CURATED_CORPUS,FALSE
CEV-04013,COL-0084,EVT-0657,224,TRUE,YEAR,ALL_EVENTS_V15,,,CURATED_CORPUS,FALSE
CEV-04014,COL-0084,EVT-0658,225,TRUE,DAY,ALL_EVENTS_V15,,,CURATED_CORPUS,FALSE
CEV-04015,COL-0084,EVT-0659,226,TRUE,DAY,ALL_EVENTS_V15,,,CURATED_CORPUS,FALSE
CEV-04016,COL-0084,EVT-0066,227,TRUE,RANGE,ALL_EVENTS_V15,,,CURATED_CORPUS,FALSE
CEV-04017,COL-0084,EVT-0075,228,TRUE,DAY,ALL_EVENTS_V15,,,CURATED_CORPUS,FALSE
CEV-04018,COL-0084,EVT-0152,229,TRUE,MONTH,ALL_EVENTS_V15,,,CURATED_CORPUS,FALSE
CEV-04019,COL-0084,EVT-0153,230,TRUE,DAY,ALL_EVENTS_V15,,,CURATED_CORPUS,FALSE
CEV-04020,COL-0084,EVT-0660,231,TRUE,YEAR,ALL_EVENTS_V15,,,CURATED_CORPUS,FALSE
CEV-04021,COL-0084,EVT-0661,232,TRUE,YEAR,ALL_EVENTS_V15,,,CURATED_CORPUS,FALSE
CEV-04022,COL-0084,EVT-0626,233,TRUE,DAY,ALL_EVENTS_V15,,,CURATED_CORPUS,FALSE
CEV-04023,COL-0084,EVT-0367,234,TRUE,MONTH,ALL_EVENTS_V15,,,CURATED_CORPUS,FALSE
CEV-04024,COL-0084,EVT-0346,235,FALSE,NOT_AUTOMATIC,ALL_EVENTS_V15,,,CURATED_CORPUS,FALSE
CEV-04025,COL-0084,EVT-0662,236,TRUE,YEAR,ALL_EVENTS_V15,,,CURATED_CORPUS,FALSE
CEV-04026,COL-0084,EVT-0156,237,TRUE,DAY,ALL_EVENTS_V15,,,CURATED_CORPUS,FALSE
CEV-04027,COL-0084,EVT-0154,238,TRUE,DAY,ALL_EVENTS_V15,,,CURATED_CORPUS,FALSE
CEV-04028,COL-0084,EVT-0333,239,TRUE,MONTH,ALL_EVENTS_V15,,,CURATED_CORPUS,FALSE
CEV-04029,COL-0084,EVT-0076,240,TRUE,DAY,ALL_EVENTS_V15,,,CURATED_CORPUS,FALSE
CEV-04030,COL-0084,EVT-0429,241,TRUE,RANGE,ALL_EVENTS_V15,,,CURATED_CORPUS,FALSE
CEV-04031,COL-0084,EVT-0157,242,TRUE,DAY,ALL_EVENTS_V15,,,CURATED_CORPUS,FALSE
CEV-04032,COL-0084,EVT-0663,243,TRUE,DAY,ALL_EVENTS_V15,,,CURATED_CORPUS,FALSE
CEV-04033,COL-0084,EVT-0664,244,TRUE,DAY,ALL_EVENTS_V15,,,CURATED_CORPUS,FALSE
CEV-04034,COL-0084,EVT-0665,245,TRUE,DAY,ALL_EVENTS_V15,,,CURATED_CORPUS,FALSE
CEV-04035,COL-0084,EVT-0430,246,TRUE,DAY,ALL_EVENTS_V15,,,CURATED_CORPUS,FALSE
CEV-04036,COL-0084,EVT-0627,247,TRUE,DAY,ALL_EVENTS_V15,,,CURATED_CORPUS,FALSE
CEV-04037,COL-0084,EVT-0164,248,TRUE,YEAR,ALL_EVENTS_V15,,,CURATED_CORPUS,FALSE
CEV-04038,COL-0084,EVT-0666,249,TRUE,DAY,ALL_EVENTS_V15,,,CURATED_CORPUS,FALSE
CEV-04039,COL-0084,EVT-0077,250,TRUE,DAY,ALL_EVENTS_V15,,,CURATED_CORPUS,FALSE
CEV-04040,COL-0084,EVT-0667,251,TRUE,DAY,ALL_EVENTS_V15,,,CURATED_CORPUS,FALSE
CEV-04041,COL-0084,EVT-0158,252,TRUE,RANGE,ALL_EVENTS_V15,,,CURATED_CORPUS,FALSE
CEV-04042,COL-0084,EVT-0159,253,TRUE,YEAR,ALL_EVENTS_V15,,,CURATED_CORPUS,FALSE
CEV-04043,COL-0084,EVT-0160,254,TRUE,YEAR,ALL_EVENTS_V15,,,CURATED_CORPUS,FALSE
CEV-04044,COL-0084,EVT-0668,255,TRUE,YEAR,ALL_EVENTS_V15,,,CURATED_CORPUS,FALSE
CEV-04045,COL-0084,EVT-0669,256,TRUE,DAY,ALL_EVENTS_V15,,,CURATED_CORPUS,FALSE
CEV-04046,COL-0084,EVT-0670,257,TRUE,YEAR,ALL_EVENTS_V15,,,CURATED_CORPUS,FALSE
CEV-04047,COL-0084,EVT-0166,258,TRUE,RANGE,ALL_EVENTS_V15,,,CURATED_CORPUS,FALSE
CEV-04048,COL-0084,EVT-0671,259,TRUE,MONTH,ALL_EVENTS_V15,,,CURATED_CORPUS,FALSE
CEV-04049,COL-0084,EVT-0628,260,TRUE,DAY,ALL_EVENTS_V15,,,CURATED_CORPUS,FALSE
CEV-04050,COL-0084,EVT-0431,261,TRUE,RANGE,ALL_EVENTS_V15,,,CURATED_CORPUS,FALSE
CEV-04051,COL-0084,EVT-0165,262,TRUE,YEAR,ALL_EVENTS_V15,,,CURATED_CORPUS,FALSE
CEV-04052,COL-0084,EVT-0672,263,TRUE,DAY,ALL_EVENTS_V15,,,CURATED_CORPUS,FALSE
CEV-04053,COL-0084,EVT-0432,264,TRUE,YEAR,ALL_EVENTS_V15,,,CURATED_CORPUS,FALSE
CEV-04054,COL-0084,EVT-0629,265,TRUE,DAY,ALL_EVENTS_V15,,,CURATED_CORPUS,FALSE
CEV-04055,COL-0084,EVT-0673,266,TRUE,YEAR,ALL_EVENTS_V15,,,CURATED_CORPUS,FALSE
CEV-04056,COL-0084,EVT-0674,267,TRUE,DAY,ALL_EVENTS_V15,,,CURATED_CORPUS,FALSE
CEV-04057,COL-0084,EVT-0630,268,TRUE,DAY,ALL_EVENTS_V15,,,CURATED_CORPUS,FALSE
CEV-04058,COL-0084,EVT-0675,269,TRUE,DAY,ALL_EVENTS_V15,,,CURATED_CORPUS,FALSE
CEV-04059,COL-0084,EVT-0433,270,TRUE,DAY,ALL_EVENTS_V15,,,CURATED_CORPUS,FALSE
CEV-04060,COL-0084,EVT-0676,271,TRUE,DAY,ALL_EVENTS_V15,,,CURATED_CORPUS,FALSE
CEV-04061,COL-0084,EVT-0631,272,TRUE,DAY,ALL_EVENTS_V15,,,CURATED_CORPUS,FALSE
CEV-04062,COL-0084,EVT-0632,273,TRUE,YEAR,ALL_EVENTS_V15,,,CURATED_CORPUS,FALSE
CEV-04063,COL-0084,EVT-0434,274,TRUE,DAY,ALL_EVENTS_V15,,,CURATED_CORPUS,FALSE
CEV-04064,COL-0084,EVT-0435,275,TRUE,DAY,ALL_EVENTS_V15,,,CURATED_CORPUS,FALSE
CEV-04065,COL-0084,EVT-0347,276,FALSE,NOT_AUTOMATIC,ALL_EVENTS_V15,,,CURATED_CORPUS,FALSE
CEV-04066,COL-0084,EVT-0677,277,TRUE,DAY,ALL_EVENTS_V15,,,CURATED_CORPUS,FALSE
CEV-04067,COL-0084,EVT-0436,278,TRUE,DAY,ALL_EVENTS_V15,,,CURATED_CORPUS,FALSE
CEV-04068,COL-0084,EVT-0437,279,TRUE,DAY,ALL_EVENTS_V15,,,CURATED_CORPUS,FALSE
CEV-04069,COL-0084,EVT-0633,280,TRUE,DAY,ALL_EVENTS_V15,,,CURATED_CORPUS,FALSE
CEV-04070,COL-0084,EVT-0438,281,TRUE,DAY,ALL_EVENTS_V15,,,CURATED_CORPUS,FALSE
CEV-04071,COL-0084,EVT-0678,282,TRUE,DAY,ALL_EVENTS_V15,,,CURATED_CORPUS,FALSE
CEV-04072,COL-0084,EVT-0161,283,TRUE,DAY,ALL_EVENTS_V15,,,CURATED_CORPUS,FALSE
CEV-04073,COL-0084,EVT-0634,284,TRUE,DAY,ALL_EVENTS_V15,,,CURATED_CORPUS,FALSE
CEV-04074,COL-0084,EVT-0334,285,TRUE,DAY,ALL_EVENTS_V15,,,CURATED_CORPUS,FALSE
CEV-04075,COL-0084,EVT-0348,286,TRUE,RANGE,ALL_EVENTS_V15,,,CURATED_CORPUS,FALSE
CEV-04076,COL-0084,EVT-0173,287,TRUE,DAY,ALL_EVENTS_V15,,,CURATED_CORPUS,FALSE
CEV-04077,COL-0084,EVT-0174,288,TRUE,RANGE,ALL_EVENTS_V15,,,CURATED_CORPUS,FALSE
CEV-04078,COL-0084,EVT-0175,289,TRUE,DAY,ALL_EVENTS_V15,,,CURATED_CORPUS,FALSE
CEV-04079,COL-0084,EVT-0337,290,TRUE,RANGE,ALL_EVENTS_V15,,,CURATED_CORPUS,FALSE
CEV-04080,COL-0084,EVT-0439,291,TRUE,DAY,ALL_EVENTS_V15,,,CURATED_CORPUS,FALSE
CEV-04081,COL-0084,EVT-0635,292,TRUE,DAY,ALL_EVENTS_V15,,,CURATED_CORPUS,FALSE
CEV-04082,COL-0084,EVT-0441,293,TRUE,DAY,ALL_EVENTS_V15,,,CURATED_CORPUS,FALSE
CEV-04083,COL-0084,EVT-0440,294,TRUE,DAY,ALL_EVENTS_V15,,,CURATED_CORPUS,FALSE
CEV-04084,COL-0084,EVT-0442,295,TRUE,DAY,ALL_EVENTS_V15,,,CURATED_CORPUS,FALSE
CEV-04085,COL-0084,EVT-0176,296,TRUE,DAY,ALL_EVENTS_V15,,,CURATED_CORPUS,FALSE
CEV-04086,COL-0084,EVT-0177,297,TRUE,DAY,ALL_EVENTS_V15,,,CURATED_CORPUS,FALSE
CEV-04087,COL-0084,EVT-0178,298,TRUE,RANGE,ALL_EVENTS_V15,,,CURATED_CORPUS,FALSE
CEV-04088,COL-0084,EVT-0179,299,TRUE,DAY,ALL_EVENTS_V15,,,CURATED_CORPUS,FALSE
CEV-04089,COL-0084,EVT-0171,300,TRUE,DAY,ALL_EVENTS_V15,,,CURATED_CORPUS,FALSE
CEV-04090,COL-0084,EVT-0679,301,TRUE,DAY,ALL_EVENTS_V15,,,CURATED_CORPUS,FALSE
CEV-04091,COL-0084,EVT-0443,302,TRUE,DAY,ALL_EVENTS_V15,,,CURATED_CORPUS,FALSE
CEV-04092,COL-0084,EVT-0172,303,TRUE,DAY,ALL_EVENTS_V15,,,CURATED_CORPUS,FALSE
CEV-04093,COL-0084,EVT-0078,304,TRUE,DAY,ALL_EVENTS_V15,,,CURATED_CORPUS,FALSE
CEV-04094,COL-0084,EVT-0444,305,TRUE,DAY,ALL_EVENTS_V15,,,CURATED_CORPUS,FALSE
CEV-04095,COL-0084,EVT-0445,306,TRUE,DAY,ALL_EVENTS_V15,,,CURATED_CORPUS,FALSE
CEV-04096,COL-0084,EVT-0636,307,TRUE,DAY,ALL_EVENTS_V15,,,CURATED_CORPUS,FALSE
CEV-04097,COL-0084,EVT-0680,308,TRUE,DAY,ALL_EVENTS_V15,,,CURATED_CORPUS,FALSE
CEV-04098,COL-0084,EVT-0637,309,TRUE,DAY,ALL_EVENTS_V15,,,CURATED_CORPUS,FALSE
CEV-04099,COL-0084,EVT-0349,310,FALSE,NOT_AUTOMATIC,ALL_EVENTS_V15,,,CURATED_CORPUS,FALSE
CEV-04100,COL-0084,EVT-0446,311,TRUE,DAY,ALL_EVENTS_V15,,,CURATED_CORPUS,FALSE
CEV-04101,COL-0084,EVT-0728,312,TRUE,DAY,ALL_EVENTS_V15,,,CURATED_CORPUS,FALSE
CEV-04102,COL-0084,EVT-0729,313,TRUE,DAY,ALL_EVENTS_V15,,,CURATED_CORPUS,FALSE
CEV-04103,COL-0084,EVT-0079,314,TRUE,DAY,ALL_EVENTS_V15,,,CURATED_CORPUS,FALSE
CEV-04104,COL-0084,EVT-0681,315,TRUE,DAY,ALL_EVENTS_V15,,,CURATED_CORPUS,FALSE
CEV-04105,COL-0084,EVT-0447,316,TRUE,DAY,ALL_EVENTS_V15,,,CURATED_CORPUS,FALSE
CEV-04106,COL-0084,EVT-0180,317,TRUE,DAY,ALL_EVENTS_V15,,,CURATED_CORPUS,FALSE
CEV-04107,COL-0084,EVT-0682,318,TRUE,DAY,ALL_EVENTS_V15,,,CURATED_CORPUS,FALSE
CEV-04108,COL-0084,EVT-0683,319,TRUE,DAY,ALL_EVENTS_V15,,,CURATED_CORPUS,FALSE
CEV-04109,COL-0084,EVT-0730,320,TRUE,DAY,ALL_EVENTS_V15,,,CURATED_CORPUS,FALSE
CEV-04110,COL-0084,EVT-0684,321,TRUE,DAY,ALL_EVENTS_V15,,,CURATED_CORPUS,FALSE
CEV-04111,COL-0084,EVT-0731,322,TRUE,DAY,ALL_EVENTS_V15,,,CURATED_CORPUS,FALSE
CEV-04112,COL-0084,EVT-0685,323,TRUE,DAY,ALL_EVENTS_V15,,,CURATED_CORPUS,FALSE
CEV-04113,COL-0084,EVT-0732,324,TRUE,DAY,ALL_EVENTS_V15,,,CURATED_CORPUS,FALSE
CEV-04114,COL-0084,EVT-0686,325,TRUE,DAY,ALL_EVENTS_V15,,,CURATED_CORPUS,FALSE
CEV-04115,COL-0084,EVT-0687,326,TRUE,DAY,ALL_EVENTS_V15,,,CURATED_CORPUS,FALSE
CEV-04116,COL-0084,EVT-0181,327,TRUE,RANGE,ALL_EVENTS_V15,,,CURATED_CORPUS,FALSE
CEV-04117,COL-0084,EVT-0182,328,TRUE,DAY,ALL_EVENTS_V15,,,CURATED_CORPUS,FALSE
CEV-04118,COL-0084,EVT-0448,329,TRUE,DAY,ALL_EVENTS_V15,,,CURATED_CORPUS,FALSE
CEV-04119,COL-0084,EVT-0733,330,TRUE,DAY,ALL_EVENTS_V15,,,CURATED_CORPUS,FALSE
CEV-04120,COL-0084,EVT-0734,331,TRUE,DAY,ALL_EVENTS_V15,,,CURATED_CORPUS,FALSE
CEV-04121,COL-0084,EVT-0262,332,TRUE,YEAR,ALL_EVENTS_V15,,,CURATED_CORPUS,FALSE
CEV-04122,COL-0084,EVT-0735,333,TRUE,DAY,ALL_EVENTS_V15,,,CURATED_CORPUS,FALSE
CEV-04123,COL-0084,EVT-0010,334,TRUE,RANGE,ALL_EVENTS_V15,,,CURATED_CORPUS,FALSE
CEV-04124,COL-0084,EVT-0736,335,TRUE,DAY,ALL_EVENTS_V15,,,CURATED_CORPUS,FALSE
CEV-04125,COL-0084,EVT-0449,336,TRUE,DAY,ALL_EVENTS_V15,,,CURATED_CORPUS,FALSE
CEV-04126,COL-0084,EVT-0737,337,TRUE,DAY,ALL_EVENTS_V15,,,CURATED_CORPUS,FALSE
CEV-04127,COL-0084,EVT-0183,338,TRUE,MONTH,ALL_EVENTS_V15,,,CURATED_CORPUS,FALSE
CEV-04128,COL-0084,EVT-0688,339,TRUE,DAY,ALL_EVENTS_V15,,,CURATED_CORPUS,FALSE
CEV-04129,COL-0084,EVT-0689,340,TRUE,DAY,ALL_EVENTS_V15,,,CURATED_CORPUS,FALSE
CEV-04130,COL-0084,EVT-0690,341,TRUE,DAY,ALL_EVENTS_V15,,,CURATED_CORPUS,FALSE
CEV-04131,COL-0084,EVT-0691,342,TRUE,DAY,ALL_EVENTS_V15,,,CURATED_CORPUS,FALSE
CEV-04132,COL-0084,EVT-0692,343,FALSE,NOT_AUTOMATIC,ALL_EVENTS_V15,,,CURATED_CORPUS,FALSE
CEV-04133,COL-0084,EVT-0738,344,TRUE,DAY,ALL_EVENTS_V15,,,CURATED_CORPUS,FALSE
CEV-04134,COL-0084,EVT-0739,345,TRUE,DAY,ALL_EVENTS_V15,,,CURATED_CORPUS,FALSE
CEV-04135,COL-0084,EVT-0184,346,TRUE,RANGE,ALL_EVENTS_V15,,,CURATED_CORPUS,FALSE
CEV-04136,COL-0084,EVT-0451,347,TRUE,DAY,ALL_EVENTS_V15,,,CURATED_CORPUS,FALSE
CEV-04137,COL-0084,EVT-0452,348,TRUE,DAY,ALL_EVENTS_V15,,,CURATED_CORPUS,FALSE
CEV-04138,COL-0084,EVT-0453,349,TRUE,RANGE,ALL_EVENTS_V15,,,CURATED_CORPUS,FALSE
CEV-04139,COL-0084,EVT-0740,350,TRUE,DAY,ALL_EVENTS_V15,,,CURATED_CORPUS,FALSE
CEV-04140,COL-0084,EVT-0454,351,TRUE,DAY,ALL_EVENTS_V15,,,CURATED_CORPUS,FALSE
CEV-04141,COL-0084,EVT-0450,352,TRUE,DAY,ALL_EVENTS_V15,,,CURATED_CORPUS,FALSE
CEV-04142,COL-0084,EVT-0455,353,TRUE,DAY,ALL_EVENTS_V15,,,CURATED_CORPUS,FALSE
CEV-04143,COL-0084,EVT-0548,354,TRUE,DAY,ALL_EVENTS_V15,,,CURATED_CORPUS,FALSE
CEV-04144,COL-0084,EVT-0263,355,TRUE,YEAR,ALL_EVENTS_V15,,,CURATED_CORPUS,FALSE
CEV-04145,COL-0084,EVT-0283,356,TRUE,YEAR,ALL_EVENTS_V15,,,CURATED_CORPUS,FALSE
CEV-04146,COL-0084,EVT-0741,357,TRUE,DAY,ALL_EVENTS_V15,,,CURATED_CORPUS,FALSE
CEV-04147,COL-0084,EVT-0693,358,TRUE,DAY,ALL_EVENTS_V15,,,CURATED_CORPUS,FALSE
CEV-04148,COL-0084,EVT-0694,359,TRUE,DAY,ALL_EVENTS_V15,,,CURATED_CORPUS,FALSE
CEV-04149,COL-0084,EVT-0264,360,TRUE,YEAR,ALL_EVENTS_V15,,,CURATED_CORPUS,FALSE
CEV-04150,COL-0084,EVT-0742,361,TRUE,DAY,ALL_EVENTS_V15,,,CURATED_CORPUS,FALSE
CEV-04151,COL-0084,EVT-0743,362,TRUE,DAY,ALL_EVENTS_V15,,,CURATED_CORPUS,FALSE
CEV-04152,COL-0084,EVT-0695,363,TRUE,DAY,ALL_EVENTS_V15,,,CURATED_CORPUS,FALSE
CEV-04153,COL-0084,EVT-0456,364,TRUE,DAY,ALL_EVENTS_V15,,,CURATED_CORPUS,FALSE
CEV-04154,COL-0084,EVT-0457,365,TRUE,RANGE,ALL_EVENTS_V15,,,CURATED_CORPUS,FALSE
CEV-04155,COL-0084,EVT-0744,366,TRUE,DAY,ALL_EVENTS_V15,,,CURATED_CORPUS,FALSE
CEV-04156,COL-0084,EVT-0696,367,TRUE,DAY,ALL_EVENTS_V15,,,CURATED_CORPUS,FALSE
CEV-04157,COL-0084,EVT-0745,368,TRUE,DAY,ALL_EVENTS_V15,,,CURATED_CORPUS,FALSE
CEV-04158,COL-0084,EVT-0350,369,TRUE,YEAR,ALL_EVENTS_V15,,,CURATED_CORPUS,FALSE
CEV-04159,COL-0084,EVT-0697,370,TRUE,DAY,ALL_EVENTS_V15,,,CURATED_CORPUS,FALSE
CEV-04160,COL-0084,EVT-0185,371,TRUE,RANGE,ALL_EVENTS_V15,,,CURATED_CORPUS,FALSE
CEV-04161,COL-0084,EVT-0186,372,TRUE,DAY,ALL_EVENTS_V15,,,CURATED_CORPUS,FALSE
CEV-04162,COL-0084,EVT-0187,373,TRUE,DAY,ALL_EVENTS_V15,,,CURATED_CORPUS,FALSE
CEV-04163,COL-0084,EVT-0188,374,TRUE,DAY,ALL_EVENTS_V15,,,CURATED_CORPUS,FALSE
CEV-04164,COL-0084,EVT-0458,375,TRUE,RANGE,ALL_EVENTS_V15,,,CURATED_CORPUS,FALSE
CEV-04165,COL-0084,EVT-0698,376,TRUE,DAY,ALL_EVENTS_V15,,,CURATED_CORPUS,FALSE
CEV-04166,COL-0084,EVT-0189,377,TRUE,DAY,ALL_EVENTS_V15,,,CURATED_CORPUS,FALSE
CEV-04167,COL-0084,EVT-0190,378,TRUE,DAY,ALL_EVENTS_V15,,,CURATED_CORPUS,FALSE
CEV-04168,COL-0084,EVT-0191,379,TRUE,DAY,ALL_EVENTS_V15,,,CURATED_CORPUS,FALSE
CEV-04169,COL-0084,EVT-0746,380,TRUE,DAY,ALL_EVENTS_V15,,,CURATED_CORPUS,FALSE
CEV-04170,COL-0084,EVT-0194,381,TRUE,RANGE,ALL_EVENTS_V15,,,CURATED_CORPUS,FALSE
CEV-04171,COL-0084,EVT-0747,382,TRUE,DAY,ALL_EVENTS_V15,,,CURATED_CORPUS,FALSE
CEV-04172,COL-0084,EVT-0459,383,TRUE,DAY,ALL_EVENTS_V15,,,CURATED_CORPUS,FALSE
CEV-04173,COL-0084,EVT-0195,384,TRUE,YEAR,ALL_EVENTS_V15,,,CURATED_CORPUS,FALSE
CEV-04174,COL-0084,EVT-0460,385,TRUE,DAY,ALL_EVENTS_V15,,,CURATED_CORPUS,FALSE
CEV-04175,COL-0084,EVT-0192,386,TRUE,RANGE,ALL_EVENTS_V15,,,CURATED_CORPUS,FALSE
CEV-04176,COL-0084,EVT-0193,387,TRUE,DAY,ALL_EVENTS_V15,,,CURATED_CORPUS,FALSE
CEV-04177,COL-0084,EVT-0699,388,TRUE,DAY,ALL_EVENTS_V15,,,CURATED_CORPUS,FALSE
CEV-04178,COL-0084,EVT-0461,389,TRUE,RANGE,ALL_EVENTS_V15,,,CURATED_CORPUS,FALSE
CEV-04179,COL-0084,EVT-0748,390,TRUE,DAY,ALL_EVENTS_V15,,,CURATED_CORPUS,FALSE
CEV-04180,COL-0084,EVT-0462,391,TRUE,DAY,ALL_EVENTS_V15,,,CURATED_CORPUS,FALSE
CEV-04181,COL-0084,EVT-0463,392,TRUE,DAY,ALL_EVENTS_V15,,,CURATED_CORPUS,FALSE
CEV-04182,COL-0084,EVT-0464,393,TRUE,DAY,ALL_EVENTS_V15,,,CURATED_CORPUS,FALSE
CEV-04183,COL-0084,EVT-0749,394,TRUE,DAY,ALL_EVENTS_V15,,,CURATED_CORPUS,FALSE
CEV-04184,COL-0084,EVT-0750,395,TRUE,DAY,ALL_EVENTS_V15,,,CURATED_CORPUS,FALSE
CEV-04185,COL-0084,EVT-0700,396,TRUE,DAY,ALL_EVENTS_V15,,,CURATED_CORPUS,FALSE
CEV-04186,COL-0084,EVT-0198,397,TRUE,YEAR,ALL_EVENTS_V15,,,CURATED_CORPUS,FALSE
CEV-04187,COL-0084,EVT-0197,398,TRUE,DAY,ALL_EVENTS_V15,,,CURATED_CORPUS,FALSE
CEV-04188,COL-0084,EVT-0751,399,TRUE,DAY,ALL_EVENTS_V15,,,CURATED_CORPUS,FALSE
CEV-04189,COL-0084,EVT-0701,400,TRUE,DAY,ALL_EVENTS_V15,,,CURATED_CORPUS,FALSE
CEV-04190,COL-0084,EVT-0465,401,TRUE,DAY,ALL_EVENTS_V15,,,CURATED_CORPUS,FALSE
CEV-04191,COL-0084,EVT-0466,402,TRUE,RANGE,ALL_EVENTS_V15,,,CURATED_CORPUS,FALSE
CEV-04192,COL-0084,EVT-0086,403,TRUE,DAY,ALL_EVENTS_V15,,,CURATED_CORPUS,FALSE
CEV-04193,COL-0084,EVT-0702,404,TRUE,MONTH,ALL_EVENTS_V15,,,CURATED_CORPUS,FALSE
CEV-04194,COL-0084,EVT-0752,405,TRUE,DAY,ALL_EVENTS_V15,,,CURATED_CORPUS,FALSE
CEV-04195,COL-0084,EVT-0467,406,TRUE,DAY,ALL_EVENTS_V15,,,CURATED_CORPUS,FALSE
CEV-04196,COL-0084,EVT-0703,407,TRUE,DAY,ALL_EVENTS_V15,,,CURATED_CORPUS,FALSE
CEV-04197,COL-0084,EVT-0468,408,TRUE,RANGE,ALL_EVENTS_V15,,,CURATED_CORPUS,FALSE
CEV-04198,COL-0084,EVT-0196,409,TRUE,DAY,ALL_EVENTS_V15,,,CURATED_CORPUS,FALSE
CEV-04199,COL-0084,EVT-0470,410,TRUE,DAY,ALL_EVENTS_V15,,,CURATED_CORPUS,FALSE
CEV-04200,COL-0084,EVT-0469,411,TRUE,DAY,ALL_EVENTS_V15,,,CURATED_CORPUS,FALSE
CEV-04201,COL-0084,EVT-0704,412,TRUE,YEAR,ALL_EVENTS_V15,,,CURATED_CORPUS,FALSE
CEV-04202,COL-0084,EVT-0705,413,TRUE,DAY,ALL_EVENTS_V15,,,CURATED_CORPUS,FALSE
CEV-04203,COL-0084,EVT-0706,414,TRUE,DAY,ALL_EVENTS_V15,,,CURATED_CORPUS,FALSE
CEV-04204,COL-0084,EVT-0753,415,TRUE,DAY,ALL_EVENTS_V15,,,CURATED_CORPUS,FALSE
CEV-04205,COL-0084,EVT-0707,416,TRUE,DAY,ALL_EVENTS_V15,,,CURATED_CORPUS,FALSE
CEV-04206,COL-0084,EVT-0754,417,TRUE,DAY,ALL_EVENTS_V15,,,CURATED_CORPUS,FALSE
CEV-04207,COL-0084,EVT-0708,418,TRUE,DAY,ALL_EVENTS_V15,,,CURATED_CORPUS,FALSE
CEV-04208,COL-0084,EVT-0709,419,TRUE,DAY,ALL_EVENTS_V15,,,CURATED_CORPUS,FALSE
CEV-04209,COL-0084,EVT-0710,420,TRUE,DAY,ALL_EVENTS_V15,,,CURATED_CORPUS,FALSE
CEV-04210,COL-0084,EVT-0711,421,TRUE,DAY,ALL_EVENTS_V15,,,CURATED_CORPUS,FALSE
CEV-04211,COL-0084,EVT-0471,422,TRUE,DAY,ALL_EVENTS_V15,,,CURATED_CORPUS,FALSE
CEV-04212,COL-0084,EVT-0351,423,TRUE,RANGE,ALL_EVENTS_V15,,,CURATED_CORPUS,FALSE
CEV-04213,COL-0084,EVT-0352,424,TRUE,RANGE,ALL_EVENTS_V15,,,CURATED_CORPUS,FALSE
CEV-04214,COL-0084,EVT-0472,425,TRUE,RANGE,ALL_EVENTS_V15,,,CURATED_CORPUS,FALSE
CEV-04215,COL-0084,EVT-0473,426,TRUE,DAY,ALL_EVENTS_V15,,,CURATED_CORPUS,FALSE
CEV-04216,COL-0084,EVT-0353,427,TRUE,DAY,ALL_EVENTS_V15,,,CURATED_CORPUS,FALSE
CEV-04217,COL-0084,EVT-0199,428,TRUE,DAY,ALL_EVENTS_V15,,,CURATED_CORPUS,FALSE
CEV-04218,COL-0084,EVT-0200,429,TRUE,DAY,ALL_EVENTS_V15,,,CURATED_CORPUS,FALSE
CEV-04219,COL-0084,EVT-0201,430,TRUE,DAY,ALL_EVENTS_V15,,,CURATED_CORPUS,FALSE
CEV-04220,COL-0084,EVT-0202,431,TRUE,DAY,ALL_EVENTS_V15,,,CURATED_CORPUS,FALSE
CEV-04221,COL-0084,EVT-0203,432,TRUE,DAY,ALL_EVENTS_V15,,,CURATED_CORPUS,FALSE
CEV-04222,COL-0084,EVT-0474,433,TRUE,DAY,ALL_EVENTS_V15,,,CURATED_CORPUS,FALSE
CEV-04223,COL-0084,EVT-0204,434,TRUE,RANGE,ALL_EVENTS_V15,,,CURATED_CORPUS,FALSE
CEV-04224,COL-0084,EVT-0205,435,TRUE,DAY,ALL_EVENTS_V15,,,CURATED_CORPUS,FALSE
CEV-04225,COL-0084,EVT-0755,436,TRUE,DAY,ALL_EVENTS_V15,,,CURATED_CORPUS,FALSE
CEV-04226,COL-0084,EVT-0313,437,TRUE,DAY,ALL_EVENTS_V15,,,CURATED_CORPUS,FALSE
CEV-04227,COL-0084,EVT-0756,438,TRUE,DAY,ALL_EVENTS_V15,,,CURATED_CORPUS,FALSE
CEV-04228,COL-0084,EVT-0712,439,TRUE,DAY,ALL_EVENTS_V15,,,CURATED_CORPUS,FALSE
CEV-04229,COL-0084,EVT-0713,440,TRUE,DAY,ALL_EVENTS_V15,,,CURATED_CORPUS,FALSE
CEV-04230,COL-0084,EVT-0757,441,TRUE,DAY,ALL_EVENTS_V15,,,CURATED_CORPUS,FALSE
CEV-04231,COL-0084,EVT-0758,442,TRUE,DAY,ALL_EVENTS_V15,,,CURATED_CORPUS,FALSE
CEV-04232,COL-0084,EVT-0759,443,TRUE,DAY,ALL_EVENTS_V15,,,CURATED_CORPUS,FALSE
CEV-04233,COL-0084,EVT-0760,444,TRUE,DAY,ALL_EVENTS_V15,,,CURATED_CORPUS,FALSE
CEV-04234,COL-0084,EVT-0714,445,TRUE,DAY,ALL_EVENTS_V15,,,CURATED_CORPUS,FALSE
CEV-04235,COL-0084,EVT-0715,446,FALSE,NOT_AUTOMATIC,ALL_EVENTS_V15,,,CURATED_CORPUS,FALSE
CEV-04236,COL-0084,EVT-0002,447,TRUE,DAY,ALL_EVENTS_V15,,,CURATED_CORPUS,FALSE
CEV-04237,COL-0084,EVT-0761,448,TRUE,DAY,ALL_EVENTS_V15,,,CURATED_CORPUS,FALSE
CEV-04238,COL-0084,EVT-0762,449,TRUE,DAY,ALL_EVENTS_V15,,,CURATED_CORPUS,FALSE
CEV-04239,COL-0084,EVT-0003,450,TRUE,DAY,ALL_EVENTS_V15,,,CURATED_CORPUS,FALSE
CEV-04240,COL-0084,EVT-0004,451,TRUE,DAY,ALL_EVENTS_V15,,,CURATED_CORPUS,FALSE
CEV-04241,COL-0084,EVT-0763,452,TRUE,DAY,ALL_EVENTS_V15,,,CURATED_CORPUS,FALSE
CEV-04242,COL-0084,EVT-0764,453,TRUE,DAY,ALL_EVENTS_V15,,,CURATED_CORPUS,FALSE
CEV-04243,COL-0084,EVT-0716,454,TRUE,DAY,ALL_EVENTS_V15,,,CURATED_CORPUS,FALSE
CEV-04244,COL-0084,EVT-0476,455,TRUE,DAY,ALL_EVENTS_V15,,,CURATED_CORPUS,FALSE
CEV-04245,COL-0084,EVT-0273,456,TRUE,RANGE,ALL_EVENTS_V15,,,CURATED_CORPUS,FALSE
CEV-04246,COL-0084,EVT-0274,457,TRUE,DAY,ALL_EVENTS_V15,,,CURATED_CORPUS,FALSE
CEV-04247,COL-0084,EVT-0224,458,TRUE,DAY,ALL_EVENTS_V15,,,CURATED_CORPUS,FALSE
CEV-04248,COL-0084,EVT-0717,459,TRUE,DAY,ALL_EVENTS_V15,,,CURATED_CORPUS,FALSE
CEV-04249,COL-0084,EVT-0765,460,TRUE,DAY,ALL_EVENTS_V15,,,CURATED_CORPUS,FALSE
CEV-04250,COL-0084,EVT-0718,461,TRUE,DAY,ALL_EVENTS_V15,,,CURATED_CORPUS,FALSE
CEV-04251,COL-0084,EVT-0766,462,TRUE,DAY,ALL_EVENTS_V15,,,CURATED_CORPUS,FALSE
CEV-04252,COL-0084,EVT-0719,463,TRUE,DAY,ALL_EVENTS_V15,,,CURATED_CORPUS,FALSE
CEV-04253,COL-0084,EVT-0767,464,TRUE,YEAR,ALL_EVENTS_V15,,,CURATED_CORPUS,FALSE
CEV-04254,COL-0084,EVT-0720,465,TRUE,YEAR,ALL_EVENTS_V15,,,CURATED_CORPUS,FALSE
CEV-04255,COL-0084,EVT-0477,466,TRUE,DAY,ALL_EVENTS_V15,,,CURATED_CORPUS,FALSE
CEV-04256,COL-0084,EVT-0226,467,TRUE,DAY,ALL_EVENTS_V15,,,CURATED_CORPUS,FALSE
CEV-04257,COL-0084,EVT-0768,468,TRUE,DAY,ALL_EVENTS_V15,,,CURATED_CORPUS,FALSE
CEV-04258,COL-0084,EVT-0769,469,TRUE,DAY,ALL_EVENTS_V15,,,CURATED_CORPUS,FALSE
CEV-04259,COL-0084,EVT-0770,470,TRUE,DAY,ALL_EVENTS_V15,,,CURATED_CORPUS,FALSE
CEV-04260,COL-0084,EVT-0225,471,TRUE,DAY,ALL_EVENTS_V15,,,CURATED_CORPUS,FALSE
CEV-04261,COL-0084,EVT-0771,472,TRUE,DAY,ALL_EVENTS_V15,,,CURATED_CORPUS,FALSE
CEV-04262,COL-0084,EVT-0772,473,TRUE,DAY,ALL_EVENTS_V15,,,CURATED_CORPUS,FALSE
CEV-04263,COL-0084,EVT-0773,474,TRUE,DAY,ALL_EVENTS_V15,,,CURATED_CORPUS,FALSE
CEV-04264,COL-0084,EVT-0001,475,TRUE,DAY,ALL_EVENTS_V15,,,CURATED_CORPUS,FALSE
CEV-04265,COL-0084,EVT-0774,476,TRUE,YEAR,ALL_EVENTS_V15,,,CURATED_CORPUS,FALSE
CEV-04266,COL-0084,EVT-0775,477,TRUE,DAY,ALL_EVENTS_V15,,,CURATED_CORPUS,FALSE
CEV-04267,COL-0084,EVT-0721,478,TRUE,DAY,ALL_EVENTS_V15,,,CURATED_CORPUS,FALSE
CEV-04268,COL-0084,EVT-0082,479,TRUE,DAY,ALL_EVENTS_V15,,,CURATED_CORPUS,FALSE
CEV-04269,COL-0084,EVT-1030,480,TRUE,DAY,ALL_EVENTS_V15,,,CURATED_CORPUS,FALSE
CEV-04270,COL-0084,EVT-0722,481,TRUE,DAY,ALL_EVENTS_V15,,,CURATED_CORPUS,FALSE
CEV-04271,COL-0084,EVT-0723,482,TRUE,DAY,ALL_EVENTS_V15,,,CURATED_CORPUS,FALSE
CEV-04272,COL-0084,EVT-0322,483,TRUE,RANGE,ALL_EVENTS_V15,,,CURATED_CORPUS,FALSE
CEV-04273,COL-0084,EVT-0323,484,TRUE,DAY,ALL_EVENTS_V15,,,CURATED_CORPUS,FALSE
CEV-04274,COL-0084,EVT-0724,485,TRUE,DAY,ALL_EVENTS_V15,,,CURATED_CORPUS,FALSE
CEV-04275,COL-0084,EVT-0725,486,TRUE,YEAR,ALL_EVENTS_V15,,,CURATED_CORPUS,FALSE
CEV-04276,COL-0084,EVT-1031,487,TRUE,DAY,ALL_EVENTS_V15,,,CURATED_CORPUS,FALSE
CEV-04277,COL-0084,EVT-1032,488,TRUE,DAY,ALL_EVENTS_V15,,,CURATED_CORPUS,FALSE
CEV-04278,COL-0084,EVT-0083,489,TRUE,DAY,ALL_EVENTS_V15,,,CURATED_CORPUS,FALSE
CEV-04279,COL-0084,EVT-0726,490,TRUE,DAY,ALL_EVENTS_V15,,,CURATED_CORPUS,FALSE
CEV-04280,COL-0084,EVT-0324,491,TRUE,MONTH,ALL_EVENTS_V15,,,CURATED_CORPUS,FALSE
CEV-04281,COL-0084,EVT-0475,492,TRUE,RANGE,ALL_EVENTS_V15,,,CURATED_CORPUS,FALSE
CEV-04282,COL-0084,EVT-0325,493,TRUE,MONTH,ALL_EVENTS_V15,,,CURATED_CORPUS,FALSE
CEV-04283,COL-0084,EVT-1033,494,TRUE,DAY,ALL_EVENTS_V15,,,CURATED_CORPUS,FALSE
CEV-04284,COL-0084,EVT-1034,495,TRUE,DAY,ALL_EVENTS_V15,,,CURATED_CORPUS,FALSE
CEV-04285,COL-0084,EVT-0227,496,TRUE,DAY,ALL_EVENTS_V15,,,CURATED_CORPUS,FALSE
CEV-04286,COL-0084,EVT-1035,497,TRUE,MONTH,ALL_EVENTS_V15,,,CURATED_CORPUS,FALSE
CEV-04287,COL-0084,EVT-0087,498,TRUE,DAY,ALL_EVENTS_V15,,,CURATED_CORPUS,FALSE
CEV-04288,COL-0084,EVT-0727,499,TRUE,DAY,ALL_EVENTS_V15,,,CURATED_CORPUS,FALSE
CEV-04289,COL-0084,EVT-0824,500,TRUE,DAY,ALL_EVENTS_V15,,,CURATED_CORPUS,FALSE
CEV-04290,COL-0084,EVT-0825,501,TRUE,DAY,ALL_EVENTS_V15,,,CURATED_CORPUS,FALSE
CEV-04291,COL-0084,EVT-0776,502,TRUE,DAY,ALL_EVENTS_V15,,,CURATED_CORPUS,FALSE
CEV-04292,COL-0084,EVT-0826,503,TRUE,DAY,ALL_EVENTS_V15,,,CURATED_CORPUS,FALSE
CEV-04293,COL-0084,EVT-0827,504,TRUE,DAY,ALL_EVENTS_V15,,,CURATED_CORPUS,FALSE
CEV-04294,COL-0084,EVT-0828,505,TRUE,DAY,ALL_EVENTS_V15,,,CURATED_CORPUS,FALSE
CEV-04295,COL-0084,EVT-0829,506,TRUE,DAY,ALL_EVENTS_V15,,,CURATED_CORPUS,FALSE
CEV-04296,COL-0084,EVT-0830,507,TRUE,DAY,ALL_EVENTS_V15,,,CURATED_CORPUS,FALSE
CEV-04297,COL-0084,EVT-0777,508,TRUE,DAY,ALL_EVENTS_V15,,,CURATED_CORPUS,FALSE
CEV-04298,COL-0084,EVT-0778,509,TRUE,DAY,ALL_EVENTS_V15,,,CURATED_CORPUS,FALSE
CEV-04299,COL-0084,EVT-0831,510,TRUE,DAY,ALL_EVENTS_V15,,,CURATED_CORPUS,FALSE
CEV-04300,COL-0084,EVT-0779,511,TRUE,YEAR,ALL_EVENTS_V15,,,CURATED_CORPUS,FALSE
CEV-04301,COL-0084,EVT-0780,512,TRUE,DAY,ALL_EVENTS_V15,,,CURATED_CORPUS,FALSE
CEV-04302,COL-0084,EVT-0832,513,TRUE,DAY,ALL_EVENTS_V15,,,CURATED_CORPUS,FALSE
CEV-04303,COL-0084,EVT-0833,514,TRUE,DAY,ALL_EVENTS_V15,,,CURATED_CORPUS,FALSE
CEV-04304,COL-0084,EVT-0005,515,TRUE,DAY,ALL_EVENTS_V15,,,CURATED_CORPUS,FALSE
CEV-04305,COL-0084,EVT-0834,516,TRUE,DAY,ALL_EVENTS_V15,,,CURATED_CORPUS,FALSE
CEV-04306,COL-0084,EVT-0781,517,TRUE,DAY,ALL_EVENTS_V15,,,CURATED_CORPUS,FALSE
CEV-04307,COL-0084,EVT-0084,518,TRUE,DAY,ALL_EVENTS_V15,,,CURATED_CORPUS,FALSE
CEV-04308,COL-0084,EVT-0085,519,TRUE,DAY,ALL_EVENTS_V15,,,CURATED_CORPUS,FALSE
CEV-04309,COL-0084,EVT-0088,520,TRUE,DAY,ALL_EVENTS_V15,,,CURATED_CORPUS,FALSE
CEV-04310,COL-0084,EVT-0835,521,TRUE,DAY,ALL_EVENTS_V15,,,CURATED_CORPUS,FALSE
CEV-04311,COL-0084,EVT-0836,522,TRUE,DAY,ALL_EVENTS_V15,,,CURATED_CORPUS,FALSE
CEV-04312,COL-0084,EVT-0782,523,TRUE,DAY,ALL_EVENTS_V15,,,CURATED_CORPUS,FALSE
CEV-04313,COL-0084,EVT-0837,524,TRUE,DAY,ALL_EVENTS_V15,,,CURATED_CORPUS,FALSE
CEV-04314,COL-0084,EVT-0838,525,TRUE,DAY,ALL_EVENTS_V15,,,CURATED_CORPUS,FALSE
CEV-04315,COL-0084,EVT-0783,526,TRUE,DAY,ALL_EVENTS_V15,,,CURATED_CORPUS,FALSE
CEV-04316,COL-0084,EVT-0784,527,TRUE,DAY,ALL_EVENTS_V15,,,CURATED_CORPUS,FALSE
CEV-04317,COL-0084,EVT-0785,528,TRUE,DAY,ALL_EVENTS_V15,,,CURATED_CORPUS,FALSE
CEV-04318,COL-0084,EVT-0786,529,TRUE,DAY,ALL_EVENTS_V15,,,CURATED_CORPUS,FALSE
CEV-04319,COL-0084,EVT-0787,530,TRUE,DAY,ALL_EVENTS_V15,,,CURATED_CORPUS,FALSE
CEV-04320,COL-0084,EVT-0839,531,TRUE,DAY,ALL_EVENTS_V15,,,CURATED_CORPUS,FALSE
CEV-04321,COL-0084,EVT-0840,532,TRUE,DAY,ALL_EVENTS_V15,,,CURATED_CORPUS,FALSE
CEV-04322,COL-0084,EVT-0788,533,TRUE,DAY,ALL_EVENTS_V15,,,CURATED_CORPUS,FALSE
CEV-04323,COL-0084,EVT-0841,534,TRUE,DAY,ALL_EVENTS_V15,,,CURATED_CORPUS,FALSE
CEV-04324,COL-0084,EVT-0478,535,TRUE,DAY,ALL_EVENTS_V15,,,CURATED_CORPUS,FALSE
CEV-04325,COL-0084,EVT-0012,536,TRUE,RANGE,ALL_EVENTS_V15,,,CURATED_CORPUS,FALSE
CEV-04326,COL-0084,EVT-0089,537,TRUE,DAY,ALL_EVENTS_V15,,,CURATED_CORPUS,FALSE
CEV-04327,COL-0084,EVT-0479,538,TRUE,DAY,ALL_EVENTS_V15,,,CURATED_CORPUS,FALSE
CEV-04328,COL-0084,EVT-0480,539,TRUE,DAY,ALL_EVENTS_V15,,,CURATED_CORPUS,FALSE
CEV-04329,COL-0084,EVT-0481,540,TRUE,DAY,ALL_EVENTS_V15,,,CURATED_CORPUS,FALSE
CEV-04330,COL-0084,EVT-0206,541,TRUE,RANGE,ALL_EVENTS_V15,,,CURATED_CORPUS,FALSE
CEV-04331,COL-0084,EVT-0207,542,TRUE,RANGE,ALL_EVENTS_V15,,,CURATED_CORPUS,FALSE
CEV-04332,COL-0084,EVT-0208,543,TRUE,RANGE,ALL_EVENTS_V15,,,CURATED_CORPUS,FALSE
CEV-04333,COL-0084,EVT-0090,544,TRUE,DAY,ALL_EVENTS_V15,,,CURATED_CORPUS,FALSE
CEV-04334,COL-0084,EVT-0209,545,TRUE,DAY,ALL_EVENTS_V15,,,CURATED_CORPUS,FALSE
CEV-04335,COL-0084,EVT-0789,546,TRUE,DAY,ALL_EVENTS_V15,,,CURATED_CORPUS,FALSE
CEV-04336,COL-0084,EVT-0230,547,TRUE,DAY,ALL_EVENTS_V15,,,CURATED_CORPUS,FALSE
CEV-04337,COL-0084,EVT-0482,548,TRUE,RANGE,ALL_EVENTS_V15,,,CURATED_CORPUS,FALSE
CEV-04338,COL-0084,EVT-0790,549,TRUE,DAY,ALL_EVENTS_V15,,,CURATED_CORPUS,FALSE
CEV-04339,COL-0084,EVT-0314,550,TRUE,DAY,ALL_EVENTS_V15,,,CURATED_CORPUS,FALSE
CEV-04340,COL-0084,EVT-0210,551,TRUE,DAY,ALL_EVENTS_V15,,,CURATED_CORPUS,FALSE
CEV-04341,COL-0084,EVT-0354,552,TRUE,YEAR,ALL_EVENTS_V15,,,CURATED_CORPUS,FALSE
CEV-04342,COL-0084,EVT-0483,553,TRUE,DAY,ALL_EVENTS_V15,,,CURATED_CORPUS,FALSE
CEV-04343,COL-0084,EVT-0791,554,TRUE,DAY,ALL_EVENTS_V15,,,CURATED_CORPUS,FALSE
CEV-04344,COL-0084,EVT-0484,555,TRUE,DAY,ALL_EVENTS_V15,,,CURATED_CORPUS,FALSE
CEV-04345,COL-0084,EVT-0792,556,TRUE,YEAR,ALL_EVENTS_V15,,,CURATED_CORPUS,FALSE
CEV-04346,COL-0084,EVT-0793,557,TRUE,DAY,ALL_EVENTS_V15,,,CURATED_CORPUS,FALSE
CEV-04347,COL-0084,EVT-0485,558,TRUE,DAY,ALL_EVENTS_V15,,,CURATED_CORPUS,FALSE
CEV-04348,COL-0084,EVT-0211,559,TRUE,DAY,ALL_EVENTS_V15,,,CURATED_CORPUS,FALSE
CEV-04349,COL-0084,EVT-0212,560,TRUE,RANGE,ALL_EVENTS_V15,,,CURATED_CORPUS,FALSE
CEV-04350,COL-0084,EVT-0842,561,TRUE,DAY,ALL_EVENTS_V15,,,CURATED_CORPUS,FALSE
CEV-04351,COL-0084,EVT-0794,562,TRUE,DAY,ALL_EVENTS_V15,,,CURATED_CORPUS,FALSE
CEV-04352,COL-0084,EVT-0091,563,TRUE,DAY,ALL_EVENTS_V15,,,CURATED_CORPUS,FALSE
CEV-04353,COL-0084,EVT-0795,564,TRUE,DAY,ALL_EVENTS_V15,,,CURATED_CORPUS,FALSE
CEV-04354,COL-0084,EVT-0486,565,TRUE,DAY,ALL_EVENTS_V15,,,CURATED_CORPUS,FALSE
CEV-04355,COL-0084,EVT-0843,566,TRUE,DAY,ALL_EVENTS_V15,,,CURATED_CORPUS,FALSE
CEV-04356,COL-0084,EVT-0844,567,TRUE,DAY,ALL_EVENTS_V15,,,CURATED_CORPUS,FALSE
CEV-04357,COL-0084,EVT-0092,568,TRUE,DAY,ALL_EVENTS_V15,,,CURATED_CORPUS,FALSE
CEV-04358,COL-0084,EVT-0232,569,TRUE,DAY,ALL_EVENTS_V15,,,CURATED_CORPUS,FALSE
CEV-04359,COL-0084,EVT-0233,570,TRUE,DAY,ALL_EVENTS_V15,,,CURATED_CORPUS,FALSE
CEV-04360,COL-0084,EVT-0487,571,TRUE,DAY,ALL_EVENTS_V15,,,CURATED_CORPUS,FALSE
CEV-04361,COL-0084,EVT-0845,572,TRUE,DAY,ALL_EVENTS_V15,,,CURATED_CORPUS,FALSE
CEV-04362,COL-0084,EVT-0846,573,TRUE,DAY,ALL_EVENTS_V15,,,CURATED_CORPUS,FALSE
CEV-04363,COL-0084,EVT-0234,574,TRUE,DAY,ALL_EVENTS_V15,,,CURATED_CORPUS,FALSE
CEV-04364,COL-0084,EVT-0235,575,TRUE,DAY,ALL_EVENTS_V15,,,CURATED_CORPUS,FALSE
CEV-04365,COL-0084,EVT-0796,576,TRUE,DAY,ALL_EVENTS_V15,,,CURATED_CORPUS,FALSE
CEV-04366,COL-0084,EVT-0236,577,TRUE,DAY,ALL_EVENTS_V15,,,CURATED_CORPUS,FALSE
CEV-04367,COL-0084,EVT-0237,578,TRUE,DAY,ALL_EVENTS_V15,,,CURATED_CORPUS,FALSE
CEV-04368,COL-0084,EVT-0238,579,TRUE,DAY,ALL_EVENTS_V15,,,CURATED_CORPUS,FALSE
CEV-04369,COL-0084,EVT-0797,580,TRUE,DAY,ALL_EVENTS_V15,,,CURATED_CORPUS,FALSE
CEV-04370,COL-0084,EVT-0847,581,TRUE,DAY,ALL_EVENTS_V15,,,CURATED_CORPUS,FALSE
CEV-04371,COL-0084,EVT-0848,582,TRUE,DAY,ALL_EVENTS_V15,,,CURATED_CORPUS,FALSE
CEV-04372,COL-0084,EVT-0239,583,TRUE,DAY,ALL_EVENTS_V15,,,CURATED_CORPUS,FALSE
CEV-04373,COL-0084,EVT-0488,584,TRUE,DAY,ALL_EVENTS_V15,,,CURATED_CORPUS,FALSE
CEV-04374,COL-0084,EVT-0489,585,TRUE,DAY,ALL_EVENTS_V15,,,CURATED_CORPUS,FALSE
CEV-04375,COL-0084,EVT-0798,586,TRUE,DAY,ALL_EVENTS_V15,,,CURATED_CORPUS,FALSE
CEV-04376,COL-0084,EVT-0799,587,TRUE,DAY,ALL_EVENTS_V15,,,CURATED_CORPUS,FALSE
CEV-04377,COL-0084,EVT-0240,588,TRUE,DAY,ALL_EVENTS_V15,,,CURATED_CORPUS,FALSE
CEV-04378,COL-0084,EVT-0800,589,TRUE,DAY,ALL_EVENTS_V15,,,CURATED_CORPUS,FALSE
CEV-04379,COL-0084,EVT-0490,590,TRUE,RANGE,ALL_EVENTS_V15,,,CURATED_CORPUS,FALSE
CEV-04380,COL-0084,EVT-0849,591,TRUE,DAY,ALL_EVENTS_V15,,,CURATED_CORPUS,FALSE
CEV-04381,COL-0084,EVT-0801,592,TRUE,DAY,ALL_EVENTS_V15,,,CURATED_CORPUS,FALSE
CEV-04382,COL-0084,EVT-0850,593,TRUE,DAY,ALL_EVENTS_V15,,,CURATED_CORPUS,FALSE
CEV-04383,COL-0084,EVT-0366,594,TRUE,DAY,ALL_EVENTS_V15,,,CURATED_CORPUS,FALSE
CEV-04384,COL-0084,EVT-0491,595,TRUE,DAY,ALL_EVENTS_V15,,,CURATED_CORPUS,FALSE
CEV-04385,COL-0084,EVT-0851,596,TRUE,DAY,ALL_EVENTS_V15,,,CURATED_CORPUS,FALSE
CEV-04386,COL-0084,EVT-0492,597,TRUE,DAY,ALL_EVENTS_V15,,,CURATED_CORPUS,FALSE
CEV-04387,COL-0084,EVT-0852,598,TRUE,DAY,ALL_EVENTS_V15,,,CURATED_CORPUS,FALSE
CEV-04388,COL-0084,EVT-0802,599,TRUE,DAY,ALL_EVENTS_V15,,,CURATED_CORPUS,FALSE
CEV-04389,COL-0084,EVT-0803,600,TRUE,DAY,ALL_EVENTS_V15,,,CURATED_CORPUS,FALSE
CEV-04390,COL-0084,EVT-0493,601,TRUE,DAY,ALL_EVENTS_V15,,,CURATED_CORPUS,FALSE
CEV-04391,COL-0084,EVT-0804,602,TRUE,DAY,ALL_EVENTS_V15,,,CURATED_CORPUS,FALSE
CEV-04392,COL-0084,EVT-0853,603,TRUE,DAY,ALL_EVENTS_V15,,,CURATED_CORPUS,FALSE
CEV-04393,COL-0084,EVT-0854,604,TRUE,DAY,ALL_EVENTS_V15,,,CURATED_CORPUS,FALSE
CEV-04394,COL-0084,EVT-0494,605,TRUE,DAY,ALL_EVENTS_V15,,,CURATED_CORPUS,FALSE
CEV-04395,COL-0084,EVT-0495,606,TRUE,DAY,ALL_EVENTS_V15,,,CURATED_CORPUS,FALSE
CEV-04396,COL-0084,EVT-0805,607,TRUE,DAY,ALL_EVENTS_V15,,,CURATED_CORPUS,FALSE
CEV-04397,COL-0084,EVT-0496,608,TRUE,RANGE,ALL_EVENTS_V15,,,CURATED_CORPUS,FALSE
CEV-04398,COL-0084,EVT-0806,609,TRUE,DAY,ALL_EVENTS_V15,,,CURATED_CORPUS,FALSE
CEV-04399,COL-0084,EVT-0011,610,TRUE,YEAR,ALL_EVENTS_V15,,,CURATED_CORPUS,FALSE
CEV-04400,COL-0084,EVT-0855,611,TRUE,DAY,ALL_EVENTS_V15,,,CURATED_CORPUS,FALSE
CEV-04401,COL-0084,EVT-0807,612,TRUE,DAY,ALL_EVENTS_V15,,,CURATED_CORPUS,FALSE
CEV-04402,COL-0084,EVT-0856,613,TRUE,DAY,ALL_EVENTS_V15,,,CURATED_CORPUS,FALSE
CEV-04403,COL-0084,EVT-0857,614,TRUE,DAY,ALL_EVENTS_V15,,,CURATED_CORPUS,FALSE
CEV-04404,COL-0084,EVT-0355,615,TRUE,RANGE,ALL_EVENTS_V15,,,CURATED_CORPUS,FALSE
CEV-04405,COL-0084,EVT-0497,616,TRUE,DAY,ALL_EVENTS_V15,,,CURATED_CORPUS,FALSE
CEV-04406,COL-0084,EVT-0498,617,TRUE,DAY,ALL_EVENTS_V15,,,CURATED_CORPUS,FALSE
CEV-04407,COL-0084,EVT-0243,618,TRUE,MONTH,ALL_EVENTS_V15,,,CURATED_CORPUS,FALSE
CEV-04408,COL-0084,EVT-0241,619,TRUE,DAY,ALL_EVENTS_V15,,,CURATED_CORPUS,FALSE
CEV-04409,COL-0084,EVT-0499,620,TRUE,DAY,ALL_EVENTS_V15,,,CURATED_CORPUS,FALSE
CEV-04410,COL-0084,EVT-0858,621,TRUE,DAY,ALL_EVENTS_V15,,,CURATED_CORPUS,FALSE
CEV-04411,COL-0084,EVT-0500,622,TRUE,RANGE,ALL_EVENTS_V15,,,CURATED_CORPUS,FALSE
CEV-04412,COL-0084,EVT-0859,623,TRUE,DAY,ALL_EVENTS_V15,,,CURATED_CORPUS,FALSE
CEV-04413,COL-0084,EVT-0860,624,TRUE,DAY,ALL_EVENTS_V15,,,CURATED_CORPUS,FALSE
CEV-04414,COL-0084,EVT-0501,625,TRUE,DAY,ALL_EVENTS_V15,,,CURATED_CORPUS,FALSE
CEV-04415,COL-0084,EVT-0808,626,TRUE,DAY,ALL_EVENTS_V15,,,CURATED_CORPUS,FALSE
CEV-04416,COL-0084,EVT-0356,627,TRUE,RANGE,ALL_EVENTS_V15,,,CURATED_CORPUS,FALSE
CEV-04417,COL-0084,EVT-0093,628,TRUE,DAY,ALL_EVENTS_V15,,,CURATED_CORPUS,FALSE
CEV-04418,COL-0084,EVT-0094,629,TRUE,RANGE,ALL_EVENTS_V15,,,CURATED_CORPUS,FALSE
CEV-04419,COL-0084,EVT-0095,630,TRUE,DAY,ALL_EVENTS_V15,,,CURATED_CORPUS,FALSE
CEV-04420,COL-0084,EVT-0096,631,TRUE,DAY,ALL_EVENTS_V15,,,CURATED_CORPUS,FALSE
CEV-04421,COL-0084,EVT-0502,632,TRUE,RANGE,ALL_EVENTS_V15,,,CURATED_CORPUS,FALSE
CEV-04422,COL-0084,EVT-1036,633,TRUE,DAY,ALL_EVENTS_V15,,,CURATED_CORPUS,FALSE
CEV-04423,COL-0084,EVT-1037,634,TRUE,DAY,ALL_EVENTS_V15,,,CURATED_CORPUS,FALSE
CEV-04424,COL-0084,EVT-0503,635,TRUE,DAY,ALL_EVENTS_V15,,,CURATED_CORPUS,FALSE
CEV-04425,COL-0084,EVT-1038,636,TRUE,DAY,ALL_EVENTS_V15,,,CURATED_CORPUS,FALSE
CEV-04426,COL-0084,EVT-0809,637,TRUE,DAY,ALL_EVENTS_V15,,,CURATED_CORPUS,FALSE
CEV-04427,COL-0084,EVT-0810,638,TRUE,DAY,ALL_EVENTS_V15,,,CURATED_CORPUS,FALSE
CEV-04428,COL-0084,EVT-0504,639,TRUE,DAY,ALL_EVENTS_V15,,,CURATED_CORPUS,FALSE
CEV-04429,COL-0084,EVT-0244,640,TRUE,RANGE,ALL_EVENTS_V15,,,CURATED_CORPUS,FALSE
CEV-04430,COL-0084,EVT-0811,641,TRUE,DAY,ALL_EVENTS_V15,,,CURATED_CORPUS,FALSE
CEV-04431,COL-0084,EVT-0505,642,TRUE,DAY,ALL_EVENTS_V15,,,CURATED_CORPUS,FALSE
CEV-04432,COL-0084,EVT-0013,643,TRUE,RANGE,ALL_EVENTS_V15,,,CURATED_CORPUS,FALSE
CEV-04433,COL-0084,EVT-0097,644,TRUE,DAY,ALL_EVENTS_V15,,,CURATED_CORPUS,FALSE
CEV-04434,COL-0084,EVT-0098,645,TRUE,DAY,ALL_EVENTS_V15,,,CURATED_CORPUS,FALSE
CEV-04435,COL-0084,EVT-1039,646,TRUE,DAY,ALL_EVENTS_V15,,,CURATED_CORPUS,FALSE
CEV-04436,COL-0084,EVT-0506,647,TRUE,DAY,ALL_EVENTS_V15,,,CURATED_CORPUS,FALSE
CEV-04437,COL-0084,EVT-0812,648,TRUE,DAY,ALL_EVENTS_V15,,,CURATED_CORPUS,FALSE
CEV-04438,COL-0084,EVT-0507,649,TRUE,RANGE,ALL_EVENTS_V15,,,CURATED_CORPUS,FALSE
CEV-04439,COL-0084,EVT-0508,650,TRUE,DAY,ALL_EVENTS_V15,,,CURATED_CORPUS,FALSE
CEV-04440,COL-0084,EVT-0103,651,TRUE,DAY,ALL_EVENTS_V15,,,CURATED_CORPUS,FALSE
CEV-04441,COL-0084,EVT-0246,652,TRUE,DAY,ALL_EVENTS_V15,,,CURATED_CORPUS,FALSE
CEV-04442,COL-0084,EVT-0014,653,TRUE,DAY,ALL_EVENTS_V15,,,CURATED_CORPUS,FALSE
CEV-04443,COL-0084,EVT-0105,654,TRUE,DAY,ALL_EVENTS_V15,,,CURATED_CORPUS,FALSE
CEV-04444,COL-0084,EVT-0248,655,TRUE,DAY,ALL_EVENTS_V15,,,CURATED_CORPUS,FALSE
CEV-04445,COL-0084,EVT-0249,656,TRUE,DAY,ALL_EVENTS_V15,,,CURATED_CORPUS,FALSE
CEV-04446,COL-0084,EVT-0106,657,TRUE,DAY,ALL_EVENTS_V15,,,CURATED_CORPUS,FALSE
CEV-04447,COL-0084,EVT-0509,658,TRUE,RANGE,ALL_EVENTS_V15,,,CURATED_CORPUS,FALSE
CEV-04448,COL-0084,EVT-0107,659,TRUE,DAY,ALL_EVENTS_V15,,,CURATED_CORPUS,FALSE
CEV-04449,COL-0084,EVT-0813,660,TRUE,DAY,ALL_EVENTS_V15,,,CURATED_CORPUS,FALSE
CEV-04450,COL-0084,EVT-0099,661,TRUE,DAY,ALL_EVENTS_V15,,,CURATED_CORPUS,FALSE
CEV-04451,COL-0084,EVT-0510,662,TRUE,DAY,ALL_EVENTS_V15,,,CURATED_CORPUS,FALSE
CEV-04452,COL-0084,EVT-0511,663,TRUE,DAY,ALL_EVENTS_V15,,,CURATED_CORPUS,FALSE
CEV-04453,COL-0084,EVT-0512,664,TRUE,RANGE,ALL_EVENTS_V15,,,CURATED_CORPUS,FALSE
CEV-04454,COL-0084,EVT-0015,665,TRUE,RANGE,ALL_EVENTS_V15,,,CURATED_CORPUS,FALSE
CEV-04455,COL-0084,EVT-0814,666,TRUE,DAY,ALL_EVENTS_V15,,,CURATED_CORPUS,FALSE
CEV-04456,COL-0084,EVT-0513,667,TRUE,RANGE,ALL_EVENTS_V15,,,CURATED_CORPUS,FALSE
CEV-04457,COL-0084,EVT-0514,668,TRUE,RANGE,ALL_EVENTS_V15,,,CURATED_CORPUS,FALSE
CEV-04458,COL-0084,EVT-0815,669,TRUE,DAY,ALL_EVENTS_V15,,,CURATED_CORPUS,FALSE
CEV-04459,COL-0084,EVT-0816,670,TRUE,DAY,ALL_EVENTS_V15,,,CURATED_CORPUS,FALSE
CEV-04460,COL-0084,EVT-0016,671,TRUE,DAY,ALL_EVENTS_V15,,,CURATED_CORPUS,FALSE
CEV-04461,COL-0084,EVT-0515,672,TRUE,DAY,ALL_EVENTS_V15,,,CURATED_CORPUS,FALSE
CEV-04462,COL-0084,EVT-0817,673,TRUE,DAY,ALL_EVENTS_V15,,,CURATED_CORPUS,FALSE
CEV-04463,COL-0084,EVT-0516,674,TRUE,DAY,ALL_EVENTS_V15,,,CURATED_CORPUS,FALSE
CEV-04464,COL-0084,EVT-0517,675,TRUE,RANGE,ALL_EVENTS_V15,,,CURATED_CORPUS,FALSE
CEV-04465,COL-0084,EVT-1040,676,TRUE,DAY,ALL_EVENTS_V15,,,CURATED_CORPUS,FALSE
CEV-04466,COL-0084,EVT-0109,677,TRUE,DAY,ALL_EVENTS_V15,,,CURATED_CORPUS,FALSE
CEV-04467,COL-0084,EVT-0006,678,TRUE,DAY,ALL_EVENTS_V15,,,CURATED_CORPUS,FALSE
CEV-04468,COL-0084,EVT-0360,679,TRUE,DAY,ALL_EVENTS_V15,,,CURATED_CORPUS,FALSE
CEV-04469,COL-0084,EVT-0017,680,TRUE,DAY,ALL_EVENTS_V15,,,CURATED_CORPUS,FALSE
CEV-04470,COL-0084,EVT-0818,681,TRUE,DAY,ALL_EVENTS_V15,,,CURATED_CORPUS,FALSE
CEV-04471,COL-0084,EVT-0819,682,TRUE,DAY,ALL_EVENTS_V15,,,CURATED_CORPUS,FALSE
CEV-04472,COL-0084,EVT-0284,683,TRUE,DAY,ALL_EVENTS_V15,,,CURATED_CORPUS,FALSE
CEV-04473,COL-0084,EVT-0100,684,TRUE,DAY,ALL_EVENTS_V15,,,CURATED_CORPUS,FALSE
CEV-04474,COL-0084,EVT-0518,685,TRUE,DAY,ALL_EVENTS_V15,,,CURATED_CORPUS,FALSE
CEV-04475,COL-0084,EVT-0519,686,TRUE,RANGE,ALL_EVENTS_V15,,,CURATED_CORPUS,FALSE
CEV-04476,COL-0084,EVT-0820,687,TRUE,DAY,ALL_EVENTS_V15,,,CURATED_CORPUS,FALSE
CEV-04477,COL-0084,EVT-0007,688,TRUE,DAY,ALL_EVENTS_V15,,,CURATED_CORPUS,FALSE
CEV-04478,COL-0084,EVT-0101,689,TRUE,DAY,ALL_EVENTS_V15,,,CURATED_CORPUS,FALSE
CEV-04479,COL-0084,EVT-0357,690,TRUE,DAY,ALL_EVENTS_V15,,,CURATED_CORPUS,FALSE
CEV-04480,COL-0084,EVT-0821,691,TRUE,DAY,ALL_EVENTS_V15,,,CURATED_CORPUS,FALSE
CEV-04481,COL-0084,EVT-0520,692,TRUE,DAY,ALL_EVENTS_V15,,,CURATED_CORPUS,FALSE
CEV-04482,COL-0084,EVT-0521,693,TRUE,DAY,ALL_EVENTS_V15,,,CURATED_CORPUS,FALSE
CEV-04483,COL-0084,EVT-0822,694,TRUE,DAY,ALL_EVENTS_V15,,,CURATED_CORPUS,FALSE
CEV-04484,COL-0084,EVT-0102,695,TRUE,DAY,ALL_EVENTS_V15,,,CURATED_CORPUS,FALSE
CEV-04485,COL-0084,EVT-0823,696,TRUE,DAY,ALL_EVENTS_V15,,,CURATED_CORPUS,FALSE
CEV-04486,COL-0084,EVT-0128,697,TRUE,RANGE,ALL_EVENTS_V15,,,CURATED_CORPUS,FALSE
CEV-04487,COL-0084,EVT-0008,698,TRUE,DAY,ALL_EVENTS_V15,,,CURATED_CORPUS,FALSE
CEV-04488,COL-0084,EVT-0358,699,TRUE,DAY,ALL_EVENTS_V15,,,CURATED_CORPUS,FALSE
CEV-04489,COL-0084,EVT-0307,700,TRUE,DAY,ALL_EVENTS_V15,,,CURATED_CORPUS,FALSE
CEV-04490,COL-0084,EVT-0946,701,TRUE,DAY,ALL_EVENTS_V15,,,CURATED_CORPUS,FALSE
CEV-04491,COL-0084,EVT-0861,702,TRUE,DAY,ALL_EVENTS_V15,,,CURATED_CORPUS,FALSE
CEV-04492,COL-0084,EVT-0947,703,TRUE,DAY,ALL_EVENTS_V15,,,CURATED_CORPUS,FALSE
CEV-04493,COL-0084,EVT-0308,704,TRUE,DAY,ALL_EVENTS_V15,,,CURATED_CORPUS,FALSE
CEV-04494,COL-0084,EVT-0250,705,TRUE,DAY,ALL_EVENTS_V15,,,CURATED_CORPUS,FALSE
CEV-04495,COL-0084,EVT-0110,706,TRUE,DAY,ALL_EVENTS_V15,,,CURATED_CORPUS,FALSE
CEV-04496,COL-0084,EVT-0359,707,TRUE,RANGE,ALL_EVENTS_V15,,,CURATED_CORPUS,FALSE
CEV-04497,COL-0084,EVT-0523,708,TRUE,DAY,ALL_EVENTS_V15,,,CURATED_CORPUS,FALSE
CEV-04498,COL-0084,EVT-0862,709,TRUE,DAY,ALL_EVENTS_V15,,,CURATED_CORPUS,FALSE
CEV-04499,COL-0084,EVT-0522,710,TRUE,DAY,ALL_EVENTS_V15,,,CURATED_CORPUS,FALSE
CEV-04500,COL-0084,EVT-0948,711,TRUE,DAY,ALL_EVENTS_V15,,,CURATED_CORPUS,FALSE
CEV-04501,COL-0084,EVT-0863,712,TRUE,DAY,ALL_EVENTS_V15,,,CURATED_CORPUS,FALSE
CEV-04502,COL-0084,EVT-0298,713,TRUE,DAY,ALL_EVENTS_V15,,,CURATED_CORPUS,FALSE
CEV-04503,COL-0084,EVT-0864,714,TRUE,DAY,ALL_EVENTS_V15,,,CURATED_CORPUS,FALSE
CEV-04504,COL-0084,EVT-0111,715,TRUE,DAY,ALL_EVENTS_V15,,,CURATED_CORPUS,FALSE
CEV-04505,COL-0084,EVT-0865,716,TRUE,DAY,ALL_EVENTS_V15,,,CURATED_CORPUS,FALSE
CEV-04506,COL-0084,EVT-0524,717,TRUE,DAY,ALL_EVENTS_V15,,,CURATED_CORPUS,FALSE
CEV-04507,COL-0084,EVT-0949,718,TRUE,DAY,ALL_EVENTS_V15,,,CURATED_CORPUS,FALSE
CEV-04508,COL-0084,EVT-0112,719,TRUE,DAY,ALL_EVENTS_V15,,,CURATED_CORPUS,FALSE
CEV-04509,COL-0084,EVT-0866,720,TRUE,DAY,ALL_EVENTS_V15,,,CURATED_CORPUS,FALSE
CEV-04510,COL-0084,EVT-0525,721,TRUE,DAY,ALL_EVENTS_V15,,,CURATED_CORPUS,FALSE
CEV-04511,COL-0084,EVT-0018,722,TRUE,DAY,ALL_EVENTS_V15,,,CURATED_CORPUS,FALSE
CEV-04512,COL-0084,EVT-0275,723,TRUE,DAY,ALL_EVENTS_V15,,,CURATED_CORPUS,FALSE
CEV-04513,COL-0084,EVT-0867,724,TRUE,DAY,ALL_EVENTS_V15,,,CURATED_CORPUS,FALSE
CEV-04514,COL-0084,EVT-0116,725,TRUE,DAY,ALL_EVENTS_V15,,,CURATED_CORPUS,FALSE
CEV-04515,COL-0084,EVT-0868,726,TRUE,DAY,ALL_EVENTS_V15,,,CURATED_CORPUS,FALSE
CEV-04516,COL-0084,EVT-0950,727,TRUE,DAY,ALL_EVENTS_V15,,,CURATED_CORPUS,FALSE
CEV-04517,COL-0084,EVT-0951,728,TRUE,DAY,ALL_EVENTS_V15,,,CURATED_CORPUS,FALSE
CEV-04518,COL-0084,EVT-0117,729,TRUE,DAY,ALL_EVENTS_V15,,,CURATED_CORPUS,FALSE
CEV-04519,COL-0084,EVT-0869,730,TRUE,DAY,ALL_EVENTS_V15,,,CURATED_CORPUS,FALSE
CEV-04520,COL-0084,EVT-0870,731,TRUE,DAY,ALL_EVENTS_V15,,,CURATED_CORPUS,FALSE
CEV-04521,COL-0084,EVT-0871,732,TRUE,DAY,ALL_EVENTS_V15,,,CURATED_CORPUS,FALSE
CEV-04522,COL-0084,EVT-0872,733,TRUE,DAY,ALL_EVENTS_V15,,,CURATED_CORPUS,FALSE
CEV-04523,COL-0084,EVT-0276,734,TRUE,DAY,ALL_EVENTS_V15,,,CURATED_CORPUS,FALSE
CEV-04524,COL-0084,EVT-0873,735,TRUE,DAY,ALL_EVENTS_V15,,,CURATED_CORPUS,FALSE
CEV-04525,COL-0084,EVT-0251,736,TRUE,RANGE,ALL_EVENTS_V15,,,CURATED_CORPUS,FALSE
CEV-04526,COL-0084,EVT-0952,737,TRUE,DAY,ALL_EVENTS_V15,,,CURATED_CORPUS,FALSE
CEV-04527,COL-0084,EVT-0252,738,TRUE,DAY,ALL_EVENTS_V15,,,CURATED_CORPUS,FALSE
CEV-04528,COL-0084,EVT-0874,739,TRUE,DAY,ALL_EVENTS_V15,,,CURATED_CORPUS,FALSE
CEV-04529,COL-0084,EVT-0253,740,TRUE,DAY,ALL_EVENTS_V15,,,CURATED_CORPUS,FALSE
CEV-04530,COL-0084,EVT-0254,741,TRUE,DAY,ALL_EVENTS_V15,,,CURATED_CORPUS,FALSE
CEV-04531,COL-0084,EVT-0255,742,TRUE,DAY,ALL_EVENTS_V15,,,CURATED_CORPUS,FALSE
CEV-04532,COL-0084,EVT-0530,743,TRUE,DAY,ALL_EVENTS_V15,,,CURATED_CORPUS,FALSE
CEV-04533,COL-0084,EVT-0526,744,TRUE,RANGE,ALL_EVENTS_V15,,,CURATED_CORPUS,FALSE
CEV-04534,COL-0084,EVT-0527,745,TRUE,DAY,ALL_EVENTS_V15,,,CURATED_CORPUS,FALSE
CEV-04535,COL-0084,EVT-0875,746,TRUE,DAY,ALL_EVENTS_V15,,,CURATED_CORPUS,FALSE
CEV-04536,COL-0084,EVT-0876,747,TRUE,DAY,ALL_EVENTS_V15,,,CURATED_CORPUS,FALSE
CEV-04537,COL-0084,EVT-0877,748,TRUE,DAY,ALL_EVENTS_V15,,,CURATED_CORPUS,FALSE
CEV-04538,COL-0084,EVT-0528,749,TRUE,RANGE,ALL_EVENTS_V15,,,CURATED_CORPUS,FALSE
CEV-04539,COL-0084,EVT-0285,750,TRUE,DAY,ALL_EVENTS_V15,,,CURATED_CORPUS,FALSE
CEV-04540,COL-0084,EVT-0878,751,TRUE,DAY,ALL_EVENTS_V15,,,CURATED_CORPUS,FALSE
CEV-04541,COL-0084,EVT-0118,752,TRUE,DAY,ALL_EVENTS_V15,,,CURATED_CORPUS,FALSE
CEV-04542,COL-0084,EVT-0286,753,TRUE,DAY,ALL_EVENTS_V15,,,CURATED_CORPUS,FALSE
CEV-04543,COL-0084,EVT-0119,754,TRUE,DAY,ALL_EVENTS_V15,,,CURATED_CORPUS,FALSE
CEV-04544,COL-0084,EVT-0953,755,TRUE,MONTH,ALL_EVENTS_V15,,,CURATED_CORPUS,FALSE
CEV-04545,COL-0084,EVT-0954,756,TRUE,DAY,ALL_EVENTS_V15,,,CURATED_CORPUS,FALSE
CEV-04546,COL-0084,EVT-0879,757,TRUE,DAY,ALL_EVENTS_V15,,,CURATED_CORPUS,FALSE
CEV-04547,COL-0084,EVT-0361,758,TRUE,DAY,ALL_EVENTS_V15,,,CURATED_CORPUS,FALSE
CEV-04548,COL-0084,EVT-0362,759,TRUE,DAY,ALL_EVENTS_V15,,,CURATED_CORPUS,FALSE
CEV-04549,COL-0084,EVT-0531,760,TRUE,DAY,ALL_EVENTS_V15,,,CURATED_CORPUS,FALSE
CEV-04550,COL-0084,EVT-0529,761,TRUE,DAY,ALL_EVENTS_V15,,,CURATED_CORPUS,FALSE
CEV-04551,COL-0084,EVT-0955,762,TRUE,DAY,ALL_EVENTS_V15,,,CURATED_CORPUS,FALSE
CEV-04552,COL-0084,EVT-0880,763,TRUE,DAY,ALL_EVENTS_V15,,,CURATED_CORPUS,FALSE
CEV-04553,COL-0084,EVT-0956,764,TRUE,DAY,ALL_EVENTS_V15,,,CURATED_CORPUS,FALSE
CEV-04554,COL-0084,EVT-0881,765,TRUE,DAY,ALL_EVENTS_V15,,,CURATED_CORPUS,FALSE
CEV-04555,COL-0084,EVT-0957,766,TRUE,DAY,ALL_EVENTS_V15,,,CURATED_CORPUS,FALSE
CEV-04556,COL-0084,EVT-0958,767,TRUE,DAY,ALL_EVENTS_V15,,,CURATED_CORPUS,FALSE
CEV-04557,COL-0084,EVT-0959,768,TRUE,DAY,ALL_EVENTS_V15,,,CURATED_CORPUS,FALSE
CEV-04558,COL-0084,EVT-0287,769,TRUE,DAY,ALL_EVENTS_V15,,,CURATED_CORPUS,FALSE
CEV-04559,COL-0084,EVT-0532,770,TRUE,RANGE,ALL_EVENTS_V15,,,CURATED_CORPUS,FALSE
CEV-04560,COL-0084,EVT-0113,771,TRUE,DAY,ALL_EVENTS_V15,,,CURATED_CORPUS,FALSE
CEV-04561,COL-0084,EVT-0120,772,TRUE,DAY,ALL_EVENTS_V15,,,CURATED_CORPUS,FALSE
CEV-04562,COL-0084,EVT-0121,773,TRUE,DAY,ALL_EVENTS_V15,,,CURATED_CORPUS,FALSE
CEV-04563,COL-0084,EVT-0122,774,TRUE,DAY,ALL_EVENTS_V15,,,CURATED_CORPUS,FALSE
CEV-04564,COL-0084,EVT-0123,775,TRUE,DAY,ALL_EVENTS_V15,,,CURATED_CORPUS,FALSE
CEV-04565,COL-0084,EVT-0124,776,TRUE,DAY,ALL_EVENTS_V15,,,CURATED_CORPUS,FALSE
CEV-04566,COL-0084,EVT-0882,777,TRUE,DAY,ALL_EVENTS_V15,,,CURATED_CORPUS,FALSE
CEV-04567,COL-0084,EVT-0533,778,TRUE,RANGE,ALL_EVENTS_V15,,,CURATED_CORPUS,FALSE
CEV-04568,COL-0084,EVT-0363,779,TRUE,DAY,ALL_EVENTS_V15,,,CURATED_CORPUS,FALSE
CEV-04569,COL-0084,EVT-0883,780,TRUE,DAY,ALL_EVENTS_V15,,,CURATED_CORPUS,FALSE
CEV-04570,COL-0084,EVT-0884,781,TRUE,DAY,ALL_EVENTS_V15,,,CURATED_CORPUS,FALSE
CEV-04571,COL-0084,EVT-0534,782,TRUE,DAY,ALL_EVENTS_V15,,,CURATED_CORPUS,FALSE
CEV-04572,COL-0084,EVT-0885,783,TRUE,DAY,ALL_EVENTS_V15,,,CURATED_CORPUS,FALSE
CEV-04573,COL-0084,EVT-0535,784,TRUE,DAY,ALL_EVENTS_V15,,,CURATED_CORPUS,FALSE
CEV-04574,COL-0084,EVT-0129,785,TRUE,DAY,ALL_EVENTS_V15,,,CURATED_CORPUS,FALSE
CEV-04575,COL-0084,EVT-0960,786,TRUE,DAY,ALL_EVENTS_V15,,,CURATED_CORPUS,FALSE
CEV-04576,COL-0084,EVT-0886,787,TRUE,DAY,ALL_EVENTS_V15,,,CURATED_CORPUS,FALSE
CEV-04577,COL-0084,EVT-0887,788,TRUE,DAY,ALL_EVENTS_V15,,,CURATED_CORPUS,FALSE
CEV-04578,COL-0084,EVT-0888,789,TRUE,DAY,ALL_EVENTS_V15,,,CURATED_CORPUS,FALSE
CEV-04579,COL-0084,EVT-0961,790,TRUE,DAY,ALL_EVENTS_V15,,,CURATED_CORPUS,FALSE
CEV-04580,COL-0084,EVT-0889,791,TRUE,DAY,ALL_EVENTS_V15,,,CURATED_CORPUS,FALSE
CEV-04581,COL-0084,EVT-0962,792,TRUE,DAY,ALL_EVENTS_V15,,,CURATED_CORPUS,FALSE
CEV-04582,COL-0084,EVT-0890,793,TRUE,DAY,ALL_EVENTS_V15,,,CURATED_CORPUS,FALSE
CEV-04583,COL-0084,EVT-0536,794,TRUE,RANGE,ALL_EVENTS_V15,,,CURATED_CORPUS,FALSE
CEV-04584,COL-0084,EVT-0891,795,TRUE,DAY,ALL_EVENTS_V15,,,CURATED_CORPUS,FALSE
CEV-04585,COL-0084,EVT-0892,796,TRUE,DAY,ALL_EVENTS_V15,,,CURATED_CORPUS,FALSE
CEV-04586,COL-0084,EVT-0537,797,TRUE,RANGE,ALL_EVENTS_V15,,,CURATED_CORPUS,FALSE
CEV-04587,COL-0084,EVT-0538,798,TRUE,DAY,ALL_EVENTS_V15,,,CURATED_CORPUS,FALSE
CEV-04588,COL-0084,EVT-0539,799,TRUE,DAY,ALL_EVENTS_V15,,,CURATED_CORPUS,FALSE
CEV-04589,COL-0084,EVT-0288,800,TRUE,DAY,ALL_EVENTS_V15,,,CURATED_CORPUS,FALSE
CEV-04590,COL-0084,EVT-0289,801,TRUE,DAY,ALL_EVENTS_V15,,,CURATED_CORPUS,FALSE
CEV-04591,COL-0084,EVT-0893,802,TRUE,DAY,ALL_EVENTS_V15,,,CURATED_CORPUS,FALSE
CEV-04592,COL-0084,EVT-0894,803,TRUE,DAY,ALL_EVENTS_V15,,,CURATED_CORPUS,FALSE
CEV-04593,COL-0084,EVT-0895,804,TRUE,DAY,ALL_EVENTS_V15,,,CURATED_CORPUS,FALSE
CEV-04594,COL-0084,EVT-0963,805,TRUE,DAY,ALL_EVENTS_V15,,,CURATED_CORPUS,FALSE
CEV-04595,COL-0084,EVT-0964,806,TRUE,DAY,ALL_EVENTS_V15,,,CURATED_CORPUS,FALSE
CEV-04596,COL-0084,EVT-0130,807,TRUE,DAY,ALL_EVENTS_V15,,,CURATED_CORPUS,FALSE
CEV-04597,COL-0084,EVT-0965,808,TRUE,DAY,ALL_EVENTS_V15,,,CURATED_CORPUS,FALSE
CEV-04598,COL-0084,EVT-0315,809,TRUE,DAY,ALL_EVENTS_V15,,,CURATED_CORPUS,FALSE
CEV-04599,COL-0084,EVT-0896,810,TRUE,DAY,ALL_EVENTS_V15,,,CURATED_CORPUS,FALSE
CEV-04600,COL-0084,EVT-0897,811,TRUE,DAY,ALL_EVENTS_V15,,,CURATED_CORPUS,FALSE
CEV-04601,COL-0084,EVT-0898,812,TRUE,DAY,ALL_EVENTS_V15,,,CURATED_CORPUS,FALSE
CEV-04602,COL-0084,EVT-0899,813,TRUE,DAY,ALL_EVENTS_V15,,,CURATED_CORPUS,FALSE
CEV-04603,COL-0084,EVT-0900,814,TRUE,DAY,ALL_EVENTS_V15,,,CURATED_CORPUS,FALSE
CEV-04604,COL-0084,EVT-0316,815,TRUE,DAY,ALL_EVENTS_V15,,,CURATED_CORPUS,FALSE
CEV-04605,COL-0084,EVT-0901,816,TRUE,DAY,ALL_EVENTS_V15,,,CURATED_CORPUS,FALSE
CEV-04606,COL-0084,EVT-0966,817,TRUE,DAY,ALL_EVENTS_V15,,,CURATED_CORPUS,FALSE
CEV-04607,COL-0084,EVT-0902,818,TRUE,DAY,ALL_EVENTS_V15,,,CURATED_CORPUS,FALSE
CEV-04608,COL-0084,EVT-0903,819,TRUE,DAY,ALL_EVENTS_V15,,,CURATED_CORPUS,FALSE
CEV-04609,COL-0084,EVT-0265,820,TRUE,DAY,ALL_EVENTS_V15,,,CURATED_CORPUS,FALSE
CEV-04610,COL-0084,EVT-0904,821,TRUE,DAY,ALL_EVENTS_V15,,,CURATED_CORPUS,FALSE
CEV-04611,COL-0084,EVT-0905,822,TRUE,DAY,ALL_EVENTS_V15,,,CURATED_CORPUS,FALSE
CEV-04612,COL-0084,EVT-0266,823,TRUE,DAY,ALL_EVENTS_V15,,,CURATED_CORPUS,FALSE
CEV-04613,COL-0084,EVT-0131,824,TRUE,DAY,ALL_EVENTS_V15,,,CURATED_CORPUS,FALSE
CEV-04614,COL-0084,EVT-0906,825,TRUE,DAY,ALL_EVENTS_V15,,,CURATED_CORPUS,FALSE
CEV-04615,COL-0084,EVT-0132,826,TRUE,DAY,ALL_EVENTS_V15,,,CURATED_CORPUS,FALSE
CEV-04616,COL-0084,EVT-0907,827,TRUE,DAY,ALL_EVENTS_V15,,,CURATED_CORPUS,FALSE
CEV-04617,COL-0084,EVT-0908,828,TRUE,DAY,ALL_EVENTS_V15,,,CURATED_CORPUS,FALSE
CEV-04618,COL-0084,EVT-0967,829,TRUE,DAY,ALL_EVENTS_V15,,,CURATED_CORPUS,FALSE
CEV-04619,COL-0084,EVT-0540,830,TRUE,DAY,ALL_EVENTS_V15,,,CURATED_CORPUS,FALSE
CEV-04620,COL-0084,EVT-0968,831,TRUE,DAY,ALL_EVENTS_V15,,,CURATED_CORPUS,FALSE
CEV-04621,COL-0084,EVT-0909,832,TRUE,DAY,ALL_EVENTS_V15,,,CURATED_CORPUS,FALSE
CEV-04622,COL-0084,EVT-0267,833,TRUE,DAY,ALL_EVENTS_V15,,,CURATED_CORPUS,FALSE
CEV-04623,COL-0084,EVT-0910,834,TRUE,DAY,ALL_EVENTS_V15,,,CURATED_CORPUS,FALSE
CEV-04624,COL-0084,EVT-0969,835,TRUE,DAY,ALL_EVENTS_V15,,,CURATED_CORPUS,FALSE
CEV-04625,COL-0084,EVT-0911,836,TRUE,DAY,ALL_EVENTS_V15,,,CURATED_CORPUS,FALSE
CEV-04626,COL-0084,EVT-0970,837,TRUE,DAY,ALL_EVENTS_V15,,,CURATED_CORPUS,FALSE
CEV-04627,COL-0084,EVT-0912,838,TRUE,DAY,ALL_EVENTS_V15,,,CURATED_CORPUS,FALSE
CEV-04628,COL-0084,EVT-0913,839,TRUE,DAY,ALL_EVENTS_V15,,,CURATED_CORPUS,FALSE
CEV-04629,COL-0084,EVT-0914,840,TRUE,DAY,ALL_EVENTS_V15,,,CURATED_CORPUS,FALSE
CEV-04630,COL-0084,EVT-0268,841,TRUE,DAY,ALL_EVENTS_V15,,,CURATED_CORPUS,FALSE
CEV-04631,COL-0084,EVT-0541,842,TRUE,RANGE,ALL_EVENTS_V15,,,CURATED_CORPUS,FALSE
CEV-04632,COL-0084,EVT-0269,843,TRUE,DAY,ALL_EVENTS_V15,,,CURATED_CORPUS,FALSE
CEV-04633,COL-0084,EVT-0270,844,TRUE,DAY,ALL_EVENTS_V15,,,CURATED_CORPUS,FALSE
CEV-04634,COL-0084,EVT-0542,845,TRUE,DAY,ALL_EVENTS_V15,,,CURATED_CORPUS,FALSE
CEV-04635,COL-0084,EVT-0971,846,TRUE,DAY,ALL_EVENTS_V15,,,CURATED_CORPUS,FALSE
CEV-04636,COL-0084,EVT-0972,847,TRUE,DAY,ALL_EVENTS_V15,,,CURATED_CORPUS,FALSE
CEV-04637,COL-0084,EVT-0543,848,TRUE,DAY,ALL_EVENTS_V15,,,CURATED_CORPUS,FALSE
CEV-04638,COL-0084,EVT-0973,849,TRUE,DAY,ALL_EVENTS_V15,,,CURATED_CORPUS,FALSE
CEV-04639,COL-0084,EVT-0974,850,TRUE,DAY,ALL_EVENTS_V15,,,CURATED_CORPUS,FALSE
CEV-04640,COL-0084,EVT-0544,851,TRUE,DAY,ALL_EVENTS_V15,,,CURATED_CORPUS,FALSE
CEV-04641,COL-0084,EVT-0915,852,TRUE,DAY,ALL_EVENTS_V15,,,CURATED_CORPUS,FALSE
CEV-04642,COL-0084,EVT-0916,853,TRUE,DAY,ALL_EVENTS_V15,,,CURATED_CORPUS,FALSE
CEV-04643,COL-0084,EVT-0364,854,TRUE,DAY,ALL_EVENTS_V15,,,CURATED_CORPUS,FALSE
CEV-04644,COL-0084,EVT-0917,855,TRUE,DAY,ALL_EVENTS_V15,,,CURATED_CORPUS,FALSE
CEV-04645,COL-0084,EVT-0133,856,TRUE,DAY,ALL_EVENTS_V15,,,CURATED_CORPUS,FALSE
CEV-04646,COL-0084,EVT-0134,857,TRUE,DAY,ALL_EVENTS_V15,,,CURATED_CORPUS,FALSE
CEV-04647,COL-0084,EVT-0918,858,TRUE,DAY,ALL_EVENTS_V15,,,CURATED_CORPUS,FALSE
CEV-04648,COL-0084,EVT-0975,859,TRUE,DAY,ALL_EVENTS_V15,,,CURATED_CORPUS,FALSE
CEV-04649,COL-0084,EVT-0976,860,TRUE,DAY,ALL_EVENTS_V15,,,CURATED_CORPUS,FALSE
CEV-04650,COL-0084,EVT-0919,861,TRUE,DAY,ALL_EVENTS_V15,,,CURATED_CORPUS,FALSE
CEV-04651,COL-0084,EVT-0278,862,TRUE,DAY,ALL_EVENTS_V15,,,CURATED_CORPUS,FALSE
CEV-04652,COL-0084,EVT-0920,863,TRUE,DAY,ALL_EVENTS_V15,,,CURATED_CORPUS,FALSE
CEV-04653,COL-0084,EVT-0977,864,TRUE,DAY,ALL_EVENTS_V15,,,CURATED_CORPUS,FALSE
CEV-04654,COL-0084,EVT-0921,865,TRUE,DAY,ALL_EVENTS_V15,,,CURATED_CORPUS,FALSE
CEV-04655,COL-0084,EVT-0922,866,TRUE,DAY,ALL_EVENTS_V15,,,CURATED_CORPUS,FALSE
CEV-04656,COL-0084,EVT-0923,867,TRUE,DAY,ALL_EVENTS_V15,,,CURATED_CORPUS,FALSE
CEV-04657,COL-0084,EVT-0280,868,TRUE,DAY,ALL_EVENTS_V15,,,CURATED_CORPUS,FALSE
CEV-04658,COL-0084,EVT-1041,869,TRUE,DAY,ALL_EVENTS_V15,,,CURATED_CORPUS,FALSE
CEV-04659,COL-0084,EVT-0924,870,TRUE,DAY,ALL_EVENTS_V15,,,CURATED_CORPUS,FALSE
CEV-04660,COL-0084,EVT-0545,871,TRUE,DAY,ALL_EVENTS_V15,,,CURATED_CORPUS,FALSE
CEV-04661,COL-0084,EVT-0925,872,TRUE,DAY,ALL_EVENTS_V15,,,CURATED_CORPUS,FALSE
CEV-04662,COL-0084,EVT-0135,873,TRUE,DAY,ALL_EVENTS_V15,,,CURATED_CORPUS,FALSE
CEV-04663,COL-0084,EVT-0546,874,TRUE,DAY,ALL_EVENTS_V15,,,CURATED_CORPUS,FALSE
CEV-04664,COL-0084,EVT-0114,875,TRUE,DAY,ALL_EVENTS_V15,,,CURATED_CORPUS,FALSE
CEV-04665,COL-0084,EVT-0926,876,TRUE,DAY,ALL_EVENTS_V15,,,CURATED_CORPUS,FALSE
CEV-04666,COL-0084,EVT-0927,877,TRUE,DAY,ALL_EVENTS_V15,,,CURATED_CORPUS,FALSE
CEV-04667,COL-0084,EVT-0281,878,TRUE,DAY,ALL_EVENTS_V15,,,CURATED_CORPUS,FALSE
CEV-04668,COL-0084,EVT-0299,879,TRUE,DAY,ALL_EVENTS_V15,,,CURATED_CORPUS,FALSE
CEV-04669,COL-0084,EVT-0547,880,TRUE,DAY,ALL_EVENTS_V15,,,CURATED_CORPUS,FALSE
CEV-04670,COL-0084,EVT-0277,881,TRUE,DAY,ALL_EVENTS_V15,,,CURATED_CORPUS,FALSE
CEV-04671,COL-0084,EVT-0256,882,TRUE,DAY,ALL_EVENTS_V15,,,CURATED_CORPUS,FALSE
CEV-04672,COL-0084,EVT-0928,883,FALSE,NOT_AUTOMATIC,ALL_EVENTS_V15,,,CURATED_CORPUS,FALSE
CEV-04673,COL-0084,EVT-0300,884,TRUE,DAY,ALL_EVENTS_V15,,,CURATED_CORPUS,FALSE
CEV-04674,COL-0084,EVT-0929,885,TRUE,DAY,ALL_EVENTS_V15,,,CURATED_CORPUS,FALSE
CEV-04675,COL-0084,EVT-0301,886,TRUE,DAY,ALL_EVENTS_V15,,,CURATED_CORPUS,FALSE
CEV-04676,COL-0084,EVT-0257,887,TRUE,DAY,ALL_EVENTS_V15,,,CURATED_CORPUS,FALSE
CEV-04677,COL-0084,EVT-0258,888,TRUE,DAY,ALL_EVENTS_V15,,,CURATED_CORPUS,FALSE
CEV-04678,COL-0084,EVT-0930,889,TRUE,DAY,ALL_EVENTS_V15,,,CURATED_CORPUS,FALSE
CEV-04679,COL-0084,EVT-0115,890,TRUE,DAY,ALL_EVENTS_V15,,,CURATED_CORPUS,FALSE
CEV-04680,COL-0084,EVT-0271,891,TRUE,DAY,ALL_EVENTS_V15,,,CURATED_CORPUS,FALSE
CEV-04681,COL-0084,EVT-0931,892,TRUE,DAY,ALL_EVENTS_V15,,,CURATED_CORPUS,FALSE
CEV-04682,COL-0084,EVT-0317,893,TRUE,DAY,ALL_EVENTS_V15,,,CURATED_CORPUS,FALSE
CEV-04683,COL-0084,EVT-0305,894,TRUE,DAY,ALL_EVENTS_V15,,,CURATED_CORPUS,FALSE
CEV-04684,COL-0084,EVT-0932,895,TRUE,DAY,ALL_EVENTS_V15,,,CURATED_CORPUS,FALSE
CEV-04685,COL-0084,EVT-0272,896,TRUE,DAY,ALL_EVENTS_V15,,,CURATED_CORPUS,FALSE
CEV-04686,COL-0084,EVT-0303,897,TRUE,RANGE,ALL_EVENTS_V15,,,CURATED_CORPUS,FALSE
CEV-04687,COL-0084,EVT-0304,898,TRUE,DAY,ALL_EVENTS_V15,,,CURATED_CORPUS,FALSE
CEV-04688,COL-0084,EVT-0259,899,TRUE,DAY,ALL_EVENTS_V15,,,CURATED_CORPUS,FALSE
CEV-04689,COL-0084,EVT-0933,900,TRUE,DAY,ALL_EVENTS_V15,,,CURATED_CORPUS,FALSE
CEV-04690,COL-0084,EVT-0260,901,TRUE,DAY,ALL_EVENTS_V15,,,CURATED_CORPUS,FALSE
CEV-04691,COL-0084,EVT-0261,902,TRUE,DAY,ALL_EVENTS_V15,,,CURATED_CORPUS,FALSE
CEV-04692,COL-0084,EVT-0279,903,TRUE,DAY,ALL_EVENTS_V15,,,CURATED_CORPUS,FALSE
CEV-04693,COL-0084,EVT-0934,904,TRUE,DAY,ALL_EVENTS_V15,,,CURATED_CORPUS,FALSE
CEV-04694,COL-0084,EVT-0282,905,TRUE,DAY,ALL_EVENTS_V15,,,CURATED_CORPUS,FALSE
CEV-04695,COL-0084,EVT-0935,906,TRUE,DAY,ALL_EVENTS_V15,,,CURATED_CORPUS,FALSE
CEV-04696,COL-0084,EVT-0936,907,TRUE,DAY,ALL_EVENTS_V15,,,CURATED_CORPUS,FALSE
CEV-04697,COL-0084,EVT-0937,908,TRUE,DAY,ALL_EVENTS_V15,,,CURATED_CORPUS,FALSE
CEV-04698,COL-0084,EVT-0938,909,TRUE,DAY,ALL_EVENTS_V15,,,CURATED_CORPUS,FALSE
CEV-04699,COL-0084,EVT-0296,910,TRUE,DAY,ALL_EVENTS_V15,,,CURATED_CORPUS,FALSE
CEV-04700,COL-0084,EVT-0939,911,TRUE,DAY,ALL_EVENTS_V15,,,CURATED_CORPUS,FALSE
CEV-04701,COL-0084,EVT-0318,912,TRUE,DAY,ALL_EVENTS_V15,,,CURATED_CORPUS,FALSE
CEV-04702,COL-0084,EVT-0940,913,TRUE,DAY,ALL_EVENTS_V15,,,CURATED_CORPUS,FALSE
CEV-04703,COL-0084,EVT-0941,914,TRUE,DAY,ALL_EVENTS_V15,,,CURATED_CORPUS,FALSE
CEV-04704,COL-0084,EVT-0942,915,TRUE,DAY,ALL_EVENTS_V15,,,CURATED_CORPUS,FALSE
CEV-04705,COL-0084,EVT-0943,916,TRUE,DAY,ALL_EVENTS_V15,,,CURATED_CORPUS,FALSE
CEV-04706,COL-0084,EVT-0290,917,TRUE,DAY,ALL_EVENTS_V15,,,CURATED_CORPUS,FALSE
CEV-04707,COL-0084,EVT-0944,918,TRUE,DAY,ALL_EVENTS_V15,,,CURATED_CORPUS,FALSE
CEV-04708,COL-0084,EVT-0945,919,TRUE,DAY,ALL_EVENTS_V15,,,CURATED_CORPUS,FALSE
CEV-04709,COL-0084,EVT-1028,920,TRUE,DAY,ALL_EVENTS_V15,,,CURATED_CORPUS,FALSE
CEV-04710,COL-0084,EVT-0978,921,TRUE,DAY,ALL_EVENTS_V15,,,CURATED_CORPUS,FALSE
CEV-04711,COL-0084,EVT-0291,922,TRUE,DAY,ALL_EVENTS_V15,,,CURATED_CORPUS,FALSE
CEV-04712,COL-0084,EVT-0979,923,TRUE,DAY,ALL_EVENTS_V15,,,CURATED_CORPUS,FALSE
CEV-04713,COL-0084,EVT-0980,924,TRUE,DAY,ALL_EVENTS_V15,,,CURATED_CORPUS,FALSE
CEV-04714,COL-0084,EVT-0981,925,TRUE,DAY,ALL_EVENTS_V15,,,CURATED_CORPUS,FALSE
CEV-04715,COL-0084,EVT-0982,926,TRUE,DAY,ALL_EVENTS_V15,,,CURATED_CORPUS,FALSE
CEV-04716,COL-0084,EVT-1029,927,TRUE,DAY,ALL_EVENTS_V15,,,CURATED_CORPUS,FALSE
CEV-04717,COL-0084,EVT-0983,928,TRUE,DAY,ALL_EVENTS_V15,,,CURATED_CORPUS,FALSE
CEV-04718,COL-0084,EVT-0302,929,TRUE,DAY,ALL_EVENTS_V15,,,CURATED_CORPUS,FALSE
CEV-04719,COL-0084,EVT-0984,930,TRUE,DAY,ALL_EVENTS_V15,,,CURATED_CORPUS,FALSE
CEV-04720,COL-0084,EVT-0985,931,TRUE,DAY,ALL_EVENTS_V15,,,CURATED_CORPUS,FALSE
CEV-04721,COL-0084,EVT-0986,932,TRUE,DAY,ALL_EVENTS_V15,,,CURATED_CORPUS,FALSE
CEV-04722,COL-0084,EVT-0987,933,TRUE,DAY,ALL_EVENTS_V15,,,CURATED_CORPUS,FALSE
CEV-04723,COL-0084,EVT-0988,934,TRUE,DAY,ALL_EVENTS_V15,,,CURATED_CORPUS,FALSE
CEV-04724,COL-0084,EVT-0319,935,TRUE,DAY,ALL_EVENTS_V15,,,CURATED_CORPUS,FALSE
CEV-04725,COL-0084,EVT-0989,936,TRUE,DAY,ALL_EVENTS_V15,,,CURATED_CORPUS,FALSE
CEV-04726,COL-0084,EVT-0297,937,TRUE,DAY,ALL_EVENTS_V15,,,CURATED_CORPUS,FALSE
CEV-04727,COL-0084,EVT-0990,938,TRUE,DAY,ALL_EVENTS_V15,,,CURATED_CORPUS,FALSE
CEV-04728,COL-0084,EVT-0991,939,TRUE,DAY,ALL_EVENTS_V15,,,CURATED_CORPUS,FALSE
CEV-04729,COL-0084,EVT-0992,940,TRUE,DAY,ALL_EVENTS_V15,,,CURATED_CORPUS,FALSE
CEV-04730,COL-0084,EVT-0993,941,TRUE,DAY,ALL_EVENTS_V15,,,CURATED_CORPUS,FALSE
CEV-04731,COL-0084,EVT-0994,942,TRUE,DAY,ALL_EVENTS_V15,,,CURATED_CORPUS,FALSE
CEV-04732,COL-0084,EVT-0326,943,TRUE,DAY,ALL_EVENTS_V15,,,CURATED_CORPUS,FALSE
CEV-04733,COL-0084,EVT-0312,944,TRUE,YEAR,ALL_EVENTS_V15,,,CURATED_CORPUS,FALSE
CEV-04734,COL-0084,EVT-0995,945,TRUE,DAY,ALL_EVENTS_V15,,,CURATED_CORPUS,FALSE
CEV-04735,COL-0084,EVT-0996,946,TRUE,DAY,ALL_EVENTS_V15,,,CURATED_CORPUS,FALSE
CEV-04736,COL-0084,EVT-0997,947,TRUE,DAY,ALL_EVENTS_V15,,,CURATED_CORPUS,FALSE
CEV-04737,COL-0084,EVT-0998,948,TRUE,DAY,ALL_EVENTS_V15,,,CURATED_CORPUS,FALSE
CEV-04738,COL-0084,EVT-0999,949,TRUE,DAY,ALL_EVENTS_V15,,,CURATED_CORPUS,FALSE
CEV-04739,COL-0084,EVT-1000,950,TRUE,DAY,ALL_EVENTS_V15,,,CURATED_CORPUS,FALSE
CEV-04740,COL-0084,EVT-0311,951,TRUE,YEAR,ALL_EVENTS_V15,,,CURATED_CORPUS,FALSE
CEV-04741,COL-0084,EVT-0309,952,TRUE,RANGE,ALL_EVENTS_V15,,,CURATED_CORPUS,FALSE
CEV-04742,COL-0084,EVT-1001,953,TRUE,DAY,ALL_EVENTS_V15,,,CURATED_CORPUS,FALSE
CEV-04743,COL-0084,EVT-1002,954,TRUE,DAY,ALL_EVENTS_V15,,,CURATED_CORPUS,FALSE
CEV-04744,COL-0084,EVT-1003,955,TRUE,DAY,ALL_EVENTS_V15,,,CURATED_CORPUS,FALSE
CEV-04745,COL-0084,EVT-1004,956,TRUE,DAY,ALL_EVENTS_V15,,,CURATED_CORPUS,FALSE
CEV-04746,COL-0084,EVT-1005,957,TRUE,DAY,ALL_EVENTS_V15,,,CURATED_CORPUS,FALSE
CEV-04747,COL-0084,EVT-1006,958,TRUE,DAY,ALL_EVENTS_V15,,,CURATED_CORPUS,FALSE
CEV-04748,COL-0084,EVT-1007,959,TRUE,DAY,ALL_EVENTS_V15,,,CURATED_CORPUS,FALSE
CEV-04749,COL-0084,EVT-1008,960,TRUE,DAY,ALL_EVENTS_V15,,,CURATED_CORPUS,FALSE
CEV-04750,COL-0084,EVT-0320,961,TRUE,DAY,ALL_EVENTS_V15,,,CURATED_CORPUS,FALSE
CEV-04751,COL-0084,EVT-1009,962,TRUE,DAY,ALL_EVENTS_V15,,,CURATED_CORPUS,FALSE
CEV-04752,COL-0084,EVT-0310,963,TRUE,DAY,ALL_EVENTS_V15,,,CURATED_CORPUS,FALSE
CEV-04753,COL-0084,EVT-0321,964,TRUE,DAY,ALL_EVENTS_V15,,,CURATED_CORPUS,FALSE
CEV-04754,COL-0084,EVT-1010,965,TRUE,DAY,ALL_EVENTS_V15,,,CURATED_CORPUS,FALSE
CEV-04755,COL-0084,EVT-0306,966,TRUE,DAY,ALL_EVENTS_V15,,,CURATED_CORPUS,FALSE
CEV-04756,COL-0084,EVT-1011,967,TRUE,DAY,ALL_EVENTS_V15,,,CURATED_CORPUS,FALSE
CEV-04757,COL-0084,EVT-1012,968,TRUE,DAY,ALL_EVENTS_V15,,,CURATED_CORPUS,FALSE
CEV-04758,COL-0084,EVT-1013,969,TRUE,DAY,ALL_EVENTS_V15,,,CURATED_CORPUS,FALSE
CEV-04759,COL-0084,EVT-1014,970,TRUE,DAY,ALL_EVENTS_V15,,,CURATED_CORPUS,FALSE
CEV-04760,COL-0084,EVT-1015,971,TRUE,DAY,ALL_EVENTS_V15,,,CURATED_CORPUS,FALSE
CEV-04761,COL-0084,EVT-1016,972,TRUE,DAY,ALL_EVENTS_V15,,,CURATED_CORPUS,FALSE
CEV-04762,COL-0084,EVT-1017,973,TRUE,DAY,ALL_EVENTS_V15,,,CURATED_CORPUS,FALSE
CEV-04763,COL-0084,EVT-1018,974,TRUE,DAY,ALL_EVENTS_V15,,,CURATED_CORPUS,FALSE
CEV-04764,COL-0084,EVT-1019,975,TRUE,DAY,ALL_EVENTS_V15,,,CURATED_CORPUS,FALSE
CEV-04765,COL-0084,EVT-1020,976,TRUE,DAY,ALL_EVENTS_V15,,,CURATED_CORPUS,FALSE
CEV-04766,COL-0084,EVT-1021,977,TRUE,DAY,ALL_EVENTS_V15,,,CURATED_CORPUS,FALSE
CEV-04767,COL-0084,EVT-1022,978,TRUE,DAY,ALL_EVENTS_V15,,,CURATED_CORPUS,FALSE
CEV-04768,COL-0084,EVT-1023,979,TRUE,DAY,ALL_EVENTS_V15,,,CURATED_CORPUS,FALSE
CEV-04769,COL-0084,EVT-1024,980,TRUE,DAY,ALL_EVENTS_V15,,,CURATED_CORPUS,FALSE
CEV-04770,COL-0084,EVT-0293,981,TRUE,DAY,ALL_EVENTS_V15,,,CURATED_CORPUS,FALSE
CEV-04771,COL-0084,EVT-1025,982,TRUE,DAY,ALL_EVENTS_V15,,,CURATED_CORPUS,FALSE
CEV-04772,COL-0084,EVT-1026,983,TRUE,DAY,ALL_EVENTS_V15,,,CURATED_CORPUS,FALSE
CEV-04773,COL-0084,EVT-1027,984,TRUE,DAY,ALL_EVENTS_V15,,,CURATED_CORPUS,FALSE
CEV-04774,COL-0084,EVT-0294,985,TRUE,DAY,ALL_EVENTS_V15,,,CURATED_CORPUS,FALSE
CEV-04775,COL-0084,EVT-0009,986,FALSE,NOT_AUTOMATIC,ALL_EVENTS_V15,,,CURATED_CORPUS,FALSE
CEV-04776,COL-0084,EVT-0022,987,FALSE,NOT_AUTOMATIC,ALL_EVENTS_V15,,,CURATED_CORPUS,FALSE
CEV-04777,COL-0084,EVT-0025,988,FALSE,NOT_AUTOMATIC,ALL_EVENTS_V15,,,CURATED_CORPUS,FALSE
CEV-04778,COL-0084,EVT-0026,989,FALSE,NOT_AUTOMATIC,ALL_EVENTS_V15,,,CURATED_CORPUS,FALSE
CEV-04779,COL-0084,EVT-0029,990,FALSE,NOT_AUTOMATIC,ALL_EVENTS_V15,,,CURATED_CORPUS,FALSE
CEV-04780,COL-0084,EVT-0053,991,FALSE,NOT_AUTOMATIC,ALL_EVENTS_V15,,,CURATED_CORPUS,FALSE
CEV-04781,COL-0084,EVT-0142,992,FALSE,NOT_AUTOMATIC,ALL_EVENTS_V15,,,CURATED_CORPUS,FALSE
CEV-04782,COL-0084,EVT-0145,993,FALSE,NOT_AUTOMATIC,ALL_EVENTS_V15,,,CURATED_CORPUS,FALSE
CEV-04783,COL-0084,EVT-0168,994,FALSE,NOT_AUTOMATIC,ALL_EVENTS_V15,,,CURATED_CORPUS,FALSE
CEV-04784,COL-0084,EVT-0169,995,FALSE,NOT_AUTOMATIC,ALL_EVENTS_V15,,,CURATED_CORPUS,FALSE
CEV-04785,COL-0084,EVT-0170,996,FALSE,NOT_AUTOMATIC,ALL_EVENTS_V15,,,CURATED_CORPUS,FALSE
CEV-04786,COL-0084,EVT-0338,997,FALSE,NOT_AUTOMATIC,ALL_EVENTS_V15,,,CURATED_CORPUS,FALSE
CEV-04787,COL-0084,EVT-0339,998,FALSE,NOT_AUTOMATIC,ALL_EVENTS_V15,,,CURATED_CORPUS,FALSE
CEV-04788,COL-0084,EVT-0342,999,FALSE,NOT_AUTOMATIC,ALL_EVENTS_V15,,,CURATED_CORPUS,FALSE
CEV-04789,COL-0084,EVT-0345,1000,FALSE,NOT_AUTOMATIC,ALL_EVENTS_V15,,,CURATED_CORPUS,FALSE
CEV-04790,COL-0085,EVT-1042,1,TRUE,YEAR,corpus-general-culture-v2,,,CURATED_CORPUS,FALSE
CEV-04791,COL-0085,EVT-1043,2,TRUE,YEAR,corpus-general-culture-v2,,,CURATED_CORPUS,FALSE
CEV-04792,COL-0085,EVT-1044,3,TRUE,YEAR,corpus-general-culture-v2,,,CURATED_CORPUS,FALSE
CEV-04793,COL-0085,EVT-1045,4,TRUE,YEAR,corpus-general-culture-v2,,,CURATED_CORPUS,FALSE
CEV-04794,COL-0085,EVT-1046,5,TRUE,YEAR,corpus-general-culture-v2,,,CURATED_CORPUS,FALSE
CEV-04795,COL-0085,EVT-1047,6,TRUE,YEAR,corpus-general-culture-v2,,,CURATED_CORPUS,FALSE
CEV-04796,COL-0085,EVT-1048,7,TRUE,YEAR,corpus-general-culture-v2,,,CURATED_CORPUS,FALSE
CEV-04797,COL-0085,EVT-1049,8,TRUE,YEAR,corpus-general-culture-v2,,,CURATED_CORPUS,FALSE
CEV-04798,COL-0085,EVT-1050,9,TRUE,YEAR,corpus-general-culture-v2,,,CURATED_CORPUS,FALSE
CEV-04799,COL-0085,EVT-1051,10,TRUE,YEAR,corpus-general-culture-v2,,,CURATED_CORPUS,FALSE
CEV-04800,COL-0085,EVT-1052,11,TRUE,YEAR,corpus-general-culture-v2,,,CURATED_CORPUS,FALSE
CEV-04801,COL-0085,EVT-1053,12,TRUE,YEAR,corpus-general-culture-v2,,,CURATED_CORPUS,FALSE
CEV-04802,COL-0085,EVT-1054,13,TRUE,YEAR,corpus-general-culture-v2,,,CURATED_CORPUS,FALSE
CEV-04803,COL-0085,EVT-1055,14,TRUE,YEAR,corpus-general-culture-v2,,,CURATED_CORPUS,FALSE
CEV-04804,COL-0085,EVT-1056,15,TRUE,YEAR,corpus-general-culture-v2,,,CURATED_CORPUS,FALSE
CEV-04805,COL-0085,EVT-1057,16,TRUE,YEAR,corpus-general-culture-v2,,,CURATED_CORPUS,FALSE
CEV-04806,COL-0085,EVT-1058,17,TRUE,YEAR,corpus-general-culture-v2,,,CURATED_CORPUS,FALSE
CEV-04807,COL-0085,EVT-1059,18,TRUE,YEAR,corpus-general-culture-v2,,,CURATED_CORPUS,FALSE
CEV-04808,COL-0085,EVT-1060,19,TRUE,YEAR,corpus-general-culture-v2,,,CURATED_CORPUS,FALSE
CEV-04809,COL-0085,EVT-1061,20,TRUE,YEAR,corpus-general-culture-v2,,,CURATED_CORPUS,FALSE
CEV-04810,COL-0085,EVT-1062,21,TRUE,YEAR,corpus-general-culture-v2,,,CURATED_CORPUS,FALSE
CEV-04811,COL-0085,EVT-1063,22,TRUE,YEAR,corpus-general-culture-v2,,,CURATED_CORPUS,FALSE
CEV-04812,COL-0085,EVT-1064,23,TRUE,YEAR,corpus-general-culture-v2,,,CURATED_CORPUS,FALSE
CEV-04813,COL-0085,EVT-1065,24,TRUE,YEAR,corpus-general-culture-v2,,,CURATED_CORPUS,FALSE
CEV-04814,COL-0085,EVT-1066,25,TRUE,YEAR,corpus-general-culture-v2,,,CURATED_CORPUS,FALSE
CEV-04815,COL-0085,EVT-1067,26,TRUE,YEAR,corpus-general-culture-v2,,,CURATED_CORPUS,FALSE
CEV-04816,COL-0085,EVT-1068,27,TRUE,YEAR,corpus-general-culture-v2,,,CURATED_CORPUS,FALSE
CEV-04817,COL-0085,EVT-1069,28,TRUE,YEAR,corpus-general-culture-v2,,,CURATED_CORPUS,FALSE
CEV-04818,COL-0085,EVT-1070,29,TRUE,YEAR,corpus-general-culture-v2,,,CURATED_CORPUS,FALSE
CEV-04819,COL-0085,EVT-1071,30,TRUE,YEAR,corpus-general-culture-v2,,,CURATED_CORPUS,FALSE
CEV-04820,COL-0085,EVT-1072,31,TRUE,YEAR,corpus-general-culture-v2,,,CURATED_CORPUS,FALSE
CEV-04821,COL-0085,EVT-1073,32,TRUE,YEAR,corpus-general-culture-v2,,,CURATED_CORPUS,FALSE
CEV-04822,COL-0085,EVT-1074,33,TRUE,YEAR,corpus-general-culture-v2,,,CURATED_CORPUS,FALSE
CEV-04823,COL-0085,EVT-1075,34,TRUE,YEAR,corpus-general-culture-v2,,,CURATED_CORPUS,FALSE
CEV-04824,COL-0085,EVT-1076,35,TRUE,YEAR,corpus-general-culture-v2,,,CURATED_CORPUS,FALSE
CEV-04825,COL-0085,EVT-1077,36,TRUE,YEAR,corpus-general-culture-v2,,,CURATED_CORPUS,FALSE
CEV-04826,COL-0085,EVT-1078,37,TRUE,YEAR,corpus-general-culture-v2,,,CURATED_CORPUS,FALSE
CEV-04827,COL-0085,EVT-1079,38,TRUE,YEAR,corpus-general-culture-v2,,,CURATED_CORPUS,FALSE
CEV-04828,COL-0085,EVT-1080,39,TRUE,YEAR,corpus-general-culture-v2,,,CURATED_CORPUS,FALSE
CEV-04829,COL-0085,EVT-1081,40,TRUE,YEAR,corpus-general-culture-v2,,,CURATED_CORPUS,FALSE
CEV-04830,COL-0085,EVT-1082,41,TRUE,YEAR,corpus-general-culture-v2,,,CURATED_CORPUS,FALSE
CEV-04831,COL-0085,EVT-1083,42,TRUE,YEAR,corpus-general-culture-v2,,,CURATED_CORPUS,FALSE
CEV-04832,COL-0085,EVT-1084,43,TRUE,YEAR,corpus-general-culture-v2,,,CURATED_CORPUS,FALSE
CEV-04833,COL-0085,EVT-1085,44,TRUE,YEAR,corpus-general-culture-v2,,,CURATED_CORPUS,FALSE
CEV-04834,COL-0085,EVT-1086,45,TRUE,YEAR,corpus-general-culture-v2,,,CURATED_CORPUS,FALSE
CEV-04835,COL-0085,EVT-1087,46,TRUE,YEAR,corpus-general-culture-v2,,,CURATED_CORPUS,FALSE
CEV-04836,COL-0085,EVT-1088,47,TRUE,YEAR,corpus-general-culture-v2,,,CURATED_CORPUS,FALSE
CEV-04837,COL-0085,EVT-1089,48,TRUE,YEAR,corpus-general-culture-v2,,,CURATED_CORPUS,FALSE
CEV-04838,COL-0085,EVT-1090,49,TRUE,YEAR,corpus-general-culture-v2,,,CURATED_CORPUS,FALSE
CEV-04839,COL-0085,EVT-1091,50,TRUE,YEAR,corpus-general-culture-v2,,,CURATED_CORPUS,FALSE
CEV-04840,COL-0085,EVT-1092,51,TRUE,YEAR,corpus-general-culture-v2,,,CURATED_CORPUS,FALSE
CEV-04841,COL-0085,EVT-1093,52,TRUE,YEAR,corpus-general-culture-v2,,,CURATED_CORPUS,FALSE
CEV-04842,COL-0085,EVT-1094,53,TRUE,YEAR,corpus-general-culture-v2,,,CURATED_CORPUS,FALSE
CEV-04843,COL-0085,EVT-1095,54,TRUE,YEAR,corpus-general-culture-v2,,,CURATED_CORPUS,FALSE
CEV-04844,COL-0085,EVT-1096,55,TRUE,DAY,corpus-general-culture-v2,,,CURATED_CORPUS,FALSE
CEV-04845,COL-0085,EVT-1097,56,TRUE,YEAR,corpus-general-culture-v2,,,CURATED_CORPUS,FALSE
CEV-04846,COL-0085,EVT-1098,57,TRUE,DAY,corpus-general-culture-v2,,,CURATED_CORPUS,FALSE
CEV-04847,COL-0085,EVT-1099,58,TRUE,YEAR,corpus-general-culture-v2,,,CURATED_CORPUS,FALSE
CEV-04848,COL-0085,EVT-1100,59,TRUE,YEAR,corpus-general-culture-v2,,,CURATED_CORPUS,FALSE
CEV-04849,COL-0085,EVT-1101,60,TRUE,YEAR,corpus-general-culture-v2,,,CURATED_CORPUS,FALSE
CEV-04850,COL-0085,EVT-1102,61,TRUE,YEAR,corpus-general-culture-v2,,,CURATED_CORPUS,FALSE
CEV-04851,COL-0085,EVT-1103,62,TRUE,YEAR,corpus-general-culture-v2,,,CURATED_CORPUS,FALSE
CEV-04852,COL-0085,EVT-1104,63,TRUE,YEAR,corpus-general-culture-v2,,,CURATED_CORPUS,FALSE
CEV-04853,COL-0085,EVT-1105,64,TRUE,YEAR,corpus-general-culture-v2,,,CURATED_CORPUS,FALSE
CEV-04854,COL-0085,EVT-1106,65,TRUE,YEAR,corpus-general-culture-v2,,,CURATED_CORPUS,FALSE
CEV-04855,COL-0085,EVT-1107,66,TRUE,YEAR,corpus-general-culture-v2,,,CURATED_CORPUS,FALSE
CEV-04856,COL-0085,EVT-1108,67,TRUE,YEAR,corpus-general-culture-v2,,,CURATED_CORPUS,FALSE
CEV-04857,COL-0085,EVT-1109,68,TRUE,DAY,corpus-general-culture-v2,,,CURATED_CORPUS,FALSE
CEV-04858,COL-0085,EVT-1110,69,TRUE,YEAR,corpus-general-culture-v2,,,CURATED_CORPUS,FALSE
CEV-04859,COL-0085,EVT-1111,70,TRUE,YEAR,corpus-general-culture-v2,,,CURATED_CORPUS,FALSE
CEV-04860,COL-0085,EVT-1112,71,TRUE,YEAR,corpus-general-culture-v2,,,CURATED_CORPUS,FALSE
CEV-04861,COL-0085,EVT-1113,72,TRUE,YEAR,corpus-general-culture-v2,,,CURATED_CORPUS,FALSE
CEV-04862,COL-0085,EVT-1114,73,TRUE,YEAR,corpus-general-culture-v2,,,CURATED_CORPUS,FALSE
CEV-04863,COL-0085,EVT-1115,74,TRUE,DAY,corpus-general-culture-v2,,,CURATED_CORPUS,FALSE
CEV-04864,COL-0085,EVT-1116,75,TRUE,YEAR,corpus-general-culture-v2,,,CURATED_CORPUS,FALSE
CEV-04865,COL-0085,EVT-1117,76,TRUE,YEAR,corpus-general-culture-v2,,,CURATED_CORPUS,FALSE
CEV-04866,COL-0085,EVT-1118,77,TRUE,YEAR,corpus-general-culture-v2,,,CURATED_CORPUS,FALSE
CEV-04867,COL-0085,EVT-1119,78,TRUE,YEAR,corpus-general-culture-v2,,,CURATED_CORPUS,FALSE
CEV-04868,COL-0085,EVT-1120,79,TRUE,YEAR,corpus-general-culture-v2,,,CURATED_CORPUS,FALSE
CEV-04869,COL-0085,EVT-1121,80,TRUE,YEAR,corpus-general-culture-v2,,,CURATED_CORPUS,FALSE
CEV-04870,COL-0085,EVT-1122,81,TRUE,YEAR,corpus-general-culture-v2,,,CURATED_CORPUS,FALSE
CEV-04871,COL-0085,EVT-1123,82,TRUE,YEAR,corpus-general-culture-v2,,,CURATED_CORPUS,FALSE
CEV-04872,COL-0085,EVT-1124,83,TRUE,YEAR,corpus-general-culture-v2,,,CURATED_CORPUS,FALSE
CEV-04873,COL-0085,EVT-1125,84,TRUE,YEAR,corpus-general-culture-v2,,,CURATED_CORPUS,FALSE
CEV-04874,COL-0085,EVT-1126,85,TRUE,YEAR,corpus-general-culture-v2,,,CURATED_CORPUS,FALSE
CEV-04875,COL-0085,EVT-1127,86,TRUE,YEAR,corpus-general-culture-v2,,,CURATED_CORPUS,FALSE
CEV-04876,COL-0085,EVT-1128,87,TRUE,YEAR,corpus-general-culture-v2,,,CURATED_CORPUS,FALSE
CEV-04877,COL-0085,EVT-1129,88,TRUE,YEAR,corpus-general-culture-v2,,,CURATED_CORPUS,FALSE
CEV-04878,COL-0085,EVT-1130,89,TRUE,YEAR,corpus-general-culture-v2,,,CURATED_CORPUS,FALSE
CEV-04879,COL-0085,EVT-1131,90,TRUE,YEAR,corpus-general-culture-v2,,,CURATED_CORPUS,FALSE
CEV-04880,COL-0085,EVT-1132,91,TRUE,YEAR,corpus-general-culture-v2,,,CURATED_CORPUS,FALSE
CEV-04881,COL-0085,EVT-1133,92,TRUE,YEAR,corpus-general-culture-v2,,,CURATED_CORPUS,FALSE
CEV-04882,COL-0085,EVT-1134,93,TRUE,YEAR,corpus-general-culture-v2,,,CURATED_CORPUS,FALSE
CEV-04883,COL-0085,EVT-1135,94,TRUE,DAY,corpus-general-culture-v2,,,CURATED_CORPUS,FALSE
CEV-04884,COL-0085,EVT-1136,95,TRUE,YEAR,corpus-general-culture-v2,,,CURATED_CORPUS,FALSE
CEV-04885,COL-0085,EVT-1137,96,TRUE,YEAR,corpus-general-culture-v2,,,CURATED_CORPUS,FALSE
CEV-04886,COL-0085,EVT-1138,97,TRUE,DAY,corpus-general-culture-v2,,,CURATED_CORPUS,FALSE
CEV-04887,COL-0085,EVT-1139,98,TRUE,YEAR,corpus-general-culture-v2,,,CURATED_CORPUS,FALSE
CEV-04888,COL-0085,EVT-1140,99,TRUE,YEAR,corpus-general-culture-v2,,,CURATED_CORPUS,FALSE
CEV-04889,COL-0085,EVT-1141,100,TRUE,YEAR,corpus-general-culture-v2,,,CURATED_CORPUS,FALSE
CEV-04890,COL-0085,EVT-1142,101,TRUE,YEAR,corpus-general-culture-v2,,,CURATED_CORPUS,FALSE
CEV-04891,COL-0085,EVT-1143,102,TRUE,YEAR,corpus-general-culture-v2,,,CURATED_CORPUS,FALSE
CEV-04892,COL-0085,EVT-1144,103,TRUE,YEAR,corpus-general-culture-v2,,,CURATED_CORPUS,FALSE
CEV-04893,COL-0085,EVT-1145,104,TRUE,DAY,corpus-general-culture-v2,,,CURATED_CORPUS,FALSE
CEV-04894,COL-0085,EVT-1146,105,TRUE,YEAR,corpus-general-culture-v2,,,CURATED_CORPUS,FALSE
CEV-04895,COL-0085,EVT-1147,106,TRUE,YEAR,corpus-general-culture-v2,,,CURATED_CORPUS,FALSE
CEV-04896,COL-0085,EVT-1148,107,TRUE,DAY,corpus-general-culture-v2,,,CURATED_CORPUS,FALSE
CEV-04897,COL-0085,EVT-1149,108,TRUE,YEAR,corpus-general-culture-v2,,,CURATED_CORPUS,FALSE
CEV-04898,COL-0085,EVT-1150,109,TRUE,YEAR,corpus-general-culture-v2,,,CURATED_CORPUS,FALSE
CEV-04899,COL-0085,EVT-1151,110,TRUE,YEAR,corpus-general-culture-v2,,,CURATED_CORPUS,FALSE
CEV-04900,COL-0085,EVT-1152,111,TRUE,YEAR,corpus-general-culture-v2,,,CURATED_CORPUS,FALSE
CEV-04901,COL-0085,EVT-1153,112,TRUE,YEAR,corpus-general-culture-v2,,,CURATED_CORPUS,FALSE
CEV-04902,COL-0085,EVT-1154,113,TRUE,YEAR,corpus-general-culture-v2,,,CURATED_CORPUS,FALSE
CEV-04903,COL-0085,EVT-1155,114,TRUE,YEAR,corpus-general-culture-v2,,,CURATED_CORPUS,FALSE
CEV-04904,COL-0085,EVT-1156,115,TRUE,YEAR,corpus-general-culture-v2,,,CURATED_CORPUS,FALSE
CEV-04905,COL-0085,EVT-1157,116,TRUE,YEAR,corpus-general-culture-v2,,,CURATED_CORPUS,FALSE
CEV-04906,COL-0085,EVT-1158,117,TRUE,YEAR,corpus-general-culture-v2,,,CURATED_CORPUS,FALSE
CEV-04907,COL-0085,EVT-1159,118,TRUE,YEAR,corpus-general-culture-v2,,,CURATED_CORPUS,FALSE
CEV-04908,COL-0085,EVT-1160,119,TRUE,YEAR,corpus-general-culture-v2,,,CURATED_CORPUS,FALSE
CEV-04909,COL-0085,EVT-1161,120,TRUE,YEAR,corpus-general-culture-v2,,,CURATED_CORPUS,FALSE
CEV-04910,COL-0085,EVT-1162,121,TRUE,YEAR,corpus-general-culture-v2,,,CURATED_CORPUS,FALSE
CEV-04911,COL-0085,EVT-1163,122,TRUE,YEAR,corpus-general-culture-v2,,,CURATED_CORPUS,FALSE
CEV-04912,COL-0085,EVT-1164,123,TRUE,YEAR,corpus-general-culture-v2,,,CURATED_CORPUS,FALSE
CEV-04913,COL-0085,EVT-1165,124,TRUE,YEAR,corpus-general-culture-v2,,,CURATED_CORPUS,FALSE
CEV-04914,COL-0085,EVT-1166,125,TRUE,YEAR,corpus-general-culture-v2,,,CURATED_CORPUS,FALSE
CEV-04915,COL-0085,EVT-1167,126,TRUE,YEAR,corpus-general-culture-v2,,,CURATED_CORPUS,FALSE
CEV-04916,COL-0085,EVT-1168,127,TRUE,YEAR,corpus-general-culture-v2,,,CURATED_CORPUS,FALSE
CEV-04917,COL-0085,EVT-1169,128,TRUE,YEAR,corpus-general-culture-v2,,,CURATED_CORPUS,FALSE
CEV-04918,COL-0085,EVT-1170,129,TRUE,YEAR,corpus-general-culture-v2,,,CURATED_CORPUS,FALSE
CEV-04919,COL-0085,EVT-1171,130,TRUE,YEAR,corpus-general-culture-v2,,,CURATED_CORPUS,FALSE
CEV-04920,COL-0085,EVT-1173,131,TRUE,YEAR,corpus-general-culture-v2,,,CURATED_CORPUS,FALSE
CEV-04921,COL-0085,EVT-1172,132,TRUE,DAY,corpus-general-culture-v2,,,CURATED_CORPUS,FALSE
CEV-04922,COL-0085,EVT-1174,133,TRUE,YEAR,corpus-general-culture-v2,,,CURATED_CORPUS,FALSE
CEV-04923,COL-0085,EVT-1175,134,TRUE,YEAR,corpus-general-culture-v2,,,CURATED_CORPUS,FALSE
CEV-04924,COL-0085,EVT-1176,135,TRUE,YEAR,corpus-general-culture-v2,,,CURATED_CORPUS,FALSE
CEV-04925,COL-0085,EVT-1178,136,TRUE,YEAR,corpus-general-culture-v2,,,CURATED_CORPUS,FALSE
CEV-04926,COL-0085,EVT-1177,137,TRUE,DAY,corpus-general-culture-v2,,,CURATED_CORPUS,FALSE
CEV-04927,COL-0085,EVT-1179,138,TRUE,YEAR,corpus-general-culture-v2,,,CURATED_CORPUS,FALSE
CEV-04928,COL-0085,EVT-1180,139,TRUE,YEAR,corpus-general-culture-v2,,,CURATED_CORPUS,FALSE
CEV-04929,COL-0085,EVT-1181,140,TRUE,YEAR,corpus-general-culture-v2,,,CURATED_CORPUS,FALSE
CEV-04930,COL-0085,EVT-1182,141,TRUE,YEAR,corpus-general-culture-v2,,,CURATED_CORPUS,FALSE
CEV-04931,COL-0085,EVT-1183,142,TRUE,YEAR,corpus-general-culture-v2,,,CURATED_CORPUS,FALSE
CEV-04932,COL-0085,EVT-1184,143,TRUE,YEAR,corpus-general-culture-v2,,,CURATED_CORPUS,FALSE
CEV-04933,COL-0085,EVT-1185,144,TRUE,YEAR,corpus-general-culture-v2,,,CURATED_CORPUS,FALSE
CEV-04934,COL-0085,EVT-1186,145,TRUE,YEAR,corpus-general-culture-v2,,,CURATED_CORPUS,FALSE
CEV-04935,COL-0085,EVT-1187,146,TRUE,YEAR,corpus-general-culture-v2,,,CURATED_CORPUS,FALSE
CEV-04936,COL-0085,EVT-1188,147,TRUE,YEAR,corpus-general-culture-v2,,,CURATED_CORPUS,FALSE
CEV-04937,COL-0085,EVT-1189,148,TRUE,YEAR,corpus-general-culture-v2,,,CURATED_CORPUS,FALSE
CEV-04938,COL-0085,EVT-1191,149,TRUE,YEAR,corpus-general-culture-v2,,,CURATED_CORPUS,FALSE
CEV-04939,COL-0085,EVT-1190,150,TRUE,DAY,corpus-general-culture-v2,,,CURATED_CORPUS,FALSE
CEV-04940,COL-0085,EVT-1192,151,TRUE,YEAR,corpus-general-culture-v2,,,CURATED_CORPUS,FALSE
CEV-04941,COL-0085,EVT-1193,152,TRUE,YEAR,corpus-general-culture-v2,,,CURATED_CORPUS,FALSE
CEV-04942,COL-0085,EVT-1194,153,TRUE,YEAR,corpus-general-culture-v2,,,CURATED_CORPUS,FALSE
CEV-04943,COL-0085,EVT-1195,154,TRUE,YEAR,corpus-general-culture-v2,,,CURATED_CORPUS,FALSE
CEV-04944,COL-0085,EVT-1196,155,TRUE,YEAR,corpus-general-culture-v2,,,CURATED_CORPUS,FALSE
CEV-04945,COL-0085,EVT-1197,156,TRUE,YEAR,corpus-general-culture-v2,,,CURATED_CORPUS,FALSE
CEV-04946,COL-0085,EVT-1198,157,TRUE,YEAR,corpus-general-culture-v2,,,CURATED_CORPUS,FALSE
CEV-04947,COL-0085,EVT-1199,158,TRUE,YEAR,corpus-general-culture-v2,,,CURATED_CORPUS,FALSE
CEV-04948,COL-0085,EVT-1200,159,TRUE,YEAR,corpus-general-culture-v2,,,CURATED_CORPUS,FALSE
CEV-04949,COL-0085,EVT-1201,160,TRUE,YEAR,corpus-general-culture-v2,,,CURATED_CORPUS,FALSE
CEV-04950,COL-0085,EVT-1202,161,TRUE,YEAR,corpus-general-culture-v2,,,CURATED_CORPUS,FALSE
CEV-04951,COL-0085,EVT-1203,162,TRUE,YEAR,corpus-general-culture-v2,,,CURATED_CORPUS,FALSE
CEV-04952,COL-0085,EVT-1204,163,TRUE,YEAR,corpus-general-culture-v2,,,CURATED_CORPUS,FALSE
CEV-04953,COL-0085,EVT-1205,164,TRUE,YEAR,corpus-general-culture-v2,,,CURATED_CORPUS,FALSE
CEV-04954,COL-0085,EVT-1206,165,TRUE,YEAR,corpus-general-culture-v2,,,CURATED_CORPUS,FALSE
CEV-04955,COL-0085,EVT-1207,166,TRUE,YEAR,corpus-general-culture-v2,,,CURATED_CORPUS,FALSE
CEV-04956,COL-0085,EVT-1208,167,TRUE,YEAR,corpus-general-culture-v2,,,CURATED_CORPUS,FALSE
CEV-04957,COL-0085,EVT-1210,168,TRUE,YEAR,corpus-general-culture-v2,,,CURATED_CORPUS,FALSE
CEV-04958,COL-0085,EVT-1209,169,FALSE,NOT_AUTOMATIC,corpus-general-culture-v2,,,CURATED_CORPUS,FALSE
CEV-04959,COL-0085,EVT-1211,170,TRUE,YEAR,corpus-general-culture-v2,,,CURATED_CORPUS,FALSE
CEV-04960,COL-0085,EVT-1212,171,TRUE,YEAR,corpus-general-culture-v2,,,CURATED_CORPUS,FALSE
CEV-04961,COL-0085,EVT-1213,172,TRUE,YEAR,corpus-general-culture-v2,,,CURATED_CORPUS,FALSE
CEV-04962,COL-0085,EVT-1214,173,TRUE,YEAR,corpus-general-culture-v2,,,CURATED_CORPUS,FALSE
CEV-04963,COL-0085,EVT-1215,174,TRUE,YEAR,corpus-general-culture-v2,,,CURATED_CORPUS,FALSE
CEV-04964,COL-0085,EVT-1216,175,TRUE,YEAR,corpus-general-culture-v2,,,CURATED_CORPUS,FALSE
CEV-04965,COL-0085,EVT-1217,176,TRUE,YEAR,corpus-general-culture-v2,,,CURATED_CORPUS,FALSE
CEV-04966,COL-0085,EVT-1218,177,TRUE,YEAR,corpus-general-culture-v2,,,CURATED_CORPUS,FALSE
CEV-04967,COL-0085,EVT-1219,178,TRUE,YEAR,corpus-general-culture-v2,,,CURATED_CORPUS,FALSE
CEV-04968,COL-0085,EVT-1220,179,TRUE,YEAR,corpus-general-culture-v2,,,CURATED_CORPUS,FALSE
CEV-04969,COL-0085,EVT-1221,180,TRUE,YEAR,corpus-general-culture-v2,,,CURATED_CORPUS,FALSE
CEV-04970,COL-0085,EVT-1223,181,TRUE,YEAR,corpus-general-culture-v2,,,CURATED_CORPUS,FALSE
CEV-04971,COL-0085,EVT-1222,182,TRUE,DAY,corpus-general-culture-v2,,,CURATED_CORPUS,FALSE
CEV-04972,COL-0085,EVT-1224,183,TRUE,YEAR,corpus-general-culture-v2,,,CURATED_CORPUS,FALSE
CEV-04973,COL-0085,EVT-1225,184,TRUE,YEAR,corpus-general-culture-v2,,,CURATED_CORPUS,FALSE
CEV-04974,COL-0085,EVT-1226,185,TRUE,YEAR,corpus-general-culture-v2,,,CURATED_CORPUS,FALSE
CEV-04975,COL-0085,EVT-1227,186,TRUE,YEAR,corpus-general-culture-v2,,,CURATED_CORPUS,FALSE
CEV-04976,COL-0085,EVT-1228,187,TRUE,YEAR,corpus-general-culture-v2,,,CURATED_CORPUS,FALSE
CEV-04977,COL-0085,EVT-1229,188,TRUE,YEAR,corpus-general-culture-v2,,,CURATED_CORPUS,FALSE
CEV-04978,COL-0085,EVT-1230,189,TRUE,YEAR,corpus-general-culture-v2,,,CURATED_CORPUS,FALSE
CEV-04979,COL-0085,EVT-1231,190,TRUE,YEAR,corpus-general-culture-v2,,,CURATED_CORPUS,FALSE
CEV-04980,COL-0085,EVT-1232,191,TRUE,YEAR,corpus-general-culture-v2,,,CURATED_CORPUS,FALSE
CEV-04981,COL-0085,EVT-1233,192,TRUE,YEAR,corpus-general-culture-v2,,,CURATED_CORPUS,FALSE
CEV-04982,COL-0085,EVT-1234,193,TRUE,YEAR,corpus-general-culture-v2,,,CURATED_CORPUS,FALSE
CEV-04983,COL-0085,EVT-1235,194,TRUE,YEAR,corpus-general-culture-v2,,,CURATED_CORPUS,FALSE
CEV-04984,COL-0085,EVT-1236,195,TRUE,DAY,corpus-general-culture-v2,,,CURATED_CORPUS,FALSE
CEV-04985,COL-0085,EVT-1238,196,TRUE,YEAR,corpus-general-culture-v2,,,CURATED_CORPUS,FALSE
CEV-04986,COL-0085,EVT-1237,197,TRUE,DAY,corpus-general-culture-v2,,,CURATED_CORPUS,FALSE
CEV-04987,COL-0085,EVT-1239,198,TRUE,YEAR,corpus-general-culture-v2,,,CURATED_CORPUS,FALSE
CEV-04988,COL-0085,EVT-1240,199,TRUE,YEAR,corpus-general-culture-v2,,,CURATED_CORPUS,FALSE
CEV-04989,COL-0085,EVT-1241,200,TRUE,YEAR,corpus-general-culture-v2,,,CURATED_CORPUS,FALSE
CEV-04990,COL-0085,EVT-1242,201,TRUE,YEAR,corpus-general-culture-v2,,,CURATED_CORPUS,FALSE
CEV-04991,COL-0085,EVT-1243,202,TRUE,YEAR,corpus-general-culture-v2,,,CURATED_CORPUS,FALSE
CEV-04992,COL-0085,EVT-1244,203,TRUE,YEAR,corpus-general-culture-v2,,,CURATED_CORPUS,FALSE
CEV-04993,COL-0085,EVT-1245,204,TRUE,YEAR,corpus-general-culture-v2,,,CURATED_CORPUS,FALSE
CEV-04994,COL-0085,EVT-1246,205,TRUE,YEAR,corpus-general-culture-v2,,,CURATED_CORPUS,FALSE
CEV-04995,COL-0085,EVT-1247,206,TRUE,YEAR,corpus-general-culture-v2,,,CURATED_CORPUS,FALSE
CEV-04996,COL-0085,EVT-1248,207,TRUE,YEAR,corpus-general-culture-v2,,,CURATED_CORPUS,FALSE
CEV-04997,COL-0085,EVT-1249,208,TRUE,YEAR,corpus-general-culture-v2,,,CURATED_CORPUS,FALSE
CEV-04998,COL-0085,EVT-1250,209,TRUE,YEAR,corpus-general-culture-v2,,,CURATED_CORPUS,FALSE
CEV-04999,COL-0085,EVT-1251,210,TRUE,YEAR,corpus-general-culture-v2,,,CURATED_CORPUS,FALSE
CEV-05000,COL-0085,EVT-1252,211,TRUE,YEAR,corpus-general-culture-v2,,,CURATED_CORPUS,FALSE
CEV-05001,COL-0085,EVT-1253,212,TRUE,YEAR,corpus-general-culture-v2,,,CURATED_CORPUS,FALSE
CEV-05002,COL-0085,EVT-1254,213,TRUE,YEAR,corpus-general-culture-v2,,,CURATED_CORPUS,FALSE
CEV-05003,COL-0085,EVT-1255,214,TRUE,YEAR,corpus-general-culture-v2,,,CURATED_CORPUS,FALSE
CEV-05004,COL-0085,EVT-1256,215,TRUE,YEAR,corpus-general-culture-v2,,,CURATED_CORPUS,FALSE
CEV-05005,COL-0085,EVT-1257,216,TRUE,YEAR,corpus-general-culture-v2,,,CURATED_CORPUS,FALSE
CEV-05006,COL-0085,EVT-1258,217,TRUE,YEAR,corpus-general-culture-v2,,,CURATED_CORPUS,FALSE
CEV-05007,COL-0085,EVT-1259,218,TRUE,YEAR,corpus-general-culture-v2,,,CURATED_CORPUS,FALSE
CEV-05008,COL-0085,EVT-1260,219,TRUE,YEAR,corpus-general-culture-v2,,,CURATED_CORPUS,FALSE
CEV-05009,COL-0085,EVT-1261,220,TRUE,YEAR,corpus-general-culture-v2,,,CURATED_CORPUS,FALSE
CEV-05010,COL-0085,EVT-1262,221,TRUE,YEAR,corpus-general-culture-v2,,,CURATED_CORPUS,FALSE
CEV-05011,COL-0085,EVT-1263,222,TRUE,YEAR,corpus-general-culture-v2,,,CURATED_CORPUS,FALSE
CEV-05012,COL-0085,EVT-1264,223,TRUE,YEAR,corpus-general-culture-v2,,,CURATED_CORPUS,FALSE
CEV-05013,COL-0085,EVT-1265,224,TRUE,YEAR,corpus-general-culture-v2,,,CURATED_CORPUS,FALSE
CEV-05014,COL-0085,EVT-1266,225,TRUE,YEAR,corpus-general-culture-v2,,,CURATED_CORPUS,FALSE
CEV-05015,COL-0085,EVT-1267,226,TRUE,YEAR,corpus-general-culture-v2,,,CURATED_CORPUS,FALSE
CEV-05016,COL-0085,EVT-1268,227,TRUE,YEAR,corpus-general-culture-v2,,,CURATED_CORPUS,FALSE
CEV-05017,COL-0085,EVT-1269,228,TRUE,YEAR,corpus-general-culture-v2,,,CURATED_CORPUS,FALSE
CEV-05018,COL-0085,EVT-1270,229,TRUE,YEAR,corpus-general-culture-v2,,,CURATED_CORPUS,FALSE
CEV-05019,COL-0085,EVT-1272,230,TRUE,YEAR,corpus-general-culture-v2,,,CURATED_CORPUS,FALSE
CEV-05020,COL-0085,EVT-1271,231,TRUE,DAY,corpus-general-culture-v2,,,CURATED_CORPUS,FALSE
CEV-05021,COL-0085,EVT-1273,232,TRUE,YEAR,corpus-general-culture-v2,,,CURATED_CORPUS,FALSE
CEV-05022,COL-0085,EVT-1274,233,TRUE,YEAR,corpus-general-culture-v2,,,CURATED_CORPUS,FALSE
CEV-05023,COL-0085,EVT-1275,234,TRUE,YEAR,corpus-general-culture-v2,,,CURATED_CORPUS,FALSE
CEV-05024,COL-0085,EVT-1276,235,TRUE,YEAR,corpus-general-culture-v2,,,CURATED_CORPUS,FALSE
CEV-05025,COL-0085,EVT-1277,236,TRUE,YEAR,corpus-general-culture-v2,,,CURATED_CORPUS,FALSE
CEV-05026,COL-0085,EVT-1278,237,TRUE,YEAR,corpus-general-culture-v2,,,CURATED_CORPUS,FALSE
CEV-05027,COL-0085,EVT-1279,238,TRUE,YEAR,corpus-general-culture-v2,,,CURATED_CORPUS,FALSE
CEV-05028,COL-0085,EVT-1280,239,TRUE,YEAR,corpus-general-culture-v2,,,CURATED_CORPUS,FALSE
CEV-05029,COL-0085,EVT-1281,240,TRUE,YEAR,corpus-general-culture-v2,,,CURATED_CORPUS,FALSE
CEV-05030,COL-0085,EVT-1282,241,TRUE,YEAR,corpus-general-culture-v2,,,CURATED_CORPUS,FALSE
CEV-05031,COL-0085,EVT-1283,242,TRUE,YEAR,corpus-general-culture-v2,,,CURATED_CORPUS,FALSE
CEV-05032,COL-0085,EVT-1284,243,TRUE,YEAR,corpus-general-culture-v2,,,CURATED_CORPUS,FALSE
CEV-05033,COL-0085,EVT-1285,244,TRUE,YEAR,corpus-general-culture-v2,,,CURATED_CORPUS,FALSE
CEV-05034,COL-0085,EVT-1286,245,TRUE,YEAR,corpus-general-culture-v2,,,CURATED_CORPUS,FALSE
CEV-05035,COL-0085,EVT-1287,246,TRUE,YEAR,corpus-general-culture-v2,,,CURATED_CORPUS,FALSE
CEV-05036,COL-0085,EVT-1288,247,TRUE,YEAR,corpus-general-culture-v2,,,CURATED_CORPUS,FALSE
CEV-05037,COL-0085,EVT-1289,248,TRUE,YEAR,corpus-general-culture-v2,,,CURATED_CORPUS,FALSE
CEV-05038,COL-0085,EVT-1290,249,TRUE,YEAR,corpus-general-culture-v2,,,CURATED_CORPUS,FALSE
CEV-05039,COL-0085,EVT-1291,250,TRUE,YEAR,corpus-general-culture-v2,,,CURATED_CORPUS,FALSE
CEV-05040,COL-0085,EVT-1292,251,TRUE,YEAR,corpus-general-culture-v2,,,CURATED_CORPUS,FALSE
CEV-05041,COL-0085,EVT-1293,252,TRUE,YEAR,corpus-general-culture-v2,,,CURATED_CORPUS,FALSE
CEV-05042,COL-0085,EVT-1294,253,TRUE,YEAR,corpus-general-culture-v2,,,CURATED_CORPUS,FALSE
CEV-05043,COL-0085,EVT-1295,254,TRUE,YEAR,corpus-general-culture-v2,,,CURATED_CORPUS,FALSE
CEV-05044,COL-0085,EVT-1296,255,TRUE,YEAR,corpus-general-culture-v2,,,CURATED_CORPUS,FALSE
CEV-05045,COL-0085,EVT-1297,256,TRUE,YEAR,corpus-general-culture-v2,,,CURATED_CORPUS,FALSE
CEV-05046,COL-0085,EVT-1298,257,TRUE,YEAR,corpus-general-culture-v2,,,CURATED_CORPUS,FALSE
CEV-05047,COL-0085,EVT-1299,258,TRUE,YEAR,corpus-general-culture-v2,,,CURATED_CORPUS,FALSE
CEV-05048,COL-0085,EVT-1300,259,TRUE,YEAR,corpus-general-culture-v2,,,CURATED_CORPUS,FALSE
CEV-05049,COL-0085,EVT-1301,260,TRUE,YEAR,corpus-general-culture-v2,,,CURATED_CORPUS,FALSE
CEV-05050,COL-0085,EVT-1302,261,TRUE,YEAR,corpus-general-culture-v2,,,CURATED_CORPUS,FALSE
CEV-05051,COL-0085,EVT-1303,262,TRUE,YEAR,corpus-general-culture-v2,,,CURATED_CORPUS,FALSE
CEV-05052,COL-0085,EVT-1304,263,TRUE,YEAR,corpus-general-culture-v2,,,CURATED_CORPUS,FALSE
CEV-05053,COL-0085,EVT-1305,264,TRUE,YEAR,corpus-general-culture-v2,,,CURATED_CORPUS,FALSE
CEV-05054,COL-0085,EVT-1306,265,TRUE,YEAR,corpus-general-culture-v2,,,CURATED_CORPUS,FALSE
CEV-05055,COL-0085,EVT-1307,266,TRUE,YEAR,corpus-general-culture-v2,,,CURATED_CORPUS,FALSE
CEV-05056,COL-0085,EVT-1308,267,TRUE,YEAR,corpus-general-culture-v2,,,CURATED_CORPUS,FALSE
CEV-05057,COL-0085,EVT-1309,268,TRUE,YEAR,corpus-general-culture-v2,,,CURATED_CORPUS,FALSE
CEV-05058,COL-0085,EVT-1310,269,TRUE,YEAR,corpus-general-culture-v2,,,CURATED_CORPUS,FALSE
CEV-05059,COL-0085,EVT-1311,270,TRUE,YEAR,corpus-general-culture-v2,,,CURATED_CORPUS,FALSE
CEV-05060,COL-0085,EVT-1312,271,TRUE,YEAR,corpus-general-culture-v2,,,CURATED_CORPUS,FALSE
CEV-05061,COL-0085,EVT-1313,272,TRUE,YEAR,corpus-general-culture-v2,,,CURATED_CORPUS,FALSE
CEV-05062,COL-0085,EVT-1314,273,TRUE,YEAR,corpus-general-culture-v2,,,CURATED_CORPUS,FALSE
CEV-05063,COL-0085,EVT-1315,274,TRUE,YEAR,corpus-general-culture-v2,,,CURATED_CORPUS,FALSE
CEV-05064,COL-0085,EVT-1316,275,TRUE,YEAR,corpus-general-culture-v2,,,CURATED_CORPUS,FALSE
CEV-05065,COL-0085,EVT-1317,276,TRUE,YEAR,corpus-general-culture-v2,,,CURATED_CORPUS,FALSE
CEV-05066,COL-0085,EVT-1318,277,TRUE,YEAR,corpus-general-culture-v2,,,CURATED_CORPUS,FALSE
CEV-05067,COL-0085,EVT-1319,278,TRUE,YEAR,corpus-general-culture-v2,,,CURATED_CORPUS,FALSE
CEV-05068,COL-0085,EVT-1320,279,TRUE,YEAR,corpus-general-culture-v2,,,CURATED_CORPUS,FALSE
CEV-05069,COL-0085,EVT-1321,280,TRUE,YEAR,corpus-general-culture-v2,,,CURATED_CORPUS,FALSE
CEV-05070,COL-0085,EVT-1322,281,TRUE,YEAR,corpus-general-culture-v2,,,CURATED_CORPUS,FALSE
CEV-05071,COL-0085,EVT-1323,282,TRUE,YEAR,corpus-general-culture-v2,,,CURATED_CORPUS,FALSE
CEV-05072,COL-0085,EVT-1324,283,TRUE,YEAR,corpus-general-culture-v2,,,CURATED_CORPUS,FALSE
CEV-05073,COL-0085,EVT-1325,284,TRUE,YEAR,corpus-general-culture-v2,,,CURATED_CORPUS,FALSE
CEV-05074,COL-0085,EVT-1326,285,TRUE,YEAR,corpus-general-culture-v2,,,CURATED_CORPUS,FALSE
CEV-05075,COL-0085,EVT-1327,286,TRUE,YEAR,corpus-general-culture-v2,,,CURATED_CORPUS,FALSE
CEV-05076,COL-0085,EVT-1328,287,TRUE,YEAR,corpus-general-culture-v2,,,CURATED_CORPUS,FALSE
CEV-05077,COL-0085,EVT-1329,288,TRUE,YEAR,corpus-general-culture-v2,,,CURATED_CORPUS,FALSE
CEV-05078,COL-0085,EVT-1330,289,TRUE,YEAR,corpus-general-culture-v2,,,CURATED_CORPUS,FALSE
CEV-05079,COL-0085,EVT-1331,290,TRUE,YEAR,corpus-general-culture-v2,,,CURATED_CORPUS,FALSE
CEV-05080,COL-0085,EVT-1332,291,TRUE,YEAR,corpus-general-culture-v2,,,CURATED_CORPUS,FALSE
CEV-05081,COL-0085,EVT-1333,292,TRUE,YEAR,corpus-general-culture-v2,,,CURATED_CORPUS,FALSE
CEV-05082,COL-0085,EVT-1334,293,TRUE,YEAR,corpus-general-culture-v2,,,CURATED_CORPUS,FALSE
CEV-05083,COL-0085,EVT-1335,294,TRUE,YEAR,corpus-general-culture-v2,,,CURATED_CORPUS,FALSE
CEV-05084,COL-0085,EVT-1336,295,TRUE,YEAR,corpus-general-culture-v2,,,CURATED_CORPUS,FALSE
CEV-05085,COL-0085,EVT-1337,296,TRUE,YEAR,corpus-general-culture-v2,,,CURATED_CORPUS,FALSE
CEV-05086,COL-0085,EVT-1338,297,TRUE,DAY,corpus-general-culture-v2,,,CURATED_CORPUS,FALSE
CEV-05087,COL-0085,EVT-1339,298,TRUE,YEAR,corpus-general-culture-v2,,,CURATED_CORPUS,FALSE
CEV-05088,COL-0085,EVT-1340,299,TRUE,YEAR,corpus-general-culture-v2,,,CURATED_CORPUS,FALSE
CEV-05089,COL-0085,EVT-1341,300,TRUE,YEAR,corpus-general-culture-v2,,,CURATED_CORPUS,FALSE
CEV-05090,COL-0085,EVT-1342,301,TRUE,YEAR,corpus-general-culture-v2,,,CURATED_CORPUS,FALSE
CEV-05091,COL-0085,EVT-1343,302,TRUE,YEAR,corpus-general-culture-v2,,,CURATED_CORPUS,FALSE
CEV-05092,COL-0085,EVT-1344,303,TRUE,YEAR,corpus-general-culture-v2,,,CURATED_CORPUS,FALSE
CEV-05093,COL-0085,EVT-1345,304,TRUE,YEAR,corpus-general-culture-v2,,,CURATED_CORPUS,FALSE
CEV-05094,COL-0085,EVT-1346,305,TRUE,YEAR,corpus-general-culture-v2,,,CURATED_CORPUS,FALSE
CEV-05095,COL-0085,EVT-1347,306,TRUE,YEAR,corpus-general-culture-v2,,,CURATED_CORPUS,FALSE
CEV-05096,COL-0085,EVT-1348,307,TRUE,YEAR,corpus-general-culture-v2,,,CURATED_CORPUS,FALSE
CEV-05097,COL-0085,EVT-1349,308,TRUE,YEAR,corpus-general-culture-v2,,,CURATED_CORPUS,FALSE
CEV-05098,COL-0085,EVT-1350,309,TRUE,YEAR,corpus-general-culture-v2,,,CURATED_CORPUS,FALSE
CEV-05099,COL-0085,EVT-1351,310,TRUE,YEAR,corpus-general-culture-v2,,,CURATED_CORPUS,FALSE
CEV-05100,COL-0085,EVT-1352,311,TRUE,YEAR,corpus-general-culture-v2,,,CURATED_CORPUS,FALSE
CEV-05101,COL-0085,EVT-1353,312,TRUE,YEAR,corpus-general-culture-v2,,,CURATED_CORPUS,FALSE
CEV-05102,COL-0085,EVT-1354,313,TRUE,YEAR,corpus-general-culture-v2,,,CURATED_CORPUS,FALSE
CEV-05103,COL-0085,EVT-1355,314,TRUE,YEAR,corpus-general-culture-v2,,,CURATED_CORPUS,FALSE
CEV-05104,COL-0085,EVT-1356,315,TRUE,YEAR,corpus-general-culture-v2,,,CURATED_CORPUS,FALSE
CEV-05105,COL-0085,EVT-1357,316,TRUE,YEAR,corpus-general-culture-v2,,,CURATED_CORPUS,FALSE
CEV-05106,COL-0085,EVT-1358,317,TRUE,YEAR,corpus-general-culture-v2,,,CURATED_CORPUS,FALSE
CEV-05107,COL-0085,EVT-1359,318,TRUE,YEAR,corpus-general-culture-v2,,,CURATED_CORPUS,FALSE
CEV-05108,COL-0085,EVT-1360,319,TRUE,YEAR,corpus-general-culture-v2,,,CURATED_CORPUS,FALSE
CEV-05109,COL-0085,EVT-1361,320,TRUE,YEAR,corpus-general-culture-v2,,,CURATED_CORPUS,FALSE
CEV-05110,COL-0085,EVT-1362,321,TRUE,YEAR,corpus-general-culture-v2,,,CURATED_CORPUS,FALSE
CEV-05111,COL-0085,EVT-1363,322,TRUE,YEAR,corpus-general-culture-v2,,,CURATED_CORPUS,FALSE
CEV-05112,COL-0085,EVT-1364,323,TRUE,YEAR,corpus-general-culture-v2,,,CURATED_CORPUS,FALSE
CEV-05113,COL-0085,EVT-1365,324,TRUE,YEAR,corpus-general-culture-v2,,,CURATED_CORPUS,FALSE
CEV-05114,COL-0085,EVT-1366,325,TRUE,YEAR,corpus-general-culture-v2,,,CURATED_CORPUS,FALSE
CEV-05115,COL-0085,EVT-1367,326,TRUE,YEAR,corpus-general-culture-v2,,,CURATED_CORPUS,FALSE
CEV-05116,COL-0085,EVT-1368,327,TRUE,YEAR,corpus-general-culture-v2,,,CURATED_CORPUS,FALSE
CEV-05117,COL-0085,EVT-1369,328,TRUE,YEAR,corpus-general-culture-v2,,,CURATED_CORPUS,FALSE
CEV-05118,COL-0085,EVT-1370,329,TRUE,YEAR,corpus-general-culture-v2,,,CURATED_CORPUS,FALSE
CEV-05119,COL-0085,EVT-1371,330,TRUE,YEAR,corpus-general-culture-v2,,,CURATED_CORPUS,FALSE
CEV-05120,COL-0085,EVT-1372,331,TRUE,YEAR,corpus-general-culture-v2,,,CURATED_CORPUS,FALSE
CEV-05121,COL-0085,EVT-1373,332,TRUE,YEAR,corpus-general-culture-v2,,,CURATED_CORPUS,FALSE
CEV-05122,COL-0085,EVT-1374,333,TRUE,YEAR,corpus-general-culture-v2,,,CURATED_CORPUS,FALSE
CEV-05123,COL-0085,EVT-1375,334,TRUE,YEAR,corpus-general-culture-v2,,,CURATED_CORPUS,FALSE
CEV-05124,COL-0085,EVT-1376,335,TRUE,YEAR,corpus-general-culture-v2,,,CURATED_CORPUS,FALSE
CEV-05125,COL-0085,EVT-1377,336,TRUE,YEAR,corpus-general-culture-v2,,,CURATED_CORPUS,FALSE
CEV-05126,COL-0085,EVT-1378,337,TRUE,YEAR,corpus-general-culture-v2,,,CURATED_CORPUS,FALSE
CEV-05127,COL-0085,EVT-1379,338,TRUE,YEAR,corpus-general-culture-v2,,,CURATED_CORPUS,FALSE
CEV-05128,COL-0085,EVT-1380,339,TRUE,YEAR,corpus-general-culture-v2,,,CURATED_CORPUS,FALSE
CEV-05129,COL-0085,EVT-1381,340,TRUE,YEAR,corpus-general-culture-v2,,,CURATED_CORPUS,FALSE
CEV-05130,COL-0085,EVT-1382,341,TRUE,YEAR,corpus-general-culture-v2,,,CURATED_CORPUS,FALSE
CEV-05131,COL-0085,EVT-1383,342,TRUE,YEAR,corpus-general-culture-v2,,,CURATED_CORPUS,FALSE
CEV-05132,COL-0085,EVT-1384,343,TRUE,YEAR,corpus-general-culture-v2,,,CURATED_CORPUS,FALSE
CEV-05133,COL-0085,EVT-1385,344,TRUE,YEAR,corpus-general-culture-v2,,,CURATED_CORPUS,FALSE
CEV-05134,COL-0085,EVT-1386,345,TRUE,YEAR,corpus-general-culture-v2,,,CURATED_CORPUS,FALSE
CEV-05135,COL-0085,EVT-1387,346,TRUE,YEAR,corpus-general-culture-v2,,,CURATED_CORPUS,FALSE
CEV-05136,COL-0085,EVT-1388,347,TRUE,YEAR,corpus-general-culture-v2,,,CURATED_CORPUS,FALSE
CEV-05137,COL-0085,EVT-1389,348,TRUE,YEAR,corpus-general-culture-v2,,,CURATED_CORPUS,FALSE
CEV-05138,COL-0085,EVT-1390,349,TRUE,YEAR,corpus-general-culture-v2,,,CURATED_CORPUS,FALSE
CEV-05139,COL-0085,EVT-1391,350,TRUE,YEAR,corpus-general-culture-v2,,,CURATED_CORPUS,FALSE
CEV-05140,COL-0085,EVT-1392,351,TRUE,YEAR,corpus-general-culture-v2,,,CURATED_CORPUS,FALSE
CEV-05141,COL-0085,EVT-1393,352,TRUE,YEAR,corpus-general-culture-v2,,,CURATED_CORPUS,FALSE
CEV-05142,COL-0085,EVT-1394,353,TRUE,YEAR,corpus-general-culture-v2,,,CURATED_CORPUS,FALSE
CEV-05143,COL-0085,EVT-1395,354,TRUE,YEAR,corpus-general-culture-v2,,,CURATED_CORPUS,FALSE
CEV-05144,COL-0085,EVT-1396,355,TRUE,YEAR,corpus-general-culture-v2,,,CURATED_CORPUS,FALSE
CEV-05145,COL-0085,EVT-1397,356,TRUE,YEAR,corpus-general-culture-v2,,,CURATED_CORPUS,FALSE
CEV-05146,COL-0085,EVT-1398,357,TRUE,YEAR,corpus-general-culture-v2,,,CURATED_CORPUS,FALSE
CEV-05147,COL-0085,EVT-1399,358,TRUE,YEAR,corpus-general-culture-v2,,,CURATED_CORPUS,FALSE
CEV-05148,COL-0085,EVT-1400,359,TRUE,YEAR,corpus-general-culture-v2,,,CURATED_CORPUS,FALSE
CEV-05149,COL-0085,EVT-1401,360,TRUE,YEAR,corpus-general-culture-v2,,,CURATED_CORPUS,FALSE
CEV-05150,COL-0085,EVT-1402,361,TRUE,YEAR,corpus-general-culture-v2,,,CURATED_CORPUS,FALSE
CEV-05151,COL-0085,EVT-1403,362,TRUE,YEAR,corpus-general-culture-v2,,,CURATED_CORPUS,FALSE
CEV-05152,COL-0085,EVT-1404,363,TRUE,YEAR,corpus-general-culture-v2,,,CURATED_CORPUS,FALSE
CEV-05153,COL-0085,EVT-1405,364,TRUE,YEAR,corpus-general-culture-v2,,,CURATED_CORPUS,FALSE
CEV-05154,COL-0085,EVT-1406,365,TRUE,YEAR,corpus-general-culture-v2,,,CURATED_CORPUS,FALSE
CEV-05155,COL-0085,EVT-1407,366,TRUE,YEAR,corpus-general-culture-v2,,,CURATED_CORPUS,FALSE
CEV-05156,COL-0085,EVT-1408,367,TRUE,YEAR,corpus-general-culture-v2,,,CURATED_CORPUS,FALSE
CEV-05157,COL-0085,EVT-1410,368,TRUE,YEAR,corpus-general-culture-v2,,,CURATED_CORPUS,FALSE
CEV-05158,COL-0085,EVT-1411,369,TRUE,YEAR,corpus-general-culture-v2,,,CURATED_CORPUS,FALSE
CEV-05159,COL-0085,EVT-1409,370,TRUE,DAY,corpus-general-culture-v2,,,CURATED_CORPUS,FALSE
CEV-05160,COL-0085,EVT-1412,371,TRUE,YEAR,corpus-general-culture-v2,,,CURATED_CORPUS,FALSE
CEV-05161,COL-0085,EVT-1413,372,TRUE,YEAR,corpus-general-culture-v2,,,CURATED_CORPUS,FALSE
CEV-05162,COL-0085,EVT-1414,373,TRUE,YEAR,corpus-general-culture-v2,,,CURATED_CORPUS,FALSE
CEV-05163,COL-0085,EVT-1415,374,TRUE,YEAR,corpus-general-culture-v2,,,CURATED_CORPUS,FALSE
CEV-05164,COL-0085,EVT-1416,375,TRUE,YEAR,corpus-general-culture-v2,,,CURATED_CORPUS,FALSE
CEV-05165,COL-0085,EVT-1417,376,TRUE,YEAR,corpus-general-culture-v2,,,CURATED_CORPUS,FALSE
CEV-05166,COL-0085,EVT-1418,377,TRUE,YEAR,corpus-general-culture-v2,,,CURATED_CORPUS,FALSE
CEV-05167,COL-0085,EVT-1419,378,TRUE,YEAR,corpus-general-culture-v2,,,CURATED_CORPUS,FALSE
CEV-05168,COL-0085,EVT-1420,379,TRUE,YEAR,corpus-general-culture-v2,,,CURATED_CORPUS,FALSE
CEV-05169,COL-0085,EVT-1421,380,TRUE,YEAR,corpus-general-culture-v2,,,CURATED_CORPUS,FALSE
CEV-05170,COL-0085,EVT-1422,381,TRUE,YEAR,corpus-general-culture-v2,,,CURATED_CORPUS,FALSE
CEV-05171,COL-0085,EVT-1423,382,TRUE,YEAR,corpus-general-culture-v2,,,CURATED_CORPUS,FALSE
CEV-05172,COL-0085,EVT-1424,383,TRUE,YEAR,corpus-general-culture-v2,,,CURATED_CORPUS,FALSE
CEV-05173,COL-0085,EVT-1425,384,TRUE,YEAR,corpus-general-culture-v2,,,CURATED_CORPUS,FALSE
CEV-05174,COL-0085,EVT-1426,385,TRUE,YEAR,corpus-general-culture-v2,,,CURATED_CORPUS,FALSE
CEV-05175,COL-0085,EVT-1427,386,TRUE,YEAR,corpus-general-culture-v2,,,CURATED_CORPUS,FALSE
CEV-05176,COL-0085,EVT-1428,387,TRUE,YEAR,corpus-general-culture-v2,,,CURATED_CORPUS,FALSE
CEV-05177,COL-0085,EVT-1429,388,TRUE,YEAR,corpus-general-culture-v2,,,CURATED_CORPUS,FALSE
CEV-05178,COL-0085,EVT-1430,389,TRUE,YEAR,corpus-general-culture-v2,,,CURATED_CORPUS,FALSE
CEV-05179,COL-0085,EVT-1431,390,TRUE,YEAR,corpus-general-culture-v2,,,CURATED_CORPUS,FALSE
CEV-05180,COL-0085,EVT-1432,391,TRUE,YEAR,corpus-general-culture-v2,,,CURATED_CORPUS,FALSE
CEV-05181,COL-0085,EVT-1433,392,TRUE,YEAR,corpus-general-culture-v2,,,CURATED_CORPUS,FALSE
CEV-05182,COL-0085,EVT-1434,393,TRUE,YEAR,corpus-general-culture-v2,,,CURATED_CORPUS,FALSE
CEV-05183,COL-0085,EVT-1435,394,TRUE,YEAR,corpus-general-culture-v2,,,CURATED_CORPUS,FALSE
CEV-05184,COL-0085,EVT-1436,395,TRUE,YEAR,corpus-general-culture-v2,,,CURATED_CORPUS,FALSE
CEV-05185,COL-0085,EVT-1437,396,TRUE,YEAR,corpus-general-culture-v2,,,CURATED_CORPUS,FALSE
CEV-05186,COL-0085,EVT-1438,397,TRUE,YEAR,corpus-general-culture-v2,,,CURATED_CORPUS,FALSE
CEV-05187,COL-0085,EVT-1439,398,TRUE,YEAR,corpus-general-culture-v2,,,CURATED_CORPUS,FALSE
CEV-05188,COL-0085,EVT-1440,399,TRUE,YEAR,corpus-general-culture-v2,,,CURATED_CORPUS,FALSE
CEV-05189,COL-0085,EVT-1441,400,TRUE,YEAR,corpus-general-culture-v2,,,CURATED_CORPUS,FALSE
CEV-05190,COL-0085,EVT-1442,401,TRUE,YEAR,corpus-general-culture-v2,,,CURATED_CORPUS,FALSE
CEV-05191,COL-0085,EVT-1443,402,TRUE,YEAR,corpus-general-culture-v2,,,CURATED_CORPUS,FALSE
CEV-05192,COL-0085,EVT-1445,403,TRUE,YEAR,corpus-general-culture-v2,,,CURATED_CORPUS,FALSE
CEV-05193,COL-0085,EVT-1444,404,TRUE,DAY,corpus-general-culture-v2,,,CURATED_CORPUS,FALSE
CEV-05194,COL-0085,EVT-1446,405,TRUE,YEAR,corpus-general-culture-v2,,,CURATED_CORPUS,FALSE
CEV-05195,COL-0085,EVT-1447,406,TRUE,YEAR,corpus-general-culture-v2,,,CURATED_CORPUS,FALSE
CEV-05196,COL-0085,EVT-1448,407,TRUE,YEAR,corpus-general-culture-v2,,,CURATED_CORPUS,FALSE
CEV-05197,COL-0085,EVT-1449,408,TRUE,YEAR,corpus-general-culture-v2,,,CURATED_CORPUS,FALSE
CEV-05198,COL-0085,EVT-1450,409,TRUE,YEAR,corpus-general-culture-v2,,,CURATED_CORPUS,FALSE
CEV-05199,COL-0085,EVT-1451,410,TRUE,YEAR,corpus-general-culture-v2,,,CURATED_CORPUS,FALSE
CEV-05200,COL-0085,EVT-1452,411,TRUE,YEAR,corpus-general-culture-v2,,,CURATED_CORPUS,FALSE
CEV-05201,COL-0085,EVT-1453,412,TRUE,YEAR,corpus-general-culture-v2,,,CURATED_CORPUS,FALSE
CEV-05202,COL-0085,EVT-1454,413,TRUE,YEAR,corpus-general-culture-v2,,,CURATED_CORPUS,FALSE
CEV-05203,COL-0085,EVT-1455,414,TRUE,YEAR,corpus-general-culture-v2,,,CURATED_CORPUS,FALSE
CEV-05204,COL-0085,EVT-1456,415,TRUE,YEAR,corpus-general-culture-v2,,,CURATED_CORPUS,FALSE
CEV-05205,COL-0085,EVT-1457,416,TRUE,YEAR,corpus-general-culture-v2,,,CURATED_CORPUS,FALSE
CEV-05206,COL-0085,EVT-1458,417,TRUE,YEAR,corpus-general-culture-v2,,,CURATED_CORPUS,FALSE
CEV-05207,COL-0085,EVT-1459,418,TRUE,YEAR,corpus-general-culture-v2,,,CURATED_CORPUS,FALSE
CEV-05208,COL-0085,EVT-1460,419,TRUE,YEAR,corpus-general-culture-v2,,,CURATED_CORPUS,FALSE
CEV-05209,COL-0085,EVT-1461,420,TRUE,YEAR,corpus-general-culture-v2,,,CURATED_CORPUS,FALSE
CEV-05210,COL-0085,EVT-1462,421,TRUE,YEAR,corpus-general-culture-v2,,,CURATED_CORPUS,FALSE
CEV-05211,COL-0085,EVT-1463,422,TRUE,YEAR,corpus-general-culture-v2,,,CURATED_CORPUS,FALSE
CEV-05212,COL-0085,EVT-1464,423,TRUE,YEAR,corpus-general-culture-v2,,,CURATED_CORPUS,FALSE
CEV-05213,COL-0085,EVT-1465,424,TRUE,YEAR,corpus-general-culture-v2,,,CURATED_CORPUS,FALSE
CEV-05214,COL-0085,EVT-1466,425,TRUE,YEAR,corpus-general-culture-v2,,,CURATED_CORPUS,FALSE
CEV-05215,COL-0085,EVT-1467,426,TRUE,YEAR,corpus-general-culture-v2,,,CURATED_CORPUS,FALSE
CEV-05216,COL-0085,EVT-1468,427,TRUE,YEAR,corpus-general-culture-v2,,,CURATED_CORPUS,FALSE
CEV-05217,COL-0085,EVT-1469,428,TRUE,YEAR,corpus-general-culture-v2,,,CURATED_CORPUS,FALSE
CEV-05218,COL-0085,EVT-1470,429,TRUE,YEAR,corpus-general-culture-v2,,,CURATED_CORPUS,FALSE
CEV-05219,COL-0085,EVT-1471,430,TRUE,YEAR,corpus-general-culture-v2,,,CURATED_CORPUS,FALSE
CEV-05220,COL-0085,EVT-1472,431,TRUE,YEAR,corpus-general-culture-v2,,,CURATED_CORPUS,FALSE
CEV-05221,COL-0085,EVT-1473,432,TRUE,YEAR,corpus-general-culture-v2,,,CURATED_CORPUS,FALSE
CEV-05222,COL-0085,EVT-1474,433,TRUE,YEAR,corpus-general-culture-v2,,,CURATED_CORPUS,FALSE
CEV-05223,COL-0085,EVT-1475,434,TRUE,YEAR,corpus-general-culture-v2,,,CURATED_CORPUS,FALSE
CEV-05224,COL-0085,EVT-1476,435,TRUE,YEAR,corpus-general-culture-v2,,,CURATED_CORPUS,FALSE
CEV-05225,COL-0085,EVT-1477,436,TRUE,YEAR,corpus-general-culture-v2,,,CURATED_CORPUS,FALSE
CEV-05226,COL-0085,EVT-1478,437,TRUE,YEAR,corpus-general-culture-v2,,,CURATED_CORPUS,FALSE
CEV-05227,COL-0085,EVT-1479,438,TRUE,YEAR,corpus-general-culture-v2,,,CURATED_CORPUS,FALSE
CEV-05228,COL-0085,EVT-1480,439,TRUE,YEAR,corpus-general-culture-v2,,,CURATED_CORPUS,FALSE
CEV-05229,COL-0085,EVT-1481,440,TRUE,YEAR,corpus-general-culture-v2,,,CURATED_CORPUS,FALSE
CEV-05230,COL-0085,EVT-1482,441,TRUE,YEAR,corpus-general-culture-v2,,,CURATED_CORPUS,FALSE
CEV-05231,COL-0085,EVT-1483,442,TRUE,YEAR,corpus-general-culture-v2,,,CURATED_CORPUS,FALSE
CEV-05232,COL-0085,EVT-1484,443,TRUE,YEAR,corpus-general-culture-v2,,,CURATED_CORPUS,FALSE
CEV-05233,COL-0085,EVT-1485,444,TRUE,YEAR,corpus-general-culture-v2,,,CURATED_CORPUS,FALSE
CEV-05234,COL-0085,EVT-1486,445,TRUE,YEAR,corpus-general-culture-v2,,,CURATED_CORPUS,FALSE
CEV-05235,COL-0085,EVT-1487,446,TRUE,YEAR,corpus-general-culture-v2,,,CURATED_CORPUS,FALSE
CEV-05236,COL-0085,EVT-1488,447,TRUE,YEAR,corpus-general-culture-v2,,,CURATED_CORPUS,FALSE
CEV-05237,COL-0085,EVT-1489,448,TRUE,YEAR,corpus-general-culture-v2,,,CURATED_CORPUS,FALSE
CEV-05238,COL-0085,EVT-1490,449,TRUE,YEAR,corpus-general-culture-v2,,,CURATED_CORPUS,FALSE
CEV-05239,COL-0085,EVT-1491,450,TRUE,YEAR,corpus-general-culture-v2,,,CURATED_CORPUS,FALSE
CEV-05240,COL-0085,EVT-1492,451,TRUE,YEAR,corpus-general-culture-v2,,,CURATED_CORPUS,FALSE
CEV-05241,COL-0085,EVT-1493,452,TRUE,YEAR,corpus-general-culture-v2,,,CURATED_CORPUS,FALSE
CEV-05242,COL-0085,EVT-1494,453,TRUE,YEAR,corpus-general-culture-v2,,,CURATED_CORPUS,FALSE
CEV-05243,COL-0085,EVT-1495,454,TRUE,YEAR,corpus-general-culture-v2,,,CURATED_CORPUS,FALSE
CEV-05244,COL-0085,EVT-1496,455,TRUE,YEAR,corpus-general-culture-v2,,,CURATED_CORPUS,FALSE
CEV-05245,COL-0085,EVT-1497,456,TRUE,YEAR,corpus-general-culture-v2,,,CURATED_CORPUS,FALSE
CEV-05246,COL-0085,EVT-1498,457,TRUE,YEAR,corpus-general-culture-v2,,,CURATED_CORPUS,FALSE
CEV-05247,COL-0085,EVT-1499,458,TRUE,YEAR,corpus-general-culture-v2,,,CURATED_CORPUS,FALSE
CEV-05248,COL-0085,EVT-1500,459,TRUE,YEAR,corpus-general-culture-v2,,,CURATED_CORPUS,FALSE
CEV-05249,COL-0085,EVT-1501,460,TRUE,YEAR,corpus-general-culture-v2,,,CURATED_CORPUS,FALSE
CEV-05250,COL-0085,EVT-1502,461,TRUE,YEAR,corpus-general-culture-v2,,,CURATED_CORPUS,FALSE
CEV-05251,COL-0085,EVT-1503,462,TRUE,YEAR,corpus-general-culture-v2,,,CURATED_CORPUS,FALSE
CEV-05252,COL-0085,EVT-1504,463,TRUE,YEAR,corpus-general-culture-v2,,,CURATED_CORPUS,FALSE
CEV-05253,COL-0085,EVT-1505,464,TRUE,YEAR,corpus-general-culture-v2,,,CURATED_CORPUS,FALSE
CEV-05254,COL-0085,EVT-1506,465,TRUE,YEAR,corpus-general-culture-v2,,,CURATED_CORPUS,FALSE
CEV-05255,COL-0085,EVT-1507,466,TRUE,YEAR,corpus-general-culture-v2,,,CURATED_CORPUS,FALSE
CEV-05256,COL-0085,EVT-1508,467,TRUE,YEAR,corpus-general-culture-v2,,,CURATED_CORPUS,FALSE
CEV-05257,COL-0085,EVT-1509,468,TRUE,YEAR,corpus-general-culture-v2,,,CURATED_CORPUS,FALSE
CEV-05258,COL-0085,EVT-1510,469,TRUE,YEAR,corpus-general-culture-v2,,,CURATED_CORPUS,FALSE
CEV-05259,COL-0085,EVT-1511,470,TRUE,YEAR,corpus-general-culture-v2,,,CURATED_CORPUS,FALSE
CEV-05260,COL-0085,EVT-1512,471,TRUE,YEAR,corpus-general-culture-v2,,,CURATED_CORPUS,FALSE
CEV-05261,COL-0085,EVT-1513,472,TRUE,YEAR,corpus-general-culture-v2,,,CURATED_CORPUS,FALSE
CEV-05262,COL-0085,EVT-1514,473,TRUE,YEAR,corpus-general-culture-v2,,,CURATED_CORPUS,FALSE
CEV-05263,COL-0085,EVT-1515,474,TRUE,YEAR,corpus-general-culture-v2,,,CURATED_CORPUS,FALSE
CEV-05264,COL-0085,EVT-1516,475,TRUE,YEAR,corpus-general-culture-v2,,,CURATED_CORPUS,FALSE
CEV-05265,COL-0085,EVT-1517,476,TRUE,YEAR,corpus-general-culture-v2,,,CURATED_CORPUS,FALSE
CEV-05266,COL-0085,EVT-1518,477,TRUE,YEAR,corpus-general-culture-v2,,,CURATED_CORPUS,FALSE
CEV-05267,COL-0085,EVT-1519,478,TRUE,YEAR,corpus-general-culture-v2,,,CURATED_CORPUS,FALSE
CEV-05268,COL-0085,EVT-1520,479,TRUE,YEAR,corpus-general-culture-v2,,,CURATED_CORPUS,FALSE
CEV-05269,COL-0085,EVT-1521,480,TRUE,YEAR,corpus-general-culture-v2,,,CURATED_CORPUS,FALSE
CEV-05270,COL-0085,EVT-1522,481,TRUE,YEAR,corpus-general-culture-v2,,,CURATED_CORPUS,FALSE
CEV-05271,COL-0085,EVT-1523,482,TRUE,YEAR,corpus-general-culture-v2,,,CURATED_CORPUS,FALSE
CEV-05272,COL-0085,EVT-1524,483,TRUE,YEAR,corpus-general-culture-v2,,,CURATED_CORPUS,FALSE
CEV-05273,COL-0085,EVT-1525,484,TRUE,YEAR,corpus-general-culture-v2,,,CURATED_CORPUS,FALSE
CEV-05274,COL-0085,EVT-1526,485,TRUE,YEAR,corpus-general-culture-v2,,,CURATED_CORPUS,FALSE
CEV-05275,COL-0085,EVT-1527,486,TRUE,YEAR,corpus-general-culture-v2,,,CURATED_CORPUS,FALSE
CEV-05276,COL-0085,EVT-1528,487,TRUE,YEAR,corpus-general-culture-v2,,,CURATED_CORPUS,FALSE
CEV-05277,COL-0085,EVT-1529,488,TRUE,YEAR,corpus-general-culture-v2,,,CURATED_CORPUS,FALSE
CEV-05278,COL-0085,EVT-1530,489,TRUE,YEAR,corpus-general-culture-v2,,,CURATED_CORPUS,FALSE
CEV-05279,COL-0085,EVT-1531,490,TRUE,YEAR,corpus-general-culture-v2,,,CURATED_CORPUS,FALSE
CEV-05280,COL-0085,EVT-1532,491,TRUE,YEAR,corpus-general-culture-v2,,,CURATED_CORPUS,FALSE
CEV-05281,COL-0085,EVT-1533,492,TRUE,YEAR,corpus-general-culture-v2,,,CURATED_CORPUS,FALSE
CEV-05282,COL-0085,EVT-1534,493,TRUE,YEAR,corpus-general-culture-v2,,,CURATED_CORPUS,FALSE
CEV-05283,COL-0085,EVT-1535,494,TRUE,YEAR,corpus-general-culture-v2,,,CURATED_CORPUS,FALSE
CEV-05284,COL-0085,EVT-1536,495,TRUE,YEAR,corpus-general-culture-v2,,,CURATED_CORPUS,FALSE
CEV-05285,COL-0085,EVT-1537,496,TRUE,YEAR,corpus-general-culture-v2,,,CURATED_CORPUS,FALSE
CEV-05286,COL-0085,EVT-1538,497,TRUE,YEAR,corpus-general-culture-v2,,,CURATED_CORPUS,FALSE
CEV-05287,COL-0085,EVT-1539,498,TRUE,YEAR,corpus-general-culture-v2,,,CURATED_CORPUS,FALSE
CEV-05288,COL-0085,EVT-1540,499,TRUE,YEAR,corpus-general-culture-v2,,,CURATED_CORPUS,FALSE
CEV-05289,COL-0085,EVT-1541,500,TRUE,YEAR,corpus-general-culture-v2,,,CURATED_CORPUS,FALSE
CEV-05290,COL-0085,EVT-1542,501,TRUE,YEAR,corpus-general-culture-v2,,,CURATED_CORPUS,FALSE
CEV-05291,COL-0085,EVT-1543,502,TRUE,YEAR,corpus-general-culture-v2,,,CURATED_CORPUS,FALSE
CEV-05292,COL-0085,EVT-1544,503,TRUE,YEAR,corpus-general-culture-v2,,,CURATED_CORPUS,FALSE
CEV-05293,COL-0085,EVT-1545,504,TRUE,YEAR,corpus-general-culture-v2,,,CURATED_CORPUS,FALSE
CEV-05294,COL-0085,EVT-1546,505,TRUE,YEAR,corpus-general-culture-v2,,,CURATED_CORPUS,FALSE
CEV-05295,COL-0085,EVT-1547,506,TRUE,YEAR,corpus-general-culture-v2,,,CURATED_CORPUS,FALSE
CEV-05296,COL-0085,EVT-1548,507,TRUE,YEAR,corpus-general-culture-v2,,,CURATED_CORPUS,FALSE
CEV-05297,COL-0085,EVT-1549,508,TRUE,YEAR,corpus-general-culture-v2,,,CURATED_CORPUS,FALSE
CEV-05298,COL-0085,EVT-1550,509,TRUE,YEAR,corpus-general-culture-v2,,,CURATED_CORPUS,FALSE
CEV-05299,COL-0085,EVT-1551,510,TRUE,YEAR,corpus-general-culture-v2,,,CURATED_CORPUS,FALSE
CEV-05300,COL-0085,EVT-1552,511,TRUE,YEAR,corpus-general-culture-v2,,,CURATED_CORPUS,FALSE
CEV-05301,COL-0085,EVT-1553,512,TRUE,YEAR,corpus-general-culture-v2,,,CURATED_CORPUS,FALSE
CEV-05302,COL-0085,EVT-1554,513,TRUE,YEAR,corpus-general-culture-v2,,,CURATED_CORPUS,FALSE
CEV-05303,COL-0085,EVT-1555,514,TRUE,YEAR,corpus-general-culture-v2,,,CURATED_CORPUS,FALSE
CEV-05304,COL-0085,EVT-1556,515,TRUE,YEAR,corpus-general-culture-v2,,,CURATED_CORPUS,FALSE
CEV-05305,COL-0085,EVT-1557,516,TRUE,YEAR,corpus-general-culture-v2,,,CURATED_CORPUS,FALSE
CEV-05306,COL-0085,EVT-1558,517,TRUE,YEAR,corpus-general-culture-v2,,,CURATED_CORPUS,FALSE
CEV-05307,COL-0085,EVT-1559,518,TRUE,YEAR,corpus-general-culture-v2,,,CURATED_CORPUS,FALSE
CEV-05308,COL-0085,EVT-1560,519,TRUE,YEAR,corpus-general-culture-v2,,,CURATED_CORPUS,FALSE
CEV-05309,COL-0085,EVT-1561,520,TRUE,YEAR,corpus-general-culture-v2,,,CURATED_CORPUS,FALSE
CEV-05310,COL-0085,EVT-1562,521,TRUE,YEAR,corpus-general-culture-v2,,,CURATED_CORPUS,FALSE
CEV-05311,COL-0085,EVT-1563,522,TRUE,YEAR,corpus-general-culture-v2,,,CURATED_CORPUS,FALSE
CEV-05312,COL-0085,EVT-1564,523,TRUE,YEAR,corpus-general-culture-v2,,,CURATED_CORPUS,FALSE
CEV-05313,COL-0085,EVT-1565,524,TRUE,YEAR,corpus-general-culture-v2,,,CURATED_CORPUS,FALSE
CEV-05314,COL-0085,EVT-1566,525,TRUE,YEAR,corpus-general-culture-v2,,,CURATED_CORPUS,FALSE
CEV-05315,COL-0085,EVT-1567,526,TRUE,YEAR,corpus-general-culture-v2,,,CURATED_CORPUS,FALSE
CEV-05316,COL-0085,EVT-1568,527,TRUE,YEAR,corpus-general-culture-v2,,,CURATED_CORPUS,FALSE
CEV-05317,COL-0085,EVT-1569,528,TRUE,YEAR,corpus-general-culture-v2,,,CURATED_CORPUS,FALSE
CEV-05318,COL-0085,EVT-1570,529,TRUE,YEAR,corpus-general-culture-v2,,,CURATED_CORPUS,FALSE
CEV-05319,COL-0085,EVT-1571,530,TRUE,YEAR,corpus-general-culture-v2,,,CURATED_CORPUS,FALSE
CEV-05320,COL-0085,EVT-1572,531,TRUE,YEAR,corpus-general-culture-v2,,,CURATED_CORPUS,FALSE
CEV-05321,COL-0085,EVT-1573,532,TRUE,YEAR,corpus-general-culture-v2,,,CURATED_CORPUS,FALSE
CEV-05322,COL-0085,EVT-1574,533,TRUE,YEAR,corpus-general-culture-v2,,,CURATED_CORPUS,FALSE
CEV-05323,COL-0085,EVT-1575,534,TRUE,YEAR,corpus-general-culture-v2,,,CURATED_CORPUS,FALSE
CEV-05324,COL-0085,EVT-1576,535,TRUE,YEAR,corpus-general-culture-v2,,,CURATED_CORPUS,FALSE
CEV-05325,COL-0085,EVT-1577,536,TRUE,YEAR,corpus-general-culture-v2,,,CURATED_CORPUS,FALSE
CEV-05326,COL-0085,EVT-1578,537,TRUE,YEAR,corpus-general-culture-v2,,,CURATED_CORPUS,FALSE
CEV-05327,COL-0085,EVT-1579,538,TRUE,YEAR,corpus-general-culture-v2,,,CURATED_CORPUS,FALSE
CEV-05328,COL-0085,EVT-1580,539,TRUE,YEAR,corpus-general-culture-v2,,,CURATED_CORPUS,FALSE
CEV-05329,COL-0085,EVT-1581,540,TRUE,YEAR,corpus-general-culture-v2,,,CURATED_CORPUS,FALSE
CEV-05330,COL-0085,EVT-1582,541,TRUE,YEAR,corpus-general-culture-v2,,,CURATED_CORPUS,FALSE
CEV-05331,COL-0085,EVT-1583,542,TRUE,YEAR,corpus-general-culture-v2,,,CURATED_CORPUS,FALSE
CEV-05332,COL-0085,EVT-1584,543,TRUE,YEAR,corpus-general-culture-v2,,,CURATED_CORPUS,FALSE
CEV-05333,COL-0085,EVT-1585,544,TRUE,YEAR,corpus-general-culture-v2,,,CURATED_CORPUS,FALSE
CEV-05334,COL-0085,EVT-1586,545,TRUE,YEAR,corpus-general-culture-v2,,,CURATED_CORPUS,FALSE
CEV-05335,COL-0085,EVT-1587,546,TRUE,YEAR,corpus-general-culture-v2,,,CURATED_CORPUS,FALSE
CEV-05336,COL-0085,EVT-1588,547,TRUE,YEAR,corpus-general-culture-v2,,,CURATED_CORPUS,FALSE
CEV-05337,COL-0085,EVT-1589,548,TRUE,YEAR,corpus-general-culture-v2,,,CURATED_CORPUS,FALSE
CEV-05338,COL-0085,EVT-1590,549,TRUE,YEAR,corpus-general-culture-v2,,,CURATED_CORPUS,FALSE
CEV-05339,COL-0085,EVT-1591,550,TRUE,YEAR,corpus-general-culture-v2,,,CURATED_CORPUS,FALSE
CEV-05340,COL-0085,EVT-1592,551,TRUE,YEAR,corpus-general-culture-v2,,,CURATED_CORPUS,FALSE
CEV-05341,COL-0085,EVT-1593,552,TRUE,YEAR,corpus-general-culture-v2,,,CURATED_CORPUS,FALSE
CEV-05342,COL-0085,EVT-1594,553,TRUE,YEAR,corpus-general-culture-v2,,,CURATED_CORPUS,FALSE
CEV-05343,COL-0085,EVT-1595,554,TRUE,YEAR,corpus-general-culture-v2,,,CURATED_CORPUS,FALSE
CEV-05344,COL-0085,EVT-1596,555,TRUE,YEAR,corpus-general-culture-v2,,,CURATED_CORPUS,FALSE
CEV-05345,COL-0085,EVT-1597,556,TRUE,YEAR,corpus-general-culture-v2,,,CURATED_CORPUS,FALSE
CEV-05346,COL-0085,EVT-1598,557,TRUE,YEAR,corpus-general-culture-v2,,,CURATED_CORPUS,FALSE
CEV-05347,COL-0085,EVT-1599,558,TRUE,YEAR,corpus-general-culture-v2,,,CURATED_CORPUS,FALSE
CEV-05348,COL-0085,EVT-1600,559,TRUE,YEAR,corpus-general-culture-v2,,,CURATED_CORPUS,FALSE
CEV-05349,COL-0085,EVT-1601,560,TRUE,YEAR,corpus-general-culture-v2,,,CURATED_CORPUS,FALSE
CEV-05350,COL-0085,EVT-1602,561,TRUE,YEAR,corpus-general-culture-v2,,,CURATED_CORPUS,FALSE
CEV-05351,COL-0085,EVT-1603,562,TRUE,YEAR,corpus-general-culture-v2,,,CURATED_CORPUS,FALSE
CEV-05352,COL-0085,EVT-1604,563,TRUE,YEAR,corpus-general-culture-v2,,,CURATED_CORPUS,FALSE
CEV-05353,COL-0085,EVT-1605,564,TRUE,YEAR,corpus-general-culture-v2,,,CURATED_CORPUS,FALSE
CEV-05354,COL-0085,EVT-1606,565,TRUE,YEAR,corpus-general-culture-v2,,,CURATED_CORPUS,FALSE
CEV-05355,COL-0085,EVT-1607,566,TRUE,YEAR,corpus-general-culture-v2,,,CURATED_CORPUS,FALSE
CEV-05356,COL-0085,EVT-1608,567,TRUE,YEAR,corpus-general-culture-v2,,,CURATED_CORPUS,FALSE
CEV-05357,COL-0085,EVT-1609,568,TRUE,YEAR,corpus-general-culture-v2,,,CURATED_CORPUS,FALSE
CEV-05358,COL-0085,EVT-1610,569,TRUE,YEAR,corpus-general-culture-v2,,,CURATED_CORPUS,FALSE
CEV-05359,COL-0085,EVT-1611,570,TRUE,YEAR,corpus-general-culture-v2,,,CURATED_CORPUS,FALSE
CEV-05360,COL-0085,EVT-1612,571,TRUE,YEAR,corpus-general-culture-v2,,,CURATED_CORPUS,FALSE
CEV-05361,COL-0085,EVT-1614,572,TRUE,DAY,corpus-general-culture-v2,,,CURATED_CORPUS,FALSE
CEV-05362,COL-0085,EVT-1613,573,TRUE,DAY,corpus-general-culture-v2,,,CURATED_CORPUS,FALSE
CEV-05363,COL-0085,EVT-1615,574,TRUE,YEAR,corpus-general-culture-v2,,,CURATED_CORPUS,FALSE
CEV-05364,COL-0085,EVT-1616,575,TRUE,YEAR,corpus-general-culture-v2,,,CURATED_CORPUS,FALSE
CEV-05365,COL-0085,EVT-1617,576,TRUE,YEAR,corpus-general-culture-v2,,,CURATED_CORPUS,FALSE
CEV-05366,COL-0085,EVT-1618,577,TRUE,YEAR,corpus-general-culture-v2,,,CURATED_CORPUS,FALSE
CEV-05367,COL-0085,EVT-1619,578,TRUE,YEAR,corpus-general-culture-v2,,,CURATED_CORPUS,FALSE
CEV-05368,COL-0085,EVT-1620,579,TRUE,YEAR,corpus-general-culture-v2,,,CURATED_CORPUS,FALSE
CEV-05369,COL-0085,EVT-1621,580,TRUE,YEAR,corpus-general-culture-v2,,,CURATED_CORPUS,FALSE
CEV-05370,COL-0085,EVT-1622,581,TRUE,YEAR,corpus-general-culture-v2,,,CURATED_CORPUS,FALSE
CEV-05371,COL-0085,EVT-1624,582,TRUE,YEAR,corpus-general-culture-v2,,,CURATED_CORPUS,FALSE
CEV-05372,COL-0085,EVT-1623,583,TRUE,DAY,corpus-general-culture-v2,,,CURATED_CORPUS,FALSE
CEV-05373,COL-0085,EVT-1625,584,TRUE,YEAR,corpus-general-culture-v2,,,CURATED_CORPUS,FALSE
CEV-05374,COL-0085,EVT-1626,585,TRUE,YEAR,corpus-general-culture-v2,,,CURATED_CORPUS,FALSE
CEV-05375,COL-0085,EVT-1627,586,TRUE,YEAR,corpus-general-culture-v2,,,CURATED_CORPUS,FALSE
CEV-05376,COL-0085,EVT-1628,587,TRUE,YEAR,corpus-general-culture-v2,,,CURATED_CORPUS,FALSE
CEV-05377,COL-0085,EVT-1629,588,TRUE,YEAR,corpus-general-culture-v2,,,CURATED_CORPUS,FALSE
CEV-05378,COL-0085,EVT-1630,589,TRUE,YEAR,corpus-general-culture-v2,,,CURATED_CORPUS,FALSE
CEV-05379,COL-0085,EVT-1631,590,TRUE,YEAR,corpus-general-culture-v2,,,CURATED_CORPUS,FALSE
CEV-05380,COL-0085,EVT-1632,591,TRUE,YEAR,corpus-general-culture-v2,,,CURATED_CORPUS,FALSE
CEV-05381,COL-0085,EVT-1633,592,TRUE,YEAR,corpus-general-culture-v2,,,CURATED_CORPUS,FALSE
CEV-05382,COL-0085,EVT-1634,593,TRUE,YEAR,corpus-general-culture-v2,,,CURATED_CORPUS,FALSE
CEV-05383,COL-0085,EVT-1635,594,TRUE,YEAR,corpus-general-culture-v2,,,CURATED_CORPUS,FALSE
CEV-05384,COL-0085,EVT-1636,595,TRUE,YEAR,corpus-general-culture-v2,,,CURATED_CORPUS,FALSE
CEV-05385,COL-0085,EVT-1637,596,TRUE,YEAR,corpus-general-culture-v2,,,CURATED_CORPUS,FALSE
CEV-05386,COL-0085,EVT-1640,597,TRUE,YEAR,corpus-general-culture-v2,,,CURATED_CORPUS,FALSE
CEV-05387,COL-0085,EVT-1641,598,TRUE,YEAR,corpus-general-culture-v2,,,CURATED_CORPUS,FALSE
CEV-05388,COL-0085,EVT-1639,599,TRUE,DAY,corpus-general-culture-v2,,,CURATED_CORPUS,FALSE
CEV-05389,COL-0085,EVT-1638,600,TRUE,DAY,corpus-general-culture-v2,,,CURATED_CORPUS,FALSE
CEV-05390,COL-0085,EVT-1642,601,TRUE,YEAR,corpus-general-culture-v2,,,CURATED_CORPUS,FALSE
CEV-05391,COL-0085,EVT-1643,602,TRUE,YEAR,corpus-general-culture-v2,,,CURATED_CORPUS,FALSE
CEV-05392,COL-0085,EVT-1644,603,TRUE,YEAR,corpus-general-culture-v2,,,CURATED_CORPUS,FALSE
CEV-05393,COL-0085,EVT-1645,604,TRUE,YEAR,corpus-general-culture-v2,,,CURATED_CORPUS,FALSE
CEV-05394,COL-0085,EVT-1646,605,TRUE,YEAR,corpus-general-culture-v2,,,CURATED_CORPUS,FALSE
CEV-05395,COL-0085,EVT-1647,606,TRUE,YEAR,corpus-general-culture-v2,,,CURATED_CORPUS,FALSE
CEV-05396,COL-0085,EVT-1648,607,TRUE,YEAR,corpus-general-culture-v2,,,CURATED_CORPUS,FALSE
CEV-05397,COL-0085,EVT-1649,608,TRUE,YEAR,corpus-general-culture-v2,,,CURATED_CORPUS,FALSE
CEV-05398,COL-0085,EVT-1650,609,TRUE,YEAR,corpus-general-culture-v2,,,CURATED_CORPUS,FALSE
CEV-05399,COL-0085,EVT-1651,610,TRUE,YEAR,corpus-general-culture-v2,,,CURATED_CORPUS,FALSE
CEV-05400,COL-0085,EVT-1652,611,TRUE,YEAR,corpus-general-culture-v2,,,CURATED_CORPUS,FALSE
CEV-05401,COL-0085,EVT-1653,612,TRUE,YEAR,corpus-general-culture-v2,,,CURATED_CORPUS,FALSE
CEV-05402,COL-0085,EVT-1654,613,TRUE,YEAR,corpus-general-culture-v2,,,CURATED_CORPUS,FALSE
CEV-05403,COL-0085,EVT-1655,614,TRUE,YEAR,corpus-general-culture-v2,,,CURATED_CORPUS,FALSE
CEV-05404,COL-0085,EVT-1656,615,TRUE,YEAR,corpus-general-culture-v2,,,CURATED_CORPUS,FALSE
CEV-05405,COL-0085,EVT-1658,616,TRUE,YEAR,corpus-general-culture-v2,,,CURATED_CORPUS,FALSE
CEV-05406,COL-0085,EVT-1657,617,TRUE,DAY,corpus-general-culture-v2,,,CURATED_CORPUS,FALSE
CEV-05407,COL-0085,EVT-1659,618,TRUE,YEAR,corpus-general-culture-v2,,,CURATED_CORPUS,FALSE
CEV-05408,COL-0085,EVT-1660,619,TRUE,YEAR,corpus-general-culture-v2,,,CURATED_CORPUS,FALSE
CEV-05409,COL-0085,EVT-1661,620,TRUE,YEAR,corpus-general-culture-v2,,,CURATED_CORPUS,FALSE
CEV-05410,COL-0085,EVT-1662,621,TRUE,YEAR,corpus-general-culture-v2,,,CURATED_CORPUS,FALSE
CEV-05411,COL-0085,EVT-1663,622,TRUE,YEAR,corpus-general-culture-v2,,,CURATED_CORPUS,FALSE
CEV-05412,COL-0085,EVT-1664,623,TRUE,YEAR,corpus-general-culture-v2,,,CURATED_CORPUS,FALSE
CEV-05413,COL-0085,EVT-1665,624,TRUE,YEAR,corpus-general-culture-v2,,,CURATED_CORPUS,FALSE
CEV-05414,COL-0085,EVT-1666,625,TRUE,YEAR,corpus-general-culture-v2,,,CURATED_CORPUS,FALSE
CEV-05415,COL-0085,EVT-1667,626,TRUE,YEAR,corpus-general-culture-v2,,,CURATED_CORPUS,FALSE
CEV-05416,COL-0085,EVT-1669,627,TRUE,DAY,corpus-general-culture-v2,,,CURATED_CORPUS,FALSE
CEV-05417,COL-0085,EVT-1668,628,TRUE,DAY,corpus-general-culture-v2,,,CURATED_CORPUS,FALSE
CEV-05418,COL-0085,EVT-1670,629,TRUE,DAY,corpus-general-culture-v2,,,CURATED_CORPUS,FALSE
CEV-05419,COL-0085,EVT-1671,630,TRUE,YEAR,corpus-general-culture-v2,,,CURATED_CORPUS,FALSE
CEV-05420,COL-0085,EVT-1672,631,TRUE,YEAR,corpus-general-culture-v2,,,CURATED_CORPUS,FALSE
CEV-05421,COL-0085,EVT-1673,632,TRUE,YEAR,corpus-general-culture-v2,,,CURATED_CORPUS,FALSE
CEV-05422,COL-0085,EVT-1674,633,TRUE,YEAR,corpus-general-culture-v2,,,CURATED_CORPUS,FALSE
CEV-05423,COL-0085,EVT-1675,634,TRUE,YEAR,corpus-general-culture-v2,,,CURATED_CORPUS,FALSE
CEV-05424,COL-0085,EVT-1676,635,TRUE,YEAR,corpus-general-culture-v2,,,CURATED_CORPUS,FALSE
CEV-05425,COL-0085,EVT-1677,636,TRUE,YEAR,corpus-general-culture-v2,,,CURATED_CORPUS,FALSE
CEV-05426,COL-0085,EVT-1678,637,TRUE,YEAR,corpus-general-culture-v2,,,CURATED_CORPUS,FALSE
CEV-05427,COL-0085,EVT-1679,638,TRUE,YEAR,corpus-general-culture-v2,,,CURATED_CORPUS,FALSE
CEV-05428,COL-0085,EVT-1681,639,TRUE,YEAR,corpus-general-culture-v2,,,CURATED_CORPUS,FALSE
CEV-05429,COL-0085,EVT-1682,640,TRUE,YEAR,corpus-general-culture-v2,,,CURATED_CORPUS,FALSE
CEV-05430,COL-0085,EVT-1680,641,TRUE,DAY,corpus-general-culture-v2,,,CURATED_CORPUS,FALSE
CEV-05431,COL-0085,EVT-1683,642,TRUE,YEAR,corpus-general-culture-v2,,,CURATED_CORPUS,FALSE
CEV-05432,COL-0085,EVT-1684,643,TRUE,YEAR,corpus-general-culture-v2,,,CURATED_CORPUS,FALSE
CEV-05433,COL-0085,EVT-1685,644,TRUE,YEAR,corpus-general-culture-v2,,,CURATED_CORPUS,FALSE
CEV-05434,COL-0085,EVT-1686,645,TRUE,YEAR,corpus-general-culture-v2,,,CURATED_CORPUS,FALSE
CEV-05435,COL-0085,EVT-1687,646,TRUE,YEAR,corpus-general-culture-v2,,,CURATED_CORPUS,FALSE
CEV-05436,COL-0085,EVT-1688,647,TRUE,YEAR,corpus-general-culture-v2,,,CURATED_CORPUS,FALSE
CEV-05437,COL-0085,EVT-1689,648,TRUE,YEAR,corpus-general-culture-v2,,,CURATED_CORPUS,FALSE
CEV-05438,COL-0085,EVT-1690,649,TRUE,YEAR,corpus-general-culture-v2,,,CURATED_CORPUS,FALSE
CEV-05439,COL-0085,EVT-1693,650,TRUE,YEAR,corpus-general-culture-v2,,,CURATED_CORPUS,FALSE
CEV-05440,COL-0085,EVT-1691,651,TRUE,DAY,corpus-general-culture-v2,,,CURATED_CORPUS,FALSE
CEV-05441,COL-0085,EVT-1692,652,TRUE,DAY,corpus-general-culture-v2,,,CURATED_CORPUS,FALSE
CEV-05442,COL-0085,EVT-1694,653,TRUE,YEAR,corpus-general-culture-v2,,,CURATED_CORPUS,FALSE
CEV-05443,COL-0085,EVT-1695,654,TRUE,YEAR,corpus-general-culture-v2,,,CURATED_CORPUS,FALSE
CEV-05444,COL-0085,EVT-1696,655,TRUE,YEAR,corpus-general-culture-v2,,,CURATED_CORPUS,FALSE
CEV-05445,COL-0085,EVT-1697,656,TRUE,YEAR,corpus-general-culture-v2,,,CURATED_CORPUS,FALSE
CEV-05446,COL-0085,EVT-1698,657,TRUE,YEAR,corpus-general-culture-v2,,,CURATED_CORPUS,FALSE
CEV-05447,COL-0085,EVT-1699,658,TRUE,YEAR,corpus-general-culture-v2,,,CURATED_CORPUS,FALSE
CEV-05448,COL-0085,EVT-1700,659,TRUE,YEAR,corpus-general-culture-v2,,,CURATED_CORPUS,FALSE
CEV-05449,COL-0085,EVT-1701,660,TRUE,YEAR,corpus-general-culture-v2,,,CURATED_CORPUS,FALSE
CEV-05450,COL-0085,EVT-1702,661,TRUE,YEAR,corpus-general-culture-v2,,,CURATED_CORPUS,FALSE
CEV-05451,COL-0085,EVT-1703,662,TRUE,YEAR,corpus-general-culture-v2,,,CURATED_CORPUS,FALSE
CEV-05452,COL-0085,EVT-1706,663,TRUE,YEAR,corpus-general-culture-v2,,,CURATED_CORPUS,FALSE
CEV-05453,COL-0085,EVT-1704,664,TRUE,DAY,corpus-general-culture-v2,,,CURATED_CORPUS,FALSE
CEV-05454,COL-0085,EVT-1705,665,TRUE,DAY,corpus-general-culture-v2,,,CURATED_CORPUS,FALSE
CEV-05455,COL-0085,EVT-1707,666,TRUE,YEAR,corpus-general-culture-v2,,,CURATED_CORPUS,FALSE
CEV-05456,COL-0085,EVT-1708,667,TRUE,YEAR,corpus-general-culture-v2,,,CURATED_CORPUS,FALSE
CEV-05457,COL-0085,EVT-1709,668,TRUE,YEAR,corpus-general-culture-v2,,,CURATED_CORPUS,FALSE
CEV-05458,COL-0085,EVT-1710,669,TRUE,YEAR,corpus-general-culture-v2,,,CURATED_CORPUS,FALSE
CEV-05459,COL-0085,EVT-1711,670,TRUE,YEAR,corpus-general-culture-v2,,,CURATED_CORPUS,FALSE
CEV-05460,COL-0085,EVT-1712,671,TRUE,YEAR,corpus-general-culture-v2,,,CURATED_CORPUS,FALSE
CEV-05461,COL-0085,EVT-1713,672,TRUE,YEAR,corpus-general-culture-v2,,,CURATED_CORPUS,FALSE
CEV-05462,COL-0085,EVT-1714,673,TRUE,YEAR,corpus-general-culture-v2,,,CURATED_CORPUS,FALSE
CEV-05463,COL-0085,EVT-1715,674,TRUE,YEAR,corpus-general-culture-v2,,,CURATED_CORPUS,FALSE
CEV-05464,COL-0085,EVT-1716,675,TRUE,YEAR,corpus-general-culture-v2,,,CURATED_CORPUS,FALSE
CEV-05465,COL-0085,EVT-1718,676,TRUE,YEAR,corpus-general-culture-v2,,,CURATED_CORPUS,FALSE
CEV-05466,COL-0085,EVT-1717,677,TRUE,DAY,corpus-general-culture-v2,,,CURATED_CORPUS,FALSE
CEV-05467,COL-0085,EVT-1719,678,TRUE,YEAR,corpus-general-culture-v2,,,CURATED_CORPUS,FALSE
CEV-05468,COL-0085,EVT-1720,679,TRUE,YEAR,corpus-general-culture-v2,,,CURATED_CORPUS,FALSE
CEV-05469,COL-0085,EVT-1721,680,TRUE,YEAR,corpus-general-culture-v2,,,CURATED_CORPUS,FALSE
CEV-05470,COL-0085,EVT-1722,681,TRUE,YEAR,corpus-general-culture-v2,,,CURATED_CORPUS,FALSE
CEV-05471,COL-0085,EVT-1723,682,TRUE,YEAR,corpus-general-culture-v2,,,CURATED_CORPUS,FALSE
CEV-05472,COL-0085,EVT-1724,683,TRUE,YEAR,corpus-general-culture-v2,,,CURATED_CORPUS,FALSE
CEV-05473,COL-0085,EVT-1725,684,TRUE,YEAR,corpus-general-culture-v2,,,CURATED_CORPUS,FALSE
CEV-05474,COL-0085,EVT-1726,685,TRUE,YEAR,corpus-general-culture-v2,,,CURATED_CORPUS,FALSE
CEV-05475,COL-0085,EVT-1727,686,TRUE,YEAR,corpus-general-culture-v2,,,CURATED_CORPUS,FALSE
CEV-05476,COL-0085,EVT-1728,687,TRUE,YEAR,corpus-general-culture-v2,,,CURATED_CORPUS,FALSE
CEV-05477,COL-0085,EVT-1729,688,TRUE,YEAR,corpus-general-culture-v2,,,CURATED_CORPUS,FALSE
CEV-05478,COL-0085,EVT-1730,689,TRUE,YEAR,corpus-general-culture-v2,,,CURATED_CORPUS,FALSE
CEV-05479,COL-0085,EVT-1731,690,TRUE,YEAR,corpus-general-culture-v2,,,CURATED_CORPUS,FALSE
CEV-05480,COL-0085,EVT-1732,691,TRUE,YEAR,corpus-general-culture-v2,,,CURATED_CORPUS,FALSE
CEV-05481,COL-0085,EVT-1733,692,TRUE,YEAR,corpus-general-culture-v2,,,CURATED_CORPUS,FALSE
CEV-05482,COL-0085,EVT-1734,693,TRUE,YEAR,corpus-general-culture-v2,,,CURATED_CORPUS,FALSE
CEV-05483,COL-0085,EVT-1736,694,TRUE,DAY,corpus-general-culture-v2,,,CURATED_CORPUS,FALSE
CEV-05484,COL-0085,EVT-1735,695,TRUE,DAY,corpus-general-culture-v2,,,CURATED_CORPUS,FALSE
CEV-05485,COL-0085,EVT-1737,696,TRUE,YEAR,corpus-general-culture-v2,,,CURATED_CORPUS,FALSE
CEV-05486,COL-0085,EVT-1738,697,TRUE,YEAR,corpus-general-culture-v2,,,CURATED_CORPUS,FALSE
CEV-05487,COL-0085,EVT-1739,698,TRUE,YEAR,corpus-general-culture-v2,,,CURATED_CORPUS,FALSE
CEV-05488,COL-0085,EVT-1740,699,TRUE,YEAR,corpus-general-culture-v2,,,CURATED_CORPUS,FALSE
CEV-05489,COL-0085,EVT-1741,700,TRUE,YEAR,corpus-general-culture-v2,,,CURATED_CORPUS,FALSE
CEV-05490,COL-0085,EVT-1742,701,TRUE,YEAR,corpus-general-culture-v2,,,CURATED_CORPUS,FALSE
CEV-05491,COL-0085,EVT-1743,702,TRUE,YEAR,corpus-general-culture-v2,,,CURATED_CORPUS,FALSE
CEV-05492,COL-0085,EVT-1744,703,TRUE,YEAR,corpus-general-culture-v2,,,CURATED_CORPUS,FALSE
CEV-05493,COL-0085,EVT-1745,704,TRUE,YEAR,corpus-general-culture-v2,,,CURATED_CORPUS,FALSE
CEV-05494,COL-0085,EVT-1746,705,TRUE,YEAR,corpus-general-culture-v2,,,CURATED_CORPUS,FALSE
CEV-05495,COL-0085,EVT-1747,706,TRUE,YEAR,corpus-general-culture-v2,,,CURATED_CORPUS,FALSE
CEV-05496,COL-0085,EVT-1748,707,TRUE,YEAR,corpus-general-culture-v2,,,CURATED_CORPUS,FALSE
CEV-05497,COL-0085,EVT-1749,708,TRUE,YEAR,corpus-general-culture-v2,,,CURATED_CORPUS,FALSE
CEV-05498,COL-0085,EVT-1750,709,TRUE,YEAR,corpus-general-culture-v2,,,CURATED_CORPUS,FALSE
CEV-05499,COL-0085,EVT-1751,710,TRUE,YEAR,corpus-general-culture-v2,,,CURATED_CORPUS,FALSE
CEV-05500,COL-0085,EVT-1752,711,TRUE,YEAR,corpus-general-culture-v2,,,CURATED_CORPUS,FALSE
CEV-05501,COL-0085,EVT-1753,712,TRUE,YEAR,corpus-general-culture-v2,,,CURATED_CORPUS,FALSE
CEV-05502,COL-0085,EVT-1754,713,TRUE,YEAR,corpus-general-culture-v2,,,CURATED_CORPUS,FALSE
CEV-05503,COL-0085,EVT-1755,714,TRUE,YEAR,corpus-general-culture-v2,,,CURATED_CORPUS,FALSE
CEV-05504,COL-0085,EVT-1756,715,TRUE,YEAR,corpus-general-culture-v2,,,CURATED_CORPUS,FALSE
CEV-05505,COL-0085,EVT-1757,716,TRUE,YEAR,corpus-general-culture-v2,,,CURATED_CORPUS,FALSE
CEV-05506,COL-0085,EVT-1758,717,TRUE,YEAR,corpus-general-culture-v2,,,CURATED_CORPUS,FALSE
CEV-05507,COL-0085,EVT-1759,718,TRUE,YEAR,corpus-general-culture-v2,,,CURATED_CORPUS,FALSE
CEV-05508,COL-0085,EVT-1760,719,TRUE,YEAR,corpus-general-culture-v2,,,CURATED_CORPUS,FALSE
CEV-05509,COL-0085,EVT-1761,720,TRUE,YEAR,corpus-general-culture-v2,,,CURATED_CORPUS,FALSE
CEV-05510,COL-0085,EVT-1762,721,TRUE,YEAR,corpus-general-culture-v2,,,CURATED_CORPUS,FALSE
CEV-05511,COL-0085,EVT-1763,722,TRUE,YEAR,corpus-general-culture-v2,,,CURATED_CORPUS,FALSE
CEV-05512,COL-0085,EVT-1764,723,TRUE,YEAR,corpus-general-culture-v2,,,CURATED_CORPUS,FALSE
CEV-05513,COL-0085,EVT-1765,724,TRUE,YEAR,corpus-general-culture-v2,,,CURATED_CORPUS,FALSE
CEV-05514,COL-0085,EVT-1766,725,TRUE,YEAR,corpus-general-culture-v2,,,CURATED_CORPUS,FALSE
CEV-05515,COL-0085,EVT-1767,726,TRUE,YEAR,corpus-general-culture-v2,,,CURATED_CORPUS,FALSE
CEV-05516,COL-0085,EVT-1769,727,TRUE,YEAR,corpus-general-culture-v2,,,CURATED_CORPUS,FALSE
CEV-05517,COL-0085,EVT-1768,728,TRUE,DAY,corpus-general-culture-v2,,,CURATED_CORPUS,FALSE
CEV-05518,COL-0085,EVT-1770,729,TRUE,YEAR,corpus-general-culture-v2,,,CURATED_CORPUS,FALSE
CEV-05519,COL-0085,EVT-1771,730,TRUE,YEAR,corpus-general-culture-v2,,,CURATED_CORPUS,FALSE
CEV-05520,COL-0085,EVT-1772,731,TRUE,YEAR,corpus-general-culture-v2,,,CURATED_CORPUS,FALSE
CEV-05521,COL-0085,EVT-1773,732,TRUE,YEAR,corpus-general-culture-v2,,,CURATED_CORPUS,FALSE
CEV-05522,COL-0085,EVT-1774,733,TRUE,YEAR,corpus-general-culture-v2,,,CURATED_CORPUS,FALSE
CEV-05523,COL-0085,EVT-1775,734,TRUE,YEAR,corpus-general-culture-v2,,,CURATED_CORPUS,FALSE
CEV-05524,COL-0085,EVT-1776,735,TRUE,YEAR,corpus-general-culture-v2,,,CURATED_CORPUS,FALSE
CEV-05525,COL-0085,EVT-1777,736,TRUE,YEAR,corpus-general-culture-v2,,,CURATED_CORPUS,FALSE
CEV-05526,COL-0085,EVT-1778,737,TRUE,YEAR,corpus-general-culture-v2,,,CURATED_CORPUS,FALSE
CEV-05527,COL-0085,EVT-1779,738,TRUE,YEAR,corpus-general-culture-v2,,,CURATED_CORPUS,FALSE
CEV-05528,COL-0085,EVT-1780,739,TRUE,YEAR,corpus-general-culture-v2,,,CURATED_CORPUS,FALSE
CEV-05529,COL-0085,EVT-1781,740,TRUE,YEAR,corpus-general-culture-v2,,,CURATED_CORPUS,FALSE
CEV-05530,COL-0085,EVT-1782,741,TRUE,YEAR,corpus-general-culture-v2,,,CURATED_CORPUS,FALSE
CEV-05531,COL-0085,EVT-1783,742,TRUE,YEAR,corpus-general-culture-v2,,,CURATED_CORPUS,FALSE
CEV-05532,COL-0085,EVT-1784,743,TRUE,YEAR,corpus-general-culture-v2,,,CURATED_CORPUS,FALSE
CEV-05533,COL-0085,EVT-1785,744,TRUE,YEAR,corpus-general-culture-v2,,,CURATED_CORPUS,FALSE
CEV-05534,COL-0085,EVT-1786,745,TRUE,YEAR,corpus-general-culture-v2,,,CURATED_CORPUS,FALSE
CEV-05535,COL-0085,EVT-1787,746,TRUE,YEAR,corpus-general-culture-v2,,,CURATED_CORPUS,FALSE
CEV-05536,COL-0085,EVT-1788,747,TRUE,YEAR,corpus-general-culture-v2,,,CURATED_CORPUS,FALSE
CEV-05537,COL-0085,EVT-1789,748,TRUE,YEAR,corpus-general-culture-v2,,,CURATED_CORPUS,FALSE
CEV-05538,COL-0085,EVT-1790,749,TRUE,YEAR,corpus-general-culture-v2,,,CURATED_CORPUS,FALSE
CEV-05539,COL-0085,EVT-1791,750,TRUE,YEAR,corpus-general-culture-v2,,,CURATED_CORPUS,FALSE
CEV-05540,COL-0085,EVT-1792,751,TRUE,YEAR,corpus-general-culture-v2,,,CURATED_CORPUS,FALSE
CEV-05541,COL-0085,EVT-1793,752,TRUE,YEAR,corpus-general-culture-v2,,,CURATED_CORPUS,FALSE
CEV-05542,COL-0085,EVT-1794,753,TRUE,YEAR,corpus-general-culture-v2,,,CURATED_CORPUS,FALSE
CEV-05543,COL-0085,EVT-1795,754,TRUE,YEAR,corpus-general-culture-v2,,,CURATED_CORPUS,FALSE
CEV-05544,COL-0085,EVT-1796,755,TRUE,YEAR,corpus-general-culture-v2,,,CURATED_CORPUS,FALSE
CEV-05545,COL-0085,EVT-1797,756,TRUE,YEAR,corpus-general-culture-v2,,,CURATED_CORPUS,FALSE
CEV-05546,COL-0085,EVT-1799,757,TRUE,YEAR,corpus-general-culture-v2,,,CURATED_CORPUS,FALSE
CEV-05547,COL-0085,EVT-1798,758,TRUE,DAY,corpus-general-culture-v2,,,CURATED_CORPUS,FALSE
CEV-05548,COL-0085,EVT-1800,759,TRUE,YEAR,corpus-general-culture-v2,,,CURATED_CORPUS,FALSE
CEV-05549,COL-0085,EVT-1801,760,TRUE,YEAR,corpus-general-culture-v2,,,CURATED_CORPUS,FALSE
CEV-05550,COL-0085,EVT-1802,761,TRUE,YEAR,corpus-general-culture-v2,,,CURATED_CORPUS,FALSE
CEV-05551,COL-0085,EVT-1803,762,TRUE,YEAR,corpus-general-culture-v2,,,CURATED_CORPUS,FALSE
CEV-05552,COL-0085,EVT-1804,763,TRUE,YEAR,corpus-general-culture-v2,,,CURATED_CORPUS,FALSE
CEV-05553,COL-0085,EVT-1805,764,TRUE,YEAR,corpus-general-culture-v2,,,CURATED_CORPUS,FALSE
CEV-05554,COL-0085,EVT-1806,765,TRUE,YEAR,corpus-general-culture-v2,,,CURATED_CORPUS,FALSE
CEV-05555,COL-0085,EVT-1807,766,TRUE,YEAR,corpus-general-culture-v2,,,CURATED_CORPUS,FALSE
CEV-05556,COL-0085,EVT-1808,767,TRUE,YEAR,corpus-general-culture-v2,,,CURATED_CORPUS,FALSE
CEV-05557,COL-0085,EVT-1809,768,TRUE,YEAR,corpus-general-culture-v2,,,CURATED_CORPUS,FALSE
CEV-05558,COL-0085,EVT-1810,769,TRUE,YEAR,corpus-general-culture-v2,,,CURATED_CORPUS,FALSE
CEV-05559,COL-0085,EVT-1811,770,TRUE,YEAR,corpus-general-culture-v2,,,CURATED_CORPUS,FALSE
CEV-05560,COL-0085,EVT-1812,771,TRUE,YEAR,corpus-general-culture-v2,,,CURATED_CORPUS,FALSE
CEV-05561,COL-0085,EVT-1813,772,TRUE,YEAR,corpus-general-culture-v2,,,CURATED_CORPUS,FALSE
CEV-05562,COL-0085,EVT-1814,773,TRUE,YEAR,corpus-general-culture-v2,,,CURATED_CORPUS,FALSE
CEV-05563,COL-0085,EVT-1815,774,TRUE,YEAR,corpus-general-culture-v2,,,CURATED_CORPUS,FALSE
CEV-05564,COL-0085,EVT-1816,775,TRUE,YEAR,corpus-general-culture-v2,,,CURATED_CORPUS,FALSE
CEV-05565,COL-0085,EVT-1819,776,TRUE,YEAR,corpus-general-culture-v2,,,CURATED_CORPUS,FALSE
CEV-05566,COL-0085,EVT-1818,777,TRUE,DAY,corpus-general-culture-v2,,,CURATED_CORPUS,FALSE
CEV-05567,COL-0085,EVT-1817,778,TRUE,DAY,corpus-general-culture-v2,,,CURATED_CORPUS,FALSE
CEV-05568,COL-0085,EVT-1820,779,TRUE,YEAR,corpus-general-culture-v2,,,CURATED_CORPUS,FALSE
CEV-05569,COL-0085,EVT-1821,780,TRUE,YEAR,corpus-general-culture-v2,,,CURATED_CORPUS,FALSE
CEV-05570,COL-0085,EVT-1822,781,TRUE,YEAR,corpus-general-culture-v2,,,CURATED_CORPUS,FALSE
CEV-05571,COL-0085,EVT-1823,782,TRUE,YEAR,corpus-general-culture-v2,,,CURATED_CORPUS,FALSE
CEV-05572,COL-0085,EVT-1824,783,TRUE,YEAR,corpus-general-culture-v2,,,CURATED_CORPUS,FALSE
CEV-05573,COL-0085,EVT-1825,784,TRUE,YEAR,corpus-general-culture-v2,,,CURATED_CORPUS,FALSE
CEV-05574,COL-0085,EVT-1826,785,TRUE,YEAR,corpus-general-culture-v2,,,CURATED_CORPUS,FALSE
CEV-05575,COL-0085,EVT-1827,786,TRUE,YEAR,corpus-general-culture-v2,,,CURATED_CORPUS,FALSE
CEV-05576,COL-0085,EVT-1828,787,TRUE,YEAR,corpus-general-culture-v2,,,CURATED_CORPUS,FALSE
CEV-05577,COL-0085,EVT-1832,788,TRUE,YEAR,corpus-general-culture-v2,,,CURATED_CORPUS,FALSE
CEV-05578,COL-0085,EVT-1833,789,TRUE,YEAR,corpus-general-culture-v2,,,CURATED_CORPUS,FALSE
CEV-05579,COL-0085,EVT-1830,790,TRUE,DAY,corpus-general-culture-v2,,,CURATED_CORPUS,FALSE
CEV-05580,COL-0085,EVT-1831,791,TRUE,DAY,corpus-general-culture-v2,,,CURATED_CORPUS,FALSE
CEV-05581,COL-0085,EVT-1829,792,TRUE,DAY,corpus-general-culture-v2,,,CURATED_CORPUS,FALSE
CEV-05582,COL-0085,EVT-1834,793,TRUE,YEAR,corpus-general-culture-v2,,,CURATED_CORPUS,FALSE
CEV-05583,COL-0085,EVT-1835,794,TRUE,YEAR,corpus-general-culture-v2,,,CURATED_CORPUS,FALSE
CEV-05584,COL-0085,EVT-1836,795,TRUE,YEAR,corpus-general-culture-v2,,,CURATED_CORPUS,FALSE
CEV-05585,COL-0085,EVT-1837,796,TRUE,YEAR,corpus-general-culture-v2,,,CURATED_CORPUS,FALSE
CEV-05586,COL-0085,EVT-1838,797,TRUE,YEAR,corpus-general-culture-v2,,,CURATED_CORPUS,FALSE
CEV-05587,COL-0085,EVT-1839,798,TRUE,YEAR,corpus-general-culture-v2,,,CURATED_CORPUS,FALSE
CEV-05588,COL-0085,EVT-1840,799,TRUE,YEAR,corpus-general-culture-v2,,,CURATED_CORPUS,FALSE
CEV-05589,COL-0085,EVT-1841,800,TRUE,YEAR,corpus-general-culture-v2,,,CURATED_CORPUS,FALSE
CEV-05590,COL-0085,EVT-1842,801,TRUE,YEAR,corpus-general-culture-v2,,,CURATED_CORPUS,FALSE
CEV-05591,COL-0085,EVT-1843,802,TRUE,YEAR,corpus-general-culture-v2,,,CURATED_CORPUS,FALSE
CEV-05592,COL-0085,EVT-1844,803,TRUE,YEAR,corpus-general-culture-v2,,,CURATED_CORPUS,FALSE
CEV-05593,COL-0085,EVT-1845,804,TRUE,YEAR,corpus-general-culture-v2,,,CURATED_CORPUS,FALSE
CEV-05594,COL-0085,EVT-1846,805,TRUE,YEAR,corpus-general-culture-v2,,,CURATED_CORPUS,FALSE
CEV-05595,COL-0085,EVT-1847,806,TRUE,YEAR,corpus-general-culture-v2,,,CURATED_CORPUS,FALSE
CEV-05596,COL-0085,EVT-1848,807,TRUE,YEAR,corpus-general-culture-v2,,,CURATED_CORPUS,FALSE
CEV-05597,COL-0085,EVT-1849,808,TRUE,YEAR,corpus-general-culture-v2,,,CURATED_CORPUS,FALSE
CEV-05598,COL-0085,EVT-1850,809,TRUE,YEAR,corpus-general-culture-v2,,,CURATED_CORPUS,FALSE
CEV-05599,COL-0085,EVT-1851,810,TRUE,YEAR,corpus-general-culture-v2,,,CURATED_CORPUS,FALSE
CEV-05600,COL-0085,EVT-1852,811,TRUE,YEAR,corpus-general-culture-v2,,,CURATED_CORPUS,FALSE
CEV-05601,COL-0085,EVT-1853,812,TRUE,YEAR,corpus-general-culture-v2,,,CURATED_CORPUS,FALSE
CEV-05602,COL-0085,EVT-1855,813,TRUE,YEAR,corpus-general-culture-v2,,,CURATED_CORPUS,FALSE
CEV-05603,COL-0085,EVT-1854,814,TRUE,DAY,corpus-general-culture-v2,,,CURATED_CORPUS,FALSE
CEV-05604,COL-0085,EVT-1856,815,TRUE,YEAR,corpus-general-culture-v2,,,CURATED_CORPUS,FALSE
CEV-05605,COL-0085,EVT-1857,816,TRUE,YEAR,corpus-general-culture-v2,,,CURATED_CORPUS,FALSE
CEV-05606,COL-0085,EVT-1858,817,TRUE,YEAR,corpus-general-culture-v2,,,CURATED_CORPUS,FALSE
CEV-05607,COL-0085,EVT-1859,818,TRUE,YEAR,corpus-general-culture-v2,,,CURATED_CORPUS,FALSE
CEV-05608,COL-0085,EVT-1860,819,TRUE,YEAR,corpus-general-culture-v2,,,CURATED_CORPUS,FALSE
CEV-05609,COL-0085,EVT-1861,820,TRUE,YEAR,corpus-general-culture-v2,,,CURATED_CORPUS,FALSE
CEV-05610,COL-0085,EVT-1866,821,TRUE,YEAR,corpus-general-culture-v2,,,CURATED_CORPUS,FALSE
CEV-05611,COL-0085,EVT-1862,822,TRUE,DAY,corpus-general-culture-v2,,,CURATED_CORPUS,FALSE
CEV-05612,COL-0085,EVT-1863,823,TRUE,DAY,corpus-general-culture-v2,,,CURATED_CORPUS,FALSE
CEV-05613,COL-0085,EVT-1864,824,TRUE,DAY,corpus-general-culture-v2,,,CURATED_CORPUS,FALSE
CEV-05614,COL-0085,EVT-1865,825,TRUE,DAY,corpus-general-culture-v2,,,CURATED_CORPUS,FALSE
CEV-05615,COL-0085,EVT-1867,826,TRUE,YEAR,corpus-general-culture-v2,,,CURATED_CORPUS,FALSE
CEV-05616,COL-0085,EVT-1868,827,TRUE,YEAR,corpus-general-culture-v2,,,CURATED_CORPUS,FALSE
CEV-05617,COL-0085,EVT-1869,828,TRUE,YEAR,corpus-general-culture-v2,,,CURATED_CORPUS,FALSE
CEV-05618,COL-0085,EVT-1870,829,TRUE,YEAR,corpus-general-culture-v2,,,CURATED_CORPUS,FALSE
CEV-05619,COL-0085,EVT-1871,830,TRUE,YEAR,corpus-general-culture-v2,,,CURATED_CORPUS,FALSE
CEV-05620,COL-0085,EVT-1872,831,TRUE,YEAR,corpus-general-culture-v2,,,CURATED_CORPUS,FALSE
CEV-05621,COL-0085,EVT-1873,832,TRUE,YEAR,corpus-general-culture-v2,,,CURATED_CORPUS,FALSE
CEV-05622,COL-0085,EVT-1874,833,TRUE,YEAR,corpus-general-culture-v2,,,CURATED_CORPUS,FALSE
CEV-05623,COL-0085,EVT-1875,834,TRUE,YEAR,corpus-general-culture-v2,,,CURATED_CORPUS,FALSE
CEV-05624,COL-0085,EVT-1876,835,TRUE,YEAR,corpus-general-culture-v2,,,CURATED_CORPUS,FALSE
CEV-05625,COL-0085,EVT-1877,836,TRUE,YEAR,corpus-general-culture-v2,,,CURATED_CORPUS,FALSE
CEV-05626,COL-0085,EVT-1879,837,TRUE,YEAR,corpus-general-culture-v2,,,CURATED_CORPUS,FALSE
CEV-05627,COL-0085,EVT-1878,838,TRUE,DAY,corpus-general-culture-v2,,,CURATED_CORPUS,FALSE
CEV-05628,COL-0085,EVT-1880,839,TRUE,YEAR,corpus-general-culture-v2,,,CURATED_CORPUS,FALSE
CEV-05629,COL-0085,EVT-1881,840,TRUE,YEAR,corpus-general-culture-v2,,,CURATED_CORPUS,FALSE
CEV-05630,COL-0085,EVT-1882,841,TRUE,YEAR,corpus-general-culture-v2,,,CURATED_CORPUS,FALSE
CEV-05631,COL-0085,EVT-1883,842,TRUE,YEAR,corpus-general-culture-v2,,,CURATED_CORPUS,FALSE
CEV-05632,COL-0085,EVT-1884,843,TRUE,YEAR,corpus-general-culture-v2,,,CURATED_CORPUS,FALSE
CEV-05633,COL-0085,EVT-1885,844,TRUE,YEAR,corpus-general-culture-v2,,,CURATED_CORPUS,FALSE
CEV-05634,COL-0085,EVT-1886,845,TRUE,YEAR,corpus-general-culture-v2,,,CURATED_CORPUS,FALSE
CEV-05635,COL-0085,EVT-1887,846,TRUE,YEAR,corpus-general-culture-v2,,,CURATED_CORPUS,FALSE
CEV-05636,COL-0085,EVT-1889,847,TRUE,YEAR,corpus-general-culture-v2,,,CURATED_CORPUS,FALSE
CEV-05637,COL-0085,EVT-1888,848,TRUE,DAY,corpus-general-culture-v2,,,CURATED_CORPUS,FALSE
CEV-05638,COL-0085,EVT-1890,849,TRUE,YEAR,corpus-general-culture-v2,,,CURATED_CORPUS,FALSE
CEV-05639,COL-0085,EVT-1891,850,TRUE,YEAR,corpus-general-culture-v2,,,CURATED_CORPUS,FALSE
CEV-05640,COL-0085,EVT-1892,851,TRUE,YEAR,corpus-general-culture-v2,,,CURATED_CORPUS,FALSE
CEV-05641,COL-0085,EVT-1893,852,TRUE,YEAR,corpus-general-culture-v2,,,CURATED_CORPUS,FALSE
CEV-05642,COL-0085,EVT-1894,853,TRUE,YEAR,corpus-general-culture-v2,,,CURATED_CORPUS,FALSE
CEV-05643,COL-0085,EVT-1895,854,TRUE,YEAR,corpus-general-culture-v2,,,CURATED_CORPUS,FALSE
CEV-05644,COL-0085,EVT-1896,855,TRUE,YEAR,corpus-general-culture-v2,,,CURATED_CORPUS,FALSE
CEV-05645,COL-0085,EVT-1897,856,TRUE,YEAR,corpus-general-culture-v2,,,CURATED_CORPUS,FALSE
CEV-05646,COL-0085,EVT-1898,857,TRUE,YEAR,corpus-general-culture-v2,,,CURATED_CORPUS,FALSE
CEV-05647,COL-0085,EVT-1899,858,TRUE,YEAR,corpus-general-culture-v2,,,CURATED_CORPUS,FALSE
CEV-05648,COL-0085,EVT-1902,859,TRUE,DAY,corpus-general-culture-v2,,,CURATED_CORPUS,FALSE
CEV-05649,COL-0085,EVT-1900,860,TRUE,DAY,corpus-general-culture-v2,,,CURATED_CORPUS,FALSE
CEV-05650,COL-0085,EVT-1901,861,TRUE,DAY,corpus-general-culture-v2,,,CURATED_CORPUS,FALSE
CEV-05651,COL-0085,EVT-1903,862,TRUE,YEAR,corpus-general-culture-v2,,,CURATED_CORPUS,FALSE
CEV-05652,COL-0085,EVT-1904,863,TRUE,YEAR,corpus-general-culture-v2,,,CURATED_CORPUS,FALSE
CEV-05653,COL-0085,EVT-1905,864,TRUE,YEAR,corpus-general-culture-v2,,,CURATED_CORPUS,FALSE
CEV-05654,COL-0085,EVT-1906,865,TRUE,YEAR,corpus-general-culture-v2,,,CURATED_CORPUS,FALSE
CEV-05655,COL-0085,EVT-1907,866,TRUE,YEAR,corpus-general-culture-v2,,,CURATED_CORPUS,FALSE
CEV-05656,COL-0085,EVT-1908,867,TRUE,YEAR,corpus-general-culture-v2,,,CURATED_CORPUS,FALSE
CEV-05657,COL-0085,EVT-1909,868,TRUE,YEAR,corpus-general-culture-v2,,,CURATED_CORPUS,FALSE
CEV-05658,COL-0085,EVT-1911,869,TRUE,YEAR,corpus-general-culture-v2,,,CURATED_CORPUS,FALSE
CEV-05659,COL-0085,EVT-1910,870,TRUE,DAY,corpus-general-culture-v2,,,CURATED_CORPUS,FALSE
CEV-05660,COL-0085,EVT-1912,871,TRUE,YEAR,corpus-general-culture-v2,,,CURATED_CORPUS,FALSE
CEV-05661,COL-0085,EVT-1913,872,TRUE,YEAR,corpus-general-culture-v2,,,CURATED_CORPUS,FALSE
CEV-05662,COL-0085,EVT-1914,873,TRUE,YEAR,corpus-general-culture-v2,,,CURATED_CORPUS,FALSE
CEV-05663,COL-0085,EVT-1915,874,TRUE,YEAR,corpus-general-culture-v2,,,CURATED_CORPUS,FALSE
CEV-05664,COL-0085,EVT-1916,875,TRUE,YEAR,corpus-general-culture-v2,,,CURATED_CORPUS,FALSE
CEV-05665,COL-0085,EVT-1917,876,TRUE,YEAR,corpus-general-culture-v2,,,CURATED_CORPUS,FALSE
CEV-05666,COL-0085,EVT-1918,877,TRUE,YEAR,corpus-general-culture-v2,,,CURATED_CORPUS,FALSE
CEV-05667,COL-0085,EVT-1919,878,TRUE,YEAR,corpus-general-culture-v2,,,CURATED_CORPUS,FALSE
CEV-05668,COL-0085,EVT-1920,879,TRUE,YEAR,corpus-general-culture-v2,,,CURATED_CORPUS,FALSE
CEV-05669,COL-0085,EVT-1923,880,TRUE,YEAR,corpus-general-culture-v2,,,CURATED_CORPUS,FALSE
CEV-05670,COL-0085,EVT-1924,881,TRUE,YEAR,corpus-general-culture-v2,,,CURATED_CORPUS,FALSE
CEV-05671,COL-0085,EVT-1922,882,TRUE,DAY,corpus-general-culture-v2,,,CURATED_CORPUS,FALSE
CEV-05672,COL-0085,EVT-1921,883,TRUE,DAY,corpus-general-culture-v2,,,CURATED_CORPUS,FALSE
CEV-05673,COL-0085,EVT-1925,884,TRUE,YEAR,corpus-general-culture-v2,,,CURATED_CORPUS,FALSE
CEV-05674,COL-0085,EVT-1926,885,TRUE,YEAR,corpus-general-culture-v2,,,CURATED_CORPUS,FALSE
CEV-05675,COL-0085,EVT-1927,886,TRUE,YEAR,corpus-general-culture-v2,,,CURATED_CORPUS,FALSE
CEV-05676,COL-0085,EVT-1928,887,TRUE,YEAR,corpus-general-culture-v2,,,CURATED_CORPUS,FALSE
CEV-05677,COL-0085,EVT-1929,888,TRUE,YEAR,corpus-general-culture-v2,,,CURATED_CORPUS,FALSE
CEV-05678,COL-0085,EVT-1930,889,TRUE,YEAR,corpus-general-culture-v2,,,CURATED_CORPUS,FALSE
CEV-05679,COL-0085,EVT-1931,890,TRUE,YEAR,corpus-general-culture-v2,,,CURATED_CORPUS,FALSE
CEV-05680,COL-0085,EVT-1932,891,TRUE,YEAR,corpus-general-culture-v2,,,CURATED_CORPUS,FALSE
CEV-05681,COL-0085,EVT-1933,892,TRUE,YEAR,corpus-general-culture-v2,,,CURATED_CORPUS,FALSE
CEV-05682,COL-0085,EVT-1934,893,TRUE,YEAR,corpus-general-culture-v2,,,CURATED_CORPUS,FALSE
CEV-05683,COL-0085,EVT-1935,894,TRUE,YEAR,corpus-general-culture-v2,,,CURATED_CORPUS,FALSE
CEV-05684,COL-0085,EVT-1936,895,TRUE,YEAR,corpus-general-culture-v2,,,CURATED_CORPUS,FALSE
CEV-05685,COL-0085,EVT-1937,896,TRUE,YEAR,corpus-general-culture-v2,,,CURATED_CORPUS,FALSE
CEV-05686,COL-0085,EVT-1938,897,TRUE,YEAR,corpus-general-culture-v2,,,CURATED_CORPUS,FALSE
CEV-05687,COL-0085,EVT-1939,898,TRUE,YEAR,corpus-general-culture-v2,,,CURATED_CORPUS,FALSE
CEV-05688,COL-0085,EVT-1940,899,TRUE,YEAR,corpus-general-culture-v2,,,CURATED_CORPUS,FALSE
CEV-05689,COL-0085,EVT-1941,900,TRUE,YEAR,corpus-general-culture-v2,,,CURATED_CORPUS,FALSE
CEV-05690,COL-0085,EVT-1942,901,TRUE,YEAR,corpus-general-culture-v2,,,CURATED_CORPUS,FALSE
CEV-05691,COL-0085,EVT-1943,902,TRUE,YEAR,corpus-general-culture-v2,,,CURATED_CORPUS,FALSE
CEV-05692,COL-0085,EVT-1944,903,TRUE,YEAR,corpus-general-culture-v2,,,CURATED_CORPUS,FALSE
CEV-05693,COL-0085,EVT-1945,904,TRUE,YEAR,corpus-general-culture-v2,,,CURATED_CORPUS,FALSE
CEV-05694,COL-0085,EVT-1947,905,TRUE,YEAR,corpus-general-culture-v2,,,CURATED_CORPUS,FALSE
CEV-05695,COL-0085,EVT-1946,906,TRUE,DAY,corpus-general-culture-v2,,,CURATED_CORPUS,FALSE
CEV-05696,COL-0085,EVT-1948,907,TRUE,YEAR,corpus-general-culture-v2,,,CURATED_CORPUS,FALSE
CEV-05697,COL-0085,EVT-1949,908,TRUE,YEAR,corpus-general-culture-v2,,,CURATED_CORPUS,FALSE
CEV-05698,COL-0085,EVT-1950,909,TRUE,YEAR,corpus-general-culture-v2,,,CURATED_CORPUS,FALSE
CEV-05699,COL-0085,EVT-1951,910,TRUE,YEAR,corpus-general-culture-v2,,,CURATED_CORPUS,FALSE
CEV-05700,COL-0085,EVT-1952,911,TRUE,YEAR,corpus-general-culture-v2,,,CURATED_CORPUS,FALSE
CEV-05701,COL-0085,EVT-1953,912,TRUE,YEAR,corpus-general-culture-v2,,,CURATED_CORPUS,FALSE
CEV-05702,COL-0085,EVT-1955,913,TRUE,DAY,corpus-general-culture-v2,,,CURATED_CORPUS,FALSE
CEV-05703,COL-0085,EVT-1954,914,TRUE,DAY,corpus-general-culture-v2,,,CURATED_CORPUS,FALSE
CEV-05704,COL-0085,EVT-1956,915,TRUE,YEAR,corpus-general-culture-v2,,,CURATED_CORPUS,FALSE
CEV-05705,COL-0085,EVT-1957,916,TRUE,YEAR,corpus-general-culture-v2,,,CURATED_CORPUS,FALSE
CEV-05706,COL-0085,EVT-1958,917,TRUE,YEAR,corpus-general-culture-v2,,,CURATED_CORPUS,FALSE
CEV-05707,COL-0085,EVT-1959,918,TRUE,YEAR,corpus-general-culture-v2,,,CURATED_CORPUS,FALSE
CEV-05708,COL-0085,EVT-1960,919,TRUE,YEAR,corpus-general-culture-v2,,,CURATED_CORPUS,FALSE
CEV-05709,COL-0085,EVT-1961,920,TRUE,YEAR,corpus-general-culture-v2,,,CURATED_CORPUS,FALSE
CEV-05710,COL-0085,EVT-1962,921,TRUE,YEAR,corpus-general-culture-v2,,,CURATED_CORPUS,FALSE
CEV-05711,COL-0085,EVT-1963,922,TRUE,YEAR,corpus-general-culture-v2,,,CURATED_CORPUS,FALSE
CEV-05712,COL-0085,EVT-1964,923,TRUE,YEAR,corpus-general-culture-v2,,,CURATED_CORPUS,FALSE
CEV-05713,COL-0085,EVT-1966,924,TRUE,YEAR,corpus-general-culture-v2,,,CURATED_CORPUS,FALSE
CEV-05714,COL-0085,EVT-1967,925,TRUE,YEAR,corpus-general-culture-v2,,,CURATED_CORPUS,FALSE
CEV-05715,COL-0085,EVT-1965,926,TRUE,DAY,corpus-general-culture-v2,,,CURATED_CORPUS,FALSE
CEV-05716,COL-0085,EVT-1968,927,TRUE,YEAR,corpus-general-culture-v2,,,CURATED_CORPUS,FALSE
CEV-05717,COL-0085,EVT-1969,928,TRUE,YEAR,corpus-general-culture-v2,,,CURATED_CORPUS,FALSE
CEV-05718,COL-0085,EVT-1970,929,TRUE,YEAR,corpus-general-culture-v2,,,CURATED_CORPUS,FALSE
CEV-05719,COL-0085,EVT-1971,930,TRUE,YEAR,corpus-general-culture-v2,,,CURATED_CORPUS,FALSE
CEV-05720,COL-0085,EVT-1972,931,TRUE,YEAR,corpus-general-culture-v2,,,CURATED_CORPUS,FALSE
CEV-05721,COL-0085,EVT-1973,932,TRUE,YEAR,corpus-general-culture-v2,,,CURATED_CORPUS,FALSE
CEV-05722,COL-0085,EVT-1974,933,TRUE,YEAR,corpus-general-culture-v2,,,CURATED_CORPUS,FALSE
CEV-05723,COL-0085,EVT-1975,934,TRUE,YEAR,corpus-general-culture-v2,,,CURATED_CORPUS,FALSE
CEV-05724,COL-0085,EVT-1976,935,TRUE,YEAR,corpus-general-culture-v2,,,CURATED_CORPUS,FALSE
CEV-05725,COL-0085,EVT-1977,936,TRUE,YEAR,corpus-general-culture-v2,,,CURATED_CORPUS,FALSE
CEV-05726,COL-0085,EVT-1979,937,TRUE,YEAR,corpus-general-culture-v2,,,CURATED_CORPUS,FALSE
CEV-05727,COL-0085,EVT-1978,938,TRUE,DAY,corpus-general-culture-v2,,,CURATED_CORPUS,FALSE
CEV-05728,COL-0085,EVT-1980,939,TRUE,YEAR,corpus-general-culture-v2,,,CURATED_CORPUS,FALSE
CEV-05729,COL-0085,EVT-1981,940,TRUE,YEAR,corpus-general-culture-v2,,,CURATED_CORPUS,FALSE
CEV-05730,COL-0085,EVT-1982,941,TRUE,YEAR,corpus-general-culture-v2,,,CURATED_CORPUS,FALSE
CEV-05731,COL-0085,EVT-1983,942,TRUE,YEAR,corpus-general-culture-v2,,,CURATED_CORPUS,FALSE
CEV-05732,COL-0085,EVT-1984,943,TRUE,YEAR,corpus-general-culture-v2,,,CURATED_CORPUS,FALSE
CEV-05733,COL-0085,EVT-1985,944,TRUE,YEAR,corpus-general-culture-v2,,,CURATED_CORPUS,FALSE
CEV-05734,COL-0085,EVT-1986,945,TRUE,YEAR,corpus-general-culture-v2,,,CURATED_CORPUS,FALSE
CEV-05735,COL-0085,EVT-1987,946,TRUE,YEAR,corpus-general-culture-v2,,,CURATED_CORPUS,FALSE
CEV-05736,COL-0085,EVT-1988,947,TRUE,YEAR,corpus-general-culture-v2,,,CURATED_CORPUS,FALSE
CEV-05737,COL-0085,EVT-1989,948,TRUE,YEAR,corpus-general-culture-v2,,,CURATED_CORPUS,FALSE
CEV-05738,COL-0085,EVT-1990,949,TRUE,YEAR,corpus-general-culture-v2,,,CURATED_CORPUS,FALSE
CEV-05739,COL-0085,EVT-1991,950,TRUE,YEAR,corpus-general-culture-v2,,,CURATED_CORPUS,FALSE
CEV-05740,COL-0085,EVT-1992,951,TRUE,YEAR,corpus-general-culture-v2,,,CURATED_CORPUS,FALSE
CEV-05741,COL-0085,EVT-1993,952,TRUE,YEAR,corpus-general-culture-v2,,,CURATED_CORPUS,FALSE
CEV-05742,COL-0085,EVT-1994,953,TRUE,YEAR,corpus-general-culture-v2,,,CURATED_CORPUS,FALSE
CEV-05743,COL-0085,EVT-1995,954,TRUE,YEAR,corpus-general-culture-v2,,,CURATED_CORPUS,FALSE
CEV-05744,COL-0085,EVT-1996,955,TRUE,YEAR,corpus-general-culture-v2,,,CURATED_CORPUS,FALSE
CEV-05745,COL-0085,EVT-1997,956,TRUE,DAY,corpus-general-culture-v2,,,CURATED_CORPUS,FALSE
CEV-05746,COL-0085,EVT-1998,957,TRUE,YEAR,corpus-general-culture-v2,,,CURATED_CORPUS,FALSE
CEV-05747,COL-0085,EVT-1999,958,TRUE,YEAR,corpus-general-culture-v2,,,CURATED_CORPUS,FALSE
CEV-05748,COL-0085,EVT-2000,959,TRUE,YEAR,corpus-general-culture-v2,,,CURATED_CORPUS,FALSE
CEV-05749,COL-0085,EVT-2001,960,TRUE,YEAR,corpus-general-culture-v2,,,CURATED_CORPUS,FALSE
CEV-05750,COL-0085,EVT-2002,961,TRUE,YEAR,corpus-general-culture-v2,,,CURATED_CORPUS,FALSE
CEV-05751,COL-0085,EVT-2003,962,TRUE,YEAR,corpus-general-culture-v2,,,CURATED_CORPUS,FALSE
CEV-05752,COL-0085,EVT-2004,963,TRUE,YEAR,corpus-general-culture-v2,,,CURATED_CORPUS,FALSE
CEV-05753,COL-0085,EVT-2005,964,TRUE,YEAR,corpus-general-culture-v2,,,CURATED_CORPUS,FALSE
CEV-05754,COL-0085,EVT-2006,965,TRUE,YEAR,corpus-general-culture-v2,,,CURATED_CORPUS,FALSE
CEV-05755,COL-0085,EVT-2007,966,TRUE,YEAR,corpus-general-culture-v2,,,CURATED_CORPUS,FALSE
CEV-05756,COL-0085,EVT-2010,967,TRUE,YEAR,corpus-general-culture-v2,,,CURATED_CORPUS,FALSE
CEV-05757,COL-0085,EVT-2011,968,TRUE,YEAR,corpus-general-culture-v2,,,CURATED_CORPUS,FALSE
CEV-05758,COL-0085,EVT-2008,969,TRUE,DAY,corpus-general-culture-v2,,,CURATED_CORPUS,FALSE
CEV-05759,COL-0085,EVT-2009,970,TRUE,DAY,corpus-general-culture-v2,,,CURATED_CORPUS,FALSE
CEV-05760,COL-0085,EVT-2012,971,TRUE,YEAR,corpus-general-culture-v2,,,CURATED_CORPUS,FALSE
CEV-05761,COL-0085,EVT-2013,972,TRUE,YEAR,corpus-general-culture-v2,,,CURATED_CORPUS,FALSE
CEV-05762,COL-0085,EVT-2014,973,TRUE,YEAR,corpus-general-culture-v2,,,CURATED_CORPUS,FALSE
CEV-05763,COL-0085,EVT-2015,974,TRUE,YEAR,corpus-general-culture-v2,,,CURATED_CORPUS,FALSE
CEV-05764,COL-0085,EVT-2017,975,TRUE,YEAR,corpus-general-culture-v2,,,CURATED_CORPUS,FALSE
CEV-05765,COL-0085,EVT-2016,976,TRUE,DAY,corpus-general-culture-v2,,,CURATED_CORPUS,FALSE
CEV-05766,COL-0085,EVT-2018,977,TRUE,YEAR,corpus-general-culture-v2,,,CURATED_CORPUS,FALSE
CEV-05767,COL-0085,EVT-2019,978,TRUE,YEAR,corpus-general-culture-v2,,,CURATED_CORPUS,FALSE
CEV-05768,COL-0085,EVT-2020,979,TRUE,YEAR,corpus-general-culture-v2,,,CURATED_CORPUS,FALSE
CEV-05769,COL-0085,EVT-2021,980,TRUE,YEAR,corpus-general-culture-v2,,,CURATED_CORPUS,FALSE
CEV-05770,COL-0085,EVT-2022,981,TRUE,YEAR,corpus-general-culture-v2,,,CURATED_CORPUS,FALSE
CEV-05771,COL-0085,EVT-2023,982,TRUE,YEAR,corpus-general-culture-v2,,,CURATED_CORPUS,FALSE
CEV-05772,COL-0085,EVT-2024,983,TRUE,YEAR,corpus-general-culture-v2,,,CURATED_CORPUS,FALSE
CEV-05773,COL-0085,EVT-2025,984,TRUE,YEAR,corpus-general-culture-v2,,,CURATED_CORPUS,FALSE
CEV-05774,COL-0085,EVT-2026,985,TRUE,YEAR,corpus-general-culture-v2,,,CURATED_CORPUS,FALSE
CEV-05775,COL-0085,EVT-2027,986,TRUE,YEAR,corpus-general-culture-v2,,,CURATED_CORPUS,FALSE
CEV-05776,COL-0085,EVT-2028,987,TRUE,YEAR,corpus-general-culture-v2,,,CURATED_CORPUS,FALSE
CEV-05777,COL-0085,EVT-2029,988,TRUE,YEAR,corpus-general-culture-v2,,,CURATED_CORPUS,FALSE
CEV-05778,COL-0085,EVT-2030,989,TRUE,DAY,corpus-general-culture-v2,,,CURATED_CORPUS,FALSE
CEV-05779,COL-0085,EVT-2031,990,TRUE,YEAR,corpus-general-culture-v2,,,CURATED_CORPUS,FALSE
CEV-05780,COL-0085,EVT-2032,991,TRUE,YEAR,corpus-general-culture-v2,,,CURATED_CORPUS,FALSE
CEV-05781,COL-0085,EVT-2033,992,TRUE,YEAR,corpus-general-culture-v2,,,CURATED_CORPUS,FALSE
CEV-05782,COL-0085,EVT-2034,993,TRUE,YEAR,corpus-general-culture-v2,,,CURATED_CORPUS,FALSE
CEV-05783,COL-0085,EVT-2035,994,TRUE,YEAR,corpus-general-culture-v2,,,CURATED_CORPUS,FALSE
CEV-05784,COL-0085,EVT-2036,995,TRUE,YEAR,corpus-general-culture-v2,,,CURATED_CORPUS,FALSE
CEV-05785,COL-0085,EVT-2037,996,TRUE,YEAR,corpus-general-culture-v2,,,CURATED_CORPUS,FALSE
CEV-05786,COL-0085,EVT-2038,997,TRUE,YEAR,corpus-general-culture-v2,,,CURATED_CORPUS,FALSE
CEV-05787,COL-0085,EVT-2039,998,TRUE,YEAR,corpus-general-culture-v2,,,CURATED_CORPUS,FALSE
CEV-05788,COL-0085,EVT-2040,999,TRUE,YEAR,corpus-general-culture-v2,,,CURATED_CORPUS,FALSE
CEV-05789,COL-0085,EVT-2041,1000,TRUE,YEAR,corpus-general-culture-v2,,,CURATED_CORPUS,FALSE
CEV-05790,COL-0086,EVT-0340,1,TRUE,YEAR,ALL_EVENTS_V18,,,CURATED_CORPUS,FALSE
CEV-05791,COL-0086,EVT-0341,2,TRUE,YEAR,ALL_EVENTS_V18,,,CURATED_CORPUS,FALSE
CEV-05792,COL-0086,EVT-0549,3,FALSE,NOT_AUTOMATIC,ALL_EVENTS_V18,,,CURATED_CORPUS,FALSE
CEV-05793,COL-0086,EVT-0569,4,FALSE,NOT_AUTOMATIC,ALL_EVENTS_V18,,,CURATED_CORPUS,FALSE
CEV-05794,COL-0086,EVT-0368,5,FALSE,NOT_AUTOMATIC,ALL_EVENTS_V18,,,CURATED_CORPUS,FALSE
CEV-05795,COL-0086,EVT-0553,6,TRUE,YEAR,ALL_EVENTS_V18,,,CURATED_CORPUS,FALSE
CEV-05796,COL-0086,EVT-0369,7,TRUE,RANGE,ALL_EVENTS_V18,,,CURATED_CORPUS,FALSE
CEV-05797,COL-0086,EVT-0570,8,FALSE,NOT_AUTOMATIC,ALL_EVENTS_V18,,,CURATED_CORPUS,FALSE
CEV-05798,COL-0086,EVT-1042,9,TRUE,YEAR,ALL_EVENTS_V18,,,CURATED_CORPUS,FALSE
CEV-05799,COL-0086,EVT-1043,10,TRUE,YEAR,ALL_EVENTS_V18,,,CURATED_CORPUS,FALSE
CEV-05800,COL-0086,EVT-1044,11,TRUE,YEAR,ALL_EVENTS_V18,,,CURATED_CORPUS,FALSE
CEV-05801,COL-0086,EVT-0554,12,TRUE,YEAR,ALL_EVENTS_V18,,,CURATED_CORPUS,FALSE
CEV-05802,COL-0086,EVT-0555,13,FALSE,NOT_AUTOMATIC,ALL_EVENTS_V18,,,CURATED_CORPUS,FALSE
CEV-05803,COL-0086,EVT-1045,14,TRUE,YEAR,ALL_EVENTS_V18,,,CURATED_CORPUS,FALSE
CEV-05804,COL-0086,EVT-1046,15,TRUE,YEAR,ALL_EVENTS_V18,,,CURATED_CORPUS,FALSE
CEV-05805,COL-0086,EVT-0023,16,TRUE,YEAR,ALL_EVENTS_V18,,,CURATED_CORPUS,FALSE
CEV-05806,COL-0086,EVT-0024,17,TRUE,DAY,ALL_EVENTS_V18,,,CURATED_CORPUS,FALSE
CEV-05807,COL-0086,EVT-1047,18,TRUE,YEAR,ALL_EVENTS_V18,,,CURATED_CORPUS,FALSE
CEV-05808,COL-0086,EVT-0571,19,TRUE,YEAR,ALL_EVENTS_V18,,,CURATED_CORPUS,FALSE
CEV-05809,COL-0086,EVT-1048,20,TRUE,YEAR,ALL_EVENTS_V18,,,CURATED_CORPUS,FALSE
CEV-05810,COL-0086,EVT-0556,21,TRUE,YEAR,ALL_EVENTS_V18,,,CURATED_CORPUS,FALSE
CEV-05811,COL-0086,EVT-0027,22,FALSE,NOT_AUTOMATIC,ALL_EVENTS_V18,,,CURATED_CORPUS,FALSE
CEV-05812,COL-0086,EVT-1049,23,TRUE,YEAR,ALL_EVENTS_V18,,,CURATED_CORPUS,FALSE
CEV-05813,COL-0086,EVT-0028,24,TRUE,YEAR,ALL_EVENTS_V18,,,CURATED_CORPUS,FALSE
CEV-05814,COL-0086,EVT-1050,25,TRUE,YEAR,ALL_EVENTS_V18,,,CURATED_CORPUS,FALSE
CEV-05815,COL-0086,EVT-0382,26,TRUE,YEAR,ALL_EVENTS_V18,,,CURATED_CORPUS,FALSE
CEV-05816,COL-0086,EVT-0372,27,TRUE,RANGE,ALL_EVENTS_V18,,,CURATED_CORPUS,FALSE
CEV-05817,COL-0086,EVT-1051,28,TRUE,YEAR,ALL_EVENTS_V18,,,CURATED_CORPUS,FALSE
CEV-05818,COL-0086,EVT-0030,29,TRUE,RANGE,ALL_EVENTS_V18,,,CURATED_CORPUS,FALSE
CEV-05819,COL-0086,EVT-0373,30,TRUE,YEAR,ALL_EVENTS_V18,,,CURATED_CORPUS,FALSE
CEV-05820,COL-0086,EVT-0374,31,TRUE,YEAR,ALL_EVENTS_V18,,,CURATED_CORPUS,FALSE
CEV-05821,COL-0086,EVT-0550,32,TRUE,MONTH,ALL_EVENTS_V18,,,CURATED_CORPUS,FALSE
CEV-05822,COL-0086,EVT-0375,33,TRUE,YEAR,ALL_EVENTS_V18,,,CURATED_CORPUS,FALSE
CEV-05823,COL-0086,EVT-0136,34,TRUE,RANGE,ALL_EVENTS_V18,,,CURATED_CORPUS,FALSE
CEV-05824,COL-0086,EVT-0376,35,TRUE,RANGE,ALL_EVENTS_V18,,,CURATED_CORPUS,FALSE
CEV-05825,COL-0086,EVT-1052,36,TRUE,YEAR,ALL_EVENTS_V18,,,CURATED_CORPUS,FALSE
CEV-05826,COL-0086,EVT-0572,37,TRUE,YEAR,ALL_EVENTS_V18,,,CURATED_CORPUS,FALSE
CEV-05827,COL-0086,EVT-0377,38,TRUE,YEAR,ALL_EVENTS_V18,,,CURATED_CORPUS,FALSE
CEV-05828,COL-0086,EVT-1053,39,TRUE,YEAR,ALL_EVENTS_V18,,,CURATED_CORPUS,FALSE
CEV-05829,COL-0086,EVT-0557,40,TRUE,YEAR,ALL_EVENTS_V18,,,CURATED_CORPUS,FALSE
CEV-05830,COL-0086,EVT-0378,41,TRUE,YEAR,ALL_EVENTS_V18,,,CURATED_CORPUS,FALSE
CEV-05831,COL-0086,EVT-0573,42,TRUE,YEAR,ALL_EVENTS_V18,,,CURATED_CORPUS,FALSE
CEV-05832,COL-0086,EVT-0379,43,TRUE,YEAR,ALL_EVENTS_V18,,,CURATED_CORPUS,FALSE
CEV-05833,COL-0086,EVT-0380,44,TRUE,YEAR,ALL_EVENTS_V18,,,CURATED_CORPUS,FALSE
CEV-05834,COL-0086,EVT-0381,45,TRUE,YEAR,ALL_EVENTS_V18,,,CURATED_CORPUS,FALSE
CEV-05835,COL-0086,EVT-1054,46,TRUE,YEAR,ALL_EVENTS_V18,,,CURATED_CORPUS,FALSE
CEV-05836,COL-0086,EVT-1055,47,TRUE,YEAR,ALL_EVENTS_V18,,,CURATED_CORPUS,FALSE
CEV-05837,COL-0086,EVT-0383,48,TRUE,RANGE,ALL_EVENTS_V18,,,CURATED_CORPUS,FALSE
CEV-05838,COL-0086,EVT-1056,49,TRUE,YEAR,ALL_EVENTS_V18,,,CURATED_CORPUS,FALSE
CEV-05839,COL-0086,EVT-0370,50,TRUE,YEAR,ALL_EVENTS_V18,,,CURATED_CORPUS,FALSE
CEV-05840,COL-0086,EVT-0558,51,TRUE,YEAR,ALL_EVENTS_V18,,,CURATED_CORPUS,FALSE
CEV-05841,COL-0086,EVT-0551,52,TRUE,DAY,ALL_EVENTS_V18,,,CURATED_CORPUS,FALSE
CEV-05842,COL-0086,EVT-0559,53,TRUE,DAY,ALL_EVENTS_V18,,,CURATED_CORPUS,FALSE
CEV-05843,COL-0086,EVT-1057,54,TRUE,YEAR,ALL_EVENTS_V18,,,CURATED_CORPUS,FALSE
CEV-05844,COL-0086,EVT-0384,55,TRUE,YEAR,ALL_EVENTS_V18,,,CURATED_CORPUS,FALSE
CEV-05845,COL-0086,EVT-0041,56,TRUE,RANGE,ALL_EVENTS_V18,,,CURATED_CORPUS,FALSE
CEV-05846,COL-0086,EVT-0371,57,TRUE,YEAR,ALL_EVENTS_V18,,,CURATED_CORPUS,FALSE
CEV-05847,COL-0086,EVT-1058,58,TRUE,YEAR,ALL_EVENTS_V18,,,CURATED_CORPUS,FALSE
CEV-05848,COL-0086,EVT-1059,59,TRUE,YEAR,ALL_EVENTS_V18,,,CURATED_CORPUS,FALSE
CEV-05849,COL-0086,EVT-0560,60,TRUE,YEAR,ALL_EVENTS_V18,,,CURATED_CORPUS,FALSE
CEV-05850,COL-0086,EVT-0385,61,TRUE,DAY,ALL_EVENTS_V18,,,CURATED_CORPUS,FALSE
CEV-05851,COL-0086,EVT-0386,62,TRUE,DAY,ALL_EVENTS_V18,,,CURATED_CORPUS,FALSE
CEV-05852,COL-0086,EVT-0387,63,TRUE,DAY,ALL_EVENTS_V18,,,CURATED_CORPUS,FALSE
CEV-05853,COL-0086,EVT-0032,64,TRUE,RANGE,ALL_EVENTS_V18,,,CURATED_CORPUS,FALSE
CEV-05854,COL-0086,EVT-0033,65,TRUE,RANGE,ALL_EVENTS_V18,,,CURATED_CORPUS,FALSE
CEV-05855,COL-0086,EVT-0031,66,TRUE,DAY,ALL_EVENTS_V18,,,CURATED_CORPUS,FALSE
CEV-05856,COL-0086,EVT-0040,67,TRUE,RANGE,ALL_EVENTS_V18,,,CURATED_CORPUS,FALSE
CEV-05857,COL-0086,EVT-0561,68,TRUE,MONTH,ALL_EVENTS_V18,,,CURATED_CORPUS,FALSE
CEV-05858,COL-0086,EVT-1060,69,TRUE,YEAR,ALL_EVENTS_V18,,,CURATED_CORPUS,FALSE
CEV-05859,COL-0086,EVT-1061,70,TRUE,YEAR,ALL_EVENTS_V18,,,CURATED_CORPUS,FALSE
CEV-05860,COL-0086,EVT-0562,71,TRUE,DAY,ALL_EVENTS_V18,,,CURATED_CORPUS,FALSE
CEV-05861,COL-0086,EVT-0035,72,TRUE,YEAR,ALL_EVENTS_V18,,,CURATED_CORPUS,FALSE
CEV-05862,COL-0086,EVT-0036,73,TRUE,YEAR,ALL_EVENTS_V18,,,CURATED_CORPUS,FALSE
CEV-05863,COL-0086,EVT-0552,74,FALSE,NOT_AUTOMATIC,ALL_EVENTS_V18,,,CURATED_CORPUS,FALSE
CEV-05864,COL-0086,EVT-0563,75,TRUE,YEAR,ALL_EVENTS_V18,,,CURATED_CORPUS,FALSE
CEV-05865,COL-0086,EVT-1062,76,TRUE,YEAR,ALL_EVENTS_V18,,,CURATED_CORPUS,FALSE
CEV-05866,COL-0086,EVT-1063,77,TRUE,YEAR,ALL_EVENTS_V18,,,CURATED_CORPUS,FALSE
CEV-05867,COL-0086,EVT-0034,78,TRUE,YEAR,ALL_EVENTS_V18,,,CURATED_CORPUS,FALSE
CEV-05868,COL-0086,EVT-0564,79,TRUE,YEAR,ALL_EVENTS_V18,,,CURATED_CORPUS,FALSE
CEV-05869,COL-0086,EVT-1064,80,TRUE,YEAR,ALL_EVENTS_V18,,,CURATED_CORPUS,FALSE
CEV-05870,COL-0086,EVT-0392,81,TRUE,YEAR,ALL_EVENTS_V18,,,CURATED_CORPUS,FALSE
CEV-05871,COL-0086,EVT-0574,82,TRUE,YEAR,ALL_EVENTS_V18,,,CURATED_CORPUS,FALSE
CEV-05872,COL-0086,EVT-1065,83,TRUE,YEAR,ALL_EVENTS_V18,,,CURATED_CORPUS,FALSE
CEV-05873,COL-0086,EVT-0575,84,TRUE,DAY,ALL_EVENTS_V18,,,CURATED_CORPUS,FALSE
CEV-05874,COL-0086,EVT-0576,85,TRUE,DAY,ALL_EVENTS_V18,,,CURATED_CORPUS,FALSE
CEV-05875,COL-0086,EVT-0565,86,TRUE,DAY,ALL_EVENTS_V18,,,CURATED_CORPUS,FALSE
CEV-05876,COL-0086,EVT-1066,87,TRUE,YEAR,ALL_EVENTS_V18,,,CURATED_CORPUS,FALSE
CEV-05877,COL-0086,EVT-0388,88,TRUE,MONTH,ALL_EVENTS_V18,,,CURATED_CORPUS,FALSE
CEV-05878,COL-0086,EVT-0038,89,TRUE,YEAR,ALL_EVENTS_V18,,,CURATED_CORPUS,FALSE
CEV-05879,COL-0086,EVT-0037,90,TRUE,YEAR,ALL_EVENTS_V18,,,CURATED_CORPUS,FALSE
CEV-05880,COL-0086,EVT-1067,91,TRUE,YEAR,ALL_EVENTS_V18,,,CURATED_CORPUS,FALSE
CEV-05881,COL-0086,EVT-0139,92,TRUE,DAY,ALL_EVENTS_V18,,,CURATED_CORPUS,FALSE
CEV-05882,COL-0086,EVT-1068,93,TRUE,YEAR,ALL_EVENTS_V18,,,CURATED_CORPUS,FALSE
CEV-05883,COL-0086,EVT-0039,94,TRUE,DAY,ALL_EVENTS_V18,,,CURATED_CORPUS,FALSE
CEV-05884,COL-0086,EVT-0566,95,TRUE,DAY,ALL_EVENTS_V18,,,CURATED_CORPUS,FALSE
CEV-05885,COL-0086,EVT-0390,96,TRUE,DAY,ALL_EVENTS_V18,,,CURATED_CORPUS,FALSE
CEV-05886,COL-0086,EVT-0389,97,TRUE,RANGE,ALL_EVENTS_V18,,,CURATED_CORPUS,FALSE
CEV-05887,COL-0086,EVT-0567,98,TRUE,DAY,ALL_EVENTS_V18,,,CURATED_CORPUS,FALSE
CEV-05888,COL-0086,EVT-0391,99,TRUE,RANGE,ALL_EVENTS_V18,,,CURATED_CORPUS,FALSE
CEV-05889,COL-0086,EVT-0568,100,TRUE,DAY,ALL_EVENTS_V18,,,CURATED_CORPUS,FALSE
CEV-05890,COL-0086,EVT-0327,101,TRUE,RANGE,ALL_EVENTS_V18,,,CURATED_CORPUS,FALSE
CEV-05891,COL-0086,EVT-0365,102,TRUE,DAY,ALL_EVENTS_V18,,,CURATED_CORPUS,FALSE
CEV-05892,COL-0086,EVT-0393,103,TRUE,YEAR,ALL_EVENTS_V18,,,CURATED_CORPUS,FALSE
CEV-05893,COL-0086,EVT-0047,104,TRUE,RANGE,ALL_EVENTS_V18,,,CURATED_CORPUS,FALSE
CEV-05894,COL-0086,EVT-1069,105,TRUE,YEAR,ALL_EVENTS_V18,,,CURATED_CORPUS,FALSE
CEV-05895,COL-0086,EVT-0604,106,TRUE,DAY,ALL_EVENTS_V18,,,CURATED_CORPUS,FALSE
CEV-05896,COL-0086,EVT-0581,107,TRUE,DAY,ALL_EVENTS_V18,,,CURATED_CORPUS,FALSE
CEV-05897,COL-0086,EVT-0582,108,TRUE,YEAR,ALL_EVENTS_V18,,,CURATED_CORPUS,FALSE
CEV-05898,COL-0086,EVT-1070,109,TRUE,YEAR,ALL_EVENTS_V18,,,CURATED_CORPUS,FALSE
CEV-05899,COL-0086,EVT-0583,110,TRUE,YEAR,ALL_EVENTS_V18,,,CURATED_CORPUS,FALSE
CEV-05900,COL-0086,EVT-1071,111,TRUE,YEAR,ALL_EVENTS_V18,,,CURATED_CORPUS,FALSE
CEV-05901,COL-0086,EVT-0042,112,TRUE,YEAR,ALL_EVENTS_V18,,,CURATED_CORPUS,FALSE
CEV-05902,COL-0086,EVT-0043,113,TRUE,DAY,ALL_EVENTS_V18,,,CURATED_CORPUS,FALSE
CEV-05903,COL-0086,EVT-0577,114,TRUE,DAY,ALL_EVENTS_V18,,,CURATED_CORPUS,FALSE
CEV-05904,COL-0086,EVT-0584,115,TRUE,DAY,ALL_EVENTS_V18,,,CURATED_CORPUS,FALSE
CEV-05905,COL-0086,EVT-0585,116,TRUE,YEAR,ALL_EVENTS_V18,,,CURATED_CORPUS,FALSE
CEV-05906,COL-0086,EVT-0578,117,TRUE,YEAR,ALL_EVENTS_V18,,,CURATED_CORPUS,FALSE
CEV-05907,COL-0086,EVT-0395,118,TRUE,YEAR,ALL_EVENTS_V18,,,CURATED_CORPUS,FALSE
CEV-05908,COL-0086,EVT-1072,119,TRUE,YEAR,ALL_EVENTS_V18,,,CURATED_CORPUS,FALSE
CEV-05909,COL-0086,EVT-0586,120,TRUE,YEAR,ALL_EVENTS_V18,,,CURATED_CORPUS,FALSE
CEV-05910,COL-0086,EVT-1073,121,TRUE,YEAR,ALL_EVENTS_V18,,,CURATED_CORPUS,FALSE
CEV-05911,COL-0086,EVT-0587,122,TRUE,DAY,ALL_EVENTS_V18,,,CURATED_CORPUS,FALSE
CEV-05912,COL-0086,EVT-0394,123,TRUE,YEAR,ALL_EVENTS_V18,,,CURATED_CORPUS,FALSE
CEV-05913,COL-0086,EVT-0588,124,TRUE,DAY,ALL_EVENTS_V18,,,CURATED_CORPUS,FALSE
CEV-05914,COL-0086,EVT-0044,125,TRUE,DAY,ALL_EVENTS_V18,,,CURATED_CORPUS,FALSE
CEV-05915,COL-0086,EVT-0048,126,TRUE,MONTH,ALL_EVENTS_V18,,,CURATED_CORPUS,FALSE
CEV-05916,COL-0086,EVT-1074,127,TRUE,YEAR,ALL_EVENTS_V18,,,CURATED_CORPUS,FALSE
CEV-05917,COL-0086,EVT-0605,128,TRUE,MONTH,ALL_EVENTS_V18,,,CURATED_CORPUS,FALSE
CEV-05918,COL-0086,EVT-0396,129,TRUE,YEAR,ALL_EVENTS_V18,,,CURATED_CORPUS,FALSE
CEV-05919,COL-0086,EVT-1075,130,TRUE,YEAR,ALL_EVENTS_V18,,,CURATED_CORPUS,FALSE
CEV-05920,COL-0086,EVT-0397,131,TRUE,DAY,ALL_EVENTS_V18,,,CURATED_CORPUS,FALSE
CEV-05921,COL-0086,EVT-0052,132,TRUE,YEAR,ALL_EVENTS_V18,,,CURATED_CORPUS,FALSE
CEV-05922,COL-0086,EVT-1076,133,TRUE,YEAR,ALL_EVENTS_V18,,,CURATED_CORPUS,FALSE
CEV-05923,COL-0086,EVT-0589,134,FALSE,NOT_AUTOMATIC,ALL_EVENTS_V18,,,CURATED_CORPUS,FALSE
CEV-05924,COL-0086,EVT-1077,135,TRUE,YEAR,ALL_EVENTS_V18,,,CURATED_CORPUS,FALSE
CEV-05925,COL-0086,EVT-1078,136,TRUE,YEAR,ALL_EVENTS_V18,,,CURATED_CORPUS,FALSE
CEV-05926,COL-0086,EVT-0045,137,TRUE,MONTH,ALL_EVENTS_V18,,,CURATED_CORPUS,FALSE
CEV-05927,COL-0086,EVT-0606,138,TRUE,DAY,ALL_EVENTS_V18,,,CURATED_CORPUS,FALSE
CEV-05928,COL-0086,EVT-0398,139,TRUE,DAY,ALL_EVENTS_V18,,,CURATED_CORPUS,FALSE
CEV-05929,COL-0086,EVT-0400,140,TRUE,DAY,ALL_EVENTS_V18,,,CURATED_CORPUS,FALSE
CEV-05930,COL-0086,EVT-0399,141,TRUE,DAY,ALL_EVENTS_V18,,,CURATED_CORPUS,FALSE
CEV-05931,COL-0086,EVT-0049,142,TRUE,DAY,ALL_EVENTS_V18,,,CURATED_CORPUS,FALSE
CEV-05932,COL-0086,EVT-0590,143,TRUE,DAY,ALL_EVENTS_V18,,,CURATED_CORPUS,FALSE
CEV-05933,COL-0086,EVT-0140,144,TRUE,DAY,ALL_EVENTS_V18,,,CURATED_CORPUS,FALSE
CEV-05934,COL-0086,EVT-0141,145,TRUE,RANGE,ALL_EVENTS_V18,,,CURATED_CORPUS,FALSE
CEV-05935,COL-0086,EVT-1079,146,TRUE,YEAR,ALL_EVENTS_V18,,,CURATED_CORPUS,FALSE
CEV-05936,COL-0086,EVT-0607,147,TRUE,DAY,ALL_EVENTS_V18,,,CURATED_CORPUS,FALSE
CEV-05937,COL-0086,EVT-0591,148,TRUE,DAY,ALL_EVENTS_V18,,,CURATED_CORPUS,FALSE
CEV-05938,COL-0086,EVT-0057,149,TRUE,YEAR,ALL_EVENTS_V18,,,CURATED_CORPUS,FALSE
CEV-05939,COL-0086,EVT-0592,150,TRUE,DAY,ALL_EVENTS_V18,,,CURATED_CORPUS,FALSE
CEV-05940,COL-0086,EVT-0579,151,TRUE,DAY,ALL_EVENTS_V18,,,CURATED_CORPUS,FALSE
CEV-05941,COL-0086,EVT-0608,152,TRUE,DAY,ALL_EVENTS_V18,,,CURATED_CORPUS,FALSE
CEV-05942,COL-0086,EVT-0046,153,TRUE,DAY,ALL_EVENTS_V18,,,CURATED_CORPUS,FALSE
CEV-05943,COL-0086,EVT-0403,154,TRUE,YEAR,ALL_EVENTS_V18,,,CURATED_CORPUS,FALSE
CEV-05944,COL-0086,EVT-1080,155,TRUE,YEAR,ALL_EVENTS_V18,,,CURATED_CORPUS,FALSE
CEV-05945,COL-0086,EVT-0054,156,TRUE,DAY,ALL_EVENTS_V18,,,CURATED_CORPUS,FALSE
CEV-05946,COL-0086,EVT-0401,157,TRUE,DAY,ALL_EVENTS_V18,,,CURATED_CORPUS,FALSE
CEV-05947,COL-0086,EVT-0402,158,TRUE,RANGE,ALL_EVENTS_V18,,,CURATED_CORPUS,FALSE
CEV-05948,COL-0086,EVT-0058,159,TRUE,RANGE,ALL_EVENTS_V18,,,CURATED_CORPUS,FALSE
CEV-05949,COL-0086,EVT-0593,160,TRUE,DAY,ALL_EVENTS_V18,,,CURATED_CORPUS,FALSE
CEV-05950,COL-0086,EVT-1081,161,TRUE,YEAR,ALL_EVENTS_V18,,,CURATED_CORPUS,FALSE
CEV-05951,COL-0086,EVT-0609,162,TRUE,DAY,ALL_EVENTS_V18,,,CURATED_CORPUS,FALSE
CEV-05952,COL-0086,EVT-0610,163,TRUE,DAY,ALL_EVENTS_V18,,,CURATED_CORPUS,FALSE
CEV-05953,COL-0086,EVT-0051,164,TRUE,DAY,ALL_EVENTS_V18,,,CURATED_CORPUS,FALSE
CEV-05954,COL-0086,EVT-0594,165,TRUE,DAY,ALL_EVENTS_V18,,,CURATED_CORPUS,FALSE
CEV-05955,COL-0086,EVT-0404,166,TRUE,YEAR,ALL_EVENTS_V18,,,CURATED_CORPUS,FALSE
CEV-05956,COL-0086,EVT-0595,167,TRUE,DAY,ALL_EVENTS_V18,,,CURATED_CORPUS,FALSE
CEV-05957,COL-0086,EVT-0405,168,TRUE,YEAR,ALL_EVENTS_V18,,,CURATED_CORPUS,FALSE
CEV-05958,COL-0086,EVT-0059,169,TRUE,YEAR,ALL_EVENTS_V18,,,CURATED_CORPUS,FALSE
CEV-05959,COL-0086,EVT-0060,170,TRUE,YEAR,ALL_EVENTS_V18,,,CURATED_CORPUS,FALSE
CEV-05960,COL-0086,EVT-0611,171,TRUE,DAY,ALL_EVENTS_V18,,,CURATED_CORPUS,FALSE
CEV-05961,COL-0086,EVT-0596,172,TRUE,DAY,ALL_EVENTS_V18,,,CURATED_CORPUS,FALSE
CEV-05962,COL-0086,EVT-0597,173,TRUE,DAY,ALL_EVENTS_V18,,,CURATED_CORPUS,FALSE
CEV-05963,COL-0086,EVT-0598,174,TRUE,YEAR,ALL_EVENTS_V18,,,CURATED_CORPUS,FALSE
CEV-05964,COL-0086,EVT-0599,175,TRUE,DAY,ALL_EVENTS_V18,,,CURATED_CORPUS,FALSE
CEV-05965,COL-0086,EVT-0612,176,TRUE,DAY,ALL_EVENTS_V18,,,CURATED_CORPUS,FALSE
CEV-05966,COL-0086,EVT-0055,177,TRUE,RANGE,ALL_EVENTS_V18,,,CURATED_CORPUS,FALSE
CEV-05967,COL-0086,EVT-1082,178,TRUE,YEAR,ALL_EVENTS_V18,,,CURATED_CORPUS,FALSE
CEV-05968,COL-0086,EVT-0406,179,TRUE,DAY,ALL_EVENTS_V18,,,CURATED_CORPUS,FALSE
CEV-05969,COL-0086,EVT-0580,180,TRUE,MONTH,ALL_EVENTS_V18,,,CURATED_CORPUS,FALSE
CEV-05970,COL-0086,EVT-0061,181,TRUE,RANGE,ALL_EVENTS_V18,,,CURATED_CORPUS,FALSE
CEV-05971,COL-0086,EVT-1083,182,TRUE,YEAR,ALL_EVENTS_V18,,,CURATED_CORPUS,FALSE
CEV-05972,COL-0086,EVT-0407,183,TRUE,DAY,ALL_EVENTS_V18,,,CURATED_CORPUS,FALSE
CEV-05973,COL-0086,EVT-0408,184,TRUE,RANGE,ALL_EVENTS_V18,,,CURATED_CORPUS,FALSE
CEV-05974,COL-0086,EVT-0409,185,TRUE,DAY,ALL_EVENTS_V18,,,CURATED_CORPUS,FALSE
CEV-05975,COL-0086,EVT-0600,186,TRUE,MONTH,ALL_EVENTS_V18,,,CURATED_CORPUS,FALSE
CEV-05976,COL-0086,EVT-0601,187,TRUE,DAY,ALL_EVENTS_V18,,,CURATED_CORPUS,FALSE
CEV-05977,COL-0086,EVT-1084,188,TRUE,YEAR,ALL_EVENTS_V18,,,CURATED_CORPUS,FALSE
CEV-05978,COL-0086,EVT-0602,189,TRUE,DAY,ALL_EVENTS_V18,,,CURATED_CORPUS,FALSE
CEV-05979,COL-0086,EVT-0410,190,TRUE,DAY,ALL_EVENTS_V18,,,CURATED_CORPUS,FALSE
CEV-05980,COL-0086,EVT-0411,191,TRUE,DAY,ALL_EVENTS_V18,,,CURATED_CORPUS,FALSE
CEV-05981,COL-0086,EVT-0412,192,TRUE,DAY,ALL_EVENTS_V18,,,CURATED_CORPUS,FALSE
CEV-05982,COL-0086,EVT-0413,193,TRUE,DAY,ALL_EVENTS_V18,,,CURATED_CORPUS,FALSE
CEV-05983,COL-0086,EVT-0062,194,TRUE,DAY,ALL_EVENTS_V18,,,CURATED_CORPUS,FALSE
CEV-05984,COL-0086,EVT-0056,195,TRUE,DAY,ALL_EVENTS_V18,,,CURATED_CORPUS,FALSE
CEV-05985,COL-0086,EVT-0414,196,TRUE,YEAR,ALL_EVENTS_V18,,,CURATED_CORPUS,FALSE
CEV-05986,COL-0086,EVT-1085,197,TRUE,YEAR,ALL_EVENTS_V18,,,CURATED_CORPUS,FALSE
CEV-05987,COL-0086,EVT-0149,198,TRUE,RANGE,ALL_EVENTS_V18,,,CURATED_CORPUS,FALSE
CEV-05988,COL-0086,EVT-0415,199,TRUE,DAY,ALL_EVENTS_V18,,,CURATED_CORPUS,FALSE
CEV-05989,COL-0086,EVT-0416,200,TRUE,DAY,ALL_EVENTS_V18,,,CURATED_CORPUS,FALSE
CEV-05990,COL-0086,EVT-0603,201,TRUE,DAY,ALL_EVENTS_V18,,,CURATED_CORPUS,FALSE
CEV-05991,COL-0086,EVT-0417,202,TRUE,DAY,ALL_EVENTS_V18,,,CURATED_CORPUS,FALSE
CEV-05992,COL-0086,EVT-0063,203,TRUE,DAY,ALL_EVENTS_V18,,,CURATED_CORPUS,FALSE
CEV-05993,COL-0086,EVT-1086,204,TRUE,YEAR,ALL_EVENTS_V18,,,CURATED_CORPUS,FALSE
CEV-05994,COL-0086,EVT-0418,205,TRUE,DAY,ALL_EVENTS_V18,,,CURATED_CORPUS,FALSE
CEV-05995,COL-0086,EVT-0419,206,TRUE,DAY,ALL_EVENTS_V18,,,CURATED_CORPUS,FALSE
CEV-05996,COL-0086,EVT-0638,207,TRUE,DAY,ALL_EVENTS_V18,,,CURATED_CORPUS,FALSE
CEV-05997,COL-0086,EVT-0639,208,TRUE,YEAR,ALL_EVENTS_V18,,,CURATED_CORPUS,FALSE
CEV-05998,COL-0086,EVT-1087,209,TRUE,YEAR,ALL_EVENTS_V18,,,CURATED_CORPUS,FALSE
CEV-05999,COL-0086,EVT-0147,210,TRUE,RANGE,ALL_EVENTS_V18,,,CURATED_CORPUS,FALSE
CEV-06000,COL-0086,EVT-0146,211,TRUE,DAY,ALL_EVENTS_V18,,,CURATED_CORPUS,FALSE
CEV-06001,COL-0086,EVT-0640,212,TRUE,DAY,ALL_EVENTS_V18,,,CURATED_CORPUS,FALSE
CEV-06002,COL-0086,EVT-0148,213,TRUE,DAY,ALL_EVENTS_V18,,,CURATED_CORPUS,FALSE
CEV-06003,COL-0086,EVT-1088,214,TRUE,YEAR,ALL_EVENTS_V18,,,CURATED_CORPUS,FALSE
CEV-06004,COL-0086,EVT-0641,215,TRUE,DAY,ALL_EVENTS_V18,,,CURATED_CORPUS,FALSE
CEV-06005,COL-0086,EVT-0328,216,TRUE,RANGE,ALL_EVENTS_V18,,,CURATED_CORPUS,FALSE
CEV-06006,COL-0086,EVT-0329,217,FALSE,NOT_AUTOMATIC,ALL_EVENTS_V18,,,CURATED_CORPUS,FALSE
CEV-06007,COL-0086,EVT-0064,218,TRUE,DAY,ALL_EVENTS_V18,,,CURATED_CORPUS,FALSE
CEV-06008,COL-0086,EVT-0069,219,TRUE,YEAR,ALL_EVENTS_V18,,,CURATED_CORPUS,FALSE
CEV-06009,COL-0086,EVT-0143,220,TRUE,RANGE,ALL_EVENTS_V18,,,CURATED_CORPUS,FALSE
CEV-06010,COL-0086,EVT-0613,221,TRUE,DAY,ALL_EVENTS_V18,,,CURATED_CORPUS,FALSE
CEV-06011,COL-0086,EVT-0614,222,TRUE,DAY,ALL_EVENTS_V18,,,CURATED_CORPUS,FALSE
CEV-06012,COL-0086,EVT-0070,223,TRUE,DAY,ALL_EVENTS_V18,,,CURATED_CORPUS,FALSE
CEV-06013,COL-0086,EVT-0642,224,TRUE,YEAR,ALL_EVENTS_V18,,,CURATED_CORPUS,FALSE
CEV-06014,COL-0086,EVT-1089,225,TRUE,YEAR,ALL_EVENTS_V18,,,CURATED_CORPUS,FALSE
CEV-06015,COL-0086,EVT-0643,226,TRUE,DAY,ALL_EVENTS_V18,,,CURATED_CORPUS,FALSE
CEV-06016,COL-0086,EVT-0644,227,TRUE,DAY,ALL_EVENTS_V18,,,CURATED_CORPUS,FALSE
CEV-06017,COL-0086,EVT-1090,228,TRUE,YEAR,ALL_EVENTS_V18,,,CURATED_CORPUS,FALSE
CEV-06018,COL-0086,EVT-0645,229,TRUE,DAY,ALL_EVENTS_V18,,,CURATED_CORPUS,FALSE
CEV-06019,COL-0086,EVT-0615,230,TRUE,DAY,ALL_EVENTS_V18,,,CURATED_CORPUS,FALSE
CEV-06020,COL-0086,EVT-0646,231,TRUE,YEAR,ALL_EVENTS_V18,,,CURATED_CORPUS,FALSE
CEV-06021,COL-0086,EVT-0151,232,TRUE,DAY,ALL_EVENTS_V18,,,CURATED_CORPUS,FALSE
CEV-06022,COL-0086,EVT-0420,233,TRUE,YEAR,ALL_EVENTS_V18,,,CURATED_CORPUS,FALSE
CEV-06023,COL-0086,EVT-0072,234,TRUE,RANGE,ALL_EVENTS_V18,,,CURATED_CORPUS,FALSE
CEV-06024,COL-0086,EVT-0144,235,TRUE,RANGE,ALL_EVENTS_V18,,,CURATED_CORPUS,FALSE
CEV-06025,COL-0086,EVT-0421,236,TRUE,DAY,ALL_EVENTS_V18,,,CURATED_CORPUS,FALSE
CEV-06026,COL-0086,EVT-0616,237,TRUE,DAY,ALL_EVENTS_V18,,,CURATED_CORPUS,FALSE
CEV-06027,COL-0086,EVT-0073,238,TRUE,RANGE,ALL_EVENTS_V18,,,CURATED_CORPUS,FALSE
CEV-06028,COL-0086,EVT-0617,239,TRUE,DAY,ALL_EVENTS_V18,,,CURATED_CORPUS,FALSE
CEV-06029,COL-0086,EVT-0647,240,TRUE,DAY,ALL_EVENTS_V18,,,CURATED_CORPUS,FALSE
CEV-06030,COL-0086,EVT-0618,241,TRUE,DAY,ALL_EVENTS_V18,,,CURATED_CORPUS,FALSE
CEV-06031,COL-0086,EVT-0422,242,TRUE,DAY,ALL_EVENTS_V18,,,CURATED_CORPUS,FALSE
CEV-06032,COL-0086,EVT-1091,243,TRUE,YEAR,ALL_EVENTS_V18,,,CURATED_CORPUS,FALSE
CEV-06033,COL-0086,EVT-0648,244,TRUE,DAY,ALL_EVENTS_V18,,,CURATED_CORPUS,FALSE
CEV-06034,COL-0086,EVT-0649,245,TRUE,DAY,ALL_EVENTS_V18,,,CURATED_CORPUS,FALSE
CEV-06035,COL-0086,EVT-0619,246,TRUE,DAY,ALL_EVENTS_V18,,,CURATED_CORPUS,FALSE
CEV-06036,COL-0086,EVT-0330,247,TRUE,RANGE,ALL_EVENTS_V18,,,CURATED_CORPUS,FALSE
CEV-06037,COL-0086,EVT-0065,248,TRUE,DAY,ALL_EVENTS_V18,,,CURATED_CORPUS,FALSE
CEV-06038,COL-0086,EVT-0650,249,TRUE,DAY,ALL_EVENTS_V18,,,CURATED_CORPUS,FALSE
CEV-06039,COL-0086,EVT-0651,250,TRUE,DAY,ALL_EVENTS_V18,,,CURATED_CORPUS,FALSE
CEV-06040,COL-0086,EVT-0423,251,TRUE,DAY,ALL_EVENTS_V18,,,CURATED_CORPUS,FALSE
CEV-06041,COL-0086,EVT-0620,252,TRUE,DAY,ALL_EVENTS_V18,,,CURATED_CORPUS,FALSE
CEV-06042,COL-0086,EVT-0652,253,TRUE,YEAR,ALL_EVENTS_V18,,,CURATED_CORPUS,FALSE
CEV-06043,COL-0086,EVT-1092,254,TRUE,YEAR,ALL_EVENTS_V18,,,CURATED_CORPUS,FALSE
CEV-06044,COL-0086,EVT-0653,255,TRUE,DAY,ALL_EVENTS_V18,,,CURATED_CORPUS,FALSE
CEV-06045,COL-0086,EVT-0424,256,TRUE,DAY,ALL_EVENTS_V18,,,CURATED_CORPUS,FALSE
CEV-06046,COL-0086,EVT-0621,257,TRUE,DAY,ALL_EVENTS_V18,,,CURATED_CORPUS,FALSE
CEV-06047,COL-0086,EVT-0654,258,TRUE,YEAR,ALL_EVENTS_V18,,,CURATED_CORPUS,FALSE
CEV-06048,COL-0086,EVT-0622,259,TRUE,DAY,ALL_EVENTS_V18,,,CURATED_CORPUS,FALSE
CEV-06049,COL-0086,EVT-0162,260,TRUE,MONTH,ALL_EVENTS_V18,,,CURATED_CORPUS,FALSE
CEV-06050,COL-0086,EVT-0426,261,TRUE,RANGE,ALL_EVENTS_V18,,,CURATED_CORPUS,FALSE
CEV-06051,COL-0086,EVT-0623,262,TRUE,DAY,ALL_EVENTS_V18,,,CURATED_CORPUS,FALSE
CEV-06052,COL-0086,EVT-1093,263,TRUE,YEAR,ALL_EVENTS_V18,,,CURATED_CORPUS,FALSE
CEV-06053,COL-0086,EVT-0425,264,TRUE,DAY,ALL_EVENTS_V18,,,CURATED_CORPUS,FALSE
CEV-06054,COL-0086,EVT-1094,265,TRUE,YEAR,ALL_EVENTS_V18,,,CURATED_CORPUS,FALSE
CEV-06055,COL-0086,EVT-0624,266,TRUE,YEAR,ALL_EVENTS_V18,,,CURATED_CORPUS,FALSE
CEV-06056,COL-0086,EVT-0655,267,TRUE,DAY,ALL_EVENTS_V18,,,CURATED_CORPUS,FALSE
CEV-06057,COL-0086,EVT-0656,268,TRUE,YEAR,ALL_EVENTS_V18,,,CURATED_CORPUS,FALSE
CEV-06058,COL-0086,EVT-1095,269,TRUE,YEAR,ALL_EVENTS_V18,,,CURATED_CORPUS,FALSE
CEV-06059,COL-0086,EVT-0163,270,TRUE,DAY,ALL_EVENTS_V18,,,CURATED_CORPUS,FALSE
CEV-06060,COL-0086,EVT-0625,271,TRUE,DAY,ALL_EVENTS_V18,,,CURATED_CORPUS,FALSE
CEV-06061,COL-0086,EVT-0167,272,TRUE,YEAR,ALL_EVENTS_V18,,,CURATED_CORPUS,FALSE
CEV-06062,COL-0086,EVT-0427,273,TRUE,DAY,ALL_EVENTS_V18,,,CURATED_CORPUS,FALSE
CEV-06063,COL-0086,EVT-0067,274,TRUE,RANGE,ALL_EVENTS_V18,,,CURATED_CORPUS,FALSE
CEV-06064,COL-0086,EVT-0074,275,TRUE,RANGE,ALL_EVENTS_V18,,,CURATED_CORPUS,FALSE
CEV-06065,COL-0086,EVT-0295,276,TRUE,DAY,ALL_EVENTS_V18,,,CURATED_CORPUS,FALSE
CEV-06066,COL-0086,EVT-0428,277,TRUE,DAY,ALL_EVENTS_V18,,,CURATED_CORPUS,FALSE
CEV-06067,COL-0086,EVT-0657,278,TRUE,YEAR,ALL_EVENTS_V18,,,CURATED_CORPUS,FALSE
CEV-06068,COL-0086,EVT-0658,279,TRUE,DAY,ALL_EVENTS_V18,,,CURATED_CORPUS,FALSE
CEV-06069,COL-0086,EVT-0659,280,TRUE,DAY,ALL_EVENTS_V18,,,CURATED_CORPUS,FALSE
CEV-06070,COL-0086,EVT-0066,281,TRUE,RANGE,ALL_EVENTS_V18,,,CURATED_CORPUS,FALSE
CEV-06071,COL-0086,EVT-0075,282,TRUE,DAY,ALL_EVENTS_V18,,,CURATED_CORPUS,FALSE
CEV-06072,COL-0086,EVT-0152,283,TRUE,MONTH,ALL_EVENTS_V18,,,CURATED_CORPUS,FALSE
CEV-06073,COL-0086,EVT-0153,284,TRUE,DAY,ALL_EVENTS_V18,,,CURATED_CORPUS,FALSE
CEV-06074,COL-0086,EVT-0660,285,TRUE,YEAR,ALL_EVENTS_V18,,,CURATED_CORPUS,FALSE
CEV-06075,COL-0086,EVT-0661,286,TRUE,YEAR,ALL_EVENTS_V18,,,CURATED_CORPUS,FALSE
CEV-06076,COL-0086,EVT-0626,287,TRUE,DAY,ALL_EVENTS_V18,,,CURATED_CORPUS,FALSE
CEV-06077,COL-0086,EVT-0367,288,TRUE,MONTH,ALL_EVENTS_V18,,,CURATED_CORPUS,FALSE
CEV-06078,COL-0086,EVT-0346,289,FALSE,NOT_AUTOMATIC,ALL_EVENTS_V18,,,CURATED_CORPUS,FALSE
CEV-06079,COL-0086,EVT-1096,290,TRUE,DAY,ALL_EVENTS_V18,,,CURATED_CORPUS,FALSE
CEV-06080,COL-0086,EVT-0662,291,TRUE,YEAR,ALL_EVENTS_V18,,,CURATED_CORPUS,FALSE
CEV-06081,COL-0086,EVT-0156,292,TRUE,DAY,ALL_EVENTS_V18,,,CURATED_CORPUS,FALSE
CEV-06082,COL-0086,EVT-0154,293,TRUE,DAY,ALL_EVENTS_V18,,,CURATED_CORPUS,FALSE
CEV-06083,COL-0086,EVT-1097,294,TRUE,YEAR,ALL_EVENTS_V18,,,CURATED_CORPUS,FALSE
CEV-06084,COL-0086,EVT-0333,295,TRUE,MONTH,ALL_EVENTS_V18,,,CURATED_CORPUS,FALSE
CEV-06085,COL-0086,EVT-0076,296,TRUE,DAY,ALL_EVENTS_V18,,,CURATED_CORPUS,FALSE
CEV-06086,COL-0086,EVT-0429,297,TRUE,RANGE,ALL_EVENTS_V18,,,CURATED_CORPUS,FALSE
CEV-06087,COL-0086,EVT-0157,298,TRUE,DAY,ALL_EVENTS_V18,,,CURATED_CORPUS,FALSE
CEV-06088,COL-0086,EVT-0663,299,TRUE,DAY,ALL_EVENTS_V18,,,CURATED_CORPUS,FALSE
CEV-06089,COL-0086,EVT-0664,300,TRUE,DAY,ALL_EVENTS_V18,,,CURATED_CORPUS,FALSE
CEV-06090,COL-0086,EVT-1098,301,TRUE,DAY,ALL_EVENTS_V18,,,CURATED_CORPUS,FALSE
CEV-06091,COL-0086,EVT-0665,302,TRUE,DAY,ALL_EVENTS_V18,,,CURATED_CORPUS,FALSE
CEV-06092,COL-0086,EVT-0430,303,TRUE,DAY,ALL_EVENTS_V18,,,CURATED_CORPUS,FALSE
CEV-06093,COL-0086,EVT-0627,304,TRUE,DAY,ALL_EVENTS_V18,,,CURATED_CORPUS,FALSE
CEV-06094,COL-0086,EVT-0164,305,TRUE,YEAR,ALL_EVENTS_V18,,,CURATED_CORPUS,FALSE
CEV-06095,COL-0086,EVT-0666,306,TRUE,DAY,ALL_EVENTS_V18,,,CURATED_CORPUS,FALSE
CEV-06096,COL-0086,EVT-0077,307,TRUE,DAY,ALL_EVENTS_V18,,,CURATED_CORPUS,FALSE
CEV-06097,COL-0086,EVT-1099,308,TRUE,YEAR,ALL_EVENTS_V18,,,CURATED_CORPUS,FALSE
CEV-06098,COL-0086,EVT-1100,309,TRUE,YEAR,ALL_EVENTS_V18,,,CURATED_CORPUS,FALSE
CEV-06099,COL-0086,EVT-0667,310,TRUE,DAY,ALL_EVENTS_V18,,,CURATED_CORPUS,FALSE
CEV-06100,COL-0086,EVT-0158,311,TRUE,RANGE,ALL_EVENTS_V18,,,CURATED_CORPUS,FALSE
CEV-06101,COL-0086,EVT-0159,312,TRUE,YEAR,ALL_EVENTS_V18,,,CURATED_CORPUS,FALSE
CEV-06102,COL-0086,EVT-1101,313,TRUE,YEAR,ALL_EVENTS_V18,,,CURATED_CORPUS,FALSE
CEV-06103,COL-0086,EVT-0160,314,TRUE,YEAR,ALL_EVENTS_V18,,,CURATED_CORPUS,FALSE
CEV-06104,COL-0086,EVT-0668,315,TRUE,YEAR,ALL_EVENTS_V18,,,CURATED_CORPUS,FALSE
CEV-06105,COL-0086,EVT-1102,316,TRUE,YEAR,ALL_EVENTS_V18,,,CURATED_CORPUS,FALSE
CEV-06106,COL-0086,EVT-0669,317,TRUE,DAY,ALL_EVENTS_V18,,,CURATED_CORPUS,FALSE
CEV-06107,COL-0086,EVT-0670,318,TRUE,YEAR,ALL_EVENTS_V18,,,CURATED_CORPUS,FALSE
CEV-06108,COL-0086,EVT-0166,319,TRUE,RANGE,ALL_EVENTS_V18,,,CURATED_CORPUS,FALSE
CEV-06109,COL-0086,EVT-0671,320,TRUE,MONTH,ALL_EVENTS_V18,,,CURATED_CORPUS,FALSE
CEV-06110,COL-0086,EVT-0628,321,TRUE,DAY,ALL_EVENTS_V18,,,CURATED_CORPUS,FALSE
CEV-06111,COL-0086,EVT-0431,322,TRUE,RANGE,ALL_EVENTS_V18,,,CURATED_CORPUS,FALSE
CEV-06112,COL-0086,EVT-0165,323,TRUE,YEAR,ALL_EVENTS_V18,,,CURATED_CORPUS,FALSE
CEV-06113,COL-0086,EVT-0672,324,TRUE,DAY,ALL_EVENTS_V18,,,CURATED_CORPUS,FALSE
CEV-06114,COL-0086,EVT-0432,325,TRUE,YEAR,ALL_EVENTS_V18,,,CURATED_CORPUS,FALSE
CEV-06115,COL-0086,EVT-0629,326,TRUE,DAY,ALL_EVENTS_V18,,,CURATED_CORPUS,FALSE
CEV-06116,COL-0086,EVT-0673,327,TRUE,YEAR,ALL_EVENTS_V18,,,CURATED_CORPUS,FALSE
CEV-06117,COL-0086,EVT-1103,328,TRUE,YEAR,ALL_EVENTS_V18,,,CURATED_CORPUS,FALSE
CEV-06118,COL-0086,EVT-0674,329,TRUE,DAY,ALL_EVENTS_V18,,,CURATED_CORPUS,FALSE
CEV-06119,COL-0086,EVT-0630,330,TRUE,DAY,ALL_EVENTS_V18,,,CURATED_CORPUS,FALSE
CEV-06120,COL-0086,EVT-0675,331,TRUE,DAY,ALL_EVENTS_V18,,,CURATED_CORPUS,FALSE
CEV-06121,COL-0086,EVT-0433,332,TRUE,DAY,ALL_EVENTS_V18,,,CURATED_CORPUS,FALSE
CEV-06122,COL-0086,EVT-0676,333,TRUE,DAY,ALL_EVENTS_V18,,,CURATED_CORPUS,FALSE
CEV-06123,COL-0086,EVT-0631,334,TRUE,DAY,ALL_EVENTS_V18,,,CURATED_CORPUS,FALSE
CEV-06124,COL-0086,EVT-0632,335,TRUE,YEAR,ALL_EVENTS_V18,,,CURATED_CORPUS,FALSE
CEV-06125,COL-0086,EVT-0434,336,TRUE,DAY,ALL_EVENTS_V18,,,CURATED_CORPUS,FALSE
CEV-06126,COL-0086,EVT-0435,337,TRUE,DAY,ALL_EVENTS_V18,,,CURATED_CORPUS,FALSE
CEV-06127,COL-0086,EVT-0347,338,FALSE,NOT_AUTOMATIC,ALL_EVENTS_V18,,,CURATED_CORPUS,FALSE
CEV-06128,COL-0086,EVT-1104,339,TRUE,YEAR,ALL_EVENTS_V18,,,CURATED_CORPUS,FALSE
CEV-06129,COL-0086,EVT-0677,340,TRUE,DAY,ALL_EVENTS_V18,,,CURATED_CORPUS,FALSE
CEV-06130,COL-0086,EVT-0436,341,TRUE,DAY,ALL_EVENTS_V18,,,CURATED_CORPUS,FALSE
CEV-06131,COL-0086,EVT-1105,342,TRUE,YEAR,ALL_EVENTS_V18,,,CURATED_CORPUS,FALSE
CEV-06132,COL-0086,EVT-0437,343,TRUE,DAY,ALL_EVENTS_V18,,,CURATED_CORPUS,FALSE
CEV-06133,COL-0086,EVT-0633,344,TRUE,DAY,ALL_EVENTS_V18,,,CURATED_CORPUS,FALSE
CEV-06134,COL-0086,EVT-0438,345,TRUE,DAY,ALL_EVENTS_V18,,,CURATED_CORPUS,FALSE
CEV-06135,COL-0086,EVT-1106,346,TRUE,YEAR,ALL_EVENTS_V18,,,CURATED_CORPUS,FALSE
CEV-06136,COL-0086,EVT-0678,347,TRUE,DAY,ALL_EVENTS_V18,,,CURATED_CORPUS,FALSE
CEV-06137,COL-0086,EVT-0161,348,TRUE,DAY,ALL_EVENTS_V18,,,CURATED_CORPUS,FALSE
CEV-06138,COL-0086,EVT-0634,349,TRUE,DAY,ALL_EVENTS_V18,,,CURATED_CORPUS,FALSE
CEV-06139,COL-0086,EVT-0334,350,TRUE,DAY,ALL_EVENTS_V18,,,CURATED_CORPUS,FALSE
CEV-06140,COL-0086,EVT-0348,351,TRUE,RANGE,ALL_EVENTS_V18,,,CURATED_CORPUS,FALSE
CEV-06141,COL-0086,EVT-0173,352,TRUE,DAY,ALL_EVENTS_V18,,,CURATED_CORPUS,FALSE
CEV-06142,COL-0086,EVT-0174,353,TRUE,RANGE,ALL_EVENTS_V18,,,CURATED_CORPUS,FALSE
CEV-06143,COL-0086,EVT-0175,354,TRUE,DAY,ALL_EVENTS_V18,,,CURATED_CORPUS,FALSE
CEV-06144,COL-0086,EVT-0337,355,TRUE,RANGE,ALL_EVENTS_V18,,,CURATED_CORPUS,FALSE
CEV-06145,COL-0086,EVT-1107,356,TRUE,YEAR,ALL_EVENTS_V18,,,CURATED_CORPUS,FALSE
CEV-06146,COL-0086,EVT-0439,357,TRUE,DAY,ALL_EVENTS_V18,,,CURATED_CORPUS,FALSE
CEV-06147,COL-0086,EVT-0635,358,TRUE,DAY,ALL_EVENTS_V18,,,CURATED_CORPUS,FALSE
CEV-06148,COL-0086,EVT-1108,359,TRUE,YEAR,ALL_EVENTS_V18,,,CURATED_CORPUS,FALSE
CEV-06149,COL-0086,EVT-1109,360,TRUE,DAY,ALL_EVENTS_V18,,,CURATED_CORPUS,FALSE
CEV-06150,COL-0086,EVT-0441,361,TRUE,DAY,ALL_EVENTS_V18,,,CURATED_CORPUS,FALSE
CEV-06151,COL-0086,EVT-0440,362,TRUE,DAY,ALL_EVENTS_V18,,,CURATED_CORPUS,FALSE
CEV-06152,COL-0086,EVT-0442,363,TRUE,DAY,ALL_EVENTS_V18,,,CURATED_CORPUS,FALSE
CEV-06153,COL-0086,EVT-0176,364,TRUE,DAY,ALL_EVENTS_V18,,,CURATED_CORPUS,FALSE
CEV-06154,COL-0086,EVT-0177,365,TRUE,DAY,ALL_EVENTS_V18,,,CURATED_CORPUS,FALSE
CEV-06155,COL-0086,EVT-0178,366,TRUE,RANGE,ALL_EVENTS_V18,,,CURATED_CORPUS,FALSE
CEV-06156,COL-0086,EVT-0179,367,TRUE,DAY,ALL_EVENTS_V18,,,CURATED_CORPUS,FALSE
CEV-06157,COL-0086,EVT-0171,368,TRUE,DAY,ALL_EVENTS_V18,,,CURATED_CORPUS,FALSE
CEV-06158,COL-0086,EVT-0679,369,TRUE,DAY,ALL_EVENTS_V18,,,CURATED_CORPUS,FALSE
CEV-06159,COL-0086,EVT-0443,370,TRUE,DAY,ALL_EVENTS_V18,,,CURATED_CORPUS,FALSE
CEV-06160,COL-0086,EVT-0172,371,TRUE,DAY,ALL_EVENTS_V18,,,CURATED_CORPUS,FALSE
CEV-06161,COL-0086,EVT-1110,372,TRUE,YEAR,ALL_EVENTS_V18,,,CURATED_CORPUS,FALSE
CEV-06162,COL-0086,EVT-0078,373,TRUE,DAY,ALL_EVENTS_V18,,,CURATED_CORPUS,FALSE
CEV-06163,COL-0086,EVT-0444,374,TRUE,DAY,ALL_EVENTS_V18,,,CURATED_CORPUS,FALSE
CEV-06164,COL-0086,EVT-0445,375,TRUE,DAY,ALL_EVENTS_V18,,,CURATED_CORPUS,FALSE
CEV-06165,COL-0086,EVT-1111,376,TRUE,YEAR,ALL_EVENTS_V18,,,CURATED_CORPUS,FALSE
CEV-06166,COL-0086,EVT-1112,377,TRUE,YEAR,ALL_EVENTS_V18,,,CURATED_CORPUS,FALSE
CEV-06167,COL-0086,EVT-0636,378,TRUE,DAY,ALL_EVENTS_V18,,,CURATED_CORPUS,FALSE
CEV-06168,COL-0086,EVT-1113,379,TRUE,YEAR,ALL_EVENTS_V18,,,CURATED_CORPUS,FALSE
CEV-06169,COL-0086,EVT-0680,380,TRUE,DAY,ALL_EVENTS_V18,,,CURATED_CORPUS,FALSE
CEV-06170,COL-0086,EVT-0637,381,TRUE,DAY,ALL_EVENTS_V18,,,CURATED_CORPUS,FALSE
CEV-06171,COL-0086,EVT-0349,382,FALSE,NOT_AUTOMATIC,ALL_EVENTS_V18,,,CURATED_CORPUS,FALSE
CEV-06172,COL-0086,EVT-0446,383,TRUE,DAY,ALL_EVENTS_V18,,,CURATED_CORPUS,FALSE
CEV-06173,COL-0086,EVT-1114,384,TRUE,YEAR,ALL_EVENTS_V18,,,CURATED_CORPUS,FALSE
CEV-06174,COL-0086,EVT-1115,385,TRUE,DAY,ALL_EVENTS_V18,,,CURATED_CORPUS,FALSE
CEV-06175,COL-0086,EVT-1116,386,TRUE,YEAR,ALL_EVENTS_V18,,,CURATED_CORPUS,FALSE
CEV-06176,COL-0086,EVT-0728,387,TRUE,DAY,ALL_EVENTS_V18,,,CURATED_CORPUS,FALSE
CEV-06177,COL-0086,EVT-0729,388,TRUE,DAY,ALL_EVENTS_V18,,,CURATED_CORPUS,FALSE
CEV-06178,COL-0086,EVT-0079,389,TRUE,DAY,ALL_EVENTS_V18,,,CURATED_CORPUS,FALSE
CEV-06179,COL-0086,EVT-0681,390,TRUE,DAY,ALL_EVENTS_V18,,,CURATED_CORPUS,FALSE
CEV-06180,COL-0086,EVT-1117,391,TRUE,YEAR,ALL_EVENTS_V18,,,CURATED_CORPUS,FALSE
CEV-06181,COL-0086,EVT-0447,392,TRUE,DAY,ALL_EVENTS_V18,,,CURATED_CORPUS,FALSE
CEV-06182,COL-0086,EVT-0180,393,TRUE,DAY,ALL_EVENTS_V18,,,CURATED_CORPUS,FALSE
CEV-06183,COL-0086,EVT-0682,394,TRUE,DAY,ALL_EVENTS_V18,,,CURATED_CORPUS,FALSE
CEV-06184,COL-0086,EVT-0683,395,TRUE,DAY,ALL_EVENTS_V18,,,CURATED_CORPUS,FALSE
CEV-06185,COL-0086,EVT-0730,396,TRUE,DAY,ALL_EVENTS_V18,,,CURATED_CORPUS,FALSE
CEV-06186,COL-0086,EVT-0684,397,TRUE,DAY,ALL_EVENTS_V18,,,CURATED_CORPUS,FALSE
CEV-06187,COL-0086,EVT-1118,398,TRUE,YEAR,ALL_EVENTS_V18,,,CURATED_CORPUS,FALSE
CEV-06188,COL-0086,EVT-1119,399,TRUE,YEAR,ALL_EVENTS_V18,,,CURATED_CORPUS,FALSE
CEV-06189,COL-0086,EVT-0731,400,TRUE,DAY,ALL_EVENTS_V18,,,CURATED_CORPUS,FALSE
CEV-06190,COL-0086,EVT-1120,401,TRUE,YEAR,ALL_EVENTS_V18,,,CURATED_CORPUS,FALSE
CEV-06191,COL-0086,EVT-0685,402,TRUE,DAY,ALL_EVENTS_V18,,,CURATED_CORPUS,FALSE
CEV-06192,COL-0086,EVT-1121,403,TRUE,YEAR,ALL_EVENTS_V18,,,CURATED_CORPUS,FALSE
CEV-06193,COL-0086,EVT-1122,404,TRUE,YEAR,ALL_EVENTS_V18,,,CURATED_CORPUS,FALSE
CEV-06194,COL-0086,EVT-0732,405,TRUE,DAY,ALL_EVENTS_V18,,,CURATED_CORPUS,FALSE
CEV-06195,COL-0086,EVT-0686,406,TRUE,DAY,ALL_EVENTS_V18,,,CURATED_CORPUS,FALSE
CEV-06196,COL-0086,EVT-0687,407,TRUE,DAY,ALL_EVENTS_V18,,,CURATED_CORPUS,FALSE
CEV-06197,COL-0086,EVT-0181,408,TRUE,RANGE,ALL_EVENTS_V18,,,CURATED_CORPUS,FALSE
CEV-06198,COL-0086,EVT-0182,409,TRUE,DAY,ALL_EVENTS_V18,,,CURATED_CORPUS,FALSE
CEV-06199,COL-0086,EVT-0448,410,TRUE,DAY,ALL_EVENTS_V18,,,CURATED_CORPUS,FALSE
CEV-06200,COL-0086,EVT-1123,411,TRUE,YEAR,ALL_EVENTS_V18,,,CURATED_CORPUS,FALSE
CEV-06201,COL-0086,EVT-0733,412,TRUE,DAY,ALL_EVENTS_V18,,,CURATED_CORPUS,FALSE
CEV-06202,COL-0086,EVT-0734,413,TRUE,DAY,ALL_EVENTS_V18,,,CURATED_CORPUS,FALSE
CEV-06203,COL-0086,EVT-0262,414,TRUE,YEAR,ALL_EVENTS_V18,,,CURATED_CORPUS,FALSE
CEV-06204,COL-0086,EVT-0735,415,TRUE,DAY,ALL_EVENTS_V18,,,CURATED_CORPUS,FALSE
CEV-06205,COL-0086,EVT-0010,416,TRUE,RANGE,ALL_EVENTS_V18,,,CURATED_CORPUS,FALSE
CEV-06206,COL-0086,EVT-1124,417,TRUE,YEAR,ALL_EVENTS_V18,,,CURATED_CORPUS,FALSE
CEV-06207,COL-0086,EVT-0736,418,TRUE,DAY,ALL_EVENTS_V18,,,CURATED_CORPUS,FALSE
CEV-06208,COL-0086,EVT-0449,419,TRUE,DAY,ALL_EVENTS_V18,,,CURATED_CORPUS,FALSE
CEV-06209,COL-0086,EVT-0737,420,TRUE,DAY,ALL_EVENTS_V18,,,CURATED_CORPUS,FALSE
CEV-06210,COL-0086,EVT-0183,421,TRUE,MONTH,ALL_EVENTS_V18,,,CURATED_CORPUS,FALSE
CEV-06211,COL-0086,EVT-0688,422,TRUE,DAY,ALL_EVENTS_V18,,,CURATED_CORPUS,FALSE
CEV-06212,COL-0086,EVT-0689,423,TRUE,DAY,ALL_EVENTS_V18,,,CURATED_CORPUS,FALSE
CEV-06213,COL-0086,EVT-0690,424,TRUE,DAY,ALL_EVENTS_V18,,,CURATED_CORPUS,FALSE
CEV-06214,COL-0086,EVT-1125,425,TRUE,YEAR,ALL_EVENTS_V18,,,CURATED_CORPUS,FALSE
CEV-06215,COL-0086,EVT-0691,426,TRUE,DAY,ALL_EVENTS_V18,,,CURATED_CORPUS,FALSE
CEV-06216,COL-0086,EVT-0692,427,FALSE,NOT_AUTOMATIC,ALL_EVENTS_V18,,,CURATED_CORPUS,FALSE
CEV-06217,COL-0086,EVT-0738,428,TRUE,DAY,ALL_EVENTS_V18,,,CURATED_CORPUS,FALSE
CEV-06218,COL-0086,EVT-1126,429,TRUE,YEAR,ALL_EVENTS_V18,,,CURATED_CORPUS,FALSE
CEV-06219,COL-0086,EVT-1127,430,TRUE,YEAR,ALL_EVENTS_V18,,,CURATED_CORPUS,FALSE
CEV-06220,COL-0086,EVT-0739,431,TRUE,DAY,ALL_EVENTS_V18,,,CURATED_CORPUS,FALSE
CEV-06221,COL-0086,EVT-1128,432,TRUE,YEAR,ALL_EVENTS_V18,,,CURATED_CORPUS,FALSE
CEV-06222,COL-0086,EVT-0184,433,TRUE,RANGE,ALL_EVENTS_V18,,,CURATED_CORPUS,FALSE
CEV-06223,COL-0086,EVT-0451,434,TRUE,DAY,ALL_EVENTS_V18,,,CURATED_CORPUS,FALSE
CEV-06224,COL-0086,EVT-0452,435,TRUE,DAY,ALL_EVENTS_V18,,,CURATED_CORPUS,FALSE
CEV-06225,COL-0086,EVT-1129,436,TRUE,YEAR,ALL_EVENTS_V18,,,CURATED_CORPUS,FALSE
CEV-06226,COL-0086,EVT-0453,437,TRUE,RANGE,ALL_EVENTS_V18,,,CURATED_CORPUS,FALSE
CEV-06227,COL-0086,EVT-0740,438,TRUE,DAY,ALL_EVENTS_V18,,,CURATED_CORPUS,FALSE
CEV-06228,COL-0086,EVT-1130,439,TRUE,YEAR,ALL_EVENTS_V18,,,CURATED_CORPUS,FALSE
CEV-06229,COL-0086,EVT-1131,440,TRUE,YEAR,ALL_EVENTS_V18,,,CURATED_CORPUS,FALSE
CEV-06230,COL-0086,EVT-0454,441,TRUE,DAY,ALL_EVENTS_V18,,,CURATED_CORPUS,FALSE
CEV-06231,COL-0086,EVT-0450,442,TRUE,DAY,ALL_EVENTS_V18,,,CURATED_CORPUS,FALSE
CEV-06232,COL-0086,EVT-1132,443,TRUE,YEAR,ALL_EVENTS_V18,,,CURATED_CORPUS,FALSE
CEV-06233,COL-0086,EVT-0455,444,TRUE,DAY,ALL_EVENTS_V18,,,CURATED_CORPUS,FALSE
CEV-06234,COL-0086,EVT-0548,445,TRUE,DAY,ALL_EVENTS_V18,,,CURATED_CORPUS,FALSE
CEV-06235,COL-0086,EVT-0263,446,TRUE,YEAR,ALL_EVENTS_V18,,,CURATED_CORPUS,FALSE
CEV-06236,COL-0086,EVT-0283,447,TRUE,YEAR,ALL_EVENTS_V18,,,CURATED_CORPUS,FALSE
CEV-06237,COL-0086,EVT-1133,448,TRUE,YEAR,ALL_EVENTS_V18,,,CURATED_CORPUS,FALSE
CEV-06238,COL-0086,EVT-1134,449,TRUE,YEAR,ALL_EVENTS_V18,,,CURATED_CORPUS,FALSE
CEV-06239,COL-0086,EVT-0741,450,TRUE,DAY,ALL_EVENTS_V18,,,CURATED_CORPUS,FALSE
CEV-06240,COL-0086,EVT-1135,451,TRUE,DAY,ALL_EVENTS_V18,,,CURATED_CORPUS,FALSE
CEV-06241,COL-0086,EVT-0693,452,TRUE,DAY,ALL_EVENTS_V18,,,CURATED_CORPUS,FALSE
CEV-06242,COL-0086,EVT-0694,453,TRUE,DAY,ALL_EVENTS_V18,,,CURATED_CORPUS,FALSE
CEV-06243,COL-0086,EVT-0264,454,TRUE,YEAR,ALL_EVENTS_V18,,,CURATED_CORPUS,FALSE
CEV-06244,COL-0086,EVT-1136,455,TRUE,YEAR,ALL_EVENTS_V18,,,CURATED_CORPUS,FALSE
CEV-06245,COL-0086,EVT-1137,456,TRUE,YEAR,ALL_EVENTS_V18,,,CURATED_CORPUS,FALSE
CEV-06246,COL-0086,EVT-0742,457,TRUE,DAY,ALL_EVENTS_V18,,,CURATED_CORPUS,FALSE
CEV-06247,COL-0086,EVT-0743,458,TRUE,DAY,ALL_EVENTS_V18,,,CURATED_CORPUS,FALSE
CEV-06248,COL-0086,EVT-0695,459,TRUE,DAY,ALL_EVENTS_V18,,,CURATED_CORPUS,FALSE
CEV-06249,COL-0086,EVT-1138,460,TRUE,DAY,ALL_EVENTS_V18,,,CURATED_CORPUS,FALSE
CEV-06250,COL-0086,EVT-1139,461,TRUE,YEAR,ALL_EVENTS_V18,,,CURATED_CORPUS,FALSE
CEV-06251,COL-0086,EVT-0456,462,TRUE,DAY,ALL_EVENTS_V18,,,CURATED_CORPUS,FALSE
CEV-06252,COL-0086,EVT-0457,463,TRUE,RANGE,ALL_EVENTS_V18,,,CURATED_CORPUS,FALSE
CEV-06253,COL-0086,EVT-1140,464,TRUE,YEAR,ALL_EVENTS_V18,,,CURATED_CORPUS,FALSE
CEV-06254,COL-0086,EVT-1141,465,TRUE,YEAR,ALL_EVENTS_V18,,,CURATED_CORPUS,FALSE
CEV-06255,COL-0086,EVT-0744,466,TRUE,DAY,ALL_EVENTS_V18,,,CURATED_CORPUS,FALSE
CEV-06256,COL-0086,EVT-0696,467,TRUE,DAY,ALL_EVENTS_V18,,,CURATED_CORPUS,FALSE
CEV-06257,COL-0086,EVT-0745,468,TRUE,DAY,ALL_EVENTS_V18,,,CURATED_CORPUS,FALSE
CEV-06258,COL-0086,EVT-0350,469,TRUE,YEAR,ALL_EVENTS_V18,,,CURATED_CORPUS,FALSE
CEV-06259,COL-0086,EVT-1142,470,TRUE,YEAR,ALL_EVENTS_V18,,,CURATED_CORPUS,FALSE
CEV-06260,COL-0086,EVT-0697,471,TRUE,DAY,ALL_EVENTS_V18,,,CURATED_CORPUS,FALSE
CEV-06261,COL-0086,EVT-0185,472,TRUE,RANGE,ALL_EVENTS_V18,,,CURATED_CORPUS,FALSE
CEV-06262,COL-0086,EVT-0186,473,TRUE,DAY,ALL_EVENTS_V18,,,CURATED_CORPUS,FALSE
CEV-06263,COL-0086,EVT-0187,474,TRUE,DAY,ALL_EVENTS_V18,,,CURATED_CORPUS,FALSE
CEV-06264,COL-0086,EVT-0188,475,TRUE,DAY,ALL_EVENTS_V18,,,CURATED_CORPUS,FALSE
CEV-06265,COL-0086,EVT-0458,476,TRUE,RANGE,ALL_EVENTS_V18,,,CURATED_CORPUS,FALSE
CEV-06266,COL-0086,EVT-0698,477,TRUE,DAY,ALL_EVENTS_V18,,,CURATED_CORPUS,FALSE
CEV-06267,COL-0086,EVT-0189,478,TRUE,DAY,ALL_EVENTS_V18,,,CURATED_CORPUS,FALSE
CEV-06268,COL-0086,EVT-0190,479,TRUE,DAY,ALL_EVENTS_V18,,,CURATED_CORPUS,FALSE
CEV-06269,COL-0086,EVT-0191,480,TRUE,DAY,ALL_EVENTS_V18,,,CURATED_CORPUS,FALSE
CEV-06270,COL-0086,EVT-1143,481,TRUE,YEAR,ALL_EVENTS_V18,,,CURATED_CORPUS,FALSE
CEV-06271,COL-0086,EVT-0746,482,TRUE,DAY,ALL_EVENTS_V18,,,CURATED_CORPUS,FALSE
CEV-06272,COL-0086,EVT-0194,483,TRUE,RANGE,ALL_EVENTS_V18,,,CURATED_CORPUS,FALSE
CEV-06273,COL-0086,EVT-1144,484,TRUE,YEAR,ALL_EVENTS_V18,,,CURATED_CORPUS,FALSE
CEV-06274,COL-0086,EVT-0747,485,TRUE,DAY,ALL_EVENTS_V18,,,CURATED_CORPUS,FALSE
CEV-06275,COL-0086,EVT-1145,486,TRUE,DAY,ALL_EVENTS_V18,,,CURATED_CORPUS,FALSE
CEV-06276,COL-0086,EVT-0459,487,TRUE,DAY,ALL_EVENTS_V18,,,CURATED_CORPUS,FALSE
CEV-06277,COL-0086,EVT-0195,488,TRUE,YEAR,ALL_EVENTS_V18,,,CURATED_CORPUS,FALSE
CEV-06278,COL-0086,EVT-1146,489,TRUE,YEAR,ALL_EVENTS_V18,,,CURATED_CORPUS,FALSE
CEV-06279,COL-0086,EVT-0460,490,TRUE,DAY,ALL_EVENTS_V18,,,CURATED_CORPUS,FALSE
CEV-06280,COL-0086,EVT-0192,491,TRUE,RANGE,ALL_EVENTS_V18,,,CURATED_CORPUS,FALSE
CEV-06281,COL-0086,EVT-1147,492,TRUE,YEAR,ALL_EVENTS_V18,,,CURATED_CORPUS,FALSE
CEV-06282,COL-0086,EVT-0193,493,TRUE,DAY,ALL_EVENTS_V18,,,CURATED_CORPUS,FALSE
CEV-06283,COL-0086,EVT-0699,494,TRUE,DAY,ALL_EVENTS_V18,,,CURATED_CORPUS,FALSE
CEV-06284,COL-0086,EVT-0461,495,TRUE,RANGE,ALL_EVENTS_V18,,,CURATED_CORPUS,FALSE
CEV-06285,COL-0086,EVT-0748,496,TRUE,DAY,ALL_EVENTS_V18,,,CURATED_CORPUS,FALSE
CEV-06286,COL-0086,EVT-1148,497,TRUE,DAY,ALL_EVENTS_V18,,,CURATED_CORPUS,FALSE
CEV-06287,COL-0086,EVT-1149,498,TRUE,YEAR,ALL_EVENTS_V18,,,CURATED_CORPUS,FALSE
CEV-06288,COL-0086,EVT-0462,499,TRUE,DAY,ALL_EVENTS_V18,,,CURATED_CORPUS,FALSE
CEV-06289,COL-0086,EVT-1150,500,TRUE,YEAR,ALL_EVENTS_V18,,,CURATED_CORPUS,FALSE
CEV-06290,COL-0086,EVT-0463,501,TRUE,DAY,ALL_EVENTS_V18,,,CURATED_CORPUS,FALSE
CEV-06291,COL-0086,EVT-0464,502,TRUE,DAY,ALL_EVENTS_V18,,,CURATED_CORPUS,FALSE
CEV-06292,COL-0086,EVT-0749,503,TRUE,DAY,ALL_EVENTS_V18,,,CURATED_CORPUS,FALSE
CEV-06293,COL-0086,EVT-0750,504,TRUE,DAY,ALL_EVENTS_V18,,,CURATED_CORPUS,FALSE
CEV-06294,COL-0086,EVT-0700,505,TRUE,DAY,ALL_EVENTS_V18,,,CURATED_CORPUS,FALSE
CEV-06295,COL-0086,EVT-0198,506,TRUE,YEAR,ALL_EVENTS_V18,,,CURATED_CORPUS,FALSE
CEV-06296,COL-0086,EVT-1151,507,TRUE,YEAR,ALL_EVENTS_V18,,,CURATED_CORPUS,FALSE
CEV-06297,COL-0086,EVT-0197,508,TRUE,DAY,ALL_EVENTS_V18,,,CURATED_CORPUS,FALSE
CEV-06298,COL-0086,EVT-0751,509,TRUE,DAY,ALL_EVENTS_V18,,,CURATED_CORPUS,FALSE
CEV-06299,COL-0086,EVT-1152,510,TRUE,YEAR,ALL_EVENTS_V18,,,CURATED_CORPUS,FALSE
CEV-06300,COL-0086,EVT-0701,511,TRUE,DAY,ALL_EVENTS_V18,,,CURATED_CORPUS,FALSE
CEV-06301,COL-0086,EVT-0465,512,TRUE,DAY,ALL_EVENTS_V18,,,CURATED_CORPUS,FALSE
CEV-06302,COL-0086,EVT-0466,513,TRUE,RANGE,ALL_EVENTS_V18,,,CURATED_CORPUS,FALSE
CEV-06303,COL-0086,EVT-0086,514,TRUE,DAY,ALL_EVENTS_V18,,,CURATED_CORPUS,FALSE
CEV-06304,COL-0086,EVT-1153,515,TRUE,YEAR,ALL_EVENTS_V18,,,CURATED_CORPUS,FALSE
CEV-06305,COL-0086,EVT-0702,516,TRUE,MONTH,ALL_EVENTS_V18,,,CURATED_CORPUS,FALSE
CEV-06306,COL-0086,EVT-0752,517,TRUE,DAY,ALL_EVENTS_V18,,,CURATED_CORPUS,FALSE
CEV-06307,COL-0086,EVT-0467,518,TRUE,DAY,ALL_EVENTS_V18,,,CURATED_CORPUS,FALSE
CEV-06308,COL-0086,EVT-0703,519,TRUE,DAY,ALL_EVENTS_V18,,,CURATED_CORPUS,FALSE
CEV-06309,COL-0086,EVT-0468,520,TRUE,RANGE,ALL_EVENTS_V18,,,CURATED_CORPUS,FALSE
CEV-06310,COL-0086,EVT-1154,521,TRUE,YEAR,ALL_EVENTS_V18,,,CURATED_CORPUS,FALSE
CEV-06311,COL-0086,EVT-0196,522,TRUE,DAY,ALL_EVENTS_V18,,,CURATED_CORPUS,FALSE
CEV-06312,COL-0086,EVT-0470,523,TRUE,DAY,ALL_EVENTS_V18,,,CURATED_CORPUS,FALSE
CEV-06313,COL-0086,EVT-0469,524,TRUE,DAY,ALL_EVENTS_V18,,,CURATED_CORPUS,FALSE
CEV-06314,COL-0086,EVT-0705,525,TRUE,DAY,ALL_EVENTS_V18,,,CURATED_CORPUS,FALSE
CEV-06315,COL-0086,EVT-0706,526,TRUE,DAY,ALL_EVENTS_V18,,,CURATED_CORPUS,FALSE
CEV-06316,COL-0086,EVT-0704,527,TRUE,YEAR,ALL_EVENTS_V18,,,CURATED_CORPUS,FALSE
CEV-06317,COL-0086,EVT-0753,528,TRUE,DAY,ALL_EVENTS_V18,,,CURATED_CORPUS,FALSE
CEV-06318,COL-0086,EVT-0707,529,TRUE,DAY,ALL_EVENTS_V18,,,CURATED_CORPUS,FALSE
CEV-06319,COL-0086,EVT-1155,530,TRUE,YEAR,ALL_EVENTS_V18,,,CURATED_CORPUS,FALSE
CEV-06320,COL-0086,EVT-0754,531,TRUE,DAY,ALL_EVENTS_V18,,,CURATED_CORPUS,FALSE
CEV-06321,COL-0086,EVT-0708,532,TRUE,DAY,ALL_EVENTS_V18,,,CURATED_CORPUS,FALSE
CEV-06322,COL-0086,EVT-1156,533,TRUE,YEAR,ALL_EVENTS_V18,,,CURATED_CORPUS,FALSE
CEV-06323,COL-0086,EVT-0709,534,TRUE,DAY,ALL_EVENTS_V18,,,CURATED_CORPUS,FALSE
CEV-06324,COL-0086,EVT-0710,535,TRUE,DAY,ALL_EVENTS_V18,,,CURATED_CORPUS,FALSE
CEV-06325,COL-0086,EVT-0711,536,TRUE,DAY,ALL_EVENTS_V18,,,CURATED_CORPUS,FALSE
CEV-06326,COL-0086,EVT-0471,537,TRUE,DAY,ALL_EVENTS_V18,,,CURATED_CORPUS,FALSE
CEV-06327,COL-0086,EVT-0351,538,TRUE,RANGE,ALL_EVENTS_V18,,,CURATED_CORPUS,FALSE
CEV-06328,COL-0086,EVT-0352,539,TRUE,RANGE,ALL_EVENTS_V18,,,CURATED_CORPUS,FALSE
CEV-06329,COL-0086,EVT-0472,540,TRUE,RANGE,ALL_EVENTS_V18,,,CURATED_CORPUS,FALSE
CEV-06330,COL-0086,EVT-0473,541,TRUE,DAY,ALL_EVENTS_V18,,,CURATED_CORPUS,FALSE
CEV-06331,COL-0086,EVT-0353,542,TRUE,DAY,ALL_EVENTS_V18,,,CURATED_CORPUS,FALSE
CEV-06332,COL-0086,EVT-1157,543,TRUE,YEAR,ALL_EVENTS_V18,,,CURATED_CORPUS,FALSE
CEV-06333,COL-0086,EVT-0199,544,TRUE,DAY,ALL_EVENTS_V18,,,CURATED_CORPUS,FALSE
CEV-06334,COL-0086,EVT-0200,545,TRUE,DAY,ALL_EVENTS_V18,,,CURATED_CORPUS,FALSE
CEV-06335,COL-0086,EVT-0201,546,TRUE,DAY,ALL_EVENTS_V18,,,CURATED_CORPUS,FALSE
CEV-06336,COL-0086,EVT-0202,547,TRUE,DAY,ALL_EVENTS_V18,,,CURATED_CORPUS,FALSE
CEV-06337,COL-0086,EVT-0203,548,TRUE,DAY,ALL_EVENTS_V18,,,CURATED_CORPUS,FALSE
CEV-06338,COL-0086,EVT-0474,549,TRUE,DAY,ALL_EVENTS_V18,,,CURATED_CORPUS,FALSE
CEV-06339,COL-0086,EVT-0204,550,TRUE,RANGE,ALL_EVENTS_V18,,,CURATED_CORPUS,FALSE
CEV-06340,COL-0086,EVT-0205,551,TRUE,DAY,ALL_EVENTS_V18,,,CURATED_CORPUS,FALSE
CEV-06341,COL-0086,EVT-0755,552,TRUE,DAY,ALL_EVENTS_V18,,,CURATED_CORPUS,FALSE
CEV-06342,COL-0086,EVT-1158,553,TRUE,YEAR,ALL_EVENTS_V18,,,CURATED_CORPUS,FALSE
CEV-06343,COL-0086,EVT-0313,554,TRUE,DAY,ALL_EVENTS_V18,,,CURATED_CORPUS,FALSE
CEV-06344,COL-0086,EVT-1159,555,TRUE,YEAR,ALL_EVENTS_V18,,,CURATED_CORPUS,FALSE
CEV-06345,COL-0086,EVT-0756,556,TRUE,DAY,ALL_EVENTS_V18,,,CURATED_CORPUS,FALSE
CEV-06346,COL-0086,EVT-0712,557,TRUE,DAY,ALL_EVENTS_V18,,,CURATED_CORPUS,FALSE
CEV-06347,COL-0086,EVT-1160,558,TRUE,YEAR,ALL_EVENTS_V18,,,CURATED_CORPUS,FALSE
CEV-06348,COL-0086,EVT-1161,559,TRUE,YEAR,ALL_EVENTS_V18,,,CURATED_CORPUS,FALSE
CEV-06349,COL-0086,EVT-0713,560,TRUE,DAY,ALL_EVENTS_V18,,,CURATED_CORPUS,FALSE
CEV-06350,COL-0086,EVT-0757,561,TRUE,DAY,ALL_EVENTS_V18,,,CURATED_CORPUS,FALSE
CEV-06351,COL-0086,EVT-0758,562,TRUE,DAY,ALL_EVENTS_V18,,,CURATED_CORPUS,FALSE
CEV-06352,COL-0086,EVT-0759,563,TRUE,DAY,ALL_EVENTS_V18,,,CURATED_CORPUS,FALSE
CEV-06353,COL-0086,EVT-0760,564,TRUE,DAY,ALL_EVENTS_V18,,,CURATED_CORPUS,FALSE
CEV-06354,COL-0086,EVT-1162,565,TRUE,YEAR,ALL_EVENTS_V18,,,CURATED_CORPUS,FALSE
CEV-06355,COL-0086,EVT-1163,566,TRUE,YEAR,ALL_EVENTS_V18,,,CURATED_CORPUS,FALSE
CEV-06356,COL-0086,EVT-0714,567,TRUE,DAY,ALL_EVENTS_V18,,,CURATED_CORPUS,FALSE
CEV-06357,COL-0086,EVT-1164,568,TRUE,YEAR,ALL_EVENTS_V18,,,CURATED_CORPUS,FALSE
CEV-06358,COL-0086,EVT-0715,569,FALSE,NOT_AUTOMATIC,ALL_EVENTS_V18,,,CURATED_CORPUS,FALSE
CEV-06359,COL-0086,EVT-1165,570,TRUE,YEAR,ALL_EVENTS_V18,,,CURATED_CORPUS,FALSE
CEV-06360,COL-0086,EVT-1166,571,TRUE,YEAR,ALL_EVENTS_V18,,,CURATED_CORPUS,FALSE
CEV-06361,COL-0086,EVT-0002,572,TRUE,DAY,ALL_EVENTS_V18,,,CURATED_CORPUS,FALSE
CEV-06362,COL-0086,EVT-1167,573,TRUE,YEAR,ALL_EVENTS_V18,,,CURATED_CORPUS,FALSE
CEV-06363,COL-0086,EVT-0761,574,TRUE,DAY,ALL_EVENTS_V18,,,CURATED_CORPUS,FALSE
CEV-06364,COL-0086,EVT-0762,575,TRUE,DAY,ALL_EVENTS_V18,,,CURATED_CORPUS,FALSE
CEV-06365,COL-0086,EVT-0003,576,TRUE,DAY,ALL_EVENTS_V18,,,CURATED_CORPUS,FALSE
CEV-06366,COL-0086,EVT-0004,577,TRUE,DAY,ALL_EVENTS_V18,,,CURATED_CORPUS,FALSE
CEV-06367,COL-0086,EVT-0763,578,TRUE,DAY,ALL_EVENTS_V18,,,CURATED_CORPUS,FALSE
CEV-06368,COL-0086,EVT-0764,579,TRUE,DAY,ALL_EVENTS_V18,,,CURATED_CORPUS,FALSE
CEV-06369,COL-0086,EVT-1168,580,TRUE,YEAR,ALL_EVENTS_V18,,,CURATED_CORPUS,FALSE
CEV-06370,COL-0086,EVT-0716,581,TRUE,DAY,ALL_EVENTS_V18,,,CURATED_CORPUS,FALSE
CEV-06371,COL-0086,EVT-1169,582,TRUE,YEAR,ALL_EVENTS_V18,,,CURATED_CORPUS,FALSE
CEV-06372,COL-0086,EVT-1170,583,TRUE,YEAR,ALL_EVENTS_V18,,,CURATED_CORPUS,FALSE
CEV-06373,COL-0086,EVT-0476,584,TRUE,DAY,ALL_EVENTS_V18,,,CURATED_CORPUS,FALSE
CEV-06374,COL-0086,EVT-0273,585,TRUE,RANGE,ALL_EVENTS_V18,,,CURATED_CORPUS,FALSE
CEV-06375,COL-0086,EVT-1171,586,TRUE,YEAR,ALL_EVENTS_V18,,,CURATED_CORPUS,FALSE
CEV-06376,COL-0086,EVT-0274,587,TRUE,DAY,ALL_EVENTS_V18,,,CURATED_CORPUS,FALSE
CEV-06377,COL-0086,EVT-0224,588,TRUE,DAY,ALL_EVENTS_V18,,,CURATED_CORPUS,FALSE
CEV-06378,COL-0086,EVT-0765,589,TRUE,DAY,ALL_EVENTS_V18,,,CURATED_CORPUS,FALSE
CEV-06379,COL-0086,EVT-0717,590,TRUE,DAY,ALL_EVENTS_V18,,,CURATED_CORPUS,FALSE
CEV-06380,COL-0086,EVT-1173,591,TRUE,YEAR,ALL_EVENTS_V18,,,CURATED_CORPUS,FALSE
CEV-06381,COL-0086,EVT-0718,592,TRUE,DAY,ALL_EVENTS_V18,,,CURATED_CORPUS,FALSE
CEV-06382,COL-0086,EVT-0766,593,TRUE,DAY,ALL_EVENTS_V18,,,CURATED_CORPUS,FALSE
CEV-06383,COL-0086,EVT-1172,594,TRUE,DAY,ALL_EVENTS_V18,,,CURATED_CORPUS,FALSE
CEV-06384,COL-0086,EVT-0719,595,TRUE,DAY,ALL_EVENTS_V18,,,CURATED_CORPUS,FALSE
CEV-06385,COL-0086,EVT-0767,596,TRUE,YEAR,ALL_EVENTS_V18,,,CURATED_CORPUS,FALSE
CEV-06386,COL-0086,EVT-1174,597,TRUE,YEAR,ALL_EVENTS_V18,,,CURATED_CORPUS,FALSE
CEV-06387,COL-0086,EVT-1175,598,TRUE,YEAR,ALL_EVENTS_V18,,,CURATED_CORPUS,FALSE
CEV-06388,COL-0086,EVT-1176,599,TRUE,YEAR,ALL_EVENTS_V18,,,CURATED_CORPUS,FALSE
CEV-06389,COL-0086,EVT-1178,600,TRUE,YEAR,ALL_EVENTS_V18,,,CURATED_CORPUS,FALSE
CEV-06390,COL-0086,EVT-1177,601,TRUE,DAY,ALL_EVENTS_V18,,,CURATED_CORPUS,FALSE
CEV-06391,COL-0086,EVT-0720,602,TRUE,YEAR,ALL_EVENTS_V18,,,CURATED_CORPUS,FALSE
CEV-06392,COL-0086,EVT-1179,603,TRUE,YEAR,ALL_EVENTS_V18,,,CURATED_CORPUS,FALSE
CEV-06393,COL-0086,EVT-0477,604,TRUE,DAY,ALL_EVENTS_V18,,,CURATED_CORPUS,FALSE
CEV-06394,COL-0086,EVT-0226,605,TRUE,DAY,ALL_EVENTS_V18,,,CURATED_CORPUS,FALSE
CEV-06395,COL-0086,EVT-0768,606,TRUE,DAY,ALL_EVENTS_V18,,,CURATED_CORPUS,FALSE
CEV-06396,COL-0086,EVT-0769,607,TRUE,DAY,ALL_EVENTS_V18,,,CURATED_CORPUS,FALSE
CEV-06397,COL-0086,EVT-0770,608,TRUE,DAY,ALL_EVENTS_V18,,,CURATED_CORPUS,FALSE
CEV-06398,COL-0086,EVT-1180,609,TRUE,YEAR,ALL_EVENTS_V18,,,CURATED_CORPUS,FALSE
CEV-06399,COL-0086,EVT-1181,610,TRUE,YEAR,ALL_EVENTS_V18,,,CURATED_CORPUS,FALSE
CEV-06400,COL-0086,EVT-0225,611,TRUE,DAY,ALL_EVENTS_V18,,,CURATED_CORPUS,FALSE
CEV-06401,COL-0086,EVT-0771,612,TRUE,DAY,ALL_EVENTS_V18,,,CURATED_CORPUS,FALSE
CEV-06402,COL-0086,EVT-0772,613,TRUE,DAY,ALL_EVENTS_V18,,,CURATED_CORPUS,FALSE
CEV-06403,COL-0086,EVT-1182,614,TRUE,YEAR,ALL_EVENTS_V18,,,CURATED_CORPUS,FALSE
CEV-06404,COL-0086,EVT-0773,615,TRUE,DAY,ALL_EVENTS_V18,,,CURATED_CORPUS,FALSE
CEV-06405,COL-0086,EVT-0001,616,TRUE,DAY,ALL_EVENTS_V18,,,CURATED_CORPUS,FALSE
CEV-06406,COL-0086,EVT-0774,617,TRUE,YEAR,ALL_EVENTS_V18,,,CURATED_CORPUS,FALSE
CEV-06407,COL-0086,EVT-1183,618,TRUE,YEAR,ALL_EVENTS_V18,,,CURATED_CORPUS,FALSE
CEV-06408,COL-0086,EVT-0775,619,TRUE,DAY,ALL_EVENTS_V18,,,CURATED_CORPUS,FALSE
CEV-06409,COL-0086,EVT-0721,620,TRUE,DAY,ALL_EVENTS_V18,,,CURATED_CORPUS,FALSE
CEV-06410,COL-0086,EVT-1184,621,TRUE,YEAR,ALL_EVENTS_V18,,,CURATED_CORPUS,FALSE
CEV-06411,COL-0086,EVT-1185,622,TRUE,YEAR,ALL_EVENTS_V18,,,CURATED_CORPUS,FALSE
CEV-06412,COL-0086,EVT-0082,623,TRUE,DAY,ALL_EVENTS_V18,,,CURATED_CORPUS,FALSE
CEV-06413,COL-0086,EVT-1030,624,TRUE,DAY,ALL_EVENTS_V18,,,CURATED_CORPUS,FALSE
CEV-06414,COL-0086,EVT-0722,625,TRUE,DAY,ALL_EVENTS_V18,,,CURATED_CORPUS,FALSE
CEV-06415,COL-0086,EVT-0723,626,TRUE,DAY,ALL_EVENTS_V18,,,CURATED_CORPUS,FALSE
CEV-06416,COL-0086,EVT-1186,627,TRUE,YEAR,ALL_EVENTS_V18,,,CURATED_CORPUS,FALSE
CEV-06417,COL-0086,EVT-1187,628,TRUE,YEAR,ALL_EVENTS_V18,,,CURATED_CORPUS,FALSE
CEV-06418,COL-0086,EVT-1188,629,TRUE,YEAR,ALL_EVENTS_V18,,,CURATED_CORPUS,FALSE
CEV-06419,COL-0086,EVT-1189,630,TRUE,YEAR,ALL_EVENTS_V18,,,CURATED_CORPUS,FALSE
CEV-06420,COL-0086,EVT-0322,631,TRUE,RANGE,ALL_EVENTS_V18,,,CURATED_CORPUS,FALSE
CEV-06421,COL-0086,EVT-0323,632,TRUE,DAY,ALL_EVENTS_V18,,,CURATED_CORPUS,FALSE
CEV-06422,COL-0086,EVT-0724,633,TRUE,DAY,ALL_EVENTS_V18,,,CURATED_CORPUS,FALSE
CEV-06423,COL-0086,EVT-0725,634,TRUE,YEAR,ALL_EVENTS_V18,,,CURATED_CORPUS,FALSE
CEV-06424,COL-0086,EVT-1191,635,TRUE,YEAR,ALL_EVENTS_V18,,,CURATED_CORPUS,FALSE
CEV-06425,COL-0086,EVT-1190,636,TRUE,DAY,ALL_EVENTS_V18,,,CURATED_CORPUS,FALSE
CEV-06426,COL-0086,EVT-1031,637,TRUE,DAY,ALL_EVENTS_V18,,,CURATED_CORPUS,FALSE
CEV-06427,COL-0086,EVT-1032,638,TRUE,DAY,ALL_EVENTS_V18,,,CURATED_CORPUS,FALSE
CEV-06428,COL-0086,EVT-0083,639,TRUE,DAY,ALL_EVENTS_V18,,,CURATED_CORPUS,FALSE
CEV-06429,COL-0086,EVT-0726,640,TRUE,DAY,ALL_EVENTS_V18,,,CURATED_CORPUS,FALSE
CEV-06430,COL-0086,EVT-0324,641,TRUE,MONTH,ALL_EVENTS_V18,,,CURATED_CORPUS,FALSE
CEV-06431,COL-0086,EVT-0475,642,TRUE,RANGE,ALL_EVENTS_V18,,,CURATED_CORPUS,FALSE
CEV-06432,COL-0086,EVT-0325,643,TRUE,MONTH,ALL_EVENTS_V18,,,CURATED_CORPUS,FALSE
CEV-06433,COL-0086,EVT-1192,644,TRUE,YEAR,ALL_EVENTS_V18,,,CURATED_CORPUS,FALSE
CEV-06434,COL-0086,EVT-1033,645,TRUE,DAY,ALL_EVENTS_V18,,,CURATED_CORPUS,FALSE
CEV-06435,COL-0086,EVT-1034,646,TRUE,DAY,ALL_EVENTS_V18,,,CURATED_CORPUS,FALSE
CEV-06436,COL-0086,EVT-1035,647,TRUE,MONTH,ALL_EVENTS_V18,,,CURATED_CORPUS,FALSE
CEV-06437,COL-0086,EVT-1193,648,TRUE,YEAR,ALL_EVENTS_V18,,,CURATED_CORPUS,FALSE
CEV-06438,COL-0086,EVT-1194,649,TRUE,YEAR,ALL_EVENTS_V18,,,CURATED_CORPUS,FALSE
CEV-06439,COL-0086,EVT-0227,650,TRUE,DAY,ALL_EVENTS_V18,,,CURATED_CORPUS,FALSE
CEV-06440,COL-0086,EVT-0087,651,TRUE,DAY,ALL_EVENTS_V18,,,CURATED_CORPUS,FALSE
CEV-06441,COL-0086,EVT-0727,652,TRUE,DAY,ALL_EVENTS_V18,,,CURATED_CORPUS,FALSE
CEV-06442,COL-0086,EVT-1195,653,TRUE,YEAR,ALL_EVENTS_V18,,,CURATED_CORPUS,FALSE
CEV-06443,COL-0086,EVT-0824,654,TRUE,DAY,ALL_EVENTS_V18,,,CURATED_CORPUS,FALSE
CEV-06444,COL-0086,EVT-0825,655,TRUE,DAY,ALL_EVENTS_V18,,,CURATED_CORPUS,FALSE
CEV-06445,COL-0086,EVT-0776,656,TRUE,DAY,ALL_EVENTS_V18,,,CURATED_CORPUS,FALSE
CEV-06446,COL-0086,EVT-1196,657,TRUE,YEAR,ALL_EVENTS_V18,,,CURATED_CORPUS,FALSE
CEV-06447,COL-0086,EVT-0826,658,TRUE,DAY,ALL_EVENTS_V18,,,CURATED_CORPUS,FALSE
CEV-06448,COL-0086,EVT-0827,659,TRUE,DAY,ALL_EVENTS_V18,,,CURATED_CORPUS,FALSE
CEV-06449,COL-0086,EVT-0828,660,TRUE,DAY,ALL_EVENTS_V18,,,CURATED_CORPUS,FALSE
CEV-06450,COL-0086,EVT-0829,661,TRUE,DAY,ALL_EVENTS_V18,,,CURATED_CORPUS,FALSE
CEV-06451,COL-0086,EVT-0830,662,TRUE,DAY,ALL_EVENTS_V18,,,CURATED_CORPUS,FALSE
CEV-06452,COL-0086,EVT-0777,663,TRUE,DAY,ALL_EVENTS_V18,,,CURATED_CORPUS,FALSE
CEV-06453,COL-0086,EVT-1197,664,TRUE,YEAR,ALL_EVENTS_V18,,,CURATED_CORPUS,FALSE
CEV-06454,COL-0086,EVT-1198,665,TRUE,YEAR,ALL_EVENTS_V18,,,CURATED_CORPUS,FALSE
CEV-06455,COL-0086,EVT-1199,666,TRUE,YEAR,ALL_EVENTS_V18,,,CURATED_CORPUS,FALSE
CEV-06456,COL-0086,EVT-1200,667,TRUE,YEAR,ALL_EVENTS_V18,,,CURATED_CORPUS,FALSE
CEV-06457,COL-0086,EVT-0778,668,TRUE,DAY,ALL_EVENTS_V18,,,CURATED_CORPUS,FALSE
CEV-06458,COL-0086,EVT-0831,669,TRUE,DAY,ALL_EVENTS_V18,,,CURATED_CORPUS,FALSE
CEV-06459,COL-0086,EVT-0779,670,TRUE,YEAR,ALL_EVENTS_V18,,,CURATED_CORPUS,FALSE
CEV-06460,COL-0086,EVT-1201,671,TRUE,YEAR,ALL_EVENTS_V18,,,CURATED_CORPUS,FALSE
CEV-06461,COL-0086,EVT-0780,672,TRUE,DAY,ALL_EVENTS_V18,,,CURATED_CORPUS,FALSE
CEV-06462,COL-0086,EVT-0832,673,TRUE,DAY,ALL_EVENTS_V18,,,CURATED_CORPUS,FALSE
CEV-06463,COL-0086,EVT-0833,674,TRUE,DAY,ALL_EVENTS_V18,,,CURATED_CORPUS,FALSE
CEV-06464,COL-0086,EVT-0005,675,TRUE,DAY,ALL_EVENTS_V18,,,CURATED_CORPUS,FALSE
CEV-06465,COL-0086,EVT-1202,676,TRUE,YEAR,ALL_EVENTS_V18,,,CURATED_CORPUS,FALSE
CEV-06466,COL-0086,EVT-1203,677,TRUE,YEAR,ALL_EVENTS_V18,,,CURATED_CORPUS,FALSE
CEV-06467,COL-0086,EVT-0834,678,TRUE,DAY,ALL_EVENTS_V18,,,CURATED_CORPUS,FALSE
CEV-06468,COL-0086,EVT-0781,679,TRUE,DAY,ALL_EVENTS_V18,,,CURATED_CORPUS,FALSE
CEV-06469,COL-0086,EVT-0084,680,TRUE,DAY,ALL_EVENTS_V18,,,CURATED_CORPUS,FALSE
CEV-06470,COL-0086,EVT-0085,681,TRUE,DAY,ALL_EVENTS_V18,,,CURATED_CORPUS,FALSE
CEV-06471,COL-0086,EVT-1204,682,TRUE,YEAR,ALL_EVENTS_V18,,,CURATED_CORPUS,FALSE
CEV-06472,COL-0086,EVT-0088,683,TRUE,DAY,ALL_EVENTS_V18,,,CURATED_CORPUS,FALSE
CEV-06473,COL-0086,EVT-0835,684,TRUE,DAY,ALL_EVENTS_V18,,,CURATED_CORPUS,FALSE
CEV-06474,COL-0086,EVT-1205,685,TRUE,YEAR,ALL_EVENTS_V18,,,CURATED_CORPUS,FALSE
CEV-06475,COL-0086,EVT-1206,686,TRUE,YEAR,ALL_EVENTS_V18,,,CURATED_CORPUS,FALSE
CEV-06476,COL-0086,EVT-1207,687,TRUE,YEAR,ALL_EVENTS_V18,,,CURATED_CORPUS,FALSE
CEV-06477,COL-0086,EVT-0836,688,TRUE,DAY,ALL_EVENTS_V18,,,CURATED_CORPUS,FALSE
CEV-06478,COL-0086,EVT-0782,689,TRUE,DAY,ALL_EVENTS_V18,,,CURATED_CORPUS,FALSE
CEV-06479,COL-0086,EVT-1208,690,TRUE,YEAR,ALL_EVENTS_V18,,,CURATED_CORPUS,FALSE
CEV-06480,COL-0086,EVT-1210,691,TRUE,YEAR,ALL_EVENTS_V18,,,CURATED_CORPUS,FALSE
CEV-06481,COL-0086,EVT-0837,692,TRUE,DAY,ALL_EVENTS_V18,,,CURATED_CORPUS,FALSE
CEV-06482,COL-0086,EVT-1209,693,FALSE,NOT_AUTOMATIC,ALL_EVENTS_V18,,,CURATED_CORPUS,FALSE
CEV-06483,COL-0086,EVT-1211,694,TRUE,YEAR,ALL_EVENTS_V18,,,CURATED_CORPUS,FALSE
CEV-06484,COL-0086,EVT-1212,695,TRUE,YEAR,ALL_EVENTS_V18,,,CURATED_CORPUS,FALSE
CEV-06485,COL-0086,EVT-0838,696,TRUE,DAY,ALL_EVENTS_V18,,,CURATED_CORPUS,FALSE
CEV-06486,COL-0086,EVT-0783,697,TRUE,DAY,ALL_EVENTS_V18,,,CURATED_CORPUS,FALSE
CEV-06487,COL-0086,EVT-1213,698,TRUE,YEAR,ALL_EVENTS_V18,,,CURATED_CORPUS,FALSE
CEV-06488,COL-0086,EVT-0784,699,TRUE,DAY,ALL_EVENTS_V18,,,CURATED_CORPUS,FALSE
CEV-06489,COL-0086,EVT-0785,700,TRUE,DAY,ALL_EVENTS_V18,,,CURATED_CORPUS,FALSE
CEV-06490,COL-0086,EVT-1214,701,TRUE,YEAR,ALL_EVENTS_V18,,,CURATED_CORPUS,FALSE
CEV-06491,COL-0086,EVT-1215,702,TRUE,YEAR,ALL_EVENTS_V18,,,CURATED_CORPUS,FALSE
CEV-06492,COL-0086,EVT-1216,703,TRUE,YEAR,ALL_EVENTS_V18,,,CURATED_CORPUS,FALSE
CEV-06493,COL-0086,EVT-0786,704,TRUE,DAY,ALL_EVENTS_V18,,,CURATED_CORPUS,FALSE
CEV-06494,COL-0086,EVT-0787,705,TRUE,DAY,ALL_EVENTS_V18,,,CURATED_CORPUS,FALSE
CEV-06495,COL-0086,EVT-0839,706,TRUE,DAY,ALL_EVENTS_V18,,,CURATED_CORPUS,FALSE
CEV-06496,COL-0086,EVT-1217,707,TRUE,YEAR,ALL_EVENTS_V18,,,CURATED_CORPUS,FALSE
CEV-06497,COL-0086,EVT-0788,708,TRUE,DAY,ALL_EVENTS_V18,,,CURATED_CORPUS,FALSE
CEV-06498,COL-0086,EVT-0840,709,TRUE,DAY,ALL_EVENTS_V18,,,CURATED_CORPUS,FALSE
CEV-06499,COL-0086,EVT-0841,710,TRUE,DAY,ALL_EVENTS_V18,,,CURATED_CORPUS,FALSE
CEV-06500,COL-0086,EVT-1218,711,TRUE,YEAR,ALL_EVENTS_V18,,,CURATED_CORPUS,FALSE
CEV-06501,COL-0086,EVT-1219,712,TRUE,YEAR,ALL_EVENTS_V18,,,CURATED_CORPUS,FALSE
CEV-06502,COL-0086,EVT-0478,713,TRUE,DAY,ALL_EVENTS_V18,,,CURATED_CORPUS,FALSE
CEV-06503,COL-0086,EVT-0012,714,TRUE,RANGE,ALL_EVENTS_V18,,,CURATED_CORPUS,FALSE
CEV-06504,COL-0086,EVT-0089,715,TRUE,DAY,ALL_EVENTS_V18,,,CURATED_CORPUS,FALSE
CEV-06505,COL-0086,EVT-0479,716,TRUE,DAY,ALL_EVENTS_V18,,,CURATED_CORPUS,FALSE
CEV-06506,COL-0086,EVT-0480,717,TRUE,DAY,ALL_EVENTS_V18,,,CURATED_CORPUS,FALSE
CEV-06507,COL-0086,EVT-0481,718,TRUE,DAY,ALL_EVENTS_V18,,,CURATED_CORPUS,FALSE
CEV-06508,COL-0086,EVT-0206,719,TRUE,RANGE,ALL_EVENTS_V18,,,CURATED_CORPUS,FALSE
CEV-06509,COL-0086,EVT-0207,720,TRUE,RANGE,ALL_EVENTS_V18,,,CURATED_CORPUS,FALSE
CEV-06510,COL-0086,EVT-0208,721,TRUE,RANGE,ALL_EVENTS_V18,,,CURATED_CORPUS,FALSE
CEV-06511,COL-0086,EVT-0090,722,TRUE,DAY,ALL_EVENTS_V18,,,CURATED_CORPUS,FALSE
CEV-06512,COL-0086,EVT-0209,723,TRUE,DAY,ALL_EVENTS_V18,,,CURATED_CORPUS,FALSE
CEV-06513,COL-0086,EVT-0789,724,TRUE,DAY,ALL_EVENTS_V18,,,CURATED_CORPUS,FALSE
CEV-06514,COL-0086,EVT-0230,725,TRUE,DAY,ALL_EVENTS_V18,,,CURATED_CORPUS,FALSE
CEV-06515,COL-0086,EVT-1220,726,TRUE,YEAR,ALL_EVENTS_V18,,,CURATED_CORPUS,FALSE
CEV-06516,COL-0086,EVT-0482,727,TRUE,RANGE,ALL_EVENTS_V18,,,CURATED_CORPUS,FALSE
CEV-06517,COL-0086,EVT-0790,728,TRUE,DAY,ALL_EVENTS_V18,,,CURATED_CORPUS,FALSE
CEV-06518,COL-0086,EVT-0314,729,TRUE,DAY,ALL_EVENTS_V18,,,CURATED_CORPUS,FALSE
CEV-06519,COL-0086,EVT-0210,730,TRUE,DAY,ALL_EVENTS_V18,,,CURATED_CORPUS,FALSE
CEV-06520,COL-0086,EVT-0354,731,TRUE,YEAR,ALL_EVENTS_V18,,,CURATED_CORPUS,FALSE
CEV-06521,COL-0086,EVT-0483,732,TRUE,DAY,ALL_EVENTS_V18,,,CURATED_CORPUS,FALSE
CEV-06522,COL-0086,EVT-0791,733,TRUE,DAY,ALL_EVENTS_V18,,,CURATED_CORPUS,FALSE
CEV-06523,COL-0086,EVT-0484,734,TRUE,DAY,ALL_EVENTS_V18,,,CURATED_CORPUS,FALSE
CEV-06524,COL-0086,EVT-0792,735,TRUE,YEAR,ALL_EVENTS_V18,,,CURATED_CORPUS,FALSE
CEV-06525,COL-0086,EVT-0793,736,TRUE,DAY,ALL_EVENTS_V18,,,CURATED_CORPUS,FALSE
CEV-06526,COL-0086,EVT-0485,737,TRUE,DAY,ALL_EVENTS_V18,,,CURATED_CORPUS,FALSE
CEV-06527,COL-0086,EVT-0211,738,TRUE,DAY,ALL_EVENTS_V18,,,CURATED_CORPUS,FALSE
CEV-06528,COL-0086,EVT-0212,739,TRUE,RANGE,ALL_EVENTS_V18,,,CURATED_CORPUS,FALSE
CEV-06529,COL-0086,EVT-0842,740,TRUE,DAY,ALL_EVENTS_V18,,,CURATED_CORPUS,FALSE
CEV-06530,COL-0086,EVT-0794,741,TRUE,DAY,ALL_EVENTS_V18,,,CURATED_CORPUS,FALSE
CEV-06531,COL-0086,EVT-0091,742,TRUE,DAY,ALL_EVENTS_V18,,,CURATED_CORPUS,FALSE
CEV-06532,COL-0086,EVT-0795,743,TRUE,DAY,ALL_EVENTS_V18,,,CURATED_CORPUS,FALSE
CEV-06533,COL-0086,EVT-1221,744,TRUE,YEAR,ALL_EVENTS_V18,,,CURATED_CORPUS,FALSE
CEV-06534,COL-0086,EVT-1223,745,TRUE,YEAR,ALL_EVENTS_V18,,,CURATED_CORPUS,FALSE
CEV-06535,COL-0086,EVT-0486,746,TRUE,DAY,ALL_EVENTS_V18,,,CURATED_CORPUS,FALSE
CEV-06536,COL-0086,EVT-0843,747,TRUE,DAY,ALL_EVENTS_V18,,,CURATED_CORPUS,FALSE
CEV-06537,COL-0086,EVT-0844,748,TRUE,DAY,ALL_EVENTS_V18,,,CURATED_CORPUS,FALSE
CEV-06538,COL-0086,EVT-0092,749,TRUE,DAY,ALL_EVENTS_V18,,,CURATED_CORPUS,FALSE
CEV-06539,COL-0086,EVT-1222,750,TRUE,DAY,ALL_EVENTS_V18,,,CURATED_CORPUS,FALSE
CEV-06540,COL-0086,EVT-0232,751,TRUE,DAY,ALL_EVENTS_V18,,,CURATED_CORPUS,FALSE
CEV-06541,COL-0086,EVT-0233,752,TRUE,DAY,ALL_EVENTS_V18,,,CURATED_CORPUS,FALSE
CEV-06542,COL-0086,EVT-1224,753,TRUE,YEAR,ALL_EVENTS_V18,,,CURATED_CORPUS,FALSE
CEV-06543,COL-0086,EVT-1225,754,TRUE,YEAR,ALL_EVENTS_V18,,,CURATED_CORPUS,FALSE
CEV-06544,COL-0086,EVT-1226,755,TRUE,YEAR,ALL_EVENTS_V18,,,CURATED_CORPUS,FALSE
CEV-06545,COL-0086,EVT-0487,756,TRUE,DAY,ALL_EVENTS_V18,,,CURATED_CORPUS,FALSE
CEV-06546,COL-0086,EVT-0845,757,TRUE,DAY,ALL_EVENTS_V18,,,CURATED_CORPUS,FALSE
CEV-06547,COL-0086,EVT-0846,758,TRUE,DAY,ALL_EVENTS_V18,,,CURATED_CORPUS,FALSE
CEV-06548,COL-0086,EVT-0234,759,TRUE,DAY,ALL_EVENTS_V18,,,CURATED_CORPUS,FALSE
CEV-06549,COL-0086,EVT-0235,760,TRUE,DAY,ALL_EVENTS_V18,,,CURATED_CORPUS,FALSE
CEV-06550,COL-0086,EVT-0796,761,TRUE,DAY,ALL_EVENTS_V18,,,CURATED_CORPUS,FALSE
CEV-06551,COL-0086,EVT-0236,762,TRUE,DAY,ALL_EVENTS_V18,,,CURATED_CORPUS,FALSE
CEV-06552,COL-0086,EVT-0237,763,TRUE,DAY,ALL_EVENTS_V18,,,CURATED_CORPUS,FALSE
CEV-06553,COL-0086,EVT-1227,764,TRUE,YEAR,ALL_EVENTS_V18,,,CURATED_CORPUS,FALSE
CEV-06554,COL-0086,EVT-0238,765,TRUE,DAY,ALL_EVENTS_V18,,,CURATED_CORPUS,FALSE
CEV-06555,COL-0086,EVT-0797,766,TRUE,DAY,ALL_EVENTS_V18,,,CURATED_CORPUS,FALSE
CEV-06556,COL-0086,EVT-0847,767,TRUE,DAY,ALL_EVENTS_V18,,,CURATED_CORPUS,FALSE
CEV-06557,COL-0086,EVT-1228,768,TRUE,YEAR,ALL_EVENTS_V18,,,CURATED_CORPUS,FALSE
CEV-06558,COL-0086,EVT-1229,769,TRUE,YEAR,ALL_EVENTS_V18,,,CURATED_CORPUS,FALSE
CEV-06559,COL-0086,EVT-0848,770,TRUE,DAY,ALL_EVENTS_V18,,,CURATED_CORPUS,FALSE
CEV-06560,COL-0086,EVT-0239,771,TRUE,DAY,ALL_EVENTS_V18,,,CURATED_CORPUS,FALSE
CEV-06561,COL-0086,EVT-0488,772,TRUE,DAY,ALL_EVENTS_V18,,,CURATED_CORPUS,FALSE
CEV-06562,COL-0086,EVT-0489,773,TRUE,DAY,ALL_EVENTS_V18,,,CURATED_CORPUS,FALSE
CEV-06563,COL-0086,EVT-0798,774,TRUE,DAY,ALL_EVENTS_V18,,,CURATED_CORPUS,FALSE
CEV-06564,COL-0086,EVT-0799,775,TRUE,DAY,ALL_EVENTS_V18,,,CURATED_CORPUS,FALSE
CEV-06565,COL-0086,EVT-1230,776,TRUE,YEAR,ALL_EVENTS_V18,,,CURATED_CORPUS,FALSE
CEV-06566,COL-0086,EVT-0240,777,TRUE,DAY,ALL_EVENTS_V18,,,CURATED_CORPUS,FALSE
CEV-06567,COL-0086,EVT-0800,778,TRUE,DAY,ALL_EVENTS_V18,,,CURATED_CORPUS,FALSE
CEV-06568,COL-0086,EVT-0490,779,TRUE,RANGE,ALL_EVENTS_V18,,,CURATED_CORPUS,FALSE
CEV-06569,COL-0086,EVT-0849,780,TRUE,DAY,ALL_EVENTS_V18,,,CURATED_CORPUS,FALSE
CEV-06570,COL-0086,EVT-1231,781,TRUE,YEAR,ALL_EVENTS_V18,,,CURATED_CORPUS,FALSE
CEV-06571,COL-0086,EVT-1232,782,TRUE,YEAR,ALL_EVENTS_V18,,,CURATED_CORPUS,FALSE
CEV-06572,COL-0086,EVT-1233,783,TRUE,YEAR,ALL_EVENTS_V18,,,CURATED_CORPUS,FALSE
CEV-06573,COL-0086,EVT-1234,784,TRUE,YEAR,ALL_EVENTS_V18,,,CURATED_CORPUS,FALSE
CEV-06574,COL-0086,EVT-0801,785,TRUE,DAY,ALL_EVENTS_V18,,,CURATED_CORPUS,FALSE
CEV-06575,COL-0086,EVT-0850,786,TRUE,DAY,ALL_EVENTS_V18,,,CURATED_CORPUS,FALSE
CEV-06576,COL-0086,EVT-0366,787,TRUE,DAY,ALL_EVENTS_V18,,,CURATED_CORPUS,FALSE
CEV-06577,COL-0086,EVT-0491,788,TRUE,DAY,ALL_EVENTS_V18,,,CURATED_CORPUS,FALSE
CEV-06578,COL-0086,EVT-1235,789,TRUE,YEAR,ALL_EVENTS_V18,,,CURATED_CORPUS,FALSE
CEV-06579,COL-0086,EVT-0851,790,TRUE,DAY,ALL_EVENTS_V18,,,CURATED_CORPUS,FALSE
CEV-06580,COL-0086,EVT-1236,791,TRUE,DAY,ALL_EVENTS_V18,,,CURATED_CORPUS,FALSE
CEV-06581,COL-0086,EVT-0492,792,TRUE,DAY,ALL_EVENTS_V18,,,CURATED_CORPUS,FALSE
CEV-06582,COL-0086,EVT-1238,793,TRUE,YEAR,ALL_EVENTS_V18,,,CURATED_CORPUS,FALSE
CEV-06583,COL-0086,EVT-0852,794,TRUE,DAY,ALL_EVENTS_V18,,,CURATED_CORPUS,FALSE
CEV-06584,COL-0086,EVT-1237,795,TRUE,DAY,ALL_EVENTS_V18,,,CURATED_CORPUS,FALSE
CEV-06585,COL-0086,EVT-1239,796,TRUE,YEAR,ALL_EVENTS_V18,,,CURATED_CORPUS,FALSE
CEV-06586,COL-0086,EVT-1240,797,TRUE,YEAR,ALL_EVENTS_V18,,,CURATED_CORPUS,FALSE
CEV-06587,COL-0086,EVT-0802,798,TRUE,DAY,ALL_EVENTS_V18,,,CURATED_CORPUS,FALSE
CEV-06588,COL-0086,EVT-0803,799,TRUE,DAY,ALL_EVENTS_V18,,,CURATED_CORPUS,FALSE
CEV-06589,COL-0086,EVT-1241,800,TRUE,YEAR,ALL_EVENTS_V18,,,CURATED_CORPUS,FALSE
CEV-06590,COL-0086,EVT-1242,801,TRUE,YEAR,ALL_EVENTS_V18,,,CURATED_CORPUS,FALSE
CEV-06591,COL-0086,EVT-1243,802,TRUE,YEAR,ALL_EVENTS_V18,,,CURATED_CORPUS,FALSE
CEV-06592,COL-0086,EVT-1244,803,TRUE,YEAR,ALL_EVENTS_V18,,,CURATED_CORPUS,FALSE
CEV-06593,COL-0086,EVT-0493,804,TRUE,DAY,ALL_EVENTS_V18,,,CURATED_CORPUS,FALSE
CEV-06594,COL-0086,EVT-0804,805,TRUE,DAY,ALL_EVENTS_V18,,,CURATED_CORPUS,FALSE
CEV-06595,COL-0086,EVT-0853,806,TRUE,DAY,ALL_EVENTS_V18,,,CURATED_CORPUS,FALSE
CEV-06596,COL-0086,EVT-1245,807,TRUE,YEAR,ALL_EVENTS_V18,,,CURATED_CORPUS,FALSE
CEV-06597,COL-0086,EVT-1246,808,TRUE,YEAR,ALL_EVENTS_V18,,,CURATED_CORPUS,FALSE
CEV-06598,COL-0086,EVT-1247,809,TRUE,YEAR,ALL_EVENTS_V18,,,CURATED_CORPUS,FALSE
CEV-06599,COL-0086,EVT-0854,810,TRUE,DAY,ALL_EVENTS_V18,,,CURATED_CORPUS,FALSE
CEV-06600,COL-0086,EVT-0494,811,TRUE,DAY,ALL_EVENTS_V18,,,CURATED_CORPUS,FALSE
CEV-06601,COL-0086,EVT-0495,812,TRUE,DAY,ALL_EVENTS_V18,,,CURATED_CORPUS,FALSE
CEV-06602,COL-0086,EVT-1248,813,TRUE,YEAR,ALL_EVENTS_V18,,,CURATED_CORPUS,FALSE
CEV-06603,COL-0086,EVT-1249,814,TRUE,YEAR,ALL_EVENTS_V18,,,CURATED_CORPUS,FALSE
CEV-06604,COL-0086,EVT-0805,815,TRUE,DAY,ALL_EVENTS_V18,,,CURATED_CORPUS,FALSE
CEV-06605,COL-0086,EVT-0496,816,TRUE,RANGE,ALL_EVENTS_V18,,,CURATED_CORPUS,FALSE
CEV-06606,COL-0086,EVT-0806,817,TRUE,DAY,ALL_EVENTS_V18,,,CURATED_CORPUS,FALSE
CEV-06607,COL-0086,EVT-0011,818,TRUE,YEAR,ALL_EVENTS_V18,,,CURATED_CORPUS,FALSE
CEV-06608,COL-0086,EVT-1250,819,TRUE,YEAR,ALL_EVENTS_V18,,,CURATED_CORPUS,FALSE
CEV-06609,COL-0086,EVT-1251,820,TRUE,YEAR,ALL_EVENTS_V18,,,CURATED_CORPUS,FALSE
CEV-06610,COL-0086,EVT-1252,821,TRUE,YEAR,ALL_EVENTS_V18,,,CURATED_CORPUS,FALSE
CEV-06611,COL-0086,EVT-0855,822,TRUE,DAY,ALL_EVENTS_V18,,,CURATED_CORPUS,FALSE
CEV-06612,COL-0086,EVT-0807,823,TRUE,DAY,ALL_EVENTS_V18,,,CURATED_CORPUS,FALSE
CEV-06613,COL-0086,EVT-1253,824,TRUE,YEAR,ALL_EVENTS_V18,,,CURATED_CORPUS,FALSE
CEV-06614,COL-0086,EVT-1254,825,TRUE,YEAR,ALL_EVENTS_V18,,,CURATED_CORPUS,FALSE
CEV-06615,COL-0086,EVT-1255,826,TRUE,YEAR,ALL_EVENTS_V18,,,CURATED_CORPUS,FALSE
CEV-06616,COL-0086,EVT-1256,827,TRUE,YEAR,ALL_EVENTS_V18,,,CURATED_CORPUS,FALSE
CEV-06617,COL-0086,EVT-1257,828,TRUE,YEAR,ALL_EVENTS_V18,,,CURATED_CORPUS,FALSE
CEV-06618,COL-0086,EVT-0856,829,TRUE,DAY,ALL_EVENTS_V18,,,CURATED_CORPUS,FALSE
CEV-06619,COL-0086,EVT-0857,830,TRUE,DAY,ALL_EVENTS_V18,,,CURATED_CORPUS,FALSE
CEV-06620,COL-0086,EVT-0355,831,TRUE,RANGE,ALL_EVENTS_V18,,,CURATED_CORPUS,FALSE
CEV-06621,COL-0086,EVT-1258,832,TRUE,YEAR,ALL_EVENTS_V18,,,CURATED_CORPUS,FALSE
CEV-06622,COL-0086,EVT-0497,833,TRUE,DAY,ALL_EVENTS_V18,,,CURATED_CORPUS,FALSE
CEV-06623,COL-0086,EVT-0498,834,TRUE,DAY,ALL_EVENTS_V18,,,CURATED_CORPUS,FALSE
CEV-06624,COL-0086,EVT-0243,835,TRUE,MONTH,ALL_EVENTS_V18,,,CURATED_CORPUS,FALSE
CEV-06625,COL-0086,EVT-0241,836,TRUE,DAY,ALL_EVENTS_V18,,,CURATED_CORPUS,FALSE
CEV-06626,COL-0086,EVT-0499,837,TRUE,DAY,ALL_EVENTS_V18,,,CURATED_CORPUS,FALSE
CEV-06627,COL-0086,EVT-0858,838,TRUE,DAY,ALL_EVENTS_V18,,,CURATED_CORPUS,FALSE
CEV-06628,COL-0086,EVT-1259,839,TRUE,YEAR,ALL_EVENTS_V18,,,CURATED_CORPUS,FALSE
CEV-06629,COL-0086,EVT-1260,840,TRUE,YEAR,ALL_EVENTS_V18,,,CURATED_CORPUS,FALSE
CEV-06630,COL-0086,EVT-1261,841,TRUE,YEAR,ALL_EVENTS_V18,,,CURATED_CORPUS,FALSE
CEV-06631,COL-0086,EVT-1262,842,TRUE,YEAR,ALL_EVENTS_V18,,,CURATED_CORPUS,FALSE
CEV-06632,COL-0086,EVT-0500,843,TRUE,RANGE,ALL_EVENTS_V18,,,CURATED_CORPUS,FALSE
CEV-06633,COL-0086,EVT-0859,844,TRUE,DAY,ALL_EVENTS_V18,,,CURATED_CORPUS,FALSE
CEV-06634,COL-0086,EVT-1263,845,TRUE,YEAR,ALL_EVENTS_V18,,,CURATED_CORPUS,FALSE
CEV-06635,COL-0086,EVT-1264,846,TRUE,YEAR,ALL_EVENTS_V18,,,CURATED_CORPUS,FALSE
CEV-06636,COL-0086,EVT-1265,847,TRUE,YEAR,ALL_EVENTS_V18,,,CURATED_CORPUS,FALSE
CEV-06637,COL-0086,EVT-0860,848,TRUE,DAY,ALL_EVENTS_V18,,,CURATED_CORPUS,FALSE
CEV-06638,COL-0086,EVT-0501,849,TRUE,DAY,ALL_EVENTS_V18,,,CURATED_CORPUS,FALSE
CEV-06639,COL-0086,EVT-0808,850,TRUE,DAY,ALL_EVENTS_V18,,,CURATED_CORPUS,FALSE
CEV-06640,COL-0086,EVT-0356,851,TRUE,RANGE,ALL_EVENTS_V18,,,CURATED_CORPUS,FALSE
CEV-06641,COL-0086,EVT-1266,852,TRUE,YEAR,ALL_EVENTS_V18,,,CURATED_CORPUS,FALSE
CEV-06642,COL-0086,EVT-1267,853,TRUE,YEAR,ALL_EVENTS_V18,,,CURATED_CORPUS,FALSE
CEV-06643,COL-0086,EVT-1268,854,TRUE,YEAR,ALL_EVENTS_V18,,,CURATED_CORPUS,FALSE
CEV-06644,COL-0086,EVT-1269,855,TRUE,YEAR,ALL_EVENTS_V18,,,CURATED_CORPUS,FALSE
CEV-06645,COL-0086,EVT-0093,856,TRUE,DAY,ALL_EVENTS_V18,,,CURATED_CORPUS,FALSE
CEV-06646,COL-0086,EVT-0094,857,TRUE,RANGE,ALL_EVENTS_V18,,,CURATED_CORPUS,FALSE
CEV-06647,COL-0086,EVT-0095,858,TRUE,DAY,ALL_EVENTS_V18,,,CURATED_CORPUS,FALSE
CEV-06648,COL-0086,EVT-0096,859,TRUE,DAY,ALL_EVENTS_V18,,,CURATED_CORPUS,FALSE
CEV-06649,COL-0086,EVT-0502,860,TRUE,RANGE,ALL_EVENTS_V18,,,CURATED_CORPUS,FALSE
CEV-06650,COL-0086,EVT-1036,861,TRUE,DAY,ALL_EVENTS_V18,,,CURATED_CORPUS,FALSE
CEV-06651,COL-0086,EVT-1037,862,TRUE,DAY,ALL_EVENTS_V18,,,CURATED_CORPUS,FALSE
CEV-06652,COL-0086,EVT-1270,863,TRUE,YEAR,ALL_EVENTS_V18,,,CURATED_CORPUS,FALSE
CEV-06653,COL-0086,EVT-1272,864,TRUE,YEAR,ALL_EVENTS_V18,,,CURATED_CORPUS,FALSE
CEV-06654,COL-0086,EVT-0503,865,TRUE,DAY,ALL_EVENTS_V18,,,CURATED_CORPUS,FALSE
CEV-06655,COL-0086,EVT-1038,866,TRUE,DAY,ALL_EVENTS_V18,,,CURATED_CORPUS,FALSE
CEV-06656,COL-0086,EVT-1271,867,TRUE,DAY,ALL_EVENTS_V18,,,CURATED_CORPUS,FALSE
CEV-06657,COL-0086,EVT-0809,868,TRUE,DAY,ALL_EVENTS_V18,,,CURATED_CORPUS,FALSE
CEV-06658,COL-0086,EVT-1273,869,TRUE,YEAR,ALL_EVENTS_V18,,,CURATED_CORPUS,FALSE
CEV-06659,COL-0086,EVT-1274,870,TRUE,YEAR,ALL_EVENTS_V18,,,CURATED_CORPUS,FALSE
CEV-06660,COL-0086,EVT-1275,871,TRUE,YEAR,ALL_EVENTS_V18,,,CURATED_CORPUS,FALSE
CEV-06661,COL-0086,EVT-0810,872,TRUE,DAY,ALL_EVENTS_V18,,,CURATED_CORPUS,FALSE
CEV-06662,COL-0086,EVT-0504,873,TRUE,DAY,ALL_EVENTS_V18,,,CURATED_CORPUS,FALSE
CEV-06663,COL-0086,EVT-0244,874,TRUE,RANGE,ALL_EVENTS_V18,,,CURATED_CORPUS,FALSE
CEV-06664,COL-0086,EVT-1276,875,TRUE,YEAR,ALL_EVENTS_V18,,,CURATED_CORPUS,FALSE
CEV-06665,COL-0086,EVT-1277,876,TRUE,YEAR,ALL_EVENTS_V18,,,CURATED_CORPUS,FALSE
CEV-06666,COL-0086,EVT-1278,877,TRUE,YEAR,ALL_EVENTS_V18,,,CURATED_CORPUS,FALSE
CEV-06667,COL-0086,EVT-0811,878,TRUE,DAY,ALL_EVENTS_V18,,,CURATED_CORPUS,FALSE
CEV-06668,COL-0086,EVT-0505,879,TRUE,DAY,ALL_EVENTS_V18,,,CURATED_CORPUS,FALSE
CEV-06669,COL-0086,EVT-0013,880,TRUE,RANGE,ALL_EVENTS_V18,,,CURATED_CORPUS,FALSE
CEV-06670,COL-0086,EVT-0097,881,TRUE,DAY,ALL_EVENTS_V18,,,CURATED_CORPUS,FALSE
CEV-06671,COL-0086,EVT-0098,882,TRUE,DAY,ALL_EVENTS_V18,,,CURATED_CORPUS,FALSE
CEV-06672,COL-0086,EVT-1279,883,TRUE,YEAR,ALL_EVENTS_V18,,,CURATED_CORPUS,FALSE
CEV-06673,COL-0086,EVT-1280,884,TRUE,YEAR,ALL_EVENTS_V18,,,CURATED_CORPUS,FALSE
CEV-06674,COL-0086,EVT-1039,885,TRUE,DAY,ALL_EVENTS_V18,,,CURATED_CORPUS,FALSE
CEV-06675,COL-0086,EVT-0506,886,TRUE,DAY,ALL_EVENTS_V18,,,CURATED_CORPUS,FALSE
CEV-06676,COL-0086,EVT-0812,887,TRUE,DAY,ALL_EVENTS_V18,,,CURATED_CORPUS,FALSE
CEV-06677,COL-0086,EVT-0507,888,TRUE,RANGE,ALL_EVENTS_V18,,,CURATED_CORPUS,FALSE
CEV-06678,COL-0086,EVT-0508,889,TRUE,DAY,ALL_EVENTS_V18,,,CURATED_CORPUS,FALSE
CEV-06679,COL-0086,EVT-0103,890,TRUE,DAY,ALL_EVENTS_V18,,,CURATED_CORPUS,FALSE
CEV-06680,COL-0086,EVT-0246,891,TRUE,DAY,ALL_EVENTS_V18,,,CURATED_CORPUS,FALSE
CEV-06681,COL-0086,EVT-0014,892,TRUE,DAY,ALL_EVENTS_V18,,,CURATED_CORPUS,FALSE
CEV-06682,COL-0086,EVT-0105,893,TRUE,DAY,ALL_EVENTS_V18,,,CURATED_CORPUS,FALSE
CEV-06683,COL-0086,EVT-0248,894,TRUE,DAY,ALL_EVENTS_V18,,,CURATED_CORPUS,FALSE
CEV-06684,COL-0086,EVT-0249,895,TRUE,DAY,ALL_EVENTS_V18,,,CURATED_CORPUS,FALSE
CEV-06685,COL-0086,EVT-0106,896,TRUE,DAY,ALL_EVENTS_V18,,,CURATED_CORPUS,FALSE
CEV-06686,COL-0086,EVT-0509,897,TRUE,RANGE,ALL_EVENTS_V18,,,CURATED_CORPUS,FALSE
CEV-06687,COL-0086,EVT-0107,898,TRUE,DAY,ALL_EVENTS_V18,,,CURATED_CORPUS,FALSE
CEV-06688,COL-0086,EVT-0813,899,TRUE,DAY,ALL_EVENTS_V18,,,CURATED_CORPUS,FALSE
CEV-06689,COL-0086,EVT-0099,900,TRUE,DAY,ALL_EVENTS_V18,,,CURATED_CORPUS,FALSE
CEV-06690,COL-0086,EVT-0510,901,TRUE,DAY,ALL_EVENTS_V18,,,CURATED_CORPUS,FALSE
CEV-06691,COL-0086,EVT-1281,902,TRUE,YEAR,ALL_EVENTS_V18,,,CURATED_CORPUS,FALSE
CEV-06692,COL-0086,EVT-0511,903,TRUE,DAY,ALL_EVENTS_V18,,,CURATED_CORPUS,FALSE
CEV-06693,COL-0086,EVT-0512,904,TRUE,RANGE,ALL_EVENTS_V18,,,CURATED_CORPUS,FALSE
CEV-06694,COL-0086,EVT-0015,905,TRUE,RANGE,ALL_EVENTS_V18,,,CURATED_CORPUS,FALSE
CEV-06695,COL-0086,EVT-0814,906,TRUE,DAY,ALL_EVENTS_V18,,,CURATED_CORPUS,FALSE
CEV-06696,COL-0086,EVT-0513,907,TRUE,RANGE,ALL_EVENTS_V18,,,CURATED_CORPUS,FALSE
CEV-06697,COL-0086,EVT-0514,908,TRUE,RANGE,ALL_EVENTS_V18,,,CURATED_CORPUS,FALSE
CEV-06698,COL-0086,EVT-0815,909,TRUE,DAY,ALL_EVENTS_V18,,,CURATED_CORPUS,FALSE
CEV-06699,COL-0086,EVT-1282,910,TRUE,YEAR,ALL_EVENTS_V18,,,CURATED_CORPUS,FALSE
CEV-06700,COL-0086,EVT-0816,911,TRUE,DAY,ALL_EVENTS_V18,,,CURATED_CORPUS,FALSE
CEV-06701,COL-0086,EVT-0016,912,TRUE,DAY,ALL_EVENTS_V18,,,CURATED_CORPUS,FALSE
CEV-06702,COL-0086,EVT-0515,913,TRUE,DAY,ALL_EVENTS_V18,,,CURATED_CORPUS,FALSE
CEV-06703,COL-0086,EVT-0817,914,TRUE,DAY,ALL_EVENTS_V18,,,CURATED_CORPUS,FALSE
CEV-06704,COL-0086,EVT-0516,915,TRUE,DAY,ALL_EVENTS_V18,,,CURATED_CORPUS,FALSE
CEV-06705,COL-0086,EVT-0517,916,TRUE,RANGE,ALL_EVENTS_V18,,,CURATED_CORPUS,FALSE
CEV-06706,COL-0086,EVT-1283,917,TRUE,YEAR,ALL_EVENTS_V18,,,CURATED_CORPUS,FALSE
CEV-06707,COL-0086,EVT-1284,918,TRUE,YEAR,ALL_EVENTS_V18,,,CURATED_CORPUS,FALSE
CEV-06708,COL-0086,EVT-1285,919,TRUE,YEAR,ALL_EVENTS_V18,,,CURATED_CORPUS,FALSE
CEV-06709,COL-0086,EVT-1040,920,TRUE,DAY,ALL_EVENTS_V18,,,CURATED_CORPUS,FALSE
CEV-06710,COL-0086,EVT-0109,921,TRUE,DAY,ALL_EVENTS_V18,,,CURATED_CORPUS,FALSE
CEV-06711,COL-0086,EVT-0006,922,TRUE,DAY,ALL_EVENTS_V18,,,CURATED_CORPUS,FALSE
CEV-06712,COL-0086,EVT-0360,923,TRUE,DAY,ALL_EVENTS_V18,,,CURATED_CORPUS,FALSE
CEV-06713,COL-0086,EVT-0017,924,TRUE,DAY,ALL_EVENTS_V18,,,CURATED_CORPUS,FALSE
CEV-06714,COL-0086,EVT-0818,925,TRUE,DAY,ALL_EVENTS_V18,,,CURATED_CORPUS,FALSE
CEV-06715,COL-0086,EVT-0819,926,TRUE,DAY,ALL_EVENTS_V18,,,CURATED_CORPUS,FALSE
CEV-06716,COL-0086,EVT-0284,927,TRUE,DAY,ALL_EVENTS_V18,,,CURATED_CORPUS,FALSE
CEV-06717,COL-0086,EVT-0100,928,TRUE,DAY,ALL_EVENTS_V18,,,CURATED_CORPUS,FALSE
CEV-06718,COL-0086,EVT-1286,929,TRUE,YEAR,ALL_EVENTS_V18,,,CURATED_CORPUS,FALSE
CEV-06719,COL-0086,EVT-0518,930,TRUE,DAY,ALL_EVENTS_V18,,,CURATED_CORPUS,FALSE
CEV-06720,COL-0086,EVT-0519,931,TRUE,RANGE,ALL_EVENTS_V18,,,CURATED_CORPUS,FALSE
CEV-06721,COL-0086,EVT-0820,932,TRUE,DAY,ALL_EVENTS_V18,,,CURATED_CORPUS,FALSE
CEV-06722,COL-0086,EVT-0007,933,TRUE,DAY,ALL_EVENTS_V18,,,CURATED_CORPUS,FALSE
CEV-06723,COL-0086,EVT-0101,934,TRUE,DAY,ALL_EVENTS_V18,,,CURATED_CORPUS,FALSE
CEV-06724,COL-0086,EVT-0357,935,TRUE,DAY,ALL_EVENTS_V18,,,CURATED_CORPUS,FALSE
CEV-06725,COL-0086,EVT-0821,936,TRUE,DAY,ALL_EVENTS_V18,,,CURATED_CORPUS,FALSE
CEV-06726,COL-0086,EVT-0520,937,TRUE,DAY,ALL_EVENTS_V18,,,CURATED_CORPUS,FALSE
CEV-06727,COL-0086,EVT-0521,938,TRUE,DAY,ALL_EVENTS_V18,,,CURATED_CORPUS,FALSE
CEV-06728,COL-0086,EVT-0822,939,TRUE,DAY,ALL_EVENTS_V18,,,CURATED_CORPUS,FALSE
CEV-06729,COL-0086,EVT-0102,940,TRUE,DAY,ALL_EVENTS_V18,,,CURATED_CORPUS,FALSE
CEV-06730,COL-0086,EVT-0823,941,TRUE,DAY,ALL_EVENTS_V18,,,CURATED_CORPUS,FALSE
CEV-06731,COL-0086,EVT-0128,942,TRUE,RANGE,ALL_EVENTS_V18,,,CURATED_CORPUS,FALSE
CEV-06732,COL-0086,EVT-0008,943,TRUE,DAY,ALL_EVENTS_V18,,,CURATED_CORPUS,FALSE
CEV-06733,COL-0086,EVT-0358,944,TRUE,DAY,ALL_EVENTS_V18,,,CURATED_CORPUS,FALSE
CEV-06734,COL-0086,EVT-0307,945,TRUE,DAY,ALL_EVENTS_V18,,,CURATED_CORPUS,FALSE
CEV-06735,COL-0086,EVT-1287,946,TRUE,YEAR,ALL_EVENTS_V18,,,CURATED_CORPUS,FALSE
CEV-06736,COL-0086,EVT-1288,947,TRUE,YEAR,ALL_EVENTS_V18,,,CURATED_CORPUS,FALSE
CEV-06737,COL-0086,EVT-1289,948,TRUE,YEAR,ALL_EVENTS_V18,,,CURATED_CORPUS,FALSE
CEV-06738,COL-0086,EVT-0946,949,TRUE,DAY,ALL_EVENTS_V18,,,CURATED_CORPUS,FALSE
CEV-06739,COL-0086,EVT-0861,950,TRUE,DAY,ALL_EVENTS_V18,,,CURATED_CORPUS,FALSE
CEV-06740,COL-0086,EVT-0947,951,TRUE,DAY,ALL_EVENTS_V18,,,CURATED_CORPUS,FALSE
CEV-06741,COL-0086,EVT-0308,952,TRUE,DAY,ALL_EVENTS_V18,,,CURATED_CORPUS,FALSE
CEV-06742,COL-0086,EVT-0250,953,TRUE,DAY,ALL_EVENTS_V18,,,CURATED_CORPUS,FALSE
CEV-06743,COL-0086,EVT-1290,954,TRUE,YEAR,ALL_EVENTS_V18,,,CURATED_CORPUS,FALSE
CEV-06744,COL-0086,EVT-1291,955,TRUE,YEAR,ALL_EVENTS_V18,,,CURATED_CORPUS,FALSE
CEV-06745,COL-0086,EVT-1292,956,TRUE,YEAR,ALL_EVENTS_V18,,,CURATED_CORPUS,FALSE
CEV-06746,COL-0086,EVT-0110,957,TRUE,DAY,ALL_EVENTS_V18,,,CURATED_CORPUS,FALSE
CEV-06747,COL-0086,EVT-0359,958,TRUE,RANGE,ALL_EVENTS_V18,,,CURATED_CORPUS,FALSE
CEV-06748,COL-0086,EVT-0523,959,TRUE,DAY,ALL_EVENTS_V18,,,CURATED_CORPUS,FALSE
CEV-06749,COL-0086,EVT-0862,960,TRUE,DAY,ALL_EVENTS_V18,,,CURATED_CORPUS,FALSE
CEV-06750,COL-0086,EVT-0522,961,TRUE,DAY,ALL_EVENTS_V18,,,CURATED_CORPUS,FALSE
CEV-06751,COL-0086,EVT-0948,962,TRUE,DAY,ALL_EVENTS_V18,,,CURATED_CORPUS,FALSE
CEV-06752,COL-0086,EVT-1293,963,TRUE,YEAR,ALL_EVENTS_V18,,,CURATED_CORPUS,FALSE
CEV-06753,COL-0086,EVT-1294,964,TRUE,YEAR,ALL_EVENTS_V18,,,CURATED_CORPUS,FALSE
CEV-06754,COL-0086,EVT-1295,965,TRUE,YEAR,ALL_EVENTS_V18,,,CURATED_CORPUS,FALSE
CEV-06755,COL-0086,EVT-1296,966,TRUE,YEAR,ALL_EVENTS_V18,,,CURATED_CORPUS,FALSE
CEV-06756,COL-0086,EVT-1297,967,TRUE,YEAR,ALL_EVENTS_V18,,,CURATED_CORPUS,FALSE
CEV-06757,COL-0086,EVT-1298,968,TRUE,YEAR,ALL_EVENTS_V18,,,CURATED_CORPUS,FALSE
CEV-06758,COL-0086,EVT-1299,969,TRUE,YEAR,ALL_EVENTS_V18,,,CURATED_CORPUS,FALSE
CEV-06759,COL-0086,EVT-0863,970,TRUE,DAY,ALL_EVENTS_V18,,,CURATED_CORPUS,FALSE
CEV-06760,COL-0086,EVT-0298,971,TRUE,DAY,ALL_EVENTS_V18,,,CURATED_CORPUS,FALSE
CEV-06761,COL-0086,EVT-0864,972,TRUE,DAY,ALL_EVENTS_V18,,,CURATED_CORPUS,FALSE
CEV-06762,COL-0086,EVT-0111,973,TRUE,DAY,ALL_EVENTS_V18,,,CURATED_CORPUS,FALSE
CEV-06763,COL-0086,EVT-0865,974,TRUE,DAY,ALL_EVENTS_V18,,,CURATED_CORPUS,FALSE
CEV-06764,COL-0086,EVT-1300,975,TRUE,YEAR,ALL_EVENTS_V18,,,CURATED_CORPUS,FALSE
CEV-06765,COL-0086,EVT-0524,976,TRUE,DAY,ALL_EVENTS_V18,,,CURATED_CORPUS,FALSE
CEV-06766,COL-0086,EVT-0949,977,TRUE,DAY,ALL_EVENTS_V18,,,CURATED_CORPUS,FALSE
CEV-06767,COL-0086,EVT-0112,978,TRUE,DAY,ALL_EVENTS_V18,,,CURATED_CORPUS,FALSE
CEV-06768,COL-0086,EVT-0866,979,TRUE,DAY,ALL_EVENTS_V18,,,CURATED_CORPUS,FALSE
CEV-06769,COL-0086,EVT-0525,980,TRUE,DAY,ALL_EVENTS_V18,,,CURATED_CORPUS,FALSE
CEV-06770,COL-0086,EVT-1301,981,TRUE,YEAR,ALL_EVENTS_V18,,,CURATED_CORPUS,FALSE
CEV-06771,COL-0086,EVT-1302,982,TRUE,YEAR,ALL_EVENTS_V18,,,CURATED_CORPUS,FALSE
CEV-06772,COL-0086,EVT-1303,983,TRUE,YEAR,ALL_EVENTS_V18,,,CURATED_CORPUS,FALSE
CEV-06773,COL-0086,EVT-1304,984,TRUE,YEAR,ALL_EVENTS_V18,,,CURATED_CORPUS,FALSE
CEV-06774,COL-0086,EVT-1305,985,TRUE,YEAR,ALL_EVENTS_V18,,,CURATED_CORPUS,FALSE
CEV-06775,COL-0086,EVT-1306,986,TRUE,YEAR,ALL_EVENTS_V18,,,CURATED_CORPUS,FALSE
CEV-06776,COL-0086,EVT-1307,987,TRUE,YEAR,ALL_EVENTS_V18,,,CURATED_CORPUS,FALSE
CEV-06777,COL-0086,EVT-0018,988,TRUE,DAY,ALL_EVENTS_V18,,,CURATED_CORPUS,FALSE
CEV-06778,COL-0086,EVT-0275,989,TRUE,DAY,ALL_EVENTS_V18,,,CURATED_CORPUS,FALSE
CEV-06779,COL-0086,EVT-0867,990,TRUE,DAY,ALL_EVENTS_V18,,,CURATED_CORPUS,FALSE
CEV-06780,COL-0086,EVT-1308,991,TRUE,YEAR,ALL_EVENTS_V18,,,CURATED_CORPUS,FALSE
CEV-06781,COL-0086,EVT-1309,992,TRUE,YEAR,ALL_EVENTS_V18,,,CURATED_CORPUS,FALSE
CEV-06782,COL-0086,EVT-1310,993,TRUE,YEAR,ALL_EVENTS_V18,,,CURATED_CORPUS,FALSE
CEV-06783,COL-0086,EVT-1311,994,TRUE,YEAR,ALL_EVENTS_V18,,,CURATED_CORPUS,FALSE
CEV-06784,COL-0086,EVT-1312,995,TRUE,YEAR,ALL_EVENTS_V18,,,CURATED_CORPUS,FALSE
CEV-06785,COL-0086,EVT-0116,996,TRUE,DAY,ALL_EVENTS_V18,,,CURATED_CORPUS,FALSE
CEV-06786,COL-0086,EVT-0868,997,TRUE,DAY,ALL_EVENTS_V18,,,CURATED_CORPUS,FALSE
CEV-06787,COL-0086,EVT-0950,998,TRUE,DAY,ALL_EVENTS_V18,,,CURATED_CORPUS,FALSE
CEV-06788,COL-0086,EVT-1313,999,TRUE,YEAR,ALL_EVENTS_V18,,,CURATED_CORPUS,FALSE
CEV-06789,COL-0086,EVT-1314,1000,TRUE,YEAR,ALL_EVENTS_V18,,,CURATED_CORPUS,FALSE
CEV-06790,COL-0086,EVT-1315,1001,TRUE,YEAR,ALL_EVENTS_V18,,,CURATED_CORPUS,FALSE
CEV-06791,COL-0086,EVT-1316,1002,TRUE,YEAR,ALL_EVENTS_V18,,,CURATED_CORPUS,FALSE
CEV-06792,COL-0086,EVT-1317,1003,TRUE,YEAR,ALL_EVENTS_V18,,,CURATED_CORPUS,FALSE
CEV-06793,COL-0086,EVT-1318,1004,TRUE,YEAR,ALL_EVENTS_V18,,,CURATED_CORPUS,FALSE
CEV-06794,COL-0086,EVT-1319,1005,TRUE,YEAR,ALL_EVENTS_V18,,,CURATED_CORPUS,FALSE
CEV-06795,COL-0086,EVT-1320,1006,TRUE,YEAR,ALL_EVENTS_V18,,,CURATED_CORPUS,FALSE
CEV-06796,COL-0086,EVT-0951,1007,TRUE,DAY,ALL_EVENTS_V18,,,CURATED_CORPUS,FALSE
CEV-06797,COL-0086,EVT-0117,1008,TRUE,DAY,ALL_EVENTS_V18,,,CURATED_CORPUS,FALSE
CEV-06798,COL-0086,EVT-0869,1009,TRUE,DAY,ALL_EVENTS_V18,,,CURATED_CORPUS,FALSE
CEV-06799,COL-0086,EVT-1321,1010,TRUE,YEAR,ALL_EVENTS_V18,,,CURATED_CORPUS,FALSE
CEV-06800,COL-0086,EVT-1322,1011,TRUE,YEAR,ALL_EVENTS_V18,,,CURATED_CORPUS,FALSE
CEV-06801,COL-0086,EVT-1323,1012,TRUE,YEAR,ALL_EVENTS_V18,,,CURATED_CORPUS,FALSE
CEV-06802,COL-0086,EVT-1324,1013,TRUE,YEAR,ALL_EVENTS_V18,,,CURATED_CORPUS,FALSE
CEV-06803,COL-0086,EVT-1325,1014,TRUE,YEAR,ALL_EVENTS_V18,,,CURATED_CORPUS,FALSE
CEV-06804,COL-0086,EVT-1326,1015,TRUE,YEAR,ALL_EVENTS_V18,,,CURATED_CORPUS,FALSE
CEV-06805,COL-0086,EVT-0870,1016,TRUE,DAY,ALL_EVENTS_V18,,,CURATED_CORPUS,FALSE
CEV-06806,COL-0086,EVT-0871,1017,TRUE,DAY,ALL_EVENTS_V18,,,CURATED_CORPUS,FALSE
CEV-06807,COL-0086,EVT-0872,1018,TRUE,DAY,ALL_EVENTS_V18,,,CURATED_CORPUS,FALSE
CEV-06808,COL-0086,EVT-0276,1019,TRUE,DAY,ALL_EVENTS_V18,,,CURATED_CORPUS,FALSE
CEV-06809,COL-0086,EVT-0873,1020,TRUE,DAY,ALL_EVENTS_V18,,,CURATED_CORPUS,FALSE
CEV-06810,COL-0086,EVT-1327,1021,TRUE,YEAR,ALL_EVENTS_V18,,,CURATED_CORPUS,FALSE
CEV-06811,COL-0086,EVT-1328,1022,TRUE,YEAR,ALL_EVENTS_V18,,,CURATED_CORPUS,FALSE
CEV-06812,COL-0086,EVT-1329,1023,TRUE,YEAR,ALL_EVENTS_V18,,,CURATED_CORPUS,FALSE
CEV-06813,COL-0086,EVT-1330,1024,TRUE,YEAR,ALL_EVENTS_V18,,,CURATED_CORPUS,FALSE
CEV-06814,COL-0086,EVT-1331,1025,TRUE,YEAR,ALL_EVENTS_V18,,,CURATED_CORPUS,FALSE
CEV-06815,COL-0086,EVT-1332,1026,TRUE,YEAR,ALL_EVENTS_V18,,,CURATED_CORPUS,FALSE
CEV-06816,COL-0086,EVT-0251,1027,TRUE,RANGE,ALL_EVENTS_V18,,,CURATED_CORPUS,FALSE
CEV-06817,COL-0086,EVT-0952,1028,TRUE,DAY,ALL_EVENTS_V18,,,CURATED_CORPUS,FALSE
CEV-06818,COL-0086,EVT-0252,1029,TRUE,DAY,ALL_EVENTS_V18,,,CURATED_CORPUS,FALSE
CEV-06819,COL-0086,EVT-0874,1030,TRUE,DAY,ALL_EVENTS_V18,,,CURATED_CORPUS,FALSE
CEV-06820,COL-0086,EVT-0253,1031,TRUE,DAY,ALL_EVENTS_V18,,,CURATED_CORPUS,FALSE
CEV-06821,COL-0086,EVT-0254,1032,TRUE,DAY,ALL_EVENTS_V18,,,CURATED_CORPUS,FALSE
CEV-06822,COL-0086,EVT-0255,1033,TRUE,DAY,ALL_EVENTS_V18,,,CURATED_CORPUS,FALSE
CEV-06823,COL-0086,EVT-0530,1034,TRUE,DAY,ALL_EVENTS_V18,,,CURATED_CORPUS,FALSE
CEV-06824,COL-0086,EVT-1333,1035,TRUE,YEAR,ALL_EVENTS_V18,,,CURATED_CORPUS,FALSE
CEV-06825,COL-0086,EVT-1334,1036,TRUE,YEAR,ALL_EVENTS_V18,,,CURATED_CORPUS,FALSE
CEV-06826,COL-0086,EVT-1335,1037,TRUE,YEAR,ALL_EVENTS_V18,,,CURATED_CORPUS,FALSE
CEV-06827,COL-0086,EVT-1336,1038,TRUE,YEAR,ALL_EVENTS_V18,,,CURATED_CORPUS,FALSE
CEV-06828,COL-0086,EVT-1337,1039,TRUE,YEAR,ALL_EVENTS_V18,,,CURATED_CORPUS,FALSE
CEV-06829,COL-0086,EVT-0526,1040,TRUE,RANGE,ALL_EVENTS_V18,,,CURATED_CORPUS,FALSE
CEV-06830,COL-0086,EVT-0527,1041,TRUE,DAY,ALL_EVENTS_V18,,,CURATED_CORPUS,FALSE
CEV-06831,COL-0086,EVT-1338,1042,TRUE,DAY,ALL_EVENTS_V18,,,CURATED_CORPUS,FALSE
CEV-06832,COL-0086,EVT-0875,1043,TRUE,DAY,ALL_EVENTS_V18,,,CURATED_CORPUS,FALSE
CEV-06833,COL-0086,EVT-1339,1044,TRUE,YEAR,ALL_EVENTS_V18,,,CURATED_CORPUS,FALSE
CEV-06834,COL-0086,EVT-1340,1045,TRUE,YEAR,ALL_EVENTS_V18,,,CURATED_CORPUS,FALSE
CEV-06835,COL-0086,EVT-1341,1046,TRUE,YEAR,ALL_EVENTS_V18,,,CURATED_CORPUS,FALSE
CEV-06836,COL-0086,EVT-1342,1047,TRUE,YEAR,ALL_EVENTS_V18,,,CURATED_CORPUS,FALSE
CEV-06837,COL-0086,EVT-1343,1048,TRUE,YEAR,ALL_EVENTS_V18,,,CURATED_CORPUS,FALSE
CEV-06838,COL-0086,EVT-1344,1049,TRUE,YEAR,ALL_EVENTS_V18,,,CURATED_CORPUS,FALSE
CEV-06839,COL-0086,EVT-1345,1050,TRUE,YEAR,ALL_EVENTS_V18,,,CURATED_CORPUS,FALSE
CEV-06840,COL-0086,EVT-1346,1051,TRUE,YEAR,ALL_EVENTS_V18,,,CURATED_CORPUS,FALSE
CEV-06841,COL-0086,EVT-1347,1052,TRUE,YEAR,ALL_EVENTS_V18,,,CURATED_CORPUS,FALSE
CEV-06842,COL-0086,EVT-1348,1053,TRUE,YEAR,ALL_EVENTS_V18,,,CURATED_CORPUS,FALSE
CEV-06843,COL-0086,EVT-1349,1054,TRUE,YEAR,ALL_EVENTS_V18,,,CURATED_CORPUS,FALSE
CEV-06844,COL-0086,EVT-0876,1055,TRUE,DAY,ALL_EVENTS_V18,,,CURATED_CORPUS,FALSE
CEV-06845,COL-0086,EVT-0877,1056,TRUE,DAY,ALL_EVENTS_V18,,,CURATED_CORPUS,FALSE
CEV-06846,COL-0086,EVT-0528,1057,TRUE,RANGE,ALL_EVENTS_V18,,,CURATED_CORPUS,FALSE
CEV-06847,COL-0086,EVT-1350,1058,TRUE,YEAR,ALL_EVENTS_V18,,,CURATED_CORPUS,FALSE
CEV-06848,COL-0086,EVT-1351,1059,TRUE,YEAR,ALL_EVENTS_V18,,,CURATED_CORPUS,FALSE
CEV-06849,COL-0086,EVT-1352,1060,TRUE,YEAR,ALL_EVENTS_V18,,,CURATED_CORPUS,FALSE
CEV-06850,COL-0086,EVT-0285,1061,TRUE,DAY,ALL_EVENTS_V18,,,CURATED_CORPUS,FALSE
CEV-06851,COL-0086,EVT-0878,1062,TRUE,DAY,ALL_EVENTS_V18,,,CURATED_CORPUS,FALSE
CEV-06852,COL-0086,EVT-0118,1063,TRUE,DAY,ALL_EVENTS_V18,,,CURATED_CORPUS,FALSE
CEV-06853,COL-0086,EVT-0286,1064,TRUE,DAY,ALL_EVENTS_V18,,,CURATED_CORPUS,FALSE
CEV-06854,COL-0086,EVT-1353,1065,TRUE,YEAR,ALL_EVENTS_V18,,,CURATED_CORPUS,FALSE
CEV-06855,COL-0086,EVT-1354,1066,TRUE,YEAR,ALL_EVENTS_V18,,,CURATED_CORPUS,FALSE
CEV-06856,COL-0086,EVT-1355,1067,TRUE,YEAR,ALL_EVENTS_V18,,,CURATED_CORPUS,FALSE
CEV-06857,COL-0086,EVT-1356,1068,TRUE,YEAR,ALL_EVENTS_V18,,,CURATED_CORPUS,FALSE
CEV-06858,COL-0086,EVT-1357,1069,TRUE,YEAR,ALL_EVENTS_V18,,,CURATED_CORPUS,FALSE
CEV-06859,COL-0086,EVT-1358,1070,TRUE,YEAR,ALL_EVENTS_V18,,,CURATED_CORPUS,FALSE
CEV-06860,COL-0086,EVT-1359,1071,TRUE,YEAR,ALL_EVENTS_V18,,,CURATED_CORPUS,FALSE
CEV-06861,COL-0086,EVT-0119,1072,TRUE,DAY,ALL_EVENTS_V18,,,CURATED_CORPUS,FALSE
CEV-06862,COL-0086,EVT-0953,1073,TRUE,MONTH,ALL_EVENTS_V18,,,CURATED_CORPUS,FALSE
CEV-06863,COL-0086,EVT-0954,1074,TRUE,DAY,ALL_EVENTS_V18,,,CURATED_CORPUS,FALSE
CEV-06864,COL-0086,EVT-0879,1075,TRUE,DAY,ALL_EVENTS_V18,,,CURATED_CORPUS,FALSE
CEV-06865,COL-0086,EVT-0361,1076,TRUE,DAY,ALL_EVENTS_V18,,,CURATED_CORPUS,FALSE
CEV-06866,COL-0086,EVT-0362,1077,TRUE,DAY,ALL_EVENTS_V18,,,CURATED_CORPUS,FALSE
CEV-06867,COL-0086,EVT-0531,1078,TRUE,DAY,ALL_EVENTS_V18,,,CURATED_CORPUS,FALSE
CEV-06868,COL-0086,EVT-1360,1079,TRUE,YEAR,ALL_EVENTS_V18,,,CURATED_CORPUS,FALSE
CEV-06869,COL-0086,EVT-1361,1080,TRUE,YEAR,ALL_EVENTS_V18,,,CURATED_CORPUS,FALSE
CEV-06870,COL-0086,EVT-1362,1081,TRUE,YEAR,ALL_EVENTS_V18,,,CURATED_CORPUS,FALSE
CEV-06871,COL-0086,EVT-1363,1082,TRUE,YEAR,ALL_EVENTS_V18,,,CURATED_CORPUS,FALSE
CEV-06872,COL-0086,EVT-1364,1083,TRUE,YEAR,ALL_EVENTS_V18,,,CURATED_CORPUS,FALSE
CEV-06873,COL-0086,EVT-1365,1084,TRUE,YEAR,ALL_EVENTS_V18,,,CURATED_CORPUS,FALSE
CEV-06874,COL-0086,EVT-1366,1085,TRUE,YEAR,ALL_EVENTS_V18,,,CURATED_CORPUS,FALSE
CEV-06875,COL-0086,EVT-1367,1086,TRUE,YEAR,ALL_EVENTS_V18,,,CURATED_CORPUS,FALSE
CEV-06876,COL-0086,EVT-1368,1087,TRUE,YEAR,ALL_EVENTS_V18,,,CURATED_CORPUS,FALSE
CEV-06877,COL-0086,EVT-0529,1088,TRUE,DAY,ALL_EVENTS_V18,,,CURATED_CORPUS,FALSE
CEV-06878,COL-0086,EVT-0955,1089,TRUE,DAY,ALL_EVENTS_V18,,,CURATED_CORPUS,FALSE
CEV-06879,COL-0086,EVT-1369,1090,TRUE,YEAR,ALL_EVENTS_V18,,,CURATED_CORPUS,FALSE
CEV-06880,COL-0086,EVT-1370,1091,TRUE,YEAR,ALL_EVENTS_V18,,,CURATED_CORPUS,FALSE
CEV-06881,COL-0086,EVT-1371,1092,TRUE,YEAR,ALL_EVENTS_V18,,,CURATED_CORPUS,FALSE
CEV-06882,COL-0086,EVT-1372,1093,TRUE,YEAR,ALL_EVENTS_V18,,,CURATED_CORPUS,FALSE
CEV-06883,COL-0086,EVT-1373,1094,TRUE,YEAR,ALL_EVENTS_V18,,,CURATED_CORPUS,FALSE
CEV-06884,COL-0086,EVT-1374,1095,TRUE,YEAR,ALL_EVENTS_V18,,,CURATED_CORPUS,FALSE
CEV-06885,COL-0086,EVT-1375,1096,TRUE,YEAR,ALL_EVENTS_V18,,,CURATED_CORPUS,FALSE
CEV-06886,COL-0086,EVT-1376,1097,TRUE,YEAR,ALL_EVENTS_V18,,,CURATED_CORPUS,FALSE
CEV-06887,COL-0086,EVT-1377,1098,TRUE,YEAR,ALL_EVENTS_V18,,,CURATED_CORPUS,FALSE
CEV-06888,COL-0086,EVT-1378,1099,TRUE,YEAR,ALL_EVENTS_V18,,,CURATED_CORPUS,FALSE
CEV-06889,COL-0086,EVT-0880,1100,TRUE,DAY,ALL_EVENTS_V18,,,CURATED_CORPUS,FALSE
CEV-06890,COL-0086,EVT-0956,1101,TRUE,DAY,ALL_EVENTS_V18,,,CURATED_CORPUS,FALSE
CEV-06891,COL-0086,EVT-0881,1102,TRUE,DAY,ALL_EVENTS_V18,,,CURATED_CORPUS,FALSE
CEV-06892,COL-0086,EVT-0957,1103,TRUE,DAY,ALL_EVENTS_V18,,,CURATED_CORPUS,FALSE
CEV-06893,COL-0086,EVT-0958,1104,TRUE,DAY,ALL_EVENTS_V18,,,CURATED_CORPUS,FALSE
CEV-06894,COL-0086,EVT-1379,1105,TRUE,YEAR,ALL_EVENTS_V18,,,CURATED_CORPUS,FALSE
CEV-06895,COL-0086,EVT-1380,1106,TRUE,YEAR,ALL_EVENTS_V18,,,CURATED_CORPUS,FALSE
CEV-06896,COL-0086,EVT-1381,1107,TRUE,YEAR,ALL_EVENTS_V18,,,CURATED_CORPUS,FALSE
CEV-06897,COL-0086,EVT-1382,1108,TRUE,YEAR,ALL_EVENTS_V18,,,CURATED_CORPUS,FALSE
CEV-06898,COL-0086,EVT-1383,1109,TRUE,YEAR,ALL_EVENTS_V18,,,CURATED_CORPUS,FALSE
CEV-06899,COL-0086,EVT-1384,1110,TRUE,YEAR,ALL_EVENTS_V18,,,CURATED_CORPUS,FALSE
CEV-06900,COL-0086,EVT-1385,1111,TRUE,YEAR,ALL_EVENTS_V18,,,CURATED_CORPUS,FALSE
CEV-06901,COL-0086,EVT-0959,1112,TRUE,DAY,ALL_EVENTS_V18,,,CURATED_CORPUS,FALSE
CEV-06902,COL-0086,EVT-0287,1113,TRUE,DAY,ALL_EVENTS_V18,,,CURATED_CORPUS,FALSE
CEV-06903,COL-0086,EVT-0532,1114,TRUE,RANGE,ALL_EVENTS_V18,,,CURATED_CORPUS,FALSE
CEV-06904,COL-0086,EVT-0113,1115,TRUE,DAY,ALL_EVENTS_V18,,,CURATED_CORPUS,FALSE
CEV-06905,COL-0086,EVT-1386,1116,TRUE,YEAR,ALL_EVENTS_V18,,,CURATED_CORPUS,FALSE
CEV-06906,COL-0086,EVT-1387,1117,TRUE,YEAR,ALL_EVENTS_V18,,,CURATED_CORPUS,FALSE
CEV-06907,COL-0086,EVT-1388,1118,TRUE,YEAR,ALL_EVENTS_V18,,,CURATED_CORPUS,FALSE
CEV-06908,COL-0086,EVT-1389,1119,TRUE,YEAR,ALL_EVENTS_V18,,,CURATED_CORPUS,FALSE
CEV-06909,COL-0086,EVT-1390,1120,TRUE,YEAR,ALL_EVENTS_V18,,,CURATED_CORPUS,FALSE
CEV-06910,COL-0086,EVT-1391,1121,TRUE,YEAR,ALL_EVENTS_V18,,,CURATED_CORPUS,FALSE
CEV-06911,COL-0086,EVT-1392,1122,TRUE,YEAR,ALL_EVENTS_V18,,,CURATED_CORPUS,FALSE
CEV-06912,COL-0086,EVT-1393,1123,TRUE,YEAR,ALL_EVENTS_V18,,,CURATED_CORPUS,FALSE
CEV-06913,COL-0086,EVT-0120,1124,TRUE,DAY,ALL_EVENTS_V18,,,CURATED_CORPUS,FALSE
CEV-06914,COL-0086,EVT-0121,1125,TRUE,DAY,ALL_EVENTS_V18,,,CURATED_CORPUS,FALSE
CEV-06915,COL-0086,EVT-0122,1126,TRUE,DAY,ALL_EVENTS_V18,,,CURATED_CORPUS,FALSE
CEV-06916,COL-0086,EVT-0123,1127,TRUE,DAY,ALL_EVENTS_V18,,,CURATED_CORPUS,FALSE
CEV-06917,COL-0086,EVT-0124,1128,TRUE,DAY,ALL_EVENTS_V18,,,CURATED_CORPUS,FALSE
CEV-06918,COL-0086,EVT-0882,1129,TRUE,DAY,ALL_EVENTS_V18,,,CURATED_CORPUS,FALSE
CEV-06919,COL-0086,EVT-0533,1130,TRUE,RANGE,ALL_EVENTS_V18,,,CURATED_CORPUS,FALSE
CEV-06920,COL-0086,EVT-0363,1131,TRUE,DAY,ALL_EVENTS_V18,,,CURATED_CORPUS,FALSE
CEV-06921,COL-0086,EVT-1394,1132,TRUE,YEAR,ALL_EVENTS_V18,,,CURATED_CORPUS,FALSE
CEV-06922,COL-0086,EVT-1395,1133,TRUE,YEAR,ALL_EVENTS_V18,,,CURATED_CORPUS,FALSE
CEV-06923,COL-0086,EVT-1396,1134,TRUE,YEAR,ALL_EVENTS_V18,,,CURATED_CORPUS,FALSE
CEV-06924,COL-0086,EVT-1397,1135,TRUE,YEAR,ALL_EVENTS_V18,,,CURATED_CORPUS,FALSE
CEV-06925,COL-0086,EVT-1398,1136,TRUE,YEAR,ALL_EVENTS_V18,,,CURATED_CORPUS,FALSE
CEV-06926,COL-0086,EVT-1399,1137,TRUE,YEAR,ALL_EVENTS_V18,,,CURATED_CORPUS,FALSE
CEV-06927,COL-0086,EVT-0883,1138,TRUE,DAY,ALL_EVENTS_V18,,,CURATED_CORPUS,FALSE
CEV-06928,COL-0086,EVT-0884,1139,TRUE,DAY,ALL_EVENTS_V18,,,CURATED_CORPUS,FALSE
CEV-06929,COL-0086,EVT-0534,1140,TRUE,DAY,ALL_EVENTS_V18,,,CURATED_CORPUS,FALSE
CEV-06930,COL-0086,EVT-1400,1141,TRUE,YEAR,ALL_EVENTS_V18,,,CURATED_CORPUS,FALSE
CEV-06931,COL-0086,EVT-1401,1142,TRUE,YEAR,ALL_EVENTS_V18,,,CURATED_CORPUS,FALSE
CEV-06932,COL-0086,EVT-1402,1143,TRUE,YEAR,ALL_EVENTS_V18,,,CURATED_CORPUS,FALSE
CEV-06933,COL-0086,EVT-1403,1144,TRUE,YEAR,ALL_EVENTS_V18,,,CURATED_CORPUS,FALSE
CEV-06934,COL-0086,EVT-1404,1145,TRUE,YEAR,ALL_EVENTS_V18,,,CURATED_CORPUS,FALSE
CEV-06935,COL-0086,EVT-1405,1146,TRUE,YEAR,ALL_EVENTS_V18,,,CURATED_CORPUS,FALSE
CEV-06936,COL-0086,EVT-1406,1147,TRUE,YEAR,ALL_EVENTS_V18,,,CURATED_CORPUS,FALSE
CEV-06937,COL-0086,EVT-1407,1148,TRUE,YEAR,ALL_EVENTS_V18,,,CURATED_CORPUS,FALSE
CEV-06938,COL-0086,EVT-1408,1149,TRUE,YEAR,ALL_EVENTS_V18,,,CURATED_CORPUS,FALSE
CEV-06939,COL-0086,EVT-1410,1150,TRUE,YEAR,ALL_EVENTS_V18,,,CURATED_CORPUS,FALSE
CEV-06940,COL-0086,EVT-1411,1151,TRUE,YEAR,ALL_EVENTS_V18,,,CURATED_CORPUS,FALSE
CEV-06941,COL-0086,EVT-0885,1152,TRUE,DAY,ALL_EVENTS_V18,,,CURATED_CORPUS,FALSE
CEV-06942,COL-0086,EVT-0535,1153,TRUE,DAY,ALL_EVENTS_V18,,,CURATED_CORPUS,FALSE
CEV-06943,COL-0086,EVT-1409,1154,TRUE,DAY,ALL_EVENTS_V18,,,CURATED_CORPUS,FALSE
CEV-06944,COL-0086,EVT-1412,1155,TRUE,YEAR,ALL_EVENTS_V18,,,CURATED_CORPUS,FALSE
CEV-06945,COL-0086,EVT-1413,1156,TRUE,YEAR,ALL_EVENTS_V18,,,CURATED_CORPUS,FALSE
CEV-06946,COL-0086,EVT-1414,1157,TRUE,YEAR,ALL_EVENTS_V18,,,CURATED_CORPUS,FALSE
CEV-06947,COL-0086,EVT-1415,1158,TRUE,YEAR,ALL_EVENTS_V18,,,CURATED_CORPUS,FALSE
CEV-06948,COL-0086,EVT-1416,1159,TRUE,YEAR,ALL_EVENTS_V18,,,CURATED_CORPUS,FALSE
CEV-06949,COL-0086,EVT-1417,1160,TRUE,YEAR,ALL_EVENTS_V18,,,CURATED_CORPUS,FALSE
CEV-06950,COL-0086,EVT-0129,1161,TRUE,DAY,ALL_EVENTS_V18,,,CURATED_CORPUS,FALSE
CEV-06951,COL-0086,EVT-0960,1162,TRUE,DAY,ALL_EVENTS_V18,,,CURATED_CORPUS,FALSE
CEV-06952,COL-0086,EVT-0886,1163,TRUE,DAY,ALL_EVENTS_V18,,,CURATED_CORPUS,FALSE
CEV-06953,COL-0086,EVT-0887,1164,TRUE,DAY,ALL_EVENTS_V18,,,CURATED_CORPUS,FALSE
CEV-06954,COL-0086,EVT-1418,1165,TRUE,YEAR,ALL_EVENTS_V18,,,CURATED_CORPUS,FALSE
CEV-06955,COL-0086,EVT-1419,1166,TRUE,YEAR,ALL_EVENTS_V18,,,CURATED_CORPUS,FALSE
CEV-06956,COL-0086,EVT-1420,1167,TRUE,YEAR,ALL_EVENTS_V18,,,CURATED_CORPUS,FALSE
CEV-06957,COL-0086,EVT-1421,1168,TRUE,YEAR,ALL_EVENTS_V18,,,CURATED_CORPUS,FALSE
CEV-06958,COL-0086,EVT-1422,1169,TRUE,YEAR,ALL_EVENTS_V18,,,CURATED_CORPUS,FALSE
CEV-06959,COL-0086,EVT-1423,1170,TRUE,YEAR,ALL_EVENTS_V18,,,CURATED_CORPUS,FALSE
CEV-06960,COL-0086,EVT-1424,1171,TRUE,YEAR,ALL_EVENTS_V18,,,CURATED_CORPUS,FALSE
CEV-06961,COL-0086,EVT-1425,1172,TRUE,YEAR,ALL_EVENTS_V18,,,CURATED_CORPUS,FALSE
CEV-06962,COL-0086,EVT-1426,1173,TRUE,YEAR,ALL_EVENTS_V18,,,CURATED_CORPUS,FALSE
CEV-06963,COL-0086,EVT-0888,1174,TRUE,DAY,ALL_EVENTS_V18,,,CURATED_CORPUS,FALSE
CEV-06964,COL-0086,EVT-0961,1175,TRUE,DAY,ALL_EVENTS_V18,,,CURATED_CORPUS,FALSE
CEV-06965,COL-0086,EVT-1427,1176,TRUE,YEAR,ALL_EVENTS_V18,,,CURATED_CORPUS,FALSE
CEV-06966,COL-0086,EVT-1428,1177,TRUE,YEAR,ALL_EVENTS_V18,,,CURATED_CORPUS,FALSE
CEV-06967,COL-0086,EVT-1429,1178,TRUE,YEAR,ALL_EVENTS_V18,,,CURATED_CORPUS,FALSE
CEV-06968,COL-0086,EVT-1430,1179,TRUE,YEAR,ALL_EVENTS_V18,,,CURATED_CORPUS,FALSE
CEV-06969,COL-0086,EVT-1431,1180,TRUE,YEAR,ALL_EVENTS_V18,,,CURATED_CORPUS,FALSE
CEV-06970,COL-0086,EVT-1432,1181,TRUE,YEAR,ALL_EVENTS_V18,,,CURATED_CORPUS,FALSE
CEV-06971,COL-0086,EVT-1433,1182,TRUE,YEAR,ALL_EVENTS_V18,,,CURATED_CORPUS,FALSE
CEV-06972,COL-0086,EVT-1434,1183,TRUE,YEAR,ALL_EVENTS_V18,,,CURATED_CORPUS,FALSE
CEV-06973,COL-0086,EVT-0889,1184,TRUE,DAY,ALL_EVENTS_V18,,,CURATED_CORPUS,FALSE
CEV-06974,COL-0086,EVT-0962,1185,TRUE,DAY,ALL_EVENTS_V18,,,CURATED_CORPUS,FALSE
CEV-06975,COL-0086,EVT-0890,1186,TRUE,DAY,ALL_EVENTS_V18,,,CURATED_CORPUS,FALSE
CEV-06976,COL-0086,EVT-1435,1187,TRUE,YEAR,ALL_EVENTS_V18,,,CURATED_CORPUS,FALSE
CEV-06977,COL-0086,EVT-1436,1188,TRUE,YEAR,ALL_EVENTS_V18,,,CURATED_CORPUS,FALSE
CEV-06978,COL-0086,EVT-1437,1189,TRUE,YEAR,ALL_EVENTS_V18,,,CURATED_CORPUS,FALSE
CEV-06979,COL-0086,EVT-1438,1190,TRUE,YEAR,ALL_EVENTS_V18,,,CURATED_CORPUS,FALSE
CEV-06980,COL-0086,EVT-1439,1191,TRUE,YEAR,ALL_EVENTS_V18,,,CURATED_CORPUS,FALSE
CEV-06981,COL-0086,EVT-1440,1192,TRUE,YEAR,ALL_EVENTS_V18,,,CURATED_CORPUS,FALSE
CEV-06982,COL-0086,EVT-1441,1193,TRUE,YEAR,ALL_EVENTS_V18,,,CURATED_CORPUS,FALSE
CEV-06983,COL-0086,EVT-1442,1194,TRUE,YEAR,ALL_EVENTS_V18,,,CURATED_CORPUS,FALSE
CEV-06984,COL-0086,EVT-1443,1195,TRUE,YEAR,ALL_EVENTS_V18,,,CURATED_CORPUS,FALSE
CEV-06985,COL-0086,EVT-1445,1196,TRUE,YEAR,ALL_EVENTS_V18,,,CURATED_CORPUS,FALSE
CEV-06986,COL-0086,EVT-0536,1197,TRUE,RANGE,ALL_EVENTS_V18,,,CURATED_CORPUS,FALSE
CEV-06987,COL-0086,EVT-0891,1198,TRUE,DAY,ALL_EVENTS_V18,,,CURATED_CORPUS,FALSE
CEV-06988,COL-0086,EVT-0892,1199,TRUE,DAY,ALL_EVENTS_V18,,,CURATED_CORPUS,FALSE
CEV-06989,COL-0086,EVT-0537,1200,TRUE,RANGE,ALL_EVENTS_V18,,,CURATED_CORPUS,FALSE
CEV-06990,COL-0086,EVT-0538,1201,TRUE,DAY,ALL_EVENTS_V18,,,CURATED_CORPUS,FALSE
CEV-06991,COL-0086,EVT-1444,1202,TRUE,DAY,ALL_EVENTS_V18,,,CURATED_CORPUS,FALSE
CEV-06992,COL-0086,EVT-1446,1203,TRUE,YEAR,ALL_EVENTS_V18,,,CURATED_CORPUS,FALSE
CEV-06993,COL-0086,EVT-1447,1204,TRUE,YEAR,ALL_EVENTS_V18,,,CURATED_CORPUS,FALSE
CEV-06994,COL-0086,EVT-1448,1205,TRUE,YEAR,ALL_EVENTS_V18,,,CURATED_CORPUS,FALSE
CEV-06995,COL-0086,EVT-1449,1206,TRUE,YEAR,ALL_EVENTS_V18,,,CURATED_CORPUS,FALSE
CEV-06996,COL-0086,EVT-1450,1207,TRUE,YEAR,ALL_EVENTS_V18,,,CURATED_CORPUS,FALSE
CEV-06997,COL-0086,EVT-1451,1208,TRUE,YEAR,ALL_EVENTS_V18,,,CURATED_CORPUS,FALSE
CEV-06998,COL-0086,EVT-1452,1209,TRUE,YEAR,ALL_EVENTS_V18,,,CURATED_CORPUS,FALSE
CEV-06999,COL-0086,EVT-1453,1210,TRUE,YEAR,ALL_EVENTS_V18,,,CURATED_CORPUS,FALSE
CEV-07000,COL-0086,EVT-1454,1211,TRUE,YEAR,ALL_EVENTS_V18,,,CURATED_CORPUS,FALSE
CEV-07001,COL-0086,EVT-0539,1212,TRUE,DAY,ALL_EVENTS_V18,,,CURATED_CORPUS,FALSE
CEV-07002,COL-0086,EVT-0288,1213,TRUE,DAY,ALL_EVENTS_V18,,,CURATED_CORPUS,FALSE
CEV-07003,COL-0086,EVT-0289,1214,TRUE,DAY,ALL_EVENTS_V18,,,CURATED_CORPUS,FALSE
CEV-07004,COL-0086,EVT-0893,1215,TRUE,DAY,ALL_EVENTS_V18,,,CURATED_CORPUS,FALSE
CEV-07005,COL-0086,EVT-0894,1216,TRUE,DAY,ALL_EVENTS_V18,,,CURATED_CORPUS,FALSE
CEV-07006,COL-0086,EVT-0895,1217,TRUE,DAY,ALL_EVENTS_V18,,,CURATED_CORPUS,FALSE
CEV-07007,COL-0086,EVT-1455,1218,TRUE,YEAR,ALL_EVENTS_V18,,,CURATED_CORPUS,FALSE
CEV-07008,COL-0086,EVT-1456,1219,TRUE,YEAR,ALL_EVENTS_V18,,,CURATED_CORPUS,FALSE
CEV-07009,COL-0086,EVT-1457,1220,TRUE,YEAR,ALL_EVENTS_V18,,,CURATED_CORPUS,FALSE
CEV-07010,COL-0086,EVT-1458,1221,TRUE,YEAR,ALL_EVENTS_V18,,,CURATED_CORPUS,FALSE
CEV-07011,COL-0086,EVT-1459,1222,TRUE,YEAR,ALL_EVENTS_V18,,,CURATED_CORPUS,FALSE
CEV-07012,COL-0086,EVT-1460,1223,TRUE,YEAR,ALL_EVENTS_V18,,,CURATED_CORPUS,FALSE
CEV-07013,COL-0086,EVT-1461,1224,TRUE,YEAR,ALL_EVENTS_V18,,,CURATED_CORPUS,FALSE
CEV-07014,COL-0086,EVT-1462,1225,TRUE,YEAR,ALL_EVENTS_V18,,,CURATED_CORPUS,FALSE
CEV-07015,COL-0086,EVT-1463,1226,TRUE,YEAR,ALL_EVENTS_V18,,,CURATED_CORPUS,FALSE
CEV-07016,COL-0086,EVT-0963,1227,TRUE,DAY,ALL_EVENTS_V18,,,CURATED_CORPUS,FALSE
CEV-07017,COL-0086,EVT-0964,1228,TRUE,DAY,ALL_EVENTS_V18,,,CURATED_CORPUS,FALSE
CEV-07018,COL-0086,EVT-0130,1229,TRUE,DAY,ALL_EVENTS_V18,,,CURATED_CORPUS,FALSE
CEV-07019,COL-0086,EVT-0965,1230,TRUE,DAY,ALL_EVENTS_V18,,,CURATED_CORPUS,FALSE
CEV-07020,COL-0086,EVT-0315,1231,TRUE,DAY,ALL_EVENTS_V18,,,CURATED_CORPUS,FALSE
CEV-07021,COL-0086,EVT-1464,1232,TRUE,YEAR,ALL_EVENTS_V18,,,CURATED_CORPUS,FALSE
CEV-07022,COL-0086,EVT-1465,1233,TRUE,YEAR,ALL_EVENTS_V18,,,CURATED_CORPUS,FALSE
CEV-07023,COL-0086,EVT-1466,1234,TRUE,YEAR,ALL_EVENTS_V18,,,CURATED_CORPUS,FALSE
CEV-07024,COL-0086,EVT-1467,1235,TRUE,YEAR,ALL_EVENTS_V18,,,CURATED_CORPUS,FALSE
CEV-07025,COL-0086,EVT-1468,1236,TRUE,YEAR,ALL_EVENTS_V18,,,CURATED_CORPUS,FALSE
CEV-07026,COL-0086,EVT-1469,1237,TRUE,YEAR,ALL_EVENTS_V18,,,CURATED_CORPUS,FALSE
CEV-07027,COL-0086,EVT-1470,1238,TRUE,YEAR,ALL_EVENTS_V18,,,CURATED_CORPUS,FALSE
CEV-07028,COL-0086,EVT-0896,1239,TRUE,DAY,ALL_EVENTS_V18,,,CURATED_CORPUS,FALSE
CEV-07029,COL-0086,EVT-0897,1240,TRUE,DAY,ALL_EVENTS_V18,,,CURATED_CORPUS,FALSE
CEV-07030,COL-0086,EVT-0898,1241,TRUE,DAY,ALL_EVENTS_V18,,,CURATED_CORPUS,FALSE
CEV-07031,COL-0086,EVT-0899,1242,TRUE,DAY,ALL_EVENTS_V18,,,CURATED_CORPUS,FALSE
CEV-07032,COL-0086,EVT-1471,1243,TRUE,YEAR,ALL_EVENTS_V18,,,CURATED_CORPUS,FALSE
CEV-07033,COL-0086,EVT-1472,1244,TRUE,YEAR,ALL_EVENTS_V18,,,CURATED_CORPUS,FALSE
CEV-07034,COL-0086,EVT-1473,1245,TRUE,YEAR,ALL_EVENTS_V18,,,CURATED_CORPUS,FALSE
CEV-07035,COL-0086,EVT-1474,1246,TRUE,YEAR,ALL_EVENTS_V18,,,CURATED_CORPUS,FALSE
CEV-07036,COL-0086,EVT-1475,1247,TRUE,YEAR,ALL_EVENTS_V18,,,CURATED_CORPUS,FALSE
CEV-07037,COL-0086,EVT-1476,1248,TRUE,YEAR,ALL_EVENTS_V18,,,CURATED_CORPUS,FALSE
CEV-07038,COL-0086,EVT-1477,1249,TRUE,YEAR,ALL_EVENTS_V18,,,CURATED_CORPUS,FALSE
CEV-07039,COL-0086,EVT-1478,1250,TRUE,YEAR,ALL_EVENTS_V18,,,CURATED_CORPUS,FALSE
CEV-07040,COL-0086,EVT-1479,1251,TRUE,YEAR,ALL_EVENTS_V18,,,CURATED_CORPUS,FALSE
CEV-07041,COL-0086,EVT-1480,1252,TRUE,YEAR,ALL_EVENTS_V18,,,CURATED_CORPUS,FALSE
CEV-07042,COL-0086,EVT-1481,1253,TRUE,YEAR,ALL_EVENTS_V18,,,CURATED_CORPUS,FALSE
CEV-07043,COL-0086,EVT-1482,1254,TRUE,YEAR,ALL_EVENTS_V18,,,CURATED_CORPUS,FALSE
CEV-07044,COL-0086,EVT-1483,1255,TRUE,YEAR,ALL_EVENTS_V18,,,CURATED_CORPUS,FALSE
CEV-07045,COL-0086,EVT-0900,1256,TRUE,DAY,ALL_EVENTS_V18,,,CURATED_CORPUS,FALSE
CEV-07046,COL-0086,EVT-0316,1257,TRUE,DAY,ALL_EVENTS_V18,,,CURATED_CORPUS,FALSE
CEV-07047,COL-0086,EVT-0901,1258,TRUE,DAY,ALL_EVENTS_V18,,,CURATED_CORPUS,FALSE
CEV-07048,COL-0086,EVT-0966,1259,TRUE,DAY,ALL_EVENTS_V18,,,CURATED_CORPUS,FALSE
CEV-07049,COL-0086,EVT-0902,1260,TRUE,DAY,ALL_EVENTS_V18,,,CURATED_CORPUS,FALSE
CEV-07050,COL-0086,EVT-1484,1261,TRUE,YEAR,ALL_EVENTS_V18,,,CURATED_CORPUS,FALSE
CEV-07051,COL-0086,EVT-1485,1262,TRUE,YEAR,ALL_EVENTS_V18,,,CURATED_CORPUS,FALSE
CEV-07052,COL-0086,EVT-1486,1263,TRUE,YEAR,ALL_EVENTS_V18,,,CURATED_CORPUS,FALSE
CEV-07053,COL-0086,EVT-1487,1264,TRUE,YEAR,ALL_EVENTS_V18,,,CURATED_CORPUS,FALSE
CEV-07054,COL-0086,EVT-1488,1265,TRUE,YEAR,ALL_EVENTS_V18,,,CURATED_CORPUS,FALSE
CEV-07055,COL-0086,EVT-0903,1266,TRUE,DAY,ALL_EVENTS_V18,,,CURATED_CORPUS,FALSE
CEV-07056,COL-0086,EVT-0265,1267,TRUE,DAY,ALL_EVENTS_V18,,,CURATED_CORPUS,FALSE
CEV-07057,COL-0086,EVT-0904,1268,TRUE,DAY,ALL_EVENTS_V18,,,CURATED_CORPUS,FALSE
CEV-07058,COL-0086,EVT-0905,1269,TRUE,DAY,ALL_EVENTS_V18,,,CURATED_CORPUS,FALSE
CEV-07059,COL-0086,EVT-1489,1270,TRUE,YEAR,ALL_EVENTS_V18,,,CURATED_CORPUS,FALSE
CEV-07060,COL-0086,EVT-1490,1271,TRUE,YEAR,ALL_EVENTS_V18,,,CURATED_CORPUS,FALSE
CEV-07061,COL-0086,EVT-1491,1272,TRUE,YEAR,ALL_EVENTS_V18,,,CURATED_CORPUS,FALSE
CEV-07062,COL-0086,EVT-1492,1273,TRUE,YEAR,ALL_EVENTS_V18,,,CURATED_CORPUS,FALSE
CEV-07063,COL-0086,EVT-1493,1274,TRUE,YEAR,ALL_EVENTS_V18,,,CURATED_CORPUS,FALSE
CEV-07064,COL-0086,EVT-1494,1275,TRUE,YEAR,ALL_EVENTS_V18,,,CURATED_CORPUS,FALSE
CEV-07065,COL-0086,EVT-1495,1276,TRUE,YEAR,ALL_EVENTS_V18,,,CURATED_CORPUS,FALSE
CEV-07066,COL-0086,EVT-1496,1277,TRUE,YEAR,ALL_EVENTS_V18,,,CURATED_CORPUS,FALSE
CEV-07067,COL-0086,EVT-1497,1278,TRUE,YEAR,ALL_EVENTS_V18,,,CURATED_CORPUS,FALSE
CEV-07068,COL-0086,EVT-1498,1279,TRUE,YEAR,ALL_EVENTS_V18,,,CURATED_CORPUS,FALSE
CEV-07069,COL-0086,EVT-1499,1280,TRUE,YEAR,ALL_EVENTS_V18,,,CURATED_CORPUS,FALSE
CEV-07070,COL-0086,EVT-1500,1281,TRUE,YEAR,ALL_EVENTS_V18,,,CURATED_CORPUS,FALSE
CEV-07071,COL-0086,EVT-0266,1282,TRUE,DAY,ALL_EVENTS_V18,,,CURATED_CORPUS,FALSE
CEV-07072,COL-0086,EVT-0131,1283,TRUE,DAY,ALL_EVENTS_V18,,,CURATED_CORPUS,FALSE
CEV-07073,COL-0086,EVT-0906,1284,TRUE,DAY,ALL_EVENTS_V18,,,CURATED_CORPUS,FALSE
CEV-07074,COL-0086,EVT-1501,1285,TRUE,YEAR,ALL_EVENTS_V18,,,CURATED_CORPUS,FALSE
CEV-07075,COL-0086,EVT-1502,1286,TRUE,YEAR,ALL_EVENTS_V18,,,CURATED_CORPUS,FALSE
CEV-07076,COL-0086,EVT-1503,1287,TRUE,YEAR,ALL_EVENTS_V18,,,CURATED_CORPUS,FALSE
CEV-07077,COL-0086,EVT-1504,1288,TRUE,YEAR,ALL_EVENTS_V18,,,CURATED_CORPUS,FALSE
CEV-07078,COL-0086,EVT-1505,1289,TRUE,YEAR,ALL_EVENTS_V18,,,CURATED_CORPUS,FALSE
CEV-07079,COL-0086,EVT-0132,1290,TRUE,DAY,ALL_EVENTS_V18,,,CURATED_CORPUS,FALSE
CEV-07080,COL-0086,EVT-0907,1291,TRUE,DAY,ALL_EVENTS_V18,,,CURATED_CORPUS,FALSE
CEV-07081,COL-0086,EVT-0908,1292,TRUE,DAY,ALL_EVENTS_V18,,,CURATED_CORPUS,FALSE
CEV-07082,COL-0086,EVT-0967,1293,TRUE,DAY,ALL_EVENTS_V18,,,CURATED_CORPUS,FALSE
CEV-07083,COL-0086,EVT-0540,1294,TRUE,DAY,ALL_EVENTS_V18,,,CURATED_CORPUS,FALSE
CEV-07084,COL-0086,EVT-0968,1295,TRUE,DAY,ALL_EVENTS_V18,,,CURATED_CORPUS,FALSE
CEV-07085,COL-0086,EVT-1506,1296,TRUE,YEAR,ALL_EVENTS_V18,,,CURATED_CORPUS,FALSE
CEV-07086,COL-0086,EVT-1507,1297,TRUE,YEAR,ALL_EVENTS_V18,,,CURATED_CORPUS,FALSE
CEV-07087,COL-0086,EVT-1508,1298,TRUE,YEAR,ALL_EVENTS_V18,,,CURATED_CORPUS,FALSE
CEV-07088,COL-0086,EVT-1509,1299,TRUE,YEAR,ALL_EVENTS_V18,,,CURATED_CORPUS,FALSE
CEV-07089,COL-0086,EVT-1510,1300,TRUE,YEAR,ALL_EVENTS_V18,,,CURATED_CORPUS,FALSE
CEV-07090,COL-0086,EVT-1511,1301,TRUE,YEAR,ALL_EVENTS_V18,,,CURATED_CORPUS,FALSE
CEV-07091,COL-0086,EVT-1512,1302,TRUE,YEAR,ALL_EVENTS_V18,,,CURATED_CORPUS,FALSE
CEV-07092,COL-0086,EVT-1513,1303,TRUE,YEAR,ALL_EVENTS_V18,,,CURATED_CORPUS,FALSE
CEV-07093,COL-0086,EVT-1514,1304,TRUE,YEAR,ALL_EVENTS_V18,,,CURATED_CORPUS,FALSE
CEV-07094,COL-0086,EVT-1515,1305,TRUE,YEAR,ALL_EVENTS_V18,,,CURATED_CORPUS,FALSE
CEV-07095,COL-0086,EVT-1516,1306,TRUE,YEAR,ALL_EVENTS_V18,,,CURATED_CORPUS,FALSE
CEV-07096,COL-0086,EVT-1517,1307,TRUE,YEAR,ALL_EVENTS_V18,,,CURATED_CORPUS,FALSE
CEV-07097,COL-0086,EVT-1518,1308,TRUE,YEAR,ALL_EVENTS_V18,,,CURATED_CORPUS,FALSE
CEV-07098,COL-0086,EVT-0909,1309,TRUE,DAY,ALL_EVENTS_V18,,,CURATED_CORPUS,FALSE
CEV-07099,COL-0086,EVT-0267,1310,TRUE,DAY,ALL_EVENTS_V18,,,CURATED_CORPUS,FALSE
CEV-07100,COL-0086,EVT-0910,1311,TRUE,DAY,ALL_EVENTS_V18,,,CURATED_CORPUS,FALSE
CEV-07101,COL-0086,EVT-0969,1312,TRUE,DAY,ALL_EVENTS_V18,,,CURATED_CORPUS,FALSE
CEV-07102,COL-0086,EVT-1519,1313,TRUE,YEAR,ALL_EVENTS_V18,,,CURATED_CORPUS,FALSE
CEV-07103,COL-0086,EVT-1520,1314,TRUE,YEAR,ALL_EVENTS_V18,,,CURATED_CORPUS,FALSE
CEV-07104,COL-0086,EVT-1521,1315,TRUE,YEAR,ALL_EVENTS_V18,,,CURATED_CORPUS,FALSE
CEV-07105,COL-0086,EVT-1522,1316,TRUE,YEAR,ALL_EVENTS_V18,,,CURATED_CORPUS,FALSE
CEV-07106,COL-0086,EVT-1523,1317,TRUE,YEAR,ALL_EVENTS_V18,,,CURATED_CORPUS,FALSE
CEV-07107,COL-0086,EVT-1524,1318,TRUE,YEAR,ALL_EVENTS_V18,,,CURATED_CORPUS,FALSE
CEV-07108,COL-0086,EVT-1525,1319,TRUE,YEAR,ALL_EVENTS_V18,,,CURATED_CORPUS,FALSE
CEV-07109,COL-0086,EVT-1526,1320,TRUE,YEAR,ALL_EVENTS_V18,,,CURATED_CORPUS,FALSE
CEV-07110,COL-0086,EVT-1527,1321,TRUE,YEAR,ALL_EVENTS_V18,,,CURATED_CORPUS,FALSE
CEV-07111,COL-0086,EVT-1528,1322,TRUE,YEAR,ALL_EVENTS_V18,,,CURATED_CORPUS,FALSE
CEV-07112,COL-0086,EVT-1529,1323,TRUE,YEAR,ALL_EVENTS_V18,,,CURATED_CORPUS,FALSE
CEV-07113,COL-0086,EVT-0911,1324,TRUE,DAY,ALL_EVENTS_V18,,,CURATED_CORPUS,FALSE
CEV-07114,COL-0086,EVT-0970,1325,TRUE,DAY,ALL_EVENTS_V18,,,CURATED_CORPUS,FALSE
CEV-07115,COL-0086,EVT-0912,1326,TRUE,DAY,ALL_EVENTS_V18,,,CURATED_CORPUS,FALSE
CEV-07116,COL-0086,EVT-1530,1327,TRUE,YEAR,ALL_EVENTS_V18,,,CURATED_CORPUS,FALSE
CEV-07117,COL-0086,EVT-1531,1328,TRUE,YEAR,ALL_EVENTS_V18,,,CURATED_CORPUS,FALSE
CEV-07118,COL-0086,EVT-1532,1329,TRUE,YEAR,ALL_EVENTS_V18,,,CURATED_CORPUS,FALSE
CEV-07119,COL-0086,EVT-1533,1330,TRUE,YEAR,ALL_EVENTS_V18,,,CURATED_CORPUS,FALSE
CEV-07120,COL-0086,EVT-1534,1331,TRUE,YEAR,ALL_EVENTS_V18,,,CURATED_CORPUS,FALSE
CEV-07121,COL-0086,EVT-1535,1332,TRUE,YEAR,ALL_EVENTS_V18,,,CURATED_CORPUS,FALSE
CEV-07122,COL-0086,EVT-0913,1333,TRUE,DAY,ALL_EVENTS_V18,,,CURATED_CORPUS,FALSE
CEV-07123,COL-0086,EVT-0914,1334,TRUE,DAY,ALL_EVENTS_V18,,,CURATED_CORPUS,FALSE
CEV-07124,COL-0086,EVT-0268,1335,TRUE,DAY,ALL_EVENTS_V18,,,CURATED_CORPUS,FALSE
CEV-07125,COL-0086,EVT-0541,1336,TRUE,RANGE,ALL_EVENTS_V18,,,CURATED_CORPUS,FALSE
CEV-07126,COL-0086,EVT-0269,1337,TRUE,DAY,ALL_EVENTS_V18,,,CURATED_CORPUS,FALSE
CEV-07127,COL-0086,EVT-0270,1338,TRUE,DAY,ALL_EVENTS_V18,,,CURATED_CORPUS,FALSE
CEV-07128,COL-0086,EVT-1536,1339,TRUE,YEAR,ALL_EVENTS_V18,,,CURATED_CORPUS,FALSE
CEV-07129,COL-0086,EVT-1537,1340,TRUE,YEAR,ALL_EVENTS_V18,,,CURATED_CORPUS,FALSE
CEV-07130,COL-0086,EVT-1538,1341,TRUE,YEAR,ALL_EVENTS_V18,,,CURATED_CORPUS,FALSE
CEV-07131,COL-0086,EVT-1539,1342,TRUE,YEAR,ALL_EVENTS_V18,,,CURATED_CORPUS,FALSE
CEV-07132,COL-0086,EVT-1540,1343,TRUE,YEAR,ALL_EVENTS_V18,,,CURATED_CORPUS,FALSE
CEV-07133,COL-0086,EVT-1541,1344,TRUE,YEAR,ALL_EVENTS_V18,,,CURATED_CORPUS,FALSE
CEV-07134,COL-0086,EVT-1542,1345,TRUE,YEAR,ALL_EVENTS_V18,,,CURATED_CORPUS,FALSE
CEV-07135,COL-0086,EVT-1543,1346,TRUE,YEAR,ALL_EVENTS_V18,,,CURATED_CORPUS,FALSE
CEV-07136,COL-0086,EVT-1544,1347,TRUE,YEAR,ALL_EVENTS_V18,,,CURATED_CORPUS,FALSE
CEV-07137,COL-0086,EVT-0542,1348,TRUE,DAY,ALL_EVENTS_V18,,,CURATED_CORPUS,FALSE
CEV-07138,COL-0086,EVT-0971,1349,TRUE,DAY,ALL_EVENTS_V18,,,CURATED_CORPUS,FALSE
CEV-07139,COL-0086,EVT-0972,1350,TRUE,DAY,ALL_EVENTS_V18,,,CURATED_CORPUS,FALSE
CEV-07140,COL-0086,EVT-0543,1351,TRUE,DAY,ALL_EVENTS_V18,,,CURATED_CORPUS,FALSE
CEV-07141,COL-0086,EVT-1545,1352,TRUE,YEAR,ALL_EVENTS_V18,,,CURATED_CORPUS,FALSE
CEV-07142,COL-0086,EVT-1546,1353,TRUE,YEAR,ALL_EVENTS_V18,,,CURATED_CORPUS,FALSE
CEV-07143,COL-0086,EVT-1547,1354,TRUE,YEAR,ALL_EVENTS_V18,,,CURATED_CORPUS,FALSE
CEV-07144,COL-0086,EVT-1548,1355,TRUE,YEAR,ALL_EVENTS_V18,,,CURATED_CORPUS,FALSE
CEV-07145,COL-0086,EVT-1549,1356,TRUE,YEAR,ALL_EVENTS_V18,,,CURATED_CORPUS,FALSE
CEV-07146,COL-0086,EVT-1550,1357,TRUE,YEAR,ALL_EVENTS_V18,,,CURATED_CORPUS,FALSE
CEV-07147,COL-0086,EVT-1551,1358,TRUE,YEAR,ALL_EVENTS_V18,,,CURATED_CORPUS,FALSE
CEV-07148,COL-0086,EVT-1552,1359,TRUE,YEAR,ALL_EVENTS_V18,,,CURATED_CORPUS,FALSE
CEV-07149,COL-0086,EVT-1553,1360,TRUE,YEAR,ALL_EVENTS_V18,,,CURATED_CORPUS,FALSE
CEV-07150,COL-0086,EVT-1554,1361,TRUE,YEAR,ALL_EVENTS_V18,,,CURATED_CORPUS,FALSE
CEV-07151,COL-0086,EVT-1555,1362,TRUE,YEAR,ALL_EVENTS_V18,,,CURATED_CORPUS,FALSE
CEV-07152,COL-0086,EVT-1556,1363,TRUE,YEAR,ALL_EVENTS_V18,,,CURATED_CORPUS,FALSE
CEV-07153,COL-0086,EVT-1557,1364,TRUE,YEAR,ALL_EVENTS_V18,,,CURATED_CORPUS,FALSE
CEV-07154,COL-0086,EVT-0973,1365,TRUE,DAY,ALL_EVENTS_V18,,,CURATED_CORPUS,FALSE
CEV-07155,COL-0086,EVT-0974,1366,TRUE,DAY,ALL_EVENTS_V18,,,CURATED_CORPUS,FALSE
CEV-07156,COL-0086,EVT-0544,1367,TRUE,DAY,ALL_EVENTS_V18,,,CURATED_CORPUS,FALSE
CEV-07157,COL-0086,EVT-0915,1368,TRUE,DAY,ALL_EVENTS_V18,,,CURATED_CORPUS,FALSE
CEV-07158,COL-0086,EVT-1558,1369,TRUE,YEAR,ALL_EVENTS_V18,,,CURATED_CORPUS,FALSE
CEV-07159,COL-0086,EVT-1559,1370,TRUE,YEAR,ALL_EVENTS_V18,,,CURATED_CORPUS,FALSE
CEV-07160,COL-0086,EVT-1560,1371,TRUE,YEAR,ALL_EVENTS_V18,,,CURATED_CORPUS,FALSE
CEV-07161,COL-0086,EVT-1561,1372,TRUE,YEAR,ALL_EVENTS_V18,,,CURATED_CORPUS,FALSE
CEV-07162,COL-0086,EVT-1562,1373,TRUE,YEAR,ALL_EVENTS_V18,,,CURATED_CORPUS,FALSE
CEV-07163,COL-0086,EVT-1563,1374,TRUE,YEAR,ALL_EVENTS_V18,,,CURATED_CORPUS,FALSE
CEV-07164,COL-0086,EVT-1564,1375,TRUE,YEAR,ALL_EVENTS_V18,,,CURATED_CORPUS,FALSE
CEV-07165,COL-0086,EVT-0916,1376,TRUE,DAY,ALL_EVENTS_V18,,,CURATED_CORPUS,FALSE
CEV-07166,COL-0086,EVT-0364,1377,TRUE,DAY,ALL_EVENTS_V18,,,CURATED_CORPUS,FALSE
CEV-07167,COL-0086,EVT-0917,1378,TRUE,DAY,ALL_EVENTS_V18,,,CURATED_CORPUS,FALSE
CEV-07168,COL-0086,EVT-0133,1379,TRUE,DAY,ALL_EVENTS_V18,,,CURATED_CORPUS,FALSE
CEV-07169,COL-0086,EVT-1565,1380,TRUE,YEAR,ALL_EVENTS_V18,,,CURATED_CORPUS,FALSE
CEV-07170,COL-0086,EVT-1566,1381,TRUE,YEAR,ALL_EVENTS_V18,,,CURATED_CORPUS,FALSE
CEV-07171,COL-0086,EVT-1567,1382,TRUE,YEAR,ALL_EVENTS_V18,,,CURATED_CORPUS,FALSE
CEV-07172,COL-0086,EVT-1568,1383,TRUE,YEAR,ALL_EVENTS_V18,,,CURATED_CORPUS,FALSE
CEV-07173,COL-0086,EVT-1569,1384,TRUE,YEAR,ALL_EVENTS_V18,,,CURATED_CORPUS,FALSE
CEV-07174,COL-0086,EVT-1570,1385,TRUE,YEAR,ALL_EVENTS_V18,,,CURATED_CORPUS,FALSE
CEV-07175,COL-0086,EVT-1571,1386,TRUE,YEAR,ALL_EVENTS_V18,,,CURATED_CORPUS,FALSE
CEV-07176,COL-0086,EVT-1572,1387,TRUE,YEAR,ALL_EVENTS_V18,,,CURATED_CORPUS,FALSE
CEV-07177,COL-0086,EVT-1573,1388,TRUE,YEAR,ALL_EVENTS_V18,,,CURATED_CORPUS,FALSE
CEV-07178,COL-0086,EVT-1574,1389,TRUE,YEAR,ALL_EVENTS_V18,,,CURATED_CORPUS,FALSE
CEV-07179,COL-0086,EVT-0134,1390,TRUE,DAY,ALL_EVENTS_V18,,,CURATED_CORPUS,FALSE
CEV-07180,COL-0086,EVT-0918,1391,TRUE,DAY,ALL_EVENTS_V18,,,CURATED_CORPUS,FALSE
CEV-07181,COL-0086,EVT-0975,1392,TRUE,DAY,ALL_EVENTS_V18,,,CURATED_CORPUS,FALSE
CEV-07182,COL-0086,EVT-0976,1393,TRUE,DAY,ALL_EVENTS_V18,,,CURATED_CORPUS,FALSE
CEV-07183,COL-0086,EVT-0919,1394,TRUE,DAY,ALL_EVENTS_V18,,,CURATED_CORPUS,FALSE
CEV-07184,COL-0086,EVT-0278,1395,TRUE,DAY,ALL_EVENTS_V18,,,CURATED_CORPUS,FALSE
CEV-07185,COL-0086,EVT-1575,1396,TRUE,YEAR,ALL_EVENTS_V18,,,CURATED_CORPUS,FALSE
CEV-07186,COL-0086,EVT-1576,1397,TRUE,YEAR,ALL_EVENTS_V18,,,CURATED_CORPUS,FALSE
CEV-07187,COL-0086,EVT-1577,1398,TRUE,YEAR,ALL_EVENTS_V18,,,CURATED_CORPUS,FALSE
CEV-07188,COL-0086,EVT-1578,1399,TRUE,YEAR,ALL_EVENTS_V18,,,CURATED_CORPUS,FALSE
CEV-07189,COL-0086,EVT-1579,1400,TRUE,YEAR,ALL_EVENTS_V18,,,CURATED_CORPUS,FALSE
CEV-07190,COL-0086,EVT-1580,1401,TRUE,YEAR,ALL_EVENTS_V18,,,CURATED_CORPUS,FALSE
CEV-07191,COL-0086,EVT-1581,1402,TRUE,YEAR,ALL_EVENTS_V18,,,CURATED_CORPUS,FALSE
CEV-07192,COL-0086,EVT-1582,1403,TRUE,YEAR,ALL_EVENTS_V18,,,CURATED_CORPUS,FALSE
CEV-07193,COL-0086,EVT-0920,1404,TRUE,DAY,ALL_EVENTS_V18,,,CURATED_CORPUS,FALSE
CEV-07194,COL-0086,EVT-0977,1405,TRUE,DAY,ALL_EVENTS_V18,,,CURATED_CORPUS,FALSE
CEV-07195,COL-0086,EVT-1583,1406,TRUE,YEAR,ALL_EVENTS_V18,,,CURATED_CORPUS,FALSE
CEV-07196,COL-0086,EVT-1584,1407,TRUE,YEAR,ALL_EVENTS_V18,,,CURATED_CORPUS,FALSE
CEV-07197,COL-0086,EVT-1585,1408,TRUE,YEAR,ALL_EVENTS_V18,,,CURATED_CORPUS,FALSE
CEV-07198,COL-0086,EVT-1586,1409,TRUE,YEAR,ALL_EVENTS_V18,,,CURATED_CORPUS,FALSE
CEV-07199,COL-0086,EVT-1587,1410,TRUE,YEAR,ALL_EVENTS_V18,,,CURATED_CORPUS,FALSE
CEV-07200,COL-0086,EVT-1588,1411,TRUE,YEAR,ALL_EVENTS_V18,,,CURATED_CORPUS,FALSE
CEV-07201,COL-0086,EVT-1589,1412,TRUE,YEAR,ALL_EVENTS_V18,,,CURATED_CORPUS,FALSE
CEV-07202,COL-0086,EVT-1590,1413,TRUE,YEAR,ALL_EVENTS_V18,,,CURATED_CORPUS,FALSE
CEV-07203,COL-0086,EVT-1591,1414,TRUE,YEAR,ALL_EVENTS_V18,,,CURATED_CORPUS,FALSE
CEV-07204,COL-0086,EVT-1592,1415,TRUE,YEAR,ALL_EVENTS_V18,,,CURATED_CORPUS,FALSE
CEV-07205,COL-0086,EVT-1593,1416,TRUE,YEAR,ALL_EVENTS_V18,,,CURATED_CORPUS,FALSE
CEV-07206,COL-0086,EVT-1594,1417,TRUE,YEAR,ALL_EVENTS_V18,,,CURATED_CORPUS,FALSE
CEV-07207,COL-0086,EVT-1595,1418,TRUE,YEAR,ALL_EVENTS_V18,,,CURATED_CORPUS,FALSE
CEV-07208,COL-0086,EVT-0921,1419,TRUE,DAY,ALL_EVENTS_V18,,,CURATED_CORPUS,FALSE
CEV-07209,COL-0086,EVT-0922,1420,TRUE,DAY,ALL_EVENTS_V18,,,CURATED_CORPUS,FALSE
CEV-07210,COL-0086,EVT-1596,1421,TRUE,YEAR,ALL_EVENTS_V18,,,CURATED_CORPUS,FALSE
CEV-07211,COL-0086,EVT-1597,1422,TRUE,YEAR,ALL_EVENTS_V18,,,CURATED_CORPUS,FALSE
CEV-07212,COL-0086,EVT-1598,1423,TRUE,YEAR,ALL_EVENTS_V18,,,CURATED_CORPUS,FALSE
CEV-07213,COL-0086,EVT-1599,1424,TRUE,YEAR,ALL_EVENTS_V18,,,CURATED_CORPUS,FALSE
CEV-07214,COL-0086,EVT-1600,1425,TRUE,YEAR,ALL_EVENTS_V18,,,CURATED_CORPUS,FALSE
CEV-07215,COL-0086,EVT-1601,1426,TRUE,YEAR,ALL_EVENTS_V18,,,CURATED_CORPUS,FALSE
CEV-07216,COL-0086,EVT-1602,1427,TRUE,YEAR,ALL_EVENTS_V18,,,CURATED_CORPUS,FALSE
CEV-07217,COL-0086,EVT-1603,1428,TRUE,YEAR,ALL_EVENTS_V18,,,CURATED_CORPUS,FALSE
CEV-07218,COL-0086,EVT-0923,1429,TRUE,DAY,ALL_EVENTS_V18,,,CURATED_CORPUS,FALSE
CEV-07219,COL-0086,EVT-0280,1430,TRUE,DAY,ALL_EVENTS_V18,,,CURATED_CORPUS,FALSE
CEV-07220,COL-0086,EVT-1041,1431,TRUE,DAY,ALL_EVENTS_V18,,,CURATED_CORPUS,FALSE
CEV-07221,COL-0086,EVT-1604,1432,TRUE,YEAR,ALL_EVENTS_V18,,,CURATED_CORPUS,FALSE
CEV-07222,COL-0086,EVT-1605,1433,TRUE,YEAR,ALL_EVENTS_V18,,,CURATED_CORPUS,FALSE
CEV-07223,COL-0086,EVT-1606,1434,TRUE,YEAR,ALL_EVENTS_V18,,,CURATED_CORPUS,FALSE
CEV-07224,COL-0086,EVT-1607,1435,TRUE,YEAR,ALL_EVENTS_V18,,,CURATED_CORPUS,FALSE
CEV-07225,COL-0086,EVT-1608,1436,TRUE,YEAR,ALL_EVENTS_V18,,,CURATED_CORPUS,FALSE
CEV-07226,COL-0086,EVT-1609,1437,TRUE,YEAR,ALL_EVENTS_V18,,,CURATED_CORPUS,FALSE
CEV-07227,COL-0086,EVT-1610,1438,TRUE,YEAR,ALL_EVENTS_V18,,,CURATED_CORPUS,FALSE
CEV-07228,COL-0086,EVT-1611,1439,TRUE,YEAR,ALL_EVENTS_V18,,,CURATED_CORPUS,FALSE
CEV-07229,COL-0086,EVT-1612,1440,TRUE,YEAR,ALL_EVENTS_V18,,,CURATED_CORPUS,FALSE
CEV-07230,COL-0086,EVT-0924,1441,TRUE,DAY,ALL_EVENTS_V18,,,CURATED_CORPUS,FALSE
CEV-07231,COL-0086,EVT-1614,1442,TRUE,DAY,ALL_EVENTS_V18,,,CURATED_CORPUS,FALSE
CEV-07232,COL-0086,EVT-0545,1443,TRUE,DAY,ALL_EVENTS_V18,,,CURATED_CORPUS,FALSE
CEV-07233,COL-0086,EVT-1613,1444,TRUE,DAY,ALL_EVENTS_V18,,,CURATED_CORPUS,FALSE
CEV-07234,COL-0086,EVT-1615,1445,TRUE,YEAR,ALL_EVENTS_V18,,,CURATED_CORPUS,FALSE
CEV-07235,COL-0086,EVT-1616,1446,TRUE,YEAR,ALL_EVENTS_V18,,,CURATED_CORPUS,FALSE
CEV-07236,COL-0086,EVT-1617,1447,TRUE,YEAR,ALL_EVENTS_V18,,,CURATED_CORPUS,FALSE
CEV-07237,COL-0086,EVT-1618,1448,TRUE,YEAR,ALL_EVENTS_V18,,,CURATED_CORPUS,FALSE
CEV-07238,COL-0086,EVT-1619,1449,TRUE,YEAR,ALL_EVENTS_V18,,,CURATED_CORPUS,FALSE
CEV-07239,COL-0086,EVT-1620,1450,TRUE,YEAR,ALL_EVENTS_V18,,,CURATED_CORPUS,FALSE
CEV-07240,COL-0086,EVT-1621,1451,TRUE,YEAR,ALL_EVENTS_V18,,,CURATED_CORPUS,FALSE
CEV-07241,COL-0086,EVT-1622,1452,TRUE,YEAR,ALL_EVENTS_V18,,,CURATED_CORPUS,FALSE
CEV-07242,COL-0086,EVT-1624,1453,TRUE,YEAR,ALL_EVENTS_V18,,,CURATED_CORPUS,FALSE
CEV-07243,COL-0086,EVT-1623,1454,TRUE,DAY,ALL_EVENTS_V18,,,CURATED_CORPUS,FALSE
CEV-07244,COL-0086,EVT-0925,1455,TRUE,DAY,ALL_EVENTS_V18,,,CURATED_CORPUS,FALSE
CEV-07245,COL-0086,EVT-1625,1456,TRUE,YEAR,ALL_EVENTS_V18,,,CURATED_CORPUS,FALSE
CEV-07246,COL-0086,EVT-1626,1457,TRUE,YEAR,ALL_EVENTS_V18,,,CURATED_CORPUS,FALSE
CEV-07247,COL-0086,EVT-1627,1458,TRUE,YEAR,ALL_EVENTS_V18,,,CURATED_CORPUS,FALSE
CEV-07248,COL-0086,EVT-1628,1459,TRUE,YEAR,ALL_EVENTS_V18,,,CURATED_CORPUS,FALSE
CEV-07249,COL-0086,EVT-1629,1460,TRUE,YEAR,ALL_EVENTS_V18,,,CURATED_CORPUS,FALSE
CEV-07250,COL-0086,EVT-1630,1461,TRUE,YEAR,ALL_EVENTS_V18,,,CURATED_CORPUS,FALSE
CEV-07251,COL-0086,EVT-1631,1462,TRUE,YEAR,ALL_EVENTS_V18,,,CURATED_CORPUS,FALSE
CEV-07252,COL-0086,EVT-1632,1463,TRUE,YEAR,ALL_EVENTS_V18,,,CURATED_CORPUS,FALSE
CEV-07253,COL-0086,EVT-1633,1464,TRUE,YEAR,ALL_EVENTS_V18,,,CURATED_CORPUS,FALSE
CEV-07254,COL-0086,EVT-1634,1465,TRUE,YEAR,ALL_EVENTS_V18,,,CURATED_CORPUS,FALSE
CEV-07255,COL-0086,EVT-1635,1466,TRUE,YEAR,ALL_EVENTS_V18,,,CURATED_CORPUS,FALSE
CEV-07256,COL-0086,EVT-1636,1467,TRUE,YEAR,ALL_EVENTS_V18,,,CURATED_CORPUS,FALSE
CEV-07257,COL-0086,EVT-1637,1468,TRUE,YEAR,ALL_EVENTS_V18,,,CURATED_CORPUS,FALSE
CEV-07258,COL-0086,EVT-1640,1469,TRUE,YEAR,ALL_EVENTS_V18,,,CURATED_CORPUS,FALSE
CEV-07259,COL-0086,EVT-1641,1470,TRUE,YEAR,ALL_EVENTS_V18,,,CURATED_CORPUS,FALSE
CEV-07260,COL-0086,EVT-1639,1471,TRUE,DAY,ALL_EVENTS_V18,,,CURATED_CORPUS,FALSE
CEV-07261,COL-0086,EVT-0135,1472,TRUE,DAY,ALL_EVENTS_V18,,,CURATED_CORPUS,FALSE
CEV-07262,COL-0086,EVT-1638,1473,TRUE,DAY,ALL_EVENTS_V18,,,CURATED_CORPUS,FALSE
CEV-07263,COL-0086,EVT-1642,1474,TRUE,YEAR,ALL_EVENTS_V18,,,CURATED_CORPUS,FALSE
CEV-07264,COL-0086,EVT-1643,1475,TRUE,YEAR,ALL_EVENTS_V18,,,CURATED_CORPUS,FALSE
CEV-07265,COL-0086,EVT-1644,1476,TRUE,YEAR,ALL_EVENTS_V18,,,CURATED_CORPUS,FALSE
CEV-07266,COL-0086,EVT-1645,1477,TRUE,YEAR,ALL_EVENTS_V18,,,CURATED_CORPUS,FALSE
CEV-07267,COL-0086,EVT-1646,1478,TRUE,YEAR,ALL_EVENTS_V18,,,CURATED_CORPUS,FALSE
CEV-07268,COL-0086,EVT-1647,1479,TRUE,YEAR,ALL_EVENTS_V18,,,CURATED_CORPUS,FALSE
CEV-07269,COL-0086,EVT-1648,1480,TRUE,YEAR,ALL_EVENTS_V18,,,CURATED_CORPUS,FALSE
CEV-07270,COL-0086,EVT-0546,1481,TRUE,DAY,ALL_EVENTS_V18,,,CURATED_CORPUS,FALSE
CEV-07271,COL-0086,EVT-0114,1482,TRUE,DAY,ALL_EVENTS_V18,,,CURATED_CORPUS,FALSE
CEV-07272,COL-0086,EVT-0926,1483,TRUE,DAY,ALL_EVENTS_V18,,,CURATED_CORPUS,FALSE
CEV-07273,COL-0086,EVT-0927,1484,TRUE,DAY,ALL_EVENTS_V18,,,CURATED_CORPUS,FALSE
CEV-07274,COL-0086,EVT-0928,1485,FALSE,NOT_AUTOMATIC,ALL_EVENTS_V18,,,CURATED_CORPUS,FALSE
CEV-07275,COL-0086,EVT-1649,1486,TRUE,YEAR,ALL_EVENTS_V18,,,CURATED_CORPUS,FALSE
CEV-07276,COL-0086,EVT-1650,1487,TRUE,YEAR,ALL_EVENTS_V18,,,CURATED_CORPUS,FALSE
CEV-07277,COL-0086,EVT-1651,1488,TRUE,YEAR,ALL_EVENTS_V18,,,CURATED_CORPUS,FALSE
CEV-07278,COL-0086,EVT-1652,1489,TRUE,YEAR,ALL_EVENTS_V18,,,CURATED_CORPUS,FALSE
CEV-07279,COL-0086,EVT-1653,1490,TRUE,YEAR,ALL_EVENTS_V18,,,CURATED_CORPUS,FALSE
CEV-07280,COL-0086,EVT-1654,1491,TRUE,YEAR,ALL_EVENTS_V18,,,CURATED_CORPUS,FALSE
CEV-07281,COL-0086,EVT-1655,1492,TRUE,YEAR,ALL_EVENTS_V18,,,CURATED_CORPUS,FALSE
CEV-07282,COL-0086,EVT-1656,1493,TRUE,YEAR,ALL_EVENTS_V18,,,CURATED_CORPUS,FALSE
CEV-07283,COL-0086,EVT-1658,1494,TRUE,YEAR,ALL_EVENTS_V18,,,CURATED_CORPUS,FALSE
CEV-07284,COL-0086,EVT-1657,1495,TRUE,DAY,ALL_EVENTS_V18,,,CURATED_CORPUS,FALSE
CEV-07285,COL-0086,EVT-0281,1496,TRUE,DAY,ALL_EVENTS_V18,,,CURATED_CORPUS,FALSE
CEV-07286,COL-0086,EVT-0299,1497,TRUE,DAY,ALL_EVENTS_V18,,,CURATED_CORPUS,FALSE
CEV-07287,COL-0086,EVT-0547,1498,TRUE,DAY,ALL_EVENTS_V18,,,CURATED_CORPUS,FALSE
CEV-07288,COL-0086,EVT-0277,1499,TRUE,DAY,ALL_EVENTS_V18,,,CURATED_CORPUS,FALSE
CEV-07289,COL-0086,EVT-0256,1500,TRUE,DAY,ALL_EVENTS_V18,,,CURATED_CORPUS,FALSE
CEV-07290,COL-0086,EVT-1659,1501,TRUE,YEAR,ALL_EVENTS_V18,,,CURATED_CORPUS,FALSE
CEV-07291,COL-0086,EVT-1660,1502,TRUE,YEAR,ALL_EVENTS_V18,,,CURATED_CORPUS,FALSE
CEV-07292,COL-0086,EVT-1661,1503,TRUE,YEAR,ALL_EVENTS_V18,,,CURATED_CORPUS,FALSE
CEV-07293,COL-0086,EVT-1662,1504,TRUE,YEAR,ALL_EVENTS_V18,,,CURATED_CORPUS,FALSE
CEV-07294,COL-0086,EVT-1663,1505,TRUE,YEAR,ALL_EVENTS_V18,,,CURATED_CORPUS,FALSE
CEV-07295,COL-0086,EVT-1664,1506,TRUE,YEAR,ALL_EVENTS_V18,,,CURATED_CORPUS,FALSE
CEV-07296,COL-0086,EVT-1665,1507,TRUE,YEAR,ALL_EVENTS_V18,,,CURATED_CORPUS,FALSE
CEV-07297,COL-0086,EVT-1666,1508,TRUE,YEAR,ALL_EVENTS_V18,,,CURATED_CORPUS,FALSE
CEV-07298,COL-0086,EVT-1667,1509,TRUE,YEAR,ALL_EVENTS_V18,,,CURATED_CORPUS,FALSE
CEV-07299,COL-0086,EVT-0300,1510,TRUE,DAY,ALL_EVENTS_V18,,,CURATED_CORPUS,FALSE
CEV-07300,COL-0086,EVT-0929,1511,TRUE,DAY,ALL_EVENTS_V18,,,CURATED_CORPUS,FALSE
CEV-07301,COL-0086,EVT-0301,1512,TRUE,DAY,ALL_EVENTS_V18,,,CURATED_CORPUS,FALSE
CEV-07302,COL-0086,EVT-0257,1513,TRUE,DAY,ALL_EVENTS_V18,,,CURATED_CORPUS,FALSE
CEV-07303,COL-0086,EVT-1669,1514,TRUE,DAY,ALL_EVENTS_V18,,,CURATED_CORPUS,FALSE
CEV-07304,COL-0086,EVT-0258,1515,TRUE,DAY,ALL_EVENTS_V18,,,CURATED_CORPUS,FALSE
CEV-07305,COL-0086,EVT-0930,1516,TRUE,DAY,ALL_EVENTS_V18,,,CURATED_CORPUS,FALSE
CEV-07306,COL-0086,EVT-1668,1517,TRUE,DAY,ALL_EVENTS_V18,,,CURATED_CORPUS,FALSE
CEV-07307,COL-0086,EVT-1670,1518,TRUE,DAY,ALL_EVENTS_V18,,,CURATED_CORPUS,FALSE
CEV-07308,COL-0086,EVT-0115,1519,TRUE,DAY,ALL_EVENTS_V18,,,CURATED_CORPUS,FALSE
CEV-07309,COL-0086,EVT-1671,1520,TRUE,YEAR,ALL_EVENTS_V18,,,CURATED_CORPUS,FALSE
CEV-07310,COL-0086,EVT-1672,1521,TRUE,YEAR,ALL_EVENTS_V18,,,CURATED_CORPUS,FALSE
CEV-07311,COL-0086,EVT-1673,1522,TRUE,YEAR,ALL_EVENTS_V18,,,CURATED_CORPUS,FALSE
CEV-07312,COL-0086,EVT-1674,1523,TRUE,YEAR,ALL_EVENTS_V18,,,CURATED_CORPUS,FALSE
CEV-07313,COL-0086,EVT-1675,1524,TRUE,YEAR,ALL_EVENTS_V18,,,CURATED_CORPUS,FALSE
CEV-07314,COL-0086,EVT-1676,1525,TRUE,YEAR,ALL_EVENTS_V18,,,CURATED_CORPUS,FALSE
CEV-07315,COL-0086,EVT-1677,1526,TRUE,YEAR,ALL_EVENTS_V18,,,CURATED_CORPUS,FALSE
CEV-07316,COL-0086,EVT-1678,1527,TRUE,YEAR,ALL_EVENTS_V18,,,CURATED_CORPUS,FALSE
CEV-07317,COL-0086,EVT-1679,1528,TRUE,YEAR,ALL_EVENTS_V18,,,CURATED_CORPUS,FALSE
CEV-07318,COL-0086,EVT-1681,1529,TRUE,YEAR,ALL_EVENTS_V18,,,CURATED_CORPUS,FALSE
CEV-07319,COL-0086,EVT-1682,1530,TRUE,YEAR,ALL_EVENTS_V18,,,CURATED_CORPUS,FALSE
CEV-07320,COL-0086,EVT-0271,1531,TRUE,DAY,ALL_EVENTS_V18,,,CURATED_CORPUS,FALSE
CEV-07321,COL-0086,EVT-0931,1532,TRUE,DAY,ALL_EVENTS_V18,,,CURATED_CORPUS,FALSE
CEV-07322,COL-0086,EVT-0317,1533,TRUE,DAY,ALL_EVENTS_V18,,,CURATED_CORPUS,FALSE
CEV-07323,COL-0086,EVT-1680,1534,TRUE,DAY,ALL_EVENTS_V18,,,CURATED_CORPUS,FALSE
CEV-07324,COL-0086,EVT-1683,1535,TRUE,YEAR,ALL_EVENTS_V18,,,CURATED_CORPUS,FALSE
CEV-07325,COL-0086,EVT-1684,1536,TRUE,YEAR,ALL_EVENTS_V18,,,CURATED_CORPUS,FALSE
CEV-07326,COL-0086,EVT-1685,1537,TRUE,YEAR,ALL_EVENTS_V18,,,CURATED_CORPUS,FALSE
CEV-07327,COL-0086,EVT-1686,1538,TRUE,YEAR,ALL_EVENTS_V18,,,CURATED_CORPUS,FALSE
CEV-07328,COL-0086,EVT-1687,1539,TRUE,YEAR,ALL_EVENTS_V18,,,CURATED_CORPUS,FALSE
CEV-07329,COL-0086,EVT-1688,1540,TRUE,YEAR,ALL_EVENTS_V18,,,CURATED_CORPUS,FALSE
CEV-07330,COL-0086,EVT-1689,1541,TRUE,YEAR,ALL_EVENTS_V18,,,CURATED_CORPUS,FALSE
CEV-07331,COL-0086,EVT-1690,1542,TRUE,YEAR,ALL_EVENTS_V18,,,CURATED_CORPUS,FALSE
CEV-07332,COL-0086,EVT-1693,1543,TRUE,YEAR,ALL_EVENTS_V18,,,CURATED_CORPUS,FALSE
CEV-07333,COL-0086,EVT-1691,1544,TRUE,DAY,ALL_EVENTS_V18,,,CURATED_CORPUS,FALSE
CEV-07334,COL-0086,EVT-1692,1545,TRUE,DAY,ALL_EVENTS_V18,,,CURATED_CORPUS,FALSE
CEV-07335,COL-0086,EVT-0305,1546,TRUE,DAY,ALL_EVENTS_V18,,,CURATED_CORPUS,FALSE
CEV-07336,COL-0086,EVT-0932,1547,TRUE,DAY,ALL_EVENTS_V18,,,CURATED_CORPUS,FALSE
CEV-07337,COL-0086,EVT-0272,1548,TRUE,DAY,ALL_EVENTS_V18,,,CURATED_CORPUS,FALSE
CEV-07338,COL-0086,EVT-1694,1549,TRUE,YEAR,ALL_EVENTS_V18,,,CURATED_CORPUS,FALSE
CEV-07339,COL-0086,EVT-1695,1550,TRUE,YEAR,ALL_EVENTS_V18,,,CURATED_CORPUS,FALSE
CEV-07340,COL-0086,EVT-1696,1551,TRUE,YEAR,ALL_EVENTS_V18,,,CURATED_CORPUS,FALSE
CEV-07341,COL-0086,EVT-1697,1552,TRUE,YEAR,ALL_EVENTS_V18,,,CURATED_CORPUS,FALSE
CEV-07342,COL-0086,EVT-1698,1553,TRUE,YEAR,ALL_EVENTS_V18,,,CURATED_CORPUS,FALSE
CEV-07343,COL-0086,EVT-1699,1554,TRUE,YEAR,ALL_EVENTS_V18,,,CURATED_CORPUS,FALSE
CEV-07344,COL-0086,EVT-1700,1555,TRUE,YEAR,ALL_EVENTS_V18,,,CURATED_CORPUS,FALSE
CEV-07345,COL-0086,EVT-1701,1556,TRUE,YEAR,ALL_EVENTS_V18,,,CURATED_CORPUS,FALSE
CEV-07346,COL-0086,EVT-1702,1557,TRUE,YEAR,ALL_EVENTS_V18,,,CURATED_CORPUS,FALSE
CEV-07347,COL-0086,EVT-1703,1558,TRUE,YEAR,ALL_EVENTS_V18,,,CURATED_CORPUS,FALSE
CEV-07348,COL-0086,EVT-1706,1559,TRUE,YEAR,ALL_EVENTS_V18,,,CURATED_CORPUS,FALSE
CEV-07349,COL-0086,EVT-0303,1560,TRUE,RANGE,ALL_EVENTS_V18,,,CURATED_CORPUS,FALSE
CEV-07350,COL-0086,EVT-0304,1561,TRUE,DAY,ALL_EVENTS_V18,,,CURATED_CORPUS,FALSE
CEV-07351,COL-0086,EVT-0259,1562,TRUE,DAY,ALL_EVENTS_V18,,,CURATED_CORPUS,FALSE
CEV-07352,COL-0086,EVT-1704,1563,TRUE,DAY,ALL_EVENTS_V18,,,CURATED_CORPUS,FALSE
CEV-07353,COL-0086,EVT-0933,1564,TRUE,DAY,ALL_EVENTS_V18,,,CURATED_CORPUS,FALSE
CEV-07354,COL-0086,EVT-0260,1565,TRUE,DAY,ALL_EVENTS_V18,,,CURATED_CORPUS,FALSE
CEV-07355,COL-0086,EVT-1705,1566,TRUE,DAY,ALL_EVENTS_V18,,,CURATED_CORPUS,FALSE
CEV-07356,COL-0086,EVT-0261,1567,TRUE,DAY,ALL_EVENTS_V18,,,CURATED_CORPUS,FALSE
CEV-07357,COL-0086,EVT-0279,1568,TRUE,DAY,ALL_EVENTS_V18,,,CURATED_CORPUS,FALSE
CEV-07358,COL-0086,EVT-1707,1569,TRUE,YEAR,ALL_EVENTS_V18,,,CURATED_CORPUS,FALSE
CEV-07359,COL-0086,EVT-1708,1570,TRUE,YEAR,ALL_EVENTS_V18,,,CURATED_CORPUS,FALSE
CEV-07360,COL-0086,EVT-1709,1571,TRUE,YEAR,ALL_EVENTS_V18,,,CURATED_CORPUS,FALSE
CEV-07361,COL-0086,EVT-1710,1572,TRUE,YEAR,ALL_EVENTS_V18,,,CURATED_CORPUS,FALSE
CEV-07362,COL-0086,EVT-1711,1573,TRUE,YEAR,ALL_EVENTS_V18,,,CURATED_CORPUS,FALSE
CEV-07363,COL-0086,EVT-1712,1574,TRUE,YEAR,ALL_EVENTS_V18,,,CURATED_CORPUS,FALSE
CEV-07364,COL-0086,EVT-1713,1575,TRUE,YEAR,ALL_EVENTS_V18,,,CURATED_CORPUS,FALSE
CEV-07365,COL-0086,EVT-1714,1576,TRUE,YEAR,ALL_EVENTS_V18,,,CURATED_CORPUS,FALSE
CEV-07366,COL-0086,EVT-1715,1577,TRUE,YEAR,ALL_EVENTS_V18,,,CURATED_CORPUS,FALSE
CEV-07367,COL-0086,EVT-1716,1578,TRUE,YEAR,ALL_EVENTS_V18,,,CURATED_CORPUS,FALSE
CEV-07368,COL-0086,EVT-1718,1579,TRUE,YEAR,ALL_EVENTS_V18,,,CURATED_CORPUS,FALSE
CEV-07369,COL-0086,EVT-0934,1580,TRUE,DAY,ALL_EVENTS_V18,,,CURATED_CORPUS,FALSE
CEV-07370,COL-0086,EVT-0282,1581,TRUE,DAY,ALL_EVENTS_V18,,,CURATED_CORPUS,FALSE
CEV-07371,COL-0086,EVT-0935,1582,TRUE,DAY,ALL_EVENTS_V18,,,CURATED_CORPUS,FALSE
CEV-07372,COL-0086,EVT-1717,1583,TRUE,DAY,ALL_EVENTS_V18,,,CURATED_CORPUS,FALSE
CEV-07373,COL-0086,EVT-0936,1584,TRUE,DAY,ALL_EVENTS_V18,,,CURATED_CORPUS,FALSE
CEV-07374,COL-0086,EVT-1719,1585,TRUE,YEAR,ALL_EVENTS_V18,,,CURATED_CORPUS,FALSE
CEV-07375,COL-0086,EVT-1720,1586,TRUE,YEAR,ALL_EVENTS_V18,,,CURATED_CORPUS,FALSE
CEV-07376,COL-0086,EVT-1721,1587,TRUE,YEAR,ALL_EVENTS_V18,,,CURATED_CORPUS,FALSE
CEV-07377,COL-0086,EVT-1722,1588,TRUE,YEAR,ALL_EVENTS_V18,,,CURATED_CORPUS,FALSE
CEV-07378,COL-0086,EVT-1723,1589,TRUE,YEAR,ALL_EVENTS_V18,,,CURATED_CORPUS,FALSE
CEV-07379,COL-0086,EVT-1724,1590,TRUE,YEAR,ALL_EVENTS_V18,,,CURATED_CORPUS,FALSE
CEV-07380,COL-0086,EVT-1725,1591,TRUE,YEAR,ALL_EVENTS_V18,,,CURATED_CORPUS,FALSE
CEV-07381,COL-0086,EVT-1726,1592,TRUE,YEAR,ALL_EVENTS_V18,,,CURATED_CORPUS,FALSE
CEV-07382,COL-0086,EVT-1727,1593,TRUE,YEAR,ALL_EVENTS_V18,,,CURATED_CORPUS,FALSE
CEV-07383,COL-0086,EVT-1728,1594,TRUE,YEAR,ALL_EVENTS_V18,,,CURATED_CORPUS,FALSE
CEV-07384,COL-0086,EVT-0937,1595,TRUE,DAY,ALL_EVENTS_V18,,,CURATED_CORPUS,FALSE
CEV-07385,COL-0086,EVT-0938,1596,TRUE,DAY,ALL_EVENTS_V18,,,CURATED_CORPUS,FALSE
CEV-07386,COL-0086,EVT-1729,1597,TRUE,YEAR,ALL_EVENTS_V18,,,CURATED_CORPUS,FALSE
CEV-07387,COL-0086,EVT-1730,1598,TRUE,YEAR,ALL_EVENTS_V18,,,CURATED_CORPUS,FALSE
CEV-07388,COL-0086,EVT-1731,1599,TRUE,YEAR,ALL_EVENTS_V18,,,CURATED_CORPUS,FALSE
CEV-07389,COL-0086,EVT-1732,1600,TRUE,YEAR,ALL_EVENTS_V18,,,CURATED_CORPUS,FALSE
CEV-07390,COL-0086,EVT-1733,1601,TRUE,YEAR,ALL_EVENTS_V18,,,CURATED_CORPUS,FALSE
CEV-07391,COL-0086,EVT-1734,1602,TRUE,YEAR,ALL_EVENTS_V18,,,CURATED_CORPUS,FALSE
CEV-07392,COL-0086,EVT-0296,1603,TRUE,DAY,ALL_EVENTS_V18,,,CURATED_CORPUS,FALSE
CEV-07393,COL-0086,EVT-1736,1604,TRUE,DAY,ALL_EVENTS_V18,,,CURATED_CORPUS,FALSE
CEV-07394,COL-0086,EVT-0939,1605,TRUE,DAY,ALL_EVENTS_V18,,,CURATED_CORPUS,FALSE
CEV-07395,COL-0086,EVT-1735,1606,TRUE,DAY,ALL_EVENTS_V18,,,CURATED_CORPUS,FALSE
CEV-07396,COL-0086,EVT-0318,1607,TRUE,DAY,ALL_EVENTS_V18,,,CURATED_CORPUS,FALSE
CEV-07397,COL-0086,EVT-1737,1608,TRUE,YEAR,ALL_EVENTS_V18,,,CURATED_CORPUS,FALSE
CEV-07398,COL-0086,EVT-1738,1609,TRUE,YEAR,ALL_EVENTS_V18,,,CURATED_CORPUS,FALSE
CEV-07399,COL-0086,EVT-1739,1610,TRUE,YEAR,ALL_EVENTS_V18,,,CURATED_CORPUS,FALSE
CEV-07400,COL-0086,EVT-1740,1611,TRUE,YEAR,ALL_EVENTS_V18,,,CURATED_CORPUS,FALSE
CEV-07401,COL-0086,EVT-1741,1612,TRUE,YEAR,ALL_EVENTS_V18,,,CURATED_CORPUS,FALSE
CEV-07402,COL-0086,EVT-1742,1613,TRUE,YEAR,ALL_EVENTS_V18,,,CURATED_CORPUS,FALSE
CEV-07403,COL-0086,EVT-1743,1614,TRUE,YEAR,ALL_EVENTS_V18,,,CURATED_CORPUS,FALSE
CEV-07404,COL-0086,EVT-1744,1615,TRUE,YEAR,ALL_EVENTS_V18,,,CURATED_CORPUS,FALSE
CEV-07405,COL-0086,EVT-1745,1616,TRUE,YEAR,ALL_EVENTS_V18,,,CURATED_CORPUS,FALSE
CEV-07406,COL-0086,EVT-1746,1617,TRUE,YEAR,ALL_EVENTS_V18,,,CURATED_CORPUS,FALSE
CEV-07407,COL-0086,EVT-1747,1618,TRUE,YEAR,ALL_EVENTS_V18,,,CURATED_CORPUS,FALSE
CEV-07408,COL-0086,EVT-1748,1619,TRUE,YEAR,ALL_EVENTS_V18,,,CURATED_CORPUS,FALSE
CEV-07409,COL-0086,EVT-1749,1620,TRUE,YEAR,ALL_EVENTS_V18,,,CURATED_CORPUS,FALSE
CEV-07410,COL-0086,EVT-0940,1621,TRUE,DAY,ALL_EVENTS_V18,,,CURATED_CORPUS,FALSE
CEV-07411,COL-0086,EVT-0941,1622,TRUE,DAY,ALL_EVENTS_V18,,,CURATED_CORPUS,FALSE
CEV-07412,COL-0086,EVT-0942,1623,TRUE,DAY,ALL_EVENTS_V18,,,CURATED_CORPUS,FALSE
CEV-07413,COL-0086,EVT-0943,1624,TRUE,DAY,ALL_EVENTS_V18,,,CURATED_CORPUS,FALSE
CEV-07414,COL-0086,EVT-0290,1625,TRUE,DAY,ALL_EVENTS_V18,,,CURATED_CORPUS,FALSE
CEV-07415,COL-0086,EVT-1750,1626,TRUE,YEAR,ALL_EVENTS_V18,,,CURATED_CORPUS,FALSE
CEV-07416,COL-0086,EVT-1751,1627,TRUE,YEAR,ALL_EVENTS_V18,,,CURATED_CORPUS,FALSE
CEV-07417,COL-0086,EVT-1752,1628,TRUE,YEAR,ALL_EVENTS_V18,,,CURATED_CORPUS,FALSE
CEV-07418,COL-0086,EVT-1753,1629,TRUE,YEAR,ALL_EVENTS_V18,,,CURATED_CORPUS,FALSE
CEV-07419,COL-0086,EVT-1754,1630,TRUE,YEAR,ALL_EVENTS_V18,,,CURATED_CORPUS,FALSE
CEV-07420,COL-0086,EVT-1755,1631,TRUE,YEAR,ALL_EVENTS_V18,,,CURATED_CORPUS,FALSE
CEV-07421,COL-0086,EVT-1756,1632,TRUE,YEAR,ALL_EVENTS_V18,,,CURATED_CORPUS,FALSE
CEV-07422,COL-0086,EVT-0944,1633,TRUE,DAY,ALL_EVENTS_V18,,,CURATED_CORPUS,FALSE
CEV-07423,COL-0086,EVT-0945,1634,TRUE,DAY,ALL_EVENTS_V18,,,CURATED_CORPUS,FALSE
CEV-07424,COL-0086,EVT-1757,1635,TRUE,YEAR,ALL_EVENTS_V18,,,CURATED_CORPUS,FALSE
CEV-07425,COL-0086,EVT-1758,1636,TRUE,YEAR,ALL_EVENTS_V18,,,CURATED_CORPUS,FALSE
CEV-07426,COL-0086,EVT-1759,1637,TRUE,YEAR,ALL_EVENTS_V18,,,CURATED_CORPUS,FALSE
CEV-07427,COL-0086,EVT-1760,1638,TRUE,YEAR,ALL_EVENTS_V18,,,CURATED_CORPUS,FALSE
CEV-07428,COL-0086,EVT-1761,1639,TRUE,YEAR,ALL_EVENTS_V18,,,CURATED_CORPUS,FALSE
CEV-07429,COL-0086,EVT-1762,1640,TRUE,YEAR,ALL_EVENTS_V18,,,CURATED_CORPUS,FALSE
CEV-07430,COL-0086,EVT-1763,1641,TRUE,YEAR,ALL_EVENTS_V18,,,CURATED_CORPUS,FALSE
CEV-07431,COL-0086,EVT-1764,1642,TRUE,YEAR,ALL_EVENTS_V18,,,CURATED_CORPUS,FALSE
CEV-07432,COL-0086,EVT-1765,1643,TRUE,YEAR,ALL_EVENTS_V18,,,CURATED_CORPUS,FALSE
CEV-07433,COL-0086,EVT-1766,1644,TRUE,YEAR,ALL_EVENTS_V18,,,CURATED_CORPUS,FALSE
CEV-07434,COL-0086,EVT-1767,1645,TRUE,YEAR,ALL_EVENTS_V18,,,CURATED_CORPUS,FALSE
CEV-07435,COL-0086,EVT-1769,1646,TRUE,YEAR,ALL_EVENTS_V18,,,CURATED_CORPUS,FALSE
CEV-07436,COL-0086,EVT-1028,1647,TRUE,DAY,ALL_EVENTS_V18,,,CURATED_CORPUS,FALSE
CEV-07437,COL-0086,EVT-0978,1648,TRUE,DAY,ALL_EVENTS_V18,,,CURATED_CORPUS,FALSE
CEV-07438,COL-0086,EVT-1768,1649,TRUE,DAY,ALL_EVENTS_V18,,,CURATED_CORPUS,FALSE
CEV-07439,COL-0086,EVT-0291,1650,TRUE,DAY,ALL_EVENTS_V18,,,CURATED_CORPUS,FALSE
CEV-07440,COL-0086,EVT-1770,1651,TRUE,YEAR,ALL_EVENTS_V18,,,CURATED_CORPUS,FALSE
CEV-07441,COL-0086,EVT-1771,1652,TRUE,YEAR,ALL_EVENTS_V18,,,CURATED_CORPUS,FALSE
CEV-07442,COL-0086,EVT-1772,1653,TRUE,YEAR,ALL_EVENTS_V18,,,CURATED_CORPUS,FALSE
CEV-07443,COL-0086,EVT-1773,1654,TRUE,YEAR,ALL_EVENTS_V18,,,CURATED_CORPUS,FALSE
CEV-07444,COL-0086,EVT-1774,1655,TRUE,YEAR,ALL_EVENTS_V18,,,CURATED_CORPUS,FALSE
CEV-07445,COL-0086,EVT-1775,1656,TRUE,YEAR,ALL_EVENTS_V18,,,CURATED_CORPUS,FALSE
CEV-07446,COL-0086,EVT-1776,1657,TRUE,YEAR,ALL_EVENTS_V18,,,CURATED_CORPUS,FALSE
CEV-07447,COL-0086,EVT-1777,1658,TRUE,YEAR,ALL_EVENTS_V18,,,CURATED_CORPUS,FALSE
CEV-07448,COL-0086,EVT-0979,1659,TRUE,DAY,ALL_EVENTS_V18,,,CURATED_CORPUS,FALSE
CEV-07449,COL-0086,EVT-0980,1660,TRUE,DAY,ALL_EVENTS_V18,,,CURATED_CORPUS,FALSE
CEV-07450,COL-0086,EVT-0981,1661,TRUE,DAY,ALL_EVENTS_V18,,,CURATED_CORPUS,FALSE
CEV-07451,COL-0086,EVT-1778,1662,TRUE,YEAR,ALL_EVENTS_V18,,,CURATED_CORPUS,FALSE
CEV-07452,COL-0086,EVT-1779,1663,TRUE,YEAR,ALL_EVENTS_V18,,,CURATED_CORPUS,FALSE
CEV-07453,COL-0086,EVT-1780,1664,TRUE,YEAR,ALL_EVENTS_V18,,,CURATED_CORPUS,FALSE
CEV-07454,COL-0086,EVT-1781,1665,TRUE,YEAR,ALL_EVENTS_V18,,,CURATED_CORPUS,FALSE
CEV-07455,COL-0086,EVT-1782,1666,TRUE,YEAR,ALL_EVENTS_V18,,,CURATED_CORPUS,FALSE
CEV-07456,COL-0086,EVT-1783,1667,TRUE,YEAR,ALL_EVENTS_V18,,,CURATED_CORPUS,FALSE
CEV-07457,COL-0086,EVT-1784,1668,TRUE,YEAR,ALL_EVENTS_V18,,,CURATED_CORPUS,FALSE
CEV-07458,COL-0086,EVT-1785,1669,TRUE,YEAR,ALL_EVENTS_V18,,,CURATED_CORPUS,FALSE
CEV-07459,COL-0086,EVT-1786,1670,TRUE,YEAR,ALL_EVENTS_V18,,,CURATED_CORPUS,FALSE
CEV-07460,COL-0086,EVT-1787,1671,TRUE,YEAR,ALL_EVENTS_V18,,,CURATED_CORPUS,FALSE
CEV-07461,COL-0086,EVT-1788,1672,TRUE,YEAR,ALL_EVENTS_V18,,,CURATED_CORPUS,FALSE
CEV-07462,COL-0086,EVT-0982,1673,TRUE,DAY,ALL_EVENTS_V18,,,CURATED_CORPUS,FALSE
CEV-07463,COL-0086,EVT-1029,1674,TRUE,DAY,ALL_EVENTS_V18,,,CURATED_CORPUS,FALSE
CEV-07464,COL-0086,EVT-0983,1675,TRUE,DAY,ALL_EVENTS_V18,,,CURATED_CORPUS,FALSE
CEV-07465,COL-0086,EVT-1789,1676,TRUE,YEAR,ALL_EVENTS_V18,,,CURATED_CORPUS,FALSE
CEV-07466,COL-0086,EVT-1790,1677,TRUE,YEAR,ALL_EVENTS_V18,,,CURATED_CORPUS,FALSE
CEV-07467,COL-0086,EVT-1791,1678,TRUE,YEAR,ALL_EVENTS_V18,,,CURATED_CORPUS,FALSE
CEV-07468,COL-0086,EVT-1792,1679,TRUE,YEAR,ALL_EVENTS_V18,,,CURATED_CORPUS,FALSE
CEV-07469,COL-0086,EVT-1793,1680,TRUE,YEAR,ALL_EVENTS_V18,,,CURATED_CORPUS,FALSE
CEV-07470,COL-0086,EVT-1794,1681,TRUE,YEAR,ALL_EVENTS_V18,,,CURATED_CORPUS,FALSE
CEV-07471,COL-0086,EVT-1795,1682,TRUE,YEAR,ALL_EVENTS_V18,,,CURATED_CORPUS,FALSE
CEV-07472,COL-0086,EVT-1796,1683,TRUE,YEAR,ALL_EVENTS_V18,,,CURATED_CORPUS,FALSE
CEV-07473,COL-0086,EVT-1797,1684,TRUE,YEAR,ALL_EVENTS_V18,,,CURATED_CORPUS,FALSE
CEV-07474,COL-0086,EVT-1799,1685,TRUE,YEAR,ALL_EVENTS_V18,,,CURATED_CORPUS,FALSE
CEV-07475,COL-0086,EVT-1798,1686,TRUE,DAY,ALL_EVENTS_V18,,,CURATED_CORPUS,FALSE
CEV-07476,COL-0086,EVT-0302,1687,TRUE,DAY,ALL_EVENTS_V18,,,CURATED_CORPUS,FALSE
CEV-07477,COL-0086,EVT-0984,1688,TRUE,DAY,ALL_EVENTS_V18,,,CURATED_CORPUS,FALSE
CEV-07478,COL-0086,EVT-0985,1689,TRUE,DAY,ALL_EVENTS_V18,,,CURATED_CORPUS,FALSE
CEV-07479,COL-0086,EVT-1800,1690,TRUE,YEAR,ALL_EVENTS_V18,,,CURATED_CORPUS,FALSE
CEV-07480,COL-0086,EVT-1801,1691,TRUE,YEAR,ALL_EVENTS_V18,,,CURATED_CORPUS,FALSE
CEV-07481,COL-0086,EVT-1802,1692,TRUE,YEAR,ALL_EVENTS_V18,,,CURATED_CORPUS,FALSE
CEV-07482,COL-0086,EVT-1803,1693,TRUE,YEAR,ALL_EVENTS_V18,,,CURATED_CORPUS,FALSE
CEV-07483,COL-0086,EVT-1804,1694,TRUE,YEAR,ALL_EVENTS_V18,,,CURATED_CORPUS,FALSE
CEV-07484,COL-0086,EVT-1805,1695,TRUE,YEAR,ALL_EVENTS_V18,,,CURATED_CORPUS,FALSE
CEV-07485,COL-0086,EVT-1806,1696,TRUE,YEAR,ALL_EVENTS_V18,,,CURATED_CORPUS,FALSE
CEV-07486,COL-0086,EVT-1807,1697,TRUE,YEAR,ALL_EVENTS_V18,,,CURATED_CORPUS,FALSE
CEV-07487,COL-0086,EVT-1808,1698,TRUE,YEAR,ALL_EVENTS_V18,,,CURATED_CORPUS,FALSE
CEV-07488,COL-0086,EVT-1809,1699,TRUE,YEAR,ALL_EVENTS_V18,,,CURATED_CORPUS,FALSE
CEV-07489,COL-0086,EVT-1810,1700,TRUE,YEAR,ALL_EVENTS_V18,,,CURATED_CORPUS,FALSE
CEV-07490,COL-0086,EVT-1811,1701,TRUE,YEAR,ALL_EVENTS_V18,,,CURATED_CORPUS,FALSE
CEV-07491,COL-0086,EVT-0986,1702,TRUE,DAY,ALL_EVENTS_V18,,,CURATED_CORPUS,FALSE
CEV-07492,COL-0086,EVT-0987,1703,TRUE,DAY,ALL_EVENTS_V18,,,CURATED_CORPUS,FALSE
CEV-07493,COL-0086,EVT-0988,1704,TRUE,DAY,ALL_EVENTS_V18,,,CURATED_CORPUS,FALSE
CEV-07494,COL-0086,EVT-1812,1705,TRUE,YEAR,ALL_EVENTS_V18,,,CURATED_CORPUS,FALSE
CEV-07495,COL-0086,EVT-1813,1706,TRUE,YEAR,ALL_EVENTS_V18,,,CURATED_CORPUS,FALSE
CEV-07496,COL-0086,EVT-1814,1707,TRUE,YEAR,ALL_EVENTS_V18,,,CURATED_CORPUS,FALSE
CEV-07497,COL-0086,EVT-1815,1708,TRUE,YEAR,ALL_EVENTS_V18,,,CURATED_CORPUS,FALSE
CEV-07498,COL-0086,EVT-1816,1709,TRUE,YEAR,ALL_EVENTS_V18,,,CURATED_CORPUS,FALSE
CEV-07499,COL-0086,EVT-1819,1710,TRUE,YEAR,ALL_EVENTS_V18,,,CURATED_CORPUS,FALSE
CEV-07500,COL-0086,EVT-1818,1711,TRUE,DAY,ALL_EVENTS_V18,,,CURATED_CORPUS,FALSE
CEV-07501,COL-0086,EVT-0319,1712,TRUE,DAY,ALL_EVENTS_V18,,,CURATED_CORPUS,FALSE
CEV-07502,COL-0086,EVT-1817,1713,TRUE,DAY,ALL_EVENTS_V18,,,CURATED_CORPUS,FALSE
CEV-07503,COL-0086,EVT-0989,1714,TRUE,DAY,ALL_EVENTS_V18,,,CURATED_CORPUS,FALSE
CEV-07504,COL-0086,EVT-1820,1715,TRUE,YEAR,ALL_EVENTS_V18,,,CURATED_CORPUS,FALSE
CEV-07505,COL-0086,EVT-1821,1716,TRUE,YEAR,ALL_EVENTS_V18,,,CURATED_CORPUS,FALSE
CEV-07506,COL-0086,EVT-1822,1717,TRUE,YEAR,ALL_EVENTS_V18,,,CURATED_CORPUS,FALSE
CEV-07507,COL-0086,EVT-1823,1718,TRUE,YEAR,ALL_EVENTS_V18,,,CURATED_CORPUS,FALSE
CEV-07508,COL-0086,EVT-1824,1719,TRUE,YEAR,ALL_EVENTS_V18,,,CURATED_CORPUS,FALSE
CEV-07509,COL-0086,EVT-1825,1720,TRUE,YEAR,ALL_EVENTS_V18,,,CURATED_CORPUS,FALSE
CEV-07510,COL-0086,EVT-1826,1721,TRUE,YEAR,ALL_EVENTS_V18,,,CURATED_CORPUS,FALSE
CEV-07511,COL-0086,EVT-1827,1722,TRUE,YEAR,ALL_EVENTS_V18,,,CURATED_CORPUS,FALSE
CEV-07512,COL-0086,EVT-1828,1723,TRUE,YEAR,ALL_EVENTS_V18,,,CURATED_CORPUS,FALSE
CEV-07513,COL-0086,EVT-1832,1724,TRUE,YEAR,ALL_EVENTS_V18,,,CURATED_CORPUS,FALSE
CEV-07514,COL-0086,EVT-1833,1725,TRUE,YEAR,ALL_EVENTS_V18,,,CURATED_CORPUS,FALSE
CEV-07515,COL-0086,EVT-1830,1726,TRUE,DAY,ALL_EVENTS_V18,,,CURATED_CORPUS,FALSE
CEV-07516,COL-0086,EVT-1831,1727,TRUE,DAY,ALL_EVENTS_V18,,,CURATED_CORPUS,FALSE
CEV-07517,COL-0086,EVT-1829,1728,TRUE,DAY,ALL_EVENTS_V18,,,CURATED_CORPUS,FALSE
CEV-07518,COL-0086,EVT-0297,1729,TRUE,DAY,ALL_EVENTS_V18,,,CURATED_CORPUS,FALSE
CEV-07519,COL-0086,EVT-1834,1730,TRUE,YEAR,ALL_EVENTS_V18,,,CURATED_CORPUS,FALSE
CEV-07520,COL-0086,EVT-1835,1731,TRUE,YEAR,ALL_EVENTS_V18,,,CURATED_CORPUS,FALSE
CEV-07521,COL-0086,EVT-1836,1732,TRUE,YEAR,ALL_EVENTS_V18,,,CURATED_CORPUS,FALSE
CEV-07522,COL-0086,EVT-1837,1733,TRUE,YEAR,ALL_EVENTS_V18,,,CURATED_CORPUS,FALSE
CEV-07523,COL-0086,EVT-1838,1734,TRUE,YEAR,ALL_EVENTS_V18,,,CURATED_CORPUS,FALSE
CEV-07524,COL-0086,EVT-1839,1735,TRUE,YEAR,ALL_EVENTS_V18,,,CURATED_CORPUS,FALSE
CEV-07525,COL-0086,EVT-1840,1736,TRUE,YEAR,ALL_EVENTS_V18,,,CURATED_CORPUS,FALSE
CEV-07526,COL-0086,EVT-1841,1737,TRUE,YEAR,ALL_EVENTS_V18,,,CURATED_CORPUS,FALSE
CEV-07527,COL-0086,EVT-1842,1738,TRUE,YEAR,ALL_EVENTS_V18,,,CURATED_CORPUS,FALSE
CEV-07528,COL-0086,EVT-1843,1739,TRUE,YEAR,ALL_EVENTS_V18,,,CURATED_CORPUS,FALSE
CEV-07529,COL-0086,EVT-0990,1740,TRUE,DAY,ALL_EVENTS_V18,,,CURATED_CORPUS,FALSE
CEV-07530,COL-0086,EVT-0991,1741,TRUE,DAY,ALL_EVENTS_V18,,,CURATED_CORPUS,FALSE
CEV-07531,COL-0086,EVT-1844,1742,TRUE,YEAR,ALL_EVENTS_V18,,,CURATED_CORPUS,FALSE
CEV-07532,COL-0086,EVT-1845,1743,TRUE,YEAR,ALL_EVENTS_V18,,,CURATED_CORPUS,FALSE
CEV-07533,COL-0086,EVT-1846,1744,TRUE,YEAR,ALL_EVENTS_V18,,,CURATED_CORPUS,FALSE
CEV-07534,COL-0086,EVT-1847,1745,TRUE,YEAR,ALL_EVENTS_V18,,,CURATED_CORPUS,FALSE
CEV-07535,COL-0086,EVT-1848,1746,TRUE,YEAR,ALL_EVENTS_V18,,,CURATED_CORPUS,FALSE
CEV-07536,COL-0086,EVT-1849,1747,TRUE,YEAR,ALL_EVENTS_V18,,,CURATED_CORPUS,FALSE
CEV-07537,COL-0086,EVT-1850,1748,TRUE,YEAR,ALL_EVENTS_V18,,,CURATED_CORPUS,FALSE
CEV-07538,COL-0086,EVT-1851,1749,TRUE,YEAR,ALL_EVENTS_V18,,,CURATED_CORPUS,FALSE
CEV-07539,COL-0086,EVT-1852,1750,TRUE,YEAR,ALL_EVENTS_V18,,,CURATED_CORPUS,FALSE
CEV-07540,COL-0086,EVT-1853,1751,TRUE,YEAR,ALL_EVENTS_V18,,,CURATED_CORPUS,FALSE
CEV-07541,COL-0086,EVT-1855,1752,TRUE,YEAR,ALL_EVENTS_V18,,,CURATED_CORPUS,FALSE
CEV-07542,COL-0086,EVT-1854,1753,TRUE,DAY,ALL_EVENTS_V18,,,CURATED_CORPUS,FALSE
CEV-07543,COL-0086,EVT-0992,1754,TRUE,DAY,ALL_EVENTS_V18,,,CURATED_CORPUS,FALSE
CEV-07544,COL-0086,EVT-0993,1755,TRUE,DAY,ALL_EVENTS_V18,,,CURATED_CORPUS,FALSE
CEV-07545,COL-0086,EVT-0994,1756,TRUE,DAY,ALL_EVENTS_V18,,,CURATED_CORPUS,FALSE
CEV-07546,COL-0086,EVT-1856,1757,TRUE,YEAR,ALL_EVENTS_V18,,,CURATED_CORPUS,FALSE
CEV-07547,COL-0086,EVT-1857,1758,TRUE,YEAR,ALL_EVENTS_V18,,,CURATED_CORPUS,FALSE
CEV-07548,COL-0086,EVT-1858,1759,TRUE,YEAR,ALL_EVENTS_V18,,,CURATED_CORPUS,FALSE
CEV-07549,COL-0086,EVT-1859,1760,TRUE,YEAR,ALL_EVENTS_V18,,,CURATED_CORPUS,FALSE
CEV-07550,COL-0086,EVT-1860,1761,TRUE,YEAR,ALL_EVENTS_V18,,,CURATED_CORPUS,FALSE
CEV-07551,COL-0086,EVT-1861,1762,TRUE,YEAR,ALL_EVENTS_V18,,,CURATED_CORPUS,FALSE
CEV-07552,COL-0086,EVT-1866,1763,TRUE,YEAR,ALL_EVENTS_V18,,,CURATED_CORPUS,FALSE
CEV-07553,COL-0086,EVT-1862,1764,TRUE,DAY,ALL_EVENTS_V18,,,CURATED_CORPUS,FALSE
CEV-07554,COL-0086,EVT-1863,1765,TRUE,DAY,ALL_EVENTS_V18,,,CURATED_CORPUS,FALSE
CEV-07555,COL-0086,EVT-1864,1766,TRUE,DAY,ALL_EVENTS_V18,,,CURATED_CORPUS,FALSE
CEV-07556,COL-0086,EVT-0326,1767,TRUE,DAY,ALL_EVENTS_V18,,,CURATED_CORPUS,FALSE
CEV-07557,COL-0086,EVT-1865,1768,TRUE,DAY,ALL_EVENTS_V18,,,CURATED_CORPUS,FALSE
CEV-07558,COL-0086,EVT-0312,1769,TRUE,YEAR,ALL_EVENTS_V18,,,CURATED_CORPUS,FALSE
CEV-07559,COL-0086,EVT-1867,1770,TRUE,YEAR,ALL_EVENTS_V18,,,CURATED_CORPUS,FALSE
CEV-07560,COL-0086,EVT-1868,1771,TRUE,YEAR,ALL_EVENTS_V18,,,CURATED_CORPUS,FALSE
CEV-07561,COL-0086,EVT-1869,1772,TRUE,YEAR,ALL_EVENTS_V18,,,CURATED_CORPUS,FALSE
CEV-07562,COL-0086,EVT-1870,1773,TRUE,YEAR,ALL_EVENTS_V18,,,CURATED_CORPUS,FALSE
CEV-07563,COL-0086,EVT-1871,1774,TRUE,YEAR,ALL_EVENTS_V18,,,CURATED_CORPUS,FALSE
CEV-07564,COL-0086,EVT-1872,1775,TRUE,YEAR,ALL_EVENTS_V18,,,CURATED_CORPUS,FALSE
CEV-07565,COL-0086,EVT-1873,1776,TRUE,YEAR,ALL_EVENTS_V18,,,CURATED_CORPUS,FALSE
CEV-07566,COL-0086,EVT-1874,1777,TRUE,YEAR,ALL_EVENTS_V18,,,CURATED_CORPUS,FALSE
CEV-07567,COL-0086,EVT-1875,1778,TRUE,YEAR,ALL_EVENTS_V18,,,CURATED_CORPUS,FALSE
CEV-07568,COL-0086,EVT-1876,1779,TRUE,YEAR,ALL_EVENTS_V18,,,CURATED_CORPUS,FALSE
CEV-07569,COL-0086,EVT-1877,1780,TRUE,YEAR,ALL_EVENTS_V18,,,CURATED_CORPUS,FALSE
CEV-07570,COL-0086,EVT-1879,1781,TRUE,YEAR,ALL_EVENTS_V18,,,CURATED_CORPUS,FALSE
CEV-07571,COL-0086,EVT-0995,1782,TRUE,DAY,ALL_EVENTS_V18,,,CURATED_CORPUS,FALSE
CEV-07572,COL-0086,EVT-0996,1783,TRUE,DAY,ALL_EVENTS_V18,,,CURATED_CORPUS,FALSE
CEV-07573,COL-0086,EVT-1878,1784,TRUE,DAY,ALL_EVENTS_V18,,,CURATED_CORPUS,FALSE
CEV-07574,COL-0086,EVT-0997,1785,TRUE,DAY,ALL_EVENTS_V18,,,CURATED_CORPUS,FALSE
CEV-07575,COL-0086,EVT-1880,1786,TRUE,YEAR,ALL_EVENTS_V18,,,CURATED_CORPUS,FALSE
CEV-07576,COL-0086,EVT-1881,1787,TRUE,YEAR,ALL_EVENTS_V18,,,CURATED_CORPUS,FALSE
CEV-07577,COL-0086,EVT-1882,1788,TRUE,YEAR,ALL_EVENTS_V18,,,CURATED_CORPUS,FALSE
CEV-07578,COL-0086,EVT-1883,1789,TRUE,YEAR,ALL_EVENTS_V18,,,CURATED_CORPUS,FALSE
CEV-07579,COL-0086,EVT-1884,1790,TRUE,YEAR,ALL_EVENTS_V18,,,CURATED_CORPUS,FALSE
CEV-07580,COL-0086,EVT-1885,1791,TRUE,YEAR,ALL_EVENTS_V18,,,CURATED_CORPUS,FALSE
CEV-07581,COL-0086,EVT-1886,1792,TRUE,YEAR,ALL_EVENTS_V18,,,CURATED_CORPUS,FALSE
CEV-07582,COL-0086,EVT-1887,1793,TRUE,YEAR,ALL_EVENTS_V18,,,CURATED_CORPUS,FALSE
CEV-07583,COL-0086,EVT-1889,1794,TRUE,YEAR,ALL_EVENTS_V18,,,CURATED_CORPUS,FALSE
CEV-07584,COL-0086,EVT-0998,1795,TRUE,DAY,ALL_EVENTS_V18,,,CURATED_CORPUS,FALSE
CEV-07585,COL-0086,EVT-0999,1796,TRUE,DAY,ALL_EVENTS_V18,,,CURATED_CORPUS,FALSE
CEV-07586,COL-0086,EVT-1000,1797,TRUE,DAY,ALL_EVENTS_V18,,,CURATED_CORPUS,FALSE
CEV-07587,COL-0086,EVT-1888,1798,TRUE,DAY,ALL_EVENTS_V18,,,CURATED_CORPUS,FALSE
CEV-07588,COL-0086,EVT-0311,1799,TRUE,YEAR,ALL_EVENTS_V18,,,CURATED_CORPUS,FALSE
CEV-07589,COL-0086,EVT-1890,1800,TRUE,YEAR,ALL_EVENTS_V18,,,CURATED_CORPUS,FALSE
CEV-07590,COL-0086,EVT-1891,1801,TRUE,YEAR,ALL_EVENTS_V18,,,CURATED_CORPUS,FALSE
CEV-07591,COL-0086,EVT-1892,1802,TRUE,YEAR,ALL_EVENTS_V18,,,CURATED_CORPUS,FALSE
CEV-07592,COL-0086,EVT-1893,1803,TRUE,YEAR,ALL_EVENTS_V18,,,CURATED_CORPUS,FALSE
CEV-07593,COL-0086,EVT-1894,1804,TRUE,YEAR,ALL_EVENTS_V18,,,CURATED_CORPUS,FALSE
CEV-07594,COL-0086,EVT-1895,1805,TRUE,YEAR,ALL_EVENTS_V18,,,CURATED_CORPUS,FALSE
CEV-07595,COL-0086,EVT-1896,1806,TRUE,YEAR,ALL_EVENTS_V18,,,CURATED_CORPUS,FALSE
CEV-07596,COL-0086,EVT-1897,1807,TRUE,YEAR,ALL_EVENTS_V18,,,CURATED_CORPUS,FALSE
CEV-07597,COL-0086,EVT-1898,1808,TRUE,YEAR,ALL_EVENTS_V18,,,CURATED_CORPUS,FALSE
CEV-07598,COL-0086,EVT-1899,1809,TRUE,YEAR,ALL_EVENTS_V18,,,CURATED_CORPUS,FALSE
CEV-07599,COL-0086,EVT-0309,1810,TRUE,RANGE,ALL_EVENTS_V18,,,CURATED_CORPUS,FALSE
CEV-07600,COL-0086,EVT-1001,1811,TRUE,DAY,ALL_EVENTS_V18,,,CURATED_CORPUS,FALSE
CEV-07601,COL-0086,EVT-1902,1812,TRUE,DAY,ALL_EVENTS_V18,,,CURATED_CORPUS,FALSE
CEV-07602,COL-0086,EVT-1900,1813,TRUE,DAY,ALL_EVENTS_V18,,,CURATED_CORPUS,FALSE
CEV-07603,COL-0086,EVT-1901,1814,TRUE,DAY,ALL_EVENTS_V18,,,CURATED_CORPUS,FALSE
CEV-07604,COL-0086,EVT-1903,1815,TRUE,YEAR,ALL_EVENTS_V18,,,CURATED_CORPUS,FALSE
CEV-07605,COL-0086,EVT-1904,1816,TRUE,YEAR,ALL_EVENTS_V18,,,CURATED_CORPUS,FALSE
CEV-07606,COL-0086,EVT-1905,1817,TRUE,YEAR,ALL_EVENTS_V18,,,CURATED_CORPUS,FALSE
CEV-07607,COL-0086,EVT-1906,1818,TRUE,YEAR,ALL_EVENTS_V18,,,CURATED_CORPUS,FALSE
CEV-07608,COL-0086,EVT-1907,1819,TRUE,YEAR,ALL_EVENTS_V18,,,CURATED_CORPUS,FALSE
CEV-07609,COL-0086,EVT-1908,1820,TRUE,YEAR,ALL_EVENTS_V18,,,CURATED_CORPUS,FALSE
CEV-07610,COL-0086,EVT-1909,1821,TRUE,YEAR,ALL_EVENTS_V18,,,CURATED_CORPUS,FALSE
CEV-07611,COL-0086,EVT-1911,1822,TRUE,YEAR,ALL_EVENTS_V18,,,CURATED_CORPUS,FALSE
CEV-07612,COL-0086,EVT-1002,1823,TRUE,DAY,ALL_EVENTS_V18,,,CURATED_CORPUS,FALSE
CEV-07613,COL-0086,EVT-1003,1824,TRUE,DAY,ALL_EVENTS_V18,,,CURATED_CORPUS,FALSE
CEV-07614,COL-0086,EVT-1910,1825,TRUE,DAY,ALL_EVENTS_V18,,,CURATED_CORPUS,FALSE
CEV-07615,COL-0086,EVT-1912,1826,TRUE,YEAR,ALL_EVENTS_V18,,,CURATED_CORPUS,FALSE
CEV-07616,COL-0086,EVT-1913,1827,TRUE,YEAR,ALL_EVENTS_V18,,,CURATED_CORPUS,FALSE
CEV-07617,COL-0086,EVT-1914,1828,TRUE,YEAR,ALL_EVENTS_V18,,,CURATED_CORPUS,FALSE
CEV-07618,COL-0086,EVT-1915,1829,TRUE,YEAR,ALL_EVENTS_V18,,,CURATED_CORPUS,FALSE
CEV-07619,COL-0086,EVT-1916,1830,TRUE,YEAR,ALL_EVENTS_V18,,,CURATED_CORPUS,FALSE
CEV-07620,COL-0086,EVT-1917,1831,TRUE,YEAR,ALL_EVENTS_V18,,,CURATED_CORPUS,FALSE
CEV-07621,COL-0086,EVT-1918,1832,TRUE,YEAR,ALL_EVENTS_V18,,,CURATED_CORPUS,FALSE
CEV-07622,COL-0086,EVT-1919,1833,TRUE,YEAR,ALL_EVENTS_V18,,,CURATED_CORPUS,FALSE
CEV-07623,COL-0086,EVT-1920,1834,TRUE,YEAR,ALL_EVENTS_V18,,,CURATED_CORPUS,FALSE
CEV-07624,COL-0086,EVT-1923,1835,TRUE,YEAR,ALL_EVENTS_V18,,,CURATED_CORPUS,FALSE
CEV-07625,COL-0086,EVT-1924,1836,TRUE,YEAR,ALL_EVENTS_V18,,,CURATED_CORPUS,FALSE
CEV-07626,COL-0086,EVT-1004,1837,TRUE,DAY,ALL_EVENTS_V18,,,CURATED_CORPUS,FALSE
CEV-07627,COL-0086,EVT-1005,1838,TRUE,DAY,ALL_EVENTS_V18,,,CURATED_CORPUS,FALSE
CEV-07628,COL-0086,EVT-1922,1839,TRUE,DAY,ALL_EVENTS_V18,,,CURATED_CORPUS,FALSE
CEV-07629,COL-0086,EVT-1921,1840,TRUE,DAY,ALL_EVENTS_V18,,,CURATED_CORPUS,FALSE
CEV-07630,COL-0086,EVT-1925,1841,TRUE,YEAR,ALL_EVENTS_V18,,,CURATED_CORPUS,FALSE
CEV-07631,COL-0086,EVT-1926,1842,TRUE,YEAR,ALL_EVENTS_V18,,,CURATED_CORPUS,FALSE
CEV-07632,COL-0086,EVT-1927,1843,TRUE,YEAR,ALL_EVENTS_V18,,,CURATED_CORPUS,FALSE
CEV-07633,COL-0086,EVT-1928,1844,TRUE,YEAR,ALL_EVENTS_V18,,,CURATED_CORPUS,FALSE
CEV-07634,COL-0086,EVT-1929,1845,TRUE,YEAR,ALL_EVENTS_V18,,,CURATED_CORPUS,FALSE
CEV-07635,COL-0086,EVT-1930,1846,TRUE,YEAR,ALL_EVENTS_V18,,,CURATED_CORPUS,FALSE
CEV-07636,COL-0086,EVT-1931,1847,TRUE,YEAR,ALL_EVENTS_V18,,,CURATED_CORPUS,FALSE
CEV-07637,COL-0086,EVT-1932,1848,TRUE,YEAR,ALL_EVENTS_V18,,,CURATED_CORPUS,FALSE
CEV-07638,COL-0086,EVT-1933,1849,TRUE,YEAR,ALL_EVENTS_V18,,,CURATED_CORPUS,FALSE
CEV-07639,COL-0086,EVT-1934,1850,TRUE,YEAR,ALL_EVENTS_V18,,,CURATED_CORPUS,FALSE
CEV-07640,COL-0086,EVT-1006,1851,TRUE,DAY,ALL_EVENTS_V18,,,CURATED_CORPUS,FALSE
CEV-07641,COL-0086,EVT-1007,1852,TRUE,DAY,ALL_EVENTS_V18,,,CURATED_CORPUS,FALSE
CEV-07642,COL-0086,EVT-1008,1853,TRUE,DAY,ALL_EVENTS_V18,,,CURATED_CORPUS,FALSE
CEV-07643,COL-0086,EVT-0320,1854,TRUE,DAY,ALL_EVENTS_V18,,,CURATED_CORPUS,FALSE
CEV-07644,COL-0086,EVT-1935,1855,TRUE,YEAR,ALL_EVENTS_V18,,,CURATED_CORPUS,FALSE
CEV-07645,COL-0086,EVT-1936,1856,TRUE,YEAR,ALL_EVENTS_V18,,,CURATED_CORPUS,FALSE
CEV-07646,COL-0086,EVT-1937,1857,TRUE,YEAR,ALL_EVENTS_V18,,,CURATED_CORPUS,FALSE
CEV-07647,COL-0086,EVT-1938,1858,TRUE,YEAR,ALL_EVENTS_V18,,,CURATED_CORPUS,FALSE
CEV-07648,COL-0086,EVT-1939,1859,TRUE,YEAR,ALL_EVENTS_V18,,,CURATED_CORPUS,FALSE
CEV-07649,COL-0086,EVT-1940,1860,TRUE,YEAR,ALL_EVENTS_V18,,,CURATED_CORPUS,FALSE
CEV-07650,COL-0086,EVT-1941,1861,TRUE,YEAR,ALL_EVENTS_V18,,,CURATED_CORPUS,FALSE
CEV-07651,COL-0086,EVT-1942,1862,TRUE,YEAR,ALL_EVENTS_V18,,,CURATED_CORPUS,FALSE
CEV-07652,COL-0086,EVT-1943,1863,TRUE,YEAR,ALL_EVENTS_V18,,,CURATED_CORPUS,FALSE
CEV-07653,COL-0086,EVT-1944,1864,TRUE,YEAR,ALL_EVENTS_V18,,,CURATED_CORPUS,FALSE
CEV-07654,COL-0086,EVT-1945,1865,TRUE,YEAR,ALL_EVENTS_V18,,,CURATED_CORPUS,FALSE
CEV-07655,COL-0086,EVT-1947,1866,TRUE,YEAR,ALL_EVENTS_V18,,,CURATED_CORPUS,FALSE
CEV-07656,COL-0086,EVT-1946,1867,TRUE,DAY,ALL_EVENTS_V18,,,CURATED_CORPUS,FALSE
CEV-07657,COL-0086,EVT-1009,1868,TRUE,DAY,ALL_EVENTS_V18,,,CURATED_CORPUS,FALSE
CEV-07658,COL-0086,EVT-0310,1869,TRUE,DAY,ALL_EVENTS_V18,,,CURATED_CORPUS,FALSE
CEV-07659,COL-0086,EVT-0321,1870,TRUE,DAY,ALL_EVENTS_V18,,,CURATED_CORPUS,FALSE
CEV-07660,COL-0086,EVT-1010,1871,TRUE,DAY,ALL_EVENTS_V18,,,CURATED_CORPUS,FALSE
CEV-07661,COL-0086,EVT-1948,1872,TRUE,YEAR,ALL_EVENTS_V18,,,CURATED_CORPUS,FALSE
CEV-07662,COL-0086,EVT-1949,1873,TRUE,YEAR,ALL_EVENTS_V18,,,CURATED_CORPUS,FALSE
CEV-07663,COL-0086,EVT-1950,1874,TRUE,YEAR,ALL_EVENTS_V18,,,CURATED_CORPUS,FALSE
CEV-07664,COL-0086,EVT-1951,1875,TRUE,YEAR,ALL_EVENTS_V18,,,CURATED_CORPUS,FALSE
CEV-07665,COL-0086,EVT-1952,1876,TRUE,YEAR,ALL_EVENTS_V18,,,CURATED_CORPUS,FALSE
CEV-07666,COL-0086,EVT-1953,1877,TRUE,YEAR,ALL_EVENTS_V18,,,CURATED_CORPUS,FALSE
CEV-07667,COL-0086,EVT-1955,1878,TRUE,DAY,ALL_EVENTS_V18,,,CURATED_CORPUS,FALSE
CEV-07668,COL-0086,EVT-1954,1879,TRUE,DAY,ALL_EVENTS_V18,,,CURATED_CORPUS,FALSE
CEV-07669,COL-0086,EVT-0306,1880,TRUE,DAY,ALL_EVENTS_V18,,,CURATED_CORPUS,FALSE
CEV-07670,COL-0086,EVT-1956,1881,TRUE,YEAR,ALL_EVENTS_V18,,,CURATED_CORPUS,FALSE
CEV-07671,COL-0086,EVT-1957,1882,TRUE,YEAR,ALL_EVENTS_V18,,,CURATED_CORPUS,FALSE
CEV-07672,COL-0086,EVT-1958,1883,TRUE,YEAR,ALL_EVENTS_V18,,,CURATED_CORPUS,FALSE
CEV-07673,COL-0086,EVT-1959,1884,TRUE,YEAR,ALL_EVENTS_V18,,,CURATED_CORPUS,FALSE
CEV-07674,COL-0086,EVT-1960,1885,TRUE,YEAR,ALL_EVENTS_V18,,,CURATED_CORPUS,FALSE
CEV-07675,COL-0086,EVT-1961,1886,TRUE,YEAR,ALL_EVENTS_V18,,,CURATED_CORPUS,FALSE
CEV-07676,COL-0086,EVT-1962,1887,TRUE,YEAR,ALL_EVENTS_V18,,,CURATED_CORPUS,FALSE
CEV-07677,COL-0086,EVT-1963,1888,TRUE,YEAR,ALL_EVENTS_V18,,,CURATED_CORPUS,FALSE
CEV-07678,COL-0086,EVT-1964,1889,TRUE,YEAR,ALL_EVENTS_V18,,,CURATED_CORPUS,FALSE
CEV-07679,COL-0086,EVT-1966,1890,TRUE,YEAR,ALL_EVENTS_V18,,,CURATED_CORPUS,FALSE
CEV-07680,COL-0086,EVT-1967,1891,TRUE,YEAR,ALL_EVENTS_V18,,,CURATED_CORPUS,FALSE
CEV-07681,COL-0086,EVT-1011,1892,TRUE,DAY,ALL_EVENTS_V18,,,CURATED_CORPUS,FALSE
CEV-07682,COL-0086,EVT-1965,1893,TRUE,DAY,ALL_EVENTS_V18,,,CURATED_CORPUS,FALSE
CEV-07683,COL-0086,EVT-1012,1894,TRUE,DAY,ALL_EVENTS_V18,,,CURATED_CORPUS,FALSE
CEV-07684,COL-0086,EVT-1968,1895,TRUE,YEAR,ALL_EVENTS_V18,,,CURATED_CORPUS,FALSE
CEV-07685,COL-0086,EVT-1969,1896,TRUE,YEAR,ALL_EVENTS_V18,,,CURATED_CORPUS,FALSE
CEV-07686,COL-0086,EVT-1970,1897,TRUE,YEAR,ALL_EVENTS_V18,,,CURATED_CORPUS,FALSE
CEV-07687,COL-0086,EVT-1971,1898,TRUE,YEAR,ALL_EVENTS_V18,,,CURATED_CORPUS,FALSE
CEV-07688,COL-0086,EVT-1972,1899,TRUE,YEAR,ALL_EVENTS_V18,,,CURATED_CORPUS,FALSE
CEV-07689,COL-0086,EVT-1973,1900,TRUE,YEAR,ALL_EVENTS_V18,,,CURATED_CORPUS,FALSE
CEV-07690,COL-0086,EVT-1974,1901,TRUE,YEAR,ALL_EVENTS_V18,,,CURATED_CORPUS,FALSE
CEV-07691,COL-0086,EVT-1975,1902,TRUE,YEAR,ALL_EVENTS_V18,,,CURATED_CORPUS,FALSE
CEV-07692,COL-0086,EVT-1976,1903,TRUE,YEAR,ALL_EVENTS_V18,,,CURATED_CORPUS,FALSE
CEV-07693,COL-0086,EVT-1977,1904,TRUE,YEAR,ALL_EVENTS_V18,,,CURATED_CORPUS,FALSE
CEV-07694,COL-0086,EVT-1979,1905,TRUE,YEAR,ALL_EVENTS_V18,,,CURATED_CORPUS,FALSE
CEV-07695,COL-0086,EVT-1978,1906,TRUE,DAY,ALL_EVENTS_V18,,,CURATED_CORPUS,FALSE
CEV-07696,COL-0086,EVT-1013,1907,TRUE,DAY,ALL_EVENTS_V18,,,CURATED_CORPUS,FALSE
CEV-07697,COL-0086,EVT-1014,1908,TRUE,DAY,ALL_EVENTS_V18,,,CURATED_CORPUS,FALSE
CEV-07698,COL-0086,EVT-1015,1909,TRUE,DAY,ALL_EVENTS_V18,,,CURATED_CORPUS,FALSE
CEV-07699,COL-0086,EVT-1980,1910,TRUE,YEAR,ALL_EVENTS_V18,,,CURATED_CORPUS,FALSE
CEV-07700,COL-0086,EVT-1981,1911,TRUE,YEAR,ALL_EVENTS_V18,,,CURATED_CORPUS,FALSE
CEV-07701,COL-0086,EVT-1982,1912,TRUE,YEAR,ALL_EVENTS_V18,,,CURATED_CORPUS,FALSE
CEV-07702,COL-0086,EVT-1983,1913,TRUE,YEAR,ALL_EVENTS_V18,,,CURATED_CORPUS,FALSE
CEV-07703,COL-0086,EVT-1984,1914,TRUE,YEAR,ALL_EVENTS_V18,,,CURATED_CORPUS,FALSE
CEV-07704,COL-0086,EVT-1985,1915,TRUE,YEAR,ALL_EVENTS_V18,,,CURATED_CORPUS,FALSE
CEV-07705,COL-0086,EVT-1986,1916,TRUE,YEAR,ALL_EVENTS_V18,,,CURATED_CORPUS,FALSE
CEV-07706,COL-0086,EVT-1987,1917,TRUE,YEAR,ALL_EVENTS_V18,,,CURATED_CORPUS,FALSE
CEV-07707,COL-0086,EVT-1016,1918,TRUE,DAY,ALL_EVENTS_V18,,,CURATED_CORPUS,FALSE
CEV-07708,COL-0086,EVT-1017,1919,TRUE,DAY,ALL_EVENTS_V18,,,CURATED_CORPUS,FALSE
CEV-07709,COL-0086,EVT-1018,1920,TRUE,DAY,ALL_EVENTS_V18,,,CURATED_CORPUS,FALSE
CEV-07710,COL-0086,EVT-1019,1921,TRUE,DAY,ALL_EVENTS_V18,,,CURATED_CORPUS,FALSE
CEV-07711,COL-0086,EVT-1988,1922,TRUE,YEAR,ALL_EVENTS_V18,,,CURATED_CORPUS,FALSE
CEV-07712,COL-0086,EVT-1989,1923,TRUE,YEAR,ALL_EVENTS_V18,,,CURATED_CORPUS,FALSE
CEV-07713,COL-0086,EVT-1990,1924,TRUE,YEAR,ALL_EVENTS_V18,,,CURATED_CORPUS,FALSE
CEV-07714,COL-0086,EVT-1991,1925,TRUE,YEAR,ALL_EVENTS_V18,,,CURATED_CORPUS,FALSE
CEV-07715,COL-0086,EVT-1992,1926,TRUE,YEAR,ALL_EVENTS_V18,,,CURATED_CORPUS,FALSE
CEV-07716,COL-0086,EVT-1993,1927,TRUE,YEAR,ALL_EVENTS_V18,,,CURATED_CORPUS,FALSE
CEV-07717,COL-0086,EVT-1994,1928,TRUE,YEAR,ALL_EVENTS_V18,,,CURATED_CORPUS,FALSE
CEV-07718,COL-0086,EVT-1995,1929,TRUE,YEAR,ALL_EVENTS_V18,,,CURATED_CORPUS,FALSE
CEV-07719,COL-0086,EVT-1996,1930,TRUE,YEAR,ALL_EVENTS_V18,,,CURATED_CORPUS,FALSE
CEV-07720,COL-0086,EVT-1020,1931,TRUE,DAY,ALL_EVENTS_V18,,,CURATED_CORPUS,FALSE
CEV-07721,COL-0086,EVT-1997,1932,TRUE,DAY,ALL_EVENTS_V18,,,CURATED_CORPUS,FALSE
CEV-07722,COL-0086,EVT-1021,1933,TRUE,DAY,ALL_EVENTS_V18,,,CURATED_CORPUS,FALSE
CEV-07723,COL-0086,EVT-1022,1934,TRUE,DAY,ALL_EVENTS_V18,,,CURATED_CORPUS,FALSE
CEV-07724,COL-0086,EVT-1998,1935,TRUE,YEAR,ALL_EVENTS_V18,,,CURATED_CORPUS,FALSE
CEV-07725,COL-0086,EVT-1999,1936,TRUE,YEAR,ALL_EVENTS_V18,,,CURATED_CORPUS,FALSE
CEV-07726,COL-0086,EVT-2000,1937,TRUE,YEAR,ALL_EVENTS_V18,,,CURATED_CORPUS,FALSE
CEV-07727,COL-0086,EVT-2001,1938,TRUE,YEAR,ALL_EVENTS_V18,,,CURATED_CORPUS,FALSE
CEV-07728,COL-0086,EVT-2002,1939,TRUE,YEAR,ALL_EVENTS_V18,,,CURATED_CORPUS,FALSE
CEV-07729,COL-0086,EVT-2003,1940,TRUE,YEAR,ALL_EVENTS_V18,,,CURATED_CORPUS,FALSE
CEV-07730,COL-0086,EVT-2004,1941,TRUE,YEAR,ALL_EVENTS_V18,,,CURATED_CORPUS,FALSE
CEV-07731,COL-0086,EVT-2005,1942,TRUE,YEAR,ALL_EVENTS_V18,,,CURATED_CORPUS,FALSE
CEV-07732,COL-0086,EVT-2006,1943,TRUE,YEAR,ALL_EVENTS_V18,,,CURATED_CORPUS,FALSE
CEV-07733,COL-0086,EVT-2007,1944,TRUE,YEAR,ALL_EVENTS_V18,,,CURATED_CORPUS,FALSE
CEV-07734,COL-0086,EVT-2010,1945,TRUE,YEAR,ALL_EVENTS_V18,,,CURATED_CORPUS,FALSE
CEV-07735,COL-0086,EVT-2011,1946,TRUE,YEAR,ALL_EVENTS_V18,,,CURATED_CORPUS,FALSE
CEV-07736,COL-0086,EVT-1023,1947,TRUE,DAY,ALL_EVENTS_V18,,,CURATED_CORPUS,FALSE
CEV-07737,COL-0086,EVT-2008,1948,TRUE,DAY,ALL_EVENTS_V18,,,CURATED_CORPUS,FALSE
CEV-07738,COL-0086,EVT-1024,1949,TRUE,DAY,ALL_EVENTS_V18,,,CURATED_CORPUS,FALSE
CEV-07739,COL-0086,EVT-2009,1950,TRUE,DAY,ALL_EVENTS_V18,,,CURATED_CORPUS,FALSE
CEV-07740,COL-0086,EVT-2012,1951,TRUE,YEAR,ALL_EVENTS_V18,,,CURATED_CORPUS,FALSE
CEV-07741,COL-0086,EVT-2013,1952,TRUE,YEAR,ALL_EVENTS_V18,,,CURATED_CORPUS,FALSE
CEV-07742,COL-0086,EVT-2014,1953,TRUE,YEAR,ALL_EVENTS_V18,,,CURATED_CORPUS,FALSE
CEV-07743,COL-0086,EVT-2015,1954,TRUE,YEAR,ALL_EVENTS_V18,,,CURATED_CORPUS,FALSE
CEV-07744,COL-0086,EVT-2017,1955,TRUE,YEAR,ALL_EVENTS_V18,,,CURATED_CORPUS,FALSE
CEV-07745,COL-0086,EVT-2016,1956,TRUE,DAY,ALL_EVENTS_V18,,,CURATED_CORPUS,FALSE
CEV-07746,COL-0086,EVT-0293,1957,TRUE,DAY,ALL_EVENTS_V18,,,CURATED_CORPUS,FALSE
CEV-07747,COL-0086,EVT-1025,1958,TRUE,DAY,ALL_EVENTS_V18,,,CURATED_CORPUS,FALSE
CEV-07748,COL-0086,EVT-1026,1959,TRUE,DAY,ALL_EVENTS_V18,,,CURATED_CORPUS,FALSE
CEV-07749,COL-0086,EVT-2018,1960,TRUE,YEAR,ALL_EVENTS_V18,,,CURATED_CORPUS,FALSE
CEV-07750,COL-0086,EVT-2019,1961,TRUE,YEAR,ALL_EVENTS_V18,,,CURATED_CORPUS,FALSE
CEV-07751,COL-0086,EVT-2020,1962,TRUE,YEAR,ALL_EVENTS_V18,,,CURATED_CORPUS,FALSE
CEV-07752,COL-0086,EVT-2021,1963,TRUE,YEAR,ALL_EVENTS_V18,,,CURATED_CORPUS,FALSE
CEV-07753,COL-0086,EVT-2022,1964,TRUE,YEAR,ALL_EVENTS_V18,,,CURATED_CORPUS,FALSE
CEV-07754,COL-0086,EVT-2023,1965,TRUE,YEAR,ALL_EVENTS_V18,,,CURATED_CORPUS,FALSE
CEV-07755,COL-0086,EVT-2024,1966,TRUE,YEAR,ALL_EVENTS_V18,,,CURATED_CORPUS,FALSE
CEV-07756,COL-0086,EVT-2025,1967,TRUE,YEAR,ALL_EVENTS_V18,,,CURATED_CORPUS,FALSE
CEV-07757,COL-0086,EVT-2026,1968,TRUE,YEAR,ALL_EVENTS_V18,,,CURATED_CORPUS,FALSE
CEV-07758,COL-0086,EVT-2027,1969,TRUE,YEAR,ALL_EVENTS_V18,,,CURATED_CORPUS,FALSE
CEV-07759,COL-0086,EVT-2028,1970,TRUE,YEAR,ALL_EVENTS_V18,,,CURATED_CORPUS,FALSE
CEV-07760,COL-0086,EVT-2029,1971,TRUE,YEAR,ALL_EVENTS_V18,,,CURATED_CORPUS,FALSE
CEV-07761,COL-0086,EVT-1027,1972,TRUE,DAY,ALL_EVENTS_V18,,,CURATED_CORPUS,FALSE
CEV-07762,COL-0086,EVT-2030,1973,TRUE,DAY,ALL_EVENTS_V18,,,CURATED_CORPUS,FALSE
CEV-07763,COL-0086,EVT-2031,1974,TRUE,YEAR,ALL_EVENTS_V18,,,CURATED_CORPUS,FALSE
CEV-07764,COL-0086,EVT-2032,1975,TRUE,YEAR,ALL_EVENTS_V18,,,CURATED_CORPUS,FALSE
CEV-07765,COL-0086,EVT-2033,1976,TRUE,YEAR,ALL_EVENTS_V18,,,CURATED_CORPUS,FALSE
CEV-07766,COL-0086,EVT-2034,1977,TRUE,YEAR,ALL_EVENTS_V18,,,CURATED_CORPUS,FALSE
CEV-07767,COL-0086,EVT-2035,1978,TRUE,YEAR,ALL_EVENTS_V18,,,CURATED_CORPUS,FALSE
CEV-07768,COL-0086,EVT-2036,1979,TRUE,YEAR,ALL_EVENTS_V18,,,CURATED_CORPUS,FALSE
CEV-07769,COL-0086,EVT-2037,1980,TRUE,YEAR,ALL_EVENTS_V18,,,CURATED_CORPUS,FALSE
CEV-07770,COL-0086,EVT-2038,1981,TRUE,YEAR,ALL_EVENTS_V18,,,CURATED_CORPUS,FALSE
CEV-07771,COL-0086,EVT-2039,1982,TRUE,YEAR,ALL_EVENTS_V18,,,CURATED_CORPUS,FALSE
CEV-07772,COL-0086,EVT-2040,1983,TRUE,YEAR,ALL_EVENTS_V18,,,CURATED_CORPUS,FALSE
CEV-07773,COL-0086,EVT-2041,1984,TRUE,YEAR,ALL_EVENTS_V18,,,CURATED_CORPUS,FALSE
CEV-07774,COL-0086,EVT-0294,1985,TRUE,DAY,ALL_EVENTS_V18,,,CURATED_CORPUS,FALSE
CEV-07775,COL-0086,EVT-0009,1986,FALSE,NOT_AUTOMATIC,ALL_EVENTS_V18,,,CURATED_CORPUS,FALSE
CEV-07776,COL-0086,EVT-0022,1987,FALSE,NOT_AUTOMATIC,ALL_EVENTS_V18,,,CURATED_CORPUS,FALSE
CEV-07777,COL-0086,EVT-0025,1988,FALSE,NOT_AUTOMATIC,ALL_EVENTS_V18,,,CURATED_CORPUS,FALSE
CEV-07778,COL-0086,EVT-0026,1989,FALSE,NOT_AUTOMATIC,ALL_EVENTS_V18,,,CURATED_CORPUS,FALSE
CEV-07779,COL-0086,EVT-0029,1990,FALSE,NOT_AUTOMATIC,ALL_EVENTS_V18,,,CURATED_CORPUS,FALSE
CEV-07780,COL-0086,EVT-0053,1991,FALSE,NOT_AUTOMATIC,ALL_EVENTS_V18,,,CURATED_CORPUS,FALSE
CEV-07781,COL-0086,EVT-0142,1992,FALSE,NOT_AUTOMATIC,ALL_EVENTS_V18,,,CURATED_CORPUS,FALSE
CEV-07782,COL-0086,EVT-0145,1993,FALSE,NOT_AUTOMATIC,ALL_EVENTS_V18,,,CURATED_CORPUS,FALSE
CEV-07783,COL-0086,EVT-0168,1994,FALSE,NOT_AUTOMATIC,ALL_EVENTS_V18,,,CURATED_CORPUS,FALSE
CEV-07784,COL-0086,EVT-0169,1995,FALSE,NOT_AUTOMATIC,ALL_EVENTS_V18,,,CURATED_CORPUS,FALSE
CEV-07785,COL-0086,EVT-0170,1996,FALSE,NOT_AUTOMATIC,ALL_EVENTS_V18,,,CURATED_CORPUS,FALSE
CEV-07786,COL-0086,EVT-0338,1997,FALSE,NOT_AUTOMATIC,ALL_EVENTS_V18,,,CURATED_CORPUS,FALSE
CEV-07787,COL-0086,EVT-0339,1998,FALSE,NOT_AUTOMATIC,ALL_EVENTS_V18,,,CURATED_CORPUS,FALSE
CEV-07788,COL-0086,EVT-0342,1999,FALSE,NOT_AUTOMATIC,ALL_EVENTS_V18,,,CURATED_CORPUS,FALSE
CEV-07789,COL-0086,EVT-0345,2000,FALSE,NOT_AUTOMATIC,ALL_EVENTS_V18,,,CURATED_CORPUS,FALSE
CEV-07790,COL-0087,EVT-1193,1,TRUE,YEAR,series-summer-olympics,,,HIGH,FALSE
CEV-07791,COL-0087,EVT-1197,2,TRUE,YEAR,series-summer-olympics,,,HIGH,FALSE
CEV-07792,COL-0087,EVT-1205,3,TRUE,YEAR,series-summer-olympics,,,HIGH,FALSE
CEV-07793,COL-0087,EVT-1214,4,TRUE,YEAR,series-summer-olympics,,,HIGH,FALSE
CEV-07794,COL-0087,EVT-1224,5,TRUE,YEAR,series-summer-olympics,,,HIGH,FALSE
CEV-07795,COL-0087,EVT-1231,6,TRUE,YEAR,series-summer-olympics,,,HIGH,FALSE
CEV-07796,COL-0087,EVT-1241,7,TRUE,YEAR,series-summer-olympics,,,HIGH,FALSE
CEV-07797,COL-0087,EVT-1254,8,TRUE,YEAR,series-summer-olympics,,,HIGH,FALSE
CEV-07798,COL-0087,EVT-1295,9,TRUE,YEAR,series-summer-olympics,,,HIGH,FALSE
CEV-07799,COL-0087,EVT-1317,10,TRUE,YEAR,series-summer-olympics,,,HIGH,FALSE
CEV-07800,COL-0087,EVT-1345,11,TRUE,YEAR,series-summer-olympics,,,HIGH,FALSE
CEV-07801,COL-0087,EVT-1375,12,TRUE,YEAR,series-summer-olympics,,,HIGH,FALSE
CEV-07802,COL-0087,EVT-1439,13,TRUE,YEAR,series-summer-olympics,,,HIGH,FALSE
CEV-07803,COL-0087,EVT-1478,14,TRUE,YEAR,series-summer-olympics,,,HIGH,FALSE
CEV-07804,COL-0087,EVT-1513,15,TRUE,YEAR,series-summer-olympics,,,HIGH,FALSE
CEV-07805,COL-0087,EVT-1552,16,TRUE,YEAR,series-summer-olympics,,,HIGH,FALSE
CEV-07806,COL-0087,EVT-1590,17,TRUE,YEAR,series-summer-olympics,,,HIGH,FALSE
CEV-07807,COL-0087,EVT-1633,18,TRUE,YEAR,series-summer-olympics,,,HIGH,FALSE
CEV-07808,COL-0087,EVT-1725,19,TRUE,YEAR,series-summer-olympics,,,HIGH,FALSE
CEV-07809,COL-0087,EVT-1807,20,TRUE,YEAR,series-summer-olympics,,,HIGH,FALSE
CEV-07810,COL-0087,EVT-1941,21,TRUE,YEAR,series-summer-olympics,,,HIGH,FALSE
CEV-07811,COL-0088,EVT-1244,1,TRUE,YEAR,series-winter-olympics,,,HIGH,FALSE
CEV-07812,COL-0088,EVT-1257,2,TRUE,YEAR,series-winter-olympics,,,HIGH,FALSE
CEV-07813,COL-0088,EVT-1269,3,TRUE,YEAR,series-winter-olympics,,,HIGH,FALSE
CEV-07814,COL-0088,EVT-1299,4,TRUE,YEAR,series-winter-olympics,,,HIGH,FALSE
CEV-07815,COL-0088,EVT-1320,5,TRUE,YEAR,series-winter-olympics,,,HIGH,FALSE
CEV-07816,COL-0088,EVT-1349,6,TRUE,YEAR,series-winter-olympics,,,HIGH,FALSE
CEV-07817,COL-0088,EVT-1378,7,TRUE,YEAR,series-winter-olympics,,,HIGH,FALSE
CEV-07818,COL-0088,EVT-1411,8,TRUE,YEAR,series-winter-olympics,,,HIGH,FALSE
CEV-07819,COL-0088,EVT-1445,9,TRUE,YEAR,series-winter-olympics,,,HIGH,FALSE
CEV-07820,COL-0088,EVT-1483,10,TRUE,YEAR,series-winter-olympics,,,HIGH,FALSE
CEV-07821,COL-0088,EVT-1518,11,TRUE,YEAR,series-winter-olympics,,,HIGH,FALSE
CEV-07822,COL-0088,EVT-1557,12,TRUE,YEAR,series-winter-olympics,,,HIGH,FALSE
CEV-07823,COL-0088,EVT-1595,13,TRUE,YEAR,series-winter-olympics,,,HIGH,FALSE
CEV-07824,COL-0088,EVT-1641,14,TRUE,YEAR,series-winter-olympics,,,HIGH,FALSE
CEV-07825,COL-0088,EVT-1682,15,TRUE,YEAR,series-winter-olympics,,,HIGH,FALSE
CEV-07826,COL-0088,EVT-1706,16,TRUE,YEAR,series-winter-olympics,,,HIGH,FALSE
CEV-07827,COL-0088,EVT-1749,17,TRUE,YEAR,series-winter-olympics,,,HIGH,FALSE
CEV-07828,COL-0088,EVT-1788,18,TRUE,YEAR,series-winter-olympics,,,HIGH,FALSE
CEV-07829,COL-0088,EVT-1833,19,TRUE,YEAR,series-winter-olympics,,,HIGH,FALSE
CEV-07830,COL-0088,EVT-1879,20,TRUE,YEAR,series-winter-olympics,,,HIGH,FALSE
CEV-07831,COL-0088,EVT-1924,21,TRUE,YEAR,series-winter-olympics,,,HIGH,FALSE
CEV-07832,COL-0088,EVT-1967,22,TRUE,YEAR,series-winter-olympics,,,HIGH,FALSE
CEV-07833,COL-0088,EVT-2011,23,TRUE,YEAR,series-winter-olympics,,,HIGH,FALSE
CEV-07834,COL-0089,EVT-1259,1,TRUE,YEAR,series-fifa-world-cup,,,HIGH,FALSE
CEV-07835,COL-0089,EVT-1273,2,TRUE,YEAR,series-fifa-world-cup,,,HIGH,FALSE
CEV-07836,COL-0089,EVT-1302,3,TRUE,YEAR,series-fifa-world-cup,,,HIGH,FALSE
CEV-07837,COL-0089,EVT-1328,4,TRUE,YEAR,series-fifa-world-cup,,,HIGH,FALSE
CEV-07838,COL-0089,EVT-1354,5,TRUE,YEAR,series-fifa-world-cup,,,HIGH,FALSE
CEV-07839,COL-0089,EVT-1389,6,TRUE,YEAR,series-fifa-world-cup,,,HIGH,FALSE
CEV-07840,COL-0089,EVT-1421,7,TRUE,YEAR,series-fifa-world-cup,,,HIGH,FALSE
CEV-07841,COL-0089,EVT-1458,8,TRUE,YEAR,series-fifa-world-cup,,,HIGH,FALSE
CEV-07842,COL-0089,EVT-1492,9,TRUE,YEAR,series-fifa-world-cup,,,HIGH,FALSE
CEV-07843,COL-0089,EVT-1531,10,TRUE,YEAR,series-fifa-world-cup,,,HIGH,FALSE
CEV-07844,COL-0089,EVT-1567,11,TRUE,YEAR,series-fifa-world-cup,,,HIGH,FALSE
CEV-07845,COL-0089,EVT-1607,12,TRUE,YEAR,series-fifa-world-cup,,,HIGH,FALSE
CEV-07846,COL-0089,EVT-1652,13,TRUE,YEAR,series-fifa-world-cup,,,HIGH,FALSE
CEV-07847,COL-0089,EVT-1697,14,TRUE,YEAR,series-fifa-world-cup,,,HIGH,FALSE
CEV-07848,COL-0089,EVT-1741,15,TRUE,YEAR,series-fifa-world-cup,,,HIGH,FALSE
CEV-07849,COL-0089,EVT-1781,16,TRUE,YEAR,series-fifa-world-cup,,,HIGH,FALSE
CEV-07850,COL-0089,EVT-1823,17,TRUE,YEAR,series-fifa-world-cup,,,HIGH,FALSE
CEV-07851,COL-0089,EVT-1871,18,TRUE,YEAR,series-fifa-world-cup,,,HIGH,FALSE
CEV-07852,COL-0089,EVT-1915,19,TRUE,YEAR,series-fifa-world-cup,,,HIGH,FALSE
CEV-07853,COL-0089,EVT-1959,20,TRUE,YEAR,series-fifa-world-cup,,,HIGH,FALSE
CEV-07854,COL-0089,EVT-2002,21,TRUE,YEAR,series-fifa-world-cup,,,HIGH,FALSE
CEV-07855,COL-0090,EVT-1376,1,TRUE,YEAR,series-uefa-euro,,,HIGH,FALSE
CEV-07856,COL-0090,EVT-1407,2,TRUE,YEAR,series-uefa-euro,,,HIGH,FALSE
CEV-07857,COL-0090,EVT-1442,3,TRUE,YEAR,series-uefa-euro,,,HIGH,FALSE
CEV-07858,COL-0090,EVT-1480,4,TRUE,YEAR,series-uefa-euro,,,HIGH,FALSE
CEV-07859,COL-0090,EVT-1516,5,TRUE,YEAR,series-uefa-euro,,,HIGH,FALSE
CEV-07860,COL-0090,EVT-1554,6,TRUE,YEAR,series-uefa-euro,,,HIGH,FALSE
CEV-07861,COL-0090,EVT-1592,7,TRUE,YEAR,series-uefa-euro,,,HIGH,FALSE
CEV-07862,COL-0090,EVT-1636,8,TRUE,YEAR,series-uefa-euro,,,HIGH,FALSE
CEV-07863,COL-0090,EVT-1678,9,TRUE,YEAR,series-uefa-euro,,,HIGH,FALSE
CEV-07864,COL-0090,EVT-1726,10,TRUE,YEAR,series-uefa-euro,,,HIGH,FALSE
CEV-07865,COL-0090,EVT-1766,11,TRUE,YEAR,series-uefa-euro,,,HIGH,FALSE
CEV-07866,COL-0090,EVT-1810,12,TRUE,YEAR,series-uefa-euro,,,HIGH,FALSE
CEV-07867,COL-0090,EVT-1852,13,TRUE,YEAR,series-uefa-euro,,,HIGH,FALSE
CEV-07868,COL-0090,EVT-1898,14,TRUE,YEAR,series-uefa-euro,,,HIGH,FALSE
CEV-07869,COL-0090,EVT-1944,15,TRUE,YEAR,series-uefa-euro,,,HIGH,FALSE
CEV-07870,COL-0090,EVT-1996,16,TRUE,YEAR,series-uefa-euro,,,HIGH,FALSE
CEV-07871,COL-0090,EVT-2028,17,TRUE,YEAR,series-uefa-euro,,,HIGH,FALSE
CEV-07872,COL-0091,EVT-1621,1,TRUE,YEAR,series-rugby-world-cup,,,HIGH,FALSE
CEV-07873,COL-0091,EVT-1666,2,TRUE,YEAR,series-rugby-world-cup,,,HIGH,FALSE
CEV-07874,COL-0091,EVT-1714,3,TRUE,YEAR,series-rugby-world-cup,,,HIGH,FALSE
CEV-07875,COL-0091,EVT-1755,4,TRUE,YEAR,series-rugby-world-cup,,,HIGH,FALSE
CEV-07876,COL-0091,EVT-1795,5,TRUE,YEAR,series-rugby-world-cup,,,HIGH,FALSE
CEV-07877,COL-0091,EVT-1842,6,TRUE,YEAR,series-rugby-world-cup,,,HIGH,FALSE
CEV-07878,COL-0091,EVT-1886,7,TRUE,YEAR,series-rugby-world-cup,,,HIGH,FALSE
CEV-07879,COL-0091,EVT-1932,8,TRUE,YEAR,series-rugby-world-cup,,,HIGH,FALSE
CEV-07880,COL-0091,EVT-1975,9,TRUE,YEAR,series-rugby-world-cup,,,HIGH,FALSE
CEV-07881,COL-0091,EVT-2014,10,TRUE,YEAR,series-rugby-world-cup,,,HIGH,FALSE
CEV-07882,COL-0092,EVT-1106,1,TRUE,YEAR,series-us-presidential-election,,,HIGH,FALSE
CEV-07883,COL-0092,EVT-1108,2,TRUE,YEAR,series-us-presidential-election,,,HIGH,FALSE
CEV-07884,COL-0092,EVT-1112,3,TRUE,YEAR,series-us-presidential-election,,,HIGH,FALSE
CEV-07885,COL-0092,EVT-1114,4,TRUE,YEAR,series-us-presidential-election,,,HIGH,FALSE
CEV-07886,COL-0092,EVT-1117,5,TRUE,YEAR,series-us-presidential-election,,,HIGH,FALSE
CEV-07887,COL-0092,EVT-1119,6,TRUE,YEAR,series-us-presidential-election,,,HIGH,FALSE
CEV-07888,COL-0092,EVT-1122,7,TRUE,YEAR,series-us-presidential-election,,,HIGH,FALSE
CEV-07889,COL-0092,EVT-1123,8,TRUE,YEAR,series-us-presidential-election,,,HIGH,FALSE
CEV-07890,COL-0092,EVT-1124,9,TRUE,YEAR,series-us-presidential-election,,,HIGH,FALSE
CEV-07891,COL-0092,EVT-1125,10,TRUE,YEAR,series-us-presidential-election,,,HIGH,FALSE
CEV-07892,COL-0092,EVT-1126,11,TRUE,YEAR,series-us-presidential-election,,,HIGH,FALSE
CEV-07893,COL-0092,EVT-1131,12,TRUE,YEAR,series-us-presidential-election,,,HIGH,FALSE
CEV-07894,COL-0092,EVT-1133,13,TRUE,YEAR,series-us-presidential-election,,,HIGH,FALSE
CEV-07895,COL-0092,EVT-1137,14,TRUE,YEAR,series-us-presidential-election,,,HIGH,FALSE
CEV-07896,COL-0092,EVT-1139,15,TRUE,YEAR,series-us-presidential-election,,,HIGH,FALSE
CEV-07897,COL-0092,EVT-1142,16,TRUE,YEAR,series-us-presidential-election,,,HIGH,FALSE
CEV-07898,COL-0092,EVT-1146,17,TRUE,YEAR,series-us-presidential-election,,,HIGH,FALSE
CEV-07899,COL-0092,EVT-1149,18,TRUE,YEAR,series-us-presidential-election,,,HIGH,FALSE
CEV-07900,COL-0092,EVT-1151,19,TRUE,YEAR,series-us-presidential-election,,,HIGH,FALSE
CEV-07901,COL-0092,EVT-1154,20,TRUE,YEAR,series-us-presidential-election,,,HIGH,FALSE
CEV-07902,COL-0092,EVT-1156,21,TRUE,YEAR,series-us-presidential-election,,,HIGH,FALSE
CEV-07903,COL-0092,EVT-1158,22,TRUE,YEAR,series-us-presidential-election,,,HIGH,FALSE
CEV-07904,COL-0092,EVT-1161,23,TRUE,YEAR,series-us-presidential-election,,,HIGH,FALSE
CEV-07905,COL-0092,EVT-1165,24,TRUE,YEAR,series-us-presidential-election,,,HIGH,FALSE
CEV-07906,COL-0092,EVT-1169,25,TRUE,YEAR,series-us-presidential-election,,,HIGH,FALSE
CEV-07907,COL-0092,EVT-1176,26,TRUE,YEAR,series-us-presidential-election,,,HIGH,FALSE
CEV-07908,COL-0092,EVT-1182,27,TRUE,YEAR,series-us-presidential-election,,,HIGH,FALSE
CEV-07909,COL-0092,EVT-1188,28,TRUE,YEAR,series-us-presidential-election,,,HIGH,FALSE
CEV-07910,COL-0092,EVT-1194,29,TRUE,YEAR,series-us-presidential-election,,,HIGH,FALSE
CEV-07911,COL-0092,EVT-1199,30,TRUE,YEAR,series-us-presidential-election,,,HIGH,FALSE
CEV-07912,COL-0092,EVT-1207,31,TRUE,YEAR,series-us-presidential-election,,,HIGH,FALSE
CEV-07913,COL-0092,EVT-1215,32,TRUE,YEAR,series-us-presidential-election,,,HIGH,FALSE
CEV-07914,COL-0092,EVT-1220,33,TRUE,YEAR,series-us-presidential-election,,,HIGH,FALSE
CEV-07915,COL-0092,EVT-1226,34,TRUE,YEAR,series-us-presidential-election,,,HIGH,FALSE
CEV-07916,COL-0092,EVT-1233,35,TRUE,YEAR,series-us-presidential-election,,,HIGH,FALSE
CEV-07917,COL-0092,EVT-1243,36,TRUE,YEAR,series-us-presidential-election,,,HIGH,FALSE
CEV-07918,COL-0092,EVT-1255,37,TRUE,YEAR,series-us-presidential-election,,,HIGH,FALSE
CEV-07919,COL-0092,EVT-1268,38,TRUE,YEAR,series-us-presidential-election,,,HIGH,FALSE
CEV-07920,COL-0092,EVT-1280,39,TRUE,YEAR,series-us-presidential-election,,,HIGH,FALSE
CEV-07921,COL-0092,EVT-1285,40,TRUE,YEAR,series-us-presidential-election,,,HIGH,FALSE
CEV-07922,COL-0092,EVT-1297,41,TRUE,YEAR,series-us-presidential-election,,,HIGH,FALSE
CEV-07923,COL-0092,EVT-1319,42,TRUE,YEAR,series-us-presidential-election,,,HIGH,FALSE
CEV-07924,COL-0092,EVT-1347,43,TRUE,YEAR,series-us-presidential-election,,,HIGH,FALSE
CEV-07925,COL-0092,EVT-1377,44,TRUE,YEAR,series-us-presidential-election,,,HIGH,FALSE
CEV-07926,COL-0092,EVT-1408,45,TRUE,YEAR,series-us-presidential-election,,,HIGH,FALSE
CEV-07927,COL-0092,EVT-1443,46,TRUE,YEAR,series-us-presidential-election,,,HIGH,FALSE
CEV-07928,COL-0092,EVT-1481,47,TRUE,YEAR,series-us-presidential-election,,,HIGH,FALSE
CEV-07929,COL-0092,EVT-1517,48,TRUE,YEAR,series-us-presidential-election,,,HIGH,FALSE
CEV-07930,COL-0092,EVT-1555,49,TRUE,YEAR,series-us-presidential-election,,,HIGH,FALSE
CEV-07931,COL-0092,EVT-1593,50,TRUE,YEAR,series-us-presidential-election,,,HIGH,FALSE
CEV-07932,COL-0092,EVT-1637,51,TRUE,YEAR,series-us-presidential-election,,,HIGH,FALSE
CEV-07933,COL-0092,EVT-1679,52,TRUE,YEAR,series-us-presidential-election,,,HIGH,FALSE
CEV-07934,COL-0092,EVT-1727,53,TRUE,YEAR,series-us-presidential-election,,,HIGH,FALSE
CEV-07935,COL-0092,EVT-1767,54,TRUE,YEAR,series-us-presidential-election,,,HIGH,FALSE
CEV-07936,COL-0092,EVT-1811,55,TRUE,YEAR,series-us-presidential-election,,,HIGH,FALSE
CEV-07937,COL-0092,EVT-1853,56,TRUE,YEAR,series-us-presidential-election,,,HIGH,FALSE
CEV-07938,COL-0092,EVT-1899,57,TRUE,YEAR,series-us-presidential-election,,,HIGH,FALSE
CEV-07939,COL-0092,EVT-1945,58,TRUE,YEAR,series-us-presidential-election,,,HIGH,FALSE
CEV-07940,COL-0092,EVT-1987,59,TRUE,YEAR,series-us-presidential-election,,,HIGH,FALSE
CEV-07941,COL-0092,EVT-2029,60,TRUE,YEAR,series-us-presidential-election,,,HIGH,FALSE
CEV-07942,COL-0093,EVT-1415,1,TRUE,YEAR,series-fr-presidential,,,HIGH,FALSE
CEV-07943,COL-0093,EVT-1450,2,TRUE,YEAR,series-fr-presidential,,,HIGH,FALSE
CEV-07944,COL-0093,EVT-1494,3,TRUE,YEAR,series-fr-presidential,,,HIGH,FALSE
CEV-07945,COL-0093,EVT-1629,4,TRUE,YEAR,series-fr-presidential,,,HIGH,FALSE
CEV-07946,COL-0093,EVT-1711,5,TRUE,YEAR,series-fr-presidential,,,HIGH,FALSE
CEV-07947,COL-0093,EVT-1783,6,TRUE,YEAR,series-fr-presidential,,,HIGH,FALSE
CEV-07948,COL-0093,EVT-1838,7,TRUE,YEAR,series-fr-presidential,,,HIGH,FALSE
CEV-07949,COL-0093,EVT-1893,8,TRUE,YEAR,series-fr-presidential,,,HIGH,FALSE
CEV-07950,COL-0093,EVT-1952,9,TRUE,YEAR,series-fr-presidential,,,HIGH,FALSE
CEV-07951,COL-0093,EVT-2004,10,TRUE,YEAR,series-fr-presidential,,,HIGH,FALSE
CEV-07952,COL-0094,EVT-1245,1,TRUE,YEAR,series-oscars,,,HIGH,FALSE
CEV-07953,COL-0094,EVT-1248,2,TRUE,YEAR,series-oscars,,,HIGH,FALSE
CEV-07954,COL-0094,EVT-1250,3,TRUE,YEAR,series-oscars,,,HIGH,FALSE
CEV-07955,COL-0094,EVT-1253,4,TRUE,YEAR,series-oscars,,,HIGH,FALSE
CEV-07956,COL-0094,EVT-1260,5,TRUE,YEAR,series-oscars,,,HIGH,FALSE
CEV-07957,COL-0094,EVT-1263,6,TRUE,YEAR,series-oscars,,,HIGH,FALSE
CEV-07958,COL-0094,EVT-1266,7,TRUE,YEAR,series-oscars,,,HIGH,FALSE
CEV-07959,COL-0094,EVT-1270,8,TRUE,YEAR,series-oscars,,,HIGH,FALSE
CEV-07960,COL-0094,EVT-1274,9,TRUE,YEAR,series-oscars,,,HIGH,FALSE
CEV-07961,COL-0094,EVT-1276,10,TRUE,YEAR,series-oscars,,,HIGH,FALSE
CEV-07962,COL-0094,EVT-1279,11,TRUE,YEAR,series-oscars,,,HIGH,FALSE
CEV-07963,COL-0094,EVT-1281,12,TRUE,YEAR,series-oscars,,,HIGH,FALSE
CEV-07964,COL-0094,EVT-1282,13,TRUE,YEAR,series-oscars,,,HIGH,FALSE
CEV-07965,COL-0094,EVT-1284,14,TRUE,YEAR,series-oscars,,,HIGH,FALSE
CEV-07966,COL-0094,EVT-1286,15,TRUE,YEAR,series-oscars,,,HIGH,FALSE
CEV-07967,COL-0094,EVT-1288,16,TRUE,YEAR,series-oscars,,,HIGH,FALSE
CEV-07968,COL-0094,EVT-1291,17,TRUE,YEAR,series-oscars,,,HIGH,FALSE
CEV-07969,COL-0094,EVT-1294,18,TRUE,YEAR,series-oscars,,,HIGH,FALSE
CEV-07970,COL-0094,EVT-1305,19,TRUE,YEAR,series-oscars,,,HIGH,FALSE
CEV-07971,COL-0094,EVT-1310,20,TRUE,YEAR,series-oscars,,,HIGH,FALSE
CEV-07972,COL-0094,EVT-1316,21,TRUE,YEAR,series-oscars,,,HIGH,FALSE
CEV-07973,COL-0094,EVT-1324,22,TRUE,YEAR,series-oscars,,,HIGH,FALSE
CEV-07974,COL-0094,EVT-1331,23,TRUE,YEAR,series-oscars,,,HIGH,FALSE
CEV-07975,COL-0094,EVT-1336,24,TRUE,YEAR,series-oscars,,,HIGH,FALSE
CEV-07976,COL-0094,EVT-1344,25,TRUE,YEAR,series-oscars,,,HIGH,FALSE
CEV-07977,COL-0094,EVT-1357,26,TRUE,YEAR,series-oscars,,,HIGH,FALSE
CEV-07978,COL-0094,EVT-1366,27,TRUE,YEAR,series-oscars,,,HIGH,FALSE
CEV-07979,COL-0094,EVT-1374,28,TRUE,YEAR,series-oscars,,,HIGH,FALSE
CEV-07980,COL-0094,EVT-1383,29,TRUE,YEAR,series-oscars,,,HIGH,FALSE
CEV-07981,COL-0094,EVT-1391,30,TRUE,YEAR,series-oscars,,,HIGH,FALSE
CEV-07982,COL-0094,EVT-1398,31,TRUE,YEAR,series-oscars,,,HIGH,FALSE
CEV-07983,COL-0094,EVT-1405,32,TRUE,YEAR,series-oscars,,,HIGH,FALSE
CEV-07984,COL-0094,EVT-1424,33,TRUE,YEAR,series-oscars,,,HIGH,FALSE
CEV-07985,COL-0094,EVT-1431,34,TRUE,YEAR,series-oscars,,,HIGH,FALSE
CEV-07986,COL-0094,EVT-1438,35,TRUE,YEAR,series-oscars,,,HIGH,FALSE
CEV-07987,COL-0094,EVT-1452,36,TRUE,YEAR,series-oscars,,,HIGH,FALSE
CEV-07988,COL-0094,EVT-1462,37,TRUE,YEAR,series-oscars,,,HIGH,FALSE
CEV-07989,COL-0094,EVT-1467,38,TRUE,YEAR,series-oscars,,,HIGH,FALSE
CEV-07990,COL-0094,EVT-1477,39,TRUE,YEAR,series-oscars,,,HIGH,FALSE
CEV-07991,COL-0094,EVT-1497,40,TRUE,YEAR,series-oscars,,,HIGH,FALSE
CEV-07992,COL-0094,EVT-1504,41,TRUE,YEAR,series-oscars,,,HIGH,FALSE
CEV-07993,COL-0094,EVT-1512,42,TRUE,YEAR,series-oscars,,,HIGH,FALSE
CEV-07994,COL-0094,EVT-1526,43,TRUE,YEAR,series-oscars,,,HIGH,FALSE
CEV-07995,COL-0094,EVT-1534,44,TRUE,YEAR,series-oscars,,,HIGH,FALSE
CEV-07996,COL-0094,EVT-1541,45,TRUE,YEAR,series-oscars,,,HIGH,FALSE
CEV-07997,COL-0094,EVT-1551,46,TRUE,YEAR,series-oscars,,,HIGH,FALSE
CEV-07998,COL-0094,EVT-1571,47,TRUE,YEAR,series-oscars,,,HIGH,FALSE
CEV-07999,COL-0094,EVT-1580,48,TRUE,YEAR,series-oscars,,,HIGH,FALSE
CEV-08000,COL-0094,EVT-1589,49,TRUE,YEAR,series-oscars,,,HIGH,FALSE
CEV-08001,COL-0094,EVT-1600,50,TRUE,YEAR,series-oscars,,,HIGH,FALSE
CEV-08002,COL-0094,EVT-1611,51,TRUE,YEAR,series-oscars,,,HIGH,FALSE
CEV-08003,COL-0094,EVT-1620,52,TRUE,YEAR,series-oscars,,,HIGH,FALSE
CEV-08004,COL-0094,EVT-1632,53,TRUE,YEAR,series-oscars,,,HIGH,FALSE
CEV-08005,COL-0094,EVT-1655,54,TRUE,YEAR,series-oscars,,,HIGH,FALSE
CEV-08006,COL-0094,EVT-1665,55,TRUE,YEAR,series-oscars,,,HIGH,FALSE
CEV-08007,COL-0094,EVT-1675,56,TRUE,YEAR,series-oscars,,,HIGH,FALSE
CEV-08008,COL-0094,EVT-1689,57,TRUE,YEAR,series-oscars,,,HIGH,FALSE
CEV-08009,COL-0094,EVT-1701,58,TRUE,YEAR,series-oscars,,,HIGH,FALSE
CEV-08010,COL-0094,EVT-1713,59,TRUE,YEAR,series-oscars,,,HIGH,FALSE
CEV-08011,COL-0094,EVT-1724,60,TRUE,YEAR,series-oscars,,,HIGH,FALSE
CEV-08012,COL-0094,EVT-1745,61,TRUE,YEAR,series-oscars,,,HIGH,FALSE
CEV-08013,COL-0094,EVT-1754,62,TRUE,YEAR,series-oscars,,,HIGH,FALSE
CEV-08014,COL-0094,EVT-1763,63,TRUE,YEAR,series-oscars,,,HIGH,FALSE
CEV-08015,COL-0094,EVT-1775,64,TRUE,YEAR,series-oscars,,,HIGH,FALSE
CEV-08016,COL-0094,EVT-1786,65,TRUE,YEAR,series-oscars,,,HIGH,FALSE
CEV-08017,COL-0094,EVT-1794,66,TRUE,YEAR,series-oscars,,,HIGH,FALSE
CEV-08018,COL-0094,EVT-1806,67,TRUE,YEAR,series-oscars,,,HIGH,FALSE
CEV-08019,COL-0094,EVT-1826,68,TRUE,YEAR,series-oscars,,,HIGH,FALSE
CEV-08020,COL-0094,EVT-1841,69,TRUE,YEAR,series-oscars,,,HIGH,FALSE
CEV-08021,COL-0094,EVT-1850,70,TRUE,YEAR,series-oscars,,,HIGH,FALSE
CEV-08022,COL-0094,EVT-1859,71,TRUE,YEAR,series-oscars,,,HIGH,FALSE
CEV-08023,COL-0094,EVT-1875,72,TRUE,YEAR,series-oscars,,,HIGH,FALSE
CEV-08024,COL-0094,EVT-1885,73,TRUE,YEAR,series-oscars,,,HIGH,FALSE
CEV-08025,COL-0094,EVT-1896,74,TRUE,YEAR,series-oscars,,,HIGH,FALSE
CEV-08026,COL-0094,EVT-1919,75,TRUE,YEAR,series-oscars,,,HIGH,FALSE
CEV-08027,COL-0094,EVT-1931,76,TRUE,YEAR,series-oscars,,,HIGH,FALSE
CEV-08028,COL-0094,EVT-1940,77,TRUE,YEAR,series-oscars,,,HIGH,FALSE
CEV-08029,COL-0094,EVT-1953,78,TRUE,YEAR,series-oscars,,,HIGH,FALSE
CEV-08030,COL-0094,EVT-1962,79,TRUE,YEAR,series-oscars,,,HIGH,FALSE
CEV-08031,COL-0094,EVT-1974,80,TRUE,YEAR,series-oscars,,,HIGH,FALSE
CEV-08032,COL-0094,EVT-1985,81,TRUE,YEAR,series-oscars,,,HIGH,FALSE
CEV-08033,COL-0094,EVT-2006,82,TRUE,YEAR,series-oscars,,,HIGH,FALSE
CEV-08034,COL-0094,EVT-2013,83,TRUE,YEAR,series-oscars,,,HIGH,FALSE
CEV-08035,COL-0094,EVT-2025,84,TRUE,YEAR,series-oscars,,,HIGH,FALSE
CEV-08036,COL-0094,EVT-2038,85,TRUE,YEAR,series-oscars,,,HIGH,FALSE
CEV-08037,COL-0095,EVT-1303,1,TRUE,YEAR,series-formula-one,,,HIGH,FALSE
CEV-08038,COL-0095,EVT-1309,2,TRUE,YEAR,series-formula-one,,,HIGH,FALSE
CEV-08039,COL-0095,EVT-1322,3,TRUE,YEAR,series-formula-one,,,HIGH,FALSE
CEV-08040,COL-0095,EVT-1329,4,TRUE,YEAR,series-formula-one,,,HIGH,FALSE
CEV-08041,COL-0095,EVT-1335,5,TRUE,YEAR,series-formula-one,,,HIGH,FALSE
CEV-08042,COL-0095,EVT-1342,6,TRUE,YEAR,series-formula-one,,,HIGH,FALSE
CEV-08043,COL-0095,EVT-1355,7,TRUE,YEAR,series-formula-one,,,HIGH,FALSE
CEV-08044,COL-0095,EVT-1363,8,TRUE,YEAR,series-formula-one,,,HIGH,FALSE
CEV-08045,COL-0095,EVT-1371,9,TRUE,YEAR,series-formula-one,,,HIGH,FALSE
CEV-08046,COL-0095,EVT-1381,10,TRUE,YEAR,series-formula-one,,,HIGH,FALSE
CEV-08047,COL-0095,EVT-1396,11,TRUE,YEAR,series-formula-one,,,HIGH,FALSE
CEV-08048,COL-0095,EVT-1402,12,TRUE,YEAR,series-formula-one,,,HIGH,FALSE
CEV-08049,COL-0095,EVT-1414,13,TRUE,YEAR,series-formula-one,,,HIGH,FALSE
CEV-08050,COL-0095,EVT-1430,14,TRUE,YEAR,series-formula-one,,,HIGH,FALSE
CEV-08051,COL-0095,EVT-1435,15,TRUE,YEAR,series-formula-one,,,HIGH,FALSE
CEV-08052,COL-0095,EVT-1449,16,TRUE,YEAR,series-formula-one,,,HIGH,FALSE
CEV-08053,COL-0095,EVT-1459,17,TRUE,YEAR,series-formula-one,,,HIGH,FALSE
CEV-08054,COL-0095,EVT-1474,18,TRUE,YEAR,series-formula-one,,,HIGH,FALSE
CEV-08055,COL-0095,EVT-1486,19,TRUE,YEAR,series-formula-one,,,HIGH,FALSE
CEV-08056,COL-0095,EVT-1493,20,TRUE,YEAR,series-formula-one,,,HIGH,FALSE
CEV-08057,COL-0095,EVT-1502,21,TRUE,YEAR,series-formula-one,,,HIGH,FALSE
CEV-08058,COL-0095,EVT-1523,22,TRUE,YEAR,series-formula-one,,,HIGH,FALSE
CEV-08059,COL-0095,EVT-1532,23,TRUE,YEAR,series-formula-one,,,HIGH,FALSE
CEV-08060,COL-0095,EVT-1539,24,TRUE,YEAR,series-formula-one,,,HIGH,FALSE
CEV-08061,COL-0095,EVT-1562,25,TRUE,YEAR,series-formula-one,,,HIGH,FALSE
CEV-08062,COL-0095,EVT-1568,26,TRUE,YEAR,series-formula-one,,,HIGH,FALSE
CEV-08063,COL-0095,EVT-1577,27,TRUE,YEAR,series-formula-one,,,HIGH,FALSE
CEV-08064,COL-0095,EVT-1587,28,TRUE,YEAR,series-formula-one,,,HIGH,FALSE
CEV-08065,COL-0095,EVT-1608,29,TRUE,YEAR,series-formula-one,,,HIGH,FALSE
CEV-08066,COL-0095,EVT-1618,30,TRUE,YEAR,series-formula-one,,,HIGH,FALSE
CEV-08067,COL-0095,EVT-1628,31,TRUE,YEAR,series-formula-one,,,HIGH,FALSE
CEV-08068,COL-0095,EVT-1645,32,TRUE,YEAR,series-formula-one,,,HIGH,FALSE
CEV-08069,COL-0095,EVT-1663,33,TRUE,YEAR,series-formula-one,,,HIGH,FALSE
CEV-08070,COL-0095,EVT-1672,34,TRUE,YEAR,series-formula-one,,,HIGH,FALSE
CEV-08071,COL-0095,EVT-1687,35,TRUE,YEAR,series-formula-one,,,HIGH,FALSE
CEV-08072,COL-0095,EVT-1698,36,TRUE,YEAR,series-formula-one,,,HIGH,FALSE
CEV-08073,COL-0095,EVT-1721,37,TRUE,YEAR,series-formula-one,,,HIGH,FALSE
CEV-08074,COL-0095,EVT-1731,38,TRUE,YEAR,series-formula-one,,,HIGH,FALSE
CEV-08075,COL-0095,EVT-1742,39,TRUE,YEAR,series-formula-one,,,HIGH,FALSE
CEV-08076,COL-0095,EVT-1761,40,TRUE,YEAR,series-formula-one,,,HIGH,FALSE
CEV-08077,COL-0095,EVT-1772,41,TRUE,YEAR,series-formula-one,,,HIGH,FALSE
CEV-08078,COL-0095,EVT-1782,42,TRUE,YEAR,series-formula-one,,,HIGH,FALSE
CEV-08079,COL-0095,EVT-1792,43,TRUE,YEAR,series-formula-one,,,HIGH,FALSE
CEV-08080,COL-0095,EVT-1814,44,TRUE,YEAR,series-formula-one,,,HIGH,FALSE
CEV-08081,COL-0095,EVT-1824,45,TRUE,YEAR,series-formula-one,,,HIGH,FALSE
CEV-08082,COL-0095,EVT-1837,46,TRUE,YEAR,series-formula-one,,,HIGH,FALSE
CEV-08083,COL-0095,EVT-1847,47,TRUE,YEAR,series-formula-one,,,HIGH,FALSE
CEV-08084,COL-0095,EVT-1872,48,TRUE,YEAR,series-formula-one,,,HIGH,FALSE
CEV-08085,COL-0095,EVT-1884,49,TRUE,YEAR,series-formula-one,,,HIGH,FALSE
CEV-08086,COL-0095,EVT-1892,50,TRUE,YEAR,series-formula-one,,,HIGH,FALSE
CEV-08087,COL-0095,EVT-1916,51,TRUE,YEAR,series-formula-one,,,HIGH,FALSE
CEV-08088,COL-0095,EVT-1929,52,TRUE,YEAR,series-formula-one,,,HIGH,FALSE
CEV-08089,COL-0095,EVT-1937,53,TRUE,YEAR,series-formula-one,,,HIGH,FALSE
CEV-08090,COL-0095,EVT-1951,54,TRUE,YEAR,series-formula-one,,,HIGH,FALSE
CEV-08091,COL-0095,EVT-1971,55,TRUE,YEAR,series-formula-one,,,HIGH,FALSE
CEV-08092,COL-0095,EVT-1982,56,TRUE,YEAR,series-formula-one,,,HIGH,FALSE
CEV-08093,COL-0095,EVT-1992,57,TRUE,YEAR,series-formula-one,,,HIGH,FALSE
CEV-08094,COL-0095,EVT-2003,58,TRUE,YEAR,series-formula-one,,,HIGH,FALSE
CEV-08095,COL-0095,EVT-2022,59,TRUE,YEAR,series-formula-one,,,HIGH,FALSE
CEV-08096,COL-0095,EVT-2035,60,TRUE,YEAR,series-formula-one,,,HIGH,FALSE
CEV-08097,COL-0096,EVT-1198,1,TRUE,YEAR,series-tour-de-france,,,HIGH,FALSE
CEV-08098,COL-0096,EVT-1201,2,TRUE,YEAR,series-tour-de-france,,,HIGH,FALSE
CEV-08099,COL-0096,EVT-1202,3,TRUE,YEAR,series-tour-de-france,,,HIGH,FALSE
CEV-08100,COL-0096,EVT-1206,4,TRUE,YEAR,series-tour-de-france,,,HIGH,FALSE
CEV-08101,COL-0096,EVT-1208,5,TRUE,YEAR,series-tour-de-france,,,HIGH,FALSE
CEV-08102,COL-0096,EVT-1211,6,TRUE,YEAR,series-tour-de-france,,,HIGH,FALSE
CEV-08103,COL-0096,EVT-1213,7,TRUE,YEAR,series-tour-de-france,,,HIGH,FALSE
CEV-08104,COL-0096,EVT-1217,8,TRUE,YEAR,series-tour-de-france,,,HIGH,FALSE
CEV-08105,COL-0096,EVT-1218,9,TRUE,YEAR,series-tour-de-france,,,HIGH,FALSE
CEV-08106,COL-0096,EVT-1221,10,TRUE,YEAR,series-tour-de-france,,,HIGH,FALSE
CEV-08107,COL-0096,EVT-1225,11,TRUE,YEAR,series-tour-de-france,,,HIGH,FALSE
CEV-08108,COL-0096,EVT-1228,12,TRUE,YEAR,series-tour-de-france,,,HIGH,FALSE
CEV-08109,COL-0096,EVT-1230,13,TRUE,YEAR,series-tour-de-france,,,HIGH,FALSE
CEV-08110,COL-0096,EVT-1232,14,TRUE,YEAR,series-tour-de-france,,,HIGH,FALSE
CEV-08111,COL-0096,EVT-1235,15,TRUE,YEAR,series-tour-de-france,,,HIGH,FALSE
CEV-08112,COL-0096,EVT-1239,16,TRUE,YEAR,series-tour-de-france,,,HIGH,FALSE
CEV-08113,COL-0096,EVT-1242,17,TRUE,YEAR,series-tour-de-france,,,HIGH,FALSE
CEV-08114,COL-0096,EVT-1246,18,TRUE,YEAR,series-tour-de-france,,,HIGH,FALSE
CEV-08115,COL-0096,EVT-1249,19,TRUE,YEAR,series-tour-de-france,,,HIGH,FALSE
CEV-08116,COL-0096,EVT-1251,20,TRUE,YEAR,series-tour-de-france,,,HIGH,FALSE
CEV-08117,COL-0096,EVT-1258,21,TRUE,YEAR,series-tour-de-france,,,HIGH,FALSE
CEV-08118,COL-0096,EVT-1261,22,TRUE,YEAR,series-tour-de-france,,,HIGH,FALSE
CEV-08119,COL-0096,EVT-1264,23,TRUE,YEAR,series-tour-de-france,,,HIGH,FALSE
CEV-08120,COL-0096,EVT-1267,24,TRUE,YEAR,series-tour-de-france,,,HIGH,FALSE
CEV-08121,COL-0096,EVT-1275,25,TRUE,YEAR,series-tour-de-france,,,HIGH,FALSE
CEV-08122,COL-0096,EVT-1277,26,TRUE,YEAR,series-tour-de-france,,,HIGH,FALSE
CEV-08123,COL-0096,EVT-1292,27,TRUE,YEAR,series-tour-de-france,,,HIGH,FALSE
CEV-08124,COL-0096,EVT-1296,28,TRUE,YEAR,series-tour-de-france,,,HIGH,FALSE
CEV-08125,COL-0096,EVT-1306,29,TRUE,YEAR,series-tour-de-france,,,HIGH,FALSE
CEV-08126,COL-0096,EVT-1311,30,TRUE,YEAR,series-tour-de-france,,,HIGH,FALSE
CEV-08127,COL-0096,EVT-1318,31,TRUE,YEAR,series-tour-de-france,,,HIGH,FALSE
CEV-08128,COL-0096,EVT-1325,32,TRUE,YEAR,series-tour-de-france,,,HIGH,FALSE
CEV-08129,COL-0096,EVT-1337,33,TRUE,YEAR,series-tour-de-france,,,HIGH,FALSE
CEV-08130,COL-0096,EVT-1346,34,TRUE,YEAR,series-tour-de-france,,,HIGH,FALSE
CEV-08131,COL-0096,EVT-1352,35,TRUE,YEAR,series-tour-de-france,,,HIGH,FALSE
CEV-08132,COL-0096,EVT-1358,36,TRUE,YEAR,series-tour-de-france,,,HIGH,FALSE
CEV-08133,COL-0096,EVT-1367,37,TRUE,YEAR,series-tour-de-france,,,HIGH,FALSE
CEV-08134,COL-0096,EVT-1384,38,TRUE,YEAR,series-tour-de-france,,,HIGH,FALSE
CEV-08135,COL-0096,EVT-1392,39,TRUE,YEAR,series-tour-de-france,,,HIGH,FALSE
CEV-08136,COL-0096,EVT-1399,40,TRUE,YEAR,series-tour-de-france,,,HIGH,FALSE
CEV-08137,COL-0096,EVT-1406,41,TRUE,YEAR,series-tour-de-france,,,HIGH,FALSE
CEV-08138,COL-0096,EVT-1425,42,TRUE,YEAR,series-tour-de-france,,,HIGH,FALSE
CEV-08139,COL-0096,EVT-1433,43,TRUE,YEAR,series-tour-de-france,,,HIGH,FALSE
CEV-08140,COL-0096,EVT-1441,44,TRUE,YEAR,series-tour-de-france,,,HIGH,FALSE
CEV-08141,COL-0096,EVT-1453,45,TRUE,YEAR,series-tour-de-france,,,HIGH,FALSE
CEV-08142,COL-0096,EVT-1469,46,TRUE,YEAR,series-tour-de-france,,,HIGH,FALSE
CEV-08143,COL-0096,EVT-1479,47,TRUE,YEAR,series-tour-de-france,,,HIGH,FALSE
CEV-08144,COL-0096,EVT-1488,48,TRUE,YEAR,series-tour-de-france,,,HIGH,FALSE
CEV-08145,COL-0096,EVT-1499,49,TRUE,YEAR,series-tour-de-france,,,HIGH,FALSE
CEV-08146,COL-0096,EVT-1515,50,TRUE,YEAR,series-tour-de-france,,,HIGH,FALSE
CEV-08147,COL-0096,EVT-1528,51,TRUE,YEAR,series-tour-de-france,,,HIGH,FALSE
CEV-08148,COL-0096,EVT-1535,52,TRUE,YEAR,series-tour-de-france,,,HIGH,FALSE
CEV-08149,COL-0096,EVT-1543,53,TRUE,YEAR,series-tour-de-france,,,HIGH,FALSE
CEV-08150,COL-0096,EVT-1564,54,TRUE,YEAR,series-tour-de-france,,,HIGH,FALSE
CEV-08151,COL-0096,EVT-1573,55,TRUE,YEAR,series-tour-de-france,,,HIGH,FALSE
CEV-08152,COL-0096,EVT-1582,56,TRUE,YEAR,series-tour-de-france,,,HIGH,FALSE
CEV-08153,COL-0096,EVT-1591,57,TRUE,YEAR,series-tour-de-france,,,HIGH,FALSE
CEV-08154,COL-0096,EVT-1602,58,TRUE,YEAR,series-tour-de-france,,,HIGH,FALSE
CEV-08155,COL-0096,EVT-1622,59,TRUE,YEAR,series-tour-de-france,,,HIGH,FALSE
CEV-08156,COL-0096,EVT-1635,60,TRUE,YEAR,series-tour-de-france,,,HIGH,FALSE
CEV-08157,COL-0096,EVT-1648,61,TRUE,YEAR,series-tour-de-france,,,HIGH,FALSE
CEV-08158,COL-0096,EVT-1656,62,TRUE,YEAR,series-tour-de-france,,,HIGH,FALSE
CEV-08159,COL-0096,EVT-1677,63,TRUE,YEAR,series-tour-de-france,,,HIGH,FALSE
CEV-08160,COL-0096,EVT-1690,64,TRUE,YEAR,series-tour-de-france,,,HIGH,FALSE
CEV-08161,COL-0096,EVT-1703,65,TRUE,YEAR,series-tour-de-france,,,HIGH,FALSE
CEV-08162,COL-0096,EVT-1716,66,TRUE,YEAR,series-tour-de-france,,,HIGH,FALSE
CEV-08163,COL-0096,EVT-1734,67,TRUE,YEAR,series-tour-de-france,,,HIGH,FALSE
CEV-08164,COL-0096,EVT-1747,68,TRUE,YEAR,series-tour-de-france,,,HIGH,FALSE
CEV-08165,COL-0096,EVT-1756,69,TRUE,YEAR,series-tour-de-france,,,HIGH,FALSE
CEV-08166,COL-0096,EVT-1765,70,TRUE,YEAR,series-tour-de-france,,,HIGH,FALSE
CEV-08167,COL-0096,EVT-1787,71,TRUE,YEAR,series-tour-de-france,,,HIGH,FALSE
CEV-08168,COL-0096,EVT-1797,72,TRUE,YEAR,series-tour-de-france,,,HIGH,FALSE
CEV-08169,COL-0096,EVT-1809,73,TRUE,YEAR,series-tour-de-france,,,HIGH,FALSE
CEV-08170,COL-0096,EVT-1816,74,TRUE,YEAR,series-tour-de-france,,,HIGH,FALSE
CEV-08171,COL-0096,EVT-1828,75,TRUE,YEAR,series-tour-de-france,,,HIGH,FALSE
CEV-08172,COL-0096,EVT-1851,76,TRUE,YEAR,series-tour-de-france,,,HIGH,FALSE
CEV-08173,COL-0096,EVT-1861,77,TRUE,YEAR,series-tour-de-france,,,HIGH,FALSE
CEV-08174,COL-0096,EVT-1877,78,TRUE,YEAR,series-tour-de-france,,,HIGH,FALSE
CEV-08175,COL-0096,EVT-1887,79,TRUE,YEAR,series-tour-de-france,,,HIGH,FALSE
CEV-08176,COL-0096,EVT-1909,80,TRUE,YEAR,series-tour-de-france,,,HIGH,FALSE
CEV-08177,COL-0096,EVT-1920,81,TRUE,YEAR,series-tour-de-france,,,HIGH,FALSE
CEV-08178,COL-0096,EVT-1934,82,TRUE,YEAR,series-tour-de-france,,,HIGH,FALSE
CEV-08179,COL-0096,EVT-1943,83,TRUE,YEAR,series-tour-de-france,,,HIGH,FALSE
CEV-08180,COL-0096,EVT-1964,84,TRUE,YEAR,series-tour-de-france,,,HIGH,FALSE
CEV-08181,COL-0096,EVT-1977,85,TRUE,YEAR,series-tour-de-france,,,HIGH,FALSE
CEV-08182,COL-0096,EVT-1986,86,TRUE,YEAR,series-tour-de-france,,,HIGH,FALSE
CEV-08183,COL-0096,EVT-1995,87,TRUE,YEAR,series-tour-de-france,,,HIGH,FALSE
CEV-08184,COL-0096,EVT-2015,88,TRUE,YEAR,series-tour-de-france,,,HIGH,FALSE
CEV-08185,COL-0096,EVT-2027,89,TRUE,YEAR,series-tour-de-france,,,HIGH,FALSE
CEV-08186,COL-0096,EVT-2040,90,TRUE,YEAR,series-tour-de-france,,,HIGH,FALSE
CEV-08187,COL-0097,EVT-1341,1,TRUE,YEAR,series-eurovision,,,HIGH,FALSE
CEV-08188,COL-0097,EVT-1351,2,TRUE,YEAR,series-eurovision,,,HIGH,FALSE
CEV-08189,COL-0097,EVT-1362,3,TRUE,YEAR,series-eurovision,,,HIGH,FALSE
CEV-08190,COL-0097,EVT-1370,4,TRUE,YEAR,series-eurovision,,,HIGH,FALSE
CEV-08191,COL-0097,EVT-1380,5,TRUE,YEAR,series-eurovision,,,HIGH,FALSE
CEV-08192,COL-0097,EVT-1388,6,TRUE,YEAR,series-eurovision,,,HIGH,FALSE
CEV-08193,COL-0097,EVT-1401,7,TRUE,YEAR,series-eurovision,,,HIGH,FALSE
CEV-08194,COL-0097,EVT-1413,8,TRUE,YEAR,series-eurovision,,,HIGH,FALSE
CEV-08195,COL-0097,EVT-1420,9,TRUE,YEAR,series-eurovision,,,HIGH,FALSE
CEV-08196,COL-0097,EVT-1429,10,TRUE,YEAR,series-eurovision,,,HIGH,FALSE
CEV-08197,COL-0097,EVT-1448,11,TRUE,YEAR,series-eurovision,,,HIGH,FALSE
CEV-08198,COL-0097,EVT-1457,12,TRUE,YEAR,series-eurovision,,,HIGH,FALSE
CEV-08199,COL-0097,EVT-1464,13,TRUE,YEAR,series-eurovision,,,HIGH,FALSE
CEV-08200,COL-0097,EVT-1473,14,TRUE,YEAR,series-eurovision,,,HIGH,FALSE
CEV-08201,COL-0097,EVT-1491,15,TRUE,YEAR,series-eurovision,,,HIGH,FALSE
CEV-08202,COL-0097,EVT-1501,16,TRUE,YEAR,series-eurovision,,,HIGH,FALSE
CEV-08203,COL-0097,EVT-1509,17,TRUE,YEAR,series-eurovision,,,HIGH,FALSE
CEV-08204,COL-0097,EVT-1522,18,TRUE,YEAR,series-eurovision,,,HIGH,FALSE
CEV-08205,COL-0097,EVT-1538,19,TRUE,YEAR,series-eurovision,,,HIGH,FALSE
CEV-08206,COL-0097,EVT-1548,20,TRUE,YEAR,series-eurovision,,,HIGH,FALSE
CEV-08207,COL-0097,EVT-1561,21,TRUE,YEAR,series-eurovision,,,HIGH,FALSE
CEV-08208,COL-0097,EVT-1566,22,TRUE,YEAR,series-eurovision,,,HIGH,FALSE
CEV-08209,COL-0097,EVT-1586,23,TRUE,YEAR,series-eurovision,,,HIGH,FALSE
CEV-08210,COL-0097,EVT-1598,24,TRUE,YEAR,series-eurovision,,,HIGH,FALSE
CEV-08211,COL-0097,EVT-1606,25,TRUE,YEAR,series-eurovision,,,HIGH,FALSE
CEV-08212,COL-0097,EVT-1617,26,TRUE,YEAR,series-eurovision,,,HIGH,FALSE
CEV-08213,COL-0097,EVT-1644,27,TRUE,YEAR,series-eurovision,,,HIGH,FALSE
CEV-08214,COL-0097,EVT-1651,28,TRUE,YEAR,series-eurovision,,,HIGH,FALSE
CEV-08215,COL-0097,EVT-1662,29,TRUE,YEAR,series-eurovision,,,HIGH,FALSE
CEV-08216,COL-0097,EVT-1686,30,TRUE,YEAR,series-eurovision,,,HIGH,FALSE
CEV-08217,COL-0097,EVT-1696,31,TRUE,YEAR,series-eurovision,,,HIGH,FALSE
CEV-08218,COL-0097,EVT-1710,32,TRUE,YEAR,series-eurovision,,,HIGH,FALSE
CEV-08219,COL-0097,EVT-1720,33,TRUE,YEAR,series-eurovision,,,HIGH,FALSE
CEV-08220,COL-0097,EVT-1740,34,TRUE,YEAR,series-eurovision,,,HIGH,FALSE
CEV-08221,COL-0097,EVT-1752,35,TRUE,YEAR,series-eurovision,,,HIGH,FALSE
CEV-08222,COL-0097,EVT-1760,36,TRUE,YEAR,series-eurovision,,,HIGH,FALSE
CEV-08223,COL-0097,EVT-1771,37,TRUE,YEAR,series-eurovision,,,HIGH,FALSE
CEV-08224,COL-0097,EVT-1791,38,TRUE,YEAR,series-eurovision,,,HIGH,FALSE
CEV-08225,COL-0097,EVT-1803,39,TRUE,YEAR,series-eurovision,,,HIGH,FALSE
CEV-08226,COL-0097,EVT-1813,40,TRUE,YEAR,series-eurovision,,,HIGH,FALSE
CEV-08227,COL-0097,EVT-1822,41,TRUE,YEAR,series-eurovision,,,HIGH,FALSE
CEV-08228,COL-0097,EVT-1846,42,TRUE,YEAR,series-eurovision,,,HIGH,FALSE
CEV-08229,COL-0097,EVT-1857,43,TRUE,YEAR,series-eurovision,,,HIGH,FALSE
CEV-08230,COL-0097,EVT-1870,44,TRUE,YEAR,series-eurovision,,,HIGH,FALSE
CEV-08231,COL-0097,EVT-1883,45,TRUE,YEAR,series-eurovision,,,HIGH,FALSE
CEV-08232,COL-0097,EVT-1905,46,TRUE,YEAR,series-eurovision,,,HIGH,FALSE
CEV-08233,COL-0097,EVT-1914,47,TRUE,YEAR,series-eurovision,,,HIGH,FALSE
CEV-08234,COL-0097,EVT-1928,48,TRUE,YEAR,series-eurovision,,,HIGH,FALSE
CEV-08235,COL-0097,EVT-1936,49,TRUE,YEAR,series-eurovision,,,HIGH,FALSE
CEV-08236,COL-0097,EVT-1958,50,TRUE,YEAR,series-eurovision,,,HIGH,FALSE
CEV-08237,COL-0097,EVT-1970,51,TRUE,YEAR,series-eurovision,,,HIGH,FALSE
CEV-08238,COL-0097,EVT-1991,52,TRUE,YEAR,series-eurovision,,,HIGH,FALSE
CEV-08239,COL-0097,EVT-2001,53,TRUE,YEAR,series-eurovision,,,HIGH,FALSE
CEV-08240,COL-0097,EVT-2021,54,TRUE,YEAR,series-eurovision,,,HIGH,FALSE
CEV-08241,COL-0097,EVT-2034,55,TRUE,YEAR,series-eurovision,,,HIGH,FALSE
CEV-08242,COL-0098,EVT-1365,1,TRUE,YEAR,series-grammys,,,HIGH,FALSE
CEV-08243,COL-0098,EVT-1373,2,TRUE,YEAR,series-grammys,,,HIGH,FALSE
CEV-08244,COL-0098,EVT-1382,3,TRUE,YEAR,series-grammys,,,HIGH,FALSE
CEV-08245,COL-0098,EVT-1397,4,TRUE,YEAR,series-grammys,,,HIGH,FALSE
CEV-08246,COL-0098,EVT-1404,5,TRUE,YEAR,series-grammys,,,HIGH,FALSE
CEV-08247,COL-0098,EVT-1417,6,TRUE,YEAR,series-grammys,,,HIGH,FALSE
CEV-08248,COL-0098,EVT-1423,7,TRUE,YEAR,series-grammys,,,HIGH,FALSE
CEV-08249,COL-0098,EVT-1437,8,TRUE,YEAR,series-grammys,,,HIGH,FALSE
CEV-08250,COL-0098,EVT-1451,9,TRUE,YEAR,series-grammys,,,HIGH,FALSE
CEV-08251,COL-0098,EVT-1461,10,TRUE,YEAR,series-grammys,,,HIGH,FALSE
CEV-08252,COL-0098,EVT-1466,11,TRUE,YEAR,series-grammys,,,HIGH,FALSE
CEV-08253,COL-0098,EVT-1476,12,TRUE,YEAR,series-grammys,,,HIGH,FALSE
CEV-08254,COL-0098,EVT-1496,13,TRUE,YEAR,series-grammys,,,HIGH,FALSE
CEV-08255,COL-0098,EVT-1503,14,TRUE,YEAR,series-grammys,,,HIGH,FALSE
CEV-08256,COL-0098,EVT-1511,15,TRUE,YEAR,series-grammys,,,HIGH,FALSE
CEV-08257,COL-0098,EVT-1525,16,TRUE,YEAR,series-grammys,,,HIGH,FALSE
CEV-08258,COL-0098,EVT-1540,17,TRUE,YEAR,series-grammys,,,HIGH,FALSE
CEV-08259,COL-0098,EVT-1550,18,TRUE,YEAR,series-grammys,,,HIGH,FALSE
CEV-08260,COL-0098,EVT-1563,19,TRUE,YEAR,series-grammys,,,HIGH,FALSE
CEV-08261,COL-0098,EVT-1570,20,TRUE,YEAR,series-grammys,,,HIGH,FALSE
CEV-08262,COL-0098,EVT-1579,21,TRUE,YEAR,series-grammys,,,HIGH,FALSE
CEV-08263,COL-0098,EVT-1599,22,TRUE,YEAR,series-grammys,,,HIGH,FALSE
CEV-08264,COL-0098,EVT-1610,23,TRUE,YEAR,series-grammys,,,HIGH,FALSE
CEV-08265,COL-0098,EVT-1619,24,TRUE,YEAR,series-grammys,,,HIGH,FALSE
CEV-08266,COL-0098,EVT-1631,25,TRUE,YEAR,series-grammys,,,HIGH,FALSE
CEV-08267,COL-0098,EVT-1654,26,TRUE,YEAR,series-grammys,,,HIGH,FALSE
CEV-08268,COL-0098,EVT-1664,27,TRUE,YEAR,series-grammys,,,HIGH,FALSE
CEV-08269,COL-0098,EVT-1674,28,TRUE,YEAR,series-grammys,,,HIGH,FALSE
CEV-08270,COL-0098,EVT-1688,29,TRUE,YEAR,series-grammys,,,HIGH,FALSE
CEV-08271,COL-0098,EVT-1700,30,TRUE,YEAR,series-grammys,,,HIGH,FALSE
CEV-08272,COL-0098,EVT-1723,31,TRUE,YEAR,series-grammys,,,HIGH,FALSE
CEV-08273,COL-0098,EVT-1732,32,TRUE,YEAR,series-grammys,,,HIGH,FALSE
CEV-08274,COL-0098,EVT-1744,33,TRUE,YEAR,series-grammys,,,HIGH,FALSE
CEV-08275,COL-0098,EVT-1753,34,TRUE,YEAR,series-grammys,,,HIGH,FALSE
CEV-08276,COL-0098,EVT-1774,35,TRUE,YEAR,series-grammys,,,HIGH,FALSE
CEV-08277,COL-0098,EVT-1785,36,TRUE,YEAR,series-grammys,,,HIGH,FALSE
CEV-08278,COL-0098,EVT-1793,37,TRUE,YEAR,series-grammys,,,HIGH,FALSE
CEV-08279,COL-0098,EVT-1805,38,TRUE,YEAR,series-grammys,,,HIGH,FALSE
CEV-08280,COL-0098,EVT-1815,39,TRUE,YEAR,series-grammys,,,HIGH,FALSE
CEV-08281,COL-0098,EVT-1840,40,TRUE,YEAR,series-grammys,,,HIGH,FALSE
CEV-08282,COL-0098,EVT-1849,41,TRUE,YEAR,series-grammys,,,HIGH,FALSE
CEV-08283,COL-0098,EVT-1858,42,TRUE,YEAR,series-grammys,,,HIGH,FALSE
CEV-08284,COL-0098,EVT-1874,43,TRUE,YEAR,series-grammys,,,HIGH,FALSE
CEV-08285,COL-0098,EVT-1895,44,TRUE,YEAR,series-grammys,,,HIGH,FALSE
CEV-08286,COL-0098,EVT-1907,45,TRUE,YEAR,series-grammys,,,HIGH,FALSE
CEV-08287,COL-0098,EVT-1918,46,TRUE,YEAR,series-grammys,,,HIGH,FALSE
CEV-08288,COL-0098,EVT-1930,47,TRUE,YEAR,series-grammys,,,HIGH,FALSE
CEV-08289,COL-0098,EVT-1939,48,TRUE,YEAR,series-grammys,,,HIGH,FALSE
CEV-08290,COL-0098,EVT-1961,49,TRUE,YEAR,series-grammys,,,HIGH,FALSE
CEV-08291,COL-0098,EVT-1973,50,TRUE,YEAR,series-grammys,,,HIGH,FALSE
CEV-08292,COL-0098,EVT-1984,51,TRUE,YEAR,series-grammys,,,HIGH,FALSE
CEV-08293,COL-0098,EVT-1993,52,TRUE,YEAR,series-grammys,,,HIGH,FALSE
CEV-08294,COL-0098,EVT-2012,53,TRUE,YEAR,series-grammys,,,HIGH,FALSE
CEV-08295,COL-0098,EVT-2024,54,TRUE,YEAR,series-grammys,,,HIGH,FALSE
CEV-08296,COL-0098,EVT-2037,55,TRUE,YEAR,series-grammys,,,HIGH,FALSE
CEV-08297,COL-0099,EVT-1508,1,TRUE,YEAR,series-cesar,,,HIGH,FALSE
CEV-08298,COL-0099,EVT-1521,2,TRUE,YEAR,series-cesar,,,HIGH,FALSE
CEV-08299,COL-0099,EVT-1537,3,TRUE,YEAR,series-cesar,,,HIGH,FALSE
CEV-08300,COL-0099,EVT-1547,4,TRUE,YEAR,series-cesar,,,HIGH,FALSE
CEV-08301,COL-0099,EVT-1560,5,TRUE,YEAR,series-cesar,,,HIGH,FALSE
CEV-08302,COL-0099,EVT-1565,6,TRUE,YEAR,series-cesar,,,HIGH,FALSE
CEV-08303,COL-0099,EVT-1585,7,TRUE,YEAR,series-cesar,,,HIGH,FALSE
CEV-08304,COL-0099,EVT-1597,8,TRUE,YEAR,series-cesar,,,HIGH,FALSE
CEV-08305,COL-0099,EVT-1605,9,TRUE,YEAR,series-cesar,,,HIGH,FALSE
CEV-08306,COL-0099,EVT-1627,10,TRUE,YEAR,series-cesar,,,HIGH,FALSE
CEV-08307,COL-0099,EVT-1643,11,TRUE,YEAR,series-cesar,,,HIGH,FALSE
CEV-08308,COL-0099,EVT-1650,12,TRUE,YEAR,series-cesar,,,HIGH,FALSE
CEV-08309,COL-0099,EVT-1661,13,TRUE,YEAR,series-cesar,,,HIGH,FALSE
CEV-08310,COL-0099,EVT-1685,14,TRUE,YEAR,series-cesar,,,HIGH,FALSE
CEV-08311,COL-0099,EVT-1695,15,TRUE,YEAR,series-cesar,,,HIGH,FALSE
CEV-08312,COL-0099,EVT-1709,16,TRUE,YEAR,series-cesar,,,HIGH,FALSE
CEV-08313,COL-0099,EVT-1730,17,TRUE,YEAR,series-cesar,,,HIGH,FALSE
CEV-08314,COL-0099,EVT-1739,18,TRUE,YEAR,series-cesar,,,HIGH,FALSE
CEV-08315,COL-0099,EVT-1751,19,TRUE,YEAR,series-cesar,,,HIGH,FALSE
CEV-08316,COL-0099,EVT-1759,20,TRUE,YEAR,series-cesar,,,HIGH,FALSE
CEV-08317,COL-0099,EVT-1780,21,TRUE,YEAR,series-cesar,,,HIGH,FALSE
CEV-08318,COL-0099,EVT-1790,22,TRUE,YEAR,series-cesar,,,HIGH,FALSE
CEV-08319,COL-0099,EVT-1802,23,TRUE,YEAR,series-cesar,,,HIGH,FALSE
CEV-08320,COL-0099,EVT-1821,24,TRUE,YEAR,series-cesar,,,HIGH,FALSE
CEV-08321,COL-0099,EVT-1836,25,TRUE,YEAR,series-cesar,,,HIGH,FALSE
CEV-08322,COL-0099,EVT-1845,26,TRUE,YEAR,series-cesar,,,HIGH,FALSE
CEV-08323,COL-0099,EVT-1869,27,TRUE,YEAR,series-cesar,,,HIGH,FALSE
CEV-08324,COL-0099,EVT-1882,28,TRUE,YEAR,series-cesar,,,HIGH,FALSE
CEV-08325,COL-0099,EVT-1891,29,TRUE,YEAR,series-cesar,,,HIGH,FALSE
CEV-08326,COL-0099,EVT-1904,30,TRUE,YEAR,series-cesar,,,HIGH,FALSE
CEV-08327,COL-0099,EVT-1927,31,TRUE,YEAR,series-cesar,,,HIGH,FALSE
CEV-08328,COL-0099,EVT-1935,32,TRUE,YEAR,series-cesar,,,HIGH,FALSE
CEV-08329,COL-0099,EVT-1950,33,TRUE,YEAR,series-cesar,,,HIGH,FALSE
CEV-08330,COL-0099,EVT-1969,34,TRUE,YEAR,series-cesar,,,HIGH,FALSE
CEV-08331,COL-0099,EVT-1981,35,TRUE,YEAR,series-cesar,,,HIGH,FALSE
CEV-08332,COL-0099,EVT-1990,36,TRUE,YEAR,series-cesar,,,HIGH,FALSE
CEV-08333,COL-0099,EVT-2000,37,TRUE,YEAR,series-cesar,,,HIGH,FALSE
CEV-08334,COL-0099,EVT-2020,38,TRUE,YEAR,series-cesar,,,HIGH,FALSE
CEV-08335,COL-0099,EVT-2033,39,TRUE,YEAR,series-cesar,,,HIGH,FALSE
CEV-08336,COL-0100,EVT-1308,1,TRUE,YEAR,series-berlinale,,,HIGH,FALSE
CEV-08337,COL-0100,EVT-1314,2,TRUE,YEAR,series-berlinale,,,HIGH,FALSE
CEV-08338,COL-0100,EVT-1327,3,TRUE,YEAR,series-berlinale,,,HIGH,FALSE
CEV-08339,COL-0100,EVT-1334,4,TRUE,YEAR,series-berlinale,,,HIGH,FALSE
CEV-08340,COL-0100,EVT-1340,5,TRUE,YEAR,series-berlinale,,,HIGH,FALSE
CEV-08341,COL-0100,EVT-1353,6,TRUE,YEAR,series-berlinale,,,HIGH,FALSE
CEV-08342,COL-0100,EVT-1361,7,TRUE,YEAR,series-berlinale,,,HIGH,FALSE
CEV-08343,COL-0100,EVT-1379,8,TRUE,YEAR,series-berlinale,,,HIGH,FALSE
CEV-08344,COL-0100,EVT-1387,9,TRUE,YEAR,series-berlinale,,,HIGH,FALSE
CEV-08345,COL-0100,EVT-1395,10,TRUE,YEAR,series-berlinale,,,HIGH,FALSE
CEV-08346,COL-0100,EVT-1412,11,TRUE,YEAR,series-berlinale,,,HIGH,FALSE
CEV-08347,COL-0100,EVT-1419,12,TRUE,YEAR,series-berlinale,,,HIGH,FALSE
CEV-08348,COL-0100,EVT-1428,13,TRUE,YEAR,series-berlinale,,,HIGH,FALSE
CEV-08349,COL-0100,EVT-1447,14,TRUE,YEAR,series-berlinale,,,HIGH,FALSE
CEV-08350,COL-0100,EVT-1456,15,TRUE,YEAR,series-berlinale,,,HIGH,FALSE
CEV-08351,COL-0100,EVT-1472,16,TRUE,YEAR,series-berlinale,,,HIGH,FALSE
CEV-08352,COL-0100,EVT-1485,17,TRUE,YEAR,series-berlinale,,,HIGH,FALSE
CEV-08353,COL-0100,EVT-1490,18,TRUE,YEAR,series-berlinale,,,HIGH,FALSE
CEV-08354,COL-0100,EVT-1507,19,TRUE,YEAR,series-berlinale,,,HIGH,FALSE
CEV-08355,COL-0100,EVT-1520,20,TRUE,YEAR,series-berlinale,,,HIGH,FALSE
CEV-08356,COL-0100,EVT-1530,21,TRUE,YEAR,series-berlinale,,,HIGH,FALSE
CEV-08357,COL-0100,EVT-1546,22,TRUE,YEAR,series-berlinale,,,HIGH,FALSE
CEV-08358,COL-0100,EVT-1559,23,TRUE,YEAR,series-berlinale,,,HIGH,FALSE
CEV-08359,COL-0100,EVT-1576,24,TRUE,YEAR,series-berlinale,,,HIGH,FALSE
CEV-08360,COL-0100,EVT-1584,25,TRUE,YEAR,series-berlinale,,,HIGH,FALSE
CEV-08361,COL-0100,EVT-1596,26,TRUE,YEAR,series-berlinale,,,HIGH,FALSE
CEV-08362,COL-0100,EVT-1616,27,TRUE,YEAR,series-berlinale,,,HIGH,FALSE
CEV-08363,COL-0100,EVT-1626,28,TRUE,YEAR,series-berlinale,,,HIGH,FALSE
CEV-08364,COL-0100,EVT-1642,29,TRUE,YEAR,series-berlinale,,,HIGH,FALSE
CEV-08365,COL-0100,EVT-1660,30,TRUE,YEAR,series-berlinale,,,HIGH,FALSE
CEV-08366,COL-0100,EVT-1671,31,TRUE,YEAR,series-berlinale,,,HIGH,FALSE
CEV-08367,COL-0100,EVT-1684,32,TRUE,YEAR,series-berlinale,,,HIGH,FALSE
CEV-08368,COL-0100,EVT-1708,33,TRUE,YEAR,series-berlinale,,,HIGH,FALSE
CEV-08369,COL-0100,EVT-1719,34,TRUE,YEAR,series-berlinale,,,HIGH,FALSE
CEV-08370,COL-0100,EVT-1738,35,TRUE,YEAR,series-berlinale,,,HIGH,FALSE
CEV-08371,COL-0100,EVT-1750,36,TRUE,YEAR,series-berlinale,,,HIGH,FALSE
CEV-08372,COL-0100,EVT-1758,37,TRUE,YEAR,series-berlinale,,,HIGH,FALSE
CEV-08373,COL-0100,EVT-1779,38,TRUE,YEAR,series-berlinale,,,HIGH,FALSE
CEV-08374,COL-0100,EVT-1789,39,TRUE,YEAR,series-berlinale,,,HIGH,FALSE
CEV-08375,COL-0100,EVT-1801,40,TRUE,YEAR,series-berlinale,,,HIGH,FALSE
CEV-08376,COL-0100,EVT-1820,41,TRUE,YEAR,series-berlinale,,,HIGH,FALSE
CEV-08377,COL-0100,EVT-1835,42,TRUE,YEAR,series-berlinale,,,HIGH,FALSE
CEV-08378,COL-0100,EVT-1856,43,TRUE,YEAR,series-berlinale,,,HIGH,FALSE
CEV-08379,COL-0100,EVT-1868,44,TRUE,YEAR,series-berlinale,,,HIGH,FALSE
CEV-08380,COL-0100,EVT-1881,45,TRUE,YEAR,series-berlinale,,,HIGH,FALSE
CEV-08381,COL-0100,EVT-1903,46,TRUE,YEAR,series-berlinale,,,HIGH,FALSE
CEV-08382,COL-0100,EVT-1913,47,TRUE,YEAR,series-berlinale,,,HIGH,FALSE
CEV-08383,COL-0100,EVT-1926,48,TRUE,YEAR,series-berlinale,,,HIGH,FALSE
CEV-08384,COL-0100,EVT-1949,49,TRUE,YEAR,series-berlinale,,,HIGH,FALSE
CEV-08385,COL-0100,EVT-1957,50,TRUE,YEAR,series-berlinale,,,HIGH,FALSE
CEV-08386,COL-0100,EVT-1980,51,TRUE,YEAR,series-berlinale,,,HIGH,FALSE
CEV-08387,COL-0100,EVT-1989,52,TRUE,YEAR,series-berlinale,,,HIGH,FALSE
CEV-08388,COL-0100,EVT-1999,53,TRUE,YEAR,series-berlinale,,,HIGH,FALSE
CEV-08389,COL-0100,EVT-2019,54,TRUE,YEAR,series-berlinale,,,HIGH,FALSE
CEV-08390,COL-0100,EVT-2032,55,TRUE,YEAR,series-berlinale,,,HIGH,FALSE
CEV-08391,COL-0101,EVT-1283,1,TRUE,YEAR,series-golden-globes,,,HIGH,FALSE
CEV-08392,COL-0101,EVT-1287,2,TRUE,YEAR,series-golden-globes,,,HIGH,FALSE
CEV-08393,COL-0101,EVT-1290,3,TRUE,YEAR,series-golden-globes,,,HIGH,FALSE
CEV-08394,COL-0101,EVT-1293,4,TRUE,YEAR,series-golden-globes,,,HIGH,FALSE
CEV-08395,COL-0101,EVT-1304,5,TRUE,YEAR,series-golden-globes,,,HIGH,FALSE
CEV-08396,COL-0101,EVT-1315,6,TRUE,YEAR,series-golden-globes,,,HIGH,FALSE
CEV-08397,COL-0101,EVT-1323,7,TRUE,YEAR,series-golden-globes,,,HIGH,FALSE
CEV-08398,COL-0101,EVT-1330,8,TRUE,YEAR,series-golden-globes,,,HIGH,FALSE
CEV-08399,COL-0101,EVT-1343,9,TRUE,YEAR,series-golden-globes,,,HIGH,FALSE
CEV-08400,COL-0101,EVT-1356,10,TRUE,YEAR,series-golden-globes,,,HIGH,FALSE
CEV-08401,COL-0101,EVT-1364,11,TRUE,YEAR,series-golden-globes,,,HIGH,FALSE
CEV-08402,COL-0101,EVT-1372,12,TRUE,YEAR,series-golden-globes,,,HIGH,FALSE
CEV-08403,COL-0101,EVT-1390,13,TRUE,YEAR,series-golden-globes,,,HIGH,FALSE
CEV-08404,COL-0101,EVT-1403,14,TRUE,YEAR,series-golden-globes,,,HIGH,FALSE
CEV-08405,COL-0101,EVT-1416,15,TRUE,YEAR,series-golden-globes,,,HIGH,FALSE
CEV-08406,COL-0101,EVT-1422,16,TRUE,YEAR,series-golden-globes,,,HIGH,FALSE
CEV-08407,COL-0101,EVT-1436,17,TRUE,YEAR,series-golden-globes,,,HIGH,FALSE
CEV-08408,COL-0101,EVT-1460,18,TRUE,YEAR,series-golden-globes,,,HIGH,FALSE
CEV-08409,COL-0101,EVT-1465,19,TRUE,YEAR,series-golden-globes,,,HIGH,FALSE
CEV-08410,COL-0101,EVT-1475,20,TRUE,YEAR,series-golden-globes,,,HIGH,FALSE
CEV-08411,COL-0101,EVT-1495,21,TRUE,YEAR,series-golden-globes,,,HIGH,FALSE
CEV-08412,COL-0101,EVT-1510,22,TRUE,YEAR,series-golden-globes,,,HIGH,FALSE
CEV-08413,COL-0101,EVT-1524,23,TRUE,YEAR,series-golden-globes,,,HIGH,FALSE
CEV-08414,COL-0101,EVT-1533,24,TRUE,YEAR,series-golden-globes,,,HIGH,FALSE
CEV-08415,COL-0101,EVT-1549,25,TRUE,YEAR,series-golden-globes,,,HIGH,FALSE
CEV-08416,COL-0101,EVT-1569,26,TRUE,YEAR,series-golden-globes,,,HIGH,FALSE
CEV-08417,COL-0101,EVT-1578,27,TRUE,YEAR,series-golden-globes,,,HIGH,FALSE
CEV-08418,COL-0101,EVT-1588,28,TRUE,YEAR,series-golden-globes,,,HIGH,FALSE
CEV-08419,COL-0101,EVT-1609,29,TRUE,YEAR,series-golden-globes,,,HIGH,FALSE
CEV-08420,COL-0101,EVT-1630,30,TRUE,YEAR,series-golden-globes,,,HIGH,FALSE
CEV-08421,COL-0101,EVT-1646,31,TRUE,YEAR,series-golden-globes,,,HIGH,FALSE
CEV-08422,COL-0101,EVT-1653,32,TRUE,YEAR,series-golden-globes,,,HIGH,FALSE
CEV-08423,COL-0101,EVT-1673,33,TRUE,YEAR,series-golden-globes,,,HIGH,FALSE
CEV-08424,COL-0101,EVT-1699,34,TRUE,YEAR,series-golden-globes,,,HIGH,FALSE
CEV-08425,COL-0101,EVT-1712,35,TRUE,YEAR,series-golden-globes,,,HIGH,FALSE
CEV-08426,COL-0101,EVT-1722,36,TRUE,YEAR,series-golden-globes,,,HIGH,FALSE
CEV-08427,COL-0101,EVT-1743,37,TRUE,YEAR,series-golden-globes,,,HIGH,FALSE
CEV-08428,COL-0101,EVT-1762,38,TRUE,YEAR,series-golden-globes,,,HIGH,FALSE
CEV-08429,COL-0101,EVT-1773,39,TRUE,YEAR,series-golden-globes,,,HIGH,FALSE
CEV-08430,COL-0101,EVT-1784,40,TRUE,YEAR,series-golden-globes,,,HIGH,FALSE
CEV-08431,COL-0101,EVT-1804,41,TRUE,YEAR,series-golden-globes,,,HIGH,FALSE
CEV-08432,COL-0101,EVT-1825,42,TRUE,YEAR,series-golden-globes,,,HIGH,FALSE
CEV-08433,COL-0101,EVT-1839,43,TRUE,YEAR,series-golden-globes,,,HIGH,FALSE
CEV-08434,COL-0101,EVT-1848,44,TRUE,YEAR,series-golden-globes,,,HIGH,FALSE
CEV-08435,COL-0101,EVT-1873,45,TRUE,YEAR,series-golden-globes,,,HIGH,FALSE
CEV-08436,COL-0101,EVT-1894,46,TRUE,YEAR,series-golden-globes,,,HIGH,FALSE
CEV-08437,COL-0101,EVT-1906,47,TRUE,YEAR,series-golden-globes,,,HIGH,FALSE
CEV-08438,COL-0101,EVT-1917,48,TRUE,YEAR,series-golden-globes,,,HIGH,FALSE
CEV-08439,COL-0101,EVT-1938,49,TRUE,YEAR,series-golden-globes,,,HIGH,FALSE
CEV-08440,COL-0101,EVT-1960,50,TRUE,YEAR,series-golden-globes,,,HIGH,FALSE
CEV-08441,COL-0101,EVT-1972,51,TRUE,YEAR,series-golden-globes,,,HIGH,FALSE
CEV-08442,COL-0101,EVT-1983,52,TRUE,YEAR,series-golden-globes,,,HIGH,FALSE
CEV-08443,COL-0101,EVT-2005,53,TRUE,YEAR,series-golden-globes,,,HIGH,FALSE
CEV-08444,COL-0101,EVT-2023,54,TRUE,YEAR,series-golden-globes,,,HIGH,FALSE
CEV-08445,COL-0101,EVT-2036,55,TRUE,YEAR,series-golden-globes,,,HIGH,FALSE
CEV-08446,COL-0102,EVT-1300,1,TRUE,YEAR,series-bafta,,,HIGH,FALSE
CEV-08447,COL-0102,EVT-1301,2,TRUE,YEAR,series-bafta,,,HIGH,FALSE
CEV-08448,COL-0102,EVT-1313,3,TRUE,YEAR,series-bafta,,,HIGH,FALSE
CEV-08449,COL-0102,EVT-1321,4,TRUE,YEAR,series-bafta,,,HIGH,FALSE
CEV-08450,COL-0102,EVT-1333,5,TRUE,YEAR,series-bafta,,,HIGH,FALSE
CEV-08451,COL-0102,EVT-1339,6,TRUE,YEAR,series-bafta,,,HIGH,FALSE
CEV-08452,COL-0102,EVT-1350,7,TRUE,YEAR,series-bafta,,,HIGH,FALSE
CEV-08453,COL-0102,EVT-1360,8,TRUE,YEAR,series-bafta,,,HIGH,FALSE
CEV-08454,COL-0102,EVT-1369,9,TRUE,YEAR,series-bafta,,,HIGH,FALSE
CEV-08455,COL-0102,EVT-1386,10,TRUE,YEAR,series-bafta,,,HIGH,FALSE
CEV-08456,COL-0102,EVT-1394,11,TRUE,YEAR,series-bafta,,,HIGH,FALSE
CEV-08457,COL-0102,EVT-1400,12,TRUE,YEAR,series-bafta,,,HIGH,FALSE
CEV-08458,COL-0102,EVT-1418,13,TRUE,YEAR,series-bafta,,,HIGH,FALSE
CEV-08459,COL-0102,EVT-1427,14,TRUE,YEAR,series-bafta,,,HIGH,FALSE
CEV-08460,COL-0102,EVT-1446,15,TRUE,YEAR,series-bafta,,,HIGH,FALSE
CEV-08461,COL-0102,EVT-1455,16,TRUE,YEAR,series-bafta,,,HIGH,FALSE
CEV-08462,COL-0102,EVT-1471,17,TRUE,YEAR,series-bafta,,,HIGH,FALSE
CEV-08463,COL-0102,EVT-1484,18,TRUE,YEAR,series-bafta,,,HIGH,FALSE
CEV-08464,COL-0102,EVT-1489,19,TRUE,YEAR,series-bafta,,,HIGH,FALSE
CEV-08465,COL-0102,EVT-1506,20,TRUE,YEAR,series-bafta,,,HIGH,FALSE
CEV-08466,COL-0102,EVT-1519,21,TRUE,YEAR,series-bafta,,,HIGH,FALSE
CEV-08467,COL-0102,EVT-1536,22,TRUE,YEAR,series-bafta,,,HIGH,FALSE
CEV-08468,COL-0102,EVT-1545,23,TRUE,YEAR,series-bafta,,,HIGH,FALSE
CEV-08469,COL-0102,EVT-1558,24,TRUE,YEAR,series-bafta,,,HIGH,FALSE
CEV-08470,COL-0102,EVT-1575,25,TRUE,YEAR,series-bafta,,,HIGH,FALSE
CEV-08471,COL-0102,EVT-1583,26,TRUE,YEAR,series-bafta,,,HIGH,FALSE
CEV-08472,COL-0102,EVT-1604,27,TRUE,YEAR,series-bafta,,,HIGH,FALSE
CEV-08473,COL-0102,EVT-1615,28,TRUE,YEAR,series-bafta,,,HIGH,FALSE
CEV-08474,COL-0102,EVT-1625,29,TRUE,YEAR,series-bafta,,,HIGH,FALSE
CEV-08475,COL-0102,EVT-1649,30,TRUE,YEAR,series-bafta,,,HIGH,FALSE
CEV-08476,COL-0102,EVT-1659,31,TRUE,YEAR,series-bafta,,,HIGH,FALSE
CEV-08477,COL-0102,EVT-1683,32,TRUE,YEAR,series-bafta,,,HIGH,FALSE
CEV-08478,COL-0102,EVT-1694,33,TRUE,YEAR,series-bafta,,,HIGH,FALSE
CEV-08479,COL-0102,EVT-1707,34,TRUE,YEAR,series-bafta,,,HIGH,FALSE
CEV-08480,COL-0102,EVT-1729,35,TRUE,YEAR,series-bafta,,,HIGH,FALSE
CEV-08481,COL-0102,EVT-1737,36,TRUE,YEAR,series-bafta,,,HIGH,FALSE
CEV-08482,COL-0102,EVT-1757,37,TRUE,YEAR,series-bafta,,,HIGH,FALSE
CEV-08483,COL-0102,EVT-1770,38,TRUE,YEAR,series-bafta,,,HIGH,FALSE
CEV-08484,COL-0102,EVT-1778,39,TRUE,YEAR,series-bafta,,,HIGH,FALSE
CEV-08485,COL-0102,EVT-1800,40,TRUE,YEAR,series-bafta,,,HIGH,FALSE
CEV-08486,COL-0102,EVT-1812,41,TRUE,YEAR,series-bafta,,,HIGH,FALSE
CEV-08487,COL-0102,EVT-1834,42,TRUE,YEAR,series-bafta,,,HIGH,FALSE
CEV-08488,COL-0102,EVT-1844,43,TRUE,YEAR,series-bafta,,,HIGH,FALSE
CEV-08489,COL-0102,EVT-1867,44,TRUE,YEAR,series-bafta,,,HIGH,FALSE
CEV-08490,COL-0102,EVT-1880,45,TRUE,YEAR,series-bafta,,,HIGH,FALSE
CEV-08491,COL-0102,EVT-1890,46,TRUE,YEAR,series-bafta,,,HIGH,FALSE
CEV-08492,COL-0102,EVT-1912,47,TRUE,YEAR,series-bafta,,,HIGH,FALSE
CEV-08493,COL-0102,EVT-1925,48,TRUE,YEAR,series-bafta,,,HIGH,FALSE
CEV-08494,COL-0102,EVT-1948,49,TRUE,YEAR,series-bafta,,,HIGH,FALSE
CEV-08495,COL-0102,EVT-1956,50,TRUE,YEAR,series-bafta,,,HIGH,FALSE
CEV-08496,COL-0102,EVT-1968,51,TRUE,YEAR,series-bafta,,,HIGH,FALSE
CEV-08497,COL-0102,EVT-1988,52,TRUE,YEAR,series-bafta,,,HIGH,FALSE
CEV-08498,COL-0102,EVT-1998,53,TRUE,YEAR,series-bafta,,,HIGH,FALSE
CEV-08499,COL-0102,EVT-2018,54,TRUE,YEAR,series-bafta,,,HIGH,FALSE
CEV-08500,COL-0102,EVT-2031,55,TRUE,YEAR,series-bafta,,,HIGH,FALSE
CEV-08501,COL-0103,EVT-1432,1,TRUE,YEAR,series-super-bowl,,,HIGH,FALSE
CEV-08502,COL-0103,EVT-1440,2,TRUE,YEAR,series-super-bowl,,,HIGH,FALSE
CEV-08503,COL-0103,EVT-1463,3,TRUE,YEAR,series-super-bowl,,,HIGH,FALSE
CEV-08504,COL-0103,EVT-1468,4,TRUE,YEAR,series-super-bowl,,,HIGH,FALSE
CEV-08505,COL-0103,EVT-1487,5,TRUE,YEAR,series-super-bowl,,,HIGH,FALSE
CEV-08506,COL-0103,EVT-1498,6,TRUE,YEAR,series-super-bowl,,,HIGH,FALSE
CEV-08507,COL-0103,EVT-1514,7,TRUE,YEAR,series-super-bowl,,,HIGH,FALSE
CEV-08508,COL-0103,EVT-1527,8,TRUE,YEAR,series-super-bowl,,,HIGH,FALSE
CEV-08509,COL-0103,EVT-1542,9,TRUE,YEAR,series-super-bowl,,,HIGH,FALSE
CEV-08510,COL-0103,EVT-1553,10,TRUE,YEAR,series-super-bowl,,,HIGH,FALSE
CEV-08511,COL-0103,EVT-1572,11,TRUE,YEAR,series-super-bowl,,,HIGH,FALSE
CEV-08512,COL-0103,EVT-1581,12,TRUE,YEAR,series-super-bowl,,,HIGH,FALSE
CEV-08513,COL-0103,EVT-1601,13,TRUE,YEAR,series-super-bowl,,,HIGH,FALSE
CEV-08514,COL-0103,EVT-1612,14,TRUE,YEAR,series-super-bowl,,,HIGH,FALSE
CEV-08515,COL-0103,EVT-1634,15,TRUE,YEAR,series-super-bowl,,,HIGH,FALSE
CEV-08516,COL-0103,EVT-1647,16,TRUE,YEAR,series-super-bowl,,,HIGH,FALSE
CEV-08517,COL-0103,EVT-1667,17,TRUE,YEAR,series-super-bowl,,,HIGH,FALSE
CEV-08518,COL-0103,EVT-1676,18,TRUE,YEAR,series-super-bowl,,,HIGH,FALSE
CEV-08519,COL-0103,EVT-1702,19,TRUE,YEAR,series-super-bowl,,,HIGH,FALSE
CEV-08520,COL-0103,EVT-1715,20,TRUE,YEAR,series-super-bowl,,,HIGH,FALSE
CEV-08521,COL-0103,EVT-1733,21,TRUE,YEAR,series-super-bowl,,,HIGH,FALSE
CEV-08522,COL-0103,EVT-1746,22,TRUE,YEAR,series-super-bowl,,,HIGH,FALSE
CEV-08523,COL-0103,EVT-1764,23,TRUE,YEAR,series-super-bowl,,,HIGH,FALSE
CEV-08524,COL-0103,EVT-1776,24,TRUE,YEAR,series-super-bowl,,,HIGH,FALSE
CEV-08525,COL-0103,EVT-1796,25,TRUE,YEAR,series-super-bowl,,,HIGH,FALSE
CEV-08526,COL-0103,EVT-1808,26,TRUE,YEAR,series-super-bowl,,,HIGH,FALSE
CEV-08527,COL-0103,EVT-1827,27,TRUE,YEAR,series-super-bowl,,,HIGH,FALSE
CEV-08528,COL-0103,EVT-1843,28,TRUE,YEAR,series-super-bowl,,,HIGH,FALSE
CEV-08529,COL-0103,EVT-1860,29,TRUE,YEAR,series-super-bowl,,,HIGH,FALSE
CEV-08530,COL-0103,EVT-1876,30,TRUE,YEAR,series-super-bowl,,,HIGH,FALSE
CEV-08531,COL-0103,EVT-1897,31,TRUE,YEAR,series-super-bowl,,,HIGH,FALSE
CEV-08532,COL-0103,EVT-1908,32,TRUE,YEAR,series-super-bowl,,,HIGH,FALSE
CEV-08533,COL-0103,EVT-1933,33,TRUE,YEAR,series-super-bowl,,,HIGH,FALSE
CEV-08534,COL-0103,EVT-1942,34,TRUE,YEAR,series-super-bowl,,,HIGH,FALSE
CEV-08535,COL-0103,EVT-1963,35,TRUE,YEAR,series-super-bowl,,,HIGH,FALSE
CEV-08536,COL-0103,EVT-1976,36,TRUE,YEAR,series-super-bowl,,,HIGH,FALSE
CEV-08537,COL-0103,EVT-1994,37,TRUE,YEAR,series-super-bowl,,,HIGH,FALSE
CEV-08538,COL-0103,EVT-2007,38,TRUE,YEAR,series-super-bowl,,,HIGH,FALSE
CEV-08539,COL-0103,EVT-2026,39,TRUE,YEAR,series-super-bowl,,,HIGH,FALSE
CEV-08540,COL-0103,EVT-2039,40,TRUE,YEAR,series-super-bowl,,,HIGH,FALSE
CEV-08541,COL-0104,EVT-1163,1,TRUE,YEAR,series-wimbledon,,,HIGH,FALSE
CEV-08542,COL-0104,EVT-1166,2,TRUE,YEAR,series-wimbledon,,,HIGH,FALSE
CEV-08543,COL-0104,EVT-1167,3,TRUE,YEAR,series-wimbledon,,,HIGH,FALSE
CEV-08544,COL-0104,EVT-1168,4,TRUE,YEAR,series-wimbledon,,,HIGH,FALSE
CEV-08545,COL-0104,EVT-1170,5,TRUE,YEAR,series-wimbledon,,,HIGH,FALSE
CEV-08546,COL-0104,EVT-1173,6,TRUE,YEAR,series-wimbledon,,,HIGH,FALSE
CEV-08547,COL-0104,EVT-1178,7,TRUE,YEAR,series-wimbledon,,,HIGH,FALSE
CEV-08548,COL-0104,EVT-1179,8,TRUE,YEAR,series-wimbledon,,,HIGH,FALSE
CEV-08549,COL-0104,EVT-1181,9,TRUE,YEAR,series-wimbledon,,,HIGH,FALSE
CEV-08550,COL-0104,EVT-1183,10,TRUE,YEAR,series-wimbledon,,,HIGH,FALSE
CEV-08551,COL-0104,EVT-1185,11,TRUE,YEAR,series-wimbledon,,,HIGH,FALSE
CEV-08552,COL-0104,EVT-1189,12,TRUE,YEAR,series-wimbledon,,,HIGH,FALSE
CEV-08553,COL-0104,EVT-1191,13,TRUE,YEAR,series-wimbledon,,,HIGH,FALSE
CEV-08554,COL-0104,EVT-1192,14,TRUE,YEAR,series-wimbledon,,,HIGH,FALSE
CEV-08555,COL-0104,EVT-1195,15,TRUE,YEAR,series-wimbledon,,,HIGH,FALSE
CEV-08556,COL-0104,EVT-1196,16,TRUE,YEAR,series-wimbledon,,,HIGH,FALSE
CEV-08557,COL-0104,EVT-1200,17,TRUE,YEAR,series-wimbledon,,,HIGH,FALSE
CEV-08558,COL-0104,EVT-1203,18,TRUE,YEAR,series-wimbledon,,,HIGH,FALSE
CEV-08559,COL-0104,EVT-1204,19,TRUE,YEAR,series-wimbledon,,,HIGH,FALSE
CEV-08560,COL-0104,EVT-1210,20,TRUE,YEAR,series-wimbledon,,,HIGH,FALSE
CEV-08561,COL-0104,EVT-1212,21,TRUE,YEAR,series-wimbledon,,,HIGH,FALSE
CEV-08562,COL-0104,EVT-1216,22,TRUE,YEAR,series-wimbledon,,,HIGH,FALSE
CEV-08563,COL-0104,EVT-1219,23,TRUE,YEAR,series-wimbledon,,,HIGH,FALSE
CEV-08564,COL-0104,EVT-1223,24,TRUE,YEAR,series-wimbledon,,,HIGH,FALSE
CEV-08565,COL-0104,EVT-1227,25,TRUE,YEAR,series-wimbledon,,,HIGH,FALSE
CEV-08566,COL-0104,EVT-1229,26,TRUE,YEAR,series-wimbledon,,,HIGH,FALSE
CEV-08567,COL-0104,EVT-1234,27,TRUE,YEAR,series-wimbledon,,,HIGH,FALSE
CEV-08568,COL-0104,EVT-1238,28,TRUE,YEAR,series-wimbledon,,,HIGH,FALSE
CEV-08569,COL-0104,EVT-1240,29,TRUE,YEAR,series-wimbledon,,,HIGH,FALSE
CEV-08570,COL-0104,EVT-1247,30,TRUE,YEAR,series-wimbledon,,,HIGH,FALSE
CEV-08571,COL-0104,EVT-1252,31,TRUE,YEAR,series-wimbledon,,,HIGH,FALSE
CEV-08572,COL-0104,EVT-1256,32,TRUE,YEAR,series-wimbledon,,,HIGH,FALSE
CEV-08573,COL-0104,EVT-1262,33,TRUE,YEAR,series-wimbledon,,,HIGH,FALSE
CEV-08574,COL-0104,EVT-1265,34,TRUE,YEAR,series-wimbledon,,,HIGH,FALSE
CEV-08575,COL-0104,EVT-1272,35,TRUE,YEAR,series-wimbledon,,,HIGH,FALSE
CEV-08576,COL-0104,EVT-1278,36,TRUE,YEAR,series-wimbledon,,,HIGH,FALSE
CEV-08577,COL-0104,EVT-1289,37,TRUE,YEAR,series-wimbledon,,,HIGH,FALSE
CEV-08578,COL-0104,EVT-1298,38,TRUE,YEAR,series-wimbledon,,,HIGH,FALSE
CEV-08579,COL-0104,EVT-1307,39,TRUE,YEAR,series-wimbledon,,,HIGH,FALSE
CEV-08580,COL-0104,EVT-1312,40,TRUE,YEAR,series-wimbledon,,,HIGH,FALSE
CEV-08581,COL-0104,EVT-1326,41,TRUE,YEAR,series-wimbledon,,,HIGH,FALSE
CEV-08582,COL-0104,EVT-1332,42,TRUE,YEAR,series-wimbledon,,,HIGH,FALSE
CEV-08583,COL-0104,EVT-1348,43,TRUE,YEAR,series-wimbledon,,,HIGH,FALSE
CEV-08584,COL-0104,EVT-1359,44,TRUE,YEAR,series-wimbledon,,,HIGH,FALSE
CEV-08585,COL-0104,EVT-1368,45,TRUE,YEAR,series-wimbledon,,,HIGH,FALSE
CEV-08586,COL-0104,EVT-1385,46,TRUE,YEAR,series-wimbledon,,,HIGH,FALSE
CEV-08587,COL-0104,EVT-1393,47,TRUE,YEAR,series-wimbledon,,,HIGH,FALSE
CEV-08588,COL-0104,EVT-1410,48,TRUE,YEAR,series-wimbledon,,,HIGH,FALSE
CEV-08589,COL-0104,EVT-1426,49,TRUE,YEAR,series-wimbledon,,,HIGH,FALSE
CEV-08590,COL-0104,EVT-1434,50,TRUE,YEAR,series-wimbledon,,,HIGH,FALSE
CEV-08591,COL-0104,EVT-1454,51,TRUE,YEAR,series-wimbledon,,,HIGH,FALSE
CEV-08592,COL-0104,EVT-1470,52,TRUE,YEAR,series-wimbledon,,,HIGH,FALSE
CEV-08593,COL-0104,EVT-1482,53,TRUE,YEAR,series-wimbledon,,,HIGH,FALSE
CEV-08594,COL-0104,EVT-1500,54,TRUE,YEAR,series-wimbledon,,,HIGH,FALSE
CEV-08595,COL-0104,EVT-1505,55,TRUE,YEAR,series-wimbledon,,,HIGH,FALSE
CEV-08596,COL-0104,EVT-1529,56,TRUE,YEAR,series-wimbledon,,,HIGH,FALSE
CEV-08597,COL-0104,EVT-1544,57,TRUE,YEAR,series-wimbledon,,,HIGH,FALSE
CEV-08598,COL-0104,EVT-1556,58,TRUE,YEAR,series-wimbledon,,,HIGH,FALSE
CEV-08599,COL-0104,EVT-1574,59,TRUE,YEAR,series-wimbledon,,,HIGH,FALSE
CEV-08600,COL-0104,EVT-1594,60,TRUE,YEAR,series-wimbledon,,,HIGH,FALSE
CEV-08601,COL-0104,EVT-1603,61,TRUE,YEAR,series-wimbledon,,,HIGH,FALSE
CEV-08602,COL-0104,EVT-1624,62,TRUE,YEAR,series-wimbledon,,,HIGH,FALSE
CEV-08603,COL-0104,EVT-1640,63,TRUE,YEAR,series-wimbledon,,,HIGH,FALSE
CEV-08604,COL-0104,EVT-1658,64,TRUE,YEAR,series-wimbledon,,,HIGH,FALSE
CEV-08605,COL-0104,EVT-1681,65,TRUE,YEAR,series-wimbledon,,,HIGH,FALSE
CEV-08606,COL-0104,EVT-1693,66,TRUE,YEAR,series-wimbledon,,,HIGH,FALSE
CEV-08607,COL-0104,EVT-1718,67,TRUE,YEAR,series-wimbledon,,,HIGH,FALSE
CEV-08608,COL-0104,EVT-1728,68,TRUE,YEAR,series-wimbledon,,,HIGH,FALSE
CEV-08609,COL-0104,EVT-1748,69,TRUE,YEAR,series-wimbledon,,,HIGH,FALSE
CEV-08610,COL-0104,EVT-1769,70,TRUE,YEAR,series-wimbledon,,,HIGH,FALSE
CEV-08611,COL-0104,EVT-1777,71,TRUE,YEAR,series-wimbledon,,,HIGH,FALSE
CEV-08612,COL-0104,EVT-1799,72,TRUE,YEAR,series-wimbledon,,,HIGH,FALSE
CEV-08613,COL-0104,EVT-1819,73,TRUE,YEAR,series-wimbledon,,,HIGH,FALSE
CEV-08614,COL-0104,EVT-1832,74,TRUE,YEAR,series-wimbledon,,,HIGH,FALSE
CEV-08615,COL-0104,EVT-1855,75,TRUE,YEAR,series-wimbledon,,,HIGH,FALSE
CEV-08616,COL-0104,EVT-1866,76,TRUE,YEAR,series-wimbledon,,,HIGH,FALSE
CEV-08617,COL-0104,EVT-1889,77,TRUE,YEAR,series-wimbledon,,,HIGH,FALSE
CEV-08618,COL-0104,EVT-1911,78,TRUE,YEAR,series-wimbledon,,,HIGH,FALSE
CEV-08619,COL-0104,EVT-1923,79,TRUE,YEAR,series-wimbledon,,,HIGH,FALSE
CEV-08620,COL-0104,EVT-1947,80,TRUE,YEAR,series-wimbledon,,,HIGH,FALSE
CEV-08621,COL-0104,EVT-1966,81,TRUE,YEAR,series-wimbledon,,,HIGH,FALSE
CEV-08622,COL-0104,EVT-1979,82,TRUE,YEAR,series-wimbledon,,,HIGH,FALSE
CEV-08623,COL-0104,EVT-2010,83,TRUE,YEAR,series-wimbledon,,,HIGH,FALSE
CEV-08624,COL-0104,EVT-2017,84,TRUE,YEAR,series-wimbledon,,,HIGH,FALSE
CEV-08625,COL-0104,EVT-2041,85,TRUE,YEAR,series-wimbledon,,,HIGH,FALSE
CEV-08626,COL-0059,EVT-0173,1,TRUE,DAY,TOP_N_SCORE,,532,CURATED_SCORE,TRUE
CEV-08627,COL-0059,EVT-0063,2,TRUE,DAY,TOP_N_SCORE,,525,CURATED_SCORE,TRUE
CEV-08628,COL-0059,EVT-0012,3,TRUE,RANGE,TOP_N_SCORE,,524,CURATED_SCORE,TRUE
CEV-08629,COL-0059,EVT-0065,4,TRUE,DAY,TOP_N_SCORE,,523,CURATED_SCORE,TRUE
CEV-08630,COL-0059,EVT-0175,5,TRUE,DAY,TOP_N_SCORE,,523,CURATED_SCORE,TRUE
CEV-08631,COL-0059,EVT-0348,6,TRUE,RANGE,TOP_N_SCORE,,515,CURATED_SCORE,TRUE
CEV-08632,COL-0059,EVT-0013,7,TRUE,RANGE,TOP_N_SCORE,,515,CURATED_SCORE,TRUE
CEV-08633,COL-0059,EVT-0014,8,TRUE,DAY,TOP_N_SCORE,,512,CURATED_SCORE,TRUE
CEV-08634,COL-0059,EVT-0118,9,TRUE,DAY,TOP_N_SCORE,,508,CURATED_SCORE,TRUE
CEV-08635,COL-0059,EVT-0271,10,TRUE,DAY,TOP_N_SCORE,,508,CURATED_SCORE,TRUE
CEV-08636,COL-0059,EVT-0062,11,TRUE,DAY,TOP_N_SCORE,,507,CURATED_SCORE,TRUE
CEV-08637,COL-0059,EVT-0018,12,TRUE,DAY,TOP_N_SCORE,,506,CURATED_SCORE,TRUE
CEV-08638,COL-0059,EVT-0044,13,TRUE,DAY,TOP_N_SCORE,,505,CURATED_SCORE,TRUE
CEV-08639,COL-0059,EVT-0064,14,TRUE,DAY,TOP_N_SCORE,,505,CURATED_SCORE,TRUE
CEV-08640,COL-0059,EVT-0076,15,TRUE,DAY,TOP_N_SCORE,,503,CURATED_SCORE,TRUE
CEV-08641,COL-0059,EVT-0448,16,TRUE,DAY,TOP_N_SCORE,,503,CURATED_SCORE,TRUE
CEV-08642,COL-0059,EVT-0091,17,TRUE,DAY,TOP_N_SCORE,,503,CURATED_SCORE,TRUE
CEV-08643,COL-0059,EVT-0497,18,TRUE,DAY,TOP_N_SCORE,,503,CURATED_SCORE,TRUE
CEV-08644,COL-0059,EVT-0510,19,TRUE,DAY,TOP_N_SCORE,,503,CURATED_SCORE,TRUE
CEV-08645,COL-0059,EVT-0017,20,TRUE,DAY,TOP_N_SCORE,,503,CURATED_SCORE,TRUE
CEV-08646,COL-0059,EVT-0520,21,TRUE,DAY,TOP_N_SCORE,,503,CURATED_SCORE,TRUE
CEV-08647,COL-0059,EVT-0521,22,TRUE,DAY,TOP_N_SCORE,,503,CURATED_SCORE,TRUE
CEV-08648,COL-0059,EVT-0537,23,TRUE,RANGE,TOP_N_SCORE,,503,CURATED_SCORE,TRUE
CEV-08649,COL-0059,EVT-0547,24,TRUE,DAY,TOP_N_SCORE,,503,CURATED_SCORE,TRUE
CEV-08650,COL-0059,EVT-0115,25,TRUE,DAY,TOP_N_SCORE,,503,CURATED_SCORE,TRUE
CEV-08651,COL-0059,EVT-0320,26,TRUE,DAY,TOP_N_SCORE,,501,CURATED_SCORE,TRUE
CEV-08652,COL-0059,EVT-0180,27,TRUE,DAY,TOP_N_SCORE,,499,CURATED_SCORE,TRUE
CEV-08653,COL-0059,EVT-0298,28,TRUE,DAY,TOP_N_SCORE,,499,CURATED_SCORE,TRUE
CEV-08654,COL-0059,EVT-0286,29,TRUE,DAY,TOP_N_SCORE,,499,CURATED_SCORE,TRUE
CEV-08655,COL-0059,EVT-0287,30,TRUE,DAY,TOP_N_SCORE,,499,CURATED_SCORE,TRUE
CEV-08656,COL-0059,EVT-0288,31,TRUE,DAY,TOP_N_SCORE,,499,CURATED_SCORE,TRUE
CEV-08657,COL-0059,EVT-0289,32,TRUE,DAY,TOP_N_SCORE,,499,CURATED_SCORE,TRUE
CEV-08658,COL-0059,EVT-0114,33,TRUE,DAY,TOP_N_SCORE,,499,CURATED_SCORE,TRUE
CEV-08659,COL-0059,EVT-0097,34,TRUE,DAY,TOP_N_SCORE,,497,CURATED_SCORE,TRUE
CEV-08660,COL-0059,EVT-0357,35,TRUE,DAY,TOP_N_SCORE,,497,CURATED_SCORE,TRUE
CEV-08661,COL-0059,EVT-0879,36,TRUE,DAY,TOP_N_SCORE,,497,CURATED_SCORE,TRUE
CEV-08662,COL-0059,EVT-0388,37,TRUE,MONTH,TOP_N_SCORE,,494,CURATED_SCORE,TRUE
CEV-08663,COL-0059,EVT-0401,38,TRUE,DAY,TOP_N_SCORE,,494,CURATED_SCORE,TRUE
CEV-08664,COL-0059,EVT-0414,39,TRUE,YEAR,TOP_N_SCORE,,494,CURATED_SCORE,TRUE
CEV-08665,COL-0059,EVT-0418,40,TRUE,DAY,TOP_N_SCORE,,494,CURATED_SCORE,TRUE
CEV-08666,COL-0059,EVT-0419,41,TRUE,DAY,TOP_N_SCORE,,494,CURATED_SCORE,TRUE
CEV-08667,COL-0059,EVT-0613,42,TRUE,DAY,TOP_N_SCORE,,494,CURATED_SCORE,TRUE
CEV-08668,COL-0059,EVT-0614,43,TRUE,DAY,TOP_N_SCORE,,494,CURATED_SCORE,TRUE
CEV-08669,COL-0059,EVT-0615,44,TRUE,DAY,TOP_N_SCORE,,494,CURATED_SCORE,TRUE
CEV-08670,COL-0059,EVT-0616,45,TRUE,DAY,TOP_N_SCORE,,494,CURATED_SCORE,TRUE
CEV-08671,COL-0059,EVT-0617,46,TRUE,DAY,TOP_N_SCORE,,494,CURATED_SCORE,TRUE
CEV-08672,COL-0059,EVT-0618,47,TRUE,DAY,TOP_N_SCORE,,494,CURATED_SCORE,TRUE
CEV-08673,COL-0059,EVT-0619,48,TRUE,DAY,TOP_N_SCORE,,494,CURATED_SCORE,TRUE
CEV-08674,COL-0059,EVT-0620,49,TRUE,DAY,TOP_N_SCORE,,494,CURATED_SCORE,TRUE
CEV-08675,COL-0059,EVT-0621,50,TRUE,DAY,TOP_N_SCORE,,494,CURATED_SCORE,TRUE
CEV-08676,COL-0060,EVT-0173,1,TRUE,DAY,TOP_N_SCORE,,532,CURATED_SCORE,TRUE
CEV-08677,COL-0060,EVT-0063,2,TRUE,DAY,TOP_N_SCORE,,525,CURATED_SCORE,TRUE
CEV-08678,COL-0060,EVT-0012,3,TRUE,RANGE,TOP_N_SCORE,,524,CURATED_SCORE,TRUE
CEV-08679,COL-0060,EVT-0065,4,TRUE,DAY,TOP_N_SCORE,,523,CURATED_SCORE,TRUE
CEV-08680,COL-0060,EVT-0175,5,TRUE,DAY,TOP_N_SCORE,,523,CURATED_SCORE,TRUE
CEV-08681,COL-0060,EVT-0348,6,TRUE,RANGE,TOP_N_SCORE,,515,CURATED_SCORE,TRUE
CEV-08682,COL-0060,EVT-0013,7,TRUE,RANGE,TOP_N_SCORE,,515,CURATED_SCORE,TRUE
CEV-08683,COL-0060,EVT-0014,8,TRUE,DAY,TOP_N_SCORE,,512,CURATED_SCORE,TRUE
CEV-08684,COL-0060,EVT-0118,9,TRUE,DAY,TOP_N_SCORE,,508,CURATED_SCORE,TRUE
CEV-08685,COL-0060,EVT-0271,10,TRUE,DAY,TOP_N_SCORE,,508,CURATED_SCORE,TRUE
CEV-08686,COL-0060,EVT-0062,11,TRUE,DAY,TOP_N_SCORE,,507,CURATED_SCORE,TRUE
CEV-08687,COL-0060,EVT-0018,12,TRUE,DAY,TOP_N_SCORE,,506,CURATED_SCORE,TRUE
CEV-08688,COL-0060,EVT-0044,13,TRUE,DAY,TOP_N_SCORE,,505,CURATED_SCORE,TRUE
CEV-08689,COL-0060,EVT-0064,14,TRUE,DAY,TOP_N_SCORE,,505,CURATED_SCORE,TRUE
CEV-08690,COL-0060,EVT-0076,15,TRUE,DAY,TOP_N_SCORE,,503,CURATED_SCORE,TRUE
CEV-08691,COL-0060,EVT-0448,16,TRUE,DAY,TOP_N_SCORE,,503,CURATED_SCORE,TRUE
CEV-08692,COL-0060,EVT-0091,17,TRUE,DAY,TOP_N_SCORE,,503,CURATED_SCORE,TRUE
CEV-08693,COL-0060,EVT-0497,18,TRUE,DAY,TOP_N_SCORE,,503,CURATED_SCORE,TRUE
CEV-08694,COL-0060,EVT-0510,19,TRUE,DAY,TOP_N_SCORE,,503,CURATED_SCORE,TRUE
CEV-08695,COL-0060,EVT-0017,20,TRUE,DAY,TOP_N_SCORE,,503,CURATED_SCORE,TRUE
CEV-08696,COL-0060,EVT-0520,21,TRUE,DAY,TOP_N_SCORE,,503,CURATED_SCORE,TRUE
CEV-08697,COL-0060,EVT-0521,22,TRUE,DAY,TOP_N_SCORE,,503,CURATED_SCORE,TRUE
CEV-08698,COL-0060,EVT-0537,23,TRUE,RANGE,TOP_N_SCORE,,503,CURATED_SCORE,TRUE
CEV-08699,COL-0060,EVT-0547,24,TRUE,DAY,TOP_N_SCORE,,503,CURATED_SCORE,TRUE
CEV-08700,COL-0060,EVT-0115,25,TRUE,DAY,TOP_N_SCORE,,503,CURATED_SCORE,TRUE
CEV-08701,COL-0060,EVT-0320,26,TRUE,DAY,TOP_N_SCORE,,501,CURATED_SCORE,TRUE
CEV-08702,COL-0060,EVT-0180,27,TRUE,DAY,TOP_N_SCORE,,499,CURATED_SCORE,TRUE
CEV-08703,COL-0060,EVT-0298,28,TRUE,DAY,TOP_N_SCORE,,499,CURATED_SCORE,TRUE
CEV-08704,COL-0060,EVT-0286,29,TRUE,DAY,TOP_N_SCORE,,499,CURATED_SCORE,TRUE
CEV-08705,COL-0060,EVT-0287,30,TRUE,DAY,TOP_N_SCORE,,499,CURATED_SCORE,TRUE
CEV-08706,COL-0060,EVT-0288,31,TRUE,DAY,TOP_N_SCORE,,499,CURATED_SCORE,TRUE
CEV-08707,COL-0060,EVT-0289,32,TRUE,DAY,TOP_N_SCORE,,499,CURATED_SCORE,TRUE
CEV-08708,COL-0060,EVT-0114,33,TRUE,DAY,TOP_N_SCORE,,499,CURATED_SCORE,TRUE
CEV-08709,COL-0060,EVT-0097,34,TRUE,DAY,TOP_N_SCORE,,497,CURATED_SCORE,TRUE
CEV-08710,COL-0060,EVT-0357,35,TRUE,DAY,TOP_N_SCORE,,497,CURATED_SCORE,TRUE
CEV-08711,COL-0060,EVT-0879,36,TRUE,DAY,TOP_N_SCORE,,497,CURATED_SCORE,TRUE
CEV-08712,COL-0060,EVT-0388,37,TRUE,MONTH,TOP_N_SCORE,,494,CURATED_SCORE,TRUE
CEV-08713,COL-0060,EVT-0401,38,TRUE,DAY,TOP_N_SCORE,,494,CURATED_SCORE,TRUE
CEV-08714,COL-0060,EVT-0414,39,TRUE,YEAR,TOP_N_SCORE,,494,CURATED_SCORE,TRUE
CEV-08715,COL-0060,EVT-0418,40,TRUE,DAY,TOP_N_SCORE,,494,CURATED_SCORE,TRUE
CEV-08716,COL-0060,EVT-0419,41,TRUE,DAY,TOP_N_SCORE,,494,CURATED_SCORE,TRUE
CEV-08717,COL-0060,EVT-0613,42,TRUE,DAY,TOP_N_SCORE,,494,CURATED_SCORE,TRUE
CEV-08718,COL-0060,EVT-0614,43,TRUE,DAY,TOP_N_SCORE,,494,CURATED_SCORE,TRUE
CEV-08719,COL-0060,EVT-0615,44,TRUE,DAY,TOP_N_SCORE,,494,CURATED_SCORE,TRUE
CEV-08720,COL-0060,EVT-0616,45,TRUE,DAY,TOP_N_SCORE,,494,CURATED_SCORE,TRUE
CEV-08721,COL-0060,EVT-0617,46,TRUE,DAY,TOP_N_SCORE,,494,CURATED_SCORE,TRUE
CEV-08722,COL-0060,EVT-0618,47,TRUE,DAY,TOP_N_SCORE,,494,CURATED_SCORE,TRUE
CEV-08723,COL-0060,EVT-0619,48,TRUE,DAY,TOP_N_SCORE,,494,CURATED_SCORE,TRUE
CEV-08724,COL-0060,EVT-0620,49,TRUE,DAY,TOP_N_SCORE,,494,CURATED_SCORE,TRUE
CEV-08725,COL-0060,EVT-0621,50,TRUE,DAY,TOP_N_SCORE,,494,CURATED_SCORE,TRUE
CEV-08726,COL-0060,EVT-0622,51,TRUE,DAY,TOP_N_SCORE,,494,CURATED_SCORE,TRUE
CEV-08727,COL-0060,EVT-0623,52,TRUE,DAY,TOP_N_SCORE,,494,CURATED_SCORE,TRUE
CEV-08728,COL-0060,EVT-0624,53,TRUE,YEAR,TOP_N_SCORE,,494,CURATED_SCORE,TRUE
CEV-08729,COL-0060,EVT-0625,54,TRUE,DAY,TOP_N_SCORE,,494,CURATED_SCORE,TRUE
CEV-08730,COL-0060,EVT-0626,55,TRUE,DAY,TOP_N_SCORE,,494,CURATED_SCORE,TRUE
CEV-08731,COL-0060,EVT-0429,56,TRUE,RANGE,TOP_N_SCORE,,494,CURATED_SCORE,TRUE
CEV-08732,COL-0060,EVT-0627,57,TRUE,DAY,TOP_N_SCORE,,494,CURATED_SCORE,TRUE
CEV-08733,COL-0060,EVT-0628,58,TRUE,DAY,TOP_N_SCORE,,494,CURATED_SCORE,TRUE
CEV-08734,COL-0060,EVT-0629,59,TRUE,DAY,TOP_N_SCORE,,494,CURATED_SCORE,TRUE
CEV-08735,COL-0060,EVT-0630,60,TRUE,DAY,TOP_N_SCORE,,494,CURATED_SCORE,TRUE
CEV-08736,COL-0060,EVT-0631,61,TRUE,DAY,TOP_N_SCORE,,494,CURATED_SCORE,TRUE
CEV-08737,COL-0060,EVT-0632,62,TRUE,YEAR,TOP_N_SCORE,,494,CURATED_SCORE,TRUE
CEV-08738,COL-0060,EVT-0434,63,TRUE,DAY,TOP_N_SCORE,,494,CURATED_SCORE,TRUE
CEV-08739,COL-0060,EVT-0633,64,TRUE,DAY,TOP_N_SCORE,,494,CURATED_SCORE,TRUE
CEV-08740,COL-0060,EVT-0438,65,TRUE,DAY,TOP_N_SCORE,,494,CURATED_SCORE,TRUE
CEV-08741,COL-0060,EVT-0634,66,TRUE,DAY,TOP_N_SCORE,,494,CURATED_SCORE,TRUE
CEV-08742,COL-0060,EVT-0635,67,TRUE,DAY,TOP_N_SCORE,,494,CURATED_SCORE,TRUE
CEV-08743,COL-0060,EVT-0636,68,TRUE,DAY,TOP_N_SCORE,,494,CURATED_SCORE,TRUE
CEV-08744,COL-0060,EVT-0637,69,TRUE,DAY,TOP_N_SCORE,,494,CURATED_SCORE,TRUE
CEV-08745,COL-0060,EVT-0446,70,TRUE,DAY,TOP_N_SCORE,,494,CURATED_SCORE,TRUE
CEV-08746,COL-0060,EVT-0681,71,TRUE,DAY,TOP_N_SCORE,,494,CURATED_SCORE,TRUE
CEV-08747,COL-0060,EVT-0682,72,TRUE,DAY,TOP_N_SCORE,,494,CURATED_SCORE,TRUE
CEV-08748,COL-0060,EVT-0683,73,TRUE,DAY,TOP_N_SCORE,,494,CURATED_SCORE,TRUE
CEV-08749,COL-0060,EVT-0684,74,TRUE,DAY,TOP_N_SCORE,,494,CURATED_SCORE,TRUE
CEV-08750,COL-0060,EVT-0685,75,TRUE,DAY,TOP_N_SCORE,,494,CURATED_SCORE,TRUE
CEV-08751,COL-0060,EVT-0686,76,TRUE,DAY,TOP_N_SCORE,,494,CURATED_SCORE,TRUE
CEV-08752,COL-0060,EVT-0687,77,TRUE,DAY,TOP_N_SCORE,,494,CURATED_SCORE,TRUE
CEV-08753,COL-0060,EVT-0688,78,TRUE,DAY,TOP_N_SCORE,,494,CURATED_SCORE,TRUE
CEV-08754,COL-0060,EVT-0689,79,TRUE,DAY,TOP_N_SCORE,,494,CURATED_SCORE,TRUE
CEV-08755,COL-0060,EVT-0690,80,TRUE,DAY,TOP_N_SCORE,,494,CURATED_SCORE,TRUE
CEV-08756,COL-0060,EVT-0691,81,TRUE,DAY,TOP_N_SCORE,,494,CURATED_SCORE,TRUE
CEV-08757,COL-0060,EVT-0693,82,TRUE,DAY,TOP_N_SCORE,,494,CURATED_SCORE,TRUE
CEV-08758,COL-0060,EVT-0694,83,TRUE,DAY,TOP_N_SCORE,,494,CURATED_SCORE,TRUE
CEV-08759,COL-0060,EVT-0695,84,TRUE,DAY,TOP_N_SCORE,,494,CURATED_SCORE,TRUE
CEV-08760,COL-0060,EVT-0696,85,TRUE,DAY,TOP_N_SCORE,,494,CURATED_SCORE,TRUE
CEV-08761,COL-0060,EVT-0697,86,TRUE,DAY,TOP_N_SCORE,,494,CURATED_SCORE,TRUE
CEV-08762,COL-0060,EVT-0698,87,TRUE,DAY,TOP_N_SCORE,,494,CURATED_SCORE,TRUE
CEV-08763,COL-0060,EVT-0699,88,TRUE,DAY,TOP_N_SCORE,,494,CURATED_SCORE,TRUE
CEV-08764,COL-0060,EVT-0700,89,TRUE,DAY,TOP_N_SCORE,,494,CURATED_SCORE,TRUE
CEV-08765,COL-0060,EVT-0701,90,TRUE,DAY,TOP_N_SCORE,,494,CURATED_SCORE,TRUE
CEV-08766,COL-0060,EVT-0466,91,TRUE,RANGE,TOP_N_SCORE,,494,CURATED_SCORE,TRUE
CEV-08767,COL-0060,EVT-0702,92,TRUE,MONTH,TOP_N_SCORE,,494,CURATED_SCORE,TRUE
CEV-08768,COL-0060,EVT-0467,93,TRUE,DAY,TOP_N_SCORE,,494,CURATED_SCORE,TRUE
CEV-08769,COL-0060,EVT-0703,94,TRUE,DAY,TOP_N_SCORE,,494,CURATED_SCORE,TRUE
CEV-08770,COL-0060,EVT-0705,95,TRUE,DAY,TOP_N_SCORE,,494,CURATED_SCORE,TRUE
CEV-08771,COL-0060,EVT-0706,96,TRUE,DAY,TOP_N_SCORE,,494,CURATED_SCORE,TRUE
CEV-08772,COL-0060,EVT-0704,97,TRUE,YEAR,TOP_N_SCORE,,494,CURATED_SCORE,TRUE
CEV-08773,COL-0060,EVT-0707,98,TRUE,DAY,TOP_N_SCORE,,494,CURATED_SCORE,TRUE
CEV-08774,COL-0060,EVT-0708,99,TRUE,DAY,TOP_N_SCORE,,494,CURATED_SCORE,TRUE
CEV-08775,COL-0060,EVT-0709,100,TRUE,DAY,TOP_N_SCORE,,494,CURATED_SCORE,TRUE
CEV-08776,COL-0061,EVT-0567,1,TRUE,DAY,HIGH_TAG,,,HIGH,TRUE
CEV-08777,COL-0061,EVT-1072,2,TRUE,YEAR,HIGH_TAG,,,HIGH,TRUE
CEV-08778,COL-0061,EVT-1073,3,TRUE,YEAR,HIGH_TAG,,,HIGH,TRUE
CEV-08779,COL-0061,EVT-0044,4,TRUE,DAY,HIGH_TAG,,,HIGH,TRUE
CEV-08780,COL-0061,EVT-0052,5,TRUE,YEAR,HIGH_TAG,,,HIGH,TRUE
CEV-08781,COL-0061,EVT-1076,6,TRUE,YEAR,HIGH_TAG,,,HIGH,TRUE
CEV-08782,COL-0061,EVT-0057,7,TRUE,YEAR,HIGH_TAG,,,HIGH,TRUE
CEV-08783,COL-0061,EVT-1080,8,TRUE,YEAR,HIGH_TAG,,,HIGH,TRUE
CEV-08784,COL-0061,EVT-0054,9,TRUE,DAY,HIGH_TAG,,,HIGH,TRUE
CEV-08785,COL-0061,EVT-0058,10,TRUE,RANGE,HIGH_TAG,,,HIGH,TRUE
CEV-08786,COL-0061,EVT-0059,11,TRUE,YEAR,HIGH_TAG,,,HIGH,TRUE
CEV-08787,COL-0061,EVT-0060,12,TRUE,YEAR,HIGH_TAG,,,HIGH,TRUE
CEV-08788,COL-0061,EVT-0597,13,TRUE,DAY,HIGH_TAG,,,HIGH,TRUE
CEV-08789,COL-0061,EVT-0598,14,TRUE,YEAR,HIGH_TAG,,,HIGH,TRUE
CEV-08790,COL-0061,EVT-0055,15,TRUE,RANGE,HIGH_TAG,,,HIGH,TRUE
CEV-08791,COL-0061,EVT-1082,16,TRUE,YEAR,HIGH_TAG,,,HIGH,TRUE
CEV-08792,COL-0061,EVT-1083,17,TRUE,YEAR,HIGH_TAG,,,HIGH,TRUE
CEV-08793,COL-0061,EVT-0411,18,TRUE,DAY,HIGH_TAG,,,HIGH,TRUE
CEV-08794,COL-0061,EVT-0412,19,TRUE,DAY,HIGH_TAG,,,HIGH,TRUE
CEV-08795,COL-0061,EVT-0413,20,TRUE,DAY,HIGH_TAG,,,HIGH,TRUE
CEV-08796,COL-0061,EVT-0056,21,TRUE,DAY,HIGH_TAG,,,HIGH,TRUE
CEV-08797,COL-0061,EVT-1086,22,TRUE,YEAR,HIGH_TAG,,,HIGH,TRUE
CEV-08798,COL-0061,EVT-0328,23,TRUE,RANGE,HIGH_TAG,,,HIGH,TRUE
CEV-08799,COL-0061,EVT-0646,24,TRUE,YEAR,HIGH_TAG,,,HIGH,TRUE
CEV-08800,COL-0061,EVT-0151,25,TRUE,DAY,HIGH_TAG,,,HIGH,TRUE
CEV-08801,COL-0061,EVT-0073,26,TRUE,RANGE,HIGH_TAG,,,HIGH,TRUE
CEV-08802,COL-0061,EVT-0617,27,TRUE,DAY,HIGH_TAG,,,HIGH,TRUE
CEV-08803,COL-0061,EVT-0330,28,TRUE,RANGE,HIGH_TAG,,,HIGH,TRUE
CEV-08804,COL-0061,EVT-0065,29,TRUE,DAY,HIGH_TAG,,,HIGH,TRUE
CEV-08805,COL-0061,EVT-0625,30,TRUE,DAY,HIGH_TAG,,,HIGH,TRUE
CEV-08806,COL-0061,EVT-0167,31,TRUE,YEAR,HIGH_TAG,,,HIGH,TRUE
CEV-08807,COL-0061,EVT-0067,32,TRUE,RANGE,HIGH_TAG,,,HIGH,TRUE
CEV-08808,COL-0061,EVT-0074,33,TRUE,RANGE,HIGH_TAG,,,HIGH,TRUE
CEV-08809,COL-0061,EVT-0066,34,TRUE,RANGE,HIGH_TAG,,,HIGH,TRUE
CEV-08810,COL-0061,EVT-0075,35,TRUE,DAY,HIGH_TAG,,,HIGH,TRUE
CEV-08811,COL-0061,EVT-0152,36,TRUE,MONTH,HIGH_TAG,,,HIGH,TRUE
CEV-08812,COL-0061,EVT-0153,37,TRUE,DAY,HIGH_TAG,,,HIGH,TRUE
CEV-08813,COL-0061,EVT-0367,38,TRUE,MONTH,HIGH_TAG,,,HIGH,TRUE
CEV-08814,COL-0061,EVT-1096,39,TRUE,DAY,HIGH_TAG,,,HIGH,TRUE
CEV-08815,COL-0061,EVT-0156,40,TRUE,DAY,HIGH_TAG,,,HIGH,TRUE
CEV-08816,COL-0061,EVT-0154,41,TRUE,DAY,HIGH_TAG,,,HIGH,TRUE
CEV-08817,COL-0061,EVT-0333,42,TRUE,MONTH,HIGH_TAG,,,HIGH,TRUE
CEV-08818,COL-0061,EVT-0076,43,TRUE,DAY,HIGH_TAG,,,HIGH,TRUE
CEV-08819,COL-0061,EVT-0157,44,TRUE,DAY,HIGH_TAG,,,HIGH,TRUE
CEV-08820,COL-0061,EVT-1098,45,TRUE,DAY,HIGH_TAG,,,HIGH,TRUE
CEV-08821,COL-0061,EVT-0077,46,TRUE,DAY,HIGH_TAG,,,HIGH,TRUE
CEV-08822,COL-0061,EVT-0158,47,TRUE,RANGE,HIGH_TAG,,,HIGH,TRUE
CEV-08823,COL-0061,EVT-0159,48,TRUE,YEAR,HIGH_TAG,,,HIGH,TRUE
CEV-08824,COL-0061,EVT-0160,49,TRUE,YEAR,HIGH_TAG,,,HIGH,TRUE
CEV-08825,COL-0061,EVT-0670,50,TRUE,YEAR,HIGH_TAG,,,HIGH,TRUE
CEV-08826,COL-0061,EVT-0166,51,TRUE,RANGE,HIGH_TAG,,,HIGH,TRUE
CEV-08827,COL-0061,EVT-0165,52,TRUE,YEAR,HIGH_TAG,,,HIGH,TRUE
CEV-08828,COL-0061,EVT-1104,53,TRUE,YEAR,HIGH_TAG,,,HIGH,TRUE
CEV-08829,COL-0061,EVT-0437,54,TRUE,DAY,HIGH_TAG,,,HIGH,TRUE
CEV-08830,COL-0061,EVT-0633,55,TRUE,DAY,HIGH_TAG,,,HIGH,TRUE
CEV-08831,COL-0061,EVT-0161,56,TRUE,DAY,HIGH_TAG,,,HIGH,TRUE
CEV-08832,COL-0061,EVT-0334,57,TRUE,DAY,HIGH_TAG,,,HIGH,TRUE
CEV-08833,COL-0061,EVT-0348,58,TRUE,RANGE,HIGH_TAG,,,HIGH,TRUE
CEV-08834,COL-0061,EVT-0173,59,TRUE,DAY,HIGH_TAG,,,HIGH,TRUE
CEV-08835,COL-0061,EVT-0174,60,TRUE,RANGE,HIGH_TAG,,,HIGH,TRUE
CEV-08836,COL-0061,EVT-0175,61,TRUE,DAY,HIGH_TAG,,,HIGH,TRUE
CEV-08837,COL-0061,EVT-0337,62,TRUE,RANGE,HIGH_TAG,,,HIGH,TRUE
CEV-08838,COL-0061,EVT-0441,63,TRUE,DAY,HIGH_TAG,,,HIGH,TRUE
CEV-08839,COL-0061,EVT-0440,64,TRUE,DAY,HIGH_TAG,,,HIGH,TRUE
CEV-08840,COL-0061,EVT-0442,65,TRUE,DAY,HIGH_TAG,,,HIGH,TRUE
CEV-08841,COL-0061,EVT-0176,66,TRUE,DAY,HIGH_TAG,,,HIGH,TRUE
CEV-08842,COL-0061,EVT-0177,67,TRUE,DAY,HIGH_TAG,,,HIGH,TRUE
CEV-08843,COL-0061,EVT-0178,68,TRUE,RANGE,HIGH_TAG,,,HIGH,TRUE
CEV-08844,COL-0061,EVT-0179,69,TRUE,DAY,HIGH_TAG,,,HIGH,TRUE
CEV-08845,COL-0061,EVT-0171,70,TRUE,DAY,HIGH_TAG,,,HIGH,TRUE
CEV-08846,COL-0061,EVT-0679,71,TRUE,DAY,HIGH_TAG,,,HIGH,TRUE
CEV-08847,COL-0061,EVT-0443,72,TRUE,DAY,HIGH_TAG,,,HIGH,TRUE
CEV-08848,COL-0061,EVT-0172,73,TRUE,DAY,HIGH_TAG,,,HIGH,TRUE
CEV-08849,COL-0061,EVT-1110,74,TRUE,YEAR,HIGH_TAG,,,HIGH,TRUE
CEV-08850,COL-0061,EVT-0078,75,TRUE,DAY,HIGH_TAG,,,HIGH,TRUE
CEV-08851,COL-0061,EVT-0444,76,TRUE,DAY,HIGH_TAG,,,HIGH,TRUE
CEV-08852,COL-0061,EVT-0445,77,TRUE,DAY,HIGH_TAG,,,HIGH,TRUE
CEV-08853,COL-0061,EVT-1113,78,TRUE,YEAR,HIGH_TAG,,,HIGH,TRUE
CEV-08854,COL-0061,EVT-0446,79,TRUE,DAY,HIGH_TAG,,,HIGH,TRUE
CEV-08855,COL-0061,EVT-0079,80,TRUE,DAY,HIGH_TAG,,,HIGH,TRUE
CEV-08856,COL-0061,EVT-0180,81,TRUE,DAY,HIGH_TAG,,,HIGH,TRUE
CEV-08857,COL-0061,EVT-0682,82,TRUE,DAY,HIGH_TAG,,,HIGH,TRUE
CEV-08858,COL-0061,EVT-1121,83,TRUE,YEAR,HIGH_TAG,,,HIGH,TRUE
CEV-08859,COL-0061,EVT-0448,84,TRUE,DAY,HIGH_TAG,,,HIGH,TRUE
CEV-08860,COL-0061,EVT-0262,85,TRUE,YEAR,HIGH_TAG,,,HIGH,TRUE
CEV-08861,COL-0061,EVT-0010,86,TRUE,RANGE,HIGH_TAG,,,HIGH,TRUE
CEV-08862,COL-0061,EVT-0689,87,TRUE,DAY,HIGH_TAG,,,HIGH,TRUE
CEV-08863,COL-0061,EVT-0184,88,TRUE,RANGE,HIGH_TAG,,,HIGH,TRUE
CEV-08864,COL-0061,EVT-0453,89,TRUE,RANGE,HIGH_TAG,,,HIGH,TRUE
CEV-08865,COL-0061,EVT-0283,90,TRUE,YEAR,HIGH_TAG,,,HIGH,TRUE
CEV-08866,COL-0061,EVT-0693,91,TRUE,DAY,HIGH_TAG,,,HIGH,TRUE
CEV-08867,COL-0061,EVT-0185,92,TRUE,RANGE,HIGH_TAG,,,HIGH,TRUE
CEV-08868,COL-0061,EVT-0186,93,TRUE,DAY,HIGH_TAG,,,HIGH,TRUE
CEV-08869,COL-0061,EVT-0187,94,TRUE,DAY,HIGH_TAG,,,HIGH,TRUE
CEV-08870,COL-0061,EVT-0188,95,TRUE,DAY,HIGH_TAG,,,HIGH,TRUE
CEV-08871,COL-0061,EVT-0189,96,TRUE,DAY,HIGH_TAG,,,HIGH,TRUE
CEV-08872,COL-0061,EVT-0190,97,TRUE,DAY,HIGH_TAG,,,HIGH,TRUE
CEV-08873,COL-0061,EVT-0191,98,TRUE,DAY,HIGH_TAG,,,HIGH,TRUE
CEV-08874,COL-0061,EVT-0194,99,TRUE,RANGE,HIGH_TAG,,,HIGH,TRUE
CEV-08875,COL-0061,EVT-0459,100,TRUE,DAY,HIGH_TAG,,,HIGH,TRUE
CEV-08876,COL-0061,EVT-0195,101,TRUE,YEAR,HIGH_TAG,,,HIGH,TRUE
CEV-08877,COL-0061,EVT-0192,102,TRUE,RANGE,HIGH_TAG,,,HIGH,TRUE
CEV-08878,COL-0061,EVT-0193,103,TRUE,DAY,HIGH_TAG,,,HIGH,TRUE
CEV-08879,COL-0061,EVT-0462,104,TRUE,DAY,HIGH_TAG,,,HIGH,TRUE
CEV-08880,COL-0061,EVT-0198,105,TRUE,YEAR,HIGH_TAG,,,HIGH,TRUE
CEV-08881,COL-0061,EVT-0197,106,TRUE,DAY,HIGH_TAG,,,HIGH,TRUE
CEV-08882,COL-0061,EVT-0086,107,TRUE,DAY,HIGH_TAG,,,HIGH,TRUE
CEV-08883,COL-0061,EVT-0702,108,TRUE,MONTH,HIGH_TAG,,,HIGH,TRUE
CEV-08884,COL-0061,EVT-0196,109,TRUE,DAY,HIGH_TAG,,,HIGH,TRUE
CEV-08885,COL-0061,EVT-0473,110,TRUE,DAY,HIGH_TAG,,,HIGH,TRUE
CEV-08886,COL-0061,EVT-0353,111,TRUE,DAY,HIGH_TAG,,,HIGH,TRUE
CEV-08887,COL-0061,EVT-0199,112,TRUE,DAY,HIGH_TAG,,,HIGH,TRUE
CEV-08888,COL-0061,EVT-0200,113,TRUE,DAY,HIGH_TAG,,,HIGH,TRUE
CEV-08889,COL-0061,EVT-0201,114,TRUE,DAY,HIGH_TAG,,,HIGH,TRUE
CEV-08890,COL-0061,EVT-0202,115,TRUE,DAY,HIGH_TAG,,,HIGH,TRUE
CEV-08891,COL-0061,EVT-0203,116,TRUE,DAY,HIGH_TAG,,,HIGH,TRUE
CEV-08892,COL-0061,EVT-0474,117,TRUE,DAY,HIGH_TAG,,,HIGH,TRUE
CEV-08893,COL-0061,EVT-0204,118,TRUE,RANGE,HIGH_TAG,,,HIGH,TRUE
CEV-08894,COL-0061,EVT-0205,119,TRUE,DAY,HIGH_TAG,,,HIGH,TRUE
CEV-08895,COL-0061,EVT-0712,120,TRUE,DAY,HIGH_TAG,,,HIGH,TRUE
CEV-08896,COL-0061,EVT-0002,121,TRUE,DAY,HIGH_TAG,,,HIGH,TRUE
CEV-08897,COL-0061,EVT-0003,122,TRUE,DAY,HIGH_TAG,,,HIGH,TRUE
CEV-08898,COL-0061,EVT-0004,123,TRUE,DAY,HIGH_TAG,,,HIGH,TRUE
CEV-08899,COL-0061,EVT-0476,124,TRUE,DAY,HIGH_TAG,,,HIGH,TRUE
CEV-08900,COL-0061,EVT-0224,125,TRUE,DAY,HIGH_TAG,,,HIGH,TRUE
CEV-08901,COL-0061,EVT-0717,126,TRUE,DAY,HIGH_TAG,,,HIGH,TRUE
CEV-08902,COL-0061,EVT-0720,127,TRUE,YEAR,HIGH_TAG,,,HIGH,TRUE
CEV-08903,COL-0061,EVT-0477,128,TRUE,DAY,HIGH_TAG,,,HIGH,TRUE
CEV-08904,COL-0061,EVT-0226,129,TRUE,DAY,HIGH_TAG,,,HIGH,TRUE
CEV-08905,COL-0061,EVT-0768,130,TRUE,DAY,HIGH_TAG,,,HIGH,TRUE
CEV-08906,COL-0061,EVT-0225,131,TRUE,DAY,HIGH_TAG,,,HIGH,TRUE
CEV-08907,COL-0061,EVT-0001,132,TRUE,DAY,HIGH_TAG,,,HIGH,TRUE
CEV-08908,COL-0061,EVT-0082,133,TRUE,DAY,HIGH_TAG,,,HIGH,TRUE
CEV-08909,COL-0061,EVT-1030,134,TRUE,DAY,HIGH_TAG,,,HIGH,TRUE
CEV-08910,COL-0061,EVT-0723,135,TRUE,DAY,HIGH_TAG,,,HIGH,TRUE
CEV-08911,COL-0061,EVT-0322,136,TRUE,RANGE,HIGH_TAG,,,HIGH,TRUE
CEV-08912,COL-0061,EVT-0323,137,TRUE,DAY,HIGH_TAG,,,HIGH,TRUE
CEV-08913,COL-0061,EVT-0083,138,TRUE,DAY,HIGH_TAG,,,HIGH,TRUE
CEV-08914,COL-0061,EVT-0324,139,TRUE,MONTH,HIGH_TAG,,,HIGH,TRUE
CEV-08915,COL-0061,EVT-0475,140,TRUE,RANGE,HIGH_TAG,,,HIGH,TRUE
CEV-08916,COL-0061,EVT-0325,141,TRUE,MONTH,HIGH_TAG,,,HIGH,TRUE
CEV-08917,COL-0061,EVT-1193,142,TRUE,YEAR,HIGH_TAG,,,HIGH,TRUE
CEV-08918,COL-0061,EVT-0227,143,TRUE,DAY,HIGH_TAG,,,HIGH,TRUE
CEV-08919,COL-0061,EVT-0087,144,TRUE,DAY,HIGH_TAG,,,HIGH,TRUE
CEV-08920,COL-0061,EVT-0826,145,TRUE,DAY,HIGH_TAG,,,HIGH,TRUE
CEV-08921,COL-0061,EVT-0829,146,TRUE,DAY,HIGH_TAG,,,HIGH,TRUE
CEV-08922,COL-0061,EVT-1198,147,TRUE,YEAR,HIGH_TAG,,,HIGH,TRUE
CEV-08923,COL-0061,EVT-0831,148,TRUE,DAY,HIGH_TAG,,,HIGH,TRUE
CEV-08924,COL-0061,EVT-1201,149,TRUE,YEAR,HIGH_TAG,,,HIGH,TRUE
CEV-08925,COL-0061,EVT-0005,150,TRUE,DAY,HIGH_TAG,,,HIGH,TRUE
CEV-08926,COL-0061,EVT-1202,151,TRUE,YEAR,HIGH_TAG,,,HIGH,TRUE
CEV-08927,COL-0061,EVT-0084,152,TRUE,DAY,HIGH_TAG,,,HIGH,TRUE
CEV-08928,COL-0061,EVT-0085,153,TRUE,DAY,HIGH_TAG,,,HIGH,TRUE
CEV-08929,COL-0061,EVT-0088,154,TRUE,DAY,HIGH_TAG,,,HIGH,TRUE
CEV-08930,COL-0061,EVT-1206,155,TRUE,YEAR,HIGH_TAG,,,HIGH,TRUE
CEV-08931,COL-0061,EVT-1208,156,TRUE,YEAR,HIGH_TAG,,,HIGH,TRUE
CEV-08932,COL-0061,EVT-1211,157,TRUE,YEAR,HIGH_TAG,,,HIGH,TRUE
CEV-08933,COL-0061,EVT-1213,158,TRUE,YEAR,HIGH_TAG,,,HIGH,TRUE
CEV-08934,COL-0061,EVT-1217,159,TRUE,YEAR,HIGH_TAG,,,HIGH,TRUE
CEV-08935,COL-0061,EVT-0788,160,TRUE,DAY,HIGH_TAG,,,HIGH,TRUE
CEV-08936,COL-0061,EVT-1218,161,TRUE,YEAR,HIGH_TAG,,,HIGH,TRUE
CEV-08937,COL-0061,EVT-0480,162,TRUE,DAY,HIGH_TAG,,,HIGH,TRUE
CEV-08938,COL-0061,EVT-0207,163,TRUE,RANGE,HIGH_TAG,,,HIGH,TRUE
CEV-08939,COL-0061,EVT-0482,164,TRUE,RANGE,HIGH_TAG,,,HIGH,TRUE
CEV-08940,COL-0061,EVT-0210,165,TRUE,DAY,HIGH_TAG,,,HIGH,TRUE
CEV-08941,COL-0061,EVT-0212,166,TRUE,RANGE,HIGH_TAG,,,HIGH,TRUE
CEV-08942,COL-0061,EVT-0091,167,TRUE,DAY,HIGH_TAG,,,HIGH,TRUE
CEV-08943,COL-0061,EVT-1221,168,TRUE,YEAR,HIGH_TAG,,,HIGH,TRUE
CEV-08944,COL-0061,EVT-0486,169,TRUE,DAY,HIGH_TAG,,,HIGH,TRUE
CEV-08945,COL-0061,EVT-0092,170,TRUE,DAY,HIGH_TAG,,,HIGH,TRUE
CEV-08946,COL-0061,EVT-1225,171,TRUE,YEAR,HIGH_TAG,,,HIGH,TRUE
CEV-08947,COL-0061,EVT-0845,172,TRUE,DAY,HIGH_TAG,,,HIGH,TRUE
CEV-08948,COL-0061,EVT-0236,173,TRUE,DAY,HIGH_TAG,,,HIGH,TRUE
CEV-08949,COL-0061,EVT-0237,174,TRUE,DAY,HIGH_TAG,,,HIGH,TRUE
CEV-08950,COL-0061,EVT-0238,175,TRUE,DAY,HIGH_TAG,,,HIGH,TRUE
CEV-08951,COL-0061,EVT-1228,176,TRUE,YEAR,HIGH_TAG,,,HIGH,TRUE
CEV-08952,COL-0061,EVT-0848,177,TRUE,DAY,HIGH_TAG,,,HIGH,TRUE
CEV-08953,COL-0061,EVT-1230,178,TRUE,YEAR,HIGH_TAG,,,HIGH,TRUE
CEV-08954,COL-0061,EVT-1231,179,TRUE,YEAR,HIGH_TAG,,,HIGH,TRUE
CEV-08955,COL-0061,EVT-1232,180,TRUE,YEAR,HIGH_TAG,,,HIGH,TRUE
CEV-08956,COL-0061,EVT-0850,181,TRUE,DAY,HIGH_TAG,,,HIGH,TRUE
CEV-08957,COL-0061,EVT-1235,182,TRUE,YEAR,HIGH_TAG,,,HIGH,TRUE
CEV-08958,COL-0061,EVT-1239,183,TRUE,YEAR,HIGH_TAG,,,HIGH,TRUE
CEV-08959,COL-0061,EVT-0802,184,TRUE,DAY,HIGH_TAG,,,HIGH,TRUE
CEV-08960,COL-0061,EVT-1242,185,TRUE,YEAR,HIGH_TAG,,,HIGH,TRUE
CEV-08961,COL-0061,EVT-1246,186,TRUE,YEAR,HIGH_TAG,,,HIGH,TRUE
CEV-08962,COL-0061,EVT-1249,187,TRUE,YEAR,HIGH_TAG,,,HIGH,TRUE
CEV-08963,COL-0061,EVT-0011,188,TRUE,YEAR,HIGH_TAG,,,HIGH,TRUE
CEV-08964,COL-0061,EVT-1251,189,TRUE,YEAR,HIGH_TAG,,,HIGH,TRUE
CEV-08965,COL-0061,EVT-1258,190,TRUE,YEAR,HIGH_TAG,,,HIGH,TRUE
CEV-08966,COL-0061,EVT-1261,191,TRUE,YEAR,HIGH_TAG,,,HIGH,TRUE
CEV-08967,COL-0061,EVT-1264,192,TRUE,YEAR,HIGH_TAG,,,HIGH,TRUE
CEV-08968,COL-0061,EVT-0356,193,TRUE,RANGE,HIGH_TAG,,,HIGH,TRUE
CEV-08969,COL-0061,EVT-1267,194,TRUE,YEAR,HIGH_TAG,,,HIGH,TRUE
CEV-08970,COL-0061,EVT-0093,195,TRUE,DAY,HIGH_TAG,,,HIGH,TRUE
CEV-08971,COL-0061,EVT-0094,196,TRUE,RANGE,HIGH_TAG,,,HIGH,TRUE
CEV-08972,COL-0061,EVT-0095,197,TRUE,DAY,HIGH_TAG,,,HIGH,TRUE
CEV-08973,COL-0061,EVT-0096,198,TRUE,DAY,HIGH_TAG,,,HIGH,TRUE
CEV-08974,COL-0061,EVT-1273,199,TRUE,YEAR,HIGH_TAG,,,HIGH,TRUE
CEV-08975,COL-0061,EVT-1275,200,TRUE,YEAR,HIGH_TAG,,,HIGH,TRUE
CEV-08976,COL-0061,EVT-1277,201,TRUE,YEAR,HIGH_TAG,,,HIGH,TRUE
CEV-08977,COL-0061,EVT-0098,202,TRUE,DAY,HIGH_TAG,,,HIGH,TRUE
CEV-08978,COL-0061,EVT-0508,203,TRUE,DAY,HIGH_TAG,,,HIGH,TRUE
CEV-08979,COL-0061,EVT-0103,204,TRUE,DAY,HIGH_TAG,,,HIGH,TRUE
CEV-08980,COL-0061,EVT-0246,205,TRUE,DAY,HIGH_TAG,,,HIGH,TRUE
CEV-08981,COL-0061,EVT-0014,206,TRUE,DAY,HIGH_TAG,,,HIGH,TRUE
CEV-08982,COL-0061,EVT-0105,207,TRUE,DAY,HIGH_TAG,,,HIGH,TRUE
CEV-08983,COL-0061,EVT-0248,208,TRUE,DAY,HIGH_TAG,,,HIGH,TRUE
CEV-08984,COL-0061,EVT-0249,209,TRUE,DAY,HIGH_TAG,,,HIGH,TRUE
CEV-08985,COL-0061,EVT-0106,210,TRUE,DAY,HIGH_TAG,,,HIGH,TRUE
CEV-08986,COL-0061,EVT-0107,211,TRUE,DAY,HIGH_TAG,,,HIGH,TRUE
CEV-08987,COL-0061,EVT-0015,212,TRUE,RANGE,HIGH_TAG,,,HIGH,TRUE
CEV-08988,COL-0061,EVT-0016,213,TRUE,DAY,HIGH_TAG,,,HIGH,TRUE
CEV-08989,COL-0061,EVT-0109,214,TRUE,DAY,HIGH_TAG,,,HIGH,TRUE
CEV-08990,COL-0061,EVT-0006,215,TRUE,DAY,HIGH_TAG,,,HIGH,TRUE
CEV-08991,COL-0061,EVT-0360,216,TRUE,DAY,HIGH_TAG,,,HIGH,TRUE
CEV-08992,COL-0061,EVT-0017,217,TRUE,DAY,HIGH_TAG,,,HIGH,TRUE
CEV-08993,COL-0061,EVT-0284,218,TRUE,DAY,HIGH_TAG,,,HIGH,TRUE
CEV-08994,COL-0061,EVT-0100,219,TRUE,DAY,HIGH_TAG,,,HIGH,TRUE
CEV-08995,COL-0061,EVT-0007,220,TRUE,DAY,HIGH_TAG,,,HIGH,TRUE
CEV-08996,COL-0061,EVT-0128,221,TRUE,RANGE,HIGH_TAG,,,HIGH,TRUE
CEV-08997,COL-0061,EVT-0008,222,TRUE,DAY,HIGH_TAG,,,HIGH,TRUE
CEV-08998,COL-0061,EVT-1292,223,TRUE,YEAR,HIGH_TAG,,,HIGH,TRUE
CEV-08999,COL-0061,EVT-1296,224,TRUE,YEAR,HIGH_TAG,,,HIGH,TRUE
CEV-09000,COL-0061,EVT-0865,225,TRUE,DAY,HIGH_TAG,,,HIGH,TRUE
CEV-09001,COL-0061,EVT-1306,226,TRUE,YEAR,HIGH_TAG,,,HIGH,TRUE
CEV-09002,COL-0061,EVT-0018,227,TRUE,DAY,HIGH_TAG,,,HIGH,TRUE
CEV-09003,COL-0061,EVT-1311,228,TRUE,YEAR,HIGH_TAG,,,HIGH,TRUE
CEV-09004,COL-0061,EVT-0116,229,TRUE,DAY,HIGH_TAG,,,HIGH,TRUE
CEV-09005,COL-0061,EVT-1318,230,TRUE,YEAR,HIGH_TAG,,,HIGH,TRUE
CEV-09006,COL-0061,EVT-1325,231,TRUE,YEAR,HIGH_TAG,,,HIGH,TRUE
CEV-09007,COL-0061,EVT-0530,232,TRUE,DAY,HIGH_TAG,,,HIGH,TRUE
CEV-09008,COL-0061,EVT-1337,233,TRUE,YEAR,HIGH_TAG,,,HIGH,TRUE
CEV-09009,COL-0061,EVT-1346,234,TRUE,YEAR,HIGH_TAG,,,HIGH,TRUE
CEV-09010,COL-0061,EVT-1352,235,TRUE,YEAR,HIGH_TAG,,,HIGH,TRUE
CEV-09011,COL-0061,EVT-0285,236,TRUE,DAY,HIGH_TAG,,,HIGH,TRUE
CEV-09012,COL-0061,EVT-1358,237,TRUE,YEAR,HIGH_TAG,,,HIGH,TRUE
CEV-09013,COL-0061,EVT-0361,238,TRUE,DAY,HIGH_TAG,,,HIGH,TRUE
CEV-09014,COL-0061,EVT-0362,239,TRUE,DAY,HIGH_TAG,,,HIGH,TRUE
CEV-09015,COL-0061,EVT-0531,240,TRUE,DAY,HIGH_TAG,,,HIGH,TRUE
CEV-09016,COL-0061,EVT-1367,241,TRUE,YEAR,HIGH_TAG,,,HIGH,TRUE
CEV-09017,COL-0061,EVT-1376,242,TRUE,YEAR,HIGH_TAG,,,HIGH,TRUE
CEV-09018,COL-0061,EVT-1384,243,TRUE,YEAR,HIGH_TAG,,,HIGH,TRUE
CEV-09019,COL-0061,EVT-1392,244,TRUE,YEAR,HIGH_TAG,,,HIGH,TRUE
CEV-09020,COL-0061,EVT-0120,245,TRUE,DAY,HIGH_TAG,,,HIGH,TRUE
CEV-09021,COL-0061,EVT-0123,246,TRUE,DAY,HIGH_TAG,,,HIGH,TRUE
CEV-09022,COL-0061,EVT-0363,247,TRUE,DAY,HIGH_TAG,,,HIGH,TRUE
CEV-09023,COL-0061,EVT-1399,248,TRUE,YEAR,HIGH_TAG,,,HIGH,TRUE
CEV-09024,COL-0061,EVT-1406,249,TRUE,YEAR,HIGH_TAG,,,HIGH,TRUE
CEV-09025,COL-0061,EVT-1415,250,TRUE,YEAR,HIGH_TAG,,,HIGH,TRUE
CEV-09026,COL-0061,EVT-0129,251,TRUE,DAY,HIGH_TAG,,,HIGH,TRUE
CEV-09027,COL-0061,EVT-1425,252,TRUE,YEAR,HIGH_TAG,,,HIGH,TRUE
CEV-09028,COL-0061,EVT-1433,253,TRUE,YEAR,HIGH_TAG,,,HIGH,TRUE
CEV-09029,COL-0061,EVT-1441,254,TRUE,YEAR,HIGH_TAG,,,HIGH,TRUE
CEV-09030,COL-0061,EVT-1445,255,TRUE,YEAR,HIGH_TAG,,,HIGH,TRUE
CEV-09031,COL-0061,EVT-0537,256,TRUE,RANGE,HIGH_TAG,,,HIGH,TRUE
CEV-09032,COL-0061,EVT-1450,257,TRUE,YEAR,HIGH_TAG,,,HIGH,TRUE
CEV-09033,COL-0061,EVT-1453,258,TRUE,YEAR,HIGH_TAG,,,HIGH,TRUE
CEV-09034,COL-0061,EVT-0539,259,TRUE,DAY,HIGH_TAG,,,HIGH,TRUE
CEV-09035,COL-0061,EVT-0130,260,TRUE,DAY,HIGH_TAG,,,HIGH,TRUE
CEV-09036,COL-0061,EVT-1469,261,TRUE,YEAR,HIGH_TAG,,,HIGH,TRUE
CEV-09037,COL-0061,EVT-1479,262,TRUE,YEAR,HIGH_TAG,,,HIGH,TRUE
CEV-09038,COL-0061,EVT-1488,263,TRUE,YEAR,HIGH_TAG,,,HIGH,TRUE
CEV-09039,COL-0061,EVT-1494,264,TRUE,YEAR,HIGH_TAG,,,HIGH,TRUE
CEV-09040,COL-0061,EVT-1499,265,TRUE,YEAR,HIGH_TAG,,,HIGH,TRUE
CEV-09041,COL-0061,EVT-0131,266,TRUE,DAY,HIGH_TAG,,,HIGH,TRUE
CEV-09042,COL-0061,EVT-0132,267,TRUE,DAY,HIGH_TAG,,,HIGH,TRUE
CEV-09043,COL-0061,EVT-1508,268,TRUE,YEAR,HIGH_TAG,,,HIGH,TRUE
CEV-09044,COL-0061,EVT-1515,269,TRUE,YEAR,HIGH_TAG,,,HIGH,TRUE
CEV-09045,COL-0061,EVT-1521,270,TRUE,YEAR,HIGH_TAG,,,HIGH,TRUE
CEV-09046,COL-0061,EVT-1528,271,TRUE,YEAR,HIGH_TAG,,,HIGH,TRUE
CEV-09047,COL-0061,EVT-1535,272,TRUE,YEAR,HIGH_TAG,,,HIGH,TRUE
CEV-09048,COL-0061,EVT-1537,273,TRUE,YEAR,HIGH_TAG,,,HIGH,TRUE
CEV-09049,COL-0061,EVT-1543,274,TRUE,YEAR,HIGH_TAG,,,HIGH,TRUE
CEV-09050,COL-0061,EVT-1547,275,TRUE,YEAR,HIGH_TAG,,,HIGH,TRUE
CEV-09051,COL-0061,EVT-1560,276,TRUE,YEAR,HIGH_TAG,,,HIGH,TRUE
CEV-09052,COL-0061,EVT-1564,277,TRUE,YEAR,HIGH_TAG,,,HIGH,TRUE
CEV-09053,COL-0061,EVT-0364,278,TRUE,DAY,HIGH_TAG,,,HIGH,TRUE
CEV-09054,COL-0061,EVT-0133,279,TRUE,DAY,HIGH_TAG,,,HIGH,TRUE
CEV-09055,COL-0061,EVT-1565,280,TRUE,YEAR,HIGH_TAG,,,HIGH,TRUE
CEV-09056,COL-0061,EVT-1573,281,TRUE,YEAR,HIGH_TAG,,,HIGH,TRUE
CEV-09057,COL-0061,EVT-0134,282,TRUE,DAY,HIGH_TAG,,,HIGH,TRUE
CEV-09058,COL-0061,EVT-1582,283,TRUE,YEAR,HIGH_TAG,,,HIGH,TRUE
CEV-09059,COL-0061,EVT-1585,284,TRUE,YEAR,HIGH_TAG,,,HIGH,TRUE
CEV-09060,COL-0061,EVT-1591,285,TRUE,YEAR,HIGH_TAG,,,HIGH,TRUE
CEV-09061,COL-0061,EVT-1592,286,TRUE,YEAR,HIGH_TAG,,,HIGH,TRUE
CEV-09062,COL-0061,EVT-1597,287,TRUE,YEAR,HIGH_TAG,,,HIGH,TRUE
CEV-09063,COL-0061,EVT-1602,288,TRUE,YEAR,HIGH_TAG,,,HIGH,TRUE
CEV-09064,COL-0061,EVT-1605,289,TRUE,YEAR,HIGH_TAG,,,HIGH,TRUE
CEV-09065,COL-0061,EVT-1622,290,TRUE,YEAR,HIGH_TAG,,,HIGH,TRUE
CEV-09066,COL-0061,EVT-1627,291,TRUE,YEAR,HIGH_TAG,,,HIGH,TRUE
CEV-09067,COL-0061,EVT-1629,292,TRUE,YEAR,HIGH_TAG,,,HIGH,TRUE
CEV-09068,COL-0061,EVT-1635,293,TRUE,YEAR,HIGH_TAG,,,HIGH,TRUE
CEV-09069,COL-0061,EVT-0135,294,TRUE,DAY,HIGH_TAG,,,HIGH,TRUE
CEV-09070,COL-0061,EVT-1643,295,TRUE,YEAR,HIGH_TAG,,,HIGH,TRUE
CEV-09071,COL-0061,EVT-1648,296,TRUE,YEAR,HIGH_TAG,,,HIGH,TRUE
CEV-09072,COL-0061,EVT-1650,297,TRUE,YEAR,HIGH_TAG,,,HIGH,TRUE
CEV-09073,COL-0061,EVT-1656,298,TRUE,YEAR,HIGH_TAG,,,HIGH,TRUE
CEV-09074,COL-0061,EVT-0256,299,TRUE,DAY,HIGH_TAG,,,HIGH,TRUE
CEV-09075,COL-0061,EVT-1661,300,TRUE,YEAR,HIGH_TAG,,,HIGH,TRUE
CEV-09076,COL-0061,EVT-0257,301,TRUE,DAY,HIGH_TAG,,,HIGH,TRUE
CEV-09077,COL-0061,EVT-0258,302,TRUE,DAY,HIGH_TAG,,,HIGH,TRUE
CEV-09078,COL-0061,EVT-1677,303,TRUE,YEAR,HIGH_TAG,,,HIGH,TRUE
CEV-09079,COL-0061,EVT-1682,304,TRUE,YEAR,HIGH_TAG,,,HIGH,TRUE
CEV-09080,COL-0061,EVT-1685,305,TRUE,YEAR,HIGH_TAG,,,HIGH,TRUE
CEV-09081,COL-0061,EVT-1690,306,TRUE,YEAR,HIGH_TAG,,,HIGH,TRUE
CEV-09082,COL-0061,EVT-1695,307,TRUE,YEAR,HIGH_TAG,,,HIGH,TRUE
CEV-09083,COL-0061,EVT-1703,308,TRUE,YEAR,HIGH_TAG,,,HIGH,TRUE
CEV-09084,COL-0061,EVT-0259,309,TRUE,DAY,HIGH_TAG,,,HIGH,TRUE
CEV-09085,COL-0061,EVT-1704,310,TRUE,DAY,HIGH_TAG,,,HIGH,TRUE
CEV-09086,COL-0061,EVT-0260,311,TRUE,DAY,HIGH_TAG,,,HIGH,TRUE
CEV-09087,COL-0061,EVT-0261,312,TRUE,DAY,HIGH_TAG,,,HIGH,TRUE
CEV-09088,COL-0061,EVT-1709,313,TRUE,YEAR,HIGH_TAG,,,HIGH,TRUE
CEV-09089,COL-0061,EVT-1711,314,TRUE,YEAR,HIGH_TAG,,,HIGH,TRUE
CEV-09090,COL-0061,EVT-1716,315,TRUE,YEAR,HIGH_TAG,,,HIGH,TRUE
CEV-09091,COL-0061,EVT-0936,316,TRUE,DAY,HIGH_TAG,,,HIGH,TRUE
CEV-09092,COL-0061,EVT-1730,317,TRUE,YEAR,HIGH_TAG,,,HIGH,TRUE
CEV-09093,COL-0061,EVT-1734,318,TRUE,YEAR,HIGH_TAG,,,HIGH,TRUE
CEV-09094,COL-0061,EVT-1735,319,TRUE,DAY,HIGH_TAG,,,HIGH,TRUE
CEV-09095,COL-0061,EVT-1739,320,TRUE,YEAR,HIGH_TAG,,,HIGH,TRUE
CEV-09096,COL-0061,EVT-1741,321,TRUE,YEAR,HIGH_TAG,,,HIGH,TRUE
CEV-09097,COL-0061,EVT-1747,322,TRUE,YEAR,HIGH_TAG,,,HIGH,TRUE
CEV-09098,COL-0061,EVT-0941,323,TRUE,DAY,HIGH_TAG,,,HIGH,TRUE
CEV-09099,COL-0061,EVT-1751,324,TRUE,YEAR,HIGH_TAG,,,HIGH,TRUE
CEV-09100,COL-0061,EVT-1756,325,TRUE,YEAR,HIGH_TAG,,,HIGH,TRUE
CEV-09101,COL-0061,EVT-1759,326,TRUE,YEAR,HIGH_TAG,,,HIGH,TRUE
CEV-09102,COL-0061,EVT-1765,327,TRUE,YEAR,HIGH_TAG,,,HIGH,TRUE
CEV-09103,COL-0061,EVT-1780,328,TRUE,YEAR,HIGH_TAG,,,HIGH,TRUE
CEV-09104,COL-0061,EVT-1783,329,TRUE,YEAR,HIGH_TAG,,,HIGH,TRUE
CEV-09105,COL-0061,EVT-1787,330,TRUE,YEAR,HIGH_TAG,,,HIGH,TRUE
CEV-09106,COL-0061,EVT-1790,331,TRUE,YEAR,HIGH_TAG,,,HIGH,TRUE
CEV-09107,COL-0061,EVT-1797,332,TRUE,YEAR,HIGH_TAG,,,HIGH,TRUE
CEV-09108,COL-0061,EVT-1802,333,TRUE,YEAR,HIGH_TAG,,,HIGH,TRUE
CEV-09109,COL-0061,EVT-1809,334,TRUE,YEAR,HIGH_TAG,,,HIGH,TRUE
CEV-09110,COL-0061,EVT-1816,335,TRUE,YEAR,HIGH_TAG,,,HIGH,TRUE
CEV-09111,COL-0061,EVT-1821,336,TRUE,YEAR,HIGH_TAG,,,HIGH,TRUE
CEV-09112,COL-0061,EVT-1828,337,TRUE,YEAR,HIGH_TAG,,,HIGH,TRUE
CEV-09113,COL-0061,EVT-1836,338,TRUE,YEAR,HIGH_TAG,,,HIGH,TRUE
CEV-09114,COL-0061,EVT-1838,339,TRUE,YEAR,HIGH_TAG,,,HIGH,TRUE
CEV-09115,COL-0061,EVT-1842,340,TRUE,YEAR,HIGH_TAG,,,HIGH,TRUE
CEV-09116,COL-0061,EVT-1845,341,TRUE,YEAR,HIGH_TAG,,,HIGH,TRUE
CEV-09117,COL-0061,EVT-1851,342,TRUE,YEAR,HIGH_TAG,,,HIGH,TRUE
CEV-09118,COL-0061,EVT-1861,343,TRUE,YEAR,HIGH_TAG,,,HIGH,TRUE
CEV-09119,COL-0061,EVT-0326,344,TRUE,DAY,HIGH_TAG,,,HIGH,TRUE
CEV-09120,COL-0061,EVT-0312,345,TRUE,YEAR,HIGH_TAG,,,HIGH,TRUE
CEV-09121,COL-0061,EVT-1869,346,TRUE,YEAR,HIGH_TAG,,,HIGH,TRUE
CEV-09122,COL-0061,EVT-1877,347,TRUE,YEAR,HIGH_TAG,,,HIGH,TRUE
CEV-09123,COL-0061,EVT-1882,348,TRUE,YEAR,HIGH_TAG,,,HIGH,TRUE
CEV-09124,COL-0061,EVT-1887,349,TRUE,YEAR,HIGH_TAG,,,HIGH,TRUE
CEV-09125,COL-0061,EVT-0311,350,TRUE,YEAR,HIGH_TAG,,,HIGH,TRUE
CEV-09126,COL-0061,EVT-1891,351,TRUE,YEAR,HIGH_TAG,,,HIGH,TRUE
CEV-09127,COL-0061,EVT-1893,352,TRUE,YEAR,HIGH_TAG,,,HIGH,TRUE
CEV-09128,COL-0061,EVT-1904,353,TRUE,YEAR,HIGH_TAG,,,HIGH,TRUE
CEV-09129,COL-0061,EVT-1909,354,TRUE,YEAR,HIGH_TAG,,,HIGH,TRUE
CEV-09130,COL-0061,EVT-1920,355,TRUE,YEAR,HIGH_TAG,,,HIGH,TRUE
CEV-09131,COL-0061,EVT-1927,356,TRUE,YEAR,HIGH_TAG,,,HIGH,TRUE
CEV-09132,COL-0061,EVT-1934,357,TRUE,YEAR,HIGH_TAG,,,HIGH,TRUE
CEV-09133,COL-0061,EVT-1008,358,TRUE,DAY,HIGH_TAG,,,HIGH,TRUE
CEV-09134,COL-0061,EVT-0320,359,TRUE,DAY,HIGH_TAG,,,HIGH,TRUE
CEV-09135,COL-0061,EVT-1935,360,TRUE,YEAR,HIGH_TAG,,,HIGH,TRUE
CEV-09136,COL-0061,EVT-1943,361,TRUE,YEAR,HIGH_TAG,,,HIGH,TRUE
CEV-09137,COL-0061,EVT-1944,362,TRUE,YEAR,HIGH_TAG,,,HIGH,TRUE
CEV-09138,COL-0061,EVT-0321,363,TRUE,DAY,HIGH_TAG,,,HIGH,TRUE
CEV-09139,COL-0061,EVT-1950,364,TRUE,YEAR,HIGH_TAG,,,HIGH,TRUE
CEV-09140,COL-0061,EVT-1952,365,TRUE,YEAR,HIGH_TAG,,,HIGH,TRUE
CEV-09141,COL-0061,EVT-1964,366,TRUE,YEAR,HIGH_TAG,,,HIGH,TRUE
CEV-09142,COL-0061,EVT-1969,367,TRUE,YEAR,HIGH_TAG,,,HIGH,TRUE
CEV-09143,COL-0061,EVT-1977,368,TRUE,YEAR,HIGH_TAG,,,HIGH,TRUE
CEV-09144,COL-0061,EVT-1014,369,TRUE,DAY,HIGH_TAG,,,HIGH,TRUE
CEV-09145,COL-0061,EVT-1981,370,TRUE,YEAR,HIGH_TAG,,,HIGH,TRUE
CEV-09146,COL-0061,EVT-1986,371,TRUE,YEAR,HIGH_TAG,,,HIGH,TRUE
CEV-09147,COL-0061,EVT-1990,372,TRUE,YEAR,HIGH_TAG,,,HIGH,TRUE
CEV-09148,COL-0061,EVT-1995,373,TRUE,YEAR,HIGH_TAG,,,HIGH,TRUE
CEV-09149,COL-0061,EVT-2000,374,TRUE,YEAR,HIGH_TAG,,,HIGH,TRUE
CEV-09150,COL-0061,EVT-2004,375,TRUE,YEAR,HIGH_TAG,,,HIGH,TRUE
CEV-09151,COL-0061,EVT-2014,376,TRUE,YEAR,HIGH_TAG,,,HIGH,TRUE
CEV-09152,COL-0061,EVT-2015,377,TRUE,YEAR,HIGH_TAG,,,HIGH,TRUE
CEV-09153,COL-0061,EVT-2020,378,TRUE,YEAR,HIGH_TAG,,,HIGH,TRUE
CEV-09154,COL-0061,EVT-2027,379,TRUE,YEAR,HIGH_TAG,,,HIGH,TRUE
CEV-09155,COL-0061,EVT-2030,380,TRUE,DAY,HIGH_TAG,,,HIGH,TRUE
CEV-09156,COL-0061,EVT-2033,381,TRUE,YEAR,HIGH_TAG,,,HIGH,TRUE
CEV-09157,COL-0061,EVT-2040,382,TRUE,YEAR,HIGH_TAG,,,HIGH,TRUE
CEV-09158,COL-0062,EVT-0023,1,TRUE,YEAR,HIGH_TAG,,,HIGH,TRUE
CEV-09159,COL-0062,EVT-0024,2,TRUE,DAY,HIGH_TAG,,,HIGH,TRUE
CEV-09160,COL-0062,EVT-0571,3,TRUE,YEAR,HIGH_TAG,,,HIGH,TRUE
CEV-09161,COL-0062,EVT-0556,4,TRUE,YEAR,HIGH_TAG,,,HIGH,TRUE
CEV-09162,COL-0062,EVT-0382,5,TRUE,YEAR,HIGH_TAG,,,HIGH,TRUE
CEV-09163,COL-0062,EVT-0372,6,TRUE,RANGE,HIGH_TAG,,,HIGH,TRUE
CEV-09164,COL-0062,EVT-0030,7,TRUE,RANGE,HIGH_TAG,,,HIGH,TRUE
CEV-09165,COL-0062,EVT-0373,8,TRUE,YEAR,HIGH_TAG,,,HIGH,TRUE
CEV-09166,COL-0062,EVT-0374,9,TRUE,YEAR,HIGH_TAG,,,HIGH,TRUE
CEV-09167,COL-0062,EVT-0550,10,TRUE,MONTH,HIGH_TAG,,,HIGH,TRUE
CEV-09168,COL-0062,EVT-0375,11,TRUE,YEAR,HIGH_TAG,,,HIGH,TRUE
CEV-09169,COL-0062,EVT-0136,12,TRUE,RANGE,HIGH_TAG,,,HIGH,TRUE
CEV-09170,COL-0062,EVT-0376,13,TRUE,RANGE,HIGH_TAG,,,HIGH,TRUE
CEV-09171,COL-0062,EVT-0572,14,TRUE,YEAR,HIGH_TAG,,,HIGH,TRUE
CEV-09172,COL-0062,EVT-0377,15,TRUE,YEAR,HIGH_TAG,,,HIGH,TRUE
CEV-09173,COL-0062,EVT-1053,16,TRUE,YEAR,HIGH_TAG,,,HIGH,TRUE
CEV-09174,COL-0062,EVT-0557,17,TRUE,YEAR,HIGH_TAG,,,HIGH,TRUE
CEV-09175,COL-0062,EVT-0378,18,TRUE,YEAR,HIGH_TAG,,,HIGH,TRUE
CEV-09176,COL-0062,EVT-0379,19,TRUE,YEAR,HIGH_TAG,,,HIGH,TRUE
CEV-09177,COL-0062,EVT-0380,20,TRUE,YEAR,HIGH_TAG,,,HIGH,TRUE
CEV-09178,COL-0062,EVT-0381,21,TRUE,YEAR,HIGH_TAG,,,HIGH,TRUE
CEV-09179,COL-0062,EVT-0551,22,TRUE,DAY,HIGH_TAG,,,HIGH,TRUE
CEV-09180,COL-0062,EVT-0384,23,TRUE,YEAR,HIGH_TAG,,,HIGH,TRUE
CEV-09181,COL-0062,EVT-0041,24,TRUE,RANGE,HIGH_TAG,,,HIGH,TRUE
CEV-09182,COL-0062,EVT-1058,25,TRUE,YEAR,HIGH_TAG,,,HIGH,TRUE
CEV-09183,COL-0062,EVT-1059,26,TRUE,YEAR,HIGH_TAG,,,HIGH,TRUE
CEV-09184,COL-0062,EVT-0560,27,TRUE,YEAR,HIGH_TAG,,,HIGH,TRUE
CEV-09185,COL-0062,EVT-0385,28,TRUE,DAY,HIGH_TAG,,,HIGH,TRUE
CEV-09186,COL-0062,EVT-0386,29,TRUE,DAY,HIGH_TAG,,,HIGH,TRUE
CEV-09187,COL-0062,EVT-0387,30,TRUE,DAY,HIGH_TAG,,,HIGH,TRUE
CEV-09188,COL-0062,EVT-0032,31,TRUE,RANGE,HIGH_TAG,,,HIGH,TRUE
CEV-09189,COL-0062,EVT-0033,32,TRUE,RANGE,HIGH_TAG,,,HIGH,TRUE
CEV-09190,COL-0062,EVT-0031,33,TRUE,DAY,HIGH_TAG,,,HIGH,TRUE
CEV-09191,COL-0062,EVT-0040,34,TRUE,RANGE,HIGH_TAG,,,HIGH,TRUE
CEV-09192,COL-0062,EVT-0561,35,TRUE,MONTH,HIGH_TAG,,,HIGH,TRUE
CEV-09193,COL-0062,EVT-1060,36,TRUE,YEAR,HIGH_TAG,,,HIGH,TRUE
CEV-09194,COL-0062,EVT-1061,37,TRUE,YEAR,HIGH_TAG,,,HIGH,TRUE
CEV-09195,COL-0062,EVT-0562,38,TRUE,DAY,HIGH_TAG,,,HIGH,TRUE
CEV-09196,COL-0062,EVT-0035,39,TRUE,YEAR,HIGH_TAG,,,HIGH,TRUE
CEV-09197,COL-0062,EVT-0036,40,TRUE,YEAR,HIGH_TAG,,,HIGH,TRUE
CEV-09198,COL-0062,EVT-0563,41,TRUE,YEAR,HIGH_TAG,,,HIGH,TRUE
CEV-09199,COL-0062,EVT-1062,42,TRUE,YEAR,HIGH_TAG,,,HIGH,TRUE
CEV-09200,COL-0062,EVT-1063,43,TRUE,YEAR,HIGH_TAG,,,HIGH,TRUE
CEV-09201,COL-0062,EVT-0034,44,TRUE,YEAR,HIGH_TAG,,,HIGH,TRUE
CEV-09202,COL-0062,EVT-0564,45,TRUE,YEAR,HIGH_TAG,,,HIGH,TRUE
CEV-09203,COL-0062,EVT-1064,46,TRUE,YEAR,HIGH_TAG,,,HIGH,TRUE
CEV-09204,COL-0062,EVT-0574,47,TRUE,YEAR,HIGH_TAG,,,HIGH,TRUE
CEV-09205,COL-0062,EVT-1065,48,TRUE,YEAR,HIGH_TAG,,,HIGH,TRUE
CEV-09206,COL-0062,EVT-0575,49,TRUE,DAY,HIGH_TAG,,,HIGH,TRUE
CEV-09207,COL-0062,EVT-0576,50,TRUE,DAY,HIGH_TAG,,,HIGH,TRUE
CEV-09208,COL-0062,EVT-0565,51,TRUE,DAY,HIGH_TAG,,,HIGH,TRUE
CEV-09209,COL-0062,EVT-1066,52,TRUE,YEAR,HIGH_TAG,,,HIGH,TRUE
CEV-09210,COL-0062,EVT-0038,53,TRUE,YEAR,HIGH_TAG,,,HIGH,TRUE
CEV-09211,COL-0062,EVT-0037,54,TRUE,YEAR,HIGH_TAG,,,HIGH,TRUE
CEV-09212,COL-0062,EVT-1067,55,TRUE,YEAR,HIGH_TAG,,,HIGH,TRUE
CEV-09213,COL-0062,EVT-0139,56,TRUE,DAY,HIGH_TAG,,,HIGH,TRUE
CEV-09214,COL-0062,EVT-1068,57,TRUE,YEAR,HIGH_TAG,,,HIGH,TRUE
CEV-09215,COL-0062,EVT-0039,58,TRUE,DAY,HIGH_TAG,,,HIGH,TRUE
CEV-09216,COL-0062,EVT-0566,59,TRUE,DAY,HIGH_TAG,,,HIGH,TRUE
CEV-09217,COL-0062,EVT-0390,60,TRUE,DAY,HIGH_TAG,,,HIGH,TRUE
CEV-09218,COL-0062,EVT-0567,61,TRUE,DAY,HIGH_TAG,,,HIGH,TRUE
CEV-09219,COL-0062,EVT-0568,62,TRUE,DAY,HIGH_TAG,,,HIGH,TRUE
CEV-09220,COL-0062,EVT-0327,63,TRUE,RANGE,HIGH_TAG,,,HIGH,TRUE
CEV-09221,COL-0062,EVT-0365,64,TRUE,DAY,HIGH_TAG,,,HIGH,TRUE
CEV-09222,COL-0062,EVT-0393,65,TRUE,YEAR,HIGH_TAG,,,HIGH,TRUE
CEV-09223,COL-0062,EVT-0047,66,TRUE,RANGE,HIGH_TAG,,,HIGH,TRUE
CEV-09224,COL-0062,EVT-1069,67,TRUE,YEAR,HIGH_TAG,,,HIGH,TRUE
CEV-09225,COL-0062,EVT-0604,68,TRUE,DAY,HIGH_TAG,,,HIGH,TRUE
CEV-09226,COL-0062,EVT-0581,69,TRUE,DAY,HIGH_TAG,,,HIGH,TRUE
CEV-09227,COL-0062,EVT-0582,70,TRUE,YEAR,HIGH_TAG,,,HIGH,TRUE
CEV-09228,COL-0062,EVT-1070,71,TRUE,YEAR,HIGH_TAG,,,HIGH,TRUE
CEV-09229,COL-0062,EVT-1071,72,TRUE,YEAR,HIGH_TAG,,,HIGH,TRUE
CEV-09230,COL-0062,EVT-0578,73,TRUE,YEAR,HIGH_TAG,,,HIGH,TRUE
CEV-09231,COL-0062,EVT-0395,74,TRUE,YEAR,HIGH_TAG,,,HIGH,TRUE
CEV-09232,COL-0062,EVT-1072,75,TRUE,YEAR,HIGH_TAG,,,HIGH,TRUE
CEV-09233,COL-0062,EVT-1073,76,TRUE,YEAR,HIGH_TAG,,,HIGH,TRUE
CEV-09234,COL-0062,EVT-0394,77,TRUE,YEAR,HIGH_TAG,,,HIGH,TRUE
CEV-09235,COL-0062,EVT-0588,78,TRUE,DAY,HIGH_TAG,,,HIGH,TRUE
CEV-09236,COL-0062,EVT-0044,79,TRUE,DAY,HIGH_TAG,,,HIGH,TRUE
CEV-09237,COL-0062,EVT-0048,80,TRUE,MONTH,HIGH_TAG,,,HIGH,TRUE
CEV-09238,COL-0062,EVT-1074,81,TRUE,YEAR,HIGH_TAG,,,HIGH,TRUE
CEV-09239,COL-0062,EVT-0605,82,TRUE,MONTH,HIGH_TAG,,,HIGH,TRUE
CEV-09240,COL-0062,EVT-0396,83,TRUE,YEAR,HIGH_TAG,,,HIGH,TRUE
CEV-09241,COL-0062,EVT-1075,84,TRUE,YEAR,HIGH_TAG,,,HIGH,TRUE
CEV-09242,COL-0062,EVT-0397,85,TRUE,DAY,HIGH_TAG,,,HIGH,TRUE
CEV-09243,COL-0062,EVT-0052,86,TRUE,YEAR,HIGH_TAG,,,HIGH,TRUE
CEV-09244,COL-0062,EVT-1076,87,TRUE,YEAR,HIGH_TAG,,,HIGH,TRUE
CEV-09245,COL-0062,EVT-1077,88,TRUE,YEAR,HIGH_TAG,,,HIGH,TRUE
CEV-09246,COL-0062,EVT-1078,89,TRUE,YEAR,HIGH_TAG,,,HIGH,TRUE
CEV-09247,COL-0062,EVT-0045,90,TRUE,MONTH,HIGH_TAG,,,HIGH,TRUE
CEV-09248,COL-0062,EVT-0606,91,TRUE,DAY,HIGH_TAG,,,HIGH,TRUE
CEV-09249,COL-0062,EVT-0398,92,TRUE,DAY,HIGH_TAG,,,HIGH,TRUE
CEV-09250,COL-0062,EVT-0400,93,TRUE,DAY,HIGH_TAG,,,HIGH,TRUE
CEV-09251,COL-0062,EVT-0399,94,TRUE,DAY,HIGH_TAG,,,HIGH,TRUE
CEV-09252,COL-0062,EVT-0590,95,TRUE,DAY,HIGH_TAG,,,HIGH,TRUE
CEV-09253,COL-0062,EVT-1079,96,TRUE,YEAR,HIGH_TAG,,,HIGH,TRUE
CEV-09254,COL-0062,EVT-0607,97,TRUE,DAY,HIGH_TAG,,,HIGH,TRUE
CEV-09255,COL-0062,EVT-0591,98,TRUE,DAY,HIGH_TAG,,,HIGH,TRUE
CEV-09256,COL-0062,EVT-0057,99,TRUE,YEAR,HIGH_TAG,,,HIGH,TRUE
CEV-09257,COL-0062,EVT-0046,100,TRUE,DAY,HIGH_TAG,,,HIGH,TRUE
CEV-09258,COL-0062,EVT-1080,101,TRUE,YEAR,HIGH_TAG,,,HIGH,TRUE
CEV-09259,COL-0062,EVT-0054,102,TRUE,DAY,HIGH_TAG,,,HIGH,TRUE
CEV-09260,COL-0062,EVT-0401,103,TRUE,DAY,HIGH_TAG,,,HIGH,TRUE
CEV-09261,COL-0062,EVT-0402,104,TRUE,RANGE,HIGH_TAG,,,HIGH,TRUE
CEV-09262,COL-0062,EVT-0058,105,TRUE,RANGE,HIGH_TAG,,,HIGH,TRUE
CEV-09263,COL-0062,EVT-1081,106,TRUE,YEAR,HIGH_TAG,,,HIGH,TRUE
CEV-09264,COL-0062,EVT-0609,107,TRUE,DAY,HIGH_TAG,,,HIGH,TRUE
CEV-09265,COL-0062,EVT-0594,108,TRUE,DAY,HIGH_TAG,,,HIGH,TRUE
CEV-09266,COL-0062,EVT-0404,109,TRUE,YEAR,HIGH_TAG,,,HIGH,TRUE
CEV-09267,COL-0062,EVT-0405,110,TRUE,YEAR,HIGH_TAG,,,HIGH,TRUE
CEV-09268,COL-0062,EVT-0059,111,TRUE,YEAR,HIGH_TAG,,,HIGH,TRUE
CEV-09269,COL-0062,EVT-0060,112,TRUE,YEAR,HIGH_TAG,,,HIGH,TRUE
CEV-09270,COL-0062,EVT-0611,113,TRUE,DAY,HIGH_TAG,,,HIGH,TRUE
CEV-09271,COL-0062,EVT-0596,114,TRUE,DAY,HIGH_TAG,,,HIGH,TRUE
CEV-09272,COL-0062,EVT-0597,115,TRUE,DAY,HIGH_TAG,,,HIGH,TRUE
CEV-09273,COL-0062,EVT-0598,116,TRUE,YEAR,HIGH_TAG,,,HIGH,TRUE
CEV-09274,COL-0062,EVT-0599,117,TRUE,DAY,HIGH_TAG,,,HIGH,TRUE
CEV-09275,COL-0062,EVT-0612,118,TRUE,DAY,HIGH_TAG,,,HIGH,TRUE
CEV-09276,COL-0062,EVT-0055,119,TRUE,RANGE,HIGH_TAG,,,HIGH,TRUE
CEV-09277,COL-0062,EVT-0406,120,TRUE,DAY,HIGH_TAG,,,HIGH,TRUE
CEV-09278,COL-0062,EVT-0580,121,TRUE,MONTH,HIGH_TAG,,,HIGH,TRUE
CEV-09279,COL-0062,EVT-0061,122,TRUE,RANGE,HIGH_TAG,,,HIGH,TRUE
CEV-09280,COL-0062,EVT-0407,123,TRUE,DAY,HIGH_TAG,,,HIGH,TRUE
CEV-09281,COL-0062,EVT-0408,124,TRUE,RANGE,HIGH_TAG,,,HIGH,TRUE
CEV-09282,COL-0062,EVT-0409,125,TRUE,DAY,HIGH_TAG,,,HIGH,TRUE
CEV-09283,COL-0062,EVT-0600,126,TRUE,MONTH,HIGH_TAG,,,HIGH,TRUE
CEV-09284,COL-0062,EVT-0601,127,TRUE,DAY,HIGH_TAG,,,HIGH,TRUE
CEV-09285,COL-0062,EVT-0602,128,TRUE,DAY,HIGH_TAG,,,HIGH,TRUE
CEV-09286,COL-0062,EVT-0410,129,TRUE,DAY,HIGH_TAG,,,HIGH,TRUE
CEV-09287,COL-0062,EVT-0411,130,TRUE,DAY,HIGH_TAG,,,HIGH,TRUE
CEV-09288,COL-0062,EVT-0412,131,TRUE,DAY,HIGH_TAG,,,HIGH,TRUE
CEV-09289,COL-0062,EVT-0413,132,TRUE,DAY,HIGH_TAG,,,HIGH,TRUE
CEV-09290,COL-0062,EVT-0062,133,TRUE,DAY,HIGH_TAG,,,HIGH,TRUE
CEV-09291,COL-0062,EVT-0056,134,TRUE,DAY,HIGH_TAG,,,HIGH,TRUE
CEV-09292,COL-0062,EVT-0414,135,TRUE,YEAR,HIGH_TAG,,,HIGH,TRUE
CEV-09293,COL-0062,EVT-1085,136,TRUE,YEAR,HIGH_TAG,,,HIGH,TRUE
CEV-09294,COL-0062,EVT-0149,137,TRUE,RANGE,HIGH_TAG,,,HIGH,TRUE
CEV-09295,COL-0062,EVT-0415,138,TRUE,DAY,HIGH_TAG,,,HIGH,TRUE
CEV-09296,COL-0062,EVT-0416,139,TRUE,DAY,HIGH_TAG,,,HIGH,TRUE
CEV-09297,COL-0062,EVT-0603,140,TRUE,DAY,HIGH_TAG,,,HIGH,TRUE
CEV-09298,COL-0062,EVT-0417,141,TRUE,DAY,HIGH_TAG,,,HIGH,TRUE
CEV-09299,COL-0062,EVT-0063,142,TRUE,DAY,HIGH_TAG,,,HIGH,TRUE
CEV-09300,COL-0062,EVT-0418,143,TRUE,DAY,HIGH_TAG,,,HIGH,TRUE
CEV-09301,COL-0062,EVT-0419,144,TRUE,DAY,HIGH_TAG,,,HIGH,TRUE
CEV-09302,COL-0062,EVT-0146,145,TRUE,DAY,HIGH_TAG,,,HIGH,TRUE
CEV-09303,COL-0062,EVT-0640,146,TRUE,DAY,HIGH_TAG,,,HIGH,TRUE
CEV-09304,COL-0062,EVT-1088,147,TRUE,YEAR,HIGH_TAG,,,HIGH,TRUE
CEV-09305,COL-0062,EVT-0328,148,TRUE,RANGE,HIGH_TAG,,,HIGH,TRUE
CEV-09306,COL-0062,EVT-0064,149,TRUE,DAY,HIGH_TAG,,,HIGH,TRUE
CEV-09307,COL-0062,EVT-0069,150,TRUE,YEAR,HIGH_TAG,,,HIGH,TRUE
CEV-09308,COL-0062,EVT-0143,151,TRUE,RANGE,HIGH_TAG,,,HIGH,TRUE
CEV-09309,COL-0062,EVT-0070,152,TRUE,DAY,HIGH_TAG,,,HIGH,TRUE
CEV-09310,COL-0062,EVT-0642,153,TRUE,YEAR,HIGH_TAG,,,HIGH,TRUE
CEV-09311,COL-0062,EVT-1089,154,TRUE,YEAR,HIGH_TAG,,,HIGH,TRUE
CEV-09312,COL-0062,EVT-0644,155,TRUE,DAY,HIGH_TAG,,,HIGH,TRUE
CEV-09313,COL-0062,EVT-0615,156,TRUE,DAY,HIGH_TAG,,,HIGH,TRUE
CEV-09314,COL-0062,EVT-0646,157,TRUE,YEAR,HIGH_TAG,,,HIGH,TRUE
CEV-09315,COL-0062,EVT-0151,158,TRUE,DAY,HIGH_TAG,,,HIGH,TRUE
CEV-09316,COL-0062,EVT-0420,159,TRUE,YEAR,HIGH_TAG,,,HIGH,TRUE
CEV-09317,COL-0062,EVT-0072,160,TRUE,RANGE,HIGH_TAG,,,HIGH,TRUE
CEV-09318,COL-0062,EVT-0144,161,TRUE,RANGE,HIGH_TAG,,,HIGH,TRUE
CEV-09319,COL-0062,EVT-0421,162,TRUE,DAY,HIGH_TAG,,,HIGH,TRUE
CEV-09320,COL-0062,EVT-0616,163,TRUE,DAY,HIGH_TAG,,,HIGH,TRUE
CEV-09321,COL-0062,EVT-0073,164,TRUE,RANGE,HIGH_TAG,,,HIGH,TRUE
CEV-09322,COL-0062,EVT-0617,165,TRUE,DAY,HIGH_TAG,,,HIGH,TRUE
CEV-09323,COL-0062,EVT-0618,166,TRUE,DAY,HIGH_TAG,,,HIGH,TRUE
CEV-09324,COL-0062,EVT-0422,167,TRUE,DAY,HIGH_TAG,,,HIGH,TRUE
CEV-09325,COL-0062,EVT-0648,168,TRUE,DAY,HIGH_TAG,,,HIGH,TRUE
CEV-09326,COL-0062,EVT-0649,169,TRUE,DAY,HIGH_TAG,,,HIGH,TRUE
CEV-09327,COL-0062,EVT-0619,170,TRUE,DAY,HIGH_TAG,,,HIGH,TRUE
CEV-09328,COL-0062,EVT-0330,171,TRUE,RANGE,HIGH_TAG,,,HIGH,TRUE
CEV-09329,COL-0062,EVT-0065,172,TRUE,DAY,HIGH_TAG,,,HIGH,TRUE
CEV-09330,COL-0062,EVT-0423,173,TRUE,DAY,HIGH_TAG,,,HIGH,TRUE
CEV-09331,COL-0062,EVT-0652,174,TRUE,YEAR,HIGH_TAG,,,HIGH,TRUE
CEV-09332,COL-0062,EVT-1092,175,TRUE,YEAR,HIGH_TAG,,,HIGH,TRUE
CEV-09333,COL-0062,EVT-0653,176,TRUE,DAY,HIGH_TAG,,,HIGH,TRUE
CEV-09334,COL-0062,EVT-0654,177,TRUE,YEAR,HIGH_TAG,,,HIGH,TRUE
CEV-09335,COL-0062,EVT-0622,178,TRUE,DAY,HIGH_TAG,,,HIGH,TRUE
CEV-09336,COL-0062,EVT-0162,179,TRUE,MONTH,HIGH_TAG,,,HIGH,TRUE
CEV-09337,COL-0062,EVT-0426,180,TRUE,RANGE,HIGH_TAG,,,HIGH,TRUE
CEV-09338,COL-0062,EVT-0623,181,TRUE,DAY,HIGH_TAG,,,HIGH,TRUE
CEV-09339,COL-0062,EVT-0425,182,TRUE,DAY,HIGH_TAG,,,HIGH,TRUE
CEV-09340,COL-0062,EVT-0624,183,TRUE,YEAR,HIGH_TAG,,,HIGH,TRUE
CEV-09341,COL-0062,EVT-0655,184,TRUE,DAY,HIGH_TAG,,,HIGH,TRUE
CEV-09342,COL-0062,EVT-0656,185,TRUE,YEAR,HIGH_TAG,,,HIGH,TRUE
CEV-09343,COL-0062,EVT-1095,186,TRUE,YEAR,HIGH_TAG,,,HIGH,TRUE
CEV-09344,COL-0062,EVT-0163,187,TRUE,DAY,HIGH_TAG,,,HIGH,TRUE
CEV-09345,COL-0062,EVT-0625,188,TRUE,DAY,HIGH_TAG,,,HIGH,TRUE
CEV-09346,COL-0062,EVT-0167,189,TRUE,YEAR,HIGH_TAG,,,HIGH,TRUE
CEV-09347,COL-0062,EVT-0427,190,TRUE,DAY,HIGH_TAG,,,HIGH,TRUE
CEV-09348,COL-0062,EVT-0067,191,TRUE,RANGE,HIGH_TAG,,,HIGH,TRUE
CEV-09349,COL-0062,EVT-0074,192,TRUE,RANGE,HIGH_TAG,,,HIGH,TRUE
CEV-09350,COL-0062,EVT-0295,193,TRUE,DAY,HIGH_TAG,,,HIGH,TRUE
CEV-09351,COL-0062,EVT-0428,194,TRUE,DAY,HIGH_TAG,,,HIGH,TRUE
CEV-09352,COL-0062,EVT-0657,195,TRUE,YEAR,HIGH_TAG,,,HIGH,TRUE
CEV-09353,COL-0062,EVT-0658,196,TRUE,DAY,HIGH_TAG,,,HIGH,TRUE
CEV-09354,COL-0062,EVT-0659,197,TRUE,DAY,HIGH_TAG,,,HIGH,TRUE
CEV-09355,COL-0062,EVT-0066,198,TRUE,RANGE,HIGH_TAG,,,HIGH,TRUE
CEV-09356,COL-0062,EVT-0075,199,TRUE,DAY,HIGH_TAG,,,HIGH,TRUE
CEV-09357,COL-0062,EVT-0152,200,TRUE,MONTH,HIGH_TAG,,,HIGH,TRUE
CEV-09358,COL-0062,EVT-0153,201,TRUE,DAY,HIGH_TAG,,,HIGH,TRUE
CEV-09359,COL-0062,EVT-0660,202,TRUE,YEAR,HIGH_TAG,,,HIGH,TRUE
CEV-09360,COL-0062,EVT-0661,203,TRUE,YEAR,HIGH_TAG,,,HIGH,TRUE
CEV-09361,COL-0062,EVT-0626,204,TRUE,DAY,HIGH_TAG,,,HIGH,TRUE
CEV-09362,COL-0062,EVT-0367,205,TRUE,MONTH,HIGH_TAG,,,HIGH,TRUE
CEV-09363,COL-0062,EVT-1096,206,TRUE,DAY,HIGH_TAG,,,HIGH,TRUE
CEV-09364,COL-0062,EVT-0662,207,TRUE,YEAR,HIGH_TAG,,,HIGH,TRUE
CEV-09365,COL-0062,EVT-0156,208,TRUE,DAY,HIGH_TAG,,,HIGH,TRUE
CEV-09366,COL-0062,EVT-0154,209,TRUE,DAY,HIGH_TAG,,,HIGH,TRUE
CEV-09367,COL-0062,EVT-0333,210,TRUE,MONTH,HIGH_TAG,,,HIGH,TRUE
CEV-09368,COL-0062,EVT-0076,211,TRUE,DAY,HIGH_TAG,,,HIGH,TRUE
CEV-09369,COL-0062,EVT-0429,212,TRUE,RANGE,HIGH_TAG,,,HIGH,TRUE
CEV-09370,COL-0062,EVT-0157,213,TRUE,DAY,HIGH_TAG,,,HIGH,TRUE
CEV-09371,COL-0062,EVT-0663,214,TRUE,DAY,HIGH_TAG,,,HIGH,TRUE
CEV-09372,COL-0062,EVT-0664,215,TRUE,DAY,HIGH_TAG,,,HIGH,TRUE
CEV-09373,COL-0062,EVT-1098,216,TRUE,DAY,HIGH_TAG,,,HIGH,TRUE
CEV-09374,COL-0062,EVT-0665,217,TRUE,DAY,HIGH_TAG,,,HIGH,TRUE
CEV-09375,COL-0062,EVT-0430,218,TRUE,DAY,HIGH_TAG,,,HIGH,TRUE
CEV-09376,COL-0062,EVT-0627,219,TRUE,DAY,HIGH_TAG,,,HIGH,TRUE
CEV-09377,COL-0062,EVT-0164,220,TRUE,YEAR,HIGH_TAG,,,HIGH,TRUE
CEV-09378,COL-0062,EVT-0666,221,TRUE,DAY,HIGH_TAG,,,HIGH,TRUE
CEV-09379,COL-0062,EVT-0077,222,TRUE,DAY,HIGH_TAG,,,HIGH,TRUE
CEV-09380,COL-0062,EVT-1099,223,TRUE,YEAR,HIGH_TAG,,,HIGH,TRUE
CEV-09381,COL-0062,EVT-1100,224,TRUE,YEAR,HIGH_TAG,,,HIGH,TRUE
CEV-09382,COL-0062,EVT-0667,225,TRUE,DAY,HIGH_TAG,,,HIGH,TRUE
CEV-09383,COL-0062,EVT-0158,226,TRUE,RANGE,HIGH_TAG,,,HIGH,TRUE
CEV-09384,COL-0062,EVT-0159,227,TRUE,YEAR,HIGH_TAG,,,HIGH,TRUE
CEV-09385,COL-0062,EVT-1101,228,TRUE,YEAR,HIGH_TAG,,,HIGH,TRUE
CEV-09386,COL-0062,EVT-0160,229,TRUE,YEAR,HIGH_TAG,,,HIGH,TRUE
CEV-09387,COL-0062,EVT-0668,230,TRUE,YEAR,HIGH_TAG,,,HIGH,TRUE
CEV-09388,COL-0062,EVT-1102,231,TRUE,YEAR,HIGH_TAG,,,HIGH,TRUE
CEV-09389,COL-0062,EVT-0669,232,TRUE,DAY,HIGH_TAG,,,HIGH,TRUE
CEV-09390,COL-0062,EVT-0670,233,TRUE,YEAR,HIGH_TAG,,,HIGH,TRUE
CEV-09391,COL-0062,EVT-0166,234,TRUE,RANGE,HIGH_TAG,,,HIGH,TRUE
CEV-09392,COL-0062,EVT-0628,235,TRUE,DAY,HIGH_TAG,,,HIGH,TRUE
CEV-09393,COL-0062,EVT-0165,236,TRUE,YEAR,HIGH_TAG,,,HIGH,TRUE
CEV-09394,COL-0062,EVT-0673,237,TRUE,YEAR,HIGH_TAG,,,HIGH,TRUE
CEV-09395,COL-0062,EVT-0630,238,TRUE,DAY,HIGH_TAG,,,HIGH,TRUE
CEV-09396,COL-0062,EVT-0632,239,TRUE,YEAR,HIGH_TAG,,,HIGH,TRUE
CEV-09397,COL-0062,EVT-0435,240,TRUE,DAY,HIGH_TAG,,,HIGH,TRUE
CEV-09398,COL-0062,EVT-0677,241,TRUE,DAY,HIGH_TAG,,,HIGH,TRUE
CEV-09399,COL-0062,EVT-0436,242,TRUE,DAY,HIGH_TAG,,,HIGH,TRUE
CEV-09400,COL-0062,EVT-0437,243,TRUE,DAY,HIGH_TAG,,,HIGH,TRUE
CEV-09401,COL-0062,EVT-0633,244,TRUE,DAY,HIGH_TAG,,,HIGH,TRUE
CEV-09402,COL-0062,EVT-0161,245,TRUE,DAY,HIGH_TAG,,,HIGH,TRUE
CEV-09403,COL-0062,EVT-0348,246,TRUE,RANGE,HIGH_TAG,,,HIGH,TRUE
CEV-09404,COL-0062,EVT-0173,247,TRUE,DAY,HIGH_TAG,,,HIGH,TRUE
CEV-09405,COL-0062,EVT-0337,248,TRUE,RANGE,HIGH_TAG,,,HIGH,TRUE
CEV-09406,COL-0062,EVT-0441,249,TRUE,DAY,HIGH_TAG,,,HIGH,TRUE
CEV-09407,COL-0062,EVT-0440,250,TRUE,DAY,HIGH_TAG,,,HIGH,TRUE
CEV-09408,COL-0062,EVT-0442,251,TRUE,DAY,HIGH_TAG,,,HIGH,TRUE
CEV-09409,COL-0062,EVT-0176,252,TRUE,DAY,HIGH_TAG,,,HIGH,TRUE
CEV-09410,COL-0062,EVT-0177,253,TRUE,DAY,HIGH_TAG,,,HIGH,TRUE
CEV-09411,COL-0062,EVT-0178,254,TRUE,RANGE,HIGH_TAG,,,HIGH,TRUE
CEV-09412,COL-0062,EVT-0179,255,TRUE,DAY,HIGH_TAG,,,HIGH,TRUE
CEV-09413,COL-0062,EVT-0171,256,TRUE,DAY,HIGH_TAG,,,HIGH,TRUE
CEV-09414,COL-0062,EVT-0679,257,TRUE,DAY,HIGH_TAG,,,HIGH,TRUE
CEV-09415,COL-0062,EVT-0443,258,TRUE,DAY,HIGH_TAG,,,HIGH,TRUE
CEV-09416,COL-0062,EVT-0172,259,TRUE,DAY,HIGH_TAG,,,HIGH,TRUE
CEV-09417,COL-0062,EVT-0078,260,TRUE,DAY,HIGH_TAG,,,HIGH,TRUE
CEV-09418,COL-0062,EVT-0444,261,TRUE,DAY,HIGH_TAG,,,HIGH,TRUE
CEV-09419,COL-0062,EVT-0445,262,TRUE,DAY,HIGH_TAG,,,HIGH,TRUE
CEV-09420,COL-0062,EVT-1111,263,TRUE,YEAR,HIGH_TAG,,,HIGH,TRUE
CEV-09421,COL-0062,EVT-0636,264,TRUE,DAY,HIGH_TAG,,,HIGH,TRUE
CEV-09422,COL-0062,EVT-0446,265,TRUE,DAY,HIGH_TAG,,,HIGH,TRUE
CEV-09423,COL-0062,EVT-0728,266,TRUE,DAY,HIGH_TAG,,,HIGH,TRUE
CEV-09424,COL-0062,EVT-0729,267,TRUE,DAY,HIGH_TAG,,,HIGH,TRUE
CEV-09425,COL-0062,EVT-0079,268,TRUE,DAY,HIGH_TAG,,,HIGH,TRUE
CEV-09426,COL-0062,EVT-0682,269,TRUE,DAY,HIGH_TAG,,,HIGH,TRUE
CEV-09427,COL-0062,EVT-0683,270,TRUE,DAY,HIGH_TAG,,,HIGH,TRUE
CEV-09428,COL-0062,EVT-0730,271,TRUE,DAY,HIGH_TAG,,,HIGH,TRUE
CEV-09429,COL-0062,EVT-1118,272,TRUE,YEAR,HIGH_TAG,,,HIGH,TRUE
CEV-09430,COL-0062,EVT-0731,273,TRUE,DAY,HIGH_TAG,,,HIGH,TRUE
CEV-09431,COL-0062,EVT-0686,274,TRUE,DAY,HIGH_TAG,,,HIGH,TRUE
CEV-09432,COL-0062,EVT-0687,275,TRUE,DAY,HIGH_TAG,,,HIGH,TRUE
CEV-09433,COL-0062,EVT-0181,276,TRUE,RANGE,HIGH_TAG,,,HIGH,TRUE
CEV-09434,COL-0062,EVT-0182,277,TRUE,DAY,HIGH_TAG,,,HIGH,TRUE
CEV-09435,COL-0062,EVT-0448,278,TRUE,DAY,HIGH_TAG,,,HIGH,TRUE
CEV-09436,COL-0062,EVT-0735,279,TRUE,DAY,HIGH_TAG,,,HIGH,TRUE
CEV-09437,COL-0062,EVT-0010,280,TRUE,RANGE,HIGH_TAG,,,HIGH,TRUE
CEV-09438,COL-0062,EVT-0449,281,TRUE,DAY,HIGH_TAG,,,HIGH,TRUE
CEV-09439,COL-0062,EVT-0689,282,TRUE,DAY,HIGH_TAG,,,HIGH,TRUE
CEV-09440,COL-0062,EVT-0691,283,TRUE,DAY,HIGH_TAG,,,HIGH,TRUE
CEV-09441,COL-0062,EVT-0739,284,TRUE,DAY,HIGH_TAG,,,HIGH,TRUE
CEV-09442,COL-0062,EVT-1128,285,TRUE,YEAR,HIGH_TAG,,,HIGH,TRUE
CEV-09443,COL-0062,EVT-0451,286,TRUE,DAY,HIGH_TAG,,,HIGH,TRUE
CEV-09444,COL-0062,EVT-0452,287,TRUE,DAY,HIGH_TAG,,,HIGH,TRUE
CEV-09445,COL-0062,EVT-0453,288,TRUE,RANGE,HIGH_TAG,,,HIGH,TRUE
CEV-09446,COL-0062,EVT-1130,289,TRUE,YEAR,HIGH_TAG,,,HIGH,TRUE
CEV-09447,COL-0062,EVT-0454,290,TRUE,DAY,HIGH_TAG,,,HIGH,TRUE
CEV-09448,COL-0062,EVT-0450,291,TRUE,DAY,HIGH_TAG,,,HIGH,TRUE
CEV-09449,COL-0062,EVT-0455,292,TRUE,DAY,HIGH_TAG,,,HIGH,TRUE
CEV-09450,COL-0062,EVT-0548,293,TRUE,DAY,HIGH_TAG,,,HIGH,TRUE
CEV-09451,COL-0062,EVT-1134,294,TRUE,YEAR,HIGH_TAG,,,HIGH,TRUE
CEV-09452,COL-0062,EVT-0741,295,TRUE,DAY,HIGH_TAG,,,HIGH,TRUE
CEV-09453,COL-0062,EVT-0693,296,TRUE,DAY,HIGH_TAG,,,HIGH,TRUE
CEV-09454,COL-0062,EVT-0743,297,TRUE,DAY,HIGH_TAG,,,HIGH,TRUE
CEV-09455,COL-0062,EVT-1138,298,TRUE,DAY,HIGH_TAG,,,HIGH,TRUE
CEV-09456,COL-0062,EVT-0456,299,TRUE,DAY,HIGH_TAG,,,HIGH,TRUE
CEV-09457,COL-0062,EVT-0457,300,TRUE,RANGE,HIGH_TAG,,,HIGH,TRUE
CEV-09458,COL-0062,EVT-1140,301,TRUE,YEAR,HIGH_TAG,,,HIGH,TRUE
CEV-09459,COL-0062,EVT-0744,302,TRUE,DAY,HIGH_TAG,,,HIGH,TRUE
CEV-09460,COL-0062,EVT-0696,303,TRUE,DAY,HIGH_TAG,,,HIGH,TRUE
CEV-09461,COL-0062,EVT-0350,304,TRUE,YEAR,HIGH_TAG,,,HIGH,TRUE
CEV-09462,COL-0062,EVT-0697,305,TRUE,DAY,HIGH_TAG,,,HIGH,TRUE
CEV-09463,COL-0062,EVT-0185,306,TRUE,RANGE,HIGH_TAG,,,HIGH,TRUE
CEV-09464,COL-0062,EVT-0186,307,TRUE,DAY,HIGH_TAG,,,HIGH,TRUE
CEV-09465,COL-0062,EVT-0187,308,TRUE,DAY,HIGH_TAG,,,HIGH,TRUE
CEV-09466,COL-0062,EVT-0188,309,TRUE,DAY,HIGH_TAG,,,HIGH,TRUE
CEV-09467,COL-0062,EVT-0458,310,TRUE,RANGE,HIGH_TAG,,,HIGH,TRUE
CEV-09468,COL-0062,EVT-0189,311,TRUE,DAY,HIGH_TAG,,,HIGH,TRUE
CEV-09469,COL-0062,EVT-0190,312,TRUE,DAY,HIGH_TAG,,,HIGH,TRUE
CEV-09470,COL-0062,EVT-0191,313,TRUE,DAY,HIGH_TAG,,,HIGH,TRUE
CEV-09471,COL-0062,EVT-0194,314,TRUE,RANGE,HIGH_TAG,,,HIGH,TRUE
CEV-09472,COL-0062,EVT-0747,315,TRUE,DAY,HIGH_TAG,,,HIGH,TRUE
CEV-09473,COL-0062,EVT-0459,316,TRUE,DAY,HIGH_TAG,,,HIGH,TRUE
CEV-09474,COL-0062,EVT-0195,317,TRUE,YEAR,HIGH_TAG,,,HIGH,TRUE
CEV-09475,COL-0062,EVT-0460,318,TRUE,DAY,HIGH_TAG,,,HIGH,TRUE
CEV-09476,COL-0062,EVT-0192,319,TRUE,RANGE,HIGH_TAG,,,HIGH,TRUE
CEV-09477,COL-0062,EVT-1147,320,TRUE,YEAR,HIGH_TAG,,,HIGH,TRUE
CEV-09478,COL-0062,EVT-0193,321,TRUE,DAY,HIGH_TAG,,,HIGH,TRUE
CEV-09479,COL-0062,EVT-0461,322,TRUE,RANGE,HIGH_TAG,,,HIGH,TRUE
CEV-09480,COL-0062,EVT-1148,323,TRUE,DAY,HIGH_TAG,,,HIGH,TRUE
CEV-09481,COL-0062,EVT-0462,324,TRUE,DAY,HIGH_TAG,,,HIGH,TRUE
CEV-09482,COL-0062,EVT-0464,325,TRUE,DAY,HIGH_TAG,,,HIGH,TRUE
CEV-09483,COL-0062,EVT-0749,326,TRUE,DAY,HIGH_TAG,,,HIGH,TRUE
CEV-09484,COL-0062,EVT-0700,327,TRUE,DAY,HIGH_TAG,,,HIGH,TRUE
CEV-09485,COL-0062,EVT-0198,328,TRUE,YEAR,HIGH_TAG,,,HIGH,TRUE
CEV-09486,COL-0062,EVT-0197,329,TRUE,DAY,HIGH_TAG,,,HIGH,TRUE
CEV-09487,COL-0062,EVT-0751,330,TRUE,DAY,HIGH_TAG,,,HIGH,TRUE
CEV-09488,COL-0062,EVT-0701,331,TRUE,DAY,HIGH_TAG,,,HIGH,TRUE
CEV-09489,COL-0062,EVT-0465,332,TRUE,DAY,HIGH_TAG,,,HIGH,TRUE
CEV-09490,COL-0062,EVT-0466,333,TRUE,RANGE,HIGH_TAG,,,HIGH,TRUE
CEV-09491,COL-0062,EVT-0086,334,TRUE,DAY,HIGH_TAG,,,HIGH,TRUE
CEV-09492,COL-0062,EVT-0702,335,TRUE,MONTH,HIGH_TAG,,,HIGH,TRUE
CEV-09493,COL-0062,EVT-0467,336,TRUE,DAY,HIGH_TAG,,,HIGH,TRUE
CEV-09494,COL-0062,EVT-0703,337,TRUE,DAY,HIGH_TAG,,,HIGH,TRUE
CEV-09495,COL-0062,EVT-0196,338,TRUE,DAY,HIGH_TAG,,,HIGH,TRUE
CEV-09496,COL-0062,EVT-0470,339,TRUE,DAY,HIGH_TAG,,,HIGH,TRUE
CEV-09497,COL-0062,EVT-0469,340,TRUE,DAY,HIGH_TAG,,,HIGH,TRUE
CEV-09498,COL-0062,EVT-0704,341,TRUE,YEAR,HIGH_TAG,,,HIGH,TRUE
CEV-09499,COL-0062,EVT-0753,342,TRUE,DAY,HIGH_TAG,,,HIGH,TRUE
CEV-09500,COL-0062,EVT-1155,343,TRUE,YEAR,HIGH_TAG,,,HIGH,TRUE
CEV-09501,COL-0062,EVT-0710,344,TRUE,DAY,HIGH_TAG,,,HIGH,TRUE
CEV-09502,COL-0062,EVT-0351,345,TRUE,RANGE,HIGH_TAG,,,HIGH,TRUE
CEV-09503,COL-0062,EVT-0472,346,TRUE,RANGE,HIGH_TAG,,,HIGH,TRUE
CEV-09504,COL-0062,EVT-0473,347,TRUE,DAY,HIGH_TAG,,,HIGH,TRUE
CEV-09505,COL-0062,EVT-0353,348,TRUE,DAY,HIGH_TAG,,,HIGH,TRUE
CEV-09506,COL-0062,EVT-0199,349,TRUE,DAY,HIGH_TAG,,,HIGH,TRUE
CEV-09507,COL-0062,EVT-0200,350,TRUE,DAY,HIGH_TAG,,,HIGH,TRUE
CEV-09508,COL-0062,EVT-0201,351,TRUE,DAY,HIGH_TAG,,,HIGH,TRUE
CEV-09509,COL-0062,EVT-0202,352,TRUE,DAY,HIGH_TAG,,,HIGH,TRUE
CEV-09510,COL-0062,EVT-0203,353,TRUE,DAY,HIGH_TAG,,,HIGH,TRUE
CEV-09511,COL-0062,EVT-0474,354,TRUE,DAY,HIGH_TAG,,,HIGH,TRUE
CEV-09512,COL-0062,EVT-0204,355,TRUE,RANGE,HIGH_TAG,,,HIGH,TRUE
CEV-09513,COL-0062,EVT-0205,356,TRUE,DAY,HIGH_TAG,,,HIGH,TRUE
CEV-09514,COL-0062,EVT-0755,357,TRUE,DAY,HIGH_TAG,,,HIGH,TRUE
CEV-09515,COL-0062,EVT-1159,358,TRUE,YEAR,HIGH_TAG,,,HIGH,TRUE
CEV-09516,COL-0062,EVT-0756,359,TRUE,DAY,HIGH_TAG,,,HIGH,TRUE
CEV-09517,COL-0062,EVT-0712,360,TRUE,DAY,HIGH_TAG,,,HIGH,TRUE
CEV-09518,COL-0062,EVT-0759,361,TRUE,DAY,HIGH_TAG,,,HIGH,TRUE
CEV-09519,COL-0062,EVT-1162,362,TRUE,YEAR,HIGH_TAG,,,HIGH,TRUE
CEV-09520,COL-0062,EVT-1163,363,TRUE,YEAR,HIGH_TAG,,,HIGH,TRUE
CEV-09521,COL-0062,EVT-0714,364,TRUE,DAY,HIGH_TAG,,,HIGH,TRUE
CEV-09522,COL-0062,EVT-1166,365,TRUE,YEAR,HIGH_TAG,,,HIGH,TRUE
CEV-09523,COL-0062,EVT-1167,366,TRUE,YEAR,HIGH_TAG,,,HIGH,TRUE
CEV-09524,COL-0062,EVT-0761,367,TRUE,DAY,HIGH_TAG,,,HIGH,TRUE
CEV-09525,COL-0062,EVT-0003,368,TRUE,DAY,HIGH_TAG,,,HIGH,TRUE
CEV-09526,COL-0062,EVT-0004,369,TRUE,DAY,HIGH_TAG,,,HIGH,TRUE
CEV-09527,COL-0062,EVT-0763,370,TRUE,DAY,HIGH_TAG,,,HIGH,TRUE
CEV-09528,COL-0062,EVT-1168,371,TRUE,YEAR,HIGH_TAG,,,HIGH,TRUE
CEV-09529,COL-0062,EVT-1170,372,TRUE,YEAR,HIGH_TAG,,,HIGH,TRUE
CEV-09530,COL-0062,EVT-0476,373,TRUE,DAY,HIGH_TAG,,,HIGH,TRUE
CEV-09531,COL-0062,EVT-0273,374,TRUE,RANGE,HIGH_TAG,,,HIGH,TRUE
CEV-09532,COL-0062,EVT-1171,375,TRUE,YEAR,HIGH_TAG,,,HIGH,TRUE
CEV-09533,COL-0062,EVT-0274,376,TRUE,DAY,HIGH_TAG,,,HIGH,TRUE
CEV-09534,COL-0062,EVT-0224,377,TRUE,DAY,HIGH_TAG,,,HIGH,TRUE
CEV-09535,COL-0062,EVT-0717,378,TRUE,DAY,HIGH_TAG,,,HIGH,TRUE
CEV-09536,COL-0062,EVT-1173,379,TRUE,YEAR,HIGH_TAG,,,HIGH,TRUE
CEV-09537,COL-0062,EVT-0718,380,TRUE,DAY,HIGH_TAG,,,HIGH,TRUE
CEV-09538,COL-0062,EVT-1174,381,TRUE,YEAR,HIGH_TAG,,,HIGH,TRUE
CEV-09539,COL-0062,EVT-1178,382,TRUE,YEAR,HIGH_TAG,,,HIGH,TRUE
CEV-09540,COL-0062,EVT-0720,383,TRUE,YEAR,HIGH_TAG,,,HIGH,TRUE
CEV-09541,COL-0062,EVT-1179,384,TRUE,YEAR,HIGH_TAG,,,HIGH,TRUE
CEV-09542,COL-0062,EVT-0477,385,TRUE,DAY,HIGH_TAG,,,HIGH,TRUE
CEV-09543,COL-0062,EVT-0226,386,TRUE,DAY,HIGH_TAG,,,HIGH,TRUE
CEV-09544,COL-0062,EVT-0768,387,TRUE,DAY,HIGH_TAG,,,HIGH,TRUE
CEV-09545,COL-0062,EVT-1181,388,TRUE,YEAR,HIGH_TAG,,,HIGH,TRUE
CEV-09546,COL-0062,EVT-0225,389,TRUE,DAY,HIGH_TAG,,,HIGH,TRUE
CEV-09547,COL-0062,EVT-0771,390,TRUE,DAY,HIGH_TAG,,,HIGH,TRUE
CEV-09548,COL-0062,EVT-0774,391,TRUE,YEAR,HIGH_TAG,,,HIGH,TRUE
CEV-09549,COL-0062,EVT-1183,392,TRUE,YEAR,HIGH_TAG,,,HIGH,TRUE
CEV-09550,COL-0062,EVT-1185,393,TRUE,YEAR,HIGH_TAG,,,HIGH,TRUE
CEV-09551,COL-0062,EVT-0082,394,TRUE,DAY,HIGH_TAG,,,HIGH,TRUE
CEV-09552,COL-0062,EVT-1030,395,TRUE,DAY,HIGH_TAG,,,HIGH,TRUE
CEV-09553,COL-0062,EVT-0722,396,TRUE,DAY,HIGH_TAG,,,HIGH,TRUE
CEV-09554,COL-0062,EVT-0723,397,TRUE,DAY,HIGH_TAG,,,HIGH,TRUE
CEV-09555,COL-0062,EVT-1187,398,TRUE,YEAR,HIGH_TAG,,,HIGH,TRUE
CEV-09556,COL-0062,EVT-1189,399,TRUE,YEAR,HIGH_TAG,,,HIGH,TRUE
CEV-09557,COL-0062,EVT-0724,400,TRUE,DAY,HIGH_TAG,,,HIGH,TRUE
CEV-09558,COL-0062,EVT-0725,401,TRUE,YEAR,HIGH_TAG,,,HIGH,TRUE
CEV-09559,COL-0062,EVT-1191,402,TRUE,YEAR,HIGH_TAG,,,HIGH,TRUE
CEV-09560,COL-0062,EVT-1190,403,TRUE,DAY,HIGH_TAG,,,HIGH,TRUE
CEV-09561,COL-0062,EVT-1031,404,TRUE,DAY,HIGH_TAG,,,HIGH,TRUE
CEV-09562,COL-0062,EVT-1032,405,TRUE,DAY,HIGH_TAG,,,HIGH,TRUE
CEV-09563,COL-0062,EVT-0083,406,TRUE,DAY,HIGH_TAG,,,HIGH,TRUE
CEV-09564,COL-0062,EVT-0475,407,TRUE,RANGE,HIGH_TAG,,,HIGH,TRUE
CEV-09565,COL-0062,EVT-1192,408,TRUE,YEAR,HIGH_TAG,,,HIGH,TRUE
CEV-09566,COL-0062,EVT-1033,409,TRUE,DAY,HIGH_TAG,,,HIGH,TRUE
CEV-09567,COL-0062,EVT-1035,410,TRUE,MONTH,HIGH_TAG,,,HIGH,TRUE
CEV-09568,COL-0062,EVT-0227,411,TRUE,DAY,HIGH_TAG,,,HIGH,TRUE
CEV-09569,COL-0062,EVT-0087,412,TRUE,DAY,HIGH_TAG,,,HIGH,TRUE
CEV-09570,COL-0062,EVT-0727,413,TRUE,DAY,HIGH_TAG,,,HIGH,TRUE
CEV-09571,COL-0062,EVT-1195,414,TRUE,YEAR,HIGH_TAG,,,HIGH,TRUE
CEV-09572,COL-0062,EVT-0825,415,TRUE,DAY,HIGH_TAG,,,HIGH,TRUE
CEV-09573,COL-0062,EVT-0776,416,TRUE,DAY,HIGH_TAG,,,HIGH,TRUE
CEV-09574,COL-0062,EVT-1196,417,TRUE,YEAR,HIGH_TAG,,,HIGH,TRUE
CEV-09575,COL-0062,EVT-0829,418,TRUE,DAY,HIGH_TAG,,,HIGH,TRUE
CEV-09576,COL-0062,EVT-1198,419,TRUE,YEAR,HIGH_TAG,,,HIGH,TRUE
CEV-09577,COL-0062,EVT-1200,420,TRUE,YEAR,HIGH_TAG,,,HIGH,TRUE
CEV-09578,COL-0062,EVT-0831,421,TRUE,DAY,HIGH_TAG,,,HIGH,TRUE
CEV-09579,COL-0062,EVT-0779,422,TRUE,YEAR,HIGH_TAG,,,HIGH,TRUE
CEV-09580,COL-0062,EVT-1201,423,TRUE,YEAR,HIGH_TAG,,,HIGH,TRUE
CEV-09581,COL-0062,EVT-0780,424,TRUE,DAY,HIGH_TAG,,,HIGH,TRUE
CEV-09582,COL-0062,EVT-0832,425,TRUE,DAY,HIGH_TAG,,,HIGH,TRUE
CEV-09583,COL-0062,EVT-0005,426,TRUE,DAY,HIGH_TAG,,,HIGH,TRUE
CEV-09584,COL-0062,EVT-1202,427,TRUE,YEAR,HIGH_TAG,,,HIGH,TRUE
CEV-09585,COL-0062,EVT-1203,428,TRUE,YEAR,HIGH_TAG,,,HIGH,TRUE
CEV-09586,COL-0062,EVT-0834,429,TRUE,DAY,HIGH_TAG,,,HIGH,TRUE
CEV-09587,COL-0062,EVT-0084,430,TRUE,DAY,HIGH_TAG,,,HIGH,TRUE
CEV-09588,COL-0062,EVT-0085,431,TRUE,DAY,HIGH_TAG,,,HIGH,TRUE
CEV-09589,COL-0062,EVT-1204,432,TRUE,YEAR,HIGH_TAG,,,HIGH,TRUE
CEV-09590,COL-0062,EVT-0088,433,TRUE,DAY,HIGH_TAG,,,HIGH,TRUE
CEV-09591,COL-0062,EVT-0835,434,TRUE,DAY,HIGH_TAG,,,HIGH,TRUE
CEV-09592,COL-0062,EVT-1206,435,TRUE,YEAR,HIGH_TAG,,,HIGH,TRUE
CEV-09593,COL-0062,EVT-1208,436,TRUE,YEAR,HIGH_TAG,,,HIGH,TRUE
CEV-09594,COL-0062,EVT-1210,437,TRUE,YEAR,HIGH_TAG,,,HIGH,TRUE
CEV-09595,COL-0062,EVT-1211,438,TRUE,YEAR,HIGH_TAG,,,HIGH,TRUE
CEV-09596,COL-0062,EVT-1212,439,TRUE,YEAR,HIGH_TAG,,,HIGH,TRUE
CEV-09597,COL-0062,EVT-1213,440,TRUE,YEAR,HIGH_TAG,,,HIGH,TRUE
CEV-09598,COL-0062,EVT-1216,441,TRUE,YEAR,HIGH_TAG,,,HIGH,TRUE
CEV-09599,COL-0062,EVT-0839,442,TRUE,DAY,HIGH_TAG,,,HIGH,TRUE
CEV-09600,COL-0062,EVT-1217,443,TRUE,YEAR,HIGH_TAG,,,HIGH,TRUE
CEV-09601,COL-0062,EVT-0788,444,TRUE,DAY,HIGH_TAG,,,HIGH,TRUE
CEV-09602,COL-0062,EVT-1218,445,TRUE,YEAR,HIGH_TAG,,,HIGH,TRUE
CEV-09603,COL-0062,EVT-1219,446,TRUE,YEAR,HIGH_TAG,,,HIGH,TRUE
CEV-09604,COL-0062,EVT-0478,447,TRUE,DAY,HIGH_TAG,,,HIGH,TRUE
CEV-09605,COL-0062,EVT-0012,448,TRUE,RANGE,HIGH_TAG,,,HIGH,TRUE
CEV-09606,COL-0062,EVT-0089,449,TRUE,DAY,HIGH_TAG,,,HIGH,TRUE
CEV-09607,COL-0062,EVT-0479,450,TRUE,DAY,HIGH_TAG,,,HIGH,TRUE
CEV-09608,COL-0062,EVT-0480,451,TRUE,DAY,HIGH_TAG,,,HIGH,TRUE
CEV-09609,COL-0062,EVT-0481,452,TRUE,DAY,HIGH_TAG,,,HIGH,TRUE
CEV-09610,COL-0062,EVT-0206,453,TRUE,RANGE,HIGH_TAG,,,HIGH,TRUE
CEV-09611,COL-0062,EVT-0090,454,TRUE,DAY,HIGH_TAG,,,HIGH,TRUE
CEV-09612,COL-0062,EVT-0230,455,TRUE,DAY,HIGH_TAG,,,HIGH,TRUE
CEV-09613,COL-0062,EVT-0482,456,TRUE,RANGE,HIGH_TAG,,,HIGH,TRUE
CEV-09614,COL-0062,EVT-0790,457,TRUE,DAY,HIGH_TAG,,,HIGH,TRUE
CEV-09615,COL-0062,EVT-0354,458,TRUE,YEAR,HIGH_TAG,,,HIGH,TRUE
CEV-09616,COL-0062,EVT-0484,459,TRUE,DAY,HIGH_TAG,,,HIGH,TRUE
CEV-09617,COL-0062,EVT-0793,460,TRUE,DAY,HIGH_TAG,,,HIGH,TRUE
CEV-09618,COL-0062,EVT-0485,461,TRUE,DAY,HIGH_TAG,,,HIGH,TRUE
CEV-09619,COL-0062,EVT-0211,462,TRUE,DAY,HIGH_TAG,,,HIGH,TRUE
CEV-09620,COL-0062,EVT-0842,463,TRUE,DAY,HIGH_TAG,,,HIGH,TRUE
CEV-09621,COL-0062,EVT-0794,464,TRUE,DAY,HIGH_TAG,,,HIGH,TRUE
CEV-09622,COL-0062,EVT-0795,465,TRUE,DAY,HIGH_TAG,,,HIGH,TRUE
CEV-09623,COL-0062,EVT-1221,466,TRUE,YEAR,HIGH_TAG,,,HIGH,TRUE
CEV-09624,COL-0062,EVT-1223,467,TRUE,YEAR,HIGH_TAG,,,HIGH,TRUE
CEV-09625,COL-0062,EVT-0486,468,TRUE,DAY,HIGH_TAG,,,HIGH,TRUE
CEV-09626,COL-0062,EVT-0092,469,TRUE,DAY,HIGH_TAG,,,HIGH,TRUE
CEV-09627,COL-0062,EVT-0232,470,TRUE,DAY,HIGH_TAG,,,HIGH,TRUE
CEV-09628,COL-0062,EVT-0233,471,TRUE,DAY,HIGH_TAG,,,HIGH,TRUE
CEV-09629,COL-0062,EVT-1225,472,TRUE,YEAR,HIGH_TAG,,,HIGH,TRUE
CEV-09630,COL-0062,EVT-0487,473,TRUE,DAY,HIGH_TAG,,,HIGH,TRUE
CEV-09631,COL-0062,EVT-0845,474,TRUE,DAY,HIGH_TAG,,,HIGH,TRUE
CEV-09632,COL-0062,EVT-0234,475,TRUE,DAY,HIGH_TAG,,,HIGH,TRUE
CEV-09633,COL-0062,EVT-0235,476,TRUE,DAY,HIGH_TAG,,,HIGH,TRUE
CEV-09634,COL-0062,EVT-0236,477,TRUE,DAY,HIGH_TAG,,,HIGH,TRUE
CEV-09635,COL-0062,EVT-0237,478,TRUE,DAY,HIGH_TAG,,,HIGH,TRUE
CEV-09636,COL-0062,EVT-1227,479,TRUE,YEAR,HIGH_TAG,,,HIGH,TRUE
CEV-09637,COL-0062,EVT-0238,480,TRUE,DAY,HIGH_TAG,,,HIGH,TRUE
CEV-09638,COL-0062,EVT-0847,481,TRUE,DAY,HIGH_TAG,,,HIGH,TRUE
CEV-09639,COL-0062,EVT-1228,482,TRUE,YEAR,HIGH_TAG,,,HIGH,TRUE
CEV-09640,COL-0062,EVT-1229,483,TRUE,YEAR,HIGH_TAG,,,HIGH,TRUE
CEV-09641,COL-0062,EVT-0848,484,TRUE,DAY,HIGH_TAG,,,HIGH,TRUE
CEV-09642,COL-0062,EVT-0239,485,TRUE,DAY,HIGH_TAG,,,HIGH,TRUE
CEV-09643,COL-0062,EVT-0488,486,TRUE,DAY,HIGH_TAG,,,HIGH,TRUE
CEV-09644,COL-0062,EVT-0489,487,TRUE,DAY,HIGH_TAG,,,HIGH,TRUE
CEV-09645,COL-0062,EVT-0799,488,TRUE,DAY,HIGH_TAG,,,HIGH,TRUE
CEV-09646,COL-0062,EVT-1230,489,TRUE,YEAR,HIGH_TAG,,,HIGH,TRUE
CEV-09647,COL-0062,EVT-0240,490,TRUE,DAY,HIGH_TAG,,,HIGH,TRUE
CEV-09648,COL-0062,EVT-0490,491,TRUE,RANGE,HIGH_TAG,,,HIGH,TRUE
CEV-09649,COL-0062,EVT-0849,492,TRUE,DAY,HIGH_TAG,,,HIGH,TRUE
CEV-09650,COL-0062,EVT-1232,493,TRUE,YEAR,HIGH_TAG,,,HIGH,TRUE
CEV-09651,COL-0062,EVT-1234,494,TRUE,YEAR,HIGH_TAG,,,HIGH,TRUE
CEV-09652,COL-0062,EVT-0801,495,TRUE,DAY,HIGH_TAG,,,HIGH,TRUE
CEV-09653,COL-0062,EVT-0850,496,TRUE,DAY,HIGH_TAG,,,HIGH,TRUE
CEV-09654,COL-0062,EVT-0366,497,TRUE,DAY,HIGH_TAG,,,HIGH,TRUE
CEV-09655,COL-0062,EVT-0491,498,TRUE,DAY,HIGH_TAG,,,HIGH,TRUE
CEV-09656,COL-0062,EVT-1235,499,TRUE,YEAR,HIGH_TAG,,,HIGH,TRUE
CEV-09657,COL-0062,EVT-0851,500,TRUE,DAY,HIGH_TAG,,,HIGH,TRUE
CEV-09658,COL-0062,EVT-0492,501,TRUE,DAY,HIGH_TAG,,,HIGH,TRUE
CEV-09659,COL-0062,EVT-1238,502,TRUE,YEAR,HIGH_TAG,,,HIGH,TRUE
CEV-09660,COL-0062,EVT-0852,503,TRUE,DAY,HIGH_TAG,,,HIGH,TRUE
CEV-09661,COL-0062,EVT-1239,504,TRUE,YEAR,HIGH_TAG,,,HIGH,TRUE
CEV-09662,COL-0062,EVT-1240,505,TRUE,YEAR,HIGH_TAG,,,HIGH,TRUE
CEV-09663,COL-0062,EVT-1242,506,TRUE,YEAR,HIGH_TAG,,,HIGH,TRUE
CEV-09664,COL-0062,EVT-0493,507,TRUE,DAY,HIGH_TAG,,,HIGH,TRUE
CEV-09665,COL-0062,EVT-0804,508,TRUE,DAY,HIGH_TAG,,,HIGH,TRUE
CEV-09666,COL-0062,EVT-1246,509,TRUE,YEAR,HIGH_TAG,,,HIGH,TRUE
CEV-09667,COL-0062,EVT-1247,510,TRUE,YEAR,HIGH_TAG,,,HIGH,TRUE
CEV-09668,COL-0062,EVT-0854,511,TRUE,DAY,HIGH_TAG,,,HIGH,TRUE
CEV-09669,COL-0062,EVT-1249,512,TRUE,YEAR,HIGH_TAG,,,HIGH,TRUE
CEV-09670,COL-0062,EVT-0011,513,TRUE,YEAR,HIGH_TAG,,,HIGH,TRUE
CEV-09671,COL-0062,EVT-1251,514,TRUE,YEAR,HIGH_TAG,,,HIGH,TRUE
CEV-09672,COL-0062,EVT-1252,515,TRUE,YEAR,HIGH_TAG,,,HIGH,TRUE
CEV-09673,COL-0062,EVT-1256,516,TRUE,YEAR,HIGH_TAG,,,HIGH,TRUE
CEV-09674,COL-0062,EVT-0355,517,TRUE,RANGE,HIGH_TAG,,,HIGH,TRUE
CEV-09675,COL-0062,EVT-1258,518,TRUE,YEAR,HIGH_TAG,,,HIGH,TRUE
CEV-09676,COL-0062,EVT-0497,519,TRUE,DAY,HIGH_TAG,,,HIGH,TRUE
CEV-09677,COL-0062,EVT-0498,520,TRUE,DAY,HIGH_TAG,,,HIGH,TRUE
CEV-09678,COL-0062,EVT-0499,521,TRUE,DAY,HIGH_TAG,,,HIGH,TRUE
CEV-09679,COL-0062,EVT-1261,522,TRUE,YEAR,HIGH_TAG,,,HIGH,TRUE
CEV-09680,COL-0062,EVT-1262,523,TRUE,YEAR,HIGH_TAG,,,HIGH,TRUE
CEV-09681,COL-0062,EVT-0500,524,TRUE,RANGE,HIGH_TAG,,,HIGH,TRUE
CEV-09682,COL-0062,EVT-1264,525,TRUE,YEAR,HIGH_TAG,,,HIGH,TRUE
CEV-09683,COL-0062,EVT-1265,526,TRUE,YEAR,HIGH_TAG,,,HIGH,TRUE
CEV-09684,COL-0062,EVT-0501,527,TRUE,DAY,HIGH_TAG,,,HIGH,TRUE
CEV-09685,COL-0062,EVT-0356,528,TRUE,RANGE,HIGH_TAG,,,HIGH,TRUE
CEV-09686,COL-0062,EVT-1267,529,TRUE,YEAR,HIGH_TAG,,,HIGH,TRUE
CEV-09687,COL-0062,EVT-0093,530,TRUE,DAY,HIGH_TAG,,,HIGH,TRUE
CEV-09688,COL-0062,EVT-0502,531,TRUE,RANGE,HIGH_TAG,,,HIGH,TRUE
CEV-09689,COL-0062,EVT-1036,532,TRUE,DAY,HIGH_TAG,,,HIGH,TRUE
CEV-09690,COL-0062,EVT-1037,533,TRUE,DAY,HIGH_TAG,,,HIGH,TRUE
CEV-09691,COL-0062,EVT-1272,534,TRUE,YEAR,HIGH_TAG,,,HIGH,TRUE
CEV-09692,COL-0062,EVT-0503,535,TRUE,DAY,HIGH_TAG,,,HIGH,TRUE
CEV-09693,COL-0062,EVT-1275,536,TRUE,YEAR,HIGH_TAG,,,HIGH,TRUE
CEV-09694,COL-0062,EVT-0810,537,TRUE,DAY,HIGH_TAG,,,HIGH,TRUE
CEV-09695,COL-0062,EVT-0504,538,TRUE,DAY,HIGH_TAG,,,HIGH,TRUE
CEV-09696,COL-0062,EVT-1277,539,TRUE,YEAR,HIGH_TAG,,,HIGH,TRUE
CEV-09697,COL-0062,EVT-1278,540,TRUE,YEAR,HIGH_TAG,,,HIGH,TRUE
CEV-09698,COL-0062,EVT-0811,541,TRUE,DAY,HIGH_TAG,,,HIGH,TRUE
CEV-09699,COL-0062,EVT-0505,542,TRUE,DAY,HIGH_TAG,,,HIGH,TRUE
CEV-09700,COL-0062,EVT-0097,543,TRUE,DAY,HIGH_TAG,,,HIGH,TRUE
CEV-09701,COL-0062,EVT-0098,544,TRUE,DAY,HIGH_TAG,,,HIGH,TRUE
CEV-09702,COL-0062,EVT-1039,545,TRUE,DAY,HIGH_TAG,,,HIGH,TRUE
CEV-09703,COL-0062,EVT-0506,546,TRUE,DAY,HIGH_TAG,,,HIGH,TRUE
CEV-09704,COL-0062,EVT-0812,547,TRUE,DAY,HIGH_TAG,,,HIGH,TRUE
CEV-09705,COL-0062,EVT-0507,548,TRUE,RANGE,HIGH_TAG,,,HIGH,TRUE
CEV-09706,COL-0062,EVT-0508,549,TRUE,DAY,HIGH_TAG,,,HIGH,TRUE
CEV-09707,COL-0062,EVT-0103,550,TRUE,DAY,HIGH_TAG,,,HIGH,TRUE
CEV-09708,COL-0062,EVT-0246,551,TRUE,DAY,HIGH_TAG,,,HIGH,TRUE
CEV-09709,COL-0062,EVT-0014,552,TRUE,DAY,HIGH_TAG,,,HIGH,TRUE
CEV-09710,COL-0062,EVT-0105,553,TRUE,DAY,HIGH_TAG,,,HIGH,TRUE
CEV-09711,COL-0062,EVT-0249,554,TRUE,DAY,HIGH_TAG,,,HIGH,TRUE
CEV-09712,COL-0062,EVT-0106,555,TRUE,DAY,HIGH_TAG,,,HIGH,TRUE
CEV-09713,COL-0062,EVT-0509,556,TRUE,RANGE,HIGH_TAG,,,HIGH,TRUE
CEV-09714,COL-0062,EVT-0107,557,TRUE,DAY,HIGH_TAG,,,HIGH,TRUE
CEV-09715,COL-0062,EVT-0099,558,TRUE,DAY,HIGH_TAG,,,HIGH,TRUE
CEV-09716,COL-0062,EVT-0511,559,TRUE,DAY,HIGH_TAG,,,HIGH,TRUE
CEV-09717,COL-0062,EVT-0512,560,TRUE,RANGE,HIGH_TAG,,,HIGH,TRUE
CEV-09718,COL-0062,EVT-0513,561,TRUE,RANGE,HIGH_TAG,,,HIGH,TRUE
CEV-09719,COL-0062,EVT-0514,562,TRUE,RANGE,HIGH_TAG,,,HIGH,TRUE
CEV-09720,COL-0062,EVT-0816,563,TRUE,DAY,HIGH_TAG,,,HIGH,TRUE
CEV-09721,COL-0062,EVT-0016,564,TRUE,DAY,HIGH_TAG,,,HIGH,TRUE
CEV-09722,COL-0062,EVT-0515,565,TRUE,DAY,HIGH_TAG,,,HIGH,TRUE
CEV-09723,COL-0062,EVT-0817,566,TRUE,DAY,HIGH_TAG,,,HIGH,TRUE
CEV-09724,COL-0062,EVT-0516,567,TRUE,DAY,HIGH_TAG,,,HIGH,TRUE
CEV-09725,COL-0062,EVT-0517,568,TRUE,RANGE,HIGH_TAG,,,HIGH,TRUE
CEV-09726,COL-0062,EVT-0109,569,TRUE,DAY,HIGH_TAG,,,HIGH,TRUE
CEV-09727,COL-0062,EVT-0006,570,TRUE,DAY,HIGH_TAG,,,HIGH,TRUE
CEV-09728,COL-0062,EVT-0360,571,TRUE,DAY,HIGH_TAG,,,HIGH,TRUE
CEV-09729,COL-0062,EVT-0017,572,TRUE,DAY,HIGH_TAG,,,HIGH,TRUE
CEV-09730,COL-0062,EVT-0819,573,TRUE,DAY,HIGH_TAG,,,HIGH,TRUE
CEV-09731,COL-0062,EVT-0284,574,TRUE,DAY,HIGH_TAG,,,HIGH,TRUE
CEV-09732,COL-0062,EVT-0100,575,TRUE,DAY,HIGH_TAG,,,HIGH,TRUE
CEV-09733,COL-0062,EVT-0518,576,TRUE,DAY,HIGH_TAG,,,HIGH,TRUE
CEV-09734,COL-0062,EVT-0519,577,TRUE,RANGE,HIGH_TAG,,,HIGH,TRUE
CEV-09735,COL-0062,EVT-0007,578,TRUE,DAY,HIGH_TAG,,,HIGH,TRUE
CEV-09736,COL-0062,EVT-0101,579,TRUE,DAY,HIGH_TAG,,,HIGH,TRUE
CEV-09737,COL-0062,EVT-0821,580,TRUE,DAY,HIGH_TAG,,,HIGH,TRUE
CEV-09738,COL-0062,EVT-0128,581,TRUE,RANGE,HIGH_TAG,,,HIGH,TRUE
CEV-09739,COL-0062,EVT-0008,582,TRUE,DAY,HIGH_TAG,,,HIGH,TRUE
CEV-09740,COL-0062,EVT-1289,583,TRUE,YEAR,HIGH_TAG,,,HIGH,TRUE
CEV-09741,COL-0062,EVT-1292,584,TRUE,YEAR,HIGH_TAG,,,HIGH,TRUE
CEV-09742,COL-0062,EVT-0359,585,TRUE,RANGE,HIGH_TAG,,,HIGH,TRUE
CEV-09743,COL-0062,EVT-1296,586,TRUE,YEAR,HIGH_TAG,,,HIGH,TRUE
CEV-09744,COL-0062,EVT-1298,587,TRUE,YEAR,HIGH_TAG,,,HIGH,TRUE
CEV-09745,COL-0062,EVT-0111,588,TRUE,DAY,HIGH_TAG,,,HIGH,TRUE
CEV-09746,COL-0062,EVT-1300,589,TRUE,YEAR,HIGH_TAG,,,HIGH,TRUE
CEV-09747,COL-0062,EVT-0949,590,TRUE,DAY,HIGH_TAG,,,HIGH,TRUE
CEV-09748,COL-0062,EVT-0112,591,TRUE,DAY,HIGH_TAG,,,HIGH,TRUE
CEV-09749,COL-0062,EVT-1301,592,TRUE,YEAR,HIGH_TAG,,,HIGH,TRUE
CEV-09750,COL-0062,EVT-1306,593,TRUE,YEAR,HIGH_TAG,,,HIGH,TRUE
CEV-09751,COL-0062,EVT-1307,594,TRUE,YEAR,HIGH_TAG,,,HIGH,TRUE
CEV-09752,COL-0062,EVT-0867,595,TRUE,DAY,HIGH_TAG,,,HIGH,TRUE
CEV-09753,COL-0062,EVT-1308,596,TRUE,YEAR,HIGH_TAG,,,HIGH,TRUE
CEV-09754,COL-0062,EVT-1311,597,TRUE,YEAR,HIGH_TAG,,,HIGH,TRUE
CEV-09755,COL-0062,EVT-1312,598,TRUE,YEAR,HIGH_TAG,,,HIGH,TRUE
CEV-09756,COL-0062,EVT-0116,599,TRUE,DAY,HIGH_TAG,,,HIGH,TRUE
CEV-09757,COL-0062,EVT-1313,600,TRUE,YEAR,HIGH_TAG,,,HIGH,TRUE
CEV-09758,COL-0062,EVT-1314,601,TRUE,YEAR,HIGH_TAG,,,HIGH,TRUE
CEV-09759,COL-0062,EVT-1318,602,TRUE,YEAR,HIGH_TAG,,,HIGH,TRUE
CEV-09760,COL-0062,EVT-0951,603,TRUE,DAY,HIGH_TAG,,,HIGH,TRUE
CEV-09761,COL-0062,EVT-0117,604,TRUE,DAY,HIGH_TAG,,,HIGH,TRUE
CEV-09762,COL-0062,EVT-1321,605,TRUE,YEAR,HIGH_TAG,,,HIGH,TRUE
CEV-09763,COL-0062,EVT-1325,606,TRUE,YEAR,HIGH_TAG,,,HIGH,TRUE
CEV-09764,COL-0062,EVT-1326,607,TRUE,YEAR,HIGH_TAG,,,HIGH,TRUE
CEV-09765,COL-0062,EVT-0870,608,TRUE,DAY,HIGH_TAG,,,HIGH,TRUE
CEV-09766,COL-0062,EVT-0871,609,TRUE,DAY,HIGH_TAG,,,HIGH,TRUE
CEV-09767,COL-0062,EVT-1327,610,TRUE,YEAR,HIGH_TAG,,,HIGH,TRUE
CEV-09768,COL-0062,EVT-1332,611,TRUE,YEAR,HIGH_TAG,,,HIGH,TRUE
CEV-09769,COL-0062,EVT-0952,612,TRUE,DAY,HIGH_TAG,,,HIGH,TRUE
CEV-09770,COL-0062,EVT-0530,613,TRUE,DAY,HIGH_TAG,,,HIGH,TRUE
CEV-09771,COL-0062,EVT-1333,614,TRUE,YEAR,HIGH_TAG,,,HIGH,TRUE
CEV-09772,COL-0062,EVT-1334,615,TRUE,YEAR,HIGH_TAG,,,HIGH,TRUE
CEV-09773,COL-0062,EVT-1337,616,TRUE,YEAR,HIGH_TAG,,,HIGH,TRUE
CEV-09774,COL-0062,EVT-1339,617,TRUE,YEAR,HIGH_TAG,,,HIGH,TRUE
CEV-09775,COL-0062,EVT-1340,618,TRUE,YEAR,HIGH_TAG,,,HIGH,TRUE
CEV-09776,COL-0062,EVT-1341,619,TRUE,YEAR,HIGH_TAG,,,HIGH,TRUE
CEV-09777,COL-0062,EVT-1346,620,TRUE,YEAR,HIGH_TAG,,,HIGH,TRUE
CEV-09778,COL-0062,EVT-1348,621,TRUE,YEAR,HIGH_TAG,,,HIGH,TRUE
CEV-09779,COL-0062,EVT-0876,622,TRUE,DAY,HIGH_TAG,,,HIGH,TRUE
CEV-09780,COL-0062,EVT-0877,623,TRUE,DAY,HIGH_TAG,,,HIGH,TRUE
CEV-09781,COL-0062,EVT-1350,624,TRUE,YEAR,HIGH_TAG,,,HIGH,TRUE
CEV-09782,COL-0062,EVT-1351,625,TRUE,YEAR,HIGH_TAG,,,HIGH,TRUE
CEV-09783,COL-0062,EVT-1352,626,TRUE,YEAR,HIGH_TAG,,,HIGH,TRUE
CEV-09784,COL-0062,EVT-0118,627,TRUE,DAY,HIGH_TAG,,,HIGH,TRUE
CEV-09785,COL-0062,EVT-0286,628,TRUE,DAY,HIGH_TAG,,,HIGH,TRUE
CEV-09786,COL-0062,EVT-1353,629,TRUE,YEAR,HIGH_TAG,,,HIGH,TRUE
CEV-09787,COL-0062,EVT-1358,630,TRUE,YEAR,HIGH_TAG,,,HIGH,TRUE
CEV-09788,COL-0062,EVT-1359,631,TRUE,YEAR,HIGH_TAG,,,HIGH,TRUE
CEV-09789,COL-0062,EVT-0119,632,TRUE,DAY,HIGH_TAG,,,HIGH,TRUE
CEV-09790,COL-0062,EVT-0361,633,TRUE,DAY,HIGH_TAG,,,HIGH,TRUE
CEV-09791,COL-0062,EVT-0362,634,TRUE,DAY,HIGH_TAG,,,HIGH,TRUE
CEV-09792,COL-0062,EVT-0531,635,TRUE,DAY,HIGH_TAG,,,HIGH,TRUE
CEV-09793,COL-0062,EVT-1360,636,TRUE,YEAR,HIGH_TAG,,,HIGH,TRUE
CEV-09794,COL-0062,EVT-1361,637,TRUE,YEAR,HIGH_TAG,,,HIGH,TRUE
CEV-09795,COL-0062,EVT-1362,638,TRUE,YEAR,HIGH_TAG,,,HIGH,TRUE
CEV-09796,COL-0062,EVT-1367,639,TRUE,YEAR,HIGH_TAG,,,HIGH,TRUE
CEV-09797,COL-0062,EVT-1368,640,TRUE,YEAR,HIGH_TAG,,,HIGH,TRUE
CEV-09798,COL-0062,EVT-1369,641,TRUE,YEAR,HIGH_TAG,,,HIGH,TRUE
CEV-09799,COL-0062,EVT-1370,642,TRUE,YEAR,HIGH_TAG,,,HIGH,TRUE
CEV-09800,COL-0062,EVT-1376,643,TRUE,YEAR,HIGH_TAG,,,HIGH,TRUE
CEV-09801,COL-0062,EVT-1379,644,TRUE,YEAR,HIGH_TAG,,,HIGH,TRUE
CEV-09802,COL-0062,EVT-1380,645,TRUE,YEAR,HIGH_TAG,,,HIGH,TRUE
CEV-09803,COL-0062,EVT-1384,646,TRUE,YEAR,HIGH_TAG,,,HIGH,TRUE
CEV-09804,COL-0062,EVT-1385,647,TRUE,YEAR,HIGH_TAG,,,HIGH,TRUE
CEV-09805,COL-0062,EVT-0287,648,TRUE,DAY,HIGH_TAG,,,HIGH,TRUE
CEV-09806,COL-0062,EVT-0113,649,TRUE,DAY,HIGH_TAG,,,HIGH,TRUE
CEV-09807,COL-0062,EVT-1386,650,TRUE,YEAR,HIGH_TAG,,,HIGH,TRUE
CEV-09808,COL-0062,EVT-1387,651,TRUE,YEAR,HIGH_TAG,,,HIGH,TRUE
CEV-09809,COL-0062,EVT-1388,652,TRUE,YEAR,HIGH_TAG,,,HIGH,TRUE
CEV-09810,COL-0062,EVT-1392,653,TRUE,YEAR,HIGH_TAG,,,HIGH,TRUE
CEV-09811,COL-0062,EVT-1393,654,TRUE,YEAR,HIGH_TAG,,,HIGH,TRUE
CEV-09812,COL-0062,EVT-0120,655,TRUE,DAY,HIGH_TAG,,,HIGH,TRUE
CEV-09813,COL-0062,EVT-0123,656,TRUE,DAY,HIGH_TAG,,,HIGH,TRUE
CEV-09814,COL-0062,EVT-0882,657,TRUE,DAY,HIGH_TAG,,,HIGH,TRUE
CEV-09815,COL-0062,EVT-0363,658,TRUE,DAY,HIGH_TAG,,,HIGH,TRUE
CEV-09816,COL-0062,EVT-1394,659,TRUE,YEAR,HIGH_TAG,,,HIGH,TRUE
CEV-09817,COL-0062,EVT-1395,660,TRUE,YEAR,HIGH_TAG,,,HIGH,TRUE
CEV-09818,COL-0062,EVT-1399,661,TRUE,YEAR,HIGH_TAG,,,HIGH,TRUE
CEV-09819,COL-0062,EVT-1400,662,TRUE,YEAR,HIGH_TAG,,,HIGH,TRUE
CEV-09820,COL-0062,EVT-1401,663,TRUE,YEAR,HIGH_TAG,,,HIGH,TRUE
CEV-09821,COL-0062,EVT-1406,664,TRUE,YEAR,HIGH_TAG,,,HIGH,TRUE
CEV-09822,COL-0062,EVT-1407,665,TRUE,YEAR,HIGH_TAG,,,HIGH,TRUE
CEV-09823,COL-0062,EVT-1410,666,TRUE,YEAR,HIGH_TAG,,,HIGH,TRUE
CEV-09824,COL-0062,EVT-1412,667,TRUE,YEAR,HIGH_TAG,,,HIGH,TRUE
CEV-09825,COL-0062,EVT-1413,668,TRUE,YEAR,HIGH_TAG,,,HIGH,TRUE
CEV-09826,COL-0062,EVT-0129,669,TRUE,DAY,HIGH_TAG,,,HIGH,TRUE
CEV-09827,COL-0062,EVT-1418,670,TRUE,YEAR,HIGH_TAG,,,HIGH,TRUE
CEV-09828,COL-0062,EVT-1419,671,TRUE,YEAR,HIGH_TAG,,,HIGH,TRUE
CEV-09829,COL-0062,EVT-1420,672,TRUE,YEAR,HIGH_TAG,,,HIGH,TRUE
CEV-09830,COL-0062,EVT-1425,673,TRUE,YEAR,HIGH_TAG,,,HIGH,TRUE
CEV-09831,COL-0062,EVT-1426,674,TRUE,YEAR,HIGH_TAG,,,HIGH,TRUE
CEV-09832,COL-0062,EVT-1427,675,TRUE,YEAR,HIGH_TAG,,,HIGH,TRUE
CEV-09833,COL-0062,EVT-1428,676,TRUE,YEAR,HIGH_TAG,,,HIGH,TRUE
CEV-09834,COL-0062,EVT-1429,677,TRUE,YEAR,HIGH_TAG,,,HIGH,TRUE
CEV-09835,COL-0062,EVT-1433,678,TRUE,YEAR,HIGH_TAG,,,HIGH,TRUE
CEV-09836,COL-0062,EVT-1434,679,TRUE,YEAR,HIGH_TAG,,,HIGH,TRUE
CEV-09837,COL-0062,EVT-1441,680,TRUE,YEAR,HIGH_TAG,,,HIGH,TRUE
CEV-09838,COL-0062,EVT-1442,681,TRUE,YEAR,HIGH_TAG,,,HIGH,TRUE
CEV-09839,COL-0062,EVT-0537,682,TRUE,RANGE,HIGH_TAG,,,HIGH,TRUE
CEV-09840,COL-0062,EVT-1446,683,TRUE,YEAR,HIGH_TAG,,,HIGH,TRUE
CEV-09841,COL-0062,EVT-1447,684,TRUE,YEAR,HIGH_TAG,,,HIGH,TRUE
CEV-09842,COL-0062,EVT-1448,685,TRUE,YEAR,HIGH_TAG,,,HIGH,TRUE
CEV-09843,COL-0062,EVT-1453,686,TRUE,YEAR,HIGH_TAG,,,HIGH,TRUE
CEV-09844,COL-0062,EVT-1454,687,TRUE,YEAR,HIGH_TAG,,,HIGH,TRUE
CEV-09845,COL-0062,EVT-0539,688,TRUE,DAY,HIGH_TAG,,,HIGH,TRUE
CEV-09846,COL-0062,EVT-1455,689,TRUE,YEAR,HIGH_TAG,,,HIGH,TRUE
CEV-09847,COL-0062,EVT-1456,690,TRUE,YEAR,HIGH_TAG,,,HIGH,TRUE
CEV-09848,COL-0062,EVT-1457,691,TRUE,YEAR,HIGH_TAG,,,HIGH,TRUE
CEV-09849,COL-0062,EVT-0130,692,TRUE,DAY,HIGH_TAG,,,HIGH,TRUE
CEV-09850,COL-0062,EVT-1464,693,TRUE,YEAR,HIGH_TAG,,,HIGH,TRUE
CEV-09851,COL-0062,EVT-1469,694,TRUE,YEAR,HIGH_TAG,,,HIGH,TRUE
CEV-09852,COL-0062,EVT-1470,695,TRUE,YEAR,HIGH_TAG,,,HIGH,TRUE
CEV-09853,COL-0062,EVT-1471,696,TRUE,YEAR,HIGH_TAG,,,HIGH,TRUE
CEV-09854,COL-0062,EVT-1472,697,TRUE,YEAR,HIGH_TAG,,,HIGH,TRUE
CEV-09855,COL-0062,EVT-1473,698,TRUE,YEAR,HIGH_TAG,,,HIGH,TRUE
CEV-09856,COL-0062,EVT-1479,699,TRUE,YEAR,HIGH_TAG,,,HIGH,TRUE
CEV-09857,COL-0062,EVT-1480,700,TRUE,YEAR,HIGH_TAG,,,HIGH,TRUE
CEV-09858,COL-0062,EVT-1482,701,TRUE,YEAR,HIGH_TAG,,,HIGH,TRUE
CEV-09859,COL-0062,EVT-0966,702,TRUE,DAY,HIGH_TAG,,,HIGH,TRUE
CEV-09860,COL-0062,EVT-0902,703,TRUE,DAY,HIGH_TAG,,,HIGH,TRUE
CEV-09861,COL-0062,EVT-1484,704,TRUE,YEAR,HIGH_TAG,,,HIGH,TRUE
CEV-09862,COL-0062,EVT-1485,705,TRUE,YEAR,HIGH_TAG,,,HIGH,TRUE
CEV-09863,COL-0062,EVT-1488,706,TRUE,YEAR,HIGH_TAG,,,HIGH,TRUE
CEV-09864,COL-0062,EVT-1489,707,TRUE,YEAR,HIGH_TAG,,,HIGH,TRUE
CEV-09865,COL-0062,EVT-1490,708,TRUE,YEAR,HIGH_TAG,,,HIGH,TRUE
CEV-09866,COL-0062,EVT-1491,709,TRUE,YEAR,HIGH_TAG,,,HIGH,TRUE
CEV-09867,COL-0062,EVT-1499,710,TRUE,YEAR,HIGH_TAG,,,HIGH,TRUE
CEV-09868,COL-0062,EVT-1500,711,TRUE,YEAR,HIGH_TAG,,,HIGH,TRUE
CEV-09869,COL-0062,EVT-0266,712,TRUE,DAY,HIGH_TAG,,,HIGH,TRUE
CEV-09870,COL-0062,EVT-0131,713,TRUE,DAY,HIGH_TAG,,,HIGH,TRUE
CEV-09871,COL-0062,EVT-1501,714,TRUE,YEAR,HIGH_TAG,,,HIGH,TRUE
CEV-09872,COL-0062,EVT-1505,715,TRUE,YEAR,HIGH_TAG,,,HIGH,TRUE
CEV-09873,COL-0062,EVT-0132,716,TRUE,DAY,HIGH_TAG,,,HIGH,TRUE
CEV-09874,COL-0062,EVT-1506,717,TRUE,YEAR,HIGH_TAG,,,HIGH,TRUE
CEV-09875,COL-0062,EVT-1507,718,TRUE,YEAR,HIGH_TAG,,,HIGH,TRUE
CEV-09876,COL-0062,EVT-1509,719,TRUE,YEAR,HIGH_TAG,,,HIGH,TRUE
CEV-09877,COL-0062,EVT-1515,720,TRUE,YEAR,HIGH_TAG,,,HIGH,TRUE
CEV-09878,COL-0062,EVT-1516,721,TRUE,YEAR,HIGH_TAG,,,HIGH,TRUE
CEV-09879,COL-0062,EVT-0267,722,TRUE,DAY,HIGH_TAG,,,HIGH,TRUE
CEV-09880,COL-0062,EVT-1519,723,TRUE,YEAR,HIGH_TAG,,,HIGH,TRUE
CEV-09881,COL-0062,EVT-1520,724,TRUE,YEAR,HIGH_TAG,,,HIGH,TRUE
CEV-09882,COL-0062,EVT-1522,725,TRUE,YEAR,HIGH_TAG,,,HIGH,TRUE
CEV-09883,COL-0062,EVT-1528,726,TRUE,YEAR,HIGH_TAG,,,HIGH,TRUE
CEV-09884,COL-0062,EVT-1529,727,TRUE,YEAR,HIGH_TAG,,,HIGH,TRUE
CEV-09885,COL-0062,EVT-1530,728,TRUE,YEAR,HIGH_TAG,,,HIGH,TRUE
CEV-09886,COL-0062,EVT-1535,729,TRUE,YEAR,HIGH_TAG,,,HIGH,TRUE
CEV-09887,COL-0062,EVT-0913,730,TRUE,DAY,HIGH_TAG,,,HIGH,TRUE
CEV-09888,COL-0062,EVT-0268,731,TRUE,DAY,HIGH_TAG,,,HIGH,TRUE
CEV-09889,COL-0062,EVT-0269,732,TRUE,DAY,HIGH_TAG,,,HIGH,TRUE
CEV-09890,COL-0062,EVT-0270,733,TRUE,DAY,HIGH_TAG,,,HIGH,TRUE
CEV-09891,COL-0062,EVT-1536,734,TRUE,YEAR,HIGH_TAG,,,HIGH,TRUE
CEV-09892,COL-0062,EVT-1538,735,TRUE,YEAR,HIGH_TAG,,,HIGH,TRUE
CEV-09893,COL-0062,EVT-1543,736,TRUE,YEAR,HIGH_TAG,,,HIGH,TRUE
CEV-09894,COL-0062,EVT-1544,737,TRUE,YEAR,HIGH_TAG,,,HIGH,TRUE
CEV-09895,COL-0062,EVT-0972,738,TRUE,DAY,HIGH_TAG,,,HIGH,TRUE
CEV-09896,COL-0062,EVT-0543,739,TRUE,DAY,HIGH_TAG,,,HIGH,TRUE
CEV-09897,COL-0062,EVT-1545,740,TRUE,YEAR,HIGH_TAG,,,HIGH,TRUE
CEV-09898,COL-0062,EVT-1546,741,TRUE,YEAR,HIGH_TAG,,,HIGH,TRUE
CEV-09899,COL-0062,EVT-1548,742,TRUE,YEAR,HIGH_TAG,,,HIGH,TRUE
CEV-09900,COL-0062,EVT-1554,743,TRUE,YEAR,HIGH_TAG,,,HIGH,TRUE
CEV-09901,COL-0062,EVT-1556,744,TRUE,YEAR,HIGH_TAG,,,HIGH,TRUE
CEV-09902,COL-0062,EVT-0544,745,TRUE,DAY,HIGH_TAG,,,HIGH,TRUE
CEV-09903,COL-0062,EVT-1558,746,TRUE,YEAR,HIGH_TAG,,,HIGH,TRUE
CEV-09904,COL-0062,EVT-1559,747,TRUE,YEAR,HIGH_TAG,,,HIGH,TRUE
CEV-09905,COL-0062,EVT-1561,748,TRUE,YEAR,HIGH_TAG,,,HIGH,TRUE
CEV-09906,COL-0062,EVT-1564,749,TRUE,YEAR,HIGH_TAG,,,HIGH,TRUE
CEV-09907,COL-0062,EVT-0364,750,TRUE,DAY,HIGH_TAG,,,HIGH,TRUE
CEV-09908,COL-0062,EVT-0133,751,TRUE,DAY,HIGH_TAG,,,HIGH,TRUE
CEV-09909,COL-0062,EVT-1566,752,TRUE,YEAR,HIGH_TAG,,,HIGH,TRUE
CEV-09910,COL-0062,EVT-1573,753,TRUE,YEAR,HIGH_TAG,,,HIGH,TRUE
CEV-09911,COL-0062,EVT-1574,754,TRUE,YEAR,HIGH_TAG,,,HIGH,TRUE
CEV-09912,COL-0062,EVT-0134,755,TRUE,DAY,HIGH_TAG,,,HIGH,TRUE
CEV-09913,COL-0062,EVT-1575,756,TRUE,YEAR,HIGH_TAG,,,HIGH,TRUE
CEV-09914,COL-0062,EVT-1576,757,TRUE,YEAR,HIGH_TAG,,,HIGH,TRUE
CEV-09915,COL-0062,EVT-1582,758,TRUE,YEAR,HIGH_TAG,,,HIGH,TRUE
CEV-09916,COL-0062,EVT-1583,759,TRUE,YEAR,HIGH_TAG,,,HIGH,TRUE
CEV-09917,COL-0062,EVT-1584,760,TRUE,YEAR,HIGH_TAG,,,HIGH,TRUE
CEV-09918,COL-0062,EVT-1586,761,TRUE,YEAR,HIGH_TAG,,,HIGH,TRUE
CEV-09919,COL-0062,EVT-1591,762,TRUE,YEAR,HIGH_TAG,,,HIGH,TRUE
CEV-09920,COL-0062,EVT-1592,763,TRUE,YEAR,HIGH_TAG,,,HIGH,TRUE
CEV-09921,COL-0062,EVT-1594,764,TRUE,YEAR,HIGH_TAG,,,HIGH,TRUE
CEV-09922,COL-0062,EVT-1596,765,TRUE,YEAR,HIGH_TAG,,,HIGH,TRUE
CEV-09923,COL-0062,EVT-1598,766,TRUE,YEAR,HIGH_TAG,,,HIGH,TRUE
CEV-09924,COL-0062,EVT-1602,767,TRUE,YEAR,HIGH_TAG,,,HIGH,TRUE
CEV-09925,COL-0062,EVT-1603,768,TRUE,YEAR,HIGH_TAG,,,HIGH,TRUE
CEV-09926,COL-0062,EVT-0923,769,TRUE,DAY,HIGH_TAG,,,HIGH,TRUE
CEV-09927,COL-0062,EVT-0280,770,TRUE,DAY,HIGH_TAG,,,HIGH,TRUE
CEV-09928,COL-0062,EVT-1604,771,TRUE,YEAR,HIGH_TAG,,,HIGH,TRUE
CEV-09929,COL-0062,EVT-1606,772,TRUE,YEAR,HIGH_TAG,,,HIGH,TRUE
CEV-09930,COL-0062,EVT-1614,773,TRUE,DAY,HIGH_TAG,,,HIGH,TRUE
CEV-09931,COL-0062,EVT-0545,774,TRUE,DAY,HIGH_TAG,,,HIGH,TRUE
CEV-09932,COL-0062,EVT-1613,775,TRUE,DAY,HIGH_TAG,,,HIGH,TRUE
CEV-09933,COL-0062,EVT-1615,776,TRUE,YEAR,HIGH_TAG,,,HIGH,TRUE
CEV-09934,COL-0062,EVT-1616,777,TRUE,YEAR,HIGH_TAG,,,HIGH,TRUE
CEV-09935,COL-0062,EVT-1617,778,TRUE,YEAR,HIGH_TAG,,,HIGH,TRUE
CEV-09936,COL-0062,EVT-1622,779,TRUE,YEAR,HIGH_TAG,,,HIGH,TRUE
CEV-09937,COL-0062,EVT-1624,780,TRUE,YEAR,HIGH_TAG,,,HIGH,TRUE
CEV-09938,COL-0062,EVT-1625,781,TRUE,YEAR,HIGH_TAG,,,HIGH,TRUE
CEV-09939,COL-0062,EVT-1626,782,TRUE,YEAR,HIGH_TAG,,,HIGH,TRUE
CEV-09940,COL-0062,EVT-1635,783,TRUE,YEAR,HIGH_TAG,,,HIGH,TRUE
CEV-09941,COL-0062,EVT-1636,784,TRUE,YEAR,HIGH_TAG,,,HIGH,TRUE
CEV-09942,COL-0062,EVT-1640,785,TRUE,YEAR,HIGH_TAG,,,HIGH,TRUE
CEV-09943,COL-0062,EVT-0135,786,TRUE,DAY,HIGH_TAG,,,HIGH,TRUE
CEV-09944,COL-0062,EVT-1638,787,TRUE,DAY,HIGH_TAG,,,HIGH,TRUE
CEV-09945,COL-0062,EVT-1642,788,TRUE,YEAR,HIGH_TAG,,,HIGH,TRUE
CEV-09946,COL-0062,EVT-1644,789,TRUE,YEAR,HIGH_TAG,,,HIGH,TRUE
CEV-09947,COL-0062,EVT-1648,790,TRUE,YEAR,HIGH_TAG,,,HIGH,TRUE
CEV-09948,COL-0062,EVT-0114,791,TRUE,DAY,HIGH_TAG,,,HIGH,TRUE
CEV-09949,COL-0062,EVT-0926,792,TRUE,DAY,HIGH_TAG,,,HIGH,TRUE
CEV-09950,COL-0062,EVT-0927,793,TRUE,DAY,HIGH_TAG,,,HIGH,TRUE
CEV-09951,COL-0062,EVT-1649,794,TRUE,YEAR,HIGH_TAG,,,HIGH,TRUE
CEV-09952,COL-0062,EVT-1651,795,TRUE,YEAR,HIGH_TAG,,,HIGH,TRUE
CEV-09953,COL-0062,EVT-1656,796,TRUE,YEAR,HIGH_TAG,,,HIGH,TRUE
CEV-09954,COL-0062,EVT-1658,797,TRUE,YEAR,HIGH_TAG,,,HIGH,TRUE
CEV-09955,COL-0062,EVT-0281,798,TRUE,DAY,HIGH_TAG,,,HIGH,TRUE
CEV-09956,COL-0062,EVT-0547,799,TRUE,DAY,HIGH_TAG,,,HIGH,TRUE
CEV-09957,COL-0062,EVT-0256,800,TRUE,DAY,HIGH_TAG,,,HIGH,TRUE
CEV-09958,COL-0062,EVT-1659,801,TRUE,YEAR,HIGH_TAG,,,HIGH,TRUE
CEV-09959,COL-0062,EVT-1660,802,TRUE,YEAR,HIGH_TAG,,,HIGH,TRUE
CEV-09960,COL-0062,EVT-1662,803,TRUE,YEAR,HIGH_TAG,,,HIGH,TRUE
CEV-09961,COL-0062,EVT-0257,804,TRUE,DAY,HIGH_TAG,,,HIGH,TRUE
CEV-09962,COL-0062,EVT-1669,805,TRUE,DAY,HIGH_TAG,,,HIGH,TRUE
CEV-09963,COL-0062,EVT-0258,806,TRUE,DAY,HIGH_TAG,,,HIGH,TRUE
CEV-09964,COL-0062,EVT-0930,807,TRUE,DAY,HIGH_TAG,,,HIGH,TRUE
CEV-09965,COL-0062,EVT-1668,808,TRUE,DAY,HIGH_TAG,,,HIGH,TRUE
CEV-09966,COL-0062,EVT-0115,809,TRUE,DAY,HIGH_TAG,,,HIGH,TRUE
CEV-09967,COL-0062,EVT-1671,810,TRUE,YEAR,HIGH_TAG,,,HIGH,TRUE
CEV-09968,COL-0062,EVT-1677,811,TRUE,YEAR,HIGH_TAG,,,HIGH,TRUE
CEV-09969,COL-0062,EVT-1678,812,TRUE,YEAR,HIGH_TAG,,,HIGH,TRUE
CEV-09970,COL-0062,EVT-1681,813,TRUE,YEAR,HIGH_TAG,,,HIGH,TRUE
CEV-09971,COL-0062,EVT-0271,814,TRUE,DAY,HIGH_TAG,,,HIGH,TRUE
CEV-09972,COL-0062,EVT-0931,815,TRUE,DAY,HIGH_TAG,,,HIGH,TRUE
CEV-09973,COL-0062,EVT-1680,816,TRUE,DAY,HIGH_TAG,,,HIGH,TRUE
CEV-09974,COL-0062,EVT-1683,817,TRUE,YEAR,HIGH_TAG,,,HIGH,TRUE
CEV-09975,COL-0062,EVT-1684,818,TRUE,YEAR,HIGH_TAG,,,HIGH,TRUE
CEV-09976,COL-0062,EVT-1686,819,TRUE,YEAR,HIGH_TAG,,,HIGH,TRUE
CEV-09977,COL-0062,EVT-1690,820,TRUE,YEAR,HIGH_TAG,,,HIGH,TRUE
CEV-09978,COL-0062,EVT-1693,821,TRUE,YEAR,HIGH_TAG,,,HIGH,TRUE
CEV-09979,COL-0062,EVT-1691,822,TRUE,DAY,HIGH_TAG,,,HIGH,TRUE
CEV-09980,COL-0062,EVT-0305,823,TRUE,DAY,HIGH_TAG,,,HIGH,TRUE
CEV-09981,COL-0062,EVT-0272,824,TRUE,DAY,HIGH_TAG,,,HIGH,TRUE
CEV-09982,COL-0062,EVT-1694,825,TRUE,YEAR,HIGH_TAG,,,HIGH,TRUE
CEV-09983,COL-0062,EVT-1696,826,TRUE,YEAR,HIGH_TAG,,,HIGH,TRUE
CEV-09984,COL-0062,EVT-1703,827,TRUE,YEAR,HIGH_TAG,,,HIGH,TRUE
CEV-09985,COL-0062,EVT-0259,828,TRUE,DAY,HIGH_TAG,,,HIGH,TRUE
CEV-09986,COL-0062,EVT-1704,829,TRUE,DAY,HIGH_TAG,,,HIGH,TRUE
CEV-09987,COL-0062,EVT-0260,830,TRUE,DAY,HIGH_TAG,,,HIGH,TRUE
CEV-09988,COL-0062,EVT-0261,831,TRUE,DAY,HIGH_TAG,,,HIGH,TRUE
CEV-09989,COL-0062,EVT-1707,832,TRUE,YEAR,HIGH_TAG,,,HIGH,TRUE
CEV-09990,COL-0062,EVT-1708,833,TRUE,YEAR,HIGH_TAG,,,HIGH,TRUE
CEV-09991,COL-0062,EVT-1710,834,TRUE,YEAR,HIGH_TAG,,,HIGH,TRUE
CEV-09992,COL-0062,EVT-1716,835,TRUE,YEAR,HIGH_TAG,,,HIGH,TRUE
CEV-09993,COL-0062,EVT-1718,836,TRUE,YEAR,HIGH_TAG,,,HIGH,TRUE
CEV-09994,COL-0062,EVT-0282,837,TRUE,DAY,HIGH_TAG,,,HIGH,TRUE
CEV-09995,COL-0062,EVT-0935,838,TRUE,DAY,HIGH_TAG,,,HIGH,TRUE
CEV-09996,COL-0062,EVT-0936,839,TRUE,DAY,HIGH_TAG,,,HIGH,TRUE
CEV-09997,COL-0062,EVT-1719,840,TRUE,YEAR,HIGH_TAG,,,HIGH,TRUE
CEV-09998,COL-0062,EVT-1720,841,TRUE,YEAR,HIGH_TAG,,,HIGH,TRUE
CEV-09999,COL-0062,EVT-1726,842,TRUE,YEAR,HIGH_TAG,,,HIGH,TRUE
CEV-10000,COL-0062,EVT-1728,843,TRUE,YEAR,HIGH_TAG,,,HIGH,TRUE
CEV-10001,COL-0062,EVT-0937,844,TRUE,DAY,HIGH_TAG,,,HIGH,TRUE
CEV-10002,COL-0062,EVT-1729,845,TRUE,YEAR,HIGH_TAG,,,HIGH,TRUE
CEV-10003,COL-0062,EVT-1734,846,TRUE,YEAR,HIGH_TAG,,,HIGH,TRUE
CEV-10004,COL-0062,EVT-1735,847,TRUE,DAY,HIGH_TAG,,,HIGH,TRUE
CEV-10005,COL-0062,EVT-1737,848,TRUE,YEAR,HIGH_TAG,,,HIGH,TRUE
CEV-10006,COL-0062,EVT-1738,849,TRUE,YEAR,HIGH_TAG,,,HIGH,TRUE
CEV-10007,COL-0062,EVT-1740,850,TRUE,YEAR,HIGH_TAG,,,HIGH,TRUE
CEV-10008,COL-0062,EVT-1747,851,TRUE,YEAR,HIGH_TAG,,,HIGH,TRUE
CEV-10009,COL-0062,EVT-1748,852,TRUE,YEAR,HIGH_TAG,,,HIGH,TRUE
CEV-10010,COL-0062,EVT-0940,853,TRUE,DAY,HIGH_TAG,,,HIGH,TRUE
CEV-10011,COL-0062,EVT-1750,854,TRUE,YEAR,HIGH_TAG,,,HIGH,TRUE
CEV-10012,COL-0062,EVT-1752,855,TRUE,YEAR,HIGH_TAG,,,HIGH,TRUE
CEV-10013,COL-0062,EVT-1756,856,TRUE,YEAR,HIGH_TAG,,,HIGH,TRUE
CEV-10014,COL-0062,EVT-0944,857,TRUE,DAY,HIGH_TAG,,,HIGH,TRUE
CEV-10015,COL-0062,EVT-0945,858,TRUE,DAY,HIGH_TAG,,,HIGH,TRUE
CEV-10016,COL-0062,EVT-1757,859,TRUE,YEAR,HIGH_TAG,,,HIGH,TRUE
CEV-10017,COL-0062,EVT-1758,860,TRUE,YEAR,HIGH_TAG,,,HIGH,TRUE
CEV-10018,COL-0062,EVT-1760,861,TRUE,YEAR,HIGH_TAG,,,HIGH,TRUE
CEV-10019,COL-0062,EVT-1765,862,TRUE,YEAR,HIGH_TAG,,,HIGH,TRUE
CEV-10020,COL-0062,EVT-1766,863,TRUE,YEAR,HIGH_TAG,,,HIGH,TRUE
CEV-10021,COL-0062,EVT-1769,864,TRUE,YEAR,HIGH_TAG,,,HIGH,TRUE
CEV-10022,COL-0062,EVT-1028,865,TRUE,DAY,HIGH_TAG,,,HIGH,TRUE
CEV-10023,COL-0062,EVT-1770,866,TRUE,YEAR,HIGH_TAG,,,HIGH,TRUE
CEV-10024,COL-0062,EVT-1771,867,TRUE,YEAR,HIGH_TAG,,,HIGH,TRUE
CEV-10025,COL-0062,EVT-1777,868,TRUE,YEAR,HIGH_TAG,,,HIGH,TRUE
CEV-10026,COL-0062,EVT-1778,869,TRUE,YEAR,HIGH_TAG,,,HIGH,TRUE
CEV-10027,COL-0062,EVT-1779,870,TRUE,YEAR,HIGH_TAG,,,HIGH,TRUE
CEV-10028,COL-0062,EVT-1787,871,TRUE,YEAR,HIGH_TAG,,,HIGH,TRUE
CEV-10029,COL-0062,EVT-0982,872,TRUE,DAY,HIGH_TAG,,,HIGH,TRUE
CEV-10030,COL-0062,EVT-1789,873,TRUE,YEAR,HIGH_TAG,,,HIGH,TRUE
CEV-10031,COL-0062,EVT-1791,874,TRUE,YEAR,HIGH_TAG,,,HIGH,TRUE
CEV-10032,COL-0062,EVT-1797,875,TRUE,YEAR,HIGH_TAG,,,HIGH,TRUE
CEV-10033,COL-0062,EVT-1799,876,TRUE,YEAR,HIGH_TAG,,,HIGH,TRUE
CEV-10034,COL-0062,EVT-1800,877,TRUE,YEAR,HIGH_TAG,,,HIGH,TRUE
CEV-10035,COL-0062,EVT-1801,878,TRUE,YEAR,HIGH_TAG,,,HIGH,TRUE
CEV-10036,COL-0062,EVT-1803,879,TRUE,YEAR,HIGH_TAG,,,HIGH,TRUE
CEV-10037,COL-0062,EVT-1809,880,TRUE,YEAR,HIGH_TAG,,,HIGH,TRUE
CEV-10038,COL-0062,EVT-1810,881,TRUE,YEAR,HIGH_TAG,,,HIGH,TRUE
CEV-10039,COL-0062,EVT-0987,882,TRUE,DAY,HIGH_TAG,,,HIGH,TRUE
CEV-10040,COL-0062,EVT-1812,883,TRUE,YEAR,HIGH_TAG,,,HIGH,TRUE
CEV-10041,COL-0062,EVT-1813,884,TRUE,YEAR,HIGH_TAG,,,HIGH,TRUE
CEV-10042,COL-0062,EVT-1816,885,TRUE,YEAR,HIGH_TAG,,,HIGH,TRUE
CEV-10043,COL-0062,EVT-1819,886,TRUE,YEAR,HIGH_TAG,,,HIGH,TRUE
CEV-10044,COL-0062,EVT-1817,887,TRUE,DAY,HIGH_TAG,,,HIGH,TRUE
CEV-10045,COL-0062,EVT-1820,888,TRUE,YEAR,HIGH_TAG,,,HIGH,TRUE
CEV-10046,COL-0062,EVT-1822,889,TRUE,YEAR,HIGH_TAG,,,HIGH,TRUE
CEV-10047,COL-0062,EVT-1828,890,TRUE,YEAR,HIGH_TAG,,,HIGH,TRUE
CEV-10048,COL-0062,EVT-1832,891,TRUE,YEAR,HIGH_TAG,,,HIGH,TRUE
CEV-10049,COL-0062,EVT-1834,892,TRUE,YEAR,HIGH_TAG,,,HIGH,TRUE
CEV-10050,COL-0062,EVT-1835,893,TRUE,YEAR,HIGH_TAG,,,HIGH,TRUE
CEV-10051,COL-0062,EVT-0991,894,TRUE,DAY,HIGH_TAG,,,HIGH,TRUE
CEV-10052,COL-0062,EVT-1844,895,TRUE,YEAR,HIGH_TAG,,,HIGH,TRUE
CEV-10053,COL-0062,EVT-1846,896,TRUE,YEAR,HIGH_TAG,,,HIGH,TRUE
CEV-10054,COL-0062,EVT-1851,897,TRUE,YEAR,HIGH_TAG,,,HIGH,TRUE
CEV-10055,COL-0062,EVT-1852,898,TRUE,YEAR,HIGH_TAG,,,HIGH,TRUE
CEV-10056,COL-0062,EVT-1855,899,TRUE,YEAR,HIGH_TAG,,,HIGH,TRUE
CEV-10057,COL-0062,EVT-1856,900,TRUE,YEAR,HIGH_TAG,,,HIGH,TRUE
CEV-10058,COL-0062,EVT-1857,901,TRUE,YEAR,HIGH_TAG,,,HIGH,TRUE
CEV-10059,COL-0062,EVT-1861,902,TRUE,YEAR,HIGH_TAG,,,HIGH,TRUE
CEV-10060,COL-0062,EVT-1866,903,TRUE,YEAR,HIGH_TAG,,,HIGH,TRUE
CEV-10061,COL-0062,EVT-0326,904,TRUE,DAY,HIGH_TAG,,,HIGH,TRUE
CEV-10062,COL-0062,EVT-0312,905,TRUE,YEAR,HIGH_TAG,,,HIGH,TRUE
CEV-10063,COL-0062,EVT-1867,906,TRUE,YEAR,HIGH_TAG,,,HIGH,TRUE
CEV-10064,COL-0062,EVT-1868,907,TRUE,YEAR,HIGH_TAG,,,HIGH,TRUE
CEV-10065,COL-0062,EVT-1870,908,TRUE,YEAR,HIGH_TAG,,,HIGH,TRUE
CEV-10066,COL-0062,EVT-1877,909,TRUE,YEAR,HIGH_TAG,,,HIGH,TRUE
CEV-10067,COL-0062,EVT-1880,910,TRUE,YEAR,HIGH_TAG,,,HIGH,TRUE
CEV-10068,COL-0062,EVT-1881,911,TRUE,YEAR,HIGH_TAG,,,HIGH,TRUE
CEV-10069,COL-0062,EVT-1883,912,TRUE,YEAR,HIGH_TAG,,,HIGH,TRUE
CEV-10070,COL-0062,EVT-1887,913,TRUE,YEAR,HIGH_TAG,,,HIGH,TRUE
CEV-10071,COL-0062,EVT-1889,914,TRUE,YEAR,HIGH_TAG,,,HIGH,TRUE
CEV-10072,COL-0062,EVT-1890,915,TRUE,YEAR,HIGH_TAG,,,HIGH,TRUE
CEV-10073,COL-0062,EVT-1898,916,TRUE,YEAR,HIGH_TAG,,,HIGH,TRUE
CEV-10074,COL-0062,EVT-1001,917,TRUE,DAY,HIGH_TAG,,,HIGH,TRUE
CEV-10075,COL-0062,EVT-1902,918,TRUE,DAY,HIGH_TAG,,,HIGH,TRUE
CEV-10076,COL-0062,EVT-1903,919,TRUE,YEAR,HIGH_TAG,,,HIGH,TRUE
CEV-10077,COL-0062,EVT-1905,920,TRUE,YEAR,HIGH_TAG,,,HIGH,TRUE
CEV-10078,COL-0062,EVT-1909,921,TRUE,YEAR,HIGH_TAG,,,HIGH,TRUE
CEV-10079,COL-0062,EVT-1911,922,TRUE,YEAR,HIGH_TAG,,,HIGH,TRUE
CEV-10080,COL-0062,EVT-1002,923,TRUE,DAY,HIGH_TAG,,,HIGH,TRUE
CEV-10081,COL-0062,EVT-1912,924,TRUE,YEAR,HIGH_TAG,,,HIGH,TRUE
CEV-10082,COL-0062,EVT-1913,925,TRUE,YEAR,HIGH_TAG,,,HIGH,TRUE
CEV-10083,COL-0062,EVT-1914,926,TRUE,YEAR,HIGH_TAG,,,HIGH,TRUE
CEV-10084,COL-0062,EVT-1920,927,TRUE,YEAR,HIGH_TAG,,,HIGH,TRUE
CEV-10085,COL-0062,EVT-1923,928,TRUE,YEAR,HIGH_TAG,,,HIGH,TRUE
CEV-10086,COL-0062,EVT-1004,929,TRUE,DAY,HIGH_TAG,,,HIGH,TRUE
CEV-10087,COL-0062,EVT-1925,930,TRUE,YEAR,HIGH_TAG,,,HIGH,TRUE
CEV-10088,COL-0062,EVT-1926,931,TRUE,YEAR,HIGH_TAG,,,HIGH,TRUE
CEV-10089,COL-0062,EVT-1928,932,TRUE,YEAR,HIGH_TAG,,,HIGH,TRUE
CEV-10090,COL-0062,EVT-1934,933,TRUE,YEAR,HIGH_TAG,,,HIGH,TRUE
CEV-10091,COL-0062,EVT-1008,934,TRUE,DAY,HIGH_TAG,,,HIGH,TRUE
CEV-10092,COL-0062,EVT-0320,935,TRUE,DAY,HIGH_TAG,,,HIGH,TRUE
CEV-10093,COL-0062,EVT-1936,936,TRUE,YEAR,HIGH_TAG,,,HIGH,TRUE
CEV-10094,COL-0062,EVT-1943,937,TRUE,YEAR,HIGH_TAG,,,HIGH,TRUE
CEV-10095,COL-0062,EVT-1944,938,TRUE,YEAR,HIGH_TAG,,,HIGH,TRUE
CEV-10096,COL-0062,EVT-1947,939,TRUE,YEAR,HIGH_TAG,,,HIGH,TRUE
CEV-10097,COL-0062,EVT-1946,940,TRUE,DAY,HIGH_TAG,,,HIGH,TRUE
CEV-10098,COL-0062,EVT-1009,941,TRUE,DAY,HIGH_TAG,,,HIGH,TRUE
CEV-10099,COL-0062,EVT-0321,942,TRUE,DAY,HIGH_TAG,,,HIGH,TRUE
CEV-10100,COL-0062,EVT-1948,943,TRUE,YEAR,HIGH_TAG,,,HIGH,TRUE
CEV-10101,COL-0062,EVT-1949,944,TRUE,YEAR,HIGH_TAG,,,HIGH,TRUE
CEV-10102,COL-0062,EVT-1955,945,TRUE,DAY,HIGH_TAG,,,HIGH,TRUE
CEV-10103,COL-0062,EVT-0306,946,TRUE,DAY,HIGH_TAG,,,HIGH,TRUE
CEV-10104,COL-0062,EVT-1956,947,TRUE,YEAR,HIGH_TAG,,,HIGH,TRUE
CEV-10105,COL-0062,EVT-1957,948,TRUE,YEAR,HIGH_TAG,,,HIGH,TRUE
CEV-10106,COL-0062,EVT-1958,949,TRUE,YEAR,HIGH_TAG,,,HIGH,TRUE
CEV-10107,COL-0062,EVT-1964,950,TRUE,YEAR,HIGH_TAG,,,HIGH,TRUE
CEV-10108,COL-0062,EVT-1966,951,TRUE,YEAR,HIGH_TAG,,,HIGH,TRUE
CEV-10109,COL-0062,EVT-1011,952,TRUE,DAY,HIGH_TAG,,,HIGH,TRUE
CEV-10110,COL-0062,EVT-1968,953,TRUE,YEAR,HIGH_TAG,,,HIGH,TRUE
CEV-10111,COL-0062,EVT-1970,954,TRUE,YEAR,HIGH_TAG,,,HIGH,TRUE
CEV-10112,COL-0062,EVT-1977,955,TRUE,YEAR,HIGH_TAG,,,HIGH,TRUE
CEV-10113,COL-0062,EVT-1979,956,TRUE,YEAR,HIGH_TAG,,,HIGH,TRUE
CEV-10114,COL-0062,EVT-1014,957,TRUE,DAY,HIGH_TAG,,,HIGH,TRUE
CEV-10115,COL-0062,EVT-1980,958,TRUE,YEAR,HIGH_TAG,,,HIGH,TRUE
CEV-10116,COL-0062,EVT-1986,959,TRUE,YEAR,HIGH_TAG,,,HIGH,TRUE
CEV-10117,COL-0062,EVT-1016,960,TRUE,DAY,HIGH_TAG,,,HIGH,TRUE
CEV-10118,COL-0062,EVT-1019,961,TRUE,DAY,HIGH_TAG,,,HIGH,TRUE
CEV-10119,COL-0062,EVT-1988,962,TRUE,YEAR,HIGH_TAG,,,HIGH,TRUE
CEV-10120,COL-0062,EVT-1989,963,TRUE,YEAR,HIGH_TAG,,,HIGH,TRUE
CEV-10121,COL-0062,EVT-1991,964,TRUE,YEAR,HIGH_TAG,,,HIGH,TRUE
CEV-10122,COL-0062,EVT-1995,965,TRUE,YEAR,HIGH_TAG,,,HIGH,TRUE
CEV-10123,COL-0062,EVT-1996,966,TRUE,YEAR,HIGH_TAG,,,HIGH,TRUE
CEV-10124,COL-0062,EVT-1998,967,TRUE,YEAR,HIGH_TAG,,,HIGH,TRUE
CEV-10125,COL-0062,EVT-1999,968,TRUE,YEAR,HIGH_TAG,,,HIGH,TRUE
CEV-10126,COL-0062,EVT-2001,969,TRUE,YEAR,HIGH_TAG,,,HIGH,TRUE
CEV-10127,COL-0062,EVT-2010,970,TRUE,YEAR,HIGH_TAG,,,HIGH,TRUE
CEV-10128,COL-0062,EVT-1023,971,TRUE,DAY,HIGH_TAG,,,HIGH,TRUE
CEV-10129,COL-0062,EVT-2008,972,TRUE,DAY,HIGH_TAG,,,HIGH,TRUE
CEV-10130,COL-0062,EVT-2015,973,TRUE,YEAR,HIGH_TAG,,,HIGH,TRUE
CEV-10131,COL-0062,EVT-2017,974,TRUE,YEAR,HIGH_TAG,,,HIGH,TRUE
CEV-10132,COL-0062,EVT-2016,975,TRUE,DAY,HIGH_TAG,,,HIGH,TRUE
CEV-10133,COL-0062,EVT-2018,976,TRUE,YEAR,HIGH_TAG,,,HIGH,TRUE
CEV-10134,COL-0062,EVT-2019,977,TRUE,YEAR,HIGH_TAG,,,HIGH,TRUE
CEV-10135,COL-0062,EVT-2021,978,TRUE,YEAR,HIGH_TAG,,,HIGH,TRUE
CEV-10136,COL-0062,EVT-2027,979,TRUE,YEAR,HIGH_TAG,,,HIGH,TRUE
CEV-10137,COL-0062,EVT-2028,980,TRUE,YEAR,HIGH_TAG,,,HIGH,TRUE
CEV-10138,COL-0062,EVT-1027,981,TRUE,DAY,HIGH_TAG,,,HIGH,TRUE
CEV-10139,COL-0062,EVT-2030,982,TRUE,DAY,HIGH_TAG,,,HIGH,TRUE
CEV-10140,COL-0062,EVT-2031,983,TRUE,YEAR,HIGH_TAG,,,HIGH,TRUE
CEV-10141,COL-0062,EVT-2032,984,TRUE,YEAR,HIGH_TAG,,,HIGH,TRUE
CEV-10142,COL-0062,EVT-2034,985,TRUE,YEAR,HIGH_TAG,,,HIGH,TRUE
CEV-10143,COL-0062,EVT-2040,986,TRUE,YEAR,HIGH_TAG,,,HIGH,TRUE
CEV-10144,COL-0062,EVT-2041,987,TRUE,YEAR,HIGH_TAG,,,HIGH,TRUE
CEV-10145,COL-0063,EVT-0478,1,TRUE,DAY,HIGH_CONTEXT,,,HIGH,TRUE
CEV-10146,COL-0063,EVT-0012,2,TRUE,RANGE,HIGH_CONTEXT,,,HIGH,TRUE
CEV-10147,COL-0063,EVT-0089,3,TRUE,DAY,HIGH_CONTEXT,,,HIGH,TRUE
CEV-10148,COL-0063,EVT-0479,4,TRUE,DAY,HIGH_CONTEXT,,,HIGH,TRUE
CEV-10149,COL-0063,EVT-0480,5,TRUE,DAY,HIGH_CONTEXT,,,HIGH,TRUE
CEV-10150,COL-0063,EVT-0481,6,TRUE,DAY,HIGH_CONTEXT,,,HIGH,TRUE
CEV-10151,COL-0063,EVT-0206,7,TRUE,RANGE,HIGH_CONTEXT,,,HIGH,TRUE
CEV-10152,COL-0063,EVT-0207,8,TRUE,RANGE,HIGH_CONTEXT,,,HIGH,TRUE
CEV-10153,COL-0063,EVT-0208,9,TRUE,RANGE,HIGH_CONTEXT,,,HIGH,TRUE
CEV-10154,COL-0063,EVT-0090,10,TRUE,DAY,HIGH_CONTEXT,,,HIGH,TRUE
CEV-10155,COL-0063,EVT-0209,11,TRUE,DAY,HIGH_CONTEXT,,,HIGH,TRUE
CEV-10156,COL-0063,EVT-0230,12,TRUE,DAY,HIGH_CONTEXT,,,HIGH,TRUE
CEV-10157,COL-0063,EVT-0482,13,TRUE,RANGE,HIGH_CONTEXT,,,HIGH,TRUE
CEV-10158,COL-0063,EVT-0210,14,TRUE,DAY,HIGH_CONTEXT,,,HIGH,TRUE
CEV-10159,COL-0063,EVT-0483,15,TRUE,DAY,HIGH_CONTEXT,,,HIGH,TRUE
CEV-10160,COL-0063,EVT-0484,16,TRUE,DAY,HIGH_CONTEXT,,,HIGH,TRUE
CEV-10161,COL-0063,EVT-0485,17,TRUE,DAY,HIGH_CONTEXT,,,HIGH,TRUE
CEV-10162,COL-0063,EVT-0211,18,TRUE,DAY,HIGH_CONTEXT,,,HIGH,TRUE
CEV-10163,COL-0063,EVT-0212,19,TRUE,RANGE,HIGH_CONTEXT,,,HIGH,TRUE
CEV-10164,COL-0063,EVT-0091,20,TRUE,DAY,HIGH_CONTEXT,,,HIGH,TRUE
CEV-10165,COL-0063,EVT-0486,21,TRUE,DAY,HIGH_CONTEXT,,,HIGH,TRUE
CEV-10166,COL-0063,EVT-0092,22,TRUE,DAY,HIGH_CONTEXT,,,HIGH,TRUE
CEV-10167,COL-0063,EVT-0232,23,TRUE,DAY,HIGH_CONTEXT,,,HIGH,TRUE
CEV-10168,COL-0063,EVT-0233,24,TRUE,DAY,HIGH_CONTEXT,,,HIGH,TRUE
CEV-10169,COL-0063,EVT-0487,25,TRUE,DAY,HIGH_CONTEXT,,,HIGH,TRUE
CEV-10170,COL-0063,EVT-0234,26,TRUE,DAY,HIGH_CONTEXT,,,HIGH,TRUE
CEV-10171,COL-0063,EVT-0235,27,TRUE,DAY,HIGH_CONTEXT,,,HIGH,TRUE
CEV-10172,COL-0063,EVT-0236,28,TRUE,DAY,HIGH_CONTEXT,,,HIGH,TRUE
CEV-10173,COL-0063,EVT-0237,29,TRUE,DAY,HIGH_CONTEXT,,,HIGH,TRUE
CEV-10174,COL-0063,EVT-0238,30,TRUE,DAY,HIGH_CONTEXT,,,HIGH,TRUE
CEV-10175,COL-0063,EVT-0239,31,TRUE,DAY,HIGH_CONTEXT,,,HIGH,TRUE
CEV-10176,COL-0063,EVT-0240,32,TRUE,DAY,HIGH_CONTEXT,,,HIGH,TRUE
CEV-10177,COL-0064,EVT-0355,1,TRUE,RANGE,HIGH_CONTEXT,,,HIGH,TRUE
CEV-10178,COL-0064,EVT-0244,2,TRUE,RANGE,HIGH_CONTEXT,,,HIGH,TRUE
CEV-10179,COL-0064,EVT-0505,3,TRUE,DAY,HIGH_CONTEXT,,,HIGH,TRUE
CEV-10180,COL-0064,EVT-0013,4,TRUE,RANGE,HIGH_CONTEXT,,,HIGH,TRUE
CEV-10181,COL-0064,EVT-0097,5,TRUE,DAY,HIGH_CONTEXT,,,HIGH,TRUE
CEV-10182,COL-0064,EVT-0098,6,TRUE,DAY,HIGH_CONTEXT,,,HIGH,TRUE
CEV-10183,COL-0064,EVT-0506,7,TRUE,DAY,HIGH_CONTEXT,,,HIGH,TRUE
CEV-10184,COL-0064,EVT-0507,8,TRUE,RANGE,HIGH_CONTEXT,,,HIGH,TRUE
CEV-10185,COL-0064,EVT-0508,9,TRUE,DAY,HIGH_CONTEXT,,,HIGH,TRUE
CEV-10186,COL-0064,EVT-0103,10,TRUE,DAY,HIGH_CONTEXT,,,HIGH,TRUE
CEV-10187,COL-0064,EVT-0246,11,TRUE,DAY,HIGH_CONTEXT,,,HIGH,TRUE
CEV-10188,COL-0064,EVT-0014,12,TRUE,DAY,HIGH_CONTEXT,,,HIGH,TRUE
CEV-10189,COL-0064,EVT-0105,13,TRUE,DAY,HIGH_CONTEXT,,,HIGH,TRUE
CEV-10190,COL-0064,EVT-0248,14,TRUE,DAY,HIGH_CONTEXT,,,HIGH,TRUE
CEV-10191,COL-0064,EVT-0249,15,TRUE,DAY,HIGH_CONTEXT,,,HIGH,TRUE
CEV-10192,COL-0064,EVT-0106,16,TRUE,DAY,HIGH_CONTEXT,,,HIGH,TRUE
CEV-10193,COL-0064,EVT-0509,17,TRUE,RANGE,HIGH_CONTEXT,,,HIGH,TRUE
CEV-10194,COL-0064,EVT-0107,18,TRUE,DAY,HIGH_CONTEXT,,,HIGH,TRUE
CEV-10195,COL-0064,EVT-0099,19,TRUE,DAY,HIGH_CONTEXT,,,HIGH,TRUE
CEV-10196,COL-0064,EVT-0510,20,TRUE,DAY,HIGH_CONTEXT,,,HIGH,TRUE
CEV-10197,COL-0064,EVT-0511,21,TRUE,DAY,HIGH_CONTEXT,,,HIGH,TRUE
CEV-10198,COL-0064,EVT-0512,22,TRUE,RANGE,HIGH_CONTEXT,,,HIGH,TRUE
CEV-10199,COL-0064,EVT-0015,23,TRUE,RANGE,HIGH_CONTEXT,,,HIGH,TRUE
CEV-10200,COL-0064,EVT-0513,24,TRUE,RANGE,HIGH_CONTEXT,,,HIGH,TRUE
CEV-10201,COL-0064,EVT-0514,25,TRUE,RANGE,HIGH_CONTEXT,,,HIGH,TRUE
CEV-10202,COL-0064,EVT-0016,26,TRUE,DAY,HIGH_CONTEXT,,,HIGH,TRUE
CEV-10203,COL-0064,EVT-0515,27,TRUE,DAY,HIGH_CONTEXT,,,HIGH,TRUE
CEV-10204,COL-0064,EVT-0516,28,TRUE,DAY,HIGH_CONTEXT,,,HIGH,TRUE
CEV-10205,COL-0064,EVT-0517,29,TRUE,RANGE,HIGH_CONTEXT,,,HIGH,TRUE
CEV-10206,COL-0064,EVT-0109,30,TRUE,DAY,HIGH_CONTEXT,,,HIGH,TRUE
CEV-10207,COL-0064,EVT-0360,31,TRUE,DAY,HIGH_CONTEXT,,,HIGH,TRUE
CEV-10208,COL-0064,EVT-0017,32,TRUE,DAY,HIGH_CONTEXT,,,HIGH,TRUE
CEV-10209,COL-0064,EVT-0100,33,TRUE,DAY,HIGH_CONTEXT,,,HIGH,TRUE
CEV-10210,COL-0064,EVT-0518,34,TRUE,DAY,HIGH_CONTEXT,,,HIGH,TRUE
CEV-10211,COL-0064,EVT-0519,35,TRUE,RANGE,HIGH_CONTEXT,,,HIGH,TRUE
CEV-10212,COL-0064,EVT-0101,36,TRUE,DAY,HIGH_CONTEXT,,,HIGH,TRUE
CEV-10213,COL-0064,EVT-0520,37,TRUE,DAY,HIGH_CONTEXT,,,HIGH,TRUE
CEV-10214,COL-0064,EVT-0521,38,TRUE,DAY,HIGH_CONTEXT,,,HIGH,TRUE
CEV-10215,COL-0064,EVT-0102,39,TRUE,DAY,HIGH_CONTEXT,,,HIGH,TRUE
CEV-10216,COL-0064,EVT-0522,40,TRUE,DAY,HIGH_CONTEXT,,,HIGH,TRUE
CEV-10217,COL-0065,EVT-0861,1,TRUE,DAY,HIGH_CONTEXT,,,HIGH,TRUE
CEV-10218,COL-0065,EVT-0110,2,TRUE,DAY,HIGH_CONTEXT,,,HIGH,TRUE
CEV-10219,COL-0065,EVT-0359,3,TRUE,RANGE,HIGH_CONTEXT,,,HIGH,TRUE
CEV-10220,COL-0065,EVT-0523,4,TRUE,DAY,HIGH_CONTEXT,,,HIGH,TRUE
CEV-10221,COL-0065,EVT-0111,5,TRUE,DAY,HIGH_CONTEXT,,,HIGH,TRUE
CEV-10222,COL-0065,EVT-0524,6,TRUE,DAY,HIGH_CONTEXT,,,HIGH,TRUE
CEV-10223,COL-0065,EVT-0112,7,TRUE,DAY,HIGH_CONTEXT,,,HIGH,TRUE
CEV-10224,COL-0065,EVT-0525,8,TRUE,DAY,HIGH_CONTEXT,,,HIGH,TRUE
CEV-10225,COL-0065,EVT-0275,9,TRUE,DAY,HIGH_CONTEXT,,,HIGH,TRUE
CEV-10226,COL-0065,EVT-0870,10,TRUE,DAY,HIGH_CONTEXT,,,HIGH,TRUE
CEV-10227,COL-0065,EVT-0276,11,TRUE,DAY,HIGH_CONTEXT,,,HIGH,TRUE
CEV-10228,COL-0065,EVT-0873,12,TRUE,DAY,HIGH_CONTEXT,,,HIGH,TRUE
CEV-10229,COL-0065,EVT-0530,13,TRUE,DAY,HIGH_CONTEXT,,,HIGH,TRUE
CEV-10230,COL-0065,EVT-0526,14,TRUE,RANGE,HIGH_CONTEXT,,,HIGH,TRUE
CEV-10231,COL-0065,EVT-0527,15,TRUE,DAY,HIGH_CONTEXT,,,HIGH,TRUE
CEV-10232,COL-0065,EVT-0876,16,TRUE,DAY,HIGH_CONTEXT,,,HIGH,TRUE
CEV-10233,COL-0065,EVT-0877,17,TRUE,DAY,HIGH_CONTEXT,,,HIGH,TRUE
CEV-10234,COL-0065,EVT-0528,18,TRUE,RANGE,HIGH_CONTEXT,,,HIGH,TRUE
CEV-10235,COL-0065,EVT-0286,19,TRUE,DAY,HIGH_CONTEXT,,,HIGH,TRUE
CEV-10236,COL-0065,EVT-0531,20,TRUE,DAY,HIGH_CONTEXT,,,HIGH,TRUE
CEV-10237,COL-0065,EVT-0529,21,TRUE,DAY,HIGH_CONTEXT,,,HIGH,TRUE
CEV-10238,COL-0065,EVT-0287,22,TRUE,DAY,HIGH_CONTEXT,,,HIGH,TRUE
CEV-10239,COL-0065,EVT-0532,23,TRUE,RANGE,HIGH_CONTEXT,,,HIGH,TRUE
CEV-10240,COL-0065,EVT-0113,24,TRUE,DAY,HIGH_CONTEXT,,,HIGH,TRUE
CEV-10241,COL-0065,EVT-0533,25,TRUE,RANGE,HIGH_CONTEXT,,,HIGH,TRUE
CEV-10242,COL-0065,EVT-0883,26,TRUE,DAY,HIGH_CONTEXT,,,HIGH,TRUE
CEV-10243,COL-0065,EVT-0534,27,TRUE,DAY,HIGH_CONTEXT,,,HIGH,TRUE
CEV-10244,COL-0065,EVT-0535,28,TRUE,DAY,HIGH_CONTEXT,,,HIGH,TRUE
CEV-10245,COL-0065,EVT-0536,29,TRUE,RANGE,HIGH_CONTEXT,,,HIGH,TRUE
CEV-10246,COL-0065,EVT-0891,30,TRUE,DAY,HIGH_CONTEXT,,,HIGH,TRUE
CEV-10247,COL-0065,EVT-0537,31,TRUE,RANGE,HIGH_CONTEXT,,,HIGH,TRUE
CEV-10248,COL-0065,EVT-0538,32,TRUE,DAY,HIGH_CONTEXT,,,HIGH,TRUE
CEV-10249,COL-0065,EVT-0539,33,TRUE,DAY,HIGH_CONTEXT,,,HIGH,TRUE
CEV-10250,COL-0065,EVT-0288,34,TRUE,DAY,HIGH_CONTEXT,,,HIGH,TRUE
CEV-10251,COL-0065,EVT-0289,35,TRUE,DAY,HIGH_CONTEXT,,,HIGH,TRUE
CEV-10252,COL-0065,EVT-0900,36,TRUE,DAY,HIGH_CONTEXT,,,HIGH,TRUE
CEV-10253,COL-0065,EVT-0908,37,TRUE,DAY,HIGH_CONTEXT,,,HIGH,TRUE
CEV-10254,COL-0065,EVT-0540,38,TRUE,DAY,HIGH_CONTEXT,,,HIGH,TRUE
CEV-10255,COL-0065,EVT-0541,39,TRUE,RANGE,HIGH_CONTEXT,,,HIGH,TRUE
CEV-10256,COL-0065,EVT-0542,40,TRUE,DAY,HIGH_CONTEXT,,,HIGH,TRUE
CEV-10257,COL-0065,EVT-0543,41,TRUE,DAY,HIGH_CONTEXT,,,HIGH,TRUE
CEV-10258,COL-0065,EVT-0544,42,TRUE,DAY,HIGH_CONTEXT,,,HIGH,TRUE
CEV-10259,COL-0065,EVT-0977,43,TRUE,DAY,HIGH_CONTEXT,,,HIGH,TRUE
CEV-10260,COL-0065,EVT-0923,44,TRUE,DAY,HIGH_CONTEXT,,,HIGH,TRUE
CEV-10261,COL-0065,EVT-0545,45,TRUE,DAY,HIGH_CONTEXT,,,HIGH,TRUE
CEV-10262,COL-0065,EVT-0925,46,TRUE,DAY,HIGH_CONTEXT,,,HIGH,TRUE
CEV-10263,COL-0065,EVT-0546,47,TRUE,DAY,HIGH_CONTEXT,,,HIGH,TRUE
CEV-10264,COL-0065,EVT-0114,48,TRUE,DAY,HIGH_CONTEXT,,,HIGH,TRUE
CEV-10265,COL-0065,EVT-0926,49,TRUE,DAY,HIGH_CONTEXT,,,HIGH,TRUE
CEV-10266,COL-0065,EVT-0927,50,TRUE,DAY,HIGH_CONTEXT,,,HIGH,TRUE
CEV-10267,COL-0065,EVT-0547,51,TRUE,DAY,HIGH_CONTEXT,,,HIGH,TRUE
CEV-10268,COL-0065,EVT-0277,52,TRUE,DAY,HIGH_CONTEXT,,,HIGH,TRUE
CEV-10269,COL-0065,EVT-0115,53,TRUE,DAY,HIGH_CONTEXT,,,HIGH,TRUE
CEV-10270,COL-0065,EVT-0290,54,TRUE,DAY,HIGH_CONTEXT,,,HIGH,TRUE
CEV-10271,COL-0065,EVT-0291,55,TRUE,DAY,HIGH_CONTEXT,,,HIGH,TRUE
CEV-10272,COL-0066,EVT-0334,1,TRUE,DAY,HIGH_CONTEXT,,,HIGH,TRUE
CEV-10273,COL-0066,EVT-0348,2,TRUE,RANGE,HIGH_CONTEXT,,,HIGH,TRUE
CEV-10274,COL-0066,EVT-0173,3,TRUE,DAY,HIGH_CONTEXT,,,HIGH,TRUE
CEV-10275,COL-0066,EVT-0174,4,TRUE,RANGE,HIGH_CONTEXT,,,HIGH,TRUE
CEV-10276,COL-0066,EVT-0175,5,TRUE,DAY,HIGH_CONTEXT,,,HIGH,TRUE
CEV-10277,COL-0066,EVT-0337,6,TRUE,RANGE,HIGH_CONTEXT,,,HIGH,TRUE
CEV-10278,COL-0066,EVT-0441,7,TRUE,DAY,HIGH_CONTEXT,,,HIGH,TRUE
CEV-10279,COL-0066,EVT-0440,8,TRUE,DAY,HIGH_CONTEXT,,,HIGH,TRUE
CEV-10280,COL-0066,EVT-0442,9,TRUE,DAY,HIGH_CONTEXT,,,HIGH,TRUE
CEV-10281,COL-0066,EVT-0176,10,TRUE,DAY,HIGH_CONTEXT,,,HIGH,TRUE
CEV-10282,COL-0066,EVT-0177,11,TRUE,DAY,HIGH_CONTEXT,,,HIGH,TRUE
CEV-10283,COL-0066,EVT-0178,12,TRUE,RANGE,HIGH_CONTEXT,,,HIGH,TRUE
CEV-10284,COL-0066,EVT-0179,13,TRUE,DAY,HIGH_CONTEXT,,,HIGH,TRUE
CEV-10285,COL-0066,EVT-0171,14,TRUE,DAY,HIGH_CONTEXT,,,HIGH,TRUE
CEV-10286,COL-0066,EVT-0443,15,TRUE,DAY,HIGH_CONTEXT,,,HIGH,TRUE
CEV-10287,COL-0066,EVT-0172,16,TRUE,DAY,HIGH_CONTEXT,,,HIGH,TRUE
CEV-10288,COL-0066,EVT-0444,17,TRUE,DAY,HIGH_CONTEXT,,,HIGH,TRUE
CEV-10289,COL-0066,EVT-0445,18,TRUE,DAY,HIGH_CONTEXT,,,HIGH,TRUE
CEV-10290,COL-0066,EVT-0446,19,TRUE,DAY,HIGH_CONTEXT,,,HIGH,TRUE
CEV-10291,COL-0067,EVT-0180,1,TRUE,DAY,HIGH_CONTEXT,,,HIGH,TRUE
CEV-10292,COL-0067,EVT-0181,2,TRUE,RANGE,HIGH_CONTEXT,,,HIGH,TRUE
CEV-10293,COL-0067,EVT-0182,3,TRUE,DAY,HIGH_CONTEXT,,,HIGH,TRUE
CEV-10294,COL-0067,EVT-0448,4,TRUE,DAY,HIGH_CONTEXT,,,HIGH,TRUE
CEV-10295,COL-0068,EVT-0340,1,TRUE,YEAR,HIGH_TAG,,,HIGH,TRUE
CEV-10296,COL-0068,EVT-1051,2,TRUE,YEAR,HIGH_TAG,,,HIGH,TRUE
CEV-10297,COL-0068,EVT-0560,3,TRUE,YEAR,HIGH_TAG,,,HIGH,TRUE
CEV-10298,COL-0068,EVT-1061,4,TRUE,YEAR,HIGH_TAG,,,HIGH,TRUE
CEV-10299,COL-0068,EVT-0604,5,TRUE,DAY,HIGH_TAG,,,HIGH,TRUE
CEV-10300,COL-0068,EVT-0586,6,TRUE,YEAR,HIGH_TAG,,,HIGH,TRUE
CEV-10301,COL-0068,EVT-0408,7,TRUE,RANGE,HIGH_TAG,,,HIGH,TRUE
CEV-10302,COL-0068,EVT-0600,8,TRUE,MONTH,HIGH_TAG,,,HIGH,TRUE
CEV-10303,COL-0068,EVT-0642,9,TRUE,YEAR,HIGH_TAG,,,HIGH,TRUE
CEV-10304,COL-0068,EVT-0420,10,TRUE,YEAR,HIGH_TAG,,,HIGH,TRUE
CEV-10305,COL-0068,EVT-0074,11,TRUE,RANGE,HIGH_TAG,,,HIGH,TRUE
CEV-10306,COL-0068,EVT-0429,12,TRUE,RANGE,HIGH_TAG,,,HIGH,TRUE
CEV-10307,COL-0068,EVT-0166,13,TRUE,RANGE,HIGH_TAG,,,HIGH,TRUE
CEV-10308,COL-0068,EVT-0432,14,TRUE,YEAR,HIGH_TAG,,,HIGH,TRUE
CEV-10309,COL-0068,EVT-0674,15,TRUE,DAY,HIGH_TAG,,,HIGH,TRUE
CEV-10310,COL-0068,EVT-0675,16,TRUE,DAY,HIGH_TAG,,,HIGH,TRUE
CEV-10311,COL-0068,EVT-0433,17,TRUE,DAY,HIGH_TAG,,,HIGH,TRUE
CEV-10312,COL-0068,EVT-0676,18,TRUE,DAY,HIGH_TAG,,,HIGH,TRUE
CEV-10313,COL-0068,EVT-0631,19,TRUE,DAY,HIGH_TAG,,,HIGH,TRUE
CEV-10314,COL-0068,EVT-0435,20,TRUE,DAY,HIGH_TAG,,,HIGH,TRUE
CEV-10315,COL-0068,EVT-0436,21,TRUE,DAY,HIGH_TAG,,,HIGH,TRUE
CEV-10316,COL-0068,EVT-0334,22,TRUE,DAY,HIGH_TAG,,,HIGH,TRUE
CEV-10317,COL-0068,EVT-0348,23,TRUE,RANGE,HIGH_TAG,,,HIGH,TRUE
CEV-10318,COL-0068,EVT-0173,24,TRUE,DAY,HIGH_TAG,,,HIGH,TRUE
CEV-10319,COL-0068,EVT-0174,25,TRUE,RANGE,HIGH_TAG,,,HIGH,TRUE
CEV-10320,COL-0068,EVT-0175,26,TRUE,DAY,HIGH_TAG,,,HIGH,TRUE
CEV-10321,COL-0068,EVT-1107,27,TRUE,YEAR,HIGH_TAG,,,HIGH,TRUE
CEV-10322,COL-0068,EVT-0439,28,TRUE,DAY,HIGH_TAG,,,HIGH,TRUE
CEV-10323,COL-0068,EVT-0176,29,TRUE,DAY,HIGH_TAG,,,HIGH,TRUE
CEV-10324,COL-0068,EVT-0177,30,TRUE,DAY,HIGH_TAG,,,HIGH,TRUE
CEV-10325,COL-0068,EVT-0178,31,TRUE,RANGE,HIGH_TAG,,,HIGH,TRUE
CEV-10326,COL-0068,EVT-0179,32,TRUE,DAY,HIGH_TAG,,,HIGH,TRUE
CEV-10327,COL-0068,EVT-0171,33,TRUE,DAY,HIGH_TAG,,,HIGH,TRUE
CEV-10328,COL-0068,EVT-0443,34,TRUE,DAY,HIGH_TAG,,,HIGH,TRUE
CEV-10329,COL-0068,EVT-0172,35,TRUE,DAY,HIGH_TAG,,,HIGH,TRUE
CEV-10330,COL-0068,EVT-0078,36,TRUE,DAY,HIGH_TAG,,,HIGH,TRUE
CEV-10331,COL-0068,EVT-0446,37,TRUE,DAY,HIGH_TAG,,,HIGH,TRUE
CEV-10332,COL-0068,EVT-0079,38,TRUE,DAY,HIGH_TAG,,,HIGH,TRUE
CEV-10333,COL-0068,EVT-0180,39,TRUE,DAY,HIGH_TAG,,,HIGH,TRUE
CEV-10334,COL-0068,EVT-1118,40,TRUE,YEAR,HIGH_TAG,,,HIGH,TRUE
CEV-10335,COL-0068,EVT-0731,41,TRUE,DAY,HIGH_TAG,,,HIGH,TRUE
CEV-10336,COL-0068,EVT-1120,42,TRUE,YEAR,HIGH_TAG,,,HIGH,TRUE
CEV-10337,COL-0068,EVT-0685,43,TRUE,DAY,HIGH_TAG,,,HIGH,TRUE
CEV-10338,COL-0068,EVT-0181,44,TRUE,RANGE,HIGH_TAG,,,HIGH,TRUE
CEV-10339,COL-0068,EVT-0182,45,TRUE,DAY,HIGH_TAG,,,HIGH,TRUE
CEV-10340,COL-0068,EVT-0733,46,TRUE,DAY,HIGH_TAG,,,HIGH,TRUE
CEV-10341,COL-0068,EVT-0734,47,TRUE,DAY,HIGH_TAG,,,HIGH,TRUE
CEV-10342,COL-0068,EVT-0010,48,TRUE,RANGE,HIGH_TAG,,,HIGH,TRUE
CEV-10343,COL-0068,EVT-0737,49,TRUE,DAY,HIGH_TAG,,,HIGH,TRUE
CEV-10344,COL-0068,EVT-0183,50,TRUE,MONTH,HIGH_TAG,,,HIGH,TRUE
CEV-10345,COL-0068,EVT-0688,51,TRUE,DAY,HIGH_TAG,,,HIGH,TRUE
CEV-10346,COL-0068,EVT-1128,52,TRUE,YEAR,HIGH_TAG,,,HIGH,TRUE
CEV-10347,COL-0068,EVT-0184,53,TRUE,RANGE,HIGH_TAG,,,HIGH,TRUE
CEV-10348,COL-0068,EVT-0451,54,TRUE,DAY,HIGH_TAG,,,HIGH,TRUE
CEV-10349,COL-0068,EVT-1129,55,TRUE,YEAR,HIGH_TAG,,,HIGH,TRUE
CEV-10350,COL-0068,EVT-0453,56,TRUE,RANGE,HIGH_TAG,,,HIGH,TRUE
CEV-10351,COL-0068,EVT-0350,57,TRUE,YEAR,HIGH_TAG,,,HIGH,TRUE
CEV-10352,COL-0068,EVT-0185,58,TRUE,RANGE,HIGH_TAG,,,HIGH,TRUE
CEV-10353,COL-0068,EVT-0186,59,TRUE,DAY,HIGH_TAG,,,HIGH,TRUE
CEV-10354,COL-0068,EVT-0187,60,TRUE,DAY,HIGH_TAG,,,HIGH,TRUE
CEV-10355,COL-0068,EVT-0188,61,TRUE,DAY,HIGH_TAG,,,HIGH,TRUE
CEV-10356,COL-0068,EVT-0189,62,TRUE,DAY,HIGH_TAG,,,HIGH,TRUE
CEV-10357,COL-0068,EVT-0190,63,TRUE,DAY,HIGH_TAG,,,HIGH,TRUE
CEV-10358,COL-0068,EVT-0191,64,TRUE,DAY,HIGH_TAG,,,HIGH,TRUE
CEV-10359,COL-0068,EVT-0459,65,TRUE,DAY,HIGH_TAG,,,HIGH,TRUE
CEV-10360,COL-0068,EVT-1150,66,TRUE,YEAR,HIGH_TAG,,,HIGH,TRUE
CEV-10361,COL-0068,EVT-0463,67,TRUE,DAY,HIGH_TAG,,,HIGH,TRUE
CEV-10362,COL-0068,EVT-0751,68,TRUE,DAY,HIGH_TAG,,,HIGH,TRUE
CEV-10363,COL-0068,EVT-0709,69,TRUE,DAY,HIGH_TAG,,,HIGH,TRUE
CEV-10364,COL-0068,EVT-0351,70,TRUE,RANGE,HIGH_TAG,,,HIGH,TRUE
CEV-10365,COL-0068,EVT-0201,71,TRUE,DAY,HIGH_TAG,,,HIGH,TRUE
CEV-10366,COL-0068,EVT-0202,72,TRUE,DAY,HIGH_TAG,,,HIGH,TRUE
CEV-10367,COL-0068,EVT-0203,73,TRUE,DAY,HIGH_TAG,,,HIGH,TRUE
CEV-10368,COL-0068,EVT-0204,74,TRUE,RANGE,HIGH_TAG,,,HIGH,TRUE
CEV-10369,COL-0068,EVT-0205,75,TRUE,DAY,HIGH_TAG,,,HIGH,TRUE
CEV-10370,COL-0068,EVT-0761,76,TRUE,DAY,HIGH_TAG,,,HIGH,TRUE
CEV-10371,COL-0068,EVT-0780,77,TRUE,DAY,HIGH_TAG,,,HIGH,TRUE
CEV-10372,COL-0068,EVT-0783,78,TRUE,DAY,HIGH_TAG,,,HIGH,TRUE
CEV-10373,COL-0068,EVT-0784,79,TRUE,DAY,HIGH_TAG,,,HIGH,TRUE
CEV-10374,COL-0068,EVT-0790,80,TRUE,DAY,HIGH_TAG,,,HIGH,TRUE
CEV-10375,COL-0068,EVT-0354,81,TRUE,YEAR,HIGH_TAG,,,HIGH,TRUE
CEV-10376,COL-0068,EVT-0484,82,TRUE,DAY,HIGH_TAG,,,HIGH,TRUE
CEV-10377,COL-0068,EVT-0794,83,TRUE,DAY,HIGH_TAG,,,HIGH,TRUE
CEV-10378,COL-0068,EVT-0844,84,TRUE,DAY,HIGH_TAG,,,HIGH,TRUE
CEV-10379,COL-0068,EVT-0797,85,TRUE,DAY,HIGH_TAG,,,HIGH,TRUE
CEV-10380,COL-0068,EVT-0490,86,TRUE,RANGE,HIGH_TAG,,,HIGH,TRUE
CEV-10381,COL-0068,EVT-0859,87,TRUE,DAY,HIGH_TAG,,,HIGH,TRUE
CEV-10382,COL-0068,EVT-0816,88,TRUE,DAY,HIGH_TAG,,,HIGH,TRUE
CEV-10383,COL-0068,EVT-0819,89,TRUE,DAY,HIGH_TAG,,,HIGH,TRUE
CEV-10384,COL-0068,EVT-0877,90,TRUE,DAY,HIGH_TAG,,,HIGH,TRUE
CEV-10385,COL-0068,EVT-0529,91,TRUE,DAY,HIGH_TAG,,,HIGH,TRUE
CEV-10386,COL-0068,EVT-0888,92,TRUE,DAY,HIGH_TAG,,,HIGH,TRUE
CEV-10387,COL-0068,EVT-0266,93,TRUE,DAY,HIGH_TAG,,,HIGH,TRUE
CEV-10388,COL-0068,EVT-0910,94,TRUE,DAY,HIGH_TAG,,,HIGH,TRUE
CEV-10389,COL-0068,EVT-0542,95,TRUE,DAY,HIGH_TAG,,,HIGH,TRUE
CEV-10390,COL-0068,EVT-0926,96,TRUE,DAY,HIGH_TAG,,,HIGH,TRUE
CEV-10391,COL-0068,EVT-0927,97,TRUE,DAY,HIGH_TAG,,,HIGH,TRUE
CEV-10392,COL-0068,EVT-0997,98,TRUE,DAY,HIGH_TAG,,,HIGH,TRUE
CEV-10393,COL-0069,EVT-1042,1,TRUE,YEAR,HIGH_TAG_UNION,,,HIGH,TRUE
CEV-10394,COL-0069,EVT-0554,2,TRUE,YEAR,HIGH_TAG_UNION,,,HIGH,TRUE
CEV-10395,COL-0069,EVT-1045,3,TRUE,YEAR,HIGH_TAG_UNION,,,HIGH,TRUE
CEV-10396,COL-0069,EVT-1047,4,TRUE,YEAR,HIGH_TAG_UNION,,,HIGH,TRUE
CEV-10397,COL-0069,EVT-1048,5,TRUE,YEAR,HIGH_TAG_UNION,,,HIGH,TRUE
CEV-10398,COL-0069,EVT-1049,6,TRUE,YEAR,HIGH_TAG_UNION,,,HIGH,TRUE
CEV-10399,COL-0069,EVT-1050,7,TRUE,YEAR,HIGH_TAG_UNION,,,HIGH,TRUE
CEV-10400,COL-0069,EVT-1051,8,TRUE,YEAR,HIGH_TAG_UNION,,,HIGH,TRUE
CEV-10401,COL-0069,EVT-0373,9,TRUE,YEAR,HIGH_TAG_UNION,,,HIGH,TRUE
CEV-10402,COL-0069,EVT-0374,10,TRUE,YEAR,HIGH_TAG_UNION,,,HIGH,TRUE
CEV-10403,COL-0069,EVT-0550,11,TRUE,MONTH,HIGH_TAG_UNION,,,HIGH,TRUE
CEV-10404,COL-0069,EVT-0376,12,TRUE,RANGE,HIGH_TAG_UNION,,,HIGH,TRUE
CEV-10405,COL-0069,EVT-1052,13,TRUE,YEAR,HIGH_TAG_UNION,,,HIGH,TRUE
CEV-10406,COL-0069,EVT-0572,14,TRUE,YEAR,HIGH_TAG_UNION,,,HIGH,TRUE
CEV-10407,COL-0069,EVT-0557,15,TRUE,YEAR,HIGH_TAG_UNION,,,HIGH,TRUE
CEV-10408,COL-0069,EVT-0573,16,TRUE,YEAR,HIGH_TAG_UNION,,,HIGH,TRUE
CEV-10409,COL-0069,EVT-0379,17,TRUE,YEAR,HIGH_TAG_UNION,,,HIGH,TRUE
CEV-10410,COL-0069,EVT-0380,18,TRUE,YEAR,HIGH_TAG_UNION,,,HIGH,TRUE
CEV-10411,COL-0069,EVT-1055,19,TRUE,YEAR,HIGH_TAG_UNION,,,HIGH,TRUE
CEV-10412,COL-0069,EVT-0383,20,TRUE,RANGE,HIGH_TAG_UNION,,,HIGH,TRUE
CEV-10413,COL-0069,EVT-1056,21,TRUE,YEAR,HIGH_TAG_UNION,,,HIGH,TRUE
CEV-10414,COL-0069,EVT-0558,22,TRUE,YEAR,HIGH_TAG_UNION,,,HIGH,TRUE
CEV-10415,COL-0069,EVT-0551,23,TRUE,DAY,HIGH_TAG_UNION,,,HIGH,TRUE
CEV-10416,COL-0069,EVT-0559,24,TRUE,DAY,HIGH_TAG_UNION,,,HIGH,TRUE
CEV-10417,COL-0069,EVT-1057,25,TRUE,YEAR,HIGH_TAG_UNION,,,HIGH,TRUE
CEV-10418,COL-0069,EVT-1059,26,TRUE,YEAR,HIGH_TAG_UNION,,,HIGH,TRUE
CEV-10419,COL-0069,EVT-0387,27,TRUE,DAY,HIGH_TAG_UNION,,,HIGH,TRUE
CEV-10420,COL-0069,EVT-0561,28,TRUE,MONTH,HIGH_TAG_UNION,,,HIGH,TRUE
CEV-10421,COL-0069,EVT-1060,29,TRUE,YEAR,HIGH_TAG_UNION,,,HIGH,TRUE
CEV-10422,COL-0069,EVT-1061,30,TRUE,YEAR,HIGH_TAG_UNION,,,HIGH,TRUE
CEV-10423,COL-0069,EVT-0565,31,TRUE,DAY,HIGH_TAG_UNION,,,HIGH,TRUE
CEV-10424,COL-0069,EVT-1068,32,TRUE,YEAR,HIGH_TAG_UNION,,,HIGH,TRUE
CEV-10425,COL-0069,EVT-0567,33,TRUE,DAY,HIGH_TAG_UNION,,,HIGH,TRUE
CEV-10426,COL-0069,EVT-0568,34,TRUE,DAY,HIGH_TAG_UNION,,,HIGH,TRUE
CEV-10427,COL-0069,EVT-0393,35,TRUE,YEAR,HIGH_TAG_UNION,,,HIGH,TRUE
CEV-10428,COL-0069,EVT-1070,36,TRUE,YEAR,HIGH_TAG_UNION,,,HIGH,TRUE
CEV-10429,COL-0069,EVT-0584,37,TRUE,DAY,HIGH_TAG_UNION,,,HIGH,TRUE
CEV-10430,COL-0069,EVT-0578,38,TRUE,YEAR,HIGH_TAG_UNION,,,HIGH,TRUE
CEV-10431,COL-0069,EVT-0395,39,TRUE,YEAR,HIGH_TAG_UNION,,,HIGH,TRUE
CEV-10432,COL-0069,EVT-1072,40,TRUE,YEAR,HIGH_TAG_UNION,,,HIGH,TRUE
CEV-10433,COL-0069,EVT-0588,41,TRUE,DAY,HIGH_TAG_UNION,,,HIGH,TRUE
CEV-10434,COL-0069,EVT-0605,42,TRUE,MONTH,HIGH_TAG_UNION,,,HIGH,TRUE
CEV-10435,COL-0069,EVT-1075,43,TRUE,YEAR,HIGH_TAG_UNION,,,HIGH,TRUE
CEV-10436,COL-0069,EVT-0606,44,TRUE,DAY,HIGH_TAG_UNION,,,HIGH,TRUE
CEV-10437,COL-0069,EVT-0398,45,TRUE,DAY,HIGH_TAG_UNION,,,HIGH,TRUE
CEV-10438,COL-0069,EVT-0400,46,TRUE,DAY,HIGH_TAG_UNION,,,HIGH,TRUE
CEV-10439,COL-0069,EVT-1079,47,TRUE,YEAR,HIGH_TAG_UNION,,,HIGH,TRUE
CEV-10440,COL-0069,EVT-0592,48,TRUE,DAY,HIGH_TAG_UNION,,,HIGH,TRUE
CEV-10441,COL-0069,EVT-0579,49,TRUE,DAY,HIGH_TAG_UNION,,,HIGH,TRUE
CEV-10442,COL-0069,EVT-0608,50,TRUE,DAY,HIGH_TAG_UNION,,,HIGH,TRUE
CEV-10443,COL-0069,EVT-1080,51,TRUE,YEAR,HIGH_TAG_UNION,,,HIGH,TRUE
CEV-10444,COL-0069,EVT-0054,52,TRUE,DAY,HIGH_TAG_UNION,,,HIGH,TRUE
CEV-10445,COL-0069,EVT-1081,53,TRUE,YEAR,HIGH_TAG_UNION,,,HIGH,TRUE
CEV-10446,COL-0069,EVT-0609,54,TRUE,DAY,HIGH_TAG_UNION,,,HIGH,TRUE
CEV-10447,COL-0069,EVT-0610,55,TRUE,DAY,HIGH_TAG_UNION,,,HIGH,TRUE
CEV-10448,COL-0069,EVT-0595,56,TRUE,DAY,HIGH_TAG_UNION,,,HIGH,TRUE
CEV-10449,COL-0069,EVT-0611,57,TRUE,DAY,HIGH_TAG_UNION,,,HIGH,TRUE
CEV-10450,COL-0069,EVT-0596,58,TRUE,DAY,HIGH_TAG_UNION,,,HIGH,TRUE
CEV-10451,COL-0069,EVT-0599,59,TRUE,DAY,HIGH_TAG_UNION,,,HIGH,TRUE
CEV-10452,COL-0069,EVT-0055,60,TRUE,RANGE,HIGH_TAG_UNION,,,HIGH,TRUE
CEV-10453,COL-0069,EVT-1082,61,TRUE,YEAR,HIGH_TAG_UNION,,,HIGH,TRUE
CEV-10454,COL-0069,EVT-0406,62,TRUE,DAY,HIGH_TAG_UNION,,,HIGH,TRUE
CEV-10455,COL-0069,EVT-1083,63,TRUE,YEAR,HIGH_TAG_UNION,,,HIGH,TRUE
CEV-10456,COL-0069,EVT-0407,64,TRUE,DAY,HIGH_TAG_UNION,,,HIGH,TRUE
CEV-10457,COL-0069,EVT-0601,65,TRUE,DAY,HIGH_TAG_UNION,,,HIGH,TRUE
CEV-10458,COL-0069,EVT-0410,66,TRUE,DAY,HIGH_TAG_UNION,,,HIGH,TRUE
CEV-10459,COL-0069,EVT-0411,67,TRUE,DAY,HIGH_TAG_UNION,,,HIGH,TRUE
CEV-10460,COL-0069,EVT-0056,68,TRUE,DAY,HIGH_TAG_UNION,,,HIGH,TRUE
CEV-10461,COL-0069,EVT-1085,69,TRUE,YEAR,HIGH_TAG_UNION,,,HIGH,TRUE
CEV-10462,COL-0069,EVT-0603,70,TRUE,DAY,HIGH_TAG_UNION,,,HIGH,TRUE
CEV-10463,COL-0069,EVT-0063,71,TRUE,DAY,HIGH_TAG_UNION,,,HIGH,TRUE
CEV-10464,COL-0069,EVT-1086,72,TRUE,YEAR,HIGH_TAG_UNION,,,HIGH,TRUE
CEV-10465,COL-0069,EVT-1088,73,TRUE,YEAR,HIGH_TAG_UNION,,,HIGH,TRUE
CEV-10466,COL-0069,EVT-0613,74,TRUE,DAY,HIGH_TAG_UNION,,,HIGH,TRUE
CEV-10467,COL-0069,EVT-0614,75,TRUE,DAY,HIGH_TAG_UNION,,,HIGH,TRUE
CEV-10468,COL-0069,EVT-1089,76,TRUE,YEAR,HIGH_TAG_UNION,,,HIGH,TRUE
CEV-10469,COL-0069,EVT-0643,77,TRUE,DAY,HIGH_TAG_UNION,,,HIGH,TRUE
CEV-10470,COL-0069,EVT-0644,78,TRUE,DAY,HIGH_TAG_UNION,,,HIGH,TRUE
CEV-10471,COL-0069,EVT-1090,79,TRUE,YEAR,HIGH_TAG_UNION,,,HIGH,TRUE
CEV-10472,COL-0069,EVT-0617,80,TRUE,DAY,HIGH_TAG_UNION,,,HIGH,TRUE
CEV-10473,COL-0069,EVT-0647,81,TRUE,DAY,HIGH_TAG_UNION,,,HIGH,TRUE
CEV-10474,COL-0069,EVT-0618,82,TRUE,DAY,HIGH_TAG_UNION,,,HIGH,TRUE
CEV-10475,COL-0069,EVT-0619,83,TRUE,DAY,HIGH_TAG_UNION,,,HIGH,TRUE
CEV-10476,COL-0069,EVT-0426,84,TRUE,RANGE,HIGH_TAG_UNION,,,HIGH,TRUE
CEV-10477,COL-0069,EVT-0623,85,TRUE,DAY,HIGH_TAG_UNION,,,HIGH,TRUE
CEV-10478,COL-0069,EVT-0427,86,TRUE,DAY,HIGH_TAG_UNION,,,HIGH,TRUE
CEV-10479,COL-0069,EVT-0295,87,TRUE,DAY,HIGH_TAG_UNION,,,HIGH,TRUE
CEV-10480,COL-0069,EVT-1096,88,TRUE,DAY,HIGH_TAG_UNION,,,HIGH,TRUE
CEV-10481,COL-0069,EVT-0154,89,TRUE,DAY,HIGH_TAG_UNION,,,HIGH,TRUE
CEV-10482,COL-0069,EVT-1097,90,TRUE,YEAR,HIGH_TAG_UNION,,,HIGH,TRUE
CEV-10483,COL-0069,EVT-0663,91,TRUE,DAY,HIGH_TAG_UNION,,,HIGH,TRUE
CEV-10484,COL-0069,EVT-1098,92,TRUE,DAY,HIGH_TAG_UNION,,,HIGH,TRUE
CEV-10485,COL-0069,EVT-0665,93,TRUE,DAY,HIGH_TAG_UNION,,,HIGH,TRUE
CEV-10486,COL-0069,EVT-0666,94,TRUE,DAY,HIGH_TAG_UNION,,,HIGH,TRUE
CEV-10487,COL-0069,EVT-1102,95,TRUE,YEAR,HIGH_TAG_UNION,,,HIGH,TRUE
CEV-10488,COL-0069,EVT-0431,96,TRUE,RANGE,HIGH_TAG_UNION,,,HIGH,TRUE
CEV-10489,COL-0069,EVT-0672,97,TRUE,DAY,HIGH_TAG_UNION,,,HIGH,TRUE
CEV-10490,COL-0069,EVT-0629,98,TRUE,DAY,HIGH_TAG_UNION,,,HIGH,TRUE
CEV-10491,COL-0069,EVT-0631,99,TRUE,DAY,HIGH_TAG_UNION,,,HIGH,TRUE
CEV-10492,COL-0069,EVT-1104,100,TRUE,YEAR,HIGH_TAG_UNION,,,HIGH,TRUE
CEV-10493,COL-0069,EVT-0437,101,TRUE,DAY,HIGH_TAG_UNION,,,HIGH,TRUE
CEV-10494,COL-0069,EVT-0441,102,TRUE,DAY,HIGH_TAG_UNION,,,HIGH,TRUE
CEV-10495,COL-0069,EVT-1113,103,TRUE,YEAR,HIGH_TAG_UNION,,,HIGH,TRUE
CEV-10496,COL-0069,EVT-0680,104,TRUE,DAY,HIGH_TAG_UNION,,,HIGH,TRUE
CEV-10497,COL-0069,EVT-0683,105,TRUE,DAY,HIGH_TAG_UNION,,,HIGH,TRUE
CEV-10498,COL-0069,EVT-1118,106,TRUE,YEAR,HIGH_TAG_UNION,,,HIGH,TRUE
CEV-10499,COL-0069,EVT-0731,107,TRUE,DAY,HIGH_TAG_UNION,,,HIGH,TRUE
CEV-10500,COL-0069,EVT-1121,108,TRUE,YEAR,HIGH_TAG_UNION,,,HIGH,TRUE
CEV-10501,COL-0069,EVT-0732,109,TRUE,DAY,HIGH_TAG_UNION,,,HIGH,TRUE
CEV-10502,COL-0069,EVT-0686,110,TRUE,DAY,HIGH_TAG_UNION,,,HIGH,TRUE
CEV-10503,COL-0069,EVT-0687,111,TRUE,DAY,HIGH_TAG_UNION,,,HIGH,TRUE
CEV-10504,COL-0069,EVT-0448,112,TRUE,DAY,HIGH_TAG_UNION,,,HIGH,TRUE
CEV-10505,COL-0069,EVT-0449,113,TRUE,DAY,HIGH_TAG_UNION,,,HIGH,TRUE
CEV-10506,COL-0069,EVT-0738,114,TRUE,DAY,HIGH_TAG_UNION,,,HIGH,TRUE
CEV-10507,COL-0069,EVT-1129,115,TRUE,YEAR,HIGH_TAG_UNION,,,HIGH,TRUE
CEV-10508,COL-0069,EVT-0694,116,TRUE,DAY,HIGH_TAG_UNION,,,HIGH,TRUE
CEV-10509,COL-0069,EVT-1141,117,TRUE,YEAR,HIGH_TAG_UNION,,,HIGH,TRUE
CEV-10510,COL-0069,EVT-1147,118,TRUE,YEAR,HIGH_TAG_UNION,,,HIGH,TRUE
CEV-10511,COL-0069,EVT-0461,119,TRUE,RANGE,HIGH_TAG_UNION,,,HIGH,TRUE
CEV-10512,COL-0069,EVT-1148,120,TRUE,DAY,HIGH_TAG_UNION,,,HIGH,TRUE
CEV-10513,COL-0069,EVT-0462,121,TRUE,DAY,HIGH_TAG_UNION,,,HIGH,TRUE
CEV-10514,COL-0069,EVT-0749,122,TRUE,DAY,HIGH_TAG_UNION,,,HIGH,TRUE
CEV-10515,COL-0069,EVT-1152,123,TRUE,YEAR,HIGH_TAG_UNION,,,HIGH,TRUE
CEV-10516,COL-0069,EVT-0466,124,TRUE,RANGE,HIGH_TAG_UNION,,,HIGH,TRUE
CEV-10517,COL-0069,EVT-0468,125,TRUE,RANGE,HIGH_TAG_UNION,,,HIGH,TRUE
CEV-10518,COL-0069,EVT-0705,126,TRUE,DAY,HIGH_TAG_UNION,,,HIGH,TRUE
CEV-10519,COL-0069,EVT-0753,127,TRUE,DAY,HIGH_TAG_UNION,,,HIGH,TRUE
CEV-10520,COL-0069,EVT-0352,128,TRUE,RANGE,HIGH_TAG_UNION,,,HIGH,TRUE
CEV-10521,COL-0069,EVT-0472,129,TRUE,RANGE,HIGH_TAG_UNION,,,HIGH,TRUE
CEV-10522,COL-0069,EVT-0757,130,TRUE,DAY,HIGH_TAG_UNION,,,HIGH,TRUE
CEV-10523,COL-0069,EVT-1164,131,TRUE,YEAR,HIGH_TAG_UNION,,,HIGH,TRUE
CEV-10524,COL-0069,EVT-0764,132,TRUE,DAY,HIGH_TAG_UNION,,,HIGH,TRUE
CEV-10525,COL-0069,EVT-1184,133,TRUE,YEAR,HIGH_TAG_UNION,,,HIGH,TRUE
CEV-10526,COL-0069,EVT-1186,134,TRUE,YEAR,HIGH_TAG_UNION,,,HIGH,TRUE
CEV-10527,COL-0069,EVT-0726,135,TRUE,DAY,HIGH_TAG_UNION,,,HIGH,TRUE
CEV-10528,COL-0069,EVT-1034,136,TRUE,DAY,HIGH_TAG_UNION,,,HIGH,TRUE
CEV-10529,COL-0069,EVT-0828,137,TRUE,DAY,HIGH_TAG_UNION,,,HIGH,TRUE
CEV-10530,COL-0069,EVT-0778,138,TRUE,DAY,HIGH_TAG_UNION,,,HIGH,TRUE
CEV-10531,COL-0069,EVT-0833,139,TRUE,DAY,HIGH_TAG_UNION,,,HIGH,TRUE
CEV-10532,COL-0069,EVT-0834,140,TRUE,DAY,HIGH_TAG_UNION,,,HIGH,TRUE
CEV-10533,COL-0069,EVT-0839,141,TRUE,DAY,HIGH_TAG_UNION,,,HIGH,TRUE
CEV-10534,COL-0069,EVT-0478,142,TRUE,DAY,HIGH_TAG_UNION,,,HIGH,TRUE
CEV-10535,COL-0069,EVT-0012,143,TRUE,RANGE,HIGH_TAG_UNION,,,HIGH,TRUE
CEV-10536,COL-0069,EVT-0089,144,TRUE,DAY,HIGH_TAG_UNION,,,HIGH,TRUE
CEV-10537,COL-0069,EVT-0479,145,TRUE,DAY,HIGH_TAG_UNION,,,HIGH,TRUE
CEV-10538,COL-0069,EVT-0480,146,TRUE,DAY,HIGH_TAG_UNION,,,HIGH,TRUE
CEV-10539,COL-0069,EVT-0481,147,TRUE,DAY,HIGH_TAG_UNION,,,HIGH,TRUE
CEV-10540,COL-0069,EVT-0206,148,TRUE,RANGE,HIGH_TAG_UNION,,,HIGH,TRUE
CEV-10541,COL-0069,EVT-0207,149,TRUE,RANGE,HIGH_TAG_UNION,,,HIGH,TRUE
CEV-10542,COL-0069,EVT-0208,150,TRUE,RANGE,HIGH_TAG_UNION,,,HIGH,TRUE
CEV-10543,COL-0069,EVT-0090,151,TRUE,DAY,HIGH_TAG_UNION,,,HIGH,TRUE
CEV-10544,COL-0069,EVT-0209,152,TRUE,DAY,HIGH_TAG_UNION,,,HIGH,TRUE
CEV-10545,COL-0069,EVT-0789,153,TRUE,DAY,HIGH_TAG_UNION,,,HIGH,TRUE
CEV-10546,COL-0069,EVT-0482,154,TRUE,RANGE,HIGH_TAG_UNION,,,HIGH,TRUE
CEV-10547,COL-0069,EVT-0210,155,TRUE,DAY,HIGH_TAG_UNION,,,HIGH,TRUE
CEV-10548,COL-0069,EVT-0483,156,TRUE,DAY,HIGH_TAG_UNION,,,HIGH,TRUE
CEV-10549,COL-0069,EVT-0211,157,TRUE,DAY,HIGH_TAG_UNION,,,HIGH,TRUE
CEV-10550,COL-0069,EVT-0212,158,TRUE,RANGE,HIGH_TAG_UNION,,,HIGH,TRUE
CEV-10551,COL-0069,EVT-0091,159,TRUE,DAY,HIGH_TAG_UNION,,,HIGH,TRUE
CEV-10552,COL-0069,EVT-0092,160,TRUE,DAY,HIGH_TAG_UNION,,,HIGH,TRUE
CEV-10553,COL-0069,EVT-0488,161,TRUE,DAY,HIGH_TAG_UNION,,,HIGH,TRUE
CEV-10554,COL-0069,EVT-0807,162,TRUE,DAY,HIGH_TAG_UNION,,,HIGH,TRUE
CEV-10555,COL-0069,EVT-0243,163,TRUE,MONTH,HIGH_TAG_UNION,,,HIGH,TRUE
CEV-10556,COL-0069,EVT-0241,164,TRUE,DAY,HIGH_TAG_UNION,,,HIGH,TRUE
CEV-10557,COL-0069,EVT-0859,165,TRUE,DAY,HIGH_TAG_UNION,,,HIGH,TRUE
CEV-10558,COL-0069,EVT-0808,166,TRUE,DAY,HIGH_TAG_UNION,,,HIGH,TRUE
CEV-10559,COL-0069,EVT-0502,167,TRUE,RANGE,HIGH_TAG_UNION,,,HIGH,TRUE
CEV-10560,COL-0069,EVT-0503,168,TRUE,DAY,HIGH_TAG_UNION,,,HIGH,TRUE
CEV-10561,COL-0069,EVT-0809,169,TRUE,DAY,HIGH_TAG_UNION,,,HIGH,TRUE
CEV-10562,COL-0069,EVT-0244,170,TRUE,RANGE,HIGH_TAG_UNION,,,HIGH,TRUE
CEV-10563,COL-0069,EVT-0811,171,TRUE,DAY,HIGH_TAG_UNION,,,HIGH,TRUE
CEV-10564,COL-0069,EVT-0013,172,TRUE,RANGE,HIGH_TAG_UNION,,,HIGH,TRUE
CEV-10565,COL-0069,EVT-0097,173,TRUE,DAY,HIGH_TAG_UNION,,,HIGH,TRUE
CEV-10566,COL-0069,EVT-0098,174,TRUE,DAY,HIGH_TAG_UNION,,,HIGH,TRUE
CEV-10567,COL-0069,EVT-1039,175,TRUE,DAY,HIGH_TAG_UNION,,,HIGH,TRUE
CEV-10568,COL-0069,EVT-0506,176,TRUE,DAY,HIGH_TAG_UNION,,,HIGH,TRUE
CEV-10569,COL-0069,EVT-0812,177,TRUE,DAY,HIGH_TAG_UNION,,,HIGH,TRUE
CEV-10570,COL-0069,EVT-0507,178,TRUE,RANGE,HIGH_TAG_UNION,,,HIGH,TRUE
CEV-10571,COL-0069,EVT-0508,179,TRUE,DAY,HIGH_TAG_UNION,,,HIGH,TRUE
CEV-10572,COL-0069,EVT-0103,180,TRUE,DAY,HIGH_TAG_UNION,,,HIGH,TRUE
CEV-10573,COL-0069,EVT-0246,181,TRUE,DAY,HIGH_TAG_UNION,,,HIGH,TRUE
CEV-10574,COL-0069,EVT-0014,182,TRUE,DAY,HIGH_TAG_UNION,,,HIGH,TRUE
CEV-10575,COL-0069,EVT-0105,183,TRUE,DAY,HIGH_TAG_UNION,,,HIGH,TRUE
CEV-10576,COL-0069,EVT-0248,184,TRUE,DAY,HIGH_TAG_UNION,,,HIGH,TRUE
CEV-10577,COL-0069,EVT-0249,185,TRUE,DAY,HIGH_TAG_UNION,,,HIGH,TRUE
CEV-10578,COL-0069,EVT-0509,186,TRUE,RANGE,HIGH_TAG_UNION,,,HIGH,TRUE
CEV-10579,COL-0069,EVT-0813,187,TRUE,DAY,HIGH_TAG_UNION,,,HIGH,TRUE
CEV-10580,COL-0069,EVT-0099,188,TRUE,DAY,HIGH_TAG_UNION,,,HIGH,TRUE
CEV-10581,COL-0069,EVT-0510,189,TRUE,DAY,HIGH_TAG_UNION,,,HIGH,TRUE
CEV-10582,COL-0069,EVT-0512,190,TRUE,RANGE,HIGH_TAG_UNION,,,HIGH,TRUE
CEV-10583,COL-0069,EVT-0814,191,TRUE,DAY,HIGH_TAG_UNION,,,HIGH,TRUE
CEV-10584,COL-0069,EVT-0513,192,TRUE,RANGE,HIGH_TAG_UNION,,,HIGH,TRUE
CEV-10585,COL-0069,EVT-0514,193,TRUE,RANGE,HIGH_TAG_UNION,,,HIGH,TRUE
CEV-10586,COL-0069,EVT-0515,194,TRUE,DAY,HIGH_TAG_UNION,,,HIGH,TRUE
CEV-10587,COL-0069,EVT-0817,195,TRUE,DAY,HIGH_TAG_UNION,,,HIGH,TRUE
CEV-10588,COL-0069,EVT-0516,196,TRUE,DAY,HIGH_TAG_UNION,,,HIGH,TRUE
CEV-10589,COL-0069,EVT-0017,197,TRUE,DAY,HIGH_TAG_UNION,,,HIGH,TRUE
CEV-10590,COL-0069,EVT-0819,198,TRUE,DAY,HIGH_TAG_UNION,,,HIGH,TRUE
CEV-10591,COL-0069,EVT-0100,199,TRUE,DAY,HIGH_TAG_UNION,,,HIGH,TRUE
CEV-10592,COL-0069,EVT-0101,200,TRUE,DAY,HIGH_TAG_UNION,,,HIGH,TRUE
CEV-10593,COL-0069,EVT-0821,201,TRUE,DAY,HIGH_TAG_UNION,,,HIGH,TRUE
CEV-10594,COL-0069,EVT-0520,202,TRUE,DAY,HIGH_TAG_UNION,,,HIGH,TRUE
CEV-10595,COL-0069,EVT-0521,203,TRUE,DAY,HIGH_TAG_UNION,,,HIGH,TRUE
CEV-10596,COL-0069,EVT-0102,204,TRUE,DAY,HIGH_TAG_UNION,,,HIGH,TRUE
CEV-10597,COL-0069,EVT-0250,205,TRUE,DAY,HIGH_TAG_UNION,,,HIGH,TRUE
CEV-10598,COL-0069,EVT-0110,206,TRUE,DAY,HIGH_TAG_UNION,,,HIGH,TRUE
CEV-10599,COL-0069,EVT-0359,207,TRUE,RANGE,HIGH_TAG_UNION,,,HIGH,TRUE
CEV-10600,COL-0069,EVT-0298,208,TRUE,DAY,HIGH_TAG_UNION,,,HIGH,TRUE
CEV-10601,COL-0069,EVT-0111,209,TRUE,DAY,HIGH_TAG_UNION,,,HIGH,TRUE
CEV-10602,COL-0069,EVT-0112,210,TRUE,DAY,HIGH_TAG_UNION,,,HIGH,TRUE
CEV-10603,COL-0069,EVT-0866,211,TRUE,DAY,HIGH_TAG_UNION,,,HIGH,TRUE
CEV-10604,COL-0069,EVT-0275,212,TRUE,DAY,HIGH_TAG_UNION,,,HIGH,TRUE
CEV-10605,COL-0069,EVT-0950,213,TRUE,DAY,HIGH_TAG_UNION,,,HIGH,TRUE
CEV-10606,COL-0069,EVT-0869,214,TRUE,DAY,HIGH_TAG_UNION,,,HIGH,TRUE
CEV-10607,COL-0069,EVT-0276,215,TRUE,DAY,HIGH_TAG_UNION,,,HIGH,TRUE
CEV-10608,COL-0069,EVT-0873,216,TRUE,DAY,HIGH_TAG_UNION,,,HIGH,TRUE
CEV-10609,COL-0069,EVT-0251,217,TRUE,RANGE,HIGH_TAG_UNION,,,HIGH,TRUE
CEV-10610,COL-0069,EVT-0252,218,TRUE,DAY,HIGH_TAG_UNION,,,HIGH,TRUE
CEV-10611,COL-0069,EVT-0253,219,TRUE,DAY,HIGH_TAG_UNION,,,HIGH,TRUE
CEV-10612,COL-0069,EVT-0254,220,TRUE,DAY,HIGH_TAG_UNION,,,HIGH,TRUE
CEV-10613,COL-0069,EVT-0255,221,TRUE,DAY,HIGH_TAG_UNION,,,HIGH,TRUE
CEV-10614,COL-0069,EVT-0530,222,TRUE,DAY,HIGH_TAG_UNION,,,HIGH,TRUE
CEV-10615,COL-0069,EVT-0532,223,TRUE,RANGE,HIGH_TAG_UNION,,,HIGH,TRUE
CEV-10616,COL-0069,EVT-0113,224,TRUE,DAY,HIGH_TAG_UNION,,,HIGH,TRUE
CEV-10617,COL-0069,EVT-0120,225,TRUE,DAY,HIGH_TAG_UNION,,,HIGH,TRUE
CEV-10618,COL-0069,EVT-0121,226,TRUE,DAY,HIGH_TAG_UNION,,,HIGH,TRUE
CEV-10619,COL-0069,EVT-0122,227,TRUE,DAY,HIGH_TAG_UNION,,,HIGH,TRUE
CEV-10620,COL-0069,EVT-0123,228,TRUE,DAY,HIGH_TAG_UNION,,,HIGH,TRUE
CEV-10621,COL-0069,EVT-0124,229,TRUE,DAY,HIGH_TAG_UNION,,,HIGH,TRUE
CEV-10622,COL-0069,EVT-0883,230,TRUE,DAY,HIGH_TAG_UNION,,,HIGH,TRUE
CEV-10623,COL-0069,EVT-0889,231,TRUE,DAY,HIGH_TAG_UNION,,,HIGH,TRUE
CEV-10624,COL-0069,EVT-0891,232,TRUE,DAY,HIGH_TAG_UNION,,,HIGH,TRUE
CEV-10625,COL-0069,EVT-0904,233,TRUE,DAY,HIGH_TAG_UNION,,,HIGH,TRUE
CEV-10626,COL-0069,EVT-0908,234,TRUE,DAY,HIGH_TAG_UNION,,,HIGH,TRUE
CEV-10627,COL-0069,EVT-0543,235,TRUE,DAY,HIGH_TAG_UNION,,,HIGH,TRUE
CEV-10628,COL-0069,EVT-0915,236,TRUE,DAY,HIGH_TAG_UNION,,,HIGH,TRUE
CEV-10629,COL-0069,EVT-0918,237,TRUE,DAY,HIGH_TAG_UNION,,,HIGH,TRUE
CEV-10630,COL-0069,EVT-0975,238,TRUE,DAY,HIGH_TAG_UNION,,,HIGH,TRUE
CEV-10631,COL-0069,EVT-0977,239,TRUE,DAY,HIGH_TAG_UNION,,,HIGH,TRUE
CEV-10632,COL-0069,EVT-1639,240,TRUE,DAY,HIGH_TAG_UNION,,,HIGH,TRUE
CEV-10633,COL-0069,EVT-0114,241,TRUE,DAY,HIGH_TAG_UNION,,,HIGH,TRUE
CEV-10634,COL-0069,EVT-0299,242,TRUE,DAY,HIGH_TAG_UNION,,,HIGH,TRUE
CEV-10635,COL-0069,EVT-0300,243,TRUE,DAY,HIGH_TAG_UNION,,,HIGH,TRUE
CEV-10636,COL-0069,EVT-0929,244,TRUE,DAY,HIGH_TAG_UNION,,,HIGH,TRUE
CEV-10637,COL-0069,EVT-0301,245,TRUE,DAY,HIGH_TAG_UNION,,,HIGH,TRUE
CEV-10638,COL-0069,EVT-0115,246,TRUE,DAY,HIGH_TAG_UNION,,,HIGH,TRUE
CEV-10639,COL-0069,EVT-0931,247,TRUE,DAY,HIGH_TAG_UNION,,,HIGH,TRUE
CEV-10640,COL-0069,EVT-0935,248,TRUE,DAY,HIGH_TAG_UNION,,,HIGH,TRUE
CEV-10641,COL-0069,EVT-0936,249,TRUE,DAY,HIGH_TAG_UNION,,,HIGH,TRUE
CEV-10642,COL-0069,EVT-0938,250,TRUE,DAY,HIGH_TAG_UNION,,,HIGH,TRUE
CEV-10643,COL-0069,EVT-0296,251,TRUE,DAY,HIGH_TAG_UNION,,,HIGH,TRUE
CEV-10644,COL-0069,EVT-0945,252,TRUE,DAY,HIGH_TAG_UNION,,,HIGH,TRUE
CEV-10645,COL-0069,EVT-0981,253,TRUE,DAY,HIGH_TAG_UNION,,,HIGH,TRUE
CEV-10646,COL-0069,EVT-0302,254,TRUE,DAY,HIGH_TAG_UNION,,,HIGH,TRUE
CEV-10647,COL-0069,EVT-0984,255,TRUE,DAY,HIGH_TAG_UNION,,,HIGH,TRUE
CEV-10648,COL-0069,EVT-0297,256,TRUE,DAY,HIGH_TAG_UNION,,,HIGH,TRUE
CEV-10649,COL-0069,EVT-1021,257,TRUE,DAY,HIGH_TAG_UNION,,,HIGH,TRUE
CEV-10650,COL-0069,EVT-1023,258,TRUE,DAY,HIGH_TAG_UNION,,,HIGH,TRUE
CEV-10651,COL-0069,EVT-1026,259,TRUE,DAY,HIGH_TAG_UNION,,,HIGH,TRUE
CEV-10652,COL-0070,EVT-0622,1,TRUE,DAY,HIGH_TAG,,,HIGH,TRUE
CEV-10653,COL-0070,EVT-0677,2,TRUE,DAY,HIGH_TAG,,,HIGH,TRUE
CEV-10654,COL-0070,EVT-0729,3,TRUE,DAY,HIGH_TAG,,,HIGH,TRUE
CEV-10655,COL-0070,EVT-0696,4,TRUE,DAY,HIGH_TAG,,,HIGH,TRUE
CEV-10656,COL-0070,EVT-0805,5,TRUE,DAY,HIGH_TAG,,,HIGH,TRUE
CEV-10657,COL-0070,EVT-0286,6,TRUE,DAY,HIGH_TAG,,,HIGH,TRUE
CEV-10658,COL-0070,EVT-0879,7,TRUE,DAY,HIGH_TAG,,,HIGH,TRUE
CEV-10659,COL-0070,EVT-0287,8,TRUE,DAY,HIGH_TAG,,,HIGH,TRUE
CEV-10660,COL-0070,EVT-0288,9,TRUE,DAY,HIGH_TAG,,,HIGH,TRUE
CEV-10661,COL-0070,EVT-0289,10,TRUE,DAY,HIGH_TAG,,,HIGH,TRUE
CEV-10662,COL-0070,EVT-0893,11,TRUE,DAY,HIGH_TAG,,,HIGH,TRUE
CEV-10663,COL-0070,EVT-0969,12,TRUE,DAY,HIGH_TAG,,,HIGH,TRUE
CEV-10664,COL-0070,EVT-0912,13,TRUE,DAY,HIGH_TAG,,,HIGH,TRUE
CEV-10665,COL-0070,EVT-0916,14,TRUE,DAY,HIGH_TAG,,,HIGH,TRUE
CEV-10666,COL-0070,EVT-0924,15,TRUE,DAY,HIGH_TAG,,,HIGH,TRUE
CEV-10667,COL-0070,EVT-0290,16,TRUE,DAY,HIGH_TAG,,,HIGH,TRUE
CEV-10668,COL-0070,EVT-0291,17,TRUE,DAY,HIGH_TAG,,,HIGH,TRUE
CEV-10669,COL-0070,EVT-1798,18,TRUE,DAY,HIGH_TAG,,,HIGH,TRUE
CEV-10670,COL-0070,EVT-1829,19,TRUE,DAY,HIGH_TAG,,,HIGH,TRUE
CEV-10671,COL-0070,EVT-1900,20,TRUE,DAY,HIGH_TAG,,,HIGH,TRUE
CEV-10672,COL-0070,EVT-1910,21,TRUE,DAY,HIGH_TAG,,,HIGH,TRUE
CEV-10673,COL-0070,EVT-1013,22,TRUE,DAY,HIGH_TAG,,,HIGH,TRUE
CEV-10674,COL-0070,EVT-1022,23,TRUE,DAY,HIGH_TAG,,,HIGH,TRUE
CEV-10675,COL-0070,EVT-1025,24,TRUE,DAY,HIGH_TAG,,,HIGH,TRUE
CEV-10676,COL-0071,EVT-0420,1,TRUE,YEAR,HIGH_TAG,,,HIGH,TRUE
CEV-10677,COL-0071,EVT-0648,2,TRUE,DAY,HIGH_TAG,,,HIGH,TRUE
CEV-10678,COL-0071,EVT-0654,3,TRUE,YEAR,HIGH_TAG,,,HIGH,TRUE
CEV-10679,COL-0071,EVT-0622,4,TRUE,DAY,HIGH_TAG,,,HIGH,TRUE
CEV-10680,COL-0071,EVT-0162,5,TRUE,MONTH,HIGH_TAG,,,HIGH,TRUE
CEV-10681,COL-0071,EVT-0624,6,TRUE,YEAR,HIGH_TAG,,,HIGH,TRUE
CEV-10682,COL-0071,EVT-0656,7,TRUE,YEAR,HIGH_TAG,,,HIGH,TRUE
CEV-10683,COL-0071,EVT-1095,8,TRUE,YEAR,HIGH_TAG,,,HIGH,TRUE
CEV-10684,COL-0071,EVT-0163,9,TRUE,DAY,HIGH_TAG,,,HIGH,TRUE
CEV-10685,COL-0071,EVT-0625,10,TRUE,DAY,HIGH_TAG,,,HIGH,TRUE
CEV-10686,COL-0071,EVT-0661,11,TRUE,YEAR,HIGH_TAG,,,HIGH,TRUE
CEV-10687,COL-0071,EVT-0662,12,TRUE,YEAR,HIGH_TAG,,,HIGH,TRUE
CEV-10688,COL-0071,EVT-0668,13,TRUE,YEAR,HIGH_TAG,,,HIGH,TRUE
CEV-10689,COL-0071,EVT-0671,14,TRUE,MONTH,HIGH_TAG,,,HIGH,TRUE
CEV-10690,COL-0071,EVT-0165,15,TRUE,YEAR,HIGH_TAG,,,HIGH,TRUE
CEV-10691,COL-0071,EVT-0677,16,TRUE,DAY,HIGH_TAG,,,HIGH,TRUE
CEV-10692,COL-0071,EVT-0633,17,TRUE,DAY,HIGH_TAG,,,HIGH,TRUE
CEV-10693,COL-0071,EVT-1111,18,TRUE,YEAR,HIGH_TAG,,,HIGH,TRUE
CEV-10694,COL-0071,EVT-0636,19,TRUE,DAY,HIGH_TAG,,,HIGH,TRUE
CEV-10695,COL-0071,EVT-0729,20,TRUE,DAY,HIGH_TAG,,,HIGH,TRUE
CEV-10696,COL-0071,EVT-0740,21,TRUE,DAY,HIGH_TAG,,,HIGH,TRUE
CEV-10697,COL-0071,EVT-0696,22,TRUE,DAY,HIGH_TAG,,,HIGH,TRUE
CEV-10698,COL-0071,EVT-0700,23,TRUE,DAY,HIGH_TAG,,,HIGH,TRUE
CEV-10699,COL-0071,EVT-0704,24,TRUE,YEAR,HIGH_TAG,,,HIGH,TRUE
CEV-10700,COL-0071,EVT-0710,25,TRUE,DAY,HIGH_TAG,,,HIGH,TRUE
CEV-10701,COL-0071,EVT-1160,26,TRUE,YEAR,HIGH_TAG,,,HIGH,TRUE
CEV-10702,COL-0071,EVT-0717,27,TRUE,DAY,HIGH_TAG,,,HIGH,TRUE
CEV-10703,COL-0071,EVT-0767,28,TRUE,YEAR,HIGH_TAG,,,HIGH,TRUE
CEV-10704,COL-0071,EVT-0722,29,TRUE,DAY,HIGH_TAG,,,HIGH,TRUE
CEV-10705,COL-0071,EVT-0322,30,TRUE,RANGE,HIGH_TAG,,,HIGH,TRUE
CEV-10706,COL-0071,EVT-0323,31,TRUE,DAY,HIGH_TAG,,,HIGH,TRUE
CEV-10707,COL-0071,EVT-0725,32,TRUE,YEAR,HIGH_TAG,,,HIGH,TRUE
CEV-10708,COL-0071,EVT-0324,33,TRUE,MONTH,HIGH_TAG,,,HIGH,TRUE
CEV-10709,COL-0071,EVT-0325,34,TRUE,MONTH,HIGH_TAG,,,HIGH,TRUE
CEV-10710,COL-0071,EVT-1035,35,TRUE,MONTH,HIGH_TAG,,,HIGH,TRUE
CEV-10711,COL-0071,EVT-0727,36,TRUE,DAY,HIGH_TAG,,,HIGH,TRUE
CEV-10712,COL-0071,EVT-0776,37,TRUE,DAY,HIGH_TAG,,,HIGH,TRUE
CEV-10713,COL-0071,EVT-0779,38,TRUE,YEAR,HIGH_TAG,,,HIGH,TRUE
CEV-10714,COL-0071,EVT-0836,39,TRUE,DAY,HIGH_TAG,,,HIGH,TRUE
CEV-10715,COL-0071,EVT-1236,40,TRUE,DAY,HIGH_TAG,,,HIGH,TRUE
CEV-10716,COL-0071,EVT-0804,41,TRUE,DAY,HIGH_TAG,,,HIGH,TRUE
CEV-10717,COL-0071,EVT-0805,42,TRUE,DAY,HIGH_TAG,,,HIGH,TRUE
CEV-10718,COL-0071,EVT-0814,43,TRUE,DAY,HIGH_TAG,,,HIGH,TRUE
CEV-10719,COL-0071,EVT-0815,44,TRUE,DAY,HIGH_TAG,,,HIGH,TRUE
CEV-10720,COL-0071,EVT-1040,45,TRUE,DAY,HIGH_TAG,,,HIGH,TRUE
CEV-10721,COL-0071,EVT-0869,46,TRUE,DAY,HIGH_TAG,,,HIGH,TRUE
CEV-10722,COL-0071,EVT-0871,47,TRUE,DAY,HIGH_TAG,,,HIGH,TRUE
CEV-10723,COL-0071,EVT-0879,48,TRUE,DAY,HIGH_TAG,,,HIGH,TRUE
CEV-10724,COL-0071,EVT-0890,49,TRUE,DAY,HIGH_TAG,,,HIGH,TRUE
CEV-10725,COL-0071,EVT-0893,50,TRUE,DAY,HIGH_TAG,,,HIGH,TRUE
CEV-10726,COL-0071,EVT-0899,51,TRUE,DAY,HIGH_TAG,,,HIGH,TRUE
CEV-10727,COL-0071,EVT-0969,52,TRUE,DAY,HIGH_TAG,,,HIGH,TRUE
CEV-10728,COL-0071,EVT-0912,53,TRUE,DAY,HIGH_TAG,,,HIGH,TRUE
CEV-10729,COL-0071,EVT-0913,54,TRUE,DAY,HIGH_TAG,,,HIGH,TRUE
CEV-10730,COL-0071,EVT-0971,55,TRUE,DAY,HIGH_TAG,,,HIGH,TRUE
CEV-10731,COL-0071,EVT-0916,56,TRUE,DAY,HIGH_TAG,,,HIGH,TRUE
CEV-10732,COL-0071,EVT-0924,57,TRUE,DAY,HIGH_TAG,,,HIGH,TRUE
CEV-10733,COL-0071,EVT-0937,58,TRUE,DAY,HIGH_TAG,,,HIGH,TRUE
CEV-10734,COL-0071,EVT-0978,59,TRUE,DAY,HIGH_TAG,,,HIGH,TRUE
CEV-10735,COL-0071,EVT-1798,60,TRUE,DAY,HIGH_TAG,,,HIGH,TRUE
CEV-10736,COL-0071,EVT-0985,61,TRUE,DAY,HIGH_TAG,,,HIGH,TRUE
CEV-10737,COL-0071,EVT-1829,62,TRUE,DAY,HIGH_TAG,,,HIGH,TRUE
CEV-10738,COL-0071,EVT-0998,63,TRUE,DAY,HIGH_TAG,,,HIGH,TRUE
CEV-10739,COL-0071,EVT-1001,64,TRUE,DAY,HIGH_TAG,,,HIGH,TRUE
CEV-10740,COL-0071,EVT-1900,65,TRUE,DAY,HIGH_TAG,,,HIGH,TRUE
CEV-10741,COL-0071,EVT-1910,66,TRUE,DAY,HIGH_TAG,,,HIGH,TRUE
CEV-10742,COL-0071,EVT-1007,67,TRUE,DAY,HIGH_TAG,,,HIGH,TRUE
CEV-10743,COL-0071,EVT-1013,68,TRUE,DAY,HIGH_TAG,,,HIGH,TRUE
CEV-10744,COL-0071,EVT-1019,69,TRUE,DAY,HIGH_TAG,,,HIGH,TRUE
CEV-10745,COL-0071,EVT-1022,70,TRUE,DAY,HIGH_TAG,,,HIGH,TRUE
CEV-10746,COL-0071,EVT-1025,71,TRUE,DAY,HIGH_TAG,,,HIGH,TRUE
CEV-10747,COL-0072,EVT-1043,1,TRUE,YEAR,HIGH_TAG,,,HIGH,TRUE
CEV-10748,COL-0072,EVT-1065,2,TRUE,YEAR,HIGH_TAG,,,HIGH,TRUE
CEV-10749,COL-0072,EVT-0565,3,TRUE,DAY,HIGH_TAG,,,HIGH,TRUE
CEV-10750,COL-0072,EVT-1066,4,TRUE,YEAR,HIGH_TAG,,,HIGH,TRUE
CEV-10751,COL-0072,EVT-0388,5,TRUE,MONTH,HIGH_TAG,,,HIGH,TRUE
CEV-10752,COL-0072,EVT-0037,6,TRUE,YEAR,HIGH_TAG,,,HIGH,TRUE
CEV-10753,COL-0072,EVT-0039,7,TRUE,DAY,HIGH_TAG,,,HIGH,TRUE
CEV-10754,COL-0072,EVT-0389,8,TRUE,RANGE,HIGH_TAG,,,HIGH,TRUE
CEV-10755,COL-0072,EVT-0391,9,TRUE,RANGE,HIGH_TAG,,,HIGH,TRUE
CEV-10756,COL-0072,EVT-0327,10,TRUE,RANGE,HIGH_TAG,,,HIGH,TRUE
CEV-10757,COL-0072,EVT-0047,11,TRUE,RANGE,HIGH_TAG,,,HIGH,TRUE
CEV-10758,COL-0072,EVT-0581,12,TRUE,DAY,HIGH_TAG,,,HIGH,TRUE
CEV-10759,COL-0072,EVT-0583,13,TRUE,YEAR,HIGH_TAG,,,HIGH,TRUE
CEV-10760,COL-0072,EVT-0042,14,TRUE,YEAR,HIGH_TAG,,,HIGH,TRUE
CEV-10761,COL-0072,EVT-0043,15,TRUE,DAY,HIGH_TAG,,,HIGH,TRUE
CEV-10762,COL-0072,EVT-0577,16,TRUE,DAY,HIGH_TAG,,,HIGH,TRUE
CEV-10763,COL-0072,EVT-0585,17,TRUE,YEAR,HIGH_TAG,,,HIGH,TRUE
CEV-10764,COL-0072,EVT-0578,18,TRUE,YEAR,HIGH_TAG,,,HIGH,TRUE
CEV-10765,COL-0072,EVT-0586,19,TRUE,YEAR,HIGH_TAG,,,HIGH,TRUE
CEV-10766,COL-0072,EVT-0588,20,TRUE,DAY,HIGH_TAG,,,HIGH,TRUE
CEV-10767,COL-0072,EVT-0044,21,TRUE,DAY,HIGH_TAG,,,HIGH,TRUE
CEV-10768,COL-0072,EVT-0048,22,TRUE,MONTH,HIGH_TAG,,,HIGH,TRUE
CEV-10769,COL-0072,EVT-0052,23,TRUE,YEAR,HIGH_TAG,,,HIGH,TRUE
CEV-10770,COL-0072,EVT-1078,24,TRUE,YEAR,HIGH_TAG,,,HIGH,TRUE
CEV-10771,COL-0072,EVT-0045,25,TRUE,MONTH,HIGH_TAG,,,HIGH,TRUE
CEV-10772,COL-0072,EVT-0399,26,TRUE,DAY,HIGH_TAG,,,HIGH,TRUE
CEV-10773,COL-0072,EVT-0049,27,TRUE,DAY,HIGH_TAG,,,HIGH,TRUE
CEV-10774,COL-0072,EVT-0590,28,TRUE,DAY,HIGH_TAG,,,HIGH,TRUE
CEV-10775,COL-0072,EVT-0140,29,TRUE,DAY,HIGH_TAG,,,HIGH,TRUE
CEV-10776,COL-0072,EVT-0141,30,TRUE,RANGE,HIGH_TAG,,,HIGH,TRUE
CEV-10777,COL-0072,EVT-1079,31,TRUE,YEAR,HIGH_TAG,,,HIGH,TRUE
CEV-10778,COL-0072,EVT-0591,32,TRUE,DAY,HIGH_TAG,,,HIGH,TRUE
CEV-10779,COL-0072,EVT-0057,33,TRUE,YEAR,HIGH_TAG,,,HIGH,TRUE
CEV-10780,COL-0072,EVT-0592,34,TRUE,DAY,HIGH_TAG,,,HIGH,TRUE
CEV-10781,COL-0072,EVT-0579,35,TRUE,DAY,HIGH_TAG,,,HIGH,TRUE
CEV-10782,COL-0072,EVT-0608,36,TRUE,DAY,HIGH_TAG,,,HIGH,TRUE
CEV-10783,COL-0072,EVT-0046,37,TRUE,DAY,HIGH_TAG,,,HIGH,TRUE
CEV-10784,COL-0072,EVT-1080,38,TRUE,YEAR,HIGH_TAG,,,HIGH,TRUE
CEV-10785,COL-0072,EVT-0054,39,TRUE,DAY,HIGH_TAG,,,HIGH,TRUE
CEV-10786,COL-0072,EVT-0402,40,TRUE,RANGE,HIGH_TAG,,,HIGH,TRUE
CEV-10787,COL-0072,EVT-0058,41,TRUE,RANGE,HIGH_TAG,,,HIGH,TRUE
CEV-10788,COL-0072,EVT-0610,42,TRUE,DAY,HIGH_TAG,,,HIGH,TRUE
CEV-10789,COL-0072,EVT-0051,43,TRUE,DAY,HIGH_TAG,,,HIGH,TRUE
CEV-10790,COL-0072,EVT-0595,44,TRUE,DAY,HIGH_TAG,,,HIGH,TRUE
CEV-10791,COL-0072,EVT-0059,45,TRUE,YEAR,HIGH_TAG,,,HIGH,TRUE
CEV-10792,COL-0072,EVT-0060,46,TRUE,YEAR,HIGH_TAG,,,HIGH,TRUE
CEV-10793,COL-0072,EVT-0597,47,TRUE,DAY,HIGH_TAG,,,HIGH,TRUE
CEV-10794,COL-0072,EVT-0598,48,TRUE,YEAR,HIGH_TAG,,,HIGH,TRUE
CEV-10795,COL-0072,EVT-0055,49,TRUE,RANGE,HIGH_TAG,,,HIGH,TRUE
CEV-10796,COL-0072,EVT-0061,50,TRUE,RANGE,HIGH_TAG,,,HIGH,TRUE
CEV-10797,COL-0072,EVT-0409,51,TRUE,DAY,HIGH_TAG,,,HIGH,TRUE
CEV-10798,COL-0072,EVT-0602,52,TRUE,DAY,HIGH_TAG,,,HIGH,TRUE
CEV-10799,COL-0072,EVT-0056,53,TRUE,DAY,HIGH_TAG,,,HIGH,TRUE
CEV-10800,COL-0072,EVT-0414,54,TRUE,YEAR,HIGH_TAG,,,HIGH,TRUE
CEV-10801,COL-0072,EVT-0416,55,TRUE,DAY,HIGH_TAG,,,HIGH,TRUE
CEV-10802,COL-0072,EVT-0639,56,TRUE,YEAR,HIGH_TAG,,,HIGH,TRUE
CEV-10803,COL-0072,EVT-1087,57,TRUE,YEAR,HIGH_TAG,,,HIGH,TRUE
CEV-10804,COL-0072,EVT-0064,58,TRUE,DAY,HIGH_TAG,,,HIGH,TRUE
CEV-10805,COL-0072,EVT-0642,59,TRUE,YEAR,HIGH_TAG,,,HIGH,TRUE
CEV-10806,COL-0072,EVT-0644,60,TRUE,DAY,HIGH_TAG,,,HIGH,TRUE
CEV-10807,COL-0072,EVT-0615,61,TRUE,DAY,HIGH_TAG,,,HIGH,TRUE
CEV-10808,COL-0072,EVT-0646,62,TRUE,YEAR,HIGH_TAG,,,HIGH,TRUE
CEV-10809,COL-0072,EVT-0072,63,TRUE,RANGE,HIGH_TAG,,,HIGH,TRUE
CEV-10810,COL-0072,EVT-0144,64,TRUE,RANGE,HIGH_TAG,,,HIGH,TRUE
CEV-10811,COL-0072,EVT-0421,65,TRUE,DAY,HIGH_TAG,,,HIGH,TRUE
CEV-10812,COL-0072,EVT-0073,66,TRUE,RANGE,HIGH_TAG,,,HIGH,TRUE
CEV-10813,COL-0072,EVT-0617,67,TRUE,DAY,HIGH_TAG,,,HIGH,TRUE
CEV-10814,COL-0072,EVT-0647,68,TRUE,DAY,HIGH_TAG,,,HIGH,TRUE
CEV-10815,COL-0072,EVT-0618,69,TRUE,DAY,HIGH_TAG,,,HIGH,TRUE
CEV-10816,COL-0072,EVT-0648,70,TRUE,DAY,HIGH_TAG,,,HIGH,TRUE
CEV-10817,COL-0072,EVT-0649,71,TRUE,DAY,HIGH_TAG,,,HIGH,TRUE
CEV-10818,COL-0072,EVT-0065,72,TRUE,DAY,HIGH_TAG,,,HIGH,TRUE
CEV-10819,COL-0072,EVT-1092,73,TRUE,YEAR,HIGH_TAG,,,HIGH,TRUE
CEV-10820,COL-0072,EVT-0653,74,TRUE,DAY,HIGH_TAG,,,HIGH,TRUE
CEV-10821,COL-0072,EVT-0623,75,TRUE,DAY,HIGH_TAG,,,HIGH,TRUE
CEV-10822,COL-0072,EVT-1095,76,TRUE,YEAR,HIGH_TAG,,,HIGH,TRUE
CEV-10823,COL-0072,EVT-0163,77,TRUE,DAY,HIGH_TAG,,,HIGH,TRUE
CEV-10824,COL-0072,EVT-0076,78,TRUE,DAY,HIGH_TAG,,,HIGH,TRUE
CEV-10825,COL-0072,EVT-0663,79,TRUE,DAY,HIGH_TAG,,,HIGH,TRUE
CEV-10826,COL-0072,EVT-0739,80,TRUE,DAY,HIGH_TAG,,,HIGH,TRUE
CEV-10827,COL-0072,EVT-0771,81,TRUE,DAY,HIGH_TAG,,,HIGH,TRUE
CEV-10828,COL-0072,EVT-0005,82,TRUE,DAY,HIGH_TAG,,,HIGH,TRUE
CEV-10829,COL-0072,EVT-0366,83,TRUE,DAY,HIGH_TAG,,,HIGH,TRUE
CEV-10830,COL-0072,EVT-1236,84,TRUE,DAY,HIGH_TAG,,,HIGH,TRUE
CEV-10831,COL-0072,EVT-0854,85,TRUE,DAY,HIGH_TAG,,,HIGH,TRUE
CEV-10832,COL-0072,EVT-0882,86,TRUE,DAY,HIGH_TAG,,,HIGH,TRUE
CEV-10833,COL-0072,EVT-0309,87,TRUE,RANGE,HIGH_TAG,,,HIGH,TRUE
CEV-10834,COL-0072,EVT-1002,88,TRUE,DAY,HIGH_TAG,,,HIGH,TRUE
CEV-10835,COL-0072,EVT-1005,89,TRUE,DAY,HIGH_TAG,,,HIGH,TRUE
CEV-10836,COL-0072,EVT-2016,90,TRUE,DAY,HIGH_TAG,,,HIGH,TRUE
CEV-10837,COL-0073,EVT-0023,1,TRUE,YEAR,HIGH_TAG,,,HIGH,TRUE
CEV-10838,COL-0073,EVT-0024,2,TRUE,DAY,HIGH_TAG,,,HIGH,TRUE
CEV-10839,COL-0073,EVT-0028,3,TRUE,YEAR,HIGH_TAG,,,HIGH,TRUE
CEV-10840,COL-0073,EVT-0030,4,TRUE,RANGE,HIGH_TAG,,,HIGH,TRUE
CEV-10841,COL-0073,EVT-0136,5,TRUE,RANGE,HIGH_TAG,,,HIGH,TRUE
CEV-10842,COL-0073,EVT-1059,6,TRUE,YEAR,HIGH_TAG,,,HIGH,TRUE
CEV-10843,COL-0073,EVT-0564,7,TRUE,YEAR,HIGH_TAG,,,HIGH,TRUE
CEV-10844,COL-0073,EVT-1064,8,TRUE,YEAR,HIGH_TAG,,,HIGH,TRUE
CEV-10845,COL-0073,EVT-1066,9,TRUE,YEAR,HIGH_TAG,,,HIGH,TRUE
CEV-10846,COL-0073,EVT-0401,10,TRUE,DAY,HIGH_TAG,,,HIGH,TRUE
CEV-10847,COL-0073,EVT-0655,11,TRUE,DAY,HIGH_TAG,,,HIGH,TRUE
CEV-10848,COL-0073,EVT-0434,12,TRUE,DAY,HIGH_TAG,,,HIGH,TRUE
CEV-10849,COL-0073,EVT-0437,13,TRUE,DAY,HIGH_TAG,,,HIGH,TRUE
CEV-10850,COL-0073,EVT-0174,14,TRUE,RANGE,HIGH_TAG,,,HIGH,TRUE
CEV-10851,COL-0073,EVT-0175,15,TRUE,DAY,HIGH_TAG,,,HIGH,TRUE
CEV-10852,COL-0073,EVT-0337,16,TRUE,RANGE,HIGH_TAG,,,HIGH,TRUE
CEV-10853,COL-0073,EVT-0635,17,TRUE,DAY,HIGH_TAG,,,HIGH,TRUE
CEV-10854,COL-0073,EVT-0440,18,TRUE,DAY,HIGH_TAG,,,HIGH,TRUE
CEV-10855,COL-0073,EVT-0078,19,TRUE,DAY,HIGH_TAG,,,HIGH,TRUE
CEV-10856,COL-0073,EVT-0079,20,TRUE,DAY,HIGH_TAG,,,HIGH,TRUE
CEV-10857,COL-0073,EVT-0447,21,TRUE,DAY,HIGH_TAG,,,HIGH,TRUE
CEV-10858,COL-0073,EVT-0684,22,TRUE,DAY,HIGH_TAG,,,HIGH,TRUE
CEV-10859,COL-0073,EVT-0262,23,TRUE,YEAR,HIGH_TAG,,,HIGH,TRUE
CEV-10860,COL-0073,EVT-0735,24,TRUE,DAY,HIGH_TAG,,,HIGH,TRUE
CEV-10861,COL-0073,EVT-0449,25,TRUE,DAY,HIGH_TAG,,,HIGH,TRUE
CEV-10862,COL-0073,EVT-1127,26,TRUE,YEAR,HIGH_TAG,,,HIGH,TRUE
CEV-10863,COL-0073,EVT-0739,27,TRUE,DAY,HIGH_TAG,,,HIGH,TRUE
CEV-10864,COL-0073,EVT-0452,28,TRUE,DAY,HIGH_TAG,,,HIGH,TRUE
CEV-10865,COL-0073,EVT-0454,29,TRUE,DAY,HIGH_TAG,,,HIGH,TRUE
CEV-10866,COL-0073,EVT-0455,30,TRUE,DAY,HIGH_TAG,,,HIGH,TRUE
CEV-10867,COL-0073,EVT-0548,31,TRUE,DAY,HIGH_TAG,,,HIGH,TRUE
CEV-10868,COL-0073,EVT-0187,32,TRUE,DAY,HIGH_TAG,,,HIGH,TRUE
CEV-10869,COL-0073,EVT-0188,33,TRUE,DAY,HIGH_TAG,,,HIGH,TRUE
CEV-10870,COL-0073,EVT-0698,34,TRUE,DAY,HIGH_TAG,,,HIGH,TRUE
CEV-10871,COL-0073,EVT-0194,35,TRUE,RANGE,HIGH_TAG,,,HIGH,TRUE
CEV-10872,COL-0073,EVT-0195,36,TRUE,YEAR,HIGH_TAG,,,HIGH,TRUE
CEV-10873,COL-0073,EVT-0192,37,TRUE,RANGE,HIGH_TAG,,,HIGH,TRUE
CEV-10874,COL-0073,EVT-0193,38,TRUE,DAY,HIGH_TAG,,,HIGH,TRUE
CEV-10875,COL-0073,EVT-0701,39,TRUE,DAY,HIGH_TAG,,,HIGH,TRUE
CEV-10876,COL-0073,EVT-0086,40,TRUE,DAY,HIGH_TAG,,,HIGH,TRUE
CEV-10877,COL-0073,EVT-0467,41,TRUE,DAY,HIGH_TAG,,,HIGH,TRUE
CEV-10878,COL-0073,EVT-0196,42,TRUE,DAY,HIGH_TAG,,,HIGH,TRUE
CEV-10879,COL-0073,EVT-0476,43,TRUE,DAY,HIGH_TAG,,,HIGH,TRUE
CEV-10880,COL-0073,EVT-0721,44,TRUE,DAY,HIGH_TAG,,,HIGH,TRUE
CEV-10881,COL-0073,EVT-1030,45,TRUE,DAY,HIGH_TAG,,,HIGH,TRUE
CEV-10882,COL-0073,EVT-0087,46,TRUE,DAY,HIGH_TAG,,,HIGH,TRUE
CEV-10883,COL-0073,EVT-0088,47,TRUE,DAY,HIGH_TAG,,,HIGH,TRUE
CEV-10884,COL-0073,EVT-0837,48,TRUE,DAY,HIGH_TAG,,,HIGH,TRUE
CEV-10885,COL-0073,EVT-0796,49,TRUE,DAY,HIGH_TAG,,,HIGH,TRUE
CEV-10886,COL-0073,EVT-0366,50,TRUE,DAY,HIGH_TAG,,,HIGH,TRUE
CEV-10887,COL-0073,EVT-0109,51,TRUE,DAY,HIGH_TAG,,,HIGH,TRUE
CEV-10888,COL-0073,EVT-0006,52,TRUE,DAY,HIGH_TAG,,,HIGH,TRUE
CEV-10889,COL-0073,EVT-0360,53,TRUE,DAY,HIGH_TAG,,,HIGH,TRUE
CEV-10890,COL-0073,EVT-0100,54,TRUE,DAY,HIGH_TAG,,,HIGH,TRUE
CEV-10891,COL-0073,EVT-0007,55,TRUE,DAY,HIGH_TAG,,,HIGH,TRUE
CEV-10892,COL-0073,EVT-0008,56,TRUE,DAY,HIGH_TAG,,,HIGH,TRUE
CEV-10893,COL-0073,EVT-0522,57,TRUE,DAY,HIGH_TAG,,,HIGH,TRUE
CEV-10894,COL-0073,EVT-0864,58,TRUE,DAY,HIGH_TAG,,,HIGH,TRUE
CEV-10895,COL-0073,EVT-0865,59,TRUE,DAY,HIGH_TAG,,,HIGH,TRUE
CEV-10896,COL-0073,EVT-0949,60,TRUE,DAY,HIGH_TAG,,,HIGH,TRUE
CEV-10897,COL-0073,EVT-0866,61,TRUE,DAY,HIGH_TAG,,,HIGH,TRUE
CEV-10898,COL-0073,EVT-0867,62,TRUE,DAY,HIGH_TAG,,,HIGH,TRUE
CEV-10899,COL-0073,EVT-0868,63,TRUE,DAY,HIGH_TAG,,,HIGH,TRUE
CEV-10900,COL-0073,EVT-0874,64,TRUE,DAY,HIGH_TAG,,,HIGH,TRUE
CEV-10901,COL-0073,EVT-0875,65,TRUE,DAY,HIGH_TAG,,,HIGH,TRUE
CEV-10902,COL-0073,EVT-0880,66,TRUE,DAY,HIGH_TAG,,,HIGH,TRUE
CEV-10903,COL-0073,EVT-0363,67,TRUE,DAY,HIGH_TAG,,,HIGH,TRUE
CEV-10904,COL-0073,EVT-0884,68,TRUE,DAY,HIGH_TAG,,,HIGH,TRUE
CEV-10905,COL-0073,EVT-0885,69,TRUE,DAY,HIGH_TAG,,,HIGH,TRUE
CEV-10906,COL-0073,EVT-0129,70,TRUE,DAY,HIGH_TAG,,,HIGH,TRUE
CEV-10907,COL-0073,EVT-0886,71,TRUE,DAY,HIGH_TAG,,,HIGH,TRUE
CEV-10908,COL-0073,EVT-0892,72,TRUE,DAY,HIGH_TAG,,,HIGH,TRUE
CEV-10909,COL-0073,EVT-0903,73,TRUE,DAY,HIGH_TAG,,,HIGH,TRUE
CEV-10910,COL-0073,EVT-0131,74,TRUE,DAY,HIGH_TAG,,,HIGH,TRUE
CEV-10911,COL-0073,EVT-0132,75,TRUE,DAY,HIGH_TAG,,,HIGH,TRUE
CEV-10912,COL-0073,EVT-0910,76,TRUE,DAY,HIGH_TAG,,,HIGH,TRUE
CEV-10913,COL-0073,EVT-0133,77,TRUE,DAY,HIGH_TAG,,,HIGH,TRUE
CEV-10914,COL-0073,EVT-0134,78,TRUE,DAY,HIGH_TAG,,,HIGH,TRUE
CEV-10915,COL-0073,EVT-0278,79,TRUE,DAY,HIGH_TAG,,,HIGH,TRUE
CEV-10916,COL-0073,EVT-0271,80,TRUE,DAY,HIGH_TAG,,,HIGH,TRUE
CEV-10917,COL-0073,EVT-0272,81,TRUE,DAY,HIGH_TAG,,,HIGH,TRUE
CEV-10918,COL-0073,EVT-0933,82,TRUE,DAY,HIGH_TAG,,,HIGH,TRUE
CEV-10919,COL-0073,EVT-0279,83,TRUE,DAY,HIGH_TAG,,,HIGH,TRUE
CEV-10920,COL-0073,EVT-0940,84,TRUE,DAY,HIGH_TAG,,,HIGH,TRUE
CEV-10921,COL-0073,EVT-1954,85,TRUE,DAY,HIGH_TAG,,,HIGH,TRUE
CEV-10922,COL-0073,EVT-1011,86,TRUE,DAY,HIGH_TAG,,,HIGH,TRUE
CEV-10923,COL-0073,EVT-1018,87,TRUE,DAY,HIGH_TAG,,,HIGH,TRUE
CEV-10924,COL-0074,EVT-0116,1,TRUE,DAY,HIGH_TAG,,,HIGH,TRUE
CEV-10925,COL-0074,EVT-0117,2,TRUE,DAY,HIGH_TAG,,,HIGH,TRUE
CEV-10926,COL-0074,EVT-0118,3,TRUE,DAY,HIGH_TAG,,,HIGH,TRUE
CEV-10927,COL-0074,EVT-0119,4,TRUE,DAY,HIGH_TAG,,,HIGH,TRUE
CEV-10928,COL-0074,EVT-0280,5,TRUE,DAY,HIGH_TAG,,,HIGH,TRUE
CEV-10929,COL-0074,EVT-1614,6,TRUE,DAY,HIGH_TAG,,,HIGH,TRUE
CEV-10930,COL-0074,EVT-0281,7,TRUE,DAY,HIGH_TAG,,,HIGH,TRUE
CEV-10931,COL-0074,EVT-0271,8,TRUE,DAY,HIGH_TAG,,,HIGH,TRUE
CEV-10932,COL-0074,EVT-0272,9,TRUE,DAY,HIGH_TAG,,,HIGH,TRUE
CEV-10933,COL-0074,EVT-1704,10,TRUE,DAY,HIGH_TAG,,,HIGH,TRUE
CEV-10934,COL-0074,EVT-0261,11,TRUE,DAY,HIGH_TAG,,,HIGH,TRUE
CEV-10935,COL-0074,EVT-0282,12,TRUE,DAY,HIGH_TAG,,,HIGH,TRUE
CEV-10936,COL-0074,EVT-0944,13,TRUE,DAY,HIGH_TAG,,,HIGH,TRUE
CEV-10937,COL-0074,EVT-0982,14,TRUE,DAY,HIGH_TAG,,,HIGH,TRUE
CEV-10938,COL-0074,EVT-0987,15,TRUE,DAY,HIGH_TAG,,,HIGH,TRUE
CEV-10939,COL-0074,EVT-0991,16,TRUE,DAY,HIGH_TAG,,,HIGH,TRUE
CEV-10940,COL-0074,EVT-1009,17,TRUE,DAY,HIGH_TAG,,,HIGH,TRUE
CEV-10941,COL-0074,EVT-1016,18,TRUE,DAY,HIGH_TAG,,,HIGH,TRUE
CEV-10942,COL-0074,EVT-1027,19,TRUE,DAY,HIGH_TAG,,,HIGH,TRUE
CEV-10943,COL-0075,EVT-0822,1,TRUE,DAY,HIGH_TAG,,,HIGH,TRUE
CEV-10944,COL-0075,EVT-0823,2,TRUE,DAY,HIGH_TAG,,,HIGH,TRUE
CEV-10945,COL-0075,EVT-0947,3,TRUE,DAY,HIGH_TAG,,,HIGH,TRUE
CEV-10946,COL-0075,EVT-0250,4,TRUE,DAY,HIGH_TAG,,,HIGH,TRUE
CEV-10947,COL-0075,EVT-0862,5,TRUE,DAY,HIGH_TAG,,,HIGH,TRUE
CEV-10948,COL-0075,EVT-0522,6,TRUE,DAY,HIGH_TAG,,,HIGH,TRUE
CEV-10949,COL-0075,EVT-0298,7,TRUE,DAY,HIGH_TAG,,,HIGH,TRUE
CEV-10950,COL-0075,EVT-0251,8,TRUE,RANGE,HIGH_TAG,,,HIGH,TRUE
CEV-10951,COL-0075,EVT-0252,9,TRUE,DAY,HIGH_TAG,,,HIGH,TRUE
CEV-10952,COL-0075,EVT-0253,10,TRUE,DAY,HIGH_TAG,,,HIGH,TRUE
CEV-10953,COL-0075,EVT-0254,11,TRUE,DAY,HIGH_TAG,,,HIGH,TRUE
CEV-10954,COL-0075,EVT-0255,12,TRUE,DAY,HIGH_TAG,,,HIGH,TRUE
CEV-10955,COL-0075,EVT-0530,13,TRUE,DAY,HIGH_TAG,,,HIGH,TRUE
CEV-10956,COL-0075,EVT-0526,14,TRUE,RANGE,HIGH_TAG,,,HIGH,TRUE
CEV-10957,COL-0075,EVT-0878,15,TRUE,DAY,HIGH_TAG,,,HIGH,TRUE
CEV-10958,COL-0075,EVT-0956,16,TRUE,DAY,HIGH_TAG,,,HIGH,TRUE
CEV-10959,COL-0075,EVT-0881,17,TRUE,DAY,HIGH_TAG,,,HIGH,TRUE
CEV-10960,COL-0075,EVT-0958,18,TRUE,DAY,HIGH_TAG,,,HIGH,TRUE
CEV-10961,COL-0075,EVT-0120,19,TRUE,DAY,HIGH_TAG,,,HIGH,TRUE
CEV-10962,COL-0075,EVT-0121,20,TRUE,DAY,HIGH_TAG,,,HIGH,TRUE
CEV-10963,COL-0075,EVT-0122,21,TRUE,DAY,HIGH_TAG,,,HIGH,TRUE
CEV-10964,COL-0075,EVT-0123,22,TRUE,DAY,HIGH_TAG,,,HIGH,TRUE
CEV-10965,COL-0075,EVT-0124,23,TRUE,DAY,HIGH_TAG,,,HIGH,TRUE
CEV-10966,COL-0075,EVT-0887,24,TRUE,DAY,HIGH_TAG,,,HIGH,TRUE
CEV-10967,COL-0075,EVT-0896,25,TRUE,DAY,HIGH_TAG,,,HIGH,TRUE
CEV-10968,COL-0075,EVT-0908,26,TRUE,DAY,HIGH_TAG,,,HIGH,TRUE
CEV-10969,COL-0075,EVT-0967,27,TRUE,DAY,HIGH_TAG,,,HIGH,TRUE
CEV-10970,COL-0075,EVT-0968,28,TRUE,DAY,HIGH_TAG,,,HIGH,TRUE
CEV-10971,COL-0075,EVT-0973,29,TRUE,DAY,HIGH_TAG,,,HIGH,TRUE
CEV-10972,COL-0075,EVT-1657,30,TRUE,DAY,HIGH_TAG,,,HIGH,TRUE
CEV-10973,COL-0075,EVT-1029,31,TRUE,DAY,HIGH_TAG,,,HIGH,TRUE
CEV-10974,COL-0076,EVT-0340,1,TRUE,YEAR,HIGH_TAG,,,HIGH,TRUE
CEV-10975,COL-0076,EVT-0562,2,TRUE,DAY,HIGH_TAG,,,HIGH,TRUE
CEV-10976,COL-0076,EVT-0626,3,TRUE,DAY,HIGH_TAG,,,HIGH,TRUE
CEV-10977,COL-0076,EVT-0367,4,TRUE,MONTH,HIGH_TAG,,,HIGH,TRUE
CEV-10978,COL-0076,EVT-0628,5,TRUE,DAY,HIGH_TAG,,,HIGH,TRUE
CEV-10979,COL-0076,EVT-0010,6,TRUE,RANGE,HIGH_TAG,,,HIGH,TRUE
CEV-10980,COL-0076,EVT-1157,7,TRUE,YEAR,HIGH_TAG,,,HIGH,TRUE
CEV-10981,COL-0076,EVT-0313,8,TRUE,DAY,HIGH_TAG,,,HIGH,TRUE
CEV-10982,COL-0076,EVT-0716,9,TRUE,DAY,HIGH_TAG,,,HIGH,TRUE
CEV-10983,COL-0076,EVT-0826,10,TRUE,DAY,HIGH_TAG,,,HIGH,TRUE
CEV-10984,COL-0076,EVT-0781,11,TRUE,DAY,HIGH_TAG,,,HIGH,TRUE
CEV-10985,COL-0076,EVT-0836,12,TRUE,DAY,HIGH_TAG,,,HIGH,TRUE
CEV-10986,COL-0076,EVT-0314,13,TRUE,DAY,HIGH_TAG,,,HIGH,TRUE
CEV-10987,COL-0076,EVT-0955,14,TRUE,DAY,HIGH_TAG,,,HIGH,TRUE
CEV-10988,COL-0076,EVT-0964,15,TRUE,DAY,HIGH_TAG,,,HIGH,TRUE
CEV-10989,COL-0076,EVT-0315,16,TRUE,DAY,HIGH_TAG,,,HIGH,TRUE
CEV-10990,COL-0076,EVT-0316,17,TRUE,DAY,HIGH_TAG,,,HIGH,TRUE
CEV-10991,COL-0076,EVT-0971,18,TRUE,DAY,HIGH_TAG,,,HIGH,TRUE
CEV-10992,COL-0076,EVT-0922,19,TRUE,DAY,HIGH_TAG,,,HIGH,TRUE
CEV-10993,COL-0076,EVT-0317,20,TRUE,DAY,HIGH_TAG,,,HIGH,TRUE
CEV-10994,COL-0076,EVT-0318,21,TRUE,DAY,HIGH_TAG,,,HIGH,TRUE
CEV-10995,COL-0076,EVT-0988,22,TRUE,DAY,HIGH_TAG,,,HIGH,TRUE
CEV-10996,COL-0076,EVT-0319,23,TRUE,DAY,HIGH_TAG,,,HIGH,TRUE
CEV-10997,COL-0076,EVT-0989,24,TRUE,DAY,HIGH_TAG,,,HIGH,TRUE
CEV-10998,COL-0076,EVT-0995,25,TRUE,DAY,HIGH_TAG,,,HIGH,TRUE
CEV-10999,COL-0076,EVT-0996,26,TRUE,DAY,HIGH_TAG,,,HIGH,TRUE
CEV-11000,COL-0076,EVT-0998,27,TRUE,DAY,HIGH_TAG,,,HIGH,TRUE
CEV-11001,COL-0076,EVT-0320,28,TRUE,DAY,HIGH_TAG,,,HIGH,TRUE
CEV-11002,COL-0076,EVT-0321,29,TRUE,DAY,HIGH_TAG,,,HIGH,TRUE
CEV-11003,COL-0076,EVT-1014,30,TRUE,DAY,HIGH_TAG,,,HIGH,TRUE
CEV-11004,COL-0077,EVT-0117,1,TRUE,DAY,TOP_N_EXPERT,,554,CURATED_SCORE,TRUE
CEV-11005,COL-0077,EVT-0267,2,TRUE,DAY,TOP_N_EXPERT,,539,CURATED_SCORE,TRUE
CEV-11006,COL-0077,EVT-0269,3,TRUE,DAY,TOP_N_EXPERT,,539,CURATED_SCORE,TRUE
CEV-11007,COL-0077,EVT-0270,4,TRUE,DAY,TOP_N_EXPERT,,539,CURATED_SCORE,TRUE
CEV-11008,COL-0077,EVT-0151,5,TRUE,DAY,TOP_N_EXPERT,,469,CURATED_SCORE,TRUE
CEV-11009,COL-0077,EVT-0548,6,TRUE,DAY,TOP_N_EXPERT,,469,CURATED_SCORE,TRUE
CEV-11010,COL-0077,EVT-0189,7,TRUE,DAY,TOP_N_EXPERT,,469,CURATED_SCORE,TRUE
CEV-11011,COL-0077,EVT-0119,8,TRUE,DAY,TOP_N_EXPERT,,469,CURATED_SCORE,TRUE
CEV-11012,COL-0077,EVT-0130,9,TRUE,DAY,TOP_N_EXPERT,,469,CURATED_SCORE,TRUE
CEV-11013,COL-0077,EVT-0131,10,TRUE,DAY,TOP_N_EXPERT,,469,CURATED_SCORE,TRUE
CEV-11014,COL-0077,EVT-0272,11,TRUE,DAY,TOP_N_EXPERT,,469,CURATED_SCORE,TRUE
CEV-11015,COL-0077,EVT-0321,12,TRUE,DAY,TOP_N_EXPERT,,469,CURATED_SCORE,TRUE
CEV-11016,COL-0077,EVT-0470,13,TRUE,DAY,TOP_N_EXPERT,,466,CURATED_SCORE,TRUE
CEV-11017,COL-0077,EVT-0085,14,TRUE,DAY,TOP_N_EXPERT,,457,CURATED_SCORE,TRUE
CEV-11018,COL-0077,EVT-0121,15,TRUE,DAY,TOP_N_EXPERT,,457,CURATED_SCORE,TRUE
CEV-11019,COL-0077,EVT-0123,16,TRUE,DAY,TOP_N_EXPERT,,457,CURATED_SCORE,TRUE
CEV-11020,COL-0077,EVT-0455,17,TRUE,DAY,TOP_N_EXPERT,,454,CURATED_SCORE,TRUE
CEV-11021,COL-0077,EVT-0464,18,TRUE,DAY,TOP_N_EXPERT,,454,CURATED_SCORE,TRUE
CEV-11022,COL-0077,EVT-0491,19,TRUE,DAY,TOP_N_EXPERT,,454,CURATED_SCORE,TRUE
CEV-11023,COL-0077,EVT-0112,20,TRUE,DAY,TOP_N_EXPERT,,454,CURATED_SCORE,TRUE
CEV-11024,COL-0077,EVT-0285,21,TRUE,DAY,TOP_N_EXPERT,,454,CURATED_SCORE,TRUE
CEV-11025,COL-0077,EVT-0268,22,TRUE,DAY,TOP_N_EXPERT,,454,CURATED_SCORE,TRUE
CEV-11026,COL-0077,EVT-0277,23,TRUE,DAY,TOP_N_EXPERT,,454,CURATED_SCORE,TRUE
CEV-11027,COL-0077,EVT-0282,24,TRUE,DAY,TOP_N_EXPERT,,454,CURATED_SCORE,TRUE
CEV-11028,COL-0077,EVT-0319,25,TRUE,DAY,TOP_N_EXPERT,,454,CURATED_SCORE,TRUE
CEV-11029,COL-0077,EVT-0297,26,TRUE,DAY,TOP_N_EXPERT,,454,CURATED_SCORE,TRUE
CEV-11030,COL-0077,EVT-0369,27,TRUE,RANGE,TOP_N_EXPERT,,451,CURATED_SCORE,TRUE
CEV-11031,COL-0077,EVT-0382,28,TRUE,YEAR,TOP_N_EXPERT,,451,CURATED_SCORE,TRUE
CEV-11032,COL-0077,EVT-0372,29,TRUE,RANGE,TOP_N_EXPERT,,451,CURATED_SCORE,TRUE
CEV-11033,COL-0077,EVT-0375,30,TRUE,YEAR,TOP_N_EXPERT,,451,CURATED_SCORE,TRUE
CEV-11034,COL-0077,EVT-0377,31,TRUE,YEAR,TOP_N_EXPERT,,451,CURATED_SCORE,TRUE
CEV-11035,COL-0077,EVT-0379,32,TRUE,YEAR,TOP_N_EXPERT,,451,CURATED_SCORE,TRUE
CEV-11036,COL-0077,EVT-0380,33,TRUE,YEAR,TOP_N_EXPERT,,451,CURATED_SCORE,TRUE
CEV-11037,COL-0077,EVT-0383,34,TRUE,RANGE,TOP_N_EXPERT,,451,CURATED_SCORE,TRUE
CEV-11038,COL-0077,EVT-0370,35,TRUE,YEAR,TOP_N_EXPERT,,451,CURATED_SCORE,TRUE
CEV-11039,COL-0077,EVT-0384,36,TRUE,YEAR,TOP_N_EXPERT,,451,CURATED_SCORE,TRUE
CEV-11040,COL-0077,EVT-0371,37,TRUE,YEAR,TOP_N_EXPERT,,451,CURATED_SCORE,TRUE
CEV-11041,COL-0077,EVT-0392,38,TRUE,YEAR,TOP_N_EXPERT,,451,CURATED_SCORE,TRUE
CEV-11042,COL-0077,EVT-0393,39,TRUE,YEAR,TOP_N_EXPERT,,451,CURATED_SCORE,TRUE
CEV-11043,COL-0077,EVT-0395,40,TRUE,YEAR,TOP_N_EXPERT,,451,CURATED_SCORE,TRUE
CEV-11044,COL-0077,EVT-0394,41,TRUE,YEAR,TOP_N_EXPERT,,451,CURATED_SCORE,TRUE
CEV-11045,COL-0077,EVT-0403,42,TRUE,YEAR,TOP_N_EXPERT,,451,CURATED_SCORE,TRUE
CEV-11046,COL-0077,EVT-0404,43,TRUE,YEAR,TOP_N_EXPERT,,451,CURATED_SCORE,TRUE
CEV-11047,COL-0077,EVT-0405,44,TRUE,YEAR,TOP_N_EXPERT,,451,CURATED_SCORE,TRUE
CEV-11048,COL-0077,EVT-0415,45,TRUE,DAY,TOP_N_EXPERT,,451,CURATED_SCORE,TRUE
CEV-11049,COL-0077,EVT-0420,46,TRUE,YEAR,TOP_N_EXPERT,,451,CURATED_SCORE,TRUE
CEV-11050,COL-0077,EVT-0156,47,TRUE,DAY,TOP_N_EXPERT,,451,CURATED_SCORE,TRUE
CEV-11051,COL-0077,EVT-0157,48,TRUE,DAY,TOP_N_EXPERT,,451,CURATED_SCORE,TRUE
CEV-11052,COL-0077,EVT-0432,49,TRUE,YEAR,TOP_N_EXPERT,,451,CURATED_SCORE,TRUE
CEV-11053,COL-0077,EVT-0437,50,TRUE,DAY,TOP_N_EXPERT,,451,CURATED_SCORE,TRUE
CEV-11054,COL-0078,EVT-0341,1,TRUE,YEAR,YEAR_RANGE,,,DATE_RULE,TRUE
CEV-11055,COL-0078,EVT-0553,2,TRUE,YEAR,YEAR_RANGE,,,DATE_RULE,TRUE
CEV-11056,COL-0078,EVT-0369,3,TRUE,RANGE,YEAR_RANGE,,,DATE_RULE,TRUE
CEV-11057,COL-0078,EVT-1042,4,TRUE,YEAR,YEAR_RANGE,,,DATE_RULE,TRUE
CEV-11058,COL-0078,EVT-1043,5,TRUE,YEAR,YEAR_RANGE,,,DATE_RULE,TRUE
CEV-11059,COL-0078,EVT-1044,6,TRUE,YEAR,YEAR_RANGE,,,DATE_RULE,TRUE
CEV-11060,COL-0078,EVT-0554,7,TRUE,YEAR,YEAR_RANGE,,,DATE_RULE,TRUE
CEV-11061,COL-0078,EVT-1045,8,TRUE,YEAR,YEAR_RANGE,,,DATE_RULE,TRUE
CEV-11062,COL-0078,EVT-1046,9,TRUE,YEAR,YEAR_RANGE,,,DATE_RULE,TRUE
CEV-11063,COL-0078,EVT-0023,10,TRUE,YEAR,YEAR_RANGE,,,DATE_RULE,TRUE
CEV-11064,COL-0078,EVT-0024,11,TRUE,DAY,YEAR_RANGE,,,DATE_RULE,TRUE
CEV-11065,COL-0078,EVT-1047,12,TRUE,YEAR,YEAR_RANGE,,,DATE_RULE,TRUE
CEV-11066,COL-0078,EVT-0571,13,TRUE,YEAR,YEAR_RANGE,,,DATE_RULE,TRUE
CEV-11067,COL-0078,EVT-1048,14,TRUE,YEAR,YEAR_RANGE,,,DATE_RULE,TRUE
CEV-11068,COL-0078,EVT-0556,15,TRUE,YEAR,YEAR_RANGE,,,DATE_RULE,TRUE
CEV-11069,COL-0078,EVT-1049,16,TRUE,YEAR,YEAR_RANGE,,,DATE_RULE,TRUE
CEV-11070,COL-0078,EVT-0028,17,TRUE,YEAR,YEAR_RANGE,,,DATE_RULE,TRUE
CEV-11071,COL-0078,EVT-1050,18,TRUE,YEAR,YEAR_RANGE,,,DATE_RULE,TRUE
CEV-11072,COL-0078,EVT-0382,19,TRUE,YEAR,YEAR_RANGE,,,DATE_RULE,TRUE
CEV-11073,COL-0078,EVT-0372,20,TRUE,RANGE,YEAR_RANGE,,,DATE_RULE,TRUE
CEV-11074,COL-0078,EVT-1051,21,TRUE,YEAR,YEAR_RANGE,,,DATE_RULE,TRUE
CEV-11075,COL-0078,EVT-0030,22,TRUE,RANGE,YEAR_RANGE,,,DATE_RULE,TRUE
CEV-11076,COL-0078,EVT-0373,23,TRUE,YEAR,YEAR_RANGE,,,DATE_RULE,TRUE
CEV-11077,COL-0078,EVT-0374,24,TRUE,YEAR,YEAR_RANGE,,,DATE_RULE,TRUE
CEV-11078,COL-0078,EVT-0550,25,TRUE,MONTH,YEAR_RANGE,,,DATE_RULE,TRUE
CEV-11079,COL-0078,EVT-0375,26,TRUE,YEAR,YEAR_RANGE,,,DATE_RULE,TRUE
CEV-11080,COL-0078,EVT-0136,27,TRUE,RANGE,YEAR_RANGE,,,DATE_RULE,TRUE
CEV-11081,COL-0078,EVT-0376,28,TRUE,RANGE,YEAR_RANGE,,,DATE_RULE,TRUE
CEV-11082,COL-0078,EVT-1052,29,TRUE,YEAR,YEAR_RANGE,,,DATE_RULE,TRUE
CEV-11083,COL-0078,EVT-0572,30,TRUE,YEAR,YEAR_RANGE,,,DATE_RULE,TRUE
CEV-11084,COL-0078,EVT-0377,31,TRUE,YEAR,YEAR_RANGE,,,DATE_RULE,TRUE
CEV-11085,COL-0078,EVT-1053,32,TRUE,YEAR,YEAR_RANGE,,,DATE_RULE,TRUE
CEV-11086,COL-0078,EVT-0557,33,TRUE,YEAR,YEAR_RANGE,,,DATE_RULE,TRUE
CEV-11087,COL-0078,EVT-0378,34,TRUE,YEAR,YEAR_RANGE,,,DATE_RULE,TRUE
CEV-11088,COL-0078,EVT-0573,35,TRUE,YEAR,YEAR_RANGE,,,DATE_RULE,TRUE
CEV-11089,COL-0078,EVT-0379,36,TRUE,YEAR,YEAR_RANGE,,,DATE_RULE,TRUE
CEV-11090,COL-0078,EVT-0380,37,TRUE,YEAR,YEAR_RANGE,,,DATE_RULE,TRUE
CEV-11091,COL-0078,EVT-0381,38,TRUE,YEAR,YEAR_RANGE,,,DATE_RULE,TRUE
CEV-11092,COL-0078,EVT-1054,39,TRUE,YEAR,YEAR_RANGE,,,DATE_RULE,TRUE
CEV-11093,COL-0078,EVT-1055,40,TRUE,YEAR,YEAR_RANGE,,,DATE_RULE,TRUE
CEV-11094,COL-0078,EVT-0383,41,TRUE,RANGE,YEAR_RANGE,,,DATE_RULE,TRUE
CEV-11095,COL-0078,EVT-1056,42,TRUE,YEAR,YEAR_RANGE,,,DATE_RULE,TRUE
CEV-11096,COL-0078,EVT-0370,43,TRUE,YEAR,YEAR_RANGE,,,DATE_RULE,TRUE
CEV-11097,COL-0078,EVT-0558,44,TRUE,YEAR,YEAR_RANGE,,,DATE_RULE,TRUE
CEV-11098,COL-0078,EVT-0551,45,TRUE,DAY,YEAR_RANGE,,,DATE_RULE,TRUE
CEV-11099,COL-0078,EVT-0559,46,TRUE,DAY,YEAR_RANGE,,,DATE_RULE,TRUE
CEV-11100,COL-0078,EVT-1057,47,TRUE,YEAR,YEAR_RANGE,,,DATE_RULE,TRUE
CEV-11101,COL-0078,EVT-0384,48,TRUE,YEAR,YEAR_RANGE,,,DATE_RULE,TRUE
CEV-11102,COL-0078,EVT-0041,49,TRUE,RANGE,YEAR_RANGE,,,DATE_RULE,TRUE
CEV-11103,COL-0078,EVT-0371,50,TRUE,YEAR,YEAR_RANGE,,,DATE_RULE,TRUE
CEV-11104,COL-0078,EVT-1058,51,TRUE,YEAR,YEAR_RANGE,,,DATE_RULE,TRUE
CEV-11105,COL-0078,EVT-1059,52,TRUE,YEAR,YEAR_RANGE,,,DATE_RULE,TRUE
CEV-11106,COL-0078,EVT-0560,53,TRUE,YEAR,YEAR_RANGE,,,DATE_RULE,TRUE
CEV-11107,COL-0078,EVT-0385,54,TRUE,DAY,YEAR_RANGE,,,DATE_RULE,TRUE
CEV-11108,COL-0078,EVT-0386,55,TRUE,DAY,YEAR_RANGE,,,DATE_RULE,TRUE
CEV-11109,COL-0078,EVT-0387,56,TRUE,DAY,YEAR_RANGE,,,DATE_RULE,TRUE
CEV-11110,COL-0078,EVT-0032,57,TRUE,RANGE,YEAR_RANGE,,,DATE_RULE,TRUE
CEV-11111,COL-0078,EVT-0033,58,TRUE,RANGE,YEAR_RANGE,,,DATE_RULE,TRUE
CEV-11112,COL-0078,EVT-0031,59,TRUE,DAY,YEAR_RANGE,,,DATE_RULE,TRUE
CEV-11113,COL-0078,EVT-0040,60,TRUE,RANGE,YEAR_RANGE,,,DATE_RULE,TRUE
CEV-11114,COL-0078,EVT-0561,61,TRUE,MONTH,YEAR_RANGE,,,DATE_RULE,TRUE
CEV-11115,COL-0078,EVT-1060,62,TRUE,YEAR,YEAR_RANGE,,,DATE_RULE,TRUE
CEV-11116,COL-0078,EVT-1061,63,TRUE,YEAR,YEAR_RANGE,,,DATE_RULE,TRUE
CEV-11117,COL-0078,EVT-0562,64,TRUE,DAY,YEAR_RANGE,,,DATE_RULE,TRUE
CEV-11118,COL-0078,EVT-0035,65,TRUE,YEAR,YEAR_RANGE,,,DATE_RULE,TRUE
CEV-11119,COL-0078,EVT-0036,66,TRUE,YEAR,YEAR_RANGE,,,DATE_RULE,TRUE
CEV-11120,COL-0078,EVT-0563,67,TRUE,YEAR,YEAR_RANGE,,,DATE_RULE,TRUE
CEV-11121,COL-0078,EVT-1062,68,TRUE,YEAR,YEAR_RANGE,,,DATE_RULE,TRUE
CEV-11122,COL-0078,EVT-1063,69,TRUE,YEAR,YEAR_RANGE,,,DATE_RULE,TRUE
CEV-11123,COL-0078,EVT-0034,70,TRUE,YEAR,YEAR_RANGE,,,DATE_RULE,TRUE
CEV-11124,COL-0078,EVT-0564,71,TRUE,YEAR,YEAR_RANGE,,,DATE_RULE,TRUE
CEV-11125,COL-0078,EVT-1064,72,TRUE,YEAR,YEAR_RANGE,,,DATE_RULE,TRUE
CEV-11126,COL-0078,EVT-0392,73,TRUE,YEAR,YEAR_RANGE,,,DATE_RULE,TRUE
CEV-11127,COL-0078,EVT-0574,74,TRUE,YEAR,YEAR_RANGE,,,DATE_RULE,TRUE
CEV-11128,COL-0078,EVT-1065,75,TRUE,YEAR,YEAR_RANGE,,,DATE_RULE,TRUE
CEV-11129,COL-0078,EVT-0575,76,TRUE,DAY,YEAR_RANGE,,,DATE_RULE,TRUE
CEV-11130,COL-0078,EVT-0576,77,TRUE,DAY,YEAR_RANGE,,,DATE_RULE,TRUE
CEV-11131,COL-0078,EVT-0565,78,TRUE,DAY,YEAR_RANGE,,,DATE_RULE,TRUE
CEV-11132,COL-0078,EVT-1066,79,TRUE,YEAR,YEAR_RANGE,,,DATE_RULE,TRUE
CEV-11133,COL-0078,EVT-0388,80,TRUE,MONTH,YEAR_RANGE,,,DATE_RULE,TRUE
CEV-11134,COL-0078,EVT-0038,81,TRUE,YEAR,YEAR_RANGE,,,DATE_RULE,TRUE
CEV-11135,COL-0078,EVT-0037,82,TRUE,YEAR,YEAR_RANGE,,,DATE_RULE,TRUE
CEV-11136,COL-0078,EVT-1067,83,TRUE,YEAR,YEAR_RANGE,,,DATE_RULE,TRUE
CEV-11137,COL-0078,EVT-0139,84,TRUE,DAY,YEAR_RANGE,,,DATE_RULE,TRUE
CEV-11138,COL-0078,EVT-1068,85,TRUE,YEAR,YEAR_RANGE,,,DATE_RULE,TRUE
CEV-11139,COL-0078,EVT-0039,86,TRUE,DAY,YEAR_RANGE,,,DATE_RULE,TRUE
CEV-11140,COL-0078,EVT-0566,87,TRUE,DAY,YEAR_RANGE,,,DATE_RULE,TRUE
CEV-11141,COL-0078,EVT-0390,88,TRUE,DAY,YEAR_RANGE,,,DATE_RULE,TRUE
CEV-11142,COL-0078,EVT-0389,89,TRUE,RANGE,YEAR_RANGE,,,DATE_RULE,TRUE
CEV-11143,COL-0078,EVT-0567,90,TRUE,DAY,YEAR_RANGE,,,DATE_RULE,TRUE
CEV-11144,COL-0078,EVT-0391,91,TRUE,RANGE,YEAR_RANGE,,,DATE_RULE,TRUE
CEV-11145,COL-0078,EVT-0568,92,TRUE,DAY,YEAR_RANGE,,,DATE_RULE,TRUE
CEV-11146,COL-0078,EVT-0327,93,TRUE,RANGE,YEAR_RANGE,,,DATE_RULE,TRUE
CEV-11147,COL-0078,EVT-0365,94,TRUE,DAY,YEAR_RANGE,,,DATE_RULE,TRUE
CEV-11148,COL-0079,EVT-0327,1,TRUE,RANGE,YEAR_RANGE,,,DATE_RULE,TRUE
CEV-11149,COL-0079,EVT-0365,2,TRUE,DAY,YEAR_RANGE,,,DATE_RULE,TRUE
CEV-11150,COL-0079,EVT-0393,3,TRUE,YEAR,YEAR_RANGE,,,DATE_RULE,TRUE
CEV-11151,COL-0079,EVT-0047,4,TRUE,RANGE,YEAR_RANGE,,,DATE_RULE,TRUE
CEV-11152,COL-0079,EVT-1069,5,TRUE,YEAR,YEAR_RANGE,,,DATE_RULE,TRUE
CEV-11153,COL-0079,EVT-0604,6,TRUE,DAY,YEAR_RANGE,,,DATE_RULE,TRUE
CEV-11154,COL-0079,EVT-0581,7,TRUE,DAY,YEAR_RANGE,,,DATE_RULE,TRUE
CEV-11155,COL-0079,EVT-0582,8,TRUE,YEAR,YEAR_RANGE,,,DATE_RULE,TRUE
CEV-11156,COL-0079,EVT-1070,9,TRUE,YEAR,YEAR_RANGE,,,DATE_RULE,TRUE
CEV-11157,COL-0079,EVT-0583,10,TRUE,YEAR,YEAR_RANGE,,,DATE_RULE,TRUE
CEV-11158,COL-0079,EVT-1071,11,TRUE,YEAR,YEAR_RANGE,,,DATE_RULE,TRUE
CEV-11159,COL-0079,EVT-0042,12,TRUE,YEAR,YEAR_RANGE,,,DATE_RULE,TRUE
CEV-11160,COL-0079,EVT-0043,13,TRUE,DAY,YEAR_RANGE,,,DATE_RULE,TRUE
CEV-11161,COL-0079,EVT-0577,14,TRUE,DAY,YEAR_RANGE,,,DATE_RULE,TRUE
CEV-11162,COL-0079,EVT-0584,15,TRUE,DAY,YEAR_RANGE,,,DATE_RULE,TRUE
CEV-11163,COL-0079,EVT-0585,16,TRUE,YEAR,YEAR_RANGE,,,DATE_RULE,TRUE
CEV-11164,COL-0079,EVT-0578,17,TRUE,YEAR,YEAR_RANGE,,,DATE_RULE,TRUE
CEV-11165,COL-0079,EVT-0395,18,TRUE,YEAR,YEAR_RANGE,,,DATE_RULE,TRUE
CEV-11166,COL-0079,EVT-1072,19,TRUE,YEAR,YEAR_RANGE,,,DATE_RULE,TRUE
CEV-11167,COL-0079,EVT-0586,20,TRUE,YEAR,YEAR_RANGE,,,DATE_RULE,TRUE
CEV-11168,COL-0079,EVT-1073,21,TRUE,YEAR,YEAR_RANGE,,,DATE_RULE,TRUE
CEV-11169,COL-0079,EVT-0587,22,TRUE,DAY,YEAR_RANGE,,,DATE_RULE,TRUE
CEV-11170,COL-0079,EVT-0394,23,TRUE,YEAR,YEAR_RANGE,,,DATE_RULE,TRUE
CEV-11171,COL-0079,EVT-0588,24,TRUE,DAY,YEAR_RANGE,,,DATE_RULE,TRUE
CEV-11172,COL-0079,EVT-0044,25,TRUE,DAY,YEAR_RANGE,,,DATE_RULE,TRUE
CEV-11173,COL-0079,EVT-0048,26,TRUE,MONTH,YEAR_RANGE,,,DATE_RULE,TRUE
CEV-11174,COL-0079,EVT-1074,27,TRUE,YEAR,YEAR_RANGE,,,DATE_RULE,TRUE
CEV-11175,COL-0079,EVT-0605,28,TRUE,MONTH,YEAR_RANGE,,,DATE_RULE,TRUE
CEV-11176,COL-0079,EVT-0396,29,TRUE,YEAR,YEAR_RANGE,,,DATE_RULE,TRUE
CEV-11177,COL-0079,EVT-1075,30,TRUE,YEAR,YEAR_RANGE,,,DATE_RULE,TRUE
CEV-11178,COL-0079,EVT-0397,31,TRUE,DAY,YEAR_RANGE,,,DATE_RULE,TRUE
CEV-11179,COL-0079,EVT-0052,32,TRUE,YEAR,YEAR_RANGE,,,DATE_RULE,TRUE
CEV-11180,COL-0079,EVT-1076,33,TRUE,YEAR,YEAR_RANGE,,,DATE_RULE,TRUE
CEV-11181,COL-0079,EVT-1077,34,TRUE,YEAR,YEAR_RANGE,,,DATE_RULE,TRUE
CEV-11182,COL-0079,EVT-1078,35,TRUE,YEAR,YEAR_RANGE,,,DATE_RULE,TRUE
CEV-11183,COL-0079,EVT-0045,36,TRUE,MONTH,YEAR_RANGE,,,DATE_RULE,TRUE
CEV-11184,COL-0079,EVT-0606,37,TRUE,DAY,YEAR_RANGE,,,DATE_RULE,TRUE
CEV-11185,COL-0079,EVT-0398,38,TRUE,DAY,YEAR_RANGE,,,DATE_RULE,TRUE
CEV-11186,COL-0079,EVT-0400,39,TRUE,DAY,YEAR_RANGE,,,DATE_RULE,TRUE
CEV-11187,COL-0079,EVT-0399,40,TRUE,DAY,YEAR_RANGE,,,DATE_RULE,TRUE
CEV-11188,COL-0079,EVT-0049,41,TRUE,DAY,YEAR_RANGE,,,DATE_RULE,TRUE
CEV-11189,COL-0079,EVT-0590,42,TRUE,DAY,YEAR_RANGE,,,DATE_RULE,TRUE
CEV-11190,COL-0079,EVT-0140,43,TRUE,DAY,YEAR_RANGE,,,DATE_RULE,TRUE
CEV-11191,COL-0079,EVT-0141,44,TRUE,RANGE,YEAR_RANGE,,,DATE_RULE,TRUE
CEV-11192,COL-0079,EVT-1079,45,TRUE,YEAR,YEAR_RANGE,,,DATE_RULE,TRUE
CEV-11193,COL-0079,EVT-0607,46,TRUE,DAY,YEAR_RANGE,,,DATE_RULE,TRUE
CEV-11194,COL-0079,EVT-0591,47,TRUE,DAY,YEAR_RANGE,,,DATE_RULE,TRUE
CEV-11195,COL-0079,EVT-0057,48,TRUE,YEAR,YEAR_RANGE,,,DATE_RULE,TRUE
CEV-11196,COL-0079,EVT-0592,49,TRUE,DAY,YEAR_RANGE,,,DATE_RULE,TRUE
CEV-11197,COL-0079,EVT-0579,50,TRUE,DAY,YEAR_RANGE,,,DATE_RULE,TRUE
CEV-11198,COL-0079,EVT-0608,51,TRUE,DAY,YEAR_RANGE,,,DATE_RULE,TRUE
CEV-11199,COL-0079,EVT-0046,52,TRUE,DAY,YEAR_RANGE,,,DATE_RULE,TRUE
CEV-11200,COL-0079,EVT-0403,53,TRUE,YEAR,YEAR_RANGE,,,DATE_RULE,TRUE
CEV-11201,COL-0079,EVT-1080,54,TRUE,YEAR,YEAR_RANGE,,,DATE_RULE,TRUE
CEV-11202,COL-0079,EVT-0054,55,TRUE,DAY,YEAR_RANGE,,,DATE_RULE,TRUE
CEV-11203,COL-0079,EVT-0401,56,TRUE,DAY,YEAR_RANGE,,,DATE_RULE,TRUE
CEV-11204,COL-0079,EVT-0402,57,TRUE,RANGE,YEAR_RANGE,,,DATE_RULE,TRUE
CEV-11205,COL-0079,EVT-0058,58,TRUE,RANGE,YEAR_RANGE,,,DATE_RULE,TRUE
CEV-11206,COL-0079,EVT-0593,59,TRUE,DAY,YEAR_RANGE,,,DATE_RULE,TRUE
CEV-11207,COL-0079,EVT-1081,60,TRUE,YEAR,YEAR_RANGE,,,DATE_RULE,TRUE
CEV-11208,COL-0079,EVT-0609,61,TRUE,DAY,YEAR_RANGE,,,DATE_RULE,TRUE
CEV-11209,COL-0079,EVT-0610,62,TRUE,DAY,YEAR_RANGE,,,DATE_RULE,TRUE
CEV-11210,COL-0079,EVT-0051,63,TRUE,DAY,YEAR_RANGE,,,DATE_RULE,TRUE
CEV-11211,COL-0079,EVT-0594,64,TRUE,DAY,YEAR_RANGE,,,DATE_RULE,TRUE
CEV-11212,COL-0079,EVT-0404,65,TRUE,YEAR,YEAR_RANGE,,,DATE_RULE,TRUE
CEV-11213,COL-0079,EVT-0595,66,TRUE,DAY,YEAR_RANGE,,,DATE_RULE,TRUE
CEV-11214,COL-0079,EVT-0405,67,TRUE,YEAR,YEAR_RANGE,,,DATE_RULE,TRUE
CEV-11215,COL-0079,EVT-0059,68,TRUE,YEAR,YEAR_RANGE,,,DATE_RULE,TRUE
CEV-11216,COL-0079,EVT-0060,69,TRUE,YEAR,YEAR_RANGE,,,DATE_RULE,TRUE
CEV-11217,COL-0079,EVT-0611,70,TRUE,DAY,YEAR_RANGE,,,DATE_RULE,TRUE
CEV-11218,COL-0079,EVT-0596,71,TRUE,DAY,YEAR_RANGE,,,DATE_RULE,TRUE
CEV-11219,COL-0079,EVT-0597,72,TRUE,DAY,YEAR_RANGE,,,DATE_RULE,TRUE
CEV-11220,COL-0079,EVT-0598,73,TRUE,YEAR,YEAR_RANGE,,,DATE_RULE,TRUE
CEV-11221,COL-0079,EVT-0599,74,TRUE,DAY,YEAR_RANGE,,,DATE_RULE,TRUE
CEV-11222,COL-0079,EVT-0612,75,TRUE,DAY,YEAR_RANGE,,,DATE_RULE,TRUE
CEV-11223,COL-0079,EVT-0055,76,TRUE,RANGE,YEAR_RANGE,,,DATE_RULE,TRUE
CEV-11224,COL-0079,EVT-1082,77,TRUE,YEAR,YEAR_RANGE,,,DATE_RULE,TRUE
CEV-11225,COL-0079,EVT-0406,78,TRUE,DAY,YEAR_RANGE,,,DATE_RULE,TRUE
CEV-11226,COL-0079,EVT-0580,79,TRUE,MONTH,YEAR_RANGE,,,DATE_RULE,TRUE
CEV-11227,COL-0079,EVT-0061,80,TRUE,RANGE,YEAR_RANGE,,,DATE_RULE,TRUE
CEV-11228,COL-0079,EVT-1083,81,TRUE,YEAR,YEAR_RANGE,,,DATE_RULE,TRUE
CEV-11229,COL-0079,EVT-0407,82,TRUE,DAY,YEAR_RANGE,,,DATE_RULE,TRUE
CEV-11230,COL-0079,EVT-0408,83,TRUE,RANGE,YEAR_RANGE,,,DATE_RULE,TRUE
CEV-11231,COL-0079,EVT-0409,84,TRUE,DAY,YEAR_RANGE,,,DATE_RULE,TRUE
CEV-11232,COL-0079,EVT-0600,85,TRUE,MONTH,YEAR_RANGE,,,DATE_RULE,TRUE
CEV-11233,COL-0079,EVT-0601,86,TRUE,DAY,YEAR_RANGE,,,DATE_RULE,TRUE
CEV-11234,COL-0079,EVT-1084,87,TRUE,YEAR,YEAR_RANGE,,,DATE_RULE,TRUE
CEV-11235,COL-0079,EVT-0602,88,TRUE,DAY,YEAR_RANGE,,,DATE_RULE,TRUE
CEV-11236,COL-0079,EVT-0410,89,TRUE,DAY,YEAR_RANGE,,,DATE_RULE,TRUE
CEV-11237,COL-0079,EVT-0411,90,TRUE,DAY,YEAR_RANGE,,,DATE_RULE,TRUE
CEV-11238,COL-0079,EVT-0412,91,TRUE,DAY,YEAR_RANGE,,,DATE_RULE,TRUE
CEV-11239,COL-0079,EVT-0413,92,TRUE,DAY,YEAR_RANGE,,,DATE_RULE,TRUE
CEV-11240,COL-0079,EVT-0062,93,TRUE,DAY,YEAR_RANGE,,,DATE_RULE,TRUE
CEV-11241,COL-0079,EVT-0056,94,TRUE,DAY,YEAR_RANGE,,,DATE_RULE,TRUE
CEV-11242,COL-0079,EVT-0414,95,TRUE,YEAR,YEAR_RANGE,,,DATE_RULE,TRUE
CEV-11243,COL-0079,EVT-1085,96,TRUE,YEAR,YEAR_RANGE,,,DATE_RULE,TRUE
CEV-11244,COL-0079,EVT-0149,97,TRUE,RANGE,YEAR_RANGE,,,DATE_RULE,TRUE
CEV-11245,COL-0079,EVT-0415,98,TRUE,DAY,YEAR_RANGE,,,DATE_RULE,TRUE
CEV-11246,COL-0079,EVT-0416,99,TRUE,DAY,YEAR_RANGE,,,DATE_RULE,TRUE
CEV-11247,COL-0079,EVT-0603,100,TRUE,DAY,YEAR_RANGE,,,DATE_RULE,TRUE
CEV-11248,COL-0079,EVT-0417,101,TRUE,DAY,YEAR_RANGE,,,DATE_RULE,TRUE
CEV-11249,COL-0079,EVT-0063,102,TRUE,DAY,YEAR_RANGE,,,DATE_RULE,TRUE
CEV-11250,COL-0080,EVT-0417,1,TRUE,DAY,YEAR_RANGE,,,DATE_RULE,TRUE
CEV-11251,COL-0080,EVT-0063,2,TRUE,DAY,YEAR_RANGE,,,DATE_RULE,TRUE
CEV-11252,COL-0080,EVT-1086,3,TRUE,YEAR,YEAR_RANGE,,,DATE_RULE,TRUE
CEV-11253,COL-0080,EVT-0418,4,TRUE,DAY,YEAR_RANGE,,,DATE_RULE,TRUE
CEV-11254,COL-0080,EVT-0419,5,TRUE,DAY,YEAR_RANGE,,,DATE_RULE,TRUE
CEV-11255,COL-0080,EVT-0638,6,TRUE,DAY,YEAR_RANGE,,,DATE_RULE,TRUE
CEV-11256,COL-0080,EVT-0639,7,TRUE,YEAR,YEAR_RANGE,,,DATE_RULE,TRUE
CEV-11257,COL-0080,EVT-1087,8,TRUE,YEAR,YEAR_RANGE,,,DATE_RULE,TRUE
CEV-11258,COL-0080,EVT-0147,9,TRUE,RANGE,YEAR_RANGE,,,DATE_RULE,TRUE
CEV-11259,COL-0080,EVT-0146,10,TRUE,DAY,YEAR_RANGE,,,DATE_RULE,TRUE
CEV-11260,COL-0080,EVT-0640,11,TRUE,DAY,YEAR_RANGE,,,DATE_RULE,TRUE
CEV-11261,COL-0080,EVT-0148,12,TRUE,DAY,YEAR_RANGE,,,DATE_RULE,TRUE
CEV-11262,COL-0080,EVT-1088,13,TRUE,YEAR,YEAR_RANGE,,,DATE_RULE,TRUE
CEV-11263,COL-0080,EVT-0641,14,TRUE,DAY,YEAR_RANGE,,,DATE_RULE,TRUE
CEV-11264,COL-0080,EVT-0328,15,TRUE,RANGE,YEAR_RANGE,,,DATE_RULE,TRUE
CEV-11265,COL-0080,EVT-0064,16,TRUE,DAY,YEAR_RANGE,,,DATE_RULE,TRUE
CEV-11266,COL-0080,EVT-0069,17,TRUE,YEAR,YEAR_RANGE,,,DATE_RULE,TRUE
CEV-11267,COL-0080,EVT-0143,18,TRUE,RANGE,YEAR_RANGE,,,DATE_RULE,TRUE
CEV-11268,COL-0080,EVT-0613,19,TRUE,DAY,YEAR_RANGE,,,DATE_RULE,TRUE
CEV-11269,COL-0080,EVT-0614,20,TRUE,DAY,YEAR_RANGE,,,DATE_RULE,TRUE
CEV-11270,COL-0080,EVT-0070,21,TRUE,DAY,YEAR_RANGE,,,DATE_RULE,TRUE
CEV-11271,COL-0080,EVT-0642,22,TRUE,YEAR,YEAR_RANGE,,,DATE_RULE,TRUE
CEV-11272,COL-0080,EVT-1089,23,TRUE,YEAR,YEAR_RANGE,,,DATE_RULE,TRUE
CEV-11273,COL-0080,EVT-0643,24,TRUE,DAY,YEAR_RANGE,,,DATE_RULE,TRUE
CEV-11274,COL-0080,EVT-0644,25,TRUE,DAY,YEAR_RANGE,,,DATE_RULE,TRUE
CEV-11275,COL-0080,EVT-1090,26,TRUE,YEAR,YEAR_RANGE,,,DATE_RULE,TRUE
CEV-11276,COL-0080,EVT-0645,27,TRUE,DAY,YEAR_RANGE,,,DATE_RULE,TRUE
CEV-11277,COL-0080,EVT-0615,28,TRUE,DAY,YEAR_RANGE,,,DATE_RULE,TRUE
CEV-11278,COL-0080,EVT-0646,29,TRUE,YEAR,YEAR_RANGE,,,DATE_RULE,TRUE
CEV-11279,COL-0080,EVT-0151,30,TRUE,DAY,YEAR_RANGE,,,DATE_RULE,TRUE
CEV-11280,COL-0080,EVT-0420,31,TRUE,YEAR,YEAR_RANGE,,,DATE_RULE,TRUE
CEV-11281,COL-0080,EVT-0072,32,TRUE,RANGE,YEAR_RANGE,,,DATE_RULE,TRUE
CEV-11282,COL-0080,EVT-0144,33,TRUE,RANGE,YEAR_RANGE,,,DATE_RULE,TRUE
CEV-11283,COL-0080,EVT-0421,34,TRUE,DAY,YEAR_RANGE,,,DATE_RULE,TRUE
CEV-11284,COL-0080,EVT-0616,35,TRUE,DAY,YEAR_RANGE,,,DATE_RULE,TRUE
CEV-11285,COL-0080,EVT-0073,36,TRUE,RANGE,YEAR_RANGE,,,DATE_RULE,TRUE
CEV-11286,COL-0080,EVT-0617,37,TRUE,DAY,YEAR_RANGE,,,DATE_RULE,TRUE
CEV-11287,COL-0080,EVT-0647,38,TRUE,DAY,YEAR_RANGE,,,DATE_RULE,TRUE
CEV-11288,COL-0080,EVT-0618,39,TRUE,DAY,YEAR_RANGE,,,DATE_RULE,TRUE
CEV-11289,COL-0080,EVT-0422,40,TRUE,DAY,YEAR_RANGE,,,DATE_RULE,TRUE
CEV-11290,COL-0080,EVT-1091,41,TRUE,YEAR,YEAR_RANGE,,,DATE_RULE,TRUE
CEV-11291,COL-0080,EVT-0648,42,TRUE,DAY,YEAR_RANGE,,,DATE_RULE,TRUE
CEV-11292,COL-0080,EVT-0649,43,TRUE,DAY,YEAR_RANGE,,,DATE_RULE,TRUE
CEV-11293,COL-0080,EVT-0619,44,TRUE,DAY,YEAR_RANGE,,,DATE_RULE,TRUE
CEV-11294,COL-0080,EVT-0330,45,TRUE,RANGE,YEAR_RANGE,,,DATE_RULE,TRUE
CEV-11295,COL-0080,EVT-0065,46,TRUE,DAY,YEAR_RANGE,,,DATE_RULE,TRUE
CEV-11296,COL-0080,EVT-0650,47,TRUE,DAY,YEAR_RANGE,,,DATE_RULE,TRUE
CEV-11297,COL-0080,EVT-0651,48,TRUE,DAY,YEAR_RANGE,,,DATE_RULE,TRUE
CEV-11298,COL-0080,EVT-0423,49,TRUE,DAY,YEAR_RANGE,,,DATE_RULE,TRUE
CEV-11299,COL-0080,EVT-0620,50,TRUE,DAY,YEAR_RANGE,,,DATE_RULE,TRUE
CEV-11300,COL-0080,EVT-0652,51,TRUE,YEAR,YEAR_RANGE,,,DATE_RULE,TRUE
CEV-11301,COL-0080,EVT-1092,52,TRUE,YEAR,YEAR_RANGE,,,DATE_RULE,TRUE
CEV-11302,COL-0080,EVT-0653,53,TRUE,DAY,YEAR_RANGE,,,DATE_RULE,TRUE
CEV-11303,COL-0080,EVT-0424,54,TRUE,DAY,YEAR_RANGE,,,DATE_RULE,TRUE
CEV-11304,COL-0080,EVT-0621,55,TRUE,DAY,YEAR_RANGE,,,DATE_RULE,TRUE
CEV-11305,COL-0080,EVT-0654,56,TRUE,YEAR,YEAR_RANGE,,,DATE_RULE,TRUE
CEV-11306,COL-0080,EVT-0622,57,TRUE,DAY,YEAR_RANGE,,,DATE_RULE,TRUE
CEV-11307,COL-0080,EVT-0162,58,TRUE,MONTH,YEAR_RANGE,,,DATE_RULE,TRUE
CEV-11308,COL-0080,EVT-0426,59,TRUE,RANGE,YEAR_RANGE,,,DATE_RULE,TRUE
CEV-11309,COL-0080,EVT-0623,60,TRUE,DAY,YEAR_RANGE,,,DATE_RULE,TRUE
CEV-11310,COL-0080,EVT-1093,61,TRUE,YEAR,YEAR_RANGE,,,DATE_RULE,TRUE
CEV-11311,COL-0080,EVT-0425,62,TRUE,DAY,YEAR_RANGE,,,DATE_RULE,TRUE
CEV-11312,COL-0080,EVT-1094,63,TRUE,YEAR,YEAR_RANGE,,,DATE_RULE,TRUE
CEV-11313,COL-0080,EVT-0624,64,TRUE,YEAR,YEAR_RANGE,,,DATE_RULE,TRUE
CEV-11314,COL-0080,EVT-0655,65,TRUE,DAY,YEAR_RANGE,,,DATE_RULE,TRUE
CEV-11315,COL-0080,EVT-0656,66,TRUE,YEAR,YEAR_RANGE,,,DATE_RULE,TRUE
CEV-11316,COL-0080,EVT-1095,67,TRUE,YEAR,YEAR_RANGE,,,DATE_RULE,TRUE
CEV-11317,COL-0080,EVT-0163,68,TRUE,DAY,YEAR_RANGE,,,DATE_RULE,TRUE
CEV-11318,COL-0080,EVT-0625,69,TRUE,DAY,YEAR_RANGE,,,DATE_RULE,TRUE
CEV-11319,COL-0080,EVT-0167,70,TRUE,YEAR,YEAR_RANGE,,,DATE_RULE,TRUE
CEV-11320,COL-0080,EVT-0427,71,TRUE,DAY,YEAR_RANGE,,,DATE_RULE,TRUE
CEV-11321,COL-0080,EVT-0067,72,TRUE,RANGE,YEAR_RANGE,,,DATE_RULE,TRUE
CEV-11322,COL-0080,EVT-0074,73,TRUE,RANGE,YEAR_RANGE,,,DATE_RULE,TRUE
CEV-11323,COL-0080,EVT-0295,74,TRUE,DAY,YEAR_RANGE,,,DATE_RULE,TRUE
CEV-11324,COL-0080,EVT-0428,75,TRUE,DAY,YEAR_RANGE,,,DATE_RULE,TRUE
CEV-11325,COL-0080,EVT-0657,76,TRUE,YEAR,YEAR_RANGE,,,DATE_RULE,TRUE
CEV-11326,COL-0080,EVT-0658,77,TRUE,DAY,YEAR_RANGE,,,DATE_RULE,TRUE
CEV-11327,COL-0080,EVT-0659,78,TRUE,DAY,YEAR_RANGE,,,DATE_RULE,TRUE
CEV-11328,COL-0080,EVT-0066,79,TRUE,RANGE,YEAR_RANGE,,,DATE_RULE,TRUE
CEV-11329,COL-0080,EVT-0075,80,TRUE,DAY,YEAR_RANGE,,,DATE_RULE,TRUE
CEV-11330,COL-0080,EVT-0152,81,TRUE,MONTH,YEAR_RANGE,,,DATE_RULE,TRUE
CEV-11331,COL-0080,EVT-0153,82,TRUE,DAY,YEAR_RANGE,,,DATE_RULE,TRUE
CEV-11332,COL-0080,EVT-0660,83,TRUE,YEAR,YEAR_RANGE,,,DATE_RULE,TRUE
CEV-11333,COL-0080,EVT-0661,84,TRUE,YEAR,YEAR_RANGE,,,DATE_RULE,TRUE
CEV-11334,COL-0080,EVT-0626,85,TRUE,DAY,YEAR_RANGE,,,DATE_RULE,TRUE
CEV-11335,COL-0080,EVT-0367,86,TRUE,MONTH,YEAR_RANGE,,,DATE_RULE,TRUE
CEV-11336,COL-0080,EVT-1096,87,TRUE,DAY,YEAR_RANGE,,,DATE_RULE,TRUE
CEV-11337,COL-0080,EVT-0662,88,TRUE,YEAR,YEAR_RANGE,,,DATE_RULE,TRUE
CEV-11338,COL-0080,EVT-0156,89,TRUE,DAY,YEAR_RANGE,,,DATE_RULE,TRUE
CEV-11339,COL-0080,EVT-0154,90,TRUE,DAY,YEAR_RANGE,,,DATE_RULE,TRUE
CEV-11340,COL-0080,EVT-1097,91,TRUE,YEAR,YEAR_RANGE,,,DATE_RULE,TRUE
CEV-11341,COL-0080,EVT-0333,92,TRUE,MONTH,YEAR_RANGE,,,DATE_RULE,TRUE
CEV-11342,COL-0080,EVT-0076,93,TRUE,DAY,YEAR_RANGE,,,DATE_RULE,TRUE
CEV-11343,COL-0080,EVT-0429,94,TRUE,RANGE,YEAR_RANGE,,,DATE_RULE,TRUE
CEV-11344,COL-0080,EVT-0157,95,TRUE,DAY,YEAR_RANGE,,,DATE_RULE,TRUE
CEV-11345,COL-0080,EVT-0663,96,TRUE,DAY,YEAR_RANGE,,,DATE_RULE,TRUE
CEV-11346,COL-0080,EVT-0664,97,TRUE,DAY,YEAR_RANGE,,,DATE_RULE,TRUE
CEV-11347,COL-0080,EVT-1098,98,TRUE,DAY,YEAR_RANGE,,,DATE_RULE,TRUE
CEV-11348,COL-0080,EVT-0665,99,TRUE,DAY,YEAR_RANGE,,,DATE_RULE,TRUE
CEV-11349,COL-0080,EVT-0430,100,TRUE,DAY,YEAR_RANGE,,,DATE_RULE,TRUE
CEV-11350,COL-0080,EVT-0627,101,TRUE,DAY,YEAR_RANGE,,,DATE_RULE,TRUE
CEV-11351,COL-0080,EVT-0164,102,TRUE,YEAR,YEAR_RANGE,,,DATE_RULE,TRUE
CEV-11352,COL-0080,EVT-0666,103,TRUE,DAY,YEAR_RANGE,,,DATE_RULE,TRUE
CEV-11353,COL-0080,EVT-0077,104,TRUE,DAY,YEAR_RANGE,,,DATE_RULE,TRUE
CEV-11354,COL-0080,EVT-1099,105,TRUE,YEAR,YEAR_RANGE,,,DATE_RULE,TRUE
CEV-11355,COL-0080,EVT-1100,106,TRUE,YEAR,YEAR_RANGE,,,DATE_RULE,TRUE
CEV-11356,COL-0080,EVT-0667,107,TRUE,DAY,YEAR_RANGE,,,DATE_RULE,TRUE
CEV-11357,COL-0080,EVT-0158,108,TRUE,RANGE,YEAR_RANGE,,,DATE_RULE,TRUE
CEV-11358,COL-0080,EVT-0159,109,TRUE,YEAR,YEAR_RANGE,,,DATE_RULE,TRUE
CEV-11359,COL-0080,EVT-1101,110,TRUE,YEAR,YEAR_RANGE,,,DATE_RULE,TRUE
CEV-11360,COL-0080,EVT-0160,111,TRUE,YEAR,YEAR_RANGE,,,DATE_RULE,TRUE
CEV-11361,COL-0080,EVT-0668,112,TRUE,YEAR,YEAR_RANGE,,,DATE_RULE,TRUE
CEV-11362,COL-0080,EVT-1102,113,TRUE,YEAR,YEAR_RANGE,,,DATE_RULE,TRUE
CEV-11363,COL-0080,EVT-0669,114,TRUE,DAY,YEAR_RANGE,,,DATE_RULE,TRUE
CEV-11364,COL-0080,EVT-0670,115,TRUE,YEAR,YEAR_RANGE,,,DATE_RULE,TRUE
CEV-11365,COL-0080,EVT-0166,116,TRUE,RANGE,YEAR_RANGE,,,DATE_RULE,TRUE
CEV-11366,COL-0080,EVT-0671,117,TRUE,MONTH,YEAR_RANGE,,,DATE_RULE,TRUE
CEV-11367,COL-0080,EVT-0628,118,TRUE,DAY,YEAR_RANGE,,,DATE_RULE,TRUE
CEV-11368,COL-0080,EVT-0431,119,TRUE,RANGE,YEAR_RANGE,,,DATE_RULE,TRUE
CEV-11369,COL-0080,EVT-0165,120,TRUE,YEAR,YEAR_RANGE,,,DATE_RULE,TRUE
CEV-11370,COL-0080,EVT-0672,121,TRUE,DAY,YEAR_RANGE,,,DATE_RULE,TRUE
CEV-11371,COL-0080,EVT-0432,122,TRUE,YEAR,YEAR_RANGE,,,DATE_RULE,TRUE
CEV-11372,COL-0080,EVT-0629,123,TRUE,DAY,YEAR_RANGE,,,DATE_RULE,TRUE
CEV-11373,COL-0080,EVT-0673,124,TRUE,YEAR,YEAR_RANGE,,,DATE_RULE,TRUE
CEV-11374,COL-0080,EVT-1103,125,TRUE,YEAR,YEAR_RANGE,,,DATE_RULE,TRUE
CEV-11375,COL-0080,EVT-0674,126,TRUE,DAY,YEAR_RANGE,,,DATE_RULE,TRUE
CEV-11376,COL-0080,EVT-0630,127,TRUE,DAY,YEAR_RANGE,,,DATE_RULE,TRUE
CEV-11377,COL-0080,EVT-0675,128,TRUE,DAY,YEAR_RANGE,,,DATE_RULE,TRUE
CEV-11378,COL-0080,EVT-0433,129,TRUE,DAY,YEAR_RANGE,,,DATE_RULE,TRUE
CEV-11379,COL-0080,EVT-0676,130,TRUE,DAY,YEAR_RANGE,,,DATE_RULE,TRUE
CEV-11380,COL-0080,EVT-0631,131,TRUE,DAY,YEAR_RANGE,,,DATE_RULE,TRUE
CEV-11381,COL-0080,EVT-0632,132,TRUE,YEAR,YEAR_RANGE,,,DATE_RULE,TRUE
CEV-11382,COL-0080,EVT-0434,133,TRUE,DAY,YEAR_RANGE,,,DATE_RULE,TRUE
CEV-11383,COL-0080,EVT-0435,134,TRUE,DAY,YEAR_RANGE,,,DATE_RULE,TRUE
CEV-11384,COL-0080,EVT-1104,135,TRUE,YEAR,YEAR_RANGE,,,DATE_RULE,TRUE
CEV-11385,COL-0080,EVT-0677,136,TRUE,DAY,YEAR_RANGE,,,DATE_RULE,TRUE
CEV-11386,COL-0080,EVT-0436,137,TRUE,DAY,YEAR_RANGE,,,DATE_RULE,TRUE
CEV-11387,COL-0080,EVT-1105,138,TRUE,YEAR,YEAR_RANGE,,,DATE_RULE,TRUE
CEV-11388,COL-0080,EVT-0437,139,TRUE,DAY,YEAR_RANGE,,,DATE_RULE,TRUE
CEV-11389,COL-0080,EVT-0633,140,TRUE,DAY,YEAR_RANGE,,,DATE_RULE,TRUE
CEV-11390,COL-0080,EVT-0438,141,TRUE,DAY,YEAR_RANGE,,,DATE_RULE,TRUE
CEV-11391,COL-0080,EVT-1106,142,TRUE,YEAR,YEAR_RANGE,,,DATE_RULE,TRUE
CEV-11392,COL-0080,EVT-0678,143,TRUE,DAY,YEAR_RANGE,,,DATE_RULE,TRUE
CEV-11393,COL-0080,EVT-0161,144,TRUE,DAY,YEAR_RANGE,,,DATE_RULE,TRUE
CEV-11394,COL-0080,EVT-0634,145,TRUE,DAY,YEAR_RANGE,,,DATE_RULE,TRUE
CEV-11395,COL-0080,EVT-0334,146,TRUE,DAY,YEAR_RANGE,,,DATE_RULE,TRUE
CEV-11396,COL-0080,EVT-0348,147,TRUE,RANGE,YEAR_RANGE,,,DATE_RULE,TRUE
CEV-11397,COL-0080,EVT-0173,148,TRUE,DAY,YEAR_RANGE,,,DATE_RULE,TRUE
CEV-11398,COL-0080,EVT-0174,149,TRUE,RANGE,YEAR_RANGE,,,DATE_RULE,TRUE
CEV-11399,COL-0080,EVT-0175,150,TRUE,DAY,YEAR_RANGE,,,DATE_RULE,TRUE
CEV-11400,COL-0080,EVT-0337,151,TRUE,RANGE,YEAR_RANGE,,,DATE_RULE,TRUE
CEV-11401,COL-0081,EVT-1116,1,TRUE,YEAR,YEAR_RANGE,,,DATE_RULE,TRUE
CEV-11402,COL-0081,EVT-0728,2,TRUE,DAY,YEAR_RANGE,,,DATE_RULE,TRUE
CEV-11403,COL-0081,EVT-0729,3,TRUE,DAY,YEAR_RANGE,,,DATE_RULE,TRUE
CEV-11404,COL-0081,EVT-0079,4,TRUE,DAY,YEAR_RANGE,,,DATE_RULE,TRUE
CEV-11405,COL-0081,EVT-0681,5,TRUE,DAY,YEAR_RANGE,,,DATE_RULE,TRUE
CEV-11406,COL-0081,EVT-1117,6,TRUE,YEAR,YEAR_RANGE,,,DATE_RULE,TRUE
CEV-11407,COL-0081,EVT-0447,7,TRUE,DAY,YEAR_RANGE,,,DATE_RULE,TRUE
CEV-11408,COL-0081,EVT-0180,8,TRUE,DAY,YEAR_RANGE,,,DATE_RULE,TRUE
CEV-11409,COL-0081,EVT-0682,9,TRUE,DAY,YEAR_RANGE,,,DATE_RULE,TRUE
CEV-11410,COL-0081,EVT-0683,10,TRUE,DAY,YEAR_RANGE,,,DATE_RULE,TRUE
CEV-11411,COL-0081,EVT-0730,11,TRUE,DAY,YEAR_RANGE,,,DATE_RULE,TRUE
CEV-11412,COL-0081,EVT-0684,12,TRUE,DAY,YEAR_RANGE,,,DATE_RULE,TRUE
CEV-11413,COL-0081,EVT-1118,13,TRUE,YEAR,YEAR_RANGE,,,DATE_RULE,TRUE
CEV-11414,COL-0081,EVT-1119,14,TRUE,YEAR,YEAR_RANGE,,,DATE_RULE,TRUE
CEV-11415,COL-0081,EVT-0731,15,TRUE,DAY,YEAR_RANGE,,,DATE_RULE,TRUE
CEV-11416,COL-0081,EVT-1120,16,TRUE,YEAR,YEAR_RANGE,,,DATE_RULE,TRUE
CEV-11417,COL-0081,EVT-0685,17,TRUE,DAY,YEAR_RANGE,,,DATE_RULE,TRUE
CEV-11418,COL-0081,EVT-1121,18,TRUE,YEAR,YEAR_RANGE,,,DATE_RULE,TRUE
CEV-11419,COL-0081,EVT-1122,19,TRUE,YEAR,YEAR_RANGE,,,DATE_RULE,TRUE
CEV-11420,COL-0081,EVT-0732,20,TRUE,DAY,YEAR_RANGE,,,DATE_RULE,TRUE
CEV-11421,COL-0081,EVT-0686,21,TRUE,DAY,YEAR_RANGE,,,DATE_RULE,TRUE
CEV-11422,COL-0081,EVT-0687,22,TRUE,DAY,YEAR_RANGE,,,DATE_RULE,TRUE
CEV-11423,COL-0081,EVT-0181,23,TRUE,RANGE,YEAR_RANGE,,,DATE_RULE,TRUE
CEV-11424,COL-0081,EVT-0182,24,TRUE,DAY,YEAR_RANGE,,,DATE_RULE,TRUE
CEV-11425,COL-0081,EVT-0448,25,TRUE,DAY,YEAR_RANGE,,,DATE_RULE,TRUE
CEV-11426,COL-0081,EVT-1123,26,TRUE,YEAR,YEAR_RANGE,,,DATE_RULE,TRUE
CEV-11427,COL-0081,EVT-0733,27,TRUE,DAY,YEAR_RANGE,,,DATE_RULE,TRUE
CEV-11428,COL-0081,EVT-0734,28,TRUE,DAY,YEAR_RANGE,,,DATE_RULE,TRUE
CEV-11429,COL-0081,EVT-0262,29,TRUE,YEAR,YEAR_RANGE,,,DATE_RULE,TRUE
CEV-11430,COL-0081,EVT-0735,30,TRUE,DAY,YEAR_RANGE,,,DATE_RULE,TRUE
CEV-11431,COL-0081,EVT-0010,31,TRUE,RANGE,YEAR_RANGE,,,DATE_RULE,TRUE
CEV-11432,COL-0081,EVT-1124,32,TRUE,YEAR,YEAR_RANGE,,,DATE_RULE,TRUE
CEV-11433,COL-0081,EVT-0736,33,TRUE,DAY,YEAR_RANGE,,,DATE_RULE,TRUE
CEV-11434,COL-0081,EVT-0449,34,TRUE,DAY,YEAR_RANGE,,,DATE_RULE,TRUE
CEV-11435,COL-0081,EVT-0737,35,TRUE,DAY,YEAR_RANGE,,,DATE_RULE,TRUE
CEV-11436,COL-0081,EVT-0183,36,TRUE,MONTH,YEAR_RANGE,,,DATE_RULE,TRUE
CEV-11437,COL-0081,EVT-0688,37,TRUE,DAY,YEAR_RANGE,,,DATE_RULE,TRUE
CEV-11438,COL-0081,EVT-0689,38,TRUE,DAY,YEAR_RANGE,,,DATE_RULE,TRUE
CEV-11439,COL-0081,EVT-0690,39,TRUE,DAY,YEAR_RANGE,,,DATE_RULE,TRUE
CEV-11440,COL-0081,EVT-1125,40,TRUE,YEAR,YEAR_RANGE,,,DATE_RULE,TRUE
CEV-11441,COL-0081,EVT-0691,41,TRUE,DAY,YEAR_RANGE,,,DATE_RULE,TRUE
CEV-11442,COL-0081,EVT-0738,42,TRUE,DAY,YEAR_RANGE,,,DATE_RULE,TRUE
CEV-11443,COL-0081,EVT-1126,43,TRUE,YEAR,YEAR_RANGE,,,DATE_RULE,TRUE
CEV-11444,COL-0081,EVT-1127,44,TRUE,YEAR,YEAR_RANGE,,,DATE_RULE,TRUE
CEV-11445,COL-0081,EVT-0739,45,TRUE,DAY,YEAR_RANGE,,,DATE_RULE,TRUE
CEV-11446,COL-0081,EVT-1128,46,TRUE,YEAR,YEAR_RANGE,,,DATE_RULE,TRUE
CEV-11447,COL-0081,EVT-0184,47,TRUE,RANGE,YEAR_RANGE,,,DATE_RULE,TRUE
CEV-11448,COL-0081,EVT-0451,48,TRUE,DAY,YEAR_RANGE,,,DATE_RULE,TRUE
CEV-11449,COL-0081,EVT-0452,49,TRUE,DAY,YEAR_RANGE,,,DATE_RULE,TRUE
CEV-11450,COL-0081,EVT-1129,50,TRUE,YEAR,YEAR_RANGE,,,DATE_RULE,TRUE
CEV-11451,COL-0081,EVT-0453,51,TRUE,RANGE,YEAR_RANGE,,,DATE_RULE,TRUE
CEV-11452,COL-0081,EVT-0740,52,TRUE,DAY,YEAR_RANGE,,,DATE_RULE,TRUE
CEV-11453,COL-0081,EVT-1130,53,TRUE,YEAR,YEAR_RANGE,,,DATE_RULE,TRUE
CEV-11454,COL-0081,EVT-1131,54,TRUE,YEAR,YEAR_RANGE,,,DATE_RULE,TRUE
CEV-11455,COL-0081,EVT-0454,55,TRUE,DAY,YEAR_RANGE,,,DATE_RULE,TRUE
CEV-11456,COL-0081,EVT-0450,56,TRUE,DAY,YEAR_RANGE,,,DATE_RULE,TRUE
CEV-11457,COL-0081,EVT-1132,57,TRUE,YEAR,YEAR_RANGE,,,DATE_RULE,TRUE
CEV-11458,COL-0081,EVT-0455,58,TRUE,DAY,YEAR_RANGE,,,DATE_RULE,TRUE
CEV-11459,COL-0081,EVT-0548,59,TRUE,DAY,YEAR_RANGE,,,DATE_RULE,TRUE
CEV-11460,COL-0081,EVT-0263,60,TRUE,YEAR,YEAR_RANGE,,,DATE_RULE,TRUE
CEV-11461,COL-0081,EVT-0283,61,TRUE,YEAR,YEAR_RANGE,,,DATE_RULE,TRUE
CEV-11462,COL-0081,EVT-1133,62,TRUE,YEAR,YEAR_RANGE,,,DATE_RULE,TRUE
CEV-11463,COL-0081,EVT-1134,63,TRUE,YEAR,YEAR_RANGE,,,DATE_RULE,TRUE
CEV-11464,COL-0081,EVT-0741,64,TRUE,DAY,YEAR_RANGE,,,DATE_RULE,TRUE
CEV-11465,COL-0081,EVT-1135,65,TRUE,DAY,YEAR_RANGE,,,DATE_RULE,TRUE
CEV-11466,COL-0081,EVT-0693,66,TRUE,DAY,YEAR_RANGE,,,DATE_RULE,TRUE
CEV-11467,COL-0081,EVT-0694,67,TRUE,DAY,YEAR_RANGE,,,DATE_RULE,TRUE
CEV-11468,COL-0081,EVT-0264,68,TRUE,YEAR,YEAR_RANGE,,,DATE_RULE,TRUE
CEV-11469,COL-0081,EVT-1136,69,TRUE,YEAR,YEAR_RANGE,,,DATE_RULE,TRUE
CEV-11470,COL-0081,EVT-1137,70,TRUE,YEAR,YEAR_RANGE,,,DATE_RULE,TRUE
CEV-11471,COL-0081,EVT-0742,71,TRUE,DAY,YEAR_RANGE,,,DATE_RULE,TRUE
CEV-11472,COL-0081,EVT-0743,72,TRUE,DAY,YEAR_RANGE,,,DATE_RULE,TRUE
CEV-11473,COL-0081,EVT-0695,73,TRUE,DAY,YEAR_RANGE,,,DATE_RULE,TRUE
CEV-11474,COL-0081,EVT-1138,74,TRUE,DAY,YEAR_RANGE,,,DATE_RULE,TRUE
CEV-11475,COL-0081,EVT-1139,75,TRUE,YEAR,YEAR_RANGE,,,DATE_RULE,TRUE
CEV-11476,COL-0081,EVT-0456,76,TRUE,DAY,YEAR_RANGE,,,DATE_RULE,TRUE
CEV-11477,COL-0081,EVT-0457,77,TRUE,RANGE,YEAR_RANGE,,,DATE_RULE,TRUE
CEV-11478,COL-0081,EVT-1140,78,TRUE,YEAR,YEAR_RANGE,,,DATE_RULE,TRUE
CEV-11479,COL-0081,EVT-1141,79,TRUE,YEAR,YEAR_RANGE,,,DATE_RULE,TRUE
CEV-11480,COL-0081,EVT-0744,80,TRUE,DAY,YEAR_RANGE,,,DATE_RULE,TRUE
CEV-11481,COL-0081,EVT-0696,81,TRUE,DAY,YEAR_RANGE,,,DATE_RULE,TRUE
CEV-11482,COL-0081,EVT-0745,82,TRUE,DAY,YEAR_RANGE,,,DATE_RULE,TRUE
CEV-11483,COL-0081,EVT-0350,83,TRUE,YEAR,YEAR_RANGE,,,DATE_RULE,TRUE
CEV-11484,COL-0081,EVT-1142,84,TRUE,YEAR,YEAR_RANGE,,,DATE_RULE,TRUE
CEV-11485,COL-0081,EVT-0697,85,TRUE,DAY,YEAR_RANGE,,,DATE_RULE,TRUE
CEV-11486,COL-0081,EVT-0185,86,TRUE,RANGE,YEAR_RANGE,,,DATE_RULE,TRUE
CEV-11487,COL-0081,EVT-0186,87,TRUE,DAY,YEAR_RANGE,,,DATE_RULE,TRUE
CEV-11488,COL-0081,EVT-0187,88,TRUE,DAY,YEAR_RANGE,,,DATE_RULE,TRUE
CEV-11489,COL-0081,EVT-0188,89,TRUE,DAY,YEAR_RANGE,,,DATE_RULE,TRUE
CEV-11490,COL-0081,EVT-0458,90,TRUE,RANGE,YEAR_RANGE,,,DATE_RULE,TRUE
CEV-11491,COL-0081,EVT-0698,91,TRUE,DAY,YEAR_RANGE,,,DATE_RULE,TRUE
CEV-11492,COL-0081,EVT-0189,92,TRUE,DAY,YEAR_RANGE,,,DATE_RULE,TRUE
CEV-11493,COL-0081,EVT-0190,93,TRUE,DAY,YEAR_RANGE,,,DATE_RULE,TRUE
CEV-11494,COL-0081,EVT-0191,94,TRUE,DAY,YEAR_RANGE,,,DATE_RULE,TRUE
CEV-11495,COL-0081,EVT-1143,95,TRUE,YEAR,YEAR_RANGE,,,DATE_RULE,TRUE
CEV-11496,COL-0081,EVT-0746,96,TRUE,DAY,YEAR_RANGE,,,DATE_RULE,TRUE
CEV-11497,COL-0081,EVT-0194,97,TRUE,RANGE,YEAR_RANGE,,,DATE_RULE,TRUE
CEV-11498,COL-0081,EVT-1144,98,TRUE,YEAR,YEAR_RANGE,,,DATE_RULE,TRUE
CEV-11499,COL-0081,EVT-0747,99,TRUE,DAY,YEAR_RANGE,,,DATE_RULE,TRUE
CEV-11500,COL-0081,EVT-1145,100,TRUE,DAY,YEAR_RANGE,,,DATE_RULE,TRUE
CEV-11501,COL-0081,EVT-0459,101,TRUE,DAY,YEAR_RANGE,,,DATE_RULE,TRUE
CEV-11502,COL-0081,EVT-0195,102,TRUE,YEAR,YEAR_RANGE,,,DATE_RULE,TRUE
CEV-11503,COL-0081,EVT-1146,103,TRUE,YEAR,YEAR_RANGE,,,DATE_RULE,TRUE
CEV-11504,COL-0081,EVT-0460,104,TRUE,DAY,YEAR_RANGE,,,DATE_RULE,TRUE
CEV-11505,COL-0081,EVT-0192,105,TRUE,RANGE,YEAR_RANGE,,,DATE_RULE,TRUE
CEV-11506,COL-0081,EVT-1147,106,TRUE,YEAR,YEAR_RANGE,,,DATE_RULE,TRUE
CEV-11507,COL-0081,EVT-0193,107,TRUE,DAY,YEAR_RANGE,,,DATE_RULE,TRUE
CEV-11508,COL-0081,EVT-0699,108,TRUE,DAY,YEAR_RANGE,,,DATE_RULE,TRUE
CEV-11509,COL-0081,EVT-0461,109,TRUE,RANGE,YEAR_RANGE,,,DATE_RULE,TRUE
CEV-11510,COL-0081,EVT-0748,110,TRUE,DAY,YEAR_RANGE,,,DATE_RULE,TRUE
CEV-11511,COL-0081,EVT-1148,111,TRUE,DAY,YEAR_RANGE,,,DATE_RULE,TRUE
CEV-11512,COL-0081,EVT-1149,112,TRUE,YEAR,YEAR_RANGE,,,DATE_RULE,TRUE
CEV-11513,COL-0081,EVT-0462,113,TRUE,DAY,YEAR_RANGE,,,DATE_RULE,TRUE
CEV-11514,COL-0081,EVT-1150,114,TRUE,YEAR,YEAR_RANGE,,,DATE_RULE,TRUE
CEV-11515,COL-0081,EVT-0463,115,TRUE,DAY,YEAR_RANGE,,,DATE_RULE,TRUE
CEV-11516,COL-0081,EVT-0464,116,TRUE,DAY,YEAR_RANGE,,,DATE_RULE,TRUE
CEV-11517,COL-0081,EVT-0749,117,TRUE,DAY,YEAR_RANGE,,,DATE_RULE,TRUE
CEV-11518,COL-0081,EVT-0750,118,TRUE,DAY,YEAR_RANGE,,,DATE_RULE,TRUE
CEV-11519,COL-0081,EVT-0700,119,TRUE,DAY,YEAR_RANGE,,,DATE_RULE,TRUE
CEV-11520,COL-0081,EVT-0198,120,TRUE,YEAR,YEAR_RANGE,,,DATE_RULE,TRUE
CEV-11521,COL-0081,EVT-1151,121,TRUE,YEAR,YEAR_RANGE,,,DATE_RULE,TRUE
CEV-11522,COL-0081,EVT-0197,122,TRUE,DAY,YEAR_RANGE,,,DATE_RULE,TRUE
CEV-11523,COL-0081,EVT-0751,123,TRUE,DAY,YEAR_RANGE,,,DATE_RULE,TRUE
CEV-11524,COL-0081,EVT-1152,124,TRUE,YEAR,YEAR_RANGE,,,DATE_RULE,TRUE
CEV-11525,COL-0081,EVT-0701,125,TRUE,DAY,YEAR_RANGE,,,DATE_RULE,TRUE
CEV-11526,COL-0081,EVT-0465,126,TRUE,DAY,YEAR_RANGE,,,DATE_RULE,TRUE
CEV-11527,COL-0081,EVT-0466,127,TRUE,RANGE,YEAR_RANGE,,,DATE_RULE,TRUE
CEV-11528,COL-0081,EVT-0086,128,TRUE,DAY,YEAR_RANGE,,,DATE_RULE,TRUE
CEV-11529,COL-0081,EVT-1153,129,TRUE,YEAR,YEAR_RANGE,,,DATE_RULE,TRUE
CEV-11530,COL-0081,EVT-0702,130,TRUE,MONTH,YEAR_RANGE,,,DATE_RULE,TRUE
CEV-11531,COL-0081,EVT-0752,131,TRUE,DAY,YEAR_RANGE,,,DATE_RULE,TRUE
CEV-11532,COL-0081,EVT-0467,132,TRUE,DAY,YEAR_RANGE,,,DATE_RULE,TRUE
CEV-11533,COL-0081,EVT-0703,133,TRUE,DAY,YEAR_RANGE,,,DATE_RULE,TRUE
CEV-11534,COL-0081,EVT-0468,134,TRUE,RANGE,YEAR_RANGE,,,DATE_RULE,TRUE
CEV-11535,COL-0081,EVT-1154,135,TRUE,YEAR,YEAR_RANGE,,,DATE_RULE,TRUE
CEV-11536,COL-0081,EVT-0196,136,TRUE,DAY,YEAR_RANGE,,,DATE_RULE,TRUE
CEV-11537,COL-0081,EVT-0470,137,TRUE,DAY,YEAR_RANGE,,,DATE_RULE,TRUE
CEV-11538,COL-0081,EVT-0469,138,TRUE,DAY,YEAR_RANGE,,,DATE_RULE,TRUE
CEV-11539,COL-0081,EVT-0705,139,TRUE,DAY,YEAR_RANGE,,,DATE_RULE,TRUE
CEV-11540,COL-0081,EVT-0706,140,TRUE,DAY,YEAR_RANGE,,,DATE_RULE,TRUE
CEV-11541,COL-0081,EVT-0704,141,TRUE,YEAR,YEAR_RANGE,,,DATE_RULE,TRUE
CEV-11542,COL-0081,EVT-0753,142,TRUE,DAY,YEAR_RANGE,,,DATE_RULE,TRUE
CEV-11543,COL-0081,EVT-0707,143,TRUE,DAY,YEAR_RANGE,,,DATE_RULE,TRUE
CEV-11544,COL-0081,EVT-1155,144,TRUE,YEAR,YEAR_RANGE,,,DATE_RULE,TRUE
CEV-11545,COL-0081,EVT-0754,145,TRUE,DAY,YEAR_RANGE,,,DATE_RULE,TRUE
CEV-11546,COL-0081,EVT-0708,146,TRUE,DAY,YEAR_RANGE,,,DATE_RULE,TRUE
CEV-11547,COL-0081,EVT-1156,147,TRUE,YEAR,YEAR_RANGE,,,DATE_RULE,TRUE
CEV-11548,COL-0081,EVT-0709,148,TRUE,DAY,YEAR_RANGE,,,DATE_RULE,TRUE
CEV-11549,COL-0081,EVT-0710,149,TRUE,DAY,YEAR_RANGE,,,DATE_RULE,TRUE
CEV-11550,COL-0081,EVT-0711,150,TRUE,DAY,YEAR_RANGE,,,DATE_RULE,TRUE
CEV-11551,COL-0081,EVT-0471,151,TRUE,DAY,YEAR_RANGE,,,DATE_RULE,TRUE
CEV-11552,COL-0081,EVT-0351,152,TRUE,RANGE,YEAR_RANGE,,,DATE_RULE,TRUE
CEV-11553,COL-0081,EVT-0352,153,TRUE,RANGE,YEAR_RANGE,,,DATE_RULE,TRUE
CEV-11554,COL-0081,EVT-0472,154,TRUE,RANGE,YEAR_RANGE,,,DATE_RULE,TRUE
CEV-11555,COL-0081,EVT-0473,155,TRUE,DAY,YEAR_RANGE,,,DATE_RULE,TRUE
CEV-11556,COL-0081,EVT-0353,156,TRUE,DAY,YEAR_RANGE,,,DATE_RULE,TRUE
CEV-11557,COL-0081,EVT-1157,157,TRUE,YEAR,YEAR_RANGE,,,DATE_RULE,TRUE
CEV-11558,COL-0081,EVT-0199,158,TRUE,DAY,YEAR_RANGE,,,DATE_RULE,TRUE
CEV-11559,COL-0081,EVT-0200,159,TRUE,DAY,YEAR_RANGE,,,DATE_RULE,TRUE
CEV-11560,COL-0081,EVT-0201,160,TRUE,DAY,YEAR_RANGE,,,DATE_RULE,TRUE
CEV-11561,COL-0081,EVT-0202,161,TRUE,DAY,YEAR_RANGE,,,DATE_RULE,TRUE
CEV-11562,COL-0081,EVT-0203,162,TRUE,DAY,YEAR_RANGE,,,DATE_RULE,TRUE
CEV-11563,COL-0081,EVT-0474,163,TRUE,DAY,YEAR_RANGE,,,DATE_RULE,TRUE
CEV-11564,COL-0081,EVT-0204,164,TRUE,RANGE,YEAR_RANGE,,,DATE_RULE,TRUE
CEV-11565,COL-0081,EVT-0205,165,TRUE,DAY,YEAR_RANGE,,,DATE_RULE,TRUE
CEV-11566,COL-0081,EVT-0755,166,TRUE,DAY,YEAR_RANGE,,,DATE_RULE,TRUE
CEV-11567,COL-0081,EVT-1158,167,TRUE,YEAR,YEAR_RANGE,,,DATE_RULE,TRUE
CEV-11568,COL-0081,EVT-0313,168,TRUE,DAY,YEAR_RANGE,,,DATE_RULE,TRUE
CEV-11569,COL-0081,EVT-1159,169,TRUE,YEAR,YEAR_RANGE,,,DATE_RULE,TRUE
CEV-11570,COL-0081,EVT-0756,170,TRUE,DAY,YEAR_RANGE,,,DATE_RULE,TRUE
CEV-11571,COL-0081,EVT-0712,171,TRUE,DAY,YEAR_RANGE,,,DATE_RULE,TRUE
CEV-11572,COL-0081,EVT-1160,172,TRUE,YEAR,YEAR_RANGE,,,DATE_RULE,TRUE
CEV-11573,COL-0081,EVT-1161,173,TRUE,YEAR,YEAR_RANGE,,,DATE_RULE,TRUE
CEV-11574,COL-0081,EVT-0713,174,TRUE,DAY,YEAR_RANGE,,,DATE_RULE,TRUE
CEV-11575,COL-0081,EVT-0757,175,TRUE,DAY,YEAR_RANGE,,,DATE_RULE,TRUE
CEV-11576,COL-0081,EVT-0758,176,TRUE,DAY,YEAR_RANGE,,,DATE_RULE,TRUE
CEV-11577,COL-0081,EVT-0759,177,TRUE,DAY,YEAR_RANGE,,,DATE_RULE,TRUE
CEV-11578,COL-0081,EVT-0760,178,TRUE,DAY,YEAR_RANGE,,,DATE_RULE,TRUE
CEV-11579,COL-0081,EVT-1162,179,TRUE,YEAR,YEAR_RANGE,,,DATE_RULE,TRUE
CEV-11580,COL-0081,EVT-1163,180,TRUE,YEAR,YEAR_RANGE,,,DATE_RULE,TRUE
CEV-11581,COL-0081,EVT-0714,181,TRUE,DAY,YEAR_RANGE,,,DATE_RULE,TRUE
CEV-11582,COL-0081,EVT-1164,182,TRUE,YEAR,YEAR_RANGE,,,DATE_RULE,TRUE
CEV-11583,COL-0081,EVT-1165,183,TRUE,YEAR,YEAR_RANGE,,,DATE_RULE,TRUE
CEV-11584,COL-0081,EVT-1166,184,TRUE,YEAR,YEAR_RANGE,,,DATE_RULE,TRUE
CEV-11585,COL-0081,EVT-0002,185,TRUE,DAY,YEAR_RANGE,,,DATE_RULE,TRUE
CEV-11586,COL-0081,EVT-1167,186,TRUE,YEAR,YEAR_RANGE,,,DATE_RULE,TRUE
CEV-11587,COL-0081,EVT-0761,187,TRUE,DAY,YEAR_RANGE,,,DATE_RULE,TRUE
CEV-11588,COL-0081,EVT-0762,188,TRUE,DAY,YEAR_RANGE,,,DATE_RULE,TRUE
CEV-11589,COL-0081,EVT-0003,189,TRUE,DAY,YEAR_RANGE,,,DATE_RULE,TRUE
CEV-11590,COL-0081,EVT-0004,190,TRUE,DAY,YEAR_RANGE,,,DATE_RULE,TRUE
CEV-11591,COL-0081,EVT-0763,191,TRUE,DAY,YEAR_RANGE,,,DATE_RULE,TRUE
CEV-11592,COL-0081,EVT-0764,192,TRUE,DAY,YEAR_RANGE,,,DATE_RULE,TRUE
CEV-11593,COL-0081,EVT-1168,193,TRUE,YEAR,YEAR_RANGE,,,DATE_RULE,TRUE
CEV-11594,COL-0081,EVT-0716,194,TRUE,DAY,YEAR_RANGE,,,DATE_RULE,TRUE
CEV-11595,COL-0081,EVT-1169,195,TRUE,YEAR,YEAR_RANGE,,,DATE_RULE,TRUE
CEV-11596,COL-0081,EVT-1170,196,TRUE,YEAR,YEAR_RANGE,,,DATE_RULE,TRUE
CEV-11597,COL-0081,EVT-0476,197,TRUE,DAY,YEAR_RANGE,,,DATE_RULE,TRUE
CEV-11598,COL-0081,EVT-0273,198,TRUE,RANGE,YEAR_RANGE,,,DATE_RULE,TRUE
CEV-11599,COL-0081,EVT-1171,199,TRUE,YEAR,YEAR_RANGE,,,DATE_RULE,TRUE
CEV-11600,COL-0081,EVT-0274,200,TRUE,DAY,YEAR_RANGE,,,DATE_RULE,TRUE
CEV-11601,COL-0081,EVT-0224,201,TRUE,DAY,YEAR_RANGE,,,DATE_RULE,TRUE
CEV-11602,COL-0081,EVT-0765,202,TRUE,DAY,YEAR_RANGE,,,DATE_RULE,TRUE
CEV-11603,COL-0081,EVT-0717,203,TRUE,DAY,YEAR_RANGE,,,DATE_RULE,TRUE
CEV-11604,COL-0081,EVT-1173,204,TRUE,YEAR,YEAR_RANGE,,,DATE_RULE,TRUE
CEV-11605,COL-0081,EVT-0718,205,TRUE,DAY,YEAR_RANGE,,,DATE_RULE,TRUE
CEV-11606,COL-0081,EVT-0766,206,TRUE,DAY,YEAR_RANGE,,,DATE_RULE,TRUE
CEV-11607,COL-0081,EVT-1172,207,TRUE,DAY,YEAR_RANGE,,,DATE_RULE,TRUE
CEV-11608,COL-0081,EVT-0719,208,TRUE,DAY,YEAR_RANGE,,,DATE_RULE,TRUE
CEV-11609,COL-0081,EVT-0767,209,TRUE,YEAR,YEAR_RANGE,,,DATE_RULE,TRUE
CEV-11610,COL-0081,EVT-1174,210,TRUE,YEAR,YEAR_RANGE,,,DATE_RULE,TRUE
CEV-11611,COL-0081,EVT-1175,211,TRUE,YEAR,YEAR_RANGE,,,DATE_RULE,TRUE
CEV-11612,COL-0081,EVT-1176,212,TRUE,YEAR,YEAR_RANGE,,,DATE_RULE,TRUE
CEV-11613,COL-0081,EVT-1178,213,TRUE,YEAR,YEAR_RANGE,,,DATE_RULE,TRUE
CEV-11614,COL-0081,EVT-1177,214,TRUE,DAY,YEAR_RANGE,,,DATE_RULE,TRUE
CEV-11615,COL-0081,EVT-0720,215,TRUE,YEAR,YEAR_RANGE,,,DATE_RULE,TRUE
CEV-11616,COL-0081,EVT-1179,216,TRUE,YEAR,YEAR_RANGE,,,DATE_RULE,TRUE
CEV-11617,COL-0081,EVT-0477,217,TRUE,DAY,YEAR_RANGE,,,DATE_RULE,TRUE
CEV-11618,COL-0081,EVT-0226,218,TRUE,DAY,YEAR_RANGE,,,DATE_RULE,TRUE
CEV-11619,COL-0081,EVT-0768,219,TRUE,DAY,YEAR_RANGE,,,DATE_RULE,TRUE
CEV-11620,COL-0081,EVT-0769,220,TRUE,DAY,YEAR_RANGE,,,DATE_RULE,TRUE
CEV-11621,COL-0081,EVT-0770,221,TRUE,DAY,YEAR_RANGE,,,DATE_RULE,TRUE
CEV-11622,COL-0081,EVT-1180,222,TRUE,YEAR,YEAR_RANGE,,,DATE_RULE,TRUE
CEV-11623,COL-0081,EVT-1181,223,TRUE,YEAR,YEAR_RANGE,,,DATE_RULE,TRUE
CEV-11624,COL-0081,EVT-0225,224,TRUE,DAY,YEAR_RANGE,,,DATE_RULE,TRUE
CEV-11625,COL-0081,EVT-0771,225,TRUE,DAY,YEAR_RANGE,,,DATE_RULE,TRUE
CEV-11626,COL-0081,EVT-0772,226,TRUE,DAY,YEAR_RANGE,,,DATE_RULE,TRUE
CEV-11627,COL-0081,EVT-1182,227,TRUE,YEAR,YEAR_RANGE,,,DATE_RULE,TRUE
CEV-11628,COL-0081,EVT-0773,228,TRUE,DAY,YEAR_RANGE,,,DATE_RULE,TRUE
CEV-11629,COL-0081,EVT-0001,229,TRUE,DAY,YEAR_RANGE,,,DATE_RULE,TRUE
CEV-11630,COL-0081,EVT-0774,230,TRUE,YEAR,YEAR_RANGE,,,DATE_RULE,TRUE
CEV-11631,COL-0081,EVT-1183,231,TRUE,YEAR,YEAR_RANGE,,,DATE_RULE,TRUE
CEV-11632,COL-0081,EVT-0775,232,TRUE,DAY,YEAR_RANGE,,,DATE_RULE,TRUE
CEV-11633,COL-0081,EVT-0721,233,TRUE,DAY,YEAR_RANGE,,,DATE_RULE,TRUE
CEV-11634,COL-0081,EVT-1184,234,TRUE,YEAR,YEAR_RANGE,,,DATE_RULE,TRUE
CEV-11635,COL-0081,EVT-1185,235,TRUE,YEAR,YEAR_RANGE,,,DATE_RULE,TRUE
CEV-11636,COL-0081,EVT-0082,236,TRUE,DAY,YEAR_RANGE,,,DATE_RULE,TRUE
CEV-11637,COL-0081,EVT-1030,237,TRUE,DAY,YEAR_RANGE,,,DATE_RULE,TRUE
CEV-11638,COL-0081,EVT-0722,238,TRUE,DAY,YEAR_RANGE,,,DATE_RULE,TRUE
CEV-11639,COL-0081,EVT-0723,239,TRUE,DAY,YEAR_RANGE,,,DATE_RULE,TRUE
CEV-11640,COL-0081,EVT-1186,240,TRUE,YEAR,YEAR_RANGE,,,DATE_RULE,TRUE
CEV-11641,COL-0081,EVT-1187,241,TRUE,YEAR,YEAR_RANGE,,,DATE_RULE,TRUE
CEV-11642,COL-0081,EVT-1188,242,TRUE,YEAR,YEAR_RANGE,,,DATE_RULE,TRUE
CEV-11643,COL-0081,EVT-1189,243,TRUE,YEAR,YEAR_RANGE,,,DATE_RULE,TRUE
CEV-11644,COL-0081,EVT-0322,244,TRUE,RANGE,YEAR_RANGE,,,DATE_RULE,TRUE
CEV-11645,COL-0081,EVT-0323,245,TRUE,DAY,YEAR_RANGE,,,DATE_RULE,TRUE
CEV-11646,COL-0081,EVT-0724,246,TRUE,DAY,YEAR_RANGE,,,DATE_RULE,TRUE
CEV-11647,COL-0081,EVT-0725,247,TRUE,YEAR,YEAR_RANGE,,,DATE_RULE,TRUE
CEV-11648,COL-0081,EVT-1191,248,TRUE,YEAR,YEAR_RANGE,,,DATE_RULE,TRUE
CEV-11649,COL-0081,EVT-1190,249,TRUE,DAY,YEAR_RANGE,,,DATE_RULE,TRUE
CEV-11650,COL-0081,EVT-1031,250,TRUE,DAY,YEAR_RANGE,,,DATE_RULE,TRUE
CEV-11651,COL-0081,EVT-1032,251,TRUE,DAY,YEAR_RANGE,,,DATE_RULE,TRUE
CEV-11652,COL-0081,EVT-0083,252,TRUE,DAY,YEAR_RANGE,,,DATE_RULE,TRUE
CEV-11653,COL-0081,EVT-0726,253,TRUE,DAY,YEAR_RANGE,,,DATE_RULE,TRUE
CEV-11654,COL-0081,EVT-0324,254,TRUE,MONTH,YEAR_RANGE,,,DATE_RULE,TRUE
CEV-11655,COL-0081,EVT-0475,255,TRUE,RANGE,YEAR_RANGE,,,DATE_RULE,TRUE
CEV-11656,COL-0081,EVT-0325,256,TRUE,MONTH,YEAR_RANGE,,,DATE_RULE,TRUE
CEV-11657,COL-0081,EVT-1192,257,TRUE,YEAR,YEAR_RANGE,,,DATE_RULE,TRUE
CEV-11658,COL-0081,EVT-1033,258,TRUE,DAY,YEAR_RANGE,,,DATE_RULE,TRUE
CEV-11659,COL-0081,EVT-1034,259,TRUE,DAY,YEAR_RANGE,,,DATE_RULE,TRUE
CEV-11660,COL-0081,EVT-1035,260,TRUE,MONTH,YEAR_RANGE,,,DATE_RULE,TRUE
CEV-11661,COL-0081,EVT-1193,261,TRUE,YEAR,YEAR_RANGE,,,DATE_RULE,TRUE
CEV-11662,COL-0081,EVT-1194,262,TRUE,YEAR,YEAR_RANGE,,,DATE_RULE,TRUE
CEV-11663,COL-0081,EVT-0227,263,TRUE,DAY,YEAR_RANGE,,,DATE_RULE,TRUE
CEV-11664,COL-0081,EVT-0087,264,TRUE,DAY,YEAR_RANGE,,,DATE_RULE,TRUE
CEV-11665,COL-0081,EVT-0727,265,TRUE,DAY,YEAR_RANGE,,,DATE_RULE,TRUE
CEV-11666,COL-0082,EVT-1195,1,TRUE,YEAR,YEAR_RANGE,,,DATE_RULE,TRUE
CEV-11667,COL-0082,EVT-0824,2,TRUE,DAY,YEAR_RANGE,,,DATE_RULE,TRUE
CEV-11668,COL-0082,EVT-0825,3,TRUE,DAY,YEAR_RANGE,,,DATE_RULE,TRUE
CEV-11669,COL-0082,EVT-0776,4,TRUE,DAY,YEAR_RANGE,,,DATE_RULE,TRUE
CEV-11670,COL-0082,EVT-1196,5,TRUE,YEAR,YEAR_RANGE,,,DATE_RULE,TRUE
CEV-11671,COL-0082,EVT-0826,6,TRUE,DAY,YEAR_RANGE,,,DATE_RULE,TRUE
CEV-11672,COL-0082,EVT-0827,7,TRUE,DAY,YEAR_RANGE,,,DATE_RULE,TRUE
CEV-11673,COL-0082,EVT-0828,8,TRUE,DAY,YEAR_RANGE,,,DATE_RULE,TRUE
CEV-11674,COL-0082,EVT-0829,9,TRUE,DAY,YEAR_RANGE,,,DATE_RULE,TRUE
CEV-11675,COL-0082,EVT-0830,10,TRUE,DAY,YEAR_RANGE,,,DATE_RULE,TRUE
CEV-11676,COL-0082,EVT-0777,11,TRUE,DAY,YEAR_RANGE,,,DATE_RULE,TRUE
CEV-11677,COL-0082,EVT-1197,12,TRUE,YEAR,YEAR_RANGE,,,DATE_RULE,TRUE
CEV-11678,COL-0082,EVT-1198,13,TRUE,YEAR,YEAR_RANGE,,,DATE_RULE,TRUE
CEV-11679,COL-0082,EVT-1199,14,TRUE,YEAR,YEAR_RANGE,,,DATE_RULE,TRUE
CEV-11680,COL-0082,EVT-1200,15,TRUE,YEAR,YEAR_RANGE,,,DATE_RULE,TRUE
CEV-11681,COL-0082,EVT-0778,16,TRUE,DAY,YEAR_RANGE,,,DATE_RULE,TRUE
CEV-11682,COL-0082,EVT-0831,17,TRUE,DAY,YEAR_RANGE,,,DATE_RULE,TRUE
CEV-11683,COL-0082,EVT-0779,18,TRUE,YEAR,YEAR_RANGE,,,DATE_RULE,TRUE
CEV-11684,COL-0082,EVT-1201,19,TRUE,YEAR,YEAR_RANGE,,,DATE_RULE,TRUE
CEV-11685,COL-0082,EVT-0780,20,TRUE,DAY,YEAR_RANGE,,,DATE_RULE,TRUE
CEV-11686,COL-0082,EVT-0832,21,TRUE,DAY,YEAR_RANGE,,,DATE_RULE,TRUE
CEV-11687,COL-0082,EVT-0833,22,TRUE,DAY,YEAR_RANGE,,,DATE_RULE,TRUE
CEV-11688,COL-0082,EVT-0005,23,TRUE,DAY,YEAR_RANGE,,,DATE_RULE,TRUE
CEV-11689,COL-0082,EVT-1202,24,TRUE,YEAR,YEAR_RANGE,,,DATE_RULE,TRUE
CEV-11690,COL-0082,EVT-1203,25,TRUE,YEAR,YEAR_RANGE,,,DATE_RULE,TRUE
CEV-11691,COL-0082,EVT-0834,26,TRUE,DAY,YEAR_RANGE,,,DATE_RULE,TRUE
CEV-11692,COL-0082,EVT-0781,27,TRUE,DAY,YEAR_RANGE,,,DATE_RULE,TRUE
CEV-11693,COL-0082,EVT-0084,28,TRUE,DAY,YEAR_RANGE,,,DATE_RULE,TRUE
CEV-11694,COL-0082,EVT-0085,29,TRUE,DAY,YEAR_RANGE,,,DATE_RULE,TRUE
CEV-11695,COL-0082,EVT-1204,30,TRUE,YEAR,YEAR_RANGE,,,DATE_RULE,TRUE
CEV-11696,COL-0082,EVT-0088,31,TRUE,DAY,YEAR_RANGE,,,DATE_RULE,TRUE
CEV-11697,COL-0082,EVT-0835,32,TRUE,DAY,YEAR_RANGE,,,DATE_RULE,TRUE
CEV-11698,COL-0082,EVT-1205,33,TRUE,YEAR,YEAR_RANGE,,,DATE_RULE,TRUE
CEV-11699,COL-0082,EVT-1206,34,TRUE,YEAR,YEAR_RANGE,,,DATE_RULE,TRUE
CEV-11700,COL-0082,EVT-1207,35,TRUE,YEAR,YEAR_RANGE,,,DATE_RULE,TRUE
CEV-11701,COL-0082,EVT-0836,36,TRUE,DAY,YEAR_RANGE,,,DATE_RULE,TRUE
CEV-11702,COL-0082,EVT-0782,37,TRUE,DAY,YEAR_RANGE,,,DATE_RULE,TRUE
CEV-11703,COL-0082,EVT-1208,38,TRUE,YEAR,YEAR_RANGE,,,DATE_RULE,TRUE
CEV-11704,COL-0082,EVT-1210,39,TRUE,YEAR,YEAR_RANGE,,,DATE_RULE,TRUE
CEV-11705,COL-0082,EVT-0837,40,TRUE,DAY,YEAR_RANGE,,,DATE_RULE,TRUE
CEV-11706,COL-0082,EVT-1211,41,TRUE,YEAR,YEAR_RANGE,,,DATE_RULE,TRUE
CEV-11707,COL-0082,EVT-1212,42,TRUE,YEAR,YEAR_RANGE,,,DATE_RULE,TRUE
CEV-11708,COL-0082,EVT-0838,43,TRUE,DAY,YEAR_RANGE,,,DATE_RULE,TRUE
CEV-11709,COL-0082,EVT-0783,44,TRUE,DAY,YEAR_RANGE,,,DATE_RULE,TRUE
CEV-11710,COL-0082,EVT-1213,45,TRUE,YEAR,YEAR_RANGE,,,DATE_RULE,TRUE
CEV-11711,COL-0082,EVT-0784,46,TRUE,DAY,YEAR_RANGE,,,DATE_RULE,TRUE
CEV-11712,COL-0082,EVT-0785,47,TRUE,DAY,YEAR_RANGE,,,DATE_RULE,TRUE
CEV-11713,COL-0082,EVT-1214,48,TRUE,YEAR,YEAR_RANGE,,,DATE_RULE,TRUE
CEV-11714,COL-0082,EVT-1215,49,TRUE,YEAR,YEAR_RANGE,,,DATE_RULE,TRUE
CEV-11715,COL-0082,EVT-1216,50,TRUE,YEAR,YEAR_RANGE,,,DATE_RULE,TRUE
CEV-11716,COL-0082,EVT-0786,51,TRUE,DAY,YEAR_RANGE,,,DATE_RULE,TRUE
CEV-11717,COL-0082,EVT-0787,52,TRUE,DAY,YEAR_RANGE,,,DATE_RULE,TRUE
CEV-11718,COL-0082,EVT-0839,53,TRUE,DAY,YEAR_RANGE,,,DATE_RULE,TRUE
CEV-11719,COL-0082,EVT-1217,54,TRUE,YEAR,YEAR_RANGE,,,DATE_RULE,TRUE
CEV-11720,COL-0082,EVT-0788,55,TRUE,DAY,YEAR_RANGE,,,DATE_RULE,TRUE
CEV-11721,COL-0082,EVT-0840,56,TRUE,DAY,YEAR_RANGE,,,DATE_RULE,TRUE
CEV-11722,COL-0082,EVT-0841,57,TRUE,DAY,YEAR_RANGE,,,DATE_RULE,TRUE
CEV-11723,COL-0082,EVT-1218,58,TRUE,YEAR,YEAR_RANGE,,,DATE_RULE,TRUE
CEV-11724,COL-0082,EVT-1219,59,TRUE,YEAR,YEAR_RANGE,,,DATE_RULE,TRUE
CEV-11725,COL-0082,EVT-0478,60,TRUE,DAY,YEAR_RANGE,,,DATE_RULE,TRUE
CEV-11726,COL-0082,EVT-0012,61,TRUE,RANGE,YEAR_RANGE,,,DATE_RULE,TRUE
CEV-11727,COL-0082,EVT-0089,62,TRUE,DAY,YEAR_RANGE,,,DATE_RULE,TRUE
CEV-11728,COL-0082,EVT-0479,63,TRUE,DAY,YEAR_RANGE,,,DATE_RULE,TRUE
CEV-11729,COL-0082,EVT-0480,64,TRUE,DAY,YEAR_RANGE,,,DATE_RULE,TRUE
CEV-11730,COL-0082,EVT-0481,65,TRUE,DAY,YEAR_RANGE,,,DATE_RULE,TRUE
CEV-11731,COL-0082,EVT-0206,66,TRUE,RANGE,YEAR_RANGE,,,DATE_RULE,TRUE
CEV-11732,COL-0082,EVT-0207,67,TRUE,RANGE,YEAR_RANGE,,,DATE_RULE,TRUE
CEV-11733,COL-0082,EVT-0208,68,TRUE,RANGE,YEAR_RANGE,,,DATE_RULE,TRUE
CEV-11734,COL-0082,EVT-0090,69,TRUE,DAY,YEAR_RANGE,,,DATE_RULE,TRUE
CEV-11735,COL-0082,EVT-0209,70,TRUE,DAY,YEAR_RANGE,,,DATE_RULE,TRUE
CEV-11736,COL-0082,EVT-0789,71,TRUE,DAY,YEAR_RANGE,,,DATE_RULE,TRUE
CEV-11737,COL-0082,EVT-0230,72,TRUE,DAY,YEAR_RANGE,,,DATE_RULE,TRUE
CEV-11738,COL-0082,EVT-1220,73,TRUE,YEAR,YEAR_RANGE,,,DATE_RULE,TRUE
CEV-11739,COL-0082,EVT-0482,74,TRUE,RANGE,YEAR_RANGE,,,DATE_RULE,TRUE
CEV-11740,COL-0082,EVT-0790,75,TRUE,DAY,YEAR_RANGE,,,DATE_RULE,TRUE
CEV-11741,COL-0082,EVT-0314,76,TRUE,DAY,YEAR_RANGE,,,DATE_RULE,TRUE
CEV-11742,COL-0082,EVT-0210,77,TRUE,DAY,YEAR_RANGE,,,DATE_RULE,TRUE
CEV-11743,COL-0082,EVT-0354,78,TRUE,YEAR,YEAR_RANGE,,,DATE_RULE,TRUE
CEV-11744,COL-0082,EVT-0483,79,TRUE,DAY,YEAR_RANGE,,,DATE_RULE,TRUE
CEV-11745,COL-0082,EVT-0791,80,TRUE,DAY,YEAR_RANGE,,,DATE_RULE,TRUE
CEV-11746,COL-0082,EVT-0484,81,TRUE,DAY,YEAR_RANGE,,,DATE_RULE,TRUE
CEV-11747,COL-0082,EVT-0792,82,TRUE,YEAR,YEAR_RANGE,,,DATE_RULE,TRUE
CEV-11748,COL-0082,EVT-0793,83,TRUE,DAY,YEAR_RANGE,,,DATE_RULE,TRUE
CEV-11749,COL-0082,EVT-0485,84,TRUE,DAY,YEAR_RANGE,,,DATE_RULE,TRUE
CEV-11750,COL-0082,EVT-0211,85,TRUE,DAY,YEAR_RANGE,,,DATE_RULE,TRUE
CEV-11751,COL-0082,EVT-0212,86,TRUE,RANGE,YEAR_RANGE,,,DATE_RULE,TRUE
CEV-11752,COL-0082,EVT-0842,87,TRUE,DAY,YEAR_RANGE,,,DATE_RULE,TRUE
CEV-11753,COL-0082,EVT-0794,88,TRUE,DAY,YEAR_RANGE,,,DATE_RULE,TRUE
CEV-11754,COL-0082,EVT-0091,89,TRUE,DAY,YEAR_RANGE,,,DATE_RULE,TRUE
CEV-11755,COL-0082,EVT-0795,90,TRUE,DAY,YEAR_RANGE,,,DATE_RULE,TRUE
CEV-11756,COL-0082,EVT-1221,91,TRUE,YEAR,YEAR_RANGE,,,DATE_RULE,TRUE
CEV-11757,COL-0082,EVT-1223,92,TRUE,YEAR,YEAR_RANGE,,,DATE_RULE,TRUE
CEV-11758,COL-0082,EVT-0486,93,TRUE,DAY,YEAR_RANGE,,,DATE_RULE,TRUE
CEV-11759,COL-0082,EVT-0843,94,TRUE,DAY,YEAR_RANGE,,,DATE_RULE,TRUE
CEV-11760,COL-0082,EVT-0844,95,TRUE,DAY,YEAR_RANGE,,,DATE_RULE,TRUE
CEV-11761,COL-0082,EVT-0092,96,TRUE,DAY,YEAR_RANGE,,,DATE_RULE,TRUE
CEV-11762,COL-0082,EVT-1222,97,TRUE,DAY,YEAR_RANGE,,,DATE_RULE,TRUE
CEV-11763,COL-0082,EVT-0232,98,TRUE,DAY,YEAR_RANGE,,,DATE_RULE,TRUE
CEV-11764,COL-0082,EVT-0233,99,TRUE,DAY,YEAR_RANGE,,,DATE_RULE,TRUE
CEV-11765,COL-0082,EVT-1224,100,TRUE,YEAR,YEAR_RANGE,,,DATE_RULE,TRUE
CEV-11766,COL-0082,EVT-1225,101,TRUE,YEAR,YEAR_RANGE,,,DATE_RULE,TRUE
CEV-11767,COL-0082,EVT-1226,102,TRUE,YEAR,YEAR_RANGE,,,DATE_RULE,TRUE
CEV-11768,COL-0082,EVT-0487,103,TRUE,DAY,YEAR_RANGE,,,DATE_RULE,TRUE
CEV-11769,COL-0082,EVT-0845,104,TRUE,DAY,YEAR_RANGE,,,DATE_RULE,TRUE
CEV-11770,COL-0082,EVT-0846,105,TRUE,DAY,YEAR_RANGE,,,DATE_RULE,TRUE
CEV-11771,COL-0082,EVT-0234,106,TRUE,DAY,YEAR_RANGE,,,DATE_RULE,TRUE
CEV-11772,COL-0082,EVT-0235,107,TRUE,DAY,YEAR_RANGE,,,DATE_RULE,TRUE
CEV-11773,COL-0082,EVT-0796,108,TRUE,DAY,YEAR_RANGE,,,DATE_RULE,TRUE
CEV-11774,COL-0082,EVT-0236,109,TRUE,DAY,YEAR_RANGE,,,DATE_RULE,TRUE
CEV-11775,COL-0082,EVT-0237,110,TRUE,DAY,YEAR_RANGE,,,DATE_RULE,TRUE
CEV-11776,COL-0082,EVT-1227,111,TRUE,YEAR,YEAR_RANGE,,,DATE_RULE,TRUE
CEV-11777,COL-0082,EVT-0238,112,TRUE,DAY,YEAR_RANGE,,,DATE_RULE,TRUE
CEV-11778,COL-0082,EVT-0797,113,TRUE,DAY,YEAR_RANGE,,,DATE_RULE,TRUE
CEV-11779,COL-0082,EVT-0847,114,TRUE,DAY,YEAR_RANGE,,,DATE_RULE,TRUE
CEV-11780,COL-0082,EVT-1228,115,TRUE,YEAR,YEAR_RANGE,,,DATE_RULE,TRUE
CEV-11781,COL-0082,EVT-1229,116,TRUE,YEAR,YEAR_RANGE,,,DATE_RULE,TRUE
CEV-11782,COL-0082,EVT-0848,117,TRUE,DAY,YEAR_RANGE,,,DATE_RULE,TRUE
CEV-11783,COL-0082,EVT-0239,118,TRUE,DAY,YEAR_RANGE,,,DATE_RULE,TRUE
CEV-11784,COL-0082,EVT-0488,119,TRUE,DAY,YEAR_RANGE,,,DATE_RULE,TRUE
CEV-11785,COL-0082,EVT-0489,120,TRUE,DAY,YEAR_RANGE,,,DATE_RULE,TRUE
CEV-11786,COL-0082,EVT-0798,121,TRUE,DAY,YEAR_RANGE,,,DATE_RULE,TRUE
CEV-11787,COL-0082,EVT-0799,122,TRUE,DAY,YEAR_RANGE,,,DATE_RULE,TRUE
CEV-11788,COL-0082,EVT-1230,123,TRUE,YEAR,YEAR_RANGE,,,DATE_RULE,TRUE
CEV-11789,COL-0082,EVT-0240,124,TRUE,DAY,YEAR_RANGE,,,DATE_RULE,TRUE
CEV-11790,COL-0082,EVT-0800,125,TRUE,DAY,YEAR_RANGE,,,DATE_RULE,TRUE
CEV-11791,COL-0082,EVT-0490,126,TRUE,RANGE,YEAR_RANGE,,,DATE_RULE,TRUE
CEV-11792,COL-0082,EVT-0849,127,TRUE,DAY,YEAR_RANGE,,,DATE_RULE,TRUE
CEV-11793,COL-0082,EVT-1231,128,TRUE,YEAR,YEAR_RANGE,,,DATE_RULE,TRUE
CEV-11794,COL-0082,EVT-1232,129,TRUE,YEAR,YEAR_RANGE,,,DATE_RULE,TRUE
CEV-11795,COL-0082,EVT-1233,130,TRUE,YEAR,YEAR_RANGE,,,DATE_RULE,TRUE
CEV-11796,COL-0082,EVT-1234,131,TRUE,YEAR,YEAR_RANGE,,,DATE_RULE,TRUE
CEV-11797,COL-0082,EVT-0801,132,TRUE,DAY,YEAR_RANGE,,,DATE_RULE,TRUE
CEV-11798,COL-0082,EVT-0850,133,TRUE,DAY,YEAR_RANGE,,,DATE_RULE,TRUE
CEV-11799,COL-0082,EVT-0366,134,TRUE,DAY,YEAR_RANGE,,,DATE_RULE,TRUE
CEV-11800,COL-0082,EVT-0491,135,TRUE,DAY,YEAR_RANGE,,,DATE_RULE,TRUE
CEV-11801,COL-0082,EVT-1235,136,TRUE,YEAR,YEAR_RANGE,,,DATE_RULE,TRUE
CEV-11802,COL-0082,EVT-0851,137,TRUE,DAY,YEAR_RANGE,,,DATE_RULE,TRUE
CEV-11803,COL-0082,EVT-1236,138,TRUE,DAY,YEAR_RANGE,,,DATE_RULE,TRUE
CEV-11804,COL-0082,EVT-0492,139,TRUE,DAY,YEAR_RANGE,,,DATE_RULE,TRUE
CEV-11805,COL-0082,EVT-1238,140,TRUE,YEAR,YEAR_RANGE,,,DATE_RULE,TRUE
CEV-11806,COL-0082,EVT-0852,141,TRUE,DAY,YEAR_RANGE,,,DATE_RULE,TRUE
CEV-11807,COL-0082,EVT-1237,142,TRUE,DAY,YEAR_RANGE,,,DATE_RULE,TRUE
CEV-11808,COL-0082,EVT-1239,143,TRUE,YEAR,YEAR_RANGE,,,DATE_RULE,TRUE
CEV-11809,COL-0082,EVT-1240,144,TRUE,YEAR,YEAR_RANGE,,,DATE_RULE,TRUE
CEV-11810,COL-0082,EVT-0802,145,TRUE,DAY,YEAR_RANGE,,,DATE_RULE,TRUE
CEV-11811,COL-0082,EVT-0803,146,TRUE,DAY,YEAR_RANGE,,,DATE_RULE,TRUE
CEV-11812,COL-0082,EVT-1241,147,TRUE,YEAR,YEAR_RANGE,,,DATE_RULE,TRUE
CEV-11813,COL-0082,EVT-1242,148,TRUE,YEAR,YEAR_RANGE,,,DATE_RULE,TRUE
CEV-11814,COL-0082,EVT-1243,149,TRUE,YEAR,YEAR_RANGE,,,DATE_RULE,TRUE
CEV-11815,COL-0082,EVT-1244,150,TRUE,YEAR,YEAR_RANGE,,,DATE_RULE,TRUE
CEV-11816,COL-0082,EVT-0493,151,TRUE,DAY,YEAR_RANGE,,,DATE_RULE,TRUE
CEV-11817,COL-0082,EVT-0804,152,TRUE,DAY,YEAR_RANGE,,,DATE_RULE,TRUE
CEV-11818,COL-0082,EVT-0853,153,TRUE,DAY,YEAR_RANGE,,,DATE_RULE,TRUE
CEV-11819,COL-0082,EVT-1245,154,TRUE,YEAR,YEAR_RANGE,,,DATE_RULE,TRUE
CEV-11820,COL-0082,EVT-1246,155,TRUE,YEAR,YEAR_RANGE,,,DATE_RULE,TRUE
CEV-11821,COL-0082,EVT-1247,156,TRUE,YEAR,YEAR_RANGE,,,DATE_RULE,TRUE
CEV-11822,COL-0082,EVT-0854,157,TRUE,DAY,YEAR_RANGE,,,DATE_RULE,TRUE
CEV-11823,COL-0082,EVT-0494,158,TRUE,DAY,YEAR_RANGE,,,DATE_RULE,TRUE
CEV-11824,COL-0082,EVT-0495,159,TRUE,DAY,YEAR_RANGE,,,DATE_RULE,TRUE
CEV-11825,COL-0082,EVT-1248,160,TRUE,YEAR,YEAR_RANGE,,,DATE_RULE,TRUE
CEV-11826,COL-0082,EVT-1249,161,TRUE,YEAR,YEAR_RANGE,,,DATE_RULE,TRUE
CEV-11827,COL-0082,EVT-0805,162,TRUE,DAY,YEAR_RANGE,,,DATE_RULE,TRUE
CEV-11828,COL-0082,EVT-0496,163,TRUE,RANGE,YEAR_RANGE,,,DATE_RULE,TRUE
CEV-11829,COL-0082,EVT-0806,164,TRUE,DAY,YEAR_RANGE,,,DATE_RULE,TRUE
CEV-11830,COL-0082,EVT-0011,165,TRUE,YEAR,YEAR_RANGE,,,DATE_RULE,TRUE
CEV-11831,COL-0082,EVT-1250,166,TRUE,YEAR,YEAR_RANGE,,,DATE_RULE,TRUE
CEV-11832,COL-0082,EVT-1251,167,TRUE,YEAR,YEAR_RANGE,,,DATE_RULE,TRUE
CEV-11833,COL-0082,EVT-1252,168,TRUE,YEAR,YEAR_RANGE,,,DATE_RULE,TRUE
CEV-11834,COL-0082,EVT-0855,169,TRUE,DAY,YEAR_RANGE,,,DATE_RULE,TRUE
CEV-11835,COL-0082,EVT-0807,170,TRUE,DAY,YEAR_RANGE,,,DATE_RULE,TRUE
CEV-11836,COL-0082,EVT-1253,171,TRUE,YEAR,YEAR_RANGE,,,DATE_RULE,TRUE
CEV-11837,COL-0082,EVT-1254,172,TRUE,YEAR,YEAR_RANGE,,,DATE_RULE,TRUE
CEV-11838,COL-0082,EVT-1255,173,TRUE,YEAR,YEAR_RANGE,,,DATE_RULE,TRUE
CEV-11839,COL-0082,EVT-1256,174,TRUE,YEAR,YEAR_RANGE,,,DATE_RULE,TRUE
CEV-11840,COL-0082,EVT-1257,175,TRUE,YEAR,YEAR_RANGE,,,DATE_RULE,TRUE
CEV-11841,COL-0082,EVT-0856,176,TRUE,DAY,YEAR_RANGE,,,DATE_RULE,TRUE
CEV-11842,COL-0082,EVT-0857,177,TRUE,DAY,YEAR_RANGE,,,DATE_RULE,TRUE
CEV-11843,COL-0082,EVT-0355,178,TRUE,RANGE,YEAR_RANGE,,,DATE_RULE,TRUE
CEV-11844,COL-0082,EVT-1258,179,TRUE,YEAR,YEAR_RANGE,,,DATE_RULE,TRUE
CEV-11845,COL-0082,EVT-0497,180,TRUE,DAY,YEAR_RANGE,,,DATE_RULE,TRUE
CEV-11846,COL-0082,EVT-0498,181,TRUE,DAY,YEAR_RANGE,,,DATE_RULE,TRUE
CEV-11847,COL-0082,EVT-0243,182,TRUE,MONTH,YEAR_RANGE,,,DATE_RULE,TRUE
CEV-11848,COL-0082,EVT-0241,183,TRUE,DAY,YEAR_RANGE,,,DATE_RULE,TRUE
CEV-11849,COL-0082,EVT-0499,184,TRUE,DAY,YEAR_RANGE,,,DATE_RULE,TRUE
CEV-11850,COL-0082,EVT-0858,185,TRUE,DAY,YEAR_RANGE,,,DATE_RULE,TRUE
CEV-11851,COL-0082,EVT-1259,186,TRUE,YEAR,YEAR_RANGE,,,DATE_RULE,TRUE
CEV-11852,COL-0082,EVT-1260,187,TRUE,YEAR,YEAR_RANGE,,,DATE_RULE,TRUE
CEV-11853,COL-0082,EVT-1261,188,TRUE,YEAR,YEAR_RANGE,,,DATE_RULE,TRUE
CEV-11854,COL-0082,EVT-1262,189,TRUE,YEAR,YEAR_RANGE,,,DATE_RULE,TRUE
CEV-11855,COL-0082,EVT-0500,190,TRUE,RANGE,YEAR_RANGE,,,DATE_RULE,TRUE
CEV-11856,COL-0082,EVT-0859,191,TRUE,DAY,YEAR_RANGE,,,DATE_RULE,TRUE
CEV-11857,COL-0082,EVT-1263,192,TRUE,YEAR,YEAR_RANGE,,,DATE_RULE,TRUE
CEV-11858,COL-0082,EVT-1264,193,TRUE,YEAR,YEAR_RANGE,,,DATE_RULE,TRUE
CEV-11859,COL-0082,EVT-1265,194,TRUE,YEAR,YEAR_RANGE,,,DATE_RULE,TRUE
CEV-11860,COL-0082,EVT-0860,195,TRUE,DAY,YEAR_RANGE,,,DATE_RULE,TRUE
CEV-11861,COL-0082,EVT-0501,196,TRUE,DAY,YEAR_RANGE,,,DATE_RULE,TRUE
CEV-11862,COL-0082,EVT-0808,197,TRUE,DAY,YEAR_RANGE,,,DATE_RULE,TRUE
CEV-11863,COL-0082,EVT-0356,198,TRUE,RANGE,YEAR_RANGE,,,DATE_RULE,TRUE
CEV-11864,COL-0082,EVT-1266,199,TRUE,YEAR,YEAR_RANGE,,,DATE_RULE,TRUE
CEV-11865,COL-0082,EVT-1267,200,TRUE,YEAR,YEAR_RANGE,,,DATE_RULE,TRUE
CEV-11866,COL-0082,EVT-1268,201,TRUE,YEAR,YEAR_RANGE,,,DATE_RULE,TRUE
CEV-11867,COL-0082,EVT-1269,202,TRUE,YEAR,YEAR_RANGE,,,DATE_RULE,TRUE
CEV-11868,COL-0082,EVT-0093,203,TRUE,DAY,YEAR_RANGE,,,DATE_RULE,TRUE
CEV-11869,COL-0082,EVT-0094,204,TRUE,RANGE,YEAR_RANGE,,,DATE_RULE,TRUE
CEV-11870,COL-0082,EVT-0095,205,TRUE,DAY,YEAR_RANGE,,,DATE_RULE,TRUE
CEV-11871,COL-0082,EVT-0096,206,TRUE,DAY,YEAR_RANGE,,,DATE_RULE,TRUE
CEV-11872,COL-0082,EVT-0502,207,TRUE,RANGE,YEAR_RANGE,,,DATE_RULE,TRUE
CEV-11873,COL-0082,EVT-1036,208,TRUE,DAY,YEAR_RANGE,,,DATE_RULE,TRUE
CEV-11874,COL-0082,EVT-1037,209,TRUE,DAY,YEAR_RANGE,,,DATE_RULE,TRUE
CEV-11875,COL-0082,EVT-1270,210,TRUE,YEAR,YEAR_RANGE,,,DATE_RULE,TRUE
CEV-11876,COL-0082,EVT-1272,211,TRUE,YEAR,YEAR_RANGE,,,DATE_RULE,TRUE
CEV-11877,COL-0082,EVT-0503,212,TRUE,DAY,YEAR_RANGE,,,DATE_RULE,TRUE
CEV-11878,COL-0082,EVT-1038,213,TRUE,DAY,YEAR_RANGE,,,DATE_RULE,TRUE
CEV-11879,COL-0082,EVT-1271,214,TRUE,DAY,YEAR_RANGE,,,DATE_RULE,TRUE
CEV-11880,COL-0082,EVT-0809,215,TRUE,DAY,YEAR_RANGE,,,DATE_RULE,TRUE
CEV-11881,COL-0082,EVT-1273,216,TRUE,YEAR,YEAR_RANGE,,,DATE_RULE,TRUE
CEV-11882,COL-0082,EVT-1274,217,TRUE,YEAR,YEAR_RANGE,,,DATE_RULE,TRUE
CEV-11883,COL-0082,EVT-1275,218,TRUE,YEAR,YEAR_RANGE,,,DATE_RULE,TRUE
CEV-11884,COL-0082,EVT-0810,219,TRUE,DAY,YEAR_RANGE,,,DATE_RULE,TRUE
CEV-11885,COL-0082,EVT-0504,220,TRUE,DAY,YEAR_RANGE,,,DATE_RULE,TRUE
CEV-11886,COL-0082,EVT-0244,221,TRUE,RANGE,YEAR_RANGE,,,DATE_RULE,TRUE
CEV-11887,COL-0082,EVT-1276,222,TRUE,YEAR,YEAR_RANGE,,,DATE_RULE,TRUE
CEV-11888,COL-0082,EVT-1277,223,TRUE,YEAR,YEAR_RANGE,,,DATE_RULE,TRUE
CEV-11889,COL-0082,EVT-1278,224,TRUE,YEAR,YEAR_RANGE,,,DATE_RULE,TRUE
CEV-11890,COL-0082,EVT-0811,225,TRUE,DAY,YEAR_RANGE,,,DATE_RULE,TRUE
CEV-11891,COL-0082,EVT-0505,226,TRUE,DAY,YEAR_RANGE,,,DATE_RULE,TRUE
CEV-11892,COL-0082,EVT-0013,227,TRUE,RANGE,YEAR_RANGE,,,DATE_RULE,TRUE
CEV-11893,COL-0082,EVT-0097,228,TRUE,DAY,YEAR_RANGE,,,DATE_RULE,TRUE
CEV-11894,COL-0082,EVT-0098,229,TRUE,DAY,YEAR_RANGE,,,DATE_RULE,TRUE
CEV-11895,COL-0082,EVT-1279,230,TRUE,YEAR,YEAR_RANGE,,,DATE_RULE,TRUE
CEV-11896,COL-0082,EVT-1280,231,TRUE,YEAR,YEAR_RANGE,,,DATE_RULE,TRUE
CEV-11897,COL-0082,EVT-1039,232,TRUE,DAY,YEAR_RANGE,,,DATE_RULE,TRUE
CEV-11898,COL-0082,EVT-0506,233,TRUE,DAY,YEAR_RANGE,,,DATE_RULE,TRUE
CEV-11899,COL-0082,EVT-0812,234,TRUE,DAY,YEAR_RANGE,,,DATE_RULE,TRUE
CEV-11900,COL-0082,EVT-0507,235,TRUE,RANGE,YEAR_RANGE,,,DATE_RULE,TRUE
CEV-11901,COL-0082,EVT-0508,236,TRUE,DAY,YEAR_RANGE,,,DATE_RULE,TRUE
CEV-11902,COL-0082,EVT-0103,237,TRUE,DAY,YEAR_RANGE,,,DATE_RULE,TRUE
CEV-11903,COL-0082,EVT-0246,238,TRUE,DAY,YEAR_RANGE,,,DATE_RULE,TRUE
CEV-11904,COL-0082,EVT-0014,239,TRUE,DAY,YEAR_RANGE,,,DATE_RULE,TRUE
CEV-11905,COL-0082,EVT-0105,240,TRUE,DAY,YEAR_RANGE,,,DATE_RULE,TRUE
CEV-11906,COL-0082,EVT-0248,241,TRUE,DAY,YEAR_RANGE,,,DATE_RULE,TRUE
CEV-11907,COL-0082,EVT-0249,242,TRUE,DAY,YEAR_RANGE,,,DATE_RULE,TRUE
CEV-11908,COL-0082,EVT-0106,243,TRUE,DAY,YEAR_RANGE,,,DATE_RULE,TRUE
CEV-11909,COL-0082,EVT-0509,244,TRUE,RANGE,YEAR_RANGE,,,DATE_RULE,TRUE
CEV-11910,COL-0082,EVT-0107,245,TRUE,DAY,YEAR_RANGE,,,DATE_RULE,TRUE
CEV-11911,COL-0082,EVT-0813,246,TRUE,DAY,YEAR_RANGE,,,DATE_RULE,TRUE
CEV-11912,COL-0082,EVT-0099,247,TRUE,DAY,YEAR_RANGE,,,DATE_RULE,TRUE
CEV-11913,COL-0082,EVT-0510,248,TRUE,DAY,YEAR_RANGE,,,DATE_RULE,TRUE
CEV-11914,COL-0082,EVT-1281,249,TRUE,YEAR,YEAR_RANGE,,,DATE_RULE,TRUE
CEV-11915,COL-0082,EVT-0511,250,TRUE,DAY,YEAR_RANGE,,,DATE_RULE,TRUE
CEV-11916,COL-0082,EVT-0512,251,TRUE,RANGE,YEAR_RANGE,,,DATE_RULE,TRUE
CEV-11917,COL-0082,EVT-0015,252,TRUE,RANGE,YEAR_RANGE,,,DATE_RULE,TRUE
CEV-11918,COL-0082,EVT-0814,253,TRUE,DAY,YEAR_RANGE,,,DATE_RULE,TRUE
CEV-11919,COL-0082,EVT-0513,254,TRUE,RANGE,YEAR_RANGE,,,DATE_RULE,TRUE
CEV-11920,COL-0082,EVT-0514,255,TRUE,RANGE,YEAR_RANGE,,,DATE_RULE,TRUE
CEV-11921,COL-0082,EVT-0815,256,TRUE,DAY,YEAR_RANGE,,,DATE_RULE,TRUE
CEV-11922,COL-0082,EVT-1282,257,TRUE,YEAR,YEAR_RANGE,,,DATE_RULE,TRUE
CEV-11923,COL-0082,EVT-0816,258,TRUE,DAY,YEAR_RANGE,,,DATE_RULE,TRUE
CEV-11924,COL-0082,EVT-0016,259,TRUE,DAY,YEAR_RANGE,,,DATE_RULE,TRUE
CEV-11925,COL-0082,EVT-0515,260,TRUE,DAY,YEAR_RANGE,,,DATE_RULE,TRUE
CEV-11926,COL-0082,EVT-0817,261,TRUE,DAY,YEAR_RANGE,,,DATE_RULE,TRUE
CEV-11927,COL-0082,EVT-0516,262,TRUE,DAY,YEAR_RANGE,,,DATE_RULE,TRUE
CEV-11928,COL-0082,EVT-0517,263,TRUE,RANGE,YEAR_RANGE,,,DATE_RULE,TRUE
CEV-11929,COL-0082,EVT-1283,264,TRUE,YEAR,YEAR_RANGE,,,DATE_RULE,TRUE
CEV-11930,COL-0082,EVT-1284,265,TRUE,YEAR,YEAR_RANGE,,,DATE_RULE,TRUE
CEV-11931,COL-0082,EVT-1285,266,TRUE,YEAR,YEAR_RANGE,,,DATE_RULE,TRUE
CEV-11932,COL-0082,EVT-1040,267,TRUE,DAY,YEAR_RANGE,,,DATE_RULE,TRUE
CEV-11933,COL-0082,EVT-0109,268,TRUE,DAY,YEAR_RANGE,,,DATE_RULE,TRUE
CEV-11934,COL-0082,EVT-0006,269,TRUE,DAY,YEAR_RANGE,,,DATE_RULE,TRUE
CEV-11935,COL-0082,EVT-0360,270,TRUE,DAY,YEAR_RANGE,,,DATE_RULE,TRUE
CEV-11936,COL-0082,EVT-0017,271,TRUE,DAY,YEAR_RANGE,,,DATE_RULE,TRUE
CEV-11937,COL-0082,EVT-0818,272,TRUE,DAY,YEAR_RANGE,,,DATE_RULE,TRUE
CEV-11938,COL-0082,EVT-0819,273,TRUE,DAY,YEAR_RANGE,,,DATE_RULE,TRUE
CEV-11939,COL-0082,EVT-0284,274,TRUE,DAY,YEAR_RANGE,,,DATE_RULE,TRUE
CEV-11940,COL-0082,EVT-0100,275,TRUE,DAY,YEAR_RANGE,,,DATE_RULE,TRUE
CEV-11941,COL-0082,EVT-1286,276,TRUE,YEAR,YEAR_RANGE,,,DATE_RULE,TRUE
CEV-11942,COL-0082,EVT-0518,277,TRUE,DAY,YEAR_RANGE,,,DATE_RULE,TRUE
CEV-11943,COL-0082,EVT-0519,278,TRUE,RANGE,YEAR_RANGE,,,DATE_RULE,TRUE
CEV-11944,COL-0082,EVT-0820,279,TRUE,DAY,YEAR_RANGE,,,DATE_RULE,TRUE
CEV-11945,COL-0082,EVT-0007,280,TRUE,DAY,YEAR_RANGE,,,DATE_RULE,TRUE
CEV-11946,COL-0082,EVT-0101,281,TRUE,DAY,YEAR_RANGE,,,DATE_RULE,TRUE
CEV-11947,COL-0082,EVT-0357,282,TRUE,DAY,YEAR_RANGE,,,DATE_RULE,TRUE
CEV-11948,COL-0082,EVT-0821,283,TRUE,DAY,YEAR_RANGE,,,DATE_RULE,TRUE
CEV-11949,COL-0082,EVT-0520,284,TRUE,DAY,YEAR_RANGE,,,DATE_RULE,TRUE
CEV-11950,COL-0082,EVT-0521,285,TRUE,DAY,YEAR_RANGE,,,DATE_RULE,TRUE
CEV-11951,COL-0082,EVT-0822,286,TRUE,DAY,YEAR_RANGE,,,DATE_RULE,TRUE
CEV-11952,COL-0082,EVT-0102,287,TRUE,DAY,YEAR_RANGE,,,DATE_RULE,TRUE
CEV-11953,COL-0082,EVT-0823,288,TRUE,DAY,YEAR_RANGE,,,DATE_RULE,TRUE
CEV-11954,COL-0082,EVT-0128,289,TRUE,RANGE,YEAR_RANGE,,,DATE_RULE,TRUE
CEV-11955,COL-0082,EVT-0008,290,TRUE,DAY,YEAR_RANGE,,,DATE_RULE,TRUE
CEV-11956,COL-0082,EVT-0358,291,TRUE,DAY,YEAR_RANGE,,,DATE_RULE,TRUE
CEV-11957,COL-0082,EVT-0307,292,TRUE,DAY,YEAR_RANGE,,,DATE_RULE,TRUE
CEV-11958,COL-0082,EVT-1287,293,TRUE,YEAR,YEAR_RANGE,,,DATE_RULE,TRUE
CEV-11959,COL-0082,EVT-1288,294,TRUE,YEAR,YEAR_RANGE,,,DATE_RULE,TRUE
CEV-11960,COL-0082,EVT-1289,295,TRUE,YEAR,YEAR_RANGE,,,DATE_RULE,TRUE
CEV-11961,COL-0082,EVT-0946,296,TRUE,DAY,YEAR_RANGE,,,DATE_RULE,TRUE
CEV-11962,COL-0082,EVT-0861,297,TRUE,DAY,YEAR_RANGE,,,DATE_RULE,TRUE
CEV-11963,COL-0082,EVT-0947,298,TRUE,DAY,YEAR_RANGE,,,DATE_RULE,TRUE
CEV-11964,COL-0082,EVT-0308,299,TRUE,DAY,YEAR_RANGE,,,DATE_RULE,TRUE
CEV-11965,COL-0082,EVT-0250,300,TRUE,DAY,YEAR_RANGE,,,DATE_RULE,TRUE
CEV-11966,COL-0082,EVT-1290,301,TRUE,YEAR,YEAR_RANGE,,,DATE_RULE,TRUE
CEV-11967,COL-0082,EVT-1291,302,TRUE,YEAR,YEAR_RANGE,,,DATE_RULE,TRUE
CEV-11968,COL-0082,EVT-1292,303,TRUE,YEAR,YEAR_RANGE,,,DATE_RULE,TRUE
CEV-11969,COL-0082,EVT-0110,304,TRUE,DAY,YEAR_RANGE,,,DATE_RULE,TRUE
CEV-11970,COL-0082,EVT-0359,305,TRUE,RANGE,YEAR_RANGE,,,DATE_RULE,TRUE
CEV-11971,COL-0082,EVT-0523,306,TRUE,DAY,YEAR_RANGE,,,DATE_RULE,TRUE
CEV-11972,COL-0082,EVT-0862,307,TRUE,DAY,YEAR_RANGE,,,DATE_RULE,TRUE
CEV-11973,COL-0082,EVT-0522,308,TRUE,DAY,YEAR_RANGE,,,DATE_RULE,TRUE
CEV-11974,COL-0082,EVT-0948,309,TRUE,DAY,YEAR_RANGE,,,DATE_RULE,TRUE
CEV-11975,COL-0082,EVT-1293,310,TRUE,YEAR,YEAR_RANGE,,,DATE_RULE,TRUE
CEV-11976,COL-0082,EVT-1294,311,TRUE,YEAR,YEAR_RANGE,,,DATE_RULE,TRUE
CEV-11977,COL-0082,EVT-1295,312,TRUE,YEAR,YEAR_RANGE,,,DATE_RULE,TRUE
CEV-11978,COL-0082,EVT-1296,313,TRUE,YEAR,YEAR_RANGE,,,DATE_RULE,TRUE
CEV-11979,COL-0082,EVT-1297,314,TRUE,YEAR,YEAR_RANGE,,,DATE_RULE,TRUE
CEV-11980,COL-0082,EVT-1298,315,TRUE,YEAR,YEAR_RANGE,,,DATE_RULE,TRUE
CEV-11981,COL-0082,EVT-1299,316,TRUE,YEAR,YEAR_RANGE,,,DATE_RULE,TRUE
CEV-11982,COL-0082,EVT-0863,317,TRUE,DAY,YEAR_RANGE,,,DATE_RULE,TRUE
CEV-11983,COL-0082,EVT-0298,318,TRUE,DAY,YEAR_RANGE,,,DATE_RULE,TRUE
CEV-11984,COL-0082,EVT-0864,319,TRUE,DAY,YEAR_RANGE,,,DATE_RULE,TRUE
CEV-11985,COL-0082,EVT-0111,320,TRUE,DAY,YEAR_RANGE,,,DATE_RULE,TRUE
CEV-11986,COL-0082,EVT-0865,321,TRUE,DAY,YEAR_RANGE,,,DATE_RULE,TRUE
CEV-11987,COL-0082,EVT-1300,322,TRUE,YEAR,YEAR_RANGE,,,DATE_RULE,TRUE
CEV-11988,COL-0082,EVT-0524,323,TRUE,DAY,YEAR_RANGE,,,DATE_RULE,TRUE
CEV-11989,COL-0082,EVT-0949,324,TRUE,DAY,YEAR_RANGE,,,DATE_RULE,TRUE
CEV-11990,COL-0082,EVT-0112,325,TRUE,DAY,YEAR_RANGE,,,DATE_RULE,TRUE
CEV-11991,COL-0082,EVT-0866,326,TRUE,DAY,YEAR_RANGE,,,DATE_RULE,TRUE
CEV-11992,COL-0082,EVT-0525,327,TRUE,DAY,YEAR_RANGE,,,DATE_RULE,TRUE
CEV-11993,COL-0082,EVT-1301,328,TRUE,YEAR,YEAR_RANGE,,,DATE_RULE,TRUE
CEV-11994,COL-0082,EVT-1302,329,TRUE,YEAR,YEAR_RANGE,,,DATE_RULE,TRUE
CEV-11995,COL-0082,EVT-1303,330,TRUE,YEAR,YEAR_RANGE,,,DATE_RULE,TRUE
CEV-11996,COL-0082,EVT-1304,331,TRUE,YEAR,YEAR_RANGE,,,DATE_RULE,TRUE
CEV-11997,COL-0082,EVT-1305,332,TRUE,YEAR,YEAR_RANGE,,,DATE_RULE,TRUE
CEV-11998,COL-0082,EVT-1306,333,TRUE,YEAR,YEAR_RANGE,,,DATE_RULE,TRUE
CEV-11999,COL-0082,EVT-1307,334,TRUE,YEAR,YEAR_RANGE,,,DATE_RULE,TRUE
CEV-12000,COL-0082,EVT-0018,335,TRUE,DAY,YEAR_RANGE,,,DATE_RULE,TRUE
CEV-12001,COL-0082,EVT-0275,336,TRUE,DAY,YEAR_RANGE,,,DATE_RULE,TRUE
CEV-12002,COL-0082,EVT-0867,337,TRUE,DAY,YEAR_RANGE,,,DATE_RULE,TRUE
CEV-12003,COL-0082,EVT-1308,338,TRUE,YEAR,YEAR_RANGE,,,DATE_RULE,TRUE
CEV-12004,COL-0082,EVT-1309,339,TRUE,YEAR,YEAR_RANGE,,,DATE_RULE,TRUE
CEV-12005,COL-0082,EVT-1310,340,TRUE,YEAR,YEAR_RANGE,,,DATE_RULE,TRUE
CEV-12006,COL-0082,EVT-1311,341,TRUE,YEAR,YEAR_RANGE,,,DATE_RULE,TRUE
CEV-12007,COL-0082,EVT-1312,342,TRUE,YEAR,YEAR_RANGE,,,DATE_RULE,TRUE
CEV-12008,COL-0082,EVT-0116,343,TRUE,DAY,YEAR_RANGE,,,DATE_RULE,TRUE
CEV-12009,COL-0082,EVT-0868,344,TRUE,DAY,YEAR_RANGE,,,DATE_RULE,TRUE
CEV-12010,COL-0082,EVT-0950,345,TRUE,DAY,YEAR_RANGE,,,DATE_RULE,TRUE
CEV-12011,COL-0082,EVT-1313,346,TRUE,YEAR,YEAR_RANGE,,,DATE_RULE,TRUE
CEV-12012,COL-0082,EVT-1314,347,TRUE,YEAR,YEAR_RANGE,,,DATE_RULE,TRUE
CEV-12013,COL-0082,EVT-1315,348,TRUE,YEAR,YEAR_RANGE,,,DATE_RULE,TRUE
CEV-12014,COL-0082,EVT-1316,349,TRUE,YEAR,YEAR_RANGE,,,DATE_RULE,TRUE
CEV-12015,COL-0082,EVT-1317,350,TRUE,YEAR,YEAR_RANGE,,,DATE_RULE,TRUE
CEV-12016,COL-0082,EVT-1318,351,TRUE,YEAR,YEAR_RANGE,,,DATE_RULE,TRUE
CEV-12017,COL-0082,EVT-1319,352,TRUE,YEAR,YEAR_RANGE,,,DATE_RULE,TRUE
CEV-12018,COL-0082,EVT-1320,353,TRUE,YEAR,YEAR_RANGE,,,DATE_RULE,TRUE
CEV-12019,COL-0082,EVT-0951,354,TRUE,DAY,YEAR_RANGE,,,DATE_RULE,TRUE
CEV-12020,COL-0082,EVT-0117,355,TRUE,DAY,YEAR_RANGE,,,DATE_RULE,TRUE
CEV-12021,COL-0082,EVT-0869,356,TRUE,DAY,YEAR_RANGE,,,DATE_RULE,TRUE
CEV-12022,COL-0082,EVT-1321,357,TRUE,YEAR,YEAR_RANGE,,,DATE_RULE,TRUE
CEV-12023,COL-0082,EVT-1322,358,TRUE,YEAR,YEAR_RANGE,,,DATE_RULE,TRUE
CEV-12024,COL-0082,EVT-1323,359,TRUE,YEAR,YEAR_RANGE,,,DATE_RULE,TRUE
CEV-12025,COL-0082,EVT-1324,360,TRUE,YEAR,YEAR_RANGE,,,DATE_RULE,TRUE
CEV-12026,COL-0082,EVT-1325,361,TRUE,YEAR,YEAR_RANGE,,,DATE_RULE,TRUE
CEV-12027,COL-0082,EVT-1326,362,TRUE,YEAR,YEAR_RANGE,,,DATE_RULE,TRUE
CEV-12028,COL-0082,EVT-0870,363,TRUE,DAY,YEAR_RANGE,,,DATE_RULE,TRUE
CEV-12029,COL-0082,EVT-0871,364,TRUE,DAY,YEAR_RANGE,,,DATE_RULE,TRUE
CEV-12030,COL-0082,EVT-0872,365,TRUE,DAY,YEAR_RANGE,,,DATE_RULE,TRUE
CEV-12031,COL-0082,EVT-0276,366,TRUE,DAY,YEAR_RANGE,,,DATE_RULE,TRUE
CEV-12032,COL-0082,EVT-0873,367,TRUE,DAY,YEAR_RANGE,,,DATE_RULE,TRUE
CEV-12033,COL-0082,EVT-1327,368,TRUE,YEAR,YEAR_RANGE,,,DATE_RULE,TRUE
CEV-12034,COL-0082,EVT-1328,369,TRUE,YEAR,YEAR_RANGE,,,DATE_RULE,TRUE
CEV-12035,COL-0082,EVT-1329,370,TRUE,YEAR,YEAR_RANGE,,,DATE_RULE,TRUE
CEV-12036,COL-0082,EVT-1330,371,TRUE,YEAR,YEAR_RANGE,,,DATE_RULE,TRUE
CEV-12037,COL-0082,EVT-1331,372,TRUE,YEAR,YEAR_RANGE,,,DATE_RULE,TRUE
CEV-12038,COL-0082,EVT-1332,373,TRUE,YEAR,YEAR_RANGE,,,DATE_RULE,TRUE
CEV-12039,COL-0082,EVT-0251,374,TRUE,RANGE,YEAR_RANGE,,,DATE_RULE,TRUE
CEV-12040,COL-0082,EVT-0952,375,TRUE,DAY,YEAR_RANGE,,,DATE_RULE,TRUE
CEV-12041,COL-0082,EVT-0252,376,TRUE,DAY,YEAR_RANGE,,,DATE_RULE,TRUE
CEV-12042,COL-0082,EVT-0874,377,TRUE,DAY,YEAR_RANGE,,,DATE_RULE,TRUE
CEV-12043,COL-0082,EVT-0253,378,TRUE,DAY,YEAR_RANGE,,,DATE_RULE,TRUE
CEV-12044,COL-0082,EVT-0254,379,TRUE,DAY,YEAR_RANGE,,,DATE_RULE,TRUE
CEV-12045,COL-0082,EVT-0255,380,TRUE,DAY,YEAR_RANGE,,,DATE_RULE,TRUE
CEV-12046,COL-0082,EVT-0530,381,TRUE,DAY,YEAR_RANGE,,,DATE_RULE,TRUE
CEV-12047,COL-0082,EVT-1333,382,TRUE,YEAR,YEAR_RANGE,,,DATE_RULE,TRUE
CEV-12048,COL-0082,EVT-1334,383,TRUE,YEAR,YEAR_RANGE,,,DATE_RULE,TRUE
CEV-12049,COL-0082,EVT-1335,384,TRUE,YEAR,YEAR_RANGE,,,DATE_RULE,TRUE
CEV-12050,COL-0082,EVT-1336,385,TRUE,YEAR,YEAR_RANGE,,,DATE_RULE,TRUE
CEV-12051,COL-0082,EVT-1337,386,TRUE,YEAR,YEAR_RANGE,,,DATE_RULE,TRUE
CEV-12052,COL-0082,EVT-0526,387,TRUE,RANGE,YEAR_RANGE,,,DATE_RULE,TRUE
CEV-12053,COL-0082,EVT-0527,388,TRUE,DAY,YEAR_RANGE,,,DATE_RULE,TRUE
CEV-12054,COL-0082,EVT-1338,389,TRUE,DAY,YEAR_RANGE,,,DATE_RULE,TRUE
CEV-12055,COL-0082,EVT-0875,390,TRUE,DAY,YEAR_RANGE,,,DATE_RULE,TRUE
CEV-12056,COL-0082,EVT-1339,391,TRUE,YEAR,YEAR_RANGE,,,DATE_RULE,TRUE
CEV-12057,COL-0082,EVT-1340,392,TRUE,YEAR,YEAR_RANGE,,,DATE_RULE,TRUE
CEV-12058,COL-0082,EVT-1341,393,TRUE,YEAR,YEAR_RANGE,,,DATE_RULE,TRUE
CEV-12059,COL-0082,EVT-1342,394,TRUE,YEAR,YEAR_RANGE,,,DATE_RULE,TRUE
CEV-12060,COL-0082,EVT-1343,395,TRUE,YEAR,YEAR_RANGE,,,DATE_RULE,TRUE
CEV-12061,COL-0082,EVT-1344,396,TRUE,YEAR,YEAR_RANGE,,,DATE_RULE,TRUE
CEV-12062,COL-0082,EVT-1345,397,TRUE,YEAR,YEAR_RANGE,,,DATE_RULE,TRUE
CEV-12063,COL-0082,EVT-1346,398,TRUE,YEAR,YEAR_RANGE,,,DATE_RULE,TRUE
CEV-12064,COL-0082,EVT-1347,399,TRUE,YEAR,YEAR_RANGE,,,DATE_RULE,TRUE
CEV-12065,COL-0082,EVT-1348,400,TRUE,YEAR,YEAR_RANGE,,,DATE_RULE,TRUE
CEV-12066,COL-0082,EVT-1349,401,TRUE,YEAR,YEAR_RANGE,,,DATE_RULE,TRUE
CEV-12067,COL-0082,EVT-0876,402,TRUE,DAY,YEAR_RANGE,,,DATE_RULE,TRUE
CEV-12068,COL-0082,EVT-0877,403,TRUE,DAY,YEAR_RANGE,,,DATE_RULE,TRUE
CEV-12069,COL-0082,EVT-0528,404,TRUE,RANGE,YEAR_RANGE,,,DATE_RULE,TRUE
CEV-12070,COL-0082,EVT-1350,405,TRUE,YEAR,YEAR_RANGE,,,DATE_RULE,TRUE
CEV-12071,COL-0082,EVT-1351,406,TRUE,YEAR,YEAR_RANGE,,,DATE_RULE,TRUE
CEV-12072,COL-0082,EVT-1352,407,TRUE,YEAR,YEAR_RANGE,,,DATE_RULE,TRUE
CEV-12073,COL-0082,EVT-0285,408,TRUE,DAY,YEAR_RANGE,,,DATE_RULE,TRUE
CEV-12074,COL-0082,EVT-0878,409,TRUE,DAY,YEAR_RANGE,,,DATE_RULE,TRUE
CEV-12075,COL-0082,EVT-0118,410,TRUE,DAY,YEAR_RANGE,,,DATE_RULE,TRUE
CEV-12076,COL-0082,EVT-0286,411,TRUE,DAY,YEAR_RANGE,,,DATE_RULE,TRUE
CEV-12077,COL-0082,EVT-1353,412,TRUE,YEAR,YEAR_RANGE,,,DATE_RULE,TRUE
CEV-12078,COL-0082,EVT-1354,413,TRUE,YEAR,YEAR_RANGE,,,DATE_RULE,TRUE
CEV-12079,COL-0082,EVT-1355,414,TRUE,YEAR,YEAR_RANGE,,,DATE_RULE,TRUE
CEV-12080,COL-0082,EVT-1356,415,TRUE,YEAR,YEAR_RANGE,,,DATE_RULE,TRUE
CEV-12081,COL-0082,EVT-1357,416,TRUE,YEAR,YEAR_RANGE,,,DATE_RULE,TRUE
CEV-12082,COL-0082,EVT-1358,417,TRUE,YEAR,YEAR_RANGE,,,DATE_RULE,TRUE
CEV-12083,COL-0082,EVT-1359,418,TRUE,YEAR,YEAR_RANGE,,,DATE_RULE,TRUE
CEV-12084,COL-0082,EVT-0119,419,TRUE,DAY,YEAR_RANGE,,,DATE_RULE,TRUE
CEV-12085,COL-0082,EVT-0953,420,TRUE,MONTH,YEAR_RANGE,,,DATE_RULE,TRUE
CEV-12086,COL-0082,EVT-0954,421,TRUE,DAY,YEAR_RANGE,,,DATE_RULE,TRUE
CEV-12087,COL-0082,EVT-0879,422,TRUE,DAY,YEAR_RANGE,,,DATE_RULE,TRUE
CEV-12088,COL-0082,EVT-0361,423,TRUE,DAY,YEAR_RANGE,,,DATE_RULE,TRUE
CEV-12089,COL-0082,EVT-0362,424,TRUE,DAY,YEAR_RANGE,,,DATE_RULE,TRUE
CEV-12090,COL-0082,EVT-0531,425,TRUE,DAY,YEAR_RANGE,,,DATE_RULE,TRUE
CEV-12091,COL-0082,EVT-1360,426,TRUE,YEAR,YEAR_RANGE,,,DATE_RULE,TRUE
CEV-12092,COL-0082,EVT-1361,427,TRUE,YEAR,YEAR_RANGE,,,DATE_RULE,TRUE
CEV-12093,COL-0082,EVT-1362,428,TRUE,YEAR,YEAR_RANGE,,,DATE_RULE,TRUE
CEV-12094,COL-0082,EVT-1363,429,TRUE,YEAR,YEAR_RANGE,,,DATE_RULE,TRUE
CEV-12095,COL-0082,EVT-1364,430,TRUE,YEAR,YEAR_RANGE,,,DATE_RULE,TRUE
CEV-12096,COL-0082,EVT-1365,431,TRUE,YEAR,YEAR_RANGE,,,DATE_RULE,TRUE
CEV-12097,COL-0082,EVT-1366,432,TRUE,YEAR,YEAR_RANGE,,,DATE_RULE,TRUE
CEV-12098,COL-0082,EVT-1367,433,TRUE,YEAR,YEAR_RANGE,,,DATE_RULE,TRUE
CEV-12099,COL-0082,EVT-1368,434,TRUE,YEAR,YEAR_RANGE,,,DATE_RULE,TRUE
CEV-12100,COL-0082,EVT-0529,435,TRUE,DAY,YEAR_RANGE,,,DATE_RULE,TRUE
CEV-12101,COL-0082,EVT-0955,436,TRUE,DAY,YEAR_RANGE,,,DATE_RULE,TRUE
CEV-12102,COL-0082,EVT-1369,437,TRUE,YEAR,YEAR_RANGE,,,DATE_RULE,TRUE
CEV-12103,COL-0082,EVT-1370,438,TRUE,YEAR,YEAR_RANGE,,,DATE_RULE,TRUE
CEV-12104,COL-0082,EVT-1371,439,TRUE,YEAR,YEAR_RANGE,,,DATE_RULE,TRUE
CEV-12105,COL-0082,EVT-1372,440,TRUE,YEAR,YEAR_RANGE,,,DATE_RULE,TRUE
CEV-12106,COL-0082,EVT-1373,441,TRUE,YEAR,YEAR_RANGE,,,DATE_RULE,TRUE
CEV-12107,COL-0082,EVT-1374,442,TRUE,YEAR,YEAR_RANGE,,,DATE_RULE,TRUE
CEV-12108,COL-0082,EVT-1375,443,TRUE,YEAR,YEAR_RANGE,,,DATE_RULE,TRUE
CEV-12109,COL-0082,EVT-1376,444,TRUE,YEAR,YEAR_RANGE,,,DATE_RULE,TRUE
CEV-12110,COL-0082,EVT-1377,445,TRUE,YEAR,YEAR_RANGE,,,DATE_RULE,TRUE
CEV-12111,COL-0082,EVT-1378,446,TRUE,YEAR,YEAR_RANGE,,,DATE_RULE,TRUE
CEV-12112,COL-0082,EVT-0880,447,TRUE,DAY,YEAR_RANGE,,,DATE_RULE,TRUE
CEV-12113,COL-0082,EVT-0956,448,TRUE,DAY,YEAR_RANGE,,,DATE_RULE,TRUE
CEV-12114,COL-0082,EVT-0881,449,TRUE,DAY,YEAR_RANGE,,,DATE_RULE,TRUE
CEV-12115,COL-0082,EVT-0957,450,TRUE,DAY,YEAR_RANGE,,,DATE_RULE,TRUE
CEV-12116,COL-0082,EVT-0958,451,TRUE,DAY,YEAR_RANGE,,,DATE_RULE,TRUE
CEV-12117,COL-0082,EVT-1379,452,TRUE,YEAR,YEAR_RANGE,,,DATE_RULE,TRUE
CEV-12118,COL-0082,EVT-1380,453,TRUE,YEAR,YEAR_RANGE,,,DATE_RULE,TRUE
CEV-12119,COL-0082,EVT-1381,454,TRUE,YEAR,YEAR_RANGE,,,DATE_RULE,TRUE
CEV-12120,COL-0082,EVT-1382,455,TRUE,YEAR,YEAR_RANGE,,,DATE_RULE,TRUE
CEV-12121,COL-0082,EVT-1383,456,TRUE,YEAR,YEAR_RANGE,,,DATE_RULE,TRUE
CEV-12122,COL-0082,EVT-1384,457,TRUE,YEAR,YEAR_RANGE,,,DATE_RULE,TRUE
CEV-12123,COL-0082,EVT-1385,458,TRUE,YEAR,YEAR_RANGE,,,DATE_RULE,TRUE
CEV-12124,COL-0082,EVT-0959,459,TRUE,DAY,YEAR_RANGE,,,DATE_RULE,TRUE
CEV-12125,COL-0082,EVT-0287,460,TRUE,DAY,YEAR_RANGE,,,DATE_RULE,TRUE
CEV-12126,COL-0082,EVT-0532,461,TRUE,RANGE,YEAR_RANGE,,,DATE_RULE,TRUE
CEV-12127,COL-0082,EVT-0113,462,TRUE,DAY,YEAR_RANGE,,,DATE_RULE,TRUE
CEV-12128,COL-0082,EVT-1386,463,TRUE,YEAR,YEAR_RANGE,,,DATE_RULE,TRUE
CEV-12129,COL-0082,EVT-1387,464,TRUE,YEAR,YEAR_RANGE,,,DATE_RULE,TRUE
CEV-12130,COL-0082,EVT-1388,465,TRUE,YEAR,YEAR_RANGE,,,DATE_RULE,TRUE
CEV-12131,COL-0082,EVT-1389,466,TRUE,YEAR,YEAR_RANGE,,,DATE_RULE,TRUE
CEV-12132,COL-0082,EVT-1390,467,TRUE,YEAR,YEAR_RANGE,,,DATE_RULE,TRUE
CEV-12133,COL-0082,EVT-1391,468,TRUE,YEAR,YEAR_RANGE,,,DATE_RULE,TRUE
CEV-12134,COL-0082,EVT-1392,469,TRUE,YEAR,YEAR_RANGE,,,DATE_RULE,TRUE
CEV-12135,COL-0082,EVT-1393,470,TRUE,YEAR,YEAR_RANGE,,,DATE_RULE,TRUE
CEV-12136,COL-0082,EVT-0120,471,TRUE,DAY,YEAR_RANGE,,,DATE_RULE,TRUE
CEV-12137,COL-0082,EVT-0121,472,TRUE,DAY,YEAR_RANGE,,,DATE_RULE,TRUE
CEV-12138,COL-0082,EVT-0122,473,TRUE,DAY,YEAR_RANGE,,,DATE_RULE,TRUE
CEV-12139,COL-0082,EVT-0123,474,TRUE,DAY,YEAR_RANGE,,,DATE_RULE,TRUE
CEV-12140,COL-0082,EVT-0124,475,TRUE,DAY,YEAR_RANGE,,,DATE_RULE,TRUE
CEV-12141,COL-0082,EVT-0882,476,TRUE,DAY,YEAR_RANGE,,,DATE_RULE,TRUE
CEV-12142,COL-0082,EVT-0533,477,TRUE,RANGE,YEAR_RANGE,,,DATE_RULE,TRUE
CEV-12143,COL-0082,EVT-0363,478,TRUE,DAY,YEAR_RANGE,,,DATE_RULE,TRUE
CEV-12144,COL-0082,EVT-1394,479,TRUE,YEAR,YEAR_RANGE,,,DATE_RULE,TRUE
CEV-12145,COL-0082,EVT-1395,480,TRUE,YEAR,YEAR_RANGE,,,DATE_RULE,TRUE
CEV-12146,COL-0082,EVT-1396,481,TRUE,YEAR,YEAR_RANGE,,,DATE_RULE,TRUE
CEV-12147,COL-0082,EVT-1397,482,TRUE,YEAR,YEAR_RANGE,,,DATE_RULE,TRUE
CEV-12148,COL-0082,EVT-1398,483,TRUE,YEAR,YEAR_RANGE,,,DATE_RULE,TRUE
CEV-12149,COL-0082,EVT-1399,484,TRUE,YEAR,YEAR_RANGE,,,DATE_RULE,TRUE
CEV-12150,COL-0082,EVT-0883,485,TRUE,DAY,YEAR_RANGE,,,DATE_RULE,TRUE
CEV-12151,COL-0082,EVT-0884,486,TRUE,DAY,YEAR_RANGE,,,DATE_RULE,TRUE
CEV-12152,COL-0082,EVT-0534,487,TRUE,DAY,YEAR_RANGE,,,DATE_RULE,TRUE
CEV-12153,COL-0082,EVT-1400,488,TRUE,YEAR,YEAR_RANGE,,,DATE_RULE,TRUE
CEV-12154,COL-0082,EVT-1401,489,TRUE,YEAR,YEAR_RANGE,,,DATE_RULE,TRUE
CEV-12155,COL-0082,EVT-1402,490,TRUE,YEAR,YEAR_RANGE,,,DATE_RULE,TRUE
CEV-12156,COL-0082,EVT-1403,491,TRUE,YEAR,YEAR_RANGE,,,DATE_RULE,TRUE
CEV-12157,COL-0082,EVT-1404,492,TRUE,YEAR,YEAR_RANGE,,,DATE_RULE,TRUE
CEV-12158,COL-0082,EVT-1405,493,TRUE,YEAR,YEAR_RANGE,,,DATE_RULE,TRUE
CEV-12159,COL-0082,EVT-1406,494,TRUE,YEAR,YEAR_RANGE,,,DATE_RULE,TRUE
CEV-12160,COL-0082,EVT-1407,495,TRUE,YEAR,YEAR_RANGE,,,DATE_RULE,TRUE
CEV-12161,COL-0082,EVT-1408,496,TRUE,YEAR,YEAR_RANGE,,,DATE_RULE,TRUE
CEV-12162,COL-0082,EVT-1410,497,TRUE,YEAR,YEAR_RANGE,,,DATE_RULE,TRUE
CEV-12163,COL-0082,EVT-1411,498,TRUE,YEAR,YEAR_RANGE,,,DATE_RULE,TRUE
CEV-12164,COL-0082,EVT-0885,499,TRUE,DAY,YEAR_RANGE,,,DATE_RULE,TRUE
CEV-12165,COL-0082,EVT-0535,500,TRUE,DAY,YEAR_RANGE,,,DATE_RULE,TRUE
CEV-12166,COL-0082,EVT-1409,501,TRUE,DAY,YEAR_RANGE,,,DATE_RULE,TRUE
CEV-12167,COL-0082,EVT-1412,502,TRUE,YEAR,YEAR_RANGE,,,DATE_RULE,TRUE
CEV-12168,COL-0082,EVT-1413,503,TRUE,YEAR,YEAR_RANGE,,,DATE_RULE,TRUE
CEV-12169,COL-0082,EVT-1414,504,TRUE,YEAR,YEAR_RANGE,,,DATE_RULE,TRUE
CEV-12170,COL-0082,EVT-1415,505,TRUE,YEAR,YEAR_RANGE,,,DATE_RULE,TRUE
CEV-12171,COL-0082,EVT-1416,506,TRUE,YEAR,YEAR_RANGE,,,DATE_RULE,TRUE
CEV-12172,COL-0082,EVT-1417,507,TRUE,YEAR,YEAR_RANGE,,,DATE_RULE,TRUE
CEV-12173,COL-0082,EVT-0129,508,TRUE,DAY,YEAR_RANGE,,,DATE_RULE,TRUE
CEV-12174,COL-0082,EVT-0960,509,TRUE,DAY,YEAR_RANGE,,,DATE_RULE,TRUE
CEV-12175,COL-0082,EVT-0886,510,TRUE,DAY,YEAR_RANGE,,,DATE_RULE,TRUE
CEV-12176,COL-0082,EVT-0887,511,TRUE,DAY,YEAR_RANGE,,,DATE_RULE,TRUE
CEV-12177,COL-0082,EVT-1418,512,TRUE,YEAR,YEAR_RANGE,,,DATE_RULE,TRUE
CEV-12178,COL-0082,EVT-1419,513,TRUE,YEAR,YEAR_RANGE,,,DATE_RULE,TRUE
CEV-12179,COL-0082,EVT-1420,514,TRUE,YEAR,YEAR_RANGE,,,DATE_RULE,TRUE
CEV-12180,COL-0082,EVT-1421,515,TRUE,YEAR,YEAR_RANGE,,,DATE_RULE,TRUE
CEV-12181,COL-0082,EVT-1422,516,TRUE,YEAR,YEAR_RANGE,,,DATE_RULE,TRUE
CEV-12182,COL-0082,EVT-1423,517,TRUE,YEAR,YEAR_RANGE,,,DATE_RULE,TRUE
CEV-12183,COL-0082,EVT-1424,518,TRUE,YEAR,YEAR_RANGE,,,DATE_RULE,TRUE
CEV-12184,COL-0082,EVT-1425,519,TRUE,YEAR,YEAR_RANGE,,,DATE_RULE,TRUE
CEV-12185,COL-0082,EVT-1426,520,TRUE,YEAR,YEAR_RANGE,,,DATE_RULE,TRUE
CEV-12186,COL-0082,EVT-0888,521,TRUE,DAY,YEAR_RANGE,,,DATE_RULE,TRUE
CEV-12187,COL-0082,EVT-0961,522,TRUE,DAY,YEAR_RANGE,,,DATE_RULE,TRUE
CEV-12188,COL-0082,EVT-1427,523,TRUE,YEAR,YEAR_RANGE,,,DATE_RULE,TRUE
CEV-12189,COL-0082,EVT-1428,524,TRUE,YEAR,YEAR_RANGE,,,DATE_RULE,TRUE
CEV-12190,COL-0082,EVT-1429,525,TRUE,YEAR,YEAR_RANGE,,,DATE_RULE,TRUE
CEV-12191,COL-0082,EVT-1430,526,TRUE,YEAR,YEAR_RANGE,,,DATE_RULE,TRUE
CEV-12192,COL-0082,EVT-1431,527,TRUE,YEAR,YEAR_RANGE,,,DATE_RULE,TRUE
CEV-12193,COL-0082,EVT-1432,528,TRUE,YEAR,YEAR_RANGE,,,DATE_RULE,TRUE
CEV-12194,COL-0082,EVT-1433,529,TRUE,YEAR,YEAR_RANGE,,,DATE_RULE,TRUE
CEV-12195,COL-0082,EVT-1434,530,TRUE,YEAR,YEAR_RANGE,,,DATE_RULE,TRUE
CEV-12196,COL-0082,EVT-0889,531,TRUE,DAY,YEAR_RANGE,,,DATE_RULE,TRUE
CEV-12197,COL-0082,EVT-0962,532,TRUE,DAY,YEAR_RANGE,,,DATE_RULE,TRUE
CEV-12198,COL-0082,EVT-0890,533,TRUE,DAY,YEAR_RANGE,,,DATE_RULE,TRUE
CEV-12199,COL-0082,EVT-1435,534,TRUE,YEAR,YEAR_RANGE,,,DATE_RULE,TRUE
CEV-12200,COL-0082,EVT-1436,535,TRUE,YEAR,YEAR_RANGE,,,DATE_RULE,TRUE
CEV-12201,COL-0082,EVT-1437,536,TRUE,YEAR,YEAR_RANGE,,,DATE_RULE,TRUE
CEV-12202,COL-0082,EVT-1438,537,TRUE,YEAR,YEAR_RANGE,,,DATE_RULE,TRUE
CEV-12203,COL-0082,EVT-1439,538,TRUE,YEAR,YEAR_RANGE,,,DATE_RULE,TRUE
CEV-12204,COL-0082,EVT-1440,539,TRUE,YEAR,YEAR_RANGE,,,DATE_RULE,TRUE
CEV-12205,COL-0082,EVT-1441,540,TRUE,YEAR,YEAR_RANGE,,,DATE_RULE,TRUE
CEV-12206,COL-0082,EVT-1442,541,TRUE,YEAR,YEAR_RANGE,,,DATE_RULE,TRUE
CEV-12207,COL-0082,EVT-1443,542,TRUE,YEAR,YEAR_RANGE,,,DATE_RULE,TRUE
CEV-12208,COL-0082,EVT-1445,543,TRUE,YEAR,YEAR_RANGE,,,DATE_RULE,TRUE
CEV-12209,COL-0082,EVT-0536,544,TRUE,RANGE,YEAR_RANGE,,,DATE_RULE,TRUE
CEV-12210,COL-0082,EVT-0891,545,TRUE,DAY,YEAR_RANGE,,,DATE_RULE,TRUE
CEV-12211,COL-0082,EVT-0892,546,TRUE,DAY,YEAR_RANGE,,,DATE_RULE,TRUE
CEV-12212,COL-0082,EVT-0537,547,TRUE,RANGE,YEAR_RANGE,,,DATE_RULE,TRUE
CEV-12213,COL-0082,EVT-0538,548,TRUE,DAY,YEAR_RANGE,,,DATE_RULE,TRUE
CEV-12214,COL-0082,EVT-1444,549,TRUE,DAY,YEAR_RANGE,,,DATE_RULE,TRUE
CEV-12215,COL-0082,EVT-1446,550,TRUE,YEAR,YEAR_RANGE,,,DATE_RULE,TRUE
CEV-12216,COL-0082,EVT-1447,551,TRUE,YEAR,YEAR_RANGE,,,DATE_RULE,TRUE
CEV-12217,COL-0082,EVT-1448,552,TRUE,YEAR,YEAR_RANGE,,,DATE_RULE,TRUE
CEV-12218,COL-0082,EVT-1449,553,TRUE,YEAR,YEAR_RANGE,,,DATE_RULE,TRUE
CEV-12219,COL-0082,EVT-1450,554,TRUE,YEAR,YEAR_RANGE,,,DATE_RULE,TRUE
CEV-12220,COL-0082,EVT-1451,555,TRUE,YEAR,YEAR_RANGE,,,DATE_RULE,TRUE
CEV-12221,COL-0082,EVT-1452,556,TRUE,YEAR,YEAR_RANGE,,,DATE_RULE,TRUE
CEV-12222,COL-0082,EVT-1453,557,TRUE,YEAR,YEAR_RANGE,,,DATE_RULE,TRUE
CEV-12223,COL-0082,EVT-1454,558,TRUE,YEAR,YEAR_RANGE,,,DATE_RULE,TRUE
CEV-12224,COL-0082,EVT-0539,559,TRUE,DAY,YEAR_RANGE,,,DATE_RULE,TRUE
CEV-12225,COL-0082,EVT-0288,560,TRUE,DAY,YEAR_RANGE,,,DATE_RULE,TRUE
CEV-12226,COL-0082,EVT-0289,561,TRUE,DAY,YEAR_RANGE,,,DATE_RULE,TRUE
CEV-12227,COL-0082,EVT-0893,562,TRUE,DAY,YEAR_RANGE,,,DATE_RULE,TRUE
CEV-12228,COL-0082,EVT-0894,563,TRUE,DAY,YEAR_RANGE,,,DATE_RULE,TRUE
CEV-12229,COL-0082,EVT-0895,564,TRUE,DAY,YEAR_RANGE,,,DATE_RULE,TRUE
CEV-12230,COL-0082,EVT-1455,565,TRUE,YEAR,YEAR_RANGE,,,DATE_RULE,TRUE
CEV-12231,COL-0082,EVT-1456,566,TRUE,YEAR,YEAR_RANGE,,,DATE_RULE,TRUE
CEV-12232,COL-0082,EVT-1457,567,TRUE,YEAR,YEAR_RANGE,,,DATE_RULE,TRUE
CEV-12233,COL-0082,EVT-1458,568,TRUE,YEAR,YEAR_RANGE,,,DATE_RULE,TRUE
CEV-12234,COL-0082,EVT-1459,569,TRUE,YEAR,YEAR_RANGE,,,DATE_RULE,TRUE
CEV-12235,COL-0082,EVT-1460,570,TRUE,YEAR,YEAR_RANGE,,,DATE_RULE,TRUE
CEV-12236,COL-0082,EVT-1461,571,TRUE,YEAR,YEAR_RANGE,,,DATE_RULE,TRUE
CEV-12237,COL-0082,EVT-1462,572,TRUE,YEAR,YEAR_RANGE,,,DATE_RULE,TRUE
CEV-12238,COL-0082,EVT-1463,573,TRUE,YEAR,YEAR_RANGE,,,DATE_RULE,TRUE
CEV-12239,COL-0082,EVT-0963,574,TRUE,DAY,YEAR_RANGE,,,DATE_RULE,TRUE
CEV-12240,COL-0082,EVT-0964,575,TRUE,DAY,YEAR_RANGE,,,DATE_RULE,TRUE
CEV-12241,COL-0082,EVT-0130,576,TRUE,DAY,YEAR_RANGE,,,DATE_RULE,TRUE
CEV-12242,COL-0082,EVT-0965,577,TRUE,DAY,YEAR_RANGE,,,DATE_RULE,TRUE
CEV-12243,COL-0082,EVT-0315,578,TRUE,DAY,YEAR_RANGE,,,DATE_RULE,TRUE
CEV-12244,COL-0082,EVT-1464,579,TRUE,YEAR,YEAR_RANGE,,,DATE_RULE,TRUE
CEV-12245,COL-0082,EVT-1465,580,TRUE,YEAR,YEAR_RANGE,,,DATE_RULE,TRUE
CEV-12246,COL-0082,EVT-1466,581,TRUE,YEAR,YEAR_RANGE,,,DATE_RULE,TRUE
CEV-12247,COL-0082,EVT-1467,582,TRUE,YEAR,YEAR_RANGE,,,DATE_RULE,TRUE
CEV-12248,COL-0082,EVT-1468,583,TRUE,YEAR,YEAR_RANGE,,,DATE_RULE,TRUE
CEV-12249,COL-0082,EVT-1469,584,TRUE,YEAR,YEAR_RANGE,,,DATE_RULE,TRUE
CEV-12250,COL-0082,EVT-1470,585,TRUE,YEAR,YEAR_RANGE,,,DATE_RULE,TRUE
CEV-12251,COL-0082,EVT-0896,586,TRUE,DAY,YEAR_RANGE,,,DATE_RULE,TRUE
CEV-12252,COL-0082,EVT-0897,587,TRUE,DAY,YEAR_RANGE,,,DATE_RULE,TRUE
CEV-12253,COL-0082,EVT-0898,588,TRUE,DAY,YEAR_RANGE,,,DATE_RULE,TRUE
CEV-12254,COL-0082,EVT-0899,589,TRUE,DAY,YEAR_RANGE,,,DATE_RULE,TRUE
CEV-12255,COL-0082,EVT-1471,590,TRUE,YEAR,YEAR_RANGE,,,DATE_RULE,TRUE
CEV-12256,COL-0082,EVT-1472,591,TRUE,YEAR,YEAR_RANGE,,,DATE_RULE,TRUE
CEV-12257,COL-0082,EVT-1473,592,TRUE,YEAR,YEAR_RANGE,,,DATE_RULE,TRUE
CEV-12258,COL-0082,EVT-1474,593,TRUE,YEAR,YEAR_RANGE,,,DATE_RULE,TRUE
CEV-12259,COL-0082,EVT-1475,594,TRUE,YEAR,YEAR_RANGE,,,DATE_RULE,TRUE
CEV-12260,COL-0082,EVT-1476,595,TRUE,YEAR,YEAR_RANGE,,,DATE_RULE,TRUE
CEV-12261,COL-0082,EVT-1477,596,TRUE,YEAR,YEAR_RANGE,,,DATE_RULE,TRUE
CEV-12262,COL-0082,EVT-1478,597,TRUE,YEAR,YEAR_RANGE,,,DATE_RULE,TRUE
CEV-12263,COL-0082,EVT-1479,598,TRUE,YEAR,YEAR_RANGE,,,DATE_RULE,TRUE
CEV-12264,COL-0082,EVT-1480,599,TRUE,YEAR,YEAR_RANGE,,,DATE_RULE,TRUE
CEV-12265,COL-0082,EVT-1481,600,TRUE,YEAR,YEAR_RANGE,,,DATE_RULE,TRUE
CEV-12266,COL-0082,EVT-1482,601,TRUE,YEAR,YEAR_RANGE,,,DATE_RULE,TRUE
CEV-12267,COL-0082,EVT-1483,602,TRUE,YEAR,YEAR_RANGE,,,DATE_RULE,TRUE
CEV-12268,COL-0082,EVT-0900,603,TRUE,DAY,YEAR_RANGE,,,DATE_RULE,TRUE
CEV-12269,COL-0082,EVT-0316,604,TRUE,DAY,YEAR_RANGE,,,DATE_RULE,TRUE
CEV-12270,COL-0082,EVT-0901,605,TRUE,DAY,YEAR_RANGE,,,DATE_RULE,TRUE
CEV-12271,COL-0082,EVT-0966,606,TRUE,DAY,YEAR_RANGE,,,DATE_RULE,TRUE
CEV-12272,COL-0082,EVT-0902,607,TRUE,DAY,YEAR_RANGE,,,DATE_RULE,TRUE
CEV-12273,COL-0082,EVT-1484,608,TRUE,YEAR,YEAR_RANGE,,,DATE_RULE,TRUE
CEV-12274,COL-0082,EVT-1485,609,TRUE,YEAR,YEAR_RANGE,,,DATE_RULE,TRUE
CEV-12275,COL-0082,EVT-1486,610,TRUE,YEAR,YEAR_RANGE,,,DATE_RULE,TRUE
CEV-12276,COL-0082,EVT-1487,611,TRUE,YEAR,YEAR_RANGE,,,DATE_RULE,TRUE
CEV-12277,COL-0082,EVT-1488,612,TRUE,YEAR,YEAR_RANGE,,,DATE_RULE,TRUE
CEV-12278,COL-0082,EVT-0903,613,TRUE,DAY,YEAR_RANGE,,,DATE_RULE,TRUE
CEV-12279,COL-0082,EVT-0265,614,TRUE,DAY,YEAR_RANGE,,,DATE_RULE,TRUE
CEV-12280,COL-0082,EVT-0904,615,TRUE,DAY,YEAR_RANGE,,,DATE_RULE,TRUE
CEV-12281,COL-0082,EVT-0905,616,TRUE,DAY,YEAR_RANGE,,,DATE_RULE,TRUE
CEV-12282,COL-0082,EVT-1489,617,TRUE,YEAR,YEAR_RANGE,,,DATE_RULE,TRUE
CEV-12283,COL-0082,EVT-1490,618,TRUE,YEAR,YEAR_RANGE,,,DATE_RULE,TRUE
CEV-12284,COL-0082,EVT-1491,619,TRUE,YEAR,YEAR_RANGE,,,DATE_RULE,TRUE
CEV-12285,COL-0082,EVT-1492,620,TRUE,YEAR,YEAR_RANGE,,,DATE_RULE,TRUE
CEV-12286,COL-0082,EVT-1493,621,TRUE,YEAR,YEAR_RANGE,,,DATE_RULE,TRUE
CEV-12287,COL-0082,EVT-1494,622,TRUE,YEAR,YEAR_RANGE,,,DATE_RULE,TRUE
CEV-12288,COL-0082,EVT-1495,623,TRUE,YEAR,YEAR_RANGE,,,DATE_RULE,TRUE
CEV-12289,COL-0082,EVT-1496,624,TRUE,YEAR,YEAR_RANGE,,,DATE_RULE,TRUE
CEV-12290,COL-0082,EVT-1497,625,TRUE,YEAR,YEAR_RANGE,,,DATE_RULE,TRUE
CEV-12291,COL-0082,EVT-1498,626,TRUE,YEAR,YEAR_RANGE,,,DATE_RULE,TRUE
CEV-12292,COL-0082,EVT-1499,627,TRUE,YEAR,YEAR_RANGE,,,DATE_RULE,TRUE
CEV-12293,COL-0082,EVT-1500,628,TRUE,YEAR,YEAR_RANGE,,,DATE_RULE,TRUE
CEV-12294,COL-0082,EVT-0266,629,TRUE,DAY,YEAR_RANGE,,,DATE_RULE,TRUE
CEV-12295,COL-0082,EVT-0131,630,TRUE,DAY,YEAR_RANGE,,,DATE_RULE,TRUE
CEV-12296,COL-0082,EVT-0906,631,TRUE,DAY,YEAR_RANGE,,,DATE_RULE,TRUE
CEV-12297,COL-0082,EVT-1501,632,TRUE,YEAR,YEAR_RANGE,,,DATE_RULE,TRUE
CEV-12298,COL-0082,EVT-1502,633,TRUE,YEAR,YEAR_RANGE,,,DATE_RULE,TRUE
CEV-12299,COL-0082,EVT-1503,634,TRUE,YEAR,YEAR_RANGE,,,DATE_RULE,TRUE
CEV-12300,COL-0082,EVT-1504,635,TRUE,YEAR,YEAR_RANGE,,,DATE_RULE,TRUE
CEV-12301,COL-0082,EVT-1505,636,TRUE,YEAR,YEAR_RANGE,,,DATE_RULE,TRUE
CEV-12302,COL-0082,EVT-0132,637,TRUE,DAY,YEAR_RANGE,,,DATE_RULE,TRUE
CEV-12303,COL-0082,EVT-0907,638,TRUE,DAY,YEAR_RANGE,,,DATE_RULE,TRUE
CEV-12304,COL-0082,EVT-0908,639,TRUE,DAY,YEAR_RANGE,,,DATE_RULE,TRUE
CEV-12305,COL-0082,EVT-0967,640,TRUE,DAY,YEAR_RANGE,,,DATE_RULE,TRUE
CEV-12306,COL-0082,EVT-0540,641,TRUE,DAY,YEAR_RANGE,,,DATE_RULE,TRUE
CEV-12307,COL-0082,EVT-0968,642,TRUE,DAY,YEAR_RANGE,,,DATE_RULE,TRUE
CEV-12308,COL-0082,EVT-1506,643,TRUE,YEAR,YEAR_RANGE,,,DATE_RULE,TRUE
CEV-12309,COL-0082,EVT-1507,644,TRUE,YEAR,YEAR_RANGE,,,DATE_RULE,TRUE
CEV-12310,COL-0082,EVT-1508,645,TRUE,YEAR,YEAR_RANGE,,,DATE_RULE,TRUE
CEV-12311,COL-0082,EVT-1509,646,TRUE,YEAR,YEAR_RANGE,,,DATE_RULE,TRUE
CEV-12312,COL-0082,EVT-1510,647,TRUE,YEAR,YEAR_RANGE,,,DATE_RULE,TRUE
CEV-12313,COL-0082,EVT-1511,648,TRUE,YEAR,YEAR_RANGE,,,DATE_RULE,TRUE
CEV-12314,COL-0082,EVT-1512,649,TRUE,YEAR,YEAR_RANGE,,,DATE_RULE,TRUE
CEV-12315,COL-0082,EVT-1513,650,TRUE,YEAR,YEAR_RANGE,,,DATE_RULE,TRUE
CEV-12316,COL-0082,EVT-1514,651,TRUE,YEAR,YEAR_RANGE,,,DATE_RULE,TRUE
CEV-12317,COL-0082,EVT-1515,652,TRUE,YEAR,YEAR_RANGE,,,DATE_RULE,TRUE
CEV-12318,COL-0082,EVT-1516,653,TRUE,YEAR,YEAR_RANGE,,,DATE_RULE,TRUE
CEV-12319,COL-0082,EVT-1517,654,TRUE,YEAR,YEAR_RANGE,,,DATE_RULE,TRUE
CEV-12320,COL-0082,EVT-1518,655,TRUE,YEAR,YEAR_RANGE,,,DATE_RULE,TRUE
CEV-12321,COL-0082,EVT-0909,656,TRUE,DAY,YEAR_RANGE,,,DATE_RULE,TRUE
CEV-12322,COL-0082,EVT-0267,657,TRUE,DAY,YEAR_RANGE,,,DATE_RULE,TRUE
CEV-12323,COL-0082,EVT-0910,658,TRUE,DAY,YEAR_RANGE,,,DATE_RULE,TRUE
CEV-12324,COL-0082,EVT-0969,659,TRUE,DAY,YEAR_RANGE,,,DATE_RULE,TRUE
CEV-12325,COL-0082,EVT-1519,660,TRUE,YEAR,YEAR_RANGE,,,DATE_RULE,TRUE
CEV-12326,COL-0082,EVT-1520,661,TRUE,YEAR,YEAR_RANGE,,,DATE_RULE,TRUE
CEV-12327,COL-0082,EVT-1521,662,TRUE,YEAR,YEAR_RANGE,,,DATE_RULE,TRUE
CEV-12328,COL-0082,EVT-1522,663,TRUE,YEAR,YEAR_RANGE,,,DATE_RULE,TRUE
CEV-12329,COL-0082,EVT-1523,664,TRUE,YEAR,YEAR_RANGE,,,DATE_RULE,TRUE
CEV-12330,COL-0082,EVT-1524,665,TRUE,YEAR,YEAR_RANGE,,,DATE_RULE,TRUE
CEV-12331,COL-0082,EVT-1525,666,TRUE,YEAR,YEAR_RANGE,,,DATE_RULE,TRUE
CEV-12332,COL-0082,EVT-1526,667,TRUE,YEAR,YEAR_RANGE,,,DATE_RULE,TRUE
CEV-12333,COL-0082,EVT-1527,668,TRUE,YEAR,YEAR_RANGE,,,DATE_RULE,TRUE
CEV-12334,COL-0082,EVT-1528,669,TRUE,YEAR,YEAR_RANGE,,,DATE_RULE,TRUE
CEV-12335,COL-0082,EVT-1529,670,TRUE,YEAR,YEAR_RANGE,,,DATE_RULE,TRUE
CEV-12336,COL-0082,EVT-0911,671,TRUE,DAY,YEAR_RANGE,,,DATE_RULE,TRUE
CEV-12337,COL-0082,EVT-0970,672,TRUE,DAY,YEAR_RANGE,,,DATE_RULE,TRUE
CEV-12338,COL-0082,EVT-0912,673,TRUE,DAY,YEAR_RANGE,,,DATE_RULE,TRUE
CEV-12339,COL-0082,EVT-1530,674,TRUE,YEAR,YEAR_RANGE,,,DATE_RULE,TRUE
CEV-12340,COL-0082,EVT-1531,675,TRUE,YEAR,YEAR_RANGE,,,DATE_RULE,TRUE
CEV-12341,COL-0082,EVT-1532,676,TRUE,YEAR,YEAR_RANGE,,,DATE_RULE,TRUE
CEV-12342,COL-0082,EVT-1533,677,TRUE,YEAR,YEAR_RANGE,,,DATE_RULE,TRUE
CEV-12343,COL-0082,EVT-1534,678,TRUE,YEAR,YEAR_RANGE,,,DATE_RULE,TRUE
CEV-12344,COL-0082,EVT-1535,679,TRUE,YEAR,YEAR_RANGE,,,DATE_RULE,TRUE
CEV-12345,COL-0082,EVT-0913,680,TRUE,DAY,YEAR_RANGE,,,DATE_RULE,TRUE
CEV-12346,COL-0082,EVT-0914,681,TRUE,DAY,YEAR_RANGE,,,DATE_RULE,TRUE
CEV-12347,COL-0082,EVT-0268,682,TRUE,DAY,YEAR_RANGE,,,DATE_RULE,TRUE
CEV-12348,COL-0082,EVT-0541,683,TRUE,RANGE,YEAR_RANGE,,,DATE_RULE,TRUE
CEV-12349,COL-0082,EVT-0269,684,TRUE,DAY,YEAR_RANGE,,,DATE_RULE,TRUE
CEV-12350,COL-0082,EVT-0270,685,TRUE,DAY,YEAR_RANGE,,,DATE_RULE,TRUE
CEV-12351,COL-0082,EVT-1536,686,TRUE,YEAR,YEAR_RANGE,,,DATE_RULE,TRUE
CEV-12352,COL-0082,EVT-1537,687,TRUE,YEAR,YEAR_RANGE,,,DATE_RULE,TRUE
CEV-12353,COL-0082,EVT-1538,688,TRUE,YEAR,YEAR_RANGE,,,DATE_RULE,TRUE
CEV-12354,COL-0082,EVT-1539,689,TRUE,YEAR,YEAR_RANGE,,,DATE_RULE,TRUE
CEV-12355,COL-0082,EVT-1540,690,TRUE,YEAR,YEAR_RANGE,,,DATE_RULE,TRUE
CEV-12356,COL-0082,EVT-1541,691,TRUE,YEAR,YEAR_RANGE,,,DATE_RULE,TRUE
CEV-12357,COL-0082,EVT-1542,692,TRUE,YEAR,YEAR_RANGE,,,DATE_RULE,TRUE
CEV-12358,COL-0082,EVT-1543,693,TRUE,YEAR,YEAR_RANGE,,,DATE_RULE,TRUE
CEV-12359,COL-0082,EVT-1544,694,TRUE,YEAR,YEAR_RANGE,,,DATE_RULE,TRUE
CEV-12360,COL-0082,EVT-0542,695,TRUE,DAY,YEAR_RANGE,,,DATE_RULE,TRUE
CEV-12361,COL-0082,EVT-0971,696,TRUE,DAY,YEAR_RANGE,,,DATE_RULE,TRUE
CEV-12362,COL-0082,EVT-0972,697,TRUE,DAY,YEAR_RANGE,,,DATE_RULE,TRUE
CEV-12363,COL-0082,EVT-0543,698,TRUE,DAY,YEAR_RANGE,,,DATE_RULE,TRUE
CEV-12364,COL-0082,EVT-1545,699,TRUE,YEAR,YEAR_RANGE,,,DATE_RULE,TRUE
CEV-12365,COL-0082,EVT-1546,700,TRUE,YEAR,YEAR_RANGE,,,DATE_RULE,TRUE
CEV-12366,COL-0082,EVT-1547,701,TRUE,YEAR,YEAR_RANGE,,,DATE_RULE,TRUE
CEV-12367,COL-0082,EVT-1548,702,TRUE,YEAR,YEAR_RANGE,,,DATE_RULE,TRUE
CEV-12368,COL-0082,EVT-1549,703,TRUE,YEAR,YEAR_RANGE,,,DATE_RULE,TRUE
CEV-12369,COL-0082,EVT-1550,704,TRUE,YEAR,YEAR_RANGE,,,DATE_RULE,TRUE
CEV-12370,COL-0082,EVT-1551,705,TRUE,YEAR,YEAR_RANGE,,,DATE_RULE,TRUE
CEV-12371,COL-0082,EVT-1552,706,TRUE,YEAR,YEAR_RANGE,,,DATE_RULE,TRUE
CEV-12372,COL-0082,EVT-1553,707,TRUE,YEAR,YEAR_RANGE,,,DATE_RULE,TRUE
CEV-12373,COL-0082,EVT-1554,708,TRUE,YEAR,YEAR_RANGE,,,DATE_RULE,TRUE
CEV-12374,COL-0082,EVT-1555,709,TRUE,YEAR,YEAR_RANGE,,,DATE_RULE,TRUE
CEV-12375,COL-0082,EVT-1556,710,TRUE,YEAR,YEAR_RANGE,,,DATE_RULE,TRUE
CEV-12376,COL-0082,EVT-1557,711,TRUE,YEAR,YEAR_RANGE,,,DATE_RULE,TRUE
CEV-12377,COL-0082,EVT-0973,712,TRUE,DAY,YEAR_RANGE,,,DATE_RULE,TRUE
CEV-12378,COL-0082,EVT-0974,713,TRUE,DAY,YEAR_RANGE,,,DATE_RULE,TRUE
CEV-12379,COL-0082,EVT-0544,714,TRUE,DAY,YEAR_RANGE,,,DATE_RULE,TRUE
CEV-12380,COL-0082,EVT-0915,715,TRUE,DAY,YEAR_RANGE,,,DATE_RULE,TRUE
CEV-12381,COL-0082,EVT-1558,716,TRUE,YEAR,YEAR_RANGE,,,DATE_RULE,TRUE
CEV-12382,COL-0082,EVT-1559,717,TRUE,YEAR,YEAR_RANGE,,,DATE_RULE,TRUE
CEV-12383,COL-0082,EVT-1560,718,TRUE,YEAR,YEAR_RANGE,,,DATE_RULE,TRUE
CEV-12384,COL-0082,EVT-1561,719,TRUE,YEAR,YEAR_RANGE,,,DATE_RULE,TRUE
CEV-12385,COL-0082,EVT-1562,720,TRUE,YEAR,YEAR_RANGE,,,DATE_RULE,TRUE
CEV-12386,COL-0082,EVT-1563,721,TRUE,YEAR,YEAR_RANGE,,,DATE_RULE,TRUE
CEV-12387,COL-0082,EVT-1564,722,TRUE,YEAR,YEAR_RANGE,,,DATE_RULE,TRUE
CEV-12388,COL-0082,EVT-0916,723,TRUE,DAY,YEAR_RANGE,,,DATE_RULE,TRUE
CEV-12389,COL-0082,EVT-0364,724,TRUE,DAY,YEAR_RANGE,,,DATE_RULE,TRUE
CEV-12390,COL-0082,EVT-0917,725,TRUE,DAY,YEAR_RANGE,,,DATE_RULE,TRUE
CEV-12391,COL-0082,EVT-0133,726,TRUE,DAY,YEAR_RANGE,,,DATE_RULE,TRUE
CEV-12392,COL-0082,EVT-1565,727,TRUE,YEAR,YEAR_RANGE,,,DATE_RULE,TRUE
CEV-12393,COL-0082,EVT-1566,728,TRUE,YEAR,YEAR_RANGE,,,DATE_RULE,TRUE
CEV-12394,COL-0082,EVT-1567,729,TRUE,YEAR,YEAR_RANGE,,,DATE_RULE,TRUE
CEV-12395,COL-0082,EVT-1568,730,TRUE,YEAR,YEAR_RANGE,,,DATE_RULE,TRUE
CEV-12396,COL-0082,EVT-1569,731,TRUE,YEAR,YEAR_RANGE,,,DATE_RULE,TRUE
CEV-12397,COL-0082,EVT-1570,732,TRUE,YEAR,YEAR_RANGE,,,DATE_RULE,TRUE
CEV-12398,COL-0082,EVT-1571,733,TRUE,YEAR,YEAR_RANGE,,,DATE_RULE,TRUE
CEV-12399,COL-0082,EVT-1572,734,TRUE,YEAR,YEAR_RANGE,,,DATE_RULE,TRUE
CEV-12400,COL-0082,EVT-1573,735,TRUE,YEAR,YEAR_RANGE,,,DATE_RULE,TRUE
CEV-12401,COL-0082,EVT-1574,736,TRUE,YEAR,YEAR_RANGE,,,DATE_RULE,TRUE
CEV-12402,COL-0082,EVT-0134,737,TRUE,DAY,YEAR_RANGE,,,DATE_RULE,TRUE
CEV-12403,COL-0082,EVT-0918,738,TRUE,DAY,YEAR_RANGE,,,DATE_RULE,TRUE
CEV-12404,COL-0082,EVT-0975,739,TRUE,DAY,YEAR_RANGE,,,DATE_RULE,TRUE
CEV-12405,COL-0082,EVT-0976,740,TRUE,DAY,YEAR_RANGE,,,DATE_RULE,TRUE
CEV-12406,COL-0082,EVT-0919,741,TRUE,DAY,YEAR_RANGE,,,DATE_RULE,TRUE
CEV-12407,COL-0082,EVT-0278,742,TRUE,DAY,YEAR_RANGE,,,DATE_RULE,TRUE
CEV-12408,COL-0082,EVT-1575,743,TRUE,YEAR,YEAR_RANGE,,,DATE_RULE,TRUE
CEV-12409,COL-0082,EVT-1576,744,TRUE,YEAR,YEAR_RANGE,,,DATE_RULE,TRUE
CEV-12410,COL-0082,EVT-1577,745,TRUE,YEAR,YEAR_RANGE,,,DATE_RULE,TRUE
CEV-12411,COL-0082,EVT-1578,746,TRUE,YEAR,YEAR_RANGE,,,DATE_RULE,TRUE
CEV-12412,COL-0082,EVT-1579,747,TRUE,YEAR,YEAR_RANGE,,,DATE_RULE,TRUE
CEV-12413,COL-0082,EVT-1580,748,TRUE,YEAR,YEAR_RANGE,,,DATE_RULE,TRUE
CEV-12414,COL-0082,EVT-1581,749,TRUE,YEAR,YEAR_RANGE,,,DATE_RULE,TRUE
CEV-12415,COL-0082,EVT-1582,750,TRUE,YEAR,YEAR_RANGE,,,DATE_RULE,TRUE
CEV-12416,COL-0082,EVT-0920,751,TRUE,DAY,YEAR_RANGE,,,DATE_RULE,TRUE
CEV-12417,COL-0082,EVT-0977,752,TRUE,DAY,YEAR_RANGE,,,DATE_RULE,TRUE
CEV-12418,COL-0082,EVT-1583,753,TRUE,YEAR,YEAR_RANGE,,,DATE_RULE,TRUE
CEV-12419,COL-0082,EVT-1584,754,TRUE,YEAR,YEAR_RANGE,,,DATE_RULE,TRUE
CEV-12420,COL-0082,EVT-1585,755,TRUE,YEAR,YEAR_RANGE,,,DATE_RULE,TRUE
CEV-12421,COL-0082,EVT-1586,756,TRUE,YEAR,YEAR_RANGE,,,DATE_RULE,TRUE
CEV-12422,COL-0082,EVT-1587,757,TRUE,YEAR,YEAR_RANGE,,,DATE_RULE,TRUE
CEV-12423,COL-0082,EVT-1588,758,TRUE,YEAR,YEAR_RANGE,,,DATE_RULE,TRUE
CEV-12424,COL-0082,EVT-1589,759,TRUE,YEAR,YEAR_RANGE,,,DATE_RULE,TRUE
CEV-12425,COL-0082,EVT-1590,760,TRUE,YEAR,YEAR_RANGE,,,DATE_RULE,TRUE
CEV-12426,COL-0082,EVT-1591,761,TRUE,YEAR,YEAR_RANGE,,,DATE_RULE,TRUE
CEV-12427,COL-0082,EVT-1592,762,TRUE,YEAR,YEAR_RANGE,,,DATE_RULE,TRUE
CEV-12428,COL-0082,EVT-1593,763,TRUE,YEAR,YEAR_RANGE,,,DATE_RULE,TRUE
CEV-12429,COL-0082,EVT-1594,764,TRUE,YEAR,YEAR_RANGE,,,DATE_RULE,TRUE
CEV-12430,COL-0082,EVT-1595,765,TRUE,YEAR,YEAR_RANGE,,,DATE_RULE,TRUE
CEV-12431,COL-0082,EVT-0921,766,TRUE,DAY,YEAR_RANGE,,,DATE_RULE,TRUE
CEV-12432,COL-0082,EVT-0922,767,TRUE,DAY,YEAR_RANGE,,,DATE_RULE,TRUE
CEV-12433,COL-0082,EVT-1596,768,TRUE,YEAR,YEAR_RANGE,,,DATE_RULE,TRUE
CEV-12434,COL-0082,EVT-1597,769,TRUE,YEAR,YEAR_RANGE,,,DATE_RULE,TRUE
CEV-12435,COL-0082,EVT-1598,770,TRUE,YEAR,YEAR_RANGE,,,DATE_RULE,TRUE
CEV-12436,COL-0082,EVT-1599,771,TRUE,YEAR,YEAR_RANGE,,,DATE_RULE,TRUE
CEV-12437,COL-0082,EVT-1600,772,TRUE,YEAR,YEAR_RANGE,,,DATE_RULE,TRUE
CEV-12438,COL-0082,EVT-1601,773,TRUE,YEAR,YEAR_RANGE,,,DATE_RULE,TRUE
CEV-12439,COL-0082,EVT-1602,774,TRUE,YEAR,YEAR_RANGE,,,DATE_RULE,TRUE
CEV-12440,COL-0082,EVT-1603,775,TRUE,YEAR,YEAR_RANGE,,,DATE_RULE,TRUE
CEV-12441,COL-0082,EVT-0923,776,TRUE,DAY,YEAR_RANGE,,,DATE_RULE,TRUE
CEV-12442,COL-0082,EVT-0280,777,TRUE,DAY,YEAR_RANGE,,,DATE_RULE,TRUE
CEV-12443,COL-0082,EVT-1041,778,TRUE,DAY,YEAR_RANGE,,,DATE_RULE,TRUE
CEV-12444,COL-0082,EVT-1604,779,TRUE,YEAR,YEAR_RANGE,,,DATE_RULE,TRUE
CEV-12445,COL-0082,EVT-1605,780,TRUE,YEAR,YEAR_RANGE,,,DATE_RULE,TRUE
CEV-12446,COL-0082,EVT-1606,781,TRUE,YEAR,YEAR_RANGE,,,DATE_RULE,TRUE
CEV-12447,COL-0082,EVT-1607,782,TRUE,YEAR,YEAR_RANGE,,,DATE_RULE,TRUE
CEV-12448,COL-0082,EVT-1608,783,TRUE,YEAR,YEAR_RANGE,,,DATE_RULE,TRUE
CEV-12449,COL-0082,EVT-1609,784,TRUE,YEAR,YEAR_RANGE,,,DATE_RULE,TRUE
CEV-12450,COL-0082,EVT-1610,785,TRUE,YEAR,YEAR_RANGE,,,DATE_RULE,TRUE
CEV-12451,COL-0082,EVT-1611,786,TRUE,YEAR,YEAR_RANGE,,,DATE_RULE,TRUE
CEV-12452,COL-0082,EVT-1612,787,TRUE,YEAR,YEAR_RANGE,,,DATE_RULE,TRUE
CEV-12453,COL-0082,EVT-0924,788,TRUE,DAY,YEAR_RANGE,,,DATE_RULE,TRUE
CEV-12454,COL-0082,EVT-1614,789,TRUE,DAY,YEAR_RANGE,,,DATE_RULE,TRUE
CEV-12455,COL-0082,EVT-0545,790,TRUE,DAY,YEAR_RANGE,,,DATE_RULE,TRUE
CEV-12456,COL-0082,EVT-1613,791,TRUE,DAY,YEAR_RANGE,,,DATE_RULE,TRUE
CEV-12457,COL-0082,EVT-1615,792,TRUE,YEAR,YEAR_RANGE,,,DATE_RULE,TRUE
CEV-12458,COL-0082,EVT-1616,793,TRUE,YEAR,YEAR_RANGE,,,DATE_RULE,TRUE
CEV-12459,COL-0082,EVT-1617,794,TRUE,YEAR,YEAR_RANGE,,,DATE_RULE,TRUE
CEV-12460,COL-0082,EVT-1618,795,TRUE,YEAR,YEAR_RANGE,,,DATE_RULE,TRUE
CEV-12461,COL-0082,EVT-1619,796,TRUE,YEAR,YEAR_RANGE,,,DATE_RULE,TRUE
CEV-12462,COL-0082,EVT-1620,797,TRUE,YEAR,YEAR_RANGE,,,DATE_RULE,TRUE
CEV-12463,COL-0082,EVT-1621,798,TRUE,YEAR,YEAR_RANGE,,,DATE_RULE,TRUE
CEV-12464,COL-0082,EVT-1622,799,TRUE,YEAR,YEAR_RANGE,,,DATE_RULE,TRUE
CEV-12465,COL-0082,EVT-1624,800,TRUE,YEAR,YEAR_RANGE,,,DATE_RULE,TRUE
CEV-12466,COL-0082,EVT-1623,801,TRUE,DAY,YEAR_RANGE,,,DATE_RULE,TRUE
CEV-12467,COL-0082,EVT-0925,802,TRUE,DAY,YEAR_RANGE,,,DATE_RULE,TRUE
CEV-12468,COL-0082,EVT-1625,803,TRUE,YEAR,YEAR_RANGE,,,DATE_RULE,TRUE
CEV-12469,COL-0082,EVT-1626,804,TRUE,YEAR,YEAR_RANGE,,,DATE_RULE,TRUE
CEV-12470,COL-0082,EVT-1627,805,TRUE,YEAR,YEAR_RANGE,,,DATE_RULE,TRUE
CEV-12471,COL-0082,EVT-1628,806,TRUE,YEAR,YEAR_RANGE,,,DATE_RULE,TRUE
CEV-12472,COL-0082,EVT-1629,807,TRUE,YEAR,YEAR_RANGE,,,DATE_RULE,TRUE
CEV-12473,COL-0082,EVT-1630,808,TRUE,YEAR,YEAR_RANGE,,,DATE_RULE,TRUE
CEV-12474,COL-0082,EVT-1631,809,TRUE,YEAR,YEAR_RANGE,,,DATE_RULE,TRUE
CEV-12475,COL-0082,EVT-1632,810,TRUE,YEAR,YEAR_RANGE,,,DATE_RULE,TRUE
CEV-12476,COL-0082,EVT-1633,811,TRUE,YEAR,YEAR_RANGE,,,DATE_RULE,TRUE
CEV-12477,COL-0082,EVT-1634,812,TRUE,YEAR,YEAR_RANGE,,,DATE_RULE,TRUE
CEV-12478,COL-0082,EVT-1635,813,TRUE,YEAR,YEAR_RANGE,,,DATE_RULE,TRUE
CEV-12479,COL-0082,EVT-1636,814,TRUE,YEAR,YEAR_RANGE,,,DATE_RULE,TRUE
CEV-12480,COL-0082,EVT-1637,815,TRUE,YEAR,YEAR_RANGE,,,DATE_RULE,TRUE
CEV-12481,COL-0082,EVT-1640,816,TRUE,YEAR,YEAR_RANGE,,,DATE_RULE,TRUE
CEV-12482,COL-0082,EVT-1641,817,TRUE,YEAR,YEAR_RANGE,,,DATE_RULE,TRUE
CEV-12483,COL-0082,EVT-1639,818,TRUE,DAY,YEAR_RANGE,,,DATE_RULE,TRUE
CEV-12484,COL-0082,EVT-0135,819,TRUE,DAY,YEAR_RANGE,,,DATE_RULE,TRUE
CEV-12485,COL-0082,EVT-1638,820,TRUE,DAY,YEAR_RANGE,,,DATE_RULE,TRUE
CEV-12486,COL-0082,EVT-1642,821,TRUE,YEAR,YEAR_RANGE,,,DATE_RULE,TRUE
CEV-12487,COL-0082,EVT-1643,822,TRUE,YEAR,YEAR_RANGE,,,DATE_RULE,TRUE
CEV-12488,COL-0082,EVT-1644,823,TRUE,YEAR,YEAR_RANGE,,,DATE_RULE,TRUE
CEV-12489,COL-0082,EVT-1645,824,TRUE,YEAR,YEAR_RANGE,,,DATE_RULE,TRUE
CEV-12490,COL-0082,EVT-1646,825,TRUE,YEAR,YEAR_RANGE,,,DATE_RULE,TRUE
CEV-12491,COL-0082,EVT-1647,826,TRUE,YEAR,YEAR_RANGE,,,DATE_RULE,TRUE
CEV-12492,COL-0082,EVT-1648,827,TRUE,YEAR,YEAR_RANGE,,,DATE_RULE,TRUE
CEV-12493,COL-0082,EVT-0546,828,TRUE,DAY,YEAR_RANGE,,,DATE_RULE,TRUE
CEV-12494,COL-0082,EVT-0114,829,TRUE,DAY,YEAR_RANGE,,,DATE_RULE,TRUE
CEV-12495,COL-0082,EVT-0926,830,TRUE,DAY,YEAR_RANGE,,,DATE_RULE,TRUE
CEV-12496,COL-0082,EVT-0927,831,TRUE,DAY,YEAR_RANGE,,,DATE_RULE,TRUE
CEV-12497,COL-0082,EVT-1649,832,TRUE,YEAR,YEAR_RANGE,,,DATE_RULE,TRUE
CEV-12498,COL-0082,EVT-1650,833,TRUE,YEAR,YEAR_RANGE,,,DATE_RULE,TRUE
CEV-12499,COL-0082,EVT-1651,834,TRUE,YEAR,YEAR_RANGE,,,DATE_RULE,TRUE
CEV-12500,COL-0082,EVT-1652,835,TRUE,YEAR,YEAR_RANGE,,,DATE_RULE,TRUE
CEV-12501,COL-0082,EVT-1653,836,TRUE,YEAR,YEAR_RANGE,,,DATE_RULE,TRUE
CEV-12502,COL-0082,EVT-1654,837,TRUE,YEAR,YEAR_RANGE,,,DATE_RULE,TRUE
CEV-12503,COL-0082,EVT-1655,838,TRUE,YEAR,YEAR_RANGE,,,DATE_RULE,TRUE
CEV-12504,COL-0082,EVT-1656,839,TRUE,YEAR,YEAR_RANGE,,,DATE_RULE,TRUE
CEV-12505,COL-0082,EVT-1658,840,TRUE,YEAR,YEAR_RANGE,,,DATE_RULE,TRUE
CEV-12506,COL-0082,EVT-1657,841,TRUE,DAY,YEAR_RANGE,,,DATE_RULE,TRUE
CEV-12507,COL-0082,EVT-0281,842,TRUE,DAY,YEAR_RANGE,,,DATE_RULE,TRUE
CEV-12508,COL-0082,EVT-0299,843,TRUE,DAY,YEAR_RANGE,,,DATE_RULE,TRUE
CEV-12509,COL-0082,EVT-0547,844,TRUE,DAY,YEAR_RANGE,,,DATE_RULE,TRUE
CEV-12510,COL-0082,EVT-0277,845,TRUE,DAY,YEAR_RANGE,,,DATE_RULE,TRUE
CEV-12511,COL-0082,EVT-0256,846,TRUE,DAY,YEAR_RANGE,,,DATE_RULE,TRUE
CEV-12512,COL-0082,EVT-1659,847,TRUE,YEAR,YEAR_RANGE,,,DATE_RULE,TRUE
CEV-12513,COL-0082,EVT-1660,848,TRUE,YEAR,YEAR_RANGE,,,DATE_RULE,TRUE
CEV-12514,COL-0082,EVT-1661,849,TRUE,YEAR,YEAR_RANGE,,,DATE_RULE,TRUE
CEV-12515,COL-0082,EVT-1662,850,TRUE,YEAR,YEAR_RANGE,,,DATE_RULE,TRUE
CEV-12516,COL-0082,EVT-1663,851,TRUE,YEAR,YEAR_RANGE,,,DATE_RULE,TRUE
CEV-12517,COL-0082,EVT-1664,852,TRUE,YEAR,YEAR_RANGE,,,DATE_RULE,TRUE
CEV-12518,COL-0082,EVT-1665,853,TRUE,YEAR,YEAR_RANGE,,,DATE_RULE,TRUE
CEV-12519,COL-0082,EVT-1666,854,TRUE,YEAR,YEAR_RANGE,,,DATE_RULE,TRUE
CEV-12520,COL-0082,EVT-1667,855,TRUE,YEAR,YEAR_RANGE,,,DATE_RULE,TRUE
CEV-12521,COL-0082,EVT-0300,856,TRUE,DAY,YEAR_RANGE,,,DATE_RULE,TRUE
CEV-12522,COL-0082,EVT-0929,857,TRUE,DAY,YEAR_RANGE,,,DATE_RULE,TRUE
CEV-12523,COL-0082,EVT-0301,858,TRUE,DAY,YEAR_RANGE,,,DATE_RULE,TRUE
CEV-12524,COL-0082,EVT-0257,859,TRUE,DAY,YEAR_RANGE,,,DATE_RULE,TRUE
CEV-12525,COL-0082,EVT-1669,860,TRUE,DAY,YEAR_RANGE,,,DATE_RULE,TRUE
CEV-12526,COL-0082,EVT-0258,861,TRUE,DAY,YEAR_RANGE,,,DATE_RULE,TRUE
CEV-12527,COL-0082,EVT-0930,862,TRUE,DAY,YEAR_RANGE,,,DATE_RULE,TRUE
CEV-12528,COL-0082,EVT-1668,863,TRUE,DAY,YEAR_RANGE,,,DATE_RULE,TRUE
CEV-12529,COL-0082,EVT-1670,864,TRUE,DAY,YEAR_RANGE,,,DATE_RULE,TRUE
CEV-12530,COL-0082,EVT-0115,865,TRUE,DAY,YEAR_RANGE,,,DATE_RULE,TRUE
CEV-12531,COL-0082,EVT-1671,866,TRUE,YEAR,YEAR_RANGE,,,DATE_RULE,TRUE
CEV-12532,COL-0082,EVT-1672,867,TRUE,YEAR,YEAR_RANGE,,,DATE_RULE,TRUE
CEV-12533,COL-0082,EVT-1673,868,TRUE,YEAR,YEAR_RANGE,,,DATE_RULE,TRUE
CEV-12534,COL-0082,EVT-1674,869,TRUE,YEAR,YEAR_RANGE,,,DATE_RULE,TRUE
CEV-12535,COL-0082,EVT-1675,870,TRUE,YEAR,YEAR_RANGE,,,DATE_RULE,TRUE
CEV-12536,COL-0082,EVT-1676,871,TRUE,YEAR,YEAR_RANGE,,,DATE_RULE,TRUE
CEV-12537,COL-0082,EVT-1677,872,TRUE,YEAR,YEAR_RANGE,,,DATE_RULE,TRUE
CEV-12538,COL-0082,EVT-1678,873,TRUE,YEAR,YEAR_RANGE,,,DATE_RULE,TRUE
CEV-12539,COL-0082,EVT-1679,874,TRUE,YEAR,YEAR_RANGE,,,DATE_RULE,TRUE
CEV-12540,COL-0082,EVT-1681,875,TRUE,YEAR,YEAR_RANGE,,,DATE_RULE,TRUE
CEV-12541,COL-0082,EVT-1682,876,TRUE,YEAR,YEAR_RANGE,,,DATE_RULE,TRUE
CEV-12542,COL-0082,EVT-0271,877,TRUE,DAY,YEAR_RANGE,,,DATE_RULE,TRUE
CEV-12543,COL-0082,EVT-0931,878,TRUE,DAY,YEAR_RANGE,,,DATE_RULE,TRUE
CEV-12544,COL-0082,EVT-0317,879,TRUE,DAY,YEAR_RANGE,,,DATE_RULE,TRUE
CEV-12545,COL-0082,EVT-1680,880,TRUE,DAY,YEAR_RANGE,,,DATE_RULE,TRUE
CEV-12546,COL-0082,EVT-1683,881,TRUE,YEAR,YEAR_RANGE,,,DATE_RULE,TRUE
CEV-12547,COL-0082,EVT-1684,882,TRUE,YEAR,YEAR_RANGE,,,DATE_RULE,TRUE
CEV-12548,COL-0082,EVT-1685,883,TRUE,YEAR,YEAR_RANGE,,,DATE_RULE,TRUE
CEV-12549,COL-0082,EVT-1686,884,TRUE,YEAR,YEAR_RANGE,,,DATE_RULE,TRUE
CEV-12550,COL-0082,EVT-1687,885,TRUE,YEAR,YEAR_RANGE,,,DATE_RULE,TRUE
CEV-12551,COL-0082,EVT-1688,886,TRUE,YEAR,YEAR_RANGE,,,DATE_RULE,TRUE
CEV-12552,COL-0082,EVT-1689,887,TRUE,YEAR,YEAR_RANGE,,,DATE_RULE,TRUE
CEV-12553,COL-0082,EVT-1690,888,TRUE,YEAR,YEAR_RANGE,,,DATE_RULE,TRUE
CEV-12554,COL-0082,EVT-1693,889,TRUE,YEAR,YEAR_RANGE,,,DATE_RULE,TRUE
CEV-12555,COL-0082,EVT-1691,890,TRUE,DAY,YEAR_RANGE,,,DATE_RULE,TRUE
CEV-12556,COL-0082,EVT-1692,891,TRUE,DAY,YEAR_RANGE,,,DATE_RULE,TRUE
CEV-12557,COL-0082,EVT-0305,892,TRUE,DAY,YEAR_RANGE,,,DATE_RULE,TRUE
CEV-12558,COL-0082,EVT-0932,893,TRUE,DAY,YEAR_RANGE,,,DATE_RULE,TRUE
CEV-12559,COL-0082,EVT-0272,894,TRUE,DAY,YEAR_RANGE,,,DATE_RULE,TRUE
CEV-12560,COL-0082,EVT-1694,895,TRUE,YEAR,YEAR_RANGE,,,DATE_RULE,TRUE
CEV-12561,COL-0082,EVT-1695,896,TRUE,YEAR,YEAR_RANGE,,,DATE_RULE,TRUE
CEV-12562,COL-0082,EVT-1696,897,TRUE,YEAR,YEAR_RANGE,,,DATE_RULE,TRUE
CEV-12563,COL-0082,EVT-1697,898,TRUE,YEAR,YEAR_RANGE,,,DATE_RULE,TRUE
CEV-12564,COL-0082,EVT-1698,899,TRUE,YEAR,YEAR_RANGE,,,DATE_RULE,TRUE
CEV-12565,COL-0082,EVT-1699,900,TRUE,YEAR,YEAR_RANGE,,,DATE_RULE,TRUE
CEV-12566,COL-0082,EVT-1700,901,TRUE,YEAR,YEAR_RANGE,,,DATE_RULE,TRUE
CEV-12567,COL-0082,EVT-1701,902,TRUE,YEAR,YEAR_RANGE,,,DATE_RULE,TRUE
CEV-12568,COL-0082,EVT-1702,903,TRUE,YEAR,YEAR_RANGE,,,DATE_RULE,TRUE
CEV-12569,COL-0082,EVT-1703,904,TRUE,YEAR,YEAR_RANGE,,,DATE_RULE,TRUE
CEV-12570,COL-0082,EVT-1706,905,TRUE,YEAR,YEAR_RANGE,,,DATE_RULE,TRUE
CEV-12571,COL-0082,EVT-0303,906,TRUE,RANGE,YEAR_RANGE,,,DATE_RULE,TRUE
CEV-12572,COL-0082,EVT-0304,907,TRUE,DAY,YEAR_RANGE,,,DATE_RULE,TRUE
CEV-12573,COL-0082,EVT-0259,908,TRUE,DAY,YEAR_RANGE,,,DATE_RULE,TRUE
CEV-12574,COL-0082,EVT-1704,909,TRUE,DAY,YEAR_RANGE,,,DATE_RULE,TRUE
CEV-12575,COL-0082,EVT-0933,910,TRUE,DAY,YEAR_RANGE,,,DATE_RULE,TRUE
CEV-12576,COL-0082,EVT-0260,911,TRUE,DAY,YEAR_RANGE,,,DATE_RULE,TRUE
CEV-12577,COL-0082,EVT-1705,912,TRUE,DAY,YEAR_RANGE,,,DATE_RULE,TRUE
CEV-12578,COL-0082,EVT-0261,913,TRUE,DAY,YEAR_RANGE,,,DATE_RULE,TRUE
CEV-12579,COL-0082,EVT-0279,914,TRUE,DAY,YEAR_RANGE,,,DATE_RULE,TRUE
CEV-12580,COL-0082,EVT-1707,915,TRUE,YEAR,YEAR_RANGE,,,DATE_RULE,TRUE
CEV-12581,COL-0082,EVT-1708,916,TRUE,YEAR,YEAR_RANGE,,,DATE_RULE,TRUE
CEV-12582,COL-0082,EVT-1709,917,TRUE,YEAR,YEAR_RANGE,,,DATE_RULE,TRUE
CEV-12583,COL-0082,EVT-1710,918,TRUE,YEAR,YEAR_RANGE,,,DATE_RULE,TRUE
CEV-12584,COL-0082,EVT-1711,919,TRUE,YEAR,YEAR_RANGE,,,DATE_RULE,TRUE
CEV-12585,COL-0082,EVT-1712,920,TRUE,YEAR,YEAR_RANGE,,,DATE_RULE,TRUE
CEV-12586,COL-0082,EVT-1713,921,TRUE,YEAR,YEAR_RANGE,,,DATE_RULE,TRUE
CEV-12587,COL-0082,EVT-1714,922,TRUE,YEAR,YEAR_RANGE,,,DATE_RULE,TRUE
CEV-12588,COL-0082,EVT-1715,923,TRUE,YEAR,YEAR_RANGE,,,DATE_RULE,TRUE
CEV-12589,COL-0082,EVT-1716,924,TRUE,YEAR,YEAR_RANGE,,,DATE_RULE,TRUE
CEV-12590,COL-0082,EVT-1718,925,TRUE,YEAR,YEAR_RANGE,,,DATE_RULE,TRUE
CEV-12591,COL-0082,EVT-0934,926,TRUE,DAY,YEAR_RANGE,,,DATE_RULE,TRUE
CEV-12592,COL-0082,EVT-0282,927,TRUE,DAY,YEAR_RANGE,,,DATE_RULE,TRUE
CEV-12593,COL-0082,EVT-0935,928,TRUE,DAY,YEAR_RANGE,,,DATE_RULE,TRUE
CEV-12594,COL-0082,EVT-1717,929,TRUE,DAY,YEAR_RANGE,,,DATE_RULE,TRUE
CEV-12595,COL-0082,EVT-0936,930,TRUE,DAY,YEAR_RANGE,,,DATE_RULE,TRUE
CEV-12596,COL-0082,EVT-1719,931,TRUE,YEAR,YEAR_RANGE,,,DATE_RULE,TRUE
CEV-12597,COL-0082,EVT-1720,932,TRUE,YEAR,YEAR_RANGE,,,DATE_RULE,TRUE
CEV-12598,COL-0082,EVT-1721,933,TRUE,YEAR,YEAR_RANGE,,,DATE_RULE,TRUE
CEV-12599,COL-0082,EVT-1722,934,TRUE,YEAR,YEAR_RANGE,,,DATE_RULE,TRUE
CEV-12600,COL-0082,EVT-1723,935,TRUE,YEAR,YEAR_RANGE,,,DATE_RULE,TRUE
CEV-12601,COL-0082,EVT-1724,936,TRUE,YEAR,YEAR_RANGE,,,DATE_RULE,TRUE
CEV-12602,COL-0082,EVT-1725,937,TRUE,YEAR,YEAR_RANGE,,,DATE_RULE,TRUE
CEV-12603,COL-0082,EVT-1726,938,TRUE,YEAR,YEAR_RANGE,,,DATE_RULE,TRUE
CEV-12604,COL-0082,EVT-1727,939,TRUE,YEAR,YEAR_RANGE,,,DATE_RULE,TRUE
CEV-12605,COL-0082,EVT-1728,940,TRUE,YEAR,YEAR_RANGE,,,DATE_RULE,TRUE
CEV-12606,COL-0082,EVT-0937,941,TRUE,DAY,YEAR_RANGE,,,DATE_RULE,TRUE
CEV-12607,COL-0082,EVT-0938,942,TRUE,DAY,YEAR_RANGE,,,DATE_RULE,TRUE
CEV-12608,COL-0082,EVT-1729,943,TRUE,YEAR,YEAR_RANGE,,,DATE_RULE,TRUE
CEV-12609,COL-0082,EVT-1730,944,TRUE,YEAR,YEAR_RANGE,,,DATE_RULE,TRUE
CEV-12610,COL-0082,EVT-1731,945,TRUE,YEAR,YEAR_RANGE,,,DATE_RULE,TRUE
CEV-12611,COL-0082,EVT-1732,946,TRUE,YEAR,YEAR_RANGE,,,DATE_RULE,TRUE
CEV-12612,COL-0082,EVT-1733,947,TRUE,YEAR,YEAR_RANGE,,,DATE_RULE,TRUE
CEV-12613,COL-0082,EVT-1734,948,TRUE,YEAR,YEAR_RANGE,,,DATE_RULE,TRUE
CEV-12614,COL-0082,EVT-0296,949,TRUE,DAY,YEAR_RANGE,,,DATE_RULE,TRUE
CEV-12615,COL-0082,EVT-1736,950,TRUE,DAY,YEAR_RANGE,,,DATE_RULE,TRUE
CEV-12616,COL-0082,EVT-0939,951,TRUE,DAY,YEAR_RANGE,,,DATE_RULE,TRUE
CEV-12617,COL-0082,EVT-1735,952,TRUE,DAY,YEAR_RANGE,,,DATE_RULE,TRUE
CEV-12618,COL-0082,EVT-0318,953,TRUE,DAY,YEAR_RANGE,,,DATE_RULE,TRUE
CEV-12619,COL-0082,EVT-1737,954,TRUE,YEAR,YEAR_RANGE,,,DATE_RULE,TRUE
CEV-12620,COL-0082,EVT-1738,955,TRUE,YEAR,YEAR_RANGE,,,DATE_RULE,TRUE
CEV-12621,COL-0082,EVT-1739,956,TRUE,YEAR,YEAR_RANGE,,,DATE_RULE,TRUE
CEV-12622,COL-0082,EVT-1740,957,TRUE,YEAR,YEAR_RANGE,,,DATE_RULE,TRUE
CEV-12623,COL-0082,EVT-1741,958,TRUE,YEAR,YEAR_RANGE,,,DATE_RULE,TRUE
CEV-12624,COL-0082,EVT-1742,959,TRUE,YEAR,YEAR_RANGE,,,DATE_RULE,TRUE
CEV-12625,COL-0082,EVT-1743,960,TRUE,YEAR,YEAR_RANGE,,,DATE_RULE,TRUE
CEV-12626,COL-0082,EVT-1744,961,TRUE,YEAR,YEAR_RANGE,,,DATE_RULE,TRUE
CEV-12627,COL-0082,EVT-1745,962,TRUE,YEAR,YEAR_RANGE,,,DATE_RULE,TRUE
CEV-12628,COL-0082,EVT-1746,963,TRUE,YEAR,YEAR_RANGE,,,DATE_RULE,TRUE
CEV-12629,COL-0082,EVT-1747,964,TRUE,YEAR,YEAR_RANGE,,,DATE_RULE,TRUE
CEV-12630,COL-0082,EVT-1748,965,TRUE,YEAR,YEAR_RANGE,,,DATE_RULE,TRUE
CEV-12631,COL-0082,EVT-1749,966,TRUE,YEAR,YEAR_RANGE,,,DATE_RULE,TRUE
CEV-12632,COL-0082,EVT-0940,967,TRUE,DAY,YEAR_RANGE,,,DATE_RULE,TRUE
CEV-12633,COL-0082,EVT-0941,968,TRUE,DAY,YEAR_RANGE,,,DATE_RULE,TRUE
CEV-12634,COL-0082,EVT-0942,969,TRUE,DAY,YEAR_RANGE,,,DATE_RULE,TRUE
CEV-12635,COL-0082,EVT-0943,970,TRUE,DAY,YEAR_RANGE,,,DATE_RULE,TRUE
CEV-12636,COL-0082,EVT-0290,971,TRUE,DAY,YEAR_RANGE,,,DATE_RULE,TRUE
CEV-12637,COL-0082,EVT-1750,972,TRUE,YEAR,YEAR_RANGE,,,DATE_RULE,TRUE
CEV-12638,COL-0082,EVT-1751,973,TRUE,YEAR,YEAR_RANGE,,,DATE_RULE,TRUE
CEV-12639,COL-0082,EVT-1752,974,TRUE,YEAR,YEAR_RANGE,,,DATE_RULE,TRUE
CEV-12640,COL-0082,EVT-1753,975,TRUE,YEAR,YEAR_RANGE,,,DATE_RULE,TRUE
CEV-12641,COL-0082,EVT-1754,976,TRUE,YEAR,YEAR_RANGE,,,DATE_RULE,TRUE
CEV-12642,COL-0082,EVT-1755,977,TRUE,YEAR,YEAR_RANGE,,,DATE_RULE,TRUE
CEV-12643,COL-0082,EVT-1756,978,TRUE,YEAR,YEAR_RANGE,,,DATE_RULE,TRUE
CEV-12644,COL-0082,EVT-0944,979,TRUE,DAY,YEAR_RANGE,,,DATE_RULE,TRUE
CEV-12645,COL-0082,EVT-0945,980,TRUE,DAY,YEAR_RANGE,,,DATE_RULE,TRUE
CEV-12646,COL-0082,EVT-1757,981,TRUE,YEAR,YEAR_RANGE,,,DATE_RULE,TRUE
CEV-12647,COL-0082,EVT-1758,982,TRUE,YEAR,YEAR_RANGE,,,DATE_RULE,TRUE
CEV-12648,COL-0082,EVT-1759,983,TRUE,YEAR,YEAR_RANGE,,,DATE_RULE,TRUE
CEV-12649,COL-0082,EVT-1760,984,TRUE,YEAR,YEAR_RANGE,,,DATE_RULE,TRUE
CEV-12650,COL-0082,EVT-1761,985,TRUE,YEAR,YEAR_RANGE,,,DATE_RULE,TRUE
CEV-12651,COL-0082,EVT-1762,986,TRUE,YEAR,YEAR_RANGE,,,DATE_RULE,TRUE
CEV-12652,COL-0082,EVT-1763,987,TRUE,YEAR,YEAR_RANGE,,,DATE_RULE,TRUE
CEV-12653,COL-0082,EVT-1764,988,TRUE,YEAR,YEAR_RANGE,,,DATE_RULE,TRUE
CEV-12654,COL-0082,EVT-1765,989,TRUE,YEAR,YEAR_RANGE,,,DATE_RULE,TRUE
CEV-12655,COL-0082,EVT-1766,990,TRUE,YEAR,YEAR_RANGE,,,DATE_RULE,TRUE
CEV-12656,COL-0082,EVT-1767,991,TRUE,YEAR,YEAR_RANGE,,,DATE_RULE,TRUE
CEV-12657,COL-0082,EVT-1769,992,TRUE,YEAR,YEAR_RANGE,,,DATE_RULE,TRUE
CEV-12658,COL-0082,EVT-1028,993,TRUE,DAY,YEAR_RANGE,,,DATE_RULE,TRUE
CEV-12659,COL-0082,EVT-0978,994,TRUE,DAY,YEAR_RANGE,,,DATE_RULE,TRUE
CEV-12660,COL-0082,EVT-1768,995,TRUE,DAY,YEAR_RANGE,,,DATE_RULE,TRUE
CEV-12661,COL-0082,EVT-0291,996,TRUE,DAY,YEAR_RANGE,,,DATE_RULE,TRUE
