source_id,url,domain,source_type,authority_tier,levels_seen,program_scopes_seen,occurrence_count,label_or_context,notes,added_in_version
SRC-0001,https://eduscol.education.gouv.fr/4791/ressources-d-accompagnement-du-programme-d-histoire-et-geographie-au-cycle-3,eduscol.education.gouv.fr,CURRICULUM_OFFICIAL,A,6e;CM2,Tronc commun,4,1. Calendrier d’application des programmes en 2026-2027,,V1/V2
SRC-0002,https://www.education.gouv.fr/sites/default/files/document/boenjs22pdf-516809.pdf,www.education.gouv.fr,CURRICULUM_OFFICIAL,A,CM1,Tronc commun,2,2.1 Programme applicable,,V1/V2
SRC-0003,https://actions-recherche.bnf.fr/bnf/anirw3.nsf/IX01/A2016000276_leonard-en-france-le-maitre-et-ses-eleves-500-ans-apres-la-traversee-des-alpes-1516-2016,actions-recherche.bnf.fr,INSTITUTIONAL_REFERENCE,B,CM1,Tronc commun,1,2.3 Anomalie importante : Léonard de Vinci,,V1/V2
SRC-0004,https://www.culture.gouv.fr/Media/Medias-creation-rapide/CVL-Laissez-vous-conter-la-Renaissance.pdf,www.culture.gouv.fr,SPECIALIST_REFERENCE,C,CM1,Tronc commun,1,2.3 Anomalie importante : Léonard de Vinci,,V1/V2
SRC-0006,https://catalogue.bnf.fr/ark:/12148/cb16559188k,catalogue.bnf.fr,INSTITUTIONAL_REFERENCE,B,5e;CM1;Seconde générale et technologique,Tronc commun,5,2.4 Sources de contrôle principales CM1,,V1/V2
SRC-0007,https://expositions.bnf.fr/monde-en-spheres/reperes/index.html,expositions.bnf.fr,INSTITUTIONAL_REFERENCE,B,CM1,Tronc commun,1,2.4 Sources de contrôle principales CM1,,V1/V2
SRC-0008,https://catalogue.bnf.fr/ark:/12148/cb150189772,catalogue.bnf.fr,INSTITUTIONAL_REFERENCE,B,CM1,Tronc commun,1,2.4 Sources de contrôle principales CM1,,V1/V2
SRC-0009,https://www.assemblee-nationale.fr/dyn/histoire-et-patrimoine/revolution-francaise/reunion-des-etats-generaux-les-cahiers-de-doleances,www.assemblee-nationale.fr,PRIMARY_OR_OFFICIAL,A,CM1,Tronc commun,1,2.4 Sources de contrôle principales CM1,,V1/V2
SRC-0010,https://www.assemblee-nationale.fr/dyn/histoire-et-patrimoine/revolution-francaise/nuit-du-4-aout-abolition-des-privileges,www.assemblee-nationale.fr,PRIMARY_OR_OFFICIAL,A,CM1,Tronc commun,1,2.4 Sources de contrôle principales CM1,,V1/V2
SRC-0011,https://www.assemblee-nationale.fr/dyn/histoire-et-patrimoine/revolution-francaise/la-declaration-des-droits-de-l-homme-et-du-citoyen,www.assemblee-nationale.fr,PRIMARY_OR_OFFICIAL,A,CM1,Tronc commun,1,2.4 Sources de contrôle principales CM1,,V1/V2
SRC-0014,https://www.legifrance.gouv.fr/jorf/id/JORFTEXT000000877117,www.legifrance.gouv.fr,PRIMARY_OR_OFFICIAL,A,CM2,Tronc commun,1,3.5 Sources de contrôle principales CM2,,V1/V2
SRC-0015,https://www.legifrance.gouv.fr/jorf/id/JORFTEXT000000877118,www.legifrance.gouv.fr,PRIMARY_OR_OFFICIAL,A,4e;CM2,Tronc commun,3,3.5 Sources de contrôle principales CM2,,V1/V2
SRC-0016,https://www.legifrance.gouv.fr/loda/id/JORFTEXT000000508749/1905-12-09,www.legifrance.gouv.fr,PRIMARY_OR_OFFICIAL,A,4e;CM2,Tronc commun,3,3.5 Sources de contrôle principales CM2,,V1/V2
SRC-0017,https://www2.assemblee-nationale.fr/decouvrir-l-assemblee/histoire/le-suffrage-universel/la-conquete-de-la-citoyennete-politique-des-femmes/chronologie-du-droit-de-vote-et-d-eligibilite-des-femmes,www2.assemblee-nationale.fr,PRIMARY_OR_OFFICIAL,A,3e;CM2,Tronc commun,2,3.5 Sources de contrôle principales CM2,,V1/V2
SRC-0018,https://european-union.europa.eu/principles-countries-history/europe-day_en,european-union.europa.eu,PRIMARY_OR_OFFICIAL,A,CM2,Tronc commun,1,3.5 Sources de contrôle principales CM2,,V1/V2
SRC-0019,https://www.consilium.europa.eu/fr/documents/treaties-agreements/agreement?id=1957002,www.consilium.europa.eu,PRIMARY_OR_OFFICIAL,A,CM2,Tronc commun,1,3.5 Sources de contrôle principales CM2,,V1/V2
SRC-0020,https://www.europarl.europa.eu/about-parliament/en/in-the-past/the-parliament-and-the-treaties/maastricht-treaty,www.europarl.europa.eu,PRIMARY_OR_OFFICIAL,A,CM2,Tronc commun,1,3.5 Sources de contrôle principales CM2,,V1/V2
SRC-0021,https://eduscol.education.gouv.fr/media/100806/download?attachment=,eduscol.education.gouv.fr,CURRICULUM_OFFICIAL,A,6e,Tronc commun,1,4.1 Programme applicable,,V1/V2
SRC-0023,https://humanorigins.si.edu/research/climate-and-human-evolution/climate-effects-human-evolution,humanorigins.si.edu,SPECIALIST_REFERENCE,C,6e,Tronc commun,1,Point scientifique important : outils ≠ nécessairement Homo,,V1/V2
SRC-0024,https://www.britishmuseum.org/sites/default/files/2019-09/Visit_Mesopotamia_KS2b.pdf,www.britishmuseum.org,SPECIALIST_REFERENCE,C,6e,Tronc commun,1,Point de vigilance : premières écritures,,V1/V2
SRC-0025,https://www.metmuseum.org/art/collection/search/249281,www.metmuseum.org,INSTITUTIONAL_REFERENCE,B,6e,Tronc commun,1,Fondation de Rome : règle spéciale,,V1/V2
SRC-0026,https://turismoroma.it/it/eventi/753-ac-nasce-roma,turismoroma.it,SPECIALIST_REFERENCE,C,6e,Tronc commun,1,Fondation de Rome : règle spéciale,,V1/V2
SRC-0027,https://www.metmuseum.org/fr/essays/roman-portrait-sculpture-the-stylistic-cycle,www.metmuseum.org,INSTITUTIONAL_REFERENCE,B,6e,Tronc commun,1,Anomalie Éduscol n°1 : Constantin « réunifie l’Empire en 305 »,,V1/V2
SRC-0028,https://www.metmuseum.org/fr/essays/han-dynasty-206-b-c-220-a-d,www.metmuseum.org,INSTITUTIONAL_REFERENCE,B,6e,Tronc commun,1,Anomalie Éduscol n°2 : chronologie des Han,,V1/V2
SRC-0029,https://82nd-and-fifth.metmuseum.org/toah/ht/05/eac.html,82nd-and-fifth.metmuseum.org,INSTITUTIONAL_REFERENCE,B,6e,Tronc commun,1,Anomalie Éduscol n°2 : chronologie des Han,,V1/V2
SRC-0030,https://smarthistory.org/han-dynasty-intro,smarthistory.org,SPECIALIST_REFERENCE,C,6e,Tronc commun,1,Anomalie Éduscol n°2 : chronologie des Han,,V1/V2
SRC-0031,https://www.metmuseum.org/de/essays/the-roman-empire-27-b-c-393-a-d,www.metmuseum.org,INSTITUTIONAL_REFERENCE,B,6e,Tronc commun,1,Auguste : précision maximale,,V1/V2
SRC-0032,https://www.cambridge.org/core/journals/studies-in-church-history/article/abs/imperial-law-or-councils-of-the-church-theodosius-i-and-the-imposition-of-doctrinal-uniformity/27C5C9FDF4D4B9D020FF10DDBDABFD5F,www.cambridge.org,ACADEMIC,B,6e,Tronc commun,1,Édit de Thessalonique,,V1/V2
SRC-0033,https://www.education.gouv.fr/bo/20/Hebdo31/MENE2018714A.htm,www.education.gouv.fr,CURRICULUM_OFFICIAL,A,5e,Tronc commun,1,Sources pédagogiques principales,,V1/V2
SRC-0034,https://eduscol.education.gouv.fr/4362/enseigner-au-cycle-4,eduscol.education.gouv.fr,CURRICULUM_OFFICIAL,A,3e;4e;5e,Tronc commun,5,Sources pédagogiques principales,,V1/V2
SRC-0035,https://eduscol.education.gouv.fr/5730/ressources-d-accompagnement-du-programme-d-histoire-geographie-au-cycle-4,eduscol.education.gouv.fr,CURRICULUM_OFFICIAL,A,3e;5e,Tronc commun,3,Sources pédagogiques principales,,V1/V2
SRC-0036,https://eduscol.education.gouv.fr/sites/default/files/document/c4his5th1chretientesetislam-dm593823pdf-78210.pdf,eduscol.education.gouv.fr,CURRICULUM_OFFICIAL,A,5e,Tronc commun,1,Repères Éduscol explicitement indiqués,,V1/V2
SRC-0037,https://aa.usno.navy.mil/downloads/c15_usb_online.pdf,aa.usno.navy.mil,SPECIALIST_REFERENCE,C,5e,Tronc commun,2,622 : Hégire ≠ premier jour du calendrier hégirien,,V1/V2
SRC-0038,https://expositions.bnf.fr/rouge/bande/grand/116.htm,expositions.bnf.fr,INSTITUTIONAL_REFERENCE,B,5e,Tronc commun,2,25 décembre 800 : couronnement de Charlemagne,,V1/V2
SRC-0039,https://catalogue.bnf.fr/ark:/12148/cb412329623,catalogue.bnf.fr,INSTITUTIONAL_REFERENCE,B,5e,Tronc commun,1,25 décembre 800 : couronnement de Charlemagne,,V1/V2
SRC-0040,https://www.vatican.va/content/paul-vi/fr/speeches/1965/documents/hf-p-vi-spe-19651207-common-declaration.html,www.vatican.va,SPECIALIST_REFERENCE,C,5e,Tronc commun,2,1054 : ne pas transformer une rupture progressive en « jour exact du schisme »,,V1/V2
SRC-0041,https://catalogue.bnf.fr/ark:/12148/cb15590665t,catalogue.bnf.fr,INSTITUTIONAL_REFERENCE,B,5e,Tronc commun,2,Événements complémentaires directement utiles au thème 1,,V1/V2
SRC-0042,https://eduscol.education.gouv.fr/sites/default/files/document/c4his5th2societeseglisesetpouvoirpolitique-dm593825pdf-78213.pdf,eduscol.education.gouv.fr,CURRICULUM_OFFICIAL,A,5e,Tronc commun,1,Repères Éduscol explicitement indiqués,,V1/V2
SRC-0043,https://www.persee.fr/doc/bsnaf_0081-1181_1967_num_1966_1_7564,www.persee.fr,ACADEMIC,B,5e,Tronc commun,2,"Hugues Capet : 987 est sûr, le jour l'est beaucoup moins",,V1/V2
SRC-0044,https://www.persee.fr/doc/ahess_0395-2649_1988_num_43_3_283514,www.persee.fr,ACADEMIC,B,5e,Tronc commun,1,"Hugues Capet : 987 est sûr, le jour l'est beaucoup moins",,V1/V2
SRC-0045,https://catalogue.bnf.fr/ark:/12148/cb119864858,catalogue.bnf.fr,INSTITUTIONAL_REFERENCE,B,5e,Tronc commun,2,Bouvines : date précise solide,,V1/V2
SRC-0046,https://catalogue.bnf.fr/ark:/12148/cb34779433t.public,catalogue.bnf.fr,INSTITUTIONAL_REFERENCE,B,5e,Tronc commun,1,Bouvines : date précise solide,,V1/V2
SRC-0047,https://catalogue.bnf.fr/ark:/12148/cb11943274h,catalogue.bnf.fr,INSTITUTIONAL_REFERENCE,B,5e,Tronc commun,2,"Guerre de Cent Ans : période conventionnelle, pas une guerre continue de 116 ans",,V1/V2
SRC-0048,https://eduscol.education.gouv.fr/media/78216/download?attachment=,eduscol.education.gouv.fr,CURRICULUM_OFFICIAL,A,5e,Tronc commun,1,Repères Éduscol explicitement indiqués,,V1/V2
SRC-0049,https://www.loc.gov/item/92501264,www.loc.gov,SPECIALIST_REFERENCE,C,5e,Tronc commun,2,12 octobre 1492 : Colomb,,V1/V2
SRC-0050,https://ghdi.ghi-dc.org/pdf/eng/Doc.37-ENG-95%20Thesen.pdf,ghdi.ghi-dc.org,SPECIALIST_REFERENCE,C,5e,Tronc commun,2,"31 octobre 1517 : Luther — date utilisable, geste à formuler prudemment",,V1/V2
SRC-0052,https://www.chateauversailles.fr/decouvrir/les-ressources/versailles-cour,www.chateauversailles.fr,INSTITUTIONAL_REFERENCE,B,5e,Tronc commun,2,Louis XIV : correction indispensable de la formulation Éduscol,,V1/V2
SRC-0065,https://eduscol.education.gouv.fr/sites/default/files/document/c4his4th1xviiiesiecleexpansionslumieresrevolutions-dm593815pdf-78219.pdf,eduscol.education.gouv.fr,CURRICULUM_OFFICIAL,A,4e,Tronc commun,2,6.2.2 Repères Éduscol officiels,,V1/V2
SRC-0066,https://catalogue.bnf.fr/ark:/12148/cb11931970c.public,catalogue.bnf.fr,INSTITUTIONAL_REFERENCE,B,4e,Tronc commun,2,6.2.3 Encyclopédie : conserver la plage 1751-1772,,V1/V2
SRC-0067,https://classes.bnf.fr/dossitsm/fabrency.htm,classes.bnf.fr,INSTITUTIONAL_REFERENCE,B,4e,Tronc commun,1,6.2.3 Encyclopédie : conserver la plage 1751-1772,,V1/V2
SRC-0068,https://www2.assemblee-nationale.fr/14/evenements/2016/abolition-de-l-esclavage-1794-et-1848,www2.assemblee-nationale.fr,PRIMARY_OR_OFFICIAL,A,4e,Tronc commun,2,6.2.5 Esclavage pendant Révolution et Empire : événements à séparer,,V1/V2
SRC-0069,https://www2.assemblee-nationale.fr/14/evenements/2016/abolition-de-l-esclavage-1794-et-1848/1848-l-abolition-definitive,www2.assemblee-nationale.fr,PRIMARY_OR_OFFICIAL,A,4e,Tronc commun,1,6.2.5 Esclavage pendant Révolution et Empire : événements à séparer,,V1/V2
SRC-0070,https://www.assemblee-nationale.fr/dyn/histoire-et-patrimoine/revolution-francaise/le-coup-d-etat-des-18-et-19-brumaire-an-viii,www.assemblee-nationale.fr,PRIMARY_OR_OFFICIAL,A,4e,Tronc commun,2,6.2.6 Napoléon : ne surtout pas stocker 1799-1815 comme une période continue,,V1/V2
SRC-0071,https://www.napoleon.org/histoire-des-2-empires/articles/le-role-de-caulaincourt-dans-labdication-de-napoleon-ier-et-la-negociation-du-traite-de-fontainebleau-en-avril-1814,www.napoleon.org,SPECIALIST_REFERENCE,C,4e,Tronc commun,2,6.2.6 Napoléon : ne surtout pas stocker 1799-1815 comme une période continue,,V1/V2
SRC-0072,https://www.napoleon.org/histoire-des-2-empires/chronologies/vie-et-regne-de-napoleon,www.napoleon.org,SPECIALIST_REFERENCE,C,4e,Tronc commun,2,6.2.6 Napoléon : ne surtout pas stocker 1799-1815 comme une période continue,,V1/V2
SRC-0073,https://www.napoleon.org/histoire-des-2-empires/articles/22-juin-1815-lavenement-de-napoleon-ii,www.napoleon.org,SPECIALIST_REFERENCE,C,4e,Tronc commun,2,6.2.6 Napoléon : ne surtout pas stocker 1799-1815 comme une période continue,,V1/V2
SRC-0074,https://www.assemblee-nationale.fr/dyn/histoire-et-patrimoine/consulat-et-premier-empire/la-codification-juridique,www.assemblee-nationale.fr,PRIMARY_OR_OFFICIAL,A,4e,Tronc commun,2,6.2.7 Code civil : événement direct à intégrer,,V1/V2
SRC-0075,https://eduscol.education.gouv.fr/sites/default/files/document/c4his4th2leuropeetlemondexixesiecle-dm593819pdf-78222.pdf,eduscol.education.gouv.fr,CURRICULUM_OFFICIAL,A,4e,Tronc commun,2,6.3.2 Repères Éduscol officiels,,V1/V2
SRC-0076,https://www.assemblee-nationale.fr/dyn/histoire-et-patrimoine/deuxieme-republique/l-abolition-de-l-esclavage,www.assemblee-nationale.fr,PRIMARY_OR_OFFICIAL,A,4e,Tronc commun,2,Seconde abolition de l'esclavage en France,,V1/V2
SRC-0077,https://www.gov.ie/en/office-of-public-works/organisation-information/history-of-the-office-of-public-works,www.gov.ie,SPECIALIST_REFERENCE,C,4e,Tronc commun,2,6.3.5 QA — grande famine irlandaise : Éduscol se trompe sur la fin,,V1/V2
SRC-0078,https://www.paris.fr/pages/sur-les-traces-des-expositions-universelles-de-paris-2-2-19671,www.paris.fr,SPECIALIST_REFERENCE,C,4e,Tronc commun,2,6.3.6 Exposition universelle de Paris de 1900,,V1/V2
SRC-0079,https://eduscol.education.gouv.fr/sites/default/files/document/c4his4th3societecultureetpolitiquedanslafranceduxixesiecle-dm593821pdf-78225.pdf,eduscol.education.gouv.fr,CURRICULUM_OFFICIAL,A,4e,Tronc commun,2,6.4.2 Repères Éduscol officiels,,V1/V2
SRC-0080,https://www.vie-publique.fr/fiches/23911-quelles-sont-les-etapes-de-la-conquetes-du-droit-de-vote,www.vie-publique.fr,PRIMARY_OR_OFFICIAL,A,4e,Tronc commun,2,6.4.3 1848 : « suffrage universel » = suffrage universel masculin dans ce contexte,,V1/V2
SRC-0081,https://www2.assemblee-nationale.fr/decouvrir-l-assemblee/histoire/le-suffrage-universel/la-republique-et-le-suffrage-universel/1870-1940-la-iiieme-republique-ou-l-avenement-du-suffrage-universel-masculin,www2.assemblee-nationale.fr,PRIMARY_OR_OFFICIAL,A,4e,Tronc commun,2,6.4.4 Proclamation de la Troisième République,,V1/V2
SRC-0083,https://www.legifrance.gouv.fr/loda/id/LEGITEXT000006070887,www.legifrance.gouv.fr,PRIMARY_OR_OFFICIAL,A,4e,Tronc commun,2,6.4.5 Jules Ferry : le repère 1882 fusionne deux lois,,V1/V2
SRC-0084,https://francearchives.gouv.fr/fr/pages_histoire/39548,francearchives.gouv.fr,PRIMARY_OR_OFFICIAL,A,4e,Tronc commun,2,6.4.6 Affaire Dreyfus : stocker la séquence et ses jalons,,V1/V2
SRC-0086,https://ccfr.bnf.fr/portailccfr/ark:/16871/004b1720868,ccfr.bnf.fr,INSTITUTIONAL_REFERENCE,B,4e,Tronc commun,2,6.4.8 Conditions féminines : événements précis à intégrer comme extensions directes,,V1/V2
SRC-0087,https://www.legifrance.gouv.fr/loda/id/JORFTEXT000017727195/2026-08-24,www.legifrance.gouv.fr,PRIMARY_OR_OFFICIAL,A,4e,Tronc commun,1,6.4.8 Conditions féminines : événements précis à intégrer comme extensions directes,,V1/V2
SRC-0088,https://www.legifrance.gouv.fr/jorf/id/JORFTEXT000000508986,www.legifrance.gouv.fr,PRIMARY_OR_OFFICIAL,A,4e,Tronc commun,2,6.4.8 Conditions féminines : événements précis à intégrer comme extensions directes,,V1/V2
SRC-0113,https://eduscol.education.gouv.fr/sites/default/files/document/c4his3th1leuropetheatremajeurguerrestotales-dm593802pdf-78228.pdf,eduscol.education.gouv.fr,CURRICULUM_OFFICIAL,A,3e,Tronc commun,2,7.2.1 Sous-thèmes officiels,,V1/V2
SRC-0114,https://encyclopedia.ushmm.org/content/en/timeline-event/holocaust/before-1933/the-armenian-genocide,encyclopedia.ushmm.org,INSTITUTIONAL_REFERENCE,B,3e,Tronc commun,2,"7.2.3 Première Guerre mondiale : garder la période, mais aussi les événements précis",,V1/V2
SRC-0115,https://encyclopedia.ushmm.org/content/en/timeline-event/holocaust/1933-1938/hitler-appointed-chancellor,encyclopedia.ushmm.org,INSTITUTIONAL_REFERENCE,B,3e,Tronc commun,2,"7.2.5 Allemagne hitlérienne : 1933-1945 est un repère de régime, pas une date unique",,V1/V2
SRC-0116,https://www.assemblee-nationale.fr/dyn/histoire-et-patrimoine/troisieme-republique/adoption-et-publication-du-programme-du-rassemblement-populaire-victoire-du-front-populaire,www.assemblee-nationale.fr,PRIMARY_OR_OFFICIAL,A,3e,Tronc commun,2,7.2.6 Front populaire : 1936 doit se décomposer en plusieurs événements,,V1/V2
SRC-0117,https://www.vie-publique.fr/lettre_essentiel/37,www.vie-publique.fr,PRIMARY_OR_OFFICIAL,A,3e,Tronc commun,1,7.2.6 Front populaire : 1936 doit se décomposer en plusieurs événements,,V1/V2
SRC-0118,https://www.assemblee-nationale.fr/dyn/histoire-et-patrimoine/deuxieme-guerre-mondiale/des-decrets-lois-du-gouvernement-daladier-au-vote-par-la-chambre-des-deputes-et-le-senat-des-pleins-pouvoirs-au-marechal-petain,www.assemblee-nationale.fr,PRIMARY_OR_OFFICIAL,A,3e,Tronc commun,2,"7.2.8 Vichy, France libre, Résistance : séparer toute la séquence de juin-juillet 1940",,V1/V2
SRC-0119,https://www.assemblee-nationale.fr/dyn/histoire-et-patrimoine/deuxieme-guerre-mondiale/creation-du-conseil-de-la-resistance-et-programme-du-cnr,www.assemblee-nationale.fr,PRIMARY_OR_OFFICIAL,A,3e,Tronc commun,3,"7.2.8 Vichy, France libre, Résistance : séparer toute la séquence de juin-juillet 1940",,V1/V2
SRC-0120,https://www.memorialdelashoah.org/16-et-17-juillet-1942-la-rafle-du-vel-dhiv.html,www.memorialdelashoah.org,INSTITUTIONAL_REFERENCE,B,3e,Tronc commun,2,7.2.9 Persécution et génocide des Juifs : ne pas écraser les étapes,,V1/V2
SRC-0121,https://eduscol.education.gouv.fr/sites/default/files/document/c4his3th2lemondedepuis1945593805pdf-78231.pdf,eduscol.education.gouv.fr,CURRICULUM_OFFICIAL,A,3e,Tronc commun,2,7.3.1 Sous-thèmes officiels,,V1/V2
SRC-0122,https://history.state.gov/milestones/1945-1952/truman-doctrine,history.state.gov,PRIMARY_OR_OFFICIAL,A,3e,Tronc commun,2,7.3.4 Guerre froide : 1947-1991 reste une convention historiographique,,V1/V2
SRC-0123,https://history.state.gov/milestones/1945-1952/berlin-airlift,history.state.gov,PRIMARY_OR_OFFICIAL,A,3e,Tronc commun,2,7.3.4 Guerre froide : 1947-1991 reste une convention historiographique,,V1/V2
SRC-0124,https://www.stiftung-berliner-mauer.de/de/themen/die-berliner-mauer,www.stiftung-berliner-mauer.de,INSTITUTIONAL_REFERENCE,B,3e,Tronc commun,2,7.3.4 Guerre froide : 1947-1991 reste une convention historiographique,V5 source classification refined.,V1/V2
SRC-0125,https://www.bundesregierung.de/breg-de/schwerpunkte/deutsche-einheit/die-mauer-ist-offen--403858,www.bundesregierung.de,PRIMARY_OR_OFFICIAL,A,3e,Tronc commun,3,7.3.4 Guerre froide : 1947-1991 reste une convention historiographique,,V1/V2
SRC-0126,https://european-union.europa.eu/principles-countries-history/history-eu/1945-59_fr,european-union.europa.eu,PRIMARY_OR_OFFICIAL,A,3e,Tronc commun,2,7.3.5 Construction européenne : réutiliser les événements déjà audités,,V1/V2
SRC-0127,https://www.consilium.europa.eu/fr/schuman-declaration,www.consilium.europa.eu,PRIMARY_OR_OFFICIAL,A,3e,Tronc commun,2,7.3.5 Construction européenne : réutiliser les événements déjà audités,,V1/V2
SRC-0128,https://www.diplomatie.gouv.fr/fr/archives-bibliotheque/publications-et-travaux-scientifiques/hors-collection/vers-la-paix-en-algerie-les-negociations-d-evian-dans-les-archives-diplomatiques-francaises,www.diplomatie.gouv.fr,PRIMARY_OR_OFFICIAL,A,3e,Tronc commun,2,7.3.6 1962 : indépendance de l'Algérie — surtout ne pas réduire à un seul jour générique,,V1/V2
SRC-0130,https://eduscol.education.gouv.fr/sites/default/files/document/c4his3th3francaisesfrancaisrepubliquerepensee-dm593817pdf-78234.pdf,eduscol.education.gouv.fr,CURRICULUM_OFFICIAL,A,3e,Tronc commun,2,7.4.1 Sous-thèmes officiels,,V1/V2
SRC-0132,https://www.elysee.fr/francois-mitterrand/1981/05/10/declaration-de-m-francois-mitterrand-a-lannonce-de-son-election-a-la-presidence-de-la-republique-chateau-chinon-dimanche-10-mai-1981,www.elysee.fr,PRIMARY_OR_OFFICIAL,A,3e,Tronc commun,2,7.4.7 Première alternance sous la Ve République,,V1/V2
SRC-0133,https://www.legifrance.gouv.fr/loda/id/JORFTEXT000000693433,www.legifrance.gouv.fr,PRIMARY_OR_OFFICIAL,A,3e,Tronc commun,2,7.4.8 Transformations sociales : sous-corpus directement justifié par le programme,,V1/V2
SRC-0134,https://www.legifrance.gouv.fr/loda/id/JORFTEXT000000700039,www.legifrance.gouv.fr,PRIMARY_OR_OFFICIAL,A,3e,Tronc commun,2,7.4.8 Transformations sociales : sous-corpus directement justifié par le programme,,V1/V2
SRC-0135,https://www.legifrance.gouv.fr/loda/id/JORFTEXT000000880039,www.legifrance.gouv.fr,PRIMARY_OR_OFFICIAL,A,3e,Tronc commun,2,7.4.8 Transformations sociales : sous-corpus directement justifié par le programme,,V1/V2
SRC-0158,https://www.un.org/fr/about-us/un-charter,www.un.org,PRIMARY_OR_OFFICIAL,A,3e,Tronc commun,1,Vérification historique / juridique,,V1/V2
SRC-0159,https://www.legifrance.gouv.fr/loda/id/JORFTEXT000000571356,www.legifrance.gouv.fr,PRIMARY_OR_OFFICIAL,A,3e,Tronc commun,1,Vérification historique / juridique,,V1/V2
SRC-0160,https://www.legifrance.gouv.fr/loda/id/JORFTEXT000000684037,www.legifrance.gouv.fr,PRIMARY_OR_OFFICIAL,A,3e,Tronc commun,1,Vérification historique / juridique,,V1/V2
SRC-0161,https://francearchives.gouv.fr/facomponent/eed664561bd5b6926a4d2066f7817f483c333eb8,francearchives.gouv.fr,PRIMARY_OR_OFFICIAL,A,3e,Tronc commun,1,Vérification historique / juridique,,V1/V2
SRC-0163,https://www.legifrance.gouv.fr/loda/id/JORFTEXT000000698857,www.legifrance.gouv.fr,PRIMARY_OR_OFFICIAL,A,3e,Tronc commun,1,Vérification historique / juridique,,V1/V2
SRC-0164,https://www.legifrance.gouv.fr/loda/id/JORFTEXT000000503950,www.legifrance.gouv.fr,PRIMARY_OR_OFFICIAL,A,3e,Tronc commun,1,Vérification historique / juridique,,V1/V2
SRC-0165,https://www.legifrance.gouv.fr/loda/id/JORFTEXT000000700230,www.legifrance.gouv.fr,PRIMARY_OR_OFFICIAL,A,3e,Tronc commun,1,Vérification historique / juridique,,V1/V2
SRC-0166,https://www.legifrance.gouv.fr/loda/id/JORFTEXT000000319513,www.legifrance.gouv.fr,PRIMARY_OR_OFFICIAL,A,3e,Tronc commun,1,Vérification historique / juridique,,V1/V2
SRC-0167,https://www.legifrance.gouv.fr/loda/id/JORFTEXT000000875188,www.legifrance.gouv.fr,PRIMARY_OR_OFFICIAL,A,3e,Tronc commun,1,Vérification historique / juridique,,V1/V2
SRC-0168,https://eduscol.education.gouv.fr/5799/programmes-et-ressources-en-histoire-geographie-voie-gt,eduscol.education.gouv.fr,CURRICULUM_OFFICIAL,A,Première générale;Seconde générale et technologique;Terminale générale,Tronc commun,5,8.1 Programme applicable et statut particulier des « points de passage et d’ouverture »,,V1/V2
SRC-0169,https://eduscol.education.gouv.fr/sites/default/files/document/spe577annexe1corr1063699pdf-83007.pdf,eduscol.education.gouv.fr,CURRICULUM_OFFICIAL,A,Seconde générale et technologique,Tronc commun,3,8.1 Programme applicable et statut particulier des « points de passage et d’ouverture »,,V1/V2
SRC-0171,https://eduscol.education.gouv.fr/sites/default/files/document/ra19lyceegtcom2histtheme1antiquitemoyenage1169453pdf-83022.pdf,eduscol.education.gouv.fr,CURRICULUM_OFFICIAL,A,Seconde générale et technologique,Tronc commun,2,8.3.3 Points de vigilance,,V1/V2
SRC-0172,https://resources.metmuseum.org/resources/metpublications/pdf/The_World_between_Empires_Art_and_Identity_in_the_Ancient_Middle_East.pdf,resources.metmuseum.org,INSTITUTIONAL_REFERENCE,B,Seconde générale et technologique,Tronc commun,1,8.3.3 Points de vigilance,,V1/V2
SRC-0173,https://www.museivaticani.va/content/museivaticani/fr/collezioni/musei/cappella-sistina/volta.html,www.museivaticani.va,SPECIALIST_REFERENCE,C,5e;Seconde générale et technologique,Tronc commun,3,8.4.3 Michel-Ange : très bon exemple de notre règle de précision maximale,,V1/V2
SRC-0174,https://eduscol.education.gouv.fr/sites/default/files/document/ra20lyceegt2histgeotheme2-xve-xvie-nouveau-rapport-monde1293851pdf-83025.pdf,eduscol.education.gouv.fr,CURRICULUM_OFFICIAL,A,5e;Seconde générale et technologique,Tronc commun,2,8.4.5 Luther : réutiliser la nuance déjà auditée en 5e,,V1/V2
SRC-0176,https://www.legifrance.gouv.fr/loda/id/JORFTEXT000000501354,www.legifrance.gouv.fr,PRIMARY_OR_OFFICIAL,A,Seconde générale et technologique,Tronc commun,2,8.5.3 Villers-Cotterêts : 1539 devient 25 août 1539 en base,,V1/V2
SRC-0177,https://catalogue.bnf.fr/ark:/12148/cb12567708x,catalogue.bnf.fr,INSTITUTIONAL_REFERENCE,B,Seconde générale et technologique,Tronc commun,2,8.5.4 Colbert : ne pas fabriquer un unique « jour de la politique mercantiliste »,,V1/V2
SRC-0178,https://catalogue.bnf.fr/ark:/12148/cb33821221b,catalogue.bnf.fr,INSTITUTIONAL_REFERENCE,B,Seconde générale et technologique,Tronc commun,2,8.5.4 Colbert : ne pas fabriquer un unique « jour de la politique mercantiliste »,,V1/V2
SRC-0179,https://www.chateauversailles.fr/decouvrir/histoire/grandes-dates/versailles-capitale-royaume,www.chateauversailles.fr,INSTITUTIONAL_REFERENCE,B,Seconde générale et technologique,Tronc commun,2,"8.5.5 Versailles : processus de cour, mais jalon exact du 6 mai 1682",,V1/V2
SRC-0181,https://www.chateauversailles.fr/sites/default/files/file/av-maintenon-150419-bd-planche.pdf,www.chateauversailles.fr,INSTITUTIONAL_REFERENCE,B,Seconde générale et technologique,Tronc commun,2,8.5.6 Édit de Nantes / révocation : deux événements distincts,,V1/V2
SRC-0182,https://www.legislation.gov.uk/aep/Cha2/31/2/contents,www.legislation.gov.uk,SPECIALIST_REFERENCE,C,Seconde générale et technologique,Tronc commun,2,8.5.7 Habeas Corpus / Bill of Rights : attention aux titres juridiques et aux calendriers,,V1/V2
SRC-0183,https://www.legislation.gov.uk/aep/WillandMarSess2/1/2/enacted,www.legislation.gov.uk,SPECIALIST_REFERENCE,C,Seconde générale et technologique,Tronc commun,2,8.5.7 Habeas Corpus / Bill of Rights : attention aux titres juridiques et aux calendriers,,V1/V2
SRC-0184,https://eduscol.education.gouv.fr/sites/default/files/document/ra20lyceegt2histgeotheme3-etat-epoque-moderne1293912pdf-83028.pdf,eduscol.education.gouv.fr,CURRICULUM_OFFICIAL,A,Seconde générale et technologique,Tronc commun,2,8.5.8 Voltaire : le PPO du BO mélange volontairement plusieurs étapes,,V1/V2
SRC-0185,https://catalogue.bnf.fr/rechercher.do?index=TIT3&numNotice=12098476,catalogue.bnf.fr,INSTITUTIONAL_REFERENCE,B,Seconde générale et technologique,Tronc commun,2,8.5.8 Voltaire : le PPO du BO mélange volontairement plusieurs étapes,,V1/V2
SRC-0186,https://catalogue.bnf.fr/ark:/12148/cb316049240,catalogue.bnf.fr,INSTITUTIONAL_REFERENCE,B,Seconde générale et technologique,Tronc commun,2,8.5.8 Voltaire : le PPO du BO mélange volontairement plusieurs étapes,,V1/V2
SRC-0187,https://www.archives.gov/legislative/features/gw-inauguration,www.archives.gov,PRIMARY_OR_OFFICIAL,A,Seconde générale et technologique,Tronc commun,2,"8.5.9 Washington : personnage PPO, événement précis possible",,V1/V2
SRC-0188,https://www2.museogalileo.it/it/biblioteca-e-istituto-di-ricerca/progetti/incontra-galileo/31-opere/454-sidereus-nuncius-1610.html,www2.museogalileo.it,INSTITUTIONAL_REFERENCE,B,Seconde générale et technologique,Tronc commun,2,"8.6.3 Galilée : le PPO est un parcours, pas une unique date",,V1/V2
SRC-0189,https://catalogo.museogalileo.it/multimedia/ProcessoGalileoBis.html,catalogo.museogalileo.it,INSTITUTIONAL_REFERENCE,B,Seconde générale et technologique,Tronc commun,2,"8.6.3 Galilée : le PPO est un parcours, pas une unique date",,V1/V2
SRC-0190,https://blog.sciencemuseum.org.uk/a-new-age,blog.sciencemuseum.org.uk,INSTITUTIONAL_REFERENCE,B,Seconde générale et technologique,Tronc commun,2,8.6.4 Newcomen : 1712 est la précision maximale utile actuellement,,V1/V2
SRC-0191,https://collection.sciencemuseumgroup.org.uk/objects/co2000/demainbrays-newcomen-engine-model,collection.sciencemuseumgroup.org.uk,SPECIALIST_REFERENCE,C,Seconde générale et technologique,Tronc commun,1,8.6.4 Newcomen : 1712 est la précision maximale utile actuellement,,V1/V2
SRC-0192,https://www.nms.ac.uk/discover-catalogue/the-newcomen-engine-and-its-role-in-britains-industrial-revolution,www.nms.ac.uk,SPECIALIST_REFERENCE,C,Seconde générale et technologique,Tronc commun,1,8.6.4 Newcomen : 1712 est la précision maximale utile actuellement,,V1/V2
SRC-0193,https://catalogue.bnf.fr/ark:/12148/cb31605047d,catalogue.bnf.fr,INSTITUTIONAL_REFERENCE,B,Seconde générale et technologique,Tronc commun,2,8.6.5 Émilie du Châtelet : utiliser des événements scientifiques précis,,V1/V2
SRC-0215,https://www.education.gouv.fr/sites/default/files/imported_files/documents/spe577_annexe2_1062939.pdf,www.education.gouv.fr,CURRICULUM_OFFICIAL,A,Première générale,Tronc commun,1,9.1 Programme applicable,,V1/V2
SRC-0217,https://eduscol.education.gouv.fr/6072/entrees-defense-dans-les-programmes-scolaires-et-les-thematiques,eduscol.education.gouv.fr,CURRICULUM_OFFICIAL,A,Première générale,Tronc commun,1,9.1 Programme applicable,,V1/V2
SRC-0218,https://www.assemblee-nationale.fr/dyn/histoire-et-patrimoine/revolution-francaise/proces-et-execution-de-louis-xvi,www.assemblee-nationale.fr,PRIMARY_OR_OFFICIAL,A,Première générale,Tronc commun,1,9.2.2 Premier lot canonique — Révolution et Empire,,V1/V2
SRC-0219,https://essentiels.bnf.fr/fr/article/dfafcf75-8903-420b-8344-4f97df270803-madame-roland-girondine-et-memorialiste,essentiels.bnf.fr,INSTITUTIONAL_REFERENCE,B,Première générale,Tronc commun,1,9.2.2 Premier lot canonique — Révolution et Empire,,V1/V2
SRC-0220,https://www.legifrance.gouv.fr/codes/section_lc/LEGITEXT000006070721/LEGISCTA000006089696/1804-03-21,www.legifrance.gouv.fr,PRIMARY_OR_OFFICIAL,A,Première générale,Tronc commun,1,9.2.2 Premier lot canonique — Révolution et Empire,,V1/V2
SRC-0221,https://www.vie-publique.fr/files/rapport/pdf/074000613.pdf,www.vie-publique.fr,PRIMARY_OR_OFFICIAL,A,Première générale,Tronc commun,1,"9.3.2 1848 : créer un cluster, pas un seul événement « Révolution de 1848 »",,V1/V2
SRC-0222,https://www.elysee.fr/louis-napoleon-bonaparte,www.elysee.fr,PRIMARY_OR_OFFICIAL,A,Première générale,Tronc commun,1,"9.3.2 1848 : créer un cluster, pas un seul événement « Révolution de 1848 »",,V1/V2
SRC-0223,https://www.legifrance.gouv.fr/jorf/id/JORFTEXT000000705024,www.legifrance.gouv.fr,PRIMARY_OR_OFFICIAL,A,Première générale,Tronc commun,1,"9.3.4 Industrialisation, Haussmann, Pereire et droit de grève",,V1/V2
SRC-0224,https://archivesdiplomatiques.diplomatie.gouv.fr/ark:/14366/cbptrdsh6gf0,archivesdiplomatiques.diplomatie.gouv.fr,PRIMARY_OR_OFFICIAL,A,Première générale,Tronc commun,1,"9.3.5 Nice, Savoie et unité allemande",,V1/V2
SRC-0225,https://www.dhm.de/lemo/rueckblick/lemo-rueckblick-1871-reichsgruendung-im-krieg,www.dhm.de,INSTITUTIONAL_REFERENCE,B,Première générale,Tronc commun,1,"9.3.5 Nice, Savoie et unité allemande",V5 source classification refined.,V1/V2
SRC-0226,https://www.paris.fr/pages/les-150-ans-de-la-commune-l-origine-1-5-16961,www.paris.fr,PRIMARY_OR_OFFICIAL,A,Première générale,Tronc commun,1,9.4.2 Commune de Paris et Louise Michel,V5 source classification refined.,V1/V2
SRC-0227,https://www.parismuseescollections.paris.fr/fr/maison-de-victor-hugo/oeuvres/funerailles-de-victor-hugo-foule-et-personnalites-devant-la-1,www.parismuseescollections.paris.fr,INSTITUTIONAL_REFERENCE,B,Première générale,Tronc commun,1,9.4.3 Victor Hugo et la République,,V1/V2
SRC-0228,https://www.legifrance.gouv.fr/loda/id/JORFTEXT000000508749,www.legifrance.gouv.fr,PRIMARY_OR_OFFICIAL,A,Première générale,Tronc commun,1,9.4.4 Loi de séparation : date de la loi ≠ date d’entrée en vigueur de tous ses articles,,V1/V2
SRC-0229,https://www.archives-nationales.culture.gouv.fr/ateliers-pedagogiques/fourmies-et-le-mouvement-ouvrier,www.archives-nationales.culture.gouv.fr,SPECIALIST_REFERENCE,C,Première générale,Tronc commun,1,"9.4.5 Société française : Fourmies, expositions, Le Creusot",,V1/V2
SRC-0230,https://www.cheminsdememoire.gouv.fr/fr/permanence-historique-de-lengagement-feminin,www.cheminsdememoire.gouv.fr,INSTITUTIONAL_REFERENCE,B,Première générale,Tronc commun,1,9.5.3 Marie Curie : un PPO de processus,,V1/V2
SRC-0231,https://curie.fr/lheritage-de-marie-curie-perpetuer-lesprit-dune-pionniere,curie.fr,SPECIALIST_REFERENCE,C,Première générale,Tronc commun,1,9.5.3 Marie Curie : un PPO de processus,,V1/V2
SRC-0232,https://www.armenian-genocide.org/Affirmation.160/current_category.7/affirmation_detail.html,www.armenian-genocide.org,SPECIALIST_REFERENCE,C,Première générale,Tronc commun,1,9.5.4 24 mai 1915 : un PPO exceptionnellement précis,,V1/V2
SRC-0233,https://encyclopedia.ushmm.org/content/en/article/the-armenian-genocide-1915-16-in-depth,encyclopedia.ushmm.org,INSTITUTIONAL_REFERENCE,B,Première générale,Tronc commun,1,9.5.4 24 mai 1915 : un PPO exceptionnellement précis,,V1/V2
SRC-0234,https://archivesdiplomatiques.diplomatie.gouv.fr/ark:/14366/4p1xk3cglbv7,archivesdiplomatiques.diplomatie.gouv.fr,PRIMARY_OR_OFFICIAL,A,Première générale,Tronc commun,1,9.5.6 1919-1923 : éclater le PPO « traités de paix » en six dates majeures,,V1/V2
SRC-0235,https://www.cheminsdememoire.gouv.fr/fr/arc-de-triomphe,www.cheminsdememoire.gouv.fr,INSTITUTIONAL_REFERENCE,B,Première générale,Tronc commun,1,9.5.7 Soldat inconnu : le repère 1920 cache trois événements différents,,V1/V2
SRC-0236,https://www.unhcr.org/fr-fr/editions/pieces-didentite-pour-les-refugies,www.unhcr.org,SPECIALIST_REFERENCE,C,Première générale,Tronc commun,1,"9.5.8 Passeport Nansen : 1922 devient 5 juillet 1922, avec une nuance de périmètre",,V1/V2
SRC-0237,https://www.unhcr.org/fr-fr/linternational/assurer-un-meilleur-avenir/solutions-durables/les-voies-complementaires/titres-de,www.unhcr.org,SPECIALIST_REFERENCE,C,Première générale,Tronc commun,1,"9.5.8 Passeport Nansen : 1922 devient 5 juillet 1922, avec une nuance de périmètre",,V1/V2
SRC-0238,https://www.education.gouv.fr/sites/default/files/imported_files/document/spe243_annexe1_1159172.pdf,www.education.gouv.fr,CURRICULUM_OFFICIAL,A,Terminale générale,Tronc commun,2,10.1 Programme applicable,,V1/V2
SRC-0240,https://www.fdrlibrary.org/great-depression-facts,www.fdrlibrary.org,INSTITUTIONAL_REFERENCE,B,Seconde générale et technologique;Terminale générale,Tronc commun,2,10.2.3 Roosevelt et le New Deal : 1933 cache deux objets différents,,V1/V2
SRC-0241,https://www2.assemblee-nationale.fr/static/evenements/1936/Les_accords_de_Matignon7juin36.pdf,www2.assemblee-nationale.fr,PRIMARY_OR_OFFICIAL,A,Seconde générale et technologique;Terminale générale,Tronc commun,2,10.2.4 Accords Matignon : juin 1936 devient 7-8 juin 1936,,V1/V2
SRC-0242,https://encyclopedia.ushmm.org/content/fr/article/kristallnacht,encyclopedia.ushmm.org,INSTITUTIONAL_REFERENCE,B,Seconde générale et technologique;Terminale générale,Tronc commun,2,10.2.6 Nuit de cristal,,V1/V2
SRC-0243,https://www.cheminsdememoire.gouv.fr/sites/default/files/editeur/MC11.pdf,www.cheminsdememoire.gouv.fr,INSTITUTIONAL_REFERENCE,B,Seconde générale et technologique;Terminale générale,Tronc commun,2,10.2.8 Juin 1940 : un cluster obligatoire,,V1/V2
SRC-0244,https://www.cheminsdememoire.gouv.fr/fr/lappel-du-18-juin,www.cheminsdememoire.gouv.fr,INSTITUTIONAL_REFERENCE,B,Seconde générale et technologique,Tronc commun,1,10.2.8 Juin 1940 : un cluster obligatoire,,V1/V2
SRC-0245,https://www.cheminsdememoire.gouv.fr/fr/6-juin-1944-le-debarquement-de-normandie,www.cheminsdememoire.gouv.fr,INSTITUTIONAL_REFERENCE,B,Seconde générale et technologique;Terminale générale,Tronc commun,2,"10.2.11 Juin 1944 : deux offensives, deux dates",,V1/V2
SRC-0246,https://www.cheminsdememoire.gouv.fr/fr/search?page=15,www.cheminsdememoire.gouv.fr,INSTITUTIONAL_REFERENCE,B,Seconde générale et technologique,Tronc commun,1,"10.2.11 Juin 1944 : deux offensives, deux dates",,V1/V2
SRC-0247,https://www.archives.gov/news/topics/hiroshima-nagasaki-75,www.archives.gov,PRIMARY_OR_OFFICIAL,A,Seconde générale et technologique;Terminale générale,Tronc commun,2,10.2.12 Hiroshima et Nagasaki,,V1/V2
SRC-0248,https://museedelaresistanceenligne.org/media2839-Programme-daction-du-CNR,museedelaresistanceenligne.org,SPECIALIST_REFERENCE,C,Terminale générale,Tronc commun,2,10.3.2 Programme du CNR,,V1/V2
SRC-0249,https://main.knesset.gov.il/EN/About/pages/declaration.aspx,main.knesset.gov.il,PRIMARY_OR_OFFICIAL,A,Terminale générale,HGGSP;Tronc commun,3,10.3.3 Naissance de l’État d’Israël : 1948 devient 14 mai 1948 pour la proclamation,,V1/V2
SRC-0250,https://history.state.gov/historicaldocuments/frus1948v04/ch8,history.state.gov,PRIMARY_OR_OFFICIAL,A,Terminale générale,Tronc commun,2,10.3.4 Coup de Prague,,V1/V2
SRC-0251,https://www.cvce.eu/fr/education/unit-content/-/unit/55c09dcc-a9f2-45e9-b240-eaef64452cae/c8b56d7a-ed52-43cb-b729-063c8dba4417/Resources,www.cvce.eu,SPECIALIST_REFERENCE,C,Terminale générale,Tronc commun,1,10.3.4 Coup de Prague,,V1/V2
SRC-0252,https://microsites.jfklibrary.org/cmc/oct16,microsites.jfklibrary.org,SPECIALIST_REFERENCE,C,Terminale générale,Tronc commun,2,10.3.5 Crise des missiles de Cuba,,V1/V2
SRC-0253,https://www.servicehistorique.sga.defense.gouv.fr/bibliographie-la-guerre-dindochine,www.servicehistorique.sga.defense.gouv.fr,PRIMARY_OR_OFFICIAL,A,Terminale générale,Tronc commun,2,"10.3.6 Guerre d’Indochine : utiliser la convention 19 décembre 1946 - 21 juillet 1954, garder les jalons",V5 source classification refined.,V1/V2
SRC-0254,https://www.diplomatie.gouv.fr/IMG/pdf/indochine_v4_cle0382d7.pdf,www.diplomatie.gouv.fr,PRIMARY_OR_OFFICIAL,A,Terminale générale,Tronc commun,1,"10.3.6 Guerre d’Indochine : utiliser la convention 19 décembre 1946 - 21 juillet 1954, garder les jalons",,V1/V2
SRC-0255,https://www.cheminsdememoire.gouv.fr/fr/la-bataille-de-dien-bien-phu,www.cheminsdememoire.gouv.fr,INSTITUTIONAL_REFERENCE,B,Terminale générale,Tronc commun,1,"10.3.6 Guerre d’Indochine : utiliser la convention 19 décembre 1946 - 21 juillet 1954, garder les jalons",,V1/V2
SRC-0256,https://qpc360.conseil-constitutionnel.fr/constitution-4-octobre-1958,qpc360.conseil-constitutionnel.fr,PRIMARY_OR_OFFICIAL,A,Terminale générale,Tronc commun,2,10.3.11 Constitution de 1958,,V1/V2
SRC-0257,https://english.www.gov.cn/policies/latestreleases/202111/16/content_WS6193a935c6d0df57f98e50b0.html,english.www.gov.cn,SPECIALIST_REFERENCE,C,Terminale générale,Tronc commun,1,10.4.2 Reagan et Deng Xiaoping : personnes + processus économiques,,V1/V2
SRC-0258,https://www.reaganlibrary.gov/reagans/reagan-administration/inauguration-facts,www.reaganlibrary.gov,SPECIALIST_REFERENCE,C,Terminale générale,Tronc commun,1,10.4.2 Reagan et Deng Xiaoping : personnes + processus économiques,,V1/V2
SRC-0259,https://www.legifrance.gouv.fr/jorf/id/JORFTEXT000000700230,www.legifrance.gouv.fr,PRIMARY_OR_OFFICIAL,A,Terminale générale,Tronc commun,2,"10.4.4 IVG : 1975 devient 17 janvier 1975, avec entrée en vigueur le 18 janvier",,V1/V2
SRC-0260,https://www.legifrance.gouv.fr/loda/id/LEGITEXT000006068718,www.legifrance.gouv.fr,PRIMARY_OR_OFFICIAL,A,Terminale générale,Tronc commun,2,10.4.5 Abolition de la peine de mort : 9 octobre 1981 / 10 octobre 1981,,V1/V2
SRC-0261,https://www.pasteur.fr/fr/file/53841/download,www.pasteur.fr,SPECIALIST_REFERENCE,C,Terminale générale,Tronc commun,2,"10.4.6 Sida en France : processus, avec événements scientifiques précis",,V1/V2
SRC-0262,https://www.archives.gov/news/topics/9-11-anniversary,www.archives.gov,PRIMARY_OR_OFFICIAL,A,Terminale générale,Tronc commun,2,10.5.3 Attentats du 11 septembre 2001,,V1/V2
SRC-0263,https://www.getlinkgroup.com/groupe/histoire,www.getlinkgroup.com,FIRST_PARTY_REFERENCE,B,Terminale générale,Tronc commun,2,10.5.4 Tunnel sous la Manche,V5 source classification refined.,V1/V2
SRC-0264,https://www.ecb.europa.eu/euro/intro/html/index.en.html,www.ecb.europa.eu,PRIMARY_OR_OFFICIAL,A,Terminale générale,Tronc commun,2,10.5.5 Euro : 1999 ≠ 2002,,V1/V2
SRC-0265,https://www.ecb.europa.eu/press/key/date/2001/html/sp010917.en.html,www.ecb.europa.eu,PRIMARY_OR_OFFICIAL,A,Terminale générale,Tronc commun,1,10.5.5 Euro : 1999 ≠ 2002,,V1/V2
SRC-0266,https://www.legifrance.gouv.fr/jorf/id/JORFTEXT000000396412,www.legifrance.gouv.fr,PRIMARY_OR_OFFICIAL,A,Terminale générale,Tronc commun,2,10.5.6 Parité : principe constitutionnel puis mise en œuvre législative,,V1/V2
SRC-0267,https://www.legifrance.gouv.fr/jorf/id/JORFTEXT000000400185,www.legifrance.gouv.fr,PRIMARY_OR_OFFICIAL,A,Terminale générale,Tronc commun,2,10.5.6 Parité : principe constitutionnel puis mise en œuvre législative,,V1/V2
SRC-0268,https://www.legifrance.gouv.fr/jorf/id/JORFTEXT000000601882,www.legifrance.gouv.fr,PRIMARY_OR_OFFICIAL,A,Terminale générale,Tronc commun,2,10.5.7 Approfondissement de la décentralisation,,V1/V2
SRC-0271,https://eduscol.education.gouv.fr/sites/default/files/document/ra21lyceegthisttheme2multiplication-acteurs-internationaux-monde-bipolairepdf-73089.pdf,eduscol.education.gouv.fr,CURRICULUM_OFFICIAL,A,Terminale générale,Tronc commun,1,Sources curriculaires,,V1/V2
SRC-0293,https://eduscol.education.gouv.fr/5802/programmes-et-ressources-en-histoire-geographie-geopolitique-et-sciences-politiques-voie-g,eduscol.education.gouv.fr,CURRICULUM_OFFICIAL,A,,HGGSP,2,"11.1 Périmètre, statut et méthode",,V1/V2
SRC-0294,https://eduscol.education.gouv.fr/sites/default/files/document/spe576annexe1062925pdf-83244.pdf,eduscol.education.gouv.fr,CURRICULUM_OFFICIAL,A,,HGGSP,2,"11.1 Périmètre, statut et méthode",,V1/V2
SRC-0295,https://eduscol.education.gouv.fr/sites/default/files/document/spe254annexe1159180pdf-83247.pdf,eduscol.education.gouv.fr,CURRICULUM_OFFICIAL,A,,HGGSP,2,"11.1 Périmètre, statut et méthode",,V1/V2
SRC-0296,https://www.education.gouv.fr/bo/2026/Special4/MENE2622655N,www.education.gouv.fr,CURRICULUM_OFFICIAL,A,,HGGSP,2,11.4 Rotation des thèmes à l’épreuve du baccalauréat — session 2027,,V1/V2
SRC-0301,https://catalogue.bnf.fr/ark:/12148/cb178787929,catalogue.bnf.fr,INSTITUTIONAL_REFERENCE,B,,HGGSP,1,Démocratie / frontières / information / religions,,V1/V2
SRC-0302,https://catalogue.bnf.fr/ark:/12148/cb11948318h,catalogue.bnf.fr,INSTITUTIONAL_REFERENCE,B,,HGGSP,1,Démocratie / frontières / information / religions,,V1/V2
SRC-0303,https://www.parlamento.pt/Parlamento/Paginas/dias-democracia.aspx,www.parlamento.pt,PRIMARY_OR_OFFICIAL,A,,HGGSP,1,Démocratie / frontières / information / religions,,V1/V2
SRC-0304,https://boe.es/diario_boe/txt.php?id=BOE-A-1978-27525,boe.es,PRIMARY_OR_OFFICIAL,A,,HGGSP,1,Démocratie / frontières / information / religions,,V1/V2
SRC-0305,https://www.boe.es/eli/es/c/1978/12/27/%281%29/dof/mul/pdf,www.boe.es,PRIMARY_OR_OFFICIAL,A,,HGGSP,1,Démocratie / frontières / information / religions,,V1/V2
SRC-0306,https://archiv.diplo.de/arc-en/the-political-archive/general-act-2684414,archiv.diplo.de,SPECIALIST_REFERENCE,C,,HGGSP,1,Démocratie / frontières / information / religions,,V1/V2
SRC-0307,https://www.archives.gov/milestone-documents/armistice-agreement-restoration-south-korean-state,www.archives.gov,PRIMARY_OR_OFFICIAL,A,,HGGSP,1,Démocratie / frontières / information / religions,,V1/V2
SRC-0308,https://treaties.un.org/Pages/showDetails.aspx?clang=_fr&objid=0800000280043ad5,treaties.un.org,PRIMARY_OR_OFFICIAL,A,,HGGSP,1,Démocratie / frontières / information / religions,,V1/V2
SRC-0309,https://eur-lex.europa.eu/legal-content/FR/TXT?uri=LEGISSUM:schengen_agreement,eur-lex.europa.eu,PRIMARY_OR_OFFICIAL,A,,HGGSP,1,Démocratie / frontières / information / religions,,V1/V2
SRC-0310,https://www.afp.com/fr/lagence/notre-actualite/lactualite-de-lafp/20-aout-1944-naissance-de-lafp-heritiere-de-lagence,www.afp.com,INSTITUTIONAL_REFERENCE,B,,HGGSP,1,Démocratie / frontières / information / religions,,V1/V2
SRC-0311,https://cdn.tbmm.gov.tr/TbmmWeb/Yayinlar/MeclisHaberDergisi/38219f5e-2c32-49ce-a8cb-acacc0967c87.pdf,cdn.tbmm.gov.tr,SPECIALIST_REFERENCE,C,,HGGSP,1,Démocratie / frontières / information / religions,,V1/V2
SRC-0312,https://www.nasa.gov/history/dawn-of-the-space-age,www.nasa.gov,PRIMARY_OR_OFFICIAL,A,,HGGSP,1,Espace / mers / guerre et paix,,V1/V2
SRC-0313,https://www.nasa.gov/history/SP-4219/Chapter7.html,www.nasa.gov,PRIMARY_OR_OFFICIAL,A,,HGGSP,1,Espace / mers / guerre et paix,,V1/V2
SRC-0314,https://www.nasa.gov/history/apollo-11-mission-overview,www.nasa.gov,PRIMARY_OR_OFFICIAL,A,,HGGSP,1,Espace / mers / guerre et paix,,V1/V2
SRC-0315,https://www.nasa.gov/missions/station/the-international-space-station-20-years-of-communications-excellence,www.nasa.gov,PRIMARY_OR_OFFICIAL,A,,HGGSP,1,Espace / mers / guerre et paix,,V1/V2
SRC-0316,https://www.un.org/bbnjagreement/fr,www.un.org,PRIMARY_OR_OFFICIAL,A,,HGGSP,1,Espace / mers / guerre et paix,,V1/V2
SRC-0317,https://www.bundestag.de/parlament/praesidium/reden/2017/007-531974,www.bundestag.de,SPECIALIST_REFERENCE,C,,HGGSP,1,Espace / mers / guerre et paix,,V1/V2
SRC-0318,https://www.un.org/sg/fr/former-sg/kofi-annan,www.un.org,PRIMARY_OR_OFFICIAL,A,,HGGSP,1,Espace / mers / guerre et paix,,V1/V2
SRC-0320,https://history.state.gov/milestones/1989-1992/gulf-war,history.state.gov,PRIMARY_OR_OFFICIAL,A,,HGGSP,1,Espace / mers / guerre et paix,,V1/V2
SRC-0321,https://history.state.gov/countries/iraq,history.state.gov,PRIMARY_OR_OFFICIAL,A,,HGGSP,1,Espace / mers / guerre et paix,,V1/V2
SRC-0322,https://www.icty.org/fr/le-tribunal-en-bref/le-tribunal/la-creation-du-tribunal,www.icty.org,PRIMARY_OR_OFFICIAL,A,,HGGSP,1,Justice / mémoire / patrimoine,,V1/V2
SRC-0323,https://www.icty.org/fr/content/20-ans-de-justice-internationale,www.icty.org,PRIMARY_OR_OFFICIAL,A,,HGGSP,1,Justice / mémoire / patrimoine,,V1/V2
SRC-0324,https://encyclopedia.ushmm.org/content/fr/article/how-were-the-crimes-defined,encyclopedia.ushmm.org,INSTITUTIONAL_REFERENCE,B,,HGGSP,1,Justice / mémoire / patrimoine,,V1/V2
SRC-0325,https://www.icc-cpi.int/fr/mali/al-mahdi,www.icc-cpi.int,PRIMARY_OR_OFFICIAL,A,,HGGSP,1,Justice / mémoire / patrimoine,,V1/V2
SRC-0326,https://whc.unesco.org/fr/canopee/tombouctou,whc.unesco.org,PRIMARY_OR_OFFICIAL,A,,HGGSP,1,Justice / mémoire / patrimoine,,V1/V2
SRC-0327,https://whc.unesco.org/fr/list/1360/documents,whc.unesco.org,PRIMARY_OR_OFFICIAL,A,,HGGSP,1,Justice / mémoire / patrimoine,,V1/V2
SRC-0328,https://ich.unesco.org/en/RL/gastronomic-meal-of-the-frenchs-00437,ich.unesco.org,PRIMARY_OR_OFFICIAL,A,,HGGSP,1,Justice / mémoire / patrimoine,,V1/V2
SRC-0329,https://www.un.org/fr/conferences/environment/stockholm1972,www.un.org,PRIMARY_OR_OFFICIAL,A,,HGGSP,1,Environnement / connaissance / cyber,,V1/V2
SRC-0330,https://www.un.org/fr/conferences/environment/rio1992,www.un.org,PRIMARY_OR_OFFICIAL,A,,HGGSP,1,Environnement / connaissance / cyber,,V1/V2
SRC-0331,https://www.unfccc.int/process-and-meetings/the-kyoto-protocol,www.unfccc.int,PRIMARY_OR_OFFICIAL,A,,HGGSP,1,Environnement / connaissance / cyber,,V1/V2
SRC-0332,https://www.unfccc.int/process-and-meetings/the-paris-agreement,www.unfccc.int,PRIMARY_OR_OFFICIAL,A,,HGGSP,1,Environnement / connaissance / cyber,,V1/V2
SRC-0333,https://www.nps.gov/articles/quick-nps-history.htm,www.nps.gov,PRIMARY_OR_OFFICIAL,A,,HGGSP,1,Environnement / connaissance / cyber,,V1/V2
SRC-0334,https://www.epa.gov/history/origins-epa,www.epa.gov,PRIMARY_OR_OFFICIAL,A,,HGGSP,1,Environnement / connaissance / cyber,,V1/V2
SRC-0335,https://www.academie-sciences.fr/pdf/dossiers/Becquerel/Becquerel_pubd1.htm,www.academie-sciences.fr,ACADEMIC,B,,HGGSP,1,Environnement / connaissance / cyber,,V1/V2
SRC-0336,https://www.bnf.fr/fr/les-cahiers-de-marie-curie-conserves-la-bnf-sont-ils-radioactifs,www.bnf.fr,INSTITUTIONAL_REFERENCE,B,,HGGSP,1,Environnement / connaissance / cyber,,V1/V2
SRC-0337,https://www.legifrance.gouv.fr/jorf/id/JORFTEXT000020828212,www.legifrance.gouv.fr,PRIMARY_OR_OFFICIAL,A,,HGGSP,1,Environnement / connaissance / cyber,,V1/V2
SRC-0338,https://www.parismuseescollections.paris.fr/fr/musee-carnavalet/oeuvres/la-fete-nationale-du-22-septembre-1892-anniversaire-du-centenaire-de-la,www.parismuseescollections.paris.fr,INSTITUTIONAL_REFERENCE,B,,,0,Centenaire de la République — Paris Musées,Added in V3 for event-level verification.,V3
SRC-0339,https://encyclopedia.ushmm.org/content/en/article/world-war-i-and-its-aftermath-key-dates,encyclopedia.ushmm.org,INSTITUTIONAL_REFERENCE,B,,,0,Première Guerre mondiale — dates clés — USHMM,Added in V3 for event-level verification.,V3
SRC-0340,https://www.archives.gov/milestone-documents/surrender-of-germany,www.archives.gov,PRIMARY_OR_OFFICIAL,A,,,0,Capitulation de l'Allemagne — National Archives,Added in V3 for event-level verification.,V3
SRC-0341,https://www.archives.gov/milestone-documents/surrender-of-japan,www.archives.gov,PRIMARY_OR_OFFICIAL,A,,,0,Capitulation du Japon — National Archives,Added in V3 for event-level verification.,V3
SRC-0342,https://www.cheminsdememoire.gouv.fr/fr/revue/1944-operation-overlord,www.cheminsdememoire.gouv.fr,INSTITUTIONAL_REFERENCE,B,,,0,Libération de Paris — Chemins de mémoire,Added in V3 for event-level verification.,V3
SRC-0343,https://essentiels.bnf.fr/fr/article/6e6e48ab-6af5-4e58-8167-e2914a0b0098-guerre-cent-ans,essentiels.bnf.fr,INSTITUTIONAL_REFERENCE,B,,,0,Guerre de Cent Ans / Peste noire — BnF Essentiels,Added in V3 for event-level verification.,V3
SRC-0344,https://catalogue.bnf.fr/ark:/12148/cb11919570s,catalogue.bnf.fr,INSTITUTIONAL_REFERENCE,B,,,0,Philippe Auguste — BnF,Added in V3 for event-level verification.,V3
SRC-0345,https://catalogue.bnf.fr/ark:/12148/cb120344600,catalogue.bnf.fr,INSTITUTIONAL_REFERENCE,B,,,0,Louis IX — BnF,Added in V3 for event-level verification.,V3
SRC-0346,https://catalogue.bnf.fr/ark:/12148/cb119418453,catalogue.bnf.fr,INSTITUTIONAL_REFERENCE,B,,,0,Guerres de Religion — BnF,Added in V3 for event-level verification.,V3
SRC-0347,https://catalogue.bnf.fr/ark:/12148/cb11943500s,catalogue.bnf.fr,INSTITUTIONAL_REFERENCE,B,,,0,La Fronde — BnF,Added in V3 for event-level verification.,V3
SRC-0348,https://www.cheminsdememoire.gouv.fr/fr/revue/larmee-francaise-en-1914,www.cheminsdememoire.gouv.fr,INSTITUTIONAL_REFERENCE,B,,,0,Armée française en 1914 — Chemins de mémoire,Added in V3 for event-level verification.,V3
SRC-0349,https://history.state.gov/historicaldocuments/frus1950v07/d59,history.state.gov,PRIMARY_OR_OFFICIAL,A,,,0,Début de la guerre de Corée — Office of the Historian,Added in V3 for event-level verification.,V3
SRC-0350,https://www.bundesregierung.de/breg-de/service/newsletter-und-abos/bulletin/vertrag-zwischen-der-bundesrepublik-deutschland-und-der-republik-polen-788572,www.bundesregierung.de,PRIMARY_OR_OFFICIAL,A,,,0,Traité germano-polonais sur la frontière — Bundesregierung,Added in V3 for event-level verification.,V3
SRC-0351,https://www.afp.com/fr/afp-dates,www.afp.com,INSTITUTIONAL_REFERENCE,B,,,0,AFP — dates clés,Added in V3 for event-level verification.,V3
SRC-0352,https://www.metmuseum.org/pt/essays/greek-gods-and-religious-practices,www.metmuseum.org,INSTITUTIONAL_REFERENCE,B,,,0,Homère et religion grecque — Met Museum,Added in V3 for event-level verification.,V3
SRC-0353,https://www.metmuseum.org/fr/essays/the-severan-dynasty-193-235,www.metmuseum.org,INSTITUTIONAL_REFERENCE,B,,,0,Dynastie sévérienne / Constitutio Antoniniana — Met Museum,Added in V3 for event-level verification.,V3
SRC-0354,https://www.metmuseum.org/exhibitions/listings/2019/world-between-empires-art-and-identity-ancient-middle-east/exhibition-galleries,www.metmuseum.org,INSTITUTIONAL_REFERENCE,B,,,0,Rome et Judée — Met Museum,Added in V3 for event-level verification.,V3
SRC-0355,https://catalogue.bnf.fr/ark:/12148/cb120127827,catalogue.bnf.fr,INSTITUTIONAL_REFERENCE,B,,,0,François Ier — BnF,Added in V3 for event-level verification.,V3
SRC-0356,https://catalogue.bnf.fr/ark:/12148/cb120154019,catalogue.bnf.fr,INSTITUTIONAL_REFERENCE,B,,,0,Henri IV — BnF,Added in V3 for event-level verification.,V3
SRC-0357,https://heritage.bnf.fr/france-ameriques/code-noir-0,heritage.bnf.fr,INSTITUTIONAL_REFERENCE,B,,,0,Code noir — BnF Patrimoines partagés,Added in V3 for event-level verification.,V3
SRC-0358,https://www.chateauversailles.fr/ressources-pedagogiques/reviser-avec-versailles/les-journees-octobre-1789-les-derniers-jours-famille,www.chateauversailles.fr,INSTITUTIONAL_REFERENCE,B,,,0,Journées d'octobre 1789 — Versailles,Added in V3 for event-level verification.,V3
SRC-0359,https://www.musee-marine.fr/nos-musees/paris/expositions-et-evenements/les-evenements/seance-de-dedicace-magellan-dictionnaire-dune-epopee-revolutionnaire.html,www.musee-marine.fr,INSTITUTIONAL_REFERENCE,B,,,0,Première circumnavigation — Musée national de la Marine,Added in V3 for event-level verification.,V3
SRC-0360,https://avalon.law.yale.edu/imt/judgen.asp,avalon.law.yale.edu,ACADEMIC,B,,,0,"Jugement de Nuremberg — Avalon Project, Yale",Added in V3 for event-level verification.,V3
SRC-0361,https://www.stadt-muenster.de/en/g7/hall-of-peace,www.stadt-muenster.de,INSTITUTIONAL_REFERENCE,B,,,0,Paix de Westphalie — Ville de Münster,Added in V3 for event-level verification.,V3
SRC-0362,https://encyclopedia.ushmm.org/content/en/timeline-event/holocaust/1939-1941/operation-barbarossa,encyclopedia.ushmm.org,INSTITUTIONAL_REFERENCE,B,,,0,Opération Barbarossa — USHMM,Added in V3 for event-level verification.,V3
SRC-0363,https://encyclopedia.ushmm.org/content/en/timeline-event/holocaust/1939-1941/german-invasion-of-poland,encyclopedia.ushmm.org,INSTITUTIONAL_REFERENCE,B,,,0,Invasion de la Pologne — USHMM,Added in V3 for event-level verification.,V3
SRC-0364,https://www.cheminsdememoire.gouv.fr/fr/1915-04-25-debarquements-allies-sur-les-deux-rives-des-dardanelles,www.cheminsdememoire.gouv.fr,INSTITUTIONAL_REFERENCE,B,,,0,Débarquements des Dardanelles — Chemins de mémoire,Added in V3 for event-level verification.,V3
SRC-0365,https://www.cheminsdememoire.gouv.fr/fr/necropole-nationale-d-albert,www.cheminsdememoire.gouv.fr,INSTITUTIONAL_REFERENCE,B,,,0,Bataille de la Somme — Chemins de mémoire,Added in V3 for event-level verification.,V3
SRC-0366,https://www.nam.ac.uk/explore/1918-victory,www.nam.ac.uk,SPECIALIST_REFERENCE,C,,,0,Opération Michael — National Army Museum,Added in V3 for event-level verification.,V3
SRC-0367,https://www.bnsp.insee.fr/ark:/12148/bc6p06x16jw.pdf,www.bnsp.insee.fr,PRIMARY_OR_OFFICIAL,A,,,0,Recensement 1931 — INSEE/BnSP,Added in V3 for event-level verification.,V3
SRC-0368,https://fr.wikipedia.org/wiki/Industrialisation,fr.wikipedia.org,WIKIPEDIA_SECONDARY,B,,,0,Wikipédia — Industrialisation,Added in V4 for direct event-level verification.,V4
SRC-0369,https://fr.wikipedia.org/wiki/Jeux_olympiques_antiques,fr.wikipedia.org,WIKIPEDIA_SECONDARY,B,,,0,Wikipédia — Jeux olympiques antiques,Added in V4 for direct event-level verification.,V4
SRC-0370,https://fr.wikipedia.org/wiki/Rome_antique,fr.wikipedia.org,WIKIPEDIA_SECONDARY,B,,,0,Wikipédia — Rome antique,Added in V4 for direct event-level verification.,V4
SRC-0371,https://fr.wikipedia.org/wiki/Bible,fr.wikipedia.org,WIKIPEDIA_SECONDARY,B,,,0,Wikipédia — Bible,Added in V4 for direct event-level verification.,V4
SRC-0372,https://fr.wikipedia.org/wiki/Siège_de_Jérusalem_(587/586_av._J.-C.),fr.wikipedia.org,WIKIPEDIA_SECONDARY,B,,,0,Wikipédia — Siège de Jérusalem (587/586 av. J.-C.),Added in V4 for direct event-level verification.,V4
SRC-0373,https://fr.wikipedia.org/wiki/Exil_à_Babylone,fr.wikipedia.org,WIKIPEDIA_SECONDARY,B,,,0,Wikipédia — Exil à Babylone,Added in V4 for direct event-level verification.,V4
SRC-0374,https://fr.wikipedia.org/wiki/Périclès,fr.wikipedia.org,WIKIPEDIA_SECONDARY,B,,,0,Wikipédia — Périclès,Added in V4 for direct event-level verification.,V4
SRC-0375,https://fr.wikipedia.org/wiki/27_av._J.-C.,fr.wikipedia.org,WIKIPEDIA_SECONDARY,B,,,0,Wikipédia — 27 av. J.-C.,Added in V4 for direct event-level verification.,V4
SRC-0376,https://fr.wikipedia.org/wiki/Pax_Romana,fr.wikipedia.org,WIKIPEDIA_SECONDARY,B,,,0,Wikipédia — Pax Romana,Added in V4 for direct event-level verification.,V4
SRC-0377,https://fr.wikipedia.org/wiki/Premier_concile_de_Nicée,fr.wikipedia.org,WIKIPEDIA_SECONDARY,B,,,0,Wikipédia — Premier concile de Nicée,Added in V4 for direct event-level verification.,V4
SRC-0378,https://fr.wikipedia.org/wiki/Constantin_Ier_(empereur_romain),fr.wikipedia.org,WIKIPEDIA_SECONDARY,B,,,0,Wikipédia — Constantin Ier,Added in V4 for direct event-level verification.,V4
SRC-0379,https://en.wikipedia.org/wiki/Emperor_Wu_of_Han,en.wikipedia.org,WIKIPEDIA_SECONDARY,B,,,0,Wikipedia — Emperor Wu of Han,Added in V4 for direct event-level verification.,V4
SRC-0380,https://fr.wikipedia.org/wiki/Hégire,fr.wikipedia.org,WIKIPEDIA_SECONDARY,B,,,0,Wikipédia — Hégire,Added in V4 for direct event-level verification.,V4
SRC-0381,https://fr.wikipedia.org/wiki/Séparation_des_Églises_d'Orient_et_d'Occident,fr.wikipedia.org,WIKIPEDIA_SECONDARY,B,,,0,Wikipédia — Séparation des Églises d'Orient et d'Occident,Added in V4 for direct event-level verification.,V4
SRC-0382,https://fr.wikipedia.org/wiki/1204_dans_les_croisades,fr.wikipedia.org,WIKIPEDIA_SECONDARY,B,,,0,Wikipédia — 1204 dans les croisades,Added in V4 for direct event-level verification.,V4
SRC-0383,https://en.wikipedia.org/wiki/High_Middle_Ages,en.wikipedia.org,WIKIPEDIA_SECONDARY,B,,,0,Wikipedia — High Middle Ages,Added in V4 for direct event-level verification.,V4
SRC-0384,https://fr.wikipedia.org/wiki/Bataille_de_Castillon,fr.wikipedia.org,WIKIPEDIA_SECONDARY,B,,,0,Wikipédia — Bataille de Castillon,Added in V4 for direct event-level verification.,V4
SRC-0385,https://fr.wikipedia.org/wiki/États_généraux_de_1302-1303,fr.wikipedia.org,WIKIPEDIA_SECONDARY,B,,,0,Wikipédia — États généraux de 1302-1303,Added in V4 for direct event-level verification.,V4
SRC-0386,https://fr.wikipedia.org/wiki/Chute_de_Constantinople,fr.wikipedia.org,WIKIPEDIA_SECONDARY,B,,,0,Wikipédia — Chute de Constantinople,Added in V4 for direct event-level verification.,V4
SRC-0387,https://fr.wikipedia.org/wiki/Concile_de_Trente,fr.wikipedia.org,WIKIPEDIA_SECONDARY,B,,,0,Wikipédia — Concile de Trente,Added in V4 for direct event-level verification.,V4
SRC-0388,https://fr.wikipedia.org/wiki/Édit_de_Fontainebleau,fr.wikipedia.org,WIKIPEDIA_SECONDARY,B,,,0,Wikipédia — Édit de Fontainebleau,Added in V4 for direct event-level verification.,V4
SRC-0389,https://en.wikipedia.org/wiki/French_declaration_of_war_on_Germany_(1939),en.wikipedia.org,WIKIPEDIA_SECONDARY,B,,,0,Wikipedia — French declaration of war on Germany (1939),Added in V4 for direct event-level verification.,V4
SRC-0390,https://en.wikipedia.org/wiki/United_Kingdom_declaration_of_war_on_Germany_(1939),en.wikipedia.org,WIKIPEDIA_SECONDARY,B,,,0,Wikipedia — UK declaration of war on Germany (1939),Added in V4 for direct event-level verification.,V4
SRC-0391,https://www.archives.gov/college-park/highlights/japanese-surrender,www.archives.gov,PRIMARY_OR_OFFICIAL,A,,,0,US National Archives — Japanese surrender,Added in V4 for direct event-level verification.,V4
SRC-0392,https://en.wikipedia.org/wiki/Constantinople,en.wikipedia.org,WIKIPEDIA_SECONDARY,B,,,0,Wikipedia — Constantinople,Added in V4 for direct event-level verification.,V4
SRC-0393,https://en.wikipedia.org/wiki/Council_of_Vézelay,en.wikipedia.org,WIKIPEDIA_SECONDARY,B,,,0,Wikipedia — Council of Vézelay,Added in V4 for direct event-level verification.,V4
SRC-0394,https://en.wikipedia.org/wiki/Second_Crusade,en.wikipedia.org,WIKIPEDIA_SECONDARY,B,,,0,Wikipedia — Second Crusade,Added in V4 for direct event-level verification.,V4
SRC-0395,https://fr.wikipedia.org/wiki/République_de_Venise,fr.wikipedia.org,WIKIPEDIA_SECONDARY,B,,,0,Wikipédia — République de Venise,Added in V4 for direct event-level verification.,V4
SRC-0396,https://fr.wikipedia.org/wiki/Controverse_de_Valladolid,fr.wikipedia.org,WIKIPEDIA_SECONDARY,B,,,0,Wikipédia — Controverse de Valladolid,Added in V4 for direct event-level verification.,V4
SRC-0397,https://fr.wikipedia.org/wiki/Plantation,fr.wikipedia.org,WIKIPEDIA_SECONDARY,B,,,0,Wikipédia — Plantation,Added in V4 for direct event-level verification.,V4
SRC-0398,https://fr.wikipedia.org/wiki/Plafond_de_la_chapelle_Sixtine,fr.wikipedia.org,WIKIPEDIA_SECONDARY,B,,,0,Wikipédia — Plafond de la chapelle Sixtine,Added in V4 for direct event-level verification.,V4
SRC-0399,https://www.vatican.va/content/vatican/fr/ra/cappella-sistina.html,www.vatican.va,PRIMARY_OR_OFFICIAL,A,,,0,Vatican — Chapelle Sixtine,Added in V4 for direct event-level verification.,V4
SRC-0400,https://www.museivaticani.va/content/museivaticani/fr/collezioni/musei/cappella-sistina/storia-cappella-sistina.html,www.museivaticani.va,INSTITUTIONAL_REFERENCE,A,,,0,Musei Vaticani — Histoire de la Chapelle Sixtine,Added in V4 for direct event-level verification.,V4
SRC-0401,https://fr.wikipedia.org/wiki/Érasme,fr.wikipedia.org,WIKIPEDIA_SECONDARY,B,,,0,Wikipédia — Érasme,Added in V4 for direct event-level verification.,V4
SRC-0402,https://fr.wikipedia.org/wiki/Compagnie_française_des_Indes_orientales,fr.wikipedia.org,WIKIPEDIA_SECONDARY,B,,,0,Wikipédia — Compagnie française des Indes orientales,Added in V4 for direct event-level verification.,V4
SRC-0403,https://catalogue.bnf.fr/ark:/12148/cb33821225q,catalogue.bnf.fr,INSTITUTIONAL_REFERENCE,A,,,0,BnF — Déclaration royale du 27 août 1664,Added in V4 for direct event-level verification.,V4
SRC-0404,https://fr.wikipedia.org/wiki/Encyclopédie,fr.wikipedia.org,WIKIPEDIA_SECONDARY,B,,,0,Wikipédia — Encyclopédie,Added in V4 for direct event-level verification.,V4
SRC-0405,https://fr.wikipedia.org/wiki/Révolte_des_Nu-pieds,fr.wikipedia.org,WIKIPEDIA_SECONDARY,B,,,0,Wikipédia — Révolte des Nu-pieds,Added in V4 for direct event-level verification.,V4
SRC-0406,https://fr.wikipedia.org/wiki/Société_d'ordres,fr.wikipedia.org,WIKIPEDIA_SECONDARY,B,,,0,Wikipédia — Société d'ordres,Added in V4 for direct event-level verification.,V4
SRC-0407,https://fr.wikipedia.org/wiki/Salon_littéraire,fr.wikipedia.org,WIKIPEDIA_SECONDARY,B,,,0,Wikipédia — Salon littéraire,Added in V4 for direct event-level verification.,V4
SRC-0408,https://fr.wikipedia.org/wiki/Port_de_Bordeaux,fr.wikipedia.org,WIKIPEDIA_SECONDARY,B,,,0,Wikipédia — Port de Bordeaux,Added in V4 for direct event-level verification.,V4
SRC-0409,https://fr.wikipedia.org/wiki/Congrès_de_Vienne,fr.wikipedia.org,WIKIPEDIA_SECONDARY,B,,,0,Wikipédia — Congrès de Vienne,Added in V4 for direct event-level verification.,V4
SRC-0410,https://fr.wikipedia.org/wiki/Massacre_de_Chios,fr.wikipedia.org,WIKIPEDIA_SECONDARY,B,,,0,Wikipédia — Massacre de Chios,Added in V4 for direct event-level verification.,V4
SRC-0411,https://fr.wikipedia.org/wiki/Trois_Glorieuses,fr.wikipedia.org,WIKIPEDIA_SECONDARY,B,,,0,Wikipédia — Trois Glorieuses,Added in V4 for direct event-level verification.,V4
SRC-0412,https://fr.wikipedia.org/wiki/Bataille_des_Dardanelles,fr.wikipedia.org,WIKIPEDIA_SECONDARY,B,,,0,Wikipédia — Bataille des Dardanelles,Added in V4 for direct event-level verification.,V4
SRC-0413,https://en.wikipedia.org/wiki/Operation_Michael,en.wikipedia.org,WIKIPEDIA_SECONDARY,B,,,0,Wikipedia — Operation Michael,Added in V4 for direct event-level verification.,V4
SRC-0414,https://fr.wikipedia.org/wiki/Georges_Eugène_Haussmann,fr.wikipedia.org,WIKIPEDIA_SECONDARY,B,,,0,Wikipédia FR — Georges Eugène Haussmann,Added in V4 for direct event-level verification.,V4
SRC-0415,https://en.wikipedia.org/wiki/Georges-Eugène_Haussmann,en.wikipedia.org,WIKIPEDIA_SECONDARY,B,,,0,Wikipedia EN — Georges-Eugène Haussmann,Added in V4 for direct event-level verification.,V4
SRC-0416,https://fr.wikipedia.org/wiki/Coup_d'État_de_1973_au_Chili,fr.wikipedia.org,WIKIPEDIA_SECONDARY,B,,,0,Wikipédia — Coup d'État de 1973 au Chili,Added in V4 for direct event-level verification.,V4
SRC-0417,https://fr.wikipedia.org/wiki/Attentat_du_6_avril_1994_au_Rwanda,fr.wikipedia.org,WIKIPEDIA_SECONDARY,B,,,0,Wikipédia — Attentat du 6 avril 1994 au Rwanda,Added in V4 for direct event-level verification.,V4
SRC-0418,https://www.un.org/fr/preventgenocide/rwanda/day-of-reflection.shtml,www.un.org,PRIMARY_OR_OFFICIAL,A,,,0,"ONU — 7 avril, journée de réflexion sur le génocide des Tutsis",Added in V4 for direct event-level verification.,V4
SRC-0419,https://encyclopedia.ushmm.org/content/fr/article/international-military-tribunal-at-nuremberg,encyclopedia.ushmm.org,INSTITUTIONAL_REFERENCE,A,,,0,USHMM — Tribunal militaire international de Nuremberg,Added in V4 for direct event-level verification.,V4
SRC-0420,https://fr.wikipedia.org/wiki/Moyen_Âge,fr.wikipedia.org,WIKIPEDIA_SECONDARY,B,,,0,Wikipédia — Moyen Âge,Added in V4 for direct event-level verification.,V4
SRC-0421,https://fr.wikipedia.org/wiki/États_généraux_de_1789,fr.wikipedia.org,WIKIPEDIA_SECONDARY,B,,,0,Wikipédia — États généraux de 1789,Added in V4 for direct event-level verification.,V4
SRC-0422,https://fr.wikipedia.org/wiki/Lomekwi_3,fr.wikipedia.org,WIKIPEDIA_SECONDARY,B,,,0,Wikipédia — Lomekwi 3,Added in V4 for direct event-level verification.,V4
SRC-0423,https://fr.wikipedia.org/wiki/Préhistoire,fr.wikipedia.org,WIKIPEDIA_SECONDARY,B,,,0,Wikipédia — Préhistoire,Added in V4 for direct event-level verification.,V4
SRC-0424,https://fr.wikipedia.org/wiki/Sédentarisation_au_Proche-Orient,fr.wikipedia.org,WIKIPEDIA_SECONDARY,B,,,0,Wikipédia — Sédentarisation au Proche-Orient,Added in V4 for direct event-level verification.,V4
SRC-0425,https://fr.wikipedia.org/wiki/Débuts_de_l'agriculture_au_Proche-Orient,fr.wikipedia.org,WIKIPEDIA_SECONDARY,B,,,0,Wikipédia — Débuts de l'agriculture au Proche-Orient,Added in V4 for direct event-level verification.,V4
SRC-0426,https://fr.wikipedia.org/wiki/Écriture_cunéiforme,fr.wikipedia.org,WIKIPEDIA_SECONDARY,B,,,0,Wikipédia — Écriture cunéiforme,Added in V4 for direct event-level verification.,V4
SRC-0427,https://fr.wikipedia.org/wiki/Mésopotamie,fr.wikipedia.org,WIKIPEDIA_SECONDARY,B,,,0,Wikipédia — Mésopotamie,Added in V4 for direct event-level verification.,V4
SRC-0428,https://fr.wikipedia.org/wiki/Histoire_de_l'humanité,fr.wikipedia.org,WIKIPEDIA_SECONDARY,B,,,0,Wikipédia — Histoire de l'humanité,Added in V4 for direct event-level verification.,V4
SRC-0429,https://fr.wikipedia.org/wiki/Justinien_Ier,fr.wikipedia.org,WIKIPEDIA_SECONDARY,B,,,0,Wikipédia — Justinien Ier,Added in V5 for direct event-level verification.,V5
SRC-0430,https://fr.wikipedia.org/wiki/Trait%C3%A9_de_Verdun,fr.wikipedia.org,WIKIPEDIA_SECONDARY,B,,,0,Wikipédia — Traité de Verdun,Added in V5 for direct event-level verification.,V5
SRC-0431,https://fr.wikipedia.org/wiki/Si%C3%A8ge_de_J%C3%A9rusalem_%281099%29,fr.wikipedia.org,WIKIPEDIA_SECONDARY,B,,,0,Wikipédia — Siège de Jérusalem (1099),Added in V5 for direct event-level verification.,V5
SRC-0432,https://fr.wikipedia.org/wiki/Bataille_de_Bagdad_%281258%29,fr.wikipedia.org,WIKIPEDIA_SECONDARY,B,,,0,Wikipédia — Siège/Bataille de Bagdad (1258),Added in V5 for direct event-level verification.,V5
SRC-0433,https://fr.wikipedia.org/wiki/Loi_sur_la_traite_des_noirs_et_le_r%C3%A9gime_des_colonies_du_20_mai_1802,fr.wikipedia.org,WIKIPEDIA_SECONDARY,B,,,0,Wikipédia — Loi du 20 mai 1802,Added in V5 for direct event-level verification.,V5
SRC-0434,https://fr.wikipedia.org/wiki/Juillet_1914_%28guerre_mondiale%29,fr.wikipedia.org,WIKIPEDIA_SECONDARY,B,,,0,Wikipédia — Crise de juillet 1914,Added in V5 for direct event-level verification.,V5
SRC-0435,https://fr.wikipedia.org/wiki/Armistice_du_11_novembre_1918,fr.wikipedia.org,WIKIPEDIA_SECONDARY,B,,,0,Wikipédia — Armistice du 11 novembre 1918,Added in V5 for direct event-level verification.,V5
SRC-0436,https://fr.wikipedia.org/wiki/Trait%C3%A9_de_Versailles,fr.wikipedia.org,WIKIPEDIA_SECONDARY,B,,,0,Wikipédia — Traité de Versailles,Added in V5 for direct event-level verification.,V5
SRC-0437,https://fr.wikipedia.org/wiki/Dissolution_de_l%27URSS,fr.wikipedia.org,WIKIPEDIA_SECONDARY,B,,,0,Wikipédia — Dislocation de l’URSS,Added in V5 for direct event-level verification.,V5
SRC-0438,https://fr.wikipedia.org/wiki/Chronologie_des_droits_des_femmes_en_France,fr.wikipedia.org,WIKIPEDIA_SECONDARY,B,,,0,Wikipédia — Chronologie des droits des femmes en France,Added in V5 for direct event-level verification.,V5
SRC-0439,https://fr.wikipedia.org/wiki/S%C3%A9curit%C3%A9_sociale_%28France%29,fr.wikipedia.org,WIKIPEDIA_SECONDARY,B,,,0,Wikipédia — Sécurité sociale (France),Added in V5 for direct event-level verification.,V5
SRC-0440,https://fr.wikipedia.org/wiki/Loi_du_13_juillet_1965_portant_r%C3%A9forme_des_r%C3%A9gimes_matrimoniaux,fr.wikipedia.org,WIKIPEDIA_SECONDARY,B,,,0,Wikipédia — Loi du 13 juillet 1965,Added in V5 for direct event-level verification.,V5
SRC-0441,https://fr.wikipedia.org/wiki/Loi_Veil,fr.wikipedia.org,WIKIPEDIA_SECONDARY,B,,,0,Wikipédia — Loi Veil,Added in V5 for direct event-level verification.,V5
SRC-0442,https://fr.wikipedia.org/wiki/Abolition_de_la_peine_de_mort_en_France,fr.wikipedia.org,WIKIPEDIA_SECONDARY,B,,,0,Wikipédia — Abolition de la peine de mort en France,Added in V5 for direct event-level verification.,V5
SRC-0443,https://www.legifrance.gouv.fr/loda/id/LEGISCTA000006127003,www.legifrance.gouv.fr,PRIMARY_OR_OFFICIAL,A,,,0,Légifrance — Loi du 1er décembre 1988 relative au RMI,Added in V5 for direct event-level verification.,V5
SRC-0444,https://fr.wikipedia.org/wiki/Prise_de_la_Bastille,fr.wikipedia.org,WIKIPEDIA_SECONDARY,B,,,0,Wikipédia — Prise de la Bastille,Added in V5 for direct event-level verification.,V5
SRC-0445,https://fr.wikipedia.org/wiki/Nuit_du_4_ao%C3%BBt_1789,fr.wikipedia.org,WIKIPEDIA_SECONDARY,B,,,0,Wikipédia — Nuit du 4 août 1789,Added in V5 for direct event-level verification.,V5
SRC-0446,https://fr.wikipedia.org/wiki/D%C3%A9claration_des_droits_de_l%27homme_et_du_citoyen_de_1789,fr.wikipedia.org,WIKIPEDIA_SECONDARY,B,,,0,Wikipédia — DDHC de 1789,Added in V5 for direct event-level verification.,V5
SRC-0447,https://fr.wikipedia.org/wiki/Transformations_de_Paris_sous_le_Second_Empire,fr.wikipedia.org,WIKIPEDIA_SECONDARY,B,,,0,Wikipédia — Transformations de Paris sous le Second Empire,Added in V5 for direct event-level verification.,V5
SRC-0448,https://fr.wikipedia.org/wiki/Georges_Eug%C3%A8ne_Haussmann,fr.wikipedia.org,WIKIPEDIA_SECONDARY,B,,,0,Wikipédia — Georges Eugène Haussmann,Added in V5 for direct event-level verification.,V5
SRC-0449,https://fr.wikipedia.org/wiki/Fr%C3%A8res_Pereire,fr.wikipedia.org,WIKIPEDIA_SECONDARY,B,,,0,Wikipédia — Frères Pereire,Added in V5 for direct event-level verification.,V5
SRC-0450,https://fr.wikipedia.org/wiki/Cr%C3%A9dit_mobilier,fr.wikipedia.org,WIKIPEDIA_SECONDARY,B,,,0,Wikipédia — Crédit mobilier,Added in V5 for direct event-level verification.,V5
SRC-0451,https://fr.wikipedia.org/wiki/Exposition_universelle_de_1889,fr.wikipedia.org,WIKIPEDIA_SECONDARY,B,,,0,Wikipédia — Exposition universelle de 1889,Added in V5 for direct event-level verification.,V5
SRC-0452,https://fr.wikipedia.org/wiki/Exposition_universelle_de_1900,fr.wikipedia.org,WIKIPEDIA_SECONDARY,B,,,0,Wikipédia — Exposition universelle de 1900,Added in V5 for direct event-level verification.,V5
SRC-0453,https://fr.wikipedia.org/wiki/Le_Creusot,fr.wikipedia.org,WIKIPEDIA_SECONDARY,B,,,0,Wikipédia — Le Creusot,Added in V5 for direct event-level verification.,V5
SRC-0454,https://fr.wikipedia.org/wiki/Histoire_industrielle_des_Schneider,fr.wikipedia.org,WIKIPEDIA_SECONDARY,B,,,0,Wikipédia — Histoire industrielle des Schneider,Added in V5 for direct event-level verification.,V5
SRC-0455,https://fr.wikipedia.org/wiki/Traites_n%C3%A9gri%C3%A8res,fr.wikipedia.org,WIKIPEDIA_SECONDARY,B,,,0,Wikipédia — Traites négrières,Added in V6 for curriculum-object resolution.,V6
SRC-0456,https://fr.wikipedia.org/wiki/R%C3%A9volution_fran%C3%A7aise,fr.wikipedia.org,WIKIPEDIA_SECONDARY,B,,,0,Wikipédia — Révolution française,Added in V6 for curriculum-object resolution.,V6
SRC-0457,https://www2.assemblee-nationale.fr/decouvrir-l-assemblee/juniors/histoire/1789-1799-la-revolution-francaise,www2.assemblee-nationale.fr,PRIMARY_OR_OFFICIAL,A,,,0,Assemblée nationale — 1789-1799 La Révolution française,Added in V6 for curriculum-object resolution.,V6
SRC-0458,https://en.wikipedia.org/wiki/French_Consulate,en.wikipedia.org,WIKIPEDIA_SECONDARY,B,,,0,Wikipedia — French Consulate,Added in V6 for curriculum-object resolution.,V6
SRC-0459,https://fr.wikipedia.org/wiki/Chronologie_napol%C3%A9onienne,fr.wikipedia.org,WIKIPEDIA_SECONDARY,B,,,0,Wikipédia — Chronologie napoléonienne,Added in V6 for curriculum-object resolution.,V6
SRC-0460,https://fr.wikipedia.org/wiki/Printemps_des_peuples,fr.wikipedia.org,WIKIPEDIA_SECONDARY,B,,,0,Wikipédia — Printemps des peuples,Added in V6 for curriculum-object resolution.,V6
SRC-0461,https://en.wikipedia.org/wiki/Second_Industrial_Revolution,en.wikipedia.org,WIKIPEDIA_SECONDARY,B,,,0,Wikipedia — Second Industrial Revolution,Added in V6 for curriculum-object resolution.,V6
SRC-0462,https://fr.wikipedia.org/wiki/Histoire_du_monde_occidental,fr.wikipedia.org,WIKIPEDIA_SECONDARY,B,,,0,Wikipédia — Nouvel impérialisme 1870-1914,Added in V6 for curriculum-object resolution.,V6
SRC-0463,https://fr.wikipedia.org/wiki/Proclamation_de_la_R%C3%A9publique_fran%C3%A7aise_du_4_septembre_1870,fr.wikipedia.org,WIKIPEDIA_SECONDARY,B,,,0,Wikipédia — Proclamation de la République française du 4 septembre 1870,Added in V6 for curriculum-object resolution.,V6
SRC-0464,https://fr.wikipedia.org/wiki/R%C3%A9volution_russe,fr.wikipedia.org,WIKIPEDIA_SECONDARY,B,,,0,Wikipédia — Révolution russe,Added in V6 for curriculum-object resolution.,V6
SRC-0465,https://fr.wikipedia.org/wiki/Troisi%C3%A8me_Reich,fr.wikipedia.org,WIKIPEDIA_SECONDARY,B,,,0,Wikipédia — Troisième Reich,Added in V6 for curriculum-object resolution.,V6
SRC-0466,https://fr.wikipedia.org/wiki/Front_populaire_(France),fr.wikipedia.org,WIKIPEDIA_SECONDARY,B,,,0,Wikipédia — Front populaire (France),Added in V6 for curriculum-object resolution.,V6
SRC-0467,https://fr.wikipedia.org/wiki/Guerre_froide,fr.wikipedia.org,WIKIPEDIA_SECONDARY,B,,,0,Wikipédia — Guerre froide,Added in V6 for curriculum-object resolution.,V6
SRC-0468,https://fr.wikipedia.org/wiki/Gouvernement_provisoire_de_la_R%C3%A9publique_fran%C3%A7aise,fr.wikipedia.org,WIKIPEDIA_SECONDARY,B,,,0,Wikipédia — GPRF,Added in V6 for curriculum-object resolution.,V6
SRC-0469,https://fr.wikipedia.org/wiki/R%C3%A9f%C3%A9rendum_constitutionnel_fran%C3%A7ais_de_1958,fr.wikipedia.org,WIKIPEDIA_SECONDARY,B,,,0,Wikipédia — Référendum constitutionnel français de 1958,Added in V6 for curriculum-object resolution.,V6
SRC-0470,https://fr.wikipedia.org/wiki/Constitution_fran%C3%A7aise_du_4_octobre_1958,fr.wikipedia.org,WIKIPEDIA_SECONDARY,B,,,0,Wikipédia — Constitution française du 4 octobre 1958,Added in V6 for curriculum-object resolution.,V6
SRC-0471,https://fr.wikipedia.org/wiki/R%C3%A9f%C3%A9rendum_constitutionnel_fran%C3%A7ais_de_1962,fr.wikipedia.org,WIKIPEDIA_SECONDARY,B,,,0,Wikipédia — Référendum constitutionnel français de 1962,Added in V6 for curriculum-object resolution.,V6
SRC-0472,https://fr.wikipedia.org/wiki/%C3%89lection_pr%C3%A9sidentielle_fran%C3%A7aise_de_1981,fr.wikipedia.org,WIKIPEDIA_SECONDARY,B,,,0,Wikipédia — Élection présidentielle française de 1981,Added in V6 for curriculum-object resolution.,V6
SRC-0473,https://en.wikipedia.org/wiki/Romulus_Augustulus,en.wikipedia.org,WIKIPEDIA_SECONDARY,B,,,0,Wikipedia — Romulus Augustulus,Added in V6 for curriculum-object resolution.,V6
SRC-0474,https://fr.wikipedia.org/wiki/Abolition_du_califat,fr.wikipedia.org,WIKIPEDIA_SECONDARY,B,,,0,Wikipédia — Abolition du califat,Added in V6 for curriculum-object resolution.,V6
SRC-0475,https://fr.wikipedia.org/wiki/Ordonnance_de_1669_sur_les_Eaux_et_For%C3%AAts,fr.wikipedia.org,WIKIPEDIA_SECONDARY,B,,,0,Wikipédia — Ordonnance de 1669 sur les Eaux et Forêts,Added in V6 for curriculum-object resolution.,V6
SRC-0476,https://en.wikipedia.org/wiki/Timeline_of_ancient_history,en.wikipedia.org,WIKIPEDIA_TIMELINE_SECONDARY,B,,,0,Wikipedia — Timeline of ancient history,Added in V13 for school-corpus enrichment.,V13
SRC-0477,https://en.wikipedia.org/wiki/Timeline_of_the_Middle_Ages,en.wikipedia.org,WIKIPEDIA_TIMELINE_SECONDARY,B,,,0,Wikipedia — Timeline of post-classical history / Middle Ages,Added in V13 for school-corpus enrichment.,V13
SRC-0478,https://en.wikipedia.org/wiki/Timeline_of_the_15th_century,en.wikipedia.org,WIKIPEDIA_TIMELINE_SECONDARY,B,,,0,Wikipedia — Timeline of the 15th century,Added in V13 for school-corpus enrichment.,V13
SRC-0479,https://en.wikipedia.org/wiki/Timeline_of_the_16th_century,en.wikipedia.org,WIKIPEDIA_TIMELINE_SECONDARY,B,,,0,Wikipedia — Timeline of the 16th century,Added in V13 for school-corpus enrichment.,V13
SRC-0480,https://en.wikipedia.org/wiki/Timeline_of_the_17th_century,en.wikipedia.org,WIKIPEDIA_TIMELINE_SECONDARY,B,,,0,Wikipedia — Timeline of the 17th century,Added in V13 for school-corpus enrichment.,V13
SRC-0481,https://en.wikipedia.org/wiki/Timeline_of_the_18th_century,en.wikipedia.org,WIKIPEDIA_TIMELINE_SECONDARY,B,,,0,Wikipedia — Timeline of the 18th century,Added in V13 for school-corpus enrichment.,V13
SRC-0482,https://en.wikipedia.org/wiki/Timeline_of_the_19th_century,en.wikipedia.org,WIKIPEDIA_TIMELINE_SECONDARY,B,,,0,Wikipedia — Timeline of the 19th century,Added in V13 for school-corpus enrichment.,V13
SRC-0483,https://en.wikipedia.org/wiki/Timeline_of_19th-century_French_history,en.wikipedia.org,WIKIPEDIA_TIMELINE_SECONDARY,B,,,0,Wikipedia — Timeline of 19th-century French history,Added in V13 for school-corpus enrichment.,V13
SRC-0484,https://en.wikipedia.org/wiki/Timeline_of_the_20th_century,en.wikipedia.org,WIKIPEDIA_TIMELINE_SECONDARY,B,,,0,Wikipedia — Timeline of the 20th century,Added in V13 for school-corpus enrichment.,V13
SRC-0485,https://en.wikipedia.org/wiki/Timeline_of_World_War_I,en.wikipedia.org,WIKIPEDIA_TIMELINE_SECONDARY,B,,,0,Wikipedia — Timeline of World War I,Added in V13 for school-corpus enrichment.,V13
SRC-0486,https://en.wikipedia.org/wiki/Outline_of_World_War_II,en.wikipedia.org,WIKIPEDIA_SECONDARY,B,,,0,Wikipedia — Outline of World War II,Added in V13 for school-corpus enrichment.,V13
SRC-0487,https://en.wikipedia.org/wiki/Timeline_of_the_Cold_War,en.wikipedia.org,WIKIPEDIA_TIMELINE_SECONDARY,B,,,0,Wikipedia — Timeline of the Cold War,Added in V13 for school-corpus enrichment.,V13
SRC-0488,https://en.wikipedia.org/wiki/Timeline_of_French_history,en.wikipedia.org,WIKIPEDIA_TIMELINE_SECONDARY,B,,,0,Wikipedia — Timeline of French history,Added in V13 for school-corpus enrichment.,V13
SRC-0489,https://en.wikipedia.org/wiki/Mayflower_Compact,en.wikipedia.org,WIKIPEDIA_SECONDARY,B,,,0,Wikipedia — Mayflower Compact,Added in V13 for school-corpus enrichment.,V13
SRC-0490,https://en.wikipedia.org/wiki/Battle_of_Manzikert,en.wikipedia.org,WIKIPEDIA_SECONDARY,B,,,0,Wikipedia — Battle of Manzikert,Added in V13 for school-corpus enrichment.,V13
SRC-0491,https://en.wikipedia.org/wiki/Treaty_of_Constantinople_(1832),en.wikipedia.org,WIKIPEDIA_SECONDARY,B,,,0,Wikipedia — Treaty of Constantinople (1832),Added in V13 for school-corpus enrichment.,V13
SRC-0492,https://guides.loc.gov/this-month-in-business-history/august/first-transatlantic-telegraph-cable,guides.loc.gov,INSTITUTIONAL_REFERENCE,A,,,0,Library of Congress — First Transatlantic Telegraph Cable,Added in V13 for school-corpus enrichment.,V13
SRC-0493,https://weimar.bundesarchiv.de/WEIMAR/DE/Content/Dokumente-zur-Zeitgeschichte/1924-08-16_dawes-plan.html,weimar.bundesarchiv.de,PRIMARY_OR_OFFICIAL,A,,,0,Bundesarchiv — Annahme des Dawes-Plans,Added in V13 for school-corpus enrichment.,V13
SRC-0494,https://en.wikipedia.org/wiki/Salt_March,en.wikipedia.org,WIKIPEDIA_SECONDARY,B,,,0,Wikipedia — Salt March,Added in V13 for school-corpus enrichment.,V13
SRC-0495,https://en.wikipedia.org/wiki/Saint_Petersburg,en.wikipedia.org,WIKIPEDIA_SECONDARY,B,,,0,Wikipedia — Saint Petersburg,Added in V13 for school-corpus enrichment.,V13
SRC-0496,https://en.wikipedia.org/wiki/Ferdinand_II_of_Aragon,en.wikipedia.org,WIKIPEDIA_SECONDARY,B,,,0,Wikipedia — Ferdinand II of Aragon,Added in V13 for school-corpus enrichment.,V13
SRC-0497,https://en.wikipedia.org/wiki/Gutenberg_Bible,en.wikipedia.org,WIKIPEDIA_SECONDARY,B,,,0,Wikipedia — Gutenberg Bible,Added in V13 for school-corpus enrichment.,V13
SRC-0498,https://fr.wikipedia.org/wiki/Pyramide_de_Kh%C3%A9ops,fr.wikipedia.org,WIKIPEDIA_SECONDARY,B,,,0,Wikipédia — Pyramide de Khéops,Added in V14 targeted quality audit.,V14
SRC-0499,https://fr.wikipedia.org/wiki/Code_de_Hammurabi,fr.wikipedia.org,WIKIPEDIA_SECONDARY,B,,,0,Wikipédia — Code de Hammurabi,Added in V14 targeted quality audit.,V14
SRC-0500,https://en.wikipedia.org/wiki/Delian_League,en.wikipedia.org,WIKIPEDIA_SECONDARY,B,,,0,Wikipedia — Delian League,Added in V14 targeted quality audit.,V14
SRC-0501,https://fr.wikipedia.org/wiki/%C3%89dit_de_Milan,fr.wikipedia.org,WIKIPEDIA_SECONDARY,B,,,0,Wikipédia — Édit de Milan,Added in V14 targeted quality audit.,V14
SRC-0502,https://fr.wikipedia.org/wiki/Bataille_de_Vouill%C3%A9,fr.wikipedia.org,WIKIPEDIA_SECONDARY,B,,,0,Wikipédia — Bataille de Vouillé,Added in V14 targeted quality audit.,V14
SRC-0503,https://fr.wikipedia.org/wiki/Trait%C3%A9_de_Saint-Clair-sur-Epte,fr.wikipedia.org,WIKIPEDIA_SECONDARY,B,,,0,Wikipédia — Traité de Saint-Clair-sur-Epte,Added in V14 targeted quality audit.,V14
SRC-0504,https://fr.wikipedia.org/wiki/Glorieuse_R%C3%A9volution,fr.wikipedia.org,WIKIPEDIA_SECONDARY,B,,,0,Wikipédia — Glorieuse Révolution,Added in V14 targeted quality audit.,V14
SRC-0505,https://fr.wikipedia.org/wiki/Bible_de_Gutenberg,fr.wikipedia.org,WIKIPEDIA_SECONDARY,B,,,0,Wikipédia — Bible de Gutenberg,Added in V14 targeted quality audit.,V14
SRC-0506,https://en.wikipedia.org/wiki/Greek_War_of_Independence,en.wikipedia.org,WIKIPEDIA_SECONDARY,B,,,0,Wikipedia — Greek War of Independence,Added in V14 targeted quality audit.,V14
SRC-0507,https://en.wikipedia.org/wiki/Slavery_Abolition_Act_1833,en.wikipedia.org,WIKIPEDIA_SECONDARY,B,,,0,Wikipedia — Slavery Abolition Act 1833,Added in V14 targeted quality audit.,V14
SRC-0508,https://ials.sas.ac.uk/news-events/blogs/day-28-august-1833-abolition-slavery-act,ials.sas.ac.uk,INSTITUTIONAL_REFERENCE,A,,,0,Institute of Advanced Legal Studies — Slavery Abolition Act,Added in V14 targeted quality audit.,V14
SRC-0509,https://en.wikipedia.org/wiki/Transatlantic_telegraph_cable,en.wikipedia.org,WIKIPEDIA_SECONDARY,B,,,0,Wikipedia — Transatlantic telegraph cable,Added in V14 targeted quality audit.,V14
SRC-0510,https://en.wikipedia.org/wiki/Fashoda_Incident,en.wikipedia.org,WIKIPEDIA_SECONDARY,B,,,0,Wikipedia — Fashoda Incident,Added in V14 targeted quality audit.,V14
SRC-0511,https://en.wikipedia.org/wiki/Benito_Mussolini,en.wikipedia.org,WIKIPEDIA_SECONDARY,B,,,0,Wikipedia — Benito Mussolini,Added in V14 targeted quality audit.,V14
SRC-0512,https://en.wikipedia.org/wiki/Battle_of_Britain,en.wikipedia.org,WIKIPEDIA_SECONDARY,B,,,0,Wikipedia — Battle of Britain,Added in V14 targeted quality audit.,V14
SRC-0513,https://en.wikipedia.org/wiki/Soviet%E2%80%93Afghan_War,en.wikipedia.org,WIKIPEDIA_SECONDARY,B,,,0,Wikipedia — Soviet–Afghan War,Added in V14 targeted quality audit.,V14
SRC-0514,https://en.wikipedia.org/wiki/3100_BC,en.wikipedia.org,WIKIPEDIA_SECONDARY,B,,,1,Wikipedia — chronologie de l’année 3100 BC,V15: page annuelle/chronologique utilisée comme support secondaire de date. Audit page événement spécifique prévu ultérieurement.,V15
SRC-0515,https://en.wikipedia.org/wiki/2600_BC,en.wikipedia.org,WIKIPEDIA_SECONDARY,B,,,1,Wikipedia — chronologie de l’année 2600 BC,V15: page annuelle/chronologique utilisée comme support secondaire de date. Audit page événement spécifique prévu ultérieurement.,V15
SRC-0516,https://en.wikipedia.org/wiki/2334_BC,en.wikipedia.org,WIKIPEDIA_SECONDARY,B,,,1,Wikipedia — chronologie de l’année 2334 BC,V15: page annuelle/chronologique utilisée comme support secondaire de date. Audit page événement spécifique prévu ultérieurement.,V15
SRC-0517,https://en.wikipedia.org/wiki/1600_BC,en.wikipedia.org,WIKIPEDIA_SECONDARY,B,,,1,Wikipedia — chronologie de l’année 1600 BC,V15: page annuelle/chronologique utilisée comme support secondaire de date. Audit page événement spécifique prévu ultérieurement.,V15
SRC-0518,https://en.wikipedia.org/wiki/1274_BC,en.wikipedia.org,WIKIPEDIA_SECONDARY,B,,,1,Wikipedia — chronologie de l’année 1274 BC,V15: page annuelle/chronologique utilisée comme support secondaire de date. Audit page événement spécifique prévu ultérieurement.,V15
SRC-0519,https://en.wikipedia.org/wiki/1200_BC,en.wikipedia.org,WIKIPEDIA_SECONDARY,B,,,1,Wikipedia — chronologie de l’année 1200 BC,V15: page annuelle/chronologique utilisée comme support secondaire de date. Audit page événement spécifique prévu ultérieurement.,V15
SRC-0520,https://en.wikipedia.org/wiki/621_BC,en.wikipedia.org,WIKIPEDIA_SECONDARY,B,,,1,Wikipedia — chronologie de l’année 621 BC,V15: page annuelle/chronologique utilisée comme support secondaire de date. Audit page événement spécifique prévu ultérieurement.,V15
SRC-0521,https://en.wikipedia.org/wiki/594_BC,en.wikipedia.org,WIKIPEDIA_SECONDARY,B,,,1,Wikipedia — chronologie de l’année 594 BC,V15: page annuelle/chronologique utilisée comme support secondaire de date. Audit page événement spécifique prévu ultérieurement.,V15
SRC-0522,https://en.wikipedia.org/wiki/480_BC,en.wikipedia.org,WIKIPEDIA_SECONDARY,B,,,1,Wikipedia — chronologie de l’année 480 BC,V15: page annuelle/chronologique utilisée comme support secondaire de date. Audit page événement spécifique prévu ultérieurement.,V15
SRC-0523,https://en.wikipedia.org/wiki/404_BC,en.wikipedia.org,WIKIPEDIA_SECONDARY,B,,,1,Wikipedia — chronologie de l’année 404 BC,V15: page annuelle/chronologique utilisée comme support secondaire de date. Audit page événement spécifique prévu ultérieurement.,V15
SRC-0524,https://en.wikipedia.org/wiki/338_BC,en.wikipedia.org,WIKIPEDIA_SECONDARY,B,,,1,Wikipedia — chronologie de l’année 338 BC,V15: page annuelle/chronologique utilisée comme support secondaire de date. Audit page événement spécifique prévu ultérieurement.,V15
SRC-0525,https://en.wikipedia.org/wiki/334_BC,en.wikipedia.org,WIKIPEDIA_SECONDARY,B,,,1,Wikipedia — chronologie de l’année 334 BC,V15: page annuelle/chronologique utilisée comme support secondaire de date. Audit page événement spécifique prévu ultérieurement.,V15
SRC-0526,https://en.wikipedia.org/wiki/218_BC,en.wikipedia.org,WIKIPEDIA_SECONDARY,B,,,1,Wikipedia — chronologie de l’année 218 BC,V15: page annuelle/chronologique utilisée comme support secondaire de date. Audit page événement spécifique prévu ultérieurement.,V15
SRC-0527,https://en.wikipedia.org/wiki/216_BC,en.wikipedia.org,WIKIPEDIA_SECONDARY,B,,,1,Wikipedia — chronologie de l’année 216 BC,V15: page annuelle/chronologique utilisée comme support secondaire de date. Audit page événement spécifique prévu ultérieurement.,V15
SRC-0528,https://en.wikipedia.org/wiki/202_BC,en.wikipedia.org,WIKIPEDIA_SECONDARY,B,,,1,Wikipedia — chronologie de l’année 202 BC,V15: page annuelle/chronologique utilisée comme support secondaire de date. Audit page événement spécifique prévu ultérieurement.,V15
SRC-0529,https://en.wikipedia.org/wiki/73_BC,en.wikipedia.org,WIKIPEDIA_SECONDARY,B,,,1,Wikipedia — chronologie de l’année 73 BC,V15: page annuelle/chronologique utilisée comme support secondaire de date. Audit page événement spécifique prévu ultérieurement.,V15
SRC-0530,https://en.wikipedia.org/wiki/9,en.wikipedia.org,WIKIPEDIA_SECONDARY,B,,,1,Wikipedia — chronologie de l’année 9,V15: page annuelle/chronologique utilisée comme support secondaire de date. Audit page événement spécifique prévu ultérieurement.,V15
SRC-0531,https://en.wikipedia.org/wiki/64,en.wikipedia.org,WIKIPEDIA_SECONDARY,B,,,1,Wikipedia — chronologie de l’année 64,V15: page annuelle/chronologique utilisée comme support secondaire de date. Audit page événement spécifique prévu ultérieurement.,V15
SRC-0532,https://en.wikipedia.org/wiki/79,en.wikipedia.org,WIKIPEDIA_SECONDARY,B,,,1,Wikipedia — chronologie de l’année 79,V15: page annuelle/chronologique utilisée comme support secondaire de date. Audit page événement spécifique prévu ultérieurement.,V15
SRC-0533,https://en.wikipedia.org/wiki/117,en.wikipedia.org,WIKIPEDIA_SECONDARY,B,,,1,Wikipedia — chronologie de l’année 117,V15: page annuelle/chronologique utilisée comme support secondaire de date. Audit page événement spécifique prévu ultérieurement.,V15
SRC-0534,https://en.wikipedia.org/wiki/212,en.wikipedia.org,WIKIPEDIA_SECONDARY,B,,,2,Wikipedia — chronologie de l’année 212,V15: page annuelle/chronologique utilisée comme support secondaire de date. Audit page événement spécifique prévu ultérieurement.,V15
SRC-0535,https://en.wikipedia.org/wiki/235,en.wikipedia.org,WIKIPEDIA_SECONDARY,B,,,1,Wikipedia — chronologie de l’année 235,V15: page annuelle/chronologique utilisée comme support secondaire de date. Audit page événement spécifique prévu ultérieurement.,V15
SRC-0536,https://en.wikipedia.org/wiki/284,en.wikipedia.org,WIKIPEDIA_SECONDARY,B,,,1,Wikipedia — chronologie de l’année 284,V15: page annuelle/chronologique utilisée comme support secondaire de date. Audit page événement spécifique prévu ultérieurement.,V15
SRC-0537,https://en.wikipedia.org/wiki/293,en.wikipedia.org,WIKIPEDIA_SECONDARY,B,,,1,Wikipedia — chronologie de l’année 293,V15: page annuelle/chronologique utilisée comme support secondaire de date. Audit page événement spécifique prévu ultérieurement.,V15
SRC-0538,https://en.wikipedia.org/wiki/312,en.wikipedia.org,WIKIPEDIA_SECONDARY,B,,,1,Wikipedia — chronologie de l’année 312,V15: page annuelle/chronologique utilisée comme support secondaire de date. Audit page événement spécifique prévu ultérieurement.,V15
SRC-0539,https://en.wikipedia.org/wiki/395,en.wikipedia.org,WIKIPEDIA_SECONDARY,B,,,1,Wikipedia — chronologie de l’année 395,V15: page annuelle/chronologique utilisée comme support secondaire de date. Audit page événement spécifique prévu ultérieurement.,V15
SRC-0540,https://en.wikipedia.org/wiki/451,en.wikipedia.org,WIKIPEDIA_SECONDARY,B,,,1,Wikipedia — chronologie de l’année 451,V15: page annuelle/chronologique utilisée comme support secondaire de date. Audit page événement spécifique prévu ultérieurement.,V15
SRC-0541,https://en.wikipedia.org/wiki/455,en.wikipedia.org,WIKIPEDIA_SECONDARY,B,,,1,Wikipedia — chronologie de l’année 455,V15: page annuelle/chronologique utilisée comme support secondaire de date. Audit page événement spécifique prévu ultérieurement.,V15
SRC-0542,https://en.wikipedia.org/wiki/532,en.wikipedia.org,WIKIPEDIA_SECONDARY,B,,,1,Wikipedia — chronologie de l’année 532,V15: page annuelle/chronologique utilisée comme support secondaire de date. Audit page événement spécifique prévu ultérieurement.,V15
SRC-0543,https://en.wikipedia.org/wiki/537,en.wikipedia.org,WIKIPEDIA_SECONDARY,B,,,1,Wikipedia — chronologie de l’année 537,V15: page annuelle/chronologique utilisée comme support secondaire de date. Audit page événement spécifique prévu ultérieurement.,V15
SRC-0544,https://en.wikipedia.org/wiki/541,en.wikipedia.org,WIKIPEDIA_SECONDARY,B,,,1,Wikipedia — chronologie de l’année 541,V15: page annuelle/chronologique utilisée comme support secondaire de date. Audit page événement spécifique prévu ultérieurement.,V15
SRC-0545,https://en.wikipedia.org/wiki/570,en.wikipedia.org,WIKIPEDIA_SECONDARY,B,,,1,Wikipedia — chronologie de l’année 570,V15: page annuelle/chronologique utilisée comme support secondaire de date. Audit page événement spécifique prévu ultérieurement.,V15
SRC-0546,https://en.wikipedia.org/wiki/632,en.wikipedia.org,WIKIPEDIA_SECONDARY,B,,,1,Wikipedia — chronologie de l’année 632,V15: page annuelle/chronologique utilisée comme support secondaire de date. Audit page événement spécifique prévu ultérieurement.,V15
SRC-0547,https://en.wikipedia.org/wiki/636,en.wikipedia.org,WIKIPEDIA_SECONDARY,B,,,1,Wikipedia — chronologie de l’année 636,V15: page annuelle/chronologique utilisée comme support secondaire de date. Audit page événement spécifique prévu ultérieurement.,V15
SRC-0548,https://en.wikipedia.org/wiki/661,en.wikipedia.org,WIKIPEDIA_SECONDARY,B,,,1,Wikipedia — chronologie de l’année 661,V15: page annuelle/chronologique utilisée comme support secondaire de date. Audit page événement spécifique prévu ultérieurement.,V15
SRC-0549,https://en.wikipedia.org/wiki/711,en.wikipedia.org,WIKIPEDIA_SECONDARY,B,,,1,Wikipedia — chronologie de l’année 711,V15: page annuelle/chronologique utilisée comme support secondaire de date. Audit page événement spécifique prévu ultérieurement.,V15
SRC-0550,https://en.wikipedia.org/wiki/750,en.wikipedia.org,WIKIPEDIA_SECONDARY,B,,,1,Wikipedia — chronologie de l’année 750,V15: page annuelle/chronologique utilisée comme support secondaire de date. Audit page événement spécifique prévu ultérieurement.,V15
SRC-0551,https://en.wikipedia.org/wiki/762,en.wikipedia.org,WIKIPEDIA_SECONDARY,B,,,1,Wikipedia — chronologie de l’année 762,V15: page annuelle/chronologique utilisée comme support secondaire de date. Audit page événement spécifique prévu ultérieurement.,V15
SRC-0552,https://en.wikipedia.org/wiki/793,en.wikipedia.org,WIKIPEDIA_SECONDARY,B,,,1,Wikipedia — chronologie de l’année 793,V15: page annuelle/chronologique utilisée comme support secondaire de date. Audit page événement spécifique prévu ultérieurement.,V15
SRC-0553,https://en.wikipedia.org/wiki/878,en.wikipedia.org,WIKIPEDIA_SECONDARY,B,,,1,Wikipedia — chronologie de l’année 878,V15: page annuelle/chronologique utilisée comme support secondaire de date. Audit page événement spécifique prévu ultérieurement.,V15
SRC-0554,https://en.wikipedia.org/wiki/1000,en.wikipedia.org,WIKIPEDIA_SECONDARY,B,,,1,Wikipedia — chronologie de l’année 1000,V15: page annuelle/chronologique utilisée comme support secondaire de date. Audit page événement spécifique prévu ultérieurement.,V15
SRC-0555,https://en.wikipedia.org/wiki/1066,en.wikipedia.org,WIKIPEDIA_SECONDARY,B,,,1,Wikipedia — chronologie de l’année 1066,V15: page annuelle/chronologique utilisée comme support secondaire de date. Audit page événement spécifique prévu ultérieurement.,V15
SRC-0556,https://en.wikipedia.org/wiki/1122,en.wikipedia.org,WIKIPEDIA_SECONDARY,B,,,1,Wikipedia — chronologie de l’année 1122,V15: page annuelle/chronologique utilisée comme support secondaire de date. Audit page événement spécifique prévu ultérieurement.,V15
SRC-0557,https://en.wikipedia.org/wiki/1154,en.wikipedia.org,WIKIPEDIA_SECONDARY,B,,,1,Wikipedia — chronologie de l’année 1154,V15: page annuelle/chronologique utilisée comme support secondaire de date. Audit page événement spécifique prévu ultérieurement.,V15
SRC-0558,https://en.wikipedia.org/wiki/1170,en.wikipedia.org,WIKIPEDIA_SECONDARY,B,,,1,Wikipedia — chronologie de l’année 1170,V15: page annuelle/chronologique utilisée comme support secondaire de date. Audit page événement spécifique prévu ultérieurement.,V15
SRC-0559,https://en.wikipedia.org/wiki/1187,en.wikipedia.org,WIKIPEDIA_SECONDARY,B,,,2,Wikipedia — chronologie de l’année 1187,V15: page annuelle/chronologique utilisée comme support secondaire de date. Audit page événement spécifique prévu ultérieurement.,V15
SRC-0560,https://en.wikipedia.org/wiki/1192,en.wikipedia.org,WIKIPEDIA_SECONDARY,B,,,1,Wikipedia — chronologie de l’année 1192,V15: page annuelle/chronologique utilisée comme support secondaire de date. Audit page événement spécifique prévu ultérieurement.,V15
SRC-0561,https://en.wikipedia.org/wiki/1227,en.wikipedia.org,WIKIPEDIA_SECONDARY,B,,,1,Wikipedia — chronologie de l’année 1227,V15: page annuelle/chronologique utilisée comme support secondaire de date. Audit page événement spécifique prévu ultérieurement.,V15
SRC-0562,https://en.wikipedia.org/wiki/1241,en.wikipedia.org,WIKIPEDIA_SECONDARY,B,,,1,Wikipedia — chronologie de l’année 1241,V15: page annuelle/chronologique utilisée comme support secondaire de date. Audit page événement spécifique prévu ultérieurement.,V15
SRC-0563,https://en.wikipedia.org/wiki/1250,en.wikipedia.org,WIKIPEDIA_SECONDARY,B,,,1,Wikipedia — chronologie de l’année 1250,V15: page annuelle/chronologique utilisée comme support secondaire de date. Audit page événement spécifique prévu ultérieurement.,V15
SRC-0564,https://en.wikipedia.org/wiki/1265,en.wikipedia.org,WIKIPEDIA_SECONDARY,B,,,1,Wikipedia — chronologie de l’année 1265,V15: page annuelle/chronologique utilisée comme support secondaire de date. Audit page événement spécifique prévu ultérieurement.,V15
SRC-0565,https://en.wikipedia.org/wiki/1291,en.wikipedia.org,WIKIPEDIA_SECONDARY,B,,,1,Wikipedia — chronologie de l’année 1291,V15: page annuelle/chronologique utilisée comme support secondaire de date. Audit page événement spécifique prévu ultérieurement.,V15
SRC-0566,https://en.wikipedia.org/wiki/1302,en.wikipedia.org,WIKIPEDIA_SECONDARY,B,,,1,Wikipedia — chronologie de l’année 1302,V15: page annuelle/chronologique utilisée comme support secondaire de date. Audit page événement spécifique prévu ultérieurement.,V15
SRC-0567,https://en.wikipedia.org/wiki/1305,en.wikipedia.org,WIKIPEDIA_SECONDARY,B,,,1,Wikipedia — chronologie de l’année 1305,V15: page annuelle/chronologique utilisée comme support secondaire de date. Audit page événement spécifique prévu ultérieurement.,V15
SRC-0568,https://en.wikipedia.org/wiki/1307,en.wikipedia.org,WIKIPEDIA_SECONDARY,B,,,1,Wikipedia — chronologie de l’année 1307,V15: page annuelle/chronologique utilisée comme support secondaire de date. Audit page événement spécifique prévu ultérieurement.,V15
SRC-0569,https://en.wikipedia.org/wiki/1309,en.wikipedia.org,WIKIPEDIA_SECONDARY,B,,,1,Wikipedia — chronologie de l’année 1309,V15: page annuelle/chronologique utilisée comme support secondaire de date. Audit page événement spécifique prévu ultérieurement.,V15
SRC-0570,https://en.wikipedia.org/wiki/1314,en.wikipedia.org,WIKIPEDIA_SECONDARY,B,,,1,Wikipedia — chronologie de l’année 1314,V15: page annuelle/chronologique utilisée comme support secondaire de date. Audit page événement spécifique prévu ultérieurement.,V15
SRC-0571,https://en.wikipedia.org/wiki/1320,en.wikipedia.org,WIKIPEDIA_SECONDARY,B,,,1,Wikipedia — chronologie de l’année 1320,V15: page annuelle/chronologique utilisée comme support secondaire de date. Audit page événement spécifique prévu ultérieurement.,V15
SRC-0572,https://en.wikipedia.org/wiki/1347,en.wikipedia.org,WIKIPEDIA_SECONDARY,B,,,1,Wikipedia — chronologie de l’année 1347,V15: page annuelle/chronologique utilisée comme support secondaire de date. Audit page événement spécifique prévu ultérieurement.,V15
SRC-0573,https://en.wikipedia.org/wiki/1381,en.wikipedia.org,WIKIPEDIA_SECONDARY,B,,,1,Wikipedia — chronologie de l’année 1381,V15: page annuelle/chronologique utilisée comme support secondaire de date. Audit page événement spécifique prévu ultérieurement.,V15
SRC-0574,https://en.wikipedia.org/wiki/1389,en.wikipedia.org,WIKIPEDIA_SECONDARY,B,,,1,Wikipedia — chronologie de l’année 1389,V15: page annuelle/chronologique utilisée comme support secondaire de date. Audit page événement spécifique prévu ultérieurement.,V15
SRC-0575,https://en.wikipedia.org/wiki/1415,en.wikipedia.org,WIKIPEDIA_SECONDARY,B,,,1,Wikipedia — chronologie de l’année 1415,V15: page annuelle/chronologique utilisée comme support secondaire de date. Audit page événement spécifique prévu ultérieurement.,V15
SRC-0576,https://en.wikipedia.org/wiki/1485,en.wikipedia.org,WIKIPEDIA_SECONDARY,B,,,1,Wikipedia — chronologie de l’année 1485,V15: page annuelle/chronologique utilisée comme support secondaire de date. Audit page événement spécifique prévu ultérieurement.,V15
SRC-0577,https://en.wikipedia.org/wiki/1500,en.wikipedia.org,WIKIPEDIA_SECONDARY,B,,,1,Wikipedia — chronologie de l’année 1500,V15: page annuelle/chronologique utilisée comme support secondaire de date. Audit page événement spécifique prévu ultérieurement.,V15
SRC-0578,https://en.wikipedia.org/wiki/1501,en.wikipedia.org,WIKIPEDIA_SECONDARY,B,,,2,Wikipedia — chronologie de l’année 1501,V15: page annuelle/chronologique utilisée comme support secondaire de date. Audit page événement spécifique prévu ultérieurement.,V15
SRC-0579,https://en.wikipedia.org/wiki/1509,en.wikipedia.org,WIKIPEDIA_SECONDARY,B,,,1,Wikipedia — chronologie de l’année 1509,V15: page annuelle/chronologique utilisée comme support secondaire de date. Audit page événement spécifique prévu ultérieurement.,V15
SRC-0580,https://en.wikipedia.org/wiki/1513,en.wikipedia.org,WIKIPEDIA_SECONDARY,B,,,2,Wikipedia — chronologie de l’année 1513,V15: page annuelle/chronologique utilisée comme support secondaire de date. Audit page événement spécifique prévu ultérieurement.,V15
SRC-0581,https://en.wikipedia.org/wiki/1519,en.wikipedia.org,WIKIPEDIA_SECONDARY,B,,,1,Wikipedia — chronologie de l’année 1519,V15: page annuelle/chronologique utilisée comme support secondaire de date. Audit page événement spécifique prévu ultérieurement.,V15
SRC-0582,https://en.wikipedia.org/wiki/1521,en.wikipedia.org,WIKIPEDIA_SECONDARY,B,,,1,Wikipedia — chronologie de l’année 1521,V15: page annuelle/chronologique utilisée comme support secondaire de date. Audit page événement spécifique prévu ultérieurement.,V15
SRC-0583,https://en.wikipedia.org/wiki/1524,en.wikipedia.org,WIKIPEDIA_SECONDARY,B,,,1,Wikipedia — chronologie de l’année 1524,V15: page annuelle/chronologique utilisée comme support secondaire de date. Audit page événement spécifique prévu ultérieurement.,V15
SRC-0584,https://en.wikipedia.org/wiki/1526,en.wikipedia.org,WIKIPEDIA_SECONDARY,B,,,2,Wikipedia — chronologie de l’année 1526,V15: page annuelle/chronologique utilisée comme support secondaire de date. Audit page événement spécifique prévu ultérieurement.,V15
SRC-0585,https://en.wikipedia.org/wiki/1527,en.wikipedia.org,WIKIPEDIA_SECONDARY,B,,,1,Wikipedia — chronologie de l’année 1527,V15: page annuelle/chronologique utilisée comme support secondaire de date. Audit page événement spécifique prévu ultérieurement.,V15
SRC-0586,https://en.wikipedia.org/wiki/1534,en.wikipedia.org,WIKIPEDIA_SECONDARY,B,,,2,Wikipedia — chronologie de l’année 1534,V15: page annuelle/chronologique utilisée comme support secondaire de date. Audit page événement spécifique prévu ultérieurement.,V15
SRC-0587,https://en.wikipedia.org/wiki/1536,en.wikipedia.org,WIKIPEDIA_SECONDARY,B,,,1,Wikipedia — chronologie de l’année 1536,V15: page annuelle/chronologique utilisée comme support secondaire de date. Audit page événement spécifique prévu ultérieurement.,V15
SRC-0588,https://en.wikipedia.org/wiki/1558,en.wikipedia.org,WIKIPEDIA_SECONDARY,B,,,1,Wikipedia — chronologie de l’année 1558,V15: page annuelle/chronologique utilisée comme support secondaire de date. Audit page événement spécifique prévu ultérieurement.,V15
SRC-0589,https://en.wikipedia.org/wiki/1562,en.wikipedia.org,WIKIPEDIA_SECONDARY,B,,,1,Wikipedia — chronologie de l’année 1562,V15: page annuelle/chronologique utilisée comme support secondaire de date. Audit page événement spécifique prévu ultérieurement.,V15
SRC-0590,https://en.wikipedia.org/wiki/1565,en.wikipedia.org,WIKIPEDIA_SECONDARY,B,,,1,Wikipedia — chronologie de l’année 1565,V15: page annuelle/chronologique utilisée comme support secondaire de date. Audit page événement spécifique prévu ultérieurement.,V15
SRC-0591,https://en.wikipedia.org/wiki/1571,en.wikipedia.org,WIKIPEDIA_SECONDARY,B,,,1,Wikipedia — chronologie de l’année 1571,V15: page annuelle/chronologique utilisée comme support secondaire de date. Audit page événement spécifique prévu ultérieurement.,V15
SRC-0592,https://en.wikipedia.org/wiki/1582,en.wikipedia.org,WIKIPEDIA_SECONDARY,B,,,1,Wikipedia — chronologie de l’année 1582,V15: page annuelle/chronologique utilisée comme support secondaire de date. Audit page événement spécifique prévu ultérieurement.,V15
SRC-0593,https://en.wikipedia.org/wiki/1587,en.wikipedia.org,WIKIPEDIA_SECONDARY,B,,,1,Wikipedia — chronologie de l’année 1587,V15: page annuelle/chronologique utilisée comme support secondaire de date. Audit page événement spécifique prévu ultérieurement.,V15
SRC-0594,https://en.wikipedia.org/wiki/1588,en.wikipedia.org,WIKIPEDIA_SECONDARY,B,,,1,Wikipedia — chronologie de l’année 1588,V15: page annuelle/chronologique utilisée comme support secondaire de date. Audit page événement spécifique prévu ultérieurement.,V15
SRC-0595,https://en.wikipedia.org/wiki/1600,en.wikipedia.org,WIKIPEDIA_SECONDARY,B,,,1,Wikipedia — chronologie de l’année 1600,V15: page annuelle/chronologique utilisée comme support secondaire de date. Audit page événement spécifique prévu ultérieurement.,V15
SRC-0596,https://en.wikipedia.org/wiki/1602,en.wikipedia.org,WIKIPEDIA_SECONDARY,B,,,1,Wikipedia — chronologie de l’année 1602,V15: page annuelle/chronologique utilisée comme support secondaire de date. Audit page événement spécifique prévu ultérieurement.,V15
SRC-0597,https://en.wikipedia.org/wiki/1603,en.wikipedia.org,WIKIPEDIA_SECONDARY,B,,,1,Wikipedia — chronologie de l’année 1603,V15: page annuelle/chronologique utilisée comme support secondaire de date. Audit page événement spécifique prévu ultérieurement.,V15
SRC-0598,https://en.wikipedia.org/wiki/1605,en.wikipedia.org,WIKIPEDIA_SECONDARY,B,,,3,Wikipedia — chronologie de l’année 1605,V15: page annuelle/chronologique utilisée comme support secondaire de date. Audit page événement spécifique prévu ultérieurement.,V15
SRC-0599,https://en.wikipedia.org/wiki/1608,en.wikipedia.org,WIKIPEDIA_SECONDARY,B,,,1,Wikipedia — chronologie de l’année 1608,V15: page annuelle/chronologique utilisée comme support secondaire de date. Audit page événement spécifique prévu ultérieurement.,V15
SRC-0600,https://en.wikipedia.org/wiki/1609,en.wikipedia.org,WIKIPEDIA_SECONDARY,B,,,1,Wikipedia — chronologie de l’année 1609,V15: page annuelle/chronologique utilisée comme support secondaire de date. Audit page événement spécifique prévu ultérieurement.,V15
SRC-0601,https://en.wikipedia.org/wiki/1610,en.wikipedia.org,WIKIPEDIA_SECONDARY,B,,,1,Wikipedia — chronologie de l’année 1610,V15: page annuelle/chronologique utilisée comme support secondaire de date. Audit page événement spécifique prévu ultérieurement.,V15
SRC-0602,https://en.wikipedia.org/wiki/1618,en.wikipedia.org,WIKIPEDIA_SECONDARY,B,,,1,Wikipedia — chronologie de l’année 1618,V15: page annuelle/chronologique utilisée comme support secondaire de date. Audit page événement spécifique prévu ultérieurement.,V15
SRC-0603,https://en.wikipedia.org/wiki/1628,en.wikipedia.org,WIKIPEDIA_SECONDARY,B,,,2,Wikipedia — chronologie de l’année 1628,V15: page annuelle/chronologique utilisée comme support secondaire de date. Audit page événement spécifique prévu ultérieurement.,V15
SRC-0604,https://en.wikipedia.org/wiki/1632,en.wikipedia.org,WIKIPEDIA_SECONDARY,B,,,1,Wikipedia — chronologie de l’année 1632,V15: page annuelle/chronologique utilisée comme support secondaire de date. Audit page événement spécifique prévu ultérieurement.,V15
SRC-0605,https://en.wikipedia.org/wiki/1637,en.wikipedia.org,WIKIPEDIA_SECONDARY,B,,,1,Wikipedia — chronologie de l’année 1637,V15: page annuelle/chronologique utilisée comme support secondaire de date. Audit page événement spécifique prévu ultérieurement.,V15
SRC-0606,https://en.wikipedia.org/wiki/1651,en.wikipedia.org,WIKIPEDIA_SECONDARY,B,,,1,Wikipedia — chronologie de l’année 1651,V15: page annuelle/chronologique utilisée comme support secondaire de date. Audit page événement spécifique prévu ultérieurement.,V15
SRC-0607,https://en.wikipedia.org/wiki/1653,en.wikipedia.org,WIKIPEDIA_SECONDARY,B,,,1,Wikipedia — chronologie de l’année 1653,V15: page annuelle/chronologique utilisée comme support secondaire de date. Audit page événement spécifique prévu ultérieurement.,V15
SRC-0608,https://en.wikipedia.org/wiki/1660,en.wikipedia.org,WIKIPEDIA_SECONDARY,B,,,1,Wikipedia — chronologie de l’année 1660,V15: page annuelle/chronologique utilisée comme support secondaire de date. Audit page événement spécifique prévu ultérieurement.,V15
SRC-0609,https://en.wikipedia.org/wiki/1665,en.wikipedia.org,WIKIPEDIA_SECONDARY,B,,,2,Wikipedia — chronologie de l’année 1665,V15: page annuelle/chronologique utilisée comme support secondaire de date. Audit page événement spécifique prévu ultérieurement.,V15
SRC-0610,https://en.wikipedia.org/wiki/1666,en.wikipedia.org,WIKIPEDIA_SECONDARY,B,,,1,Wikipedia — chronologie de l’année 1666,V15: page annuelle/chronologique utilisée comme support secondaire de date. Audit page événement spécifique prévu ultérieurement.,V15
SRC-0611,https://en.wikipedia.org/wiki/1676,en.wikipedia.org,WIKIPEDIA_SECONDARY,B,,,1,Wikipedia — chronologie de l’année 1676,V15: page annuelle/chronologique utilisée comme support secondaire de date. Audit page événement spécifique prévu ultérieurement.,V15
SRC-0612,https://en.wikipedia.org/wiki/1690,en.wikipedia.org,WIKIPEDIA_SECONDARY,B,,,1,Wikipedia — chronologie de l’année 1690,V15: page annuelle/chronologique utilisée comme support secondaire de date. Audit page événement spécifique prévu ultérieurement.,V15
SRC-0613,https://en.wikipedia.org/wiki/1694,en.wikipedia.org,WIKIPEDIA_SECONDARY,B,,,1,Wikipedia — chronologie de l’année 1694,V15: page annuelle/chronologique utilisée comme support secondaire de date. Audit page événement spécifique prévu ultérieurement.,V15
SRC-0614,https://en.wikipedia.org/wiki/1701,en.wikipedia.org,WIKIPEDIA_SECONDARY,B,,,1,Wikipedia — chronologie de l’année 1701,V15: page annuelle/chronologique utilisée comme support secondaire de date. Audit page événement spécifique prévu ultérieurement.,V15
SRC-0615,https://en.wikipedia.org/wiki/1707,en.wikipedia.org,WIKIPEDIA_SECONDARY,B,,,1,Wikipedia — chronologie de l’année 1707,V15: page annuelle/chronologique utilisée comme support secondaire de date. Audit page événement spécifique prévu ultérieurement.,V15
SRC-0616,https://en.wikipedia.org/wiki/1713,en.wikipedia.org,WIKIPEDIA_SECONDARY,B,,,1,Wikipedia — chronologie de l’année 1713,V15: page annuelle/chronologique utilisée comme support secondaire de date. Audit page événement spécifique prévu ultérieurement.,V15
SRC-0617,https://en.wikipedia.org/wiki/1721,en.wikipedia.org,WIKIPEDIA_SECONDARY,B,,,2,Wikipedia — chronologie de l’année 1721,V15: page annuelle/chronologique utilisée comme support secondaire de date. Audit page événement spécifique prévu ultérieurement.,V15
SRC-0618,https://en.wikipedia.org/wiki/1735,en.wikipedia.org,WIKIPEDIA_SECONDARY,B,,,1,Wikipedia — chronologie de l’année 1735,V15: page annuelle/chronologique utilisée comme support secondaire de date. Audit page événement spécifique prévu ultérieurement.,V15
SRC-0619,https://en.wikipedia.org/wiki/1740,en.wikipedia.org,WIKIPEDIA_SECONDARY,B,,,2,Wikipedia — chronologie de l’année 1740,V15: page annuelle/chronologique utilisée comme support secondaire de date. Audit page événement spécifique prévu ultérieurement.,V15
SRC-0620,https://en.wikipedia.org/wiki/1748,en.wikipedia.org,WIKIPEDIA_SECONDARY,B,,,1,Wikipedia — chronologie de l’année 1748,V15: page annuelle/chronologique utilisée comme support secondaire de date. Audit page événement spécifique prévu ultérieurement.,V15
SRC-0621,https://en.wikipedia.org/wiki/1752,en.wikipedia.org,WIKIPEDIA_SECONDARY,B,,,1,Wikipedia — chronologie de l’année 1752,V15: page annuelle/chronologique utilisée comme support secondaire de date. Audit page événement spécifique prévu ultérieurement.,V15
SRC-0622,https://en.wikipedia.org/wiki/1755,en.wikipedia.org,WIKIPEDIA_SECONDARY,B,,,1,Wikipedia — chronologie de l’année 1755,V15: page annuelle/chronologique utilisée comme support secondaire de date. Audit page événement spécifique prévu ultérieurement.,V15
SRC-0623,https://en.wikipedia.org/wiki/1759,en.wikipedia.org,WIKIPEDIA_SECONDARY,B,,,1,Wikipedia — chronologie de l’année 1759,V15: page annuelle/chronologique utilisée comme support secondaire de date. Audit page événement spécifique prévu ultérieurement.,V15
SRC-0624,https://en.wikipedia.org/wiki/1763,en.wikipedia.org,WIKIPEDIA_SECONDARY,B,,,1,Wikipedia — chronologie de l’année 1763,V15: page annuelle/chronologique utilisée comme support secondaire de date. Audit page événement spécifique prévu ultérieurement.,V15
SRC-0625,https://en.wikipedia.org/wiki/1764,en.wikipedia.org,WIKIPEDIA_SECONDARY,B,,,1,Wikipedia — chronologie de l’année 1764,V15: page annuelle/chronologique utilisée comme support secondaire de date. Audit page événement spécifique prévu ultérieurement.,V15
SRC-0626,https://en.wikipedia.org/wiki/1765,en.wikipedia.org,WIKIPEDIA_SECONDARY,B,,,2,Wikipedia — chronologie de l’année 1765,V15: page annuelle/chronologique utilisée comme support secondaire de date. Audit page événement spécifique prévu ultérieurement.,V15
SRC-0627,https://en.wikipedia.org/wiki/1769,en.wikipedia.org,WIKIPEDIA_SECONDARY,B,,,1,Wikipedia — chronologie de l’année 1769,V15: page annuelle/chronologique utilisée comme support secondaire de date. Audit page événement spécifique prévu ultérieurement.,V15
SRC-0628,https://en.wikipedia.org/wiki/1770,en.wikipedia.org,WIKIPEDIA_SECONDARY,B,,,1,Wikipedia — chronologie de l’année 1770,V15: page annuelle/chronologique utilisée comme support secondaire de date. Audit page événement spécifique prévu ultérieurement.,V15
SRC-0629,https://en.wikipedia.org/wiki/1774,en.wikipedia.org,WIKIPEDIA_SECONDARY,B,,,1,Wikipedia — chronologie de l’année 1774,V15: page annuelle/chronologique utilisée comme support secondaire de date. Audit page événement spécifique prévu ultérieurement.,V15
SRC-0630,https://en.wikipedia.org/wiki/1775,en.wikipedia.org,WIKIPEDIA_SECONDARY,B,,,1,Wikipedia — chronologie de l’année 1775,V15: page annuelle/chronologique utilisée comme support secondaire de date. Audit page événement spécifique prévu ultérieurement.,V15
SRC-0631,https://en.wikipedia.org/wiki/1776,en.wikipedia.org,WIKIPEDIA_SECONDARY,B,,,1,Wikipedia — chronologie de l’année 1776,V15: page annuelle/chronologique utilisée comme support secondaire de date. Audit page événement spécifique prévu ultérieurement.,V15
SRC-0632,https://en.wikipedia.org/wiki/1781,en.wikipedia.org,WIKIPEDIA_SECONDARY,B,,,2,Wikipedia — chronologie de l’année 1781,V15: page annuelle/chronologique utilisée comme support secondaire de date. Audit page événement spécifique prévu ultérieurement.,V15
SRC-0633,https://en.wikipedia.org/wiki/1783,en.wikipedia.org,WIKIPEDIA_SECONDARY,B,,,2,Wikipedia — chronologie de l’année 1783,V15: page annuelle/chronologique utilisée comme support secondaire de date. Audit page événement spécifique prévu ultérieurement.,V15
SRC-0634,https://en.wikipedia.org/wiki/1788,en.wikipedia.org,WIKIPEDIA_SECONDARY,B,,,1,Wikipedia — chronologie de l’année 1788,V15: page annuelle/chronologique utilisée comme support secondaire de date. Audit page événement spécifique prévu ultérieurement.,V15
SRC-0635,https://en.wikipedia.org/wiki/1789,en.wikipedia.org,WIKIPEDIA_SECONDARY,B,,,1,Wikipedia — chronologie de l’année 1789,V15: page annuelle/chronologique utilisée comme support secondaire de date. Audit page événement spécifique prévu ultérieurement.,V15
SRC-0636,https://en.wikipedia.org/wiki/1791,en.wikipedia.org,WIKIPEDIA_SECONDARY,B,,,2,Wikipedia — chronologie de l’année 1791,V15: page annuelle/chronologique utilisée comme support secondaire de date. Audit page événement spécifique prévu ultérieurement.,V15
SRC-0637,https://en.wikipedia.org/wiki/1793,en.wikipedia.org,WIKIPEDIA_SECONDARY,B,,,1,Wikipedia — chronologie de l’année 1793,V15: page annuelle/chronologique utilisée comme support secondaire de date. Audit page événement spécifique prévu ultérieurement.,V15
SRC-0638,https://en.wikipedia.org/wiki/1796,en.wikipedia.org,WIKIPEDIA_SECONDARY,B,,,2,Wikipedia — chronologie de l’année 1796,V15: page annuelle/chronologique utilisée comme support secondaire de date. Audit page événement spécifique prévu ultérieurement.,V15
SRC-0639,https://en.wikipedia.org/wiki/1798,en.wikipedia.org,WIKIPEDIA_SECONDARY,B,,,2,Wikipedia — chronologie de l’année 1798,V15: page annuelle/chronologique utilisée comme support secondaire de date. Audit page événement spécifique prévu ultérieurement.,V15
SRC-0640,https://en.wikipedia.org/wiki/1799,en.wikipedia.org,WIKIPEDIA_SECONDARY,B,,,1,Wikipedia — chronologie de l’année 1799,V15: page annuelle/chronologique utilisée comme support secondaire de date. Audit page événement spécifique prévu ultérieurement.,V15
SRC-0641,https://en.wikipedia.org/wiki/1801,en.wikipedia.org,WIKIPEDIA_SECONDARY,B,,,3,Wikipedia — chronologie de l’année 1801,V15: page annuelle/chronologique utilisée comme support secondaire de date. Audit page événement spécifique prévu ultérieurement.,V15
SRC-0642,https://en.wikipedia.org/wiki/1803,en.wikipedia.org,WIKIPEDIA_SECONDARY,B,,,1,Wikipedia — chronologie de l’année 1803,V15: page annuelle/chronologique utilisée comme support secondaire de date. Audit page événement spécifique prévu ultérieurement.,V15
SRC-0643,https://en.wikipedia.org/wiki/1804,en.wikipedia.org,WIKIPEDIA_SECONDARY,B,,,1,Wikipedia — chronologie de l’année 1804,V15: page annuelle/chronologique utilisée comme support secondaire de date. Audit page événement spécifique prévu ultérieurement.,V15
SRC-0644,https://en.wikipedia.org/wiki/1805,en.wikipedia.org,WIKIPEDIA_SECONDARY,B,,,1,Wikipedia — chronologie de l’année 1805,V15: page annuelle/chronologique utilisée comme support secondaire de date. Audit page événement spécifique prévu ultérieurement.,V15
SRC-0645,https://en.wikipedia.org/wiki/1806,en.wikipedia.org,WIKIPEDIA_SECONDARY,B,,,1,Wikipedia — chronologie de l’année 1806,V15: page annuelle/chronologique utilisée comme support secondaire de date. Audit page événement spécifique prévu ultérieurement.,V15
SRC-0646,https://en.wikipedia.org/wiki/1807,en.wikipedia.org,WIKIPEDIA_SECONDARY,B,,,1,Wikipedia — chronologie de l’année 1807,V15: page annuelle/chronologique utilisée comme support secondaire de date. Audit page événement spécifique prévu ultérieurement.,V15
SRC-0647,https://en.wikipedia.org/wiki/1808,en.wikipedia.org,WIKIPEDIA_SECONDARY,B,,,2,Wikipedia — chronologie de l’année 1808,V15: page annuelle/chronologique utilisée comme support secondaire de date. Audit page événement spécifique prévu ultérieurement.,V15
SRC-0648,https://en.wikipedia.org/wiki/1810,en.wikipedia.org,WIKIPEDIA_SECONDARY,B,,,2,Wikipedia — chronologie de l’année 1810,V15: page annuelle/chronologique utilisée comme support secondaire de date. Audit page événement spécifique prévu ultérieurement.,V15
SRC-0649,https://en.wikipedia.org/wiki/1812,en.wikipedia.org,WIKIPEDIA_SECONDARY,B,,,3,Wikipedia — chronologie de l’année 1812,V15: page annuelle/chronologique utilisée comme support secondaire de date. Audit page événement spécifique prévu ultérieurement.,V15
SRC-0650,https://en.wikipedia.org/wiki/1813,en.wikipedia.org,WIKIPEDIA_SECONDARY,B,,,1,Wikipedia — chronologie de l’année 1813,V15: page annuelle/chronologique utilisée comme support secondaire de date. Audit page événement spécifique prévu ultérieurement.,V15
SRC-0651,https://en.wikipedia.org/wiki/1816,en.wikipedia.org,WIKIPEDIA_SECONDARY,B,,,1,Wikipedia — chronologie de l’année 1816,V15: page annuelle/chronologique utilisée comme support secondaire de date. Audit page événement spécifique prévu ultérieurement.,V15
SRC-0652,https://en.wikipedia.org/wiki/1818,en.wikipedia.org,WIKIPEDIA_SECONDARY,B,,,1,Wikipedia — chronologie de l’année 1818,V15: page annuelle/chronologique utilisée comme support secondaire de date. Audit page événement spécifique prévu ultérieurement.,V15
SRC-0653,https://en.wikipedia.org/wiki/1819,en.wikipedia.org,WIKIPEDIA_SECONDARY,B,,,1,Wikipedia — chronologie de l’année 1819,V15: page annuelle/chronologique utilisée comme support secondaire de date. Audit page événement spécifique prévu ultérieurement.,V15
SRC-0654,https://en.wikipedia.org/wiki/1820,en.wikipedia.org,WIKIPEDIA_SECONDARY,B,,,1,Wikipedia — chronologie de l’année 1820,V15: page annuelle/chronologique utilisée comme support secondaire de date. Audit page événement spécifique prévu ultérieurement.,V15
SRC-0655,https://en.wikipedia.org/wiki/1821,en.wikipedia.org,WIKIPEDIA_SECONDARY,B,,,1,Wikipedia — chronologie de l’année 1821,V15: page annuelle/chronologique utilisée comme support secondaire de date. Audit page événement spécifique prévu ultérieurement.,V15
SRC-0656,https://en.wikipedia.org/wiki/1822,en.wikipedia.org,WIKIPEDIA_SECONDARY,B,,,2,Wikipedia — chronologie de l’année 1822,V15: page annuelle/chronologique utilisée comme support secondaire de date. Audit page événement spécifique prévu ultérieurement.,V15
SRC-0657,https://en.wikipedia.org/wiki/1823,en.wikipedia.org,WIKIPEDIA_SECONDARY,B,,,1,Wikipedia — chronologie de l’année 1823,V15: page annuelle/chronologique utilisée comme support secondaire de date. Audit page événement spécifique prévu ultérieurement.,V15
SRC-0658,https://en.wikipedia.org/wiki/1825,en.wikipedia.org,WIKIPEDIA_SECONDARY,B,,,1,Wikipedia — chronologie de l’année 1825,V15: page annuelle/chronologique utilisée comme support secondaire de date. Audit page événement spécifique prévu ultérieurement.,V15
SRC-0659,https://en.wikipedia.org/wiki/1826,en.wikipedia.org,WIKIPEDIA_SECONDARY,B,,,1,Wikipedia — chronologie de l’année 1826,V15: page annuelle/chronologique utilisée comme support secondaire de date. Audit page événement spécifique prévu ultérieurement.,V15
SRC-0660,https://en.wikipedia.org/wiki/1827,en.wikipedia.org,WIKIPEDIA_SECONDARY,B,,,1,Wikipedia — chronologie de l’année 1827,V15: page annuelle/chronologique utilisée comme support secondaire de date. Audit page événement spécifique prévu ultérieurement.,V15
SRC-0661,https://en.wikipedia.org/wiki/1829,en.wikipedia.org,WIKIPEDIA_SECONDARY,B,,,2,Wikipedia — chronologie de l’année 1829,V15: page annuelle/chronologique utilisée comme support secondaire de date. Audit page événement spécifique prévu ultérieurement.,V15
SRC-0662,https://en.wikipedia.org/wiki/1831,en.wikipedia.org,WIKIPEDIA_SECONDARY,B,,,2,Wikipedia — chronologie de l’année 1831,V15: page annuelle/chronologique utilisée comme support secondaire de date. Audit page événement spécifique prévu ultérieurement.,V15
SRC-0663,https://en.wikipedia.org/wiki/1837,en.wikipedia.org,WIKIPEDIA_SECONDARY,B,,,2,Wikipedia — chronologie de l’année 1837,V15: page annuelle/chronologique utilisée comme support secondaire de date. Audit page événement spécifique prévu ultérieurement.,V15
SRC-0664,https://en.wikipedia.org/wiki/1839,en.wikipedia.org,WIKIPEDIA_SECONDARY,B,,,2,Wikipedia — chronologie de l’année 1839,V15: page annuelle/chronologique utilisée comme support secondaire de date. Audit page événement spécifique prévu ultérieurement.,V15
SRC-0665,https://en.wikipedia.org/wiki/1840,en.wikipedia.org,WIKIPEDIA_SECONDARY,B,,,3,Wikipedia — chronologie de l’année 1840,V15: page annuelle/chronologique utilisée comme support secondaire de date. Audit page événement spécifique prévu ultérieurement.,V15
SRC-0666,https://en.wikipedia.org/wiki/1842,en.wikipedia.org,WIKIPEDIA_SECONDARY,B,,,1,Wikipedia — chronologie de l’année 1842,V15: page annuelle/chronologique utilisée comme support secondaire de date. Audit page événement spécifique prévu ultérieurement.,V15
SRC-0667,https://en.wikipedia.org/wiki/1846,en.wikipedia.org,WIKIPEDIA_SECONDARY,B,,,3,Wikipedia — chronologie de l’année 1846,V15: page annuelle/chronologique utilisée comme support secondaire de date. Audit page événement spécifique prévu ultérieurement.,V15
SRC-0668,https://en.wikipedia.org/wiki/1847,en.wikipedia.org,WIKIPEDIA_SECONDARY,B,,,1,Wikipedia — chronologie de l’année 1847,V15: page annuelle/chronologique utilisée comme support secondaire de date. Audit page événement spécifique prévu ultérieurement.,V15
SRC-0669,https://en.wikipedia.org/wiki/1848,en.wikipedia.org,WIKIPEDIA_SECONDARY,B,,,2,Wikipedia — chronologie de l’année 1848,V15: page annuelle/chronologique utilisée comme support secondaire de date. Audit page événement spécifique prévu ultérieurement.,V15
SRC-0670,https://en.wikipedia.org/wiki/1849,en.wikipedia.org,WIKIPEDIA_SECONDARY,B,,,2,Wikipedia — chronologie de l’année 1849,V15: page annuelle/chronologique utilisée comme support secondaire de date. Audit page événement spécifique prévu ultérieurement.,V15
SRC-0671,https://en.wikipedia.org/wiki/1851,en.wikipedia.org,WIKIPEDIA_SECONDARY,B,,,2,Wikipedia — chronologie de l’année 1851,V15: page annuelle/chronologique utilisée comme support secondaire de date. Audit page événement spécifique prévu ultérieurement.,V15
SRC-0672,https://en.wikipedia.org/wiki/1853,en.wikipedia.org,WIKIPEDIA_SECONDARY,B,,,2,Wikipedia — chronologie de l’année 1853,V15: page annuelle/chronologique utilisée comme support secondaire de date. Audit page événement spécifique prévu ultérieurement.,V15
SRC-0673,https://en.wikipedia.org/wiki/1854,en.wikipedia.org,WIKIPEDIA_SECONDARY,B,,,2,Wikipedia — chronologie de l’année 1854,V15: page annuelle/chronologique utilisée comme support secondaire de date. Audit page événement spécifique prévu ultérieurement.,V15
SRC-0674,https://en.wikipedia.org/wiki/1859,en.wikipedia.org,WIKIPEDIA_SECONDARY,B,,,3,Wikipedia — chronologie de l’année 1859,V15: page annuelle/chronologique utilisée comme support secondaire de date. Audit page événement spécifique prévu ultérieurement.,V15
SRC-0675,https://en.wikipedia.org/wiki/1860,en.wikipedia.org,WIKIPEDIA_SECONDARY,B,,,1,Wikipedia — chronologie de l’année 1860,V15: page annuelle/chronologique utilisée comme support secondaire de date. Audit page événement spécifique prévu ultérieurement.,V15
SRC-0676,https://en.wikipedia.org/wiki/1861,en.wikipedia.org,WIKIPEDIA_SECONDARY,B,,,2,Wikipedia — chronologie de l’année 1861,V15: page annuelle/chronologique utilisée comme support secondaire de date. Audit page événement spécifique prévu ultérieurement.,V15
SRC-0677,https://en.wikipedia.org/wiki/1862,en.wikipedia.org,WIKIPEDIA_SECONDARY,B,,,3,Wikipedia — chronologie de l’année 1862,V15: page annuelle/chronologique utilisée comme support secondaire de date. Audit page événement spécifique prévu ultérieurement.,V15
SRC-0678,https://en.wikipedia.org/wiki/1863,en.wikipedia.org,WIKIPEDIA_SECONDARY,B,,,1,Wikipedia — chronologie de l’année 1863,V15: page annuelle/chronologique utilisée comme support secondaire de date. Audit page événement spécifique prévu ultérieurement.,V15
SRC-0679,https://en.wikipedia.org/wiki/1865,en.wikipedia.org,WIKIPEDIA_SECONDARY,B,,,3,Wikipedia — chronologie de l’année 1865,V15: page annuelle/chronologique utilisée comme support secondaire de date. Audit page événement spécifique prévu ultérieurement.,V15
SRC-0680,https://en.wikipedia.org/wiki/1866,en.wikipedia.org,WIKIPEDIA_SECONDARY,B,,,2,Wikipedia — chronologie de l’année 1866,V15: page annuelle/chronologique utilisée comme support secondaire de date. Audit page événement spécifique prévu ultérieurement.,V15
SRC-0681,https://en.wikipedia.org/wiki/1867,en.wikipedia.org,WIKIPEDIA_SECONDARY,B,,,3,Wikipedia — chronologie de l’année 1867,V15: page annuelle/chronologique utilisée comme support secondaire de date. Audit page événement spécifique prévu ultérieurement.,V15
SRC-0682,https://en.wikipedia.org/wiki/1868,en.wikipedia.org,WIKIPEDIA_SECONDARY,B,,,1,Wikipedia — chronologie de l’année 1868,V15: page annuelle/chronologique utilisée comme support secondaire de date. Audit page événement spécifique prévu ultérieurement.,V15
SRC-0683,https://en.wikipedia.org/wiki/1869,en.wikipedia.org,WIKIPEDIA_SECONDARY,B,,,2,Wikipedia — chronologie de l’année 1869,V15: page annuelle/chronologique utilisée comme support secondaire de date. Audit page événement spécifique prévu ultérieurement.,V15
SRC-0684,https://en.wikipedia.org/wiki/1871,en.wikipedia.org,WIKIPEDIA_SECONDARY,B,,,2,Wikipedia — chronologie de l’année 1871,V15: page annuelle/chronologique utilisée comme support secondaire de date. Audit page événement spécifique prévu ultérieurement.,V15
SRC-0685,https://en.wikipedia.org/wiki/1873,en.wikipedia.org,WIKIPEDIA_SECONDARY,B,,,2,Wikipedia — chronologie de l’année 1873,V15: page annuelle/chronologique utilisée comme support secondaire de date. Audit page événement spécifique prévu ultérieurement.,V15
SRC-0686,https://en.wikipedia.org/wiki/1874,en.wikipedia.org,WIKIPEDIA_SECONDARY,B,,,1,Wikipedia — chronologie de l’année 1874,V15: page annuelle/chronologique utilisée comme support secondaire de date. Audit page événement spécifique prévu ultérieurement.,V15
SRC-0687,https://en.wikipedia.org/wiki/1876,en.wikipedia.org,WIKIPEDIA_SECONDARY,B,,,3,Wikipedia — chronologie de l’année 1876,V15: page annuelle/chronologique utilisée comme support secondaire de date. Audit page événement spécifique prévu ultérieurement.,V15
SRC-0688,https://en.wikipedia.org/wiki/1877,en.wikipedia.org,WIKIPEDIA_SECONDARY,B,,,3,Wikipedia — chronologie de l’année 1877,V15: page annuelle/chronologique utilisée comme support secondaire de date. Audit page événement spécifique prévu ultérieurement.,V15
SRC-0689,https://en.wikipedia.org/wiki/1878,en.wikipedia.org,WIKIPEDIA_SECONDARY,B,,,2,Wikipedia — chronologie de l’année 1878,V15: page annuelle/chronologique utilisée comme support secondaire de date. Audit page événement spécifique prévu ultérieurement.,V15
SRC-0690,https://en.wikipedia.org/wiki/1879,en.wikipedia.org,WIKIPEDIA_SECONDARY,B,,,2,Wikipedia — chronologie de l’année 1879,V15: page annuelle/chronologique utilisée comme support secondaire de date. Audit page événement spécifique prévu ultérieurement.,V15
SRC-0691,https://en.wikipedia.org/wiki/1881,en.wikipedia.org,WIKIPEDIA_SECONDARY,B,,,2,Wikipedia — chronologie de l’année 1881,V15: page annuelle/chronologique utilisée comme support secondaire de date. Audit page événement spécifique prévu ultérieurement.,V15
SRC-0692,https://en.wikipedia.org/wiki/1882,en.wikipedia.org,WIKIPEDIA_SECONDARY,B,,,2,Wikipedia — chronologie de l’année 1882,V15: page annuelle/chronologique utilisée comme support secondaire de date. Audit page événement spécifique prévu ultérieurement.,V15
SRC-0693,https://en.wikipedia.org/wiki/1883,en.wikipedia.org,WIKIPEDIA_SECONDARY,B,,,1,Wikipedia — chronologie de l’année 1883,V15: page annuelle/chronologique utilisée comme support secondaire de date. Audit page événement spécifique prévu ultérieurement.,V15
SRC-0694,https://en.wikipedia.org/wiki/1885,en.wikipedia.org,WIKIPEDIA_SECONDARY,B,,,3,Wikipedia — chronologie de l’année 1885,V15: page annuelle/chronologique utilisée comme support secondaire de date. Audit page événement spécifique prévu ultérieurement.,V15
SRC-0695,https://en.wikipedia.org/wiki/1886,en.wikipedia.org,WIKIPEDIA_SECONDARY,B,,,4,Wikipedia — chronologie de l’année 1886,V15: page annuelle/chronologique utilisée comme support secondaire de date. Audit page événement spécifique prévu ultérieurement.,V15
SRC-0696,https://en.wikipedia.org/wiki/1887,en.wikipedia.org,WIKIPEDIA_SECONDARY,B,,,2,Wikipedia — chronologie de l’année 1887,V15: page annuelle/chronologique utilisée comme support secondaire de date. Audit page événement spécifique prévu ultérieurement.,V15
SRC-0697,https://en.wikipedia.org/wiki/1889,en.wikipedia.org,WIKIPEDIA_SECONDARY,B,,,2,Wikipedia — chronologie de l’année 1889,V15: page annuelle/chronologique utilisée comme support secondaire de date. Audit page événement spécifique prévu ultérieurement.,V15
SRC-0698,https://en.wikipedia.org/wiki/1890,en.wikipedia.org,WIKIPEDIA_SECONDARY,B,,,2,Wikipedia — chronologie de l’année 1890,V15: page annuelle/chronologique utilisée comme support secondaire de date. Audit page événement spécifique prévu ultérieurement.,V15
SRC-0699,https://en.wikipedia.org/wiki/1891,en.wikipedia.org,WIKIPEDIA_SECONDARY,B,,,3,Wikipedia — chronologie de l’année 1891,V15: page annuelle/chronologique utilisée comme support secondaire de date. Audit page événement spécifique prévu ultérieurement.,V15
SRC-0700,https://en.wikipedia.org/wiki/1892,en.wikipedia.org,WIKIPEDIA_SECONDARY,B,,,1,Wikipedia — chronologie de l’année 1892,V15: page annuelle/chronologique utilisée comme support secondaire de date. Audit page événement spécifique prévu ultérieurement.,V15
SRC-0701,https://en.wikipedia.org/wiki/1893,en.wikipedia.org,WIKIPEDIA_SECONDARY,B,,,3,Wikipedia — chronologie de l’année 1893,V15: page annuelle/chronologique utilisée comme support secondaire de date. Audit page événement spécifique prévu ultérieurement.,V15
SRC-0702,https://en.wikipedia.org/wiki/1894,en.wikipedia.org,WIKIPEDIA_SECONDARY,B,,,2,Wikipedia — chronologie de l’année 1894,V15: page annuelle/chronologique utilisée comme support secondaire de date. Audit page événement spécifique prévu ultérieurement.,V15
SRC-0703,https://en.wikipedia.org/wiki/1895,en.wikipedia.org,WIKIPEDIA_SECONDARY,B,,,2,Wikipedia — chronologie de l’année 1895,V15: page annuelle/chronologique utilisée comme support secondaire de date. Audit page événement spécifique prévu ultérieurement.,V15
SRC-0704,https://en.wikipedia.org/wiki/1896,en.wikipedia.org,WIKIPEDIA_SECONDARY,B,,,3,Wikipedia — chronologie de l’année 1896,V15: page annuelle/chronologique utilisée comme support secondaire de date. Audit page événement spécifique prévu ultérieurement.,V15
SRC-0705,https://en.wikipedia.org/wiki/1897,en.wikipedia.org,WIKIPEDIA_SECONDARY,B,,,4,Wikipedia — chronologie de l’année 1897,V15: page annuelle/chronologique utilisée comme support secondaire de date. Audit page événement spécifique prévu ultérieurement.,V15
SRC-0706,https://en.wikipedia.org/wiki/1898,en.wikipedia.org,WIKIPEDIA_SECONDARY,B,,,1,Wikipedia — chronologie de l’année 1898,V15: page annuelle/chronologique utilisée comme support secondaire de date. Audit page événement spécifique prévu ultérieurement.,V15
SRC-0707,https://en.wikipedia.org/wiki/1899,en.wikipedia.org,WIKIPEDIA_SECONDARY,B,,,2,Wikipedia — chronologie de l’année 1899,V15: page annuelle/chronologique utilisée comme support secondaire de date. Audit page événement spécifique prévu ultérieurement.,V15
SRC-0708,https://en.wikipedia.org/wiki/1900,en.wikipedia.org,WIKIPEDIA_SECONDARY,B,,,2,Wikipedia — chronologie de l’année 1900,V15: page annuelle/chronologique utilisée comme support secondaire de date. Audit page événement spécifique prévu ultérieurement.,V15
SRC-0709,https://en.wikipedia.org/wiki/1901,en.wikipedia.org,WIKIPEDIA_SECONDARY,B,,,3,Wikipedia — chronologie de l’année 1901,V15: page annuelle/chronologique utilisée comme support secondaire de date. Audit page événement spécifique prévu ultérieurement.,V15
SRC-0710,https://en.wikipedia.org/wiki/1902,en.wikipedia.org,WIKIPEDIA_SECONDARY,B,,,3,Wikipedia — chronologie de l’année 1902,V15: page annuelle/chronologique utilisée comme support secondaire de date. Audit page événement spécifique prévu ultérieurement.,V15
SRC-0711,https://en.wikipedia.org/wiki/1903,en.wikipedia.org,WIKIPEDIA_SECONDARY,B,,,3,Wikipedia — chronologie de l’année 1903,V15: page annuelle/chronologique utilisée comme support secondaire de date. Audit page événement spécifique prévu ultérieurement.,V15
SRC-0712,https://en.wikipedia.org/wiki/1904,en.wikipedia.org,WIKIPEDIA_SECONDARY,B,,,2,Wikipedia — chronologie de l’année 1904,V15: page annuelle/chronologique utilisée comme support secondaire de date. Audit page événement spécifique prévu ultérieurement.,V15
SRC-0713,https://en.wikipedia.org/wiki/1905,en.wikipedia.org,WIKIPEDIA_SECONDARY,B,,,4,Wikipedia — chronologie de l’année 1905,V15: page annuelle/chronologique utilisée comme support secondaire de date. Audit page événement spécifique prévu ultérieurement.,V15
SRC-0714,https://en.wikipedia.org/wiki/1906,en.wikipedia.org,WIKIPEDIA_SECONDARY,B,,,2,Wikipedia — chronologie de l’année 1906,V15: page annuelle/chronologique utilisée comme support secondaire de date. Audit page événement spécifique prévu ultérieurement.,V15
SRC-0715,https://en.wikipedia.org/wiki/1907,en.wikipedia.org,WIKIPEDIA_SECONDARY,B,,,1,Wikipedia — chronologie de l’année 1907,V15: page annuelle/chronologique utilisée comme support secondaire de date. Audit page événement spécifique prévu ultérieurement.,V15
SRC-0716,https://en.wikipedia.org/wiki/1908,en.wikipedia.org,WIKIPEDIA_SECONDARY,B,,,2,Wikipedia — chronologie de l’année 1908,V15: page annuelle/chronologique utilisée comme support secondaire de date. Audit page événement spécifique prévu ultérieurement.,V15
SRC-0717,https://en.wikipedia.org/wiki/1909,en.wikipedia.org,WIKIPEDIA_SECONDARY,B,,,2,Wikipedia — chronologie de l’année 1909,V15: page annuelle/chronologique utilisée comme support secondaire de date. Audit page événement spécifique prévu ultérieurement.,V15
SRC-0718,https://en.wikipedia.org/wiki/1910,en.wikipedia.org,WIKIPEDIA_SECONDARY,B,,,2,Wikipedia — chronologie de l’année 1910,V15: page annuelle/chronologique utilisée comme support secondaire de date. Audit page événement spécifique prévu ultérieurement.,V15
SRC-0719,https://en.wikipedia.org/wiki/1911,en.wikipedia.org,WIKIPEDIA_SECONDARY,B,,,2,Wikipedia — chronologie de l’année 1911,V15: page annuelle/chronologique utilisée comme support secondaire de date. Audit page événement spécifique prévu ultérieurement.,V15
SRC-0720,https://en.wikipedia.org/wiki/1912,en.wikipedia.org,WIKIPEDIA_SECONDARY,B,,,3,Wikipedia — chronologie de l’année 1912,V15: page annuelle/chronologique utilisée comme support secondaire de date. Audit page événement spécifique prévu ultérieurement.,V15
SRC-0721,https://en.wikipedia.org/wiki/1913,en.wikipedia.org,WIKIPEDIA_SECONDARY,B,,,3,Wikipedia — chronologie de l’année 1913,V15: page annuelle/chronologique utilisée comme support secondaire de date. Audit page événement spécifique prévu ultérieurement.,V15
SRC-0722,https://en.wikipedia.org/wiki/1915,en.wikipedia.org,WIKIPEDIA_SECONDARY,B,,,1,Wikipedia — chronologie de l’année 1915,V15: page annuelle/chronologique utilisée comme support secondaire de date. Audit page événement spécifique prévu ultérieurement.,V15
SRC-0723,https://en.wikipedia.org/wiki/1916,en.wikipedia.org,WIKIPEDIA_SECONDARY,B,,,1,Wikipedia — chronologie de l’année 1916,V15: page annuelle/chronologique utilisée comme support secondaire de date. Audit page événement spécifique prévu ultérieurement.,V15
SRC-0724,https://en.wikipedia.org/wiki/1917,en.wikipedia.org,WIKIPEDIA_SECONDARY,B,,,1,Wikipedia — chronologie de l’année 1917,V15: page annuelle/chronologique utilisée comme support secondaire de date. Audit page événement spécifique prévu ultérieurement.,V15
SRC-0725,https://en.wikipedia.org/wiki/1918,en.wikipedia.org,WIKIPEDIA_SECONDARY,B,,,5,Wikipedia — chronologie de l’année 1918,V15: page annuelle/chronologique utilisée comme support secondaire de date. Audit page événement spécifique prévu ultérieurement.,V15
SRC-0726,https://en.wikipedia.org/wiki/1919,en.wikipedia.org,WIKIPEDIA_SECONDARY,B,,,3,Wikipedia — chronologie de l’année 1919,V15: page annuelle/chronologique utilisée comme support secondaire de date. Audit page événement spécifique prévu ultérieurement.,V15
SRC-0727,https://en.wikipedia.org/wiki/1920,en.wikipedia.org,WIKIPEDIA_SECONDARY,B,,,3,Wikipedia — chronologie de l’année 1920,V15: page annuelle/chronologique utilisée comme support secondaire de date. Audit page événement spécifique prévu ultérieurement.,V15
SRC-0728,https://en.wikipedia.org/wiki/1921,en.wikipedia.org,WIKIPEDIA_SECONDARY,B,,,2,Wikipedia — chronologie de l’année 1921,V15: page annuelle/chronologique utilisée comme support secondaire de date. Audit page événement spécifique prévu ultérieurement.,V15
SRC-0729,https://en.wikipedia.org/wiki/1922,en.wikipedia.org,WIKIPEDIA_SECONDARY,B,,,3,Wikipedia — chronologie de l’année 1922,V15: page annuelle/chronologique utilisée comme support secondaire de date. Audit page événement spécifique prévu ultérieurement.,V15
SRC-0730,https://en.wikipedia.org/wiki/1923,en.wikipedia.org,WIKIPEDIA_SECONDARY,B,,,2,Wikipedia — chronologie de l’année 1923,V15: page annuelle/chronologique utilisée comme support secondaire de date. Audit page événement spécifique prévu ultérieurement.,V15
SRC-0731,https://en.wikipedia.org/wiki/1924,en.wikipedia.org,WIKIPEDIA_SECONDARY,B,,,2,Wikipedia — chronologie de l’année 1924,V15: page annuelle/chronologique utilisée comme support secondaire de date. Audit page événement spécifique prévu ultérieurement.,V15
SRC-0732,https://en.wikipedia.org/wiki/1925,en.wikipedia.org,WIKIPEDIA_SECONDARY,B,,,2,Wikipedia — chronologie de l’année 1925,V15: page annuelle/chronologique utilisée comme support secondaire de date. Audit page événement spécifique prévu ultérieurement.,V15
SRC-0733,https://en.wikipedia.org/wiki/1926,en.wikipedia.org,WIKIPEDIA_SECONDARY,B,,,2,Wikipedia — chronologie de l’année 1926,V15: page annuelle/chronologique utilisée comme support secondaire de date. Audit page événement spécifique prévu ultérieurement.,V15
SRC-0734,https://en.wikipedia.org/wiki/1927,en.wikipedia.org,WIKIPEDIA_SECONDARY,B,,,2,Wikipedia — chronologie de l’année 1927,V15: page annuelle/chronologique utilisée comme support secondaire de date. Audit page événement spécifique prévu ultérieurement.,V15
SRC-0735,https://en.wikipedia.org/wiki/1928,en.wikipedia.org,WIKIPEDIA_SECONDARY,B,,,2,Wikipedia — chronologie de l’année 1928,V15: page annuelle/chronologique utilisée comme support secondaire de date. Audit page événement spécifique prévu ultérieurement.,V15
SRC-0736,https://en.wikipedia.org/wiki/1929,en.wikipedia.org,WIKIPEDIA_SECONDARY,B,,,1,Wikipedia — chronologie de l’année 1929,V15: page annuelle/chronologique utilisée comme support secondaire de date. Audit page événement spécifique prévu ultérieurement.,V15
SRC-0737,https://en.wikipedia.org/wiki/1930,en.wikipedia.org,WIKIPEDIA_SECONDARY,B,,,2,Wikipedia — chronologie de l’année 1930,V15: page annuelle/chronologique utilisée comme support secondaire de date. Audit page événement spécifique prévu ultérieurement.,V15
SRC-0738,https://en.wikipedia.org/wiki/1931,en.wikipedia.org,WIKIPEDIA_SECONDARY,B,,,2,Wikipedia — chronologie de l’année 1931,V15: page annuelle/chronologique utilisée comme support secondaire de date. Audit page événement spécifique prévu ultérieurement.,V15
SRC-0739,https://en.wikipedia.org/wiki/1932,en.wikipedia.org,WIKIPEDIA_SECONDARY,B,,,2,Wikipedia — chronologie de l’année 1932,V15: page annuelle/chronologique utilisée comme support secondaire de date. Audit page événement spécifique prévu ultérieurement.,V15
SRC-0740,https://en.wikipedia.org/wiki/1933,en.wikipedia.org,WIKIPEDIA_SECONDARY,B,,,1,Wikipedia — chronologie de l’année 1933,V15: page annuelle/chronologique utilisée comme support secondaire de date. Audit page événement spécifique prévu ultérieurement.,V15
SRC-0741,https://en.wikipedia.org/wiki/1934,en.wikipedia.org,WIKIPEDIA_SECONDARY,B,,,1,Wikipedia — chronologie de l’année 1934,V15: page annuelle/chronologique utilisée comme support secondaire de date. Audit page événement spécifique prévu ultérieurement.,V15
SRC-0742,https://en.wikipedia.org/wiki/1935,en.wikipedia.org,WIKIPEDIA_SECONDARY,B,,,2,Wikipedia — chronologie de l’année 1935,V15: page annuelle/chronologique utilisée comme support secondaire de date. Audit page événement spécifique prévu ultérieurement.,V15
SRC-0743,https://en.wikipedia.org/wiki/1936,en.wikipedia.org,WIKIPEDIA_SECONDARY,B,,,2,Wikipedia — chronologie de l’année 1936,V15: page annuelle/chronologique utilisée comme support secondaire de date. Audit page événement spécifique prévu ultérieurement.,V15
SRC-0744,https://en.wikipedia.org/wiki/1937,en.wikipedia.org,WIKIPEDIA_SECONDARY,B,,,3,Wikipedia — chronologie de l’année 1937,V15: page annuelle/chronologique utilisée comme support secondaire de date. Audit page événement spécifique prévu ultérieurement.,V15
SRC-0745,https://en.wikipedia.org/wiki/1938,en.wikipedia.org,WIKIPEDIA_SECONDARY,B,,,1,Wikipedia — chronologie de l’année 1938,V15: page annuelle/chronologique utilisée comme support secondaire de date. Audit page événement spécifique prévu ultérieurement.,V15
SRC-0746,https://en.wikipedia.org/wiki/1939,en.wikipedia.org,WIKIPEDIA_SECONDARY,B,,,1,Wikipedia — chronologie de l’année 1939,V15: page annuelle/chronologique utilisée comme support secondaire de date. Audit page événement spécifique prévu ultérieurement.,V15
SRC-0747,https://en.wikipedia.org/wiki/1940,en.wikipedia.org,WIKIPEDIA_SECONDARY,B,,,2,Wikipedia — chronologie de l’année 1940,V15: page annuelle/chronologique utilisée comme support secondaire de date. Audit page événement spécifique prévu ultérieurement.,V15
SRC-0748,https://en.wikipedia.org/wiki/1941,en.wikipedia.org,WIKIPEDIA_SECONDARY,B,,,1,Wikipedia — chronologie de l’année 1941,V15: page annuelle/chronologique utilisée comme support secondaire de date. Audit page événement spécifique prévu ultérieurement.,V15
SRC-0749,https://en.wikipedia.org/wiki/1942,en.wikipedia.org,WIKIPEDIA_SECONDARY,B,,,2,Wikipedia — chronologie de l’année 1942,V15: page annuelle/chronologique utilisée comme support secondaire de date. Audit page événement spécifique prévu ultérieurement.,V15
SRC-0750,https://en.wikipedia.org/wiki/1943,en.wikipedia.org,WIKIPEDIA_SECONDARY,B,,,2,Wikipedia — chronologie de l’année 1943,V15: page annuelle/chronologique utilisée comme support secondaire de date. Audit page événement spécifique prévu ultérieurement.,V15
SRC-0751,https://en.wikipedia.org/wiki/1944,en.wikipedia.org,WIKIPEDIA_SECONDARY,B,,,3,Wikipedia — chronologie de l’année 1944,V15: page annuelle/chronologique utilisée comme support secondaire de date. Audit page événement spécifique prévu ultérieurement.,V15
SRC-0752,https://en.wikipedia.org/wiki/1945,en.wikipedia.org,WIKIPEDIA_SECONDARY,B,,,4,Wikipedia — chronologie de l’année 1945,V15: page annuelle/chronologique utilisée comme support secondaire de date. Audit page événement spécifique prévu ultérieurement.,V15
SRC-0753,https://en.wikipedia.org/wiki/1946,en.wikipedia.org,WIKIPEDIA_SECONDARY,B,,,3,Wikipedia — chronologie de l’année 1946,V15: page annuelle/chronologique utilisée comme support secondaire de date. Audit page événement spécifique prévu ultérieurement.,V15
SRC-0754,https://en.wikipedia.org/wiki/1947,en.wikipedia.org,WIKIPEDIA_SECONDARY,B,,,2,Wikipedia — chronologie de l’année 1947,V15: page annuelle/chronologique utilisée comme support secondaire de date. Audit page événement spécifique prévu ultérieurement.,V15
SRC-0755,https://en.wikipedia.org/wiki/1948,en.wikipedia.org,WIKIPEDIA_SECONDARY,B,,,3,Wikipedia — chronologie de l’année 1948,V15: page annuelle/chronologique utilisée comme support secondaire de date. Audit page événement spécifique prévu ultérieurement.,V15
SRC-0756,https://en.wikipedia.org/wiki/1949,en.wikipedia.org,WIKIPEDIA_SECONDARY,B,,,2,Wikipedia — chronologie de l’année 1949,V15: page annuelle/chronologique utilisée comme support secondaire de date. Audit page événement spécifique prévu ultérieurement.,V15
SRC-0757,https://en.wikipedia.org/wiki/1950,en.wikipedia.org,WIKIPEDIA_SECONDARY,B,,,1,Wikipedia — chronologie de l’année 1950,V15: page annuelle/chronologique utilisée comme support secondaire de date. Audit page événement spécifique prévu ultérieurement.,V15
SRC-0758,https://en.wikipedia.org/wiki/1951,en.wikipedia.org,WIKIPEDIA_SECONDARY,B,,,2,Wikipedia — chronologie de l’année 1951,V15: page annuelle/chronologique utilisée comme support secondaire de date. Audit page événement spécifique prévu ultérieurement.,V15
SRC-0759,https://en.wikipedia.org/wiki/1952,en.wikipedia.org,WIKIPEDIA_SECONDARY,B,,,2,Wikipedia — chronologie de l’année 1952,V15: page annuelle/chronologique utilisée comme support secondaire de date. Audit page événement spécifique prévu ultérieurement.,V15
SRC-0760,https://en.wikipedia.org/wiki/1953,en.wikipedia.org,WIKIPEDIA_SECONDARY,B,,,4,Wikipedia — chronologie de l’année 1953,V15: page annuelle/chronologique utilisée comme support secondaire de date. Audit page événement spécifique prévu ultérieurement.,V15
SRC-0761,https://en.wikipedia.org/wiki/1954,en.wikipedia.org,WIKIPEDIA_SECONDARY,B,,,2,Wikipedia — chronologie de l’année 1954,V15: page annuelle/chronologique utilisée comme support secondaire de date. Audit page événement spécifique prévu ultérieurement.,V15
SRC-0762,https://en.wikipedia.org/wiki/1955,en.wikipedia.org,WIKIPEDIA_SECONDARY,B,,,2,Wikipedia — chronologie de l’année 1955,V15: page annuelle/chronologique utilisée comme support secondaire de date. Audit page événement spécifique prévu ultérieurement.,V15
SRC-0763,https://en.wikipedia.org/wiki/1956,en.wikipedia.org,WIKIPEDIA_SECONDARY,B,,,2,Wikipedia — chronologie de l’année 1956,V15: page annuelle/chronologique utilisée comme support secondaire de date. Audit page événement spécifique prévu ultérieurement.,V15
SRC-0764,https://en.wikipedia.org/wiki/1957,en.wikipedia.org,WIKIPEDIA_SECONDARY,B,,,1,Wikipedia — chronologie de l’année 1957,V15: page annuelle/chronologique utilisée comme support secondaire de date. Audit page événement spécifique prévu ultérieurement.,V15
SRC-0765,https://en.wikipedia.org/wiki/1958,en.wikipedia.org,WIKIPEDIA_SECONDARY,B,,,3,Wikipedia — chronologie de l’année 1958,V15: page annuelle/chronologique utilisée comme support secondaire de date. Audit page événement spécifique prévu ultérieurement.,V15
SRC-0766,https://en.wikipedia.org/wiki/1959,en.wikipedia.org,WIKIPEDIA_SECONDARY,B,,,1,Wikipedia — chronologie de l’année 1959,V15: page annuelle/chronologique utilisée comme support secondaire de date. Audit page événement spécifique prévu ultérieurement.,V15
SRC-0767,https://en.wikipedia.org/wiki/1960,en.wikipedia.org,WIKIPEDIA_SECONDARY,B,,,5,Wikipedia — chronologie de l’année 1960,V15: page annuelle/chronologique utilisée comme support secondaire de date. Audit page événement spécifique prévu ultérieurement.,V15
SRC-0768,https://en.wikipedia.org/wiki/1961,en.wikipedia.org,WIKIPEDIA_SECONDARY,B,,,1,Wikipedia — chronologie de l’année 1961,V15: page annuelle/chronologique utilisée comme support secondaire de date. Audit page événement spécifique prévu ultérieurement.,V15
SRC-0769,https://en.wikipedia.org/wiki/1962,en.wikipedia.org,WIKIPEDIA_SECONDARY,B,,,1,Wikipedia — chronologie de l’année 1962,V15: page annuelle/chronologique utilisée comme support secondaire de date. Audit page événement spécifique prévu ultérieurement.,V15
SRC-0770,https://en.wikipedia.org/wiki/1963,en.wikipedia.org,WIKIPEDIA_SECONDARY,B,,,2,Wikipedia — chronologie de l’année 1963,V15: page annuelle/chronologique utilisée comme support secondaire de date. Audit page événement spécifique prévu ultérieurement.,V15
SRC-0771,https://en.wikipedia.org/wiki/1964,en.wikipedia.org,WIKIPEDIA_SECONDARY,B,,,2,Wikipedia — chronologie de l’année 1964,V15: page annuelle/chronologique utilisée comme support secondaire de date. Audit page événement spécifique prévu ultérieurement.,V15
SRC-0772,https://en.wikipedia.org/wiki/1965,en.wikipedia.org,WIKIPEDIA_SECONDARY,B,,,3,Wikipedia — chronologie de l’année 1965,V15: page annuelle/chronologique utilisée comme support secondaire de date. Audit page événement spécifique prévu ultérieurement.,V15
SRC-0773,https://en.wikipedia.org/wiki/1966,en.wikipedia.org,WIKIPEDIA_SECONDARY,B,,,2,Wikipedia — chronologie de l’année 1966,V15: page annuelle/chronologique utilisée comme support secondaire de date. Audit page événement spécifique prévu ultérieurement.,V15
SRC-0774,https://en.wikipedia.org/wiki/1967,en.wikipedia.org,WIKIPEDIA_SECONDARY,B,,,3,Wikipedia — chronologie de l’année 1967,V15: page annuelle/chronologique utilisée comme support secondaire de date. Audit page événement spécifique prévu ultérieurement.,V15
SRC-0775,https://en.wikipedia.org/wiki/1968,en.wikipedia.org,WIKIPEDIA_SECONDARY,B,,,3,Wikipedia — chronologie de l’année 1968,V15: page annuelle/chronologique utilisée comme support secondaire de date. Audit page événement spécifique prévu ultérieurement.,V15
SRC-0776,https://en.wikipedia.org/wiki/1969,en.wikipedia.org,WIKIPEDIA_SECONDARY,B,,,3,Wikipedia — chronologie de l’année 1969,V15: page annuelle/chronologique utilisée comme support secondaire de date. Audit page événement spécifique prévu ultérieurement.,V15
SRC-0777,https://en.wikipedia.org/wiki/1970,en.wikipedia.org,WIKIPEDIA_SECONDARY,B,,,3,Wikipedia — chronologie de l’année 1970,V15: page annuelle/chronologique utilisée comme support secondaire de date. Audit page événement spécifique prévu ultérieurement.,V15
SRC-0778,https://en.wikipedia.org/wiki/1971,en.wikipedia.org,WIKIPEDIA_SECONDARY,B,,,4,Wikipedia — chronologie de l’année 1971,V15: page annuelle/chronologique utilisée comme support secondaire de date. Audit page événement spécifique prévu ultérieurement.,V15
SRC-0779,https://en.wikipedia.org/wiki/1972,en.wikipedia.org,WIKIPEDIA_SECONDARY,B,,,4,Wikipedia — chronologie de l’année 1972,V15: page annuelle/chronologique utilisée comme support secondaire de date. Audit page événement spécifique prévu ultérieurement.,V15
SRC-0780,https://en.wikipedia.org/wiki/1973,en.wikipedia.org,WIKIPEDIA_SECONDARY,B,,,3,Wikipedia — chronologie de l’année 1973,V15: page annuelle/chronologique utilisée comme support secondaire de date. Audit page événement spécifique prévu ultérieurement.,V15
SRC-0781,https://en.wikipedia.org/wiki/1974,en.wikipedia.org,WIKIPEDIA_SECONDARY,B,,,1,Wikipedia — chronologie de l’année 1974,V15: page annuelle/chronologique utilisée comme support secondaire de date. Audit page événement spécifique prévu ultérieurement.,V15
SRC-0782,https://en.wikipedia.org/wiki/1975,en.wikipedia.org,WIKIPEDIA_SECONDARY,B,,,4,Wikipedia — chronologie de l’année 1975,V15: page annuelle/chronologique utilisée comme support secondaire de date. Audit page événement spécifique prévu ultérieurement.,V15
SRC-0783,https://en.wikipedia.org/wiki/1976,en.wikipedia.org,WIKIPEDIA_SECONDARY,B,,,3,Wikipedia — chronologie de l’année 1976,V15: page annuelle/chronologique utilisée comme support secondaire de date. Audit page événement spécifique prévu ultérieurement.,V15
SRC-0784,https://en.wikipedia.org/wiki/1977,en.wikipedia.org,WIKIPEDIA_SECONDARY,B,,,3,Wikipedia — chronologie de l’année 1977,V15: page annuelle/chronologique utilisée comme support secondaire de date. Audit page événement spécifique prévu ultérieurement.,V15
SRC-0785,https://en.wikipedia.org/wiki/1978,en.wikipedia.org,WIKIPEDIA_SECONDARY,B,,,2,Wikipedia — chronologie de l’année 1978,V15: page annuelle/chronologique utilisée comme support secondaire de date. Audit page événement spécifique prévu ultérieurement.,V15
SRC-0786,https://en.wikipedia.org/wiki/1979,en.wikipedia.org,WIKIPEDIA_SECONDARY,B,,,2,Wikipedia — chronologie de l’année 1979,V15: page annuelle/chronologique utilisée comme support secondaire de date. Audit page événement spécifique prévu ultérieurement.,V15
SRC-0787,https://en.wikipedia.org/wiki/1980,en.wikipedia.org,WIKIPEDIA_SECONDARY,B,,,3,Wikipedia — chronologie de l’année 1980,V15: page annuelle/chronologique utilisée comme support secondaire de date. Audit page événement spécifique prévu ultérieurement.,V15
SRC-0788,https://en.wikipedia.org/wiki/1981,en.wikipedia.org,WIKIPEDIA_SECONDARY,B,,,2,Wikipedia — chronologie de l’année 1981,V15: page annuelle/chronologique utilisée comme support secondaire de date. Audit page événement spécifique prévu ultérieurement.,V15
SRC-0789,https://en.wikipedia.org/wiki/1982,en.wikipedia.org,WIKIPEDIA_SECONDARY,B,,,4,Wikipedia — chronologie de l’année 1982,V15: page annuelle/chronologique utilisée comme support secondaire de date. Audit page événement spécifique prévu ultérieurement.,V15
SRC-0790,https://en.wikipedia.org/wiki/1983,en.wikipedia.org,WIKIPEDIA_SECONDARY,B,,,2,Wikipedia — chronologie de l’année 1983,V15: page annuelle/chronologique utilisée comme support secondaire de date. Audit page événement spécifique prévu ultérieurement.,V15
SRC-0791,https://en.wikipedia.org/wiki/1984,en.wikipedia.org,WIKIPEDIA_SECONDARY,B,,,2,Wikipedia — chronologie de l’année 1984,V15: page annuelle/chronologique utilisée comme support secondaire de date. Audit page événement spécifique prévu ultérieurement.,V15
SRC-0792,https://en.wikipedia.org/wiki/1985,en.wikipedia.org,WIKIPEDIA_SECONDARY,B,,,2,Wikipedia — chronologie de l’année 1985,V15: page annuelle/chronologique utilisée comme support secondaire de date. Audit page événement spécifique prévu ultérieurement.,V15
SRC-0793,https://en.wikipedia.org/wiki/1986,en.wikipedia.org,WIKIPEDIA_SECONDARY,B,,,3,Wikipedia — chronologie de l’année 1986,V15: page annuelle/chronologique utilisée comme support secondaire de date. Audit page événement spécifique prévu ultérieurement.,V15
SRC-0794,https://en.wikipedia.org/wiki/1987,en.wikipedia.org,WIKIPEDIA_SECONDARY,B,,,2,Wikipedia — chronologie de l’année 1987,V15: page annuelle/chronologique utilisée comme support secondaire de date. Audit page événement spécifique prévu ultérieurement.,V15
SRC-0795,https://en.wikipedia.org/wiki/1989,en.wikipedia.org,WIKIPEDIA_SECONDARY,B,,,2,Wikipedia — chronologie de l’année 1989,V15: page annuelle/chronologique utilisée comme support secondaire de date. Audit page événement spécifique prévu ultérieurement.,V15
SRC-0796,https://en.wikipedia.org/wiki/1990,en.wikipedia.org,WIKIPEDIA_SECONDARY,B,,,2,Wikipedia — chronologie de l’année 1990,V15: page annuelle/chronologique utilisée comme support secondaire de date. Audit page événement spécifique prévu ultérieurement.,V15
SRC-0797,https://en.wikipedia.org/wiki/1991,en.wikipedia.org,WIKIPEDIA_SECONDARY,B,,,5,Wikipedia — chronologie de l’année 1991,V15: page annuelle/chronologique utilisée comme support secondaire de date. Audit page événement spécifique prévu ultérieurement.,V15
SRC-0798,https://en.wikipedia.org/wiki/1992,en.wikipedia.org,WIKIPEDIA_SECONDARY,B,,,2,Wikipedia — chronologie de l’année 1992,V15: page annuelle/chronologique utilisée comme support secondaire de date. Audit page événement spécifique prévu ultérieurement.,V15
SRC-0799,https://en.wikipedia.org/wiki/1993,en.wikipedia.org,WIKIPEDIA_SECONDARY,B,,,3,Wikipedia — chronologie de l’année 1993,V15: page annuelle/chronologique utilisée comme support secondaire de date. Audit page événement spécifique prévu ultérieurement.,V15
SRC-0800,https://en.wikipedia.org/wiki/1994,en.wikipedia.org,WIKIPEDIA_SECONDARY,B,,,3,Wikipedia — chronologie de l’année 1994,V15: page annuelle/chronologique utilisée comme support secondaire de date. Audit page événement spécifique prévu ultérieurement.,V15
SRC-0801,https://en.wikipedia.org/wiki/1995,en.wikipedia.org,WIKIPEDIA_SECONDARY,B,,,4,Wikipedia — chronologie de l’année 1995,V15: page annuelle/chronologique utilisée comme support secondaire de date. Audit page événement spécifique prévu ultérieurement.,V15
SRC-0802,https://en.wikipedia.org/wiki/1996,en.wikipedia.org,WIKIPEDIA_SECONDARY,B,,,2,Wikipedia — chronologie de l’année 1996,V15: page annuelle/chronologique utilisée comme support secondaire de date. Audit page événement spécifique prévu ultérieurement.,V15
SRC-0803,https://en.wikipedia.org/wiki/1997,en.wikipedia.org,WIKIPEDIA_SECONDARY,B,,,3,Wikipedia — chronologie de l’année 1997,V15: page annuelle/chronologique utilisée comme support secondaire de date. Audit page événement spécifique prévu ultérieurement.,V15
SRC-0804,https://en.wikipedia.org/wiki/1998,en.wikipedia.org,WIKIPEDIA_SECONDARY,B,,,4,Wikipedia — chronologie de l’année 1998,V15: page annuelle/chronologique utilisée comme support secondaire de date. Audit page événement spécifique prévu ultérieurement.,V15
SRC-0805,https://en.wikipedia.org/wiki/1999,en.wikipedia.org,WIKIPEDIA_SECONDARY,B,,,2,Wikipedia — chronologie de l’année 1999,V15: page annuelle/chronologique utilisée comme support secondaire de date. Audit page événement spécifique prévu ultérieurement.,V15
SRC-0806,https://en.wikipedia.org/wiki/2000,en.wikipedia.org,WIKIPEDIA_SECONDARY,B,,,3,Wikipedia — chronologie de l’année 2000,V15: page annuelle/chronologique utilisée comme support secondaire de date. Audit page événement spécifique prévu ultérieurement.,V15
SRC-0807,https://en.wikipedia.org/wiki/2001,en.wikipedia.org,WIKIPEDIA_SECONDARY,B,,,3,Wikipedia — chronologie de l’année 2001,V15: page annuelle/chronologique utilisée comme support secondaire de date. Audit page événement spécifique prévu ultérieurement.,V15
SRC-0808,https://en.wikipedia.org/wiki/2002,en.wikipedia.org,WIKIPEDIA_SECONDARY,B,,,3,Wikipedia — chronologie de l’année 2002,V15: page annuelle/chronologique utilisée comme support secondaire de date. Audit page événement spécifique prévu ultérieurement.,V15
SRC-0809,https://en.wikipedia.org/wiki/2003,en.wikipedia.org,WIKIPEDIA_SECONDARY,B,,,3,Wikipedia — chronologie de l’année 2003,V15: page annuelle/chronologique utilisée comme support secondaire de date. Audit page événement spécifique prévu ultérieurement.,V15
SRC-0810,https://en.wikipedia.org/wiki/2004,en.wikipedia.org,WIKIPEDIA_SECONDARY,B,,,3,Wikipedia — chronologie de l’année 2004,V15: page annuelle/chronologique utilisée comme support secondaire de date. Audit page événement spécifique prévu ultérieurement.,V15
SRC-0811,https://en.wikipedia.org/wiki/2005,en.wikipedia.org,WIKIPEDIA_SECONDARY,B,,,3,Wikipedia — chronologie de l’année 2005,V15: page annuelle/chronologique utilisée comme support secondaire de date. Audit page événement spécifique prévu ultérieurement.,V15
SRC-0812,https://en.wikipedia.org/wiki/2007,en.wikipedia.org,WIKIPEDIA_SECONDARY,B,,,2,Wikipedia — chronologie de l’année 2007,V15: page annuelle/chronologique utilisée comme support secondaire de date. Audit page événement spécifique prévu ultérieurement.,V15
SRC-0813,https://en.wikipedia.org/wiki/2008,en.wikipedia.org,WIKIPEDIA_SECONDARY,B,,,4,Wikipedia — chronologie de l’année 2008,V15: page annuelle/chronologique utilisée comme support secondaire de date. Audit page événement spécifique prévu ultérieurement.,V15
SRC-0814,https://en.wikipedia.org/wiki/2010,en.wikipedia.org,WIKIPEDIA_SECONDARY,B,,,4,Wikipedia — chronologie de l’année 2010,V15: page annuelle/chronologique utilisée comme support secondaire de date. Audit page événement spécifique prévu ultérieurement.,V15
SRC-0815,https://en.wikipedia.org/wiki/2011,en.wikipedia.org,WIKIPEDIA_SECONDARY,B,,,4,Wikipedia — chronologie de l’année 2011,V15: page annuelle/chronologique utilisée comme support secondaire de date. Audit page événement spécifique prévu ultérieurement.,V15
SRC-0816,https://en.wikipedia.org/wiki/2012,en.wikipedia.org,WIKIPEDIA_SECONDARY,B,,,4,Wikipedia — chronologie de l’année 2012,V15: page annuelle/chronologique utilisée comme support secondaire de date. Audit page événement spécifique prévu ultérieurement.,V15
SRC-0817,https://en.wikipedia.org/wiki/2013,en.wikipedia.org,WIKIPEDIA_SECONDARY,B,,,3,Wikipedia — chronologie de l’année 2013,V15: page annuelle/chronologique utilisée comme support secondaire de date. Audit page événement spécifique prévu ultérieurement.,V15
SRC-0818,https://en.wikipedia.org/wiki/2014,en.wikipedia.org,WIKIPEDIA_SECONDARY,B,,,4,Wikipedia — chronologie de l’année 2014,V15: page annuelle/chronologique utilisée comme support secondaire de date. Audit page événement spécifique prévu ultérieurement.,V15
SRC-0819,https://en.wikipedia.org/wiki/2015,en.wikipedia.org,WIKIPEDIA_SECONDARY,B,,,3,Wikipedia — chronologie de l’année 2015,V15: page annuelle/chronologique utilisée comme support secondaire de date. Audit page événement spécifique prévu ultérieurement.,V15
SRC-0820,https://en.wikipedia.org/wiki/2016,en.wikipedia.org,WIKIPEDIA_SECONDARY,B,,,3,Wikipedia — chronologie de l’année 2016,V15: page annuelle/chronologique utilisée comme support secondaire de date. Audit page événement spécifique prévu ultérieurement.,V15
SRC-0821,https://en.wikipedia.org/wiki/2018,en.wikipedia.org,WIKIPEDIA_SECONDARY,B,,,3,Wikipedia — chronologie de l’année 2018,V15: page annuelle/chronologique utilisée comme support secondaire de date. Audit page événement spécifique prévu ultérieurement.,V15
SRC-0822,https://en.wikipedia.org/wiki/2019,en.wikipedia.org,WIKIPEDIA_SECONDARY,B,,,4,Wikipedia — chronologie de l’année 2019,V15: page annuelle/chronologique utilisée comme support secondaire de date. Audit page événement spécifique prévu ultérieurement.,V15
SRC-0823,https://en.wikipedia.org/wiki/2020,en.wikipedia.org,WIKIPEDIA_SECONDARY,B,,,4,Wikipedia — chronologie de l’année 2020,V15: page annuelle/chronologique utilisée comme support secondaire de date. Audit page événement spécifique prévu ultérieurement.,V15
SRC-0824,https://en.wikipedia.org/wiki/2021,en.wikipedia.org,WIKIPEDIA_SECONDARY,B,,,4,Wikipedia — chronologie de l’année 2021,V15: page annuelle/chronologique utilisée comme support secondaire de date. Audit page événement spécifique prévu ultérieurement.,V15
SRC-0825,https://en.wikipedia.org/wiki/2022,en.wikipedia.org,WIKIPEDIA_SECONDARY,B,,,4,Wikipedia — chronologie de l’année 2022,V15: page annuelle/chronologique utilisée comme support secondaire de date. Audit page événement spécifique prévu ultérieurement.,V15
SRC-0826,https://en.wikipedia.org/wiki/2023,en.wikipedia.org,WIKIPEDIA_SECONDARY,B,,,3,Wikipedia — chronologie de l’année 2023,V15: page annuelle/chronologique utilisée comme support secondaire de date. Audit page événement spécifique prévu ultérieurement.,V15
SRC-0827,https://en.wikipedia.org/wiki/2024,en.wikipedia.org,WIKIPEDIA_SECONDARY,B,,,2,Wikipedia — chronologie de l’année 2024,V15: page annuelle/chronologique utilisée comme support secondaire de date. Audit page événement spécifique prévu ultérieurement.,V15
SRC-0828,https://en.wikipedia.org/wiki/Eruption_of_Mount_Vesuvius_in_79_AD,en.wikipedia.org,WIKIPEDIA_SECONDARY,B,,,0,Wikipedia — Eruption of Mount Vesuvius in 79 AD,Added in V16 targeted general-culture QA.,V16
SRC-0829,https://en.wikipedia.org/wiki/Minoan_eruption,en.wikipedia.org,WIKIPEDIA_SECONDARY,B,,,0,Wikipedia — Minoan eruption,Added in V16 targeted general-culture QA.,V16
SRC-0830,https://en.wikipedia.org/wiki/Battle_of_the_Boyne,en.wikipedia.org,WIKIPEDIA_SECONDARY,B,,,0,Wikipedia — Battle of the Boyne,Added in V16 targeted general-culture QA.,V16
SRC-0831,https://en.wikipedia.org/wiki/Kite_experiment,en.wikipedia.org,WIKIPEDIA_SECONDARY,B,,,0,Wikipedia — Kite experiment,Added in V16 targeted general-culture QA.,V16
SRC-0832,https://en.wikipedia.org/wiki/View_from_the_Window_at_Le_Gras,en.wikipedia.org,WIKIPEDIA_SECONDARY,B,,,0,Wikipedia — View from the Window at Le Gras,Added in V16 targeted general-culture QA.,V16
SRC-0833,https://fr.wikipedia.org/wiki/Abolition_du_servage_de_1861,fr.wikipedia.org,WIKIPEDIA_SECONDARY,B,,,0,Wikipédia — Abolition du servage de 1861,Added in V16 targeted general-culture QA.,V16
SRC-0834,https://fr.wikipedia.org/wiki/Les_Mis%C3%A9rables,fr.wikipedia.org,WIKIPEDIA_SECONDARY,B,,,0,Wikipédia — Les Misérables,Added in V16 targeted general-culture QA.,V16
SRC-0835,https://en.wikipedia.org/wiki/Experiments_on_Plant_Hybridization,en.wikipedia.org,WIKIPEDIA_SECONDARY,B,,,0,Wikipedia — Experiments on Plant Hybridization,Added in V16 targeted general-culture QA.,V16
SRC-0836,https://www.nps.gov/edis/learn/historyculture/edison-biography.htm,www.nps.gov,PRIMARY_OR_OFFICIAL,A,,,0,NPS — Edison Biography,Added in V16 targeted general-culture QA.,V16
SRC-0837,https://home.nps.gov/edis/learn/historyculture/origins-of-sound-recording-thomas-edison.htm,home.nps.gov,PRIMARY_OR_OFFICIAL,A,,,0,NPS — Origins of Sound Recording: Thomas Edison,Added in V16 targeted general-culture QA.,V16
SRC-0838,https://en.wikipedia.org/wiki/Proclamation_of_the_Congo_Free_State,en.wikipedia.org,WIKIPEDIA_SECONDARY,B,,,0,Wikipedia — Proclamation of the Congo Free State,Added in V16 targeted general-culture QA.,V16
SRC-0839,https://en.wikipedia.org/wiki/Chinese_Communist_Party,en.wikipedia.org,WIKIPEDIA_SECONDARY,B,,,0,Wikipedia — Chinese Communist Party,Added in V16 targeted general-culture QA.,V16
SRC-0840,https://en.wikipedia.org/wiki/Clyde_Tombaugh,en.wikipedia.org,WIKIPEDIA_SECONDARY,B,,,0,Wikipedia — Clyde Tombaugh,Added in V16 targeted general-culture QA.,V16
SRC-0841,https://en.wikipedia.org/wiki/Assembly_line,en.wikipedia.org,WIKIPEDIA_SECONDARY,B,,,0,Wikipedia — Assembly line,Added in V16 targeted general-culture QA.,V16
SRC-0842,https://en.wikipedia.org/wiki/Organisation_of_the_League_of_Nations,en.wikipedia.org,WIKIPEDIA_SECONDARY,B,,,0,Wikipedia — Organisation of the League of Nations,Added in V16 targeted general-culture QA.,V16
SRC-0843,https://en.wikipedia.org/wiki/Rentenmark,en.wikipedia.org,WIKIPEDIA_SECONDARY,B,,,0,Wikipedia — Rentenmark,Added in V16 targeted general-culture QA.,V16
SRC-0844,https://en.wikipedia.org/wiki/Long_March,en.wikipedia.org,WIKIPEDIA_SECONDARY,B,,,0,Wikipedia — Long March,Added in V16 targeted general-culture QA.,V16
SRC-0845,https://en.wikipedia.org/wiki/1948_South_African_general_election,en.wikipedia.org,WIKIPEDIA_SECONDARY,B,,,0,Wikipedia — 1948 South African general election,Added in V16 targeted general-culture QA.,V16
SRC-0846,https://www.nasa.gov/history/president-eisenhower-signs-nasa-into-existence/,www.nasa.gov,PRIMARY_OR_OFFICIAL,A,,,0,NASA — President Eisenhower Signs NASA into Existence,Added in V16 targeted general-culture QA.,V16
SRC-0847,https://en.wikipedia.org/wiki/Intel_4004,en.wikipedia.org,WIKIPEDIA_SECONDARY,B,,,0,Wikipedia — Intel 4004,Added in V16 targeted general-culture QA.,V16
SRC-0848,https://www.w3.org/People/Berners-Lee/FAQ.html,www.w3.org,PRIMARY_OR_OFFICIAL,A,,,0,W3C / Tim Berners-Lee — FAQ,Added in V16 targeted general-culture QA.,V16
SRC-0849,https://en.wikipedia.org/wiki/Dolly_%28sheep%29,en.wikipedia.org,WIKIPEDIA_SECONDARY,B,,,0,Wikipedia — Dolly (sheep),Added in V16 targeted general-culture QA.,V16
SRC-0850,https://en.wikipedia.org/wiki/World_Chess_Championship_1972,en.wikipedia.org,WIKIPEDIA_SECONDARY,B,,,0,Wikipedia — World Chess Championship 1972,Added in V16 targeted general-culture QA.,V16
SRC-0851,https://en.wikipedia.org/wiki/Apple_II,en.wikipedia.org,WIKIPEDIA_SECONDARY,B,,,0,Wikipedia — Apple II,Added in V16 targeted general-culture QA.,V16
SRC-0852,https://en.wikipedia.org/wiki/Guglielmo_Marconi,en.wikipedia.org,WIKIPEDIA_SECONDARY,B,,,0,Wikipedia — Guglielmo Marconi,Added in V16 targeted general-culture QA.,V16
SRC-0853,https://en.wikipedia.org/wiki/The_Interpretation_of_Dreams,en.wikipedia.org,WIKIPEDIA_SECONDARY,B,,,0,Wikipedia — The Interpretation of Dreams,Added in V16 targeted general-culture QA.,V16
SRC-0854,https://en.wikipedia.org/wiki/1457_BC,en.wikipedia.org,WIKIPEDIA_SECONDARY,B,,,1,Wikipedia — 1457 BC,V18 culture générale : source de série ou chronologie annuelle utilisée comme support secondaire B ; QA ciblée V19 prévue.,V18
SRC-0855,https://en.wikipedia.org/wiki/1353_BC,en.wikipedia.org,WIKIPEDIA_SECONDARY,B,,,1,Wikipedia — 1353 BC,V18 culture générale : source de série ou chronologie annuelle utilisée comme support secondaire B ; QA ciblée V19 prévue.,V18
SRC-0856,https://en.wikipedia.org/wiki/1323_BC,en.wikipedia.org,WIKIPEDIA_SECONDARY,B,,,1,Wikipedia — 1323 BC,V18 culture générale : source de série ou chronologie annuelle utilisée comme support secondaire B ; QA ciblée V19 prévue.,V18
SRC-0857,https://en.wikipedia.org/wiki/1177_BC,en.wikipedia.org,WIKIPEDIA_SECONDARY,B,,,1,Wikipedia — 1177 BC,V18 culture générale : source de série ou chronologie annuelle utilisée comme support secondaire B ; QA ciblée V19 prévue.,V18
SRC-0858,https://en.wikipedia.org/wiki/814_BC,en.wikipedia.org,WIKIPEDIA_SECONDARY,B,,,1,Wikipedia — 814 BC,V18 culture générale : source de série ou chronologie annuelle utilisée comme support secondaire B ; QA ciblée V19 prévue.,V18
SRC-0859,https://en.wikipedia.org/wiki/722_BC,en.wikipedia.org,WIKIPEDIA_SECONDARY,B,,,1,Wikipedia — 722 BC,V18 culture générale : source de série ou chronologie annuelle utilisée comme support secondaire B ; QA ciblée V19 prévue.,V18
SRC-0860,https://en.wikipedia.org/wiki/612_BC,en.wikipedia.org,WIKIPEDIA_SECONDARY,B,,,1,Wikipedia — 612 BC,V18 culture générale : source de série ou chronologie annuelle utilisée comme support secondaire B ; QA ciblée V19 prévue.,V18
SRC-0861,https://en.wikipedia.org/wiki/539_BC,en.wikipedia.org,WIKIPEDIA_SECONDARY,B,,,1,Wikipedia — 539 BC,V18 culture générale : source de série ou chronologie annuelle utilisée comme support secondaire B ; QA ciblée V19 prévue.,V18
SRC-0862,https://en.wikipedia.org/wiki/525_BC,en.wikipedia.org,WIKIPEDIA_SECONDARY,B,,,1,Wikipedia — 525 BC,V18 culture générale : source de série ou chronologie annuelle utilisée comme support secondaire B ; QA ciblée V19 prévue.,V18
SRC-0863,https://en.wikipedia.org/wiki/499_BC,en.wikipedia.org,WIKIPEDIA_SECONDARY,B,,,1,Wikipedia — 499 BC,V18 culture générale : source de série ou chronologie annuelle utilisée comme support secondaire B ; QA ciblée V19 prévue.,V18
SRC-0864,https://en.wikipedia.org/wiki/415_BC,en.wikipedia.org,WIKIPEDIA_SECONDARY,B,,,1,Wikipedia — 415 BC,V18 culture générale : source de série ou chronologie annuelle utilisée comme support secondaire B ; QA ciblée V19 prévue.,V18
SRC-0865,https://en.wikipedia.org/wiki/399_BC,en.wikipedia.org,WIKIPEDIA_SECONDARY,B,,,1,Wikipedia — 399 BC,V18 culture générale : source de série ou chronologie annuelle utilisée comme support secondaire B ; QA ciblée V19 prévue.,V18
SRC-0866,https://en.wikipedia.org/wiki/305_BC,en.wikipedia.org,WIKIPEDIA_SECONDARY,B,,,1,Wikipedia — 305 BC,V18 culture générale : source de série ou chronologie annuelle utilisée comme support secondaire B ; QA ciblée V19 prévue.,V18
SRC-0867,https://en.wikipedia.org/wiki/280_BC,en.wikipedia.org,WIKIPEDIA_SECONDARY,B,,,1,Wikipedia — 280 BC,V18 culture générale : source de série ou chronologie annuelle utilisée comme support secondaire B ; QA ciblée V19 prévue.,V18
SRC-0868,https://en.wikipedia.org/wiki/241_BC,en.wikipedia.org,WIKIPEDIA_SECONDARY,B,,,1,Wikipedia — 241 BC,V18 culture générale : source de série ou chronologie annuelle utilisée comme support secondaire B ; QA ciblée V19 prévue.,V18
SRC-0869,https://en.wikipedia.org/wiki/149_BC,en.wikipedia.org,WIKIPEDIA_SECONDARY,B,,,1,Wikipedia — 149 BC,V18 culture générale : source de série ou chronologie annuelle utilisée comme support secondaire B ; QA ciblée V19 prévue.,V18
SRC-0870,https://en.wikipedia.org/wiki/133_BC,en.wikipedia.org,WIKIPEDIA_SECONDARY,B,,,1,Wikipedia — 133 BC,V18 culture générale : source de série ou chronologie annuelle utilisée comme support secondaire B ; QA ciblée V19 prévue.,V18
SRC-0871,https://en.wikipedia.org/wiki/91_BC,en.wikipedia.org,WIKIPEDIA_SECONDARY,B,,,1,Wikipedia — 91 BC,V18 culture générale : source de série ou chronologie annuelle utilisée comme support secondaire B ; QA ciblée V19 prévue.,V18
SRC-0872,https://en.wikipedia.org/wiki/43,en.wikipedia.org,WIKIPEDIA_SECONDARY,B,,,1,Wikipedia — 43,V18 culture générale : source de série ou chronologie annuelle utilisée comme support secondaire B ; QA ciblée V19 prévue.,V18
SRC-0873,https://en.wikipedia.org/wiki/60,en.wikipedia.org,WIKIPEDIA_SECONDARY,B,,,1,Wikipedia — 60,V18 culture générale : source de série ou chronologie annuelle utilisée comme support secondaire B ; QA ciblée V19 prévue.,V18
SRC-0874,https://en.wikipedia.org/wiki/122,en.wikipedia.org,WIKIPEDIA_SECONDARY,B,,,1,Wikipedia — 122,V18 culture générale : source de série ou chronologie annuelle utilisée comme support secondaire B ; QA ciblée V19 prévue.,V18
SRC-0875,https://en.wikipedia.org/wiki/165,en.wikipedia.org,WIKIPEDIA_SECONDARY,B,,,1,Wikipedia — 165,V18 culture générale : source de série ou chronologie annuelle utilisée comme support secondaire B ; QA ciblée V19 prévue.,V18
SRC-0876,https://en.wikipedia.org/wiki/250,en.wikipedia.org,WIKIPEDIA_SECONDARY,B,,,1,Wikipedia — 250,V18 culture générale : source de série ou chronologie annuelle utilisée comme support secondaire B ; QA ciblée V19 prévue.,V18
SRC-0877,https://en.wikipedia.org/wiki/313,en.wikipedia.org,WIKIPEDIA_SECONDARY,B,,,1,Wikipedia — 313,V18 culture générale : source de série ou chronologie annuelle utilisée comme support secondaire B ; QA ciblée V19 prévue.,V18
SRC-0878,https://en.wikipedia.org/wiki/330,en.wikipedia.org,WIKIPEDIA_SECONDARY,B,,,1,Wikipedia — 330,V18 culture générale : source de série ou chronologie annuelle utilisée comme support secondaire B ; QA ciblée V19 prévue.,V18
SRC-0879,https://en.wikipedia.org/wiki/378,en.wikipedia.org,WIKIPEDIA_SECONDARY,B,,,1,Wikipedia — 378,V18 culture générale : source de série ou chronologie annuelle utilisée comme support secondaire B ; QA ciblée V19 prévue.,V18
SRC-0880,https://en.wikipedia.org/wiki/529,en.wikipedia.org,WIKIPEDIA_SECONDARY,B,,,1,Wikipedia — 529,V18 culture générale : source de série ou chronologie annuelle utilisée comme support secondaire B ; QA ciblée V19 prévue.,V18
SRC-0881,https://en.wikipedia.org/wiki/568,en.wikipedia.org,WIKIPEDIA_SECONDARY,B,,,1,Wikipedia — 568,V18 culture générale : source de série ou chronologie annuelle utilisée comme support secondaire B ; QA ciblée V19 prévue.,V18
SRC-0882,https://en.wikipedia.org/wiki/610,en.wikipedia.org,WIKIPEDIA_SECONDARY,B,,,1,Wikipedia — 610,V18 culture générale : source de série ou chronologie annuelle utilisée comme support secondaire B ; QA ciblée V19 prévue.,V18
SRC-0883,https://en.wikipedia.org/wiki/732,en.wikipedia.org,WIKIPEDIA_SECONDARY,B,,,1,Wikipedia — 732,V18 culture générale : source de série ou chronologie annuelle utilisée comme support secondaire B ; QA ciblée V19 prévue.,V18
SRC-0884,https://en.wikipedia.org/wiki/751,en.wikipedia.org,WIKIPEDIA_SECONDARY,B,,,1,Wikipedia — 751,V18 culture générale : source de série ou chronologie annuelle utilisée comme support secondaire B ; QA ciblée V19 prévue.,V18
SRC-0885,https://en.wikipedia.org/wiki/862,en.wikipedia.org,WIKIPEDIA_SECONDARY,B,,,1,Wikipedia — 862,V18 culture générale : source de série ou chronologie annuelle utilisée comme support secondaire B ; QA ciblée V19 prévue.,V18
SRC-0886,https://en.wikipedia.org/wiki/955,en.wikipedia.org,WIKIPEDIA_SECONDARY,B,,,1,Wikipedia — 955,V18 culture générale : source de série ou chronologie annuelle utilisée comme support secondaire B ; QA ciblée V19 prévue.,V18
SRC-0887,https://en.wikipedia.org/wiki/987,en.wikipedia.org,WIKIPEDIA_SECONDARY,B,,,1,Wikipedia — 987,V18 culture générale : source de série ou chronologie annuelle utilisée comme support secondaire B ; QA ciblée V19 prévue.,V18
SRC-0888,https://en.wikipedia.org/wiki/1016,en.wikipedia.org,WIKIPEDIA_SECONDARY,B,,,1,Wikipedia — 1016,V18 culture générale : source de série ou chronologie annuelle utilisée comme support secondaire B ; QA ciblée V19 prévue.,V18
SRC-0889,https://en.wikipedia.org/wiki/1054,en.wikipedia.org,WIKIPEDIA_SECONDARY,B,,,1,Wikipedia — 1054,V18 culture générale : source de série ou chronologie annuelle utilisée comme support secondaire B ; QA ciblée V19 prévue.,V18
SRC-0890,https://en.wikipedia.org/wiki/1147,en.wikipedia.org,WIKIPEDIA_SECONDARY,B,,,1,Wikipedia — 1147,V18 culture générale : source de série ou chronologie annuelle utilisée comme support secondaire B ; QA ciblée V19 prévue.,V18
SRC-0891,https://en.wikipedia.org/wiki/1209,en.wikipedia.org,WIKIPEDIA_SECONDARY,B,,,1,Wikipedia — 1209,V18 culture générale : source de série ou chronologie annuelle utilisée comme support secondaire B ; QA ciblée V19 prévue.,V18
SRC-0892,https://en.wikipedia.org/wiki/1236,en.wikipedia.org,WIKIPEDIA_SECONDARY,B,,,1,Wikipedia — 1236,V18 culture générale : source de série ou chronologie annuelle utilisée comme support secondaire B ; QA ciblée V19 prévue.,V18
SRC-0893,https://en.wikipedia.org/wiki/1337,en.wikipedia.org,WIKIPEDIA_SECONDARY,B,,,1,Wikipedia — 1337,V18 culture générale : source de série ou chronologie annuelle utilisée comme support secondaire B ; QA ciblée V19 prévue.,V18
SRC-0894,https://en.wikipedia.org/wiki/1356,en.wikipedia.org,WIKIPEDIA_SECONDARY,B,,,1,Wikipedia — 1356,V18 culture générale : source de série ou chronologie annuelle utilisée comme support secondaire B ; QA ciblée V19 prévue.,V18
SRC-0895,https://en.wikipedia.org/wiki/1405,en.wikipedia.org,WIKIPEDIA_SECONDARY,B,,,1,Wikipedia — 1405,V18 culture générale : source de série ou chronologie annuelle utilisée comme support secondaire B ; QA ciblée V19 prévue.,V18
SRC-0896,https://en.wikipedia.org/wiki/1455,en.wikipedia.org,WIKIPEDIA_SECONDARY,B,,,1,Wikipedia — 1455,V18 culture générale : source de série ou chronologie annuelle utilisée comme support secondaire B ; QA ciblée V19 prévue.,V18
SRC-0897,https://en.wikipedia.org/wiki/1494,en.wikipedia.org,WIKIPEDIA_SECONDARY,B,,,1,Wikipedia — 1494,V18 culture générale : source de série ou chronologie annuelle utilisée comme support secondaire B ; QA ciblée V19 prévue.,V18
SRC-0898,https://en.wikipedia.org/wiki/1532,en.wikipedia.org,WIKIPEDIA_SECONDARY,B,,,1,Wikipedia — 1532,V18 culture générale : source de série ou chronologie annuelle utilisée comme support secondaire B ; QA ciblée V19 prévue.,V18
SRC-0899,https://en.wikipedia.org/wiki/1580,en.wikipedia.org,WIKIPEDIA_SECONDARY,B,,,1,Wikipedia — 1580,V18 culture générale : source de série ou chronologie annuelle utilisée comme support secondaire B ; QA ciblée V19 prévue.,V18
SRC-0900,https://en.wikipedia.org/wiki/1620,en.wikipedia.org,WIKIPEDIA_SECONDARY,B,,,1,Wikipedia — 1620,V18 culture générale : source de série ou chronologie annuelle utilisée comme support secondaire B ; QA ciblée V19 prévue.,V18
SRC-0901,https://en.wikipedia.org/wiki/1624,en.wikipedia.org,WIKIPEDIA_SECONDARY,B,,,1,Wikipedia — 1624,V18 culture générale : source de série ou chronologie annuelle utilisée comme support secondaire B ; QA ciblée V19 prévue.,V18
SRC-0902,https://en.wikipedia.org/wiki/1633,en.wikipedia.org,WIKIPEDIA_SECONDARY,B,,,1,Wikipedia — 1633,V18 culture générale : source de série ou chronologie annuelle utilisée comme support secondaire B ; QA ciblée V19 prévue.,V18
SRC-0903,https://en.wikipedia.org/wiki/1672,en.wikipedia.org,WIKIPEDIA_SECONDARY,B,,,1,Wikipedia — 1672,V18 culture générale : source de série ou chronologie annuelle utilisée comme support secondaire B ; QA ciblée V19 prévue.,V18
SRC-0904,https://en.wikipedia.org/wiki/1683,en.wikipedia.org,WIKIPEDIA_SECONDARY,B,,,1,Wikipedia — 1683,V18 culture générale : source de série ou chronologie annuelle utilisée comme support secondaire B ; QA ciblée V19 prévue.,V18
SRC-0905,https://en.wikipedia.org/wiki/1697,en.wikipedia.org,WIKIPEDIA_SECONDARY,B,,,1,Wikipedia — 1697,V18 culture générale : source de série ou chronologie annuelle utilisée comme support secondaire B ; QA ciblée V19 prévue.,V18
SRC-0906,https://en.wikipedia.org/wiki/1720,en.wikipedia.org,WIKIPEDIA_SECONDARY,B,,,1,Wikipedia — 1720,V18 culture générale : source de série ou chronologie annuelle utilisée comme support secondaire B ; QA ciblée V19 prévue.,V18
SRC-0907,https://en.wikipedia.org/wiki/1733,en.wikipedia.org,WIKIPEDIA_SECONDARY,B,,,1,Wikipedia — 1733,V18 culture générale : source de série ou chronologie annuelle utilisée comme support secondaire B ; QA ciblée V19 prévue.,V18
SRC-0908,https://en.wikipedia.org/wiki/United_States_presidential_election,en.wikipedia.org,WIKIPEDIA_SECONDARY,B,,,60,Wikipedia — United States presidential election,V18 culture générale : source de série ou chronologie annuelle utilisée comme support secondaire B ; QA ciblée V19 prévue.,V18
SRC-0909,https://en.wikipedia.org/wiki/1792,en.wikipedia.org,WIKIPEDIA_SECONDARY,B,,,1,Wikipedia — 1792,V18 culture générale : source de série ou chronologie annuelle utilisée comme support secondaire B ; QA ciblée V19 prévue.,V18
SRC-0910,https://en.wikipedia.org/wiki/1794,en.wikipedia.org,WIKIPEDIA_SECONDARY,B,,,1,Wikipedia — 1794,V18 culture générale : source de série ou chronologie annuelle utilisée comme support secondaire B ; QA ciblée V19 prévue.,V18
SRC-0911,https://en.wikipedia.org/wiki/1800,en.wikipedia.org,WIKIPEDIA_SECONDARY,B,,,1,Wikipedia — 1800,V18 culture générale : source de série ou chronologie annuelle utilisée comme support secondaire B ; QA ciblée V19 prévue.,V18
SRC-0912,https://en.wikipedia.org/wiki/1830,en.wikipedia.org,WIKIPEDIA_SECONDARY,B,,,1,Wikipedia — 1830,V18 culture générale : source de série ou chronologie annuelle utilisée comme support secondaire B ; QA ciblée V19 prévue.,V18
SRC-0913,https://en.wikipedia.org/wiki/1832,en.wikipedia.org,WIKIPEDIA_SECONDARY,B,,,1,Wikipedia — 1832,V18 culture générale : source de série ou chronologie annuelle utilisée comme support secondaire B ; QA ciblée V19 prévue.,V18
SRC-0914,https://en.wikipedia.org/wiki/1833,en.wikipedia.org,WIKIPEDIA_SECONDARY,B,,,1,Wikipedia — 1833,V18 culture générale : source de série ou chronologie annuelle utilisée comme support secondaire B ; QA ciblée V19 prévue.,V18
SRC-0915,https://en.wikipedia.org/wiki/1838,en.wikipedia.org,WIKIPEDIA_SECONDARY,B,,,1,Wikipedia — 1838,V18 culture générale : source de série ou chronologie annuelle utilisée comme support secondaire B ; QA ciblée V19 prévue.,V18
SRC-0916,https://en.wikipedia.org/wiki/1843,en.wikipedia.org,WIKIPEDIA_SECONDARY,B,,,1,Wikipedia — 1843,V18 culture générale : source de série ou chronologie annuelle utilisée comme support secondaire B ; QA ciblée V19 prévue.,V18
SRC-0917,https://en.wikipedia.org/wiki/1845,en.wikipedia.org,WIKIPEDIA_SECONDARY,B,,,1,Wikipedia — 1845,V18 culture générale : source de série ou chronologie annuelle utilisée comme support secondaire B ; QA ciblée V19 prévue.,V18
SRC-0918,https://en.wikipedia.org/wiki/1850,en.wikipedia.org,WIKIPEDIA_SECONDARY,B,,,1,Wikipedia — 1850,V18 culture générale : source de série ou chronologie annuelle utilisée comme support secondaire B ; QA ciblée V19 prévue.,V18
SRC-0919,https://en.wikipedia.org/wiki/1857,en.wikipedia.org,WIKIPEDIA_SECONDARY,B,,,1,Wikipedia — 1857,V18 culture générale : source de série ou chronologie annuelle utilisée comme support secondaire B ; QA ciblée V19 prévue.,V18
SRC-0920,"https://en.wikipedia.org/wiki/The_Championships,_Wimbledon",en.wikipedia.org,WIKIPEDIA_SECONDARY,B,,,85,"Wikipedia — The Championships, Wimbledon",V18 culture générale : source de série ou chronologie annuelle utilisée comme support secondaire B ; QA ciblée V19 prévue.,V18
SRC-0921,https://en.wikipedia.org/wiki/1888,en.wikipedia.org,WIKIPEDIA_SECONDARY,B,,,2,Wikipedia — 1888,V18 culture générale : source de série ou chronologie annuelle utilisée comme support secondaire B ; QA ciblée V19 prévue.,V18
SRC-0922,https://en.wikipedia.org/wiki/List_of_Olympic_Games_host_cities,en.wikipedia.org,WIKIPEDIA_SECONDARY,B,,,44,Wikipedia — List of Olympic Games host cities,V18 culture générale : source de série ou chronologie annuelle utilisée comme support secondaire B ; QA ciblée V19 prévue.,V18
SRC-0923,https://en.wikipedia.org/wiki/Tour_de_France,en.wikipedia.org,WIKIPEDIA_SECONDARY,B,,,90,Wikipedia — Tour de France,V18 culture générale : source de série ou chronologie annuelle utilisée comme support secondaire B ; QA ciblée V19 prévue.,V18
SRC-0924,https://en.wikipedia.org/wiki/List_of_Academy_Awards_ceremonies,en.wikipedia.org,WIKIPEDIA_SECONDARY,B,,,85,Wikipedia — List of Academy Awards ceremonies,V18 culture générale : source de série ou chronologie annuelle utilisée comme support secondaire B ; QA ciblée V19 prévue.,V18
SRC-0925,https://en.wikipedia.org/wiki/FIFA_World_Cup,en.wikipedia.org,WIKIPEDIA_SECONDARY,B,,,21,Wikipedia — FIFA World Cup,V18 culture générale : source de série ou chronologie annuelle utilisée comme support secondaire B ; QA ciblée V19 prévue.,V18
SRC-0926,https://en.wikipedia.org/wiki/Golden_Globe_Awards,en.wikipedia.org,WIKIPEDIA_SECONDARY,B,,,55,Wikipedia — Golden Globe Awards,V18 culture générale : source de série ou chronologie annuelle utilisée comme support secondaire B ; QA ciblée V19 prévue.,V18
SRC-0927,https://en.wikipedia.org/wiki/British_Academy_Film_Awards,en.wikipedia.org,WIKIPEDIA_SECONDARY,B,,,55,Wikipedia — British Academy Film Awards,V18 culture générale : source de série ou chronologie annuelle utilisée comme support secondaire B ; QA ciblée V19 prévue.,V18
SRC-0928,https://en.wikipedia.org/wiki/List_of_Formula_One_seasons,en.wikipedia.org,WIKIPEDIA_SECONDARY,B,,,60,Wikipedia — List of Formula One seasons,V18 culture générale : source de série ou chronologie annuelle utilisée comme support secondaire B ; QA ciblée V19 prévue.,V18
SRC-0929,https://en.wikipedia.org/wiki/Berlin_International_Film_Festival,en.wikipedia.org,WIKIPEDIA_SECONDARY,B,,,55,Wikipedia — Berlin International Film Festival,V18 culture générale : source de série ou chronologie annuelle utilisée comme support secondaire B ; QA ciblée V19 prévue.,V18
SRC-0930,https://en.wikipedia.org/wiki/Eurovision_Song_Contest,en.wikipedia.org,WIKIPEDIA_SECONDARY,B,,,55,Wikipedia — Eurovision Song Contest,V18 culture générale : source de série ou chronologie annuelle utilisée comme support secondaire B ; QA ciblée V19 prévue.,V18
SRC-0931,https://en.wikipedia.org/wiki/Grammy_Awards,en.wikipedia.org,WIKIPEDIA_SECONDARY,B,,,55,Wikipedia — Grammy Awards,V18 culture générale : source de série ou chronologie annuelle utilisée comme support secondaire B ; QA ciblée V19 prévue.,V18
SRC-0932,https://en.wikipedia.org/wiki/UEFA_European_Championship,en.wikipedia.org,WIKIPEDIA_SECONDARY,B,,,17,Wikipedia — UEFA European Championship,V18 culture générale : source de série ou chronologie annuelle utilisée comme support secondaire B ; QA ciblée V19 prévue.,V18
SRC-0933,https://en.wikipedia.org/wiki/Presidential_elections_in_France,en.wikipedia.org,WIKIPEDIA_SECONDARY,B,,,10,Wikipedia — Presidential elections in France,V18 culture générale : source de série ou chronologie annuelle utilisée comme support secondaire B ; QA ciblée V19 prévue.,V18
SRC-0934,https://en.wikipedia.org/wiki/Super_Bowl,en.wikipedia.org,WIKIPEDIA_SECONDARY,B,,,40,Wikipedia — Super Bowl,V18 culture générale : source de série ou chronologie annuelle utilisée comme support secondaire B ; QA ciblée V19 prévue.,V18
SRC-0935,https://en.wikipedia.org/wiki/C%C3%A9sar_Awards,en.wikipedia.org,WIKIPEDIA_SECONDARY,B,,,39,Wikipedia — César Awards,V18 culture générale : source de série ou chronologie annuelle utilisée comme support secondaire B ; QA ciblée V19 prévue.,V18
SRC-0936,https://en.wikipedia.org/wiki/Rugby_World_Cup,en.wikipedia.org,WIKIPEDIA_SECONDARY,B,,,10,Wikipedia — Rugby World Cup,V18 culture générale : source de série ou chronologie annuelle utilisée comme support secondaire B ; QA ciblée V19 prévue.,V18
SRC-0937,https://en.wikipedia.org/wiki/1988,en.wikipedia.org,WIKIPEDIA_SECONDARY,B,,,2,Wikipedia — 1988,V18 culture générale : source de série ou chronologie annuelle utilisée comme support secondaire B ; QA ciblée V19 prévue.,V18
SRC-0938,https://en.wikipedia.org/wiki/2006,en.wikipedia.org,WIKIPEDIA_SECONDARY,B,,,3,Wikipedia — 2006,V18 culture générale : source de série ou chronologie annuelle utilisée comme support secondaire B ; QA ciblée V19 prévue.,V18
SRC-0939,https://en.wikipedia.org/wiki/2009,en.wikipedia.org,WIKIPEDIA_SECONDARY,B,,,4,Wikipedia — 2009,V18 culture générale : source de série ou chronologie annuelle utilisée comme support secondaire B ; QA ciblée V19 prévue.,V18
SRC-0940,https://en.wikipedia.org/wiki/2017,en.wikipedia.org,WIKIPEDIA_SECONDARY,B,,,2,Wikipedia — 2017,V18 culture générale : source de série ou chronologie annuelle utilisée comme support secondaire B ; QA ciblée V19 prévue.,V18
SRC-0941,https://eduscol.education.gouv.fr/sites/default/files/document/ra16c3his6eth1lalonguehistoiredelhumaniteetdesmigrations-dm619971pdf-77124.pdf,eduscol.education.gouv.fr,CURRICULUM_OFFICIAL,A,6e,Tronc commun,1,Éduscol — 6e : révolution néolithique,Ancrage de site choisi éditorialement ; aucune date obligatoire de Çatalhöyük dans le programme.,V18 / issue #9
SRC-0942,https://doi.org/10.1073/pnas.1904345116,doi.org,ACADEMIC,B,6e,Tronc commun,1,"Larsen et al. — PNAS 2019, Çatalhöyük","Référentiel retenu : environ 7100-5950 cal BCE. DOI 10.1073/pnas.1904345116 ; texte : https://pmc.ncbi.nlm.nih.gov/articles/PMC6601267/ . Source académique B selon les types existants, indépendamment de la précision APPROXIMATE.",V18 / issue #9
SRC-0943,https://whc.unesco.org/en/list/1405/,whc.unesco.org,PRIMARY_OR_OFFICIAL,A,6e,Tronc commun,1,UNESCO — Site néolithique de Çatalhöyük,"Tertre oriental : environ 7400-6200 av. J.-C. ; variante conservée, sans la fusionner avec la plage PNAS retenue.",V18 / issue #9
