event_id,title_canonical,description_short,alias_count,aliases,alias_review_status,semantic_topic_count,geography_count,high_confidence_topic_count,high_confidence_geography_count,semantic_review_status
EVT-0549,Unification de l’Égypte sous les premiers pharaons,"Unification de l’Égypte sous les premiers pharaons. Repère daté de 3100 av. J.-C., lié à Politique et Construction de l’État, avec un ancrage principal en Afrique et Égypte.",0,,REVIEWED_NO_SAFE_ALIAS_REQUIRED,2,2,2,2,COMPLETE
EVT-0550,Bataille des Thermopyles,"Bataille des Thermopyles. Repère daté de août 480 av. J.-C., lié à Batailles et opérations et Guerres et conflits, avec un ancrage principal en Europe et Grèce.",1,Thermopyles,REVIEWED_SAFE_ALIASES,2,2,2,2,COMPLETE
EVT-0551,Bataille de Cannes,"Bataille de Cannes. Repère daté de 2 août 216 av. J.-C., lié à Batailles et opérations et Guerres et conflits, avec un ancrage principal en Europe et Italie.",1,Cannes (216 av. J.-C.),REVIEWED_SAFE_ALIASES,2,2,2,2,COMPLETE
EVT-0552,Éruption du Vésuve ensevelissant Pompéi et Herculanum,"Éruption du Vésuve ensevelissant Pompéi et Herculanum. Repère daté de 24 août 79 traditionnel ; une datation automnale, notamment fin octobre, reste discutée, lié à Environnement et Histoire sociale, avec un ancrage principal en Europe et Italie.",2,Éruption de Pompéi;Destruction de Pompéi par le Vésuve,REVIEWED_SAFE_ALIASES,2,2,2,2,COMPLETE
EVT-0553,Sargon d’Akkad fonde l’Empire d’Akkad,"Sargon d’Akkad fonde l’Empire d’Akkad. Repère daté de 2334 av. J.-C., lié à Empires et Construction de l’État, avec un ancrage principal en Irak / Mésopotamie et Moyen-Orient.",0,,REVIEWED_NO_SAFE_ALIAS_REQUIRED,2,2,2,2,COMPLETE
EVT-0554,Bataille de Qadesh entre Ramsès II et les Hittites,"Bataille de Qadesh entre Ramsès II et les Hittites. Repère daté de 1274 av. J.-C., lié à Batailles et opérations, Diplomatie et Guerres et conflits, avec un ancrage principal en Égypte et Moyen-Orient.",1,Bataille de Qadesh,REVIEWED_SAFE_ALIASES,3,2,3,2,COMPLETE
EVT-0555,Effondrement de l’âge du bronze en Méditerranée orientale,"Effondrement de l’âge du bronze en Méditerranée orientale. Repère daté de 1200 av. J.-C., lié à Histoire sociale, Construction de l’État et Guerres et conflits, avec un ancrage principal en Méditerranée et Moyen-Orient.",0,,REVIEWED_NO_SAFE_ALIAS_REQUIRED,3,2,3,2,COMPLETE
EVT-0556,Réformes de Solon à Athènes,"Réformes de Solon à Athènes. Repère daté de 594 av. J.-C., lié à Démocratie, Droit et législation et Politique, avec un ancrage principal en Europe et Grèce.",0,,REVIEWED_NO_SAFE_ALIAS_REQUIRED,3,2,3,2,COMPLETE
EVT-0557,Bataille de Chéronée et domination macédonienne sur la Grèce,"Bataille de Chéronée et domination macédonienne sur la Grèce. Repère daté de 338 av. J.-C., lié à Batailles et opérations, Construction de l’État et Guerres et conflits, avec un ancrage principal en Europe et Grèce.",1,Bataille de Chéronée,REVIEWED_SAFE_ALIASES,3,2,3,2,COMPLETE
EVT-0558,Début de la deuxième guerre punique,"Début de la deuxième guerre punique. Repère daté de 218 av. J.-C., lié à Géopolitique et Guerres et conflits, avec un ancrage principal en Italie et Méditerranée.",1,La deuxième guerre punique,REVIEWED_SAFE_ALIASES,2,2,2,2,COMPLETE
EVT-0559,Bataille de Zama,"Bataille de Zama. Repère daté de 19 octobre 202 av. J.-C., lié à Batailles et opérations et Guerres et conflits, avec un ancrage principal en Afrique et Afrique du Nord.",0,,REVIEWED_NO_SAFE_ALIAS_REQUIRED,2,2,2,2,COMPLETE
EVT-0560,Début de la révolte de Spartacus,"Début de la révolte de Spartacus. Repère daté de 73 av. J.-C., lié à Révolutions et insurrections et Esclavage et traites, avec un ancrage principal en Europe et Italie.",1,La révolte de Spartacus,REVIEWED_SAFE_ALIASES,2,2,2,2,COMPLETE
EVT-0561,Défaite romaine dans la forêt de Teutoburg,"Défaite romaine dans la forêt de Teutoburg. Repère daté de septembre 9, lié à Batailles et opérations, Empires et Guerres et conflits, avec un ancrage principal en Europe et Allemagne.",2,Bataille de Teutoburg;Bataille de la forêt de Teutoburg,REVIEWED_SAFE_ALIASES,3,2,3,2,COMPLETE
EVT-0562,Début du grand incendie de Rome,"Début du grand incendie de Rome. Repère daté de 18 juillet 64, lié à Environnement et Urbanisation, avec un ancrage principal en Europe et Italie.",1,Grand incendie de Rome,REVIEWED_SAFE_ALIASES,2,2,2,2,COMPLETE
EVT-0563,Extension maximale de l’Empire romain sous Trajan,"Extension maximale de l’Empire romain sous Trajan. Repère daté de 117, lié à Empires et Géopolitique, avec un ancrage principal en Europe et Moyen-Orient.",0,,REVIEWED_NO_SAFE_ALIAS_REQUIRED,2,3,2,3,COMPLETE
EVT-0564,Constitution antonine accordant la citoyenneté romaine aux hommes libres de l’Empire,"Constitution antonine accordant la citoyenneté romaine aux hommes libres de l’Empire. Repère daté de 212, lié à Empires, Droit et législation et Droits et libertés, avec un ancrage principal en Europe et Méditerranée.",0,,REVIEWED_NO_SAFE_ALIAS_REQUIRED,3,2,3,2,COMPLETE
EVT-0565,Bataille du pont Milvius,"Bataille du pont Milvius. Repère daté de 28 octobre 312, lié à Batailles et opérations, Religions et Guerres et conflits, avec un ancrage principal en Europe et Italie.",0,,REVIEWED_NO_SAFE_ALIAS_REQUIRED,3,2,3,2,COMPLETE
EVT-0566,Mort de Théodose Ier et partage durable de l’Empire romain,"Mort de Théodose Ier et partage durable de l’Empire romain. Repère daté de 17 janvier 395, lié à Empires et Construction de l’État, avec un ancrage principal en Europe et Méditerranée.",1,Décès de Théodose Ier et partage durable de l’Empire romain,REVIEWED_SAFE_ALIASES,2,2,2,2,COMPLETE
EVT-0567,Bataille des Champs Catalauniques,"Bataille des Champs Catalauniques. Repère daté de 20 juin 451, lié à Batailles et opérations et Guerres et conflits, avec un ancrage principal en Europe et France.",0,,REVIEWED_NO_SAFE_ALIAS_REQUIRED,2,2,2,2,COMPLETE
EVT-0568,Début du sac de Rome par les Vandales,"Début du sac de Rome par les Vandales. Repère daté de 2 juin 455, lié à Empires et Guerres et conflits, avec un ancrage principal en Europe et Italie.",1,Sac de Rome par les Vandales,REVIEWED_SAFE_ALIASES,2,2,2,2,COMPLETE
EVT-0569,Début de la civilisation de la vallée de l’Indus à son apogée urbaine,"Début de la civilisation de la vallée de l’Indus à son apogée urbaine. Repère daté de 2600 av. J.-C., lié à Construction de l’État et Urbanisation, avec un ancrage principal en Asie et Inde.",1,La civilisation de la vallée de l’Indus à son apogée urbaine,REVIEWED_SAFE_ALIASES,2,2,2,2,COMPLETE
EVT-0570,Éruption minoenne de Santorin,"Éruption minoenne de Santorin. Repère daté de vers 1600 av. J.-C. ; datation discutée, approximativement entre le XVIIe et le XVIe siècle av. J.-C., lié à Environnement et Histoire sociale, avec un ancrage principal en Grèce et Méditerranée.",2,Éruption de Théra;Éruption de Santorin,REVIEWED_SAFE_ALIASES,2,2,2,2,COMPLETE
EVT-0571,Lois de Dracon à Athènes,"Lois de Dracon à Athènes. Repère daté de 621 av. J.-C., lié à Droit et législation et Politique, avec un ancrage principal en Europe et Grèce.",0,,REVIEWED_NO_SAFE_ALIAS_REQUIRED,2,2,2,2,COMPLETE
EVT-0572,Capitulation d’Athènes et fin de la guerre du Péloponnèse,"Capitulation d’Athènes et fin de la guerre du Péloponnèse. Repère daté de 404 av. J.-C., lié à Politique et Guerres et conflits, avec un ancrage principal en Europe et Grèce.",0,,REVIEWED_NO_SAFE_ALIAS_REQUIRED,2,2,2,2,COMPLETE
EVT-0573,Bataille du Granique,"Bataille du Granique. Repère daté de 334 av. J.-C., lié à Batailles et opérations, Empires et Guerres et conflits, avec un ancrage principal en Asie et Moyen-Orient.",0,,REVIEWED_NO_SAFE_ALIAS_REQUIRED,3,2,3,2,COMPLETE
EVT-0574,Début conventionnel de la crise du IIIe siècle dans l’Empire romain,"Début conventionnel de la crise du IIIe siècle dans l’Empire romain. Repère daté de 235, lié à Empires et Politique, avec un ancrage principal en Europe et Méditerranée.",0,,REVIEWED_NO_SAFE_ALIAS_REQUIRED,2,2,2,2,COMPLETE
EVT-0575,Dioclétien devient empereur romain,"Dioclétien devient empereur romain. Repère daté de 20 novembre 284, lié à Empires et Politique, avec un ancrage principal en Europe et Méditerranée.",0,,REVIEWED_NO_SAFE_ALIAS_REQUIRED,2,2,2,2,COMPLETE
EVT-0576,Mise en place de la Tétrarchie romaine,"Mise en place de la Tétrarchie romaine. Repère daté de 1 mars 293, lié à Empires, Politique et Construction de l’État, avec un ancrage principal en Europe et Méditerranée.",0,,REVIEWED_NO_SAFE_ALIAS_REQUIRED,3,2,3,2,COMPLETE
EVT-0577,Mort de Mahomet à Médine,"Mort de Mahomet à Médine. Repère daté de 8 juin 632, lié à Politique et Religions, avec un ancrage principal en Asie et Moyen-Orient.",1,Décès de Mahomet à Médine,REVIEWED_SAFE_ALIASES,2,2,2,2,COMPLETE
EVT-0578,Début de la conquête musulmane de la péninsule Ibérique,"Début de la conquête musulmane de la péninsule Ibérique. Repère daté de 711, lié à Empires, Religions et Guerres et conflits, avec un ancrage principal en Europe et Espagne.",1,La conquête musulmane de la péninsule Ibérique,REVIEWED_SAFE_ALIASES,3,2,3,2,COMPLETE
EVT-0579,Saladin reprend Jérusalem,"Saladin reprend Jérusalem. Repère daté de 2 octobre 1187, lié à Religions et Guerres et conflits, avec un ancrage principal en Israël / Palestine et Moyen-Orient.",0,,REVIEWED_NO_SAFE_ALIAS_REQUIRED,2,2,2,2,COMPLETE
EVT-0580,Arrivée de la peste noire en Sicile,"Arrivée de la peste noire en Sicile. Repère daté de octobre 1347, lié à Médecine et santé et Histoire sociale, avec un ancrage principal en Europe et Italie.",0,,REVIEWED_NO_SAFE_ALIAS_REQUIRED,2,2,2,2,COMPLETE
EVT-0581,Dédicace de la basilique Sainte-Sophie de Constantinople,"Dédicace de la basilique Sainte-Sophie de Constantinople. Repère daté de 27 décembre 537, lié à Arts et culture, Empires et Religions, avec un ancrage principal en Empire byzantin et Europe.",0,,REVIEWED_NO_SAFE_ALIAS_REQUIRED,3,2,3,2,COMPLETE
EVT-0582,Début de la peste de Justinien dans l’Empire byzantin,"Début de la peste de Justinien dans l’Empire byzantin. Repère daté de 541, lié à Médecine et santé et Histoire sociale, avec un ancrage principal en Empire byzantin et Europe.",1,La peste de Justinien dans l’Empire byzantin,REVIEWED_SAFE_ALIASES,2,2,2,2,COMPLETE
EVT-0583,Naissance traditionnelle de Mahomet à La Mecque,"Naissance traditionnelle de Mahomet à La Mecque. Repère daté de 570, lié à Religions, avec un ancrage principal en Asie et Moyen-Orient.",0,,REVIEWED_NO_SAFE_ALIAS_REQUIRED,1,2,1,2,COMPLETE
EVT-0584,Bataille du Yarmouk,"Bataille du Yarmouk. Repère daté de 20 août 636, lié à Batailles et opérations, Empires et Guerres et conflits, avec un ancrage principal en Asie et Moyen-Orient.",0,,REVIEWED_NO_SAFE_ALIAS_REQUIRED,3,2,3,2,COMPLETE
EVT-0585,Établissement du califat omeyyade,"Établissement du califat omeyyade. Repère daté de 661, lié à Empires, Religions et Construction de l’État, avec un ancrage principal en Asie et Moyen-Orient.",0,,REVIEWED_NO_SAFE_ALIAS_REQUIRED,3,2,3,2,COMPLETE
EVT-0586,Révolution abbasside et chute des Omeyyades,"Révolution abbasside et chute des Omeyyades. Repère daté de 750, lié à Empires, Religions et Révolutions et insurrections, avec un ancrage principal en Asie et Moyen-Orient.",0,,REVIEWED_NO_SAFE_ALIAS_REQUIRED,3,2,3,2,COMPLETE
EVT-0587,Fondation de Bagdad par le calife al-Mansur,"Fondation de Bagdad par le calife al-Mansur. Repère daté de 30 juillet 762, lié à Construction de l’État et Urbanisation, avec un ancrage principal en Irak / Mésopotamie et Moyen-Orient.",1,Fondation de Bagdad,REVIEWED_SAFE_ALIASES,2,2,2,2,COMPLETE
EVT-0588,Raid viking contre le monastère de Lindisfarne,"Raid viking contre le monastère de Lindisfarne. Repère daté de 8 juin 793, lié à Religions et Guerres et conflits, avec un ancrage principal en Europe et Royaume-Uni / Angleterre.",1,Raid de Lindisfarne,REVIEWED_SAFE_ALIASES,2,2,2,2,COMPLETE
EVT-0589,Voyage de Leif Erikson vers l’Amérique du Nord,"Voyage de Leif Erikson vers l’Amérique du Nord. Repère daté de 1000, lié à Explorations, avec un ancrage principal en Amériques et Amérique du Nord.",0,,REVIEWED_NO_SAFE_ALIAS_REQUIRED,1,2,1,2,COMPLETE
EVT-0590,Concordat de Worms,"Concordat de Worms. Repère daté de 23 septembre 1122, lié à Religions et États, Diplomatie et Religions, avec un ancrage principal en Europe et Allemagne.",0,,REVIEWED_NO_SAFE_ALIAS_REQUIRED,3,2,3,2,COMPLETE
EVT-0591,Assassinat de Thomas Becket dans la cathédrale de Cantorbéry,"Assassinat de Thomas Becket dans la cathédrale de Cantorbéry. Repère daté de 29 décembre 1170, lié à Politique et Religions, avec un ancrage principal en Europe et Royaume-Uni / Angleterre.",1,Mort de Thomas Becket dans la cathédrale de Cantorbéry,REVIEWED_SAFE_ALIASES,2,2,2,2,COMPLETE
EVT-0592,Bataille de Hattin,"Bataille de Hattin. Repère daté de 4 juillet 1187, lié à Batailles et opérations, Religions et Guerres et conflits, avec un ancrage principal en Israël / Palestine et Moyen-Orient.",0,,REVIEWED_NO_SAFE_ALIAS_REQUIRED,3,2,3,2,COMPLETE
EVT-0593,Mort de Gengis Khan,"Mort de Gengis Khan. Repère daté de 18 août 1227, lié à Empires et Politique, avec un ancrage principal en Asie et Monde / global.",1,Décès de Gengis Khan,REVIEWED_SAFE_ALIASES,2,2,2,2,COMPLETE
EVT-0594,Premier parlement de Simon de Montfort,"Premier parlement de Simon de Montfort. Repère daté de 20 janvier 1265, lié à Démocratie et Politique, avec un ancrage principal en Europe et Royaume-Uni / Angleterre.",0,,REVIEWED_NO_SAFE_ALIAS_REQUIRED,2,2,2,2,COMPLETE
EVT-0595,"Chute d’Acre, dernier grand bastion croisé en Terre sainte","Chute d’Acre, dernier grand bastion croisé en Terre sainte. Repère daté de 18 mai 1291, lié à Religions et Guerres et conflits, avec un ancrage principal en Israël / Palestine et Moyen-Orient.",0,,REVIEWED_NO_SAFE_ALIAS_REQUIRED,2,2,2,2,COMPLETE
EVT-0596,Exécution de William Wallace,"Exécution de William Wallace. Repère daté de 23 août 1305, lié à Politique et Guerres et conflits, avec un ancrage principal en Europe et Royaume-Uni / Angleterre.",0,,REVIEWED_NO_SAFE_ALIAS_REQUIRED,2,2,2,2,COMPLETE
EVT-0597,Arrestation des Templiers en France,"Arrestation des Templiers en France. Repère daté de 13 octobre 1307, lié à Politique et Religions, avec un ancrage principal en Europe et France.",0,,REVIEWED_NO_SAFE_ALIAS_REQUIRED,2,2,2,2,COMPLETE
EVT-0598,Début de la papauté d’Avignon,"Début de la papauté d’Avignon. Repère daté de 1309, lié à Politique et Religions, avec un ancrage principal en Europe et France.",1,La papauté d’Avignon,REVIEWED_SAFE_ALIASES,2,2,2,2,COMPLETE
EVT-0599,Bataille de Bannockburn,"Bataille de Bannockburn. Repère daté de 24 juin 1314, lié à Batailles et opérations, Construction de l’État et Guerres et conflits, avec un ancrage principal en Europe et Royaume-Uni / Angleterre.",0,,REVIEWED_NO_SAFE_ALIAS_REQUIRED,3,2,3,2,COMPLETE
EVT-0600,Grande révolte des paysans en Angleterre,"Grande révolte des paysans en Angleterre. Repère daté de juin 1381, lié à Révolutions et insurrections et Histoire sociale, avec un ancrage principal en Europe et Royaume-Uni / Angleterre.",2,Révolte des paysans de 1381;Peasants' Revolt,REVIEWED_SAFE_ALIASES,2,2,2,2,COMPLETE
EVT-0601,Bataille de Kosovo Polje,"Bataille de Kosovo Polje. Repère daté de 28 juin 1389, lié à Batailles et opérations et Guerres et conflits, avec un ancrage principal en Balkans et Europe.",0,,REVIEWED_NO_SAFE_ALIAS_REQUIRED,2,2,2,2,COMPLETE
EVT-0602,Exécution de Jan Hus à Constance,"Exécution de Jan Hus à Constance. Repère daté de 6 juillet 1415, lié à Religions et États et Religions, avec un ancrage principal en Europe et Allemagne.",0,,REVIEWED_NO_SAFE_ALIAS_REQUIRED,2,2,2,2,COMPLETE
EVT-0603,Bataille de Bosworth et fin de la guerre des Deux-Roses,"Bataille de Bosworth et fin de la guerre des Deux-Roses. Repère daté de 22 août 1485, lié à Batailles et opérations, Construction de l’État et Guerres et conflits, avec un ancrage principal en Europe et Royaume-Uni / Angleterre.",1,Bataille de Bosworth,REVIEWED_SAFE_ALIASES,3,2,3,2,COMPLETE
EVT-0604,Début de la sédition Nika à Constantinople,"Début de la sédition Nika à Constantinople. Repère daté de 13 janvier 532, lié à Empires et Révolutions et insurrections, avec un ancrage principal en Empire byzantin et Europe.",1,La sédition Nika à Constantinople,REVIEWED_SAFE_ALIASES,2,2,2,2,COMPLETE
EVT-0605,Bataille d’Edington entre Alfred le Grand et les Vikings,"Bataille d’Edington entre Alfred le Grand et les Vikings. Repère daté de mai 878, lié à Batailles et opérations, Construction de l’État et Guerres et conflits, avec un ancrage principal en Europe et Royaume-Uni / Angleterre.",0,,REVIEWED_NO_SAFE_ALIAS_REQUIRED,3,2,3,2,COMPLETE
EVT-0606,Bataille de Stamford Bridge,"Bataille de Stamford Bridge. Repère daté de 25 septembre 1066, lié à Batailles et opérations et Guerres et conflits, avec un ancrage principal en Europe et Royaume-Uni / Angleterre.",0,,REVIEWED_NO_SAFE_ALIAS_REQUIRED,2,2,2,2,COMPLETE
EVT-0607,Couronnement d’Henri II Plantagenêt comme roi d’Angleterre,"Couronnement d’Henri II Plantagenêt comme roi d’Angleterre. Repère daté de 19 décembre 1154, lié à Politique et Construction de l’État, avec un ancrage principal en Europe et Royaume-Uni / Angleterre.",0,,REVIEWED_NO_SAFE_ALIAS_REQUIRED,2,2,2,2,COMPLETE
EVT-0608,Traité de Jaffa mettant fin à la troisième croisade,"Traité de Jaffa mettant fin à la troisième croisade. Repère daté de 2 septembre 1192, lié à Diplomatie, Religions et Guerres et conflits, avec un ancrage principal en Israël / Palestine et Moyen-Orient.",1,Traité de Jaffa,REVIEWED_SAFE_ALIASES,3,2,3,2,COMPLETE
EVT-0609,Bataille de Legnica face aux Mongols,"Bataille de Legnica face aux Mongols. Repère daté de 9 avril 1241, lié à Batailles et opérations, Empires et Guerres et conflits, avec un ancrage principal en Europe et Pologne.",1,Bataille de Legnica,REVIEWED_SAFE_ALIASES,3,2,3,2,COMPLETE
EVT-0610,Bataille de Fariskur et capture de Louis IX,"Bataille de Fariskur et capture de Louis IX. Repère daté de 6 avril 1250, lié à Batailles et opérations, Religions et Guerres et conflits, avec un ancrage principal en Afrique et Égypte.",1,Bataille de Fariskur,REVIEWED_SAFE_ALIASES,3,2,3,2,COMPLETE
EVT-0611,Bataille des Éperons d’or,"Bataille des Éperons d’or. Repère daté de 11 juillet 1302, lié à Batailles et opérations et Guerres et conflits, avec un ancrage principal en Belgique et Europe.",0,,REVIEWED_NO_SAFE_ALIAS_REQUIRED,2,2,2,2,COMPLETE
EVT-0612,Déclaration d’Arbroath,"Déclaration d’Arbroath. Repère daté de 6 avril 1320, lié à Politique et Construction de l’État, avec un ancrage principal en Europe et Royaume-Uni / Angleterre.",0,,REVIEWED_NO_SAFE_ALIAS_REQUIRED,2,2,2,2,COMPLETE
EVT-0613,Hernán Cortés entre à Tenochtitlan,"Hernán Cortés entre à Tenochtitlan. Repère daté de 8 novembre 1519, lié à Colonisation et impérialisme et Guerres et conflits, avec un ancrage principal en Amérique latine et Mexique.",0,,REVIEWED_NO_SAFE_ALIAS_REQUIRED,2,2,2,2,COMPLETE
EVT-0614,Chute de Tenochtitlan face aux forces de Cortés,"Chute de Tenochtitlan face aux forces de Cortés. Repère daté de 13 août 1521, lié à Colonisation et impérialisme, Construction de l’État et Guerres et conflits, avec un ancrage principal en Amérique latine et Mexique.",0,,REVIEWED_NO_SAFE_ALIAS_REQUIRED,3,2,3,2,COMPLETE
EVT-0615,Acte de suprématie établissant Henri VIII à la tête de l’Église d’Angleterre,"Acte de suprématie établissant Henri VIII à la tête de l’Église d’Angleterre. Repère daté de 3 novembre 1534, lié à Religions et États, Droit et législation et Religions, avec un ancrage principal en Europe et Royaume-Uni / Angleterre.",0,,REVIEWED_NO_SAFE_ALIAS_REQUIRED,3,2,3,2,COMPLETE
EVT-0616,Élisabeth Ire devient reine d’Angleterre,"Élisabeth Ire devient reine d’Angleterre. Repère daté de 17 novembre 1558, lié à Politique et Construction de l’État, avec un ancrage principal en Europe et Royaume-Uni / Angleterre.",0,,REVIEWED_NO_SAFE_ALIAS_REQUIRED,2,2,2,2,COMPLETE
EVT-0617,Massacre de Wassy et début des guerres de Religion en France,"Massacre de Wassy et début des guerres de Religion en France. Repère daté de 1 mars 1562, lié à Religions et Guerres et conflits, avec un ancrage principal en Europe et France.",0,,REVIEWED_NO_SAFE_ALIAS_REQUIRED,2,2,2,2,COMPLETE
EVT-0618,Bataille navale de Lépante,"Bataille navale de Lépante. Repère daté de 7 octobre 1571, lié à Batailles et opérations, Religions et Guerres et conflits, avec un ancrage principal en Europe et Méditerranée.",0,,REVIEWED_NO_SAFE_ALIAS_REQUIRED,3,2,3,2,COMPLETE
EVT-0619,Défaite décisive de l’Armada espagnole au large de Gravelines,"Défaite décisive de l’Armada espagnole au large de Gravelines. Repère daté de 8 août 1588, lié à Batailles et opérations et Guerres et conflits, avec un ancrage principal en Europe et Espagne.",2,Invincible Armada;Défaite de l’Armada espagnole,REVIEWED_SAFE_ALIASES,2,3,2,3,COMPLETE
EVT-0620,Tokugawa Ieyasu devient shogun,"Tokugawa Ieyasu devient shogun. Repère daté de 24 mars 1603, lié à Politique et Construction de l’État, avec un ancrage principal en Asie et Japon.",0,,REVIEWED_NO_SAFE_ALIAS_REQUIRED,2,2,2,2,COMPLETE
EVT-0621,Fondation de Québec par Samuel de Champlain,"Fondation de Québec par Samuel de Champlain. Repère daté de 3 juillet 1608, lié à Colonisation et impérialisme et Construction de l’État, avec un ancrage principal en Canada et Amérique du Nord.",1,Fondation de Québec,REVIEWED_SAFE_ALIASES,2,2,2,2,COMPLETE
EVT-0622,Galilée observe les principaux satellites de Jupiter,"Galilée observe les principaux satellites de Jupiter. Repère daté de 7 janvier 1610, lié à Sciences et Espace, avec un ancrage principal en Europe et Italie.",0,,REVIEWED_NO_SAFE_ALIAS_REQUIRED,2,2,2,2,COMPLETE
EVT-0623,Défenestration de Prague et début de la guerre de Trente Ans,"Défenestration de Prague et début de la guerre de Trente Ans. Repère daté de 23 mai 1618, lié à Religions et Guerres et conflits, avec un ancrage principal en Tchéquie / Tchécoslovaquie et Europe.",1,Deuxième défenestration de Prague,REVIEWED_SAFE_ALIASES,2,2,2,2,COMPLETE
EVT-0624,Publication du traité de William Harvey sur la circulation du sang,"Publication du traité de William Harvey sur la circulation du sang. Repère daté de 1628, lié à Médecine et santé et Sciences, avec un ancrage principal en Europe et Royaume-Uni / Angleterre.",0,,REVIEWED_NO_SAFE_ALIAS_REQUIRED,2,2,2,2,COMPLETE
EVT-0625,Publication du Discours de la méthode de Descartes,"Publication du Discours de la méthode de Descartes. Repère daté de 8 juin 1637, lié à Savoirs et connaissance et Sciences, avec un ancrage principal en Europe et France.",0,,REVIEWED_NO_SAFE_ALIAS_REQUIRED,2,2,2,2,COMPLETE
EVT-0626,Début du grand incendie de Londres,"Début du grand incendie de Londres. Repère daté de 2 septembre 1666, lié à Environnement et Urbanisation, avec un ancrage principal en Europe et Royaume-Uni / Angleterre.",1,Grand incendie de Londres,REVIEWED_SAFE_ALIASES,2,2,2,2,COMPLETE
EVT-0627,Entrée en vigueur des Actes d’Union créant le royaume de Grande-Bretagne,"Entrée en vigueur des Actes d’Union créant le royaume de Grande-Bretagne. Repère daté de 1 mai 1707, lié à Droit et législation et Construction de l’État, avec un ancrage principal en Europe et Royaume-Uni / Angleterre.",0,,REVIEWED_NO_SAFE_ALIAS_REQUIRED,2,2,2,2,COMPLETE
EVT-0628,Séisme de Lisbonne,"Séisme de Lisbonne. Repère daté de 1 novembre 1755, lié à Environnement et Histoire sociale, avec un ancrage principal en Europe et Portugal.",1,Tremblement de terre de Lisbonne,REVIEWED_SAFE_ALIASES,2,2,2,2,COMPLETE
EVT-0629,Traité de Paris mettant fin à la guerre de Sept Ans,"Traité de Paris mettant fin à la guerre de Sept Ans. Repère daté de 10 février 1763, lié à Colonisation et impérialisme, Diplomatie et Guerres et conflits, avec un ancrage principal en Monde / global.",1,Traité de Paris,REVIEWED_SAFE_ALIASES,3,1,3,1,COMPLETE
EVT-0630,Brevet de James Watt pour une machine à vapeur améliorée,"Brevet de James Watt pour une machine à vapeur améliorée. Repère daté de 5 janvier 1769, lié à Industrialisation et Techniques et technologies, avec un ancrage principal en Europe et Royaume-Uni / Angleterre.",0,,REVIEWED_NO_SAFE_ALIAS_REQUIRED,2,2,2,2,COMPLETE
EVT-0631,Batailles de Lexington et Concord,"Batailles de Lexington et Concord. Repère daté de 19 avril 1775, lié à Batailles et opérations, Révolutions et insurrections et Guerres et conflits, avec un ancrage principal en Amérique du Nord et États-Unis.",0,,REVIEWED_NO_SAFE_ALIAS_REQUIRED,3,2,3,2,COMPLETE
EVT-0632,Publication de La Richesse des nations d’Adam Smith,"Publication de La Richesse des nations d’Adam Smith. Repère daté de 1776, lié à Économie et Savoirs et connaissance, avec un ancrage principal en Europe et Royaume-Uni / Angleterre.",0,,REVIEWED_NO_SAFE_ALIAS_REQUIRED,2,2,2,2,COMPLETE
EVT-0633,Premier vol habité libre en montgolfière,"Premier vol habité libre en montgolfière. Repère daté de 21 novembre 1783, lié à Sciences et Techniques et technologies, avec un ancrage principal en Europe et France.",0,,REVIEWED_NO_SAFE_ALIAS_REQUIRED,2,2,2,2,COMPLETE
EVT-0634,Investiture de George Washington comme premier président des États-Unis,"Investiture de George Washington comme premier président des États-Unis. Repère daté de 30 avril 1789, lié à Démocratie et Politique, avec un ancrage principal en Amérique du Nord et États-Unis.",0,,REVIEWED_NO_SAFE_ALIAS_REQUIRED,2,2,2,2,COMPLETE
EVT-0635,Ratification du Bill of Rights des États-Unis,"Ratification du Bill of Rights des États-Unis. Repère daté de 15 décembre 1791, lié à Droit et législation et Droits et libertés, avec un ancrage principal en Amérique du Nord et États-Unis.",0,,REVIEWED_NO_SAFE_ALIAS_REQUIRED,2,2,2,2,COMPLETE
EVT-0636,Première vaccination contre la variole par Edward Jenner,"Première vaccination contre la variole par Edward Jenner. Repère daté de 14 mai 1796, lié à Médecine et santé et Sciences, avec un ancrage principal en Europe et Royaume-Uni / Angleterre.",0,,REVIEWED_NO_SAFE_ALIAS_REQUIRED,2,2,2,2,COMPLETE
EVT-0637,Découverte de la pierre de Rosette,"Découverte de la pierre de Rosette. Repère daté de 15 juillet 1799, lié à Archéologie et Savoirs et connaissance, avec un ancrage principal en Afrique et Égypte.",0,,REVIEWED_NO_SAFE_ALIAS_REQUIRED,2,2,2,2,COMPLETE
EVT-0638,Pedro Álvares Cabral atteint le littoral du Brésil,"Pedro Álvares Cabral atteint le littoral du Brésil. Repère daté de 22 avril 1500, lié à Colonisation et impérialisme et Explorations, avec un ancrage principal en Brésil et Amérique latine.",0,,REVIEWED_NO_SAFE_ALIAS_REQUIRED,2,3,2,3,COMPLETE
EVT-0639,Fondation de l’État safavide en Perse,"Fondation de l’État safavide en Perse. Repère daté de 1501, lié à Empires, Religions et Construction de l’État, avec un ancrage principal en Iran et Moyen-Orient.",0,,REVIEWED_NO_SAFE_ALIAS_REQUIRED,3,2,3,2,COMPLETE
EVT-0640,Henri VIII devient roi d’Angleterre,"Henri VIII devient roi d’Angleterre. Repère daté de 22 avril 1509, lié à Politique et Construction de l’État, avec un ancrage principal en Europe et Royaume-Uni / Angleterre.",0,,REVIEWED_NO_SAFE_ALIAS_REQUIRED,2,2,2,2,COMPLETE
EVT-0641,Vasco Núñez de Balboa atteint l’océan Pacifique,"Vasco Núñez de Balboa atteint l’océan Pacifique. Repère daté de 25 septembre 1513, lié à Explorations, avec un ancrage principal en Amériques et Panama.",0,,REVIEWED_NO_SAFE_ALIAS_REQUIRED,1,2,1,2,COMPLETE
EVT-0642,Début de la guerre des Paysans allemands,"Début de la guerre des Paysans allemands. Repère daté de 1524, lié à Religions, Révolutions et insurrections et Histoire sociale, avec un ancrage principal en Europe et Allemagne.",1,La guerre des Paysans allemands,REVIEWED_SAFE_ALIASES,3,2,3,2,COMPLETE
EVT-0643,Première bataille de Panipat et fondation de l’Empire moghol,"Première bataille de Panipat et fondation de l’Empire moghol. Repère daté de 21 avril 1526, lié à Batailles et opérations, Empires et Guerres et conflits, avec un ancrage principal en Asie et Inde.",0,,REVIEWED_NO_SAFE_ALIAS_REQUIRED,3,2,3,2,COMPLETE
EVT-0644,Début du sac de Rome par les troupes impériales,"Début du sac de Rome par les troupes impériales. Repère daté de 6 mai 1527, lié à Religions et Guerres et conflits, avec un ancrage principal en Europe et Italie.",1,Sac de Rome par les troupes impériales,REVIEWED_SAFE_ALIASES,2,2,2,2,COMPLETE
EVT-0645,Jacques Cartier prend possession du Canada au nom de François Ier,"Jacques Cartier prend possession du Canada au nom de François Ier. Repère daté de 24 juillet 1534, lié à Colonisation et impérialisme et Explorations, avec un ancrage principal en Canada et Amérique du Nord.",0,,REVIEWED_NO_SAFE_ALIAS_REQUIRED,2,2,2,2,COMPLETE
EVT-0646,Publication de l’Institution de la religion chrétienne de Calvin,"Publication de l’Institution de la religion chrétienne de Calvin. Repère daté de 1536, lié à Savoirs et connaissance et Religions, avec un ancrage principal en Europe et France.",0,,REVIEWED_NO_SAFE_ALIAS_REQUIRED,2,3,2,3,COMPLETE
EVT-0647,Début du Grand Siège de Malte,"Début du Grand Siège de Malte. Repère daté de 18 mai 1565, lié à Batailles et opérations, Religions et Guerres et conflits, avec un ancrage principal en Malte et Méditerranée.",1,Grand Siège de Malte,REVIEWED_SAFE_ALIASES,3,2,3,2,COMPLETE
EVT-0648,Entrée en vigueur initiale du calendrier grégorien,"Entrée en vigueur initiale du calendrier grégorien. Repère daté de 15 octobre 1582, lié à Droit et législation, Religions et Sciences, avec un ancrage principal en Europe.",0,,REVIEWED_NO_SAFE_ALIAS_REQUIRED,3,1,3,1,COMPLETE
EVT-0649,Exécution de Marie Stuart,"Exécution de Marie Stuart. Repère daté de 8 février 1587, lié à Politique et Religions, avec un ancrage principal en Europe et Royaume-Uni / Angleterre.",0,,REVIEWED_NO_SAFE_ALIAS_REQUIRED,2,2,2,2,COMPLETE
EVT-0650,Charte royale fondant la Compagnie anglaise des Indes orientales,"Charte royale fondant la Compagnie anglaise des Indes orientales. Repère daté de 31 décembre 1600, lié à Colonisation et impérialisme et Économie, avec un ancrage principal en Asie et Inde.",0,,REVIEWED_NO_SAFE_ALIAS_REQUIRED,2,3,2,3,COMPLETE
EVT-0651,Fondation de la Compagnie néerlandaise des Indes orientales,"Fondation de la Compagnie néerlandaise des Indes orientales. Repère daté de 20 mars 1602, lié à Colonisation et impérialisme et Économie, avec un ancrage principal en Asie et Pays-Bas.",0,,REVIEWED_NO_SAFE_ALIAS_REQUIRED,2,2,2,2,COMPLETE
EVT-0652,Publication de la première partie de Don Quichotte,"Publication de la première partie de Don Quichotte. Repère daté de 1605, lié à Arts et culture et Savoirs et connaissance, avec un ancrage principal en Europe et Espagne.",0,,REVIEWED_NO_SAFE_ALIAS_REQUIRED,2,2,2,2,COMPLETE
EVT-0653,Échec de la conspiration des Poudres,"Échec de la conspiration des Poudres. Repère daté de 5 novembre 1605, lié à Politique et Religions, avec un ancrage principal en Europe et Royaume-Uni / Angleterre.",0,,REVIEWED_NO_SAFE_ALIAS_REQUIRED,2,2,2,2,COMPLETE
EVT-0654,Publication de l’Astronomia nova de Kepler,"Publication de l’Astronomia nova de Kepler. Repère daté de 1609, lié à Savoirs et connaissance et Sciences, avec un ancrage principal en Europe et Allemagne.",0,,REVIEWED_NO_SAFE_ALIAS_REQUIRED,2,2,2,2,COMPLETE
EVT-0655,Acceptation de la Petition of Right par Charles Ier,"Acceptation de la Petition of Right par Charles Ier. Repère daté de 7 juin 1628, lié à Droit et législation, Politique et Droits et libertés, avec un ancrage principal en Europe et Royaume-Uni / Angleterre.",0,,REVIEWED_NO_SAFE_ALIAS_REQUIRED,3,2,3,2,COMPLETE
EVT-0656,Publication du Dialogue sur les deux grands systèmes du monde de Galilée,"Publication du Dialogue sur les deux grands systèmes du monde de Galilée. Repère daté de 1632, lié à Savoirs et connaissance et Sciences, avec un ancrage principal en Europe et Italie.",0,,REVIEWED_NO_SAFE_ALIAS_REQUIRED,2,2,2,2,COMPLETE
EVT-0657,Publication du Léviathan de Thomas Hobbes,"Publication du Léviathan de Thomas Hobbes. Repère daté de 1651, lié à Savoirs et connaissance et Politique, avec un ancrage principal en Europe et Royaume-Uni / Angleterre.",0,,REVIEWED_NO_SAFE_ALIAS_REQUIRED,2,2,2,2,COMPLETE
EVT-0658,Oliver Cromwell devient Lord Protecteur,"Oliver Cromwell devient Lord Protecteur. Repère daté de 16 décembre 1653, lié à Politique et Construction de l’État, avec un ancrage principal en Europe et Royaume-Uni / Angleterre.",0,,REVIEWED_NO_SAFE_ALIAS_REQUIRED,2,2,2,2,COMPLETE
EVT-0659,Restauration de la monarchie anglaise avec Charles II,"Restauration de la monarchie anglaise avec Charles II. Repère daté de 29 mai 1660, lié à Politique et Construction de l’État, avec un ancrage principal en Europe et Royaume-Uni / Angleterre.",0,,REVIEWED_NO_SAFE_ALIAS_REQUIRED,2,2,2,2,COMPLETE
EVT-0660,Grande peste de Londres,"Grande peste de Londres. Repère daté de 1665, lié à Médecine et santé et Histoire sociale, avec un ancrage principal en Europe et Royaume-Uni / Angleterre.",0,,REVIEWED_NO_SAFE_ALIAS_REQUIRED,2,2,2,2,COMPLETE
EVT-0661,Publication de Micrographia de Robert Hooke,"Publication de Micrographia de Robert Hooke. Repère daté de 1665, lié à Savoirs et connaissance et Sciences, avec un ancrage principal en Europe et Royaume-Uni / Angleterre.",0,,REVIEWED_NO_SAFE_ALIAS_REQUIRED,2,2,2,2,COMPLETE
EVT-0662,Antonie van Leeuwenhoek observe des micro-organismes,"Antonie van Leeuwenhoek observe des micro-organismes. Repère daté de 1676, lié à Médecine et santé et Sciences, avec un ancrage principal en Europe et Pays-Bas.",0,,REVIEWED_NO_SAFE_ALIAS_REQUIRED,2,2,2,2,COMPLETE
EVT-0663,Bataille de la Boyne,"Bataille de la Boyne. Repère daté de 1er juillet 1690 (calendrier julien alors en usage ; 11 juillet grégorien), lié à Batailles et opérations, Religions et Guerres et conflits, avec un ancrage principal en Europe et Irlande.",0,,REVIEWED_NO_SAFE_ALIAS_REQUIRED,3,2,3,2,COMPLETE
EVT-0664,Fondation de la Banque d’Angleterre,"Fondation de la Banque d’Angleterre. Repère daté de 27 juillet 1694, lié à Économie et Construction de l’État, avec un ancrage principal en Europe et Royaume-Uni / Angleterre.",0,,REVIEWED_NO_SAFE_ALIAS_REQUIRED,2,2,2,2,COMPLETE
EVT-0665,Début de la guerre de Succession d’Espagne,"Début de la guerre de Succession d’Espagne. Repère daté de 9 juillet 1701, lié à Diplomatie et Guerres et conflits, avec un ancrage principal en Europe.",1,La guerre de Succession d’Espagne,REVIEWED_SAFE_ALIASES,2,1,2,1,COMPLETE
EVT-0666,Traité d’Utrecht,"Traité d’Utrecht. Repère daté de 11 avril 1713, lié à Diplomatie et Guerres et conflits, avec un ancrage principal en Europe.",0,,REVIEWED_NO_SAFE_ALIAS_REQUIRED,2,1,2,1,COMPLETE
EVT-0667,Proclamation de l’Empire russe,"Proclamation de l’Empire russe. Repère daté de 2 novembre 1721, lié à Empires et Construction de l’État, avec un ancrage principal en Europe et Russie / URSS.",0,,REVIEWED_NO_SAFE_ALIAS_REQUIRED,2,2,2,2,COMPLETE
EVT-0668,Publication de la première édition de Systema Naturae de Linné,"Publication de la première édition de Systema Naturae de Linné. Repère daté de 1735, lié à Savoirs et connaissance et Sciences, avec un ancrage principal en Europe et Suède.",0,,REVIEWED_NO_SAFE_ALIAS_REQUIRED,2,2,2,2,COMPLETE
EVT-0669,Marie-Thérèse hérite des possessions des Habsbourg,"Marie-Thérèse hérite des possessions des Habsbourg. Repère daté de 20 octobre 1740, lié à Empires et Politique, avec un ancrage principal en Autriche et Europe.",0,,REVIEWED_NO_SAFE_ALIAS_REQUIRED,2,2,2,2,COMPLETE
EVT-0670,Publication de De l’esprit des lois de Montesquieu,"Publication de De l’esprit des lois de Montesquieu. Repère daté de 1748, lié à Savoirs et connaissance et Politique, avec un ancrage principal en Europe et France.",0,,REVIEWED_NO_SAFE_ALIAS_REQUIRED,2,2,2,2,COMPLETE
EVT-0671,Expérience du cerf-volant attribuée à Benjamin Franklin,"Expérience du cerf-volant attribuée à Benjamin Franklin. Repère daté de juin 1752, lié à Sciences, avec un ancrage principal en Amérique du Nord et États-Unis.",0,,REVIEWED_NO_SAFE_ALIAS_REQUIRED,1,2,1,2,COMPLETE
EVT-0672,Bataille des Plaines d’Abraham,"Bataille des Plaines d’Abraham. Repère daté de 13 septembre 1759, lié à Batailles et opérations, Colonisation et impérialisme et Guerres et conflits, avec un ancrage principal en Canada et Amérique du Nord.",0,,REVIEWED_NO_SAFE_ALIAS_REQUIRED,3,2,3,2,COMPLETE
EVT-0673,Invention de la Spinning Jenny,"Invention de la Spinning Jenny. Repère daté de 1764, lié à Industrialisation et Techniques et technologies, avec un ancrage principal en Europe et Royaume-Uni / Angleterre.",0,,REVIEWED_NO_SAFE_ALIAS_REQUIRED,2,2,2,2,COMPLETE
EVT-0674,Adoption du Stamp Act britannique,"Adoption du Stamp Act britannique. Repère daté de 22 mars 1765, lié à Colonisation et impérialisme, Droit et législation et Révolutions et insurrections, avec un ancrage principal en Amérique du Nord et États-Unis.",0,,REVIEWED_NO_SAFE_ALIAS_REQUIRED,3,2,3,2,COMPLETE
EVT-0675,Massacre de Boston,"Massacre de Boston. Repère daté de 5 mars 1770, lié à Colonisation et impérialisme et Révolutions et insurrections, avec un ancrage principal en Amérique du Nord et États-Unis.",0,,REVIEWED_NO_SAFE_ALIAS_REQUIRED,2,2,2,2,COMPLETE
EVT-0676,Ouverture du Premier Congrès continental,"Ouverture du Premier Congrès continental. Repère daté de 5 septembre 1774, lié à Politique et Révolutions et insurrections, avec un ancrage principal en Amérique du Nord et États-Unis.",0,,REVIEWED_NO_SAFE_ALIAS_REQUIRED,2,2,2,2,COMPLETE
EVT-0677,Découverte d’Uranus par William Herschel,"Découverte d’Uranus par William Herschel. Repère daté de 13 mars 1781, lié à Sciences et Espace, avec un ancrage principal en Europe et Royaume-Uni / Angleterre.",0,,REVIEWED_NO_SAFE_ALIAS_REQUIRED,2,2,2,2,COMPLETE
EVT-0678,Arrivée de la First Fleet à Sydney Cove,"Arrivée de la First Fleet à Sydney Cove. Repère daté de 26 janvier 1788, lié à Colonisation et impérialisme et Construction de l’État, avec un ancrage principal en Australie et Océanie.",0,,REVIEWED_NO_SAFE_ALIAS_REQUIRED,2,2,2,2,COMPLETE
EVT-0679,Ouverture du Muséum central des arts au Louvre,"Ouverture du Muséum central des arts au Louvre. Repère daté de 10 août 1793, lié à Arts et culture et Mémoire et patrimoine, avec un ancrage principal en Europe et France.",0,,REVIEWED_NO_SAFE_ALIAS_REQUIRED,2,2,2,2,COMPLETE
EVT-0680,Bataille navale d’Aboukir,"Bataille navale d’Aboukir. Repère daté de 1 août 1798, lié à Batailles et opérations et Guerres et conflits, avec un ancrage principal en Égypte et Méditerranée.",0,,REVIEWED_NO_SAFE_ALIAS_REQUIRED,2,2,2,2,COMPLETE
EVT-0681,Signature de la vente de la Louisiane aux États-Unis,"Signature de la vente de la Louisiane aux États-Unis. Repère daté de 30 avril 1803, lié à Frontières et territoires et Diplomatie, avec un ancrage principal en Amérique du Nord et États-Unis.",0,,REVIEWED_NO_SAFE_ALIAS_REQUIRED,2,2,2,2,COMPLETE
EVT-0682,Proclamation de Napoléon Bonaparte comme empereur des Français,"Proclamation de Napoléon Bonaparte comme empereur des Français. Repère daté de 18 mai 1804, lié à Empires et Politique, avec un ancrage principal en Europe et France.",0,,REVIEWED_NO_SAFE_ALIAS_REQUIRED,2,2,2,2,COMPLETE
EVT-0683,Bataille de Trafalgar,"Bataille de Trafalgar. Repère daté de 21 octobre 1805, lié à Batailles et opérations et Guerres et conflits, avec un ancrage principal en Europe et Espagne.",0,,REVIEWED_NO_SAFE_ALIAS_REQUIRED,2,2,2,2,COMPLETE
EVT-0684,Abolition britannique de la traite négrière,"Abolition britannique de la traite négrière. Repère daté de 25 mars 1807, lié à Droit et législation, Droits et libertés et Esclavage et traites, avec un ancrage principal en Monde atlantique et Royaume-Uni / Angleterre.",0,,REVIEWED_NO_SAFE_ALIAS_REQUIRED,3,2,3,2,COMPLETE
EVT-0685,Grito de Dolores et début de la guerre d’indépendance du Mexique,"Grito de Dolores et début de la guerre d’indépendance du Mexique. Repère daté de 16 septembre 1810, lié à Révolutions et insurrections et Construction de l’État, avec un ancrage principal en Amérique latine et Mexique.",0,,REVIEWED_NO_SAFE_ALIAS_REQUIRED,2,2,2,2,COMPLETE
EVT-0686,Début de l’invasion de la Russie par Napoléon,"Début de l’invasion de la Russie par Napoléon. Repère daté de 24 juin 1812, lié à Géopolitique et Guerres et conflits, avec un ancrage principal en Europe et Russie / URSS.",1,L’invasion de la Russie par Napoléon,REVIEWED_SAFE_ALIASES,2,2,2,2,COMPLETE
EVT-0687,Début de la bataille de Leipzig,"Début de la bataille de Leipzig. Repère daté de 16 octobre 1813, lié à Batailles et opérations et Guerres et conflits, avec un ancrage principal en Europe et Allemagne.",1,La bataille de Leipzig,REVIEWED_SAFE_ALIASES,2,2,2,2,COMPLETE
EVT-0688,Déclaration d’indépendance du Brésil,"Déclaration d’indépendance du Brésil. Repère daté de 7 septembre 1822, lié à Révolutions et insurrections et Construction de l’État, avec un ancrage principal en Brésil et Amérique latine.",0,,REVIEWED_NO_SAFE_ALIAS_REQUIRED,2,2,2,2,COMPLETE
EVT-0689,Champollion annonce le déchiffrement des hiéroglyphes égyptiens,"Champollion annonce le déchiffrement des hiéroglyphes égyptiens. Repère daté de 27 septembre 1822, lié à Archéologie et Savoirs et connaissance, avec un ancrage principal en Europe et France.",0,,REVIEWED_NO_SAFE_ALIAS_REQUIRED,2,2,2,2,COMPLETE
EVT-0690,Proclamation de la doctrine Monroe,"Proclamation de la doctrine Monroe. Repère daté de 2 décembre 1823, lié à Diplomatie et Géopolitique, avec un ancrage principal en Amériques et États-Unis.",0,,REVIEWED_NO_SAFE_ALIAS_REQUIRED,2,2,2,2,COMPLETE
EVT-0691,Ouverture du chemin de fer Stockton-Darlington,"Ouverture du chemin de fer Stockton-Darlington. Repère daté de 27 septembre 1825, lié à Industrialisation et Techniques et technologies, avec un ancrage principal en Europe et Royaume-Uni / Angleterre.",0,,REVIEWED_NO_SAFE_ALIAS_REQUIRED,2,2,2,2,COMPLETE
EVT-0692,Réalisation de la plus ancienne photographie permanente connue par Nicéphore Niépce,"Réalisation de la plus ancienne photographie permanente connue par Nicéphore Niépce. Repère daté de 1826 ou 1827, lié à Arts et culture et Techniques et technologies, avec un ancrage principal en Europe et France.",2,Point de vue du Gras;View from the Window at Le Gras,REVIEWED_SAFE_ALIASES,2,2,2,2,COMPLETE
EVT-0693,Annonce publique du procédé photographique de Daguerre,"Annonce publique du procédé photographique de Daguerre. Repère daté de 7 janvier 1839, lié à Arts et culture et Techniques et technologies, avec un ancrage principal en Europe et France.",0,,REVIEWED_NO_SAFE_ALIAS_REQUIRED,2,2,2,2,COMPLETE
EVT-0694,Début de la première guerre de l’Opium,"Début de la première guerre de l’Opium. Repère daté de 4 septembre 1839, lié à Colonisation et impérialisme et Guerres et conflits, avec un ancrage principal en Asie et Chine.",1,La première guerre de l’Opium,REVIEWED_SAFE_ALIASES,2,2,2,2,COMPLETE
EVT-0695,Traité de Nankin mettant fin à la première guerre de l’Opium,"Traité de Nankin mettant fin à la première guerre de l’Opium. Repère daté de 29 août 1842, lié à Colonisation et impérialisme et Diplomatie, avec un ancrage principal en Asie et Chine.",1,Traité de Nankin,REVIEWED_SAFE_ALIASES,2,3,2,3,COMPLETE
EVT-0696,Observation de Neptune confirmant sa découverte,"Observation de Neptune confirmant sa découverte. Repère daté de 23 septembre 1846, lié à Sciences et Espace, avec un ancrage principal en Europe et Allemagne.",0,,REVIEWED_NO_SAFE_ALIAS_REQUIRED,2,2,2,2,COMPLETE
EVT-0697,Publication du Manifeste du Parti communiste,"Publication du Manifeste du Parti communiste. Repère daté de 21 février 1848, lié à Savoirs et connaissance, Politique et Histoire sociale, avec un ancrage principal en Europe et Royaume-Uni / Angleterre.",0,,REVIEWED_NO_SAFE_ALIAS_REQUIRED,3,2,3,2,COMPLETE
EVT-0698,Ouverture de la convention de Seneca Falls,"Ouverture de la convention de Seneca Falls. Repère daté de 19 juillet 1848, lié à Droits et libertés et Femmes et genre, avec un ancrage principal en Amérique du Nord et États-Unis.",0,,REVIEWED_NO_SAFE_ALIAS_REQUIRED,2,2,2,2,COMPLETE
EVT-0699,Arrivée de l’escadre du commodore Perry dans la baie d’Edo,"Arrivée de l’escadre du commodore Perry dans la baie d’Edo. Repère daté de 8 juillet 1853, lié à Diplomatie et Géopolitique, avec un ancrage principal en Asie et Japon.",0,,REVIEWED_NO_SAFE_ALIAS_REQUIRED,2,2,2,2,COMPLETE
EVT-0700,Publication de L’Origine des espèces de Charles Darwin,"Publication de L’Origine des espèces de Charles Darwin. Repère daté de 24 novembre 1859, lié à Savoirs et connaissance et Sciences, avec un ancrage principal en Europe et Royaume-Uni / Angleterre.",0,,REVIEWED_NO_SAFE_ALIAS_REQUIRED,2,2,2,2,COMPLETE
EVT-0701,Entrée en vigueur de l’abolition du servage dans l’Empire russe,"Entrée en vigueur de l’abolition du servage dans l’Empire russe. Repère daté de 3 mars 1861 (19 février selon le calendrier julien alors en usage en Russie), lié à Droit et législation, Droits et libertés et Histoire sociale, avec un ancrage principal en Europe et Russie / URSS.",0,,REVIEWED_NO_SAFE_ALIAS_REQUIRED,3,2,3,2,COMPLETE
EVT-0702,Début de la publication des Misérables de Victor Hugo,"Début de la publication des Misérables de Victor Hugo. Repère daté de 30 mars 1862 à Bruxelles ; 3 avril 1862 à Paris, lié à Arts et culture et Savoirs et connaissance, avec un ancrage principal en Europe et France.",1,La publication des Misérables de Victor Hugo,REVIEWED_SAFE_ALIASES,2,2,2,2,COMPLETE
EVT-0703,Fondation du Comité international de la Croix-Rouge,"Fondation du Comité international de la Croix-Rouge. Repère daté de 17 février 1863, lié à Organisations internationales et Médecine et santé, avec un ancrage principal en Europe et Suisse.",0,,REVIEWED_NO_SAFE_ALIAS_REQUIRED,2,2,2,2,COMPLETE
EVT-0704,Publication des travaux de Gregor Mendel sur l’hérédité,"Publication des travaux de Gregor Mendel sur l’hérédité. Repère daté de 1866, lié à Savoirs et connaissance et Sciences, avec un ancrage principal en Tchéquie / Tchécoslovaquie et Europe.",2,Expériences sur l’hybridation des plantes;Experiments on Plant Hybridization,REVIEWED_SAFE_ALIASES,2,2,2,2,COMPLETE
EVT-0705,Capitulation de Robert E. Lee à Appomattox,"Capitulation de Robert E. Lee à Appomattox. Repère daté de 9 avril 1865, lié à Construction de l’État et Guerres et conflits, avec un ancrage principal en Amérique du Nord et États-Unis.",0,,REVIEWED_NO_SAFE_ALIAS_REQUIRED,2,2,2,2,COMPLETE
EVT-0706,Assassinat d’Abraham Lincoln,"Assassinat d’Abraham Lincoln. Repère daté de 14 avril 1865, lié à Politique, avec un ancrage principal en Amérique du Nord et États-Unis.",0,,REVIEWED_NO_SAFE_ALIAS_REQUIRED,1,2,1,2,COMPLETE
EVT-0707,Achèvement du câble télégraphique transatlantique durable,"Achèvement du câble télégraphique transatlantique durable. Repère daté de 27 juillet 1866, lié à Médias et information et Techniques et technologies, avec un ancrage principal en Monde atlantique et Monde / global.",0,,REVIEWED_NO_SAFE_ALIAS_REQUIRED,2,2,2,2,COMPLETE
EVT-0708,Confédération canadienne,"Confédération canadienne. Repère daté de 1 juillet 1867, lié à Construction de l’État, avec un ancrage principal en Canada et Amérique du Nord.",0,,REVIEWED_NO_SAFE_ALIAS_REQUIRED,1,2,1,2,COMPLETE
EVT-0709,Restauration de Meiji au Japon,"Restauration de Meiji au Japon. Repère daté de 3 janvier 1868, lié à Révolutions et insurrections et Construction de l’État, avec un ancrage principal en Asie et Japon.",0,,REVIEWED_NO_SAFE_ALIAS_REQUIRED,2,2,2,2,COMPLETE
EVT-0710,Présentation du tableau périodique de Mendeleïev,"Présentation du tableau périodique de Mendeleïev. Repère daté de 6 mars 1869, lié à Savoirs et connaissance et Sciences, avec un ancrage principal en Europe et Russie / URSS.",0,,REVIEWED_NO_SAFE_ALIAS_REQUIRED,2,2,2,2,COMPLETE
EVT-0711,Achèvement du premier chemin de fer transcontinental américain,"Achèvement du premier chemin de fer transcontinental américain. Repère daté de 10 mai 1869, lié à Techniques et technologies et Transports, avec un ancrage principal en Amérique du Nord et États-Unis.",0,,REVIEWED_NO_SAFE_ALIAS_REQUIRED,2,2,2,2,COMPLETE
EVT-0712,Ouverture de la première exposition impressionniste,"Ouverture de la première exposition impressionniste. Repère daté de 15 avril 1874, lié à Arts et culture, avec un ancrage principal en Europe et France.",0,,REVIEWED_NO_SAFE_ALIAS_REQUIRED,1,2,1,2,COMPLETE
EVT-0713,Brevet du téléphone accordé à Alexander Graham Bell,"Brevet du téléphone accordé à Alexander Graham Bell. Repère daté de 7 mars 1876, lié à Médias et information et Techniques et technologies, avec un ancrage principal en Amérique du Nord et États-Unis.",0,,REVIEWED_NO_SAFE_ALIAS_REQUIRED,2,2,2,2,COMPLETE
EVT-0714,Ouverture du congrès de Berlin,"Ouverture du congrès de Berlin. Repère daté de 13 juin 1878, lié à Diplomatie et Géopolitique, avec un ancrage principal en Europe et Allemagne.",0,,REVIEWED_NO_SAFE_ALIAS_REQUIRED,2,2,2,2,COMPLETE
EVT-0715,Mise au point d’une lampe à incandescence durable par Edison,"Mise au point d’une lampe à incandescence durable par Edison. Repère daté de octobre 1879 ; jour exact à ne pas figer, lié à Industrialisation et Techniques et technologies, avec un ancrage principal en Amérique du Nord et États-Unis.",2,Ampoule d’Edison;Lampe à incandescence d’Edison,REVIEWED_SAFE_ALIASES,2,2,2,2,COMPLETE
EVT-0716,Éruption cataclysmique du Krakatoa,"Éruption cataclysmique du Krakatoa. Repère daté de 27 août 1883, lié à Environnement et Histoire sociale, avec un ancrage principal en Asie et Indonésie.",0,,REVIEWED_NO_SAFE_ALIAS_REQUIRED,2,2,2,2,COMPLETE
EVT-0717,Première vaccination humaine contre la rage par Pasteur,"Première vaccination humaine contre la rage par Pasteur. Repère daté de 6 juillet 1885, lié à Médecine et santé et Sciences, avec un ancrage principal en Europe et France.",0,,REVIEWED_NO_SAFE_ALIAS_REQUIRED,2,2,2,2,COMPLETE
EVT-0718,Brevet du véhicule automobile de Karl Benz,"Brevet du véhicule automobile de Karl Benz. Repère daté de 29 janvier 1886, lié à Industrialisation et Techniques et technologies, avec un ancrage principal en Europe et Allemagne.",0,,REVIEWED_NO_SAFE_ALIAS_REQUIRED,2,2,2,2,COMPLETE
EVT-0719,Inauguration de la statue de la Liberté,"Inauguration de la statue de la Liberté. Repère daté de 28 octobre 1886, lié à Arts et culture et Mémoire et patrimoine, avec un ancrage principal en Amérique du Nord et États-Unis.",0,,REVIEWED_NO_SAFE_ALIAS_REQUIRED,2,2,2,2,COMPLETE
EVT-0720,Peinture de La Nuit étoilée par Vincent van Gogh,"Peinture de La Nuit étoilée par Vincent van Gogh. Repère daté de 1889, lié à Arts et culture, avec un ancrage principal en Europe et France.",0,,REVIEWED_NO_SAFE_ALIAS_REQUIRED,1,2,1,2,COMPLETE
EVT-0721,Droit de vote accordé aux femmes en Nouvelle-Zélande,"Droit de vote accordé aux femmes en Nouvelle-Zélande. Repère daté de 19 septembre 1893, lié à Démocratie, Droits et libertés et Femmes et genre, avec un ancrage principal en Nouvelle-Zélande et Océanie.",0,,REVIEWED_NO_SAFE_ALIAS_REQUIRED,3,2,3,2,COMPLETE
EVT-0722,Découverte des rayons X par Wilhelm Röntgen,"Découverte des rayons X par Wilhelm Röntgen. Repère daté de 8 novembre 1895, lié à Médecine et santé et Sciences, avec un ancrage principal en Europe et Allemagne.",0,,REVIEWED_NO_SAFE_ALIAS_REQUIRED,2,2,2,2,COMPLETE
EVT-0723,Première projection publique payante des frères Lumière,"Première projection publique payante des frères Lumière. Repère daté de 28 décembre 1895, lié à Arts et culture et Techniques et technologies, avec un ancrage principal en Europe et France.",0,,REVIEWED_NO_SAFE_ALIAS_REQUIRED,2,2,2,2,COMPLETE
EVT-0724,Ouverture des premiers Jeux olympiques modernes à Athènes,"Ouverture des premiers Jeux olympiques modernes à Athènes. Repère daté de 6 avril 1896, lié à Sport, avec un ancrage principal en Europe et Grèce.",0,,REVIEWED_NO_SAFE_ALIAS_REQUIRED,1,2,1,2,COMPLETE
EVT-0725,Découverte de l’électron par J. J. Thomson,"Découverte de l’électron par J. J. Thomson. Repère daté de 1897, lié à Sciences, avec un ancrage principal en Europe et Royaume-Uni / Angleterre.",0,,REVIEWED_NO_SAFE_ALIAS_REQUIRED,1,2,1,2,COMPLETE
EVT-0726,Début de la guerre hispano-américaine,"Début de la guerre hispano-américaine. Repère daté de 21 avril 1898, lié à Colonisation et impérialisme et Guerres et conflits, avec un ancrage principal en Amériques et Espagne.",1,La guerre hispano-américaine,REVIEWED_SAFE_ALIASES,2,3,2,3,COMPLETE
EVT-0727,Présentation de l’hypothèse des quanta par Max Planck,"Présentation de l’hypothèse des quanta par Max Planck. Repère daté de 14 décembre 1900, lié à Sciences, avec un ancrage principal en Europe et Allemagne.",0,,REVIEWED_NO_SAFE_ALIAS_REQUIRED,1,2,1,2,COMPLETE
EVT-0728,Création du Royaume-Uni de Grande-Bretagne et d’Irlande,"Création du Royaume-Uni de Grande-Bretagne et d’Irlande. Repère daté de 1 janvier 1801, lié à Droit et législation et Construction de l’État, avec un ancrage principal en Europe et Royaume-Uni / Angleterre.",0,,REVIEWED_NO_SAFE_ALIAS_REQUIRED,2,2,2,2,COMPLETE
EVT-0729,Découverte de Cérès par Giuseppe Piazzi,"Découverte de Cérès par Giuseppe Piazzi. Repère daté de 1 janvier 1801, lié à Sciences et Espace, avec un ancrage principal en Europe et Italie.",0,,REVIEWED_NO_SAFE_ALIAS_REQUIRED,2,2,2,2,COMPLETE
EVT-0730,Dissolution du Saint-Empire romain germanique,"Dissolution du Saint-Empire romain germanique. Repère daté de 6 août 1806, lié à Empires et Construction de l’État, avec un ancrage principal en Europe et Allemagne.",0,,REVIEWED_NO_SAFE_ALIAS_REQUIRED,2,2,2,2,COMPLETE
EVT-0731,Soulèvement du Dos de Mayo à Madrid,"Soulèvement du Dos de Mayo à Madrid. Repère daté de 2 mai 1808, lié à Révolutions et insurrections et Guerres et conflits, avec un ancrage principal en Europe et Espagne.",0,,REVIEWED_NO_SAFE_ALIAS_REQUIRED,2,2,2,2,COMPLETE
EVT-0732,Début de la guerre anglo-américaine de 1812,"Début de la guerre anglo-américaine de 1812. Repère daté de 18 juin 1812, lié à Géopolitique et Guerres et conflits, avec un ancrage principal en Amérique du Nord et États-Unis.",1,La guerre anglo-américaine de 1812,REVIEWED_SAFE_ALIASES,2,2,2,2,COMPLETE
EVT-0733,Déclaration d’indépendance de l’Argentine,"Déclaration d’indépendance de l’Argentine. Repère daté de 9 juillet 1816, lié à Révolutions et insurrections et Construction de l’État, avec un ancrage principal en Argentine et Amérique latine.",0,,REVIEWED_NO_SAFE_ALIAS_REQUIRED,2,2,2,2,COMPLETE
EVT-0734,Proclamation de l’indépendance du Chili,"Proclamation de l’indépendance du Chili. Repère daté de 12 février 1818, lié à Révolutions et insurrections et Construction de l’État, avec un ancrage principal en Chili et Amérique latine.",0,,REVIEWED_NO_SAFE_ALIAS_REQUIRED,2,2,2,2,COMPLETE
EVT-0735,Massacre de Peterloo à Manchester,"Massacre de Peterloo à Manchester. Repère daté de 16 août 1819, lié à Politique, Droits et libertés et Histoire sociale, avec un ancrage principal en Europe et Royaume-Uni / Angleterre.",0,,REVIEWED_NO_SAFE_ALIAS_REQUIRED,3,2,3,2,COMPLETE
EVT-0736,Compromis du Missouri,"Compromis du Missouri. Repère daté de 6 mars 1820, lié à Droit et législation, Politique et Esclavage et traites, avec un ancrage principal en Amérique du Nord et États-Unis.",0,,REVIEWED_NO_SAFE_ALIAS_REQUIRED,3,2,3,2,COMPLETE
EVT-0737,Entrée de l’armée des Trois Garanties à Mexico et indépendance effective du Mexique,"Entrée de l’armée des Trois Garanties à Mexico et indépendance effective du Mexique. Repère daté de 27 septembre 1821, lié à Révolutions et insurrections et Construction de l’État, avec un ancrage principal en Amérique latine et Mexique.",0,,REVIEWED_NO_SAFE_ALIAS_REQUIRED,2,2,2,2,COMPLETE
EVT-0738,Bataille navale de Navarin,"Bataille navale de Navarin. Repère daté de 20 octobre 1827, lié à Batailles et opérations et Guerres et conflits, avec un ancrage principal en Grèce et Méditerranée.",0,,REVIEWED_NO_SAFE_ALIAS_REQUIRED,2,2,2,2,COMPLETE
EVT-0739,Catholic Relief Act au Royaume-Uni,"Catholic Relief Act au Royaume-Uni. Repère daté de 13 avril 1829, lié à Droit et législation, Religions et Droits et libertés, avec un ancrage principal en Europe et Royaume-Uni / Angleterre.",0,,REVIEWED_NO_SAFE_ALIAS_REQUIRED,3,2,3,2,COMPLETE
EVT-0740,Départ du HMS Beagle avec Charles Darwin,"Départ du HMS Beagle avec Charles Darwin. Repère daté de 27 décembre 1831, lié à Explorations et Sciences, avec un ancrage principal en Monde / global et Royaume-Uni / Angleterre.",0,,REVIEWED_NO_SAFE_ALIAS_REQUIRED,2,2,2,2,COMPLETE
EVT-0741,Victoria devient reine du Royaume-Uni,"Victoria devient reine du Royaume-Uni. Repère daté de 20 juin 1837, lié à Empires et Politique, avec un ancrage principal en Europe et Royaume-Uni / Angleterre.",0,,REVIEWED_NO_SAFE_ALIAS_REQUIRED,2,2,2,2,COMPLETE
EVT-0742,Signature du traité de Waitangi,"Signature du traité de Waitangi. Repère daté de 6 février 1840, lié à Diplomatie et Construction de l’État, avec un ancrage principal en Nouvelle-Zélande et Océanie.",0,,REVIEWED_NO_SAFE_ALIAS_REQUIRED,2,2,2,2,COMPLETE
EVT-0743,"Mise en vente du Penny Black, premier timbre-poste adhésif","Mise en vente du Penny Black, premier timbre-poste adhésif. Repère daté de 1 mai 1840, lié à Économie et Techniques et technologies, avec un ancrage principal en Europe et Royaume-Uni / Angleterre.",0,,REVIEWED_NO_SAFE_ALIAS_REQUIRED,2,2,2,2,COMPLETE
EVT-0744,Abrogation des Corn Laws britanniques,"Abrogation des Corn Laws britanniques. Repère daté de 25 juin 1846, lié à Économie et Droit et législation, avec un ancrage principal en Europe et Royaume-Uni / Angleterre.",0,,REVIEWED_NO_SAFE_ALIAS_REQUIRED,2,2,2,2,COMPLETE
EVT-0745,Proclamation d’indépendance du Liberia,"Proclamation d’indépendance du Liberia. Repère daté de 26 juillet 1847, lié à Construction de l’État, avec un ancrage principal en Afrique et Liberia.",0,,REVIEWED_NO_SAFE_ALIAS_REQUIRED,1,2,1,2,COMPLETE
EVT-0746,Découverte d’or à Sutter’s Mill et ruée vers l’or de Californie,"Découverte d’or à Sutter’s Mill et ruée vers l’or de Californie. Repère daté de 24 janvier 1849, lié à Économie et Migrations, avec un ancrage principal en Amérique du Nord et États-Unis.",0,,REVIEWED_NO_SAFE_ALIAS_REQUIRED,2,2,2,2,COMPLETE
EVT-0747,Ouverture de la Grande Exposition de Londres,"Ouverture de la Grande Exposition de Londres. Repère daté de 1 mai 1851, lié à Arts et culture, Industrialisation et Techniques et technologies, avec un ancrage principal en Europe et Royaume-Uni / Angleterre.",0,,REVIEWED_NO_SAFE_ALIAS_REQUIRED,3,2,3,2,COMPLETE
EVT-0748,Convention de Kanagawa entre le Japon et les États-Unis,"Convention de Kanagawa entre le Japon et les États-Unis. Repère daté de 31 mars 1854, lié à Diplomatie et Géopolitique, avec un ancrage principal en Asie et Japon.",0,,REVIEWED_NO_SAFE_ALIAS_REQUIRED,2,3,2,3,COMPLETE
EVT-0749,Bataille de Solférino,"Bataille de Solférino. Repère daté de 24 juin 1859, lié à Batailles et opérations et Guerres et conflits, avec un ancrage principal en Europe et Italie.",0,,REVIEWED_NO_SAFE_ALIAS_REQUIRED,2,2,2,2,COMPLETE
EVT-0750,Forage du puits de Drake en Pennsylvanie,"Forage du puits de Drake en Pennsylvanie. Repère daté de 27 août 1859, lié à Économie, Industrialisation et Techniques et technologies, avec un ancrage principal en Amérique du Nord et États-Unis.",0,,REVIEWED_NO_SAFE_ALIAS_REQUIRED,3,2,3,2,COMPLETE
EVT-0751,Départ de l’expédition des Mille de Garibaldi,"Départ de l’expédition des Mille de Garibaldi. Repère daté de 5 mai 1860, lié à Révolutions et insurrections et Construction de l’État, avec un ancrage principal en Europe et Italie.",0,,REVIEWED_NO_SAFE_ALIAS_REQUIRED,2,2,2,2,COMPLETE
EVT-0752,Homestead Act aux États-Unis,"Homestead Act aux États-Unis. Repère daté de 20 mai 1862, lié à Droit et législation et Migrations, avec un ancrage principal en Amérique du Nord et États-Unis.",0,,REVIEWED_NO_SAFE_ALIAS_REQUIRED,2,2,2,2,COMPLETE
EVT-0753,Début de la guerre austro-prussienne,"Début de la guerre austro-prussienne. Repère daté de 14 juin 1866, lié à Construction de l’État et Guerres et conflits, avec un ancrage principal en Autriche et Europe.",1,La guerre austro-prussienne,REVIEWED_SAFE_ALIASES,2,3,2,3,COMPLETE
EVT-0754,Achat de l’Alaska par les États-Unis,"Achat de l’Alaska par les États-Unis. Repère daté de 30 mars 1867, lié à Frontières et territoires et Diplomatie, avec un ancrage principal en Amérique du Nord et Russie / URSS.",0,,REVIEWED_NO_SAFE_ALIAS_REQUIRED,2,3,2,3,COMPLETE
EVT-0755,Rome devient officiellement capitale du royaume d’Italie,"Rome devient officiellement capitale du royaume d’Italie. Repère daté de 1 juillet 1871, lié à Politique et Construction de l’État, avec un ancrage principal en Europe et Italie.",0,,REVIEWED_NO_SAFE_ALIAS_REQUIRED,2,2,2,2,COMPLETE
EVT-0756,Krach boursier de Vienne et début de la crise de 1873,"Krach boursier de Vienne et début de la crise de 1873. Repère daté de 9 mai 1873, lié à Économie, avec un ancrage principal en Autriche et Europe.",0,,REVIEWED_NO_SAFE_ALIAS_REQUIRED,1,2,1,2,COMPLETE
EVT-0757,Bataille de Little Bighorn,"Bataille de Little Bighorn. Repère daté de 25 juin 1876, lié à Batailles et opérations, Colonisation et impérialisme et Guerres et conflits, avec un ancrage principal en Amérique du Nord et États-Unis.",0,,REVIEWED_NO_SAFE_ALIAS_REQUIRED,3,2,3,2,COMPLETE
EVT-0758,Victoria proclamée impératrice des Indes,"Victoria proclamée impératrice des Indes. Repère daté de 1 janvier 1877, lié à Colonisation et impérialisme et Empires, avec un ancrage principal en Asie et Inde.",0,,REVIEWED_NO_SAFE_ALIAS_REQUIRED,2,3,2,3,COMPLETE
EVT-0759,Début du premier tournoi de Wimbledon,"Début du premier tournoi de Wimbledon. Repère daté de 9 juillet 1877, lié à Sport, avec un ancrage principal en Europe et Royaume-Uni / Angleterre.",1,Premier tournoi de Wimbledon,REVIEWED_SAFE_ALIASES,1,2,1,2,COMPLETE
EVT-0760,Démonstration du phonographe d’Edison au Scientific American,"Démonstration du phonographe d’Edison au Scientific American. Repère daté de 7 décembre 1877, lié à Arts et culture et Techniques et technologies, avec un ancrage principal en Amérique du Nord et États-Unis.",1,Phonographe d’Edison,REVIEWED_SAFE_ALIASES,2,2,2,2,COMPLETE
EVT-0761,Assassinat du tsar Alexandre II,"Assassinat du tsar Alexandre II. Repère daté de 13 mars 1881, lié à Politique et Révolutions et insurrections, avec un ancrage principal en Europe et Russie / URSS.",0,,REVIEWED_NO_SAFE_ALIAS_REQUIRED,2,2,2,2,COMPLETE
EVT-0762,Traité du Bardo établissant le protectorat français en Tunisie,"Traité du Bardo établissant le protectorat français en Tunisie. Repère daté de 12 mai 1881, lié à Colonisation et impérialisme et Diplomatie, avec un ancrage principal en Afrique du Nord et Tunisie.",0,,REVIEWED_NO_SAFE_ALIAS_REQUIRED,2,2,2,2,COMPLETE
EVT-0763,"Formation de la Triple Alliance entre Allemagne, Autriche-Hongrie et Italie","Formation de la Triple Alliance entre Allemagne, Autriche-Hongrie et Italie. Repère daté de 20 mai 1882, lié à Diplomatie et Géopolitique, avec un ancrage principal en Europe.",0,,REVIEWED_NO_SAFE_ALIAS_REQUIRED,2,1,2,1,COMPLETE
EVT-0764,Occupation britannique de l’Égypte après la bataille de Tel el-Kebir,"Occupation britannique de l’Égypte après la bataille de Tel el-Kebir. Repère daté de 13 septembre 1882, lié à Colonisation et impérialisme et Guerres et conflits, avec un ancrage principal en Afrique et Égypte.",0,,REVIEWED_NO_SAFE_ALIAS_REQUIRED,2,2,2,2,COMPLETE
EVT-0765,Proclamation officielle de l’État indépendant du Congo à Vivi,"Proclamation officielle de l’État indépendant du Congo à Vivi. Repère daté de 1er juillet 1885, lié à Colonisation et impérialisme et Construction de l’État, avec un ancrage principal en Afrique et Congo.",0,,REVIEWED_NO_SAFE_ALIAS_REQUIRED,2,2,2,2,COMPLETE
EVT-0766,Affaire de Haymarket à Chicago,"Affaire de Haymarket à Chicago. Repère daté de 4 mai 1886, lié à Travail et mouvement social et Histoire sociale, avec un ancrage principal en Amérique du Nord et États-Unis.",0,,REVIEWED_NO_SAFE_ALIAS_REQUIRED,2,2,2,2,COMPLETE
EVT-0767,Expérience de Michelson-Morley,"Expérience de Michelson-Morley. Repère daté de 1887, lié à Sciences, avec un ancrage principal en Amérique du Nord et États-Unis.",0,,REVIEWED_NO_SAFE_ALIAS_REQUIRED,1,2,1,2,COMPLETE
EVT-0768,Fondation de la Deuxième Internationale,"Fondation de la Deuxième Internationale. Repère daté de 14 juillet 1889, lié à Travail et mouvement social et Politique, avec un ancrage principal en Europe et France.",0,,REVIEWED_NO_SAFE_ALIAS_REQUIRED,2,2,2,2,COMPLETE
EVT-0769,Adoption du Sherman Antitrust Act,"Adoption du Sherman Antitrust Act. Repère daté de 2 juillet 1890, lié à Économie et Droit et législation, avec un ancrage principal en Amérique du Nord et États-Unis.",0,,REVIEWED_NO_SAFE_ALIAS_REQUIRED,2,2,2,2,COMPLETE
EVT-0770,Massacre de Wounded Knee,"Massacre de Wounded Knee. Repère daté de 29 décembre 1890, lié à Colonisation et impérialisme et Génocides et violences de masse, avec un ancrage principal en Amérique du Nord et États-Unis.",0,,REVIEWED_NO_SAFE_ALIAS_REQUIRED,2,2,2,2,COMPLETE
EVT-0771,Publication de l’encyclique Rerum novarum,"Publication de l’encyclique Rerum novarum. Repère daté de 15 mai 1891, lié à Travail et mouvement social, Religions et Histoire sociale, avec un ancrage principal en Europe et Italie.",0,,REVIEWED_NO_SAFE_ALIAS_REQUIRED,3,2,3,2,COMPLETE
EVT-0772,Premier match de basket-ball organisé par James Naismith,"Premier match de basket-ball organisé par James Naismith. Repère daté de 21 décembre 1891, lié à Sport, avec un ancrage principal en Amérique du Nord et États-Unis.",0,,REVIEWED_NO_SAFE_ALIAS_REQUIRED,1,2,1,2,COMPLETE
EVT-0773,Ouverture du centre d’immigration d’Ellis Island,"Ouverture du centre d’immigration d’Ellis Island. Repère daté de 1 janvier 1892, lié à Migrations et Construction de l’État, avec un ancrage principal en Amérique du Nord et États-Unis.",0,,REVIEWED_NO_SAFE_ALIAS_REQUIRED,2,2,2,2,COMPLETE
EVT-0774,Version célèbre du Cri d’Edvard Munch,"Version célèbre du Cri d’Edvard Munch. Repère daté de 1893, lié à Arts et culture, avec un ancrage principal en Europe et Norvège.",0,,REVIEWED_NO_SAFE_ALIAS_REQUIRED,1,2,1,2,COMPLETE
EVT-0775,Ouverture de l’Exposition universelle de Chicago,"Ouverture de l’Exposition universelle de Chicago. Repère daté de 1 mai 1893, lié à Arts et culture et Techniques et technologies, avec un ancrage principal en Amérique du Nord et États-Unis.",0,,REVIEWED_NO_SAFE_ALIAS_REQUIRED,2,2,2,2,COMPLETE
EVT-0776,Première cérémonie des prix Nobel,"Première cérémonie des prix Nobel. Repère daté de 10 décembre 1901, lié à Arts et culture et Sciences, avec un ancrage principal en Europe et Suède.",0,,REVIEWED_NO_SAFE_ALIAS_REQUIRED,2,2,2,2,COMPLETE
EVT-0777,Premier vol motorisé contrôlé des frères Wright,"Premier vol motorisé contrôlé des frères Wright. Repère daté de 17 décembre 1903, lié à Techniques et technologies et Transports, avec un ancrage principal en Amérique du Nord et États-Unis.",0,,REVIEWED_NO_SAFE_ALIAS_REQUIRED,2,2,2,2,COMPLETE
EVT-0778,Début de la guerre russo-japonaise,"Début de la guerre russo-japonaise. Repère daté de 8 février 1904, lié à Géopolitique et Guerres et conflits, avec un ancrage principal en Asie et Japon.",1,La guerre russo-japonaise,REVIEWED_SAFE_ALIASES,2,3,2,3,COMPLETE
EVT-0779,Année miraculeuse d’Albert Einstein,"Année miraculeuse d’Albert Einstein. Repère daté de 1905, lié à Sciences, avec un ancrage principal en Europe et Allemagne.",0,,REVIEWED_NO_SAFE_ALIAS_REQUIRED,1,2,1,2,COMPLETE
EVT-0780,Dimanche rouge à Saint-Pétersbourg,"Dimanche rouge à Saint-Pétersbourg. Repère daté de 22 janvier 1905, lié à Politique et Révolutions et insurrections, avec un ancrage principal en Europe et Russie / URSS.",0,,REVIEWED_NO_SAFE_ALIAS_REQUIRED,2,2,2,2,COMPLETE
EVT-0781,Séisme de San Francisco,"Séisme de San Francisco. Repère daté de 18 avril 1906, lié à Environnement et Histoire sociale, avec un ancrage principal en Amérique du Nord et États-Unis.",1,Tremblement de terre de San Francisco,REVIEWED_SAFE_ALIASES,2,2,2,2,COMPLETE
EVT-0782,Début de la production de la Ford Model T,"Début de la production de la Ford Model T. Repère daté de 27 septembre 1908, lié à Économie, Industrialisation et Techniques et technologies, avec un ancrage principal en Amérique du Nord et États-Unis.",1,La production de la Ford Model T,REVIEWED_SAFE_ALIASES,3,2,3,2,COMPLETE
EVT-0783,Début de la Révolution mexicaine,"Début de la Révolution mexicaine. Repère daté de 20 novembre 1910, lié à Politique et Révolutions et insurrections, avec un ancrage principal en Amérique latine et Mexique.",1,La Révolution mexicaine,REVIEWED_SAFE_ALIASES,2,2,2,2,COMPLETE
EVT-0784,Soulèvement de Wuchang et début de la révolution chinoise de 1911,"Soulèvement de Wuchang et début de la révolution chinoise de 1911. Repère daté de 10 octobre 1911, lié à Révolutions et insurrections et Construction de l’État, avec un ancrage principal en Asie et Chine.",0,,REVIEWED_NO_SAFE_ALIAS_REQUIRED,2,2,2,2,COMPLETE
EVT-0785,Roald Amundsen atteint le pôle Sud,"Roald Amundsen atteint le pôle Sud. Repère daté de 14 décembre 1911, lié à Explorations, avec un ancrage principal en Antarctique et Monde / global.",0,,REVIEWED_NO_SAFE_ALIAS_REQUIRED,1,2,1,2,COMPLETE
EVT-0786,Proclamation de la République de Chine,"Proclamation de la République de Chine. Repère daté de 1 janvier 1912, lié à Politique et Construction de l’État, avec un ancrage principal en Asie et Chine.",0,,REVIEWED_NO_SAFE_ALIAS_REQUIRED,2,2,2,2,COMPLETE
EVT-0787,Naufrage du Titanic,"Naufrage du Titanic. Repère daté de 15 avril 1912, lié à Histoire sociale et Transports, avec un ancrage principal en Monde atlantique et Monde / global.",0,,REVIEWED_NO_SAFE_ALIAS_REQUIRED,2,2,2,2,COMPLETE
EVT-0788,Première du Sacre du printemps de Stravinsky,"Première du Sacre du printemps de Stravinsky. Repère daté de 29 mai 1913, lié à Arts et culture, avec un ancrage principal en Europe et France.",0,,REVIEWED_NO_SAFE_ALIAS_REQUIRED,1,2,1,2,COMPLETE
EVT-0789,Naufrage du Lusitania,"Naufrage du Lusitania. Repère daté de 7 mai 1915, lié à Transports et Guerres et conflits, avec un ancrage principal en Monde atlantique et Monde / global.",0,,REVIEWED_NO_SAFE_ALIAS_REQUIRED,2,2,2,2,COMPLETE
EVT-0790,Début de l’insurrection de Pâques à Dublin,"Début de l’insurrection de Pâques à Dublin. Repère daté de 24 avril 1916, lié à Révolutions et insurrections et Construction de l’État, avec un ancrage principal en Europe et Irlande.",1,L’insurrection de Pâques à Dublin,REVIEWED_SAFE_ALIASES,2,2,2,2,COMPLETE
EVT-0791,Déclaration Balfour,"Déclaration Balfour. Repère daté de 2 novembre 1917, lié à Diplomatie et Construction de l’État, avec un ancrage principal en Moyen-Orient et Royaume-Uni / Angleterre.",0,,REVIEWED_NO_SAFE_ALIAS_REQUIRED,2,2,2,2,COMPLETE
EVT-0792,Pandémie de grippe dite espagnole,"Pandémie de grippe dite espagnole. Repère daté de 1918, lié à Médecine et santé et Histoire sociale, avec un ancrage principal en Monde / global.",2,Grippe espagnole;Pandémie grippale de 1918,REVIEWED_SAFE_ALIASES,2,1,2,1,COMPLETE
EVT-0793,Présentation des Quatorze Points de Woodrow Wilson,"Présentation des Quatorze Points de Woodrow Wilson. Repère daté de 8 janvier 1918, lié à Diplomatie et Géopolitique, avec un ancrage principal en Europe et États-Unis.",0,,REVIEWED_NO_SAFE_ALIAS_REQUIRED,2,2,2,2,COMPLETE
EVT-0794,Abdication de Guillaume II et révolution allemande,"Abdication de Guillaume II et révolution allemande. Repère daté de 9 novembre 1918, lié à Révolutions et insurrections et Construction de l’État, avec un ancrage principal en Europe et Allemagne.",0,,REVIEWED_NO_SAFE_ALIAS_REQUIRED,2,2,2,2,COMPLETE
EVT-0795,Rétablissement de l’indépendance de la Pologne,"Rétablissement de l’indépendance de la Pologne. Repère daté de 11 novembre 1918, lié à Construction de l’État, avec un ancrage principal en Europe et Pologne.",0,,REVIEWED_NO_SAFE_ALIAS_REQUIRED,1,2,1,2,COMPLETE
EVT-0796,Ratification du XIXe amendement accordant le vote aux femmes aux États-Unis,"Ratification du XIXe amendement accordant le vote aux femmes aux États-Unis. Repère daté de 18 août 1920, lié à Démocratie, Droits et libertés et Femmes et genre, avec un ancrage principal en Amérique du Nord et États-Unis.",0,,REVIEWED_NO_SAFE_ALIAS_REQUIRED,3,2,3,2,COMPLETE
EVT-0797,Ouverture du Ier congrès fondateur du Parti communiste chinois,"Ouverture du Ier congrès fondateur du Parti communiste chinois. Repère daté de 23 juillet 1921, lié à Politique et Révolutions et insurrections, avec un ancrage principal en Asie et Chine.",3,PCC;Fondation du PCC;Ier congrès du PCC,REVIEWED_SAFE_ALIASES,2,2,2,2,COMPLETE
EVT-0798,Découverte de la tombe de Toutânkhamon,"Découverte de la tombe de Toutânkhamon. Repère daté de 4 novembre 1922, lié à Archéologie et Savoirs et connaissance, avec un ancrage principal en Afrique et Égypte.",0,,REVIEWED_NO_SAFE_ALIAS_REQUIRED,2,2,2,2,COMPLETE
EVT-0799,Création de l’Union soviétique,"Création de l’Union soviétique. Repère daté de 30 décembre 1922, lié à Politique et Construction de l’État, avec un ancrage principal en Europe et Russie / URSS.",0,,REVIEWED_NO_SAFE_ALIAS_REQUIRED,2,2,2,2,COMPLETE
EVT-0800,Proclamation de la République de Turquie,"Proclamation de la République de Turquie. Repère daté de 29 octobre 1923, lié à Politique et Construction de l’État, avec un ancrage principal en Asie et Turquie / Empire ottoman.",0,,REVIEWED_NO_SAFE_ALIAS_REQUIRED,2,2,2,2,COMPLETE
EVT-0801,Mort de Lénine,"Mort de Lénine. Repère daté de 21 janvier 1924, lié à Politique, avec un ancrage principal en Europe et Russie / URSS.",1,Décès de Lénine,REVIEWED_SAFE_ALIASES,1,2,1,2,COMPLETE
EVT-0802,Charles Lindbergh achève le premier vol solo sans escale New York-Paris,"Charles Lindbergh achève le premier vol solo sans escale New York-Paris. Repère daté de 21 mai 1927, lié à Explorations et Techniques et technologies, avec un ancrage principal en Monde atlantique et France.",0,,REVIEWED_NO_SAFE_ALIAS_REQUIRED,2,3,2,3,COMPLETE
EVT-0803,"Sortie de The Jazz Singer, jalon du cinéma parlant","Sortie de The Jazz Singer, jalon du cinéma parlant. Repère daté de 6 octobre 1927, lié à Arts et culture et Techniques et technologies, avec un ancrage principal en Amérique du Nord et États-Unis.",0,,REVIEWED_NO_SAFE_ALIAS_REQUIRED,2,2,2,2,COMPLETE
EVT-0804,Découverte de la pénicilline par Alexander Fleming,"Découverte de la pénicilline par Alexander Fleming. Repère daté de 28 septembre 1928, lié à Médecine et santé et Sciences, avec un ancrage principal en Europe et Royaume-Uni / Angleterre.",0,,REVIEWED_NO_SAFE_ALIAS_REQUIRED,2,2,2,2,COMPLETE
EVT-0805,Découverte de Pluton par Clyde Tombaugh,"Découverte de Pluton par Clyde Tombaugh. Repère daté de 18 février 1930, lié à Sciences et Espace, avec un ancrage principal en Amérique du Nord et États-Unis.",1,Découverte de Pluton,REVIEWED_SAFE_ALIASES,2,2,2,2,COMPLETE
EVT-0806,Début de la première Coupe du monde de football,"Début de la première Coupe du monde de football. Repère daté de 13 juillet 1930, lié à Sport, avec un ancrage principal en Amérique latine et Uruguay.",1,La première Coupe du monde de football,REVIEWED_SAFE_ALIASES,1,2,1,2,COMPLETE
EVT-0807,Incident de Mukden et invasion japonaise de la Mandchourie,"Incident de Mukden et invasion japonaise de la Mandchourie. Repère daté de 18 septembre 1931, lié à Colonisation et impérialisme et Guerres et conflits, avec un ancrage principal en Asie et Chine.",0,,REVIEWED_NO_SAFE_ALIAS_REQUIRED,2,3,2,3,COMPLETE
EVT-0808,Début de l’invasion italienne de l’Éthiopie,"Début de l’invasion italienne de l’Éthiopie. Repère daté de 3 octobre 1935, lié à Colonisation et impérialisme et Guerres et conflits, avec un ancrage principal en Afrique et Éthiopie.",1,L’invasion italienne de l’Éthiopie,REVIEWED_SAFE_ALIASES,2,2,2,2,COMPLETE
EVT-0809,Début du massacre de Nankin,"Début du massacre de Nankin. Repère daté de 13 décembre 1937, lié à Génocides et violences de masse et Guerres et conflits, avec un ancrage principal en Asie et Chine.",1,Massacre de Nankin,REVIEWED_SAFE_ALIASES,2,3,2,3,COMPLETE
EVT-0810,Anschluss de l’Autriche par l’Allemagne nazie,"Anschluss de l’Autriche par l’Allemagne nazie. Repère daté de 12 mars 1938, lié à Construction de l’État et Totalitarismes, avec un ancrage principal en Autriche et Europe.",0,,REVIEWED_NO_SAFE_ALIAS_REQUIRED,2,3,2,3,COMPLETE
EVT-0811,Fin de la guerre civile espagnole,"Fin de la guerre civile espagnole. Repère daté de 1 avril 1939, lié à Politique et Guerres et conflits, avec un ancrage principal en Europe et Espagne.",0,,REVIEWED_NO_SAFE_ALIAS_REQUIRED,2,2,2,2,COMPLETE
EVT-0812,Winston Churchill devient Premier ministre du Royaume-Uni,"Winston Churchill devient Premier ministre du Royaume-Uni. Repère daté de 10 mai 1940, lié à Politique et Guerres et conflits, avec un ancrage principal en Europe et Royaume-Uni / Angleterre.",0,,REVIEWED_NO_SAFE_ALIAS_REQUIRED,2,2,2,2,COMPLETE
EVT-0813,Promulgation de la loi Prêt-Bail aux États-Unis,"Promulgation de la loi Prêt-Bail aux États-Unis. Repère daté de 11 mars 1941, lié à Droit et législation et Guerres et conflits, avec un ancrage principal en Monde / global et États-Unis.",0,,REVIEWED_NO_SAFE_ALIAS_REQUIRED,2,2,2,2,COMPLETE
EVT-0814,Lancement officiel du projet Manhattan,"Lancement officiel du projet Manhattan. Repère daté de 13 août 1942, lié à Sciences, Techniques et technologies et Guerres et conflits, avec un ancrage principal en Amérique du Nord et États-Unis.",0,,REVIEWED_NO_SAFE_ALIAS_REQUIRED,3,2,3,2,COMPLETE
EVT-0815,Première réaction nucléaire en chaîne auto-entretenue à Chicago,"Première réaction nucléaire en chaîne auto-entretenue à Chicago. Repère daté de 2 décembre 1942, lié à Sciences et Techniques et technologies, avec un ancrage principal en Amérique du Nord et États-Unis.",0,,REVIEWED_NO_SAFE_ALIAS_REQUIRED,2,2,2,2,COMPLETE
EVT-0816,Début du soulèvement du ghetto de Varsovie,"Début du soulèvement du ghetto de Varsovie. Repère daté de 19 avril 1943, lié à Génocides et violences de masse et Révolutions et insurrections, avec un ancrage principal en Europe et Pologne.",1,Soulèvement du ghetto de Varsovie,REVIEWED_SAFE_ALIASES,2,2,2,2,COMPLETE
EVT-0817,Chute de Mussolini après son arrestation,"Chute de Mussolini après son arrestation. Repère daté de 25 juillet 1943, lié à Politique et Guerres et conflits, avec un ancrage principal en Europe et Italie.",0,,REVIEWED_NO_SAFE_ALIAS_REQUIRED,2,2,2,2,COMPLETE
EVT-0818,Ouverture de la conférence de Bretton Woods,"Ouverture de la conférence de Bretton Woods. Repère daté de 1 juillet 1944, lié à Diplomatie et Économie, avec un ancrage principal en Monde / global et États-Unis.",0,,REVIEWED_NO_SAFE_ALIAS_REQUIRED,2,2,2,2,COMPLETE
EVT-0819,Début de l’insurrection de Varsovie,"Début de l’insurrection de Varsovie. Repère daté de 1 août 1944, lié à Révolutions et insurrections et Guerres et conflits, avec un ancrage principal en Europe et Pologne.",1,L’insurrection de Varsovie,REVIEWED_SAFE_ALIASES,2,2,2,2,COMPLETE
EVT-0820,Ouverture de la conférence de San Francisco fondant l’ONU,"Ouverture de la conférence de San Francisco fondant l’ONU. Repère daté de 25 avril 1945, lié à Diplomatie et Organisations internationales, avec un ancrage principal en Monde / global et États-Unis.",0,,REVIEWED_NO_SAFE_ALIAS_REQUIRED,2,2,2,2,COMPLETE
EVT-0821,Ouverture de la conférence de Potsdam,"Ouverture de la conférence de Potsdam. Repère daté de 17 juillet 1945, lié à Diplomatie et Guerres et conflits, avec un ancrage principal en Europe et Allemagne.",0,,REVIEWED_NO_SAFE_ALIAS_REQUIRED,2,2,2,2,COMPLETE
EVT-0822,Proclamation de l’indépendance de l’Indonésie,"Proclamation de l’indépendance de l’Indonésie. Repère daté de 17 août 1945, lié à Décolonisation et Construction de l’État, avec un ancrage principal en Asie et Indonésie.",0,,REVIEWED_NO_SAFE_ALIAS_REQUIRED,2,2,2,2,COMPLETE
EVT-0823,Proclamation de l’indépendance du Viêt Nam par Hô Chi Minh,"Proclamation de l’indépendance du Viêt Nam par Hô Chi Minh. Repère daté de 2 septembre 1945, lié à Décolonisation et Construction de l’État, avec un ancrage principal en Asie et Vietnam / Indochine.",0,,REVIEWED_NO_SAFE_ALIAS_REQUIRED,2,2,2,2,COMPLETE
EVT-0824,Fédération de l’Australie,"Fédération de l’Australie. Repère daté de 1 janvier 1901, lié à Construction de l’État, avec un ancrage principal en Australie et Océanie.",0,,REVIEWED_NO_SAFE_ALIAS_REQUIRED,1,2,1,2,COMPLETE
EVT-0825,Mort de la reine Victoria,"Mort de la reine Victoria. Repère daté de 22 janvier 1901, lié à Empires et Politique, avec un ancrage principal en Europe et Royaume-Uni / Angleterre.",1,Décès de la reine Victoria,REVIEWED_SAFE_ALIASES,2,2,2,2,COMPLETE
EVT-0826,Éruption de la montagne Pelée détruisant Saint-Pierre,"Éruption de la montagne Pelée détruisant Saint-Pierre. Repère daté de 8 mai 1902, lié à Environnement et Histoire sociale, avec un ancrage principal en Caraïbes et France.",0,,REVIEWED_NO_SAFE_ALIAS_REQUIRED,2,2,2,2,COMPLETE
EVT-0827,Indépendance formelle de Cuba vis-à-vis des États-Unis,"Indépendance formelle de Cuba vis-à-vis des États-Unis. Repère daté de 20 mai 1902, lié à Construction de l’État, avec un ancrage principal en Cuba et Amérique latine.",0,,REVIEWED_NO_SAFE_ALIAS_REQUIRED,1,2,1,2,COMPLETE
EVT-0828,Traité de Vereeniging mettant fin à la seconde guerre des Boers,"Traité de Vereeniging mettant fin à la seconde guerre des Boers. Repère daté de 31 mai 1902, lié à Diplomatie et Guerres et conflits, avec un ancrage principal en Afrique et Afrique du Sud.",1,Traité de Vereeniging,REVIEWED_SAFE_ALIASES,2,2,2,2,COMPLETE
EVT-0829,Départ du premier Tour de France cycliste,"Départ du premier Tour de France cycliste. Repère daté de 1 juillet 1903, lié à Sport, avec un ancrage principal en Europe et France.",0,,REVIEWED_NO_SAFE_ALIAS_REQUIRED,1,2,1,2,COMPLETE
EVT-0830,Séparation du Panama de la Colombie,"Séparation du Panama de la Colombie. Repère daté de 3 novembre 1903, lié à Géopolitique et Construction de l’État, avec un ancrage principal en Amérique latine et Panama.",0,,REVIEWED_NO_SAFE_ALIAS_REQUIRED,2,2,2,2,COMPLETE
EVT-0831,Signature de l’Entente cordiale,"Signature de l’Entente cordiale. Repère daté de 8 avril 1904, lié à Diplomatie et Géopolitique, avec un ancrage principal en Europe et France.",0,,REVIEWED_NO_SAFE_ALIAS_REQUIRED,2,3,2,3,COMPLETE
EVT-0832,Séparation pacifique de la Norvège et de la Suède décidée par le Storting,"Séparation pacifique de la Norvège et de la Suède décidée par le Storting. Repère daté de 7 juin 1905, lié à Politique et Construction de l’État, avec un ancrage principal en Europe et Norvège.",0,,REVIEWED_NO_SAFE_ALIAS_REQUIRED,2,2,2,2,COMPLETE
EVT-0833,Traité de Portsmouth mettant fin à la guerre russo-japonaise,"Traité de Portsmouth mettant fin à la guerre russo-japonaise. Repère daté de 5 septembre 1905, lié à Diplomatie et Guerres et conflits, avec un ancrage principal en Asie et États-Unis.",1,Traité de Portsmouth,REVIEWED_SAFE_ALIASES,2,2,2,2,COMPLETE
EVT-0834,Lancement du HMS Dreadnought,"Lancement du HMS Dreadnought. Repère daté de 10 février 1906, lié à Techniques et technologies et Guerres et conflits, avec un ancrage principal en Europe et Royaume-Uni / Angleterre.",0,,REVIEWED_NO_SAFE_ALIAS_REQUIRED,2,2,2,2,COMPLETE
EVT-0835,Convention anglo-russe complétant la Triple Entente,"Convention anglo-russe complétant la Triple Entente. Repère daté de 31 août 1907, lié à Diplomatie et Géopolitique, avec un ancrage principal en Europe.",0,,REVIEWED_NO_SAFE_ALIAS_REQUIRED,2,1,2,1,COMPLETE
EVT-0836,Événement de la Toungouska,"Événement de la Toungouska. Repère daté de 30 juin 1908, lié à Environnement et Sciences, avec un ancrage principal en Asie et Russie / URSS.",0,,REVIEWED_NO_SAFE_ALIAS_REQUIRED,2,2,2,2,COMPLETE
EVT-0837,Fondation de la NAACP aux États-Unis,"Fondation de la NAACP aux États-Unis. Repère daté de 12 février 1909, lié à Politique et Droits et libertés, avec un ancrage principal en Amérique du Nord et États-Unis.",0,,REVIEWED_NO_SAFE_ALIAS_REQUIRED,2,2,2,2,COMPLETE
EVT-0838,Création de l’Union d’Afrique du Sud,"Création de l’Union d’Afrique du Sud. Repère daté de 31 mai 1910, lié à Colonisation et impérialisme et Construction de l’État, avec un ancrage principal en Afrique et Afrique du Sud.",0,,REVIEWED_NO_SAFE_ALIAS_REQUIRED,2,2,2,2,COMPLETE
EVT-0839,Début de la première guerre balkanique,"Début de la première guerre balkanique. Repère daté de 8 octobre 1912, lié à Géopolitique et Guerres et conflits, avec un ancrage principal en Balkans et Europe.",1,La première guerre balkanique,REVIEWED_SAFE_ALIASES,2,2,2,2,COMPLETE
EVT-0840,Première chaîne d’assemblage automobile mobile de Ford,"Première chaîne d’assemblage automobile mobile de Ford. Repère daté de 7 octobre 1913, lié à Industrialisation et Techniques et technologies, avec un ancrage principal en Amérique du Nord et États-Unis.",2,Chaîne de montage Ford;Moving assembly line,REVIEWED_SAFE_ALIASES,2,2,2,2,COMPLETE
EVT-0841,Création de la Réserve fédérale américaine,"Création de la Réserve fédérale américaine. Repère daté de 23 décembre 1913, lié à Économie et Construction de l’État, avec un ancrage principal en Amérique du Nord et États-Unis.",0,,REVIEWED_NO_SAFE_ALIAS_REQUIRED,2,2,2,2,COMPLETE
EVT-0842,Proclamation de la Tchécoslovaquie,"Proclamation de la Tchécoslovaquie. Repère daté de 28 octobre 1918, lié à Construction de l’État, avec un ancrage principal en Tchéquie / Tchécoslovaquie et Europe.",0,,REVIEWED_NO_SAFE_ALIAS_REQUIRED,1,2,1,2,COMPLETE
EVT-0843,Massacre d’Amritsar,"Massacre d’Amritsar. Repère daté de 13 avril 1919, lié à Colonisation et impérialisme et Génocides et violences de masse, avec un ancrage principal en Asie et Inde.",0,,REVIEWED_NO_SAFE_ALIAS_REQUIRED,2,2,2,2,COMPLETE
EVT-0844,Mouvement du 4-Mai en Chine,"Mouvement du 4-Mai en Chine. Repère daté de 4 mai 1919, lié à Politique et Révolutions et insurrections, avec un ancrage principal en Asie et Chine.",0,,REVIEWED_NO_SAFE_ALIAS_REQUIRED,2,2,2,2,COMPLETE
EVT-0845,Première réunion du Conseil de la Société des Nations,"Première réunion du Conseil de la Société des Nations. Repère daté de 16 janvier 1920, lié à Diplomatie et Organisations internationales, avec un ancrage principal en Europe et France.",2,SDN;Première réunion du Conseil de la SDN,REVIEWED_SAFE_ALIASES,2,2,2,2,COMPLETE
EVT-0846,Début de la prohibition aux États-Unis,"Début de la prohibition aux États-Unis. Repère daté de 17 janvier 1920, lié à Droit et législation et Histoire sociale, avec un ancrage principal en Amérique du Nord et États-Unis.",1,La prohibition aux États-Unis,REVIEWED_SAFE_ALIASES,2,2,2,2,COMPLETE
EVT-0847,Signature du traité anglo-irlandais,"Signature du traité anglo-irlandais. Repère daté de 6 décembre 1921, lié à Diplomatie et Construction de l’État, avec un ancrage principal en Europe et Irlande.",0,,REVIEWED_NO_SAFE_ALIAS_REQUIRED,2,2,2,2,COMPLETE
EVT-0848,Publication d’Ulysse de James Joyce,"Publication d’Ulysse de James Joyce. Repère daté de 2 février 1922, lié à Arts et culture et Savoirs et connaissance, avec un ancrage principal en Europe et France.",0,,REVIEWED_NO_SAFE_ALIAS_REQUIRED,2,2,2,2,COMPLETE
EVT-0849,Pic de l’hyperinflation allemande et introduction du Rentenmark,"Pic de l’hyperinflation allemande et introduction du Rentenmark. Repère daté de 15 novembre 1923, lié à Économie, avec un ancrage principal en Europe et Allemagne.",0,,REVIEWED_NO_SAFE_ALIAS_REQUIRED,1,2,1,2,COMPLETE
EVT-0850,Ouverture des premiers Jeux olympiques d’hiver à Chamonix,"Ouverture des premiers Jeux olympiques d’hiver à Chamonix. Repère daté de 25 janvier 1924, lié à Sport, avec un ancrage principal en Europe et France.",0,,REVIEWED_NO_SAFE_ALIAS_REQUIRED,1,2,1,2,COMPLETE
EVT-0851,Publication du premier volume de Mein Kampf,"Publication du premier volume de Mein Kampf. Repère daté de 18 juillet 1925, lié à Savoirs et connaissance, Politique et Totalitarismes, avec un ancrage principal en Europe et Allemagne.",0,,REVIEWED_NO_SAFE_ALIAS_REQUIRED,3,2,3,2,COMPLETE
EVT-0852,Début de la grève générale au Royaume-Uni,"Début de la grève générale au Royaume-Uni. Repère daté de 3 mai 1926, lié à Travail et mouvement social et Histoire sociale, avec un ancrage principal en Europe et Royaume-Uni / Angleterre.",1,La grève générale au Royaume-Uni,REVIEWED_SAFE_ALIASES,2,2,2,2,COMPLETE
EVT-0853,Première de Steamboat Willie avec Mickey Mouse,"Première de Steamboat Willie avec Mickey Mouse. Repère daté de 18 novembre 1928, lié à Arts et culture, avec un ancrage principal en Amérique du Nord et États-Unis.",0,,REVIEWED_NO_SAFE_ALIAS_REQUIRED,1,2,1,2,COMPLETE
EVT-0854,Signature des accords du Latran créant l’État de la Cité du Vatican,"Signature des accords du Latran créant l’État de la Cité du Vatican. Repère daté de 11 février 1929, lié à Diplomatie, Religions et Construction de l’État, avec un ancrage principal en Europe et Italie.",0,,REVIEWED_NO_SAFE_ALIAS_REQUIRED,3,2,3,2,COMPLETE
EVT-0855,Inauguration de l’Empire State Building,"Inauguration de l’Empire State Building. Repère daté de 1 mai 1931, lié à Techniques et technologies et Urbanisation, avec un ancrage principal en Amérique du Nord et États-Unis.",0,,REVIEWED_NO_SAFE_ALIAS_REQUIRED,2,2,2,2,COMPLETE
EVT-0856,Amelia Earhart achève un vol transatlantique solo,"Amelia Earhart achève un vol transatlantique solo. Repère daté de 21 mai 1932, lié à Explorations et Techniques et technologies, avec un ancrage principal en Monde atlantique et Monde / global.",0,,REVIEWED_NO_SAFE_ALIAS_REQUIRED,2,2,2,2,COMPLETE
EVT-0857,Proclamation du royaume d’Arabie saoudite,"Proclamation du royaume d’Arabie saoudite. Repère daté de 23 septembre 1932, lié à Construction de l’État, avec un ancrage principal en Moyen-Orient et Arabie saoudite.",0,,REVIEWED_NO_SAFE_ALIAS_REQUIRED,1,2,1,2,COMPLETE
EVT-0858,Fin de la prohibition aux États-Unis,"Fin de la prohibition aux États-Unis. Repère daté de 5 décembre 1933, lié à Droit et législation et Histoire sociale, avec un ancrage principal en Amérique du Nord et États-Unis.",0,,REVIEWED_NO_SAFE_ALIAS_REQUIRED,2,2,2,2,COMPLETE
EVT-0859,Début de la Longue Marche des communistes chinois,"Début de la Longue Marche des communistes chinois. Repère daté de 10 octobre 1934, lié à Révolutions et insurrections et Guerres et conflits, avec un ancrage principal en Asie et Chine.",2,La Longue Marche des communistes chinois;Début de la Longue Marche,REVIEWED_SAFE_ALIASES,2,2,2,2,COMPLETE
EVT-0860,Promulgation du Social Security Act aux États-Unis,"Promulgation du Social Security Act aux États-Unis. Repère daté de 14 août 1935, lié à Droit et législation et Histoire sociale, avec un ancrage principal en Amérique du Nord et États-Unis.",0,,REVIEWED_NO_SAFE_ALIAS_REQUIRED,2,2,2,2,COMPLETE
EVT-0861,Discours du « rideau de fer » de Winston Churchill à Fulton,"Discours du « rideau de fer » de Winston Churchill à Fulton. Repère daté de 5 mars 1946, lié à Géopolitique, avec un ancrage principal en Monde / global et États-Unis, dans le contexte de Guerre froide.",0,,REVIEWED_NO_SAFE_ALIAS_REQUIRED,1,2,1,2,COMPLETE
EVT-0862,Indépendance du Pakistan,"Indépendance du Pakistan. Repère daté de 14 août 1947, lié à Décolonisation et Construction de l’État, avec un ancrage principal en Asie et Pakistan.",0,,REVIEWED_NO_SAFE_ALIAS_REQUIRED,2,2,2,2,COMPLETE
EVT-0863,Création de l’Organisation mondiale de la santé,"Création de l’Organisation mondiale de la santé. Repère daté de 7 avril 1948, lié à Organisations internationales et Médecine et santé, avec un ancrage principal en Monde / global et Suisse.",1,OMS,REVIEWED_SAFE_ALIASES,2,2,2,2,COMPLETE
EVT-0864,Victoire électorale du Parti national en Afrique du Sud,"Victoire électorale du Parti national en Afrique du Sud. Repère daté de 26 mai 1948, lié à Politique et Droits et libertés, avec un ancrage principal en Afrique et Afrique du Sud.",0,,REVIEWED_NO_SAFE_ALIAS_REQUIRED,2,2,2,2,COMPLETE
EVT-0865,Adoption de la Déclaration universelle des droits de l’homme,"Adoption de la Déclaration universelle des droits de l’homme. Repère daté de 10 décembre 1948, lié à Organisations internationales et Droits et libertés, avec un ancrage principal en France et Monde / global.",0,,REVIEWED_NO_SAFE_ALIAS_REQUIRED,2,2,2,2,COMPLETE
EVT-0866,Signature des Conventions de Genève de 1949,"Signature des Conventions de Genève de 1949. Repère daté de 12 août 1949, lié à Droit et législation, Droits et libertés et Guerres et conflits, avec un ancrage principal en Monde / global et Suisse.",0,,REVIEWED_NO_SAFE_ALIAS_REQUIRED,3,2,3,2,COMPLETE
EVT-0867,Signature de la Convention européenne des droits de l’homme,"Signature de la Convention européenne des droits de l’homme. Repère daté de 4 novembre 1950, lié à Organisations internationales et Droits et libertés, avec un ancrage principal en Europe et Italie.",0,,REVIEWED_NO_SAFE_ALIAS_REQUIRED,2,2,2,2,COMPLETE
EVT-0868,Adoption de la Convention de Genève relative au statut des réfugiés,"Adoption de la Convention de Genève relative au statut des réfugiés. Repère daté de 28 juillet 1951, lié à Organisations internationales, Migrations et Droits et libertés, avec un ancrage principal en Monde / global et Suisse.",0,,REVIEWED_NO_SAFE_ALIAS_REQUIRED,3,2,3,2,COMPLETE
EVT-0869,Premier essai réussi d’une bombe thermonucléaire américaine,"Premier essai réussi d’une bombe thermonucléaire américaine. Repère daté de 1 novembre 1952, lié à Sciences, Techniques et technologies et Guerres et conflits, avec un ancrage principal en Îles Marshall et Pacifique.",0,,REVIEWED_NO_SAFE_ALIAS_REQUIRED,3,2,3,2,COMPLETE
EVT-0870,Mort de Joseph Staline,"Mort de Joseph Staline. Repère daté de 5 mars 1953, lié à Politique, avec un ancrage principal en Europe et Russie / URSS, dans le contexte de Guerre froide.",1,Décès de Joseph Staline,REVIEWED_SAFE_ALIASES,1,2,1,2,COMPLETE
EVT-0871,Publication de la structure en double hélice de l’ADN par Watson et Crick,"Publication de la structure en double hélice de l’ADN par Watson et Crick. Repère daté de 25 avril 1953, lié à Médecine et santé et Sciences, avec un ancrage principal en Europe et Royaume-Uni / Angleterre.",1,Publication de la structure en double hélice de l’ADN,REVIEWED_SAFE_ALIASES,2,2,2,2,COMPLETE
EVT-0872,Première ascension confirmée de l’Everest par Hillary et Norgay,"Première ascension confirmée de l’Everest par Hillary et Norgay. Repère daté de 29 mai 1953, lié à Explorations et Sport, avec un ancrage principal en Asie et Népal.",0,,REVIEWED_NO_SAFE_ALIAS_REQUIRED,2,2,2,2,COMPLETE
EVT-0873,Armistice de Panmunjom mettant fin aux combats de la guerre de Corée,"Armistice de Panmunjom mettant fin aux combats de la guerre de Corée. Repère daté de 27 juillet 1953, lié à Diplomatie et Guerres et conflits, avec un ancrage principal en Asie et Corée, dans le contexte de Guerre froide.",0,,REVIEWED_NO_SAFE_ALIAS_REQUIRED,2,2,2,2,COMPLETE
EVT-0874,Arrêt Brown v. Board of Education aux États-Unis,"Arrêt Brown v. Board of Education aux États-Unis. Repère daté de 17 mai 1954, lié à Droit et législation et Droits et libertés, avec un ancrage principal en Amérique du Nord et États-Unis.",0,,REVIEWED_NO_SAFE_ALIAS_REQUIRED,2,2,2,2,COMPLETE
EVT-0875,Arrestation de Rosa Parks à Montgomery,"Arrestation de Rosa Parks à Montgomery. Repère daté de 1 décembre 1955, lié à Démocratie et Droits et libertés, avec un ancrage principal en Amérique du Nord et États-Unis.",0,,REVIEWED_NO_SAFE_ALIAS_REQUIRED,2,2,2,2,COMPLETE
EVT-0876,Discours secret de Nikita Khrouchtchev au XXe congrès du PCUS,"Discours secret de Nikita Khrouchtchev au XXe congrès du PCUS. Repère daté de 25 février 1956, lié à Politique, avec un ancrage principal en Europe et Russie / URSS, dans le contexte de Guerre froide.",0,,REVIEWED_NO_SAFE_ALIAS_REQUIRED,1,2,1,2,COMPLETE
EVT-0877,Début de l’insurrection de Budapest,"Début de l’insurrection de Budapest. Repère daté de 23 octobre 1956, lié à Révolutions et insurrections, avec un ancrage principal en Europe et Hongrie, dans le contexte de Guerre froide.",1,L’insurrection de Budapest,REVIEWED_SAFE_ALIASES,1,2,1,2,COMPLETE
EVT-0878,Indépendance du Ghana,"Indépendance du Ghana. Repère daté de 6 mars 1957, lié à Décolonisation et Construction de l’État, avec un ancrage principal en Afrique et Ghana.",0,,REVIEWED_NO_SAFE_ALIAS_REQUIRED,2,2,2,2,COMPLETE
EVT-0879,Signature du National Aeronautics and Space Act créant la NASA,"Signature du National Aeronautics and Space Act créant la NASA. Repère daté de 29 juillet 1958, lié à Sciences, Espace et Construction de l’État, avec un ancrage principal en Amérique du Nord et États-Unis.",2,Création de la NASA;National Aeronautics and Space Act,REVIEWED_SAFE_ALIASES,3,2,3,2,COMPLETE
EVT-0880,Massacre de Sharpeville,"Massacre de Sharpeville. Repère daté de 21 mars 1960, lié à Génocides et violences de masse et Droits et libertés, avec un ancrage principal en Afrique et Afrique du Sud.",0,,REVIEWED_NO_SAFE_ALIAS_REQUIRED,2,2,2,2,COMPLETE
EVT-0881,Indépendance du Congo belge,"Indépendance du Congo belge. Repère daté de 30 juin 1960, lié à Décolonisation et Construction de l’État, avec un ancrage principal en Afrique et Congo.",0,,REVIEWED_NO_SAFE_ALIAS_REQUIRED,2,2,2,2,COMPLETE
EVT-0882,Ouverture du concile Vatican II,"Ouverture du concile Vatican II. Repère daté de 11 octobre 1962, lié à Religions et États et Religions, avec un ancrage principal en Europe et Italie.",0,,REVIEWED_NO_SAFE_ALIAS_REQUIRED,2,2,2,2,COMPLETE
EVT-0883,Signature du traité d’interdiction partielle des essais nucléaires,"Signature du traité d’interdiction partielle des essais nucléaires. Repère daté de 5 août 1963, lié à Diplomatie et Guerres et conflits, avec un ancrage principal en Monde / global et Russie / URSS, dans le contexte de Guerre froide.",0,,REVIEWED_NO_SAFE_ALIAS_REQUIRED,2,3,2,3,COMPLETE
EVT-0884,Marche sur Washington et discours « I Have a Dream »,"Marche sur Washington et discours « I Have a Dream ». Repère daté de 28 août 1963, lié à Démocratie et Droits et libertés, avec un ancrage principal en Amérique du Nord et États-Unis.",0,,REVIEWED_NO_SAFE_ALIAS_REQUIRED,2,2,2,2,COMPLETE
EVT-0885,Promulgation du Civil Rights Act aux États-Unis,"Promulgation du Civil Rights Act aux États-Unis. Repère daté de 2 juillet 1964, lié à Droit et législation et Droits et libertés, avec un ancrage principal en Amérique du Nord et États-Unis.",0,,REVIEWED_NO_SAFE_ALIAS_REQUIRED,2,2,2,2,COMPLETE
EVT-0886,Promulgation du Voting Rights Act aux États-Unis,"Promulgation du Voting Rights Act aux États-Unis. Repère daté de 6 août 1965, lié à Démocratie, Droit et législation et Droits et libertés, avec un ancrage principal en Amérique du Nord et États-Unis.",0,,REVIEWED_NO_SAFE_ALIAS_REQUIRED,3,2,3,2,COMPLETE
EVT-0887,Indépendance de Singapour,"Indépendance de Singapour. Repère daté de 9 août 1965, lié à Décolonisation et Construction de l’État, avec un ancrage principal en Asie et Singapour.",1,Proclamation de l’indépendance de Singapour,REVIEWED_SAFE_ALIASES,2,2,2,2,COMPLETE
EVT-0888,Début officiel de la Révolution culturelle en Chine,"Début officiel de la Révolution culturelle en Chine. Repère daté de 16 mai 1966, lié à Politique et Révolutions et insurrections, avec un ancrage principal en Asie et Chine.",0,,REVIEWED_NO_SAFE_ALIAS_REQUIRED,2,2,2,2,COMPLETE
EVT-0889,Début de la guerre des Six Jours,"Début de la guerre des Six Jours. Repère daté de 5 juin 1967, lié à Géopolitique et Guerres et conflits, avec un ancrage principal en Israël / Palestine et Moyen-Orient.",1,La guerre des Six Jours,REVIEWED_SAFE_ALIASES,2,2,2,2,COMPLETE
EVT-0890,Première transplantation cardiaque humaine réussie,"Première transplantation cardiaque humaine réussie. Repère daté de 3 décembre 1967, lié à Médecine et santé et Sciences, avec un ancrage principal en Afrique et Afrique du Sud.",0,,REVIEWED_NO_SAFE_ALIAS_REQUIRED,2,2,2,2,COMPLETE
EVT-0891,Début de l’offensive du Têt,"Début de l’offensive du Têt. Repère daté de 30 janvier 1968, lié à Guerres et conflits, avec un ancrage principal en Asie et Vietnam / Indochine, dans le contexte de Guerre froide.",1,L’offensive du Têt,REVIEWED_SAFE_ALIASES,1,2,1,2,COMPLETE
EVT-0892,Assassinat de Martin Luther King Jr.,"Assassinat de Martin Luther King Jr.. Repère daté de 4 avril 1968, lié à Politique et Droits et libertés, avec un ancrage principal en Amérique du Nord et États-Unis.",1,Mort de Martin Luther King Jr.,REVIEWED_SAFE_ALIASES,2,2,2,2,COMPLETE
EVT-0893,Premiers pas humains sur la Lune lors d’Apollo 11,"Premiers pas humains sur la Lune lors d’Apollo 11. Repère daté de 20 juillet 1969, lié à Sciences et Espace, avec un ancrage principal en Monde / global.",3,Apollo 11;Premier pas sur la Lune;Premiers pas sur la Lune,REVIEWED_SAFE_ALIASES,2,1,2,1,COMPLETE
EVT-0894,Ouverture du festival de Woodstock,"Ouverture du festival de Woodstock. Repère daté de 15 août 1969, lié à Arts et culture et Histoire sociale, avec un ancrage principal en Amérique du Nord et États-Unis.",0,,REVIEWED_NO_SAFE_ALIAS_REQUIRED,2,2,2,2,COMPLETE
EVT-0895,Premier message transmis sur ARPANET,"Premier message transmis sur ARPANET. Repère daté de 29 octobre 1969, lié à Médias et information et Techniques et technologies, avec un ancrage principal en Amérique du Nord et États-Unis.",0,,REVIEWED_NO_SAFE_ALIAS_REQUIRED,2,2,2,2,COMPLETE
EVT-0896,Proclamation de l’indépendance du Bangladesh,"Proclamation de l’indépendance du Bangladesh. Repère daté de 26 mars 1971, lié à Décolonisation et Construction de l’État, avec un ancrage principal en Asie et Bangladesh.",0,,REVIEWED_NO_SAFE_ALIAS_REQUIRED,2,2,2,2,COMPLETE
EVT-0897,Suspension de la convertibilité du dollar en or par Richard Nixon,"Suspension de la convertibilité du dollar en or par Richard Nixon. Repère daté de 15 août 1971, lié à Économie et Géopolitique, avec un ancrage principal en Monde / global et États-Unis.",0,,REVIEWED_NO_SAFE_ALIAS_REQUIRED,2,2,2,2,COMPLETE
EVT-0898,La République populaire de Chine obtient le siège chinois à l’ONU,"La République populaire de Chine obtient le siège chinois à l’ONU. Repère daté de 25 octobre 1971, lié à Géopolitique et Organisations internationales, avec un ancrage principal en Chine et Monde / global.",1,RPC,REVIEWED_SAFE_ALIASES,2,2,2,2,COMPLETE
EVT-0899,Annonce commerciale du microprocesseur Intel 4004,"Annonce commerciale du microprocesseur Intel 4004. Repère daté de 15 novembre 1971, lié à Sciences et Techniques et technologies, avec un ancrage principal en Amérique du Nord et États-Unis.",1,Intel 4004,REVIEWED_SAFE_ALIASES,2,2,2,2,COMPLETE
EVT-0900,Visite de Richard Nixon en Chine,"Visite de Richard Nixon en Chine. Repère daté de 21 février 1972, lié à Diplomatie, avec un ancrage principal en Asie et Chine, dans le contexte de Guerre froide.",0,,REVIEWED_NO_SAFE_ALIAS_REQUIRED,1,3,1,3,COMPLETE
EVT-0901,Cambriolage du siège démocrate au Watergate,"Cambriolage du siège démocrate au Watergate. Repère daté de 17 juin 1972, lié à Droit et législation et Politique, avec un ancrage principal en Amérique du Nord et États-Unis.",0,,REVIEWED_NO_SAFE_ALIAS_REQUIRED,2,2,2,2,COMPLETE
EVT-0902,Prise d’otages et massacre des Jeux olympiques de Munich,"Prise d’otages et massacre des Jeux olympiques de Munich. Repère daté de 5 septembre 1972, lié à Génocides et violences de masse, Sport et Terrorisme, avec un ancrage principal en Europe et Allemagne.",0,,REVIEWED_NO_SAFE_ALIAS_REQUIRED,3,2,3,2,COMPLETE
EVT-0903,Arrêt Roe v. Wade de la Cour suprême des États-Unis,"Arrêt Roe v. Wade de la Cour suprême des États-Unis. Repère daté de 22 janvier 1973, lié à Droit et législation et Droits et libertés, avec un ancrage principal en Amérique du Nord et États-Unis.",0,,REVIEWED_NO_SAFE_ALIAS_REQUIRED,2,2,2,2,COMPLETE
EVT-0904,Début de la guerre du Kippour,"Début de la guerre du Kippour. Repère daté de 6 octobre 1973, lié à Géopolitique et Guerres et conflits, avec un ancrage principal en Israël / Palestine et Moyen-Orient.",1,La guerre du Kippour,REVIEWED_SAFE_ALIASES,2,2,2,2,COMPLETE
EVT-0905,Début de l’embargo pétrolier arabe contre plusieurs pays occidentaux,"Début de l’embargo pétrolier arabe contre plusieurs pays occidentaux. Repère daté de 17 octobre 1973, lié à Économie et Géopolitique, avec un ancrage principal en Monde / global et Moyen-Orient.",1,L’embargo pétrolier arabe contre plusieurs pays occidentaux,REVIEWED_SAFE_ALIASES,2,2,2,2,COMPLETE
EVT-0906,Démission de Richard Nixon,"Démission de Richard Nixon. Repère daté de 9 août 1974, lié à Droit et législation et Politique, avec un ancrage principal en Amérique du Nord et États-Unis.",0,,REVIEWED_NO_SAFE_ALIAS_REQUIRED,2,2,2,2,COMPLETE
EVT-0907,Fondation de Microsoft,"Fondation de Microsoft. Repère daté de 4 avril 1975, lié à Économie et Techniques et technologies, avec un ancrage principal en Amérique du Nord et États-Unis.",0,,REVIEWED_NO_SAFE_ALIAS_REQUIRED,2,2,2,2,COMPLETE
EVT-0908,Chute de Saïgon,"Chute de Saïgon. Repère daté de 30 avril 1975, lié à Décolonisation et Guerres et conflits, avec un ancrage principal en Asie et Vietnam / Indochine, dans le contexte de Guerre froide.",0,,REVIEWED_NO_SAFE_ALIAS_REQUIRED,2,2,2,2,COMPLETE
EVT-0909,Fondation d’Apple Computer,"Fondation d’Apple Computer. Repère daté de 1 avril 1976, lié à Économie et Techniques et technologies, avec un ancrage principal en Amérique du Nord et États-Unis.",0,,REVIEWED_NO_SAFE_ALIAS_REQUIRED,2,2,2,2,COMPLETE
EVT-0910,Soulèvement de Soweto,"Soulèvement de Soweto. Repère daté de 16 juin 1976, lié à Révolutions et insurrections et Droits et libertés, avec un ancrage principal en Afrique et Afrique du Sud.",0,,REVIEWED_NO_SAFE_ALIAS_REQUIRED,2,2,2,2,COMPLETE
EVT-0911,Sortie américaine du premier Star Wars,"Sortie américaine du premier Star Wars. Repère daté de 25 mai 1977, lié à Arts et culture, avec un ancrage principal en Monde / global et États-Unis.",0,,REVIEWED_NO_SAFE_ALIAS_REQUIRED,1,2,1,2,COMPLETE
EVT-0912,Lancement de Voyager 1,"Lancement de Voyager 1. Repère daté de 5 septembre 1977, lié à Sciences et Espace, avec un ancrage principal en Monde / global et États-Unis.",0,,REVIEWED_NO_SAFE_ALIAS_REQUIRED,2,2,2,2,COMPLETE
EVT-0913,"Naissance de Louise Brown, premier bébé conçu par fécondation in vitro","Naissance de Louise Brown, premier bébé conçu par fécondation in vitro. Repère daté de 25 juillet 1978, lié à Médecine et santé et Sciences, avec un ancrage principal en Europe et Royaume-Uni / Angleterre.",0,,REVIEWED_NO_SAFE_ALIAS_REQUIRED,2,2,2,2,COMPLETE
EVT-0914,Signature des accords de Camp David,"Signature des accords de Camp David. Repère daté de 17 septembre 1978, lié à Diplomatie et Géopolitique, avec un ancrage principal en Moyen-Orient et États-Unis.",0,,REVIEWED_NO_SAFE_ALIAS_REQUIRED,2,2,2,2,COMPLETE
EVT-0915,Début de la guerre Iran-Irak,"Début de la guerre Iran-Irak. Repère daté de 22 septembre 1980, lié à Géopolitique et Guerres et conflits, avec un ancrage principal en Iran et Irak / Mésopotamie.",1,La guerre Iran-Irak,REVIEWED_SAFE_ALIASES,2,3,2,3,COMPLETE
EVT-0916,Premier vol de la navette spatiale américaine Columbia,"Premier vol de la navette spatiale américaine Columbia. Repère daté de 12 avril 1981, lié à Sciences et Espace, avec un ancrage principal en Monde / global et États-Unis.",0,,REVIEWED_NO_SAFE_ALIAS_REQUIRED,2,2,2,2,COMPLETE
EVT-0917,Présentation de l’IBM PC,"Présentation de l’IBM PC. Repère daté de 12 août 1981, lié à Économie et Techniques et technologies, avec un ancrage principal en Amérique du Nord et États-Unis.",0,,REVIEWED_NO_SAFE_ALIAS_REQUIRED,2,2,2,2,COMPLETE
EVT-0918,Début de la guerre des Malouines,"Début de la guerre des Malouines. Repère daté de 2 avril 1982, lié à Géopolitique et Guerres et conflits, avec un ancrage principal en Argentine et Monde atlantique.",1,La guerre des Malouines,REVIEWED_SAFE_ALIASES,2,3,2,3,COMPLETE
EVT-0919,Sortie de l’album Thriller de Michael Jackson,"Sortie de l’album Thriller de Michael Jackson. Repère daté de 30 novembre 1982, lié à Arts et culture, avec un ancrage principal en Monde / global et États-Unis.",0,,REVIEWED_NO_SAFE_ALIAS_REQUIRED,1,2,1,2,COMPLETE
EVT-0920,Passage d’ARPANET au protocole TCP/IP,"Passage d’ARPANET au protocole TCP/IP. Repère daté de 1 janvier 1983, lié à Médias et information et Techniques et technologies, avec un ancrage principal en Monde / global et États-Unis.",0,,REVIEWED_NO_SAFE_ALIAS_REQUIRED,2,2,2,2,COMPLETE
EVT-0921,Lancement commercial du Macintosh,"Lancement commercial du Macintosh. Repère daté de 24 janvier 1984, lié à Économie et Techniques et technologies, avec un ancrage principal en Monde / global et États-Unis.",0,,REVIEWED_NO_SAFE_ALIAS_REQUIRED,2,2,2,2,COMPLETE
EVT-0922,Catastrophe industrielle de Bhopal,"Catastrophe industrielle de Bhopal. Repère daté de 3 décembre 1984, lié à Environnement et Industrialisation, avec un ancrage principal en Asie et Inde.",0,,REVIEWED_NO_SAFE_ALIAS_REQUIRED,2,2,2,2,COMPLETE
EVT-0923,Mikhaïl Gorbatchev devient secrétaire général du PCUS,"Mikhaïl Gorbatchev devient secrétaire général du PCUS. Repère daté de 11 mars 1985, lié à Politique, avec un ancrage principal en Europe et Russie / URSS, dans le contexte de Guerre froide.",0,,REVIEWED_NO_SAFE_ALIAS_REQUIRED,1,2,1,2,COMPLETE
EVT-0924,Explosion de la navette Challenger,"Explosion de la navette Challenger. Repère daté de 28 janvier 1986, lié à Sciences et Espace, avec un ancrage principal en Monde / global et États-Unis.",0,,REVIEWED_NO_SAFE_ALIAS_REQUIRED,2,2,2,2,COMPLETE
EVT-0925,Signature du traité INF entre les États-Unis et l’URSS,"Signature du traité INF entre les États-Unis et l’URSS. Repère daté de 8 décembre 1987, lié à Diplomatie, avec un ancrage principal en Monde / global et Russie / URSS, dans le contexte de Guerre froide.",0,,REVIEWED_NO_SAFE_ALIAS_REQUIRED,1,3,1,3,COMPLETE
EVT-0926,Début de la Révolution de velours en Tchécoslovaquie,"Début de la Révolution de velours en Tchécoslovaquie. Repère daté de 17 novembre 1989, lié à Révolutions et insurrections, avec un ancrage principal en Tchéquie / Tchécoslovaquie et Europe, dans le contexte de Guerre froide.",1,La Révolution de velours en Tchécoslovaquie,REVIEWED_SAFE_ALIASES,1,2,1,2,COMPLETE
EVT-0927,Début de la révolution roumaine,"Début de la révolution roumaine. Repère daté de 16 décembre 1989, lié à Révolutions et insurrections, avec un ancrage principal en Europe et Roumanie, dans le contexte de Guerre froide.",1,La révolution roumaine,REVIEWED_SAFE_ALIASES,1,2,1,2,COMPLETE
EVT-0928,Mise en service des premiers éléments du Web au CERN,"Mise en service des premiers éléments du Web au CERN. Repère daté de fin 1990, lié à Médias et information et Techniques et technologies, avec un ancrage principal en Monde / global et Suisse.",3,Naissance du Web;World Wide Web;WWW,REVIEWED_SAFE_ALIASES,2,2,2,2,COMPLETE
EVT-0929,Début de l’opération Tempête du désert,"Début de l’opération Tempête du désert. Repère daté de 17 janvier 1991, lié à Géopolitique et Guerres et conflits, avec un ancrage principal en Irak / Mésopotamie et Moyen-Orient.",1,L’opération Tempête du désert,REVIEWED_SAFE_ALIASES,2,2,2,2,COMPLETE
EVT-0930,Déclaration d’indépendance de l’Ukraine,"Déclaration d’indépendance de l’Ukraine. Repère daté de 24 août 1991, lié à Construction de l’État, avec un ancrage principal en Europe et Ukraine.",0,,REVIEWED_NO_SAFE_ALIAS_REQUIRED,1,2,1,2,COMPLETE
EVT-0931,Reconnaissance internationale de la Bosnie-Herzégovine et début de la guerre de Bosnie,"Reconnaissance internationale de la Bosnie-Herzégovine et début de la guerre de Bosnie. Repère daté de 6 avril 1992, lié à Construction de l’État et Guerres et conflits, avec un ancrage principal en Balkans et Europe.",0,,REVIEWED_NO_SAFE_ALIAS_REQUIRED,2,2,2,2,COMPLETE
EVT-0932,Signature des accords d’Oslo,"Signature des accords d’Oslo. Repère daté de 13 septembre 1993, lié à Diplomatie et Géopolitique, avec un ancrage principal en Israël / Palestine et Moyen-Orient.",0,,REVIEWED_NO_SAFE_ALIAS_REQUIRED,2,3,2,3,COMPLETE
EVT-0933,Nelson Mandela devient président de l’Afrique du Sud,"Nelson Mandela devient président de l’Afrique du Sud. Repère daté de 10 mai 1994, lié à Démocratie, Politique et Droits et libertés, avec un ancrage principal en Afrique et Afrique du Sud.",0,,REVIEWED_NO_SAFE_ALIAS_REQUIRED,3,2,3,2,COMPLETE
EVT-0934,Création de l’Organisation mondiale du commerce,"Création de l’Organisation mondiale du commerce. Repère daté de 1 janvier 1995, lié à Économie et Organisations internationales, avec un ancrage principal en Monde / global et Suisse.",1,OMC,REVIEWED_SAFE_ALIASES,2,2,2,2,COMPLETE
EVT-0935,Début du massacre de Srebrenica,"Début du massacre de Srebrenica. Repère daté de 11 juillet 1995, lié à Génocides et violences de masse et Guerres et conflits, avec un ancrage principal en Balkans et Europe.",1,Massacre de Srebrenica,REVIEWED_SAFE_ALIASES,2,2,2,2,COMPLETE
EVT-0936,Signature des accords de Dayton à Paris,"Signature des accords de Dayton à Paris. Repère daté de 14 décembre 1995, lié à Diplomatie et Guerres et conflits, avec un ancrage principal en Balkans et Europe.",0,,REVIEWED_NO_SAFE_ALIAS_REQUIRED,2,3,2,3,COMPLETE
EVT-0937,"Naissance de Dolly, première brebis clonée à partir d’une cellule somatique adulte","Naissance de Dolly, première brebis clonée à partir d’une cellule somatique adulte. Repère daté de 5 juillet 1996, lié à Médecine et santé et Sciences, avec un ancrage principal en Europe et Royaume-Uni / Angleterre.",2,Dolly;Clonage de Dolly,REVIEWED_SAFE_ALIASES,2,2,2,2,COMPLETE
EVT-0938,Prise de Kaboul par les talibans,"Prise de Kaboul par les talibans. Repère daté de 27 septembre 1996, lié à Politique et Guerres et conflits, avec un ancrage principal en Afghanistan et Asie.",0,,REVIEWED_NO_SAFE_ALIAS_REQUIRED,2,2,2,2,COMPLETE
EVT-0939,Rétrocession de Hong Kong à la Chine,"Rétrocession de Hong Kong à la Chine. Repère daté de 1 juillet 1997, lié à Diplomatie et Construction de l’État, avec un ancrage principal en Asie et Chine.",0,,REVIEWED_NO_SAFE_ALIAS_REQUIRED,2,2,2,2,COMPLETE
EVT-0940,Accord du Vendredi saint en Irlande du Nord,"Accord du Vendredi saint en Irlande du Nord. Repère daté de 10 avril 1998, lié à Diplomatie et Droits et libertés, avec un ancrage principal en Europe et Irlande.",0,,REVIEWED_NO_SAFE_ALIAS_REQUIRED,2,2,2,2,COMPLETE
EVT-0941,Victoire de la France à la Coupe du monde de football,"Victoire de la France à la Coupe du monde de football. Repère daté de 12 juillet 1998, lié à Sport, avec un ancrage principal en France et Monde / global.",0,,REVIEWED_NO_SAFE_ALIAS_REQUIRED,1,2,1,2,COMPLETE
EVT-0942,Adoption du Statut de Rome de la Cour pénale internationale,"Adoption du Statut de Rome de la Cour pénale internationale. Repère daté de 17 juillet 1998, lié à Organisations internationales et Droit et législation, avec un ancrage principal en Monde / global et Italie.",1,CPI,REVIEWED_SAFE_ALIASES,2,2,2,2,COMPLETE
EVT-0943,Fondation de Google,"Fondation de Google. Repère daté de 4 septembre 1998, lié à Économie et Techniques et technologies, avec un ancrage principal en Monde / global et États-Unis.",0,,REVIEWED_NO_SAFE_ALIAS_REQUIRED,2,2,2,2,COMPLETE
EVT-0944,Introduction de l’euro comme monnaie scripturale,"Introduction de l’euro comme monnaie scripturale. Repère daté de 1 janvier 1999, lié à Économie et Construction européenne, avec un ancrage principal en Europe.",0,,REVIEWED_NO_SAFE_ALIAS_REQUIRED,2,1,2,1,COMPLETE
EVT-0945,Début de l’intervention de l’OTAN au Kosovo,"Début de l’intervention de l’OTAN au Kosovo. Repère daté de 24 mars 1999, lié à Géopolitique et Guerres et conflits, avec un ancrage principal en Balkans et Europe.",1,L’intervention de l’OTAN au Kosovo,REVIEWED_SAFE_ALIASES,2,2,2,2,COMPLETE
EVT-0946,Première session de l’Assemblée générale des Nations Unies,"Première session de l’Assemblée générale des Nations Unies. Repère daté de 10 janvier 1946, lié à Diplomatie et Organisations internationales, avec un ancrage principal en Monde / global et Royaume-Uni / Angleterre.",0,,REVIEWED_NO_SAFE_ALIAS_REQUIRED,2,2,2,2,COMPLETE
EVT-0947,Indépendance des Philippines vis-à-vis des États-Unis,"Indépendance des Philippines vis-à-vis des États-Unis. Repère daté de 4 juillet 1946, lié à Décolonisation et Construction de l’État, avec un ancrage principal en Asie et Philippines.",0,,REVIEWED_NO_SAFE_ALIAS_REQUIRED,2,2,2,2,COMPLETE
EVT-0948,Signature du GATT,"Signature du GATT. Repère daté de 30 octobre 1947, lié à Diplomatie et Économie, avec un ancrage principal en Monde / global et Suisse.",0,,REVIEWED_NO_SAFE_ALIAS_REQUIRED,2,2,2,2,COMPLETE
EVT-0949,Fondation du Conseil de l’Europe,"Fondation du Conseil de l’Europe. Repère daté de 5 mai 1949, lié à Organisations internationales et Droits et libertés, avec un ancrage principal en Europe et Royaume-Uni / Angleterre.",0,,REVIEWED_NO_SAFE_ALIAS_REQUIRED,2,2,2,2,COMPLETE
EVT-0950,Signature du traité de paix de San Francisco avec le Japon,"Signature du traité de paix de San Francisco avec le Japon. Repère daté de 8 septembre 1951, lié à Diplomatie et Guerres et conflits, avec un ancrage principal en Asie et Japon.",0,,REVIEWED_NO_SAFE_ALIAS_REQUIRED,2,3,2,3,COMPLETE
EVT-0951,Élisabeth II devient reine du Royaume-Uni,"Élisabeth II devient reine du Royaume-Uni. Repère daté de 6 février 1952, lié à Politique, avec un ancrage principal en Europe et Royaume-Uni / Angleterre.",0,,REVIEWED_NO_SAFE_ALIAS_REQUIRED,1,2,1,2,COMPLETE
EVT-0952,Roger Bannister court le premier mile en moins de quatre minutes,"Roger Bannister court le premier mile en moins de quatre minutes. Repère daté de 6 mai 1954, lié à Sport, avec un ancrage principal en Europe et Royaume-Uni / Angleterre.",0,,REVIEWED_NO_SAFE_ALIAS_REQUIRED,1,2,1,2,COMPLETE
EVT-0953,Lancement du Grand Bond en avant en Chine,"Lancement du Grand Bond en avant en Chine. Repère daté de mai 1958, lié à Économie et Politique, avec un ancrage principal en Asie et Chine.",0,,REVIEWED_NO_SAFE_ALIAS_REQUIRED,2,2,2,2,COMPLETE
EVT-0954,Victoire du Brésil de Pelé à la Coupe du monde de football,"Victoire du Brésil de Pelé à la Coupe du monde de football. Repère daté de 29 juin 1958, lié à Sport, avec un ancrage principal en Monde / global et Suède.",0,,REVIEWED_NO_SAFE_ALIAS_REQUIRED,1,2,1,2,COMPLETE
EVT-0955,Signature du traité sur l’Antarctique,"Signature du traité sur l’Antarctique. Repère daté de 1 décembre 1959, lié à Diplomatie et Environnement, avec un ancrage principal en Antarctique et Monde / global.",0,,REVIEWED_NO_SAFE_ALIAS_REQUIRED,2,2,2,2,COMPLETE
EVT-0956,Indépendance de Madagascar,"Indépendance de Madagascar. Repère daté de 26 juin 1960, lié à Décolonisation et Construction de l’État, avec un ancrage principal en Afrique et Madagascar.",1,Proclamation de l’indépendance de Madagascar,REVIEWED_SAFE_ALIASES,2,2,2,2,COMPLETE
EVT-0957,Fondation de l’OPEP à Bagdad,"Fondation de l’OPEP à Bagdad. Repère daté de 14 septembre 1960, lié à Économie et Organisations internationales, avec un ancrage principal en Irak / Mésopotamie et Moyen-Orient.",0,,REVIEWED_NO_SAFE_ALIAS_REQUIRED,2,2,2,2,COMPLETE
EVT-0958,Indépendance du Nigeria,"Indépendance du Nigeria. Repère daté de 1 octobre 1960, lié à Décolonisation et Construction de l’État, avec un ancrage principal en Afrique et Nigeria.",0,,REVIEWED_NO_SAFE_ALIAS_REQUIRED,2,2,2,2,COMPLETE
EVT-0959,Investiture de John F. Kennedy,"Investiture de John F. Kennedy. Repère daté de 20 janvier 1961, lié à Démocratie et Politique, avec un ancrage principal en Amérique du Nord et États-Unis.",0,,REVIEWED_NO_SAFE_ALIAS_REQUIRED,2,2,2,2,COMPLETE
EVT-0960,Création de Medicare et Medicaid aux États-Unis,"Création de Medicare et Medicaid aux États-Unis. Repère daté de 30 juillet 1965, lié à Droit et législation, Médecine et santé et Histoire sociale, avec un ancrage principal en Amérique du Nord et États-Unis.",0,,REVIEWED_NO_SAFE_ALIAS_REQUIRED,3,2,3,2,COMPLETE
EVT-0961,Victoire de l’Angleterre à la Coupe du monde de football,"Victoire de l’Angleterre à la Coupe du monde de football. Repère daté de 30 juillet 1966, lié à Sport, avec un ancrage principal en Monde / global et Royaume-Uni / Angleterre.",0,,REVIEWED_NO_SAFE_ALIAS_REQUIRED,1,2,1,2,COMPLETE
EVT-0962,Fondation de l’ASEAN,"Fondation de l’ASEAN. Repère daté de 8 août 1967, lié à Diplomatie et Organisations internationales, avec un ancrage principal en Asie.",0,,REVIEWED_NO_SAFE_ALIAS_REQUIRED,2,1,2,1,COMPLETE
EVT-0963,Séparation officielle des Beatles annoncée par Paul McCartney,"Séparation officielle des Beatles annoncée par Paul McCartney. Repère daté de 10 avril 1970, lié à Arts et culture, avec un ancrage principal en Monde / global et Royaume-Uni / Angleterre.",0,,REVIEWED_NO_SAFE_ALIAS_REQUIRED,1,2,1,2,COMPLETE
EVT-0964,Premier Jour de la Terre,"Premier Jour de la Terre. Repère daté de 22 avril 1970, lié à Environnement et Histoire sociale, avec un ancrage principal en Monde / global et États-Unis.",0,,REVIEWED_NO_SAFE_ALIAS_REQUIRED,2,2,2,2,COMPLETE
EVT-0965,Le Brésil remporte sa troisième Coupe du monde de football,"Le Brésil remporte sa troisième Coupe du monde de football. Repère daté de 21 juin 1970, lié à Sport, avec un ancrage principal en Monde / global et Mexique.",0,,REVIEWED_NO_SAFE_ALIAS_REQUIRED,1,2,1,2,COMPLETE
EVT-0966,Bobby Fischer devient champion du monde d’échecs,"Bobby Fischer devient champion du monde d’échecs. Repère daté de 1er septembre 1972, lié à Sport, avec un ancrage principal en Europe et Islande.",2,Fischer champion du monde;Match Fischer-Spassky 1972,REVIEWED_SAFE_ALIASES,1,2,1,2,COMPLETE
EVT-0967,Indépendance du Mozambique,"Indépendance du Mozambique. Repère daté de 25 juin 1975, lié à Décolonisation et Construction de l’État, avec un ancrage principal en Afrique et Mozambique.",0,,REVIEWED_NO_SAFE_ALIAS_REQUIRED,2,2,2,2,COMPLETE
EVT-0968,Indépendance de l’Angola,"Indépendance de l’Angola. Repère daté de 11 novembre 1975, lié à Décolonisation et Construction de l’État, avec un ancrage principal en Afrique et Angola.",1,Proclamation de l’indépendance de l’Angola,REVIEWED_SAFE_ALIASES,2,2,2,2,COMPLETE
EVT-0969,Atterrissage de Viking 1 sur Mars,"Atterrissage de Viking 1 sur Mars. Repère daté de 20 juillet 1976, lié à Sciences et Espace, avec un ancrage principal en Monde / global.",1,Viking 1 sur Mars,REVIEWED_SAFE_ALIASES,2,1,2,1,COMPLETE
EVT-0970,Mise en vente de l’Apple II,"Mise en vente de l’Apple II. Repère daté de 10 juin 1977, lié à Économie et Techniques et technologies, avec un ancrage principal en Amérique du Nord et États-Unis.",1,Apple II,REVIEWED_SAFE_ALIASES,2,2,2,2,COMPLETE
EVT-0971,Accident nucléaire de Three Mile Island,"Accident nucléaire de Three Mile Island. Repère daté de 28 mars 1979, lié à Environnement et Sciences, avec un ancrage principal en Amérique du Nord et États-Unis.",0,,REVIEWED_NO_SAFE_ALIAS_REQUIRED,2,2,2,2,COMPLETE
EVT-0972,Margaret Thatcher devient Première ministre du Royaume-Uni,"Margaret Thatcher devient Première ministre du Royaume-Uni. Repère daté de 4 mai 1979, lié à Politique, avec un ancrage principal en Europe et Royaume-Uni / Angleterre.",0,,REVIEWED_NO_SAFE_ALIAS_REQUIRED,1,2,1,2,COMPLETE
EVT-0973,Indépendance du Zimbabwe,"Indépendance du Zimbabwe. Repère daté de 18 avril 1980, lié à Décolonisation et Construction de l’État, avec un ancrage principal en Afrique et Zimbabwe.",0,,REVIEWED_NO_SAFE_ALIAS_REQUIRED,2,2,2,2,COMPLETE
EVT-0974,Lancement de CNN,"Lancement de CNN. Repère daté de 1 juin 1980, lié à Médias et information et Techniques et technologies, avec un ancrage principal en Monde / global et États-Unis.",0,,REVIEWED_NO_SAFE_ALIAS_REQUIRED,2,2,2,2,COMPLETE
EVT-0975,Début de l’invasion israélienne du Liban,"Début de l’invasion israélienne du Liban. Repère daté de 6 juin 1982, lié à Géopolitique et Guerres et conflits, avec un ancrage principal en Israël / Palestine et Moyen-Orient.",1,L’invasion israélienne du Liban,REVIEWED_SAFE_ALIASES,2,2,2,2,COMPLETE
EVT-0976,Commercialisation du disque compact au Japon,"Commercialisation du disque compact au Japon. Repère daté de 1 octobre 1982, lié à Arts et culture et Techniques et technologies, avec un ancrage principal en Asie et Japon.",0,,REVIEWED_NO_SAFE_ALIAS_REQUIRED,2,2,2,2,COMPLETE
EVT-0977,Annonce de l’Initiative de défense stratégique par Ronald Reagan,"Annonce de l’Initiative de défense stratégique par Ronald Reagan. Repère daté de 23 mars 1983, lié à Techniques et technologies et Guerres et conflits, avec un ancrage principal en Monde / global et États-Unis, dans le contexte de Guerre froide.",0,,REVIEWED_NO_SAFE_ALIAS_REQUIRED,2,2,2,2,COMPLETE
EVT-0978,Annonce de la première ébauche du génome humain,"Annonce de la première ébauche du génome humain. Repère daté de 26 juin 2000, lié à Médecine et santé et Sciences, avec un ancrage principal en Monde / global et Royaume-Uni / Angleterre.",0,,REVIEWED_NO_SAFE_ALIAS_REQUIRED,2,3,2,3,COMPLETE
EVT-0979,Lancement de Wikipédia,"Lancement de Wikipédia. Repère daté de 15 janvier 2001, lié à Savoirs et connaissance, Médias et information et Techniques et technologies, avec un ancrage principal en Monde / global et États-Unis.",0,,REVIEWED_NO_SAFE_ALIAS_REQUIRED,3,2,3,2,COMPLETE
EVT-0980,Attentats du 11 septembre aux États-Unis,"Attentats du 11 septembre aux États-Unis. Repère daté de 11 septembre 2001, lié à Génocides et violences de masse, Géopolitique et Terrorisme, avec un ancrage principal en Amérique du Nord et États-Unis.",0,,REVIEWED_NO_SAFE_ALIAS_REQUIRED,3,2,3,2,COMPLETE
EVT-0981,Début de l’intervention militaire américaine en Afghanistan,"Début de l’intervention militaire américaine en Afghanistan. Repère daté de 7 octobre 2001, lié à Géopolitique et Guerres et conflits, avec un ancrage principal en Afghanistan et Asie.",1,L’intervention militaire américaine en Afghanistan,REVIEWED_SAFE_ALIASES,2,2,2,2,COMPLETE
EVT-0982,Mise en circulation des billets et pièces en euro,"Mise en circulation des billets et pièces en euro. Repère daté de 1 janvier 2002, lié à Économie et Construction européenne, avec un ancrage principal en Europe.",0,,REVIEWED_NO_SAFE_ALIAS_REQUIRED,2,1,2,1,COMPLETE
EVT-0983,Entrée en fonction de la Cour pénale internationale,"Entrée en fonction de la Cour pénale internationale. Repère daté de 1 juillet 2002, lié à Organisations internationales et Droit et législation, avec un ancrage principal en Monde / global et Pays-Bas.",0,,REVIEWED_NO_SAFE_ALIAS_REQUIRED,2,2,2,2,COMPLETE
EVT-0984,Début de la guerre d’Irak,"Début de la guerre d’Irak. Repère daté de 20 mars 2003, lié à Géopolitique et Guerres et conflits, avec un ancrage principal en Irak / Mésopotamie et Moyen-Orient.",1,La guerre d’Irak,REVIEWED_SAFE_ALIASES,2,2,2,2,COMPLETE
EVT-0985,Annonce de l’achèvement du Projet génome humain,"Annonce de l’achèvement du Projet génome humain. Repère daté de 14 avril 2003, lié à Médecine et santé et Sciences, avec un ancrage principal en Monde / global.",2,Projet génome humain;Human Genome Project,REVIEWED_SAFE_ALIASES,2,1,2,1,COMPLETE
EVT-0986,Fondation de Facebook,"Fondation de Facebook. Repère daté de 4 février 2004, lié à Économie, Médias et information et Techniques et technologies, avec un ancrage principal en Monde / global et États-Unis.",0,,REVIEWED_NO_SAFE_ALIAS_REQUIRED,3,2,3,2,COMPLETE
EVT-0987,Grand élargissement de l’Union européenne à dix nouveaux États,"Grand élargissement de l’Union européenne à dix nouveaux États. Repère daté de 1 mai 2004, lié à Construction européenne et Construction de l’État, avec un ancrage principal en Europe.",1,UE,REVIEWED_SAFE_ALIASES,2,1,2,1,COMPLETE
EVT-0988,Séisme et tsunami de l’océan Indien,"Séisme et tsunami de l’océan Indien. Repère daté de 26 décembre 2004, lié à Environnement et Histoire sociale, avec un ancrage principal en Asie et Monde / global.",0,,REVIEWED_NO_SAFE_ALIAS_REQUIRED,2,2,2,2,COMPLETE
EVT-0989,Ouragan Katrina frappe la côte du golfe des États-Unis,"Ouragan Katrina frappe la côte du golfe des États-Unis. Repère daté de 29 août 2005, lié à Environnement et Histoire sociale, avec un ancrage principal en Amérique du Nord et États-Unis.",0,,REVIEWED_NO_SAFE_ALIAS_REQUIRED,2,2,2,2,COMPLETE
EVT-0990,Présentation du premier iPhone par Steve Jobs,"Présentation du premier iPhone par Steve Jobs. Repère daté de 9 janvier 2007, lié à Économie et Techniques et technologies, avec un ancrage principal en Monde / global et États-Unis.",0,,REVIEWED_NO_SAFE_ALIAS_REQUIRED,2,2,2,2,COMPLETE
EVT-0991,Signature du traité de Lisbonne,"Signature du traité de Lisbonne. Repère daté de 13 décembre 2007, lié à Diplomatie et Construction européenne, avec un ancrage principal en Europe et Portugal.",0,,REVIEWED_NO_SAFE_ALIAS_REQUIRED,2,2,2,2,COMPLETE
EVT-0992,Faillite de Lehman Brothers,"Faillite de Lehman Brothers. Repère daté de 15 septembre 2008, lié à Économie, avec un ancrage principal en Monde / global et États-Unis.",0,,REVIEWED_NO_SAFE_ALIAS_REQUIRED,1,2,1,2,COMPLETE
EVT-0993,Publication du livre blanc de Bitcoin,"Publication du livre blanc de Bitcoin. Repère daté de 31 octobre 2008, lié à Économie et Techniques et technologies, avec un ancrage principal en Monde / global.",2,Livre blanc de Bitcoin;Bitcoin white paper,REVIEWED_SAFE_ALIASES,2,1,2,1,COMPLETE
EVT-0994,Élection de Barack Obama à la présidence des États-Unis,"Élection de Barack Obama à la présidence des États-Unis. Repère daté de 4 novembre 2008, lié à Démocratie et Politique, avec un ancrage principal en Amérique du Nord et États-Unis.",0,,REVIEWED_NO_SAFE_ALIAS_REQUIRED,2,2,2,2,COMPLETE
EVT-0995,Séisme dévastateur en Haïti,"Séisme dévastateur en Haïti. Repère daté de 12 janvier 2010, lié à Environnement et Histoire sociale, avec un ancrage principal en Caraïbes et Haïti / Saint-Domingue.",0,,REVIEWED_NO_SAFE_ALIAS_REQUIRED,2,2,2,2,COMPLETE
EVT-0996,Explosion de Deepwater Horizon,"Explosion de Deepwater Horizon. Repère daté de 20 avril 2010, lié à Économie et Environnement, avec un ancrage principal en Amérique du Nord et États-Unis.",0,,REVIEWED_NO_SAFE_ALIAS_REQUIRED,2,2,2,2,COMPLETE
EVT-0997,"Immolation de Mohamed Bouazizi, déclencheur des révoltes tunisiennes","Immolation de Mohamed Bouazizi, déclencheur des révoltes tunisiennes. Repère daté de 17 décembre 2010, lié à Politique et Révolutions et insurrections, avec un ancrage principal en Afrique du Nord et Tunisie.",0,,REVIEWED_NO_SAFE_ALIAS_REQUIRED,2,2,2,2,COMPLETE
EVT-0998,Séisme et accident nucléaire de Fukushima,"Séisme et accident nucléaire de Fukushima. Repère daté de 11 mars 2011, lié à Environnement et Sciences, avec un ancrage principal en Asie et Japon.",0,,REVIEWED_NO_SAFE_ALIAS_REQUIRED,2,2,2,2,COMPLETE
EVT-0999,Mort d’Oussama ben Laden lors d’une opération américaine,"Mort d’Oussama ben Laden lors d’une opération américaine. Repère daté de 2 mai 2011, lié à Géopolitique et Terrorisme, avec un ancrage principal en Asie et Pakistan.",0,,REVIEWED_NO_SAFE_ALIAS_REQUIRED,2,2,2,2,COMPLETE
EVT-1000,Indépendance du Soudan du Sud,"Indépendance du Soudan du Sud. Repère daté de 9 juillet 2011, lié à Construction de l’État, avec un ancrage principal en Afrique et Soudan du Sud.",0,,REVIEWED_NO_SAFE_ALIAS_REQUIRED,1,2,1,2,COMPLETE
EVT-1001,Annonce de la découverte d’une particule compatible avec le boson de Higgs,"Annonce de la découverte d’une particule compatible avec le boson de Higgs. Repère daté de 4 juillet 2012, lié à Sciences, avec un ancrage principal en Europe et Suisse.",0,,REVIEWED_NO_SAFE_ALIAS_REQUIRED,1,2,1,2,COMPLETE
EVT-1002,Élection du pape François,"Élection du pape François. Repère daté de 13 mars 2013, lié à Politique et Religions, avec un ancrage principal en Europe et Italie.",0,,REVIEWED_NO_SAFE_ALIAS_REQUIRED,2,2,2,2,COMPLETE
EVT-1003,Début des révélations publiques d’Edward Snowden,"Début des révélations publiques d’Edward Snowden. Repère daté de 5 juin 2013, lié à Géopolitique et Médias et information, avec un ancrage principal en Monde / global et États-Unis.",1,Révélations publiques d’Edward Snowden,REVIEWED_SAFE_ALIASES,2,2,2,2,COMPLETE
EVT-1004,Annexion de la Crimée par la Russie,"Annexion de la Crimée par la Russie. Repère daté de 18 mars 2014, lié à Frontières et territoires et Géopolitique, avec un ancrage principal en Europe et Russie / URSS.",0,,REVIEWED_NO_SAFE_ALIAS_REQUIRED,2,3,2,3,COMPLETE
EVT-1005,Proclamation d’un « califat » par l’organisation État islamique,"Proclamation d’un « califat » par l’organisation État islamique. Repère daté de 29 juin 2014, lié à Géopolitique, Religions et Terrorisme, avec un ancrage principal en Irak / Mésopotamie et Moyen-Orient.",0,,REVIEWED_NO_SAFE_ALIAS_REQUIRED,3,2,3,2,COMPLETE
EVT-1006,Accord de Vienne sur le programme nucléaire iranien,"Accord de Vienne sur le programme nucléaire iranien. Repère daté de 14 juillet 2015, lié à Diplomatie et Géopolitique, avec un ancrage principal en Iran et Moyen-Orient.",0,,REVIEWED_NO_SAFE_ALIAS_REQUIRED,2,2,2,2,COMPLETE
EVT-1007,Première détection directe d’ondes gravitationnelles par LIGO,"Première détection directe d’ondes gravitationnelles par LIGO. Repère daté de 14 septembre 2015, lié à Sciences, avec un ancrage principal en Monde / global et États-Unis.",0,,REVIEWED_NO_SAFE_ALIAS_REQUIRED,1,2,1,2,COMPLETE
EVT-1008,Attentats de Paris du 13 novembre,"Attentats de Paris du 13 novembre. Repère daté de 13 novembre 2015, lié à Génocides et violences de masse et Terrorisme, avec un ancrage principal en Europe et France.",0,,REVIEWED_NO_SAFE_ALIAS_REQUIRED,2,2,2,2,COMPLETE
EVT-1009,Référendum britannique sur le Brexit,"Référendum britannique sur le Brexit. Repère daté de 23 juin 2016, lié à Démocratie et Construction européenne, avec un ancrage principal en Europe et Royaume-Uni / Angleterre.",0,,REVIEWED_NO_SAFE_ALIAS_REQUIRED,2,2,2,2,COMPLETE
EVT-1010,Élection de Donald Trump à la présidence des États-Unis,"Élection de Donald Trump à la présidence des États-Unis. Repère daté de 8 novembre 2016, lié à Démocratie et Politique, avec un ancrage principal en Amérique du Nord et États-Unis.",0,,REVIEWED_NO_SAFE_ALIAS_REQUIRED,2,2,2,2,COMPLETE
EVT-1011,Entrée en application du RGPD dans l’Union européenne,"Entrée en application du RGPD dans l’Union européenne. Repère daté de 25 mai 2018, lié à Droit et législation, Droits et libertés et Techniques et technologies, avec un ancrage principal en Europe.",0,,REVIEWED_NO_SAFE_ALIAS_REQUIRED,3,1,3,1,COMPLETE
EVT-1012,Victoire de la France à la Coupe du monde de football,"Victoire de la France à la Coupe du monde de football. Repère daté de 15 juillet 2018, lié à Sport, avec un ancrage principal en Monde / global et Russie / URSS.",0,,REVIEWED_NO_SAFE_ALIAS_REQUIRED,1,2,1,2,COMPLETE
EVT-1013,Publication de la première image d’un trou noir,"Publication de la première image d’un trou noir. Repère daté de 10 avril 2019, lié à Sciences et Espace, avec un ancrage principal en Monde / global.",1,Première image d’un trou noir,REVIEWED_SAFE_ALIASES,2,1,2,1,COMPLETE
EVT-1014,Incendie de la cathédrale Notre-Dame de Paris,"Incendie de la cathédrale Notre-Dame de Paris. Repère daté de 15 avril 2019, lié à Environnement et Mémoire et patrimoine, avec un ancrage principal en Europe et France.",0,,REVIEWED_NO_SAFE_ALIAS_REQUIRED,2,2,2,2,COMPLETE
EVT-1015,Signalement à l’OMS d’un groupe de pneumonies inconnues à Wuhan,"Signalement à l’OMS d’un groupe de pneumonies inconnues à Wuhan. Repère daté de 31 décembre 2019, lié à Organisations internationales et Médecine et santé, avec un ancrage principal en Chine et Monde / global.",0,,REVIEWED_NO_SAFE_ALIAS_REQUIRED,2,2,2,2,COMPLETE
EVT-1016,Retrait du Royaume-Uni de l’Union européenne,"Retrait du Royaume-Uni de l’Union européenne. Repère daté de 31 janvier 2020, lié à Construction européenne et Construction de l’État, avec un ancrage principal en Europe et Royaume-Uni / Angleterre.",0,,REVIEWED_NO_SAFE_ALIAS_REQUIRED,2,2,2,2,COMPLETE
EVT-1017,L’OMS qualifie la Covid-19 de pandémie,"L’OMS qualifie la Covid-19 de pandémie. Repère daté de 11 mars 2020, lié à Organisations internationales et Médecine et santé, avec un ancrage principal en Monde / global.",2,Pandémie de Covid-19;Covid-19 déclarée pandémie,REVIEWED_SAFE_ALIASES,2,1,2,1,COMPLETE
EVT-1018,Mort de George Floyd à Minneapolis,"Mort de George Floyd à Minneapolis. Repère daté de 25 mai 2020, lié à Droits et libertés et Histoire sociale, avec un ancrage principal en Amérique du Nord et États-Unis.",1,Décès de George Floyd à Minneapolis,REVIEWED_SAFE_ALIASES,2,2,2,2,COMPLETE
EVT-1019,Première autorisation d’un vaccin à ARNm contre la Covid-19 au Royaume-Uni,"Première autorisation d’un vaccin à ARNm contre la Covid-19 au Royaume-Uni. Repère daté de 2 décembre 2020, lié à Médecine et santé et Sciences, avec un ancrage principal en Europe et Royaume-Uni / Angleterre.",0,,REVIEWED_NO_SAFE_ALIAS_REQUIRED,2,2,2,2,COMPLETE
EVT-1020,Assaut du Capitole des États-Unis,"Assaut du Capitole des États-Unis. Repère daté de 6 janvier 2021, lié à Démocratie et Politique, avec un ancrage principal en Amérique du Nord et États-Unis.",0,,REVIEWED_NO_SAFE_ALIAS_REQUIRED,2,2,2,2,COMPLETE
EVT-1021,Prise de Kaboul par les talibans,"Prise de Kaboul par les talibans. Repère daté de 15 août 2021, lié à Politique et Guerres et conflits, avec un ancrage principal en Afghanistan et Asie.",0,,REVIEWED_NO_SAFE_ALIAS_REQUIRED,2,2,2,2,COMPLETE
EVT-1022,Lancement du télescope spatial James-Webb,"Lancement du télescope spatial James-Webb. Repère daté de 25 décembre 2021, lié à Sciences et Espace, avec un ancrage principal en Monde / global.",3,James-Webb;JWST;Télescope spatial James-Webb,REVIEWED_SAFE_ALIASES,2,1,2,1,COMPLETE
EVT-1023,Début de l’invasion à grande échelle de l’Ukraine par la Russie,"Début de l’invasion à grande échelle de l’Ukraine par la Russie. Repère daté de 24 février 2022, lié à Géopolitique et Guerres et conflits, avec un ancrage principal en Europe et Russie / URSS.",1,L’invasion à grande échelle de l’Ukraine par la Russie,REVIEWED_SAFE_ALIASES,2,3,2,3,COMPLETE
EVT-1024,Lancement public de ChatGPT,"Lancement public de ChatGPT. Repère daté de 30 novembre 2022, lié à Savoirs et connaissance et Techniques et technologies, avec un ancrage principal en Monde / global.",2,Lancement de ChatGPT;Sortie publique de ChatGPT,REVIEWED_SAFE_ALIASES,2,1,2,1,COMPLETE
EVT-1025,Alunissage de Chandrayaan-3 près du pôle Sud lunaire,"Alunissage de Chandrayaan-3 près du pôle Sud lunaire. Repère daté de 23 août 2023, lié à Sciences et Espace, avec un ancrage principal en Monde / global et Inde.",0,,REVIEWED_NO_SAFE_ALIAS_REQUIRED,2,2,2,2,COMPLETE
EVT-1026,Attaque du Hamas contre Israël et début de la guerre Israël-Hamas,"Attaque du Hamas contre Israël et début de la guerre Israël-Hamas. Repère daté de 7 octobre 2023, lié à Géopolitique, Terrorisme et Guerres et conflits, avec un ancrage principal en Israël / Palestine et Moyen-Orient.",0,,REVIEWED_NO_SAFE_ALIAS_REQUIRED,3,2,3,2,COMPLETE
EVT-1027,Adoption du règlement européen sur l’intelligence artificielle par le Parlement européen,"Adoption du règlement européen sur l’intelligence artificielle par le Parlement européen. Repère daté de 13 mars 2024, lié à Construction européenne, Droit et législation et Techniques et technologies, avec un ancrage principal en Europe.",0,,REVIEWED_NO_SAFE_ALIAS_REQUIRED,3,1,3,1,COMPLETE
EVT-1028,Vladimir Poutine prend ses fonctions de président de la Russie,"Vladimir Poutine prend ses fonctions de président de la Russie. Repère daté de 7 mai 2000, lié à Politique, avec un ancrage principal en Europe et Russie / URSS.",0,,REVIEWED_NO_SAFE_ALIAS_REQUIRED,1,2,1,2,COMPLETE
EVT-1029,Indépendance du Timor oriental,"Indépendance du Timor oriental. Repère daté de 20 mai 2002, lié à Décolonisation et Construction de l’État, avec un ancrage principal en Asie et Timor oriental.",0,,REVIEWED_NO_SAFE_ALIAS_REQUIRED,2,2,2,2,COMPLETE
EVT-1030,Condamnation d’Alfred Dreyfus par un conseil de guerre,"Condamnation d’Alfred Dreyfus par un conseil de guerre. Repère daté de 22 décembre 1894, lié à Politique et Droits et libertés, avec un ancrage principal en Europe et France.",0,,REVIEWED_NO_SAFE_ALIAS_REQUIRED,2,2,2,2,COMPLETE
EVT-1031,Octroi du brevet britannique n° 12039 à Guglielmo Marconi pour la télégraphie sans fil,"Octroi du brevet britannique n° 12039 à Guglielmo Marconi pour la télégraphie sans fil. Repère daté de 2 juillet 1897, lié à Médias et information et Techniques et technologies, avec un ancrage principal en Europe et Royaume-Uni / Angleterre.",1,Brevet Marconi de 1897,REVIEWED_SAFE_ALIASES,2,2,2,2,COMPLETE
EVT-1032,Ouverture du premier congrès sioniste à Bâle,"Ouverture du premier congrès sioniste à Bâle. Repère daté de 29 août 1897, lié à Politique et Construction de l’État, avec un ancrage principal en Europe et Suisse.",0,,REVIEWED_NO_SAFE_ALIAS_REQUIRED,2,2,2,2,COMPLETE
EVT-1033,Ouverture de la première conférence de La Haye,"Ouverture de la première conférence de La Haye. Repère daté de 18 mai 1899, lié à Diplomatie et Organisations internationales, avec un ancrage principal en Europe et Pays-Bas.",0,,REVIEWED_NO_SAFE_ALIAS_REQUIRED,2,2,2,2,COMPLETE
EVT-1034,Début de la seconde guerre des Boers,"Début de la seconde guerre des Boers. Repère daté de 11 octobre 1899, lié à Colonisation et impérialisme et Guerres et conflits, avec un ancrage principal en Afrique et Afrique du Sud.",1,La seconde guerre des Boers,REVIEWED_SAFE_ALIASES,2,2,2,2,COMPLETE
EVT-1035,Publication de L’Interprétation du rêve de Sigmund Freud,"Publication de L’Interprétation du rêve de Sigmund Freud. Repère daté de 4 novembre 1899 (ouvrage daté 1900), lié à Savoirs et connaissance et Sciences, avec un ancrage principal en Autriche et Europe.",2,L’Interprétation du rêve;Die Traumdeutung,REVIEWED_SAFE_ALIASES,2,2,2,2,COMPLETE
EVT-1036,Ouverture des Jeux olympiques de Berlin,"Ouverture des Jeux olympiques de Berlin. Repère daté de 1 août 1936, lié à Politique et Sport, avec un ancrage principal en Europe et Allemagne.",0,,REVIEWED_NO_SAFE_ALIAS_REQUIRED,2,2,2,2,COMPLETE
EVT-1037,Abdication d’Édouard VIII,"Abdication d’Édouard VIII. Repère daté de 11 décembre 1936, lié à Politique, avec un ancrage principal en Europe et Royaume-Uni / Angleterre.",0,,REVIEWED_NO_SAFE_ALIAS_REQUIRED,1,2,1,2,COMPLETE
EVT-1038,Catastrophe du dirigeable Hindenburg,"Catastrophe du dirigeable Hindenburg. Repère daté de 6 mai 1937, lié à Techniques et technologies et Transports, avec un ancrage principal en Amérique du Nord et États-Unis.",0,,REVIEWED_NO_SAFE_ALIAS_REQUIRED,2,2,2,2,COMPLETE
EVT-1039,Découverte des charniers de Katyn par les Allemands annoncée publiquement,"Découverte des charniers de Katyn par les Allemands annoncée publiquement. Repère daté de 13 avril 1940, lié à Génocides et violences de masse et Guerres et conflits, avec un ancrage principal en Europe et Pologne.",0,,REVIEWED_NO_SAFE_ALIAS_REQUIRED,2,2,2,2,COMPLETE
EVT-1040,Publication de travaux établissant le rôle de l’ADN comme support de l’hérédité,"Publication de travaux établissant le rôle de l’ADN comme support de l’hérédité. Repère daté de 1 février 1944, lié à Médecine et santé et Sciences, avec un ancrage principal en Amérique du Nord et États-Unis.",0,,REVIEWED_NO_SAFE_ALIAS_REQUIRED,2,2,2,2,COMPLETE
EVT-1041,Concert Live Aid,"Concert Live Aid. Repère daté de 13 juillet 1985, lié à Arts et culture et Organisations internationales, avec un ancrage principal en Monde / global et Royaume-Uni / Angleterre.",0,,REVIEWED_NO_SAFE_ALIAS_REQUIRED,2,3,2,3,COMPLETE
