event_id,title_canonical,semantic_topic_count,semantic_topics,historical_context_count,historical_contexts,geography_count,geographies,high_confidence_topic_count,high_confidence_geography_count,needs_semantic_review
EVT-0001,Centenaire de la proclamation de la République,5,democracy;memory-heritage;politics;rights;state-building,0,,2,europe;france,4,1,FALSE
EVT-0002,14 juillet fête nationale,4,democracy;politics;rights;state-building,0,,2,europe;france,3,1,FALSE
EVT-0003,Loi établissant la gratuité de l’enseignement primaire public,7,democracy;education;law;politics;rights;social-history;state-building,0,,2,europe;france,6,2,FALSE
EVT-0004,Loi du 28 mars 1882 : instruction primaire obligatoire et laïcisation de l’enseignement public,7,democracy;education;law;politics;rights;social-history;state-building,0,,2,europe;france,6,2,FALSE
EVT-0005,loi de séparation des Églises et de l’État,8,church-state;democracy;law;politics;religion;rights;social-history;state-building,0,,2,europe;france,7,2,FALSE
EVT-0006,Ordonnance du 21 avril 1944 accordant aux femmes le droit de vote et d’éligibilité,8,democracy;diplomacy;law;politics;rights;social-history;state-building;women-gender,0,,2,europe;france,8,2,FALSE
EVT-0007,Première participation des Françaises à un scrutin (élections municipales),6,democracy;politics;rights;social-history;state-building;women-gender,0,,2,europe;france,6,2,FALSE
EVT-0008,Premier vote des Françaises à un scrutin national,6,democracy;politics;rights;social-history;state-building;women-gender,0,,2,europe;france,6,2,FALSE
EVT-0009,Début de l’industrialisation en Angleterre,7,colonialism;economy;environment;geopolitics;industrialization;revolution;social-history,0,,5,atlantic-world;europe;france;global;united-kingdom,4,3,FALSE
EVT-0010,Essor industriel en France,6,economy;environment;geopolitics;industrialization;revolution;social-history,0,,3,europe;france;global,4,2,FALSE
EVT-0011,Population urbaine majoritaire en France,4,economy;industrialization;social-history;urbanization,0,,2,europe;france,4,2,FALSE
EVT-0012,Première Guerre mondiale,3,european-integration;memory-heritage;war,1,world-war-i,3,europe;france;global,1,1,FALSE
EVT-0013,Seconde Guerre mondiale,2,european-integration;war,1,world-war-ii,3,europe;france;global,1,1,FALSE
EVT-0014,Appel du 18 juin du général de Gaulle,5,democracy;european-integration;politics;totalitarianism;war,1,world-war-ii,3,europe;france;global,3,2,FALSE
EVT-0015,Rafle du Vel d’Hiv,3,european-integration;genocide-mass-violence;war,1,world-war-ii,3,europe;france;global,1,1,FALSE
EVT-0016,Première réunion du Conseil national de la Résistance,3,borders-territory;european-integration;war,1,world-war-ii,3,europe;france;global,1,2,FALSE
EVT-0017,Débarquement allié en Normandie,3,battle;european-integration;war,1,world-war-ii,3,europe;france;global,2,2,FALSE
EVT-0018,Déclaration Schuman,6,decolonization;diplomacy;european-integration;geopolitics;international-organization;war,0,,3,europe;france;global,1,1,FALSE
EVT-0022,Homère / composition de l’Iliade et de l’Odyssée,6,art-culture;democracy;knowledge;religion;rights;state-building,0,,3,europe;greece;mediterranean,3,3,FALSE
EVT-0023,Première date traditionnelle des Jeux olympiques antiques,6,art-culture;democracy;religion;rights;sport;state-building,0,,3,europe;greece;mediterranean,2,3,FALSE
EVT-0024,Fondation traditionnelle de Rome,5,art-culture;democracy;religion;rights;state-building,0,,3,europe;italy;mediterranean,1,3,FALSE
EVT-0025,Développement de Rome archaïque,5,art-culture;democracy;religion;rights;state-building,0,,3,europe;italy;mediterranean,1,3,FALSE
EVT-0026,Rédaction de la Bible hébraïque,6,art-culture;democracy;knowledge;religion;rights;state-building,0,,1,mediterranean,3,1,FALSE
EVT-0027,Prise de Jérusalem par les Babyloniens,5,art-culture;democracy;religion;rights;state-building,0,,5,asia;iraq-mesopotamia;israel-palestine;mediterranean;middle-east,1,5,FALSE
EVT-0028,Retour après l’exil à Babylone,6,art-culture;democracy;migration;religion;rights;state-building,0,,4,asia;iraq-mesopotamia;mediterranean;middle-east,2,4,FALSE
EVT-0029,Athènes au temps de Périclès,6,art-culture;democracy;politics;religion;rights;state-building,0,,4,europe;global;greece;mediterranean,3,3,FALSE
EVT-0030,Périclès,5,art-culture;democracy;religion;rights;state-building,0,,3,europe;greece;mediterranean,1,3,FALSE
EVT-0031,Octavien reçoit le titre d’Auguste,3,empire;religion;state-building,0,,3,europe;italy;mediterranean,1,3,FALSE
EVT-0032,Règne d’Auguste,4,empire;politics;religion;state-building,0,,3,europe;italy;mediterranean,2,3,FALSE
EVT-0033,Pax Romana,3,empire;religion;state-building,0,,3,europe;italy;mediterranean,1,3,FALSE
EVT-0034,Édit de Caracalla / Constitutio Antoniniana,4,empire;law;religion;state-building,0,,3,europe;italy;mediterranean,2,3,FALSE
EVT-0035,Révolte juive,3,empire;religion;state-building,0,,3,europe;italy;mediterranean,1,3,FALSE
EVT-0036,Prise de Jérusalem et destruction du Second Temple,3,empire;religion;state-building,0,,6,asia;europe;israel-palestine;italy;mediterranean;middle-east,1,6,FALSE
EVT-0037,Concile de Nicée,3,empire;religion;state-building,0,,3,europe;italy;mediterranean,2,3,FALSE
EVT-0038,Constantin devient seul maître de l’Empire,4,empire;politics;religion;state-building,0,,3,europe;italy;mediterranean,2,3,FALSE
EVT-0039,Édit de Thessalonique,4,empire;law;religion;state-building,0,,3,europe;italy;mediterranean,3,3,FALSE
EVT-0040,Dynastie Han,4,empire;politics;religion;state-building,0,,6,asia;china;east-asia;europe;italy;mediterranean,2,6,FALSE
EVT-0041,Règne de l’empereur Wu/Wudi,4,empire;politics;religion;state-building,0,,6,asia;china;east-asia;europe;italy;mediterranean,2,6,FALSE
EVT-0042,"Hégire, migration de Muhammad et de ses compagnons de La Mecque vers Médine",3,diplomacy;migration;religion,0,,3,asia;mediterranean;middle-east,2,2,FALSE
EVT-0043,Début conventionnel de l'ère du calendrier hégirien,2,diplomacy;religion,0,,2,mediterranean;middle-east,1,1,FALSE
EVT-0044,Couronnement impérial de Charlemagne à Rome,6,church-state;diplomacy;empire;politics;religion;state-building,0,,5,europe;france;global;italy;mediterranean,4,4,FALSE
EVT-0045,Échange de sentences d'excommunication entre les légats romains et le patriarcat de Constantinople,2,diplomacy;religion,0,,4,europe;italy;mediterranean;turkey-ottoman,1,4,FALSE
EVT-0046,Prise et sac de Constantinople par la quatrième croisade,2,diplomacy;religion,0,,3,europe;mediterranean;turkey-ottoman,1,3,FALSE
EVT-0047,Règne de Justinien Ier,2,politics;religion,0,,3,byzantine-empire;europe;mediterranean,2,3,FALSE
EVT-0048,Traité de Verdun,2,diplomacy;religion,0,,2,europe;mediterranean,2,1,FALSE
EVT-0049,Prise de Jérusalem par les croisés,1,religion,0,,4,asia;israel-palestine;mediterranean;middle-east,1,4,FALSE
EVT-0051,Prise de Bagdad par les Mongols,2,empire;religion,0,,4,asia;iraq-mesopotamia;mediterranean;middle-east,2,3,FALSE
EVT-0052,Sacre d'Hugues Capet,4,politics;religion;social-history;state-building,0,,2,europe;france,4,2,FALSE
EVT-0053,Forte croissance démographique de l'Europe médiévale,4,politics;religion;social-history;state-building,0,,1,europe,3,1,FALSE
EVT-0054,Bataille de Bouvines,5,battle;politics;religion;social-history;state-building,0,,2,europe;france,4,2,FALSE
EVT-0055,Guerre de Cent Ans,5,politics;religion;social-history;state-building;war,0,,3,europe;france;united-kingdom,4,3,FALSE
EVT-0056,Bataille de Castillon,5,battle;politics;religion;social-history;state-building,0,,3,europe;france;united-kingdom,4,3,FALSE
EVT-0057,Début du règne de Philippe Auguste,5,empire;politics;religion;social-history;state-building,0,,2,europe;france,4,2,FALSE
EVT-0058,Règne de Louis IX,4,politics;religion;social-history;state-building,0,,2,europe;france,3,2,FALSE
EVT-0059,Canonisation de Louis IX,4,politics;religion;social-history;state-building,0,,2,europe;france,3,2,FALSE
EVT-0060,Premiers États généraux du royaume,4,politics;religion;social-history;state-building,0,,2,europe;france,4,2,FALSE
EVT-0061,Grande peste / peste noire en Europe,5,medicine;politics;religion;social-history;state-building,0,,1,europe,4,1,FALSE
EVT-0062,Prise de Constantinople par les Ottomans,5,art-culture;empire;exploration;religion;science,0,,4,atlantic-world;europe;mediterranean;turkey-ottoman,1,3,FALSE
EVT-0063,Débarquement de l'expédition de Colomb à Guanahaní,6,art-culture;battle;exploration;religion;science;war,0,,3,atlantic-world;europe;spain,3,2,FALSE
EVT-0064,Diffusion conventionnelle des 95 thèses de Martin Luther,4,art-culture;exploration;religion;science,0,,3,atlantic-world;europe;germany,1,2,FALSE
EVT-0065,Édit de Nantes,9,art-culture;church-state;democracy;exploration;law;politics;religion;science;state-building,0,,4,atlantic-world;europe;france;united-kingdom,5,3,FALSE
EVT-0066,Gouvernement personnel de Louis XIV,6,art-culture;exploration;politics;religion;science;state-building,0,,3,atlantic-world;europe;france,2,2,FALSE
EVT-0067,Règne de Louis XIV,5,art-culture;exploration;politics;religion;science,0,,3,atlantic-world;europe;france,1,2,FALSE
EVT-0069,Début de la première circumnavigation,3,art-culture;exploration;religion,0,,5,atlantic-world;europe;global;portugal;spain,1,5,FALSE
EVT-0070,Achèvement de la première circumnavigation par Elcano et la Victoria,3,art-culture;exploration;religion,0,,5,atlantic-world;europe;global;portugal;spain,1,5,FALSE
EVT-0072,Concile de Trente,3,art-culture;exploration;religion,0,,4,atlantic-world;europe;italy;mediterranean,1,3,FALSE
EVT-0073,Guerres de Religion en France,3,art-culture;exploration;religion,0,,3,atlantic-world;europe;france,1,2,FALSE
EVT-0074,Fronde,5,art-culture;exploration;politics;religion;revolution,0,,3,atlantic-world;europe;france,2,2,FALSE
EVT-0075,Début du gouvernement personnel de Louis XIV,5,art-culture;exploration;politics;religion;state-building,0,,3,atlantic-world;europe;france,2,2,FALSE
EVT-0076,Édit de Fontainebleau / révocation de l’édit de Nantes,8,art-culture;church-state;democracy;exploration;law;politics;religion;state-building,0,,4,atlantic-world;europe;france;united-kingdom,5,3,FALSE
EVT-0077,Mort de Louis XIV,5,art-culture;exploration;politics;religion;state-building,0,,3,atlantic-world;europe;france,2,2,FALSE
EVT-0078,Première abolition de l'esclavage par la Convention nationale,8,colonialism;diplomacy;economy;empire;politics;revolution;rights;slavery,0,,3,atlantic-world;europe;france,5,3,FALSE
EVT-0079,Loi du 30 floréal an X relative à l'esclavage dans les colonies,8,colonialism;economy;empire;law;politics;revolution;rights;slavery,0,,3,atlantic-world;europe;france,6,3,FALSE
EVT-0082,arrestation d'Alfred Dreyfus,6,democracy;knowledge;media-information;politics;rights;social-history,0,,3,europe;france;global,3,2,FALSE
EVT-0083,publication de « J'accuse…! » d'Émile Zola,6,democracy;knowledge;media-information;politics;rights;social-history,0,,3,europe;france;global,3,2,FALSE
EVT-0084,arrêt de la Cour de cassation réhabilitant Dreyfus,6,democracy;knowledge;media-information;politics;rights;social-history,0,,3,europe;france;global,3,2,FALSE
EVT-0085,réintégration militaire,6,democracy;knowledge;media-information;politics;rights;social-history,0,,3,europe;france;global,3,2,FALSE
EVT-0086,"Julie-Victoire Daubié obtient le baccalauréat ès lettres, première bachelière française",9,democracy;education;knowledge;politics;rights;science;social-history;technology;women-gender,0,,3,europe;france;global,6,2,FALSE
EVT-0087,loi permettant aux femmes diplômées en droit de devenir avocates,9,democracy;knowledge;law;politics;rights;science;social-history;technology;women-gender,0,,3,europe;france;global,6,2,FALSE
EVT-0088,loi sur le libre salaire de la femme mariée,10,democracy;knowledge;labor;law;politics;rights;science;social-history;technology;women-gender,0,,3,europe;france;global,7,2,FALSE
EVT-0089,Déclaration de guerre de l'Autriche-Hongrie à la Serbie,2,memory-heritage;war,1,world-war-i,3,balkans;europe;global,1,2,FALSE
EVT-0090,Début conventionnel du génocide des Arméniens commémoré par les arrestations à Constantinople,3,genocide-mass-violence;memory-heritage;war,1,world-war-i,4,europe;global;mediterranean;turkey-ottoman,3,3,FALSE
EVT-0091,Armistice de Rethondes,2,diplomacy;war,1,world-war-i,3,europe;france;global,2,1,FALSE
EVT-0092,Signature du traité de Versailles,2,diplomacy;war,1,world-war-i,4,europe;france;germany;global,2,3,FALSE
EVT-0093,Léon Blum devient président du Conseil,3,democracy;politics;war,0,,2,europe;france,2,2,FALSE
EVT-0094,Accords de Matignon,2,diplomacy;war,0,,2,europe;france,1,1,FALSE
EVT-0095,Loi instituant les congés payés,4,labor;law;social-history;war,0,,2,europe;france,3,1,FALSE
EVT-0096,Loi sur la semaine de quarante heures,4,labor;law;social-history;war,0,,2,europe;france,3,1,FALSE
EVT-0097,Invasion de la Pologne par l'Allemagne,1,war,1,world-war-ii,3,europe;germany;global,1,2,FALSE
EVT-0098,Déclaration de guerre française et britannique à l'Allemagne,1,war,1,world-war-ii,5,europe;france;germany;global;united-kingdom,1,4,FALSE
EVT-0099,Attaque allemande contre l'URSS (opération Barbarossa),2,battle;war,1,world-war-ii,4,europe;germany;global;russia-ussr,2,3,FALSE
EVT-0100,Libération de Paris,7,democracy;politics;rights;social-history;state-building;war;women-gender,1,world-war-ii,3,europe;france;global,7,2,FALSE
EVT-0101,Fin de la guerre en Europe / capitulation allemande effective,1,war,1,world-war-ii,3,europe;germany;global,1,2,FALSE
EVT-0102,Capitulation japonaise signée ; fin conventionnelle mondiale du conflit,1,war,1,world-war-ii,5,asia;east-asia;europe;global;japan,1,3,FALSE
EVT-0103,Formation du gouvernement Pétain : Philippe Pétain devient président du Conseil,5,democracy;politics;state-building;totalitarianism;war,1,world-war-ii,3,europe;france;global,5,2,FALSE
EVT-0105,signature de l’armistice franco-allemand à Rethondes,5,democracy;diplomacy;politics;totalitarianism;war,1,world-war-ii,4,europe;france;germany;global,4,3,FALSE
EVT-0106,Vote des pleins pouvoirs constituants à Pétain,2,politics;war,1,world-war-ii,3,europe;france;global,1,2,FALSE
EVT-0107,Actes constitutionnels instituant l'État français,3,politics;state-building;war,1,world-war-ii,3,europe;france;global,2,2,FALSE
EVT-0109,Adoption du programme du CNR,7,democracy;politics;rights;social-history;state-building;war;women-gender,1,world-war-ii,3,europe;france;global,6,2,FALSE
EVT-0110,Discours de Truman devant le Congrès présentant la doctrine Truman,5,decolonization;diplomacy;geopolitics;international-organization;war,1,cold-war,4,americas;global;north-america;usa,2,3,FALSE
EVT-0111,Début du blocus de Berlin,5,decolonization;diplomacy;geopolitics;international-organization;war,1,cold-war,3,europe;germany;global,2,2,FALSE
EVT-0112,Fin du blocus de Berlin,5,decolonization;diplomacy;geopolitics;international-organization;war,1,cold-war,3,europe;germany;global,2,2,FALSE
EVT-0113,Construction / fermeture de la frontière par le mur de Berlin,6,borders-territory;decolonization;diplomacy;geopolitics;international-organization;war,1,cold-war,3,europe;germany;global,4,2,FALSE
EVT-0114,Ouverture du mur de Berlin,5,decolonization;diplomacy;geopolitics;international-organization;war,1,cold-war,3,europe;germany;global,2,2,FALSE
EVT-0115,Disparition de l'URSS,7,decolonization;diplomacy;empire;geopolitics;international-organization;state-building;war,1,cold-war,3,europe;global;russia-ussr,4,2,FALSE
EVT-0116,Signature du traité de Paris instituant la CECA,6,decolonization;diplomacy;european-integration;geopolitics;international-organization;war,0,,3,europe;france;global,2,2,FALSE
EVT-0117,Entrée en vigueur du traité CECA,5,decolonization;diplomacy;european-integration;geopolitics;international-organization,0,,2,europe;global,2,1,FALSE
EVT-0118,Signature des traités de Rome,6,decolonization;diplomacy;european-integration;geopolitics;international-organization;war,0,,5,europe;france;global;italy;mediterranean,2,3,FALSE
EVT-0119,Entrée en vigueur des traités de Rome,4,decolonization;european-integration;geopolitics;international-organization,0,,4,europe;global;italy;mediterranean,1,3,FALSE
EVT-0120,Signature des accords d'Évian,6,decolonization;diplomacy;geopolitics;international-organization;memory-heritage;war,0,,7,africa;algeria;europe;france;global;mediterranean;north-africa,3,6,FALSE
EVT-0121,Entrée en vigueur du cessez-le-feu prévu par les accords d’Évian,6,decolonization;diplomacy;geopolitics;international-organization;memory-heritage;war,0,,5,africa;algeria;global;mediterranean;north-africa,3,4,FALSE
EVT-0122,Référendum d'autodétermination en Algérie,6,decolonization;democracy;geopolitics;international-organization;memory-heritage;war,0,,5,africa;algeria;global;mediterranean;north-africa,3,4,FALSE
EVT-0123,Reconnaissance de l'indépendance par la France / transfert de souveraineté,7,borders-territory;decolonization;geopolitics;international-organization;knowledge;memory-heritage;war,0,,7,africa;algeria;europe;france;global;mediterranean;north-africa,5,6,FALSE
EVT-0124,Proclamation officielle / fête de l'indépendance algérienne,5,decolonization;geopolitics;international-organization;memory-heritage;war,0,,5,africa;algeria;global;mediterranean;north-africa,2,4,FALSE
EVT-0128,Ordonnance fondatrice de l'organisation de la Sécurité sociale,6,democracy;law;politics;rights;social-history;state-building,0,,2,europe;france,5,2,FALSE
EVT-0129,Loi réformant les régimes matrimoniaux et renforçant l'autonomie professionnelle de la femme mariée,7,democracy;law;politics;rights;social-history;state-building;women-gender,0,,2,europe;france,7,2,FALSE
EVT-0130,Loi remplaçant la puissance paternelle par l'autorité parentale,7,democracy;geopolitics;law;politics;rights;social-history;state-building,0,,2,europe;france,5,2,FALSE
EVT-0131,Loi abaissant la majorité civile à 18 ans,6,democracy;law;politics;rights;social-history;state-building,0,,2,europe;france,5,2,FALSE
EVT-0132,Loi Veil sur l'IVG,7,democracy;law;politics;rights;social-history;state-building;women-gender,0,,2,europe;france,6,2,FALSE
EVT-0133,Abolition de la peine de mort,5,democracy;politics;rights;social-history;state-building,0,,2,europe;france,4,2,FALSE
EVT-0134,"Loi de décentralisation relative aux droits et libertés des communes, départements et régions",6,democracy;law;politics;rights;social-history;state-building,0,,2,europe;france,5,2,FALSE
EVT-0135,Loi instituant le revenu minimum d'insertion,6,democracy;law;politics;rights;social-history;state-building,0,,2,europe;france,4,2,FALSE
EVT-0136,« moment Périclès » / Athènes du Ve siècle av. J.-C.,6,democracy;empire;politics;religion;rights;state-building,0,,4,europe;global;greece;mediterranean,3,3,FALSE
EVT-0139,inauguration/dédicace de Constantinople comme capitale impériale,3,empire;religion;state-building,0,,3,europe;mediterranean;turkey-ottoman,2,3,FALSE
EVT-0140,prédication de la deuxième croisade à Vézelay,3,empire;religion;state-building,0,,1,mediterranean,1,1,FALSE
EVT-0141,campagne principale,3,empire;religion;state-building,0,,1,mediterranean,1,1,FALSE
EVT-0142,puissance maritime et commerciale médiévale,6,empire;geopolitics;memory-heritage;politics;religion;state-building,0,,4,europe;global;italy;mediterranean,3,3,FALSE
EVT-0143,Première circumnavigation (expédition Magellan-Elcano),5,art-culture;exploration;knowledge;religion;science,0,,3,atlantic-world;europe;portugal,2,3,FALSE
EVT-0144,controverse de Valladolid,4,art-culture;exploration;religion;science,0,,3,atlantic-world;europe;spain,1,2,FALSE
EVT-0145,développement atlantique de plantation et de traite,9,art-culture;colonialism;diplomacy;economy;exploration;religion;rights;science;slavery,0,,2,atlantic-world;europe,5,1,FALSE
EVT-0146,signature du contrat pour la voûte de la Chapelle Sixtine,4,art-culture;exploration;religion;science,0,,4,atlantic-world;europe;italy;mediterranean,1,3,FALSE
EVT-0147,réalisation de la voûte,4,art-culture;exploration;religion;science,0,,3,atlantic-world;europe;italy,1,1,FALSE
EVT-0148,inauguration de la voûte achevée,4,art-culture;exploration;religion;science,0,,3,atlantic-world;europe;italy,1,1,FALSE
EVT-0149,vie d’Érasme,4,art-culture;exploration;religion;science,0,,2,atlantic-world;europe,1,1,FALSE
EVT-0151,ordonnance de Villers-Cotterêts,4,democracy;law;politics;state-building,0,,3,europe;france;united-kingdom,3,3,FALSE
EVT-0152,création de la Compagnie française des Indes orientales,6,colonialism;democracy;economy;law;politics;state-building,0,,4,atlantic-world;europe;france;united-kingdom,4,4,FALSE
EVT-0153,déclaration royale liée aux compagnies des Indes orientales et occidentales,5,democracy;economy;law;politics;state-building,0,,3,europe;france;united-kingdom,3,3,FALSE
EVT-0154,installation de la Cour et du siège du gouvernement à Versailles,8,battle;democracy;empire;geopolitics;law;memory-heritage;politics;state-building,0,,4,europe;france;global;united-kingdom,6,3,FALSE
EVT-0156,assentiment royal au Habeas Corpus Act,4,democracy;law;politics;state-building,0,,3,europe;france;united-kingdom,3,3,FALSE
EVT-0157,assentiment royal au Bill of Rights,4,democracy;law;politics;state-building,0,,3,europe;france;united-kingdom,3,3,FALSE
EVT-0158,séjour/exil de Voltaire en Angleterre,6,art-culture;democracy;law;migration;politics;state-building,0,,3,europe;france;united-kingdom,4,3,FALSE
EVT-0159,édition anglaise *Letters concerning the English Nation*,5,art-culture;democracy;law;politics;state-building,0,,3,europe;france;united-kingdom,3,3,FALSE
EVT-0160,première édition française des *Lettres philosophiques*,5,art-culture;democracy;law;politics;state-building,0,,3,europe;france;united-kingdom,3,3,FALSE
EVT-0161,première investiture/inauguration présidentielle,4,democracy;law;politics;state-building,0,,3,europe;france;united-kingdom,3,3,FALSE
EVT-0162,observations télescopiques et publication du *Sidereus Nuncius*,4,economy;industrialization;science;social-history,0,,3,europe;italy;mediterranean,2,3,FALSE
EVT-0163,condamnation par le Saint-Office,6,church-state;economy;industrialization;religion;science;social-history,0,,3,europe;italy;mediterranean,4,3,FALSE
EVT-0164,première machine atmosphérique pratique de Newcomen utilisée pour pomper une mine,5,economy;industrialization;science;social-history;technology,0,,2,europe;united-kingdom,3,2,FALSE
EVT-0165,publication posthume de sa traduction commentée des *Principia* de Newton,5,economy;industrialization;knowledge;science;social-history,0,,2,europe;france,3,2,FALSE
EVT-0166,publication de l’*Encyclopédie* de Diderot et d’Alembert,9,colonialism;economy;industrialization;knowledge;politics;revolution;science;slavery;social-history,0,,3,atlantic-world;europe;france,3,2,FALSE
EVT-0167,révolte normande des Va Nu-pieds,4,economy;industrialization;science;social-history,0,,2,europe;france,1,2,FALSE
EVT-0168,structures sociales et pauvreté urbaine,5,economy;industrialization;science;social-history;urbanization,0,,2,europe;france,2,2,FALSE
EVT-0169,sociabilité des salons,4,economy;industrialization;science;social-history,0,,2,europe;france,1,2,FALSE
EVT-0170,essor portuaire français lié au commerce colonial et à la traite,7,colonialism;diplomacy;economy;industrialization;science;slavery;social-history,0,,3,atlantic-world;europe;france,5,3,FALSE
EVT-0171,arrestation de Madame Roland,5,diplomacy;empire;politics;revolution;women-gender,1,french-revolution,2,europe;france,3,2,FALSE
EVT-0172,exécution de Madame Roland,5,diplomacy;empire;politics;revolution;women-gender,1,french-revolution,2,europe;france,3,2,FALSE
EVT-0173,prise de la Bastille,7,colonialism;diplomacy;economy;empire;politics;revolution;slavery,1,french-revolution,3,atlantic-world;europe;france,2,2,FALSE
EVT-0174,Nuit du 4 août / abolition des privilèges,8,colonialism;diplomacy;economy;empire;politics;revolution;rights;slavery,1,french-revolution,3,atlantic-world;europe;france,3,1,FALSE
EVT-0175,Adoption de la Déclaration des droits de l’homme et du citoyen,9,colonialism;diplomacy;economy;empire;law;politics;revolution;rights;slavery,1,french-revolution,3,atlantic-world;europe;france,4,1,FALSE
EVT-0176,La Convention décide de juger Louis XVI,4,diplomacy;empire;politics;revolution,1,french-revolution,2,europe;france,3,2,FALSE
EVT-0177,présentation du rapport d’accusation,4,diplomacy;empire;politics;revolution,1,french-revolution,2,europe;france,2,2,FALSE
EVT-0178,condamnation / votes de janvier,4,diplomacy;empire;politics;revolution,1,french-revolution,2,europe;france,2,2,FALSE
EVT-0179,exécution de Louis XVI,4,diplomacy;empire;politics;revolution,1,french-revolution,2,europe;france,2,2,FALSE
EVT-0180,Promulgation du Code civil,5,diplomacy;empire;law;politics;revolution,1,napoleonic-era,2,europe;france,3,1,FALSE
EVT-0181,congrès de Vienne,3,diplomacy;politics;revolution,1,napoleonic-era,1,europe,2,1,FALSE
EVT-0182,Acte final du congrès de Vienne,3,diplomacy;politics;revolution,1,napoleonic-era,1,europe,2,1,FALSE
EVT-0183,massacre de Chios,5,diplomacy;genocide-mass-violence;politics;revolution;state-building,0,,2,europe;greece,4,1,FALSE
EVT-0184,Trois Glorieuses,3,diplomacy;politics;revolution,0,,2,europe;france,1,1,FALSE
EVT-0185,chute de la monarchie de Juillet / révolution de Février,5,nationalism;politics;revolution;social-history;state-building,0,,2,europe;france,4,2,FALSE
EVT-0186,proclamation de la Deuxième République,6,democracy;nationalism;politics;revolution;social-history;state-building,0,,2,europe;france,6,2,FALSE
EVT-0187,Décret instaurant le suffrage universel masculin,8,democracy;law;nationalism;politics;revolution;rights;social-history;state-building,0,,2,europe;france,7,2,FALSE
EVT-0188,abolition de l’esclavage dans les colonies françaises,10,colonialism;economy;industrialization;nationalism;politics;revolution;rights;slavery;social-history;state-building,0,,3,atlantic-world;europe;france,7,3,FALSE
EVT-0189,Constitution de la Deuxième République,7,democracy;law;nationalism;politics;revolution;social-history;state-building,0,,2,europe;france,7,2,FALSE
EVT-0190,élection de Louis-Napoléon Bonaparte à la présidence,6,democracy;nationalism;politics;revolution;social-history;state-building,0,,2,europe;france,5,2,FALSE
EVT-0191,Prestation de serment et entrée en fonction de Louis-Napoléon Bonaparte comme président,6,democracy;nationalism;politics;revolution;social-history;state-building,0,,2,europe;france,5,2,FALSE
EVT-0192,Paris haussmannien,11,economy;geopolitics;industrialization;memory-heritage;nationalism;politics;revolution;rights;social-history;state-building;urbanization,0,,3,europe;france;global,9,2,FALSE
EVT-0193,Nomination de Georges-Eugène Haussmann comme préfet de la Seine,9,economy;industrialization;nationalism;politics;revolution;rights;social-history;state-building;urbanization,0,,2,europe;france,7,2,FALSE
EVT-0194,frères Pereire,9,economy;industrialization;nationalism;politics;revolution;rights;social-history;state-building;urbanization,0,,2,europe;france,7,2,FALSE
EVT-0195,Crédit mobilier,9,economy;industrialization;nationalism;politics;revolution;rights;social-history;state-building;urbanization,0,,2,europe;france,7,2,FALSE
EVT-0196,Loi Ollivier supprimant le délit de coalition,11,economy;industrialization;labor;law;nationalism;politics;revolution;rights;social-history;state-building;urbanization,0,,2,europe;france,9,2,FALSE
EVT-0197,Traité de Turin — cession de la Savoie et du comté de Nice à la France,7,borders-territory;diplomacy;nationalism;politics;revolution;social-history;state-building,0,,3,europe;france;germany,5,3,FALSE
EVT-0198,rattachement effectif / processus de réunion,6,borders-territory;nationalism;politics;revolution;social-history;state-building,0,,3,europe;france;germany,4,3,FALSE
EVT-0199,Existence constitutionnelle du nouvel Empire allemand,6,empire;nationalism;politics;revolution;social-history;state-building,0,,3,europe;france;germany,5,3,FALSE
EVT-0200,Proclamation de Guillaume Ier comme empereur allemand à Versailles,8,empire;geopolitics;memory-heritage;nationalism;politics;revolution;social-history;state-building,0,,4,europe;france;germany;global,6,3,FALSE
EVT-0201,Début de la Commune de Paris / insurrection du 18 mars 1871,6,colonialism;democracy;empire;politics;revolution;state-building,0,,2,europe;france,6,2,FALSE
EVT-0202,élections communales,6,colonialism;democracy;empire;politics;revolution;state-building,0,,2,europe;france,6,2,FALSE
EVT-0203,proclamation de la Commune,6,colonialism;democracy;empire;politics;revolution;state-building,0,,2,europe;france,6,2,FALSE
EVT-0204,Semaine sanglante,7,colonialism;democracy;empire;genocide-mass-violence;politics;revolution;state-building,0,,2,europe;france,7,2,FALSE
EVT-0205,fin de la Commune,6,colonialism;democracy;empire;politics;revolution;state-building,0,,2,europe;france,6,2,FALSE
EVT-0206,Bataille de Tannenberg,2,battle;war,1,world-war-i,2,europe;global,2,1,FALSE
EVT-0207,Première bataille de la Marne,2,battle;war,1,world-war-i,3,europe;france;global,2,1,FALSE
EVT-0208,campagne des Dardanelles / Gallipoli,2,battle;war,1,world-war-i,3,europe;global;turkey-ottoman,2,1,FALSE
EVT-0209,débarquements alliés à Gallipoli,2,battle;war,1,world-war-i,3,europe;global;turkey-ottoman,2,1,FALSE
EVT-0210,bataille de la Somme,2,battle;war,1,world-war-i,3,europe;france;global,2,1,FALSE
EVT-0211,début de l’opération Michael,2,battle;war,1,world-war-i,3,europe;germany;global,2,2,FALSE
EVT-0212,première grande offensive de printemps,2,battle;war,1,world-war-i,3,europe;france;global,2,1,FALSE
EVT-0224,funérailles nationales de Victor Hugo,2,art-culture;memory-heritage,0,,2,europe;france,2,2,FALSE
EVT-0225,fusillade de Fourmies,8,colonialism;democracy;empire;industrialization;labor;politics;social-history;state-building,0,,2,europe;france,8,2,FALSE
EVT-0226,Ouverture de l’Exposition universelle de Paris de 1889,9,art-culture;colonialism;democracy;empire;industrialization;labor;politics;social-history;state-building,0,,2,europe;france,9,2,FALSE
EVT-0227,Inauguration de l’Exposition universelle de Paris de 1900,10,art-culture;colonialism;democracy;economy;empire;industrialization;labor;politics;social-history;state-building,0,,3,atlantic-world;europe;france,9,2,FALSE
EVT-0230,déclaration alliée sur les crimes contre les Arméniens,1,genocide-mass-violence,1,world-war-i,4,europe;global;mediterranean;turkey-ottoman,1,3,FALSE
EVT-0232,traité de Saint-Germain,1,diplomacy,1,world-war-i,2,europe;global,1,1,FALSE
EVT-0233,traité de Neuilly,1,diplomacy,1,world-war-i,3,balkans;europe;global,1,2,FALSE
EVT-0234,traité de Trianon,1,diplomacy,1,world-war-i,3,balkans;europe;global,1,2,FALSE
EVT-0235,traité de Sèvres,1,diplomacy,1,world-war-i,6,asia;europe;global;mediterranean;middle-east;turkey-ottoman,1,5,FALSE
EVT-0236,choix du cercueil du Soldat inconnu,1,memory-heritage,1,world-war-i,3,europe;france;global,1,2,FALSE
EVT-0237,cérémonie du Soldat inconnu sous l’Arc,1,memory-heritage,1,world-war-i,3,europe;france;global,1,2,FALSE
EVT-0238,inhumation définitive du Soldat inconnu,1,memory-heritage,1,world-war-i,3,europe;france;global,1,2,FALSE
EVT-0239,arrangement à l’origine du passeport Nansen,3,diplomacy;international-organization;migration,1,world-war-i,2,europe;global,3,2,FALSE
EVT-0240,traité de Lausanne,1,diplomacy,1,world-war-i,6,asia;europe;global;mediterranean;middle-east;turkey-ottoman,1,5,FALSE
EVT-0241,Première investiture de Franklin D. Roosevelt / début de sa présidence,5,democracy;economy;politics;totalitarianism;war,0,,4,americas;europe;north-america;usa,4,3,FALSE
EVT-0243,New Deal,5,democracy;economy;politics;totalitarianism;war,0,,4,americas;europe;north-america;usa,4,3,FALSE
EVT-0244,pogrom de novembre / Nuit de cristal,5,democracy;genocide-mass-violence;politics;totalitarianism;war,1,world-war-ii,3,europe;germany;global,4,1,FALSE
EVT-0246,demande française d’armistice,5,democracy;diplomacy;politics;totalitarianism;war,1,world-war-ii,3,europe;france;global,4,2,FALSE
EVT-0248,Entrée en vigueur du cessez-le-feu franco-allemand de juin 1940,5,democracy;diplomacy;politics;totalitarianism;war,1,world-war-ii,3,europe;france;global,4,1,FALSE
EVT-0249,reconnaissance de De Gaulle comme chef des Français libres par le Royaume-Uni,6,democracy;knowledge;politics;state-building;totalitarianism;war,1,world-war-ii,4,europe;france;global;united-kingdom,5,3,FALSE
EVT-0250,début conventionnel de la guerre d’Indochine,5,decolonization;diplomacy;geopolitics;international-organization;war,0,,3,asia;global;vietnam-indochina,3,2,FALSE
EVT-0251,Bataille de Diên Biên Phu,6,battle;decolonization;diplomacy;geopolitics;international-organization;war,0,,3,asia;global;vietnam-indochina,4,2,FALSE
EVT-0252,chute du camp de Diên Biên Phu,5,decolonization;diplomacy;geopolitics;international-organization;war,0,,3,asia;global;vietnam-indochina,3,2,FALSE
EVT-0253,accord de cessation des hostilités au Vietnam signé à Genève,5,decolonization;diplomacy;geopolitics;international-organization;war,0,,3,asia;global;vietnam-indochina,3,2,FALSE
EVT-0254,accords de Genève / clôture conventionnelle,5,decolonization;diplomacy;geopolitics;international-organization;war,0,,3,asia;global;vietnam-indochina,3,2,FALSE
EVT-0255,entrée en vigueur de l’accord de cessez-le-feu au Vietnam,5,decolonization;diplomacy;geopolitics;international-organization;war,0,,3,asia;global;vietnam-indochina,3,2,FALSE
EVT-0256,jonction historique du tunnel de service,4,diplomacy;geopolitics;international-organization;technology,0,,3,europe;france;global,1,2,FALSE
EVT-0257,jonction du tunnel ferroviaire nord,4,diplomacy;geopolitics;international-organization;technology,0,,3,europe;france;global,1,2,FALSE
EVT-0258,jonction du tunnel ferroviaire sud,4,diplomacy;geopolitics;international-organization;technology,0,,3,europe;france;global,1,2,FALSE
EVT-0259,inauguration officielle du tunnel,4,diplomacy;geopolitics;international-organization;technology,0,,3,europe;france;global,1,2,FALSE
EVT-0260,premier train de marchandises en exploitation commerciale,5,diplomacy;economy;geopolitics;international-organization;technology,0,,3,europe;france;global,2,2,FALSE
EVT-0261,début du service commercial Eurostar,5,diplomacy;european-integration;geopolitics;international-organization;technology,0,,3,europe;france;global,2,2,FALSE
EVT-0262,"Discours de Benjamin Constant, *De la liberté des Anciens comparée à celle des Modernes*",3,democracy;politics;rights,0,,2,france;global,3,1,FALSE
EVT-0263,Publication du premier ensemble de *De la démocratie en Amérique*,2,democracy;politics,0,,2,global;usa,2,1,FALSE
EVT-0264,Publication du second ensemble de *De la démocratie en Amérique*,2,democracy;politics,0,,2,global;usa,2,1,FALSE
EVT-0265,Coup d’État militaire au Chili renversant Salvador Allende,3,democracy;politics;state-building,0,,4,americas;chile;global;latin-america,3,3,FALSE
EVT-0266,Révolution des Œillets au Portugal,3,democracy;politics;revolution,0,,4,europe;global;portugal;spain,3,3,FALSE
EVT-0267,Entrée en vigueur de la Constitution démocratique portugaise de 1976,4,democracy;law;politics;state-building,0,,4,europe;global;portugal;spain,4,3,FALSE
EVT-0268,Référendum constitutionnel espagnol,3,democracy;politics;state-building,0,,4,europe;global;portugal;spain,3,3,FALSE
EVT-0269,Sanction de la Constitution espagnole par le roi,4,democracy;law;politics;state-building,0,,4,europe;global;portugal;spain,4,3,FALSE
EVT-0270,Publication et entrée en vigueur de la Constitution espagnole,4,democracy;law;politics;state-building,0,,4,europe;global;portugal;spain,4,3,FALSE
EVT-0271,Signature du traité de Maastricht,6,democracy;diplomacy;european-integration;politics;rights;war,0,,3,europe;france;global,5,1,FALSE
EVT-0272,Entrée en vigueur du traité de Maastricht,5,democracy;diplomacy;european-integration;politics;rights,0,,2,europe;global,5,1,FALSE
EVT-0273,Conférence de Berlin / conférence d’Afrique occidentale,5,borders-territory;colonialism;diplomacy;geopolitics;politics,0,,3,europe;germany;global,5,2,FALSE
EVT-0274,Acte général de la conférence de Berlin,5,borders-territory;colonialism;diplomacy;geopolitics;politics,0,,3,europe;germany;global,5,2,FALSE
EVT-0275,Début de la guerre de Corée,5,borders-territory;diplomacy;geopolitics;politics;war,1,cold-war,4,asia;east-asia;global;korea,4,3,FALSE
EVT-0276,Armistice de Corée,5,borders-territory;diplomacy;geopolitics;politics;war,1,cold-war,4,asia;east-asia;global;korea,5,3,FALSE
EVT-0277,Traité germano-polonais confirmant la frontière existante,4,borders-territory;diplomacy;geopolitics;politics,1,cold-war,2,germany;global,4,1,FALSE
EVT-0278,Signature de la Convention de Montego Bay,7,borders-territory;diplomacy;geopolitics;international-organization;politics;rights;technology,0,,1,global,6,1,FALSE
EVT-0279,Entrée en vigueur de la Convention de Montego Bay,6,borders-territory;diplomacy;geopolitics;politics;rights;technology,0,,1,global,5,1,FALSE
EVT-0280,Accord de Schengen,5,borders-territory;diplomacy;european-integration;geopolitics;politics,0,,2,europe;global,5,1,FALSE
EVT-0281,Convention d’application de Schengen,5,borders-territory;diplomacy;european-integration;geopolitics;politics,0,,2,europe;global,5,1,FALSE
EVT-0282,Mise en application effective de Schengen pour les premiers États,5,borders-territory;diplomacy;european-integration;geopolitics;politics,0,,2,europe;global,4,1,FALSE
EVT-0283,Fondation de l’Agence Havas,2,knowledge;media-information,0,,2,france;global,1,1,FALSE
EVT-0284,Naissance de l’Agence France-Presse,2,knowledge;media-information,0,,3,europe;france;global,1,2,FALSE
EVT-0285,Adoption du statut de l’AFP,2,knowledge;media-information,0,,2,france;global,1,1,FALSE
EVT-0286,Lancement de Spoutnik 1,4,borders-territory;geopolitics;space;technology,1,cold-war,3,europe;global;russia-ussr,2,2,FALSE
EVT-0287,"Premier vol spatial humain, Youri Gagarine / Vostok 1",4,borders-territory;geopolitics;space;technology,1,cold-war,3,europe;global;russia-ussr,2,2,FALSE
EVT-0288,Lancement d’Apollo 11,4,borders-territory;geopolitics;space;technology,1,cold-war,4,americas;global;north-america;usa,2,3,FALSE
EVT-0289,Alunissage d’Apollo 11,4,borders-territory;geopolitics;space;technology,1,cold-war,4,americas;global;north-america;usa,2,3,FALSE
EVT-0290,"Premier module de l’ISS, Zarya, mis en orbite",4,borders-territory;geopolitics;space;technology,1,cold-war,1,global,2,1,FALSE
EVT-0291,Début de l’occupation humaine continue de l’ISS,4,borders-territory;geopolitics;space;technology,1,cold-war,1,global,2,1,FALSE
EVT-0293,Adoption de l’accord BBNJ,4,borders-territory;diplomacy;geopolitics;technology,0,,1,global,3,1,FALSE
EVT-0294,Entrée en vigueur de l’accord BBNJ,4,borders-territory;diplomacy;geopolitics;technology,0,,1,global,3,1,FALSE
EVT-0295,Signature des traités de Westphalie,3,diplomacy;geopolitics;war,0,,2,europe;global,1,1,FALSE
EVT-0296,Début du premier mandat de Kofi Annan comme secrétaire général de l’ONU,4,diplomacy;geopolitics;international-organization;war,0,,1,global,2,1,FALSE
EVT-0297,Fin du second mandat de Kofi Annan,4,diplomacy;geopolitics;international-organization;war,0,,1,global,2,1,FALSE
EVT-0298,Proclamation de l’État d’Israël,6,decolonization;diplomacy;geopolitics;politics;state-building;war,0,,5,asia;global;israel-palestine;mediterranean;middle-east,4,4,FALSE
EVT-0299,Invasion du Koweït par l’Irak,3,diplomacy;geopolitics;war,0,,4,asia;global;iraq-mesopotamia;middle-east,2,3,FALSE
EVT-0300,Début des opérations militaires de la coalition contre l’Irak,4,diplomacy;geopolitics;labor;war,0,,4,asia;global;iraq-mesopotamia;middle-east,3,3,FALSE
EVT-0301,Fin de la campagne militaire principale de la coalition,4,diplomacy;geopolitics;labor;war,0,,2,global;iraq-mesopotamia,2,1,FALSE
EVT-0302,Début de l’invasion de l’Irak par la coalition de 2003,4,diplomacy;geopolitics;labor;war,0,,4,asia;global;iraq-mesopotamia;middle-east,3,3,FALSE
EVT-0303,Déclenchement immédiat de la séquence génocidaire au Rwanda après l’attentat contre l’avion présidentiel,3,democracy;memory-heritage;politics,0,,4,africa;global;rwanda;sub-saharan-africa,2,3,FALSE
EVT-0304,Journée retenue par l’ONU pour commémorer le début du génocide des Tutsis,3,genocide-mass-violence;international-organization;memory-heritage,0,,3,africa;global;rwanda,3,2,FALSE
EVT-0305,Création du TPIY par la résolution 827 du Conseil de sécurité,2,international-organization;memory-heritage,0,,3,balkans;europe;global,1,2,FALSE
EVT-0306,Fermeture du TPIY,2,international-organization;memory-heritage,0,,3,balkans;europe;global,1,2,FALSE
EVT-0307,Ouverture du procès principal de Nuremberg,3,genocide-mass-violence;memory-heritage;totalitarianism,0,,2,germany;global,2,1,FALSE
EVT-0308,Jugement final du Tribunal militaire international de Nuremberg,3,genocide-mass-violence;memory-heritage;totalitarianism,0,,2,germany;global,2,1,FALSE
EVT-0309,Destructions de monuments historiques et religieux à Tombouctou visées dans l’affaire Al Mahdi,4,geopolitics;memory-heritage;politics;religion,0,,4,africa;global;mali;sub-saharan-africa,4,3,FALSE
EVT-0310,Jugement Al Mahdi par la CPI,4,geopolitics;international-organization;memory-heritage;politics,0,,4,africa;global;mali;sub-saharan-africa,4,3,FALSE
EVT-0311,Inscription du Bassin minier du Nord-Pas-de-Calais au patrimoine mondial,3,geopolitics;memory-heritage;politics,0,,2,france;global,3,1,FALSE
EVT-0312,Inscription du repas gastronomique des Français sur la Liste représentative du patrimoine culturel immatériel,4,art-culture;geopolitics;memory-heritage;politics,0,,3,europe;france;global,4,2,FALSE
EVT-0313,Création du parc national de Yellowstone,2,environment;geopolitics,0,,4,americas;global;north-america;usa,1,3,FALSE
EVT-0314,Création du National Park Service,2,environment;geopolitics,0,,4,americas;global;north-america;usa,1,3,FALSE
EVT-0315,Naissance conventionnelle de l’Environmental Protection Agency (EPA),2,environment;geopolitics,0,,4,americas;global;north-america;usa,1,3,FALSE
EVT-0316,Conférence de Stockholm sur l’environnement humain,3,diplomacy;environment;geopolitics,0,,4,americas;global;north-america;usa,2,3,FALSE
EVT-0317,Sommet de la Terre de Rio,3,diplomacy;environment;geopolitics,0,,4,americas;global;north-america;usa,2,3,FALSE
EVT-0318,Adoption du protocole de Kyoto,3,diplomacy;environment;geopolitics,0,,4,americas;global;north-america;usa,2,3,FALSE
EVT-0319,Entrée en vigueur du protocole de Kyoto,3,diplomacy;environment;geopolitics,0,,4,americas;global;north-america;usa,2,3,FALSE
EVT-0320,Adoption de l’accord de Paris,3,diplomacy;environment;geopolitics,0,,6,americas;europe;france;global;north-america;usa,2,5,FALSE
EVT-0321,Entrée en vigueur de l’accord de Paris,3,diplomacy;environment;geopolitics,0,,6,americas;europe;france;global;north-america;usa,2,5,FALSE
EVT-0322,Premières communications de Becquerel sur les rayonnements de l’uranium,3,knowledge;science;technology,0,,2,france;global,2,1,FALSE
EVT-0323,Communication de Becquerel sur les radiations invisibles des sels d’uranium,3,knowledge;science;technology,0,,2,france;global,2,1,FALSE
EVT-0324,Découverte/annonce du polonium par Marie et Pierre Curie,3,knowledge;science;technology,0,,2,france;global,2,1,FALSE
EVT-0325,Découverte/annonce du radium par Marie et Pierre Curie,3,knowledge;science;technology,0,,2,france;global,2,1,FALSE
EVT-0326,Création de l’ANSSI,6,borders-territory;geopolitics;knowledge;media-information;science;technology,0,,3,europe;france;global,5,2,FALSE
EVT-0327,Moyen Âge,3,politics;religion;social-history,0,,1,europe,3,1,FALSE
EVT-0328,Règne de François Ier,1,politics,0,,2,europe;france,1,2,FALSE
EVT-0329,Séjour de Léonard de Vinci en France,1,art-culture,0,,2,europe;france,1,2,FALSE
EVT-0330,Règne d’Henri IV,1,politics,0,,2,europe;france,1,2,FALSE
EVT-0333,Code noir,1,slavery,0,,3,atlantic-world;europe;france,1,3,FALSE
EVT-0334,Ouverture des États généraux,5,colonialism;economy;politics;revolution;slavery,1,french-revolution,3,atlantic-world;europe;france,1,1,FALSE
EVT-0337,Marche des femmes sur Versailles,3,rights;social-history;women-gender,1,french-revolution,2,europe;france,3,2,FALSE
EVT-0338,Premiers outils de pierre connus,3,agriculture;migration;social-history,0,,3,africa;global;sub-saharan-africa,1,2,FALSE
EVT-0339,Début de la préhistoire,3,agriculture;migration;social-history,0,,2,africa;global,1,2,FALSE
EVT-0340,Sédentarisation / débuts de l’agriculture,8,agriculture;economy;environment;geopolitics;industrialization;migration;revolution;social-history,0,,1,global,6,1,FALSE
EVT-0341,Premières écritures mésopotamiennes,4,agriculture;knowledge;migration;social-history,0,,4,asia;global;iraq-mesopotamia;middle-east,2,3,FALSE
EVT-0342,Premiers États,3,agriculture;migration;social-history,0,,4,africa;asia;global;middle-east,1,4,FALSE
EVT-0345,Le Creusot / Schneider,8,colonialism;democracy;empire;industrialization;labor;politics;social-history;state-building,0,,2,europe;france,8,2,FALSE
EVT-0346,Essor de la traite atlantique occidentale,6,colonialism;diplomacy;economy;politics;revolution;slavery,0,,2,atlantic-world;europe,4,1,FALSE
EVT-0347,Apogée de la traite atlantique,6,colonialism;diplomacy;economy;politics;revolution;slavery,0,,3,atlantic-world;europe;global,4,2,FALSE
EVT-0348,Révolution française,5,colonialism;economy;politics;revolution;slavery,1,french-revolution,3,atlantic-world;europe;france,1,2,FALSE
EVT-0349,Napoléon Bonaparte au pouvoir,5,colonialism;economy;politics;revolution;slavery,1,napoleonic-era,3,atlantic-world;europe;france,2,1,FALSE
EVT-0350,Printemps des peuples,6,colonialism;economy;industrialization;nationalism;revolution;social-history,0,,2,atlantic-world;europe,2,1,FALSE
EVT-0351,Deuxième révolution industrielle,5,colonialism;economy;industrialization;revolution;social-history,0,,6,americas;atlantic-world;europe;global;north-america;usa,3,5,FALSE
EVT-0352,Nouvel impérialisme et relance de la colonisation,6,colonialism;economy;empire;industrialization;social-history;war,0,,3,atlantic-world;europe;global,3,1,FALSE
EVT-0353,Proclamation de la Troisième République,6,democracy;empire;politics;rights;social-history;state-building,0,,2,europe;france,5,2,FALSE
EVT-0354,Révolution russe de 1917,2,revolution;war,0,,2,europe;russia-ussr,1,2,FALSE
EVT-0355,Allemagne nazie / régime hitlérien,3,politics;totalitarianism;war,1,world-war-ii,3,europe;germany;global,2,2,FALSE
EVT-0356,Front populaire en France,4,labor;politics;state-building;war,0,,2,europe;france,3,2,FALSE
EVT-0357,Signature de la Charte des Nations Unies,4,decolonization;diplomacy;geopolitics;international-organization,0,,1,global,2,1,FALSE
EVT-0358,Entrée en vigueur de la Charte et naissance juridique de l’ONU,4,decolonization;diplomacy;geopolitics;international-organization,0,,1,global,2,1,FALSE
EVT-0359,Guerre froide,5,decolonization;geopolitics;international-organization;politics;war,1,cold-war,3,europe;global;russia-ussr,3,2,FALSE
EVT-0360,Création officielle du Gouvernement provisoire de la République française,6,democracy;politics;rights;social-history;state-building;women-gender,1,world-war-ii,3,europe;france;global,6,2,FALSE
EVT-0361,Référendum constitutionnel fondant la Ve République,6,democracy;law;politics;rights;social-history;state-building,0,,2,europe;france,4,2,FALSE
EVT-0362,Promulgation de la Constitution de la Ve République,6,democracy;law;politics;rights;social-history;state-building,0,,2,europe;france,4,2,FALSE
EVT-0363,Référendum sur l’élection présidentielle au suffrage universel direct,5,democracy;politics;rights;social-history;state-building,0,,2,europe;france,4,2,FALSE
EVT-0364,Élection de François Mitterrand à la présidence de la République,5,democracy;politics;rights;social-history;state-building,0,,2,europe;france,3,2,FALSE
EVT-0365,Déposition de Romulus Augustule,1,empire,0,,3,europe;italy;mediterranean,1,3,FALSE
EVT-0366,Abolition du califat en Turquie,4,church-state;politics;religion;rights,0,,6,asia;europe;global;mediterranean;middle-east;turkey-ottoman,3,5,FALSE
EVT-0367,Ordonnance de 1669 sur les Eaux et Forêts,3,environment;geopolitics;law,0,,3,europe;france;global,2,2,FALSE
EVT-0368,Construction de la grande pyramide de Gizeh,4,agriculture;migration;social-history;state-building,0,,2,egypt;global,1,1,FALSE
EVT-0369,Code de Hammurabi,4,agriculture;law;migration;social-history,0,,2,global;iraq-mesopotamia,1,1,FALSE
EVT-0370,Unification de la Chine par Qin Shi Huang,3,empire;religion;state-building,0,,4,asia;china;east-asia;mediterranean,1,3,FALSE
EVT-0371,Départ de Zhang Qian vers l’Asie centrale,4,empire;exploration;religion;state-building,0,,4,asia;china;east-asia;mediterranean,1,3,FALSE
EVT-0372,Réformes de Clisthène à Athènes,5,art-culture;democracy;politics;religion;state-building,0,,3,europe;greece;mediterranean,1,2,FALSE
EVT-0373,Bataille de Marathon,6,art-culture;battle;democracy;religion;state-building;war,0,,3,europe;greece;mediterranean,2,2,FALSE
EVT-0374,Bataille de Salamine,6,art-culture;battle;democracy;religion;state-building;war,0,,3,europe;greece;mediterranean,2,2,FALSE
EVT-0375,Création de la ligue de Délos,5,art-culture;democracy;politics;religion;state-building,0,,3,europe;greece;mediterranean,1,2,FALSE
EVT-0376,Guerre du Péloponnèse,5,art-culture;democracy;religion;state-building;war,0,,3,europe;greece;mediterranean,1,2,FALSE
EVT-0377,Mort de Socrate,5,art-culture;democracy;politics;religion;state-building,0,,3,europe;greece;mediterranean,1,2,FALSE
EVT-0378,Alexandre devient roi de Macédoine,5,art-culture;democracy;politics;religion;state-building,0,,3,europe;greece;mediterranean,1,2,FALSE
EVT-0379,Bataille d’Issos,6,art-culture;battle;democracy;religion;state-building;war,0,,3,europe;greece;mediterranean,2,2,FALSE
EVT-0380,Bataille de Gaugamèles,6,art-culture;battle;democracy;religion;state-building;war,0,,3,europe;greece;mediterranean,2,2,FALSE
EVT-0381,Mort d’Alexandre le Grand,5,art-culture;democracy;politics;religion;state-building,0,,3,europe;greece;mediterranean,1,2,FALSE
EVT-0382,Fondation traditionnelle de la République romaine,4,democracy;empire;religion;state-building,0,,3,europe;italy;mediterranean,2,2,FALSE
EVT-0383,Première guerre punique,4,empire;religion;state-building;war,0,,1,mediterranean,1,1,FALSE
EVT-0384,Destruction de Carthage par Rome,3,empire;religion;state-building,0,,3,europe;italy;mediterranean,1,2,FALSE
EVT-0385,Jules César franchit le Rubicon,3,empire;religion;state-building,0,,3,europe;italy;mediterranean,1,2,FALSE
EVT-0386,Assassinat de Jules César,3,empire;religion;state-building,0,,3,europe;italy;mediterranean,1,2,FALSE
EVT-0387,Bataille d’Actium,6,battle;empire;law;religion;state-building;war,0,,3,europe;italy;mediterranean,3,2,FALSE
EVT-0388,Accord traditionnellement appelé « édit de Milan »,5,diplomacy;empire;law;religion;state-building,0,,1,mediterranean,3,1,FALSE
EVT-0389,Concile d’Éphèse,3,empire;religion;state-building,0,,1,mediterranean,1,1,FALSE
EVT-0390,Sac de Rome par Alaric,3,empire;religion;state-building,0,,3,europe;italy;mediterranean,1,2,FALSE
EVT-0391,Concile de Chalcédoine,3,empire;religion;state-building,0,,1,mediterranean,1,1,FALSE
EVT-0392,Fin de la dynastie Han,3,empire;religion;state-building,0,,3,asia;china;mediterranean,1,2,FALSE
EVT-0393,Bataille de Vouillé,4,battle;diplomacy;religion;war,0,,2,europe;mediterranean,2,1,FALSE
EVT-0394,Prise de Pavie par Charlemagne et fin du royaume lombard,4,diplomacy;empire;religion;state-building,0,,3,europe;italy;mediterranean,2,2,FALSE
EVT-0395,Bataille de Poitiers,4,battle;diplomacy;religion;war,0,,2,europe;mediterranean,2,1,FALSE
EVT-0396,Traité de Saint-Clair-sur-Epte,4,diplomacy;religion;social-history;state-building,0,,1,europe,1,1,FALSE
EVT-0397,Couronnement impérial d’Otton Ier,4,politics;religion;social-history;state-building,0,,2,europe;germany,2,2,FALSE
EVT-0398,Bataille d’Hastings,5,battle;religion;social-history;state-building;war,0,,1,europe,2,1,FALSE
EVT-0399,Appel à la première croisade au concile de Clermont,2,diplomacy;religion,0,,2,europe;mediterranean,1,1,FALSE
EVT-0400,Bataille de Manzikert,4,battle;diplomacy;religion;war,0,,3,europe;mediterranean;turkey-ottoman,2,2,FALSE
EVT-0401,Magna Carta,5,law;religion;rights;social-history;state-building,0,,1,europe,2,1,FALSE
EVT-0402,Quatrième concile du Latran,3,religion;social-history;state-building,0,,1,europe,1,1,FALSE
EVT-0403,Proclamation de Temüjin comme Gengis Khan,4,diplomacy;empire;politics;religion,0,,3,asia;china;mediterranean,2,2,FALSE
EVT-0404,Départ de Marco Polo vers l’Asie,3,art-culture;exploration;religion,0,,2,atlantic-world;europe,1,1,FALSE
EVT-0405,Retour de Marco Polo à Venise,3,art-culture;exploration;religion,0,,3,atlantic-world;europe;italy,1,2,FALSE
EVT-0406,Bataille de Crécy,5,battle;religion;social-history;state-building;war,0,,1,europe,2,1,FALSE
EVT-0407,Bataille de Poitiers de 1356,5,battle;religion;social-history;state-building;war,0,,1,europe,2,1,FALSE
EVT-0408,Grande Jacquerie,4,religion;revolution;social-history;state-building,0,,1,europe,1,1,FALSE
EVT-0409,Début du Grand Schisme d’Occident,3,religion;social-history;state-building,0,,1,europe,1,1,FALSE
EVT-0410,Bataille d’Azincourt,5,battle;religion;social-history;state-building;war,0,,1,europe,2,1,FALSE
EVT-0411,Levée du siège d’Orléans par Jeanne d’Arc,5,art-culture;battle;exploration;religion;war,0,,3,atlantic-world;europe;france,2,2,FALSE
EVT-0412,Sacre de Charles VII à Reims,5,art-culture;exploration;politics;religion;state-building,0,,3,atlantic-world;europe;france,2,2,FALSE
EVT-0413,Exécution de Jeanne d’Arc,3,art-culture;exploration;religion,0,,3,atlantic-world;europe;france,1,2,FALSE
EVT-0414,Impression de la Bible de Gutenberg,3,art-culture;exploration;religion,0,,3,atlantic-world;europe;germany,1,2,FALSE
EVT-0415,Mariage d’Isabelle de Castille et Ferdinand d’Aragon,3,art-culture;exploration;religion,0,,3,atlantic-world;europe;spain,1,2,FALSE
EVT-0416,Création de l’Inquisition espagnole,3,art-culture;exploration;religion,0,,3,atlantic-world;europe;spain,1,2,FALSE
EVT-0417,Prise de Grenade par les Rois Catholiques,3,art-culture;exploration;religion,0,,3,atlantic-world;europe;spain,1,2,FALSE
EVT-0418,Traité de Tordesillas,5,art-culture;diplomacy;exploration;religion;science,0,,4,atlantic-world;europe;portugal;spain,1,3,FALSE
EVT-0419,Vasco de Gama atteint Calicut,4,art-culture;exploration;religion;science,0,,3,atlantic-world;europe;portugal,1,2,FALSE
EVT-0420,Publication de De revolutionibus de Copernic,5,art-culture;exploration;religion;revolution;science,0,,2,atlantic-world;europe,2,1,FALSE
EVT-0421,Paix d’Augsbourg,5,art-culture;diplomacy;exploration;religion;science,0,,3,atlantic-world;europe;germany,2,2,FALSE
EVT-0422,Massacre de la Saint-Barthélemy,6,art-culture;exploration;politics;religion;science;state-building,0,,2,atlantic-world;europe,2,1,FALSE
EVT-0423,Union des Couronnes d’Angleterre et d’Écosse,4,democracy;law;politics;state-building,0,,3,europe;france;united-kingdom,1,2,FALSE
EVT-0424,Fondation de Jamestown,6,art-culture;colonialism;exploration;religion;science;state-building,0,,5,americas;atlantic-world;europe;north-america;usa,2,3,FALSE
EVT-0425,Mayflower Compact,6,art-culture;diplomacy;exploration;law;religion;science,0,,5,americas;atlantic-world;europe;north-america;united-kingdom,2,4,FALSE
EVT-0426,Guerre de Trente Ans,5,art-culture;exploration;religion;science;war,0,,2,atlantic-world;europe,1,1,FALSE
EVT-0427,Début de la guerre civile anglaise,5,democracy;law;politics;state-building;war,0,,3,europe;france;united-kingdom,1,1,FALSE
EVT-0428,Exécution de Charles Ier d’Angleterre,4,democracy;law;politics;state-building,0,,3,europe;france;united-kingdom,1,2,FALSE
EVT-0429,Glorieuse Révolution,5,democracy;law;politics;revolution;state-building,0,,3,europe;france;united-kingdom,1,2,FALSE
EVT-0430,Fondation de Saint-Pétersbourg,1,state-building,0,,1,europe,1,1,FALSE
EVT-0431,Guerre de Sept Ans,6,colonialism;economy;politics;revolution;slavery;war,0,,2,atlantic-world;europe,1,1,FALSE
EVT-0432,Publication du Contrat social de Rousseau,5,colonialism;economy;politics;revolution;slavery,0,,2,atlantic-world;europe,1,1,FALSE
EVT-0433,Boston Tea Party,5,colonialism;economy;politics;revolution;slavery,0,,5,americas;atlantic-world;europe;north-america;usa,1,3,FALSE
EVT-0434,Déclaration d’indépendance des États-Unis,7,colonialism;economy;politics;revolution;rights;slavery;state-building,0,,8,americas;asia;atlantic-world;europe;india;north-america;south-asia;usa,2,6,FALSE
EVT-0435,Capitulation britannique à Saratoga,5,colonialism;economy;politics;revolution;slavery,0,,6,americas;atlantic-world;europe;north-america;united-kingdom;usa,1,5,FALSE
EVT-0436,Capitulation britannique à Yorktown,5,colonialism;economy;politics;revolution;slavery,0,,6,americas;atlantic-world;europe;north-america;united-kingdom;usa,1,5,FALSE
EVT-0437,Traité de Paris mettant fin à la guerre d’indépendance américaine,9,colonialism;diplomacy;economy;politics;revolution;rights;slavery;state-building;war,0,,6,asia;atlantic-world;europe;france;india;south-asia,4,5,FALSE
EVT-0438,Signature de la Constitution des États-Unis,8,colonialism;democracy;economy;law;politics;revolution;slavery;state-building,0,,5,americas;atlantic-world;europe;north-america;usa,3,3,FALSE
EVT-0439,Début de l’insurrection des esclaves de Saint-Domingue,5,colonialism;economy;politics;revolution;slavery,0,,5,americas;atlantic-world;caribbean;europe;haiti,3,4,FALSE
EVT-0440,Abolition de la monarchie en France,4,diplomacy;politics;revolution;rights,1,french-revolution,2,europe;france,1,2,FALSE
EVT-0441,Bataille de Valmy,5,battle;diplomacy;politics;revolution;war,1,french-revolution,2,europe;france,2,2,FALSE
EVT-0442,Proclamation de la Première République française,5,democracy;diplomacy;politics;revolution;state-building,1,french-revolution,2,europe;france,3,2,FALSE
EVT-0443,Exécution de Marie-Antoinette,3,diplomacy;politics;revolution,1,french-revolution,2,europe;france,1,2,FALSE
EVT-0444,Chute de Robespierre,3,diplomacy;politics;revolution,1,french-revolution,2,europe;france,1,2,FALSE
EVT-0445,Mise en place du Directoire,3,diplomacy;politics;revolution,1,french-revolution,2,europe;france,1,2,FALSE
EVT-0446,Coup d’État du 18 Brumaire,3,diplomacy;politics;revolution,1,french-revolution,2,europe;france,1,2,FALSE
EVT-0447,Indépendance d’Haïti,7,colonialism;economy;politics;revolution;rights;slavery;state-building,0,,8,americas;asia;atlantic-world;caribbean;europe;haiti;india;south-asia,2,7,FALSE
EVT-0448,Bataille de Waterloo,5,battle;diplomacy;politics;revolution;war,1,napoleonic-era,2,europe;france,2,2,FALSE
EVT-0449,Début conventionnel de la guerre d’indépendance grecque,8,colonialism;diplomacy;nationalism;politics;revolution;rights;state-building;war,0,,6,asia;europe;greece;india;mediterranean;south-asia,6,6,FALSE
EVT-0450,Reconnaissance internationale du royaume de Grèce,5,diplomacy;nationalism;politics;revolution;state-building,0,,3,europe;greece;mediterranean,2,3,FALSE
EVT-0451,Début de la révolution belge,4,diplomacy;nationalism;politics;revolution,0,,2,belgium;europe,2,2,FALSE
EVT-0452,Proclamation de l’indépendance belge,8,colonialism;democracy;diplomacy;nationalism;politics;revolution;rights;state-building,0,,5,asia;belgium;europe;india;south-asia,6,5,FALSE
EVT-0453,Première révolte des canuts,6,colonialism;economy;industrialization;labor;revolution;social-history,0,,3,atlantic-world;europe;france,3,2,FALSE
EVT-0454,Reform Act britannique de 1832,6,colonialism;economy;industrialization;law;rights;social-history,0,,3,atlantic-world;europe;united-kingdom,2,2,FALSE
EVT-0455,Sanction royale du Slavery Abolition Act 1833,8,colonialism;economy;empire;industrialization;law;rights;slavery;social-history,0,,3,atlantic-world;europe;united-kingdom,4,2,FALSE
EVT-0456,Premier message télégraphique de Morse,5,colonialism;economy;industrialization;social-history;technology,0,,2,atlantic-world;europe,1,1,FALSE
EVT-0457,Grande famine irlandaise,4,colonialism;economy;industrialization;social-history,0,,4,atlantic-world;europe;ireland;united-kingdom,1,3,FALSE
EVT-0458,Journées de Juin 1848,4,nationalism;politics;revolution;state-building,0,,1,europe,1,1,FALSE
EVT-0459,Coup d’État de Louis-Napoléon Bonaparte,4,nationalism;politics;revolution;state-building,0,,2,europe;france,1,2,FALSE
EVT-0460,Proclamation du Second Empire,5,empire;nationalism;politics;revolution;state-building,0,,1,europe,2,1,FALSE
EVT-0461,Guerre de Crimée,5,colonialism;economy;industrialization;social-history;war,0,,2,atlantic-world;europe,1,1,FALSE
EVT-0462,Traité de Paris mettant fin à la guerre de Crimée,6,colonialism;diplomacy;economy;industrialization;social-history;war,0,,3,atlantic-world;europe;france,2,2,FALSE
EVT-0463,Début de la révolte des Cipayes,5,colonialism;economy;industrialization;revolution;social-history,0,,5,asia;atlantic-world;europe;india;south-asia,2,3,FALSE
EVT-0464,Premier message télégraphique transatlantique officiel par câble,5,colonialism;economy;industrialization;social-history;technology,0,,2,atlantic-world;europe,1,1,FALSE
EVT-0465,Proclamation du royaume d’Italie,4,nationalism;politics;revolution;state-building,0,,2,europe;italy,3,2,FALSE
EVT-0466,Guerre de Sécession,5,colonialism;economy;industrialization;social-history;war,0,,2,atlantic-world;europe,1,1,FALSE
EVT-0467,Entrée en vigueur de la Proclamation d’émancipation,8,colonialism;economy;industrialization;law;politics;rights;slavery;social-history,0,,2,atlantic-world;europe,4,1,FALSE
EVT-0468,Bataille de Gettysburg,6,battle;colonialism;economy;industrialization;social-history;war,0,,5,americas;atlantic-world;europe;north-america;usa,2,3,FALSE
EVT-0469,Fondation de la Première Internationale,5,colonialism;economy;industrialization;social-history;state-building,0,,2,atlantic-world;europe,2,1,FALSE
EVT-0470,Première Convention de Genève,6,colonialism;diplomacy;economy;industrialization;law;social-history,0,,2,atlantic-world;europe,2,1,FALSE
EVT-0471,Ouverture du canal de Suez,5,colonialism;economy;industrialization;social-history;technology,0,,5,asia;atlantic-world;europe;mediterranean;middle-east,1,3,FALSE
EVT-0472,Guerre franco-prussienne,5,nationalism;politics;revolution;state-building;war,0,,2,europe;russia-ussr,1,2,FALSE
EVT-0473,Défaite française à Sedan,4,nationalism;politics;revolution;state-building,0,,2,europe;france,1,2,FALSE
EVT-0474,Traité de Francfort,5,diplomacy;nationalism;politics;revolution;state-building,0,,2,europe;france,1,2,FALSE
EVT-0475,Crise de Fachoda,4,colonialism;democracy;geopolitics;politics,0,,5,africa;europe;france;sub-saharan-africa;sudan,2,5,FALSE
EVT-0476,Loi Waldeck-Rousseau autorisant les syndicats professionnels,7,colonialism;democracy;labor;law;politics;rights;social-history,0,,2,europe;france,4,2,FALSE
EVT-0477,Inauguration de la tour Eiffel,5,colonialism;democracy;industrialization;politics;technology,0,,2,europe;france,2,2,FALSE
EVT-0478,Assassinat de François-Ferdinand à Sarajevo,1,war,1,world-war-i,2,balkans;europe,1,2,FALSE
EVT-0479,Déclaration de guerre de l’Allemagne à la Russie,1,war,1,world-war-i,3,europe;germany;russia-ussr,1,3,FALSE
EVT-0480,Déclaration de guerre de l’Allemagne à la France,1,war,1,world-war-i,3,europe;france;germany,1,3,FALSE
EVT-0481,Entrée en guerre du Royaume-Uni contre l’Allemagne,2,state-building;war,1,world-war-i,2,europe;germany,2,2,FALSE
EVT-0482,Bataille de Verdun,2,battle;war,1,world-war-i,2,europe;france,2,2,FALSE
EVT-0483,Entrée en guerre des États-Unis dans la Première Guerre mondiale,1,war,1,world-war-i,4,americas;europe;north-america;usa,1,3,FALSE
EVT-0484,Prise du pouvoir par les bolcheviks lors de la révolution d’Octobre,2,revolution;war,1,world-war-i,2,europe;russia-ussr,1,2,FALSE
EVT-0485,Traité de Brest-Litovsk,2,diplomacy;war,1,world-war-i,2,europe;russia-ussr,1,2,FALSE
EVT-0486,Ouverture de la conférence de la paix de Paris,2,diplomacy;war,1,world-war-i,2,europe;france,1,2,FALSE
EVT-0487,Entrée en vigueur du pacte de la Société des Nations,5,diplomacy;geopolitics;international-organization;law;war,1,world-war-i,1,europe,4,1,FALSE
EVT-0488,Marche sur Rome,1,war,0,,3,europe;italy;mediterranean,1,3,FALSE
EVT-0489,Début du mandat de Mussolini comme président du Conseil italien,4,nationalism;politics;totalitarianism;war,0,,2,europe;italy,3,2,FALSE
EVT-0490,Putsch de la Brasserie,2,revolution;war,0,,1,europe,1,1,FALSE
EVT-0491,Accords de Londres mettant en œuvre le plan Dawes,3,diplomacy;economy;war,0,,2,europe;germany,2,2,FALSE
EVT-0492,Signature des traités de Locarno,2,diplomacy;war,0,,2,europe;germany,1,2,FALSE
EVT-0493,Pacte Briand-Kellogg,4,diplomacy;geopolitics;law;war,0,,1,europe,3,1,FALSE
EVT-0494,Jeudi noir à Wall Street,4,economy;politics;totalitarianism;war,0,,4,americas;europe;north-america;usa,1,3,FALSE
EVT-0495,Mardi noir à Wall Street,4,economy;politics;totalitarianism;war,0,,4,americas;europe;north-america;usa,1,3,FALSE
EVT-0496,Marche du sel de Gandhi,4,colonialism;politics;totalitarianism;war,0,,4,asia;europe;india;south-asia,2,3,FALSE
EVT-0497,Hitler devient chancelier,4,empire;politics;totalitarianism;war,0,,4,asia;china;europe;germany,2,4,FALSE
EVT-0498,Incendie du Reichstag,3,politics;totalitarianism;war,0,,2,europe;germany,1,2,FALSE
EVT-0499,Vote de la loi des pleins pouvoirs en Allemagne,4,law;politics;totalitarianism;war,0,,2,europe;germany,2,2,FALSE
EVT-0500,Nuit des Longs Couteaux,3,politics;totalitarianism;war,0,,1,europe,1,1,FALSE
EVT-0501,Lois de Nuremberg,4,law;politics;totalitarianism;war,0,,2,europe;germany,2,2,FALSE
EVT-0502,Guerre civile espagnole,3,politics;totalitarianism;war,0,,2,europe;spain,1,2,FALSE
EVT-0503,Bombardement de Guernica,4,genocide-mass-violence;politics;totalitarianism;war,0,,2,europe;spain,2,2,FALSE
EVT-0504,Accords de Munich,4,diplomacy;politics;totalitarianism;war,0,,2,europe;germany,1,2,FALSE
EVT-0505,Pacte germano-soviétique,4,diplomacy;geopolitics;law;war,1,world-war-ii,2,europe;russia-ussr,3,2,FALSE
EVT-0506,Offensive allemande à l’Ouest,2,battle;war,1,world-war-ii,1,europe,2,1,FALSE
EVT-0507,Évacuation de Dunkerque,1,war,1,world-war-ii,2,europe;united-kingdom,1,2,FALSE
EVT-0508,Entrée des troupes allemandes dans Paris,1,war,1,world-war-ii,2,europe;france,1,2,FALSE
EVT-0509,Bataille d’Angleterre,2,battle;war,1,world-war-ii,2,europe;united-kingdom,2,2,FALSE
EVT-0510,Attaque de Pearl Harbor,2,battle;war,1,world-war-ii,4,americas;europe;north-america;usa,2,3,FALSE
EVT-0511,Conférence de Wannsee,3,diplomacy;genocide-mass-violence;war,1,world-war-ii,1,europe,2,1,FALSE
EVT-0512,Bataille de Midway,2,battle;war,1,world-war-ii,1,europe,2,1,FALSE
EVT-0513,Bataille de Stalingrad,2,battle;war,1,world-war-ii,2,europe;russia-ussr,2,2,FALSE
EVT-0514,Seconde bataille d’El-Alamein,2,battle;war,1,world-war-ii,2,europe;north-africa,2,2,FALSE
EVT-0515,Débarquement allié en Sicile,2,battle;war,1,world-war-ii,3,europe;italy;mediterranean,2,3,FALSE
EVT-0516,Annonce de l’armistice italien,2,nationalism;war,1,world-war-ii,2,europe;italy,2,2,FALSE
EVT-0517,Conférence de Téhéran,2,diplomacy;war,1,world-war-ii,1,europe,1,1,FALSE
EVT-0518,Libération du camp d’Auschwitz-Birkenau,2,genocide-mass-violence;war,1,world-war-ii,1,europe,1,1,FALSE
EVT-0519,Conférence de Yalta,2,diplomacy;war,1,world-war-ii,1,europe,1,1,FALSE
EVT-0520,Bombardement atomique d’Hiroshima,2,genocide-mass-violence;war,1,world-war-ii,3,asia;europe;japan,2,2,FALSE
EVT-0521,Bombardement atomique de Nagasaki,2,genocide-mass-violence;war,1,world-war-ii,3,asia;europe;japan,2,2,FALSE
EVT-0522,Indépendance de l’Inde,6,colonialism;decolonization;geopolitics;international-organization;rights;state-building,1,world-war-ii,4,asia;global;india;south-asia,4,3,FALSE
EVT-0523,Discours de Harvard lançant le plan Marshall,4,decolonization;economy;geopolitics;international-organization,1,cold-war,4,americas;global;north-america;usa,2,3,FALSE
EVT-0524,Signature du traité de l’Atlantique Nord,4,decolonization;diplomacy;geopolitics;international-organization,1,cold-war,4,americas;global;north-america;usa,2,4,FALSE
EVT-0525,Proclamation de la République populaire de Chine,6,decolonization;democracy;geopolitics;international-organization;politics;state-building,1,cold-war,4,asia;china;east-asia;global,3,3,FALSE
EVT-0526,Conférence de Bandung,4,decolonization;diplomacy;geopolitics;international-organization,1,cold-war,1,global,2,1,FALSE
EVT-0527,Création du pacte de Varsovie,5,decolonization;diplomacy;geopolitics;international-organization;law,1,cold-war,1,global,3,1,FALSE
EVT-0528,Crise du canal de Suez,6,decolonization;economy;geopolitics;industrialization;international-organization;technology,1,cold-war,4,asia;global;mediterranean;middle-east,3,3,FALSE
EVT-0529,Victoire de la révolution cubaine,4,decolonization;geopolitics;international-organization;revolution,1,cold-war,5,americas;atlantic-world;caribbean;cuba;global,1,4,FALSE
EVT-0530,Début de la guerre d’Algérie,5,colonialism;decolonization;geopolitics;international-organization;war,1,cold-war,6,africa;algeria;europe;france;global;north-africa,3,5,FALSE
EVT-0531,Élection de Charles de Gaulle à la présidence de la République,5,democracy;politics;rights;social-history;state-building,1,cold-war,2,europe;france,2,2,FALSE
EVT-0532,Débarquement de la baie des Cochons,5,battle;decolonization;geopolitics;international-organization;war,1,cold-war,5,americas;atlantic-world;caribbean;cuba;global,2,4,FALSE
EVT-0533,Crise des missiles de Cuba,3,decolonization;geopolitics;international-organization,1,cold-war,5,americas;atlantic-world;caribbean;cuba;global,1,4,FALSE
EVT-0534,Assassinat de John F. Kennedy,3,decolonization;geopolitics;international-organization,1,cold-war,4,americas;global;north-america;usa,1,3,FALSE
EVT-0535,Incident du golfe du Tonkin,3,decolonization;geopolitics;international-organization,1,cold-war,3,asia;global;vietnam-indochina,1,2,FALSE
EVT-0536,Printemps de Prague,3,decolonization;geopolitics;international-organization,1,cold-war,1,global,1,1,FALSE
EVT-0537,Mai 68 en France,5,democracy;labor;politics;rights;social-history,1,cold-war,2,europe;france,2,2,FALSE
EVT-0538,Ouverture à la signature du Traité sur la non-prolifération des armes nucléaires,4,decolonization;diplomacy;geopolitics;international-organization,1,cold-war,1,global,2,1,FALSE
EVT-0539,Démission de Charles de Gaulle,4,democracy;politics;rights;social-history,1,cold-war,2,europe;france,1,2,FALSE
EVT-0540,Signature de l’Acte final d’Helsinki,5,decolonization;diplomacy;geopolitics;international-organization;law,1,cold-war,1,global,3,1,FALSE
EVT-0541,Troisième plénum du XIe Comité central chinois et lancement des réformes de Deng Xiaoping,3,decolonization;geopolitics;international-organization,1,cold-war,4,asia;china;east-asia;global,1,3,FALSE
EVT-0542,Victoire de la révolution iranienne,4,decolonization;geopolitics;international-organization;revolution,1,cold-war,4,asia;global;iran;middle-east,1,3,FALSE
EVT-0543,Début formel de l’invasion soviétique de l’Afghanistan,5,decolonization;empire;geopolitics;international-organization;war,1,cold-war,7,afghanistan;asia;china;europe;global;middle-east;russia-ussr,2,6,FALSE
EVT-0544,Accords de Gdańsk et naissance de Solidarność,4,decolonization;diplomacy;geopolitics;international-organization,1,cold-war,3,europe;global;poland,1,2,FALSE
EVT-0545,Catastrophe nucléaire de Tchernobyl,3,decolonization;geopolitics;international-organization,1,cold-war,4,europe;global;russia-ussr;ukraine,1,3,FALSE
EVT-0546,Répression de la place Tian’anmen,4,decolonization;genocide-mass-violence;geopolitics;international-organization,1,cold-war,4,asia;china;east-asia;global,1,3,FALSE
EVT-0547,Réunification allemande,5,decolonization;geopolitics;international-organization;nationalism;state-building,1,cold-war,3,europe;germany;global,3,2,FALSE
EVT-0548,Entrée en vigueur principale du Slavery Abolition Act 1833,2,law;rights,0,,1,europe,2,1,FALSE
EVT-0549,Unification de l’Égypte sous les premiers pharaons,2,politics;state-building,0,,2,africa;egypt,2,2,FALSE
EVT-0550,Bataille des Thermopyles,2,battle;war,0,,2,europe;greece,2,2,FALSE
EVT-0551,Bataille de Cannes,2,battle;war,0,,2,europe;italy,2,2,FALSE
EVT-0552,Éruption du Vésuve ensevelissant Pompéi et Herculanum,2,environment;social-history,0,,2,europe;italy,2,2,FALSE
EVT-0553,Sargon d’Akkad fonde l’Empire d’Akkad,2,empire;state-building,0,,2,iraq-mesopotamia;middle-east,2,2,FALSE
EVT-0554,Bataille de Qadesh entre Ramsès II et les Hittites,3,battle;diplomacy;war,0,,2,egypt;middle-east,3,2,FALSE
EVT-0555,Effondrement de l’âge du bronze en Méditerranée orientale,3,social-history;state-building;war,0,,2,mediterranean;middle-east,3,2,FALSE
EVT-0556,Réformes de Solon à Athènes,3,democracy;law;politics,0,,2,europe;greece,3,2,FALSE
EVT-0557,Bataille de Chéronée et domination macédonienne sur la Grèce,3,battle;state-building;war,0,,2,europe;greece,3,2,FALSE
EVT-0558,Début de la deuxième guerre punique,2,geopolitics;war,0,,2,italy;mediterranean,2,2,FALSE
EVT-0559,Bataille de Zama,2,battle;war,0,,2,africa;north-africa,2,2,FALSE
EVT-0560,Début de la révolte de Spartacus,2,revolution;slavery,0,,2,europe;italy,2,2,FALSE
EVT-0561,Défaite romaine dans la forêt de Teutoburg,3,battle;empire;war,0,,2,europe;germany,3,2,FALSE
EVT-0562,Début du grand incendie de Rome,2,environment;urbanization,0,,2,europe;italy,2,2,FALSE
EVT-0563,Extension maximale de l’Empire romain sous Trajan,2,empire;geopolitics,0,,3,europe;middle-east;north-africa,2,3,FALSE
EVT-0564,Constitution antonine accordant la citoyenneté romaine aux hommes libres de l’Empire,3,empire;law;rights,0,,2,europe;mediterranean,3,2,FALSE
EVT-0565,Bataille du pont Milvius,3,battle;religion;war,0,,2,europe;italy,3,2,FALSE
EVT-0566,Mort de Théodose Ier et partage durable de l’Empire romain,2,empire;state-building,0,,2,europe;mediterranean,2,2,FALSE
EVT-0567,Bataille des Champs Catalauniques,2,battle;war,0,,2,europe;france,2,2,FALSE
EVT-0568,Début du sac de Rome par les Vandales,2,empire;war,0,,2,europe;italy,2,2,FALSE
EVT-0569,Début de la civilisation de la vallée de l’Indus à son apogée urbaine,2,state-building;urbanization,0,,2,asia;india,2,2,FALSE
EVT-0570,Éruption minoenne de Santorin,2,environment;social-history,0,,2,greece;mediterranean,2,2,FALSE
EVT-0571,Lois de Dracon à Athènes,2,law;politics,0,,2,europe;greece,2,2,FALSE
EVT-0572,Capitulation d’Athènes et fin de la guerre du Péloponnèse,2,politics;war,0,,2,europe;greece,2,2,FALSE
EVT-0573,Bataille du Granique,3,battle;empire;war,0,,2,asia;middle-east,3,2,FALSE
EVT-0574,Début conventionnel de la crise du IIIe siècle dans l’Empire romain,2,empire;politics,0,,2,europe;mediterranean,2,2,FALSE
EVT-0575,Dioclétien devient empereur romain,2,empire;politics,0,,2,europe;mediterranean,2,2,FALSE
EVT-0576,Mise en place de la Tétrarchie romaine,3,empire;politics;state-building,0,,2,europe;mediterranean,3,2,FALSE
EVT-0577,Mort de Mahomet à Médine,2,politics;religion,0,,2,asia;middle-east,2,2,FALSE
EVT-0578,Début de la conquête musulmane de la péninsule Ibérique,3,empire;religion;war,0,,2,europe;spain,3,2,FALSE
EVT-0579,Saladin reprend Jérusalem,2,religion;war,0,,2,israel-palestine;middle-east,2,2,FALSE
EVT-0580,Arrivée de la peste noire en Sicile,2,medicine;social-history,0,,2,europe;italy,2,2,FALSE
EVT-0581,Dédicace de la basilique Sainte-Sophie de Constantinople,3,art-culture;empire;religion,0,,2,byzantine-empire;europe,3,2,FALSE
EVT-0582,Début de la peste de Justinien dans l’Empire byzantin,2,medicine;social-history,0,,2,byzantine-empire;europe,2,2,FALSE
EVT-0583,Naissance traditionnelle de Mahomet à La Mecque,1,religion,0,,2,asia;middle-east,1,2,FALSE
EVT-0584,Bataille du Yarmouk,3,battle;empire;war,0,,2,asia;middle-east,3,2,FALSE
EVT-0585,Établissement du califat omeyyade,3,empire;religion;state-building,0,,2,asia;middle-east,3,2,FALSE
EVT-0586,Révolution abbasside et chute des Omeyyades,3,empire;religion;revolution,0,,2,asia;middle-east,3,2,FALSE
EVT-0587,Fondation de Bagdad par le calife al-Mansur,2,state-building;urbanization,0,,2,iraq-mesopotamia;middle-east,2,2,FALSE
EVT-0588,Raid viking contre le monastère de Lindisfarne,2,religion;war,0,,2,europe;united-kingdom,2,2,FALSE
EVT-0589,Voyage de Leif Erikson vers l’Amérique du Nord,1,exploration,0,,2,americas;north-america,1,2,FALSE
EVT-0590,Concordat de Worms,3,church-state;diplomacy;religion,0,,2,europe;germany,3,2,FALSE
EVT-0591,Assassinat de Thomas Becket dans la cathédrale de Cantorbéry,2,politics;religion,0,,2,europe;united-kingdom,2,2,FALSE
EVT-0592,Bataille de Hattin,3,battle;religion;war,0,,2,israel-palestine;middle-east,3,2,FALSE
EVT-0593,Mort de Gengis Khan,2,empire;politics,0,,2,asia;global,2,2,FALSE
EVT-0594,Premier parlement de Simon de Montfort,2,democracy;politics,0,,2,europe;united-kingdom,2,2,FALSE
EVT-0595,"Chute d’Acre, dernier grand bastion croisé en Terre sainte",2,religion;war,0,,2,israel-palestine;middle-east,2,2,FALSE
EVT-0596,Exécution de William Wallace,2,politics;war,0,,2,europe;united-kingdom,2,2,FALSE
EVT-0597,Arrestation des Templiers en France,2,politics;religion,0,,2,europe;france,2,2,FALSE
EVT-0598,Début de la papauté d’Avignon,2,politics;religion,0,,2,europe;france,2,2,FALSE
EVT-0599,Bataille de Bannockburn,3,battle;state-building;war,0,,2,europe;united-kingdom,3,2,FALSE
EVT-0600,Grande révolte des paysans en Angleterre,2,revolution;social-history,0,,2,europe;united-kingdom,2,2,FALSE
EVT-0601,Bataille de Kosovo Polje,2,battle;war,0,,2,balkans;europe,2,2,FALSE
EVT-0602,Exécution de Jan Hus à Constance,2,church-state;religion,0,,2,europe;germany,2,2,FALSE
EVT-0603,Bataille de Bosworth et fin de la guerre des Deux-Roses,3,battle;state-building;war,0,,2,europe;united-kingdom,3,2,FALSE
EVT-0604,Début de la sédition Nika à Constantinople,2,empire;revolution,0,,2,byzantine-empire;europe,2,2,FALSE
EVT-0605,Bataille d’Edington entre Alfred le Grand et les Vikings,3,battle;state-building;war,0,,2,europe;united-kingdom,3,2,FALSE
EVT-0606,Bataille de Stamford Bridge,2,battle;war,0,,2,europe;united-kingdom,2,2,FALSE
EVT-0607,Couronnement d’Henri II Plantagenêt comme roi d’Angleterre,2,politics;state-building,0,,2,europe;united-kingdom,2,2,FALSE
EVT-0608,Traité de Jaffa mettant fin à la troisième croisade,3,diplomacy;religion;war,0,,2,israel-palestine;middle-east,3,2,FALSE
EVT-0609,Bataille de Legnica face aux Mongols,3,battle;empire;war,0,,2,europe;poland,3,2,FALSE
EVT-0610,Bataille de Fariskur et capture de Louis IX,3,battle;religion;war,0,,2,africa;egypt,3,2,FALSE
EVT-0611,Bataille des Éperons d’or,2,battle;war,0,,2,belgium;europe,2,2,FALSE
EVT-0612,Déclaration d’Arbroath,2,politics;state-building,0,,2,europe;united-kingdom,2,2,FALSE
EVT-0613,Hernán Cortés entre à Tenochtitlan,2,colonialism;war,0,,2,latin-america;mexico,2,2,FALSE
EVT-0614,Chute de Tenochtitlan face aux forces de Cortés,3,colonialism;state-building;war,0,,2,latin-america;mexico,3,2,FALSE
EVT-0615,Acte de suprématie établissant Henri VIII à la tête de l’Église d’Angleterre,3,church-state;law;religion,0,,2,europe;united-kingdom,3,2,FALSE
EVT-0616,Élisabeth Ire devient reine d’Angleterre,2,politics;state-building,0,,2,europe;united-kingdom,2,2,FALSE
EVT-0617,Massacre de Wassy et début des guerres de Religion en France,2,religion;war,0,,2,europe;france,2,2,FALSE
EVT-0618,Bataille navale de Lépante,3,battle;religion;war,0,,2,europe;mediterranean,3,2,FALSE
EVT-0619,Défaite décisive de l’Armada espagnole au large de Gravelines,2,battle;war,0,,3,europe;spain;united-kingdom,2,3,FALSE
EVT-0620,Tokugawa Ieyasu devient shogun,2,politics;state-building,0,,2,asia;japan,2,2,FALSE
EVT-0621,Fondation de Québec par Samuel de Champlain,2,colonialism;state-building,0,,2,canada;north-america,2,2,FALSE
EVT-0622,Galilée observe les principaux satellites de Jupiter,2,science;space,0,,2,europe;italy,2,2,FALSE
EVT-0623,Défenestration de Prague et début de la guerre de Trente Ans,2,religion;war,0,,2,czechia;europe,2,2,FALSE
EVT-0624,Publication du traité de William Harvey sur la circulation du sang,2,medicine;science,0,,2,europe;united-kingdom,2,2,FALSE
EVT-0625,Publication du Discours de la méthode de Descartes,2,knowledge;science,0,,2,europe;france,2,2,FALSE
EVT-0626,Début du grand incendie de Londres,2,environment;urbanization,0,,2,europe;united-kingdom,2,2,FALSE
EVT-0627,Entrée en vigueur des Actes d’Union créant le royaume de Grande-Bretagne,2,law;state-building,0,,2,europe;united-kingdom,2,2,FALSE
EVT-0628,Séisme de Lisbonne,2,environment;social-history,0,,2,europe;portugal,2,2,FALSE
EVT-0629,Traité de Paris mettant fin à la guerre de Sept Ans,3,colonialism;diplomacy;war,0,,1,global,3,1,FALSE
EVT-0630,Brevet de James Watt pour une machine à vapeur améliorée,2,industrialization;technology,0,,2,europe;united-kingdom,2,2,FALSE
EVT-0631,Batailles de Lexington et Concord,3,battle;revolution;war,0,,2,north-america;usa,3,2,FALSE
EVT-0632,Publication de La Richesse des nations d’Adam Smith,2,economy;knowledge,0,,2,europe;united-kingdom,2,2,FALSE
EVT-0633,Premier vol habité libre en montgolfière,2,science;technology,0,,2,europe;france,2,2,FALSE
EVT-0634,Investiture de George Washington comme premier président des États-Unis,2,democracy;politics,0,,2,north-america;usa,2,2,FALSE
EVT-0635,Ratification du Bill of Rights des États-Unis,2,law;rights,0,,2,north-america;usa,2,2,FALSE
EVT-0636,Première vaccination contre la variole par Edward Jenner,2,medicine;science,0,,2,europe;united-kingdom,2,2,FALSE
EVT-0637,Découverte de la pierre de Rosette,2,archaeology;knowledge,0,,2,africa;egypt,2,2,FALSE
EVT-0638,Pedro Álvares Cabral atteint le littoral du Brésil,2,colonialism;exploration,0,,3,brazil;latin-america;portugal,2,3,FALSE
EVT-0639,Fondation de l’État safavide en Perse,3,empire;religion;state-building,0,,2,iran;middle-east,3,2,FALSE
EVT-0640,Henri VIII devient roi d’Angleterre,2,politics;state-building,0,,2,europe;united-kingdom,2,2,FALSE
EVT-0641,Vasco Núñez de Balboa atteint l’océan Pacifique,1,exploration,0,,2,americas;panama,1,2,FALSE
EVT-0642,Début de la guerre des Paysans allemands,3,religion;revolution;social-history,0,,2,europe;germany,3,2,FALSE
EVT-0643,Première bataille de Panipat et fondation de l’Empire moghol,3,battle;empire;war,0,,2,asia;india,3,2,FALSE
EVT-0644,Début du sac de Rome par les troupes impériales,2,religion;war,0,,2,europe;italy,2,2,FALSE
EVT-0645,Jacques Cartier prend possession du Canada au nom de François Ier,2,colonialism;exploration,0,,2,canada;north-america,2,2,FALSE
EVT-0646,Publication de l’Institution de la religion chrétienne de Calvin,2,knowledge;religion,0,,3,europe;france;switzerland,2,3,FALSE
EVT-0647,Début du Grand Siège de Malte,3,battle;religion;war,0,,2,malta;mediterranean,3,2,FALSE
EVT-0648,Entrée en vigueur initiale du calendrier grégorien,3,law;religion;science,0,,1,europe,3,1,FALSE
EVT-0649,Exécution de Marie Stuart,2,politics;religion,0,,2,europe;united-kingdom,2,2,FALSE
EVT-0650,Charte royale fondant la Compagnie anglaise des Indes orientales,2,colonialism;economy,0,,3,asia;india;united-kingdom,2,3,FALSE
EVT-0651,Fondation de la Compagnie néerlandaise des Indes orientales,2,colonialism;economy,0,,2,asia;netherlands,2,2,FALSE
EVT-0652,Publication de la première partie de Don Quichotte,2,art-culture;knowledge,0,,2,europe;spain,2,2,FALSE
EVT-0653,Échec de la conspiration des Poudres,2,politics;religion,0,,2,europe;united-kingdom,2,2,FALSE
EVT-0654,Publication de l’Astronomia nova de Kepler,2,knowledge;science,0,,2,europe;germany,2,2,FALSE
EVT-0655,Acceptation de la Petition of Right par Charles Ier,3,law;politics;rights,0,,2,europe;united-kingdom,3,2,FALSE
EVT-0656,Publication du Dialogue sur les deux grands systèmes du monde de Galilée,2,knowledge;science,0,,2,europe;italy,2,2,FALSE
EVT-0657,Publication du Léviathan de Thomas Hobbes,2,knowledge;politics,0,,2,europe;united-kingdom,2,2,FALSE
EVT-0658,Oliver Cromwell devient Lord Protecteur,2,politics;state-building,0,,2,europe;united-kingdom,2,2,FALSE
EVT-0659,Restauration de la monarchie anglaise avec Charles II,2,politics;state-building,0,,2,europe;united-kingdom,2,2,FALSE
EVT-0660,Grande peste de Londres,2,medicine;social-history,0,,2,europe;united-kingdom,2,2,FALSE
EVT-0661,Publication de Micrographia de Robert Hooke,2,knowledge;science,0,,2,europe;united-kingdom,2,2,FALSE
EVT-0662,Antonie van Leeuwenhoek observe des micro-organismes,2,medicine;science,0,,2,europe;netherlands,2,2,FALSE
EVT-0663,Bataille de la Boyne,3,battle;religion;war,0,,2,europe;ireland,3,2,FALSE
EVT-0664,Fondation de la Banque d’Angleterre,2,economy;state-building,0,,2,europe;united-kingdom,2,2,FALSE
EVT-0665,Début de la guerre de Succession d’Espagne,2,diplomacy;war,0,,1,europe,2,1,FALSE
EVT-0666,Traité d’Utrecht,2,diplomacy;war,0,,1,europe,2,1,FALSE
EVT-0667,Proclamation de l’Empire russe,2,empire;state-building,0,,2,europe;russia-ussr,2,2,FALSE
EVT-0668,Publication de la première édition de Systema Naturae de Linné,2,knowledge;science,0,,2,europe;sweden,2,2,FALSE
EVT-0669,Marie-Thérèse hérite des possessions des Habsbourg,2,empire;politics,0,,2,austria;europe,2,2,FALSE
EVT-0670,Publication de De l’esprit des lois de Montesquieu,2,knowledge;politics,0,,2,europe;france,2,2,FALSE
EVT-0671,Expérience du cerf-volant attribuée à Benjamin Franklin,1,science,0,,2,north-america;usa,1,2,FALSE
EVT-0672,Bataille des Plaines d’Abraham,3,battle;colonialism;war,0,,2,canada;north-america,3,2,FALSE
EVT-0673,Invention de la Spinning Jenny,2,industrialization;technology,0,,2,europe;united-kingdom,2,2,FALSE
EVT-0674,Adoption du Stamp Act britannique,3,colonialism;law;revolution,0,,2,north-america;usa,3,2,FALSE
EVT-0675,Massacre de Boston,2,colonialism;revolution,0,,2,north-america;usa,2,2,FALSE
EVT-0676,Ouverture du Premier Congrès continental,2,politics;revolution,0,,2,north-america;usa,2,2,FALSE
EVT-0677,Découverte d’Uranus par William Herschel,2,science;space,0,,2,europe;united-kingdom,2,2,FALSE
EVT-0678,Arrivée de la First Fleet à Sydney Cove,2,colonialism;state-building,0,,2,australia;oceania,2,2,FALSE
EVT-0679,Ouverture du Muséum central des arts au Louvre,2,art-culture;memory-heritage,0,,2,europe;france,2,2,FALSE
EVT-0680,Bataille navale d’Aboukir,2,battle;war,0,,2,egypt;mediterranean,2,2,FALSE
EVT-0681,Signature de la vente de la Louisiane aux États-Unis,2,borders-territory;diplomacy,0,,2,north-america;usa,2,2,FALSE
EVT-0682,Proclamation de Napoléon Bonaparte comme empereur des Français,2,empire;politics,0,,2,europe;france,2,2,FALSE
EVT-0683,Bataille de Trafalgar,2,battle;war,0,,2,europe;spain,2,2,FALSE
EVT-0684,Abolition britannique de la traite négrière,3,law;rights;slavery,0,,2,atlantic-world;united-kingdom,3,2,FALSE
EVT-0685,Grito de Dolores et début de la guerre d’indépendance du Mexique,2,revolution;state-building,0,,2,latin-america;mexico,2,2,FALSE
EVT-0686,Début de l’invasion de la Russie par Napoléon,2,geopolitics;war,0,,2,europe;russia-ussr,2,2,FALSE
EVT-0687,Début de la bataille de Leipzig,2,battle;war,0,,2,europe;germany,2,2,FALSE
EVT-0688,Déclaration d’indépendance du Brésil,2,revolution;state-building,0,,2,brazil;latin-america,2,2,FALSE
EVT-0689,Champollion annonce le déchiffrement des hiéroglyphes égyptiens,2,archaeology;knowledge,0,,2,europe;france,2,2,FALSE
EVT-0690,Proclamation de la doctrine Monroe,2,diplomacy;geopolitics,0,,2,americas;usa,2,2,FALSE
EVT-0691,Ouverture du chemin de fer Stockton-Darlington,2,industrialization;technology,0,,2,europe;united-kingdom,2,2,FALSE
EVT-0692,Réalisation de la plus ancienne photographie permanente connue par Nicéphore Niépce,2,art-culture;technology,0,,2,europe;france,2,2,FALSE
EVT-0693,Annonce publique du procédé photographique de Daguerre,2,art-culture;technology,0,,2,europe;france,2,2,FALSE
EVT-0694,Début de la première guerre de l’Opium,2,colonialism;war,0,,2,asia;china,2,2,FALSE
EVT-0695,Traité de Nankin mettant fin à la première guerre de l’Opium,2,colonialism;diplomacy,0,,3,asia;china;united-kingdom,2,3,FALSE
EVT-0696,Observation de Neptune confirmant sa découverte,2,science;space,0,,2,europe;germany,2,2,FALSE
EVT-0697,Publication du Manifeste du Parti communiste,3,knowledge;politics;social-history,0,,2,europe;united-kingdom,3,2,FALSE
EVT-0698,Ouverture de la convention de Seneca Falls,2,rights;women-gender,0,,2,north-america;usa,2,2,FALSE
EVT-0699,Arrivée de l’escadre du commodore Perry dans la baie d’Edo,2,diplomacy;geopolitics,0,,2,asia;japan,2,2,FALSE
EVT-0700,Publication de L’Origine des espèces de Charles Darwin,2,knowledge;science,0,,2,europe;united-kingdom,2,2,FALSE
EVT-0701,Abolition du servage dans l’Empire russe,3,law;rights;social-history,0,,2,europe;russia-ussr,3,2,FALSE
EVT-0702,Publication des Misérables de Victor Hugo,2,art-culture;knowledge,0,,2,europe;france,2,2,FALSE
EVT-0703,Fondation du Comité international de la Croix-Rouge,2,international-organization;medicine,0,,2,europe;switzerland,2,2,FALSE
EVT-0704,Publication des travaux de Gregor Mendel sur l’hérédité,2,knowledge;science,0,,2,czechia;europe,2,2,FALSE
EVT-0705,Capitulation de Robert E. Lee à Appomattox,2,state-building;war,0,,2,north-america;usa,2,2,FALSE
EVT-0706,Assassinat d’Abraham Lincoln,1,politics,0,,2,north-america;usa,1,2,FALSE
EVT-0707,Achèvement du câble télégraphique transatlantique durable,2,media-information;technology,0,,2,atlantic-world;global,2,2,FALSE
EVT-0708,Confédération canadienne,1,state-building,0,,2,canada;north-america,1,2,FALSE
EVT-0709,Restauration de Meiji au Japon,2,revolution;state-building,0,,2,asia;japan,2,2,FALSE
EVT-0710,Présentation du tableau périodique de Mendeleïev,2,knowledge;science,0,,2,europe;russia-ussr,2,2,FALSE
EVT-0711,Achèvement du premier chemin de fer transcontinental américain,2,technology;transport,0,,2,north-america;usa,2,2,FALSE
EVT-0712,Ouverture de la première exposition impressionniste,1,art-culture,0,,2,europe;france,1,2,FALSE
EVT-0713,Brevet du téléphone accordé à Alexander Graham Bell,2,media-information;technology,0,,2,north-america;usa,2,2,FALSE
EVT-0714,Ouverture du congrès de Berlin,2,diplomacy;geopolitics,0,,2,europe;germany,2,2,FALSE
EVT-0715,Démonstration d’une lampe à incandescence durable par Edison,2,industrialization;technology,0,,2,north-america;usa,2,2,FALSE
EVT-0716,Éruption cataclysmique du Krakatoa,2,environment;social-history,0,,2,asia;indonesia,2,2,FALSE
EVT-0717,Première vaccination humaine contre la rage par Pasteur,2,medicine;science,0,,2,europe;france,2,2,FALSE
EVT-0718,Brevet du véhicule automobile de Karl Benz,2,industrialization;technology,0,,2,europe;germany,2,2,FALSE
EVT-0719,Inauguration de la statue de la Liberté,2,art-culture;memory-heritage,0,,2,north-america;usa,2,2,FALSE
EVT-0720,Peinture de La Nuit étoilée par Vincent van Gogh,1,art-culture,0,,2,europe;france,1,2,FALSE
EVT-0721,Droit de vote accordé aux femmes en Nouvelle-Zélande,3,democracy;rights;women-gender,0,,2,new-zealand;oceania,3,2,FALSE
EVT-0722,Découverte des rayons X par Wilhelm Röntgen,2,medicine;science,0,,2,europe;germany,2,2,FALSE
EVT-0723,Première projection publique payante des frères Lumière,2,art-culture;technology,0,,2,europe;france,2,2,FALSE
EVT-0724,Ouverture des premiers Jeux olympiques modernes à Athènes,1,sport,0,,2,europe;greece,1,2,FALSE
EVT-0725,Découverte de l’électron par J. J. Thomson,1,science,0,,2,europe;united-kingdom,1,2,FALSE
EVT-0726,Début de la guerre hispano-américaine,2,colonialism;war,0,,3,americas;spain;usa,2,3,FALSE
EVT-0727,Présentation de l’hypothèse des quanta par Max Planck,1,science,0,,2,europe;germany,1,2,FALSE
EVT-0728,Création du Royaume-Uni de Grande-Bretagne et d’Irlande,2,law;state-building,0,,2,europe;united-kingdom,2,2,FALSE
EVT-0729,Découverte de Cérès par Giuseppe Piazzi,2,science;space,0,,2,europe;italy,2,2,FALSE
EVT-0730,Dissolution du Saint-Empire romain germanique,2,empire;state-building,0,,2,europe;germany,2,2,FALSE
EVT-0731,Soulèvement du Dos de Mayo à Madrid,2,revolution;war,0,,2,europe;spain,2,2,FALSE
EVT-0732,Début de la guerre anglo-américaine de 1812,2,geopolitics;war,0,,2,north-america;usa,2,2,FALSE
EVT-0733,Déclaration d’indépendance de l’Argentine,2,revolution;state-building,0,,2,argentina;latin-america,2,2,FALSE
EVT-0734,Proclamation de l’indépendance du Chili,2,revolution;state-building,0,,2,chile;latin-america,2,2,FALSE
EVT-0735,Massacre de Peterloo à Manchester,3,politics;rights;social-history,0,,2,europe;united-kingdom,3,2,FALSE
EVT-0736,Compromis du Missouri,3,law;politics;slavery,0,,2,north-america;usa,3,2,FALSE
EVT-0737,Entrée de l’armée des Trois Garanties à Mexico et indépendance effective du Mexique,2,revolution;state-building,0,,2,latin-america;mexico,2,2,FALSE
EVT-0738,Bataille navale de Navarin,2,battle;war,0,,2,greece;mediterranean,2,2,FALSE
EVT-0739,Catholic Relief Act au Royaume-Uni,3,law;religion;rights,0,,2,europe;united-kingdom,3,2,FALSE
EVT-0740,Départ du HMS Beagle avec Charles Darwin,2,exploration;science,0,,2,global;united-kingdom,2,2,FALSE
EVT-0741,Victoria devient reine du Royaume-Uni,2,empire;politics,0,,2,europe;united-kingdom,2,2,FALSE
EVT-0742,Signature du traité de Waitangi,2,diplomacy;state-building,0,,2,new-zealand;oceania,2,2,FALSE
EVT-0743,"Mise en vente du Penny Black, premier timbre-poste adhésif",2,economy;technology,0,,2,europe;united-kingdom,2,2,FALSE
EVT-0744,Abrogation des Corn Laws britanniques,2,economy;law,0,,2,europe;united-kingdom,2,2,FALSE
EVT-0745,Proclamation d’indépendance du Liberia,1,state-building,0,,2,africa;liberia,1,2,FALSE
EVT-0746,Découverte d’or à Sutter’s Mill et ruée vers l’or de Californie,2,economy;migration,0,,2,north-america;usa,2,2,FALSE
EVT-0747,Ouverture de la Grande Exposition de Londres,3,art-culture;industrialization;technology,0,,2,europe;united-kingdom,3,2,FALSE
EVT-0748,Convention de Kanagawa entre le Japon et les États-Unis,2,diplomacy;geopolitics,0,,3,asia;japan;usa,2,3,FALSE
EVT-0749,Bataille de Solférino,2,battle;war,0,,2,europe;italy,2,2,FALSE
EVT-0750,Forage du puits de Drake en Pennsylvanie,3,economy;industrialization;technology,0,,2,north-america;usa,3,2,FALSE
EVT-0751,Départ de l’expédition des Mille de Garibaldi,2,revolution;state-building,0,,2,europe;italy,2,2,FALSE
EVT-0752,Homestead Act aux États-Unis,2,law;migration,0,,2,north-america;usa,2,2,FALSE
EVT-0753,Début de la guerre austro-prussienne,2,state-building;war,0,,3,austria;europe;germany,2,3,FALSE
EVT-0754,Achat de l’Alaska par les États-Unis,2,borders-territory;diplomacy,0,,3,north-america;russia-ussr;usa,2,3,FALSE
EVT-0755,Rome devient officiellement capitale du royaume d’Italie,2,politics;state-building,0,,2,europe;italy,2,2,FALSE
EVT-0756,Krach boursier de Vienne et début de la crise de 1873,1,economy,0,,2,austria;europe,1,2,FALSE
EVT-0757,Bataille de Little Bighorn,3,battle;colonialism;war,0,,2,north-america;usa,3,2,FALSE
EVT-0758,Victoria proclamée impératrice des Indes,2,colonialism;empire,0,,3,asia;india;united-kingdom,2,3,FALSE
EVT-0759,Début du premier tournoi de Wimbledon,1,sport,0,,2,europe;united-kingdom,1,2,FALSE
EVT-0760,Première démonstration publique du phonographe d’Edison,2,art-culture;technology,0,,2,north-america;usa,2,2,FALSE
EVT-0761,Assassinat du tsar Alexandre II,2,politics;revolution,0,,2,europe;russia-ussr,2,2,FALSE
EVT-0762,Traité du Bardo établissant le protectorat français en Tunisie,2,colonialism;diplomacy,0,,2,north-africa;tunisia,2,2,FALSE
EVT-0763,"Formation de la Triple Alliance entre Allemagne, Autriche-Hongrie et Italie",2,diplomacy;geopolitics,0,,1,europe,2,1,FALSE
EVT-0764,Occupation britannique de l’Égypte après la bataille de Tel el-Kebir,2,colonialism;war,0,,2,africa;egypt,2,2,FALSE
EVT-0765,Reconnaissance internationale de l’État indépendant du Congo,2,colonialism;state-building,0,,2,africa;congo,2,2,FALSE
EVT-0766,Affaire de Haymarket à Chicago,2,labor;social-history,0,,2,north-america;usa,2,2,FALSE
EVT-0767,Expérience de Michelson-Morley,1,science,0,,2,north-america;usa,1,2,FALSE
EVT-0768,Fondation de la Deuxième Internationale,2,labor;politics,0,,2,europe;france,2,2,FALSE
EVT-0769,Adoption du Sherman Antitrust Act,2,economy;law,0,,2,north-america;usa,2,2,FALSE
EVT-0770,Massacre de Wounded Knee,2,colonialism;genocide-mass-violence,0,,2,north-america;usa,2,2,FALSE
EVT-0771,Publication de l’encyclique Rerum novarum,3,labor;religion;social-history,0,,2,europe;italy,3,2,FALSE
EVT-0772,Premier match de basket-ball organisé par James Naismith,1,sport,0,,2,north-america;usa,1,2,FALSE
EVT-0773,Ouverture du centre d’immigration d’Ellis Island,2,migration;state-building,0,,2,north-america;usa,2,2,FALSE
EVT-0774,Version célèbre du Cri d’Edvard Munch,1,art-culture,0,,2,europe;norway,1,2,FALSE
EVT-0775,Ouverture de l’Exposition universelle de Chicago,2,art-culture;technology,0,,2,north-america;usa,2,2,FALSE
EVT-0776,Première cérémonie des prix Nobel,2,art-culture;science,0,,2,europe;sweden,2,2,FALSE
EVT-0777,Premier vol motorisé contrôlé des frères Wright,2,technology;transport,0,,2,north-america;usa,2,2,FALSE
EVT-0778,Début de la guerre russo-japonaise,2,geopolitics;war,0,,3,asia;japan;russia-ussr,2,3,FALSE
EVT-0779,Année miraculeuse d’Albert Einstein,1,science,0,,2,europe;germany,1,2,FALSE
EVT-0780,Dimanche rouge à Saint-Pétersbourg,2,politics;revolution,0,,2,europe;russia-ussr,2,2,FALSE
EVT-0781,Séisme de San Francisco,2,environment;social-history,0,,2,north-america;usa,2,2,FALSE
EVT-0782,Début de la production de la Ford Model T,3,economy;industrialization;technology,0,,2,north-america;usa,3,2,FALSE
EVT-0783,Début de la Révolution mexicaine,2,politics;revolution,0,,2,latin-america;mexico,2,2,FALSE
EVT-0784,Soulèvement de Wuchang et début de la révolution chinoise de 1911,2,revolution;state-building,0,,2,asia;china,2,2,FALSE
EVT-0785,Roald Amundsen atteint le pôle Sud,1,exploration,0,,2,antarctica;global,1,2,FALSE
EVT-0786,Proclamation de la République de Chine,2,politics;state-building,0,,2,asia;china,2,2,FALSE
EVT-0787,Naufrage du Titanic,2,social-history;transport,0,,2,atlantic-world;global,2,2,FALSE
EVT-0788,Première du Sacre du printemps de Stravinsky,1,art-culture,0,,2,europe;france,1,2,FALSE
EVT-0789,Naufrage du Lusitania,2,transport;war,0,,2,atlantic-world;global,2,2,FALSE
EVT-0790,Début de l’insurrection de Pâques à Dublin,2,revolution;state-building,0,,2,europe;ireland,2,2,FALSE
EVT-0791,Déclaration Balfour,2,diplomacy;state-building,0,,2,middle-east;united-kingdom,2,2,FALSE
EVT-0792,Pandémie de grippe dite espagnole,2,medicine;social-history,0,,1,global,2,1,FALSE
EVT-0793,Présentation des Quatorze Points de Woodrow Wilson,2,diplomacy;geopolitics,0,,2,europe;usa,2,2,FALSE
EVT-0794,Abdication de Guillaume II et révolution allemande,2,revolution;state-building,0,,2,europe;germany,2,2,FALSE
EVT-0795,Rétablissement de l’indépendance de la Pologne,1,state-building,0,,2,europe;poland,1,2,FALSE
EVT-0796,Ratification du XIXe amendement accordant le vote aux femmes aux États-Unis,3,democracy;rights;women-gender,0,,2,north-america;usa,3,2,FALSE
EVT-0797,Fondation du Parti communiste chinois,2,politics;revolution,0,,2,asia;china,2,2,FALSE
EVT-0798,Découverte de la tombe de Toutânkhamon,2,archaeology;knowledge,0,,2,africa;egypt,2,2,FALSE
EVT-0799,Création de l’Union soviétique,2,politics;state-building,0,,2,europe;russia-ussr,2,2,FALSE
EVT-0800,Proclamation de la République de Turquie,2,politics;state-building,0,,2,asia;turkey-ottoman,2,2,FALSE
EVT-0801,Mort de Lénine,1,politics,0,,2,europe;russia-ussr,1,2,FALSE
EVT-0802,Charles Lindbergh achève le premier vol solo sans escale New York-Paris,2,exploration;technology,0,,3,atlantic-world;france;usa,2,3,FALSE
EVT-0803,"Sortie de The Jazz Singer, jalon du cinéma parlant",2,art-culture;technology,0,,2,north-america;usa,2,2,FALSE
EVT-0804,Découverte de la pénicilline par Alexander Fleming,2,medicine;science,0,,2,europe;united-kingdom,2,2,FALSE
EVT-0805,Découverte de Pluton annoncée après observation par Clyde Tombaugh,2,science;space,0,,2,north-america;usa,2,2,FALSE
EVT-0806,Début de la première Coupe du monde de football,1,sport,0,,2,latin-america;uruguay,1,2,FALSE
EVT-0807,Incident de Mukden et invasion japonaise de la Mandchourie,2,colonialism;war,0,,3,asia;china;japan,2,3,FALSE
EVT-0808,Début de l’invasion italienne de l’Éthiopie,2,colonialism;war,0,,2,africa;ethiopia,2,2,FALSE
EVT-0809,Début du massacre de Nankin,2,genocide-mass-violence;war,0,,3,asia;china;japan,2,3,FALSE
EVT-0810,Anschluss de l’Autriche par l’Allemagne nazie,2,state-building;totalitarianism,0,,3,austria;europe;germany,2,3,FALSE
EVT-0811,Fin de la guerre civile espagnole,2,politics;war,0,,2,europe;spain,2,2,FALSE
EVT-0812,Winston Churchill devient Premier ministre du Royaume-Uni,2,politics;war,0,,2,europe;united-kingdom,2,2,FALSE
EVT-0813,Promulgation de la loi Prêt-Bail aux États-Unis,2,law;war,0,,2,global;usa,2,2,FALSE
EVT-0814,Lancement officiel du projet Manhattan,3,science;technology;war,0,,2,north-america;usa,3,2,FALSE
EVT-0815,Première réaction nucléaire en chaîne auto-entretenue à Chicago,2,science;technology,0,,2,north-america;usa,2,2,FALSE
EVT-0816,Début du soulèvement du ghetto de Varsovie,2,genocide-mass-violence;revolution,0,,2,europe;poland,2,2,FALSE
EVT-0817,Chute de Mussolini après son arrestation,2,politics;war,0,,2,europe;italy,2,2,FALSE
EVT-0818,Ouverture de la conférence de Bretton Woods,2,diplomacy;economy,0,,2,global;usa,2,2,FALSE
EVT-0819,Début de l’insurrection de Varsovie,2,revolution;war,0,,2,europe;poland,2,2,FALSE
EVT-0820,Ouverture de la conférence de San Francisco fondant l’ONU,2,diplomacy;international-organization,0,,2,global;usa,2,2,FALSE
EVT-0821,Ouverture de la conférence de Potsdam,2,diplomacy;war,0,,2,europe;germany,2,2,FALSE
EVT-0822,Proclamation de l’indépendance de l’Indonésie,2,decolonization;state-building,0,,2,asia;indonesia,2,2,FALSE
EVT-0823,Proclamation de l’indépendance du Viêt Nam par Hô Chi Minh,2,decolonization;state-building,0,,2,asia;vietnam-indochina,2,2,FALSE
EVT-0824,Fédération de l’Australie,1,state-building,0,,2,australia;oceania,1,2,FALSE
EVT-0825,Mort de la reine Victoria,2,empire;politics,0,,2,europe;united-kingdom,2,2,FALSE
EVT-0826,Éruption de la montagne Pelée détruisant Saint-Pierre,2,environment;social-history,0,,2,caribbean;france,2,2,FALSE
EVT-0827,Indépendance formelle de Cuba vis-à-vis des États-Unis,1,state-building,0,,2,cuba;latin-america,1,2,FALSE
EVT-0828,Traité de Vereeniging mettant fin à la seconde guerre des Boers,2,diplomacy;war,0,,2,africa;south-africa,2,2,FALSE
EVT-0829,Départ du premier Tour de France cycliste,1,sport,0,,2,europe;france,1,2,FALSE
EVT-0830,Séparation du Panama de la Colombie,2,geopolitics;state-building,0,,2,latin-america;panama,2,2,FALSE
EVT-0831,Signature de l’Entente cordiale,2,diplomacy;geopolitics,0,,3,europe;france;united-kingdom,2,3,FALSE
EVT-0832,Séparation pacifique de la Norvège et de la Suède décidée par le Storting,2,politics;state-building,0,,2,europe;norway,2,2,FALSE
EVT-0833,Traité de Portsmouth mettant fin à la guerre russo-japonaise,2,diplomacy;war,0,,2,asia;usa,2,2,FALSE
EVT-0834,Lancement du HMS Dreadnought,2,technology;war,0,,2,europe;united-kingdom,2,2,FALSE
EVT-0835,Convention anglo-russe complétant la Triple Entente,2,diplomacy;geopolitics,0,,1,europe,2,1,FALSE
EVT-0836,Événement de la Toungouska,2,environment;science,0,,2,asia;russia-ussr,2,2,FALSE
EVT-0837,Fondation de la NAACP aux États-Unis,2,politics;rights,0,,2,north-america;usa,2,2,FALSE
EVT-0838,Création de l’Union d’Afrique du Sud,2,colonialism;state-building,0,,2,africa;south-africa,2,2,FALSE
EVT-0839,Début de la première guerre balkanique,2,geopolitics;war,0,,2,balkans;europe,2,2,FALSE
EVT-0840,Première chaîne d’assemblage automobile mobile de Ford,2,industrialization;technology,0,,2,north-america;usa,2,2,FALSE
EVT-0841,Création de la Réserve fédérale américaine,2,economy;state-building,0,,2,north-america;usa,2,2,FALSE
EVT-0842,Proclamation de la Tchécoslovaquie,1,state-building,0,,2,czechia;europe,1,2,FALSE
EVT-0843,Massacre d’Amritsar,2,colonialism;genocide-mass-violence,0,,2,asia;india,2,2,FALSE
EVT-0844,Mouvement du 4-Mai en Chine,2,politics;revolution,0,,2,asia;china,2,2,FALSE
EVT-0845,Première réunion du Conseil de la Société des Nations,2,diplomacy;international-organization,0,,2,europe;france,2,2,FALSE
EVT-0846,Début de la prohibition aux États-Unis,2,law;social-history,0,,2,north-america;usa,2,2,FALSE
EVT-0847,Signature du traité anglo-irlandais,2,diplomacy;state-building,0,,2,europe;ireland,2,2,FALSE
EVT-0848,Publication d’Ulysse de James Joyce,2,art-culture;knowledge,0,,2,europe;france,2,2,FALSE
EVT-0849,Pic de l’hyperinflation allemande et introduction du Rentenmark,1,economy,0,,2,europe;germany,1,2,FALSE
EVT-0850,Ouverture des premiers Jeux olympiques d’hiver à Chamonix,1,sport,0,,2,europe;france,1,2,FALSE
EVT-0851,Publication du premier volume de Mein Kampf,3,knowledge;politics;totalitarianism,0,,2,europe;germany,3,2,FALSE
EVT-0852,Début de la grève générale au Royaume-Uni,2,labor;social-history,0,,2,europe;united-kingdom,2,2,FALSE
EVT-0853,Première de Steamboat Willie avec Mickey Mouse,1,art-culture,0,,2,north-america;usa,1,2,FALSE
EVT-0854,Signature des accords du Latran créant l’État de la Cité du Vatican,3,diplomacy;religion;state-building,0,,2,europe;italy,3,2,FALSE
EVT-0855,Inauguration de l’Empire State Building,2,technology;urbanization,0,,2,north-america;usa,2,2,FALSE
EVT-0856,Amelia Earhart achève un vol transatlantique solo,2,exploration;technology,0,,2,atlantic-world;global,2,2,FALSE
EVT-0857,Proclamation du royaume d’Arabie saoudite,1,state-building,0,,2,middle-east;saudi-arabia,1,2,FALSE
EVT-0858,Fin de la prohibition aux États-Unis,2,law;social-history,0,,2,north-america;usa,2,2,FALSE
EVT-0859,Début de la Longue Marche des communistes chinois,2,revolution;war,0,,2,asia;china,2,2,FALSE
EVT-0860,Promulgation du Social Security Act aux États-Unis,2,law;social-history,0,,2,north-america;usa,2,2,FALSE
EVT-0861,Discours du « rideau de fer » de Winston Churchill à Fulton,1,geopolitics,1,cold-war,2,global;usa,1,2,FALSE
EVT-0862,Indépendance du Pakistan,2,decolonization;state-building,0,,2,asia;pakistan,2,2,FALSE
EVT-0863,Création de l’Organisation mondiale de la santé,2,international-organization;medicine,0,,2,global;switzerland,2,2,FALSE
EVT-0864,Victoire électorale du Parti national et début officiel de l’apartheid en Afrique du Sud,2,politics;rights,0,,2,africa;south-africa,2,2,FALSE
EVT-0865,Adoption de la Déclaration universelle des droits de l’homme,2,international-organization;rights,0,,2,france;global,2,2,FALSE
EVT-0866,Signature des Conventions de Genève de 1949,3,law;rights;war,0,,2,global;switzerland,3,2,FALSE
EVT-0867,Signature de la Convention européenne des droits de l’homme,2,international-organization;rights,0,,2,europe;italy,2,2,FALSE
EVT-0868,Adoption de la Convention de Genève relative au statut des réfugiés,3,international-organization;migration;rights,0,,2,global;switzerland,3,2,FALSE
EVT-0869,Premier essai réussi d’une bombe thermonucléaire américaine,3,science;technology;war,0,,2,marshall-islands;pacific,3,2,FALSE
EVT-0870,Mort de Joseph Staline,1,politics,1,cold-war,2,europe;russia-ussr,1,2,FALSE
EVT-0871,Publication de la structure en double hélice de l’ADN par Watson et Crick,2,medicine;science,0,,2,europe;united-kingdom,2,2,FALSE
EVT-0872,Première ascension confirmée de l’Everest par Hillary et Norgay,2,exploration;sport,0,,2,asia;nepal,2,2,FALSE
EVT-0873,Armistice de Panmunjom mettant fin aux combats de la guerre de Corée,2,diplomacy;war,1,cold-war,2,asia;korea,2,2,FALSE
EVT-0874,Arrêt Brown v. Board of Education aux États-Unis,2,law;rights,0,,2,north-america;usa,2,2,FALSE
EVT-0875,Arrestation de Rosa Parks à Montgomery,2,democracy;rights,0,,2,north-america;usa,2,2,FALSE
EVT-0876,Discours secret de Nikita Khrouchtchev au XXe congrès du PCUS,1,politics,1,cold-war,2,europe;russia-ussr,1,2,FALSE
EVT-0877,Début de l’insurrection de Budapest,1,revolution,1,cold-war,2,europe;hungary,1,2,FALSE
EVT-0878,Indépendance du Ghana,2,decolonization;state-building,0,,2,africa;ghana,2,2,FALSE
EVT-0879,Création de la NASA,3,science;space;state-building,0,,2,north-america;usa,3,2,FALSE
EVT-0880,Massacre de Sharpeville,2,genocide-mass-violence;rights,0,,2,africa;south-africa,2,2,FALSE
EVT-0881,Indépendance du Congo belge,2,decolonization;state-building,0,,2,africa;congo,2,2,FALSE
EVT-0882,Ouverture du concile Vatican II,2,church-state;religion,0,,2,europe;italy,2,2,FALSE
EVT-0883,Signature du traité d’interdiction partielle des essais nucléaires,2,diplomacy;war,1,cold-war,3,global;russia-ussr;usa,2,3,FALSE
EVT-0884,Marche sur Washington et discours « I Have a Dream »,2,democracy;rights,0,,2,north-america;usa,2,2,FALSE
EVT-0885,Promulgation du Civil Rights Act aux États-Unis,2,law;rights,0,,2,north-america;usa,2,2,FALSE
EVT-0886,Promulgation du Voting Rights Act aux États-Unis,3,democracy;law;rights,0,,2,north-america;usa,3,2,FALSE
EVT-0887,Indépendance de Singapour,2,decolonization;state-building,0,,2,asia;singapore,2,2,FALSE
EVT-0888,Début officiel de la Révolution culturelle en Chine,2,politics;revolution,0,,2,asia;china,2,2,FALSE
EVT-0889,Début de la guerre des Six Jours,2,geopolitics;war,0,,2,israel-palestine;middle-east,2,2,FALSE
EVT-0890,Première transplantation cardiaque humaine réussie,2,medicine;science,0,,2,africa;south-africa,2,2,FALSE
EVT-0891,Début de l’offensive du Têt,1,war,1,cold-war,2,asia;vietnam-indochina,1,2,FALSE
EVT-0892,Assassinat de Martin Luther King Jr.,2,politics;rights,0,,2,north-america;usa,2,2,FALSE
EVT-0893,Premiers pas humains sur la Lune lors d’Apollo 11,2,science;space,0,,1,global,2,1,FALSE
EVT-0894,Ouverture du festival de Woodstock,2,art-culture;social-history,0,,2,north-america;usa,2,2,FALSE
EVT-0895,Premier message transmis sur ARPANET,2,media-information;technology,0,,2,north-america;usa,2,2,FALSE
EVT-0896,Proclamation de l’indépendance du Bangladesh,2,decolonization;state-building,0,,2,asia;bangladesh,2,2,FALSE
EVT-0897,Suspension de la convertibilité du dollar en or par Richard Nixon,2,economy;geopolitics,0,,2,global;usa,2,2,FALSE
EVT-0898,La République populaire de Chine obtient le siège chinois à l’ONU,2,geopolitics;international-organization,0,,2,china;global,2,2,FALSE
EVT-0899,Annonce commerciale du microprocesseur Intel 4004,2,science;technology,0,,2,north-america;usa,2,2,FALSE
EVT-0900,Visite de Richard Nixon en Chine,1,diplomacy,1,cold-war,3,asia;china;usa,1,3,FALSE
EVT-0901,Cambriolage du siège démocrate au Watergate,2,law;politics,0,,2,north-america;usa,2,2,FALSE
EVT-0902,Prise d’otages et massacre des Jeux olympiques de Munich,3,genocide-mass-violence;sport;terrorism,0,,2,europe;germany,3,2,FALSE
EVT-0903,Arrêt Roe v. Wade de la Cour suprême des États-Unis,2,law;rights,0,,2,north-america;usa,2,2,FALSE
EVT-0904,Début de la guerre du Kippour,2,geopolitics;war,0,,2,israel-palestine;middle-east,2,2,FALSE
EVT-0905,Début de l’embargo pétrolier arabe contre plusieurs pays occidentaux,2,economy;geopolitics,0,,2,global;middle-east,2,2,FALSE
EVT-0906,Démission de Richard Nixon,2,law;politics,0,,2,north-america;usa,2,2,FALSE
EVT-0907,Fondation de Microsoft,2,economy;technology,0,,2,north-america;usa,2,2,FALSE
EVT-0908,Chute de Saïgon,2,decolonization;war,1,cold-war,2,asia;vietnam-indochina,2,2,FALSE
EVT-0909,Fondation d’Apple Computer,2,economy;technology,0,,2,north-america;usa,2,2,FALSE
EVT-0910,Soulèvement de Soweto,2,revolution;rights,0,,2,africa;south-africa,2,2,FALSE
EVT-0911,Sortie américaine du premier Star Wars,1,art-culture,0,,2,global;usa,1,2,FALSE
EVT-0912,Lancement de Voyager 1,2,science;space,0,,2,global;usa,2,2,FALSE
EVT-0913,"Naissance de Louise Brown, premier bébé conçu par fécondation in vitro",2,medicine;science,0,,2,europe;united-kingdom,2,2,FALSE
EVT-0914,Signature des accords de Camp David,2,diplomacy;geopolitics,0,,2,middle-east;usa,2,2,FALSE
EVT-0915,Début de la guerre Iran-Irak,2,geopolitics;war,0,,3,iran;iraq-mesopotamia;middle-east,2,3,FALSE
EVT-0916,Premier vol de la navette spatiale américaine Columbia,2,science;space,0,,2,global;usa,2,2,FALSE
EVT-0917,Présentation de l’IBM PC,2,economy;technology,0,,2,north-america;usa,2,2,FALSE
EVT-0918,Début de la guerre des Malouines,2,geopolitics;war,0,,3,argentina;atlantic-world;united-kingdom,2,3,FALSE
EVT-0919,Sortie de l’album Thriller de Michael Jackson,1,art-culture,0,,2,global;usa,1,2,FALSE
EVT-0920,Passage d’ARPANET au protocole TCP/IP,2,media-information;technology,0,,2,global;usa,2,2,FALSE
EVT-0921,Lancement commercial du Macintosh,2,economy;technology,0,,2,global;usa,2,2,FALSE
EVT-0922,Catastrophe industrielle de Bhopal,2,environment;industrialization,0,,2,asia;india,2,2,FALSE
EVT-0923,Mikhaïl Gorbatchev devient secrétaire général du PCUS,1,politics,1,cold-war,2,europe;russia-ussr,1,2,FALSE
EVT-0924,Explosion de la navette Challenger,2,science;space,0,,2,global;usa,2,2,FALSE
EVT-0925,Signature du traité INF entre les États-Unis et l’URSS,1,diplomacy,1,cold-war,3,global;russia-ussr;usa,1,3,FALSE
EVT-0926,Début de la Révolution de velours en Tchécoslovaquie,1,revolution,1,cold-war,2,czechia;europe,1,2,FALSE
EVT-0927,Début de la révolution roumaine,1,revolution,1,cold-war,2,europe;romania,1,2,FALSE
EVT-0928,Première page web mise en ligne au CERN,2,media-information;technology,0,,2,global;switzerland,2,2,FALSE
EVT-0929,Début de l’opération Tempête du désert,2,geopolitics;war,0,,2,iraq-mesopotamia;middle-east,2,2,FALSE
EVT-0930,Déclaration d’indépendance de l’Ukraine,1,state-building,0,,2,europe;ukraine,1,2,FALSE
EVT-0931,Reconnaissance internationale de la Bosnie-Herzégovine et début de la guerre de Bosnie,2,state-building;war,0,,2,balkans;europe,2,2,FALSE
EVT-0932,Signature des accords d’Oslo,2,diplomacy;geopolitics,0,,3,israel-palestine;middle-east;usa,2,3,FALSE
EVT-0933,Nelson Mandela devient président de l’Afrique du Sud,3,democracy;politics;rights,0,,2,africa;south-africa,3,2,FALSE
EVT-0934,Création de l’Organisation mondiale du commerce,2,economy;international-organization,0,,2,global;switzerland,2,2,FALSE
EVT-0935,Début du massacre de Srebrenica,2,genocide-mass-violence;war,0,,2,balkans;europe,2,2,FALSE
EVT-0936,Signature des accords de Dayton à Paris,2,diplomacy;war,0,,3,balkans;europe;france,2,3,FALSE
EVT-0937,Annonce de la naissance de la brebis Dolly,2,medicine;science,0,,2,europe;united-kingdom,2,2,FALSE
EVT-0938,Prise de Kaboul par les talibans,2,politics;war,0,,2,afghanistan;asia,2,2,FALSE
EVT-0939,Rétrocession de Hong Kong à la Chine,2,diplomacy;state-building,0,,2,asia;china,2,2,FALSE
EVT-0940,Accord du Vendredi saint en Irlande du Nord,2,diplomacy;rights,0,,2,europe;ireland,2,2,FALSE
EVT-0941,Victoire de la France à la Coupe du monde de football,1,sport,0,,2,france;global,1,2,FALSE
EVT-0942,Adoption du Statut de Rome de la Cour pénale internationale,2,international-organization;law,0,,2,global;italy,2,2,FALSE
EVT-0943,Fondation de Google,2,economy;technology,0,,2,global;usa,2,2,FALSE
EVT-0944,Introduction de l’euro comme monnaie scripturale,2,economy;european-integration,0,,1,europe,2,1,FALSE
EVT-0945,Début de l’intervention de l’OTAN au Kosovo,2,geopolitics;war,0,,2,balkans;europe,2,2,FALSE
EVT-0946,Première session de l’Assemblée générale des Nations Unies,2,diplomacy;international-organization,0,,2,global;united-kingdom,2,2,FALSE
EVT-0947,Indépendance des Philippines vis-à-vis des États-Unis,2,decolonization;state-building,0,,2,asia;philippines,2,2,FALSE
EVT-0948,Signature du GATT,2,diplomacy;economy,0,,2,global;switzerland,2,2,FALSE
EVT-0949,Fondation du Conseil de l’Europe,2,international-organization;rights,0,,2,europe;united-kingdom,2,2,FALSE
EVT-0950,Signature du traité de paix de San Francisco avec le Japon,2,diplomacy;war,0,,3,asia;japan;usa,2,3,FALSE
EVT-0951,Élisabeth II devient reine du Royaume-Uni,1,politics,0,,2,europe;united-kingdom,1,2,FALSE
EVT-0952,Roger Bannister court le premier mile en moins de quatre minutes,1,sport,0,,2,europe;united-kingdom,1,2,FALSE
EVT-0953,Lancement du Grand Bond en avant en Chine,2,economy;politics,0,,2,asia;china,2,2,FALSE
EVT-0954,Victoire du Brésil de Pelé à la Coupe du monde de football,1,sport,0,,2,global;sweden,1,2,FALSE
EVT-0955,Signature du traité sur l’Antarctique,2,diplomacy;environment,0,,2,antarctica;global,2,2,FALSE
EVT-0956,Indépendance de Madagascar,2,decolonization;state-building,0,,2,africa;madagascar,2,2,FALSE
EVT-0957,Fondation de l’OPEP à Bagdad,2,economy;international-organization,0,,2,iraq-mesopotamia;middle-east,2,2,FALSE
EVT-0958,Indépendance du Nigeria,2,decolonization;state-building,0,,2,africa;nigeria,2,2,FALSE
EVT-0959,Investiture de John F. Kennedy,2,democracy;politics,0,,2,north-america;usa,2,2,FALSE
EVT-0960,Création de Medicare et Medicaid aux États-Unis,3,law;medicine;social-history,0,,2,north-america;usa,3,2,FALSE
EVT-0961,Victoire de l’Angleterre à la Coupe du monde de football,1,sport,0,,2,global;united-kingdom,1,2,FALSE
EVT-0962,Fondation de l’ASEAN,2,diplomacy;international-organization,0,,1,asia,2,1,FALSE
EVT-0963,Séparation officielle des Beatles annoncée par Paul McCartney,1,art-culture,0,,2,global;united-kingdom,1,2,FALSE
EVT-0964,Premier Jour de la Terre,2,environment;social-history,0,,2,global;usa,2,2,FALSE
EVT-0965,Le Brésil remporte sa troisième Coupe du monde de football,1,sport,0,,2,global;mexico,1,2,FALSE
EVT-0966,Bobby Fischer devient champion du monde d’échecs,1,sport,0,,2,europe;iceland,1,2,FALSE
EVT-0967,Indépendance du Mozambique,2,decolonization;state-building,0,,2,africa;mozambique,2,2,FALSE
EVT-0968,Indépendance de l’Angola,2,decolonization;state-building,0,,2,africa;angola,2,2,FALSE
EVT-0969,Atterrissage de Viking 1 sur Mars,2,science;space,0,,1,global,2,1,FALSE
EVT-0970,Mise en vente de l’Apple II,2,economy;technology,0,,2,north-america;usa,2,2,FALSE
EVT-0971,Accident nucléaire de Three Mile Island,2,environment;science,0,,2,north-america;usa,2,2,FALSE
EVT-0972,Margaret Thatcher devient Première ministre du Royaume-Uni,1,politics,0,,2,europe;united-kingdom,1,2,FALSE
EVT-0973,Indépendance du Zimbabwe,2,decolonization;state-building,0,,2,africa;zimbabwe,2,2,FALSE
EVT-0974,Lancement de CNN,2,media-information;technology,0,,2,global;usa,2,2,FALSE
EVT-0975,Début de l’invasion israélienne du Liban,2,geopolitics;war,0,,2,israel-palestine;middle-east,2,2,FALSE
EVT-0976,Commercialisation du disque compact au Japon,2,art-culture;technology,0,,2,asia;japan,2,2,FALSE
EVT-0977,Annonce de l’Initiative de défense stratégique par Ronald Reagan,2,technology;war,1,cold-war,2,global;usa,2,2,FALSE
EVT-0978,Annonce de la première ébauche du génome humain,2,medicine;science,0,,3,global;united-kingdom;usa,2,3,FALSE
EVT-0979,Lancement de Wikipédia,3,knowledge;media-information;technology,0,,2,global;usa,3,2,FALSE
EVT-0980,Attentats du 11 septembre aux États-Unis,3,genocide-mass-violence;geopolitics;terrorism,0,,2,north-america;usa,3,2,FALSE
EVT-0981,Début de l’intervention militaire américaine en Afghanistan,2,geopolitics;war,0,,2,afghanistan;asia,2,2,FALSE
EVT-0982,Mise en circulation des billets et pièces en euro,2,economy;european-integration,0,,1,europe,2,1,FALSE
EVT-0983,Entrée en fonction de la Cour pénale internationale,2,international-organization;law,0,,2,global;netherlands,2,2,FALSE
EVT-0984,Début de la guerre d’Irak,2,geopolitics;war,0,,2,iraq-mesopotamia;middle-east,2,2,FALSE
EVT-0985,Annonce de l’achèvement du Projet génome humain,2,medicine;science,0,,1,global,2,1,FALSE
EVT-0986,Fondation de Facebook,3,economy;media-information;technology,0,,2,global;usa,3,2,FALSE
EVT-0987,Grand élargissement de l’Union européenne à dix nouveaux États,2,european-integration;state-building,0,,1,europe,2,1,FALSE
EVT-0988,Séisme et tsunami de l’océan Indien,2,environment;social-history,0,,2,asia;global,2,2,FALSE
EVT-0989,Ouragan Katrina frappe la côte du golfe des États-Unis,2,environment;social-history,0,,2,north-america;usa,2,2,FALSE
EVT-0990,Présentation du premier iPhone par Steve Jobs,2,economy;technology,0,,2,global;usa,2,2,FALSE
EVT-0991,Signature du traité de Lisbonne,2,diplomacy;european-integration,0,,2,europe;portugal,2,2,FALSE
EVT-0992,Faillite de Lehman Brothers,1,economy,0,,2,global;usa,1,2,FALSE
EVT-0993,Publication du livre blanc de Bitcoin,2,economy;technology,0,,1,global,2,1,FALSE
EVT-0994,Élection de Barack Obama à la présidence des États-Unis,2,democracy;politics,0,,2,north-america;usa,2,2,FALSE
EVT-0995,Séisme dévastateur en Haïti,2,environment;social-history,0,,2,caribbean;haiti,2,2,FALSE
EVT-0996,Explosion de Deepwater Horizon,2,economy;environment,0,,2,north-america;usa,2,2,FALSE
EVT-0997,"Immolation de Mohamed Bouazizi, déclencheur des révoltes tunisiennes",2,politics;revolution,0,,2,north-africa;tunisia,2,2,FALSE
EVT-0998,Séisme et accident nucléaire de Fukushima,2,environment;science,0,,2,asia;japan,2,2,FALSE
EVT-0999,Mort d’Oussama ben Laden lors d’une opération américaine,2,geopolitics;terrorism,0,,2,asia;pakistan,2,2,FALSE
EVT-1000,Indépendance du Soudan du Sud,1,state-building,0,,2,africa;south-sudan,1,2,FALSE
EVT-1001,Annonce de la découverte d’une particule compatible avec le boson de Higgs,1,science,0,,2,europe;switzerland,1,2,FALSE
EVT-1002,Élection du pape François,2,politics;religion,0,,2,europe;italy,2,2,FALSE
EVT-1003,Début des révélations publiques d’Edward Snowden,2,geopolitics;media-information,0,,2,global;usa,2,2,FALSE
EVT-1004,Annexion de la Crimée par la Russie,2,borders-territory;geopolitics,0,,3,europe;russia-ussr;ukraine,2,3,FALSE
EVT-1005,Proclamation d’un « califat » par l’organisation État islamique,3,geopolitics;religion;terrorism,0,,2,iraq-mesopotamia;middle-east,3,2,FALSE
EVT-1006,Accord de Vienne sur le programme nucléaire iranien,2,diplomacy;geopolitics,0,,2,iran;middle-east,2,2,FALSE
EVT-1007,Première détection directe d’ondes gravitationnelles par LIGO,1,science,0,,2,global;usa,1,2,FALSE
EVT-1008,Attentats de Paris du 13 novembre,2,genocide-mass-violence;terrorism,0,,2,europe;france,2,2,FALSE
EVT-1009,Référendum britannique sur le Brexit,2,democracy;european-integration,0,,2,europe;united-kingdom,2,2,FALSE
EVT-1010,Élection de Donald Trump à la présidence des États-Unis,2,democracy;politics,0,,2,north-america;usa,2,2,FALSE
EVT-1011,Entrée en application du RGPD dans l’Union européenne,3,law;rights;technology,0,,1,europe,3,1,FALSE
EVT-1012,Victoire de la France à la Coupe du monde de football,1,sport,0,,2,global;russia-ussr,1,2,FALSE
EVT-1013,Publication de la première image d’un trou noir,2,science;space,0,,1,global,2,1,FALSE
EVT-1014,Incendie de la cathédrale Notre-Dame de Paris,2,environment;memory-heritage,0,,2,europe;france,2,2,FALSE
EVT-1015,Signalement à l’OMS d’un groupe de pneumonies inconnues à Wuhan,2,international-organization;medicine,0,,2,china;global,2,2,FALSE
EVT-1016,Retrait du Royaume-Uni de l’Union européenne,2,european-integration;state-building,0,,2,europe;united-kingdom,2,2,FALSE
EVT-1017,L’OMS qualifie la Covid-19 de pandémie,2,international-organization;medicine,0,,1,global,2,1,FALSE
EVT-1018,Mort de George Floyd à Minneapolis,2,rights;social-history,0,,2,north-america;usa,2,2,FALSE
EVT-1019,Première autorisation d’un vaccin à ARNm contre la Covid-19 au Royaume-Uni,2,medicine;science,0,,2,europe;united-kingdom,2,2,FALSE
EVT-1020,Assaut du Capitole des États-Unis,2,democracy;politics,0,,2,north-america;usa,2,2,FALSE
EVT-1021,Prise de Kaboul par les talibans,2,politics;war,0,,2,afghanistan;asia,2,2,FALSE
EVT-1022,Lancement du télescope spatial James-Webb,2,science;space,0,,1,global,2,1,FALSE
EVT-1023,Début de l’invasion à grande échelle de l’Ukraine par la Russie,2,geopolitics;war,0,,3,europe;russia-ussr;ukraine,2,3,FALSE
EVT-1024,Lancement public de ChatGPT,2,knowledge;technology,0,,1,global,2,1,FALSE
EVT-1025,Alunissage de Chandrayaan-3 près du pôle Sud lunaire,2,science;space,0,,2,global;india,2,2,FALSE
EVT-1026,Attaque du Hamas contre Israël et début de la guerre Israël-Hamas,3,geopolitics;terrorism;war,0,,2,israel-palestine;middle-east,3,2,FALSE
EVT-1027,Adoption du règlement européen sur l’intelligence artificielle par le Parlement européen,3,european-integration;law;technology,0,,1,europe,3,1,FALSE
EVT-1028,Vladimir Poutine prend ses fonctions de président de la Russie,1,politics,0,,2,europe;russia-ussr,1,2,FALSE
EVT-1029,Indépendance du Timor oriental,2,decolonization;state-building,0,,2,asia;timor-leste,2,2,FALSE
EVT-1030,Condamnation d’Alfred Dreyfus par un conseil de guerre,2,politics;rights,0,,2,europe;france,2,2,FALSE
EVT-1031,Brevet britannique de Marconi pour la télégraphie sans fil,2,media-information;technology,0,,2,europe;united-kingdom,2,2,FALSE
EVT-1032,Ouverture du premier congrès sioniste à Bâle,2,politics;state-building,0,,2,europe;switzerland,2,2,FALSE
EVT-1033,Ouverture de la première conférence de La Haye,2,diplomacy;international-organization,0,,2,europe;netherlands,2,2,FALSE
EVT-1034,Début de la seconde guerre des Boers,2,colonialism;war,0,,2,africa;south-africa,2,2,FALSE
EVT-1035,Publication de L’Interprétation du rêve de Sigmund Freud,2,knowledge;science,0,,2,austria;europe,2,2,FALSE
EVT-1036,Ouverture des Jeux olympiques de Berlin,2,politics;sport,0,,2,europe;germany,2,2,FALSE
EVT-1037,Abdication d’Édouard VIII,1,politics,0,,2,europe;united-kingdom,1,2,FALSE
EVT-1038,Catastrophe du dirigeable Hindenburg,2,technology;transport,0,,2,north-america;usa,2,2,FALSE
EVT-1039,Découverte des charniers de Katyn par les Allemands annoncée publiquement,2,genocide-mass-violence;war,0,,2,europe;poland,2,2,FALSE
EVT-1040,Publication de travaux établissant le rôle de l’ADN comme support de l’hérédité,2,medicine;science,0,,2,north-america;usa,2,2,FALSE
EVT-1041,Concert Live Aid,2,art-culture;international-organization,0,,3,global;united-kingdom;usa,2,3,FALSE
EVT-1042,Bataille de Megiddo sous Thoutmôsis III,3,battle;empire;war,0,,2,egypt;middle-east,3,2,FALSE
EVT-1043,Début du règne d’Akhenaton et révolution religieuse d’Amarna,2,politics;religion,0,,2,africa;egypt,2,2,FALSE
EVT-1044,Mort de Toutânkhamon,2,art-culture;politics,0,,2,africa;egypt,2,2,FALSE
EVT-1045,Crise des Peuples de la mer à la fin de l’âge du bronze,2,social-history;war,0,,2,mediterranean;middle-east,2,2,FALSE
EVT-1046,Fondation traditionnelle de Carthage,2,colonialism;state-building,0,,2,mediterranean;north-africa,2,2,FALSE
EVT-1047,Prise de Samarie par l’Empire assyrien,2,empire;war,0,,1,middle-east,2,1,FALSE
EVT-1048,Chute de Ninive et effondrement de l’Empire néo-assyrien,2,empire;war,0,,2,iraq-mesopotamia;middle-east,2,2,FALSE
EVT-1049,Prise de Babylone par Cyrus le Grand,2,empire;war,0,,2,iraq-mesopotamia;middle-east,2,2,FALSE
EVT-1050,Conquête de l’Égypte par Cambyse II,2,empire;war,0,,2,egypt;middle-east,2,2,FALSE
EVT-1051,Début de la révolte ionienne contre l’Empire perse,2,revolution;war,0,,2,greece;middle-east,2,2,FALSE
EVT-1052,Début de l’expédition de Sicile d’Athènes,2,battle;war,0,,2,greece;italy,2,2,FALSE
EVT-1053,Procès et mort de Socrate,2,knowledge;politics,0,,2,europe;greece,2,2,FALSE
EVT-1054,Ptolémée Ier prend le titre de pharaon en Égypte,2,politics;state-building,0,,2,egypt;mediterranean,2,2,FALSE
EVT-1055,Début de la guerre de Pyrrhus contre Rome,2,battle;war,0,,2,greece;italy,2,2,FALSE
EVT-1056,Fin de la première guerre punique,2,diplomacy;war,0,,2,italy;north-africa,2,2,FALSE
EVT-1057,Début de la troisième guerre punique,1,war,0,,2,italy;north-africa,1,2,FALSE
EVT-1058,Mort de Tiberius Gracchus et crise politique romaine,2,politics;social-history,0,,2,europe;italy,2,2,FALSE
EVT-1059,Début de la guerre sociale en Italie,2,rights;war,0,,2,europe;italy,2,2,FALSE
EVT-1060,Conquête romaine de la Bretagne sous Claude,2,empire;war,0,,2,europe;united-kingdom,2,2,FALSE
EVT-1061,Révolte de Boadicée contre Rome,2,revolution;war,0,,2,europe;united-kingdom,2,2,FALSE
EVT-1062,Début de la construction du mur d’Hadrien,2,borders-territory;technology,0,,2,europe;united-kingdom,2,2,FALSE
EVT-1063,Début de la peste antonine,2,medicine;social-history,0,,2,europe;mediterranean,2,2,FALSE
EVT-1064,Édit de Caracalla accordant largement la citoyenneté romaine,2,law;rights,0,,2,europe;mediterranean,2,2,FALSE
EVT-1065,Début de la persécution de Dèce contre les chrétiens,2,politics;religion,0,,2,europe;mediterranean,2,2,FALSE
EVT-1066,Accord de Milan sur la liberté de culte dans l’Empire romain,2,religion;rights,0,,2,europe;italy,2,2,FALSE
EVT-1067,Constantinople devient capitale impériale de Constantin,2,empire;state-building,0,,2,europe;turkey-ottoman,2,2,FALSE
EVT-1068,Bataille d’Andrinople et mort de Valens,2,battle;war,0,,2,europe;turkey-ottoman,2,2,FALSE
EVT-1069,Publication du Code de Justinien,2,law;state-building,0,,2,byzantine-empire;europe,2,2,FALSE
EVT-1070,Invasion lombarde de l’Italie,2,migration;war,0,,2,europe;italy,2,2,FALSE
EVT-1071,Héraclius devient empereur byzantin,2,empire;politics,0,,2,byzantine-empire;europe,2,2,FALSE
EVT-1072,Bataille de Poitiers entre Francs et Omeyyades,2,battle;war,0,,2,europe;france,2,2,FALSE
EVT-1073,Pépin le Bref devient roi des Francs,2,politics;state-building,0,,2,europe;france,2,2,FALSE
EVT-1074,Début traditionnel de la dynastie rurikide à Novgorod,2,politics;state-building,0,,2,europe;russia-ussr,2,2,FALSE
EVT-1075,Bataille du Lechfeld contre les Magyars,2,battle;war,0,,2,europe;germany,2,2,FALSE
EVT-1076,Hugues Capet devient roi des Francs,2,politics;state-building,0,,2,europe;france,2,2,FALSE
EVT-1077,Knut le Grand devient roi d’Angleterre,2,politics;state-building,0,,2,europe;united-kingdom,2,2,FALSE
EVT-1078,Grand schisme entre les Églises d’Orient et d’Occident,2,geopolitics;religion,0,,2,europe;mediterranean,2,2,FALSE
EVT-1079,Début de la deuxième croisade,2,religion;war,0,,2,europe;middle-east,2,2,FALSE
EVT-1080,Début de la croisade des Albigeois,2,religion;war,0,,2,europe;france,2,2,FALSE
EVT-1081,Début des conquêtes mongoles en Europe orientale,2,empire;war,0,,2,asia;europe,2,2,FALSE
EVT-1082,Début conventionnel de la guerre de Cent Ans,2,geopolitics;war,0,,2,france;united-kingdom,2,2,FALSE
EVT-1083,Bataille de Poitiers pendant la guerre de Cent Ans,2,battle;war,0,,2,france;united-kingdom,2,2,FALSE
EVT-1084,Début des grandes expéditions maritimes de Zheng He,2,diplomacy;exploration,0,,2,asia;china,2,2,FALSE
EVT-1085,Début de la guerre des Deux-Roses,2,politics;war,0,,2,europe;united-kingdom,2,2,FALSE
EVT-1086,Début des guerres d’Italie,2,geopolitics;war,0,,2,france;italy,2,2,FALSE
EVT-1087,Ismaïl Ier fonde l’Empire safavide en Perse,2,empire;religion,0,,2,iran;middle-east,2,2,FALSE
EVT-1088,Bataille de Flodden entre Angleterre et Écosse,2,battle;war,0,,2,europe;united-kingdom,2,2,FALSE
EVT-1089,Bataille de Mohács et effondrement du royaume médiéval de Hongrie,2,battle;war,0,,2,europe;hungary,2,2,FALSE
EVT-1090,Conquête de l’Empire inca par les Espagnols autour de Cajamarca,2,colonialism;war,0,,2,latin-america;spain,2,2,FALSE
EVT-1091,Union ibérique sous Philippe II,2,empire;politics,0,,2,portugal;spain,2,2,FALSE
EVT-1092,Conspiration des Poudres à Londres,2,politics;religion,0,,2,europe;united-kingdom,2,2,FALSE
EVT-1093,Arrivée du Mayflower à Plymouth,2,colonialism;migration,0,,2,north-america;usa,2,2,FALSE
EVT-1094,Fondation de la colonie de Nouvelle-Néerlande,2,colonialism;state-building,0,,2,north-america;usa,2,2,FALSE
EVT-1095,Procès de Galilée par l’Inquisition,2,religion;science,0,,2,europe;italy,2,2,FALSE
EVT-1096,Début de la guerre de Hollande,2,diplomacy;war,0,,3,europe;france;netherlands,2,3,FALSE
EVT-1097,Échec du second siège ottoman de Vienne,2,battle;war,0,,2,austria;turkey-ottoman,2,2,FALSE
EVT-1098,Traité de Ryswick mettant fin à la guerre de la Ligue d’Augsbourg,2,diplomacy;war,0,,3,europe;france;netherlands,2,3,FALSE
EVT-1099,Éclatement de la bulle des mers du Sud,1,economy,0,,2,europe;united-kingdom,1,2,FALSE
EVT-1100,Proclamation de l’Empire russe sous Pierre le Grand,2,empire;state-building,0,,2,europe;russia-ussr,2,2,FALSE
EVT-1101,Invention de la navette volante par John Kay,2,industrialization;technology,0,,2,europe;united-kingdom,2,2,FALSE
EVT-1102,Début de la guerre de Succession d’Autriche,2,diplomacy;war,0,,2,austria;europe,2,2,FALSE
EVT-1103,Adoption du Stamp Act dans les colonies britanniques d’Amérique,2,colonialism;law,0,,2,united-kingdom;usa,2,2,FALSE
EVT-1104,Victoire franco-américaine à Yorktown,2,battle;war,0,,2,france;usa,2,2,FALSE
EVT-1105,Traité de Paris reconnaissant l’indépendance des États-Unis,2,diplomacy;state-building,0,,2,united-kingdom;usa,2,2,FALSE
EVT-1106,Première élection présidentielle des États-Unis,2,democracy;politics,0,,1,usa,2,1,FALSE
EVT-1107,Début de la révolution haïtienne,2,revolution;slavery,0,,2,caribbean;haiti,2,2,FALSE
EVT-1108,2e élection présidentielle des États-Unis,2,democracy;politics,0,,1,usa,2,1,FALSE
EVT-1109,"Accord du Buttonwood, origine de la Bourse de New York",1,economy,0,,2,north-america;usa,1,2,FALSE
EVT-1110,Première abolition de l’esclavage dans les colonies françaises,2,law;slavery,0,,2,atlantic-world;france,2,2,FALSE
EVT-1111,Première vaccination antivariolique de Jenner,2,medicine;science,0,,2,europe;united-kingdom,2,2,FALSE
EVT-1112,3e élection présidentielle des États-Unis,2,democracy;politics,0,,1,usa,2,1,FALSE
EVT-1113,Début de l’expédition d’Égypte de Bonaparte,2,exploration;war,0,,2,egypt;france,2,2,FALSE
EVT-1114,4e élection présidentielle des États-Unis,2,democracy;politics,0,,1,usa,2,1,FALSE
EVT-1115,Création de la Bibliothèque du Congrès des États-Unis,2,knowledge;state-building,0,,2,north-america;usa,2,2,FALSE
EVT-1116,Acte d’Union entre la Grande-Bretagne et l’Irlande,2,law;state-building,0,,2,ireland;united-kingdom,2,2,FALSE
EVT-1117,5e élection présidentielle des États-Unis,2,democracy;politics,0,,1,usa,2,1,FALSE
EVT-1118,Début de la guerre d’indépendance espagnole,2,revolution;war,0,,2,europe;spain,2,2,FALSE
EVT-1119,6e élection présidentielle des États-Unis,2,democracy;politics,0,,1,usa,2,1,FALSE
EVT-1120,Début des guerres d’indépendance hispano-américaines,2,revolution;state-building,0,,2,latin-america;spain,2,2,FALSE
EVT-1121,Campagne de Russie de Napoléon,2,battle;war,0,,2,france;russia-ussr,2,2,FALSE
EVT-1122,7e élection présidentielle des États-Unis,2,democracy;politics,0,,1,usa,2,1,FALSE
EVT-1123,8e élection présidentielle des États-Unis,2,democracy;politics,0,,1,usa,2,1,FALSE
EVT-1124,9e élection présidentielle des États-Unis,2,democracy;politics,0,,1,usa,2,1,FALSE
EVT-1125,10e élection présidentielle des États-Unis,2,democracy;politics,0,,1,usa,2,1,FALSE
EVT-1126,11e élection présidentielle des États-Unis,2,democracy;politics,0,,1,usa,2,1,FALSE
EVT-1127,Émancipation des catholiques au Royaume-Uni,2,law;rights,0,,2,ireland;united-kingdom,2,2,FALSE
EVT-1128,Indépendance de la Belgique,2,revolution;state-building,0,,2,belgium;europe,2,2,FALSE
EVT-1129,Insurrection polonaise de Novembre écrasée par la Russie,2,revolution;war,0,,2,poland;russia-ussr,2,2,FALSE
EVT-1130,Great Reform Act au Royaume-Uni,2,democracy;law,0,,2,europe;united-kingdom,2,2,FALSE
EVT-1131,12e élection présidentielle des États-Unis,2,democracy;politics,0,,1,usa,2,1,FALSE
EVT-1132,Slavery Abolition Act dans l’Empire britannique,2,law;slavery,0,,2,atlantic-world;united-kingdom,2,2,FALSE
EVT-1133,13e élection présidentielle des États-Unis,2,democracy;politics,0,,1,usa,2,1,FALSE
EVT-1134,Début du règne de la reine Victoria,2,empire;politics,0,,2,europe;united-kingdom,2,2,FALSE
EVT-1135,Arrivée du Great Western à New York après une traversée transatlantique à vapeur,2,technology;transport,0,,2,atlantic-world;usa,2,2,FALSE
EVT-1136,Traité de Waitangi en Nouvelle-Zélande,2,colonialism;diplomacy,0,,2,new-zealand;oceania,2,2,FALSE
EVT-1137,14e élection présidentielle des États-Unis,2,democracy;politics,0,,1,usa,2,1,FALSE
EVT-1138,Publication de A Christmas Carol de Charles Dickens,2,art-culture;knowledge,0,,2,europe;united-kingdom,2,2,FALSE
EVT-1139,15e élection présidentielle des États-Unis,2,democracy;politics,0,,1,usa,2,1,FALSE
EVT-1140,Début de la Grande Famine en Irlande,2,migration;social-history,0,,2,europe;ireland,2,2,FALSE
EVT-1141,Début de la guerre américano-mexicaine,2,borders-territory;war,0,,2,mexico;usa,2,2,FALSE
EVT-1142,16e élection présidentielle des États-Unis,2,democracy;politics,0,,1,usa,2,1,FALSE
EVT-1143,Fin de la ruée vers l’or de Californie comme phénomène déclencheur,2,economy;migration,0,,2,north-america;usa,2,2,FALSE
EVT-1144,Compromis de 1850 aux États-Unis,2,politics;slavery,0,,2,north-america;usa,2,2,FALSE
EVT-1145,Publication de Moby-Dick aux États-Unis,2,art-culture;knowledge,0,,2,north-america;usa,2,2,FALSE
EVT-1146,17e élection présidentielle des États-Unis,2,democracy;politics,0,,1,usa,2,1,FALSE
EVT-1147,Début de la guerre de Crimée,2,geopolitics;war,0,,2,europe;russia-ussr,2,2,FALSE
EVT-1148,Charge de la brigade légère à Balaklava,2,battle;war,0,,2,europe;ukraine,2,2,FALSE
EVT-1149,18e élection présidentielle des États-Unis,2,democracy;politics,0,,1,usa,2,1,FALSE
EVT-1150,Révolte des Cipayes en Inde,2,colonialism;revolution,0,,2,india;united-kingdom,2,2,FALSE
EVT-1151,19e élection présidentielle des États-Unis,2,democracy;politics,0,,1,usa,2,1,FALSE
EVT-1152,Début de la guerre de Sécession américaine,2,slavery;war,0,,2,north-america;usa,2,2,FALSE
EVT-1153,Proclamation préliminaire d’émancipation par Abraham Lincoln,2,law;slavery,0,,2,north-america;usa,2,2,FALSE
EVT-1154,20e élection présidentielle des États-Unis,2,democracy;politics,0,,1,usa,2,1,FALSE
EVT-1155,Compromis austro-hongrois créant la Double Monarchie,2,politics;state-building,0,,2,austria;europe,2,2,FALSE
EVT-1156,21e élection présidentielle des États-Unis,2,democracy;politics,0,,1,usa,2,1,FALSE
EVT-1157,Grand incendie de Chicago,2,environment;urbanization,0,,2,north-america;usa,2,2,FALSE
EVT-1158,22e élection présidentielle des États-Unis,2,democracy;politics,0,,1,usa,2,1,FALSE
EVT-1159,Début de la Grande Dépression du XIXe siècle après le krach de Vienne,2,economy;social-history,0,,2,europe;global,2,2,FALSE
EVT-1160,Invention pratique du téléphone par Alexander Graham Bell,2,science;technology,0,,2,north-america;usa,2,2,FALSE
EVT-1161,23e élection présidentielle des États-Unis,2,democracy;politics,0,,1,usa,2,1,FALSE
EVT-1162,Congrès de Berlin redessinant les Balkans,2,diplomacy;geopolitics,0,,2,balkans;europe,2,2,FALSE
EVT-1163,2e édition des Championnats de Wimbledon,1,sport,0,,2,europe;united-kingdom,1,2,FALSE
EVT-1164,Guerre anglo-zouloue,2,colonialism;war,0,,2,south-africa;united-kingdom,2,2,FALSE
EVT-1165,24e élection présidentielle des États-Unis,2,democracy;politics,0,,1,usa,2,1,FALSE
EVT-1166,4e édition des Championnats de Wimbledon,1,sport,0,,2,europe;united-kingdom,1,2,FALSE
EVT-1167,5e édition des Championnats de Wimbledon,1,sport,0,,2,europe;united-kingdom,1,2,FALSE
EVT-1168,7e édition des Championnats de Wimbledon,1,sport,0,,2,europe;united-kingdom,1,2,FALSE
EVT-1169,25e élection présidentielle des États-Unis,2,democracy;politics,0,,1,usa,2,1,FALSE
EVT-1170,8e édition des Championnats de Wimbledon,1,sport,0,,2,europe;united-kingdom,1,2,FALSE
EVT-1171,Fin de la conférence de Berlin et partage colonial accéléré de l’Afrique,2,colonialism;geopolitics,0,,2,africa;europe,2,2,FALSE
EVT-1172,Première vente de Coca-Cola à Atlanta,2,art-culture;economy,0,,2,north-america;usa,2,2,FALSE
EVT-1173,10e édition des Championnats de Wimbledon,1,sport,0,,2,europe;united-kingdom,1,2,FALSE
EVT-1174,Publication de la langue internationale espéranto,2,art-culture;knowledge,0,,2,europe;poland,2,2,FALSE
EVT-1175,Abolition de l’esclavage au Brésil par la Loi d’or,2,law;slavery,0,,2,brazil;latin-america,2,2,FALSE
EVT-1176,26e élection présidentielle des États-Unis,2,democracy;politics,0,,1,usa,2,1,FALSE
EVT-1177,Brevet de l’appareil photographique Kodak,2,art-culture;technology,0,,2,north-america;usa,2,2,FALSE
EVT-1178,12e édition des Championnats de Wimbledon,1,sport,0,,2,europe;united-kingdom,1,2,FALSE
EVT-1179,13e édition des Championnats de Wimbledon,1,sport,0,,2,europe;united-kingdom,1,2,FALSE
EVT-1180,Début de la construction du Transsibérien,2,technology;transport,0,,2,asia;russia-ussr,2,2,FALSE
EVT-1181,15e édition des Championnats de Wimbledon,1,sport,0,,2,europe;united-kingdom,1,2,FALSE
EVT-1182,27e élection présidentielle des États-Unis,2,democracy;politics,0,,1,usa,2,1,FALSE
EVT-1183,17e édition des Championnats de Wimbledon,1,sport,0,,2,europe;united-kingdom,1,2,FALSE
EVT-1184,Début de la première guerre sino-japonaise,2,geopolitics;war,0,,2,china;japan,2,2,FALSE
EVT-1185,18e édition des Championnats de Wimbledon,1,sport,0,,2,europe;united-kingdom,1,2,FALSE
EVT-1186,Bataille d’Adoua et victoire éthiopienne sur l’Italie,2,colonialism;war,0,,2,ethiopia;italy,2,2,FALSE
EVT-1187,Couronnement de Nicolas II comme tsar de Russie,2,empire;politics,0,,2,europe;russia-ussr,2,2,FALSE
EVT-1188,28e élection présidentielle des États-Unis,2,democracy;politics,0,,1,usa,2,1,FALSE
EVT-1189,20e édition des Championnats de Wimbledon,1,sport,0,,2,europe;united-kingdom,1,2,FALSE
EVT-1190,Jubilé de diamant de la reine Victoria,2,memory-heritage;politics,0,,2,europe;united-kingdom,2,2,FALSE
EVT-1191,21e édition des Championnats de Wimbledon,1,sport,0,,2,europe;united-kingdom,1,2,FALSE
EVT-1192,23e édition des Championnats de Wimbledon,1,sport,0,,2,europe;united-kingdom,1,2,FALSE
EVT-1193,Jeux olympiques d’été de la IIe Olympiade à Paris,1,sport,0,,2,france;global,1,2,FALSE
EVT-1194,29e élection présidentielle des États-Unis,2,democracy;politics,0,,1,usa,2,1,FALSE
EVT-1195,25e édition des Championnats de Wimbledon,1,sport,0,,2,europe;united-kingdom,1,2,FALSE
EVT-1196,26e édition des Championnats de Wimbledon,1,sport,0,,2,europe;united-kingdom,1,2,FALSE
EVT-1197,Jeux olympiques d’été de la IIIe Olympiade à Saint-Louis,1,sport,0,,2,global;usa,1,2,FALSE
EVT-1198,2e édition du Tour de France,1,sport,0,,2,europe;france,1,2,FALSE
EVT-1199,30e élection présidentielle des États-Unis,2,democracy;politics,0,,1,usa,2,1,FALSE
EVT-1200,28e édition des Championnats de Wimbledon,1,sport,0,,2,europe;united-kingdom,1,2,FALSE
EVT-1201,3e édition du Tour de France,1,sport,0,,2,europe;france,1,2,FALSE
EVT-1202,4e édition du Tour de France,1,sport,0,,2,europe;france,1,2,FALSE
EVT-1203,30e édition des Championnats de Wimbledon,1,sport,0,,2,europe;united-kingdom,1,2,FALSE
EVT-1204,31e édition des Championnats de Wimbledon,1,sport,0,,2,europe;united-kingdom,1,2,FALSE
EVT-1205,Jeux olympiques d’été de la IVe Olympiade à Londres,1,sport,0,,2,global;united-kingdom,1,2,FALSE
EVT-1206,6e édition du Tour de France,1,sport,0,,2,europe;france,1,2,FALSE
EVT-1207,31e élection présidentielle des États-Unis,2,democracy;politics,0,,1,usa,2,1,FALSE
EVT-1208,7e édition du Tour de France,1,sport,0,,2,europe;france,1,2,FALSE
EVT-1209,Robert Peary affirme avoir atteint le pôle Nord,1,exploration,0,,2,arctic;global,1,2,FALSE
EVT-1210,33e édition des Championnats de Wimbledon,1,sport,0,,2,europe;united-kingdom,1,2,FALSE
EVT-1211,8e édition du Tour de France,1,sport,0,,2,europe;france,1,2,FALSE
EVT-1212,34e édition des Championnats de Wimbledon,1,sport,0,,2,europe;united-kingdom,1,2,FALSE
EVT-1213,9e édition du Tour de France,1,sport,0,,2,europe;france,1,2,FALSE
EVT-1214,Jeux olympiques d’été de la Ve Olympiade à Stockholm,1,sport,0,,2,global;sweden,1,2,FALSE
EVT-1215,32e élection présidentielle des États-Unis,2,democracy;politics,0,,1,usa,2,1,FALSE
EVT-1216,36e édition des Championnats de Wimbledon,1,sport,0,,2,europe;united-kingdom,1,2,FALSE
EVT-1217,11e édition du Tour de France,1,sport,0,,2,europe;france,1,2,FALSE
EVT-1218,12e édition du Tour de France,1,sport,0,,2,europe;france,1,2,FALSE
EVT-1219,38e édition des Championnats de Wimbledon,1,sport,0,,2,europe;united-kingdom,1,2,FALSE
EVT-1220,33e élection présidentielle des États-Unis,2,democracy;politics,0,,1,usa,2,1,FALSE
EVT-1221,13e édition du Tour de France,1,sport,0,,2,europe;france,1,2,FALSE
EVT-1222,Premier vol transatlantique aller-retour du dirigeable R34 achevé,2,technology;transport,0,,2,atlantic-world;global,2,2,FALSE
EVT-1223,39e édition des Championnats de Wimbledon,1,sport,0,,2,europe;united-kingdom,1,2,FALSE
EVT-1224,Jeux olympiques d’été de la VIIe Olympiade à Anvers,1,sport,0,,2,belgium;global,1,2,FALSE
EVT-1225,14e édition du Tour de France,1,sport,0,,2,europe;france,1,2,FALSE
EVT-1226,34e élection présidentielle des États-Unis,2,democracy;politics,0,,1,usa,2,1,FALSE
EVT-1227,41e édition des Championnats de Wimbledon,1,sport,0,,2,europe;united-kingdom,1,2,FALSE
EVT-1228,16e édition du Tour de France,1,sport,0,,2,europe;france,1,2,FALSE
EVT-1229,42e édition des Championnats de Wimbledon,1,sport,0,,2,europe;united-kingdom,1,2,FALSE
EVT-1230,17e édition du Tour de France,1,sport,0,,2,europe;france,1,2,FALSE
EVT-1231,Jeux olympiques d’été de la VIIIe Olympiade à Paris,1,sport,0,,2,france;global,1,2,FALSE
EVT-1232,18e édition du Tour de France,1,sport,0,,2,europe;france,1,2,FALSE
EVT-1233,35e élection présidentielle des États-Unis,2,democracy;politics,0,,1,usa,2,1,FALSE
EVT-1234,44e édition des Championnats de Wimbledon,1,sport,0,,2,europe;united-kingdom,1,2,FALSE
EVT-1235,19e édition du Tour de France,1,sport,0,,2,europe;france,1,2,FALSE
EVT-1236,Ouverture du procès Scopes sur l’enseignement de l’évolution,3,law;religion;science,0,,2,north-america;usa,3,2,FALSE
EVT-1237,Mise en service officielle de l’U.S. Route 66,2,technology;transport,0,,2,north-america;usa,2,2,FALSE
EVT-1238,46e édition des Championnats de Wimbledon,1,sport,0,,2,europe;united-kingdom,1,2,FALSE
EVT-1239,21e édition du Tour de France,1,sport,0,,2,europe;france,1,2,FALSE
EVT-1240,47e édition des Championnats de Wimbledon,1,sport,0,,2,europe;united-kingdom,1,2,FALSE
EVT-1241,Jeux olympiques d’été de la IXe Olympiade à Amsterdam,1,sport,0,,2,global;netherlands,1,2,FALSE
EVT-1242,22e édition du Tour de France,1,sport,0,,2,europe;france,1,2,FALSE
EVT-1243,36e élection présidentielle des États-Unis,2,democracy;politics,0,,1,usa,2,1,FALSE
EVT-1244,IIe Jeux olympiques d’hiver à Saint-Moritz,1,sport,0,,2,global;switzerland,1,2,FALSE
EVT-1245,1re cérémonie des Oscars,2,art-culture;media-information,0,,2,global;usa,2,2,FALSE
EVT-1246,23e édition du Tour de France,1,sport,0,,2,europe;france,1,2,FALSE
EVT-1247,49e édition des Championnats de Wimbledon,1,sport,0,,2,europe;united-kingdom,1,2,FALSE
EVT-1248,2e cérémonie des Oscars,2,art-culture;media-information,0,,2,global;usa,2,2,FALSE
EVT-1249,24e édition du Tour de France,1,sport,0,,2,europe;france,1,2,FALSE
EVT-1250,3e cérémonie des Oscars,2,art-culture;media-information,0,,2,global;usa,2,2,FALSE
EVT-1251,25e édition du Tour de France,1,sport,0,,2,europe;france,1,2,FALSE
EVT-1252,51e édition des Championnats de Wimbledon,1,sport,0,,2,europe;united-kingdom,1,2,FALSE
EVT-1253,4e cérémonie des Oscars,2,art-culture;media-information,0,,2,global;usa,2,2,FALSE
EVT-1254,Jeux olympiques d’été de la Xe Olympiade à Los Angeles,1,sport,0,,2,global;usa,1,2,FALSE
EVT-1255,37e élection présidentielle des États-Unis,2,democracy;politics,0,,1,usa,2,1,FALSE
EVT-1256,52e édition des Championnats de Wimbledon,1,sport,0,,2,europe;united-kingdom,1,2,FALSE
EVT-1257,IIIe Jeux olympiques d’hiver à Lake Placid,1,sport,0,,2,global;usa,1,2,FALSE
EVT-1258,27e édition du Tour de France,1,sport,0,,2,europe;france,1,2,FALSE
EVT-1259,IIe Coupe du monde de football organisée en Italie,1,sport,0,,2,global;italy,1,2,FALSE
EVT-1260,6e cérémonie des Oscars,2,art-culture;media-information,0,,2,global;usa,2,2,FALSE
EVT-1261,28e édition du Tour de France,1,sport,0,,2,europe;france,1,2,FALSE
EVT-1262,54e édition des Championnats de Wimbledon,1,sport,0,,2,europe;united-kingdom,1,2,FALSE
EVT-1263,7e cérémonie des Oscars,2,art-culture;media-information,0,,2,global;usa,2,2,FALSE
EVT-1264,29e édition du Tour de France,1,sport,0,,2,europe;france,1,2,FALSE
EVT-1265,55e édition des Championnats de Wimbledon,1,sport,0,,2,europe;united-kingdom,1,2,FALSE
EVT-1266,8e cérémonie des Oscars,2,art-culture;media-information,0,,2,global;usa,2,2,FALSE
EVT-1267,30e édition du Tour de France,1,sport,0,,2,europe;france,1,2,FALSE
EVT-1268,38e élection présidentielle des États-Unis,2,democracy;politics,0,,1,usa,2,1,FALSE
EVT-1269,IVe Jeux olympiques d’hiver à Garmisch-Partenkirchen,1,sport,0,,2,germany;global,1,2,FALSE
EVT-1270,9e cérémonie des Oscars,2,art-culture;media-information,0,,2,global;usa,2,2,FALSE
EVT-1271,Disparition d’Amelia Earhart,1,exploration,0,,2,global;pacific,1,2,FALSE
EVT-1272,57e édition des Championnats de Wimbledon,1,sport,0,,2,europe;united-kingdom,1,2,FALSE
EVT-1273,IIIe Coupe du monde de football organisée en France,1,sport,0,,2,france;global,1,2,FALSE
EVT-1274,10e cérémonie des Oscars,2,art-culture;media-information,0,,2,global;usa,2,2,FALSE
EVT-1275,32e édition du Tour de France,1,sport,0,,2,europe;france,1,2,FALSE
EVT-1276,11e cérémonie des Oscars,2,art-culture;media-information,0,,2,global;usa,2,2,FALSE
EVT-1277,33e édition du Tour de France,1,sport,0,,2,europe;france,1,2,FALSE
EVT-1278,59e édition des Championnats de Wimbledon,1,sport,0,,2,europe;united-kingdom,1,2,FALSE
EVT-1279,12e cérémonie des Oscars,2,art-culture;media-information,0,,2,global;usa,2,2,FALSE
EVT-1280,39e élection présidentielle des États-Unis,2,democracy;politics,0,,1,usa,2,1,FALSE
EVT-1281,14e cérémonie des Oscars,2,art-culture;media-information,0,,2,global;usa,2,2,FALSE
EVT-1282,15e cérémonie des Oscars,2,art-culture;media-information,0,,2,global;usa,2,2,FALSE
EVT-1283,1re cérémonie des Golden Globes,2,art-culture;media-information,0,,2,global;usa,2,2,FALSE
EVT-1284,16e cérémonie des Oscars,2,art-culture;media-information,0,,2,global;usa,2,2,FALSE
EVT-1285,40e élection présidentielle des États-Unis,2,democracy;politics,0,,1,usa,2,1,FALSE
EVT-1286,17e cérémonie des Oscars,2,art-culture;media-information,0,,2,global;usa,2,2,FALSE
EVT-1287,3e cérémonie des Golden Globes,2,art-culture;media-information,0,,2,global;usa,2,2,FALSE
EVT-1288,18e cérémonie des Oscars,2,art-culture;media-information,0,,2,global;usa,2,2,FALSE
EVT-1289,60e édition des Championnats de Wimbledon,1,sport,0,,2,europe;united-kingdom,1,2,FALSE
EVT-1290,4e cérémonie des Golden Globes,2,art-culture;media-information,0,,2,global;usa,2,2,FALSE
EVT-1291,19e cérémonie des Oscars,2,art-culture;media-information,0,,2,global;usa,2,2,FALSE
EVT-1292,34e édition du Tour de France,1,sport,0,,2,europe;france,1,2,FALSE
EVT-1293,5e cérémonie des Golden Globes,2,art-culture;media-information,0,,2,global;usa,2,2,FALSE
EVT-1294,20e cérémonie des Oscars,2,art-culture;media-information,0,,2,global;usa,2,2,FALSE
EVT-1295,Jeux olympiques d’été de la XIVe Olympiade à Londres,1,sport,0,,2,global;united-kingdom,1,2,FALSE
EVT-1296,35e édition du Tour de France,1,sport,0,,2,europe;france,1,2,FALSE
EVT-1297,41e élection présidentielle des États-Unis,2,democracy;politics,0,,1,usa,2,1,FALSE
EVT-1298,62e édition des Championnats de Wimbledon,1,sport,0,,2,europe;united-kingdom,1,2,FALSE
EVT-1299,Ve Jeux olympiques d’hiver à Saint-Moritz,1,sport,0,,2,global;switzerland,1,2,FALSE
EVT-1300,1re cérémonie des British Academy Film Awards,2,art-culture;media-information,0,,2,europe;united-kingdom,2,2,FALSE
EVT-1301,2e cérémonie des British Academy Film Awards,2,art-culture;media-information,0,,2,europe;united-kingdom,2,2,FALSE
EVT-1302,IVe Coupe du monde de football organisée en Brésil,1,sport,0,,2,brazil;global,1,2,FALSE
EVT-1303,Saison inaugurale du championnat du monde de Formule 1,2,sport;technology,0,,1,global,2,1,FALSE
EVT-1304,7e cérémonie des Golden Globes,2,art-culture;media-information,0,,2,global;usa,2,2,FALSE
EVT-1305,22e cérémonie des Oscars,2,art-culture;media-information,0,,2,global;usa,2,2,FALSE
EVT-1306,37e édition du Tour de France,1,sport,0,,2,europe;france,1,2,FALSE
EVT-1307,64e édition des Championnats de Wimbledon,1,sport,0,,2,europe;united-kingdom,1,2,FALSE
EVT-1308,1re édition de la Berlinale,2,art-culture;media-information,0,,2,europe;germany,2,2,FALSE
EVT-1309,2e saison du championnat du monde de Formule 1,2,sport;technology,0,,1,global,2,1,FALSE
EVT-1310,23e cérémonie des Oscars,2,art-culture;media-information,0,,2,global;usa,2,2,FALSE
EVT-1311,38e édition du Tour de France,1,sport,0,,2,europe;france,1,2,FALSE
EVT-1312,65e édition des Championnats de Wimbledon,1,sport,0,,2,europe;united-kingdom,1,2,FALSE
EVT-1313,4e cérémonie des British Academy Film Awards,2,art-culture;media-information,0,,2,europe;united-kingdom,2,2,FALSE
EVT-1314,2e édition de la Berlinale,2,art-culture;media-information,0,,2,europe;germany,2,2,FALSE
EVT-1315,9e cérémonie des Golden Globes,2,art-culture;media-information,0,,2,global;usa,2,2,FALSE
EVT-1316,24e cérémonie des Oscars,2,art-culture;media-information,0,,2,global;usa,2,2,FALSE
EVT-1317,Jeux olympiques d’été de la XVe Olympiade à Helsinki,1,sport,0,,2,finland;global,1,2,FALSE
EVT-1318,39e édition du Tour de France,1,sport,0,,2,europe;france,1,2,FALSE
EVT-1319,42e élection présidentielle des États-Unis,2,democracy;politics,0,,1,usa,2,1,FALSE
EVT-1320,VIe Jeux olympiques d’hiver à Oslo,1,sport,0,,2,global;norway,1,2,FALSE
EVT-1321,5e cérémonie des British Academy Film Awards,2,art-culture;media-information,0,,2,europe;united-kingdom,2,2,FALSE
EVT-1322,4e saison du championnat du monde de Formule 1,2,sport;technology,0,,1,global,2,1,FALSE
EVT-1323,10e cérémonie des Golden Globes,2,art-culture;media-information,0,,2,global;usa,2,2,FALSE
EVT-1324,25e cérémonie des Oscars,2,art-culture;media-information,0,,2,global;usa,2,2,FALSE
EVT-1325,40e édition du Tour de France,1,sport,0,,2,europe;france,1,2,FALSE
EVT-1326,67e édition des Championnats de Wimbledon,1,sport,0,,2,europe;united-kingdom,1,2,FALSE
EVT-1327,4e édition de la Berlinale,2,art-culture;media-information,0,,2,europe;germany,2,2,FALSE
EVT-1328,Ve Coupe du monde de football organisée en Suisse,1,sport,0,,2,global;switzerland,1,2,FALSE
EVT-1329,5e saison du championnat du monde de Formule 1,2,sport;technology,0,,1,global,2,1,FALSE
EVT-1330,11e cérémonie des Golden Globes,2,art-culture;media-information,0,,2,global;usa,2,2,FALSE
EVT-1331,26e cérémonie des Oscars,2,art-culture;media-information,0,,2,global;usa,2,2,FALSE
EVT-1332,68e édition des Championnats de Wimbledon,1,sport,0,,2,europe;united-kingdom,1,2,FALSE
EVT-1333,7e cérémonie des British Academy Film Awards,2,art-culture;media-information,0,,2,europe;united-kingdom,2,2,FALSE
EVT-1334,5e édition de la Berlinale,2,art-culture;media-information,0,,2,europe;germany,2,2,FALSE
EVT-1335,6e saison du championnat du monde de Formule 1,2,sport;technology,0,,1,global,2,1,FALSE
EVT-1336,27e cérémonie des Oscars,2,art-culture;media-information,0,,2,global;usa,2,2,FALSE
EVT-1337,42e édition du Tour de France,1,sport,0,,2,europe;france,1,2,FALSE
EVT-1338,Ouverture du parc Disneyland en Californie,2,art-culture;economy,0,,2,north-america;usa,2,2,FALSE
EVT-1339,8e cérémonie des British Academy Film Awards,2,art-culture;media-information,0,,2,europe;united-kingdom,2,2,FALSE
EVT-1340,6e édition de la Berlinale,2,art-culture;media-information,0,,2,europe;germany,2,2,FALSE
EVT-1341,1er Concours Eurovision de la chanson,2,art-culture;media-information,0,,2,europe;global,2,2,FALSE
EVT-1342,7e saison du championnat du monde de Formule 1,2,sport;technology,0,,1,global,2,1,FALSE
EVT-1343,13e cérémonie des Golden Globes,2,art-culture;media-information,0,,2,global;usa,2,2,FALSE
EVT-1344,28e cérémonie des Oscars,2,art-culture;media-information,0,,2,global;usa,2,2,FALSE
EVT-1345,Jeux olympiques d’été de la XVIe Olympiade à Melbourne,1,sport,0,,2,australia;global,1,2,FALSE
EVT-1346,43e édition du Tour de France,1,sport,0,,2,europe;france,1,2,FALSE
EVT-1347,43e élection présidentielle des États-Unis,2,democracy;politics,0,,1,usa,2,1,FALSE
EVT-1348,70e édition des Championnats de Wimbledon,1,sport,0,,2,europe;united-kingdom,1,2,FALSE
EVT-1349,VIIe Jeux olympiques d’hiver à Cortina d’Ampezzo,1,sport,0,,2,global;italy,1,2,FALSE
EVT-1350,9e cérémonie des British Academy Film Awards,2,art-culture;media-information,0,,2,europe;united-kingdom,2,2,FALSE
EVT-1351,2e Concours Eurovision de la chanson,2,art-culture;media-information,0,,2,europe;global,2,2,FALSE
EVT-1352,44e édition du Tour de France,1,sport,0,,2,europe;france,1,2,FALSE
EVT-1353,8e édition de la Berlinale,2,art-culture;media-information,0,,2,europe;germany,2,2,FALSE
EVT-1354,VIe Coupe du monde de football organisée en Suède,1,sport,0,,2,global;sweden,1,2,FALSE
EVT-1355,9e saison du championnat du monde de Formule 1,2,sport;technology,0,,1,global,2,1,FALSE
EVT-1356,15e cérémonie des Golden Globes,2,art-culture;media-information,0,,2,global;usa,2,2,FALSE
EVT-1357,30e cérémonie des Oscars,2,art-culture;media-information,0,,2,global;usa,2,2,FALSE
EVT-1358,45e édition du Tour de France,1,sport,0,,2,europe;france,1,2,FALSE
EVT-1359,72e édition des Championnats de Wimbledon,1,sport,0,,2,europe;united-kingdom,1,2,FALSE
EVT-1360,11e cérémonie des British Academy Film Awards,2,art-culture;media-information,0,,2,europe;united-kingdom,2,2,FALSE
EVT-1361,9e édition de la Berlinale,2,art-culture;media-information,0,,2,europe;germany,2,2,FALSE
EVT-1362,4e Concours Eurovision de la chanson,2,art-culture;media-information,0,,2,europe;global,2,2,FALSE
EVT-1363,10e saison du championnat du monde de Formule 1,2,sport;technology,0,,1,global,2,1,FALSE
EVT-1364,16e cérémonie des Golden Globes,2,art-culture;media-information,0,,2,global;usa,2,2,FALSE
EVT-1365,1re cérémonie des Grammy Awards,2,art-culture;media-information,0,,2,global;usa,2,2,FALSE
EVT-1366,31e cérémonie des Oscars,2,art-culture;media-information,0,,2,global;usa,2,2,FALSE
EVT-1367,46e édition du Tour de France,1,sport,0,,2,europe;france,1,2,FALSE
EVT-1368,73e édition des Championnats de Wimbledon,1,sport,0,,2,europe;united-kingdom,1,2,FALSE
EVT-1369,12e cérémonie des British Academy Film Awards,2,art-culture;media-information,0,,2,europe;united-kingdom,2,2,FALSE
EVT-1370,5e Concours Eurovision de la chanson,2,art-culture;media-information,0,,2,europe;global,2,2,FALSE
EVT-1371,11e saison du championnat du monde de Formule 1,2,sport;technology,0,,1,global,2,1,FALSE
EVT-1372,17e cérémonie des Golden Globes,2,art-culture;media-information,0,,2,global;usa,2,2,FALSE
EVT-1373,2e cérémonie des Grammy Awards,2,art-culture;media-information,0,,2,global;usa,2,2,FALSE
EVT-1374,32e cérémonie des Oscars,2,art-culture;media-information,0,,2,global;usa,2,2,FALSE
EVT-1375,Jeux olympiques d’été de la XVIIe Olympiade à Rome,1,sport,0,,2,global;italy,1,2,FALSE
EVT-1376,Ie Championnat d’Europe de football organisé en France,1,sport,0,,2,europe;france,1,2,FALSE
EVT-1377,44e élection présidentielle des États-Unis,2,democracy;politics,0,,1,usa,2,1,FALSE
EVT-1378,VIIIe Jeux olympiques d’hiver à Squaw Valley,1,sport,0,,2,global;usa,1,2,FALSE
EVT-1379,11e édition de la Berlinale,2,art-culture;media-information,0,,2,europe;germany,2,2,FALSE
EVT-1380,6e Concours Eurovision de la chanson,2,art-culture;media-information,0,,2,europe;global,2,2,FALSE
EVT-1381,12e saison du championnat du monde de Formule 1,2,sport;technology,0,,1,global,2,1,FALSE
EVT-1382,3e cérémonie des Grammy Awards,2,art-culture;media-information,0,,2,global;usa,2,2,FALSE
EVT-1383,33e cérémonie des Oscars,2,art-culture;media-information,0,,2,global;usa,2,2,FALSE
EVT-1384,48e édition du Tour de France,1,sport,0,,2,europe;france,1,2,FALSE
EVT-1385,75e édition des Championnats de Wimbledon,1,sport,0,,2,europe;united-kingdom,1,2,FALSE
EVT-1386,14e cérémonie des British Academy Film Awards,2,art-culture;media-information,0,,2,europe;united-kingdom,2,2,FALSE
EVT-1387,12e édition de la Berlinale,2,art-culture;media-information,0,,2,europe;germany,2,2,FALSE
EVT-1388,7e Concours Eurovision de la chanson,2,art-culture;media-information,0,,2,europe;global,2,2,FALSE
EVT-1389,VIIe Coupe du monde de football organisée en Chili,1,sport,0,,2,chile;global,1,2,FALSE
EVT-1390,19e cérémonie des Golden Globes,2,art-culture;media-information,0,,2,global;usa,2,2,FALSE
EVT-1391,34e cérémonie des Oscars,2,art-culture;media-information,0,,2,global;usa,2,2,FALSE
EVT-1392,49e édition du Tour de France,1,sport,0,,2,europe;france,1,2,FALSE
EVT-1393,76e édition des Championnats de Wimbledon,1,sport,0,,2,europe;united-kingdom,1,2,FALSE
EVT-1394,15e cérémonie des British Academy Film Awards,2,art-culture;media-information,0,,2,europe;united-kingdom,2,2,FALSE
EVT-1395,13e édition de la Berlinale,2,art-culture;media-information,0,,2,europe;germany,2,2,FALSE
EVT-1396,14e saison du championnat du monde de Formule 1,2,sport;technology,0,,1,global,2,1,FALSE
EVT-1397,5e cérémonie des Grammy Awards,2,art-culture;media-information,0,,2,global;usa,2,2,FALSE
EVT-1398,35e cérémonie des Oscars,2,art-culture;media-information,0,,2,global;usa,2,2,FALSE
EVT-1399,50e édition du Tour de France,1,sport,0,,2,europe;france,1,2,FALSE
EVT-1400,16e cérémonie des British Academy Film Awards,2,art-culture;media-information,0,,2,europe;united-kingdom,2,2,FALSE
EVT-1401,9e Concours Eurovision de la chanson,2,art-culture;media-information,0,,2,europe;global,2,2,FALSE
EVT-1402,15e saison du championnat du monde de Formule 1,2,sport;technology,0,,1,global,2,1,FALSE
EVT-1403,21e cérémonie des Golden Globes,2,art-culture;media-information,0,,2,global;usa,2,2,FALSE
EVT-1404,6e cérémonie des Grammy Awards,2,art-culture;media-information,0,,2,global;usa,2,2,FALSE
EVT-1405,36e cérémonie des Oscars,2,art-culture;media-information,0,,2,global;usa,2,2,FALSE
EVT-1406,51e édition du Tour de France,1,sport,0,,2,europe;france,1,2,FALSE
EVT-1407,IIe Championnat d’Europe de football organisé en Espagne,1,sport,0,,2,europe;spain,1,2,FALSE
EVT-1408,45e élection présidentielle des États-Unis,2,democracy;politics,0,,1,usa,2,1,FALSE
EVT-1409,Ouverture des Jeux olympiques de Tokyo,1,sport,0,,2,asia;japan,1,2,FALSE
EVT-1410,78e édition des Championnats de Wimbledon,1,sport,0,,2,europe;united-kingdom,1,2,FALSE
EVT-1411,IXe Jeux olympiques d’hiver à Innsbruck,1,sport,0,,2,austria;global,1,2,FALSE
EVT-1412,15e édition de la Berlinale,2,art-culture;media-information,0,,2,europe;germany,2,2,FALSE
EVT-1413,10e Concours Eurovision de la chanson,2,art-culture;media-information,0,,2,europe;global,2,2,FALSE
EVT-1414,16e saison du championnat du monde de Formule 1,2,sport;technology,0,,1,global,2,1,FALSE
EVT-1415,Élection présidentielle française remportée par Charles de Gaulle,2,democracy;politics,0,,1,france,2,1,FALSE
EVT-1416,22e cérémonie des Golden Globes,2,art-culture;media-information,0,,2,global;usa,2,2,FALSE
EVT-1417,7e cérémonie des Grammy Awards,2,art-culture;media-information,0,,2,global;usa,2,2,FALSE
EVT-1418,18e cérémonie des British Academy Film Awards,2,art-culture;media-information,0,,2,europe;united-kingdom,2,2,FALSE
EVT-1419,16e édition de la Berlinale,2,art-culture;media-information,0,,2,europe;germany,2,2,FALSE
EVT-1420,11e Concours Eurovision de la chanson,2,art-culture;media-information,0,,2,europe;global,2,2,FALSE
EVT-1421,VIIIe Coupe du monde de football organisée en Angleterre,1,sport,0,,2,global;united-kingdom,1,2,FALSE
EVT-1422,23e cérémonie des Golden Globes,2,art-culture;media-information,0,,2,global;usa,2,2,FALSE
EVT-1423,8e cérémonie des Grammy Awards,2,art-culture;media-information,0,,2,global;usa,2,2,FALSE
EVT-1424,38e cérémonie des Oscars,2,art-culture;media-information,0,,2,global;usa,2,2,FALSE
EVT-1425,53e édition du Tour de France,1,sport,0,,2,europe;france,1,2,FALSE
EVT-1426,80e édition des Championnats de Wimbledon,1,sport,0,,2,europe;united-kingdom,1,2,FALSE
EVT-1427,19e cérémonie des British Academy Film Awards,2,art-culture;media-information,0,,2,europe;united-kingdom,2,2,FALSE
EVT-1428,17e édition de la Berlinale,2,art-culture;media-information,0,,2,europe;germany,2,2,FALSE
EVT-1429,12e Concours Eurovision de la chanson,2,art-culture;media-information,0,,2,europe;global,2,2,FALSE
EVT-1430,18e saison du championnat du monde de Formule 1,2,sport;technology,0,,1,global,2,1,FALSE
EVT-1431,39e cérémonie des Oscars,2,art-culture;media-information,0,,2,global;usa,2,2,FALSE
EVT-1432,Super Bowl I,2,media-information;sport,0,,1,usa,2,1,FALSE
EVT-1433,54e édition du Tour de France,1,sport,0,,2,europe;france,1,2,FALSE
EVT-1434,81e édition des Championnats de Wimbledon,1,sport,0,,2,europe;united-kingdom,1,2,FALSE
EVT-1435,19e saison du championnat du monde de Formule 1,2,sport;technology,0,,1,global,2,1,FALSE
EVT-1436,25e cérémonie des Golden Globes,2,art-culture;media-information,0,,2,global;usa,2,2,FALSE
EVT-1437,10e cérémonie des Grammy Awards,2,art-culture;media-information,0,,2,global;usa,2,2,FALSE
EVT-1438,40e cérémonie des Oscars,2,art-culture;media-information,0,,2,global;usa,2,2,FALSE
EVT-1439,Jeux olympiques d’été de la XIXe Olympiade à Mexico,1,sport,0,,2,global;mexico,1,2,FALSE
EVT-1440,Super Bowl II,2,media-information;sport,0,,1,usa,2,1,FALSE
EVT-1441,55e édition du Tour de France,1,sport,0,,2,europe;france,1,2,FALSE
EVT-1442,IIIe Championnat d’Europe de football organisé en Italie,1,sport,0,,2,europe;italy,1,2,FALSE
EVT-1443,46e élection présidentielle des États-Unis,2,democracy;politics,0,,1,usa,2,1,FALSE
EVT-1444,Dick Fosbury remporte l’or olympique au saut en hauteur avec sa technique révolutionnaire,1,sport,0,,2,global;mexico,1,2,FALSE
EVT-1445,Xe Jeux olympiques d’hiver à Grenoble,1,sport,0,,2,france;global,1,2,FALSE
EVT-1446,21e cérémonie des British Academy Film Awards,2,art-culture;media-information,0,,2,europe;united-kingdom,2,2,FALSE
EVT-1447,19e édition de la Berlinale,2,art-culture;media-information,0,,2,europe;germany,2,2,FALSE
EVT-1448,14e Concours Eurovision de la chanson,2,art-culture;media-information,0,,2,europe;global,2,2,FALSE
EVT-1449,20e saison du championnat du monde de Formule 1,2,sport;technology,0,,1,global,2,1,FALSE
EVT-1450,Élection présidentielle française remportée par Georges Pompidou,2,democracy;politics,0,,1,france,2,1,FALSE
EVT-1451,11e cérémonie des Grammy Awards,2,art-culture;media-information,0,,2,global;usa,2,2,FALSE
EVT-1452,41e cérémonie des Oscars,2,art-culture;media-information,0,,2,global;usa,2,2,FALSE
EVT-1453,56e édition du Tour de France,1,sport,0,,2,europe;france,1,2,FALSE
EVT-1454,83e édition des Championnats de Wimbledon,1,sport,0,,2,europe;united-kingdom,1,2,FALSE
EVT-1455,22e cérémonie des British Academy Film Awards,2,art-culture;media-information,0,,2,europe;united-kingdom,2,2,FALSE
EVT-1456,20e édition de la Berlinale,2,art-culture;media-information,0,,2,europe;germany,2,2,FALSE
EVT-1457,15e Concours Eurovision de la chanson,2,art-culture;media-information,0,,2,europe;global,2,2,FALSE
EVT-1458,IXe Coupe du monde de football organisée en Mexique,1,sport,0,,2,global;mexico,1,2,FALSE
EVT-1459,21e saison du championnat du monde de Formule 1,2,sport;technology,0,,1,global,2,1,FALSE
EVT-1460,27e cérémonie des Golden Globes,2,art-culture;media-information,0,,2,global;usa,2,2,FALSE
EVT-1461,12e cérémonie des Grammy Awards,2,art-culture;media-information,0,,2,global;usa,2,2,FALSE
EVT-1462,42e cérémonie des Oscars,2,art-culture;media-information,0,,2,global;usa,2,2,FALSE
EVT-1463,Super Bowl IV,2,media-information;sport,0,,1,usa,2,1,FALSE
EVT-1464,16e Concours Eurovision de la chanson,2,art-culture;media-information,0,,2,europe;global,2,2,FALSE
EVT-1465,28e cérémonie des Golden Globes,2,art-culture;media-information,0,,2,global;usa,2,2,FALSE
EVT-1466,13e cérémonie des Grammy Awards,2,art-culture;media-information,0,,2,global;usa,2,2,FALSE
EVT-1467,43e cérémonie des Oscars,2,art-culture;media-information,0,,2,global;usa,2,2,FALSE
EVT-1468,Super Bowl V,2,media-information;sport,0,,1,usa,2,1,FALSE
EVT-1469,58e édition du Tour de France,1,sport,0,,2,europe;france,1,2,FALSE
EVT-1470,85e édition des Championnats de Wimbledon,1,sport,0,,2,europe;united-kingdom,1,2,FALSE
EVT-1471,24e cérémonie des British Academy Film Awards,2,art-culture;media-information,0,,2,europe;united-kingdom,2,2,FALSE
EVT-1472,22e édition de la Berlinale,2,art-culture;media-information,0,,2,europe;germany,2,2,FALSE
EVT-1473,17e Concours Eurovision de la chanson,2,art-culture;media-information,0,,2,europe;global,2,2,FALSE
EVT-1474,23e saison du championnat du monde de Formule 1,2,sport;technology,0,,1,global,2,1,FALSE
EVT-1475,29e cérémonie des Golden Globes,2,art-culture;media-information,0,,2,global;usa,2,2,FALSE
EVT-1476,14e cérémonie des Grammy Awards,2,art-culture;media-information,0,,2,global;usa,2,2,FALSE
EVT-1477,44e cérémonie des Oscars,2,art-culture;media-information,0,,2,global;usa,2,2,FALSE
EVT-1478,Jeux olympiques d’été de la XXe Olympiade à Munich,1,sport,0,,2,germany;global,1,2,FALSE
EVT-1479,59e édition du Tour de France,1,sport,0,,2,europe;france,1,2,FALSE
EVT-1480,IVe Championnat d’Europe de football organisé en Belgique,1,sport,0,,2,belgium;europe,1,2,FALSE
EVT-1481,47e élection présidentielle des États-Unis,2,democracy;politics,0,,1,usa,2,1,FALSE
EVT-1482,86e édition des Championnats de Wimbledon,1,sport,0,,2,europe;united-kingdom,1,2,FALSE
EVT-1483,XIe Jeux olympiques d’hiver à Sapporo,1,sport,0,,2,global;japan,1,2,FALSE
EVT-1484,25e cérémonie des British Academy Film Awards,2,art-culture;media-information,0,,2,europe;united-kingdom,2,2,FALSE
EVT-1485,23e édition de la Berlinale,2,art-culture;media-information,0,,2,europe;germany,2,2,FALSE
EVT-1486,24e saison du championnat du monde de Formule 1,2,sport;technology,0,,1,global,2,1,FALSE
EVT-1487,Super Bowl VII,2,media-information;sport,0,,1,usa,2,1,FALSE
EVT-1488,60e édition du Tour de France,1,sport,0,,2,europe;france,1,2,FALSE
EVT-1489,26e cérémonie des British Academy Film Awards,2,art-culture;media-information,0,,2,europe;united-kingdom,2,2,FALSE
EVT-1490,24e édition de la Berlinale,2,art-culture;media-information,0,,2,europe;germany,2,2,FALSE
EVT-1491,19e Concours Eurovision de la chanson,2,art-culture;media-information,0,,2,europe;global,2,2,FALSE
EVT-1492,Xe Coupe du monde de football organisée en Allemagne de l’Ouest,1,sport,0,,2,germany;global,1,2,FALSE
EVT-1493,25e saison du championnat du monde de Formule 1,2,sport;technology,0,,1,global,2,1,FALSE
EVT-1494,Élection présidentielle française remportée par Valéry Giscard d’Estaing,2,democracy;politics,0,,1,france,2,1,FALSE
EVT-1495,31e cérémonie des Golden Globes,2,art-culture;media-information,0,,2,global;usa,2,2,FALSE
EVT-1496,16e cérémonie des Grammy Awards,2,art-culture;media-information,0,,2,global;usa,2,2,FALSE
EVT-1497,46e cérémonie des Oscars,2,art-culture;media-information,0,,2,global;usa,2,2,FALSE
EVT-1498,Super Bowl VIII,2,media-information;sport,0,,1,usa,2,1,FALSE
EVT-1499,61e édition du Tour de France,1,sport,0,,2,europe;france,1,2,FALSE
EVT-1500,88e édition des Championnats de Wimbledon,1,sport,0,,2,europe;united-kingdom,1,2,FALSE
EVT-1501,20e Concours Eurovision de la chanson,2,art-culture;media-information,0,,2,europe;global,2,2,FALSE
EVT-1502,26e saison du championnat du monde de Formule 1,2,sport;technology,0,,1,global,2,1,FALSE
EVT-1503,17e cérémonie des Grammy Awards,2,art-culture;media-information,0,,2,global;usa,2,2,FALSE
EVT-1504,47e cérémonie des Oscars,2,art-culture;media-information,0,,2,global;usa,2,2,FALSE
EVT-1505,89e édition des Championnats de Wimbledon,1,sport,0,,2,europe;united-kingdom,1,2,FALSE
EVT-1506,28e cérémonie des British Academy Film Awards,2,art-culture;media-information,0,,2,europe;united-kingdom,2,2,FALSE
EVT-1507,26e édition de la Berlinale,2,art-culture;media-information,0,,2,europe;germany,2,2,FALSE
EVT-1508,1re cérémonie des César,2,art-culture;media-information,0,,1,france,2,1,FALSE
EVT-1509,21e Concours Eurovision de la chanson,2,art-culture;media-information,0,,2,europe;global,2,2,FALSE
EVT-1510,33e cérémonie des Golden Globes,2,art-culture;media-information,0,,2,global;usa,2,2,FALSE
EVT-1511,18e cérémonie des Grammy Awards,2,art-culture;media-information,0,,2,global;usa,2,2,FALSE
EVT-1512,48e cérémonie des Oscars,2,art-culture;media-information,0,,2,global;usa,2,2,FALSE
EVT-1513,Jeux olympiques d’été de la XXIe Olympiade à Montréal,1,sport,0,,2,canada;global,1,2,FALSE
EVT-1514,Super Bowl X,2,media-information;sport,0,,1,usa,2,1,FALSE
EVT-1515,63e édition du Tour de France,1,sport,0,,2,europe;france,1,2,FALSE
EVT-1516,Ve Championnat d’Europe de football organisé en Yougoslavie,1,sport,0,,2,balkans;europe,1,2,FALSE
EVT-1517,48e élection présidentielle des États-Unis,2,democracy;politics,0,,1,usa,2,1,FALSE
EVT-1518,XIIe Jeux olympiques d’hiver à Innsbruck,1,sport,0,,2,austria;global,1,2,FALSE
EVT-1519,29e cérémonie des British Academy Film Awards,2,art-culture;media-information,0,,2,europe;united-kingdom,2,2,FALSE
EVT-1520,27e édition de la Berlinale,2,art-culture;media-information,0,,2,europe;germany,2,2,FALSE
EVT-1521,2e cérémonie des César,2,art-culture;media-information,0,,1,france,2,1,FALSE
EVT-1522,22e Concours Eurovision de la chanson,2,art-culture;media-information,0,,2,europe;global,2,2,FALSE
EVT-1523,28e saison du championnat du monde de Formule 1,2,sport;technology,0,,1,global,2,1,FALSE
EVT-1524,34e cérémonie des Golden Globes,2,art-culture;media-information,0,,2,global;usa,2,2,FALSE
EVT-1525,19e cérémonie des Grammy Awards,2,art-culture;media-information,0,,2,global;usa,2,2,FALSE
EVT-1526,49e cérémonie des Oscars,2,art-culture;media-information,0,,2,global;usa,2,2,FALSE
EVT-1527,Super Bowl XI,2,media-information;sport,0,,1,usa,2,1,FALSE
EVT-1528,64e édition du Tour de France,1,sport,0,,2,europe;france,1,2,FALSE
EVT-1529,91e édition des Championnats de Wimbledon,1,sport,0,,2,europe;united-kingdom,1,2,FALSE
EVT-1530,28e édition de la Berlinale,2,art-culture;media-information,0,,2,europe;germany,2,2,FALSE
EVT-1531,XIe Coupe du monde de football organisée en Argentine,1,sport,0,,2,argentina;global,1,2,FALSE
EVT-1532,29e saison du championnat du monde de Formule 1,2,sport;technology,0,,1,global,2,1,FALSE
EVT-1533,35e cérémonie des Golden Globes,2,art-culture;media-information,0,,2,global;usa,2,2,FALSE
EVT-1534,50e cérémonie des Oscars,2,art-culture;media-information,0,,2,global;usa,2,2,FALSE
EVT-1535,65e édition du Tour de France,1,sport,0,,2,europe;france,1,2,FALSE
EVT-1536,31e cérémonie des British Academy Film Awards,2,art-culture;media-information,0,,2,europe;united-kingdom,2,2,FALSE
EVT-1537,4e cérémonie des César,2,art-culture;media-information,0,,1,france,2,1,FALSE
EVT-1538,24e Concours Eurovision de la chanson,2,art-culture;media-information,0,,2,europe;global,2,2,FALSE
EVT-1539,30e saison du championnat du monde de Formule 1,2,sport;technology,0,,1,global,2,1,FALSE
EVT-1540,21e cérémonie des Grammy Awards,2,art-culture;media-information,0,,2,global;usa,2,2,FALSE
EVT-1541,51e cérémonie des Oscars,2,art-culture;media-information,0,,2,global;usa,2,2,FALSE
EVT-1542,Super Bowl XIII,2,media-information;sport,0,,1,usa,2,1,FALSE
EVT-1543,66e édition du Tour de France,1,sport,0,,2,europe;france,1,2,FALSE
EVT-1544,93e édition des Championnats de Wimbledon,1,sport,0,,2,europe;united-kingdom,1,2,FALSE
EVT-1545,32e cérémonie des British Academy Film Awards,2,art-culture;media-information,0,,2,europe;united-kingdom,2,2,FALSE
EVT-1546,30e édition de la Berlinale,2,art-culture;media-information,0,,2,europe;germany,2,2,FALSE
EVT-1547,5e cérémonie des César,2,art-culture;media-information,0,,1,france,2,1,FALSE
EVT-1548,25e Concours Eurovision de la chanson,2,art-culture;media-information,0,,2,europe;global,2,2,FALSE
EVT-1549,37e cérémonie des Golden Globes,2,art-culture;media-information,0,,2,global;usa,2,2,FALSE
EVT-1550,22e cérémonie des Grammy Awards,2,art-culture;media-information,0,,2,global;usa,2,2,FALSE
EVT-1551,52e cérémonie des Oscars,2,art-culture;media-information,0,,2,global;usa,2,2,FALSE
EVT-1552,Jeux olympiques d’été de la XXIIe Olympiade à Moscou,1,sport,0,,2,global;russia-ussr,1,2,FALSE
EVT-1553,Super Bowl XIV,2,media-information;sport,0,,1,usa,2,1,FALSE
EVT-1554,VIe Championnat d’Europe de football organisé en Italie,1,sport,0,,2,europe;italy,1,2,FALSE
EVT-1555,49e élection présidentielle des États-Unis,2,democracy;politics,0,,1,usa,2,1,FALSE
EVT-1556,94e édition des Championnats de Wimbledon,1,sport,0,,2,europe;united-kingdom,1,2,FALSE
EVT-1557,XIIIe Jeux olympiques d’hiver à Lake Placid,1,sport,0,,2,global;usa,1,2,FALSE
EVT-1558,33e cérémonie des British Academy Film Awards,2,art-culture;media-information,0,,2,europe;united-kingdom,2,2,FALSE
EVT-1559,31e édition de la Berlinale,2,art-culture;media-information,0,,2,europe;germany,2,2,FALSE
EVT-1560,6e cérémonie des César,2,art-culture;media-information,0,,1,france,2,1,FALSE
EVT-1561,26e Concours Eurovision de la chanson,2,art-culture;media-information,0,,2,europe;global,2,2,FALSE
EVT-1562,32e saison du championnat du monde de Formule 1,2,sport;technology,0,,1,global,2,1,FALSE
EVT-1563,23e cérémonie des Grammy Awards,2,art-culture;media-information,0,,2,global;usa,2,2,FALSE
EVT-1564,68e édition du Tour de France,1,sport,0,,2,europe;france,1,2,FALSE
EVT-1565,7e cérémonie des César,2,art-culture;media-information,0,,1,france,2,1,FALSE
EVT-1566,27e Concours Eurovision de la chanson,2,art-culture;media-information,0,,2,europe;global,2,2,FALSE
EVT-1567,XIIe Coupe du monde de football organisée en Espagne,1,sport,0,,2,global;spain,1,2,FALSE
EVT-1568,33e saison du championnat du monde de Formule 1,2,sport;technology,0,,1,global,2,1,FALSE
EVT-1569,39e cérémonie des Golden Globes,2,art-culture;media-information,0,,2,global;usa,2,2,FALSE
EVT-1570,24e cérémonie des Grammy Awards,2,art-culture;media-information,0,,2,global;usa,2,2,FALSE
EVT-1571,54e cérémonie des Oscars,2,art-culture;media-information,0,,2,global;usa,2,2,FALSE
EVT-1572,Super Bowl XVI,2,media-information;sport,0,,1,usa,2,1,FALSE
EVT-1573,69e édition du Tour de France,1,sport,0,,2,europe;france,1,2,FALSE
EVT-1574,96e édition des Championnats de Wimbledon,1,sport,0,,2,europe;united-kingdom,1,2,FALSE
EVT-1575,35e cérémonie des British Academy Film Awards,2,art-culture;media-information,0,,2,europe;united-kingdom,2,2,FALSE
EVT-1576,33e édition de la Berlinale,2,art-culture;media-information,0,,2,europe;germany,2,2,FALSE
EVT-1577,34e saison du championnat du monde de Formule 1,2,sport;technology,0,,1,global,2,1,FALSE
EVT-1578,40e cérémonie des Golden Globes,2,art-culture;media-information,0,,2,global;usa,2,2,FALSE
EVT-1579,25e cérémonie des Grammy Awards,2,art-culture;media-information,0,,2,global;usa,2,2,FALSE
EVT-1580,55e cérémonie des Oscars,2,art-culture;media-information,0,,2,global;usa,2,2,FALSE
EVT-1581,Super Bowl XVII,2,media-information;sport,0,,1,usa,2,1,FALSE
EVT-1582,70e édition du Tour de France,1,sport,0,,2,europe;france,1,2,FALSE
EVT-1583,36e cérémonie des British Academy Film Awards,2,art-culture;media-information,0,,2,europe;united-kingdom,2,2,FALSE
EVT-1584,34e édition de la Berlinale,2,art-culture;media-information,0,,2,europe;germany,2,2,FALSE
EVT-1585,9e cérémonie des César,2,art-culture;media-information,0,,1,france,2,1,FALSE
EVT-1586,29e Concours Eurovision de la chanson,2,art-culture;media-information,0,,2,europe;global,2,2,FALSE
EVT-1587,35e saison du championnat du monde de Formule 1,2,sport;technology,0,,1,global,2,1,FALSE
EVT-1588,41e cérémonie des Golden Globes,2,art-culture;media-information,0,,2,global;usa,2,2,FALSE
EVT-1589,56e cérémonie des Oscars,2,art-culture;media-information,0,,2,global;usa,2,2,FALSE
EVT-1590,Jeux olympiques d’été de la XXIIIe Olympiade à Los Angeles,1,sport,0,,2,global;usa,1,2,FALSE
EVT-1591,71e édition du Tour de France,1,sport,0,,2,europe;france,1,2,FALSE
EVT-1592,VIIe Championnat d’Europe de football organisé en France,1,sport,0,,2,europe;france,1,2,FALSE
EVT-1593,50e élection présidentielle des États-Unis,2,democracy;politics,0,,1,usa,2,1,FALSE
EVT-1594,98e édition des Championnats de Wimbledon,1,sport,0,,2,europe;united-kingdom,1,2,FALSE
EVT-1595,XIVe Jeux olympiques d’hiver à Sarajevo,1,sport,0,,2,balkans;global,1,2,FALSE
EVT-1596,35e édition de la Berlinale,2,art-culture;media-information,0,,2,europe;germany,2,2,FALSE
EVT-1597,10e cérémonie des César,2,art-culture;media-information,0,,1,france,2,1,FALSE
EVT-1598,30e Concours Eurovision de la chanson,2,art-culture;media-information,0,,2,europe;global,2,2,FALSE
EVT-1599,27e cérémonie des Grammy Awards,2,art-culture;media-information,0,,2,global;usa,2,2,FALSE
EVT-1600,57e cérémonie des Oscars,2,art-culture;media-information,0,,2,global;usa,2,2,FALSE
EVT-1601,Super Bowl XIX,2,media-information;sport,0,,1,usa,2,1,FALSE
EVT-1602,72e édition du Tour de France,1,sport,0,,2,europe;france,1,2,FALSE
EVT-1603,99e édition des Championnats de Wimbledon,1,sport,0,,2,europe;united-kingdom,1,2,FALSE
EVT-1604,38e cérémonie des British Academy Film Awards,2,art-culture;media-information,0,,2,europe;united-kingdom,2,2,FALSE
EVT-1605,11e cérémonie des César,2,art-culture;media-information,0,,1,france,2,1,FALSE
EVT-1606,31e Concours Eurovision de la chanson,2,art-culture;media-information,0,,2,europe;global,2,2,FALSE
EVT-1607,XIIIe Coupe du monde de football organisée en Mexique,1,sport,0,,2,global;mexico,1,2,FALSE
EVT-1608,37e saison du championnat du monde de Formule 1,2,sport;technology,0,,1,global,2,1,FALSE
EVT-1609,43e cérémonie des Golden Globes,2,art-culture;media-information,0,,2,global;usa,2,2,FALSE
EVT-1610,28e cérémonie des Grammy Awards,2,art-culture;media-information,0,,2,global;usa,2,2,FALSE
EVT-1611,58e cérémonie des Oscars,2,art-culture;media-information,0,,2,global;usa,2,2,FALSE
EVT-1612,Super Bowl XX,2,media-information;sport,0,,1,usa,2,1,FALSE
EVT-1613,Big Bang de la place financière de Londres,1,economy,0,,2,europe;united-kingdom,1,2,FALSE
EVT-1614,Signature de l’Acte unique européen,2,diplomacy;european-integration,0,,1,europe,2,1,FALSE
EVT-1615,39e cérémonie des British Academy Film Awards,2,art-culture;media-information,0,,2,europe;united-kingdom,2,2,FALSE
EVT-1616,37e édition de la Berlinale,2,art-culture;media-information,0,,2,europe;germany,2,2,FALSE
EVT-1617,32e Concours Eurovision de la chanson,2,art-culture;media-information,0,,2,europe;global,2,2,FALSE
EVT-1618,38e saison du championnat du monde de Formule 1,2,sport;technology,0,,1,global,2,1,FALSE
EVT-1619,29e cérémonie des Grammy Awards,2,art-culture;media-information,0,,2,global;usa,2,2,FALSE
EVT-1620,59e cérémonie des Oscars,2,art-culture;media-information,0,,2,global;usa,2,2,FALSE
EVT-1621,Ie Coupe du monde de rugby organisée en Nouvelle-Zélande et Australie,1,sport,0,,2,global;new-zealand,1,2,FALSE
EVT-1622,74e édition du Tour de France,1,sport,0,,2,europe;france,1,2,FALSE
EVT-1623,Krach boursier du Black Monday,1,economy,0,,1,global,1,1,FALSE
EVT-1624,101e édition des Championnats de Wimbledon,1,sport,0,,2,europe;united-kingdom,1,2,FALSE
EVT-1625,40e cérémonie des British Academy Film Awards,2,art-culture;media-information,0,,2,europe;united-kingdom,2,2,FALSE
EVT-1626,38e édition de la Berlinale,2,art-culture;media-information,0,,2,europe;germany,2,2,FALSE
EVT-1627,13e cérémonie des César,2,art-culture;media-information,0,,1,france,2,1,FALSE
EVT-1628,39e saison du championnat du monde de Formule 1,2,sport;technology,0,,1,global,2,1,FALSE
EVT-1629,Élection présidentielle française remportée par François Mitterrand,2,democracy;politics,0,,1,france,2,1,FALSE
EVT-1630,45e cérémonie des Golden Globes,2,art-culture;media-information,0,,2,global;usa,2,2,FALSE
EVT-1631,30e cérémonie des Grammy Awards,2,art-culture;media-information,0,,2,global;usa,2,2,FALSE
EVT-1632,60e cérémonie des Oscars,2,art-culture;media-information,0,,2,global;usa,2,2,FALSE
EVT-1633,Jeux olympiques d’été de la XXIVe Olympiade à Séoul,1,sport,0,,2,global;korea,1,2,FALSE
EVT-1634,Super Bowl XXII,2,media-information;sport,0,,1,usa,2,1,FALSE
EVT-1635,75e édition du Tour de France,1,sport,0,,2,europe;france,1,2,FALSE
EVT-1636,VIIIe Championnat d’Europe de football organisé en Allemagne de l’Ouest,1,sport,0,,2,europe;germany,1,2,FALSE
EVT-1637,51e élection présidentielle des États-Unis,2,democracy;politics,0,,1,usa,2,1,FALSE
EVT-1638,Attentat contre le vol Pan Am 103 à Lockerbie,2,genocide-mass-violence;terrorism,0,,2,europe;united-kingdom,2,2,FALSE
EVT-1639,Entrée en vigueur du cessez-le-feu mettant fin à la guerre Iran-Irak,2,diplomacy;war,0,,3,iran;iraq-mesopotamia;middle-east,2,3,FALSE
EVT-1640,102e édition des Championnats de Wimbledon,1,sport,0,,2,europe;united-kingdom,1,2,FALSE
EVT-1641,XVe Jeux olympiques d’hiver à Calgary,1,sport,0,,2,canada;global,1,2,FALSE
EVT-1642,39e édition de la Berlinale,2,art-culture;media-information,0,,2,europe;germany,2,2,FALSE
EVT-1643,14e cérémonie des César,2,art-culture;media-information,0,,1,france,2,1,FALSE
EVT-1644,34e Concours Eurovision de la chanson,2,art-culture;media-information,0,,2,europe;global,2,2,FALSE
EVT-1645,40e saison du championnat du monde de Formule 1,2,sport;technology,0,,1,global,2,1,FALSE
EVT-1646,46e cérémonie des Golden Globes,2,art-culture;media-information,0,,2,global;usa,2,2,FALSE
EVT-1647,Super Bowl XXIII,2,media-information;sport,0,,1,usa,2,1,FALSE
EVT-1648,76e édition du Tour de France,1,sport,0,,2,europe;france,1,2,FALSE
EVT-1649,42e cérémonie des British Academy Film Awards,2,art-culture;media-information,0,,2,europe;united-kingdom,2,2,FALSE
EVT-1650,15e cérémonie des César,2,art-culture;media-information,0,,1,france,2,1,FALSE
EVT-1651,35e Concours Eurovision de la chanson,2,art-culture;media-information,0,,2,europe;global,2,2,FALSE
EVT-1652,XIVe Coupe du monde de football organisée en Italie,1,sport,0,,2,global;italy,1,2,FALSE
EVT-1653,47e cérémonie des Golden Globes,2,art-culture;media-information,0,,2,global;usa,2,2,FALSE
EVT-1654,32e cérémonie des Grammy Awards,2,art-culture;media-information,0,,2,global;usa,2,2,FALSE
EVT-1655,62e cérémonie des Oscars,2,art-culture;media-information,0,,2,global;usa,2,2,FALSE
EVT-1656,77e édition du Tour de France,1,sport,0,,2,europe;france,1,2,FALSE
EVT-1657,Indépendance de la Namibie,2,decolonization;state-building,0,,2,africa;namibia,2,2,FALSE
EVT-1658,104e édition des Championnats de Wimbledon,1,sport,0,,2,europe;united-kingdom,1,2,FALSE
EVT-1659,43e cérémonie des British Academy Film Awards,2,art-culture;media-information,0,,2,europe;united-kingdom,2,2,FALSE
EVT-1660,41e édition de la Berlinale,2,art-culture;media-information,0,,2,europe;germany,2,2,FALSE
EVT-1661,16e cérémonie des César,2,art-culture;media-information,0,,1,france,2,1,FALSE
EVT-1662,36e Concours Eurovision de la chanson,2,art-culture;media-information,0,,2,europe;global,2,2,FALSE
EVT-1663,42e saison du championnat du monde de Formule 1,2,sport;technology,0,,1,global,2,1,FALSE
EVT-1664,33e cérémonie des Grammy Awards,2,art-culture;media-information,0,,2,global;usa,2,2,FALSE
EVT-1665,63e cérémonie des Oscars,2,art-culture;media-information,0,,2,global;usa,2,2,FALSE
EVT-1666,"IIe Coupe du monde de rugby organisée en Royaume-Uni, Irlande et France",1,sport,0,,2,global;united-kingdom,1,2,FALSE
EVT-1667,Super Bowl XXV,2,media-information;sport,0,,1,usa,2,1,FALSE
EVT-1668,Admission des États baltes à l’ONU après le rétablissement de leur indépendance,2,international-organization;state-building,0,,2,baltic;europe,2,2,FALSE
EVT-1669,Déclarations d’indépendance de la Slovénie et de la Croatie,1,state-building,0,,2,balkans;europe,1,2,FALSE
EVT-1670,Sortie de l’album Nevermind de Nirvana,1,art-culture,0,,2,global;usa,1,2,FALSE
EVT-1671,42e édition de la Berlinale,2,art-culture;media-information,0,,2,europe;germany,2,2,FALSE
EVT-1672,43e saison du championnat du monde de Formule 1,2,sport;technology,0,,1,global,2,1,FALSE
EVT-1673,49e cérémonie des Golden Globes,2,art-culture;media-information,0,,2,global;usa,2,2,FALSE
EVT-1674,34e cérémonie des Grammy Awards,2,art-culture;media-information,0,,2,global;usa,2,2,FALSE
EVT-1675,64e cérémonie des Oscars,2,art-culture;media-information,0,,2,global;usa,2,2,FALSE
EVT-1676,Super Bowl XXVI,2,media-information;sport,0,,1,usa,2,1,FALSE
EVT-1677,79e édition du Tour de France,1,sport,0,,2,europe;france,1,2,FALSE
EVT-1678,IXe Championnat d’Europe de football organisé en Suède,1,sport,0,,2,europe;sweden,1,2,FALSE
EVT-1679,52e élection présidentielle des États-Unis,2,democracy;politics,0,,1,usa,2,1,FALSE
EVT-1680,Ouverture des Jeux olympiques de Barcelone,1,sport,0,,2,europe;spain,1,2,FALSE
EVT-1681,106e édition des Championnats de Wimbledon,1,sport,0,,2,europe;united-kingdom,1,2,FALSE
EVT-1682,XVIe Jeux olympiques d’hiver à Albertville,1,sport,0,,2,france;global,1,2,FALSE
EVT-1683,45e cérémonie des British Academy Film Awards,2,art-culture;media-information,0,,2,europe;united-kingdom,2,2,FALSE
EVT-1684,43e édition de la Berlinale,2,art-culture;media-information,0,,2,europe;germany,2,2,FALSE
EVT-1685,18e cérémonie des César,2,art-culture;media-information,0,,1,france,2,1,FALSE
EVT-1686,38e Concours Eurovision de la chanson,2,art-culture;media-information,0,,2,europe;global,2,2,FALSE
EVT-1687,44e saison du championnat du monde de Formule 1,2,sport;technology,0,,1,global,2,1,FALSE
EVT-1688,35e cérémonie des Grammy Awards,2,art-culture;media-information,0,,2,global;usa,2,2,FALSE
EVT-1689,65e cérémonie des Oscars,2,art-culture;media-information,0,,2,global;usa,2,2,FALSE
EVT-1690,80e édition du Tour de France,1,sport,0,,2,europe;france,1,2,FALSE
EVT-1691,Dissolution de la Tchécoslovaquie et naissance de la Tchéquie et de la Slovaquie,1,state-building,0,,2,czechia;europe,1,2,FALSE
EVT-1692,Premier attentat contre le World Trade Center,2,genocide-mass-violence;terrorism,0,,2,north-america;usa,2,2,FALSE
EVT-1693,107e édition des Championnats de Wimbledon,1,sport,0,,2,europe;united-kingdom,1,2,FALSE
EVT-1694,46e cérémonie des British Academy Film Awards,2,art-culture;media-information,0,,2,europe;united-kingdom,2,2,FALSE
EVT-1695,19e cérémonie des César,2,art-culture;media-information,0,,1,france,2,1,FALSE
EVT-1696,39e Concours Eurovision de la chanson,2,art-culture;media-information,0,,2,europe;global,2,2,FALSE
EVT-1697,XVe Coupe du monde de football organisée en États-Unis,1,sport,0,,2,global;usa,1,2,FALSE
EVT-1698,45e saison du championnat du monde de Formule 1,2,sport;technology,0,,1,global,2,1,FALSE
EVT-1699,51e cérémonie des Golden Globes,2,art-culture;media-information,0,,2,global;usa,2,2,FALSE
EVT-1700,36e cérémonie des Grammy Awards,2,art-culture;media-information,0,,2,global;usa,2,2,FALSE
EVT-1701,66e cérémonie des Oscars,2,art-culture;media-information,0,,2,global;usa,2,2,FALSE
EVT-1702,Super Bowl XXVIII,2,media-information;sport,0,,1,usa,2,1,FALSE
EVT-1703,81e édition du Tour de France,1,sport,0,,2,europe;france,1,2,FALSE
EVT-1704,Inauguration du tunnel sous la Manche,3,european-integration;technology;transport,0,,3,europe;france;united-kingdom,3,3,FALSE
EVT-1705,Première connexion publique commerciale au World Wide Web par Amazon?,2,economy;technology,0,,2,global;usa,2,2,FALSE
EVT-1706,XVIIe Jeux olympiques d’hiver à Lillehammer,1,sport,0,,2,global;norway,1,2,FALSE
EVT-1707,47e cérémonie des British Academy Film Awards,2,art-culture;media-information,0,,2,europe;united-kingdom,2,2,FALSE
EVT-1708,45e édition de la Berlinale,2,art-culture;media-information,0,,2,europe;germany,2,2,FALSE
EVT-1709,20e cérémonie des César,2,art-culture;media-information,0,,1,france,2,1,FALSE
EVT-1710,40e Concours Eurovision de la chanson,2,art-culture;media-information,0,,2,europe;global,2,2,FALSE
EVT-1711,Élection présidentielle française remportée par Jacques Chirac,2,democracy;politics,0,,1,france,2,1,FALSE
EVT-1712,52e cérémonie des Golden Globes,2,art-culture;media-information,0,,2,global;usa,2,2,FALSE
EVT-1713,67e cérémonie des Oscars,2,art-culture;media-information,0,,2,global;usa,2,2,FALSE
EVT-1714,IIIe Coupe du monde de rugby organisée en Afrique du Sud,1,sport,0,,2,global;south-africa,1,2,FALSE
EVT-1715,Super Bowl XXIX,2,media-information;sport,0,,1,usa,2,1,FALSE
EVT-1716,82e édition du Tour de France,1,sport,0,,2,europe;france,1,2,FALSE
EVT-1717,Lancement de Windows 95,2,economy;technology,0,,2,global;usa,2,2,FALSE
EVT-1718,109e édition des Championnats de Wimbledon,1,sport,0,,2,europe;united-kingdom,1,2,FALSE
EVT-1719,46e édition de la Berlinale,2,art-culture;media-information,0,,2,europe;germany,2,2,FALSE
EVT-1720,41e Concours Eurovision de la chanson,2,art-culture;media-information,0,,2,europe;global,2,2,FALSE
EVT-1721,47e saison du championnat du monde de Formule 1,2,sport;technology,0,,1,global,2,1,FALSE
EVT-1722,53e cérémonie des Golden Globes,2,art-culture;media-information,0,,2,global;usa,2,2,FALSE
EVT-1723,38e cérémonie des Grammy Awards,2,art-culture;media-information,0,,2,global;usa,2,2,FALSE
EVT-1724,68e cérémonie des Oscars,2,art-culture;media-information,0,,2,global;usa,2,2,FALSE
EVT-1725,Jeux olympiques d’été de la XXVIe Olympiade à Atlanta,1,sport,0,,2,global;usa,1,2,FALSE
EVT-1726,Xe Championnat d’Europe de football organisé en Angleterre,1,sport,0,,2,europe;united-kingdom,1,2,FALSE
EVT-1727,53e élection présidentielle des États-Unis,2,democracy;politics,0,,1,usa,2,1,FALSE
EVT-1728,110e édition des Championnats de Wimbledon,1,sport,0,,2,europe;united-kingdom,1,2,FALSE
EVT-1729,49e cérémonie des British Academy Film Awards,2,art-culture;media-information,0,,2,europe;united-kingdom,2,2,FALSE
EVT-1730,22e cérémonie des César,2,art-culture;media-information,0,,1,france,2,1,FALSE
EVT-1731,48e saison du championnat du monde de Formule 1,2,sport;technology,0,,1,global,2,1,FALSE
EVT-1732,39e cérémonie des Grammy Awards,2,art-culture;media-information,0,,2,global;usa,2,2,FALSE
EVT-1733,Super Bowl XXXI,2,media-information;sport,0,,1,usa,2,1,FALSE
EVT-1734,84e édition du Tour de France,1,sport,0,,2,europe;france,1,2,FALSE
EVT-1735,"Mort de Diana, princesse de Galles",2,art-culture;memory-heritage,0,,3,europe;france;united-kingdom,2,3,FALSE
EVT-1736,Publication britannique de Harry Potter à l’école des sorciers,2,art-culture;knowledge,0,,2,global;united-kingdom,2,2,FALSE
EVT-1737,50e cérémonie des British Academy Film Awards,2,art-culture;media-information,0,,2,europe;united-kingdom,2,2,FALSE
EVT-1738,48e édition de la Berlinale,2,art-culture;media-information,0,,2,europe;germany,2,2,FALSE
EVT-1739,23e cérémonie des César,2,art-culture;media-information,0,,1,france,2,1,FALSE
EVT-1740,43e Concours Eurovision de la chanson,2,art-culture;media-information,0,,2,europe;global,2,2,FALSE
EVT-1741,XVIe Coupe du monde de football organisée en France,1,sport,0,,2,france;global,1,2,FALSE
EVT-1742,49e saison du championnat du monde de Formule 1,2,sport;technology,0,,1,global,2,1,FALSE
EVT-1743,55e cérémonie des Golden Globes,2,art-culture;media-information,0,,2,global;usa,2,2,FALSE
EVT-1744,40e cérémonie des Grammy Awards,2,art-culture;media-information,0,,2,global;usa,2,2,FALSE
EVT-1745,70e cérémonie des Oscars,2,art-culture;media-information,0,,2,global;usa,2,2,FALSE
EVT-1746,Super Bowl XXXII,2,media-information;sport,0,,1,usa,2,1,FALSE
EVT-1747,85e édition du Tour de France,1,sport,0,,2,europe;france,1,2,FALSE
EVT-1748,112e édition des Championnats de Wimbledon,1,sport,0,,2,europe;united-kingdom,1,2,FALSE
EVT-1749,XVIIIe Jeux olympiques d’hiver à Nagano,1,sport,0,,2,global;japan,1,2,FALSE
EVT-1750,49e édition de la Berlinale,2,art-culture;media-information,0,,2,europe;germany,2,2,FALSE
EVT-1751,24e cérémonie des César,2,art-culture;media-information,0,,1,france,2,1,FALSE
EVT-1752,44e Concours Eurovision de la chanson,2,art-culture;media-information,0,,2,europe;global,2,2,FALSE
EVT-1753,41e cérémonie des Grammy Awards,2,art-culture;media-information,0,,2,global;usa,2,2,FALSE
EVT-1754,71e cérémonie des Oscars,2,art-culture;media-information,0,,2,global;usa,2,2,FALSE
EVT-1755,IVe Coupe du monde de rugby organisée en Pays de Galles,1,sport,0,,2,global;united-kingdom,1,2,FALSE
EVT-1756,86e édition du Tour de France,1,sport,0,,2,europe;france,1,2,FALSE
EVT-1757,52e cérémonie des British Academy Film Awards,2,art-culture;media-information,0,,2,europe;united-kingdom,2,2,FALSE
EVT-1758,50e édition de la Berlinale,2,art-culture;media-information,0,,2,europe;germany,2,2,FALSE
EVT-1759,25e cérémonie des César,2,art-culture;media-information,0,,1,france,2,1,FALSE
EVT-1760,45e Concours Eurovision de la chanson,2,art-culture;media-information,0,,2,europe;global,2,2,FALSE
EVT-1761,51e saison du championnat du monde de Formule 1,2,sport;technology,0,,1,global,2,1,FALSE
EVT-1762,57e cérémonie des Golden Globes,2,art-culture;media-information,0,,2,global;usa,2,2,FALSE
EVT-1763,72e cérémonie des Oscars,2,art-culture;media-information,0,,2,global;usa,2,2,FALSE
EVT-1764,Super Bowl XXXIV,2,media-information;sport,0,,1,usa,2,1,FALSE
EVT-1765,87e édition du Tour de France,1,sport,0,,2,europe;france,1,2,FALSE
EVT-1766,XIe Championnat d’Europe de football organisé en Belgique et Pays-Bas,1,sport,0,,2,belgium;europe,1,2,FALSE
EVT-1767,54e élection présidentielle des États-Unis,2,democracy;politics,0,,1,usa,2,1,FALSE
EVT-1768,Ouverture des Jeux olympiques de Sydney,1,sport,0,,2,australia;oceania,1,2,FALSE
EVT-1769,114e édition des Championnats de Wimbledon,1,sport,0,,2,europe;united-kingdom,1,2,FALSE
EVT-1770,53e cérémonie des British Academy Film Awards,2,art-culture;media-information,0,,2,europe;united-kingdom,2,2,FALSE
EVT-1771,46e Concours Eurovision de la chanson,2,art-culture;media-information,0,,2,europe;global,2,2,FALSE
EVT-1772,52e saison du championnat du monde de Formule 1,2,sport;technology,0,,1,global,2,1,FALSE
EVT-1773,58e cérémonie des Golden Globes,2,art-culture;media-information,0,,2,global;usa,2,2,FALSE
EVT-1774,43e cérémonie des Grammy Awards,2,art-culture;media-information,0,,2,global;usa,2,2,FALSE
EVT-1775,73e cérémonie des Oscars,2,art-culture;media-information,0,,2,global;usa,2,2,FALSE
EVT-1776,Super Bowl XXXV,2,media-information;sport,0,,1,usa,2,1,FALSE
EVT-1777,115e édition des Championnats de Wimbledon,1,sport,0,,2,europe;united-kingdom,1,2,FALSE
EVT-1778,54e cérémonie des British Academy Film Awards,2,art-culture;media-information,0,,2,europe;united-kingdom,2,2,FALSE
EVT-1779,52e édition de la Berlinale,2,art-culture;media-information,0,,2,europe;germany,2,2,FALSE
EVT-1780,27e cérémonie des César,2,art-culture;media-information,0,,1,france,2,1,FALSE
EVT-1781,XVIIe Coupe du monde de football organisée en Corée du Sud et Japon,1,sport,0,,2,global;korea,1,2,FALSE
EVT-1782,53e saison du championnat du monde de Formule 1,2,sport;technology,0,,1,global,2,1,FALSE
EVT-1783,Élection présidentielle française remportée par Jacques Chirac,2,democracy;politics,0,,1,france,2,1,FALSE
EVT-1784,59e cérémonie des Golden Globes,2,art-culture;media-information,0,,2,global;usa,2,2,FALSE
EVT-1785,44e cérémonie des Grammy Awards,2,art-culture;media-information,0,,2,global;usa,2,2,FALSE
EVT-1786,74e cérémonie des Oscars,2,art-culture;media-information,0,,2,global;usa,2,2,FALSE
EVT-1787,89e édition du Tour de France,1,sport,0,,2,europe;france,1,2,FALSE
EVT-1788,XIXe Jeux olympiques d’hiver à Salt Lake City,1,sport,0,,2,global;usa,1,2,FALSE
EVT-1789,53e édition de la Berlinale,2,art-culture;media-information,0,,2,europe;germany,2,2,FALSE
EVT-1790,28e cérémonie des César,2,art-culture;media-information,0,,1,france,2,1,FALSE
EVT-1791,48e Concours Eurovision de la chanson,2,art-culture;media-information,0,,2,europe;global,2,2,FALSE
EVT-1792,54e saison du championnat du monde de Formule 1,2,sport;technology,0,,1,global,2,1,FALSE
EVT-1793,45e cérémonie des Grammy Awards,2,art-culture;media-information,0,,2,global;usa,2,2,FALSE
EVT-1794,75e cérémonie des Oscars,2,art-culture;media-information,0,,2,global;usa,2,2,FALSE
EVT-1795,Ve Coupe du monde de rugby organisée en Australie,1,sport,0,,2,australia;global,1,2,FALSE
EVT-1796,Super Bowl XXXVII,2,media-information;sport,0,,1,usa,2,1,FALSE
EVT-1797,90e édition du Tour de France,1,sport,0,,2,europe;france,1,2,FALSE
EVT-1798,Désintégration de la navette Columbia,2,science;space,0,,2,global;usa,2,2,FALSE
EVT-1799,117e édition des Championnats de Wimbledon,1,sport,0,,2,europe;united-kingdom,1,2,FALSE
EVT-1800,56e cérémonie des British Academy Film Awards,2,art-culture;media-information,0,,2,europe;united-kingdom,2,2,FALSE
EVT-1801,54e édition de la Berlinale,2,art-culture;media-information,0,,2,europe;germany,2,2,FALSE
EVT-1802,29e cérémonie des César,2,art-culture;media-information,0,,1,france,2,1,FALSE
EVT-1803,49e Concours Eurovision de la chanson,2,art-culture;media-information,0,,2,europe;global,2,2,FALSE
EVT-1804,61e cérémonie des Golden Globes,2,art-culture;media-information,0,,2,global;usa,2,2,FALSE
EVT-1805,46e cérémonie des Grammy Awards,2,art-culture;media-information,0,,2,global;usa,2,2,FALSE
EVT-1806,76e cérémonie des Oscars,2,art-culture;media-information,0,,2,global;usa,2,2,FALSE
EVT-1807,Jeux olympiques d’été de la XXVIIIe Olympiade à Athènes,1,sport,0,,2,global;greece,1,2,FALSE
EVT-1808,Super Bowl XXXVIII,2,media-information;sport,0,,1,usa,2,1,FALSE
EVT-1809,91e édition du Tour de France,1,sport,0,,2,europe;france,1,2,FALSE
EVT-1810,XIIe Championnat d’Europe de football organisé en Portugal,1,sport,0,,2,europe;portugal,1,2,FALSE
EVT-1811,55e élection présidentielle des États-Unis,2,democracy;politics,0,,1,usa,2,1,FALSE
EVT-1812,57e cérémonie des British Academy Film Awards,2,art-culture;media-information,0,,2,europe;united-kingdom,2,2,FALSE
EVT-1813,50e Concours Eurovision de la chanson,2,art-culture;media-information,0,,2,europe;global,2,2,FALSE
EVT-1814,56e saison du championnat du monde de Formule 1,2,sport;technology,0,,1,global,2,1,FALSE
EVT-1815,47e cérémonie des Grammy Awards,2,art-culture;media-information,0,,2,global;usa,2,2,FALSE
EVT-1816,92e édition du Tour de France,1,sport,0,,2,europe;france,1,2,FALSE
EVT-1817,Attentats de Londres,2,genocide-mass-violence;terrorism,0,,2,europe;united-kingdom,2,2,FALSE
EVT-1818,Création de YouTube,2,media-information;technology,0,,2,global;usa,2,2,FALSE
EVT-1819,119e édition des Championnats de Wimbledon,1,sport,0,,2,europe;united-kingdom,1,2,FALSE
EVT-1820,56e édition de la Berlinale,2,art-culture;media-information,0,,2,europe;germany,2,2,FALSE
EVT-1821,31e cérémonie des César,2,art-culture;media-information,0,,1,france,2,1,FALSE
EVT-1822,51e Concours Eurovision de la chanson,2,art-culture;media-information,0,,2,europe;global,2,2,FALSE
EVT-1823,XVIIIe Coupe du monde de football organisée en Allemagne,1,sport,0,,2,germany;global,1,2,FALSE
EVT-1824,57e saison du championnat du monde de Formule 1,2,sport;technology,0,,1,global,2,1,FALSE
EVT-1825,63e cérémonie des Golden Globes,2,art-culture;media-information,0,,2,global;usa,2,2,FALSE
EVT-1826,78e cérémonie des Oscars,2,art-culture;media-information,0,,2,global;usa,2,2,FALSE
EVT-1827,Super Bowl XL,2,media-information;sport,0,,1,usa,2,1,FALSE
EVT-1828,93e édition du Tour de France,1,sport,0,,2,europe;france,1,2,FALSE
EVT-1829,Pluton reclassée comme planète naine par l’Union astronomique internationale,2,science;space,0,,1,global,2,1,FALSE
EVT-1830,Premier message publié sur Twitter,2,media-information;technology,0,,2,global;usa,2,2,FALSE
EVT-1831,Victoire de l’Italie à la Coupe du monde de football,1,sport,0,,2,germany;global,1,2,FALSE
EVT-1832,120e édition des Championnats de Wimbledon,1,sport,0,,2,europe;united-kingdom,1,2,FALSE
EVT-1833,XXe Jeux olympiques d’hiver à Turin,1,sport,0,,2,global;italy,1,2,FALSE
EVT-1834,59e cérémonie des British Academy Film Awards,2,art-culture;media-information,0,,2,europe;united-kingdom,2,2,FALSE
EVT-1835,57e édition de la Berlinale,2,art-culture;media-information,0,,2,europe;germany,2,2,FALSE
EVT-1836,32e cérémonie des César,2,art-culture;media-information,0,,1,france,2,1,FALSE
EVT-1837,58e saison du championnat du monde de Formule 1,2,sport;technology,0,,1,global,2,1,FALSE
EVT-1838,Élection présidentielle française remportée par Nicolas Sarkozy,2,democracy;politics,0,,1,france,2,1,FALSE
EVT-1839,64e cérémonie des Golden Globes,2,art-culture;media-information,0,,2,global;usa,2,2,FALSE
EVT-1840,49e cérémonie des Grammy Awards,2,art-culture;media-information,0,,2,global;usa,2,2,FALSE
EVT-1841,79e cérémonie des Oscars,2,art-culture;media-information,0,,2,global;usa,2,2,FALSE
EVT-1842,VIe Coupe du monde de rugby organisée en France,1,sport,0,,2,france;global,1,2,FALSE
EVT-1843,Super Bowl XLI,2,media-information;sport,0,,1,usa,2,1,FALSE
EVT-1844,60e cérémonie des British Academy Film Awards,2,art-culture;media-information,0,,2,europe;united-kingdom,2,2,FALSE
EVT-1845,33e cérémonie des César,2,art-culture;media-information,0,,1,france,2,1,FALSE
EVT-1846,53e Concours Eurovision de la chanson,2,art-culture;media-information,0,,2,europe;global,2,2,FALSE
EVT-1847,59e saison du championnat du monde de Formule 1,2,sport;technology,0,,1,global,2,1,FALSE
EVT-1848,65e cérémonie des Golden Globes,2,art-culture;media-information,0,,2,global;usa,2,2,FALSE
EVT-1849,50e cérémonie des Grammy Awards,2,art-culture;media-information,0,,2,global;usa,2,2,FALSE
EVT-1850,80e cérémonie des Oscars,2,art-culture;media-information,0,,2,global;usa,2,2,FALSE
EVT-1851,95e édition du Tour de France,1,sport,0,,2,europe;france,1,2,FALSE
EVT-1852,XIIIe Championnat d’Europe de football organisé en Autriche et Suisse,1,sport,0,,2,austria;europe,1,2,FALSE
EVT-1853,56e élection présidentielle des États-Unis,2,democracy;politics,0,,1,usa,2,1,FALSE
EVT-1854,Ouverture des Jeux olympiques de Pékin,1,sport,0,,2,asia;china,1,2,FALSE
EVT-1855,122e édition des Championnats de Wimbledon,1,sport,0,,2,europe;united-kingdom,1,2,FALSE
EVT-1856,59e édition de la Berlinale,2,art-culture;media-information,0,,2,europe;germany,2,2,FALSE
EVT-1857,54e Concours Eurovision de la chanson,2,art-culture;media-information,0,,2,europe;global,2,2,FALSE
EVT-1858,51e cérémonie des Grammy Awards,2,art-culture;media-information,0,,2,global;usa,2,2,FALSE
EVT-1859,81e cérémonie des Oscars,2,art-culture;media-information,0,,2,global;usa,2,2,FALSE
EVT-1860,Super Bowl XLIII,2,media-information;sport,0,,1,usa,2,1,FALSE
EVT-1861,96e édition du Tour de France,1,sport,0,,2,europe;france,1,2,FALSE
EVT-1862,Création du bloc Genesis de Bitcoin,2,economy;technology,0,,1,global,2,1,FALSE
EVT-1863,Investiture de Barack Obama,2,democracy;politics,0,,2,north-america;usa,2,2,FALSE
EVT-1864,L’OMS déclare la pandémie de grippe H1N1,2,international-organization;medicine,0,,1,global,2,1,FALSE
EVT-1865,Sortie américaine d’Avatar de James Cameron,1,art-culture,0,,2,global;usa,1,2,FALSE
EVT-1866,123e édition des Championnats de Wimbledon,1,sport,0,,2,europe;united-kingdom,1,2,FALSE
EVT-1867,62e cérémonie des British Academy Film Awards,2,art-culture;media-information,0,,2,europe;united-kingdom,2,2,FALSE
EVT-1868,60e édition de la Berlinale,2,art-culture;media-information,0,,2,europe;germany,2,2,FALSE
EVT-1869,35e cérémonie des César,2,art-culture;media-information,0,,1,france,2,1,FALSE
EVT-1870,55e Concours Eurovision de la chanson,2,art-culture;media-information,0,,2,europe;global,2,2,FALSE
EVT-1871,XIXe Coupe du monde de football organisée en Afrique du Sud,1,sport,0,,2,global;south-africa,1,2,FALSE
EVT-1872,61e saison du championnat du monde de Formule 1,2,sport;technology,0,,1,global,2,1,FALSE
EVT-1873,67e cérémonie des Golden Globes,2,art-culture;media-information,0,,2,global;usa,2,2,FALSE
EVT-1874,52e cérémonie des Grammy Awards,2,art-culture;media-information,0,,2,global;usa,2,2,FALSE
EVT-1875,82e cérémonie des Oscars,2,art-culture;media-information,0,,2,global;usa,2,2,FALSE
EVT-1876,Super Bowl XLIV,2,media-information;sport,0,,1,usa,2,1,FALSE
EVT-1877,97e édition du Tour de France,1,sport,0,,2,europe;france,1,2,FALSE
EVT-1878,Victoire de l’Espagne à la Coupe du monde de football,1,sport,0,,2,global;south-africa,1,2,FALSE
EVT-1879,XXIe Jeux olympiques d’hiver à Vancouver,1,sport,0,,2,canada;global,1,2,FALSE
EVT-1880,63e cérémonie des British Academy Film Awards,2,art-culture;media-information,0,,2,europe;united-kingdom,2,2,FALSE
EVT-1881,61e édition de la Berlinale,2,art-culture;media-information,0,,2,europe;germany,2,2,FALSE
EVT-1882,36e cérémonie des César,2,art-culture;media-information,0,,1,france,2,1,FALSE
EVT-1883,56e Concours Eurovision de la chanson,2,art-culture;media-information,0,,2,europe;global,2,2,FALSE
EVT-1884,62e saison du championnat du monde de Formule 1,2,sport;technology,0,,1,global,2,1,FALSE
EVT-1885,83e cérémonie des Oscars,2,art-culture;media-information,0,,2,global;usa,2,2,FALSE
EVT-1886,VIIe Coupe du monde de rugby organisée en Nouvelle-Zélande,1,sport,0,,2,global;new-zealand,1,2,FALSE
EVT-1887,98e édition du Tour de France,1,sport,0,,2,europe;france,1,2,FALSE
EVT-1888,Mort de Steve Jobs,2,art-culture;technology,0,,2,north-america;usa,2,2,FALSE
EVT-1889,125e édition des Championnats de Wimbledon,1,sport,0,,2,europe;united-kingdom,1,2,FALSE
EVT-1890,64e cérémonie des British Academy Film Awards,2,art-culture;media-information,0,,2,europe;united-kingdom,2,2,FALSE
EVT-1891,37e cérémonie des César,2,art-culture;media-information,0,,1,france,2,1,FALSE
EVT-1892,63e saison du championnat du monde de Formule 1,2,sport;technology,0,,1,global,2,1,FALSE
EVT-1893,Élection présidentielle française remportée par François Hollande,2,democracy;politics,0,,1,france,2,1,FALSE
EVT-1894,69e cérémonie des Golden Globes,2,art-culture;media-information,0,,2,global;usa,2,2,FALSE
EVT-1895,54e cérémonie des Grammy Awards,2,art-culture;media-information,0,,2,global;usa,2,2,FALSE
EVT-1896,84e cérémonie des Oscars,2,art-culture;media-information,0,,2,global;usa,2,2,FALSE
EVT-1897,Super Bowl XLVI,2,media-information;sport,0,,1,usa,2,1,FALSE
EVT-1898,XIVe Championnat d’Europe de football organisé en Pologne et Ukraine,1,sport,0,,2,europe;poland,1,2,FALSE
EVT-1899,57e élection présidentielle des États-Unis,2,democracy;politics,0,,1,usa,2,1,FALSE
EVT-1900,Atterrissage du rover Curiosity sur Mars,2,science;space,0,,1,global,2,1,FALSE
EVT-1901,Gangnam Style devient la première vidéo YouTube à dépasser un milliard de vues,2,art-culture;media-information,0,,1,global,2,1,FALSE
EVT-1902,Ouverture des Jeux olympiques de Londres,1,sport,0,,2,europe;united-kingdom,1,2,FALSE
EVT-1903,63e édition de la Berlinale,2,art-culture;media-information,0,,2,europe;germany,2,2,FALSE
EVT-1904,38e cérémonie des César,2,art-culture;media-information,0,,1,france,2,1,FALSE
EVT-1905,58e Concours Eurovision de la chanson,2,art-culture;media-information,0,,2,europe;global,2,2,FALSE
EVT-1906,70e cérémonie des Golden Globes,2,art-culture;media-information,0,,2,global;usa,2,2,FALSE
EVT-1907,55e cérémonie des Grammy Awards,2,art-culture;media-information,0,,2,global;usa,2,2,FALSE
EVT-1908,Super Bowl XLVII,2,media-information;sport,0,,1,usa,2,1,FALSE
EVT-1909,100e édition du Tour de France,1,sport,0,,2,europe;france,1,2,FALSE
EVT-1910,Lancement de la mission indienne Mars Orbiter Mission,2,science;space,0,,2,asia;india,2,2,FALSE
EVT-1911,127e édition des Championnats de Wimbledon,1,sport,0,,2,europe;united-kingdom,1,2,FALSE
EVT-1912,66e cérémonie des British Academy Film Awards,2,art-culture;media-information,0,,2,europe;united-kingdom,2,2,FALSE
EVT-1913,64e édition de la Berlinale,2,art-culture;media-information,0,,2,europe;germany,2,2,FALSE
EVT-1914,59e Concours Eurovision de la chanson,2,art-culture;media-information,0,,2,europe;global,2,2,FALSE
EVT-1915,XXe Coupe du monde de football organisée en Brésil,1,sport,0,,2,brazil;global,1,2,FALSE
EVT-1916,65e saison du championnat du monde de Formule 1,2,sport;technology,0,,1,global,2,1,FALSE
EVT-1917,71e cérémonie des Golden Globes,2,art-culture;media-information,0,,2,global;usa,2,2,FALSE
EVT-1918,56e cérémonie des Grammy Awards,2,art-culture;media-information,0,,2,global;usa,2,2,FALSE
EVT-1919,86e cérémonie des Oscars,2,art-culture;media-information,0,,2,global;usa,2,2,FALSE
EVT-1920,101e édition du Tour de France,1,sport,0,,2,europe;france,1,2,FALSE
EVT-1921,L’OMS déclare l’épidémie d’Ebola en Afrique de l’Ouest urgence de santé publique,2,international-organization;medicine,0,,2,africa;global,2,2,FALSE
EVT-1922,Victoire de l’Allemagne à la Coupe du monde de football,1,sport,0,,2,brazil;global,1,2,FALSE
EVT-1923,128e édition des Championnats de Wimbledon,1,sport,0,,2,europe;united-kingdom,1,2,FALSE
EVT-1924,XXIIe Jeux olympiques d’hiver à Sotchi,1,sport,0,,2,global;russia-ussr,1,2,FALSE
EVT-1925,67e cérémonie des British Academy Film Awards,2,art-culture;media-information,0,,2,europe;united-kingdom,2,2,FALSE
EVT-1926,65e édition de la Berlinale,2,art-culture;media-information,0,,2,europe;germany,2,2,FALSE
EVT-1927,40e cérémonie des César,2,art-culture;media-information,0,,1,france,2,1,FALSE
EVT-1928,60e Concours Eurovision de la chanson,2,art-culture;media-information,0,,2,europe;global,2,2,FALSE
EVT-1929,66e saison du championnat du monde de Formule 1,2,sport;technology,0,,1,global,2,1,FALSE
EVT-1930,57e cérémonie des Grammy Awards,2,art-culture;media-information,0,,2,global;usa,2,2,FALSE
EVT-1931,87e cérémonie des Oscars,2,art-culture;media-information,0,,2,global;usa,2,2,FALSE
EVT-1932,VIIIe Coupe du monde de rugby organisée en Angleterre,1,sport,0,,2,global;united-kingdom,1,2,FALSE
EVT-1933,Super Bowl XLIX,2,media-information;sport,0,,1,usa,2,1,FALSE
EVT-1934,102e édition du Tour de France,1,sport,0,,2,europe;france,1,2,FALSE
EVT-1935,41e cérémonie des César,2,art-culture;media-information,0,,1,france,2,1,FALSE
EVT-1936,61e Concours Eurovision de la chanson,2,art-culture;media-information,0,,2,europe;global,2,2,FALSE
EVT-1937,67e saison du championnat du monde de Formule 1,2,sport;technology,0,,1,global,2,1,FALSE
EVT-1938,73e cérémonie des Golden Globes,2,art-culture;media-information,0,,2,global;usa,2,2,FALSE
EVT-1939,58e cérémonie des Grammy Awards,2,art-culture;media-information,0,,2,global;usa,2,2,FALSE
EVT-1940,88e cérémonie des Oscars,2,art-culture;media-information,0,,2,global;usa,2,2,FALSE
EVT-1941,Jeux olympiques d’été de la XXXIe Olympiade à Rio de Janeiro,1,sport,0,,2,brazil;global,1,2,FALSE
EVT-1942,Super Bowl L,2,media-information;sport,0,,1,usa,2,1,FALSE
EVT-1943,103e édition du Tour de France,1,sport,0,,2,europe;france,1,2,FALSE
EVT-1944,XVe Championnat d’Europe de football organisé en France,1,sport,0,,2,europe;france,1,2,FALSE
EVT-1945,58e élection présidentielle des États-Unis,2,democracy;politics,0,,1,usa,2,1,FALSE
EVT-1946,Leicester City devient champion d’Angleterre de football,1,sport,0,,2,europe;united-kingdom,1,2,FALSE
EVT-1947,130e édition des Championnats de Wimbledon,1,sport,0,,2,europe;united-kingdom,1,2,FALSE
EVT-1948,69e cérémonie des British Academy Film Awards,2,art-culture;media-information,0,,2,europe;united-kingdom,2,2,FALSE
EVT-1949,67e édition de la Berlinale,2,art-culture;media-information,0,,2,europe;germany,2,2,FALSE
EVT-1950,42e cérémonie des César,2,art-culture;media-information,0,,1,france,2,1,FALSE
EVT-1951,68e saison du championnat du monde de Formule 1,2,sport;technology,0,,1,global,2,1,FALSE
EVT-1952,Élection présidentielle française remportée par Emmanuel Macron,2,democracy;politics,0,,1,france,2,1,FALSE
EVT-1953,89e cérémonie des Oscars,2,art-culture;media-information,0,,2,global;usa,2,2,FALSE
EVT-1954,Le mouvement #MeToo devient viral sur les réseaux sociaux,3,media-information;rights;women-gender,0,,2,global;usa,3,2,FALSE
EVT-1955,Référendum d’indépendance de la Catalogne,2,politics;state-building,0,,2,europe;spain,2,2,FALSE
EVT-1956,70e cérémonie des British Academy Film Awards,2,art-culture;media-information,0,,2,europe;united-kingdom,2,2,FALSE
EVT-1957,68e édition de la Berlinale,2,art-culture;media-information,0,,2,europe;germany,2,2,FALSE
EVT-1958,63e Concours Eurovision de la chanson,2,art-culture;media-information,0,,2,europe;global,2,2,FALSE
EVT-1959,XXIe Coupe du monde de football organisée en Russie,1,sport,0,,2,global;russia-ussr,1,2,FALSE
EVT-1960,75e cérémonie des Golden Globes,2,art-culture;media-information,0,,2,global;usa,2,2,FALSE
EVT-1961,60e cérémonie des Grammy Awards,2,art-culture;media-information,0,,2,global;usa,2,2,FALSE
EVT-1962,90e cérémonie des Oscars,2,art-culture;media-information,0,,2,global;usa,2,2,FALSE
EVT-1963,Super Bowl LII,2,media-information;sport,0,,1,usa,2,1,FALSE
EVT-1964,105e édition du Tour de France,1,sport,0,,2,europe;france,1,2,FALSE
EVT-1965,Sommet de Singapour entre Donald Trump et Kim Jong-un,2,diplomacy;geopolitics,0,,2,asia;singapore,2,2,FALSE
EVT-1966,132e édition des Championnats de Wimbledon,1,sport,0,,2,europe;united-kingdom,1,2,FALSE
EVT-1967,XXIIIe Jeux olympiques d’hiver à Pyeongchang,1,sport,0,,2,global;korea,1,2,FALSE
EVT-1968,71e cérémonie des British Academy Film Awards,2,art-culture;media-information,0,,2,europe;united-kingdom,2,2,FALSE
EVT-1969,44e cérémonie des César,2,art-culture;media-information,0,,1,france,2,1,FALSE
EVT-1970,64e Concours Eurovision de la chanson,2,art-culture;media-information,0,,2,europe;global,2,2,FALSE
EVT-1971,70e saison du championnat du monde de Formule 1,2,sport;technology,0,,1,global,2,1,FALSE
EVT-1972,76e cérémonie des Golden Globes,2,art-culture;media-information,0,,2,global;usa,2,2,FALSE
EVT-1973,61e cérémonie des Grammy Awards,2,art-culture;media-information,0,,2,global;usa,2,2,FALSE
EVT-1974,91e cérémonie des Oscars,2,art-culture;media-information,0,,2,global;usa,2,2,FALSE
EVT-1975,IXe Coupe du monde de rugby organisée en Japon,1,sport,0,,2,global;japan,1,2,FALSE
EVT-1976,Super Bowl LIII,2,media-information;sport,0,,1,usa,2,1,FALSE
EVT-1977,106e édition du Tour de France,1,sport,0,,2,europe;france,1,2,FALSE
EVT-1978,Attentats contre les mosquées de Christchurch,2,genocide-mass-violence;terrorism,0,,2,new-zealand;oceania,2,2,FALSE
EVT-1979,133e édition des Championnats de Wimbledon,1,sport,0,,2,europe;united-kingdom,1,2,FALSE
EVT-1980,70e édition de la Berlinale,2,art-culture;media-information,0,,2,europe;germany,2,2,FALSE
EVT-1981,45e cérémonie des César,2,art-culture;media-information,0,,1,france,2,1,FALSE
EVT-1982,71e saison du championnat du monde de Formule 1,2,sport;technology,0,,1,global,2,1,FALSE
EVT-1983,77e cérémonie des Golden Globes,2,art-culture;media-information,0,,2,global;usa,2,2,FALSE
EVT-1984,62e cérémonie des Grammy Awards,2,art-culture;media-information,0,,2,global;usa,2,2,FALSE
EVT-1985,92e cérémonie des Oscars,2,art-culture;media-information,0,,2,global;usa,2,2,FALSE
EVT-1986,107e édition du Tour de France,1,sport,0,,2,europe;france,1,2,FALSE
EVT-1987,59e élection présidentielle des États-Unis,2,democracy;politics,0,,1,usa,2,1,FALSE
EVT-1988,73e cérémonie des British Academy Film Awards,2,art-culture;media-information,0,,2,europe;united-kingdom,2,2,FALSE
EVT-1989,71e édition de la Berlinale,2,art-culture;media-information,0,,2,europe;germany,2,2,FALSE
EVT-1990,46e cérémonie des César,2,art-culture;media-information,0,,1,france,2,1,FALSE
EVT-1991,65e Concours Eurovision de la chanson,2,art-culture;media-information,0,,2,europe;global,2,2,FALSE
EVT-1992,72e saison du championnat du monde de Formule 1,2,sport;technology,0,,1,global,2,1,FALSE
EVT-1993,63e cérémonie des Grammy Awards,2,art-culture;media-information,0,,2,global;usa,2,2,FALSE
EVT-1994,Super Bowl LV,2,media-information;sport,0,,1,usa,2,1,FALSE
EVT-1995,108e édition du Tour de France,1,sport,0,,2,europe;france,1,2,FALSE
EVT-1996,XVIe Championnat d’Europe de football organisé en plusieurs pays européens,1,sport,0,,1,europe,1,1,FALSE
EVT-1997,Ouverture des Jeux olympiques de Tokyo 2020 reportés,1,sport,0,,2,asia;japan,1,2,FALSE
EVT-1998,74e cérémonie des British Academy Film Awards,2,art-culture;media-information,0,,2,europe;united-kingdom,2,2,FALSE
EVT-1999,72e édition de la Berlinale,2,art-culture;media-information,0,,2,europe;germany,2,2,FALSE
EVT-2000,47e cérémonie des César,2,art-culture;media-information,0,,1,france,2,1,FALSE
EVT-2001,66e Concours Eurovision de la chanson,2,art-culture;media-information,0,,2,europe;global,2,2,FALSE
EVT-2002,XXIIe Coupe du monde de football organisée en Qatar,1,sport,0,,2,global;qatar,1,2,FALSE
EVT-2003,73e saison du championnat du monde de Formule 1,2,sport;technology,0,,1,global,2,1,FALSE
EVT-2004,Élection présidentielle française remportée par Emmanuel Macron,2,democracy;politics,0,,1,france,2,1,FALSE
EVT-2005,79e cérémonie des Golden Globes,2,art-culture;media-information,0,,2,global;usa,2,2,FALSE
EVT-2006,94e cérémonie des Oscars,2,art-culture;media-information,0,,2,global;usa,2,2,FALSE
EVT-2007,Super Bowl LVI,2,media-information;sport,0,,1,usa,2,1,FALSE
EVT-2008,Mort de la reine Élisabeth II,2,memory-heritage;politics,0,,2,europe;united-kingdom,2,2,FALSE
EVT-2009,Victoire de l’Argentine à la Coupe du monde de football,1,sport,0,,2,global;qatar,1,2,FALSE
EVT-2010,135e édition des Championnats de Wimbledon,1,sport,0,,2,europe;united-kingdom,1,2,FALSE
EVT-2011,XXIVe Jeux olympiques d’hiver à Pékin,1,sport,0,,2,china;global,1,2,FALSE
EVT-2012,65e cérémonie des Grammy Awards,2,art-culture;media-information,0,,2,global;usa,2,2,FALSE
EVT-2013,95e cérémonie des Oscars,2,art-culture;media-information,0,,2,global;usa,2,2,FALSE
EVT-2014,Xe Coupe du monde de rugby organisée en France,1,sport,0,,2,france;global,1,2,FALSE
EVT-2015,110e édition du Tour de France,1,sport,0,,2,europe;france,1,2,FALSE
EVT-2016,Couronnement de Charles III,2,politics;religion,0,,2,europe;united-kingdom,2,2,FALSE
EVT-2017,136e édition des Championnats de Wimbledon,1,sport,0,,2,europe;united-kingdom,1,2,FALSE
EVT-2018,76e cérémonie des British Academy Film Awards,2,art-culture;media-information,0,,2,europe;united-kingdom,2,2,FALSE
EVT-2019,74e édition de la Berlinale,2,art-culture;media-information,0,,2,europe;germany,2,2,FALSE
EVT-2020,49e cérémonie des César,2,art-culture;media-information,0,,1,france,2,1,FALSE
EVT-2021,68e Concours Eurovision de la chanson,2,art-culture;media-information,0,,2,europe;global,2,2,FALSE
EVT-2022,75e saison du championnat du monde de Formule 1,2,sport;technology,0,,1,global,2,1,FALSE
EVT-2023,81e cérémonie des Golden Globes,2,art-culture;media-information,0,,2,global;usa,2,2,FALSE
EVT-2024,66e cérémonie des Grammy Awards,2,art-culture;media-information,0,,2,global;usa,2,2,FALSE
EVT-2025,96e cérémonie des Oscars,2,art-culture;media-information,0,,2,global;usa,2,2,FALSE
EVT-2026,Super Bowl LVIII,2,media-information;sport,0,,1,usa,2,1,FALSE
EVT-2027,111e édition du Tour de France,1,sport,0,,2,europe;france,1,2,FALSE
EVT-2028,XVIIe Championnat d’Europe de football organisé en Allemagne,1,sport,0,,2,europe;germany,1,2,FALSE
EVT-2029,60e élection présidentielle des États-Unis,2,democracy;politics,0,,1,usa,2,1,FALSE
EVT-2030,Ouverture des Jeux olympiques de Paris 2024,1,sport,0,,2,europe;france,1,2,FALSE
EVT-2031,77e cérémonie des British Academy Film Awards,2,art-culture;media-information,0,,2,europe;united-kingdom,2,2,FALSE
EVT-2032,75e édition de la Berlinale,2,art-culture;media-information,0,,2,europe;germany,2,2,FALSE
EVT-2033,50e cérémonie des César,2,art-culture;media-information,0,,1,france,2,1,FALSE
EVT-2034,69e Concours Eurovision de la chanson,2,art-culture;media-information,0,,2,europe;global,2,2,FALSE
EVT-2035,76e saison du championnat du monde de Formule 1,2,sport;technology,0,,1,global,2,1,FALSE
EVT-2036,82e cérémonie des Golden Globes,2,art-culture;media-information,0,,2,global;usa,2,2,FALSE
EVT-2037,67e cérémonie des Grammy Awards,2,art-culture;media-information,0,,2,global;usa,2,2,FALSE
EVT-2038,97e cérémonie des Oscars,2,art-culture;media-information,0,,2,global;usa,2,2,FALSE
EVT-2039,Super Bowl LIX,2,media-information;sport,0,,1,usa,2,1,FALSE
EVT-2040,112e édition du Tour de France,1,sport,0,,2,europe;france,1,2,FALSE
EVT-2041,138e édition des Championnats de Wimbledon,1,sport,0,,2,europe;united-kingdom,1,2,FALSE
EVT-2042,Occupation du village agricole de Çatalhöyük (tertre oriental),2,agriculture;social-history,0,,3,asia;middle-east;turkey-ottoman,2,3,FALSE
