event_id,title_canonical,date_text,year,source_id,source_url,source_model,mapping_confidence,event_specific_page_audit,precision_review,notes,qa_status,specific_source_url,qa_change_reason,date_text_v16,title_v16,playable_v16
EVT-0549,Unification de l’Égypte sous les premiers pharaons,3100 av. J.-C.,-3100,SRC-0514,https://en.wikipedia.org/wiki/3100_BC,WIKIPEDIA_YEAR_CHRONOLOGY_B,B,NOT_REQUIRED_TARGETED_V16,STRUCTURAL_PASS_COMPLETE,La page annuelle sert de support B. Une vérification page événement spécifique est prévue avant le palier 2 000.,ANNUAL_CHRONOLOGY_RETAINED,,No ambiguity trigger detected in targeted V16 pass; annual chronology remains B support.,3100 av. J.-C.,Unification de l’Égypte sous les premiers pharaons,FALSE
EVT-0550,Bataille des Thermopyles,août 480 av. J.-C.,-480,SRC-0522,https://en.wikipedia.org/wiki/480_BC,WIKIPEDIA_YEAR_CHRONOLOGY_B,B,NOT_REQUIRED_TARGETED_V16,STRUCTURAL_PASS_COMPLETE,La page annuelle sert de support B. Une vérification page événement spécifique est prévue avant le palier 2 000.,ANNUAL_CHRONOLOGY_RETAINED,,No ambiguity trigger detected in targeted V16 pass; annual chronology remains B support.,août 480 av. J.-C.,Bataille des Thermopyles,TRUE
EVT-0551,Bataille de Cannes,2 août 216 av. J.-C.,-216,SRC-0527,https://en.wikipedia.org/wiki/216_BC,WIKIPEDIA_YEAR_CHRONOLOGY_B,B,NOT_REQUIRED_TARGETED_V16,STRUCTURAL_PASS_COMPLETE,La page annuelle sert de support B. Une vérification page événement spécifique est prévue avant le palier 2 000.,ANNUAL_CHRONOLOGY_RETAINED,,No ambiguity trigger detected in targeted V16 pass; annual chronology remains B support.,2 août 216 av. J.-C.,Bataille de Cannes,TRUE
EVT-0552,Éruption du Vésuve ensevelissant Pompéi et Herculanum,24 août 79,79,SRC-0532,https://en.wikipedia.org/wiki/79,WIKIPEDIA_YEAR_CHRONOLOGY_B,B,COMPLETE,COMPLETE,La page annuelle sert de support B. Une vérification page événement spécifique est prévue avant le palier 2 000.,CORRECTED_PAGE_SPECIFIC,https://en.wikipedia.org/wiki/Eruption_of_Mount_Vesuvius_in_79_AD,La date du 24 août est traditionnelle mais la date exacte de l’éruption reste débattue.,"24 août 79 traditionnel ; une datation automnale, notamment fin octobre, reste discutée",Éruption du Vésuve ensevelissant Pompéi et Herculanum,FALSE
EVT-0553,Sargon d’Akkad fonde l’Empire d’Akkad,2334 av. J.-C.,-2334,SRC-0516,https://en.wikipedia.org/wiki/2334_BC,WIKIPEDIA_YEAR_CHRONOLOGY_B,B,NOT_REQUIRED_TARGETED_V16,STRUCTURAL_PASS_COMPLETE,La page annuelle sert de support B. Une vérification page événement spécifique est prévue avant le palier 2 000.,ANNUAL_CHRONOLOGY_RETAINED,,No ambiguity trigger detected in targeted V16 pass; annual chronology remains B support.,2334 av. J.-C.,Sargon d’Akkad fonde l’Empire d’Akkad,TRUE
EVT-0554,Bataille de Qadesh entre Ramsès II et les Hittites,1274 av. J.-C.,-1274,SRC-0518,https://en.wikipedia.org/wiki/1274_BC,WIKIPEDIA_YEAR_CHRONOLOGY_B,B,NOT_REQUIRED_TARGETED_V16,STRUCTURAL_PASS_COMPLETE,La page annuelle sert de support B. Une vérification page événement spécifique est prévue avant le palier 2 000.,ANNUAL_CHRONOLOGY_RETAINED,,No ambiguity trigger detected in targeted V16 pass; annual chronology remains B support.,1274 av. J.-C.,Bataille de Qadesh entre Ramsès II et les Hittites,TRUE
EVT-0555,Effondrement de l’âge du bronze en Méditerranée orientale,1200 av. J.-C.,-1200,SRC-0519,https://en.wikipedia.org/wiki/1200_BC,WIKIPEDIA_YEAR_CHRONOLOGY_B,B,NOT_REQUIRED_TARGETED_V16,STRUCTURAL_PASS_COMPLETE,La page annuelle sert de support B. Une vérification page événement spécifique est prévue avant le palier 2 000.,ANNUAL_CHRONOLOGY_RETAINED,,No ambiguity trigger detected in targeted V16 pass; annual chronology remains B support.,1200 av. J.-C.,Effondrement de l’âge du bronze en Méditerranée orientale,FALSE
EVT-0556,Réformes de Solon à Athènes,594 av. J.-C.,-594,SRC-0521,https://en.wikipedia.org/wiki/594_BC,WIKIPEDIA_YEAR_CHRONOLOGY_B,B,NOT_REQUIRED_TARGETED_V16,STRUCTURAL_PASS_COMPLETE,La page annuelle sert de support B. Une vérification page événement spécifique est prévue avant le palier 2 000.,ANNUAL_CHRONOLOGY_RETAINED,,No ambiguity trigger detected in targeted V16 pass; annual chronology remains B support.,594 av. J.-C.,Réformes de Solon à Athènes,TRUE
EVT-0557,Bataille de Chéronée et domination macédonienne sur la Grèce,338 av. J.-C.,-338,SRC-0524,https://en.wikipedia.org/wiki/338_BC,WIKIPEDIA_YEAR_CHRONOLOGY_B,B,NOT_REQUIRED_TARGETED_V16,STRUCTURAL_PASS_COMPLETE,La page annuelle sert de support B. Une vérification page événement spécifique est prévue avant le palier 2 000.,ANNUAL_CHRONOLOGY_RETAINED,,No ambiguity trigger detected in targeted V16 pass; annual chronology remains B support.,338 av. J.-C.,Bataille de Chéronée et domination macédonienne sur la Grèce,TRUE
EVT-0558,Début de la deuxième guerre punique,218 av. J.-C.,-218,SRC-0526,https://en.wikipedia.org/wiki/218_BC,WIKIPEDIA_YEAR_CHRONOLOGY_B,B,NOT_REQUIRED_TARGETED_V16,STRUCTURAL_PASS_COMPLETE,La page annuelle sert de support B. Une vérification page événement spécifique est prévue avant le palier 2 000.,ANNUAL_CHRONOLOGY_RETAINED,,No ambiguity trigger detected in targeted V16 pass; annual chronology remains B support.,218 av. J.-C.,Début de la deuxième guerre punique,TRUE
EVT-0559,Bataille de Zama,19 octobre 202 av. J.-C.,-202,SRC-0528,https://en.wikipedia.org/wiki/202_BC,WIKIPEDIA_YEAR_CHRONOLOGY_B,B,NOT_REQUIRED_TARGETED_V16,STRUCTURAL_PASS_COMPLETE,La page annuelle sert de support B. Une vérification page événement spécifique est prévue avant le palier 2 000.,ANNUAL_CHRONOLOGY_RETAINED,,No ambiguity trigger detected in targeted V16 pass; annual chronology remains B support.,19 octobre 202 av. J.-C.,Bataille de Zama,TRUE
EVT-0560,Début de la révolte de Spartacus,73 av. J.-C.,-73,SRC-0529,https://en.wikipedia.org/wiki/73_BC,WIKIPEDIA_YEAR_CHRONOLOGY_B,B,NOT_REQUIRED_TARGETED_V16,STRUCTURAL_PASS_COMPLETE,La page annuelle sert de support B. Une vérification page événement spécifique est prévue avant le palier 2 000.,ANNUAL_CHRONOLOGY_RETAINED,,No ambiguity trigger detected in targeted V16 pass; annual chronology remains B support.,73 av. J.-C.,Début de la révolte de Spartacus,TRUE
EVT-0561,Défaite romaine dans la forêt de Teutoburg,septembre 9,9,SRC-0530,https://en.wikipedia.org/wiki/9,WIKIPEDIA_YEAR_CHRONOLOGY_B,B,NOT_REQUIRED_TARGETED_V16,STRUCTURAL_PASS_COMPLETE,La page annuelle sert de support B. Une vérification page événement spécifique est prévue avant le palier 2 000.,ANNUAL_CHRONOLOGY_RETAINED,,No ambiguity trigger detected in targeted V16 pass; annual chronology remains B support.,septembre 9,Défaite romaine dans la forêt de Teutoburg,TRUE
EVT-0562,Début du grand incendie de Rome,18 juillet 64,64,SRC-0531,https://en.wikipedia.org/wiki/64,WIKIPEDIA_YEAR_CHRONOLOGY_B,B,NOT_REQUIRED_TARGETED_V16,STRUCTURAL_PASS_COMPLETE,La page annuelle sert de support B. Une vérification page événement spécifique est prévue avant le palier 2 000.,ANNUAL_CHRONOLOGY_RETAINED,,No ambiguity trigger detected in targeted V16 pass; annual chronology remains B support.,18 juillet 64,Début du grand incendie de Rome,TRUE
EVT-0563,Extension maximale de l’Empire romain sous Trajan,117,117,SRC-0533,https://en.wikipedia.org/wiki/117,WIKIPEDIA_YEAR_CHRONOLOGY_B,B,NOT_REQUIRED_TARGETED_V16,STRUCTURAL_PASS_COMPLETE,La page annuelle sert de support B. Une vérification page événement spécifique est prévue avant le palier 2 000.,ANNUAL_CHRONOLOGY_RETAINED,,No ambiguity trigger detected in targeted V16 pass; annual chronology remains B support.,117,Extension maximale de l’Empire romain sous Trajan,TRUE
EVT-0564,Constitution antonine accordant la citoyenneté romaine aux hommes libres de l’Empire,212,212,SRC-0534,https://en.wikipedia.org/wiki/212,WIKIPEDIA_YEAR_CHRONOLOGY_B,B,NOT_REQUIRED_TARGETED_V16,STRUCTURAL_PASS_COMPLETE,La page annuelle sert de support B. Une vérification page événement spécifique est prévue avant le palier 2 000.,ANNUAL_CHRONOLOGY_RETAINED,,No ambiguity trigger detected in targeted V16 pass; annual chronology remains B support.,212,Constitution antonine accordant la citoyenneté romaine aux hommes libres de l’Empire,TRUE
EVT-0565,Bataille du pont Milvius,28 octobre 312,312,SRC-0538,https://en.wikipedia.org/wiki/312,WIKIPEDIA_YEAR_CHRONOLOGY_B,B,NOT_REQUIRED_TARGETED_V16,STRUCTURAL_PASS_COMPLETE,La page annuelle sert de support B. Une vérification page événement spécifique est prévue avant le palier 2 000.,ANNUAL_CHRONOLOGY_RETAINED,,No ambiguity trigger detected in targeted V16 pass; annual chronology remains B support.,28 octobre 312,Bataille du pont Milvius,TRUE
EVT-0566,Mort de Théodose Ier et partage durable de l’Empire romain,17 janvier 395,395,SRC-0539,https://en.wikipedia.org/wiki/395,WIKIPEDIA_YEAR_CHRONOLOGY_B,B,NOT_REQUIRED_TARGETED_V16,STRUCTURAL_PASS_COMPLETE,La page annuelle sert de support B. Une vérification page événement spécifique est prévue avant le palier 2 000.,ANNUAL_CHRONOLOGY_RETAINED,,No ambiguity trigger detected in targeted V16 pass; annual chronology remains B support.,17 janvier 395,Mort de Théodose Ier et partage durable de l’Empire romain,TRUE
EVT-0567,Bataille des Champs Catalauniques,20 juin 451,451,SRC-0540,https://en.wikipedia.org/wiki/451,WIKIPEDIA_YEAR_CHRONOLOGY_B,B,NOT_REQUIRED_TARGETED_V16,STRUCTURAL_PASS_COMPLETE,La page annuelle sert de support B. Une vérification page événement spécifique est prévue avant le palier 2 000.,ANNUAL_CHRONOLOGY_RETAINED,,No ambiguity trigger detected in targeted V16 pass; annual chronology remains B support.,20 juin 451,Bataille des Champs Catalauniques,TRUE
EVT-0568,Début du sac de Rome par les Vandales,2 juin 455,455,SRC-0541,https://en.wikipedia.org/wiki/455,WIKIPEDIA_YEAR_CHRONOLOGY_B,B,NOT_REQUIRED_TARGETED_V16,STRUCTURAL_PASS_COMPLETE,La page annuelle sert de support B. Une vérification page événement spécifique est prévue avant le palier 2 000.,ANNUAL_CHRONOLOGY_RETAINED,,No ambiguity trigger detected in targeted V16 pass; annual chronology remains B support.,2 juin 455,Début du sac de Rome par les Vandales,TRUE
EVT-0569,Début de la civilisation de la vallée de l’Indus à son apogée urbaine,2600 av. J.-C.,-2600,SRC-0515,https://en.wikipedia.org/wiki/2600_BC,WIKIPEDIA_YEAR_CHRONOLOGY_B,B,NOT_REQUIRED_TARGETED_V16,STRUCTURAL_PASS_COMPLETE,La page annuelle sert de support B. Une vérification page événement spécifique est prévue avant le palier 2 000.,ANNUAL_CHRONOLOGY_RETAINED,,No ambiguity trigger detected in targeted V16 pass; annual chronology remains B support.,2600 av. J.-C.,Début de la civilisation de la vallée de l’Indus à son apogée urbaine,FALSE
EVT-0570,Éruption minoenne de Santorin,1600 av. J.-C.,-1600,SRC-0517,https://en.wikipedia.org/wiki/1600_BC,WIKIPEDIA_YEAR_CHRONOLOGY_B,B,COMPLETE,COMPLETE,La page annuelle sert de support B. Une vérification page événement spécifique est prévue avant le palier 2 000.,CORRECTED_PAGE_SPECIFIC,https://en.wikipedia.org/wiki/Minoan_eruption,La datation de l’éruption minoenne ne doit pas être figée à -1600 comme une année exacte.,"vers 1600 av. J.-C. ; datation discutée, approximativement entre le XVIIe et le XVIe siècle av. J.-C.",Éruption minoenne de Santorin,FALSE
EVT-0571,Lois de Dracon à Athènes,621 av. J.-C.,-621,SRC-0520,https://en.wikipedia.org/wiki/621_BC,WIKIPEDIA_YEAR_CHRONOLOGY_B,B,NOT_REQUIRED_TARGETED_V16,STRUCTURAL_PASS_COMPLETE,La page annuelle sert de support B. Une vérification page événement spécifique est prévue avant le palier 2 000.,ANNUAL_CHRONOLOGY_RETAINED,,No ambiguity trigger detected in targeted V16 pass; annual chronology remains B support.,621 av. J.-C.,Lois de Dracon à Athènes,TRUE
EVT-0572,Capitulation d’Athènes et fin de la guerre du Péloponnèse,404 av. J.-C.,-404,SRC-0523,https://en.wikipedia.org/wiki/404_BC,WIKIPEDIA_YEAR_CHRONOLOGY_B,B,NOT_REQUIRED_TARGETED_V16,STRUCTURAL_PASS_COMPLETE,La page annuelle sert de support B. Une vérification page événement spécifique est prévue avant le palier 2 000.,ANNUAL_CHRONOLOGY_RETAINED,,No ambiguity trigger detected in targeted V16 pass; annual chronology remains B support.,404 av. J.-C.,Capitulation d’Athènes et fin de la guerre du Péloponnèse,TRUE
EVT-0573,Bataille du Granique,334 av. J.-C.,-334,SRC-0525,https://en.wikipedia.org/wiki/334_BC,WIKIPEDIA_YEAR_CHRONOLOGY_B,B,NOT_REQUIRED_TARGETED_V16,STRUCTURAL_PASS_COMPLETE,La page annuelle sert de support B. Une vérification page événement spécifique est prévue avant le palier 2 000.,ANNUAL_CHRONOLOGY_RETAINED,,No ambiguity trigger detected in targeted V16 pass; annual chronology remains B support.,334 av. J.-C.,Bataille du Granique,TRUE
EVT-0574,Début conventionnel de la crise du IIIe siècle dans l’Empire romain,235,235,SRC-0535,https://en.wikipedia.org/wiki/235,WIKIPEDIA_YEAR_CHRONOLOGY_B,B,NOT_REQUIRED_TARGETED_V16,STRUCTURAL_PASS_COMPLETE,La page annuelle sert de support B. Une vérification page événement spécifique est prévue avant le palier 2 000.,ANNUAL_CHRONOLOGY_RETAINED,,No ambiguity trigger detected in targeted V16 pass; annual chronology remains B support.,235,Début conventionnel de la crise du IIIe siècle dans l’Empire romain,TRUE
EVT-0575,Dioclétien devient empereur romain,20 novembre 284,284,SRC-0536,https://en.wikipedia.org/wiki/284,WIKIPEDIA_YEAR_CHRONOLOGY_B,B,NOT_REQUIRED_TARGETED_V16,STRUCTURAL_PASS_COMPLETE,La page annuelle sert de support B. Une vérification page événement spécifique est prévue avant le palier 2 000.,ANNUAL_CHRONOLOGY_RETAINED,,No ambiguity trigger detected in targeted V16 pass; annual chronology remains B support.,20 novembre 284,Dioclétien devient empereur romain,TRUE
EVT-0576,Mise en place de la Tétrarchie romaine,1 mars 293,293,SRC-0537,https://en.wikipedia.org/wiki/293,WIKIPEDIA_YEAR_CHRONOLOGY_B,B,NOT_REQUIRED_TARGETED_V16,STRUCTURAL_PASS_COMPLETE,La page annuelle sert de support B. Une vérification page événement spécifique est prévue avant le palier 2 000.,ANNUAL_CHRONOLOGY_RETAINED,,No ambiguity trigger detected in targeted V16 pass; annual chronology remains B support.,1 mars 293,Mise en place de la Tétrarchie romaine,TRUE
EVT-0577,Mort de Mahomet à Médine,8 juin 632,632,SRC-0546,https://en.wikipedia.org/wiki/632,WIKIPEDIA_YEAR_CHRONOLOGY_B,B,NOT_REQUIRED_TARGETED_V16,STRUCTURAL_PASS_COMPLETE,La page annuelle sert de support B. Une vérification page événement spécifique est prévue avant le palier 2 000.,ANNUAL_CHRONOLOGY_RETAINED,,No ambiguity trigger detected in targeted V16 pass; annual chronology remains B support.,8 juin 632,Mort de Mahomet à Médine,TRUE
EVT-0578,Début de la conquête musulmane de la péninsule Ibérique,711,711,SRC-0549,https://en.wikipedia.org/wiki/711,WIKIPEDIA_YEAR_CHRONOLOGY_B,B,NOT_REQUIRED_TARGETED_V16,STRUCTURAL_PASS_COMPLETE,La page annuelle sert de support B. Une vérification page événement spécifique est prévue avant le palier 2 000.,ANNUAL_CHRONOLOGY_RETAINED,,No ambiguity trigger detected in targeted V16 pass; annual chronology remains B support.,711,Début de la conquête musulmane de la péninsule Ibérique,TRUE
EVT-0579,Saladin reprend Jérusalem,2 octobre 1187,1187,SRC-0559,https://en.wikipedia.org/wiki/1187,WIKIPEDIA_YEAR_CHRONOLOGY_B,B,NOT_REQUIRED_TARGETED_V16,STRUCTURAL_PASS_COMPLETE,La page annuelle sert de support B. Une vérification page événement spécifique est prévue avant le palier 2 000.,ANNUAL_CHRONOLOGY_RETAINED,,No ambiguity trigger detected in targeted V16 pass; annual chronology remains B support.,2 octobre 1187,Saladin reprend Jérusalem,TRUE
EVT-0580,Arrivée de la peste noire en Sicile,octobre 1347,1347,SRC-0572,https://en.wikipedia.org/wiki/1347,WIKIPEDIA_YEAR_CHRONOLOGY_B,B,NOT_REQUIRED_TARGETED_V16,STRUCTURAL_PASS_COMPLETE,La page annuelle sert de support B. Une vérification page événement spécifique est prévue avant le palier 2 000.,ANNUAL_CHRONOLOGY_RETAINED,,No ambiguity trigger detected in targeted V16 pass; annual chronology remains B support.,octobre 1347,Arrivée de la peste noire en Sicile,TRUE
EVT-0581,Dédicace de la basilique Sainte-Sophie de Constantinople,27 décembre 537,537,SRC-0543,https://en.wikipedia.org/wiki/537,WIKIPEDIA_YEAR_CHRONOLOGY_B,B,NOT_REQUIRED_TARGETED_V16,STRUCTURAL_PASS_COMPLETE,La page annuelle sert de support B. Une vérification page événement spécifique est prévue avant le palier 2 000.,ANNUAL_CHRONOLOGY_RETAINED,,No ambiguity trigger detected in targeted V16 pass; annual chronology remains B support.,27 décembre 537,Dédicace de la basilique Sainte-Sophie de Constantinople,TRUE
EVT-0582,Début de la peste de Justinien dans l’Empire byzantin,541,541,SRC-0544,https://en.wikipedia.org/wiki/541,WIKIPEDIA_YEAR_CHRONOLOGY_B,B,NOT_REQUIRED_TARGETED_V16,STRUCTURAL_PASS_COMPLETE,La page annuelle sert de support B. Une vérification page événement spécifique est prévue avant le palier 2 000.,ANNUAL_CHRONOLOGY_RETAINED,,No ambiguity trigger detected in targeted V16 pass; annual chronology remains B support.,541,Début de la peste de Justinien dans l’Empire byzantin,TRUE
EVT-0583,Naissance traditionnelle de Mahomet à La Mecque,570,570,SRC-0545,https://en.wikipedia.org/wiki/570,WIKIPEDIA_YEAR_CHRONOLOGY_B,B,NOT_REQUIRED_TARGETED_V16,STRUCTURAL_PASS_COMPLETE,La page annuelle sert de support B. Une vérification page événement spécifique est prévue avant le palier 2 000.,ANNUAL_CHRONOLOGY_RETAINED,,No ambiguity trigger detected in targeted V16 pass; annual chronology remains B support.,570,Naissance traditionnelle de Mahomet à La Mecque,TRUE
EVT-0584,Bataille du Yarmouk,20 août 636,636,SRC-0547,https://en.wikipedia.org/wiki/636,WIKIPEDIA_YEAR_CHRONOLOGY_B,B,NOT_REQUIRED_TARGETED_V16,STRUCTURAL_PASS_COMPLETE,La page annuelle sert de support B. Une vérification page événement spécifique est prévue avant le palier 2 000.,ANNUAL_CHRONOLOGY_RETAINED,,No ambiguity trigger detected in targeted V16 pass; annual chronology remains B support.,20 août 636,Bataille du Yarmouk,TRUE
EVT-0585,Établissement du califat omeyyade,661,661,SRC-0548,https://en.wikipedia.org/wiki/661,WIKIPEDIA_YEAR_CHRONOLOGY_B,B,NOT_REQUIRED_TARGETED_V16,STRUCTURAL_PASS_COMPLETE,La page annuelle sert de support B. Une vérification page événement spécifique est prévue avant le palier 2 000.,ANNUAL_CHRONOLOGY_RETAINED,,No ambiguity trigger detected in targeted V16 pass; annual chronology remains B support.,661,Établissement du califat omeyyade,TRUE
EVT-0586,Révolution abbasside et chute des Omeyyades,750,750,SRC-0550,https://en.wikipedia.org/wiki/750,WIKIPEDIA_YEAR_CHRONOLOGY_B,B,NOT_REQUIRED_TARGETED_V16,STRUCTURAL_PASS_COMPLETE,La page annuelle sert de support B. Une vérification page événement spécifique est prévue avant le palier 2 000.,ANNUAL_CHRONOLOGY_RETAINED,,No ambiguity trigger detected in targeted V16 pass; annual chronology remains B support.,750,Révolution abbasside et chute des Omeyyades,TRUE
EVT-0587,Fondation de Bagdad par le calife al-Mansur,30 juillet 762,762,SRC-0551,https://en.wikipedia.org/wiki/762,WIKIPEDIA_YEAR_CHRONOLOGY_B,B,NOT_REQUIRED_TARGETED_V16,STRUCTURAL_PASS_COMPLETE,La page annuelle sert de support B. Une vérification page événement spécifique est prévue avant le palier 2 000.,ANNUAL_CHRONOLOGY_RETAINED,,No ambiguity trigger detected in targeted V16 pass; annual chronology remains B support.,30 juillet 762,Fondation de Bagdad par le calife al-Mansur,TRUE
EVT-0588,Raid viking contre le monastère de Lindisfarne,8 juin 793,793,SRC-0552,https://en.wikipedia.org/wiki/793,WIKIPEDIA_YEAR_CHRONOLOGY_B,B,NOT_REQUIRED_TARGETED_V16,STRUCTURAL_PASS_COMPLETE,La page annuelle sert de support B. Une vérification page événement spécifique est prévue avant le palier 2 000.,ANNUAL_CHRONOLOGY_RETAINED,,No ambiguity trigger detected in targeted V16 pass; annual chronology remains B support.,8 juin 793,Raid viking contre le monastère de Lindisfarne,TRUE
EVT-0589,Voyage de Leif Erikson vers l’Amérique du Nord,1000,1000,SRC-0554,https://en.wikipedia.org/wiki/1000,WIKIPEDIA_YEAR_CHRONOLOGY_B,B,NOT_REQUIRED_TARGETED_V16,STRUCTURAL_PASS_COMPLETE,La page annuelle sert de support B. Une vérification page événement spécifique est prévue avant le palier 2 000.,ANNUAL_CHRONOLOGY_RETAINED,,No ambiguity trigger detected in targeted V16 pass; annual chronology remains B support.,1000,Voyage de Leif Erikson vers l’Amérique du Nord,FALSE
EVT-0590,Concordat de Worms,23 septembre 1122,1122,SRC-0556,https://en.wikipedia.org/wiki/1122,WIKIPEDIA_YEAR_CHRONOLOGY_B,B,NOT_REQUIRED_TARGETED_V16,STRUCTURAL_PASS_COMPLETE,La page annuelle sert de support B. Une vérification page événement spécifique est prévue avant le palier 2 000.,ANNUAL_CHRONOLOGY_RETAINED,,No ambiguity trigger detected in targeted V16 pass; annual chronology remains B support.,23 septembre 1122,Concordat de Worms,TRUE
EVT-0591,Assassinat de Thomas Becket dans la cathédrale de Cantorbéry,29 décembre 1170,1170,SRC-0558,https://en.wikipedia.org/wiki/1170,WIKIPEDIA_YEAR_CHRONOLOGY_B,B,NOT_REQUIRED_TARGETED_V16,STRUCTURAL_PASS_COMPLETE,La page annuelle sert de support B. Une vérification page événement spécifique est prévue avant le palier 2 000.,ANNUAL_CHRONOLOGY_RETAINED,,No ambiguity trigger detected in targeted V16 pass; annual chronology remains B support.,29 décembre 1170,Assassinat de Thomas Becket dans la cathédrale de Cantorbéry,TRUE
EVT-0592,Bataille de Hattin,4 juillet 1187,1187,SRC-0559,https://en.wikipedia.org/wiki/1187,WIKIPEDIA_YEAR_CHRONOLOGY_B,B,NOT_REQUIRED_TARGETED_V16,STRUCTURAL_PASS_COMPLETE,La page annuelle sert de support B. Une vérification page événement spécifique est prévue avant le palier 2 000.,ANNUAL_CHRONOLOGY_RETAINED,,No ambiguity trigger detected in targeted V16 pass; annual chronology remains B support.,4 juillet 1187,Bataille de Hattin,TRUE
EVT-0593,Mort de Gengis Khan,18 août 1227,1227,SRC-0561,https://en.wikipedia.org/wiki/1227,WIKIPEDIA_YEAR_CHRONOLOGY_B,B,NOT_REQUIRED_TARGETED_V16,STRUCTURAL_PASS_COMPLETE,La page annuelle sert de support B. Une vérification page événement spécifique est prévue avant le palier 2 000.,ANNUAL_CHRONOLOGY_RETAINED,,No ambiguity trigger detected in targeted V16 pass; annual chronology remains B support.,18 août 1227,Mort de Gengis Khan,TRUE
EVT-0594,Premier parlement de Simon de Montfort,20 janvier 1265,1265,SRC-0564,https://en.wikipedia.org/wiki/1265,WIKIPEDIA_YEAR_CHRONOLOGY_B,B,NOT_REQUIRED_TARGETED_V16,STRUCTURAL_PASS_COMPLETE,La page annuelle sert de support B. Une vérification page événement spécifique est prévue avant le palier 2 000.,ANNUAL_CHRONOLOGY_RETAINED,,No ambiguity trigger detected in targeted V16 pass; annual chronology remains B support.,20 janvier 1265,Premier parlement de Simon de Montfort,TRUE
EVT-0595,"Chute d’Acre, dernier grand bastion croisé en Terre sainte",18 mai 1291,1291,SRC-0565,https://en.wikipedia.org/wiki/1291,WIKIPEDIA_YEAR_CHRONOLOGY_B,B,NOT_REQUIRED_TARGETED_V16,STRUCTURAL_PASS_COMPLETE,La page annuelle sert de support B. Une vérification page événement spécifique est prévue avant le palier 2 000.,ANNUAL_CHRONOLOGY_RETAINED,,No ambiguity trigger detected in targeted V16 pass; annual chronology remains B support.,18 mai 1291,"Chute d’Acre, dernier grand bastion croisé en Terre sainte",TRUE
EVT-0596,Exécution de William Wallace,23 août 1305,1305,SRC-0567,https://en.wikipedia.org/wiki/1305,WIKIPEDIA_YEAR_CHRONOLOGY_B,B,NOT_REQUIRED_TARGETED_V16,STRUCTURAL_PASS_COMPLETE,La page annuelle sert de support B. Une vérification page événement spécifique est prévue avant le palier 2 000.,ANNUAL_CHRONOLOGY_RETAINED,,No ambiguity trigger detected in targeted V16 pass; annual chronology remains B support.,23 août 1305,Exécution de William Wallace,TRUE
EVT-0597,Arrestation des Templiers en France,13 octobre 1307,1307,SRC-0568,https://en.wikipedia.org/wiki/1307,WIKIPEDIA_YEAR_CHRONOLOGY_B,B,NOT_REQUIRED_TARGETED_V16,STRUCTURAL_PASS_COMPLETE,La page annuelle sert de support B. Une vérification page événement spécifique est prévue avant le palier 2 000.,ANNUAL_CHRONOLOGY_RETAINED,,No ambiguity trigger detected in targeted V16 pass; annual chronology remains B support.,13 octobre 1307,Arrestation des Templiers en France,TRUE
EVT-0598,Début de la papauté d’Avignon,1309,1309,SRC-0569,https://en.wikipedia.org/wiki/1309,WIKIPEDIA_YEAR_CHRONOLOGY_B,B,NOT_REQUIRED_TARGETED_V16,STRUCTURAL_PASS_COMPLETE,La page annuelle sert de support B. Une vérification page événement spécifique est prévue avant le palier 2 000.,ANNUAL_CHRONOLOGY_RETAINED,,No ambiguity trigger detected in targeted V16 pass; annual chronology remains B support.,1309,Début de la papauté d’Avignon,TRUE
EVT-0599,Bataille de Bannockburn,24 juin 1314,1314,SRC-0570,https://en.wikipedia.org/wiki/1314,WIKIPEDIA_YEAR_CHRONOLOGY_B,B,NOT_REQUIRED_TARGETED_V16,STRUCTURAL_PASS_COMPLETE,La page annuelle sert de support B. Une vérification page événement spécifique est prévue avant le palier 2 000.,ANNUAL_CHRONOLOGY_RETAINED,,No ambiguity trigger detected in targeted V16 pass; annual chronology remains B support.,24 juin 1314,Bataille de Bannockburn,TRUE
EVT-0600,Grande révolte des paysans en Angleterre,juin 1381,1381,SRC-0573,https://en.wikipedia.org/wiki/1381,WIKIPEDIA_YEAR_CHRONOLOGY_B,B,NOT_REQUIRED_TARGETED_V16,STRUCTURAL_PASS_COMPLETE,La page annuelle sert de support B. Une vérification page événement spécifique est prévue avant le palier 2 000.,ANNUAL_CHRONOLOGY_RETAINED,,No ambiguity trigger detected in targeted V16 pass; annual chronology remains B support.,juin 1381,Grande révolte des paysans en Angleterre,TRUE
EVT-0601,Bataille de Kosovo Polje,28 juin 1389,1389,SRC-0574,https://en.wikipedia.org/wiki/1389,WIKIPEDIA_YEAR_CHRONOLOGY_B,B,NOT_REQUIRED_TARGETED_V16,STRUCTURAL_PASS_COMPLETE,La page annuelle sert de support B. Une vérification page événement spécifique est prévue avant le palier 2 000.,ANNUAL_CHRONOLOGY_RETAINED,,No ambiguity trigger detected in targeted V16 pass; annual chronology remains B support.,28 juin 1389,Bataille de Kosovo Polje,TRUE
EVT-0602,Exécution de Jan Hus à Constance,6 juillet 1415,1415,SRC-0575,https://en.wikipedia.org/wiki/1415,WIKIPEDIA_YEAR_CHRONOLOGY_B,B,NOT_REQUIRED_TARGETED_V16,STRUCTURAL_PASS_COMPLETE,La page annuelle sert de support B. Une vérification page événement spécifique est prévue avant le palier 2 000.,ANNUAL_CHRONOLOGY_RETAINED,,No ambiguity trigger detected in targeted V16 pass; annual chronology remains B support.,6 juillet 1415,Exécution de Jan Hus à Constance,TRUE
EVT-0603,Bataille de Bosworth et fin de la guerre des Deux-Roses,22 août 1485,1485,SRC-0576,https://en.wikipedia.org/wiki/1485,WIKIPEDIA_YEAR_CHRONOLOGY_B,B,NOT_REQUIRED_TARGETED_V16,STRUCTURAL_PASS_COMPLETE,La page annuelle sert de support B. Une vérification page événement spécifique est prévue avant le palier 2 000.,ANNUAL_CHRONOLOGY_RETAINED,,No ambiguity trigger detected in targeted V16 pass; annual chronology remains B support.,22 août 1485,Bataille de Bosworth et fin de la guerre des Deux-Roses,TRUE
EVT-0604,Début de la sédition Nika à Constantinople,13 janvier 532,532,SRC-0542,https://en.wikipedia.org/wiki/532,WIKIPEDIA_YEAR_CHRONOLOGY_B,B,NOT_REQUIRED_TARGETED_V16,STRUCTURAL_PASS_COMPLETE,La page annuelle sert de support B. Une vérification page événement spécifique est prévue avant le palier 2 000.,ANNUAL_CHRONOLOGY_RETAINED,,No ambiguity trigger detected in targeted V16 pass; annual chronology remains B support.,13 janvier 532,Début de la sédition Nika à Constantinople,TRUE
EVT-0605,Bataille d’Edington entre Alfred le Grand et les Vikings,mai 878,878,SRC-0553,https://en.wikipedia.org/wiki/878,WIKIPEDIA_YEAR_CHRONOLOGY_B,B,NOT_REQUIRED_TARGETED_V16,STRUCTURAL_PASS_COMPLETE,La page annuelle sert de support B. Une vérification page événement spécifique est prévue avant le palier 2 000.,ANNUAL_CHRONOLOGY_RETAINED,,No ambiguity trigger detected in targeted V16 pass; annual chronology remains B support.,mai 878,Bataille d’Edington entre Alfred le Grand et les Vikings,TRUE
EVT-0606,Bataille de Stamford Bridge,25 septembre 1066,1066,SRC-0555,https://en.wikipedia.org/wiki/1066,WIKIPEDIA_YEAR_CHRONOLOGY_B,B,NOT_REQUIRED_TARGETED_V16,STRUCTURAL_PASS_COMPLETE,La page annuelle sert de support B. Une vérification page événement spécifique est prévue avant le palier 2 000.,ANNUAL_CHRONOLOGY_RETAINED,,No ambiguity trigger detected in targeted V16 pass; annual chronology remains B support.,25 septembre 1066,Bataille de Stamford Bridge,TRUE
EVT-0607,Couronnement d’Henri II Plantagenêt comme roi d’Angleterre,19 décembre 1154,1154,SRC-0557,https://en.wikipedia.org/wiki/1154,WIKIPEDIA_YEAR_CHRONOLOGY_B,B,NOT_REQUIRED_TARGETED_V16,STRUCTURAL_PASS_COMPLETE,La page annuelle sert de support B. Une vérification page événement spécifique est prévue avant le palier 2 000.,ANNUAL_CHRONOLOGY_RETAINED,,No ambiguity trigger detected in targeted V16 pass; annual chronology remains B support.,19 décembre 1154,Couronnement d’Henri II Plantagenêt comme roi d’Angleterre,TRUE
EVT-0608,Traité de Jaffa mettant fin à la troisième croisade,2 septembre 1192,1192,SRC-0560,https://en.wikipedia.org/wiki/1192,WIKIPEDIA_YEAR_CHRONOLOGY_B,B,NOT_REQUIRED_TARGETED_V16,STRUCTURAL_PASS_COMPLETE,La page annuelle sert de support B. Une vérification page événement spécifique est prévue avant le palier 2 000.,ANNUAL_CHRONOLOGY_RETAINED,,No ambiguity trigger detected in targeted V16 pass; annual chronology remains B support.,2 septembre 1192,Traité de Jaffa mettant fin à la troisième croisade,TRUE
EVT-0609,Bataille de Legnica face aux Mongols,9 avril 1241,1241,SRC-0562,https://en.wikipedia.org/wiki/1241,WIKIPEDIA_YEAR_CHRONOLOGY_B,B,NOT_REQUIRED_TARGETED_V16,STRUCTURAL_PASS_COMPLETE,La page annuelle sert de support B. Une vérification page événement spécifique est prévue avant le palier 2 000.,ANNUAL_CHRONOLOGY_RETAINED,,No ambiguity trigger detected in targeted V16 pass; annual chronology remains B support.,9 avril 1241,Bataille de Legnica face aux Mongols,TRUE
EVT-0610,Bataille de Fariskur et capture de Louis IX,6 avril 1250,1250,SRC-0563,https://en.wikipedia.org/wiki/1250,WIKIPEDIA_YEAR_CHRONOLOGY_B,B,NOT_REQUIRED_TARGETED_V16,STRUCTURAL_PASS_COMPLETE,La page annuelle sert de support B. Une vérification page événement spécifique est prévue avant le palier 2 000.,ANNUAL_CHRONOLOGY_RETAINED,,No ambiguity trigger detected in targeted V16 pass; annual chronology remains B support.,6 avril 1250,Bataille de Fariskur et capture de Louis IX,TRUE
EVT-0611,Bataille des Éperons d’or,11 juillet 1302,1302,SRC-0566,https://en.wikipedia.org/wiki/1302,WIKIPEDIA_YEAR_CHRONOLOGY_B,B,NOT_REQUIRED_TARGETED_V16,STRUCTURAL_PASS_COMPLETE,La page annuelle sert de support B. Une vérification page événement spécifique est prévue avant le palier 2 000.,ANNUAL_CHRONOLOGY_RETAINED,,No ambiguity trigger detected in targeted V16 pass; annual chronology remains B support.,11 juillet 1302,Bataille des Éperons d’or,TRUE
EVT-0612,Déclaration d’Arbroath,6 avril 1320,1320,SRC-0571,https://en.wikipedia.org/wiki/1320,WIKIPEDIA_YEAR_CHRONOLOGY_B,B,NOT_REQUIRED_TARGETED_V16,STRUCTURAL_PASS_COMPLETE,La page annuelle sert de support B. Une vérification page événement spécifique est prévue avant le palier 2 000.,ANNUAL_CHRONOLOGY_RETAINED,,No ambiguity trigger detected in targeted V16 pass; annual chronology remains B support.,6 avril 1320,Déclaration d’Arbroath,TRUE
EVT-0613,Hernán Cortés entre à Tenochtitlan,8 novembre 1519,1519,SRC-0581,https://en.wikipedia.org/wiki/1519,WIKIPEDIA_YEAR_CHRONOLOGY_B,B,NOT_REQUIRED_TARGETED_V16,STRUCTURAL_PASS_COMPLETE,La page annuelle sert de support B. Une vérification page événement spécifique est prévue avant le palier 2 000.,ANNUAL_CHRONOLOGY_RETAINED,,No ambiguity trigger detected in targeted V16 pass; annual chronology remains B support.,8 novembre 1519,Hernán Cortés entre à Tenochtitlan,TRUE
EVT-0614,Chute de Tenochtitlan face aux forces de Cortés,13 août 1521,1521,SRC-0582,https://en.wikipedia.org/wiki/1521,WIKIPEDIA_YEAR_CHRONOLOGY_B,B,NOT_REQUIRED_TARGETED_V16,STRUCTURAL_PASS_COMPLETE,La page annuelle sert de support B. Une vérification page événement spécifique est prévue avant le palier 2 000.,ANNUAL_CHRONOLOGY_RETAINED,,No ambiguity trigger detected in targeted V16 pass; annual chronology remains B support.,13 août 1521,Chute de Tenochtitlan face aux forces de Cortés,TRUE
EVT-0615,Acte de suprématie établissant Henri VIII à la tête de l’Église d’Angleterre,3 novembre 1534,1534,SRC-0586,https://en.wikipedia.org/wiki/1534,WIKIPEDIA_YEAR_CHRONOLOGY_B,B,NOT_REQUIRED_TARGETED_V16,STRUCTURAL_PASS_COMPLETE,La page annuelle sert de support B. Une vérification page événement spécifique est prévue avant le palier 2 000.,ANNUAL_CHRONOLOGY_RETAINED,,No ambiguity trigger detected in targeted V16 pass; annual chronology remains B support.,3 novembre 1534,Acte de suprématie établissant Henri VIII à la tête de l’Église d’Angleterre,TRUE
EVT-0616,Élisabeth Ire devient reine d’Angleterre,17 novembre 1558,1558,SRC-0588,https://en.wikipedia.org/wiki/1558,WIKIPEDIA_YEAR_CHRONOLOGY_B,B,NOT_REQUIRED_TARGETED_V16,STRUCTURAL_PASS_COMPLETE,La page annuelle sert de support B. Une vérification page événement spécifique est prévue avant le palier 2 000.,ANNUAL_CHRONOLOGY_RETAINED,,No ambiguity trigger detected in targeted V16 pass; annual chronology remains B support.,17 novembre 1558,Élisabeth Ire devient reine d’Angleterre,TRUE
EVT-0617,Massacre de Wassy et début des guerres de Religion en France,1 mars 1562,1562,SRC-0589,https://en.wikipedia.org/wiki/1562,WIKIPEDIA_YEAR_CHRONOLOGY_B,B,NOT_REQUIRED_TARGETED_V16,STRUCTURAL_PASS_COMPLETE,La page annuelle sert de support B. Une vérification page événement spécifique est prévue avant le palier 2 000.,ANNUAL_CHRONOLOGY_RETAINED,,No ambiguity trigger detected in targeted V16 pass; annual chronology remains B support.,1 mars 1562,Massacre de Wassy et début des guerres de Religion en France,TRUE
EVT-0618,Bataille navale de Lépante,7 octobre 1571,1571,SRC-0591,https://en.wikipedia.org/wiki/1571,WIKIPEDIA_YEAR_CHRONOLOGY_B,B,NOT_REQUIRED_TARGETED_V16,STRUCTURAL_PASS_COMPLETE,La page annuelle sert de support B. Une vérification page événement spécifique est prévue avant le palier 2 000.,ANNUAL_CHRONOLOGY_RETAINED,,No ambiguity trigger detected in targeted V16 pass; annual chronology remains B support.,7 octobre 1571,Bataille navale de Lépante,TRUE
EVT-0619,Défaite décisive de l’Armada espagnole au large de Gravelines,8 août 1588,1588,SRC-0594,https://en.wikipedia.org/wiki/1588,WIKIPEDIA_YEAR_CHRONOLOGY_B,B,NOT_REQUIRED_TARGETED_V16,STRUCTURAL_PASS_COMPLETE,La page annuelle sert de support B. Une vérification page événement spécifique est prévue avant le palier 2 000.,ANNUAL_CHRONOLOGY_RETAINED,,No ambiguity trigger detected in targeted V16 pass; annual chronology remains B support.,8 août 1588,Défaite décisive de l’Armada espagnole au large de Gravelines,TRUE
EVT-0620,Tokugawa Ieyasu devient shogun,24 mars 1603,1603,SRC-0597,https://en.wikipedia.org/wiki/1603,WIKIPEDIA_YEAR_CHRONOLOGY_B,B,NOT_REQUIRED_TARGETED_V16,STRUCTURAL_PASS_COMPLETE,La page annuelle sert de support B. Une vérification page événement spécifique est prévue avant le palier 2 000.,ANNUAL_CHRONOLOGY_RETAINED,,No ambiguity trigger detected in targeted V16 pass; annual chronology remains B support.,24 mars 1603,Tokugawa Ieyasu devient shogun,TRUE
EVT-0621,Fondation de Québec par Samuel de Champlain,3 juillet 1608,1608,SRC-0599,https://en.wikipedia.org/wiki/1608,WIKIPEDIA_YEAR_CHRONOLOGY_B,B,NOT_REQUIRED_TARGETED_V16,STRUCTURAL_PASS_COMPLETE,La page annuelle sert de support B. Une vérification page événement spécifique est prévue avant le palier 2 000.,ANNUAL_CHRONOLOGY_RETAINED,,No ambiguity trigger detected in targeted V16 pass; annual chronology remains B support.,3 juillet 1608,Fondation de Québec par Samuel de Champlain,TRUE
EVT-0622,Galilée observe les principaux satellites de Jupiter,7 janvier 1610,1610,SRC-0601,https://en.wikipedia.org/wiki/1610,WIKIPEDIA_YEAR_CHRONOLOGY_B,B,NOT_REQUIRED_TARGETED_V16,STRUCTURAL_PASS_COMPLETE,La page annuelle sert de support B. Une vérification page événement spécifique est prévue avant le palier 2 000.,ANNUAL_CHRONOLOGY_RETAINED,,No ambiguity trigger detected in targeted V16 pass; annual chronology remains B support.,7 janvier 1610,Galilée observe les principaux satellites de Jupiter,TRUE
EVT-0623,Défenestration de Prague et début de la guerre de Trente Ans,23 mai 1618,1618,SRC-0602,https://en.wikipedia.org/wiki/1618,WIKIPEDIA_YEAR_CHRONOLOGY_B,B,NOT_REQUIRED_TARGETED_V16,STRUCTURAL_PASS_COMPLETE,La page annuelle sert de support B. Une vérification page événement spécifique est prévue avant le palier 2 000.,ANNUAL_CHRONOLOGY_RETAINED,,No ambiguity trigger detected in targeted V16 pass; annual chronology remains B support.,23 mai 1618,Défenestration de Prague et début de la guerre de Trente Ans,TRUE
EVT-0624,Publication du traité de William Harvey sur la circulation du sang,1628,1628,SRC-0603,https://en.wikipedia.org/wiki/1628,WIKIPEDIA_YEAR_CHRONOLOGY_B,B,NOT_REQUIRED_TARGETED_V16,STRUCTURAL_PASS_COMPLETE,La page annuelle sert de support B. Une vérification page événement spécifique est prévue avant le palier 2 000.,ANNUAL_CHRONOLOGY_RETAINED,,No ambiguity trigger detected in targeted V16 pass; annual chronology remains B support.,1628,Publication du traité de William Harvey sur la circulation du sang,TRUE
EVT-0625,Publication du Discours de la méthode de Descartes,8 juin 1637,1637,SRC-0605,https://en.wikipedia.org/wiki/1637,WIKIPEDIA_YEAR_CHRONOLOGY_B,B,NOT_REQUIRED_TARGETED_V16,STRUCTURAL_PASS_COMPLETE,La page annuelle sert de support B. Une vérification page événement spécifique est prévue avant le palier 2 000.,ANNUAL_CHRONOLOGY_RETAINED,,No ambiguity trigger detected in targeted V16 pass; annual chronology remains B support.,8 juin 1637,Publication du Discours de la méthode de Descartes,TRUE
EVT-0626,Début du grand incendie de Londres,2 septembre 1666,1666,SRC-0610,https://en.wikipedia.org/wiki/1666,WIKIPEDIA_YEAR_CHRONOLOGY_B,B,NOT_REQUIRED_TARGETED_V16,STRUCTURAL_PASS_COMPLETE,La page annuelle sert de support B. Une vérification page événement spécifique est prévue avant le palier 2 000.,ANNUAL_CHRONOLOGY_RETAINED,,No ambiguity trigger detected in targeted V16 pass; annual chronology remains B support.,2 septembre 1666,Début du grand incendie de Londres,TRUE
EVT-0627,Entrée en vigueur des Actes d’Union créant le royaume de Grande-Bretagne,1 mai 1707,1707,SRC-0615,https://en.wikipedia.org/wiki/1707,WIKIPEDIA_YEAR_CHRONOLOGY_B,B,NOT_REQUIRED_TARGETED_V16,STRUCTURAL_PASS_COMPLETE,La page annuelle sert de support B. Une vérification page événement spécifique est prévue avant le palier 2 000.,ANNUAL_CHRONOLOGY_RETAINED,,No ambiguity trigger detected in targeted V16 pass; annual chronology remains B support.,1 mai 1707,Entrée en vigueur des Actes d’Union créant le royaume de Grande-Bretagne,TRUE
EVT-0628,Séisme de Lisbonne,1 novembre 1755,1755,SRC-0622,https://en.wikipedia.org/wiki/1755,WIKIPEDIA_YEAR_CHRONOLOGY_B,B,NOT_REQUIRED_TARGETED_V16,STRUCTURAL_PASS_COMPLETE,La page annuelle sert de support B. Une vérification page événement spécifique est prévue avant le palier 2 000.,ANNUAL_CHRONOLOGY_RETAINED,,No ambiguity trigger detected in targeted V16 pass; annual chronology remains B support.,1 novembre 1755,Séisme de Lisbonne,TRUE
EVT-0629,Traité de Paris mettant fin à la guerre de Sept Ans,10 février 1763,1763,SRC-0624,https://en.wikipedia.org/wiki/1763,WIKIPEDIA_YEAR_CHRONOLOGY_B,B,NOT_REQUIRED_TARGETED_V16,STRUCTURAL_PASS_COMPLETE,La page annuelle sert de support B. Une vérification page événement spécifique est prévue avant le palier 2 000.,ANNUAL_CHRONOLOGY_RETAINED,,No ambiguity trigger detected in targeted V16 pass; annual chronology remains B support.,10 février 1763,Traité de Paris mettant fin à la guerre de Sept Ans,TRUE
EVT-0630,Brevet de James Watt pour une machine à vapeur améliorée,5 janvier 1769,1769,SRC-0627,https://en.wikipedia.org/wiki/1769,WIKIPEDIA_YEAR_CHRONOLOGY_B,B,NOT_REQUIRED_TARGETED_V16,STRUCTURAL_PASS_COMPLETE,La page annuelle sert de support B. Une vérification page événement spécifique est prévue avant le palier 2 000.,ANNUAL_CHRONOLOGY_RETAINED,,No ambiguity trigger detected in targeted V16 pass; annual chronology remains B support.,5 janvier 1769,Brevet de James Watt pour une machine à vapeur améliorée,TRUE
EVT-0631,Batailles de Lexington et Concord,19 avril 1775,1775,SRC-0630,https://en.wikipedia.org/wiki/1775,WIKIPEDIA_YEAR_CHRONOLOGY_B,B,NOT_REQUIRED_TARGETED_V16,STRUCTURAL_PASS_COMPLETE,La page annuelle sert de support B. Une vérification page événement spécifique est prévue avant le palier 2 000.,ANNUAL_CHRONOLOGY_RETAINED,,No ambiguity trigger detected in targeted V16 pass; annual chronology remains B support.,19 avril 1775,Batailles de Lexington et Concord,TRUE
EVT-0632,Publication de La Richesse des nations d’Adam Smith,1776,1776,SRC-0631,https://en.wikipedia.org/wiki/1776,WIKIPEDIA_YEAR_CHRONOLOGY_B,B,NOT_REQUIRED_TARGETED_V16,STRUCTURAL_PASS_COMPLETE,La page annuelle sert de support B. Une vérification page événement spécifique est prévue avant le palier 2 000.,ANNUAL_CHRONOLOGY_RETAINED,,No ambiguity trigger detected in targeted V16 pass; annual chronology remains B support.,1776,Publication de La Richesse des nations d’Adam Smith,TRUE
EVT-0633,Premier vol habité libre en montgolfière,21 novembre 1783,1783,SRC-0633,https://en.wikipedia.org/wiki/1783,WIKIPEDIA_YEAR_CHRONOLOGY_B,B,NOT_REQUIRED_TARGETED_V16,STRUCTURAL_PASS_COMPLETE,La page annuelle sert de support B. Une vérification page événement spécifique est prévue avant le palier 2 000.,ANNUAL_CHRONOLOGY_RETAINED,,No ambiguity trigger detected in targeted V16 pass; annual chronology remains B support.,21 novembre 1783,Premier vol habité libre en montgolfière,TRUE
EVT-0634,Investiture de George Washington comme premier président des États-Unis,30 avril 1789,1789,SRC-0635,https://en.wikipedia.org/wiki/1789,WIKIPEDIA_YEAR_CHRONOLOGY_B,B,NOT_REQUIRED_TARGETED_V16,STRUCTURAL_PASS_COMPLETE,La page annuelle sert de support B. Une vérification page événement spécifique est prévue avant le palier 2 000.,ANNUAL_CHRONOLOGY_RETAINED,,No ambiguity trigger detected in targeted V16 pass; annual chronology remains B support.,30 avril 1789,Investiture de George Washington comme premier président des États-Unis,TRUE
EVT-0635,Ratification du Bill of Rights des États-Unis,15 décembre 1791,1791,SRC-0636,https://en.wikipedia.org/wiki/1791,WIKIPEDIA_YEAR_CHRONOLOGY_B,B,NOT_REQUIRED_TARGETED_V16,STRUCTURAL_PASS_COMPLETE,La page annuelle sert de support B. Une vérification page événement spécifique est prévue avant le palier 2 000.,ANNUAL_CHRONOLOGY_RETAINED,,No ambiguity trigger detected in targeted V16 pass; annual chronology remains B support.,15 décembre 1791,Ratification du Bill of Rights des États-Unis,TRUE
EVT-0636,Première vaccination contre la variole par Edward Jenner,14 mai 1796,1796,SRC-0638,https://en.wikipedia.org/wiki/1796,WIKIPEDIA_YEAR_CHRONOLOGY_B,B,NOT_REQUIRED_TARGETED_V16,STRUCTURAL_PASS_COMPLETE,La page annuelle sert de support B. Une vérification page événement spécifique est prévue avant le palier 2 000.,ANNUAL_CHRONOLOGY_RETAINED,,No ambiguity trigger detected in targeted V16 pass; annual chronology remains B support.,14 mai 1796,Première vaccination contre la variole par Edward Jenner,TRUE
EVT-0637,Découverte de la pierre de Rosette,15 juillet 1799,1799,SRC-0640,https://en.wikipedia.org/wiki/1799,WIKIPEDIA_YEAR_CHRONOLOGY_B,B,NOT_REQUIRED_TARGETED_V16,STRUCTURAL_PASS_COMPLETE,La page annuelle sert de support B. Une vérification page événement spécifique est prévue avant le palier 2 000.,ANNUAL_CHRONOLOGY_RETAINED,,No ambiguity trigger detected in targeted V16 pass; annual chronology remains B support.,15 juillet 1799,Découverte de la pierre de Rosette,TRUE
EVT-0638,Pedro Álvares Cabral atteint le littoral du Brésil,22 avril 1500,1500,SRC-0577,https://en.wikipedia.org/wiki/1500,WIKIPEDIA_YEAR_CHRONOLOGY_B,B,NOT_REQUIRED_TARGETED_V16,STRUCTURAL_PASS_COMPLETE,La page annuelle sert de support B. Une vérification page événement spécifique est prévue avant le palier 2 000.,ANNUAL_CHRONOLOGY_RETAINED,,No ambiguity trigger detected in targeted V16 pass; annual chronology remains B support.,22 avril 1500,Pedro Álvares Cabral atteint le littoral du Brésil,TRUE
EVT-0639,Fondation de l’État safavide en Perse,1501,1501,SRC-0578,https://en.wikipedia.org/wiki/1501,WIKIPEDIA_YEAR_CHRONOLOGY_B,B,NOT_REQUIRED_TARGETED_V16,STRUCTURAL_PASS_COMPLETE,La page annuelle sert de support B. Une vérification page événement spécifique est prévue avant le palier 2 000.,ANNUAL_CHRONOLOGY_RETAINED,,No ambiguity trigger detected in targeted V16 pass; annual chronology remains B support.,1501,Fondation de l’État safavide en Perse,TRUE
EVT-0640,Henri VIII devient roi d’Angleterre,22 avril 1509,1509,SRC-0579,https://en.wikipedia.org/wiki/1509,WIKIPEDIA_YEAR_CHRONOLOGY_B,B,NOT_REQUIRED_TARGETED_V16,STRUCTURAL_PASS_COMPLETE,La page annuelle sert de support B. Une vérification page événement spécifique est prévue avant le palier 2 000.,ANNUAL_CHRONOLOGY_RETAINED,,No ambiguity trigger detected in targeted V16 pass; annual chronology remains B support.,22 avril 1509,Henri VIII devient roi d’Angleterre,TRUE
EVT-0641,Vasco Núñez de Balboa atteint l’océan Pacifique,25 septembre 1513,1513,SRC-0580,https://en.wikipedia.org/wiki/1513,WIKIPEDIA_YEAR_CHRONOLOGY_B,B,NOT_REQUIRED_TARGETED_V16,STRUCTURAL_PASS_COMPLETE,La page annuelle sert de support B. Une vérification page événement spécifique est prévue avant le palier 2 000.,ANNUAL_CHRONOLOGY_RETAINED,,No ambiguity trigger detected in targeted V16 pass; annual chronology remains B support.,25 septembre 1513,Vasco Núñez de Balboa atteint l’océan Pacifique,TRUE
EVT-0642,Début de la guerre des Paysans allemands,1524,1524,SRC-0583,https://en.wikipedia.org/wiki/1524,WIKIPEDIA_YEAR_CHRONOLOGY_B,B,NOT_REQUIRED_TARGETED_V16,STRUCTURAL_PASS_COMPLETE,La page annuelle sert de support B. Une vérification page événement spécifique est prévue avant le palier 2 000.,ANNUAL_CHRONOLOGY_RETAINED,,No ambiguity trigger detected in targeted V16 pass; annual chronology remains B support.,1524,Début de la guerre des Paysans allemands,TRUE
EVT-0643,Première bataille de Panipat et fondation de l’Empire moghol,21 avril 1526,1526,SRC-0584,https://en.wikipedia.org/wiki/1526,WIKIPEDIA_YEAR_CHRONOLOGY_B,B,NOT_REQUIRED_TARGETED_V16,STRUCTURAL_PASS_COMPLETE,La page annuelle sert de support B. Une vérification page événement spécifique est prévue avant le palier 2 000.,ANNUAL_CHRONOLOGY_RETAINED,,No ambiguity trigger detected in targeted V16 pass; annual chronology remains B support.,21 avril 1526,Première bataille de Panipat et fondation de l’Empire moghol,TRUE
EVT-0644,Début du sac de Rome par les troupes impériales,6 mai 1527,1527,SRC-0585,https://en.wikipedia.org/wiki/1527,WIKIPEDIA_YEAR_CHRONOLOGY_B,B,NOT_REQUIRED_TARGETED_V16,STRUCTURAL_PASS_COMPLETE,La page annuelle sert de support B. Une vérification page événement spécifique est prévue avant le palier 2 000.,ANNUAL_CHRONOLOGY_RETAINED,,No ambiguity trigger detected in targeted V16 pass; annual chronology remains B support.,6 mai 1527,Début du sac de Rome par les troupes impériales,TRUE
EVT-0645,Jacques Cartier prend possession du Canada au nom de François Ier,24 juillet 1534,1534,SRC-0586,https://en.wikipedia.org/wiki/1534,WIKIPEDIA_YEAR_CHRONOLOGY_B,B,NOT_REQUIRED_TARGETED_V16,STRUCTURAL_PASS_COMPLETE,La page annuelle sert de support B. Une vérification page événement spécifique est prévue avant le palier 2 000.,ANNUAL_CHRONOLOGY_RETAINED,,No ambiguity trigger detected in targeted V16 pass; annual chronology remains B support.,24 juillet 1534,Jacques Cartier prend possession du Canada au nom de François Ier,TRUE
EVT-0646,Publication de l’Institution de la religion chrétienne de Calvin,1536,1536,SRC-0587,https://en.wikipedia.org/wiki/1536,WIKIPEDIA_YEAR_CHRONOLOGY_B,B,NOT_REQUIRED_TARGETED_V16,STRUCTURAL_PASS_COMPLETE,La page annuelle sert de support B. Une vérification page événement spécifique est prévue avant le palier 2 000.,ANNUAL_CHRONOLOGY_RETAINED,,No ambiguity trigger detected in targeted V16 pass; annual chronology remains B support.,1536,Publication de l’Institution de la religion chrétienne de Calvin,TRUE
EVT-0647,Début du Grand Siège de Malte,18 mai 1565,1565,SRC-0590,https://en.wikipedia.org/wiki/1565,WIKIPEDIA_YEAR_CHRONOLOGY_B,B,NOT_REQUIRED_TARGETED_V16,STRUCTURAL_PASS_COMPLETE,La page annuelle sert de support B. Une vérification page événement spécifique est prévue avant le palier 2 000.,ANNUAL_CHRONOLOGY_RETAINED,,No ambiguity trigger detected in targeted V16 pass; annual chronology remains B support.,18 mai 1565,Début du Grand Siège de Malte,TRUE
EVT-0648,Entrée en vigueur initiale du calendrier grégorien,15 octobre 1582,1582,SRC-0592,https://en.wikipedia.org/wiki/1582,WIKIPEDIA_YEAR_CHRONOLOGY_B,B,NOT_REQUIRED_TARGETED_V16,STRUCTURAL_PASS_COMPLETE,La page annuelle sert de support B. Une vérification page événement spécifique est prévue avant le palier 2 000.,ANNUAL_CHRONOLOGY_RETAINED,,No ambiguity trigger detected in targeted V16 pass; annual chronology remains B support.,15 octobre 1582,Entrée en vigueur initiale du calendrier grégorien,TRUE
EVT-0649,Exécution de Marie Stuart,8 février 1587,1587,SRC-0593,https://en.wikipedia.org/wiki/1587,WIKIPEDIA_YEAR_CHRONOLOGY_B,B,NOT_REQUIRED_TARGETED_V16,STRUCTURAL_PASS_COMPLETE,La page annuelle sert de support B. Une vérification page événement spécifique est prévue avant le palier 2 000.,ANNUAL_CHRONOLOGY_RETAINED,,No ambiguity trigger detected in targeted V16 pass; annual chronology remains B support.,8 février 1587,Exécution de Marie Stuart,TRUE
EVT-0650,Charte royale fondant la Compagnie anglaise des Indes orientales,31 décembre 1600,1600,SRC-0595,https://en.wikipedia.org/wiki/1600,WIKIPEDIA_YEAR_CHRONOLOGY_B,B,NOT_REQUIRED_TARGETED_V16,STRUCTURAL_PASS_COMPLETE,La page annuelle sert de support B. Une vérification page événement spécifique est prévue avant le palier 2 000.,ANNUAL_CHRONOLOGY_RETAINED,,No ambiguity trigger detected in targeted V16 pass; annual chronology remains B support.,31 décembre 1600,Charte royale fondant la Compagnie anglaise des Indes orientales,TRUE
EVT-0651,Fondation de la Compagnie néerlandaise des Indes orientales,20 mars 1602,1602,SRC-0596,https://en.wikipedia.org/wiki/1602,WIKIPEDIA_YEAR_CHRONOLOGY_B,B,NOT_REQUIRED_TARGETED_V16,STRUCTURAL_PASS_COMPLETE,La page annuelle sert de support B. Une vérification page événement spécifique est prévue avant le palier 2 000.,ANNUAL_CHRONOLOGY_RETAINED,,No ambiguity trigger detected in targeted V16 pass; annual chronology remains B support.,20 mars 1602,Fondation de la Compagnie néerlandaise des Indes orientales,TRUE
EVT-0652,Publication de la première partie de Don Quichotte,1605,1605,SRC-0598,https://en.wikipedia.org/wiki/1605,WIKIPEDIA_YEAR_CHRONOLOGY_B,B,NOT_REQUIRED_TARGETED_V16,STRUCTURAL_PASS_COMPLETE,La page annuelle sert de support B. Une vérification page événement spécifique est prévue avant le palier 2 000.,ANNUAL_CHRONOLOGY_RETAINED,,No ambiguity trigger detected in targeted V16 pass; annual chronology remains B support.,1605,Publication de la première partie de Don Quichotte,TRUE
EVT-0653,Échec de la conspiration des Poudres,5 novembre 1605,1605,SRC-0598,https://en.wikipedia.org/wiki/1605,WIKIPEDIA_YEAR_CHRONOLOGY_B,B,NOT_REQUIRED_TARGETED_V16,STRUCTURAL_PASS_COMPLETE,La page annuelle sert de support B. Une vérification page événement spécifique est prévue avant le palier 2 000.,ANNUAL_CHRONOLOGY_RETAINED,,No ambiguity trigger detected in targeted V16 pass; annual chronology remains B support.,5 novembre 1605,Échec de la conspiration des Poudres,TRUE
EVT-0654,Publication de l’Astronomia nova de Kepler,1609,1609,SRC-0600,https://en.wikipedia.org/wiki/1609,WIKIPEDIA_YEAR_CHRONOLOGY_B,B,NOT_REQUIRED_TARGETED_V16,STRUCTURAL_PASS_COMPLETE,La page annuelle sert de support B. Une vérification page événement spécifique est prévue avant le palier 2 000.,ANNUAL_CHRONOLOGY_RETAINED,,No ambiguity trigger detected in targeted V16 pass; annual chronology remains B support.,1609,Publication de l’Astronomia nova de Kepler,TRUE
EVT-0655,Acceptation de la Petition of Right par Charles Ier,7 juin 1628,1628,SRC-0603,https://en.wikipedia.org/wiki/1628,WIKIPEDIA_YEAR_CHRONOLOGY_B,B,NOT_REQUIRED_TARGETED_V16,STRUCTURAL_PASS_COMPLETE,La page annuelle sert de support B. Une vérification page événement spécifique est prévue avant le palier 2 000.,ANNUAL_CHRONOLOGY_RETAINED,,No ambiguity trigger detected in targeted V16 pass; annual chronology remains B support.,7 juin 1628,Acceptation de la Petition of Right par Charles Ier,TRUE
EVT-0656,Publication du Dialogue sur les deux grands systèmes du monde de Galilée,1632,1632,SRC-0604,https://en.wikipedia.org/wiki/1632,WIKIPEDIA_YEAR_CHRONOLOGY_B,B,NOT_REQUIRED_TARGETED_V16,STRUCTURAL_PASS_COMPLETE,La page annuelle sert de support B. Une vérification page événement spécifique est prévue avant le palier 2 000.,ANNUAL_CHRONOLOGY_RETAINED,,No ambiguity trigger detected in targeted V16 pass; annual chronology remains B support.,1632,Publication du Dialogue sur les deux grands systèmes du monde de Galilée,TRUE
EVT-0657,Publication du Léviathan de Thomas Hobbes,1651,1651,SRC-0606,https://en.wikipedia.org/wiki/1651,WIKIPEDIA_YEAR_CHRONOLOGY_B,B,NOT_REQUIRED_TARGETED_V16,STRUCTURAL_PASS_COMPLETE,La page annuelle sert de support B. Une vérification page événement spécifique est prévue avant le palier 2 000.,ANNUAL_CHRONOLOGY_RETAINED,,No ambiguity trigger detected in targeted V16 pass; annual chronology remains B support.,1651,Publication du Léviathan de Thomas Hobbes,TRUE
EVT-0658,Oliver Cromwell devient Lord Protecteur,16 décembre 1653,1653,SRC-0607,https://en.wikipedia.org/wiki/1653,WIKIPEDIA_YEAR_CHRONOLOGY_B,B,NOT_REQUIRED_TARGETED_V16,STRUCTURAL_PASS_COMPLETE,La page annuelle sert de support B. Une vérification page événement spécifique est prévue avant le palier 2 000.,ANNUAL_CHRONOLOGY_RETAINED,,No ambiguity trigger detected in targeted V16 pass; annual chronology remains B support.,16 décembre 1653,Oliver Cromwell devient Lord Protecteur,TRUE
EVT-0659,Restauration de la monarchie anglaise avec Charles II,29 mai 1660,1660,SRC-0608,https://en.wikipedia.org/wiki/1660,WIKIPEDIA_YEAR_CHRONOLOGY_B,B,NOT_REQUIRED_TARGETED_V16,STRUCTURAL_PASS_COMPLETE,La page annuelle sert de support B. Une vérification page événement spécifique est prévue avant le palier 2 000.,ANNUAL_CHRONOLOGY_RETAINED,,No ambiguity trigger detected in targeted V16 pass; annual chronology remains B support.,29 mai 1660,Restauration de la monarchie anglaise avec Charles II,TRUE
EVT-0660,Grande peste de Londres,1665,1665,SRC-0609,https://en.wikipedia.org/wiki/1665,WIKIPEDIA_YEAR_CHRONOLOGY_B,B,NOT_REQUIRED_TARGETED_V16,STRUCTURAL_PASS_COMPLETE,La page annuelle sert de support B. Une vérification page événement spécifique est prévue avant le palier 2 000.,ANNUAL_CHRONOLOGY_RETAINED,,No ambiguity trigger detected in targeted V16 pass; annual chronology remains B support.,1665,Grande peste de Londres,TRUE
EVT-0661,Publication de Micrographia de Robert Hooke,1665,1665,SRC-0609,https://en.wikipedia.org/wiki/1665,WIKIPEDIA_YEAR_CHRONOLOGY_B,B,NOT_REQUIRED_TARGETED_V16,STRUCTURAL_PASS_COMPLETE,La page annuelle sert de support B. Une vérification page événement spécifique est prévue avant le palier 2 000.,ANNUAL_CHRONOLOGY_RETAINED,,No ambiguity trigger detected in targeted V16 pass; annual chronology remains B support.,1665,Publication de Micrographia de Robert Hooke,TRUE
EVT-0662,Antonie van Leeuwenhoek observe des micro-organismes,1676,1676,SRC-0611,https://en.wikipedia.org/wiki/1676,WIKIPEDIA_YEAR_CHRONOLOGY_B,B,NOT_REQUIRED_TARGETED_V16,STRUCTURAL_PASS_COMPLETE,La page annuelle sert de support B. Une vérification page événement spécifique est prévue avant le palier 2 000.,ANNUAL_CHRONOLOGY_RETAINED,,No ambiguity trigger detected in targeted V16 pass; annual chronology remains B support.,1676,Antonie van Leeuwenhoek observe des micro-organismes,TRUE
EVT-0663,Bataille de la Boyne,1 juillet 1690,1690,SRC-0612,https://en.wikipedia.org/wiki/1690,WIKIPEDIA_YEAR_CHRONOLOGY_B,B,COMPLETE,COMPLETE,La page annuelle sert de support B. Une vérification page événement spécifique est prévue avant le palier 2 000.,CORRECTED_PAGE_SPECIFIC,https://en.wikipedia.org/wiki/Battle_of_the_Boyne,La bataille est historiquement datée du 1er juillet Old Style ; la conversion grégorienne est le 11 juillet.,1er juillet 1690 (calendrier julien alors en usage ; 11 juillet grégorien),Bataille de la Boyne,TRUE
EVT-0664,Fondation de la Banque d’Angleterre,27 juillet 1694,1694,SRC-0613,https://en.wikipedia.org/wiki/1694,WIKIPEDIA_YEAR_CHRONOLOGY_B,B,NOT_REQUIRED_TARGETED_V16,STRUCTURAL_PASS_COMPLETE,La page annuelle sert de support B. Une vérification page événement spécifique est prévue avant le palier 2 000.,ANNUAL_CHRONOLOGY_RETAINED,,No ambiguity trigger detected in targeted V16 pass; annual chronology remains B support.,27 juillet 1694,Fondation de la Banque d’Angleterre,TRUE
EVT-0665,Début de la guerre de Succession d’Espagne,9 juillet 1701,1701,SRC-0614,https://en.wikipedia.org/wiki/1701,WIKIPEDIA_YEAR_CHRONOLOGY_B,B,NOT_REQUIRED_TARGETED_V16,STRUCTURAL_PASS_COMPLETE,La page annuelle sert de support B. Une vérification page événement spécifique est prévue avant le palier 2 000.,ANNUAL_CHRONOLOGY_RETAINED,,No ambiguity trigger detected in targeted V16 pass; annual chronology remains B support.,9 juillet 1701,Début de la guerre de Succession d’Espagne,TRUE
EVT-0666,Traité d’Utrecht,11 avril 1713,1713,SRC-0616,https://en.wikipedia.org/wiki/1713,WIKIPEDIA_YEAR_CHRONOLOGY_B,B,NOT_REQUIRED_TARGETED_V16,STRUCTURAL_PASS_COMPLETE,La page annuelle sert de support B. Une vérification page événement spécifique est prévue avant le palier 2 000.,ANNUAL_CHRONOLOGY_RETAINED,,No ambiguity trigger detected in targeted V16 pass; annual chronology remains B support.,11 avril 1713,Traité d’Utrecht,TRUE
EVT-0667,Proclamation de l’Empire russe,2 novembre 1721,1721,SRC-0617,https://en.wikipedia.org/wiki/1721,WIKIPEDIA_YEAR_CHRONOLOGY_B,B,NOT_REQUIRED_TARGETED_V16,STRUCTURAL_PASS_COMPLETE,La page annuelle sert de support B. Une vérification page événement spécifique est prévue avant le palier 2 000.,ANNUAL_CHRONOLOGY_RETAINED,,No ambiguity trigger detected in targeted V16 pass; annual chronology remains B support.,2 novembre 1721,Proclamation de l’Empire russe,TRUE
EVT-0668,Publication de la première édition de Systema Naturae de Linné,1735,1735,SRC-0618,https://en.wikipedia.org/wiki/1735,WIKIPEDIA_YEAR_CHRONOLOGY_B,B,NOT_REQUIRED_TARGETED_V16,STRUCTURAL_PASS_COMPLETE,La page annuelle sert de support B. Une vérification page événement spécifique est prévue avant le palier 2 000.,ANNUAL_CHRONOLOGY_RETAINED,,No ambiguity trigger detected in targeted V16 pass; annual chronology remains B support.,1735,Publication de la première édition de Systema Naturae de Linné,TRUE
EVT-0669,Marie-Thérèse hérite des possessions des Habsbourg,20 octobre 1740,1740,SRC-0619,https://en.wikipedia.org/wiki/1740,WIKIPEDIA_YEAR_CHRONOLOGY_B,B,NOT_REQUIRED_TARGETED_V16,STRUCTURAL_PASS_COMPLETE,La page annuelle sert de support B. Une vérification page événement spécifique est prévue avant le palier 2 000.,ANNUAL_CHRONOLOGY_RETAINED,,No ambiguity trigger detected in targeted V16 pass; annual chronology remains B support.,20 octobre 1740,Marie-Thérèse hérite des possessions des Habsbourg,TRUE
EVT-0670,Publication de De l’esprit des lois de Montesquieu,1748,1748,SRC-0620,https://en.wikipedia.org/wiki/1748,WIKIPEDIA_YEAR_CHRONOLOGY_B,B,NOT_REQUIRED_TARGETED_V16,STRUCTURAL_PASS_COMPLETE,La page annuelle sert de support B. Une vérification page événement spécifique est prévue avant le palier 2 000.,ANNUAL_CHRONOLOGY_RETAINED,,No ambiguity trigger detected in targeted V16 pass; annual chronology remains B support.,1748,Publication de De l’esprit des lois de Montesquieu,TRUE
EVT-0671,Expérience du cerf-volant attribuée à Benjamin Franklin,juin 1752,1752,SRC-0621,https://en.wikipedia.org/wiki/1752,WIKIPEDIA_YEAR_CHRONOLOGY_B,B,COMPLETE,COMPLETE,La page annuelle sert de support B. Une vérification page événement spécifique est prévue avant le palier 2 000.,VERIFIED_PAGE_SPECIFIC_NO_CHANGE,https://en.wikipedia.org/wiki/Kite_experiment,L’expérience du cerf-volant est bien située en juin 1752 ; le jour exact n’est pas établi.,juin 1752,Expérience du cerf-volant attribuée à Benjamin Franklin,TRUE
EVT-0672,Bataille des Plaines d’Abraham,13 septembre 1759,1759,SRC-0623,https://en.wikipedia.org/wiki/1759,WIKIPEDIA_YEAR_CHRONOLOGY_B,B,NOT_REQUIRED_TARGETED_V16,STRUCTURAL_PASS_COMPLETE,La page annuelle sert de support B. Une vérification page événement spécifique est prévue avant le palier 2 000.,ANNUAL_CHRONOLOGY_RETAINED,,No ambiguity trigger detected in targeted V16 pass; annual chronology remains B support.,13 septembre 1759,Bataille des Plaines d’Abraham,TRUE
EVT-0673,Invention de la Spinning Jenny,1764,1764,SRC-0625,https://en.wikipedia.org/wiki/1764,WIKIPEDIA_YEAR_CHRONOLOGY_B,B,NOT_REQUIRED_TARGETED_V16,STRUCTURAL_PASS_COMPLETE,La page annuelle sert de support B. Une vérification page événement spécifique est prévue avant le palier 2 000.,ANNUAL_CHRONOLOGY_RETAINED,,No ambiguity trigger detected in targeted V16 pass; annual chronology remains B support.,1764,Invention de la Spinning Jenny,TRUE
EVT-0674,Adoption du Stamp Act britannique,22 mars 1765,1765,SRC-0626,https://en.wikipedia.org/wiki/1765,WIKIPEDIA_YEAR_CHRONOLOGY_B,B,NOT_REQUIRED_TARGETED_V16,STRUCTURAL_PASS_COMPLETE,La page annuelle sert de support B. Une vérification page événement spécifique est prévue avant le palier 2 000.,ANNUAL_CHRONOLOGY_RETAINED,,No ambiguity trigger detected in targeted V16 pass; annual chronology remains B support.,22 mars 1765,Adoption du Stamp Act britannique,TRUE
EVT-0675,Massacre de Boston,5 mars 1770,1770,SRC-0628,https://en.wikipedia.org/wiki/1770,WIKIPEDIA_YEAR_CHRONOLOGY_B,B,NOT_REQUIRED_TARGETED_V16,STRUCTURAL_PASS_COMPLETE,La page annuelle sert de support B. Une vérification page événement spécifique est prévue avant le palier 2 000.,ANNUAL_CHRONOLOGY_RETAINED,,No ambiguity trigger detected in targeted V16 pass; annual chronology remains B support.,5 mars 1770,Massacre de Boston,TRUE
EVT-0676,Ouverture du Premier Congrès continental,5 septembre 1774,1774,SRC-0629,https://en.wikipedia.org/wiki/1774,WIKIPEDIA_YEAR_CHRONOLOGY_B,B,NOT_REQUIRED_TARGETED_V16,STRUCTURAL_PASS_COMPLETE,La page annuelle sert de support B. Une vérification page événement spécifique est prévue avant le palier 2 000.,ANNUAL_CHRONOLOGY_RETAINED,,No ambiguity trigger detected in targeted V16 pass; annual chronology remains B support.,5 septembre 1774,Ouverture du Premier Congrès continental,TRUE
EVT-0677,Découverte d’Uranus par William Herschel,13 mars 1781,1781,SRC-0632,https://en.wikipedia.org/wiki/1781,WIKIPEDIA_YEAR_CHRONOLOGY_B,B,NOT_REQUIRED_TARGETED_V16,STRUCTURAL_PASS_COMPLETE,La page annuelle sert de support B. Une vérification page événement spécifique est prévue avant le palier 2 000.,ANNUAL_CHRONOLOGY_RETAINED,,No ambiguity trigger detected in targeted V16 pass; annual chronology remains B support.,13 mars 1781,Découverte d’Uranus par William Herschel,TRUE
EVT-0678,Arrivée de la First Fleet à Sydney Cove,26 janvier 1788,1788,SRC-0634,https://en.wikipedia.org/wiki/1788,WIKIPEDIA_YEAR_CHRONOLOGY_B,B,NOT_REQUIRED_TARGETED_V16,STRUCTURAL_PASS_COMPLETE,La page annuelle sert de support B. Une vérification page événement spécifique est prévue avant le palier 2 000.,ANNUAL_CHRONOLOGY_RETAINED,,No ambiguity trigger detected in targeted V16 pass; annual chronology remains B support.,26 janvier 1788,Arrivée de la First Fleet à Sydney Cove,TRUE
EVT-0679,Ouverture du Muséum central des arts au Louvre,10 août 1793,1793,SRC-0637,https://en.wikipedia.org/wiki/1793,WIKIPEDIA_YEAR_CHRONOLOGY_B,B,NOT_REQUIRED_TARGETED_V16,STRUCTURAL_PASS_COMPLETE,La page annuelle sert de support B. Une vérification page événement spécifique est prévue avant le palier 2 000.,ANNUAL_CHRONOLOGY_RETAINED,,No ambiguity trigger detected in targeted V16 pass; annual chronology remains B support.,10 août 1793,Ouverture du Muséum central des arts au Louvre,TRUE
EVT-0680,Bataille navale d’Aboukir,1 août 1798,1798,SRC-0639,https://en.wikipedia.org/wiki/1798,WIKIPEDIA_YEAR_CHRONOLOGY_B,B,NOT_REQUIRED_TARGETED_V16,STRUCTURAL_PASS_COMPLETE,La page annuelle sert de support B. Une vérification page événement spécifique est prévue avant le palier 2 000.,ANNUAL_CHRONOLOGY_RETAINED,,No ambiguity trigger detected in targeted V16 pass; annual chronology remains B support.,1 août 1798,Bataille navale d’Aboukir,TRUE
EVT-0681,Signature de la vente de la Louisiane aux États-Unis,30 avril 1803,1803,SRC-0642,https://en.wikipedia.org/wiki/1803,WIKIPEDIA_YEAR_CHRONOLOGY_B,B,NOT_REQUIRED_TARGETED_V16,STRUCTURAL_PASS_COMPLETE,La page annuelle sert de support B. Une vérification page événement spécifique est prévue avant le palier 2 000.,ANNUAL_CHRONOLOGY_RETAINED,,No ambiguity trigger detected in targeted V16 pass; annual chronology remains B support.,30 avril 1803,Signature de la vente de la Louisiane aux États-Unis,TRUE
EVT-0682,Proclamation de Napoléon Bonaparte comme empereur des Français,18 mai 1804,1804,SRC-0643,https://en.wikipedia.org/wiki/1804,WIKIPEDIA_YEAR_CHRONOLOGY_B,B,NOT_REQUIRED_TARGETED_V16,STRUCTURAL_PASS_COMPLETE,La page annuelle sert de support B. Une vérification page événement spécifique est prévue avant le palier 2 000.,ANNUAL_CHRONOLOGY_RETAINED,,No ambiguity trigger detected in targeted V16 pass; annual chronology remains B support.,18 mai 1804,Proclamation de Napoléon Bonaparte comme empereur des Français,TRUE
EVT-0683,Bataille de Trafalgar,21 octobre 1805,1805,SRC-0644,https://en.wikipedia.org/wiki/1805,WIKIPEDIA_YEAR_CHRONOLOGY_B,B,NOT_REQUIRED_TARGETED_V16,STRUCTURAL_PASS_COMPLETE,La page annuelle sert de support B. Une vérification page événement spécifique est prévue avant le palier 2 000.,ANNUAL_CHRONOLOGY_RETAINED,,No ambiguity trigger detected in targeted V16 pass; annual chronology remains B support.,21 octobre 1805,Bataille de Trafalgar,TRUE
EVT-0684,Abolition britannique de la traite négrière,25 mars 1807,1807,SRC-0646,https://en.wikipedia.org/wiki/1807,WIKIPEDIA_YEAR_CHRONOLOGY_B,B,NOT_REQUIRED_TARGETED_V16,STRUCTURAL_PASS_COMPLETE,La page annuelle sert de support B. Une vérification page événement spécifique est prévue avant le palier 2 000.,ANNUAL_CHRONOLOGY_RETAINED,,No ambiguity trigger detected in targeted V16 pass; annual chronology remains B support.,25 mars 1807,Abolition britannique de la traite négrière,TRUE
EVT-0685,Grito de Dolores et début de la guerre d’indépendance du Mexique,16 septembre 1810,1810,SRC-0648,https://en.wikipedia.org/wiki/1810,WIKIPEDIA_YEAR_CHRONOLOGY_B,B,NOT_REQUIRED_TARGETED_V16,STRUCTURAL_PASS_COMPLETE,La page annuelle sert de support B. Une vérification page événement spécifique est prévue avant le palier 2 000.,ANNUAL_CHRONOLOGY_RETAINED,,No ambiguity trigger detected in targeted V16 pass; annual chronology remains B support.,16 septembre 1810,Grito de Dolores et début de la guerre d’indépendance du Mexique,TRUE
EVT-0686,Début de l’invasion de la Russie par Napoléon,24 juin 1812,1812,SRC-0649,https://en.wikipedia.org/wiki/1812,WIKIPEDIA_YEAR_CHRONOLOGY_B,B,NOT_REQUIRED_TARGETED_V16,STRUCTURAL_PASS_COMPLETE,La page annuelle sert de support B. Une vérification page événement spécifique est prévue avant le palier 2 000.,ANNUAL_CHRONOLOGY_RETAINED,,No ambiguity trigger detected in targeted V16 pass; annual chronology remains B support.,24 juin 1812,Début de l’invasion de la Russie par Napoléon,TRUE
EVT-0687,Début de la bataille de Leipzig,16 octobre 1813,1813,SRC-0650,https://en.wikipedia.org/wiki/1813,WIKIPEDIA_YEAR_CHRONOLOGY_B,B,NOT_REQUIRED_TARGETED_V16,STRUCTURAL_PASS_COMPLETE,La page annuelle sert de support B. Une vérification page événement spécifique est prévue avant le palier 2 000.,ANNUAL_CHRONOLOGY_RETAINED,,No ambiguity trigger detected in targeted V16 pass; annual chronology remains B support.,16 octobre 1813,Début de la bataille de Leipzig,TRUE
EVT-0688,Déclaration d’indépendance du Brésil,7 septembre 1822,1822,SRC-0656,https://en.wikipedia.org/wiki/1822,WIKIPEDIA_YEAR_CHRONOLOGY_B,B,NOT_REQUIRED_TARGETED_V16,STRUCTURAL_PASS_COMPLETE,La page annuelle sert de support B. Une vérification page événement spécifique est prévue avant le palier 2 000.,ANNUAL_CHRONOLOGY_RETAINED,,No ambiguity trigger detected in targeted V16 pass; annual chronology remains B support.,7 septembre 1822,Déclaration d’indépendance du Brésil,TRUE
EVT-0689,Champollion annonce le déchiffrement des hiéroglyphes égyptiens,27 septembre 1822,1822,SRC-0656,https://en.wikipedia.org/wiki/1822,WIKIPEDIA_YEAR_CHRONOLOGY_B,B,NOT_REQUIRED_TARGETED_V16,STRUCTURAL_PASS_COMPLETE,La page annuelle sert de support B. Une vérification page événement spécifique est prévue avant le palier 2 000.,ANNUAL_CHRONOLOGY_RETAINED,,No ambiguity trigger detected in targeted V16 pass; annual chronology remains B support.,27 septembre 1822,Champollion annonce le déchiffrement des hiéroglyphes égyptiens,TRUE
EVT-0690,Proclamation de la doctrine Monroe,2 décembre 1823,1823,SRC-0657,https://en.wikipedia.org/wiki/1823,WIKIPEDIA_YEAR_CHRONOLOGY_B,B,NOT_REQUIRED_TARGETED_V16,STRUCTURAL_PASS_COMPLETE,La page annuelle sert de support B. Une vérification page événement spécifique est prévue avant le palier 2 000.,ANNUAL_CHRONOLOGY_RETAINED,,No ambiguity trigger detected in targeted V16 pass; annual chronology remains B support.,2 décembre 1823,Proclamation de la doctrine Monroe,TRUE
EVT-0691,Ouverture du chemin de fer Stockton-Darlington,27 septembre 1825,1825,SRC-0658,https://en.wikipedia.org/wiki/1825,WIKIPEDIA_YEAR_CHRONOLOGY_B,B,NOT_REQUIRED_TARGETED_V16,STRUCTURAL_PASS_COMPLETE,La page annuelle sert de support B. Une vérification page événement spécifique est prévue avant le palier 2 000.,ANNUAL_CHRONOLOGY_RETAINED,,No ambiguity trigger detected in targeted V16 pass; annual chronology remains B support.,27 septembre 1825,Ouverture du chemin de fer Stockton-Darlington,TRUE
EVT-0692,Réalisation de la plus ancienne photographie permanente connue par Nicéphore Niépce,1826,1826,SRC-0659,https://en.wikipedia.org/wiki/1826,WIKIPEDIA_YEAR_CHRONOLOGY_B,B,COMPLETE,COMPLETE,La page annuelle sert de support B. Une vérification page événement spécifique est prévue avant le palier 2 000.,CORRECTED_PAGE_SPECIFIC,https://en.wikipedia.org/wiki/View_from_the_Window_at_Le_Gras,La plus ancienne photographie conservée ne doit pas être fixée à 1826 sans nuance.,1826 ou 1827,Réalisation de la plus ancienne photographie permanente connue par Nicéphore Niépce,FALSE
EVT-0693,Annonce publique du procédé photographique de Daguerre,7 janvier 1839,1839,SRC-0664,https://en.wikipedia.org/wiki/1839,WIKIPEDIA_YEAR_CHRONOLOGY_B,B,NOT_REQUIRED_TARGETED_V16,STRUCTURAL_PASS_COMPLETE,La page annuelle sert de support B. Une vérification page événement spécifique est prévue avant le palier 2 000.,ANNUAL_CHRONOLOGY_RETAINED,,No ambiguity trigger detected in targeted V16 pass; annual chronology remains B support.,7 janvier 1839,Annonce publique du procédé photographique de Daguerre,TRUE
EVT-0694,Début de la première guerre de l’Opium,4 septembre 1839,1839,SRC-0664,https://en.wikipedia.org/wiki/1839,WIKIPEDIA_YEAR_CHRONOLOGY_B,B,NOT_REQUIRED_TARGETED_V16,STRUCTURAL_PASS_COMPLETE,La page annuelle sert de support B. Une vérification page événement spécifique est prévue avant le palier 2 000.,ANNUAL_CHRONOLOGY_RETAINED,,No ambiguity trigger detected in targeted V16 pass; annual chronology remains B support.,4 septembre 1839,Début de la première guerre de l’Opium,TRUE
EVT-0695,Traité de Nankin mettant fin à la première guerre de l’Opium,29 août 1842,1842,SRC-0666,https://en.wikipedia.org/wiki/1842,WIKIPEDIA_YEAR_CHRONOLOGY_B,B,NOT_REQUIRED_TARGETED_V16,STRUCTURAL_PASS_COMPLETE,La page annuelle sert de support B. Une vérification page événement spécifique est prévue avant le palier 2 000.,ANNUAL_CHRONOLOGY_RETAINED,,No ambiguity trigger detected in targeted V16 pass; annual chronology remains B support.,29 août 1842,Traité de Nankin mettant fin à la première guerre de l’Opium,TRUE
EVT-0696,Observation de Neptune confirmant sa découverte,23 septembre 1846,1846,SRC-0667,https://en.wikipedia.org/wiki/1846,WIKIPEDIA_YEAR_CHRONOLOGY_B,B,NOT_REQUIRED_TARGETED_V16,STRUCTURAL_PASS_COMPLETE,La page annuelle sert de support B. Une vérification page événement spécifique est prévue avant le palier 2 000.,ANNUAL_CHRONOLOGY_RETAINED,,No ambiguity trigger detected in targeted V16 pass; annual chronology remains B support.,23 septembre 1846,Observation de Neptune confirmant sa découverte,TRUE
EVT-0697,Publication du Manifeste du Parti communiste,21 février 1848,1848,SRC-0669,https://en.wikipedia.org/wiki/1848,WIKIPEDIA_YEAR_CHRONOLOGY_B,B,NOT_REQUIRED_TARGETED_V16,STRUCTURAL_PASS_COMPLETE,La page annuelle sert de support B. Une vérification page événement spécifique est prévue avant le palier 2 000.,ANNUAL_CHRONOLOGY_RETAINED,,No ambiguity trigger detected in targeted V16 pass; annual chronology remains B support.,21 février 1848,Publication du Manifeste du Parti communiste,TRUE
EVT-0698,Ouverture de la convention de Seneca Falls,19 juillet 1848,1848,SRC-0669,https://en.wikipedia.org/wiki/1848,WIKIPEDIA_YEAR_CHRONOLOGY_B,B,NOT_REQUIRED_TARGETED_V16,STRUCTURAL_PASS_COMPLETE,La page annuelle sert de support B. Une vérification page événement spécifique est prévue avant le palier 2 000.,ANNUAL_CHRONOLOGY_RETAINED,,No ambiguity trigger detected in targeted V16 pass; annual chronology remains B support.,19 juillet 1848,Ouverture de la convention de Seneca Falls,TRUE
EVT-0699,Arrivée de l’escadre du commodore Perry dans la baie d’Edo,8 juillet 1853,1853,SRC-0672,https://en.wikipedia.org/wiki/1853,WIKIPEDIA_YEAR_CHRONOLOGY_B,B,NOT_REQUIRED_TARGETED_V16,STRUCTURAL_PASS_COMPLETE,La page annuelle sert de support B. Une vérification page événement spécifique est prévue avant le palier 2 000.,ANNUAL_CHRONOLOGY_RETAINED,,No ambiguity trigger detected in targeted V16 pass; annual chronology remains B support.,8 juillet 1853,Arrivée de l’escadre du commodore Perry dans la baie d’Edo,TRUE
EVT-0700,Publication de L’Origine des espèces de Charles Darwin,24 novembre 1859,1859,SRC-0674,https://en.wikipedia.org/wiki/1859,WIKIPEDIA_YEAR_CHRONOLOGY_B,B,NOT_REQUIRED_TARGETED_V16,STRUCTURAL_PASS_COMPLETE,La page annuelle sert de support B. Une vérification page événement spécifique est prévue avant le palier 2 000.,ANNUAL_CHRONOLOGY_RETAINED,,No ambiguity trigger detected in targeted V16 pass; annual chronology remains B support.,24 novembre 1859,Publication de L’Origine des espèces de Charles Darwin,TRUE
EVT-0701,Abolition du servage dans l’Empire russe,19 février 1861,1861,SRC-0676,https://en.wikipedia.org/wiki/1861,WIKIPEDIA_YEAR_CHRONOLOGY_B,B,COMPLETE,COMPLETE,La page annuelle sert de support B. Une vérification page événement spécifique est prévue avant le palier 2 000.,CORRECTED_PAGE_SPECIFIC,https://fr.wikipedia.org/wiki/Abolition_du_servage_de_1861,Normalisation en calendrier grégorien tout en conservant la date russe Old Style.,3 mars 1861 (19 février selon le calendrier julien alors en usage en Russie),Entrée en vigueur de l’abolition du servage dans l’Empire russe,TRUE
EVT-0702,Publication des Misérables de Victor Hugo,mai 1862,1862,SRC-0677,https://en.wikipedia.org/wiki/1862,WIKIPEDIA_YEAR_CHRONOLOGY_B,B,COMPLETE,COMPLETE,La page annuelle sert de support B. Une vérification page événement spécifique est prévue avant le palier 2 000.,CORRECTED_PAGE_SPECIFIC,https://fr.wikipedia.org/wiki/Les_Mis%C3%A9rables,« Les Misérables » paraît en plusieurs vagues ; le 30 mars marque le début de publication à Bruxelles.,30 mars 1862 à Bruxelles ; 3 avril 1862 à Paris,Début de la publication des Misérables de Victor Hugo,TRUE
EVT-0703,Fondation du Comité international de la Croix-Rouge,17 février 1863,1863,SRC-0678,https://en.wikipedia.org/wiki/1863,WIKIPEDIA_YEAR_CHRONOLOGY_B,B,NOT_REQUIRED_TARGETED_V16,STRUCTURAL_PASS_COMPLETE,La page annuelle sert de support B. Une vérification page événement spécifique est prévue avant le palier 2 000.,ANNUAL_CHRONOLOGY_RETAINED,,No ambiguity trigger detected in targeted V16 pass; annual chronology remains B support.,17 février 1863,Fondation du Comité international de la Croix-Rouge,TRUE
EVT-0704,Publication des travaux de Gregor Mendel sur l’hérédité,1865,1865,SRC-0679,https://en.wikipedia.org/wiki/1865,WIKIPEDIA_YEAR_CHRONOLOGY_B,B,COMPLETE,COMPLETE,La page annuelle sert de support B. Une vérification page événement spécifique est prévue avant le palier 2 000.,CORRECTED_PAGE_SPECIFIC,https://en.wikipedia.org/wiki/Experiments_on_Plant_Hybridization,Les résultats ont été présentés en 1865 mais l’article a été publié en 1866.,1866,Publication des travaux de Gregor Mendel sur l’hérédité,TRUE
EVT-0705,Capitulation de Robert E. Lee à Appomattox,9 avril 1865,1865,SRC-0679,https://en.wikipedia.org/wiki/1865,WIKIPEDIA_YEAR_CHRONOLOGY_B,B,NOT_REQUIRED_TARGETED_V16,STRUCTURAL_PASS_COMPLETE,La page annuelle sert de support B. Une vérification page événement spécifique est prévue avant le palier 2 000.,ANNUAL_CHRONOLOGY_RETAINED,,No ambiguity trigger detected in targeted V16 pass; annual chronology remains B support.,9 avril 1865,Capitulation de Robert E. Lee à Appomattox,TRUE
EVT-0706,Assassinat d’Abraham Lincoln,14 avril 1865,1865,SRC-0679,https://en.wikipedia.org/wiki/1865,WIKIPEDIA_YEAR_CHRONOLOGY_B,B,NOT_REQUIRED_TARGETED_V16,STRUCTURAL_PASS_COMPLETE,La page annuelle sert de support B. Une vérification page événement spécifique est prévue avant le palier 2 000.,ANNUAL_CHRONOLOGY_RETAINED,,No ambiguity trigger detected in targeted V16 pass; annual chronology remains B support.,14 avril 1865,Assassinat d’Abraham Lincoln,TRUE
EVT-0707,Achèvement du câble télégraphique transatlantique durable,27 juillet 1866,1866,SRC-0680,https://en.wikipedia.org/wiki/1866,WIKIPEDIA_YEAR_CHRONOLOGY_B,B,NOT_REQUIRED_TARGETED_V16,STRUCTURAL_PASS_COMPLETE,La page annuelle sert de support B. Une vérification page événement spécifique est prévue avant le palier 2 000.,ANNUAL_CHRONOLOGY_RETAINED,,No ambiguity trigger detected in targeted V16 pass; annual chronology remains B support.,27 juillet 1866,Achèvement du câble télégraphique transatlantique durable,TRUE
EVT-0708,Confédération canadienne,1 juillet 1867,1867,SRC-0681,https://en.wikipedia.org/wiki/1867,WIKIPEDIA_YEAR_CHRONOLOGY_B,B,NOT_REQUIRED_TARGETED_V16,STRUCTURAL_PASS_COMPLETE,La page annuelle sert de support B. Une vérification page événement spécifique est prévue avant le palier 2 000.,ANNUAL_CHRONOLOGY_RETAINED,,No ambiguity trigger detected in targeted V16 pass; annual chronology remains B support.,1 juillet 1867,Confédération canadienne,TRUE
EVT-0709,Restauration de Meiji au Japon,3 janvier 1868,1868,SRC-0682,https://en.wikipedia.org/wiki/1868,WIKIPEDIA_YEAR_CHRONOLOGY_B,B,NOT_REQUIRED_TARGETED_V16,STRUCTURAL_PASS_COMPLETE,La page annuelle sert de support B. Une vérification page événement spécifique est prévue avant le palier 2 000.,ANNUAL_CHRONOLOGY_RETAINED,,No ambiguity trigger detected in targeted V16 pass; annual chronology remains B support.,3 janvier 1868,Restauration de Meiji au Japon,TRUE
EVT-0710,Présentation du tableau périodique de Mendeleïev,6 mars 1869,1869,SRC-0683,https://en.wikipedia.org/wiki/1869,WIKIPEDIA_YEAR_CHRONOLOGY_B,B,NOT_REQUIRED_TARGETED_V16,STRUCTURAL_PASS_COMPLETE,La page annuelle sert de support B. Une vérification page événement spécifique est prévue avant le palier 2 000.,ANNUAL_CHRONOLOGY_RETAINED,,No ambiguity trigger detected in targeted V16 pass; annual chronology remains B support.,6 mars 1869,Présentation du tableau périodique de Mendeleïev,TRUE
EVT-0711,Achèvement du premier chemin de fer transcontinental américain,10 mai 1869,1869,SRC-0683,https://en.wikipedia.org/wiki/1869,WIKIPEDIA_YEAR_CHRONOLOGY_B,B,NOT_REQUIRED_TARGETED_V16,STRUCTURAL_PASS_COMPLETE,La page annuelle sert de support B. Une vérification page événement spécifique est prévue avant le palier 2 000.,ANNUAL_CHRONOLOGY_RETAINED,,No ambiguity trigger detected in targeted V16 pass; annual chronology remains B support.,10 mai 1869,Achèvement du premier chemin de fer transcontinental américain,TRUE
EVT-0712,Ouverture de la première exposition impressionniste,15 avril 1874,1874,SRC-0686,https://en.wikipedia.org/wiki/1874,WIKIPEDIA_YEAR_CHRONOLOGY_B,B,NOT_REQUIRED_TARGETED_V16,STRUCTURAL_PASS_COMPLETE,La page annuelle sert de support B. Une vérification page événement spécifique est prévue avant le palier 2 000.,ANNUAL_CHRONOLOGY_RETAINED,,No ambiguity trigger detected in targeted V16 pass; annual chronology remains B support.,15 avril 1874,Ouverture de la première exposition impressionniste,TRUE
EVT-0713,Brevet du téléphone accordé à Alexander Graham Bell,7 mars 1876,1876,SRC-0687,https://en.wikipedia.org/wiki/1876,WIKIPEDIA_YEAR_CHRONOLOGY_B,B,NOT_REQUIRED_TARGETED_V16,STRUCTURAL_PASS_COMPLETE,La page annuelle sert de support B. Une vérification page événement spécifique est prévue avant le palier 2 000.,ANNUAL_CHRONOLOGY_RETAINED,,No ambiguity trigger detected in targeted V16 pass; annual chronology remains B support.,7 mars 1876,Brevet du téléphone accordé à Alexander Graham Bell,TRUE
EVT-0714,Ouverture du congrès de Berlin,13 juin 1878,1878,SRC-0689,https://en.wikipedia.org/wiki/1878,WIKIPEDIA_YEAR_CHRONOLOGY_B,B,NOT_REQUIRED_TARGETED_V16,STRUCTURAL_PASS_COMPLETE,La page annuelle sert de support B. Une vérification page événement spécifique est prévue avant le palier 2 000.,ANNUAL_CHRONOLOGY_RETAINED,,No ambiguity trigger detected in targeted V16 pass; annual chronology remains B support.,13 juin 1878,Ouverture du congrès de Berlin,TRUE
EVT-0715,Démonstration d’une lampe à incandescence durable par Edison,21 octobre 1879,1879,SRC-0690,https://en.wikipedia.org/wiki/1879,WIKIPEDIA_YEAR_CHRONOLOGY_B,B,COMPLETE,COMPLETE,La page annuelle sert de support B. Une vérification page événement spécifique est prévue avant le palier 2 000.,CORRECTED_PAGE_SPECIFIC,https://www.nps.gov/edis/learn/historyculture/edison-biography.htm,Le NPS indique que la date précise du 21 octobre souvent répétée est erronée.,octobre 1879 ; jour exact à ne pas figer,Mise au point d’une lampe à incandescence durable par Edison,FALSE
EVT-0716,Éruption cataclysmique du Krakatoa,27 août 1883,1883,SRC-0693,https://en.wikipedia.org/wiki/1883,WIKIPEDIA_YEAR_CHRONOLOGY_B,B,NOT_REQUIRED_TARGETED_V16,STRUCTURAL_PASS_COMPLETE,La page annuelle sert de support B. Une vérification page événement spécifique est prévue avant le palier 2 000.,ANNUAL_CHRONOLOGY_RETAINED,,No ambiguity trigger detected in targeted V16 pass; annual chronology remains B support.,27 août 1883,Éruption cataclysmique du Krakatoa,TRUE
EVT-0717,Première vaccination humaine contre la rage par Pasteur,6 juillet 1885,1885,SRC-0694,https://en.wikipedia.org/wiki/1885,WIKIPEDIA_YEAR_CHRONOLOGY_B,B,NOT_REQUIRED_TARGETED_V16,STRUCTURAL_PASS_COMPLETE,La page annuelle sert de support B. Une vérification page événement spécifique est prévue avant le palier 2 000.,ANNUAL_CHRONOLOGY_RETAINED,,No ambiguity trigger detected in targeted V16 pass; annual chronology remains B support.,6 juillet 1885,Première vaccination humaine contre la rage par Pasteur,TRUE
EVT-0718,Brevet du véhicule automobile de Karl Benz,29 janvier 1886,1886,SRC-0695,https://en.wikipedia.org/wiki/1886,WIKIPEDIA_YEAR_CHRONOLOGY_B,B,NOT_REQUIRED_TARGETED_V16,STRUCTURAL_PASS_COMPLETE,La page annuelle sert de support B. Une vérification page événement spécifique est prévue avant le palier 2 000.,ANNUAL_CHRONOLOGY_RETAINED,,No ambiguity trigger detected in targeted V16 pass; annual chronology remains B support.,29 janvier 1886,Brevet du véhicule automobile de Karl Benz,TRUE
EVT-0719,Inauguration de la statue de la Liberté,28 octobre 1886,1886,SRC-0695,https://en.wikipedia.org/wiki/1886,WIKIPEDIA_YEAR_CHRONOLOGY_B,B,NOT_REQUIRED_TARGETED_V16,STRUCTURAL_PASS_COMPLETE,La page annuelle sert de support B. Une vérification page événement spécifique est prévue avant le palier 2 000.,ANNUAL_CHRONOLOGY_RETAINED,,No ambiguity trigger detected in targeted V16 pass; annual chronology remains B support.,28 octobre 1886,Inauguration de la statue de la Liberté,TRUE
EVT-0720,Peinture de La Nuit étoilée par Vincent van Gogh,1889,1889,SRC-0697,https://en.wikipedia.org/wiki/1889,WIKIPEDIA_YEAR_CHRONOLOGY_B,B,NOT_REQUIRED_TARGETED_V16,STRUCTURAL_PASS_COMPLETE,La page annuelle sert de support B. Une vérification page événement spécifique est prévue avant le palier 2 000.,ANNUAL_CHRONOLOGY_RETAINED,,No ambiguity trigger detected in targeted V16 pass; annual chronology remains B support.,1889,Peinture de La Nuit étoilée par Vincent van Gogh,TRUE
EVT-0721,Droit de vote accordé aux femmes en Nouvelle-Zélande,19 septembre 1893,1893,SRC-0701,https://en.wikipedia.org/wiki/1893,WIKIPEDIA_YEAR_CHRONOLOGY_B,B,NOT_REQUIRED_TARGETED_V16,STRUCTURAL_PASS_COMPLETE,La page annuelle sert de support B. Une vérification page événement spécifique est prévue avant le palier 2 000.,ANNUAL_CHRONOLOGY_RETAINED,,No ambiguity trigger detected in targeted V16 pass; annual chronology remains B support.,19 septembre 1893,Droit de vote accordé aux femmes en Nouvelle-Zélande,TRUE
EVT-0722,Découverte des rayons X par Wilhelm Röntgen,8 novembre 1895,1895,SRC-0703,https://en.wikipedia.org/wiki/1895,WIKIPEDIA_YEAR_CHRONOLOGY_B,B,NOT_REQUIRED_TARGETED_V16,STRUCTURAL_PASS_COMPLETE,La page annuelle sert de support B. Une vérification page événement spécifique est prévue avant le palier 2 000.,ANNUAL_CHRONOLOGY_RETAINED,,No ambiguity trigger detected in targeted V16 pass; annual chronology remains B support.,8 novembre 1895,Découverte des rayons X par Wilhelm Röntgen,TRUE
EVT-0723,Première projection publique payante des frères Lumière,28 décembre 1895,1895,SRC-0703,https://en.wikipedia.org/wiki/1895,WIKIPEDIA_YEAR_CHRONOLOGY_B,B,NOT_REQUIRED_TARGETED_V16,STRUCTURAL_PASS_COMPLETE,La page annuelle sert de support B. Une vérification page événement spécifique est prévue avant le palier 2 000.,ANNUAL_CHRONOLOGY_RETAINED,,No ambiguity trigger detected in targeted V16 pass; annual chronology remains B support.,28 décembre 1895,Première projection publique payante des frères Lumière,TRUE
EVT-0724,Ouverture des premiers Jeux olympiques modernes à Athènes,6 avril 1896,1896,SRC-0704,https://en.wikipedia.org/wiki/1896,WIKIPEDIA_YEAR_CHRONOLOGY_B,B,NOT_REQUIRED_TARGETED_V16,STRUCTURAL_PASS_COMPLETE,La page annuelle sert de support B. Une vérification page événement spécifique est prévue avant le palier 2 000.,ANNUAL_CHRONOLOGY_RETAINED,,No ambiguity trigger detected in targeted V16 pass; annual chronology remains B support.,6 avril 1896,Ouverture des premiers Jeux olympiques modernes à Athènes,TRUE
EVT-0725,Découverte de l’électron par J. J. Thomson,1897,1897,SRC-0705,https://en.wikipedia.org/wiki/1897,WIKIPEDIA_YEAR_CHRONOLOGY_B,B,NOT_REQUIRED_TARGETED_V16,STRUCTURAL_PASS_COMPLETE,La page annuelle sert de support B. Une vérification page événement spécifique est prévue avant le palier 2 000.,ANNUAL_CHRONOLOGY_RETAINED,,No ambiguity trigger detected in targeted V16 pass; annual chronology remains B support.,1897,Découverte de l’électron par J. J. Thomson,TRUE
EVT-0726,Début de la guerre hispano-américaine,21 avril 1898,1898,SRC-0706,https://en.wikipedia.org/wiki/1898,WIKIPEDIA_YEAR_CHRONOLOGY_B,B,NOT_REQUIRED_TARGETED_V16,STRUCTURAL_PASS_COMPLETE,La page annuelle sert de support B. Une vérification page événement spécifique est prévue avant le palier 2 000.,ANNUAL_CHRONOLOGY_RETAINED,,No ambiguity trigger detected in targeted V16 pass; annual chronology remains B support.,21 avril 1898,Début de la guerre hispano-américaine,TRUE
EVT-0727,Présentation de l’hypothèse des quanta par Max Planck,14 décembre 1900,1900,SRC-0708,https://en.wikipedia.org/wiki/1900,WIKIPEDIA_YEAR_CHRONOLOGY_B,B,NOT_REQUIRED_TARGETED_V16,STRUCTURAL_PASS_COMPLETE,La page annuelle sert de support B. Une vérification page événement spécifique est prévue avant le palier 2 000.,ANNUAL_CHRONOLOGY_RETAINED,,No ambiguity trigger detected in targeted V16 pass; annual chronology remains B support.,14 décembre 1900,Présentation de l’hypothèse des quanta par Max Planck,TRUE
EVT-0728,Création du Royaume-Uni de Grande-Bretagne et d’Irlande,1 janvier 1801,1801,SRC-0641,https://en.wikipedia.org/wiki/1801,WIKIPEDIA_YEAR_CHRONOLOGY_B,B,NOT_REQUIRED_TARGETED_V16,STRUCTURAL_PASS_COMPLETE,La page annuelle sert de support B. Une vérification page événement spécifique est prévue avant le palier 2 000.,ANNUAL_CHRONOLOGY_RETAINED,,No ambiguity trigger detected in targeted V16 pass; annual chronology remains B support.,1 janvier 1801,Création du Royaume-Uni de Grande-Bretagne et d’Irlande,TRUE
EVT-0729,Découverte de Cérès par Giuseppe Piazzi,1 janvier 1801,1801,SRC-0641,https://en.wikipedia.org/wiki/1801,WIKIPEDIA_YEAR_CHRONOLOGY_B,B,NOT_REQUIRED_TARGETED_V16,STRUCTURAL_PASS_COMPLETE,La page annuelle sert de support B. Une vérification page événement spécifique est prévue avant le palier 2 000.,ANNUAL_CHRONOLOGY_RETAINED,,No ambiguity trigger detected in targeted V16 pass; annual chronology remains B support.,1 janvier 1801,Découverte de Cérès par Giuseppe Piazzi,TRUE
EVT-0730,Dissolution du Saint-Empire romain germanique,6 août 1806,1806,SRC-0645,https://en.wikipedia.org/wiki/1806,WIKIPEDIA_YEAR_CHRONOLOGY_B,B,NOT_REQUIRED_TARGETED_V16,STRUCTURAL_PASS_COMPLETE,La page annuelle sert de support B. Une vérification page événement spécifique est prévue avant le palier 2 000.,ANNUAL_CHRONOLOGY_RETAINED,,No ambiguity trigger detected in targeted V16 pass; annual chronology remains B support.,6 août 1806,Dissolution du Saint-Empire romain germanique,TRUE
EVT-0731,Soulèvement du Dos de Mayo à Madrid,2 mai 1808,1808,SRC-0647,https://en.wikipedia.org/wiki/1808,WIKIPEDIA_YEAR_CHRONOLOGY_B,B,NOT_REQUIRED_TARGETED_V16,STRUCTURAL_PASS_COMPLETE,La page annuelle sert de support B. Une vérification page événement spécifique est prévue avant le palier 2 000.,ANNUAL_CHRONOLOGY_RETAINED,,No ambiguity trigger detected in targeted V16 pass; annual chronology remains B support.,2 mai 1808,Soulèvement du Dos de Mayo à Madrid,TRUE
EVT-0732,Début de la guerre anglo-américaine de 1812,18 juin 1812,1812,SRC-0649,https://en.wikipedia.org/wiki/1812,WIKIPEDIA_YEAR_CHRONOLOGY_B,B,NOT_REQUIRED_TARGETED_V16,STRUCTURAL_PASS_COMPLETE,La page annuelle sert de support B. Une vérification page événement spécifique est prévue avant le palier 2 000.,ANNUAL_CHRONOLOGY_RETAINED,,No ambiguity trigger detected in targeted V16 pass; annual chronology remains B support.,18 juin 1812,Début de la guerre anglo-américaine de 1812,TRUE
EVT-0733,Déclaration d’indépendance de l’Argentine,9 juillet 1816,1816,SRC-0651,https://en.wikipedia.org/wiki/1816,WIKIPEDIA_YEAR_CHRONOLOGY_B,B,NOT_REQUIRED_TARGETED_V16,STRUCTURAL_PASS_COMPLETE,La page annuelle sert de support B. Une vérification page événement spécifique est prévue avant le palier 2 000.,ANNUAL_CHRONOLOGY_RETAINED,,No ambiguity trigger detected in targeted V16 pass; annual chronology remains B support.,9 juillet 1816,Déclaration d’indépendance de l’Argentine,TRUE
EVT-0734,Proclamation de l’indépendance du Chili,12 février 1818,1818,SRC-0652,https://en.wikipedia.org/wiki/1818,WIKIPEDIA_YEAR_CHRONOLOGY_B,B,NOT_REQUIRED_TARGETED_V16,STRUCTURAL_PASS_COMPLETE,La page annuelle sert de support B. Une vérification page événement spécifique est prévue avant le palier 2 000.,ANNUAL_CHRONOLOGY_RETAINED,,No ambiguity trigger detected in targeted V16 pass; annual chronology remains B support.,12 février 1818,Proclamation de l’indépendance du Chili,TRUE
EVT-0735,Massacre de Peterloo à Manchester,16 août 1819,1819,SRC-0653,https://en.wikipedia.org/wiki/1819,WIKIPEDIA_YEAR_CHRONOLOGY_B,B,NOT_REQUIRED_TARGETED_V16,STRUCTURAL_PASS_COMPLETE,La page annuelle sert de support B. Une vérification page événement spécifique est prévue avant le palier 2 000.,ANNUAL_CHRONOLOGY_RETAINED,,No ambiguity trigger detected in targeted V16 pass; annual chronology remains B support.,16 août 1819,Massacre de Peterloo à Manchester,TRUE
EVT-0736,Compromis du Missouri,6 mars 1820,1820,SRC-0654,https://en.wikipedia.org/wiki/1820,WIKIPEDIA_YEAR_CHRONOLOGY_B,B,NOT_REQUIRED_TARGETED_V16,STRUCTURAL_PASS_COMPLETE,La page annuelle sert de support B. Une vérification page événement spécifique est prévue avant le palier 2 000.,ANNUAL_CHRONOLOGY_RETAINED,,No ambiguity trigger detected in targeted V16 pass; annual chronology remains B support.,6 mars 1820,Compromis du Missouri,TRUE
EVT-0737,Entrée de l’armée des Trois Garanties à Mexico et indépendance effective du Mexique,27 septembre 1821,1821,SRC-0655,https://en.wikipedia.org/wiki/1821,WIKIPEDIA_YEAR_CHRONOLOGY_B,B,NOT_REQUIRED_TARGETED_V16,STRUCTURAL_PASS_COMPLETE,La page annuelle sert de support B. Une vérification page événement spécifique est prévue avant le palier 2 000.,ANNUAL_CHRONOLOGY_RETAINED,,No ambiguity trigger detected in targeted V16 pass; annual chronology remains B support.,27 septembre 1821,Entrée de l’armée des Trois Garanties à Mexico et indépendance effective du Mexique,TRUE
EVT-0738,Bataille navale de Navarin,20 octobre 1827,1827,SRC-0660,https://en.wikipedia.org/wiki/1827,WIKIPEDIA_YEAR_CHRONOLOGY_B,B,NOT_REQUIRED_TARGETED_V16,STRUCTURAL_PASS_COMPLETE,La page annuelle sert de support B. Une vérification page événement spécifique est prévue avant le palier 2 000.,ANNUAL_CHRONOLOGY_RETAINED,,No ambiguity trigger detected in targeted V16 pass; annual chronology remains B support.,20 octobre 1827,Bataille navale de Navarin,TRUE
EVT-0739,Catholic Relief Act au Royaume-Uni,13 avril 1829,1829,SRC-0661,https://en.wikipedia.org/wiki/1829,WIKIPEDIA_YEAR_CHRONOLOGY_B,B,NOT_REQUIRED_TARGETED_V16,STRUCTURAL_PASS_COMPLETE,La page annuelle sert de support B. Une vérification page événement spécifique est prévue avant le palier 2 000.,ANNUAL_CHRONOLOGY_RETAINED,,No ambiguity trigger detected in targeted V16 pass; annual chronology remains B support.,13 avril 1829,Catholic Relief Act au Royaume-Uni,TRUE
EVT-0740,Départ du HMS Beagle avec Charles Darwin,27 décembre 1831,1831,SRC-0662,https://en.wikipedia.org/wiki/1831,WIKIPEDIA_YEAR_CHRONOLOGY_B,B,NOT_REQUIRED_TARGETED_V16,STRUCTURAL_PASS_COMPLETE,La page annuelle sert de support B. Une vérification page événement spécifique est prévue avant le palier 2 000.,ANNUAL_CHRONOLOGY_RETAINED,,No ambiguity trigger detected in targeted V16 pass; annual chronology remains B support.,27 décembre 1831,Départ du HMS Beagle avec Charles Darwin,TRUE
EVT-0741,Victoria devient reine du Royaume-Uni,20 juin 1837,1837,SRC-0663,https://en.wikipedia.org/wiki/1837,WIKIPEDIA_YEAR_CHRONOLOGY_B,B,NOT_REQUIRED_TARGETED_V16,STRUCTURAL_PASS_COMPLETE,La page annuelle sert de support B. Une vérification page événement spécifique est prévue avant le palier 2 000.,ANNUAL_CHRONOLOGY_RETAINED,,No ambiguity trigger detected in targeted V16 pass; annual chronology remains B support.,20 juin 1837,Victoria devient reine du Royaume-Uni,TRUE
EVT-0742,Signature du traité de Waitangi,6 février 1840,1840,SRC-0665,https://en.wikipedia.org/wiki/1840,WIKIPEDIA_YEAR_CHRONOLOGY_B,B,NOT_REQUIRED_TARGETED_V16,STRUCTURAL_PASS_COMPLETE,La page annuelle sert de support B. Une vérification page événement spécifique est prévue avant le palier 2 000.,ANNUAL_CHRONOLOGY_RETAINED,,No ambiguity trigger detected in targeted V16 pass; annual chronology remains B support.,6 février 1840,Signature du traité de Waitangi,TRUE
EVT-0743,"Mise en vente du Penny Black, premier timbre-poste adhésif",1 mai 1840,1840,SRC-0665,https://en.wikipedia.org/wiki/1840,WIKIPEDIA_YEAR_CHRONOLOGY_B,B,NOT_REQUIRED_TARGETED_V16,STRUCTURAL_PASS_COMPLETE,La page annuelle sert de support B. Une vérification page événement spécifique est prévue avant le palier 2 000.,ANNUAL_CHRONOLOGY_RETAINED,,No ambiguity trigger detected in targeted V16 pass; annual chronology remains B support.,1 mai 1840,"Mise en vente du Penny Black, premier timbre-poste adhésif",TRUE
EVT-0744,Abrogation des Corn Laws britanniques,25 juin 1846,1846,SRC-0667,https://en.wikipedia.org/wiki/1846,WIKIPEDIA_YEAR_CHRONOLOGY_B,B,NOT_REQUIRED_TARGETED_V16,STRUCTURAL_PASS_COMPLETE,La page annuelle sert de support B. Une vérification page événement spécifique est prévue avant le palier 2 000.,ANNUAL_CHRONOLOGY_RETAINED,,No ambiguity trigger detected in targeted V16 pass; annual chronology remains B support.,25 juin 1846,Abrogation des Corn Laws britanniques,TRUE
EVT-0745,Proclamation d’indépendance du Liberia,26 juillet 1847,1847,SRC-0668,https://en.wikipedia.org/wiki/1847,WIKIPEDIA_YEAR_CHRONOLOGY_B,B,NOT_REQUIRED_TARGETED_V16,STRUCTURAL_PASS_COMPLETE,La page annuelle sert de support B. Une vérification page événement spécifique est prévue avant le palier 2 000.,ANNUAL_CHRONOLOGY_RETAINED,,No ambiguity trigger detected in targeted V16 pass; annual chronology remains B support.,26 juillet 1847,Proclamation d’indépendance du Liberia,TRUE
EVT-0746,Découverte d’or à Sutter’s Mill et ruée vers l’or de Californie,24 janvier 1849,1849,SRC-0670,https://en.wikipedia.org/wiki/1849,WIKIPEDIA_YEAR_CHRONOLOGY_B,B,NOT_REQUIRED_TARGETED_V16,STRUCTURAL_PASS_COMPLETE,La page annuelle sert de support B. Une vérification page événement spécifique est prévue avant le palier 2 000.,ANNUAL_CHRONOLOGY_RETAINED,,No ambiguity trigger detected in targeted V16 pass; annual chronology remains B support.,24 janvier 1849,Découverte d’or à Sutter’s Mill et ruée vers l’or de Californie,TRUE
EVT-0747,Ouverture de la Grande Exposition de Londres,1 mai 1851,1851,SRC-0671,https://en.wikipedia.org/wiki/1851,WIKIPEDIA_YEAR_CHRONOLOGY_B,B,NOT_REQUIRED_TARGETED_V16,STRUCTURAL_PASS_COMPLETE,La page annuelle sert de support B. Une vérification page événement spécifique est prévue avant le palier 2 000.,ANNUAL_CHRONOLOGY_RETAINED,,No ambiguity trigger detected in targeted V16 pass; annual chronology remains B support.,1 mai 1851,Ouverture de la Grande Exposition de Londres,TRUE
EVT-0748,Convention de Kanagawa entre le Japon et les États-Unis,31 mars 1854,1854,SRC-0673,https://en.wikipedia.org/wiki/1854,WIKIPEDIA_YEAR_CHRONOLOGY_B,B,NOT_REQUIRED_TARGETED_V16,STRUCTURAL_PASS_COMPLETE,La page annuelle sert de support B. Une vérification page événement spécifique est prévue avant le palier 2 000.,ANNUAL_CHRONOLOGY_RETAINED,,No ambiguity trigger detected in targeted V16 pass; annual chronology remains B support.,31 mars 1854,Convention de Kanagawa entre le Japon et les États-Unis,TRUE
EVT-0749,Bataille de Solférino,24 juin 1859,1859,SRC-0674,https://en.wikipedia.org/wiki/1859,WIKIPEDIA_YEAR_CHRONOLOGY_B,B,NOT_REQUIRED_TARGETED_V16,STRUCTURAL_PASS_COMPLETE,La page annuelle sert de support B. Une vérification page événement spécifique est prévue avant le palier 2 000.,ANNUAL_CHRONOLOGY_RETAINED,,No ambiguity trigger detected in targeted V16 pass; annual chronology remains B support.,24 juin 1859,Bataille de Solférino,TRUE
EVT-0750,Forage du puits de Drake en Pennsylvanie,27 août 1859,1859,SRC-0674,https://en.wikipedia.org/wiki/1859,WIKIPEDIA_YEAR_CHRONOLOGY_B,B,NOT_REQUIRED_TARGETED_V16,STRUCTURAL_PASS_COMPLETE,La page annuelle sert de support B. Une vérification page événement spécifique est prévue avant le palier 2 000.,ANNUAL_CHRONOLOGY_RETAINED,,No ambiguity trigger detected in targeted V16 pass; annual chronology remains B support.,27 août 1859,Forage du puits de Drake en Pennsylvanie,TRUE
EVT-0751,Départ de l’expédition des Mille de Garibaldi,5 mai 1860,1860,SRC-0675,https://en.wikipedia.org/wiki/1860,WIKIPEDIA_YEAR_CHRONOLOGY_B,B,NOT_REQUIRED_TARGETED_V16,STRUCTURAL_PASS_COMPLETE,La page annuelle sert de support B. Une vérification page événement spécifique est prévue avant le palier 2 000.,ANNUAL_CHRONOLOGY_RETAINED,,No ambiguity trigger detected in targeted V16 pass; annual chronology remains B support.,5 mai 1860,Départ de l’expédition des Mille de Garibaldi,TRUE
EVT-0752,Homestead Act aux États-Unis,20 mai 1862,1862,SRC-0677,https://en.wikipedia.org/wiki/1862,WIKIPEDIA_YEAR_CHRONOLOGY_B,B,NOT_REQUIRED_TARGETED_V16,STRUCTURAL_PASS_COMPLETE,La page annuelle sert de support B. Une vérification page événement spécifique est prévue avant le palier 2 000.,ANNUAL_CHRONOLOGY_RETAINED,,No ambiguity trigger detected in targeted V16 pass; annual chronology remains B support.,20 mai 1862,Homestead Act aux États-Unis,TRUE
EVT-0753,Début de la guerre austro-prussienne,14 juin 1866,1866,SRC-0680,https://en.wikipedia.org/wiki/1866,WIKIPEDIA_YEAR_CHRONOLOGY_B,B,NOT_REQUIRED_TARGETED_V16,STRUCTURAL_PASS_COMPLETE,La page annuelle sert de support B. Une vérification page événement spécifique est prévue avant le palier 2 000.,ANNUAL_CHRONOLOGY_RETAINED,,No ambiguity trigger detected in targeted V16 pass; annual chronology remains B support.,14 juin 1866,Début de la guerre austro-prussienne,TRUE
EVT-0754,Achat de l’Alaska par les États-Unis,30 mars 1867,1867,SRC-0681,https://en.wikipedia.org/wiki/1867,WIKIPEDIA_YEAR_CHRONOLOGY_B,B,NOT_REQUIRED_TARGETED_V16,STRUCTURAL_PASS_COMPLETE,La page annuelle sert de support B. Une vérification page événement spécifique est prévue avant le palier 2 000.,ANNUAL_CHRONOLOGY_RETAINED,,No ambiguity trigger detected in targeted V16 pass; annual chronology remains B support.,30 mars 1867,Achat de l’Alaska par les États-Unis,TRUE
EVT-0755,Rome devient officiellement capitale du royaume d’Italie,1 juillet 1871,1871,SRC-0684,https://en.wikipedia.org/wiki/1871,WIKIPEDIA_YEAR_CHRONOLOGY_B,B,NOT_REQUIRED_TARGETED_V16,STRUCTURAL_PASS_COMPLETE,La page annuelle sert de support B. Une vérification page événement spécifique est prévue avant le palier 2 000.,ANNUAL_CHRONOLOGY_RETAINED,,No ambiguity trigger detected in targeted V16 pass; annual chronology remains B support.,1 juillet 1871,Rome devient officiellement capitale du royaume d’Italie,TRUE
EVT-0756,Krach boursier de Vienne et début de la crise de 1873,9 mai 1873,1873,SRC-0685,https://en.wikipedia.org/wiki/1873,WIKIPEDIA_YEAR_CHRONOLOGY_B,B,NOT_REQUIRED_TARGETED_V16,STRUCTURAL_PASS_COMPLETE,La page annuelle sert de support B. Une vérification page événement spécifique est prévue avant le palier 2 000.,ANNUAL_CHRONOLOGY_RETAINED,,No ambiguity trigger detected in targeted V16 pass; annual chronology remains B support.,9 mai 1873,Krach boursier de Vienne et début de la crise de 1873,TRUE
EVT-0757,Bataille de Little Bighorn,25 juin 1876,1876,SRC-0687,https://en.wikipedia.org/wiki/1876,WIKIPEDIA_YEAR_CHRONOLOGY_B,B,NOT_REQUIRED_TARGETED_V16,STRUCTURAL_PASS_COMPLETE,La page annuelle sert de support B. Une vérification page événement spécifique est prévue avant le palier 2 000.,ANNUAL_CHRONOLOGY_RETAINED,,No ambiguity trigger detected in targeted V16 pass; annual chronology remains B support.,25 juin 1876,Bataille de Little Bighorn,TRUE
EVT-0758,Victoria proclamée impératrice des Indes,1 janvier 1877,1877,SRC-0688,https://en.wikipedia.org/wiki/1877,WIKIPEDIA_YEAR_CHRONOLOGY_B,B,NOT_REQUIRED_TARGETED_V16,STRUCTURAL_PASS_COMPLETE,La page annuelle sert de support B. Une vérification page événement spécifique est prévue avant le palier 2 000.,ANNUAL_CHRONOLOGY_RETAINED,,No ambiguity trigger detected in targeted V16 pass; annual chronology remains B support.,1 janvier 1877,Victoria proclamée impératrice des Indes,TRUE
EVT-0759,Début du premier tournoi de Wimbledon,9 juillet 1877,1877,SRC-0688,https://en.wikipedia.org/wiki/1877,WIKIPEDIA_YEAR_CHRONOLOGY_B,B,NOT_REQUIRED_TARGETED_V16,STRUCTURAL_PASS_COMPLETE,La page annuelle sert de support B. Une vérification page événement spécifique est prévue avant le palier 2 000.,ANNUAL_CHRONOLOGY_RETAINED,,No ambiguity trigger detected in targeted V16 pass; annual chronology remains B support.,9 juillet 1877,Début du premier tournoi de Wimbledon,TRUE
EVT-0760,Première démonstration publique du phonographe d’Edison,6 décembre 1877,1877,SRC-0688,https://en.wikipedia.org/wiki/1877,WIKIPEDIA_YEAR_CHRONOLOGY_B,B,COMPLETE,COMPLETE,La page annuelle sert de support B. Une vérification page événement spécifique est prévue avant le palier 2 000.,CORRECTED_PAGE_SPECIFIC,https://home.nps.gov/edis/learn/historyculture/origins-of-sound-recording-thomas-edison.htm,"La démonstration documentée au Scientific American a lieu le 7 décembre, pas le 6.",7 décembre 1877,Démonstration du phonographe d’Edison au Scientific American,TRUE
EVT-0761,Assassinat du tsar Alexandre II,13 mars 1881,1881,SRC-0691,https://en.wikipedia.org/wiki/1881,WIKIPEDIA_YEAR_CHRONOLOGY_B,B,NOT_REQUIRED_TARGETED_V16,STRUCTURAL_PASS_COMPLETE,La page annuelle sert de support B. Une vérification page événement spécifique est prévue avant le palier 2 000.,ANNUAL_CHRONOLOGY_RETAINED,,No ambiguity trigger detected in targeted V16 pass; annual chronology remains B support.,13 mars 1881,Assassinat du tsar Alexandre II,TRUE
EVT-0762,Traité du Bardo établissant le protectorat français en Tunisie,12 mai 1881,1881,SRC-0691,https://en.wikipedia.org/wiki/1881,WIKIPEDIA_YEAR_CHRONOLOGY_B,B,NOT_REQUIRED_TARGETED_V16,STRUCTURAL_PASS_COMPLETE,La page annuelle sert de support B. Une vérification page événement spécifique est prévue avant le palier 2 000.,ANNUAL_CHRONOLOGY_RETAINED,,No ambiguity trigger detected in targeted V16 pass; annual chronology remains B support.,12 mai 1881,Traité du Bardo établissant le protectorat français en Tunisie,TRUE
EVT-0763,"Formation de la Triple Alliance entre Allemagne, Autriche-Hongrie et Italie",20 mai 1882,1882,SRC-0692,https://en.wikipedia.org/wiki/1882,WIKIPEDIA_YEAR_CHRONOLOGY_B,B,NOT_REQUIRED_TARGETED_V16,STRUCTURAL_PASS_COMPLETE,La page annuelle sert de support B. Une vérification page événement spécifique est prévue avant le palier 2 000.,ANNUAL_CHRONOLOGY_RETAINED,,No ambiguity trigger detected in targeted V16 pass; annual chronology remains B support.,20 mai 1882,"Formation de la Triple Alliance entre Allemagne, Autriche-Hongrie et Italie",TRUE
EVT-0764,Occupation britannique de l’Égypte après la bataille de Tel el-Kebir,13 septembre 1882,1882,SRC-0692,https://en.wikipedia.org/wiki/1882,WIKIPEDIA_YEAR_CHRONOLOGY_B,B,NOT_REQUIRED_TARGETED_V16,STRUCTURAL_PASS_COMPLETE,La page annuelle sert de support B. Une vérification page événement spécifique est prévue avant le palier 2 000.,ANNUAL_CHRONOLOGY_RETAINED,,No ambiguity trigger detected in targeted V16 pass; annual chronology remains B support.,13 septembre 1882,Occupation britannique de l’Égypte après la bataille de Tel el-Kebir,TRUE
EVT-0765,Reconnaissance internationale de l’État indépendant du Congo,29 décembre 1885,1885,SRC-0694,https://en.wikipedia.org/wiki/1885,WIKIPEDIA_YEAR_CHRONOLOGY_B,B,COMPLETE,COMPLETE,La page annuelle sert de support B. Une vérification page événement spécifique est prévue avant le palier 2 000.,CORRECTED_PAGE_SPECIFIC,https://en.wikipedia.org/wiki/Proclamation_of_the_Congo_Free_State,La reconnaissance internationale est un processus ; le 1er juillet correspond à la proclamation officielle de l’État.,1er juillet 1885,Proclamation officielle de l’État indépendant du Congo à Vivi,TRUE
EVT-0766,Affaire de Haymarket à Chicago,4 mai 1886,1886,SRC-0695,https://en.wikipedia.org/wiki/1886,WIKIPEDIA_YEAR_CHRONOLOGY_B,B,NOT_REQUIRED_TARGETED_V16,STRUCTURAL_PASS_COMPLETE,La page annuelle sert de support B. Une vérification page événement spécifique est prévue avant le palier 2 000.,ANNUAL_CHRONOLOGY_RETAINED,,No ambiguity trigger detected in targeted V16 pass; annual chronology remains B support.,4 mai 1886,Affaire de Haymarket à Chicago,TRUE
EVT-0767,Expérience de Michelson-Morley,1887,1887,SRC-0696,https://en.wikipedia.org/wiki/1887,WIKIPEDIA_YEAR_CHRONOLOGY_B,B,NOT_REQUIRED_TARGETED_V16,STRUCTURAL_PASS_COMPLETE,La page annuelle sert de support B. Une vérification page événement spécifique est prévue avant le palier 2 000.,ANNUAL_CHRONOLOGY_RETAINED,,No ambiguity trigger detected in targeted V16 pass; annual chronology remains B support.,1887,Expérience de Michelson-Morley,TRUE
EVT-0768,Fondation de la Deuxième Internationale,14 juillet 1889,1889,SRC-0697,https://en.wikipedia.org/wiki/1889,WIKIPEDIA_YEAR_CHRONOLOGY_B,B,NOT_REQUIRED_TARGETED_V16,STRUCTURAL_PASS_COMPLETE,La page annuelle sert de support B. Une vérification page événement spécifique est prévue avant le palier 2 000.,ANNUAL_CHRONOLOGY_RETAINED,,No ambiguity trigger detected in targeted V16 pass; annual chronology remains B support.,14 juillet 1889,Fondation de la Deuxième Internationale,TRUE
EVT-0769,Adoption du Sherman Antitrust Act,2 juillet 1890,1890,SRC-0698,https://en.wikipedia.org/wiki/1890,WIKIPEDIA_YEAR_CHRONOLOGY_B,B,NOT_REQUIRED_TARGETED_V16,STRUCTURAL_PASS_COMPLETE,La page annuelle sert de support B. Une vérification page événement spécifique est prévue avant le palier 2 000.,ANNUAL_CHRONOLOGY_RETAINED,,No ambiguity trigger detected in targeted V16 pass; annual chronology remains B support.,2 juillet 1890,Adoption du Sherman Antitrust Act,TRUE
EVT-0770,Massacre de Wounded Knee,29 décembre 1890,1890,SRC-0698,https://en.wikipedia.org/wiki/1890,WIKIPEDIA_YEAR_CHRONOLOGY_B,B,NOT_REQUIRED_TARGETED_V16,STRUCTURAL_PASS_COMPLETE,La page annuelle sert de support B. Une vérification page événement spécifique est prévue avant le palier 2 000.,ANNUAL_CHRONOLOGY_RETAINED,,No ambiguity trigger detected in targeted V16 pass; annual chronology remains B support.,29 décembre 1890,Massacre de Wounded Knee,TRUE
EVT-0771,Publication de l’encyclique Rerum novarum,15 mai 1891,1891,SRC-0699,https://en.wikipedia.org/wiki/1891,WIKIPEDIA_YEAR_CHRONOLOGY_B,B,NOT_REQUIRED_TARGETED_V16,STRUCTURAL_PASS_COMPLETE,La page annuelle sert de support B. Une vérification page événement spécifique est prévue avant le palier 2 000.,ANNUAL_CHRONOLOGY_RETAINED,,No ambiguity trigger detected in targeted V16 pass; annual chronology remains B support.,15 mai 1891,Publication de l’encyclique Rerum novarum,TRUE
EVT-0772,Premier match de basket-ball organisé par James Naismith,21 décembre 1891,1891,SRC-0699,https://en.wikipedia.org/wiki/1891,WIKIPEDIA_YEAR_CHRONOLOGY_B,B,NOT_REQUIRED_TARGETED_V16,STRUCTURAL_PASS_COMPLETE,La page annuelle sert de support B. Une vérification page événement spécifique est prévue avant le palier 2 000.,ANNUAL_CHRONOLOGY_RETAINED,,No ambiguity trigger detected in targeted V16 pass; annual chronology remains B support.,21 décembre 1891,Premier match de basket-ball organisé par James Naismith,TRUE
EVT-0773,Ouverture du centre d’immigration d’Ellis Island,1 janvier 1892,1892,SRC-0700,https://en.wikipedia.org/wiki/1892,WIKIPEDIA_YEAR_CHRONOLOGY_B,B,NOT_REQUIRED_TARGETED_V16,STRUCTURAL_PASS_COMPLETE,La page annuelle sert de support B. Une vérification page événement spécifique est prévue avant le palier 2 000.,ANNUAL_CHRONOLOGY_RETAINED,,No ambiguity trigger detected in targeted V16 pass; annual chronology remains B support.,1 janvier 1892,Ouverture du centre d’immigration d’Ellis Island,TRUE
EVT-0774,Version célèbre du Cri d’Edvard Munch,1893,1893,SRC-0701,https://en.wikipedia.org/wiki/1893,WIKIPEDIA_YEAR_CHRONOLOGY_B,B,NOT_REQUIRED_TARGETED_V16,STRUCTURAL_PASS_COMPLETE,La page annuelle sert de support B. Une vérification page événement spécifique est prévue avant le palier 2 000.,ANNUAL_CHRONOLOGY_RETAINED,,No ambiguity trigger detected in targeted V16 pass; annual chronology remains B support.,1893,Version célèbre du Cri d’Edvard Munch,TRUE
EVT-0775,Ouverture de l’Exposition universelle de Chicago,1 mai 1893,1893,SRC-0701,https://en.wikipedia.org/wiki/1893,WIKIPEDIA_YEAR_CHRONOLOGY_B,B,NOT_REQUIRED_TARGETED_V16,STRUCTURAL_PASS_COMPLETE,La page annuelle sert de support B. Une vérification page événement spécifique est prévue avant le palier 2 000.,ANNUAL_CHRONOLOGY_RETAINED,,No ambiguity trigger detected in targeted V16 pass; annual chronology remains B support.,1 mai 1893,Ouverture de l’Exposition universelle de Chicago,TRUE
EVT-0776,Première cérémonie des prix Nobel,10 décembre 1901,1901,SRC-0709,https://en.wikipedia.org/wiki/1901,WIKIPEDIA_YEAR_CHRONOLOGY_B,B,NOT_REQUIRED_TARGETED_V16,STRUCTURAL_PASS_COMPLETE,La page annuelle sert de support B. Une vérification page événement spécifique est prévue avant le palier 2 000.,ANNUAL_CHRONOLOGY_RETAINED,,No ambiguity trigger detected in targeted V16 pass; annual chronology remains B support.,10 décembre 1901,Première cérémonie des prix Nobel,TRUE
EVT-0777,Premier vol motorisé contrôlé des frères Wright,17 décembre 1903,1903,SRC-0711,https://en.wikipedia.org/wiki/1903,WIKIPEDIA_YEAR_CHRONOLOGY_B,B,NOT_REQUIRED_TARGETED_V16,STRUCTURAL_PASS_COMPLETE,La page annuelle sert de support B. Une vérification page événement spécifique est prévue avant le palier 2 000.,ANNUAL_CHRONOLOGY_RETAINED,,No ambiguity trigger detected in targeted V16 pass; annual chronology remains B support.,17 décembre 1903,Premier vol motorisé contrôlé des frères Wright,TRUE
EVT-0778,Début de la guerre russo-japonaise,8 février 1904,1904,SRC-0712,https://en.wikipedia.org/wiki/1904,WIKIPEDIA_YEAR_CHRONOLOGY_B,B,NOT_REQUIRED_TARGETED_V16,STRUCTURAL_PASS_COMPLETE,La page annuelle sert de support B. Une vérification page événement spécifique est prévue avant le palier 2 000.,ANNUAL_CHRONOLOGY_RETAINED,,No ambiguity trigger detected in targeted V16 pass; annual chronology remains B support.,8 février 1904,Début de la guerre russo-japonaise,TRUE
EVT-0779,Année miraculeuse d’Albert Einstein,1905,1905,SRC-0713,https://en.wikipedia.org/wiki/1905,WIKIPEDIA_YEAR_CHRONOLOGY_B,B,NOT_REQUIRED_TARGETED_V16,STRUCTURAL_PASS_COMPLETE,La page annuelle sert de support B. Une vérification page événement spécifique est prévue avant le palier 2 000.,ANNUAL_CHRONOLOGY_RETAINED,,No ambiguity trigger detected in targeted V16 pass; annual chronology remains B support.,1905,Année miraculeuse d’Albert Einstein,TRUE
EVT-0780,Dimanche rouge à Saint-Pétersbourg,22 janvier 1905,1905,SRC-0713,https://en.wikipedia.org/wiki/1905,WIKIPEDIA_YEAR_CHRONOLOGY_B,B,NOT_REQUIRED_TARGETED_V16,STRUCTURAL_PASS_COMPLETE,La page annuelle sert de support B. Une vérification page événement spécifique est prévue avant le palier 2 000.,ANNUAL_CHRONOLOGY_RETAINED,,No ambiguity trigger detected in targeted V16 pass; annual chronology remains B support.,22 janvier 1905,Dimanche rouge à Saint-Pétersbourg,TRUE
EVT-0781,Séisme de San Francisco,18 avril 1906,1906,SRC-0714,https://en.wikipedia.org/wiki/1906,WIKIPEDIA_YEAR_CHRONOLOGY_B,B,NOT_REQUIRED_TARGETED_V16,STRUCTURAL_PASS_COMPLETE,La page annuelle sert de support B. Une vérification page événement spécifique est prévue avant le palier 2 000.,ANNUAL_CHRONOLOGY_RETAINED,,No ambiguity trigger detected in targeted V16 pass; annual chronology remains B support.,18 avril 1906,Séisme de San Francisco,TRUE
EVT-0782,Début de la production de la Ford Model T,27 septembre 1908,1908,SRC-0716,https://en.wikipedia.org/wiki/1908,WIKIPEDIA_YEAR_CHRONOLOGY_B,B,NOT_REQUIRED_TARGETED_V16,STRUCTURAL_PASS_COMPLETE,La page annuelle sert de support B. Une vérification page événement spécifique est prévue avant le palier 2 000.,ANNUAL_CHRONOLOGY_RETAINED,,No ambiguity trigger detected in targeted V16 pass; annual chronology remains B support.,27 septembre 1908,Début de la production de la Ford Model T,TRUE
EVT-0783,Début de la Révolution mexicaine,20 novembre 1910,1910,SRC-0718,https://en.wikipedia.org/wiki/1910,WIKIPEDIA_YEAR_CHRONOLOGY_B,B,NOT_REQUIRED_TARGETED_V16,STRUCTURAL_PASS_COMPLETE,La page annuelle sert de support B. Une vérification page événement spécifique est prévue avant le palier 2 000.,ANNUAL_CHRONOLOGY_RETAINED,,No ambiguity trigger detected in targeted V16 pass; annual chronology remains B support.,20 novembre 1910,Début de la Révolution mexicaine,TRUE
EVT-0784,Soulèvement de Wuchang et début de la révolution chinoise de 1911,10 octobre 1911,1911,SRC-0719,https://en.wikipedia.org/wiki/1911,WIKIPEDIA_YEAR_CHRONOLOGY_B,B,NOT_REQUIRED_TARGETED_V16,STRUCTURAL_PASS_COMPLETE,La page annuelle sert de support B. Une vérification page événement spécifique est prévue avant le palier 2 000.,ANNUAL_CHRONOLOGY_RETAINED,,No ambiguity trigger detected in targeted V16 pass; annual chronology remains B support.,10 octobre 1911,Soulèvement de Wuchang et début de la révolution chinoise de 1911,TRUE
EVT-0785,Roald Amundsen atteint le pôle Sud,14 décembre 1911,1911,SRC-0719,https://en.wikipedia.org/wiki/1911,WIKIPEDIA_YEAR_CHRONOLOGY_B,B,NOT_REQUIRED_TARGETED_V16,STRUCTURAL_PASS_COMPLETE,La page annuelle sert de support B. Une vérification page événement spécifique est prévue avant le palier 2 000.,ANNUAL_CHRONOLOGY_RETAINED,,No ambiguity trigger detected in targeted V16 pass; annual chronology remains B support.,14 décembre 1911,Roald Amundsen atteint le pôle Sud,TRUE
EVT-0786,Proclamation de la République de Chine,1 janvier 1912,1912,SRC-0720,https://en.wikipedia.org/wiki/1912,WIKIPEDIA_YEAR_CHRONOLOGY_B,B,NOT_REQUIRED_TARGETED_V16,STRUCTURAL_PASS_COMPLETE,La page annuelle sert de support B. Une vérification page événement spécifique est prévue avant le palier 2 000.,ANNUAL_CHRONOLOGY_RETAINED,,No ambiguity trigger detected in targeted V16 pass; annual chronology remains B support.,1 janvier 1912,Proclamation de la République de Chine,TRUE
EVT-0787,Naufrage du Titanic,15 avril 1912,1912,SRC-0720,https://en.wikipedia.org/wiki/1912,WIKIPEDIA_YEAR_CHRONOLOGY_B,B,NOT_REQUIRED_TARGETED_V16,STRUCTURAL_PASS_COMPLETE,La page annuelle sert de support B. Une vérification page événement spécifique est prévue avant le palier 2 000.,ANNUAL_CHRONOLOGY_RETAINED,,No ambiguity trigger detected in targeted V16 pass; annual chronology remains B support.,15 avril 1912,Naufrage du Titanic,TRUE
EVT-0788,Première du Sacre du printemps de Stravinsky,29 mai 1913,1913,SRC-0721,https://en.wikipedia.org/wiki/1913,WIKIPEDIA_YEAR_CHRONOLOGY_B,B,NOT_REQUIRED_TARGETED_V16,STRUCTURAL_PASS_COMPLETE,La page annuelle sert de support B. Une vérification page événement spécifique est prévue avant le palier 2 000.,ANNUAL_CHRONOLOGY_RETAINED,,No ambiguity trigger detected in targeted V16 pass; annual chronology remains B support.,29 mai 1913,Première du Sacre du printemps de Stravinsky,TRUE
EVT-0789,Naufrage du Lusitania,7 mai 1915,1915,SRC-0722,https://en.wikipedia.org/wiki/1915,WIKIPEDIA_YEAR_CHRONOLOGY_B,B,NOT_REQUIRED_TARGETED_V16,STRUCTURAL_PASS_COMPLETE,La page annuelle sert de support B. Une vérification page événement spécifique est prévue avant le palier 2 000.,ANNUAL_CHRONOLOGY_RETAINED,,No ambiguity trigger detected in targeted V16 pass; annual chronology remains B support.,7 mai 1915,Naufrage du Lusitania,TRUE
EVT-0790,Début de l’insurrection de Pâques à Dublin,24 avril 1916,1916,SRC-0723,https://en.wikipedia.org/wiki/1916,WIKIPEDIA_YEAR_CHRONOLOGY_B,B,NOT_REQUIRED_TARGETED_V16,STRUCTURAL_PASS_COMPLETE,La page annuelle sert de support B. Une vérification page événement spécifique est prévue avant le palier 2 000.,ANNUAL_CHRONOLOGY_RETAINED,,No ambiguity trigger detected in targeted V16 pass; annual chronology remains B support.,24 avril 1916,Début de l’insurrection de Pâques à Dublin,TRUE
EVT-0791,Déclaration Balfour,2 novembre 1917,1917,SRC-0724,https://en.wikipedia.org/wiki/1917,WIKIPEDIA_YEAR_CHRONOLOGY_B,B,NOT_REQUIRED_TARGETED_V16,STRUCTURAL_PASS_COMPLETE,La page annuelle sert de support B. Une vérification page événement spécifique est prévue avant le palier 2 000.,ANNUAL_CHRONOLOGY_RETAINED,,No ambiguity trigger detected in targeted V16 pass; annual chronology remains B support.,2 novembre 1917,Déclaration Balfour,TRUE
EVT-0792,Pandémie de grippe dite espagnole,1918,1918,SRC-0725,https://en.wikipedia.org/wiki/1918,WIKIPEDIA_YEAR_CHRONOLOGY_B,B,NOT_REQUIRED_TARGETED_V16,STRUCTURAL_PASS_COMPLETE,La page annuelle sert de support B. Une vérification page événement spécifique est prévue avant le palier 2 000.,ANNUAL_CHRONOLOGY_RETAINED,,No ambiguity trigger detected in targeted V16 pass; annual chronology remains B support.,1918,Pandémie de grippe dite espagnole,TRUE
EVT-0793,Présentation des Quatorze Points de Woodrow Wilson,8 janvier 1918,1918,SRC-0725,https://en.wikipedia.org/wiki/1918,WIKIPEDIA_YEAR_CHRONOLOGY_B,B,NOT_REQUIRED_TARGETED_V16,STRUCTURAL_PASS_COMPLETE,La page annuelle sert de support B. Une vérification page événement spécifique est prévue avant le palier 2 000.,ANNUAL_CHRONOLOGY_RETAINED,,No ambiguity trigger detected in targeted V16 pass; annual chronology remains B support.,8 janvier 1918,Présentation des Quatorze Points de Woodrow Wilson,TRUE
EVT-0794,Abdication de Guillaume II et révolution allemande,9 novembre 1918,1918,SRC-0725,https://en.wikipedia.org/wiki/1918,WIKIPEDIA_YEAR_CHRONOLOGY_B,B,NOT_REQUIRED_TARGETED_V16,STRUCTURAL_PASS_COMPLETE,La page annuelle sert de support B. Une vérification page événement spécifique est prévue avant le palier 2 000.,ANNUAL_CHRONOLOGY_RETAINED,,No ambiguity trigger detected in targeted V16 pass; annual chronology remains B support.,9 novembre 1918,Abdication de Guillaume II et révolution allemande,TRUE
EVT-0795,Rétablissement de l’indépendance de la Pologne,11 novembre 1918,1918,SRC-0725,https://en.wikipedia.org/wiki/1918,WIKIPEDIA_YEAR_CHRONOLOGY_B,B,NOT_REQUIRED_TARGETED_V16,STRUCTURAL_PASS_COMPLETE,La page annuelle sert de support B. Une vérification page événement spécifique est prévue avant le palier 2 000.,ANNUAL_CHRONOLOGY_RETAINED,,No ambiguity trigger detected in targeted V16 pass; annual chronology remains B support.,11 novembre 1918,Rétablissement de l’indépendance de la Pologne,TRUE
EVT-0796,Ratification du XIXe amendement accordant le vote aux femmes aux États-Unis,18 août 1920,1920,SRC-0727,https://en.wikipedia.org/wiki/1920,WIKIPEDIA_YEAR_CHRONOLOGY_B,B,NOT_REQUIRED_TARGETED_V16,STRUCTURAL_PASS_COMPLETE,La page annuelle sert de support B. Une vérification page événement spécifique est prévue avant le palier 2 000.,ANNUAL_CHRONOLOGY_RETAINED,,No ambiguity trigger detected in targeted V16 pass; annual chronology remains B support.,18 août 1920,Ratification du XIXe amendement accordant le vote aux femmes aux États-Unis,TRUE
EVT-0797,Fondation du Parti communiste chinois,1 juillet 1921,1921,SRC-0728,https://en.wikipedia.org/wiki/1921,WIKIPEDIA_YEAR_CHRONOLOGY_B,B,COMPLETE,COMPLETE,La page annuelle sert de support B. Une vérification page événement spécifique est prévue avant le palier 2 000.,CORRECTED_PAGE_SPECIFIC,https://en.wikipedia.org/wiki/Chinese_Communist_Party,Le 1er juillet est une date commémorative ; les archives situent l’ouverture du congrès fondateur au 23 juillet.,23 juillet 1921,Ouverture du Ier congrès fondateur du Parti communiste chinois,TRUE
EVT-0798,Découverte de la tombe de Toutânkhamon,4 novembre 1922,1922,SRC-0729,https://en.wikipedia.org/wiki/1922,WIKIPEDIA_YEAR_CHRONOLOGY_B,B,NOT_REQUIRED_TARGETED_V16,STRUCTURAL_PASS_COMPLETE,La page annuelle sert de support B. Une vérification page événement spécifique est prévue avant le palier 2 000.,ANNUAL_CHRONOLOGY_RETAINED,,No ambiguity trigger detected in targeted V16 pass; annual chronology remains B support.,4 novembre 1922,Découverte de la tombe de Toutânkhamon,TRUE
EVT-0799,Création de l’Union soviétique,30 décembre 1922,1922,SRC-0729,https://en.wikipedia.org/wiki/1922,WIKIPEDIA_YEAR_CHRONOLOGY_B,B,NOT_REQUIRED_TARGETED_V16,STRUCTURAL_PASS_COMPLETE,La page annuelle sert de support B. Une vérification page événement spécifique est prévue avant le palier 2 000.,ANNUAL_CHRONOLOGY_RETAINED,,No ambiguity trigger detected in targeted V16 pass; annual chronology remains B support.,30 décembre 1922,Création de l’Union soviétique,TRUE
EVT-0800,Proclamation de la République de Turquie,29 octobre 1923,1923,SRC-0730,https://en.wikipedia.org/wiki/1923,WIKIPEDIA_YEAR_CHRONOLOGY_B,B,NOT_REQUIRED_TARGETED_V16,STRUCTURAL_PASS_COMPLETE,La page annuelle sert de support B. Une vérification page événement spécifique est prévue avant le palier 2 000.,ANNUAL_CHRONOLOGY_RETAINED,,No ambiguity trigger detected in targeted V16 pass; annual chronology remains B support.,29 octobre 1923,Proclamation de la République de Turquie,TRUE
EVT-0801,Mort de Lénine,21 janvier 1924,1924,SRC-0731,https://en.wikipedia.org/wiki/1924,WIKIPEDIA_YEAR_CHRONOLOGY_B,B,NOT_REQUIRED_TARGETED_V16,STRUCTURAL_PASS_COMPLETE,La page annuelle sert de support B. Une vérification page événement spécifique est prévue avant le palier 2 000.,ANNUAL_CHRONOLOGY_RETAINED,,No ambiguity trigger detected in targeted V16 pass; annual chronology remains B support.,21 janvier 1924,Mort de Lénine,TRUE
EVT-0802,Charles Lindbergh achève le premier vol solo sans escale New York-Paris,21 mai 1927,1927,SRC-0734,https://en.wikipedia.org/wiki/1927,WIKIPEDIA_YEAR_CHRONOLOGY_B,B,NOT_REQUIRED_TARGETED_V16,STRUCTURAL_PASS_COMPLETE,La page annuelle sert de support B. Une vérification page événement spécifique est prévue avant le palier 2 000.,ANNUAL_CHRONOLOGY_RETAINED,,No ambiguity trigger detected in targeted V16 pass; annual chronology remains B support.,21 mai 1927,Charles Lindbergh achève le premier vol solo sans escale New York-Paris,TRUE
EVT-0803,"Sortie de The Jazz Singer, jalon du cinéma parlant",6 octobre 1927,1927,SRC-0734,https://en.wikipedia.org/wiki/1927,WIKIPEDIA_YEAR_CHRONOLOGY_B,B,NOT_REQUIRED_TARGETED_V16,STRUCTURAL_PASS_COMPLETE,La page annuelle sert de support B. Une vérification page événement spécifique est prévue avant le palier 2 000.,ANNUAL_CHRONOLOGY_RETAINED,,No ambiguity trigger detected in targeted V16 pass; annual chronology remains B support.,6 octobre 1927,"Sortie de The Jazz Singer, jalon du cinéma parlant",TRUE
EVT-0804,Découverte de la pénicilline par Alexander Fleming,28 septembre 1928,1928,SRC-0735,https://en.wikipedia.org/wiki/1928,WIKIPEDIA_YEAR_CHRONOLOGY_B,B,NOT_REQUIRED_TARGETED_V16,STRUCTURAL_PASS_COMPLETE,La page annuelle sert de support B. Une vérification page événement spécifique est prévue avant le palier 2 000.,ANNUAL_CHRONOLOGY_RETAINED,,No ambiguity trigger detected in targeted V16 pass; annual chronology remains B support.,28 septembre 1928,Découverte de la pénicilline par Alexander Fleming,TRUE
EVT-0805,Découverte de Pluton annoncée après observation par Clyde Tombaugh,18 février 1930,1930,SRC-0737,https://en.wikipedia.org/wiki/1930,WIKIPEDIA_YEAR_CHRONOLOGY_B,B,COMPLETE,COMPLETE,La page annuelle sert de support B. Une vérification page événement spécifique est prévue avant le palier 2 000.,CORRECTED_PAGE_SPECIFIC,https://en.wikipedia.org/wiki/Clyde_Tombaugh,"Le 18 février est la date de la découverte, tandis que l’annonce publique intervient le 13 mars.",18 février 1930,Découverte de Pluton par Clyde Tombaugh,TRUE
EVT-0806,Début de la première Coupe du monde de football,13 juillet 1930,1930,SRC-0737,https://en.wikipedia.org/wiki/1930,WIKIPEDIA_YEAR_CHRONOLOGY_B,B,NOT_REQUIRED_TARGETED_V16,STRUCTURAL_PASS_COMPLETE,La page annuelle sert de support B. Une vérification page événement spécifique est prévue avant le palier 2 000.,ANNUAL_CHRONOLOGY_RETAINED,,No ambiguity trigger detected in targeted V16 pass; annual chronology remains B support.,13 juillet 1930,Début de la première Coupe du monde de football,TRUE
EVT-0807,Incident de Mukden et invasion japonaise de la Mandchourie,18 septembre 1931,1931,SRC-0738,https://en.wikipedia.org/wiki/1931,WIKIPEDIA_YEAR_CHRONOLOGY_B,B,NOT_REQUIRED_TARGETED_V16,STRUCTURAL_PASS_COMPLETE,La page annuelle sert de support B. Une vérification page événement spécifique est prévue avant le palier 2 000.,ANNUAL_CHRONOLOGY_RETAINED,,No ambiguity trigger detected in targeted V16 pass; annual chronology remains B support.,18 septembre 1931,Incident de Mukden et invasion japonaise de la Mandchourie,TRUE
EVT-0808,Début de l’invasion italienne de l’Éthiopie,3 octobre 1935,1935,SRC-0742,https://en.wikipedia.org/wiki/1935,WIKIPEDIA_YEAR_CHRONOLOGY_B,B,NOT_REQUIRED_TARGETED_V16,STRUCTURAL_PASS_COMPLETE,La page annuelle sert de support B. Une vérification page événement spécifique est prévue avant le palier 2 000.,ANNUAL_CHRONOLOGY_RETAINED,,No ambiguity trigger detected in targeted V16 pass; annual chronology remains B support.,3 octobre 1935,Début de l’invasion italienne de l’Éthiopie,TRUE
EVT-0809,Début du massacre de Nankin,13 décembre 1937,1937,SRC-0744,https://en.wikipedia.org/wiki/1937,WIKIPEDIA_YEAR_CHRONOLOGY_B,B,NOT_REQUIRED_TARGETED_V16,STRUCTURAL_PASS_COMPLETE,La page annuelle sert de support B. Une vérification page événement spécifique est prévue avant le palier 2 000.,ANNUAL_CHRONOLOGY_RETAINED,,No ambiguity trigger detected in targeted V16 pass; annual chronology remains B support.,13 décembre 1937,Début du massacre de Nankin,TRUE
EVT-0810,Anschluss de l’Autriche par l’Allemagne nazie,12 mars 1938,1938,SRC-0745,https://en.wikipedia.org/wiki/1938,WIKIPEDIA_YEAR_CHRONOLOGY_B,B,NOT_REQUIRED_TARGETED_V16,STRUCTURAL_PASS_COMPLETE,La page annuelle sert de support B. Une vérification page événement spécifique est prévue avant le palier 2 000.,ANNUAL_CHRONOLOGY_RETAINED,,No ambiguity trigger detected in targeted V16 pass; annual chronology remains B support.,12 mars 1938,Anschluss de l’Autriche par l’Allemagne nazie,TRUE
EVT-0811,Fin de la guerre civile espagnole,1 avril 1939,1939,SRC-0746,https://en.wikipedia.org/wiki/1939,WIKIPEDIA_YEAR_CHRONOLOGY_B,B,NOT_REQUIRED_TARGETED_V16,STRUCTURAL_PASS_COMPLETE,La page annuelle sert de support B. Une vérification page événement spécifique est prévue avant le palier 2 000.,ANNUAL_CHRONOLOGY_RETAINED,,No ambiguity trigger detected in targeted V16 pass; annual chronology remains B support.,1 avril 1939,Fin de la guerre civile espagnole,TRUE
EVT-0812,Winston Churchill devient Premier ministre du Royaume-Uni,10 mai 1940,1940,SRC-0747,https://en.wikipedia.org/wiki/1940,WIKIPEDIA_YEAR_CHRONOLOGY_B,B,NOT_REQUIRED_TARGETED_V16,STRUCTURAL_PASS_COMPLETE,La page annuelle sert de support B. Une vérification page événement spécifique est prévue avant le palier 2 000.,ANNUAL_CHRONOLOGY_RETAINED,,No ambiguity trigger detected in targeted V16 pass; annual chronology remains B support.,10 mai 1940,Winston Churchill devient Premier ministre du Royaume-Uni,TRUE
EVT-0813,Promulgation de la loi Prêt-Bail aux États-Unis,11 mars 1941,1941,SRC-0748,https://en.wikipedia.org/wiki/1941,WIKIPEDIA_YEAR_CHRONOLOGY_B,B,NOT_REQUIRED_TARGETED_V16,STRUCTURAL_PASS_COMPLETE,La page annuelle sert de support B. Une vérification page événement spécifique est prévue avant le palier 2 000.,ANNUAL_CHRONOLOGY_RETAINED,,No ambiguity trigger detected in targeted V16 pass; annual chronology remains B support.,11 mars 1941,Promulgation de la loi Prêt-Bail aux États-Unis,TRUE
EVT-0814,Lancement officiel du projet Manhattan,13 août 1942,1942,SRC-0749,https://en.wikipedia.org/wiki/1942,WIKIPEDIA_YEAR_CHRONOLOGY_B,B,NOT_REQUIRED_TARGETED_V16,STRUCTURAL_PASS_COMPLETE,La page annuelle sert de support B. Une vérification page événement spécifique est prévue avant le palier 2 000.,ANNUAL_CHRONOLOGY_RETAINED,,No ambiguity trigger detected in targeted V16 pass; annual chronology remains B support.,13 août 1942,Lancement officiel du projet Manhattan,TRUE
EVT-0815,Première réaction nucléaire en chaîne auto-entretenue à Chicago,2 décembre 1942,1942,SRC-0749,https://en.wikipedia.org/wiki/1942,WIKIPEDIA_YEAR_CHRONOLOGY_B,B,NOT_REQUIRED_TARGETED_V16,STRUCTURAL_PASS_COMPLETE,La page annuelle sert de support B. Une vérification page événement spécifique est prévue avant le palier 2 000.,ANNUAL_CHRONOLOGY_RETAINED,,No ambiguity trigger detected in targeted V16 pass; annual chronology remains B support.,2 décembre 1942,Première réaction nucléaire en chaîne auto-entretenue à Chicago,TRUE
EVT-0816,Début du soulèvement du ghetto de Varsovie,19 avril 1943,1943,SRC-0750,https://en.wikipedia.org/wiki/1943,WIKIPEDIA_YEAR_CHRONOLOGY_B,B,NOT_REQUIRED_TARGETED_V16,STRUCTURAL_PASS_COMPLETE,La page annuelle sert de support B. Une vérification page événement spécifique est prévue avant le palier 2 000.,ANNUAL_CHRONOLOGY_RETAINED,,No ambiguity trigger detected in targeted V16 pass; annual chronology remains B support.,19 avril 1943,Début du soulèvement du ghetto de Varsovie,TRUE
EVT-0817,Chute de Mussolini après son arrestation,25 juillet 1943,1943,SRC-0750,https://en.wikipedia.org/wiki/1943,WIKIPEDIA_YEAR_CHRONOLOGY_B,B,NOT_REQUIRED_TARGETED_V16,STRUCTURAL_PASS_COMPLETE,La page annuelle sert de support B. Une vérification page événement spécifique est prévue avant le palier 2 000.,ANNUAL_CHRONOLOGY_RETAINED,,No ambiguity trigger detected in targeted V16 pass; annual chronology remains B support.,25 juillet 1943,Chute de Mussolini après son arrestation,TRUE
EVT-0818,Ouverture de la conférence de Bretton Woods,1 juillet 1944,1944,SRC-0751,https://en.wikipedia.org/wiki/1944,WIKIPEDIA_YEAR_CHRONOLOGY_B,B,NOT_REQUIRED_TARGETED_V16,STRUCTURAL_PASS_COMPLETE,La page annuelle sert de support B. Une vérification page événement spécifique est prévue avant le palier 2 000.,ANNUAL_CHRONOLOGY_RETAINED,,No ambiguity trigger detected in targeted V16 pass; annual chronology remains B support.,1 juillet 1944,Ouverture de la conférence de Bretton Woods,TRUE
EVT-0819,Début de l’insurrection de Varsovie,1 août 1944,1944,SRC-0751,https://en.wikipedia.org/wiki/1944,WIKIPEDIA_YEAR_CHRONOLOGY_B,B,NOT_REQUIRED_TARGETED_V16,STRUCTURAL_PASS_COMPLETE,La page annuelle sert de support B. Une vérification page événement spécifique est prévue avant le palier 2 000.,ANNUAL_CHRONOLOGY_RETAINED,,No ambiguity trigger detected in targeted V16 pass; annual chronology remains B support.,1 août 1944,Début de l’insurrection de Varsovie,TRUE
EVT-0820,Ouverture de la conférence de San Francisco fondant l’ONU,25 avril 1945,1945,SRC-0752,https://en.wikipedia.org/wiki/1945,WIKIPEDIA_YEAR_CHRONOLOGY_B,B,NOT_REQUIRED_TARGETED_V16,STRUCTURAL_PASS_COMPLETE,La page annuelle sert de support B. Une vérification page événement spécifique est prévue avant le palier 2 000.,ANNUAL_CHRONOLOGY_RETAINED,,No ambiguity trigger detected in targeted V16 pass; annual chronology remains B support.,25 avril 1945,Ouverture de la conférence de San Francisco fondant l’ONU,TRUE
EVT-0821,Ouverture de la conférence de Potsdam,17 juillet 1945,1945,SRC-0752,https://en.wikipedia.org/wiki/1945,WIKIPEDIA_YEAR_CHRONOLOGY_B,B,NOT_REQUIRED_TARGETED_V16,STRUCTURAL_PASS_COMPLETE,La page annuelle sert de support B. Une vérification page événement spécifique est prévue avant le palier 2 000.,ANNUAL_CHRONOLOGY_RETAINED,,No ambiguity trigger detected in targeted V16 pass; annual chronology remains B support.,17 juillet 1945,Ouverture de la conférence de Potsdam,TRUE
EVT-0822,Proclamation de l’indépendance de l’Indonésie,17 août 1945,1945,SRC-0752,https://en.wikipedia.org/wiki/1945,WIKIPEDIA_YEAR_CHRONOLOGY_B,B,NOT_REQUIRED_TARGETED_V16,STRUCTURAL_PASS_COMPLETE,La page annuelle sert de support B. Une vérification page événement spécifique est prévue avant le palier 2 000.,ANNUAL_CHRONOLOGY_RETAINED,,No ambiguity trigger detected in targeted V16 pass; annual chronology remains B support.,17 août 1945,Proclamation de l’indépendance de l’Indonésie,TRUE
EVT-0823,Proclamation de l’indépendance du Viêt Nam par Hô Chi Minh,2 septembre 1945,1945,SRC-0752,https://en.wikipedia.org/wiki/1945,WIKIPEDIA_YEAR_CHRONOLOGY_B,B,NOT_REQUIRED_TARGETED_V16,STRUCTURAL_PASS_COMPLETE,La page annuelle sert de support B. Une vérification page événement spécifique est prévue avant le palier 2 000.,ANNUAL_CHRONOLOGY_RETAINED,,No ambiguity trigger detected in targeted V16 pass; annual chronology remains B support.,2 septembre 1945,Proclamation de l’indépendance du Viêt Nam par Hô Chi Minh,TRUE
EVT-0824,Fédération de l’Australie,1 janvier 1901,1901,SRC-0709,https://en.wikipedia.org/wiki/1901,WIKIPEDIA_YEAR_CHRONOLOGY_B,B,NOT_REQUIRED_TARGETED_V16,STRUCTURAL_PASS_COMPLETE,La page annuelle sert de support B. Une vérification page événement spécifique est prévue avant le palier 2 000.,ANNUAL_CHRONOLOGY_RETAINED,,No ambiguity trigger detected in targeted V16 pass; annual chronology remains B support.,1 janvier 1901,Fédération de l’Australie,TRUE
EVT-0825,Mort de la reine Victoria,22 janvier 1901,1901,SRC-0709,https://en.wikipedia.org/wiki/1901,WIKIPEDIA_YEAR_CHRONOLOGY_B,B,NOT_REQUIRED_TARGETED_V16,STRUCTURAL_PASS_COMPLETE,La page annuelle sert de support B. Une vérification page événement spécifique est prévue avant le palier 2 000.,ANNUAL_CHRONOLOGY_RETAINED,,No ambiguity trigger detected in targeted V16 pass; annual chronology remains B support.,22 janvier 1901,Mort de la reine Victoria,TRUE
EVT-0826,Éruption de la montagne Pelée détruisant Saint-Pierre,8 mai 1902,1902,SRC-0710,https://en.wikipedia.org/wiki/1902,WIKIPEDIA_YEAR_CHRONOLOGY_B,B,NOT_REQUIRED_TARGETED_V16,STRUCTURAL_PASS_COMPLETE,La page annuelle sert de support B. Une vérification page événement spécifique est prévue avant le palier 2 000.,ANNUAL_CHRONOLOGY_RETAINED,,No ambiguity trigger detected in targeted V16 pass; annual chronology remains B support.,8 mai 1902,Éruption de la montagne Pelée détruisant Saint-Pierre,TRUE
EVT-0827,Indépendance formelle de Cuba vis-à-vis des États-Unis,20 mai 1902,1902,SRC-0710,https://en.wikipedia.org/wiki/1902,WIKIPEDIA_YEAR_CHRONOLOGY_B,B,NOT_REQUIRED_TARGETED_V16,STRUCTURAL_PASS_COMPLETE,La page annuelle sert de support B. Une vérification page événement spécifique est prévue avant le palier 2 000.,ANNUAL_CHRONOLOGY_RETAINED,,No ambiguity trigger detected in targeted V16 pass; annual chronology remains B support.,20 mai 1902,Indépendance formelle de Cuba vis-à-vis des États-Unis,TRUE
EVT-0828,Traité de Vereeniging mettant fin à la seconde guerre des Boers,31 mai 1902,1902,SRC-0710,https://en.wikipedia.org/wiki/1902,WIKIPEDIA_YEAR_CHRONOLOGY_B,B,NOT_REQUIRED_TARGETED_V16,STRUCTURAL_PASS_COMPLETE,La page annuelle sert de support B. Une vérification page événement spécifique est prévue avant le palier 2 000.,ANNUAL_CHRONOLOGY_RETAINED,,No ambiguity trigger detected in targeted V16 pass; annual chronology remains B support.,31 mai 1902,Traité de Vereeniging mettant fin à la seconde guerre des Boers,TRUE
EVT-0829,Départ du premier Tour de France cycliste,1 juillet 1903,1903,SRC-0711,https://en.wikipedia.org/wiki/1903,WIKIPEDIA_YEAR_CHRONOLOGY_B,B,NOT_REQUIRED_TARGETED_V16,STRUCTURAL_PASS_COMPLETE,La page annuelle sert de support B. Une vérification page événement spécifique est prévue avant le palier 2 000.,ANNUAL_CHRONOLOGY_RETAINED,,No ambiguity trigger detected in targeted V16 pass; annual chronology remains B support.,1 juillet 1903,Départ du premier Tour de France cycliste,TRUE
EVT-0830,Séparation du Panama de la Colombie,3 novembre 1903,1903,SRC-0711,https://en.wikipedia.org/wiki/1903,WIKIPEDIA_YEAR_CHRONOLOGY_B,B,NOT_REQUIRED_TARGETED_V16,STRUCTURAL_PASS_COMPLETE,La page annuelle sert de support B. Une vérification page événement spécifique est prévue avant le palier 2 000.,ANNUAL_CHRONOLOGY_RETAINED,,No ambiguity trigger detected in targeted V16 pass; annual chronology remains B support.,3 novembre 1903,Séparation du Panama de la Colombie,TRUE
EVT-0831,Signature de l’Entente cordiale,8 avril 1904,1904,SRC-0712,https://en.wikipedia.org/wiki/1904,WIKIPEDIA_YEAR_CHRONOLOGY_B,B,NOT_REQUIRED_TARGETED_V16,STRUCTURAL_PASS_COMPLETE,La page annuelle sert de support B. Une vérification page événement spécifique est prévue avant le palier 2 000.,ANNUAL_CHRONOLOGY_RETAINED,,No ambiguity trigger detected in targeted V16 pass; annual chronology remains B support.,8 avril 1904,Signature de l’Entente cordiale,TRUE
EVT-0832,Séparation pacifique de la Norvège et de la Suède décidée par le Storting,7 juin 1905,1905,SRC-0713,https://en.wikipedia.org/wiki/1905,WIKIPEDIA_YEAR_CHRONOLOGY_B,B,NOT_REQUIRED_TARGETED_V16,STRUCTURAL_PASS_COMPLETE,La page annuelle sert de support B. Une vérification page événement spécifique est prévue avant le palier 2 000.,ANNUAL_CHRONOLOGY_RETAINED,,No ambiguity trigger detected in targeted V16 pass; annual chronology remains B support.,7 juin 1905,Séparation pacifique de la Norvège et de la Suède décidée par le Storting,TRUE
EVT-0833,Traité de Portsmouth mettant fin à la guerre russo-japonaise,5 septembre 1905,1905,SRC-0713,https://en.wikipedia.org/wiki/1905,WIKIPEDIA_YEAR_CHRONOLOGY_B,B,NOT_REQUIRED_TARGETED_V16,STRUCTURAL_PASS_COMPLETE,La page annuelle sert de support B. Une vérification page événement spécifique est prévue avant le palier 2 000.,ANNUAL_CHRONOLOGY_RETAINED,,No ambiguity trigger detected in targeted V16 pass; annual chronology remains B support.,5 septembre 1905,Traité de Portsmouth mettant fin à la guerre russo-japonaise,TRUE
EVT-0834,Lancement du HMS Dreadnought,10 février 1906,1906,SRC-0714,https://en.wikipedia.org/wiki/1906,WIKIPEDIA_YEAR_CHRONOLOGY_B,B,NOT_REQUIRED_TARGETED_V16,STRUCTURAL_PASS_COMPLETE,La page annuelle sert de support B. Une vérification page événement spécifique est prévue avant le palier 2 000.,ANNUAL_CHRONOLOGY_RETAINED,,No ambiguity trigger detected in targeted V16 pass; annual chronology remains B support.,10 février 1906,Lancement du HMS Dreadnought,TRUE
EVT-0835,Convention anglo-russe complétant la Triple Entente,31 août 1907,1907,SRC-0715,https://en.wikipedia.org/wiki/1907,WIKIPEDIA_YEAR_CHRONOLOGY_B,B,NOT_REQUIRED_TARGETED_V16,STRUCTURAL_PASS_COMPLETE,La page annuelle sert de support B. Une vérification page événement spécifique est prévue avant le palier 2 000.,ANNUAL_CHRONOLOGY_RETAINED,,No ambiguity trigger detected in targeted V16 pass; annual chronology remains B support.,31 août 1907,Convention anglo-russe complétant la Triple Entente,TRUE
EVT-0836,Événement de la Toungouska,30 juin 1908,1908,SRC-0716,https://en.wikipedia.org/wiki/1908,WIKIPEDIA_YEAR_CHRONOLOGY_B,B,NOT_REQUIRED_TARGETED_V16,STRUCTURAL_PASS_COMPLETE,La page annuelle sert de support B. Une vérification page événement spécifique est prévue avant le palier 2 000.,ANNUAL_CHRONOLOGY_RETAINED,,No ambiguity trigger detected in targeted V16 pass; annual chronology remains B support.,30 juin 1908,Événement de la Toungouska,TRUE
EVT-0837,Fondation de la NAACP aux États-Unis,12 février 1909,1909,SRC-0717,https://en.wikipedia.org/wiki/1909,WIKIPEDIA_YEAR_CHRONOLOGY_B,B,NOT_REQUIRED_TARGETED_V16,STRUCTURAL_PASS_COMPLETE,La page annuelle sert de support B. Une vérification page événement spécifique est prévue avant le palier 2 000.,ANNUAL_CHRONOLOGY_RETAINED,,No ambiguity trigger detected in targeted V16 pass; annual chronology remains B support.,12 février 1909,Fondation de la NAACP aux États-Unis,TRUE
EVT-0838,Création de l’Union d’Afrique du Sud,31 mai 1910,1910,SRC-0718,https://en.wikipedia.org/wiki/1910,WIKIPEDIA_YEAR_CHRONOLOGY_B,B,NOT_REQUIRED_TARGETED_V16,STRUCTURAL_PASS_COMPLETE,La page annuelle sert de support B. Une vérification page événement spécifique est prévue avant le palier 2 000.,ANNUAL_CHRONOLOGY_RETAINED,,No ambiguity trigger detected in targeted V16 pass; annual chronology remains B support.,31 mai 1910,Création de l’Union d’Afrique du Sud,TRUE
EVT-0839,Début de la première guerre balkanique,8 octobre 1912,1912,SRC-0720,https://en.wikipedia.org/wiki/1912,WIKIPEDIA_YEAR_CHRONOLOGY_B,B,NOT_REQUIRED_TARGETED_V16,STRUCTURAL_PASS_COMPLETE,La page annuelle sert de support B. Une vérification page événement spécifique est prévue avant le palier 2 000.,ANNUAL_CHRONOLOGY_RETAINED,,No ambiguity trigger detected in targeted V16 pass; annual chronology remains B support.,8 octobre 1912,Début de la première guerre balkanique,TRUE
EVT-0840,Première chaîne d’assemblage automobile mobile de Ford,1 avril 1913,1913,SRC-0721,https://en.wikipedia.org/wiki/1913,WIKIPEDIA_YEAR_CHRONOLOGY_B,B,COMPLETE,COMPLETE,La page annuelle sert de support B. Une vérification page événement spécifique est prévue avant le palier 2 000.,CORRECTED_PAGE_SPECIFIC,https://en.wikipedia.org/wiki/Assembly_line,"La chaîne mobile du Model T commence à fonctionner le 7 octobre 1913, pas le 1er avril.",7 octobre 1913,Première chaîne d’assemblage automobile mobile de Ford,TRUE
EVT-0841,Création de la Réserve fédérale américaine,23 décembre 1913,1913,SRC-0721,https://en.wikipedia.org/wiki/1913,WIKIPEDIA_YEAR_CHRONOLOGY_B,B,NOT_REQUIRED_TARGETED_V16,STRUCTURAL_PASS_COMPLETE,La page annuelle sert de support B. Une vérification page événement spécifique est prévue avant le palier 2 000.,ANNUAL_CHRONOLOGY_RETAINED,,No ambiguity trigger detected in targeted V16 pass; annual chronology remains B support.,23 décembre 1913,Création de la Réserve fédérale américaine,TRUE
EVT-0842,Proclamation de la Tchécoslovaquie,28 octobre 1918,1918,SRC-0725,https://en.wikipedia.org/wiki/1918,WIKIPEDIA_YEAR_CHRONOLOGY_B,B,NOT_REQUIRED_TARGETED_V16,STRUCTURAL_PASS_COMPLETE,La page annuelle sert de support B. Une vérification page événement spécifique est prévue avant le palier 2 000.,ANNUAL_CHRONOLOGY_RETAINED,,No ambiguity trigger detected in targeted V16 pass; annual chronology remains B support.,28 octobre 1918,Proclamation de la Tchécoslovaquie,TRUE
EVT-0843,Massacre d’Amritsar,13 avril 1919,1919,SRC-0726,https://en.wikipedia.org/wiki/1919,WIKIPEDIA_YEAR_CHRONOLOGY_B,B,NOT_REQUIRED_TARGETED_V16,STRUCTURAL_PASS_COMPLETE,La page annuelle sert de support B. Une vérification page événement spécifique est prévue avant le palier 2 000.,ANNUAL_CHRONOLOGY_RETAINED,,No ambiguity trigger detected in targeted V16 pass; annual chronology remains B support.,13 avril 1919,Massacre d’Amritsar,TRUE
EVT-0844,Mouvement du 4-Mai en Chine,4 mai 1919,1919,SRC-0726,https://en.wikipedia.org/wiki/1919,WIKIPEDIA_YEAR_CHRONOLOGY_B,B,NOT_REQUIRED_TARGETED_V16,STRUCTURAL_PASS_COMPLETE,La page annuelle sert de support B. Une vérification page événement spécifique est prévue avant le palier 2 000.,ANNUAL_CHRONOLOGY_RETAINED,,No ambiguity trigger detected in targeted V16 pass; annual chronology remains B support.,4 mai 1919,Mouvement du 4-Mai en Chine,TRUE
EVT-0845,Première réunion du Conseil de la Société des Nations,10 janvier 1920,1920,SRC-0727,https://en.wikipedia.org/wiki/1920,WIKIPEDIA_YEAR_CHRONOLOGY_B,B,COMPLETE,COMPLETE,La page annuelle sert de support B. Une vérification page événement spécifique est prévue avant le palier 2 000.,CORRECTED_PAGE_SPECIFIC,https://en.wikipedia.org/wiki/Organisation_of_the_League_of_Nations,La première session du Conseil de la SDN se tient le 16 janvier ; le 10 janvier correspond à l’entrée en vigueur de la SDN.,16 janvier 1920,Première réunion du Conseil de la Société des Nations,TRUE
EVT-0846,Début de la prohibition aux États-Unis,17 janvier 1920,1920,SRC-0727,https://en.wikipedia.org/wiki/1920,WIKIPEDIA_YEAR_CHRONOLOGY_B,B,NOT_REQUIRED_TARGETED_V16,STRUCTURAL_PASS_COMPLETE,La page annuelle sert de support B. Une vérification page événement spécifique est prévue avant le palier 2 000.,ANNUAL_CHRONOLOGY_RETAINED,,No ambiguity trigger detected in targeted V16 pass; annual chronology remains B support.,17 janvier 1920,Début de la prohibition aux États-Unis,TRUE
EVT-0847,Signature du traité anglo-irlandais,6 décembre 1921,1921,SRC-0728,https://en.wikipedia.org/wiki/1921,WIKIPEDIA_YEAR_CHRONOLOGY_B,B,NOT_REQUIRED_TARGETED_V16,STRUCTURAL_PASS_COMPLETE,La page annuelle sert de support B. Une vérification page événement spécifique est prévue avant le palier 2 000.,ANNUAL_CHRONOLOGY_RETAINED,,No ambiguity trigger detected in targeted V16 pass; annual chronology remains B support.,6 décembre 1921,Signature du traité anglo-irlandais,TRUE
EVT-0848,Publication d’Ulysse de James Joyce,2 février 1922,1922,SRC-0729,https://en.wikipedia.org/wiki/1922,WIKIPEDIA_YEAR_CHRONOLOGY_B,B,NOT_REQUIRED_TARGETED_V16,STRUCTURAL_PASS_COMPLETE,La page annuelle sert de support B. Une vérification page événement spécifique est prévue avant le palier 2 000.,ANNUAL_CHRONOLOGY_RETAINED,,No ambiguity trigger detected in targeted V16 pass; annual chronology remains B support.,2 février 1922,Publication d’Ulysse de James Joyce,TRUE
EVT-0849,Pic de l’hyperinflation allemande et introduction du Rentenmark,15 novembre 1923,1923,SRC-0730,https://en.wikipedia.org/wiki/1923,WIKIPEDIA_YEAR_CHRONOLOGY_B,B,COMPLETE,COMPLETE,La page annuelle sert de support B. Une vérification page événement spécifique est prévue avant le palier 2 000.,VERIFIED_PAGE_SPECIFIC_NO_CHANGE,https://en.wikipedia.org/wiki/Rentenmark,Le Rentenmark est bien introduit le 15 novembre 1923.,15 novembre 1923,Pic de l’hyperinflation allemande et introduction du Rentenmark,TRUE
EVT-0850,Ouverture des premiers Jeux olympiques d’hiver à Chamonix,25 janvier 1924,1924,SRC-0731,https://en.wikipedia.org/wiki/1924,WIKIPEDIA_YEAR_CHRONOLOGY_B,B,NOT_REQUIRED_TARGETED_V16,STRUCTURAL_PASS_COMPLETE,La page annuelle sert de support B. Une vérification page événement spécifique est prévue avant le palier 2 000.,ANNUAL_CHRONOLOGY_RETAINED,,No ambiguity trigger detected in targeted V16 pass; annual chronology remains B support.,25 janvier 1924,Ouverture des premiers Jeux olympiques d’hiver à Chamonix,TRUE
EVT-0851,Publication du premier volume de Mein Kampf,18 juillet 1925,1925,SRC-0732,https://en.wikipedia.org/wiki/1925,WIKIPEDIA_YEAR_CHRONOLOGY_B,B,NOT_REQUIRED_TARGETED_V16,STRUCTURAL_PASS_COMPLETE,La page annuelle sert de support B. Une vérification page événement spécifique est prévue avant le palier 2 000.,ANNUAL_CHRONOLOGY_RETAINED,,No ambiguity trigger detected in targeted V16 pass; annual chronology remains B support.,18 juillet 1925,Publication du premier volume de Mein Kampf,TRUE
EVT-0852,Début de la grève générale au Royaume-Uni,3 mai 1926,1926,SRC-0733,https://en.wikipedia.org/wiki/1926,WIKIPEDIA_YEAR_CHRONOLOGY_B,B,NOT_REQUIRED_TARGETED_V16,STRUCTURAL_PASS_COMPLETE,La page annuelle sert de support B. Une vérification page événement spécifique est prévue avant le palier 2 000.,ANNUAL_CHRONOLOGY_RETAINED,,No ambiguity trigger detected in targeted V16 pass; annual chronology remains B support.,3 mai 1926,Début de la grève générale au Royaume-Uni,TRUE
EVT-0853,Première de Steamboat Willie avec Mickey Mouse,18 novembre 1928,1928,SRC-0735,https://en.wikipedia.org/wiki/1928,WIKIPEDIA_YEAR_CHRONOLOGY_B,B,NOT_REQUIRED_TARGETED_V16,STRUCTURAL_PASS_COMPLETE,La page annuelle sert de support B. Une vérification page événement spécifique est prévue avant le palier 2 000.,ANNUAL_CHRONOLOGY_RETAINED,,No ambiguity trigger detected in targeted V16 pass; annual chronology remains B support.,18 novembre 1928,Première de Steamboat Willie avec Mickey Mouse,TRUE
EVT-0854,Signature des accords du Latran créant l’État de la Cité du Vatican,11 février 1929,1929,SRC-0736,https://en.wikipedia.org/wiki/1929,WIKIPEDIA_YEAR_CHRONOLOGY_B,B,NOT_REQUIRED_TARGETED_V16,STRUCTURAL_PASS_COMPLETE,La page annuelle sert de support B. Une vérification page événement spécifique est prévue avant le palier 2 000.,ANNUAL_CHRONOLOGY_RETAINED,,No ambiguity trigger detected in targeted V16 pass; annual chronology remains B support.,11 février 1929,Signature des accords du Latran créant l’État de la Cité du Vatican,TRUE
EVT-0855,Inauguration de l’Empire State Building,1 mai 1931,1931,SRC-0738,https://en.wikipedia.org/wiki/1931,WIKIPEDIA_YEAR_CHRONOLOGY_B,B,NOT_REQUIRED_TARGETED_V16,STRUCTURAL_PASS_COMPLETE,La page annuelle sert de support B. Une vérification page événement spécifique est prévue avant le palier 2 000.,ANNUAL_CHRONOLOGY_RETAINED,,No ambiguity trigger detected in targeted V16 pass; annual chronology remains B support.,1 mai 1931,Inauguration de l’Empire State Building,TRUE
EVT-0856,Amelia Earhart achève un vol transatlantique solo,21 mai 1932,1932,SRC-0739,https://en.wikipedia.org/wiki/1932,WIKIPEDIA_YEAR_CHRONOLOGY_B,B,NOT_REQUIRED_TARGETED_V16,STRUCTURAL_PASS_COMPLETE,La page annuelle sert de support B. Une vérification page événement spécifique est prévue avant le palier 2 000.,ANNUAL_CHRONOLOGY_RETAINED,,No ambiguity trigger detected in targeted V16 pass; annual chronology remains B support.,21 mai 1932,Amelia Earhart achève un vol transatlantique solo,TRUE
EVT-0857,Proclamation du royaume d’Arabie saoudite,23 septembre 1932,1932,SRC-0739,https://en.wikipedia.org/wiki/1932,WIKIPEDIA_YEAR_CHRONOLOGY_B,B,NOT_REQUIRED_TARGETED_V16,STRUCTURAL_PASS_COMPLETE,La page annuelle sert de support B. Une vérification page événement spécifique est prévue avant le palier 2 000.,ANNUAL_CHRONOLOGY_RETAINED,,No ambiguity trigger detected in targeted V16 pass; annual chronology remains B support.,23 septembre 1932,Proclamation du royaume d’Arabie saoudite,TRUE
EVT-0858,Fin de la prohibition aux États-Unis,5 décembre 1933,1933,SRC-0740,https://en.wikipedia.org/wiki/1933,WIKIPEDIA_YEAR_CHRONOLOGY_B,B,NOT_REQUIRED_TARGETED_V16,STRUCTURAL_PASS_COMPLETE,La page annuelle sert de support B. Une vérification page événement spécifique est prévue avant le palier 2 000.,ANNUAL_CHRONOLOGY_RETAINED,,No ambiguity trigger detected in targeted V16 pass; annual chronology remains B support.,5 décembre 1933,Fin de la prohibition aux États-Unis,TRUE
EVT-0859,Début de la Longue Marche des communistes chinois,16 octobre 1934,1934,SRC-0741,https://en.wikipedia.org/wiki/1934,WIKIPEDIA_YEAR_CHRONOLOGY_B,B,COMPLETE,COMPLETE,La page annuelle sert de support B. Une vérification page événement spécifique est prévue avant le palier 2 000.,CORRECTED_PAGE_SPECIFIC,https://en.wikipedia.org/wiki/Long_March,La chronologie détaillée de la Longue Marche donne le 10 octobre plutôt que le 16.,10 octobre 1934,Début de la Longue Marche des communistes chinois,TRUE
EVT-0860,Promulgation du Social Security Act aux États-Unis,14 août 1935,1935,SRC-0742,https://en.wikipedia.org/wiki/1935,WIKIPEDIA_YEAR_CHRONOLOGY_B,B,NOT_REQUIRED_TARGETED_V16,STRUCTURAL_PASS_COMPLETE,La page annuelle sert de support B. Une vérification page événement spécifique est prévue avant le palier 2 000.,ANNUAL_CHRONOLOGY_RETAINED,,No ambiguity trigger detected in targeted V16 pass; annual chronology remains B support.,14 août 1935,Promulgation du Social Security Act aux États-Unis,TRUE
EVT-0861,Discours du « rideau de fer » de Winston Churchill à Fulton,5 mars 1946,1946,SRC-0753,https://en.wikipedia.org/wiki/1946,WIKIPEDIA_YEAR_CHRONOLOGY_B,B,NOT_REQUIRED_TARGETED_V16,STRUCTURAL_PASS_COMPLETE,La page annuelle sert de support B. Une vérification page événement spécifique est prévue avant le palier 2 000.,ANNUAL_CHRONOLOGY_RETAINED,,No ambiguity trigger detected in targeted V16 pass; annual chronology remains B support.,5 mars 1946,Discours du « rideau de fer » de Winston Churchill à Fulton,TRUE
EVT-0862,Indépendance du Pakistan,14 août 1947,1947,SRC-0754,https://en.wikipedia.org/wiki/1947,WIKIPEDIA_YEAR_CHRONOLOGY_B,B,NOT_REQUIRED_TARGETED_V16,STRUCTURAL_PASS_COMPLETE,La page annuelle sert de support B. Une vérification page événement spécifique est prévue avant le palier 2 000.,ANNUAL_CHRONOLOGY_RETAINED,,No ambiguity trigger detected in targeted V16 pass; annual chronology remains B support.,14 août 1947,Indépendance du Pakistan,TRUE
EVT-0863,Création de l’Organisation mondiale de la santé,7 avril 1948,1948,SRC-0755,https://en.wikipedia.org/wiki/1948,WIKIPEDIA_YEAR_CHRONOLOGY_B,B,NOT_REQUIRED_TARGETED_V16,STRUCTURAL_PASS_COMPLETE,La page annuelle sert de support B. Une vérification page événement spécifique est prévue avant le palier 2 000.,ANNUAL_CHRONOLOGY_RETAINED,,No ambiguity trigger detected in targeted V16 pass; annual chronology remains B support.,7 avril 1948,Création de l’Organisation mondiale de la santé,TRUE
EVT-0864,Victoire électorale du Parti national et début officiel de l’apartheid en Afrique du Sud,26 mai 1948,1948,SRC-0755,https://en.wikipedia.org/wiki/1948,WIKIPEDIA_YEAR_CHRONOLOGY_B,B,COMPLETE,COMPLETE,La page annuelle sert de support B. Une vérification page événement spécifique est prévue avant le palier 2 000.,CORRECTED_PAGE_SPECIFIC,https://en.wikipedia.org/wiki/1948_South_African_general_election,"Le 26 mai date l’élection ; l’apartheid est ensuite institutionnalisé par une série de lois, pas par un acte unique ce jour-là.",26 mai 1948,Victoire électorale du Parti national en Afrique du Sud,TRUE
EVT-0865,Adoption de la Déclaration universelle des droits de l’homme,10 décembre 1948,1948,SRC-0755,https://en.wikipedia.org/wiki/1948,WIKIPEDIA_YEAR_CHRONOLOGY_B,B,NOT_REQUIRED_TARGETED_V16,STRUCTURAL_PASS_COMPLETE,La page annuelle sert de support B. Une vérification page événement spécifique est prévue avant le palier 2 000.,ANNUAL_CHRONOLOGY_RETAINED,,No ambiguity trigger detected in targeted V16 pass; annual chronology remains B support.,10 décembre 1948,Adoption de la Déclaration universelle des droits de l’homme,TRUE
EVT-0866,Signature des Conventions de Genève de 1949,12 août 1949,1949,SRC-0756,https://en.wikipedia.org/wiki/1949,WIKIPEDIA_YEAR_CHRONOLOGY_B,B,NOT_REQUIRED_TARGETED_V16,STRUCTURAL_PASS_COMPLETE,La page annuelle sert de support B. Une vérification page événement spécifique est prévue avant le palier 2 000.,ANNUAL_CHRONOLOGY_RETAINED,,No ambiguity trigger detected in targeted V16 pass; annual chronology remains B support.,12 août 1949,Signature des Conventions de Genève de 1949,TRUE
EVT-0867,Signature de la Convention européenne des droits de l’homme,4 novembre 1950,1950,SRC-0757,https://en.wikipedia.org/wiki/1950,WIKIPEDIA_YEAR_CHRONOLOGY_B,B,NOT_REQUIRED_TARGETED_V16,STRUCTURAL_PASS_COMPLETE,La page annuelle sert de support B. Une vérification page événement spécifique est prévue avant le palier 2 000.,ANNUAL_CHRONOLOGY_RETAINED,,No ambiguity trigger detected in targeted V16 pass; annual chronology remains B support.,4 novembre 1950,Signature de la Convention européenne des droits de l’homme,TRUE
EVT-0868,Adoption de la Convention de Genève relative au statut des réfugiés,28 juillet 1951,1951,SRC-0758,https://en.wikipedia.org/wiki/1951,WIKIPEDIA_YEAR_CHRONOLOGY_B,B,NOT_REQUIRED_TARGETED_V16,STRUCTURAL_PASS_COMPLETE,La page annuelle sert de support B. Une vérification page événement spécifique est prévue avant le palier 2 000.,ANNUAL_CHRONOLOGY_RETAINED,,No ambiguity trigger detected in targeted V16 pass; annual chronology remains B support.,28 juillet 1951,Adoption de la Convention de Genève relative au statut des réfugiés,TRUE
EVT-0869,Premier essai réussi d’une bombe thermonucléaire américaine,1 novembre 1952,1952,SRC-0759,https://en.wikipedia.org/wiki/1952,WIKIPEDIA_YEAR_CHRONOLOGY_B,B,NOT_REQUIRED_TARGETED_V16,STRUCTURAL_PASS_COMPLETE,La page annuelle sert de support B. Une vérification page événement spécifique est prévue avant le palier 2 000.,ANNUAL_CHRONOLOGY_RETAINED,,No ambiguity trigger detected in targeted V16 pass; annual chronology remains B support.,1 novembre 1952,Premier essai réussi d’une bombe thermonucléaire américaine,TRUE
EVT-0870,Mort de Joseph Staline,5 mars 1953,1953,SRC-0760,https://en.wikipedia.org/wiki/1953,WIKIPEDIA_YEAR_CHRONOLOGY_B,B,NOT_REQUIRED_TARGETED_V16,STRUCTURAL_PASS_COMPLETE,La page annuelle sert de support B. Une vérification page événement spécifique est prévue avant le palier 2 000.,ANNUAL_CHRONOLOGY_RETAINED,,No ambiguity trigger detected in targeted V16 pass; annual chronology remains B support.,5 mars 1953,Mort de Joseph Staline,TRUE
EVT-0871,Publication de la structure en double hélice de l’ADN par Watson et Crick,25 avril 1953,1953,SRC-0760,https://en.wikipedia.org/wiki/1953,WIKIPEDIA_YEAR_CHRONOLOGY_B,B,NOT_REQUIRED_TARGETED_V16,STRUCTURAL_PASS_COMPLETE,La page annuelle sert de support B. Une vérification page événement spécifique est prévue avant le palier 2 000.,ANNUAL_CHRONOLOGY_RETAINED,,No ambiguity trigger detected in targeted V16 pass; annual chronology remains B support.,25 avril 1953,Publication de la structure en double hélice de l’ADN par Watson et Crick,TRUE
EVT-0872,Première ascension confirmée de l’Everest par Hillary et Norgay,29 mai 1953,1953,SRC-0760,https://en.wikipedia.org/wiki/1953,WIKIPEDIA_YEAR_CHRONOLOGY_B,B,NOT_REQUIRED_TARGETED_V16,STRUCTURAL_PASS_COMPLETE,La page annuelle sert de support B. Une vérification page événement spécifique est prévue avant le palier 2 000.,ANNUAL_CHRONOLOGY_RETAINED,,No ambiguity trigger detected in targeted V16 pass; annual chronology remains B support.,29 mai 1953,Première ascension confirmée de l’Everest par Hillary et Norgay,TRUE
EVT-0873,Armistice de Panmunjom mettant fin aux combats de la guerre de Corée,27 juillet 1953,1953,SRC-0760,https://en.wikipedia.org/wiki/1953,WIKIPEDIA_YEAR_CHRONOLOGY_B,B,NOT_REQUIRED_TARGETED_V16,STRUCTURAL_PASS_COMPLETE,La page annuelle sert de support B. Une vérification page événement spécifique est prévue avant le palier 2 000.,ANNUAL_CHRONOLOGY_RETAINED,,No ambiguity trigger detected in targeted V16 pass; annual chronology remains B support.,27 juillet 1953,Armistice de Panmunjom mettant fin aux combats de la guerre de Corée,TRUE
EVT-0874,Arrêt Brown v. Board of Education aux États-Unis,17 mai 1954,1954,SRC-0761,https://en.wikipedia.org/wiki/1954,WIKIPEDIA_YEAR_CHRONOLOGY_B,B,NOT_REQUIRED_TARGETED_V16,STRUCTURAL_PASS_COMPLETE,La page annuelle sert de support B. Une vérification page événement spécifique est prévue avant le palier 2 000.,ANNUAL_CHRONOLOGY_RETAINED,,No ambiguity trigger detected in targeted V16 pass; annual chronology remains B support.,17 mai 1954,Arrêt Brown v. Board of Education aux États-Unis,TRUE
EVT-0875,Arrestation de Rosa Parks à Montgomery,1 décembre 1955,1955,SRC-0762,https://en.wikipedia.org/wiki/1955,WIKIPEDIA_YEAR_CHRONOLOGY_B,B,NOT_REQUIRED_TARGETED_V16,STRUCTURAL_PASS_COMPLETE,La page annuelle sert de support B. Une vérification page événement spécifique est prévue avant le palier 2 000.,ANNUAL_CHRONOLOGY_RETAINED,,No ambiguity trigger detected in targeted V16 pass; annual chronology remains B support.,1 décembre 1955,Arrestation de Rosa Parks à Montgomery,TRUE
EVT-0876,Discours secret de Nikita Khrouchtchev au XXe congrès du PCUS,25 février 1956,1956,SRC-0763,https://en.wikipedia.org/wiki/1956,WIKIPEDIA_YEAR_CHRONOLOGY_B,B,NOT_REQUIRED_TARGETED_V16,STRUCTURAL_PASS_COMPLETE,La page annuelle sert de support B. Une vérification page événement spécifique est prévue avant le palier 2 000.,ANNUAL_CHRONOLOGY_RETAINED,,No ambiguity trigger detected in targeted V16 pass; annual chronology remains B support.,25 février 1956,Discours secret de Nikita Khrouchtchev au XXe congrès du PCUS,TRUE
EVT-0877,Début de l’insurrection de Budapest,23 octobre 1956,1956,SRC-0763,https://en.wikipedia.org/wiki/1956,WIKIPEDIA_YEAR_CHRONOLOGY_B,B,NOT_REQUIRED_TARGETED_V16,STRUCTURAL_PASS_COMPLETE,La page annuelle sert de support B. Une vérification page événement spécifique est prévue avant le palier 2 000.,ANNUAL_CHRONOLOGY_RETAINED,,No ambiguity trigger detected in targeted V16 pass; annual chronology remains B support.,23 octobre 1956,Début de l’insurrection de Budapest,TRUE
EVT-0878,Indépendance du Ghana,6 mars 1957,1957,SRC-0764,https://en.wikipedia.org/wiki/1957,WIKIPEDIA_YEAR_CHRONOLOGY_B,B,NOT_REQUIRED_TARGETED_V16,STRUCTURAL_PASS_COMPLETE,La page annuelle sert de support B. Une vérification page événement spécifique est prévue avant le palier 2 000.,ANNUAL_CHRONOLOGY_RETAINED,,No ambiguity trigger detected in targeted V16 pass; annual chronology remains B support.,6 mars 1957,Indépendance du Ghana,TRUE
EVT-0879,Création de la NASA,29 juillet 1958,1958,SRC-0765,https://en.wikipedia.org/wiki/1958,WIKIPEDIA_YEAR_CHRONOLOGY_B,B,COMPLETE,COMPLETE,La page annuelle sert de support B. Une vérification page événement spécifique est prévue avant le palier 2 000.,CORRECTED_PAGE_SPECIFIC,https://www.nasa.gov/history/president-eisenhower-signs-nasa-into-existence/,La loi créant la NASA est signée le 29 juillet ; l’agence ouvre officiellement le 1er octobre.,29 juillet 1958,Signature du National Aeronautics and Space Act créant la NASA,TRUE
EVT-0880,Massacre de Sharpeville,21 mars 1960,1960,SRC-0767,https://en.wikipedia.org/wiki/1960,WIKIPEDIA_YEAR_CHRONOLOGY_B,B,NOT_REQUIRED_TARGETED_V16,STRUCTURAL_PASS_COMPLETE,La page annuelle sert de support B. Une vérification page événement spécifique est prévue avant le palier 2 000.,ANNUAL_CHRONOLOGY_RETAINED,,No ambiguity trigger detected in targeted V16 pass; annual chronology remains B support.,21 mars 1960,Massacre de Sharpeville,TRUE
EVT-0881,Indépendance du Congo belge,30 juin 1960,1960,SRC-0767,https://en.wikipedia.org/wiki/1960,WIKIPEDIA_YEAR_CHRONOLOGY_B,B,NOT_REQUIRED_TARGETED_V16,STRUCTURAL_PASS_COMPLETE,La page annuelle sert de support B. Une vérification page événement spécifique est prévue avant le palier 2 000.,ANNUAL_CHRONOLOGY_RETAINED,,No ambiguity trigger detected in targeted V16 pass; annual chronology remains B support.,30 juin 1960,Indépendance du Congo belge,TRUE
EVT-0882,Ouverture du concile Vatican II,11 octobre 1962,1962,SRC-0769,https://en.wikipedia.org/wiki/1962,WIKIPEDIA_YEAR_CHRONOLOGY_B,B,NOT_REQUIRED_TARGETED_V16,STRUCTURAL_PASS_COMPLETE,La page annuelle sert de support B. Une vérification page événement spécifique est prévue avant le palier 2 000.,ANNUAL_CHRONOLOGY_RETAINED,,No ambiguity trigger detected in targeted V16 pass; annual chronology remains B support.,11 octobre 1962,Ouverture du concile Vatican II,TRUE
EVT-0883,Signature du traité d’interdiction partielle des essais nucléaires,5 août 1963,1963,SRC-0770,https://en.wikipedia.org/wiki/1963,WIKIPEDIA_YEAR_CHRONOLOGY_B,B,NOT_REQUIRED_TARGETED_V16,STRUCTURAL_PASS_COMPLETE,La page annuelle sert de support B. Une vérification page événement spécifique est prévue avant le palier 2 000.,ANNUAL_CHRONOLOGY_RETAINED,,No ambiguity trigger detected in targeted V16 pass; annual chronology remains B support.,5 août 1963,Signature du traité d’interdiction partielle des essais nucléaires,TRUE
EVT-0884,Marche sur Washington et discours « I Have a Dream »,28 août 1963,1963,SRC-0770,https://en.wikipedia.org/wiki/1963,WIKIPEDIA_YEAR_CHRONOLOGY_B,B,NOT_REQUIRED_TARGETED_V16,STRUCTURAL_PASS_COMPLETE,La page annuelle sert de support B. Une vérification page événement spécifique est prévue avant le palier 2 000.,ANNUAL_CHRONOLOGY_RETAINED,,No ambiguity trigger detected in targeted V16 pass; annual chronology remains B support.,28 août 1963,Marche sur Washington et discours « I Have a Dream »,TRUE
EVT-0885,Promulgation du Civil Rights Act aux États-Unis,2 juillet 1964,1964,SRC-0771,https://en.wikipedia.org/wiki/1964,WIKIPEDIA_YEAR_CHRONOLOGY_B,B,NOT_REQUIRED_TARGETED_V16,STRUCTURAL_PASS_COMPLETE,La page annuelle sert de support B. Une vérification page événement spécifique est prévue avant le palier 2 000.,ANNUAL_CHRONOLOGY_RETAINED,,No ambiguity trigger detected in targeted V16 pass; annual chronology remains B support.,2 juillet 1964,Promulgation du Civil Rights Act aux États-Unis,TRUE
EVT-0886,Promulgation du Voting Rights Act aux États-Unis,6 août 1965,1965,SRC-0772,https://en.wikipedia.org/wiki/1965,WIKIPEDIA_YEAR_CHRONOLOGY_B,B,NOT_REQUIRED_TARGETED_V16,STRUCTURAL_PASS_COMPLETE,La page annuelle sert de support B. Une vérification page événement spécifique est prévue avant le palier 2 000.,ANNUAL_CHRONOLOGY_RETAINED,,No ambiguity trigger detected in targeted V16 pass; annual chronology remains B support.,6 août 1965,Promulgation du Voting Rights Act aux États-Unis,TRUE
EVT-0887,Indépendance de Singapour,9 août 1965,1965,SRC-0772,https://en.wikipedia.org/wiki/1965,WIKIPEDIA_YEAR_CHRONOLOGY_B,B,NOT_REQUIRED_TARGETED_V16,STRUCTURAL_PASS_COMPLETE,La page annuelle sert de support B. Une vérification page événement spécifique est prévue avant le palier 2 000.,ANNUAL_CHRONOLOGY_RETAINED,,No ambiguity trigger detected in targeted V16 pass; annual chronology remains B support.,9 août 1965,Indépendance de Singapour,TRUE
EVT-0888,Début officiel de la Révolution culturelle en Chine,16 mai 1966,1966,SRC-0773,https://en.wikipedia.org/wiki/1966,WIKIPEDIA_YEAR_CHRONOLOGY_B,B,NOT_REQUIRED_TARGETED_V16,STRUCTURAL_PASS_COMPLETE,La page annuelle sert de support B. Une vérification page événement spécifique est prévue avant le palier 2 000.,ANNUAL_CHRONOLOGY_RETAINED,,No ambiguity trigger detected in targeted V16 pass; annual chronology remains B support.,16 mai 1966,Début officiel de la Révolution culturelle en Chine,TRUE
EVT-0889,Début de la guerre des Six Jours,5 juin 1967,1967,SRC-0774,https://en.wikipedia.org/wiki/1967,WIKIPEDIA_YEAR_CHRONOLOGY_B,B,NOT_REQUIRED_TARGETED_V16,STRUCTURAL_PASS_COMPLETE,La page annuelle sert de support B. Une vérification page événement spécifique est prévue avant le palier 2 000.,ANNUAL_CHRONOLOGY_RETAINED,,No ambiguity trigger detected in targeted V16 pass; annual chronology remains B support.,5 juin 1967,Début de la guerre des Six Jours,TRUE
EVT-0890,Première transplantation cardiaque humaine réussie,3 décembre 1967,1967,SRC-0774,https://en.wikipedia.org/wiki/1967,WIKIPEDIA_YEAR_CHRONOLOGY_B,B,NOT_REQUIRED_TARGETED_V16,STRUCTURAL_PASS_COMPLETE,La page annuelle sert de support B. Une vérification page événement spécifique est prévue avant le palier 2 000.,ANNUAL_CHRONOLOGY_RETAINED,,No ambiguity trigger detected in targeted V16 pass; annual chronology remains B support.,3 décembre 1967,Première transplantation cardiaque humaine réussie,TRUE
EVT-0891,Début de l’offensive du Têt,30 janvier 1968,1968,SRC-0775,https://en.wikipedia.org/wiki/1968,WIKIPEDIA_YEAR_CHRONOLOGY_B,B,NOT_REQUIRED_TARGETED_V16,STRUCTURAL_PASS_COMPLETE,La page annuelle sert de support B. Une vérification page événement spécifique est prévue avant le palier 2 000.,ANNUAL_CHRONOLOGY_RETAINED,,No ambiguity trigger detected in targeted V16 pass; annual chronology remains B support.,30 janvier 1968,Début de l’offensive du Têt,TRUE
EVT-0892,Assassinat de Martin Luther King Jr.,4 avril 1968,1968,SRC-0775,https://en.wikipedia.org/wiki/1968,WIKIPEDIA_YEAR_CHRONOLOGY_B,B,NOT_REQUIRED_TARGETED_V16,STRUCTURAL_PASS_COMPLETE,La page annuelle sert de support B. Une vérification page événement spécifique est prévue avant le palier 2 000.,ANNUAL_CHRONOLOGY_RETAINED,,No ambiguity trigger detected in targeted V16 pass; annual chronology remains B support.,4 avril 1968,Assassinat de Martin Luther King Jr.,TRUE
EVT-0893,Premiers pas humains sur la Lune lors d’Apollo 11,20 juillet 1969,1969,SRC-0776,https://en.wikipedia.org/wiki/1969,WIKIPEDIA_YEAR_CHRONOLOGY_B,B,NOT_REQUIRED_TARGETED_V16,STRUCTURAL_PASS_COMPLETE,La page annuelle sert de support B. Une vérification page événement spécifique est prévue avant le palier 2 000.,ANNUAL_CHRONOLOGY_RETAINED,,No ambiguity trigger detected in targeted V16 pass; annual chronology remains B support.,20 juillet 1969,Premiers pas humains sur la Lune lors d’Apollo 11,TRUE
EVT-0894,Ouverture du festival de Woodstock,15 août 1969,1969,SRC-0776,https://en.wikipedia.org/wiki/1969,WIKIPEDIA_YEAR_CHRONOLOGY_B,B,NOT_REQUIRED_TARGETED_V16,STRUCTURAL_PASS_COMPLETE,La page annuelle sert de support B. Une vérification page événement spécifique est prévue avant le palier 2 000.,ANNUAL_CHRONOLOGY_RETAINED,,No ambiguity trigger detected in targeted V16 pass; annual chronology remains B support.,15 août 1969,Ouverture du festival de Woodstock,TRUE
EVT-0895,Premier message transmis sur ARPANET,29 octobre 1969,1969,SRC-0776,https://en.wikipedia.org/wiki/1969,WIKIPEDIA_YEAR_CHRONOLOGY_B,B,NOT_REQUIRED_TARGETED_V16,STRUCTURAL_PASS_COMPLETE,La page annuelle sert de support B. Une vérification page événement spécifique est prévue avant le palier 2 000.,ANNUAL_CHRONOLOGY_RETAINED,,No ambiguity trigger detected in targeted V16 pass; annual chronology remains B support.,29 octobre 1969,Premier message transmis sur ARPANET,TRUE
EVT-0896,Proclamation de l’indépendance du Bangladesh,26 mars 1971,1971,SRC-0778,https://en.wikipedia.org/wiki/1971,WIKIPEDIA_YEAR_CHRONOLOGY_B,B,NOT_REQUIRED_TARGETED_V16,STRUCTURAL_PASS_COMPLETE,La page annuelle sert de support B. Une vérification page événement spécifique est prévue avant le palier 2 000.,ANNUAL_CHRONOLOGY_RETAINED,,No ambiguity trigger detected in targeted V16 pass; annual chronology remains B support.,26 mars 1971,Proclamation de l’indépendance du Bangladesh,TRUE
EVT-0897,Suspension de la convertibilité du dollar en or par Richard Nixon,15 août 1971,1971,SRC-0778,https://en.wikipedia.org/wiki/1971,WIKIPEDIA_YEAR_CHRONOLOGY_B,B,NOT_REQUIRED_TARGETED_V16,STRUCTURAL_PASS_COMPLETE,La page annuelle sert de support B. Une vérification page événement spécifique est prévue avant le palier 2 000.,ANNUAL_CHRONOLOGY_RETAINED,,No ambiguity trigger detected in targeted V16 pass; annual chronology remains B support.,15 août 1971,Suspension de la convertibilité du dollar en or par Richard Nixon,TRUE
EVT-0898,La République populaire de Chine obtient le siège chinois à l’ONU,25 octobre 1971,1971,SRC-0778,https://en.wikipedia.org/wiki/1971,WIKIPEDIA_YEAR_CHRONOLOGY_B,B,NOT_REQUIRED_TARGETED_V16,STRUCTURAL_PASS_COMPLETE,La page annuelle sert de support B. Une vérification page événement spécifique est prévue avant le palier 2 000.,ANNUAL_CHRONOLOGY_RETAINED,,No ambiguity trigger detected in targeted V16 pass; annual chronology remains B support.,25 octobre 1971,La République populaire de Chine obtient le siège chinois à l’ONU,TRUE
EVT-0899,Annonce commerciale du microprocesseur Intel 4004,15 novembre 1971,1971,SRC-0778,https://en.wikipedia.org/wiki/1971,WIKIPEDIA_YEAR_CHRONOLOGY_B,B,COMPLETE,COMPLETE,La page annuelle sert de support B. Une vérification page événement spécifique est prévue avant le palier 2 000.,VERIFIED_PAGE_SPECIFIC_NO_CHANGE,https://en.wikipedia.org/wiki/Intel_4004,L’Intel 4004 est bien lancé/annoncé le 15 novembre 1971.,15 novembre 1971,Annonce commerciale du microprocesseur Intel 4004,TRUE
EVT-0900,Visite de Richard Nixon en Chine,21 février 1972,1972,SRC-0779,https://en.wikipedia.org/wiki/1972,WIKIPEDIA_YEAR_CHRONOLOGY_B,B,NOT_REQUIRED_TARGETED_V16,STRUCTURAL_PASS_COMPLETE,La page annuelle sert de support B. Une vérification page événement spécifique est prévue avant le palier 2 000.,ANNUAL_CHRONOLOGY_RETAINED,,No ambiguity trigger detected in targeted V16 pass; annual chronology remains B support.,21 février 1972,Visite de Richard Nixon en Chine,TRUE
EVT-0901,Cambriolage du siège démocrate au Watergate,17 juin 1972,1972,SRC-0779,https://en.wikipedia.org/wiki/1972,WIKIPEDIA_YEAR_CHRONOLOGY_B,B,NOT_REQUIRED_TARGETED_V16,STRUCTURAL_PASS_COMPLETE,La page annuelle sert de support B. Une vérification page événement spécifique est prévue avant le palier 2 000.,ANNUAL_CHRONOLOGY_RETAINED,,No ambiguity trigger detected in targeted V16 pass; annual chronology remains B support.,17 juin 1972,Cambriolage du siège démocrate au Watergate,TRUE
EVT-0902,Prise d’otages et massacre des Jeux olympiques de Munich,5 septembre 1972,1972,SRC-0779,https://en.wikipedia.org/wiki/1972,WIKIPEDIA_YEAR_CHRONOLOGY_B,B,NOT_REQUIRED_TARGETED_V16,STRUCTURAL_PASS_COMPLETE,La page annuelle sert de support B. Une vérification page événement spécifique est prévue avant le palier 2 000.,ANNUAL_CHRONOLOGY_RETAINED,,No ambiguity trigger detected in targeted V16 pass; annual chronology remains B support.,5 septembre 1972,Prise d’otages et massacre des Jeux olympiques de Munich,TRUE
EVT-0903,Arrêt Roe v. Wade de la Cour suprême des États-Unis,22 janvier 1973,1973,SRC-0780,https://en.wikipedia.org/wiki/1973,WIKIPEDIA_YEAR_CHRONOLOGY_B,B,NOT_REQUIRED_TARGETED_V16,STRUCTURAL_PASS_COMPLETE,La page annuelle sert de support B. Une vérification page événement spécifique est prévue avant le palier 2 000.,ANNUAL_CHRONOLOGY_RETAINED,,No ambiguity trigger detected in targeted V16 pass; annual chronology remains B support.,22 janvier 1973,Arrêt Roe v. Wade de la Cour suprême des États-Unis,TRUE
EVT-0904,Début de la guerre du Kippour,6 octobre 1973,1973,SRC-0780,https://en.wikipedia.org/wiki/1973,WIKIPEDIA_YEAR_CHRONOLOGY_B,B,NOT_REQUIRED_TARGETED_V16,STRUCTURAL_PASS_COMPLETE,La page annuelle sert de support B. Une vérification page événement spécifique est prévue avant le palier 2 000.,ANNUAL_CHRONOLOGY_RETAINED,,No ambiguity trigger detected in targeted V16 pass; annual chronology remains B support.,6 octobre 1973,Début de la guerre du Kippour,TRUE
EVT-0905,Début de l’embargo pétrolier arabe contre plusieurs pays occidentaux,17 octobre 1973,1973,SRC-0780,https://en.wikipedia.org/wiki/1973,WIKIPEDIA_YEAR_CHRONOLOGY_B,B,NOT_REQUIRED_TARGETED_V16,STRUCTURAL_PASS_COMPLETE,La page annuelle sert de support B. Une vérification page événement spécifique est prévue avant le palier 2 000.,ANNUAL_CHRONOLOGY_RETAINED,,No ambiguity trigger detected in targeted V16 pass; annual chronology remains B support.,17 octobre 1973,Début de l’embargo pétrolier arabe contre plusieurs pays occidentaux,TRUE
EVT-0906,Démission de Richard Nixon,9 août 1974,1974,SRC-0781,https://en.wikipedia.org/wiki/1974,WIKIPEDIA_YEAR_CHRONOLOGY_B,B,NOT_REQUIRED_TARGETED_V16,STRUCTURAL_PASS_COMPLETE,La page annuelle sert de support B. Une vérification page événement spécifique est prévue avant le palier 2 000.,ANNUAL_CHRONOLOGY_RETAINED,,No ambiguity trigger detected in targeted V16 pass; annual chronology remains B support.,9 août 1974,Démission de Richard Nixon,TRUE
EVT-0907,Fondation de Microsoft,4 avril 1975,1975,SRC-0782,https://en.wikipedia.org/wiki/1975,WIKIPEDIA_YEAR_CHRONOLOGY_B,B,NOT_REQUIRED_TARGETED_V16,STRUCTURAL_PASS_COMPLETE,La page annuelle sert de support B. Une vérification page événement spécifique est prévue avant le palier 2 000.,ANNUAL_CHRONOLOGY_RETAINED,,No ambiguity trigger detected in targeted V16 pass; annual chronology remains B support.,4 avril 1975,Fondation de Microsoft,TRUE
EVT-0908,Chute de Saïgon,30 avril 1975,1975,SRC-0782,https://en.wikipedia.org/wiki/1975,WIKIPEDIA_YEAR_CHRONOLOGY_B,B,NOT_REQUIRED_TARGETED_V16,STRUCTURAL_PASS_COMPLETE,La page annuelle sert de support B. Une vérification page événement spécifique est prévue avant le palier 2 000.,ANNUAL_CHRONOLOGY_RETAINED,,No ambiguity trigger detected in targeted V16 pass; annual chronology remains B support.,30 avril 1975,Chute de Saïgon,TRUE
EVT-0909,Fondation d’Apple Computer,1 avril 1976,1976,SRC-0783,https://en.wikipedia.org/wiki/1976,WIKIPEDIA_YEAR_CHRONOLOGY_B,B,NOT_REQUIRED_TARGETED_V16,STRUCTURAL_PASS_COMPLETE,La page annuelle sert de support B. Une vérification page événement spécifique est prévue avant le palier 2 000.,ANNUAL_CHRONOLOGY_RETAINED,,No ambiguity trigger detected in targeted V16 pass; annual chronology remains B support.,1 avril 1976,Fondation d’Apple Computer,TRUE
EVT-0910,Soulèvement de Soweto,16 juin 1976,1976,SRC-0783,https://en.wikipedia.org/wiki/1976,WIKIPEDIA_YEAR_CHRONOLOGY_B,B,NOT_REQUIRED_TARGETED_V16,STRUCTURAL_PASS_COMPLETE,La page annuelle sert de support B. Une vérification page événement spécifique est prévue avant le palier 2 000.,ANNUAL_CHRONOLOGY_RETAINED,,No ambiguity trigger detected in targeted V16 pass; annual chronology remains B support.,16 juin 1976,Soulèvement de Soweto,TRUE
EVT-0911,Sortie américaine du premier Star Wars,25 mai 1977,1977,SRC-0784,https://en.wikipedia.org/wiki/1977,WIKIPEDIA_YEAR_CHRONOLOGY_B,B,NOT_REQUIRED_TARGETED_V16,STRUCTURAL_PASS_COMPLETE,La page annuelle sert de support B. Une vérification page événement spécifique est prévue avant le palier 2 000.,ANNUAL_CHRONOLOGY_RETAINED,,No ambiguity trigger detected in targeted V16 pass; annual chronology remains B support.,25 mai 1977,Sortie américaine du premier Star Wars,TRUE
EVT-0912,Lancement de Voyager 1,5 septembre 1977,1977,SRC-0784,https://en.wikipedia.org/wiki/1977,WIKIPEDIA_YEAR_CHRONOLOGY_B,B,NOT_REQUIRED_TARGETED_V16,STRUCTURAL_PASS_COMPLETE,La page annuelle sert de support B. Une vérification page événement spécifique est prévue avant le palier 2 000.,ANNUAL_CHRONOLOGY_RETAINED,,No ambiguity trigger detected in targeted V16 pass; annual chronology remains B support.,5 septembre 1977,Lancement de Voyager 1,TRUE
EVT-0913,"Naissance de Louise Brown, premier bébé conçu par fécondation in vitro",25 juillet 1978,1978,SRC-0785,https://en.wikipedia.org/wiki/1978,WIKIPEDIA_YEAR_CHRONOLOGY_B,B,NOT_REQUIRED_TARGETED_V16,STRUCTURAL_PASS_COMPLETE,La page annuelle sert de support B. Une vérification page événement spécifique est prévue avant le palier 2 000.,ANNUAL_CHRONOLOGY_RETAINED,,No ambiguity trigger detected in targeted V16 pass; annual chronology remains B support.,25 juillet 1978,"Naissance de Louise Brown, premier bébé conçu par fécondation in vitro",TRUE
EVT-0914,Signature des accords de Camp David,17 septembre 1978,1978,SRC-0785,https://en.wikipedia.org/wiki/1978,WIKIPEDIA_YEAR_CHRONOLOGY_B,B,NOT_REQUIRED_TARGETED_V16,STRUCTURAL_PASS_COMPLETE,La page annuelle sert de support B. Une vérification page événement spécifique est prévue avant le palier 2 000.,ANNUAL_CHRONOLOGY_RETAINED,,No ambiguity trigger detected in targeted V16 pass; annual chronology remains B support.,17 septembre 1978,Signature des accords de Camp David,TRUE
EVT-0915,Début de la guerre Iran-Irak,22 septembre 1980,1980,SRC-0787,https://en.wikipedia.org/wiki/1980,WIKIPEDIA_YEAR_CHRONOLOGY_B,B,NOT_REQUIRED_TARGETED_V16,STRUCTURAL_PASS_COMPLETE,La page annuelle sert de support B. Une vérification page événement spécifique est prévue avant le palier 2 000.,ANNUAL_CHRONOLOGY_RETAINED,,No ambiguity trigger detected in targeted V16 pass; annual chronology remains B support.,22 septembre 1980,Début de la guerre Iran-Irak,TRUE
EVT-0916,Premier vol de la navette spatiale américaine Columbia,12 avril 1981,1981,SRC-0788,https://en.wikipedia.org/wiki/1981,WIKIPEDIA_YEAR_CHRONOLOGY_B,B,NOT_REQUIRED_TARGETED_V16,STRUCTURAL_PASS_COMPLETE,La page annuelle sert de support B. Une vérification page événement spécifique est prévue avant le palier 2 000.,ANNUAL_CHRONOLOGY_RETAINED,,No ambiguity trigger detected in targeted V16 pass; annual chronology remains B support.,12 avril 1981,Premier vol de la navette spatiale américaine Columbia,TRUE
EVT-0917,Présentation de l’IBM PC,12 août 1981,1981,SRC-0788,https://en.wikipedia.org/wiki/1981,WIKIPEDIA_YEAR_CHRONOLOGY_B,B,NOT_REQUIRED_TARGETED_V16,STRUCTURAL_PASS_COMPLETE,La page annuelle sert de support B. Une vérification page événement spécifique est prévue avant le palier 2 000.,ANNUAL_CHRONOLOGY_RETAINED,,No ambiguity trigger detected in targeted V16 pass; annual chronology remains B support.,12 août 1981,Présentation de l’IBM PC,TRUE
EVT-0918,Début de la guerre des Malouines,2 avril 1982,1982,SRC-0789,https://en.wikipedia.org/wiki/1982,WIKIPEDIA_YEAR_CHRONOLOGY_B,B,NOT_REQUIRED_TARGETED_V16,STRUCTURAL_PASS_COMPLETE,La page annuelle sert de support B. Une vérification page événement spécifique est prévue avant le palier 2 000.,ANNUAL_CHRONOLOGY_RETAINED,,No ambiguity trigger detected in targeted V16 pass; annual chronology remains B support.,2 avril 1982,Début de la guerre des Malouines,TRUE
EVT-0919,Sortie de l’album Thriller de Michael Jackson,30 novembre 1982,1982,SRC-0789,https://en.wikipedia.org/wiki/1982,WIKIPEDIA_YEAR_CHRONOLOGY_B,B,NOT_REQUIRED_TARGETED_V16,STRUCTURAL_PASS_COMPLETE,La page annuelle sert de support B. Une vérification page événement spécifique est prévue avant le palier 2 000.,ANNUAL_CHRONOLOGY_RETAINED,,No ambiguity trigger detected in targeted V16 pass; annual chronology remains B support.,30 novembre 1982,Sortie de l’album Thriller de Michael Jackson,TRUE
EVT-0920,Passage d’ARPANET au protocole TCP/IP,1 janvier 1983,1983,SRC-0790,https://en.wikipedia.org/wiki/1983,WIKIPEDIA_YEAR_CHRONOLOGY_B,B,NOT_REQUIRED_TARGETED_V16,STRUCTURAL_PASS_COMPLETE,La page annuelle sert de support B. Une vérification page événement spécifique est prévue avant le palier 2 000.,ANNUAL_CHRONOLOGY_RETAINED,,No ambiguity trigger detected in targeted V16 pass; annual chronology remains B support.,1 janvier 1983,Passage d’ARPANET au protocole TCP/IP,TRUE
EVT-0921,Lancement commercial du Macintosh,24 janvier 1984,1984,SRC-0791,https://en.wikipedia.org/wiki/1984,WIKIPEDIA_YEAR_CHRONOLOGY_B,B,NOT_REQUIRED_TARGETED_V16,STRUCTURAL_PASS_COMPLETE,La page annuelle sert de support B. Une vérification page événement spécifique est prévue avant le palier 2 000.,ANNUAL_CHRONOLOGY_RETAINED,,No ambiguity trigger detected in targeted V16 pass; annual chronology remains B support.,24 janvier 1984,Lancement commercial du Macintosh,TRUE
EVT-0922,Catastrophe industrielle de Bhopal,3 décembre 1984,1984,SRC-0791,https://en.wikipedia.org/wiki/1984,WIKIPEDIA_YEAR_CHRONOLOGY_B,B,NOT_REQUIRED_TARGETED_V16,STRUCTURAL_PASS_COMPLETE,La page annuelle sert de support B. Une vérification page événement spécifique est prévue avant le palier 2 000.,ANNUAL_CHRONOLOGY_RETAINED,,No ambiguity trigger detected in targeted V16 pass; annual chronology remains B support.,3 décembre 1984,Catastrophe industrielle de Bhopal,TRUE
EVT-0923,Mikhaïl Gorbatchev devient secrétaire général du PCUS,11 mars 1985,1985,SRC-0792,https://en.wikipedia.org/wiki/1985,WIKIPEDIA_YEAR_CHRONOLOGY_B,B,NOT_REQUIRED_TARGETED_V16,STRUCTURAL_PASS_COMPLETE,La page annuelle sert de support B. Une vérification page événement spécifique est prévue avant le palier 2 000.,ANNUAL_CHRONOLOGY_RETAINED,,No ambiguity trigger detected in targeted V16 pass; annual chronology remains B support.,11 mars 1985,Mikhaïl Gorbatchev devient secrétaire général du PCUS,TRUE
EVT-0924,Explosion de la navette Challenger,28 janvier 1986,1986,SRC-0793,https://en.wikipedia.org/wiki/1986,WIKIPEDIA_YEAR_CHRONOLOGY_B,B,NOT_REQUIRED_TARGETED_V16,STRUCTURAL_PASS_COMPLETE,La page annuelle sert de support B. Une vérification page événement spécifique est prévue avant le palier 2 000.,ANNUAL_CHRONOLOGY_RETAINED,,No ambiguity trigger detected in targeted V16 pass; annual chronology remains B support.,28 janvier 1986,Explosion de la navette Challenger,TRUE
EVT-0925,Signature du traité INF entre les États-Unis et l’URSS,8 décembre 1987,1987,SRC-0794,https://en.wikipedia.org/wiki/1987,WIKIPEDIA_YEAR_CHRONOLOGY_B,B,NOT_REQUIRED_TARGETED_V16,STRUCTURAL_PASS_COMPLETE,La page annuelle sert de support B. Une vérification page événement spécifique est prévue avant le palier 2 000.,ANNUAL_CHRONOLOGY_RETAINED,,No ambiguity trigger detected in targeted V16 pass; annual chronology remains B support.,8 décembre 1987,Signature du traité INF entre les États-Unis et l’URSS,TRUE
EVT-0926,Début de la Révolution de velours en Tchécoslovaquie,17 novembre 1989,1989,SRC-0795,https://en.wikipedia.org/wiki/1989,WIKIPEDIA_YEAR_CHRONOLOGY_B,B,NOT_REQUIRED_TARGETED_V16,STRUCTURAL_PASS_COMPLETE,La page annuelle sert de support B. Une vérification page événement spécifique est prévue avant le palier 2 000.,ANNUAL_CHRONOLOGY_RETAINED,,No ambiguity trigger detected in targeted V16 pass; annual chronology remains B support.,17 novembre 1989,Début de la Révolution de velours en Tchécoslovaquie,TRUE
EVT-0927,Début de la révolution roumaine,16 décembre 1989,1989,SRC-0795,https://en.wikipedia.org/wiki/1989,WIKIPEDIA_YEAR_CHRONOLOGY_B,B,NOT_REQUIRED_TARGETED_V16,STRUCTURAL_PASS_COMPLETE,La page annuelle sert de support B. Une vérification page événement spécifique est prévue avant le palier 2 000.,ANNUAL_CHRONOLOGY_RETAINED,,No ambiguity trigger detected in targeted V16 pass; annual chronology remains B support.,16 décembre 1989,Début de la révolution roumaine,TRUE
EVT-0928,Première page web mise en ligne au CERN,20 décembre 1990,1990,SRC-0796,https://en.wikipedia.org/wiki/1990,WIKIPEDIA_YEAR_CHRONOLOGY_B,B,COMPLETE,COMPLETE,La page annuelle sert de support B. Une vérification page événement spécifique est prévue avant le palier 2 000.,CORRECTED_PAGE_SPECIFIC,https://www.w3.org/People/Berners-Lee/FAQ.html,La date du 20 décembre n’est pas suffisamment établie par les sources primaires W3C ; conserver « fin 1990 ».,fin 1990,Mise en service des premiers éléments du Web au CERN,FALSE
EVT-0929,Début de l’opération Tempête du désert,17 janvier 1991,1991,SRC-0797,https://en.wikipedia.org/wiki/1991,WIKIPEDIA_YEAR_CHRONOLOGY_B,B,NOT_REQUIRED_TARGETED_V16,STRUCTURAL_PASS_COMPLETE,La page annuelle sert de support B. Une vérification page événement spécifique est prévue avant le palier 2 000.,ANNUAL_CHRONOLOGY_RETAINED,,No ambiguity trigger detected in targeted V16 pass; annual chronology remains B support.,17 janvier 1991,Début de l’opération Tempête du désert,TRUE
EVT-0930,Déclaration d’indépendance de l’Ukraine,24 août 1991,1991,SRC-0797,https://en.wikipedia.org/wiki/1991,WIKIPEDIA_YEAR_CHRONOLOGY_B,B,NOT_REQUIRED_TARGETED_V16,STRUCTURAL_PASS_COMPLETE,La page annuelle sert de support B. Une vérification page événement spécifique est prévue avant le palier 2 000.,ANNUAL_CHRONOLOGY_RETAINED,,No ambiguity trigger detected in targeted V16 pass; annual chronology remains B support.,24 août 1991,Déclaration d’indépendance de l’Ukraine,TRUE
EVT-0931,Reconnaissance internationale de la Bosnie-Herzégovine et début de la guerre de Bosnie,6 avril 1992,1992,SRC-0798,https://en.wikipedia.org/wiki/1992,WIKIPEDIA_YEAR_CHRONOLOGY_B,B,NOT_REQUIRED_TARGETED_V16,STRUCTURAL_PASS_COMPLETE,La page annuelle sert de support B. Une vérification page événement spécifique est prévue avant le palier 2 000.,ANNUAL_CHRONOLOGY_RETAINED,,No ambiguity trigger detected in targeted V16 pass; annual chronology remains B support.,6 avril 1992,Reconnaissance internationale de la Bosnie-Herzégovine et début de la guerre de Bosnie,TRUE
EVT-0932,Signature des accords d’Oslo,13 septembre 1993,1993,SRC-0799,https://en.wikipedia.org/wiki/1993,WIKIPEDIA_YEAR_CHRONOLOGY_B,B,NOT_REQUIRED_TARGETED_V16,STRUCTURAL_PASS_COMPLETE,La page annuelle sert de support B. Une vérification page événement spécifique est prévue avant le palier 2 000.,ANNUAL_CHRONOLOGY_RETAINED,,No ambiguity trigger detected in targeted V16 pass; annual chronology remains B support.,13 septembre 1993,Signature des accords d’Oslo,TRUE
EVT-0933,Nelson Mandela devient président de l’Afrique du Sud,10 mai 1994,1994,SRC-0800,https://en.wikipedia.org/wiki/1994,WIKIPEDIA_YEAR_CHRONOLOGY_B,B,NOT_REQUIRED_TARGETED_V16,STRUCTURAL_PASS_COMPLETE,La page annuelle sert de support B. Une vérification page événement spécifique est prévue avant le palier 2 000.,ANNUAL_CHRONOLOGY_RETAINED,,No ambiguity trigger detected in targeted V16 pass; annual chronology remains B support.,10 mai 1994,Nelson Mandela devient président de l’Afrique du Sud,TRUE
EVT-0934,Création de l’Organisation mondiale du commerce,1 janvier 1995,1995,SRC-0801,https://en.wikipedia.org/wiki/1995,WIKIPEDIA_YEAR_CHRONOLOGY_B,B,NOT_REQUIRED_TARGETED_V16,STRUCTURAL_PASS_COMPLETE,La page annuelle sert de support B. Une vérification page événement spécifique est prévue avant le palier 2 000.,ANNUAL_CHRONOLOGY_RETAINED,,No ambiguity trigger detected in targeted V16 pass; annual chronology remains B support.,1 janvier 1995,Création de l’Organisation mondiale du commerce,TRUE
EVT-0935,Début du massacre de Srebrenica,11 juillet 1995,1995,SRC-0801,https://en.wikipedia.org/wiki/1995,WIKIPEDIA_YEAR_CHRONOLOGY_B,B,NOT_REQUIRED_TARGETED_V16,STRUCTURAL_PASS_COMPLETE,La page annuelle sert de support B. Une vérification page événement spécifique est prévue avant le palier 2 000.,ANNUAL_CHRONOLOGY_RETAINED,,No ambiguity trigger detected in targeted V16 pass; annual chronology remains B support.,11 juillet 1995,Début du massacre de Srebrenica,TRUE
EVT-0936,Signature des accords de Dayton à Paris,14 décembre 1995,1995,SRC-0801,https://en.wikipedia.org/wiki/1995,WIKIPEDIA_YEAR_CHRONOLOGY_B,B,NOT_REQUIRED_TARGETED_V16,STRUCTURAL_PASS_COMPLETE,La page annuelle sert de support B. Une vérification page événement spécifique est prévue avant le palier 2 000.,ANNUAL_CHRONOLOGY_RETAINED,,No ambiguity trigger detected in targeted V16 pass; annual chronology remains B support.,14 décembre 1995,Signature des accords de Dayton à Paris,TRUE
EVT-0937,Annonce de la naissance de la brebis Dolly,5 juillet 1996,1996,SRC-0802,https://en.wikipedia.org/wiki/1996,WIKIPEDIA_YEAR_CHRONOLOGY_B,B,COMPLETE,COMPLETE,La page annuelle sert de support B. Une vérification page événement spécifique est prévue avant le palier 2 000.,CORRECTED_PAGE_SPECIFIC,https://en.wikipedia.org/wiki/Dolly_%28sheep%29,Le 5 juillet est la naissance de Dolly ; l’annonce publique a lieu le 22 février 1997.,5 juillet 1996,"Naissance de Dolly, première brebis clonée à partir d’une cellule somatique adulte",TRUE
EVT-0938,Prise de Kaboul par les talibans,27 septembre 1996,1996,SRC-0802,https://en.wikipedia.org/wiki/1996,WIKIPEDIA_YEAR_CHRONOLOGY_B,B,NOT_REQUIRED_TARGETED_V16,STRUCTURAL_PASS_COMPLETE,La page annuelle sert de support B. Une vérification page événement spécifique est prévue avant le palier 2 000.,ANNUAL_CHRONOLOGY_RETAINED,,No ambiguity trigger detected in targeted V16 pass; annual chronology remains B support.,27 septembre 1996,Prise de Kaboul par les talibans,TRUE
EVT-0939,Rétrocession de Hong Kong à la Chine,1 juillet 1997,1997,SRC-0803,https://en.wikipedia.org/wiki/1997,WIKIPEDIA_YEAR_CHRONOLOGY_B,B,NOT_REQUIRED_TARGETED_V16,STRUCTURAL_PASS_COMPLETE,La page annuelle sert de support B. Une vérification page événement spécifique est prévue avant le palier 2 000.,ANNUAL_CHRONOLOGY_RETAINED,,No ambiguity trigger detected in targeted V16 pass; annual chronology remains B support.,1 juillet 1997,Rétrocession de Hong Kong à la Chine,TRUE
EVT-0940,Accord du Vendredi saint en Irlande du Nord,10 avril 1998,1998,SRC-0804,https://en.wikipedia.org/wiki/1998,WIKIPEDIA_YEAR_CHRONOLOGY_B,B,NOT_REQUIRED_TARGETED_V16,STRUCTURAL_PASS_COMPLETE,La page annuelle sert de support B. Une vérification page événement spécifique est prévue avant le palier 2 000.,ANNUAL_CHRONOLOGY_RETAINED,,No ambiguity trigger detected in targeted V16 pass; annual chronology remains B support.,10 avril 1998,Accord du Vendredi saint en Irlande du Nord,TRUE
EVT-0941,Victoire de la France à la Coupe du monde de football,12 juillet 1998,1998,SRC-0804,https://en.wikipedia.org/wiki/1998,WIKIPEDIA_YEAR_CHRONOLOGY_B,B,NOT_REQUIRED_TARGETED_V16,STRUCTURAL_PASS_COMPLETE,La page annuelle sert de support B. Une vérification page événement spécifique est prévue avant le palier 2 000.,ANNUAL_CHRONOLOGY_RETAINED,,No ambiguity trigger detected in targeted V16 pass; annual chronology remains B support.,12 juillet 1998,Victoire de la France à la Coupe du monde de football,TRUE
EVT-0942,Adoption du Statut de Rome de la Cour pénale internationale,17 juillet 1998,1998,SRC-0804,https://en.wikipedia.org/wiki/1998,WIKIPEDIA_YEAR_CHRONOLOGY_B,B,NOT_REQUIRED_TARGETED_V16,STRUCTURAL_PASS_COMPLETE,La page annuelle sert de support B. Une vérification page événement spécifique est prévue avant le palier 2 000.,ANNUAL_CHRONOLOGY_RETAINED,,No ambiguity trigger detected in targeted V16 pass; annual chronology remains B support.,17 juillet 1998,Adoption du Statut de Rome de la Cour pénale internationale,TRUE
EVT-0943,Fondation de Google,4 septembre 1998,1998,SRC-0804,https://en.wikipedia.org/wiki/1998,WIKIPEDIA_YEAR_CHRONOLOGY_B,B,NOT_REQUIRED_TARGETED_V16,STRUCTURAL_PASS_COMPLETE,La page annuelle sert de support B. Une vérification page événement spécifique est prévue avant le palier 2 000.,ANNUAL_CHRONOLOGY_RETAINED,,No ambiguity trigger detected in targeted V16 pass; annual chronology remains B support.,4 septembre 1998,Fondation de Google,TRUE
EVT-0944,Introduction de l’euro comme monnaie scripturale,1 janvier 1999,1999,SRC-0805,https://en.wikipedia.org/wiki/1999,WIKIPEDIA_YEAR_CHRONOLOGY_B,B,NOT_REQUIRED_TARGETED_V16,STRUCTURAL_PASS_COMPLETE,La page annuelle sert de support B. Une vérification page événement spécifique est prévue avant le palier 2 000.,ANNUAL_CHRONOLOGY_RETAINED,,No ambiguity trigger detected in targeted V16 pass; annual chronology remains B support.,1 janvier 1999,Introduction de l’euro comme monnaie scripturale,TRUE
EVT-0945,Début de l’intervention de l’OTAN au Kosovo,24 mars 1999,1999,SRC-0805,https://en.wikipedia.org/wiki/1999,WIKIPEDIA_YEAR_CHRONOLOGY_B,B,NOT_REQUIRED_TARGETED_V16,STRUCTURAL_PASS_COMPLETE,La page annuelle sert de support B. Une vérification page événement spécifique est prévue avant le palier 2 000.,ANNUAL_CHRONOLOGY_RETAINED,,No ambiguity trigger detected in targeted V16 pass; annual chronology remains B support.,24 mars 1999,Début de l’intervention de l’OTAN au Kosovo,TRUE
EVT-0946,Première session de l’Assemblée générale des Nations Unies,10 janvier 1946,1946,SRC-0753,https://en.wikipedia.org/wiki/1946,WIKIPEDIA_YEAR_CHRONOLOGY_B,B,NOT_REQUIRED_TARGETED_V16,STRUCTURAL_PASS_COMPLETE,La page annuelle sert de support B. Une vérification page événement spécifique est prévue avant le palier 2 000.,ANNUAL_CHRONOLOGY_RETAINED,,No ambiguity trigger detected in targeted V16 pass; annual chronology remains B support.,10 janvier 1946,Première session de l’Assemblée générale des Nations Unies,TRUE
EVT-0947,Indépendance des Philippines vis-à-vis des États-Unis,4 juillet 1946,1946,SRC-0753,https://en.wikipedia.org/wiki/1946,WIKIPEDIA_YEAR_CHRONOLOGY_B,B,NOT_REQUIRED_TARGETED_V16,STRUCTURAL_PASS_COMPLETE,La page annuelle sert de support B. Une vérification page événement spécifique est prévue avant le palier 2 000.,ANNUAL_CHRONOLOGY_RETAINED,,No ambiguity trigger detected in targeted V16 pass; annual chronology remains B support.,4 juillet 1946,Indépendance des Philippines vis-à-vis des États-Unis,TRUE
EVT-0948,Signature du GATT,30 octobre 1947,1947,SRC-0754,https://en.wikipedia.org/wiki/1947,WIKIPEDIA_YEAR_CHRONOLOGY_B,B,NOT_REQUIRED_TARGETED_V16,STRUCTURAL_PASS_COMPLETE,La page annuelle sert de support B. Une vérification page événement spécifique est prévue avant le palier 2 000.,ANNUAL_CHRONOLOGY_RETAINED,,No ambiguity trigger detected in targeted V16 pass; annual chronology remains B support.,30 octobre 1947,Signature du GATT,TRUE
EVT-0949,Fondation du Conseil de l’Europe,5 mai 1949,1949,SRC-0756,https://en.wikipedia.org/wiki/1949,WIKIPEDIA_YEAR_CHRONOLOGY_B,B,NOT_REQUIRED_TARGETED_V16,STRUCTURAL_PASS_COMPLETE,La page annuelle sert de support B. Une vérification page événement spécifique est prévue avant le palier 2 000.,ANNUAL_CHRONOLOGY_RETAINED,,No ambiguity trigger detected in targeted V16 pass; annual chronology remains B support.,5 mai 1949,Fondation du Conseil de l’Europe,TRUE
EVT-0950,Signature du traité de paix de San Francisco avec le Japon,8 septembre 1951,1951,SRC-0758,https://en.wikipedia.org/wiki/1951,WIKIPEDIA_YEAR_CHRONOLOGY_B,B,NOT_REQUIRED_TARGETED_V16,STRUCTURAL_PASS_COMPLETE,La page annuelle sert de support B. Une vérification page événement spécifique est prévue avant le palier 2 000.,ANNUAL_CHRONOLOGY_RETAINED,,No ambiguity trigger detected in targeted V16 pass; annual chronology remains B support.,8 septembre 1951,Signature du traité de paix de San Francisco avec le Japon,TRUE
EVT-0951,Élisabeth II devient reine du Royaume-Uni,6 février 1952,1952,SRC-0759,https://en.wikipedia.org/wiki/1952,WIKIPEDIA_YEAR_CHRONOLOGY_B,B,NOT_REQUIRED_TARGETED_V16,STRUCTURAL_PASS_COMPLETE,La page annuelle sert de support B. Une vérification page événement spécifique est prévue avant le palier 2 000.,ANNUAL_CHRONOLOGY_RETAINED,,No ambiguity trigger detected in targeted V16 pass; annual chronology remains B support.,6 février 1952,Élisabeth II devient reine du Royaume-Uni,TRUE
EVT-0952,Roger Bannister court le premier mile en moins de quatre minutes,6 mai 1954,1954,SRC-0761,https://en.wikipedia.org/wiki/1954,WIKIPEDIA_YEAR_CHRONOLOGY_B,B,NOT_REQUIRED_TARGETED_V16,STRUCTURAL_PASS_COMPLETE,La page annuelle sert de support B. Une vérification page événement spécifique est prévue avant le palier 2 000.,ANNUAL_CHRONOLOGY_RETAINED,,No ambiguity trigger detected in targeted V16 pass; annual chronology remains B support.,6 mai 1954,Roger Bannister court le premier mile en moins de quatre minutes,TRUE
EVT-0953,Lancement du Grand Bond en avant en Chine,mai 1958,1958,SRC-0765,https://en.wikipedia.org/wiki/1958,WIKIPEDIA_YEAR_CHRONOLOGY_B,B,NOT_REQUIRED_TARGETED_V16,STRUCTURAL_PASS_COMPLETE,La page annuelle sert de support B. Une vérification page événement spécifique est prévue avant le palier 2 000.,ANNUAL_CHRONOLOGY_RETAINED,,No ambiguity trigger detected in targeted V16 pass; annual chronology remains B support.,mai 1958,Lancement du Grand Bond en avant en Chine,TRUE
EVT-0954,Victoire du Brésil de Pelé à la Coupe du monde de football,29 juin 1958,1958,SRC-0765,https://en.wikipedia.org/wiki/1958,WIKIPEDIA_YEAR_CHRONOLOGY_B,B,NOT_REQUIRED_TARGETED_V16,STRUCTURAL_PASS_COMPLETE,La page annuelle sert de support B. Une vérification page événement spécifique est prévue avant le palier 2 000.,ANNUAL_CHRONOLOGY_RETAINED,,No ambiguity trigger detected in targeted V16 pass; annual chronology remains B support.,29 juin 1958,Victoire du Brésil de Pelé à la Coupe du monde de football,TRUE
EVT-0955,Signature du traité sur l’Antarctique,1 décembre 1959,1959,SRC-0766,https://en.wikipedia.org/wiki/1959,WIKIPEDIA_YEAR_CHRONOLOGY_B,B,NOT_REQUIRED_TARGETED_V16,STRUCTURAL_PASS_COMPLETE,La page annuelle sert de support B. Une vérification page événement spécifique est prévue avant le palier 2 000.,ANNUAL_CHRONOLOGY_RETAINED,,No ambiguity trigger detected in targeted V16 pass; annual chronology remains B support.,1 décembre 1959,Signature du traité sur l’Antarctique,TRUE
EVT-0956,Indépendance de Madagascar,26 juin 1960,1960,SRC-0767,https://en.wikipedia.org/wiki/1960,WIKIPEDIA_YEAR_CHRONOLOGY_B,B,NOT_REQUIRED_TARGETED_V16,STRUCTURAL_PASS_COMPLETE,La page annuelle sert de support B. Une vérification page événement spécifique est prévue avant le palier 2 000.,ANNUAL_CHRONOLOGY_RETAINED,,No ambiguity trigger detected in targeted V16 pass; annual chronology remains B support.,26 juin 1960,Indépendance de Madagascar,TRUE
EVT-0957,Fondation de l’OPEP à Bagdad,14 septembre 1960,1960,SRC-0767,https://en.wikipedia.org/wiki/1960,WIKIPEDIA_YEAR_CHRONOLOGY_B,B,NOT_REQUIRED_TARGETED_V16,STRUCTURAL_PASS_COMPLETE,La page annuelle sert de support B. Une vérification page événement spécifique est prévue avant le palier 2 000.,ANNUAL_CHRONOLOGY_RETAINED,,No ambiguity trigger detected in targeted V16 pass; annual chronology remains B support.,14 septembre 1960,Fondation de l’OPEP à Bagdad,TRUE
EVT-0958,Indépendance du Nigeria,1 octobre 1960,1960,SRC-0767,https://en.wikipedia.org/wiki/1960,WIKIPEDIA_YEAR_CHRONOLOGY_B,B,NOT_REQUIRED_TARGETED_V16,STRUCTURAL_PASS_COMPLETE,La page annuelle sert de support B. Une vérification page événement spécifique est prévue avant le palier 2 000.,ANNUAL_CHRONOLOGY_RETAINED,,No ambiguity trigger detected in targeted V16 pass; annual chronology remains B support.,1 octobre 1960,Indépendance du Nigeria,TRUE
EVT-0959,Investiture de John F. Kennedy,20 janvier 1961,1961,SRC-0768,https://en.wikipedia.org/wiki/1961,WIKIPEDIA_YEAR_CHRONOLOGY_B,B,NOT_REQUIRED_TARGETED_V16,STRUCTURAL_PASS_COMPLETE,La page annuelle sert de support B. Une vérification page événement spécifique est prévue avant le palier 2 000.,ANNUAL_CHRONOLOGY_RETAINED,,No ambiguity trigger detected in targeted V16 pass; annual chronology remains B support.,20 janvier 1961,Investiture de John F. Kennedy,TRUE
EVT-0960,Création de Medicare et Medicaid aux États-Unis,30 juillet 1965,1965,SRC-0772,https://en.wikipedia.org/wiki/1965,WIKIPEDIA_YEAR_CHRONOLOGY_B,B,NOT_REQUIRED_TARGETED_V16,STRUCTURAL_PASS_COMPLETE,La page annuelle sert de support B. Une vérification page événement spécifique est prévue avant le palier 2 000.,ANNUAL_CHRONOLOGY_RETAINED,,No ambiguity trigger detected in targeted V16 pass; annual chronology remains B support.,30 juillet 1965,Création de Medicare et Medicaid aux États-Unis,TRUE
EVT-0961,Victoire de l’Angleterre à la Coupe du monde de football,30 juillet 1966,1966,SRC-0773,https://en.wikipedia.org/wiki/1966,WIKIPEDIA_YEAR_CHRONOLOGY_B,B,NOT_REQUIRED_TARGETED_V16,STRUCTURAL_PASS_COMPLETE,La page annuelle sert de support B. Une vérification page événement spécifique est prévue avant le palier 2 000.,ANNUAL_CHRONOLOGY_RETAINED,,No ambiguity trigger detected in targeted V16 pass; annual chronology remains B support.,30 juillet 1966,Victoire de l’Angleterre à la Coupe du monde de football,TRUE
EVT-0962,Fondation de l’ASEAN,8 août 1967,1967,SRC-0774,https://en.wikipedia.org/wiki/1967,WIKIPEDIA_YEAR_CHRONOLOGY_B,B,NOT_REQUIRED_TARGETED_V16,STRUCTURAL_PASS_COMPLETE,La page annuelle sert de support B. Une vérification page événement spécifique est prévue avant le palier 2 000.,ANNUAL_CHRONOLOGY_RETAINED,,No ambiguity trigger detected in targeted V16 pass; annual chronology remains B support.,8 août 1967,Fondation de l’ASEAN,TRUE
EVT-0963,Séparation officielle des Beatles annoncée par Paul McCartney,10 avril 1970,1970,SRC-0777,https://en.wikipedia.org/wiki/1970,WIKIPEDIA_YEAR_CHRONOLOGY_B,B,NOT_REQUIRED_TARGETED_V16,STRUCTURAL_PASS_COMPLETE,La page annuelle sert de support B. Une vérification page événement spécifique est prévue avant le palier 2 000.,ANNUAL_CHRONOLOGY_RETAINED,,No ambiguity trigger detected in targeted V16 pass; annual chronology remains B support.,10 avril 1970,Séparation officielle des Beatles annoncée par Paul McCartney,TRUE
EVT-0964,Premier Jour de la Terre,22 avril 1970,1970,SRC-0777,https://en.wikipedia.org/wiki/1970,WIKIPEDIA_YEAR_CHRONOLOGY_B,B,NOT_REQUIRED_TARGETED_V16,STRUCTURAL_PASS_COMPLETE,La page annuelle sert de support B. Une vérification page événement spécifique est prévue avant le palier 2 000.,ANNUAL_CHRONOLOGY_RETAINED,,No ambiguity trigger detected in targeted V16 pass; annual chronology remains B support.,22 avril 1970,Premier Jour de la Terre,TRUE
EVT-0965,Le Brésil remporte sa troisième Coupe du monde de football,21 juin 1970,1970,SRC-0777,https://en.wikipedia.org/wiki/1970,WIKIPEDIA_YEAR_CHRONOLOGY_B,B,NOT_REQUIRED_TARGETED_V16,STRUCTURAL_PASS_COMPLETE,La page annuelle sert de support B. Une vérification page événement spécifique est prévue avant le palier 2 000.,ANNUAL_CHRONOLOGY_RETAINED,,No ambiguity trigger detected in targeted V16 pass; annual chronology remains B support.,21 juin 1970,Le Brésil remporte sa troisième Coupe du monde de football,TRUE
EVT-0966,Bobby Fischer devient champion du monde d’échecs,23 juillet 1972,1972,SRC-0779,https://en.wikipedia.org/wiki/1972,WIKIPEDIA_YEAR_CHRONOLOGY_B,B,COMPLETE,COMPLETE,La page annuelle sert de support B. Une vérification page événement spécifique est prévue avant le palier 2 000.,CORRECTED_PAGE_SPECIFIC,https://en.wikipedia.org/wiki/World_Chess_Championship_1972,"Spassky abandonne la partie ajournée le 1er septembre, donnant officiellement le titre mondial à Fischer.",1er septembre 1972,Bobby Fischer devient champion du monde d’échecs,TRUE
EVT-0967,Indépendance du Mozambique,25 juin 1975,1975,SRC-0782,https://en.wikipedia.org/wiki/1975,WIKIPEDIA_YEAR_CHRONOLOGY_B,B,NOT_REQUIRED_TARGETED_V16,STRUCTURAL_PASS_COMPLETE,La page annuelle sert de support B. Une vérification page événement spécifique est prévue avant le palier 2 000.,ANNUAL_CHRONOLOGY_RETAINED,,No ambiguity trigger detected in targeted V16 pass; annual chronology remains B support.,25 juin 1975,Indépendance du Mozambique,TRUE
EVT-0968,Indépendance de l’Angola,11 novembre 1975,1975,SRC-0782,https://en.wikipedia.org/wiki/1975,WIKIPEDIA_YEAR_CHRONOLOGY_B,B,NOT_REQUIRED_TARGETED_V16,STRUCTURAL_PASS_COMPLETE,La page annuelle sert de support B. Une vérification page événement spécifique est prévue avant le palier 2 000.,ANNUAL_CHRONOLOGY_RETAINED,,No ambiguity trigger detected in targeted V16 pass; annual chronology remains B support.,11 novembre 1975,Indépendance de l’Angola,TRUE
EVT-0969,Atterrissage de Viking 1 sur Mars,20 juillet 1976,1976,SRC-0783,https://en.wikipedia.org/wiki/1976,WIKIPEDIA_YEAR_CHRONOLOGY_B,B,NOT_REQUIRED_TARGETED_V16,STRUCTURAL_PASS_COMPLETE,La page annuelle sert de support B. Une vérification page événement spécifique est prévue avant le palier 2 000.,ANNUAL_CHRONOLOGY_RETAINED,,No ambiguity trigger detected in targeted V16 pass; annual chronology remains B support.,20 juillet 1976,Atterrissage de Viking 1 sur Mars,TRUE
EVT-0970,Mise en vente de l’Apple II,5 juin 1977,1977,SRC-0784,https://en.wikipedia.org/wiki/1977,WIKIPEDIA_YEAR_CHRONOLOGY_B,B,COMPLETE,COMPLETE,La page annuelle sert de support B. Une vérification page événement spécifique est prévue avant le palier 2 000.,CORRECTED_PAGE_SPECIFIC,https://en.wikipedia.org/wiki/Apple_II,Les premiers Apple II sont mis en vente le 10 juin 1977.,10 juin 1977,Mise en vente de l’Apple II,TRUE
EVT-0971,Accident nucléaire de Three Mile Island,28 mars 1979,1979,SRC-0786,https://en.wikipedia.org/wiki/1979,WIKIPEDIA_YEAR_CHRONOLOGY_B,B,NOT_REQUIRED_TARGETED_V16,STRUCTURAL_PASS_COMPLETE,La page annuelle sert de support B. Une vérification page événement spécifique est prévue avant le palier 2 000.,ANNUAL_CHRONOLOGY_RETAINED,,No ambiguity trigger detected in targeted V16 pass; annual chronology remains B support.,28 mars 1979,Accident nucléaire de Three Mile Island,TRUE
EVT-0972,Margaret Thatcher devient Première ministre du Royaume-Uni,4 mai 1979,1979,SRC-0786,https://en.wikipedia.org/wiki/1979,WIKIPEDIA_YEAR_CHRONOLOGY_B,B,NOT_REQUIRED_TARGETED_V16,STRUCTURAL_PASS_COMPLETE,La page annuelle sert de support B. Une vérification page événement spécifique est prévue avant le palier 2 000.,ANNUAL_CHRONOLOGY_RETAINED,,No ambiguity trigger detected in targeted V16 pass; annual chronology remains B support.,4 mai 1979,Margaret Thatcher devient Première ministre du Royaume-Uni,TRUE
EVT-0973,Indépendance du Zimbabwe,18 avril 1980,1980,SRC-0787,https://en.wikipedia.org/wiki/1980,WIKIPEDIA_YEAR_CHRONOLOGY_B,B,NOT_REQUIRED_TARGETED_V16,STRUCTURAL_PASS_COMPLETE,La page annuelle sert de support B. Une vérification page événement spécifique est prévue avant le palier 2 000.,ANNUAL_CHRONOLOGY_RETAINED,,No ambiguity trigger detected in targeted V16 pass; annual chronology remains B support.,18 avril 1980,Indépendance du Zimbabwe,TRUE
EVT-0974,Lancement de CNN,1 juin 1980,1980,SRC-0787,https://en.wikipedia.org/wiki/1980,WIKIPEDIA_YEAR_CHRONOLOGY_B,B,NOT_REQUIRED_TARGETED_V16,STRUCTURAL_PASS_COMPLETE,La page annuelle sert de support B. Une vérification page événement spécifique est prévue avant le palier 2 000.,ANNUAL_CHRONOLOGY_RETAINED,,No ambiguity trigger detected in targeted V16 pass; annual chronology remains B support.,1 juin 1980,Lancement de CNN,TRUE
EVT-0975,Début de l’invasion israélienne du Liban,6 juin 1982,1982,SRC-0789,https://en.wikipedia.org/wiki/1982,WIKIPEDIA_YEAR_CHRONOLOGY_B,B,NOT_REQUIRED_TARGETED_V16,STRUCTURAL_PASS_COMPLETE,La page annuelle sert de support B. Une vérification page événement spécifique est prévue avant le palier 2 000.,ANNUAL_CHRONOLOGY_RETAINED,,No ambiguity trigger detected in targeted V16 pass; annual chronology remains B support.,6 juin 1982,Début de l’invasion israélienne du Liban,TRUE
EVT-0976,Commercialisation du disque compact au Japon,1 octobre 1982,1982,SRC-0789,https://en.wikipedia.org/wiki/1982,WIKIPEDIA_YEAR_CHRONOLOGY_B,B,NOT_REQUIRED_TARGETED_V16,STRUCTURAL_PASS_COMPLETE,La page annuelle sert de support B. Une vérification page événement spécifique est prévue avant le palier 2 000.,ANNUAL_CHRONOLOGY_RETAINED,,No ambiguity trigger detected in targeted V16 pass; annual chronology remains B support.,1 octobre 1982,Commercialisation du disque compact au Japon,TRUE
EVT-0977,Annonce de l’Initiative de défense stratégique par Ronald Reagan,23 mars 1983,1983,SRC-0790,https://en.wikipedia.org/wiki/1983,WIKIPEDIA_YEAR_CHRONOLOGY_B,B,NOT_REQUIRED_TARGETED_V16,STRUCTURAL_PASS_COMPLETE,La page annuelle sert de support B. Une vérification page événement spécifique est prévue avant le palier 2 000.,ANNUAL_CHRONOLOGY_RETAINED,,No ambiguity trigger detected in targeted V16 pass; annual chronology remains B support.,23 mars 1983,Annonce de l’Initiative de défense stratégique par Ronald Reagan,TRUE
EVT-0978,Annonce de la première ébauche du génome humain,26 juin 2000,2000,SRC-0806,https://en.wikipedia.org/wiki/2000,WIKIPEDIA_YEAR_CHRONOLOGY_B,B,NOT_REQUIRED_TARGETED_V16,STRUCTURAL_PASS_COMPLETE,La page annuelle sert de support B. Une vérification page événement spécifique est prévue avant le palier 2 000.,ANNUAL_CHRONOLOGY_RETAINED,,No ambiguity trigger detected in targeted V16 pass; annual chronology remains B support.,26 juin 2000,Annonce de la première ébauche du génome humain,TRUE
EVT-0979,Lancement de Wikipédia,15 janvier 2001,2001,SRC-0807,https://en.wikipedia.org/wiki/2001,WIKIPEDIA_YEAR_CHRONOLOGY_B,B,NOT_REQUIRED_TARGETED_V16,STRUCTURAL_PASS_COMPLETE,La page annuelle sert de support B. Une vérification page événement spécifique est prévue avant le palier 2 000.,ANNUAL_CHRONOLOGY_RETAINED,,No ambiguity trigger detected in targeted V16 pass; annual chronology remains B support.,15 janvier 2001,Lancement de Wikipédia,TRUE
EVT-0980,Attentats du 11 septembre aux États-Unis,11 septembre 2001,2001,SRC-0807,https://en.wikipedia.org/wiki/2001,WIKIPEDIA_YEAR_CHRONOLOGY_B,B,NOT_REQUIRED_TARGETED_V16,STRUCTURAL_PASS_COMPLETE,La page annuelle sert de support B. Une vérification page événement spécifique est prévue avant le palier 2 000.,ANNUAL_CHRONOLOGY_RETAINED,,No ambiguity trigger detected in targeted V16 pass; annual chronology remains B support.,11 septembre 2001,Attentats du 11 septembre aux États-Unis,TRUE
EVT-0981,Début de l’intervention militaire américaine en Afghanistan,7 octobre 2001,2001,SRC-0807,https://en.wikipedia.org/wiki/2001,WIKIPEDIA_YEAR_CHRONOLOGY_B,B,NOT_REQUIRED_TARGETED_V16,STRUCTURAL_PASS_COMPLETE,La page annuelle sert de support B. Une vérification page événement spécifique est prévue avant le palier 2 000.,ANNUAL_CHRONOLOGY_RETAINED,,No ambiguity trigger detected in targeted V16 pass; annual chronology remains B support.,7 octobre 2001,Début de l’intervention militaire américaine en Afghanistan,TRUE
EVT-0982,Mise en circulation des billets et pièces en euro,1 janvier 2002,2002,SRC-0808,https://en.wikipedia.org/wiki/2002,WIKIPEDIA_YEAR_CHRONOLOGY_B,B,NOT_REQUIRED_TARGETED_V16,STRUCTURAL_PASS_COMPLETE,La page annuelle sert de support B. Une vérification page événement spécifique est prévue avant le palier 2 000.,ANNUAL_CHRONOLOGY_RETAINED,,No ambiguity trigger detected in targeted V16 pass; annual chronology remains B support.,1 janvier 2002,Mise en circulation des billets et pièces en euro,TRUE
EVT-0983,Entrée en fonction de la Cour pénale internationale,1 juillet 2002,2002,SRC-0808,https://en.wikipedia.org/wiki/2002,WIKIPEDIA_YEAR_CHRONOLOGY_B,B,NOT_REQUIRED_TARGETED_V16,STRUCTURAL_PASS_COMPLETE,La page annuelle sert de support B. Une vérification page événement spécifique est prévue avant le palier 2 000.,ANNUAL_CHRONOLOGY_RETAINED,,No ambiguity trigger detected in targeted V16 pass; annual chronology remains B support.,1 juillet 2002,Entrée en fonction de la Cour pénale internationale,TRUE
EVT-0984,Début de la guerre d’Irak,20 mars 2003,2003,SRC-0809,https://en.wikipedia.org/wiki/2003,WIKIPEDIA_YEAR_CHRONOLOGY_B,B,NOT_REQUIRED_TARGETED_V16,STRUCTURAL_PASS_COMPLETE,La page annuelle sert de support B. Une vérification page événement spécifique est prévue avant le palier 2 000.,ANNUAL_CHRONOLOGY_RETAINED,,No ambiguity trigger detected in targeted V16 pass; annual chronology remains B support.,20 mars 2003,Début de la guerre d’Irak,TRUE
EVT-0985,Annonce de l’achèvement du Projet génome humain,14 avril 2003,2003,SRC-0809,https://en.wikipedia.org/wiki/2003,WIKIPEDIA_YEAR_CHRONOLOGY_B,B,NOT_REQUIRED_TARGETED_V16,STRUCTURAL_PASS_COMPLETE,La page annuelle sert de support B. Une vérification page événement spécifique est prévue avant le palier 2 000.,ANNUAL_CHRONOLOGY_RETAINED,,No ambiguity trigger detected in targeted V16 pass; annual chronology remains B support.,14 avril 2003,Annonce de l’achèvement du Projet génome humain,TRUE
EVT-0986,Fondation de Facebook,4 février 2004,2004,SRC-0810,https://en.wikipedia.org/wiki/2004,WIKIPEDIA_YEAR_CHRONOLOGY_B,B,NOT_REQUIRED_TARGETED_V16,STRUCTURAL_PASS_COMPLETE,La page annuelle sert de support B. Une vérification page événement spécifique est prévue avant le palier 2 000.,ANNUAL_CHRONOLOGY_RETAINED,,No ambiguity trigger detected in targeted V16 pass; annual chronology remains B support.,4 février 2004,Fondation de Facebook,TRUE
EVT-0987,Grand élargissement de l’Union européenne à dix nouveaux États,1 mai 2004,2004,SRC-0810,https://en.wikipedia.org/wiki/2004,WIKIPEDIA_YEAR_CHRONOLOGY_B,B,NOT_REQUIRED_TARGETED_V16,STRUCTURAL_PASS_COMPLETE,La page annuelle sert de support B. Une vérification page événement spécifique est prévue avant le palier 2 000.,ANNUAL_CHRONOLOGY_RETAINED,,No ambiguity trigger detected in targeted V16 pass; annual chronology remains B support.,1 mai 2004,Grand élargissement de l’Union européenne à dix nouveaux États,TRUE
EVT-0988,Séisme et tsunami de l’océan Indien,26 décembre 2004,2004,SRC-0810,https://en.wikipedia.org/wiki/2004,WIKIPEDIA_YEAR_CHRONOLOGY_B,B,NOT_REQUIRED_TARGETED_V16,STRUCTURAL_PASS_COMPLETE,La page annuelle sert de support B. Une vérification page événement spécifique est prévue avant le palier 2 000.,ANNUAL_CHRONOLOGY_RETAINED,,No ambiguity trigger detected in targeted V16 pass; annual chronology remains B support.,26 décembre 2004,Séisme et tsunami de l’océan Indien,TRUE
EVT-0989,Ouragan Katrina frappe la côte du golfe des États-Unis,29 août 2005,2005,SRC-0811,https://en.wikipedia.org/wiki/2005,WIKIPEDIA_YEAR_CHRONOLOGY_B,B,NOT_REQUIRED_TARGETED_V16,STRUCTURAL_PASS_COMPLETE,La page annuelle sert de support B. Une vérification page événement spécifique est prévue avant le palier 2 000.,ANNUAL_CHRONOLOGY_RETAINED,,No ambiguity trigger detected in targeted V16 pass; annual chronology remains B support.,29 août 2005,Ouragan Katrina frappe la côte du golfe des États-Unis,TRUE
EVT-0990,Présentation du premier iPhone par Steve Jobs,9 janvier 2007,2007,SRC-0812,https://en.wikipedia.org/wiki/2007,WIKIPEDIA_YEAR_CHRONOLOGY_B,B,NOT_REQUIRED_TARGETED_V16,STRUCTURAL_PASS_COMPLETE,La page annuelle sert de support B. Une vérification page événement spécifique est prévue avant le palier 2 000.,ANNUAL_CHRONOLOGY_RETAINED,,No ambiguity trigger detected in targeted V16 pass; annual chronology remains B support.,9 janvier 2007,Présentation du premier iPhone par Steve Jobs,TRUE
EVT-0991,Signature du traité de Lisbonne,13 décembre 2007,2007,SRC-0812,https://en.wikipedia.org/wiki/2007,WIKIPEDIA_YEAR_CHRONOLOGY_B,B,NOT_REQUIRED_TARGETED_V16,STRUCTURAL_PASS_COMPLETE,La page annuelle sert de support B. Une vérification page événement spécifique est prévue avant le palier 2 000.,ANNUAL_CHRONOLOGY_RETAINED,,No ambiguity trigger detected in targeted V16 pass; annual chronology remains B support.,13 décembre 2007,Signature du traité de Lisbonne,TRUE
EVT-0992,Faillite de Lehman Brothers,15 septembre 2008,2008,SRC-0813,https://en.wikipedia.org/wiki/2008,WIKIPEDIA_YEAR_CHRONOLOGY_B,B,NOT_REQUIRED_TARGETED_V16,STRUCTURAL_PASS_COMPLETE,La page annuelle sert de support B. Une vérification page événement spécifique est prévue avant le palier 2 000.,ANNUAL_CHRONOLOGY_RETAINED,,No ambiguity trigger detected in targeted V16 pass; annual chronology remains B support.,15 septembre 2008,Faillite de Lehman Brothers,TRUE
EVT-0993,Publication du livre blanc de Bitcoin,31 octobre 2008,2008,SRC-0813,https://en.wikipedia.org/wiki/2008,WIKIPEDIA_YEAR_CHRONOLOGY_B,B,NOT_REQUIRED_TARGETED_V16,STRUCTURAL_PASS_COMPLETE,La page annuelle sert de support B. Une vérification page événement spécifique est prévue avant le palier 2 000.,ANNUAL_CHRONOLOGY_RETAINED,,No ambiguity trigger detected in targeted V16 pass; annual chronology remains B support.,31 octobre 2008,Publication du livre blanc de Bitcoin,TRUE
EVT-0994,Élection de Barack Obama à la présidence des États-Unis,4 novembre 2008,2008,SRC-0813,https://en.wikipedia.org/wiki/2008,WIKIPEDIA_YEAR_CHRONOLOGY_B,B,NOT_REQUIRED_TARGETED_V16,STRUCTURAL_PASS_COMPLETE,La page annuelle sert de support B. Une vérification page événement spécifique est prévue avant le palier 2 000.,ANNUAL_CHRONOLOGY_RETAINED,,No ambiguity trigger detected in targeted V16 pass; annual chronology remains B support.,4 novembre 2008,Élection de Barack Obama à la présidence des États-Unis,TRUE
EVT-0995,Séisme dévastateur en Haïti,12 janvier 2010,2010,SRC-0814,https://en.wikipedia.org/wiki/2010,WIKIPEDIA_YEAR_CHRONOLOGY_B,B,NOT_REQUIRED_TARGETED_V16,STRUCTURAL_PASS_COMPLETE,La page annuelle sert de support B. Une vérification page événement spécifique est prévue avant le palier 2 000.,ANNUAL_CHRONOLOGY_RETAINED,,No ambiguity trigger detected in targeted V16 pass; annual chronology remains B support.,12 janvier 2010,Séisme dévastateur en Haïti,TRUE
EVT-0996,Explosion de Deepwater Horizon,20 avril 2010,2010,SRC-0814,https://en.wikipedia.org/wiki/2010,WIKIPEDIA_YEAR_CHRONOLOGY_B,B,NOT_REQUIRED_TARGETED_V16,STRUCTURAL_PASS_COMPLETE,La page annuelle sert de support B. Une vérification page événement spécifique est prévue avant le palier 2 000.,ANNUAL_CHRONOLOGY_RETAINED,,No ambiguity trigger detected in targeted V16 pass; annual chronology remains B support.,20 avril 2010,Explosion de Deepwater Horizon,TRUE
EVT-0997,"Immolation de Mohamed Bouazizi, déclencheur des révoltes tunisiennes",17 décembre 2010,2010,SRC-0814,https://en.wikipedia.org/wiki/2010,WIKIPEDIA_YEAR_CHRONOLOGY_B,B,NOT_REQUIRED_TARGETED_V16,STRUCTURAL_PASS_COMPLETE,La page annuelle sert de support B. Une vérification page événement spécifique est prévue avant le palier 2 000.,ANNUAL_CHRONOLOGY_RETAINED,,No ambiguity trigger detected in targeted V16 pass; annual chronology remains B support.,17 décembre 2010,"Immolation de Mohamed Bouazizi, déclencheur des révoltes tunisiennes",TRUE
EVT-0998,Séisme et accident nucléaire de Fukushima,11 mars 2011,2011,SRC-0815,https://en.wikipedia.org/wiki/2011,WIKIPEDIA_YEAR_CHRONOLOGY_B,B,NOT_REQUIRED_TARGETED_V16,STRUCTURAL_PASS_COMPLETE,La page annuelle sert de support B. Une vérification page événement spécifique est prévue avant le palier 2 000.,ANNUAL_CHRONOLOGY_RETAINED,,No ambiguity trigger detected in targeted V16 pass; annual chronology remains B support.,11 mars 2011,Séisme et accident nucléaire de Fukushima,TRUE
EVT-0999,Mort d’Oussama ben Laden lors d’une opération américaine,2 mai 2011,2011,SRC-0815,https://en.wikipedia.org/wiki/2011,WIKIPEDIA_YEAR_CHRONOLOGY_B,B,NOT_REQUIRED_TARGETED_V16,STRUCTURAL_PASS_COMPLETE,La page annuelle sert de support B. Une vérification page événement spécifique est prévue avant le palier 2 000.,ANNUAL_CHRONOLOGY_RETAINED,,No ambiguity trigger detected in targeted V16 pass; annual chronology remains B support.,2 mai 2011,Mort d’Oussama ben Laden lors d’une opération américaine,TRUE
EVT-1000,Indépendance du Soudan du Sud,9 juillet 2011,2011,SRC-0815,https://en.wikipedia.org/wiki/2011,WIKIPEDIA_YEAR_CHRONOLOGY_B,B,NOT_REQUIRED_TARGETED_V16,STRUCTURAL_PASS_COMPLETE,La page annuelle sert de support B. Une vérification page événement spécifique est prévue avant le palier 2 000.,ANNUAL_CHRONOLOGY_RETAINED,,No ambiguity trigger detected in targeted V16 pass; annual chronology remains B support.,9 juillet 2011,Indépendance du Soudan du Sud,TRUE
EVT-1001,Annonce de la découverte d’une particule compatible avec le boson de Higgs,4 juillet 2012,2012,SRC-0816,https://en.wikipedia.org/wiki/2012,WIKIPEDIA_YEAR_CHRONOLOGY_B,B,NOT_REQUIRED_TARGETED_V16,STRUCTURAL_PASS_COMPLETE,La page annuelle sert de support B. Une vérification page événement spécifique est prévue avant le palier 2 000.,ANNUAL_CHRONOLOGY_RETAINED,,No ambiguity trigger detected in targeted V16 pass; annual chronology remains B support.,4 juillet 2012,Annonce de la découverte d’une particule compatible avec le boson de Higgs,TRUE
EVT-1002,Élection du pape François,13 mars 2013,2013,SRC-0817,https://en.wikipedia.org/wiki/2013,WIKIPEDIA_YEAR_CHRONOLOGY_B,B,NOT_REQUIRED_TARGETED_V16,STRUCTURAL_PASS_COMPLETE,La page annuelle sert de support B. Une vérification page événement spécifique est prévue avant le palier 2 000.,ANNUAL_CHRONOLOGY_RETAINED,,No ambiguity trigger detected in targeted V16 pass; annual chronology remains B support.,13 mars 2013,Élection du pape François,TRUE
EVT-1003,Début des révélations publiques d’Edward Snowden,5 juin 2013,2013,SRC-0817,https://en.wikipedia.org/wiki/2013,WIKIPEDIA_YEAR_CHRONOLOGY_B,B,NOT_REQUIRED_TARGETED_V16,STRUCTURAL_PASS_COMPLETE,La page annuelle sert de support B. Une vérification page événement spécifique est prévue avant le palier 2 000.,ANNUAL_CHRONOLOGY_RETAINED,,No ambiguity trigger detected in targeted V16 pass; annual chronology remains B support.,5 juin 2013,Début des révélations publiques d’Edward Snowden,TRUE
EVT-1004,Annexion de la Crimée par la Russie,18 mars 2014,2014,SRC-0818,https://en.wikipedia.org/wiki/2014,WIKIPEDIA_YEAR_CHRONOLOGY_B,B,NOT_REQUIRED_TARGETED_V16,STRUCTURAL_PASS_COMPLETE,La page annuelle sert de support B. Une vérification page événement spécifique est prévue avant le palier 2 000.,ANNUAL_CHRONOLOGY_RETAINED,,No ambiguity trigger detected in targeted V16 pass; annual chronology remains B support.,18 mars 2014,Annexion de la Crimée par la Russie,TRUE
EVT-1005,Proclamation d’un « califat » par l’organisation État islamique,29 juin 2014,2014,SRC-0818,https://en.wikipedia.org/wiki/2014,WIKIPEDIA_YEAR_CHRONOLOGY_B,B,NOT_REQUIRED_TARGETED_V16,STRUCTURAL_PASS_COMPLETE,La page annuelle sert de support B. Une vérification page événement spécifique est prévue avant le palier 2 000.,ANNUAL_CHRONOLOGY_RETAINED,,No ambiguity trigger detected in targeted V16 pass; annual chronology remains B support.,29 juin 2014,Proclamation d’un « califat » par l’organisation État islamique,TRUE
EVT-1006,Accord de Vienne sur le programme nucléaire iranien,14 juillet 2015,2015,SRC-0819,https://en.wikipedia.org/wiki/2015,WIKIPEDIA_YEAR_CHRONOLOGY_B,B,NOT_REQUIRED_TARGETED_V16,STRUCTURAL_PASS_COMPLETE,La page annuelle sert de support B. Une vérification page événement spécifique est prévue avant le palier 2 000.,ANNUAL_CHRONOLOGY_RETAINED,,No ambiguity trigger detected in targeted V16 pass; annual chronology remains B support.,14 juillet 2015,Accord de Vienne sur le programme nucléaire iranien,TRUE
EVT-1007,Première détection directe d’ondes gravitationnelles par LIGO,14 septembre 2015,2015,SRC-0819,https://en.wikipedia.org/wiki/2015,WIKIPEDIA_YEAR_CHRONOLOGY_B,B,NOT_REQUIRED_TARGETED_V16,STRUCTURAL_PASS_COMPLETE,La page annuelle sert de support B. Une vérification page événement spécifique est prévue avant le palier 2 000.,ANNUAL_CHRONOLOGY_RETAINED,,No ambiguity trigger detected in targeted V16 pass; annual chronology remains B support.,14 septembre 2015,Première détection directe d’ondes gravitationnelles par LIGO,TRUE
EVT-1008,Attentats de Paris du 13 novembre,13 novembre 2015,2015,SRC-0819,https://en.wikipedia.org/wiki/2015,WIKIPEDIA_YEAR_CHRONOLOGY_B,B,NOT_REQUIRED_TARGETED_V16,STRUCTURAL_PASS_COMPLETE,La page annuelle sert de support B. Une vérification page événement spécifique est prévue avant le palier 2 000.,ANNUAL_CHRONOLOGY_RETAINED,,No ambiguity trigger detected in targeted V16 pass; annual chronology remains B support.,13 novembre 2015,Attentats de Paris du 13 novembre,TRUE
EVT-1009,Référendum britannique sur le Brexit,23 juin 2016,2016,SRC-0820,https://en.wikipedia.org/wiki/2016,WIKIPEDIA_YEAR_CHRONOLOGY_B,B,NOT_REQUIRED_TARGETED_V16,STRUCTURAL_PASS_COMPLETE,La page annuelle sert de support B. Une vérification page événement spécifique est prévue avant le palier 2 000.,ANNUAL_CHRONOLOGY_RETAINED,,No ambiguity trigger detected in targeted V16 pass; annual chronology remains B support.,23 juin 2016,Référendum britannique sur le Brexit,TRUE
EVT-1010,Élection de Donald Trump à la présidence des États-Unis,8 novembre 2016,2016,SRC-0820,https://en.wikipedia.org/wiki/2016,WIKIPEDIA_YEAR_CHRONOLOGY_B,B,NOT_REQUIRED_TARGETED_V16,STRUCTURAL_PASS_COMPLETE,La page annuelle sert de support B. Une vérification page événement spécifique est prévue avant le palier 2 000.,ANNUAL_CHRONOLOGY_RETAINED,,No ambiguity trigger detected in targeted V16 pass; annual chronology remains B support.,8 novembre 2016,Élection de Donald Trump à la présidence des États-Unis,TRUE
EVT-1011,Entrée en application du RGPD dans l’Union européenne,25 mai 2018,2018,SRC-0821,https://en.wikipedia.org/wiki/2018,WIKIPEDIA_YEAR_CHRONOLOGY_B,B,NOT_REQUIRED_TARGETED_V16,STRUCTURAL_PASS_COMPLETE,La page annuelle sert de support B. Une vérification page événement spécifique est prévue avant le palier 2 000.,ANNUAL_CHRONOLOGY_RETAINED,,No ambiguity trigger detected in targeted V16 pass; annual chronology remains B support.,25 mai 2018,Entrée en application du RGPD dans l’Union européenne,TRUE
EVT-1012,Victoire de la France à la Coupe du monde de football,15 juillet 2018,2018,SRC-0821,https://en.wikipedia.org/wiki/2018,WIKIPEDIA_YEAR_CHRONOLOGY_B,B,NOT_REQUIRED_TARGETED_V16,STRUCTURAL_PASS_COMPLETE,La page annuelle sert de support B. Une vérification page événement spécifique est prévue avant le palier 2 000.,ANNUAL_CHRONOLOGY_RETAINED,,No ambiguity trigger detected in targeted V16 pass; annual chronology remains B support.,15 juillet 2018,Victoire de la France à la Coupe du monde de football,TRUE
EVT-1013,Publication de la première image d’un trou noir,10 avril 2019,2019,SRC-0822,https://en.wikipedia.org/wiki/2019,WIKIPEDIA_YEAR_CHRONOLOGY_B,B,NOT_REQUIRED_TARGETED_V16,STRUCTURAL_PASS_COMPLETE,La page annuelle sert de support B. Une vérification page événement spécifique est prévue avant le palier 2 000.,ANNUAL_CHRONOLOGY_RETAINED,,No ambiguity trigger detected in targeted V16 pass; annual chronology remains B support.,10 avril 2019,Publication de la première image d’un trou noir,TRUE
EVT-1014,Incendie de la cathédrale Notre-Dame de Paris,15 avril 2019,2019,SRC-0822,https://en.wikipedia.org/wiki/2019,WIKIPEDIA_YEAR_CHRONOLOGY_B,B,NOT_REQUIRED_TARGETED_V16,STRUCTURAL_PASS_COMPLETE,La page annuelle sert de support B. Une vérification page événement spécifique est prévue avant le palier 2 000.,ANNUAL_CHRONOLOGY_RETAINED,,No ambiguity trigger detected in targeted V16 pass; annual chronology remains B support.,15 avril 2019,Incendie de la cathédrale Notre-Dame de Paris,TRUE
EVT-1015,Signalement à l’OMS d’un groupe de pneumonies inconnues à Wuhan,31 décembre 2019,2019,SRC-0822,https://en.wikipedia.org/wiki/2019,WIKIPEDIA_YEAR_CHRONOLOGY_B,B,NOT_REQUIRED_TARGETED_V16,STRUCTURAL_PASS_COMPLETE,La page annuelle sert de support B. Une vérification page événement spécifique est prévue avant le palier 2 000.,ANNUAL_CHRONOLOGY_RETAINED,,No ambiguity trigger detected in targeted V16 pass; annual chronology remains B support.,31 décembre 2019,Signalement à l’OMS d’un groupe de pneumonies inconnues à Wuhan,TRUE
EVT-1016,Retrait du Royaume-Uni de l’Union européenne,31 janvier 2020,2020,SRC-0823,https://en.wikipedia.org/wiki/2020,WIKIPEDIA_YEAR_CHRONOLOGY_B,B,NOT_REQUIRED_TARGETED_V16,STRUCTURAL_PASS_COMPLETE,La page annuelle sert de support B. Une vérification page événement spécifique est prévue avant le palier 2 000.,ANNUAL_CHRONOLOGY_RETAINED,,No ambiguity trigger detected in targeted V16 pass; annual chronology remains B support.,31 janvier 2020,Retrait du Royaume-Uni de l’Union européenne,TRUE
EVT-1017,L’OMS qualifie la Covid-19 de pandémie,11 mars 2020,2020,SRC-0823,https://en.wikipedia.org/wiki/2020,WIKIPEDIA_YEAR_CHRONOLOGY_B,B,NOT_REQUIRED_TARGETED_V16,STRUCTURAL_PASS_COMPLETE,La page annuelle sert de support B. Une vérification page événement spécifique est prévue avant le palier 2 000.,ANNUAL_CHRONOLOGY_RETAINED,,No ambiguity trigger detected in targeted V16 pass; annual chronology remains B support.,11 mars 2020,L’OMS qualifie la Covid-19 de pandémie,TRUE
EVT-1018,Mort de George Floyd à Minneapolis,25 mai 2020,2020,SRC-0823,https://en.wikipedia.org/wiki/2020,WIKIPEDIA_YEAR_CHRONOLOGY_B,B,NOT_REQUIRED_TARGETED_V16,STRUCTURAL_PASS_COMPLETE,La page annuelle sert de support B. Une vérification page événement spécifique est prévue avant le palier 2 000.,ANNUAL_CHRONOLOGY_RETAINED,,No ambiguity trigger detected in targeted V16 pass; annual chronology remains B support.,25 mai 2020,Mort de George Floyd à Minneapolis,TRUE
EVT-1019,Première autorisation d’un vaccin à ARNm contre la Covid-19 au Royaume-Uni,2 décembre 2020,2020,SRC-0823,https://en.wikipedia.org/wiki/2020,WIKIPEDIA_YEAR_CHRONOLOGY_B,B,NOT_REQUIRED_TARGETED_V16,STRUCTURAL_PASS_COMPLETE,La page annuelle sert de support B. Une vérification page événement spécifique est prévue avant le palier 2 000.,ANNUAL_CHRONOLOGY_RETAINED,,No ambiguity trigger detected in targeted V16 pass; annual chronology remains B support.,2 décembre 2020,Première autorisation d’un vaccin à ARNm contre la Covid-19 au Royaume-Uni,TRUE
EVT-1020,Assaut du Capitole des États-Unis,6 janvier 2021,2021,SRC-0824,https://en.wikipedia.org/wiki/2021,WIKIPEDIA_YEAR_CHRONOLOGY_B,B,NOT_REQUIRED_TARGETED_V16,STRUCTURAL_PASS_COMPLETE,La page annuelle sert de support B. Une vérification page événement spécifique est prévue avant le palier 2 000.,ANNUAL_CHRONOLOGY_RETAINED,,No ambiguity trigger detected in targeted V16 pass; annual chronology remains B support.,6 janvier 2021,Assaut du Capitole des États-Unis,TRUE
EVT-1021,Prise de Kaboul par les talibans,15 août 2021,2021,SRC-0824,https://en.wikipedia.org/wiki/2021,WIKIPEDIA_YEAR_CHRONOLOGY_B,B,NOT_REQUIRED_TARGETED_V16,STRUCTURAL_PASS_COMPLETE,La page annuelle sert de support B. Une vérification page événement spécifique est prévue avant le palier 2 000.,ANNUAL_CHRONOLOGY_RETAINED,,No ambiguity trigger detected in targeted V16 pass; annual chronology remains B support.,15 août 2021,Prise de Kaboul par les talibans,TRUE
EVT-1022,Lancement du télescope spatial James-Webb,25 décembre 2021,2021,SRC-0824,https://en.wikipedia.org/wiki/2021,WIKIPEDIA_YEAR_CHRONOLOGY_B,B,NOT_REQUIRED_TARGETED_V16,STRUCTURAL_PASS_COMPLETE,La page annuelle sert de support B. Une vérification page événement spécifique est prévue avant le palier 2 000.,ANNUAL_CHRONOLOGY_RETAINED,,No ambiguity trigger detected in targeted V16 pass; annual chronology remains B support.,25 décembre 2021,Lancement du télescope spatial James-Webb,TRUE
EVT-1023,Début de l’invasion à grande échelle de l’Ukraine par la Russie,24 février 2022,2022,SRC-0825,https://en.wikipedia.org/wiki/2022,WIKIPEDIA_YEAR_CHRONOLOGY_B,B,NOT_REQUIRED_TARGETED_V16,STRUCTURAL_PASS_COMPLETE,La page annuelle sert de support B. Une vérification page événement spécifique est prévue avant le palier 2 000.,ANNUAL_CHRONOLOGY_RETAINED,,No ambiguity trigger detected in targeted V16 pass; annual chronology remains B support.,24 février 2022,Début de l’invasion à grande échelle de l’Ukraine par la Russie,TRUE
EVT-1024,Lancement public de ChatGPT,30 novembre 2022,2022,SRC-0825,https://en.wikipedia.org/wiki/2022,WIKIPEDIA_YEAR_CHRONOLOGY_B,B,NOT_REQUIRED_TARGETED_V16,STRUCTURAL_PASS_COMPLETE,La page annuelle sert de support B. Une vérification page événement spécifique est prévue avant le palier 2 000.,ANNUAL_CHRONOLOGY_RETAINED,,No ambiguity trigger detected in targeted V16 pass; annual chronology remains B support.,30 novembre 2022,Lancement public de ChatGPT,TRUE
EVT-1025,Alunissage de Chandrayaan-3 près du pôle Sud lunaire,23 août 2023,2023,SRC-0826,https://en.wikipedia.org/wiki/2023,WIKIPEDIA_YEAR_CHRONOLOGY_B,B,NOT_REQUIRED_TARGETED_V16,STRUCTURAL_PASS_COMPLETE,La page annuelle sert de support B. Une vérification page événement spécifique est prévue avant le palier 2 000.,ANNUAL_CHRONOLOGY_RETAINED,,No ambiguity trigger detected in targeted V16 pass; annual chronology remains B support.,23 août 2023,Alunissage de Chandrayaan-3 près du pôle Sud lunaire,TRUE
EVT-1026,Attaque du Hamas contre Israël et début de la guerre Israël-Hamas,7 octobre 2023,2023,SRC-0826,https://en.wikipedia.org/wiki/2023,WIKIPEDIA_YEAR_CHRONOLOGY_B,B,NOT_REQUIRED_TARGETED_V16,STRUCTURAL_PASS_COMPLETE,La page annuelle sert de support B. Une vérification page événement spécifique est prévue avant le palier 2 000.,ANNUAL_CHRONOLOGY_RETAINED,,No ambiguity trigger detected in targeted V16 pass; annual chronology remains B support.,7 octobre 2023,Attaque du Hamas contre Israël et début de la guerre Israël-Hamas,TRUE
EVT-1027,Adoption du règlement européen sur l’intelligence artificielle par le Parlement européen,13 mars 2024,2024,SRC-0827,https://en.wikipedia.org/wiki/2024,WIKIPEDIA_YEAR_CHRONOLOGY_B,B,NOT_REQUIRED_TARGETED_V16,STRUCTURAL_PASS_COMPLETE,La page annuelle sert de support B. Une vérification page événement spécifique est prévue avant le palier 2 000.,ANNUAL_CHRONOLOGY_RETAINED,,No ambiguity trigger detected in targeted V16 pass; annual chronology remains B support.,13 mars 2024,Adoption du règlement européen sur l’intelligence artificielle par le Parlement européen,TRUE
EVT-1028,Vladimir Poutine prend ses fonctions de président de la Russie,7 mai 2000,2000,SRC-0806,https://en.wikipedia.org/wiki/2000,WIKIPEDIA_YEAR_CHRONOLOGY_B,B,NOT_REQUIRED_TARGETED_V16,STRUCTURAL_PASS_COMPLETE,La page annuelle sert de support B. Une vérification page événement spécifique est prévue avant le palier 2 000.,ANNUAL_CHRONOLOGY_RETAINED,,No ambiguity trigger detected in targeted V16 pass; annual chronology remains B support.,7 mai 2000,Vladimir Poutine prend ses fonctions de président de la Russie,TRUE
EVT-1029,Indépendance du Timor oriental,20 mai 2002,2002,SRC-0808,https://en.wikipedia.org/wiki/2002,WIKIPEDIA_YEAR_CHRONOLOGY_B,B,NOT_REQUIRED_TARGETED_V16,STRUCTURAL_PASS_COMPLETE,La page annuelle sert de support B. Une vérification page événement spécifique est prévue avant le palier 2 000.,ANNUAL_CHRONOLOGY_RETAINED,,No ambiguity trigger detected in targeted V16 pass; annual chronology remains B support.,20 mai 2002,Indépendance du Timor oriental,TRUE
EVT-1030,Condamnation d’Alfred Dreyfus par un conseil de guerre,22 décembre 1894,1894,SRC-0702,https://en.wikipedia.org/wiki/1894,WIKIPEDIA_YEAR_CHRONOLOGY_B,B,NOT_REQUIRED_TARGETED_V16,STRUCTURAL_PASS_COMPLETE,La page annuelle sert de support B. Une vérification page événement spécifique est prévue avant le palier 2 000.,ANNUAL_CHRONOLOGY_RETAINED,,No ambiguity trigger detected in targeted V16 pass; annual chronology remains B support.,22 décembre 1894,Condamnation d’Alfred Dreyfus par un conseil de guerre,TRUE
EVT-1031,Brevet britannique de Marconi pour la télégraphie sans fil,2 mars 1897,1897,SRC-0705,https://en.wikipedia.org/wiki/1897,WIKIPEDIA_YEAR_CHRONOLOGY_B,B,COMPLETE,COMPLETE,La page annuelle sert de support B. Une vérification page événement spécifique est prévue avant le palier 2 000.,CORRECTED_PAGE_SPECIFIC,https://en.wikipedia.org/wiki/Guglielmo_Marconi,"Le 2 mars 1897 correspond à la spécification complète, pas à l’octroi du brevet.",2 juillet 1897,Octroi du brevet britannique n° 12039 à Guglielmo Marconi pour la télégraphie sans fil,TRUE
EVT-1032,Ouverture du premier congrès sioniste à Bâle,29 août 1897,1897,SRC-0705,https://en.wikipedia.org/wiki/1897,WIKIPEDIA_YEAR_CHRONOLOGY_B,B,NOT_REQUIRED_TARGETED_V16,STRUCTURAL_PASS_COMPLETE,La page annuelle sert de support B. Une vérification page événement spécifique est prévue avant le palier 2 000.,ANNUAL_CHRONOLOGY_RETAINED,,No ambiguity trigger detected in targeted V16 pass; annual chronology remains B support.,29 août 1897,Ouverture du premier congrès sioniste à Bâle,TRUE
EVT-1033,Ouverture de la première conférence de La Haye,18 mai 1899,1899,SRC-0707,https://en.wikipedia.org/wiki/1899,WIKIPEDIA_YEAR_CHRONOLOGY_B,B,NOT_REQUIRED_TARGETED_V16,STRUCTURAL_PASS_COMPLETE,La page annuelle sert de support B. Une vérification page événement spécifique est prévue avant le palier 2 000.,ANNUAL_CHRONOLOGY_RETAINED,,No ambiguity trigger detected in targeted V16 pass; annual chronology remains B support.,18 mai 1899,Ouverture de la première conférence de La Haye,TRUE
EVT-1034,Début de la seconde guerre des Boers,11 octobre 1899,1899,SRC-0707,https://en.wikipedia.org/wiki/1899,WIKIPEDIA_YEAR_CHRONOLOGY_B,B,NOT_REQUIRED_TARGETED_V16,STRUCTURAL_PASS_COMPLETE,La page annuelle sert de support B. Une vérification page événement spécifique est prévue avant le palier 2 000.,ANNUAL_CHRONOLOGY_RETAINED,,No ambiguity trigger detected in targeted V16 pass; annual chronology remains B support.,11 octobre 1899,Début de la seconde guerre des Boers,TRUE
EVT-1035,Publication de L’Interprétation du rêve de Sigmund Freud,septembre 1900,1900,SRC-0708,https://en.wikipedia.org/wiki/1900,WIKIPEDIA_YEAR_CHRONOLOGY_B,B,COMPLETE,COMPLETE,La page annuelle sert de support B. Une vérification page événement spécifique est prévue avant le palier 2 000.,CORRECTED_PAGE_SPECIFIC,https://en.wikipedia.org/wiki/The_Interpretation_of_Dreams,La première édition de Die Traumdeutung paraît le 4 novembre 1899 tout en étant datée 1900.,4 novembre 1899 (ouvrage daté 1900),Publication de L’Interprétation du rêve de Sigmund Freud,TRUE
EVT-1036,Ouverture des Jeux olympiques de Berlin,1 août 1936,1936,SRC-0743,https://en.wikipedia.org/wiki/1936,WIKIPEDIA_YEAR_CHRONOLOGY_B,B,NOT_REQUIRED_TARGETED_V16,STRUCTURAL_PASS_COMPLETE,La page annuelle sert de support B. Une vérification page événement spécifique est prévue avant le palier 2 000.,ANNUAL_CHRONOLOGY_RETAINED,,No ambiguity trigger detected in targeted V16 pass; annual chronology remains B support.,1 août 1936,Ouverture des Jeux olympiques de Berlin,TRUE
EVT-1037,Abdication d’Édouard VIII,11 décembre 1936,1936,SRC-0743,https://en.wikipedia.org/wiki/1936,WIKIPEDIA_YEAR_CHRONOLOGY_B,B,NOT_REQUIRED_TARGETED_V16,STRUCTURAL_PASS_COMPLETE,La page annuelle sert de support B. Une vérification page événement spécifique est prévue avant le palier 2 000.,ANNUAL_CHRONOLOGY_RETAINED,,No ambiguity trigger detected in targeted V16 pass; annual chronology remains B support.,11 décembre 1936,Abdication d’Édouard VIII,TRUE
EVT-1038,Catastrophe du dirigeable Hindenburg,6 mai 1937,1937,SRC-0744,https://en.wikipedia.org/wiki/1937,WIKIPEDIA_YEAR_CHRONOLOGY_B,B,NOT_REQUIRED_TARGETED_V16,STRUCTURAL_PASS_COMPLETE,La page annuelle sert de support B. Une vérification page événement spécifique est prévue avant le palier 2 000.,ANNUAL_CHRONOLOGY_RETAINED,,No ambiguity trigger detected in targeted V16 pass; annual chronology remains B support.,6 mai 1937,Catastrophe du dirigeable Hindenburg,TRUE
EVT-1039,Découverte des charniers de Katyn par les Allemands annoncée publiquement,13 avril 1940,1940,SRC-0747,https://en.wikipedia.org/wiki/1940,WIKIPEDIA_YEAR_CHRONOLOGY_B,B,NOT_REQUIRED_TARGETED_V16,STRUCTURAL_PASS_COMPLETE,La page annuelle sert de support B. Une vérification page événement spécifique est prévue avant le palier 2 000.,ANNUAL_CHRONOLOGY_RETAINED,,No ambiguity trigger detected in targeted V16 pass; annual chronology remains B support.,13 avril 1940,Découverte des charniers de Katyn par les Allemands annoncée publiquement,TRUE
EVT-1040,Publication de travaux établissant le rôle de l’ADN comme support de l’hérédité,1 février 1944,1944,SRC-0751,https://en.wikipedia.org/wiki/1944,WIKIPEDIA_YEAR_CHRONOLOGY_B,B,NOT_REQUIRED_TARGETED_V16,STRUCTURAL_PASS_COMPLETE,La page annuelle sert de support B. Une vérification page événement spécifique est prévue avant le palier 2 000.,ANNUAL_CHRONOLOGY_RETAINED,,No ambiguity trigger detected in targeted V16 pass; annual chronology remains B support.,1 février 1944,Publication de travaux établissant le rôle de l’ADN comme support de l’hérédité,TRUE
EVT-1041,Concert Live Aid,13 juillet 1985,1985,SRC-0792,https://en.wikipedia.org/wiki/1985,WIKIPEDIA_YEAR_CHRONOLOGY_B,B,NOT_REQUIRED_TARGETED_V16,STRUCTURAL_PASS_COMPLETE,La page annuelle sert de support B. Une vérification page événement spécifique est prévue avant le palier 2 000.,ANNUAL_CHRONOLOGY_RETAINED,,No ambiguity trigger detected in targeted V16 pass; annual chronology remains B support.,13 juillet 1985,Concert Live Aid,TRUE
